name,surface,molecule,category,min_dist,pair,pair_labels,min_dist_heavy,pair_heavy,n_metal,n_mol,mol_elems,png
"Ag100_1,6-anhydroglucofuranose",Ag100,"1,6-anhydroglucofuranose",borderline,3.107,Ag-H,Ag32...H1,3.826,Ag-O,36,17,CHO,"Ag100_1,6-anhydroglucofuranose.png"
Ag100_1-butanol,Ag100,1-butanol,reasonable,2.627,Ag-O,Ag32...O1,2.627,Ag-O,36,15,CHO,Ag100_1-butanol.png
Ag100_1-butene,Ag100,1-butene,borderline,3.238,Ag-H,Ag32...H7,3.34,Ag-C,36,12,CH,Ag100_1-butene.png
Ag100_1-pentene,Ag100,1-pentene,borderline,3.054,Ag-C,Ag36...C5,3.054,Ag-C,36,15,CH,Ag100_1-pentene.png
Ag100_2-butanol,Ag100,2-butanol,reasonable,2.611,Ag-O,Ag32...O1,2.611,Ag-O,36,15,CHO,Ag100_2-butanol.png
Ag100_2-butene,Ag100,2-butene,detached,3.867,Ag-H,Ag33...H4,4.264,Ag-C,36,12,CH,Ag100_2-butene.png
Ag100_2-ethylphenol,Ag100,2-ethylphenol,reasonable,2.847,Ag-H,Ag32...H9,3.776,Ag-C,36,19,CHO,Ag100_2-ethylphenol.png
Ag100_2-furanone,Ag100,2-furanone,reasonable,2.46,Ag-O,Ag35...O1,2.46,Ag-O,36,10,CHO,Ag100_2-furanone.png
Ag100_2-heptanone,Ag100,2-heptanone,reasonable,2.744,Ag-O,Ag35...O1,2.744,Ag-O,36,22,CHO,Ag100_2-heptanone.png
Ag100_2-hexanone,Ag100,2-hexanone,reasonable,2.798,Ag-O,Ag35...O1,2.798,Ag-O,36,19,CHO,Ag100_2-hexanone.png
Ag100_2-pentanone,Ag100,2-pentanone,reasonable,2.457,Ag-O,Ag33...O1,2.457,Ag-O,36,16,CHO,Ag100_2-pentanone.png
Ag100_3-MTHF,Ag100,3-MTHF,detached,3.778,Ag-O,Ag36...O1,3.778,Ag-O,36,16,CHO,Ag100_3-MTHF.png
Ag100_3-hydroxypropionic_acid,Ag100,3-hydroxypropionic_acid,reasonable,2.535,Ag-O,Ag33...O1,2.535,Ag-O,36,12,CHO,Ag100_3-hydroxypropionic_acid.png
Ag100_4-methylguaiacol,Ag100,4-methylguaiacol,borderline,3.246,Ag-O,Ag32...O1,3.246,Ag-O,36,20,CHO,Ag100_4-methylguaiacol.png
Ag100_5-HMF,Ag100,5-HMF,reasonable,2.744,Ag-O,Ag35...O1,2.744,Ag-O,36,15,CHO,Ag100_5-HMF.png
Ag100_5-heptanone,Ag100,5-heptanone,reasonable,2.804,Ag-O,Ag32...O1,2.804,Ag-O,36,22,CHO,Ag100_5-heptanone.png
Ag100_5-methylfurfural,Ag100,5-methylfurfural,reasonable,2.492,Ag-O,Ag33...O2,2.492,Ag-O,36,14,CHO,Ag100_5-methylfurfural.png
Ag100_CH2,Ag100,CH2,reasonable,2.117,Ag-C,Ag32...C1,2.117,Ag-C,36,3,CH,Ag100_CH2.png
Ag100_CH3,Ag100,CH3,reasonable,2.161,Ag-C,Ag33...C1,2.161,Ag-C,36,4,CH,Ag100_CH3.png
Ag100_CH4,Ag100,CH4,borderline,3.4,Ag-H,Ag35...H3,3.651,Ag-C,36,5,CH,Ag100_CH4.png
Ag100_CO,Ag100,CO,reasonable,2.113,Ag-C,Ag36...C1,2.113,Ag-C,36,2,CO,Ag100_CO.png
Ag100_CO2,Ag100,CO2,borderline,3.361,Ag-O,Ag58...O2,3.361,Ag-O,64,3,CO,Ag100_CO2.png
Ag100_D-fructofuranose,Ag100,D-fructofuranose,reasonable,2.977,Ag-O,Ag33...O5,2.977,Ag-O,36,20,CHO,Ag100_D-fructofuranose.png
Ag100_D-xylopyranose,Ag100,D-xylopyranose,borderline,3.03,Ag-H,Ag35...H9,3.3,Ag-O,36,20,CHO,Ag100_D-xylopyranose.png
Ag100_DME,Ag100,DME,reasonable,2.849,Ag-O,Ag32...O1,2.849,Ag-O,36,9,CHO,Ag100_DME.png
Ag100_DMSO,Ag100,DMSO,reasonable,2.469,Ag-O,Ag31...O1,2.469,Ag-O,36,10,CHOS,Ag100_DMSO.png
Ag100_H2,Ag100,H2,reasonable,2.43,Ag-H,Ag32...H2,,,36,2,H,Ag100_H2.png
Ag100_H2O,Ag100,H2O,reasonable,2.833,Ag-O,Ag35...O1,2.833,Ag-O,36,3,HO,Ag100_H2O.png
Ag100_H2S,Ag100,H2S,borderline,3.079,Ag-S,Ag32...S1,3.079,Ag-S,36,3,HS,Ag100_H2S.png
Ag100_HCO,Ag100,HCO,reasonable,2.646,Ag-O,Ag35...O1,2.646,Ag-O,36,4,CHO,Ag100_HCO.png
Ag100_N2,Ag100,N2,detached,4.319,Ag-N,Ag35...N1,4.319,Ag-N,36,2,N,Ag100_N2.png
Ag100_NH3,Ag100,NH3,reasonable,2.45,Ag-N,Ag33...N1,2.45,Ag-N,36,4,HN,Ag100_NH3.png
Ag100_NO,Ag100,NO,reasonable,2.448,Ag-N,Ag31...N1,2.448,Ag-N,36,2,NO,Ag100_NO.png
Ag100_NO2,Ag100,NO2,reasonable,2.418,Ag-O,Ag33...O2,2.418,Ag-O,36,3,NO,Ag100_NO2.png
Ag100_O2,Ag100,O2,reasonable,2.272,Ag-O,Ag31...O2,2.272,Ag-O,36,2,O,Ag100_O2.png
Ag100_SO2,Ag100,SO2,reasonable,2.4,Ag-O,Ag28...O2,2.4,Ag-O,36,3,OS,Ag100_SO2.png
Ag100_THF,Ag100,THF,borderline,3.561,Ag-O,Ag32...O1,3.561,Ag-O,36,13,CHO,Ag100_THF.png
Ag100_acetal,Ag100,acetal,borderline,3.002,Ag-H,Ag30...H12,3.917,Ag-C,36,22,CHO,Ag100_acetal.png
Ag100_acetaldehyde,Ag100,acetaldehyde,reasonable,2.512,Ag-O,Ag33...O1,2.512,Ag-O,36,7,CHO,Ag100_acetaldehyde.png
Ag100_acetic_acid,Ag100,acetic_acid,reasonable,2.469,Ag-O,Ag35...O1,2.469,Ag-O,36,8,CHO,Ag100_acetic_acid.png
Ag100_acetone,Ag100,acetone,reasonable,2.606,Ag-O,Ag36...O1,2.606,Ag-O,36,10,CHO,Ag100_acetone.png
Ag100_acetophenone,Ag100,acetophenone,reasonable,2.603,Ag-O,Ag32...O1,2.603,Ag-O,36,17,CHO,Ag100_acetophenone.png
Ag100_alpha-D-glucopyranose,Ag100,alpha-D-glucopyranose,borderline,3.249,Ag-H,Ag36...H4,3.607,Ag-O,36,24,CHO,Ag100_alpha-D-glucopyranose.png
Ag100_angelica_lactone,Ag100,angelica_lactone,reasonable,2.781,Ag-O,Ag32...O1,2.781,Ag-O,36,13,CHO,Ag100_angelica_lactone.png
Ag100_aniline,Ag100,aniline,reasonable,2.783,Ag-N,Ag32...N1,2.783,Ag-N,36,14,CHN,Ag100_aniline.png
Ag100_benzaldehyde,Ag100,benzaldehyde,reasonable,2.407,Ag-O,Ag35...O1,2.407,Ag-O,36,14,CHO,Ag100_benzaldehyde.png
Ag100_benzene,Ag100,benzene,reasonable,2.906,Ag-C,Ag33...C6,2.906,Ag-C,36,12,CH,Ag100_benzene.png
Ag100_butadiene,Ag100,butadiene,reasonable,2.417,Ag-C,Ag32...C1,2.417,Ag-C,36,10,CH,Ag100_butadiene.png
Ag100_butanal,Ag100,butanal,reasonable,2.557,Ag-O,Ag35...O1,2.557,Ag-O,36,13,CHO,Ag100_butanal.png
Ag100_butane,Ag100,butane,borderline,3.169,Ag-H,Ag35...H4,3.733,Ag-C,36,14,CH,Ag100_butane.png
Ag100_butyric_acid,Ag100,butyric_acid,reasonable,2.509,Ag-O,Ag35...O1,2.509,Ag-O,36,14,CHO,Ag100_butyric_acid.png
Ag100_caproic_acid,Ag100,caproic_acid,reasonable,2.514,Ag-O,Ag29...O1,2.514,Ag-O,36,20,CHO,Ag100_caproic_acid.png
Ag100_carbonate,Ag100,carbonate,reasonable,2.231,Ag-O,Ag32...O2,2.231,Ag-O,36,4,CO,Ag100_carbonate.png
Ag100_citric_acid,Ag100,citric_acid,borderline,3.005,Ag-O,Ag29...O7,3.005,Ag-O,36,21,CHO,Ag100_citric_acid.png
Ag100_cyclobutanone,Ag100,cyclobutanone,reasonable,2.836,Ag-O,Ag35...O1,2.836,Ag-O,36,11,CHO,Ag100_cyclobutanone.png
Ag100_cyclohexanone,Ag100,cyclohexanone,reasonable,2.664,Ag-O,Ag35...O1,2.664,Ag-O,36,17,CHO,Ag100_cyclohexanone.png
Ag100_cyclopentanone,Ag100,cyclopentanone,reasonable,2.669,Ag-O,Ag31...O1,2.669,Ag-O,36,14,CHO,Ag100_cyclopentanone.png
Ag100_diethyl_ether,Ag100,diethyl_ether,borderline,3.284,Ag-H,Ag35...H10,4.002,Ag-C,36,15,CHO,Ag100_diethyl_ether.png
Ag100_dimethyl_succinate,Ag100,dimethyl_succinate,reasonable,2.825,Ag-H,Ag36...H5,2.862,Ag-O,36,17,CHO,Ag100_dimethyl_succinate.png
Ag100_ethane,Ag100,ethane,borderline,3.024,Ag-H,Ag55...H2,3.717,Ag-C,64,8,CH,Ag100_ethane.png
Ag100_ethanol,Ag100,ethanol,reasonable,2.779,Ag-O,Ag54...O1,2.779,Ag-O,64,9,CHO,Ag100_ethanol.png
Ag100_ethene,Ag100,ethene,borderline,3.069,Ag-C,Ag58...C1,3.069,Ag-C,64,6,CH,Ag100_ethene.png
Ag100_ethyl_acetate,Ag100,ethyl_acetate,reasonable,2.782,Ag-O,Ag32...O2,2.782,Ag-O,36,14,CHO,Ag100_ethyl_acetate.png
Ag100_ethylene,Ag100,ethylene,borderline,3.162,Ag-C,Ag31...C1,3.162,Ag-C,36,6,CH,Ag100_ethylene.png
Ag100_ethylene_glycol,Ag100,ethylene_glycol,reasonable,2.833,Ag-H,Ag29...H1,2.874,Ag-O,36,10,CHO,Ag100_ethylene_glycol.png
Ag100_eugenol,Ag100,eugenol,borderline,3.153,Ag-O,Ag33...O1,3.153,Ag-O,36,24,CHO,Ag100_eugenol.png
Ag100_formaldehyde,Ag100,formaldehyde,reasonable,2.69,Ag-O,Ag33...O1,2.69,Ag-O,36,4,CHO,Ag100_formaldehyde.png
Ag100_formate,Ag100,formate,reasonable,2.456,Ag-O,Ag32...O1,2.456,Ag-O,36,4,CHO,Ag100_formate.png
Ag100_formic_acid,Ag100,formic_acid,reasonable,2.64,Ag-O,Ag33...O2,2.64,Ag-O,36,5,CHO,Ag100_formic_acid.png
Ag100_furan,Ag100,furan,reasonable,2.827,Ag-C,Ag31...C1,2.827,Ag-C,36,9,CHO,Ag100_furan.png
Ag100_furfural,Ag100,furfural,reasonable,2.453,Ag-C,Ag33...C3,2.453,Ag-C,36,11,CHO,Ag100_furfural.png
Ag100_furfuryl_alcohol,Ag100,furfuryl_alcohol,borderline,3.041,Ag-H,Ag33...H5,3.08,Ag-C,36,13,CHO,Ag100_furfuryl_alcohol.png
Ag100_gamma_butyrolactone,Ag100,gamma_butyrolactone,reasonable,2.564,Ag-O,Ag36...O1,2.564,Ag-O,36,12,CHO,Ag100_gamma_butyrolactone.png
Ag100_gamma_valerolactone,Ag100,gamma_valerolactone,reasonable,2.464,Ag-O,Ag32...O1,2.464,Ag-O,36,15,CHO,Ag100_gamma_valerolactone.png
Ag100_gluconic_acid,Ag100,gluconic_acid,reasonable,2.965,Ag-H,Ag29...H1,3.014,Ag-O,36,25,CHO,Ag100_gluconic_acid.png
Ag100_glutaric_acid,Ag100,glutaric_acid,borderline,3.518,Ag-H,Ag34...H4,3.664,Ag-O,36,17,CHO,Ag100_glutaric_acid.png
Ag100_glycerol,Ag100,glycerol,reasonable,2.649,Ag-O,Ag62...O3,2.649,Ag-O,64,14,CHO,Ag100_glycerol.png
Ag100_glycolic_acid,Ag100,glycolic_acid,reasonable,2.627,Ag-O,Ag32...O2,2.627,Ag-O,36,9,CHO,Ag100_glycolic_acid.png
Ag100_glyoxal,Ag100,glyoxal,reasonable,2.332,Ag-O,Ag33...O1,2.332,Ag-O,36,6,CHO,Ag100_glyoxal.png
Ag100_guaiacol,Ag100,guaiacol,borderline,3.179,Ag-O,Ag35...O2,3.179,Ag-O,36,17,CHO,Ag100_guaiacol.png
Ag100_heptane,Ag100,heptane,borderline,3.118,Ag-H,Ag32...H7,3.973,Ag-C,36,23,CH,Ag100_heptane.png
Ag100_heptene,Ag100,heptene,borderline,3.026,Ag-H,Ag29...H7,3.71,Ag-C,36,21,CH,Ag100_heptene.png
Ag100_hexanal,Ag100,hexanal,reasonable,2.545,Ag-O,Ag30...O1,2.545,Ag-O,36,19,CHO,Ag100_hexanal.png
Ag100_hexane,Ag100,hexane,borderline,3.196,Ag-H,Ag32...H6,3.881,Ag-C,36,20,CH,Ag100_hexane.png
Ag100_hexene,Ag100,hexene,borderline,3.241,Ag-H,Ag32...H4,4.106,Ag-C,36,18,CH,Ag100_hexene.png
Ag100_hydroquinone,Ag100,hydroquinone,detached,4.2,Ag-H,Ag32...H5,4.447,Ag-C,36,14,CHO,Ag100_hydroquinone.png
Ag100_hydroxyacetaldehyde,Ag100,hydroxyacetaldehyde,reasonable,2.776,Ag-O,Ag36...O2,2.776,Ag-O,36,8,CHO,Ag100_hydroxyacetaldehyde.png
Ag100_isobutane,Ag100,isobutane,borderline,3.181,Ag-H,Ag32...H4,4.061,Ag-C,36,14,CH,Ag100_isobutane.png
Ag100_isobutene,Ag100,isobutene,borderline,3.219,Ag-C,Ag36...C3,3.219,Ag-C,36,12,CH,Ag100_isobutene.png
Ag100_isoeugenol,Ag100,isoeugenol,borderline,3.149,Ag-O,Ag29...O1,3.149,Ag-O,36,24,CHO,Ag100_isoeugenol.png
Ag100_isopentane,Ag100,isopentane,borderline,3.013,Ag-H,Ag34...H6,3.919,Ag-C,36,17,CH,Ag100_isopentane.png
Ag100_isoprene,Ag100,isoprene,reasonable,2.442,Ag-C,Ag30...C3,2.442,Ag-C,36,13,CH,Ag100_isoprene.png
Ag100_isopropanol,Ag100,isopropanol,reasonable,2.633,Ag-O,Ag36...O1,2.633,Ag-O,36,12,CHO,Ag100_isopropanol.png
Ag100_itaconic_acid,Ag100,itaconic_acid,reasonable,2.828,Ag-O,Ag35...O2,2.828,Ag-O,36,15,CHO,Ag100_itaconic_acid.png
Ag100_lactic_acid,Ag100,lactic_acid,reasonable,2.64,Ag-O,Ag32...O2,2.64,Ag-O,36,12,CHO,Ag100_lactic_acid.png
Ag100_levoglucosan,Ag100,levoglucosan,reasonable,2.751,Ag-O,Ag35...O3,2.751,Ag-O,36,21,CHO,Ag100_levoglucosan.png
Ag100_levulinic_acid,Ag100,levulinic_acid,reasonable,2.496,Ag-O,Ag32...O2,2.496,Ag-O,36,16,CHO,Ag100_levulinic_acid.png
Ag100_malic_acid,Ag100,malic_acid,borderline,3.229,Ag-O,Ag35...O3,3.229,Ag-O,36,15,CHO,Ag100_malic_acid.png
Ag100_malonic_acid,Ag100,malonic_acid,reasonable,2.638,Ag-O,Ag36...O3,2.638,Ag-O,36,11,CHO,Ag100_malonic_acid.png
Ag100_methane,Ag100,methane,borderline,3.4,Ag-H,Ag35...H3,3.651,Ag-C,36,5,CH,Ag100_methane.png
Ag100_methanol,Ag100,methanol,reasonable,2.599,Ag-O,Ag32...O1,2.599,Ag-O,36,6,CHO,Ag100_methanol.png
Ag100_methyl_formate,Ag100,methyl_formate,reasonable,2.522,Ag-O,Ag34...O2,2.522,Ag-O,36,8,CHO,Ag100_methyl_formate.png
Ag100_methylcyclopentenolone,Ag100,methylcyclopentenolone,reasonable,2.42,Ag-O,Ag35...O2,2.42,Ag-O,36,16,CHO,Ag100_methylcyclopentenolone.png
Ag100_methylethylketone,Ag100,methylethylketone,reasonable,2.442,Ag-O,Ag32...O1,2.442,Ag-O,36,13,CHO,Ag100_methylethylketone.png
Ag100_methylmethacrylate,Ag100,methylmethacrylate,reasonable,2.742,Ag-O,Ag32...O2,2.742,Ag-O,36,15,CHO,Ag100_methylmethacrylate.png
Ag100_muconic_acid,Ag100,muconic_acid,reasonable,2.362,Ag-O,Ag36...O2,2.362,Ag-O,36,16,CHO,Ag100_muconic_acid.png
Ag100_naphthalene,Ag100,naphthalene,detached,3.769,Ag-H,Ag33...H2,4.226,Ag-C,36,18,CH,Ag100_naphthalene.png
Ag100_octane,Ag100,octane,reasonable,2.861,Ag-H,Ag29...H15,3.96,Ag-C,36,26,CH,Ag100_octane.png
Ag100_octene,Ag100,octene,borderline,3.054,Ag-C,Ag32...C8,3.054,Ag-C,36,24,CH,Ag100_octene.png
Ag100_oxalic_acid,Ag100,oxalic_acid,reasonable,2.965,Ag-O,Ag36...O3,2.965,Ag-O,36,8,CHO,Ag100_oxalic_acid.png
Ag100_pentane,Ag100,pentane,borderline,3.274,Ag-H,Ag35...H7,3.841,Ag-C,36,17,CH,Ag100_pentane.png
Ag100_pentanol,Ag100,pentanol,reasonable,2.537,Ag-O,Ag29...O1,2.537,Ag-O,36,18,CHO,Ag100_pentanol.png
Ag100_phenol,Ag100,phenol,borderline,3.028,Ag-H,Ag30...H1,3.36,Ag-O,36,13,CHO,Ag100_phenol.png
Ag100_propanal,Ag100,propanal,reasonable,2.498,Ag-O,Ag32...O1,2.498,Ag-O,36,10,CHO,Ag100_propanal.png
Ag100_propane,Ag100,propane,borderline,3.171,Ag-H,Ag36...H4,3.96,Ag-C,36,11,CH,Ag100_propane.png
Ag100_propanol,Ag100,propanol,reasonable,2.562,Ag-O,Ag32...O1,2.562,Ag-O,36,12,CHO,Ag100_propanol.png
Ag100_propene,Ag100,propene,borderline,3.156,Ag-C,Ag33...C3,3.156,Ag-C,36,9,CH,Ag100_propene.png
Ag100_propionic_acid,Ag100,propionic_acid,reasonable,2.43,Ag-O,Ag35...O1,2.43,Ag-O,36,11,CHO,Ag100_propionic_acid.png
Ag100_propyl_syringol,Ag100,propyl_syringol,borderline,3.037,Ag-O,Ag36...O2,3.037,Ag-O,36,30,CHO,Ag100_propyl_syringol.png
Ag100_pyrrole,Ag100,pyrrole,reasonable,2.759,Ag-C,Ag34...C1,2.759,Ag-C,36,10,CHN,Ag100_pyrrole.png
Ag100_pyruvic_acid,Ag100,pyruvic_acid,reasonable,2.466,Ag-O,Ag28...O2,2.466,Ag-O,36,10,CHO,Ag100_pyruvic_acid.png
Ag100_sorbitol,Ag100,sorbitol,borderline,3.332,Ag-H,Ag35...H7,3.39,Ag-O,36,26,CHO,Ag100_sorbitol.png
Ag100_styrene,Ag100,styrene,borderline,3.169,Ag-H,Ag34...H2,3.253,Ag-C,36,16,CH,Ag100_styrene.png
Ag100_succinic_acid,Ag100,succinic_acid,reasonable,2.466,Ag-O,Ag30...O2,2.466,Ag-O,36,14,CHO,Ag100_succinic_acid.png
Ag100_syringaldehyde,Ag100,syringaldehyde,borderline,3.242,Ag-O,Ag33...O3,3.242,Ag-O,36,23,CHO,Ag100_syringaldehyde.png
Ag100_syringol,Ag100,syringol,borderline,3.279,Ag-O,Ag35...O3,3.279,Ag-O,36,21,CHO,Ag100_syringol.png
Ag100_tartaric_acid,Ag100,tartaric_acid,reasonable,2.703,Ag-O,Ag28...O5,2.703,Ag-O,36,16,CHO,Ag100_tartaric_acid.png
Ag100_thiophene,Ag100,thiophene,reasonable,2.747,Ag-S,Ag32...S1,2.747,Ag-S,36,9,CHS,Ag100_thiophene.png
Ag100_toluene,Ag100,toluene,reasonable,2.897,Ag-H,Ag29...H6,3.097,Ag-C,36,15,CH,Ag100_toluene.png
Ag100_valeraldehyde,Ag100,valeraldehyde,reasonable,2.7,Ag-O,Ag29...O1,2.7,Ag-O,36,16,CHO,Ag100_valeraldehyde.png
Ag100_valeric_acid,Ag100,valeric_acid,reasonable,2.504,Ag-O,Ag29...O1,2.504,Ag-O,36,17,CHO,Ag100_valeric_acid.png
Ag100_vanillin,Ag100,vanillin,borderline,3.369,Ag-H,Ag35...H7,3.84,Ag-C,36,19,CHO,Ag100_vanillin.png
Ag100_xylene,Ag100,xylene,detached,3.686,Ag-H,Ag32...H9,4.348,Ag-C,36,18,CH,Ag100_xylene.png
Ag100_xylitol,Ag100,xylitol,reasonable,2.885,Ag-H,Ag36...H5,2.98,Ag-O,36,22,CHO,Ag100_xylitol.png
"Ag110_1,6-anhydroglucofuranose",Ag110,"1,6-anhydroglucofuranose",reasonable,2.966,Ag-H,Ag21...H8,3.708,Ag-O,24,17,CHO,"Ag110_1,6-anhydroglucofuranose.png"
Ag110_1-butanol,Ag110,1-butanol,reasonable,2.55,Ag-O,Ag23...O1,2.55,Ag-O,24,15,CHO,Ag110_1-butanol.png
Ag110_1-butene,Ag110,1-butene,reasonable,2.395,Ag-C,Ag23...C4,2.395,Ag-C,24,12,CH,Ag110_1-butene.png
Ag110_1-pentene,Ag110,1-pentene,reasonable,2.455,Ag-C,Ag21...C5,2.455,Ag-C,24,15,CH,Ag110_1-pentene.png
Ag110_2-butanol,Ag110,2-butanol,reasonable,2.521,Ag-O,Ag24...O1,2.521,Ag-O,24,15,CHO,Ag110_2-butanol.png
Ag110_2-butene,Ag110,2-butene,borderline,3.365,Ag-H,Ag20...H5,4.006,Ag-C,24,12,CH,Ag110_2-butene.png
Ag110_2-ethylphenol,Ag110,2-ethylphenol,reasonable,2.984,Ag-H,Ag20...H10,3.65,Ag-O,24,19,CHO,Ag110_2-ethylphenol.png
Ag110_2-furanone,Ag110,2-furanone,reasonable,2.434,Ag-O,Ag23...O1,2.434,Ag-O,24,10,CHO,Ag110_2-furanone.png
Ag110_2-heptanone,Ag110,2-heptanone,reasonable,2.43,Ag-O,Ag23...O1,2.43,Ag-O,24,22,CHO,Ag110_2-heptanone.png
Ag110_2-hexanone,Ag110,2-hexanone,reasonable,2.366,Ag-O,Ag23...O1,2.366,Ag-O,24,19,CHO,Ag110_2-hexanone.png
Ag110_2-pentanone,Ag110,2-pentanone,reasonable,2.391,Ag-O,Ag23...O1,2.391,Ag-O,24,16,CHO,Ag110_2-pentanone.png
Ag110_3-MTHF,Ag110,3-MTHF,borderline,3.569,Ag-H,Ag20...H1,4.264,Ag-C,24,16,CHO,Ag110_3-MTHF.png
Ag110_3-hydroxypropionic_acid,Ag110,3-hydroxypropionic_acid,reasonable,2.544,Ag-O,Ag23...O2,2.544,Ag-O,24,12,CHO,Ag110_3-hydroxypropionic_acid.png
Ag110_4-methylguaiacol,Ag110,4-methylguaiacol,reasonable,2.845,Ag-O,Ag22...O1,2.845,Ag-O,24,20,CHO,Ag110_4-methylguaiacol.png
Ag110_5-HMF,Ag110,5-HMF,reasonable,2.379,Ag-O,Ag20...O2,2.379,Ag-O,24,15,CHO,Ag110_5-HMF.png
Ag110_5-heptanone,Ag110,5-heptanone,reasonable,2.458,Ag-O,Ag20...O1,2.458,Ag-O,24,22,CHO,Ag110_5-heptanone.png
Ag110_5-methylfurfural,Ag110,5-methylfurfural,reasonable,2.457,Ag-O,Ag24...O2,2.457,Ag-O,24,14,CHO,Ag110_5-methylfurfural.png
Ag110_CH2,Ag110,CH2,reasonable,2.107,Ag-C,Ag23...C1,2.107,Ag-C,24,3,CH,Ag110_CH2.png
Ag110_CH3,Ag110,CH3,reasonable,2.139,Ag-C,Ag23...C1,2.139,Ag-C,24,4,CH,Ag110_CH3.png
Ag110_CH4,Ag110,CH4,borderline,3.112,Ag-H,Ag23...H3,3.485,Ag-C,24,5,CH,Ag110_CH4.png
Ag110_CO,Ag110,CO,reasonable,2.12,Ag-C,Ag23...C1,2.12,Ag-C,24,2,CO,Ag110_CO.png
Ag110_CO2,Ag110,CO2,borderline,3.348,Ag-O,Ag21...O1,3.348,Ag-O,24,3,CO,Ag110_CO2.png
Ag110_D-fructofuranose,Ag110,D-fructofuranose,reasonable,2.52,Ag-O,Ag20...O4,2.52,Ag-O,24,20,CHO,Ag110_D-fructofuranose.png
Ag110_D-xylopyranose,Ag110,D-xylopyranose,reasonable,2.917,Ag-H,Ag24...H8,3.268,Ag-O,24,20,CHO,Ag110_D-xylopyranose.png
Ag110_DME,Ag110,DME,reasonable,2.653,Ag-O,Ag23...O1,2.653,Ag-O,24,9,CHO,Ag110_DME.png
Ag110_DMSO,Ag110,DMSO,reasonable,2.522,Ag-O,Ag20...O1,2.522,Ag-O,24,10,CHOS,Ag110_DMSO.png
Ag110_H2,Ag110,H2,reasonable,2.648,Ag-H,Ag20...H2,,,24,2,H,Ag110_H2.png
Ag110_H2O,Ag110,H2O,reasonable,2.597,Ag-O,Ag23...O1,2.597,Ag-O,24,3,HO,Ag110_H2O.png
Ag110_H2S,Ag110,H2S,reasonable,2.851,Ag-S,Ag23...S1,2.851,Ag-S,24,3,HS,Ag110_H2S.png
Ag110_HCO,Ag110,HCO,reasonable,2.427,Ag-O,Ag23...O1,2.427,Ag-O,24,4,CHO,Ag110_HCO.png
Ag110_N2,Ag110,N2,detached,4.608,Ag-N,Ag23...N2,4.608,Ag-N,24,2,N,Ag110_N2.png
Ag110_NH3,Ag110,NH3,reasonable,2.376,Ag-N,Ag23...N1,2.376,Ag-N,24,4,HN,Ag110_NH3.png
Ag110_NO,Ag110,NO,reasonable,2.405,Ag-N,Ag20...N1,2.405,Ag-N,24,2,NO,Ag110_NO.png
Ag110_NO2,Ag110,NO2,reasonable,2.263,Ag-O,Ag23...O2,2.263,Ag-O,24,3,NO,Ag110_NO2.png
Ag110_O2,Ag110,O2,reasonable,2.352,Ag-O,Ag20...O1,2.352,Ag-O,24,2,O,Ag110_O2.png
Ag110_SO2,Ag110,SO2,reasonable,2.391,Ag-O,Ag24...O2,2.391,Ag-O,24,3,OS,Ag110_SO2.png
Ag110_THF,Ag110,THF,detached,4.083,Ag-O,Ag23...O1,4.083,Ag-O,24,13,CHO,Ag110_THF.png
Ag110_acetal,Ag110,acetal,borderline,3.054,Ag-H,Ag19...H14,3.783,Ag-C,24,22,CHO,Ag110_acetal.png
Ag110_acetaldehyde,Ag110,acetaldehyde,reasonable,2.389,Ag-O,Ag23...O1,2.389,Ag-O,24,7,CHO,Ag110_acetaldehyde.png
Ag110_acetic_acid,Ag110,acetic_acid,reasonable,2.441,Ag-O,Ag20...O1,2.441,Ag-O,24,8,CHO,Ag110_acetic_acid.png
Ag110_acetone,Ag110,acetone,reasonable,2.396,Ag-O,Ag23...O1,2.396,Ag-O,24,10,CHO,Ag110_acetone.png
Ag110_acetophenone,Ag110,acetophenone,reasonable,2.343,Ag-O,Ag20...O1,2.343,Ag-O,24,17,CHO,Ag110_acetophenone.png
Ag110_alpha-D-glucopyranose,Ag110,alpha-D-glucopyranose,reasonable,2.64,Ag-O,Ag23...O5,2.64,Ag-O,24,24,CHO,Ag110_alpha-D-glucopyranose.png
Ag110_angelica_lactone,Ag110,angelica_lactone,reasonable,2.817,Ag-O,Ag23...O1,2.817,Ag-O,24,13,CHO,Ag110_angelica_lactone.png
Ag110_aniline,Ag110,aniline,reasonable,2.982,Ag-H,Ag24...H1,3.087,Ag-N,24,14,CHN,Ag110_aniline.png
Ag110_benzaldehyde,Ag110,benzaldehyde,reasonable,2.359,Ag-O,Ag23...O1,2.359,Ag-O,24,14,CHO,Ag110_benzaldehyde.png
Ag110_benzene,Ag110,benzene,borderline,3.429,Ag-H,Ag20...H4,3.999,Ag-C,24,12,CH,Ag110_benzene.png
Ag110_butadiene,Ag110,butadiene,reasonable,2.336,Ag-C,Ag23...C1,2.336,Ag-C,24,10,CH,Ag110_butadiene.png
Ag110_butanal,Ag110,butanal,reasonable,2.437,Ag-O,Ag24...O1,2.437,Ag-O,24,13,CHO,Ag110_butanal.png
Ag110_butane,Ag110,butane,borderline,3.114,Ag-H,Ag23...H1,3.689,Ag-C,24,14,CH,Ag110_butane.png
Ag110_butyric_acid,Ag110,butyric_acid,reasonable,2.413,Ag-O,Ag23...O1,2.413,Ag-O,24,14,CHO,Ag110_butyric_acid.png
Ag110_caproic_acid,Ag110,caproic_acid,reasonable,2.439,Ag-O,Ag20...O1,2.439,Ag-O,24,20,CHO,Ag110_caproic_acid.png
Ag110_carbonate,Ag110,carbonate,reasonable,2.199,Ag-O,Ag23...O1,2.199,Ag-O,24,4,CO,Ag110_carbonate.png
Ag110_citric_acid,Ag110,citric_acid,reasonable,2.55,Ag-O,Ag22...O1,2.55,Ag-O,24,21,CHO,Ag110_citric_acid.png
Ag110_cyclobutanone,Ag110,cyclobutanone,reasonable,2.648,Ag-O,Ag20...O1,2.648,Ag-O,24,11,CHO,Ag110_cyclobutanone.png
Ag110_cyclohexanone,Ag110,cyclohexanone,reasonable,2.409,Ag-O,Ag20...O1,2.409,Ag-O,24,17,CHO,Ag110_cyclohexanone.png
Ag110_cyclopentanone,Ag110,cyclopentanone,reasonable,2.414,Ag-O,Ag20...O1,2.414,Ag-O,24,14,CHO,Ag110_cyclopentanone.png
Ag110_diethyl_ether,Ag110,diethyl_ether,reasonable,2.795,Ag-O,Ag20...O1,2.795,Ag-O,24,15,CHO,Ag110_diethyl_ether.png
Ag110_dimethyl_succinate,Ag110,dimethyl_succinate,reasonable,2.533,Ag-O,Ag22...O2,2.533,Ag-O,24,17,CHO,Ag110_dimethyl_succinate.png
Ag110_ethane,Ag110,ethane,borderline,3.102,Ag-H,Ag23...H5,3.649,Ag-C,24,8,CH,Ag110_ethane.png
Ag110_ethanol,Ag110,ethanol,reasonable,2.515,Ag-O,Ag58...O1,2.515,Ag-O,64,9,CHO,Ag110_ethanol.png
Ag110_ethene,Ag110,ethene,reasonable,2.347,Ag-C,Ag59...C1,2.347,Ag-C,64,6,CH,Ag110_ethene.png
Ag110_ethyl_acetate,Ag110,ethyl_acetate,reasonable,2.491,Ag-O,Ag24...O2,2.491,Ag-O,24,14,CHO,Ag110_ethyl_acetate.png
Ag110_ethylene,Ag110,ethylene,reasonable,2.34,Ag-C,Ag23...C2,2.34,Ag-C,24,6,CH,Ag110_ethylene.png
Ag110_ethylene_glycol,Ag110,ethylene_glycol,reasonable,2.571,Ag-O,Ag23...O2,2.571,Ag-O,24,10,CHO,Ag110_ethylene_glycol.png
Ag110_eugenol,Ag110,eugenol,reasonable,2.895,Ag-O,Ag20...O1,2.895,Ag-O,24,24,CHO,Ag110_eugenol.png
Ag110_formaldehyde,Ag110,formaldehyde,reasonable,2.404,Ag-O,Ag23...O1,2.404,Ag-O,24,4,CHO,Ag110_formaldehyde.png
Ag110_formate,Ag110,formate,reasonable,2.431,Ag-O,Ag24...O2,2.431,Ag-O,24,4,CHO,Ag110_formate.png
Ag110_formic_acid,Ag110,formic_acid,reasonable,2.541,Ag-O,Ag24...O2,2.541,Ag-O,24,5,CHO,Ag110_formic_acid.png
Ag110_furan,Ag110,furan,reasonable,2.335,Ag-C,Ag20...C3,2.335,Ag-C,24,9,CHO,Ag110_furan.png
Ag110_furfural,Ag110,furfural,reasonable,2.346,Ag-O,Ag20...O1,2.346,Ag-O,24,11,CHO,Ag110_furfural.png
Ag110_furfuryl_alcohol,Ag110,furfuryl_alcohol,reasonable,2.773,Ag-O,Ag20...O1,2.773,Ag-O,24,13,CHO,Ag110_furfuryl_alcohol.png
Ag110_gamma_butyrolactone,Ag110,gamma_butyrolactone,reasonable,2.49,Ag-O,Ag23...O1,2.49,Ag-O,24,12,CHO,Ag110_gamma_butyrolactone.png
Ag110_gamma_valerolactone,Ag110,gamma_valerolactone,reasonable,2.496,Ag-O,Ag23...O1,2.496,Ag-O,24,15,CHO,Ag110_gamma_valerolactone.png
Ag110_gluconic_acid,Ag110,gluconic_acid,reasonable,2.737,Ag-O,Ag23...O4,2.737,Ag-O,24,25,CHO,Ag110_gluconic_acid.png
Ag110_glutaric_acid,Ag110,glutaric_acid,reasonable,2.342,Ag-O,Ag20...O2,2.342,Ag-O,24,17,CHO,Ag110_glutaric_acid.png
Ag110_glycerol,Ag110,glycerol,reasonable,2.64,Ag-O,Ag23...O1,2.64,Ag-O,24,14,CHO,Ag110_glycerol.png
Ag110_glycolic_acid,Ag110,glycolic_acid,reasonable,2.498,Ag-O,Ag23...O2,2.498,Ag-O,24,9,CHO,Ag110_glycolic_acid.png
Ag110_glyoxal,Ag110,glyoxal,reasonable,2.274,Ag-O,Ag20...O1,2.274,Ag-O,24,6,CHO,Ag110_glyoxal.png
Ag110_guaiacol,Ag110,guaiacol,reasonable,2.922,Ag-O,Ag20...O2,2.922,Ag-O,24,17,CHO,Ag110_guaiacol.png
Ag110_heptane,Ag110,heptane,reasonable,2.984,Ag-H,Ag19...H14,3.575,Ag-C,24,23,CH,Ag110_heptane.png
Ag110_heptene,Ag110,heptene,reasonable,2.53,Ag-C,Ag24...C7,2.53,Ag-C,24,21,CH,Ag110_heptene.png
Ag110_hexanal,Ag110,hexanal,reasonable,2.389,Ag-O,Ag20...O1,2.389,Ag-O,24,19,CHO,Ag110_hexanal.png
Ag110_hexane,Ag110,hexane,borderline,3.184,Ag-H,Ag23...H7,3.776,Ag-C,24,20,CH,Ag110_hexane.png
Ag110_hexene,Ag110,hexene,reasonable,2.43,Ag-C,Ag24...C6,2.43,Ag-C,24,18,CH,Ag110_hexene.png
Ag110_hydroquinone,Ag110,hydroquinone,borderline,3.013,Ag-O,Ag23...O1,3.013,Ag-O,24,14,CHO,Ag110_hydroquinone.png
Ag110_hydroxyacetaldehyde,Ag110,hydroxyacetaldehyde,reasonable,2.675,Ag-O,Ag23...O2,2.675,Ag-O,24,8,CHO,Ag110_hydroxyacetaldehyde.png
Ag110_isobutane,Ag110,isobutane,reasonable,2.932,Ag-H,Ag23...H4,3.886,Ag-C,24,14,CH,Ag110_isobutane.png
Ag110_isobutene,Ag110,isobutene,reasonable,2.781,Ag-H,Ag23...H5,2.843,Ag-C,24,12,CH,Ag110_isobutene.png
Ag110_isoeugenol,Ag110,isoeugenol,reasonable,2.742,Ag-O,Ag23...O1,2.742,Ag-O,24,24,CHO,Ag110_isoeugenol.png
Ag110_isopentane,Ag110,isopentane,reasonable,2.799,Ag-H,Ag20...H9,3.815,Ag-C,24,17,CH,Ag110_isopentane.png
Ag110_isoprene,Ag110,isoprene,reasonable,2.345,Ag-C,Ag24...C3,2.345,Ag-C,24,13,CH,Ag110_isoprene.png
Ag110_isopropanol,Ag110,isopropanol,reasonable,2.451,Ag-O,Ag55...O1,2.451,Ag-O,64,12,CHO,Ag110_isopropanol.png
Ag110_itaconic_acid,Ag110,itaconic_acid,reasonable,2.414,Ag-O,Ag20...O3,2.414,Ag-O,24,15,CHO,Ag110_itaconic_acid.png
Ag110_lactic_acid,Ag110,lactic_acid,reasonable,2.678,Ag-O,Ag23...O2,2.678,Ag-O,24,12,CHO,Ag110_lactic_acid.png
Ag110_levoglucosan,Ag110,levoglucosan,reasonable,2.566,Ag-O,Ag20...O3,2.566,Ag-O,24,21,CHO,Ag110_levoglucosan.png
Ag110_levulinic_acid,Ag110,levulinic_acid,reasonable,2.33,Ag-O,Ag20...O2,2.33,Ag-O,24,16,CHO,Ag110_levulinic_acid.png
Ag110_malic_acid,Ag110,malic_acid,reasonable,2.638,Ag-O,Ag24...O4,2.638,Ag-O,24,15,CHO,Ag110_malic_acid.png
Ag110_malonic_acid,Ag110,malonic_acid,reasonable,2.519,Ag-O,Ag23...O3,2.519,Ag-O,24,11,CHO,Ag110_malonic_acid.png
Ag110_methane,Ag110,methane,borderline,3.112,Ag-H,Ag23...H3,3.485,Ag-C,24,5,CH,Ag110_methane.png
Ag110_methanol,Ag110,methanol,reasonable,2.521,Ag-O,Ag23...O1,2.521,Ag-O,24,6,CHO,Ag110_methanol.png
Ag110_methyl_formate,Ag110,methyl_formate,reasonable,2.754,Ag-O,Ag24...O2,2.754,Ag-O,24,8,CHO,Ag110_methyl_formate.png
Ag110_methylcyclopentenolone,Ag110,methylcyclopentenolone,reasonable,2.341,Ag-O,Ag23...O2,2.341,Ag-O,24,16,CHO,Ag110_methylcyclopentenolone.png
Ag110_methylethylketone,Ag110,methylethylketone,reasonable,2.358,Ag-O,Ag20...O1,2.358,Ag-O,24,13,CHO,Ag110_methylethylketone.png
Ag110_methylmethacrylate,Ag110,methylmethacrylate,reasonable,2.556,Ag-O,Ag20...O2,2.556,Ag-O,24,15,CHO,Ag110_methylmethacrylate.png
Ag110_muconic_acid,Ag110,muconic_acid,reasonable,2.429,Ag-C,Ag23...C2,2.429,Ag-C,24,16,CHO,Ag110_muconic_acid.png
Ag110_naphthalene,Ag110,naphthalene,borderline,3.259,Ag-H,Ag21...H1,3.55,Ag-C,24,18,CH,Ag110_naphthalene.png
Ag110_octane,Ag110,octane,borderline,3.053,Ag-H,Ag20...H10,3.593,Ag-C,24,26,CH,Ag110_octane.png
Ag110_octene,Ag110,octene,reasonable,2.456,Ag-C,Ag24...C8,2.456,Ag-C,24,24,CH,Ag110_octene.png
Ag110_oxalic_acid,Ag110,oxalic_acid,reasonable,2.533,Ag-O,Ag23...O3,2.533,Ag-O,24,8,CHO,Ag110_oxalic_acid.png
Ag110_pentane,Ag110,pentane,borderline,3.114,Ag-H,Ag20...H9,3.924,Ag-C,24,17,CH,Ag110_pentane.png
Ag110_pentanol,Ag110,pentanol,reasonable,2.498,Ag-O,Ag23...O1,2.498,Ag-O,24,18,CHO,Ag110_pentanol.png
Ag110_phenol,Ag110,phenol,borderline,3.049,Ag-O,Ag23...O1,3.049,Ag-O,24,13,CHO,Ag110_phenol.png
Ag110_propanal,Ag110,propanal,reasonable,2.398,Ag-O,Ag23...O1,2.398,Ag-O,24,10,CHO,Ag110_propanal.png
Ag110_propane,Ag110,propane,borderline,3.11,Ag-H,Ag23...H6,3.643,Ag-C,24,11,CH,Ag110_propane.png
Ag110_propanol,Ag110,propanol,reasonable,2.49,Ag-O,Ag55...O1,2.49,Ag-O,64,12,CHO,Ag110_propanol.png
Ag110_propene,Ag110,propene,reasonable,2.426,Ag-C,Ag23...C3,2.426,Ag-C,24,9,CH,Ag110_propene.png
Ag110_propionic_acid,Ag110,propionic_acid,reasonable,2.444,Ag-O,Ag24...O1,2.444,Ag-O,24,11,CHO,Ag110_propionic_acid.png
Ag110_propyl_syringol,Ag110,propyl_syringol,reasonable,2.808,Ag-O,Ag23...O2,2.808,Ag-O,24,30,CHO,Ag110_propyl_syringol.png
Ag110_pyrrole,Ag110,pyrrole,reasonable,2.528,Ag-C,Ag20...C1,2.528,Ag-C,24,10,CHN,Ag110_pyrrole.png
Ag110_pyruvic_acid,Ag110,pyruvic_acid,reasonable,2.435,Ag-O,Ag20...O2,2.435,Ag-O,24,10,CHO,Ag110_pyruvic_acid.png
Ag110_sorbitol,Ag110,sorbitol,borderline,3.01,Ag-O,Ag24...O6,3.01,Ag-O,24,26,CHO,Ag110_sorbitol.png
Ag110_styrene,Ag110,styrene,borderline,3.136,Ag-H,Ag24...H2,3.27,Ag-C,24,16,CH,Ag110_styrene.png
Ag110_succinic_acid,Ag110,succinic_acid,reasonable,2.402,Ag-O,Ag24...O3,2.402,Ag-O,24,14,CHO,Ag110_succinic_acid.png
Ag110_syringaldehyde,Ag110,syringaldehyde,reasonable,2.363,Ag-O,Ag21...O2,2.363,Ag-O,24,23,CHO,Ag110_syringaldehyde.png
Ag110_syringol,Ag110,syringol,borderline,3.346,Ag-O,Ag20...O3,3.346,Ag-O,24,21,CHO,Ag110_syringol.png
Ag110_tartaric_acid,Ag110,tartaric_acid,reasonable,2.751,Ag-O,Ag20...O5,2.751,Ag-O,24,16,CHO,Ag110_tartaric_acid.png
Ag110_thiophene,Ag110,thiophene,reasonable,2.714,Ag-S,Ag23...S1,2.714,Ag-S,24,9,CHS,Ag110_thiophene.png
Ag110_toluene,Ag110,toluene,borderline,3.344,Ag-H,Ag23...H7,3.808,Ag-C,24,15,CH,Ag110_toluene.png
Ag110_valeraldehyde,Ag110,valeraldehyde,reasonable,2.39,Ag-O,Ag23...O1,2.39,Ag-O,24,16,CHO,Ag110_valeraldehyde.png
Ag110_valeric_acid,Ag110,valeric_acid,reasonable,2.449,Ag-O,Ag24...O1,2.449,Ag-O,24,17,CHO,Ag110_valeric_acid.png
Ag110_vanillin,Ag110,vanillin,reasonable,2.336,Ag-O,Ag20...O2,2.336,Ag-O,24,19,CHO,Ag110_vanillin.png
Ag110_xylene,Ag110,xylene,borderline,3.354,Ag-H,Ag23...H10,4.215,Ag-C,24,18,CH,Ag110_xylene.png
Ag110_xylitol,Ag110,xylitol,reasonable,2.673,Ag-O,Ag24...O4,2.673,Ag-O,24,22,CHO,Ag110_xylitol.png
"Ag111_1,6-anhydroglucofuranose",Ag111,"1,6-anhydroglucofuranose",borderline,3.232,Ag-H,Ag35...H1,3.776,Ag-O,36,17,CHO,"Ag111_1,6-anhydroglucofuranose.png"
Ag111_1-butanol,Ag111,1-butanol,reasonable,2.781,Ag-H,Ag32...H7,3.249,Ag-O,36,15,CHO,Ag111_1-butanol.png
Ag111_1-butene,Ag111,1-butene,borderline,3.435,Ag-H,Ag28...H7,3.641,Ag-C,36,12,CH,Ag111_1-butene.png
Ag111_1-pentene,Ag111,1-pentene,borderline,3.336,Ag-H,Ag35...H9,3.455,Ag-C,36,15,CH,Ag111_1-pentene.png
Ag111_2-butanol,Ag111,2-butanol,reasonable,2.803,Ag-O,Ag31...O1,2.803,Ag-O,36,15,CHO,Ag111_2-butanol.png
Ag111_2-butene,Ag111,2-butene,detached,3.97,Ag-H,Ag32...H5,4.335,Ag-C,36,12,CH,Ag111_2-butene.png
Ag111_2-ethylphenol,Ag111,2-ethylphenol,reasonable,2.903,Ag-H,Ag29...H10,3.5,Ag-O,36,19,CHO,Ag111_2-ethylphenol.png
Ag111_2-furanone,Ag111,2-furanone,reasonable,2.747,Ag-O,Ag32...O1,2.747,Ag-O,36,10,CHO,Ag111_2-furanone.png
Ag111_2-heptanone,Ag111,2-heptanone,borderline,3.006,Ag-O,Ag34...O1,3.006,Ag-O,36,22,CHO,Ag111_2-heptanone.png
Ag111_2-hexanone,Ag111,2-hexanone,borderline,3.005,Ag-H,Ag29...H12,3.275,Ag-O,36,19,CHO,Ag111_2-hexanone.png
Ag111_2-pentanone,Ag111,2-pentanone,reasonable,2.793,Ag-O,Ag31...O1,2.793,Ag-O,36,16,CHO,Ag111_2-pentanone.png
Ag111_3-MTHF,Ag111,3-MTHF,detached,3.832,Ag-O,Ag32...O1,3.832,Ag-O,36,16,CHO,Ag111_3-MTHF.png
Ag111_3-hydroxypropionic_acid,Ag111,3-hydroxypropionic_acid,borderline,3.006,Ag-O,Ag36...O1,3.006,Ag-O,36,12,CHO,Ag111_3-hydroxypropionic_acid.png
Ag111_4-methylguaiacol,Ag111,4-methylguaiacol,borderline,3.592,Ag-H,Ag33...H6,3.933,Ag-O,36,20,CHO,Ag111_4-methylguaiacol.png
Ag111_5-HMF,Ag111,5-HMF,reasonable,2.986,Ag-O,Ag33...O1,2.986,Ag-O,36,15,CHO,Ag111_5-HMF.png
Ag111_5-heptanone,Ag111,5-heptanone,reasonable,2.782,Ag-O,Ag31...O1,2.782,Ag-O,36,22,CHO,Ag111_5-heptanone.png
Ag111_5-methylfurfural,Ag111,5-methylfurfural,reasonable,2.918,Ag-O,Ag35...O2,2.918,Ag-O,36,14,CHO,Ag111_5-methylfurfural.png
Ag111_CH2,Ag111,CH2,reasonable,2.137,Ag-C,Ag28...C1,2.137,Ag-C,36,3,CH,Ag111_CH2.png
Ag111_CH3,Ag111,CH3,reasonable,2.168,Ag-C,Ag32...C1,2.168,Ag-C,36,4,CH,Ag111_CH3.png
Ag111_CH4,Ag111,CH4,borderline,3.46,Ag-H,Ag31...H2,4.0,Ag-C,36,5,CH,Ag111_CH4.png
Ag111_CO,Ag111,CO,reasonable,2.347,Ag-C,Ag32...C1,2.347,Ag-C,36,2,CO,Ag111_CO.png
Ag111_CO2,Ag111,CO2,detached,3.648,Ag-C,Ag55...C1,3.648,Ag-C,64,3,CO,Ag111_CO2.png
Ag111_D-fructofuranose,Ag111,D-fructofuranose,reasonable,2.925,Ag-O,Ag34...O4,2.925,Ag-O,36,20,CHO,Ag111_D-fructofuranose.png
Ag111_D-xylopyranose,Ag111,D-xylopyranose,borderline,3.223,Ag-H,Ag32...H9,3.512,Ag-O,36,20,CHO,Ag111_D-xylopyranose.png
Ag111_DME,Ag111,DME,borderline,3.437,Ag-O,Ag32...O1,3.437,Ag-O,36,9,CHO,Ag111_DME.png
Ag111_DMSO,Ag111,DMSO,reasonable,2.574,Ag-O,Ag34...O1,2.574,Ag-O,36,10,CHOS,Ag111_DMSO.png
Ag111_H2,Ag111,H2,reasonable,2.982,Ag-H,Ag32...H1,,,36,2,H,Ag111_H2.png
Ag111_H2O,Ag111,H2O,borderline,3.176,Ag-H,Ag29...H1,3.271,Ag-O,36,3,HO,Ag111_H2O.png
Ag111_H2S,Ag111,H2S,reasonable,2.948,Ag-H,Ag35...H2,3.449,Ag-S,36,3,HS,Ag111_H2S.png
Ag111_HCO,Ag111,HCO,borderline,3.031,Ag-O,Ag32...O1,3.031,Ag-O,36,4,CHO,Ag111_HCO.png
Ag111_N2,Ag111,N2,detached,4.522,Ag-N,Ag31...N2,4.522,Ag-N,36,2,N,Ag111_N2.png
Ag111_NH3,Ag111,NH3,reasonable,2.539,Ag-N,Ag35...N1,2.539,Ag-N,36,4,HN,Ag111_NH3.png
Ag111_NO,Ag111,NO,reasonable,2.342,Ag-N,Ag31...N1,2.342,Ag-N,36,2,NO,Ag111_NO.png
Ag111_NO2,Ag111,NO2,reasonable,2.348,Ag-O,Ag35...O1,2.348,Ag-O,36,3,NO,Ag111_NO2.png
Ag111_O2,Ag111,O2,borderline,3.292,Ag-O,Ag34...O2,3.292,Ag-O,36,2,O,Ag111_O2.png
Ag111_SO2,Ag111,SO2,reasonable,2.902,Ag-O,Ag32...O1,2.902,Ag-O,36,3,OS,Ag111_SO2.png
Ag111_THF,Ag111,THF,detached,3.785,Ag-O,Ag35...O1,3.785,Ag-O,36,13,CHO,Ag111_THF.png
Ag111_acetal,Ag111,acetal,borderline,3.23,Ag-H,Ag31...H2,4.294,Ag-C,36,22,CHO,Ag111_acetal.png
Ag111_acetaldehyde,Ag111,acetaldehyde,reasonable,2.854,Ag-O,Ag31...O1,2.854,Ag-O,36,7,CHO,Ag111_acetaldehyde.png
Ag111_acetic_acid,Ag111,acetic_acid,reasonable,2.66,Ag-O,Ag35...O1,2.66,Ag-O,36,8,CHO,Ag111_acetic_acid.png
Ag111_acetone,Ag111,acetone,reasonable,2.627,Ag-O,Ag29...O1,2.627,Ag-O,36,10,CHO,Ag111_acetone.png
Ag111_acetophenone,Ag111,acetophenone,reasonable,2.936,Ag-O,Ag28...O1,2.936,Ag-O,36,17,CHO,Ag111_acetophenone.png
Ag111_alpha-D-glucopyranose,Ag111,alpha-D-glucopyranose,borderline,3.402,Ag-H,Ag35...H4,3.844,Ag-O,36,24,CHO,Ag111_alpha-D-glucopyranose.png
Ag111_angelica_lactone,Ag111,angelica_lactone,detached,3.892,Ag-O,Ag29...O1,3.892,Ag-O,36,13,CHO,Ag111_angelica_lactone.png
Ag111_aniline,Ag111,aniline,borderline,3.431,Ag-H,Ag28...H1,3.774,Ag-N,36,14,CHN,Ag111_aniline.png
Ag111_benzaldehyde,Ag111,benzaldehyde,reasonable,2.885,Ag-O,Ag33...O1,2.885,Ag-O,36,14,CHO,Ag111_benzaldehyde.png
Ag111_benzene,Ag111,benzene,borderline,3.411,Ag-H,Ag33...H4,3.8,Ag-C,36,12,CH,Ag111_benzene.png
Ag111_butadiene,Ag111,butadiene,reasonable,2.943,Ag-C,Ag34...C4,2.943,Ag-C,36,10,CH,Ag111_butadiene.png
Ag111_butanal,Ag111,butanal,reasonable,2.792,Ag-O,Ag36...O1,2.792,Ag-O,36,13,CHO,Ag111_butanal.png
Ag111_butane,Ag111,butane,borderline,3.084,Ag-H,Ag35...H9,4.06,Ag-C,36,14,CH,Ag111_butane.png
Ag111_butyric_acid,Ag111,butyric_acid,reasonable,2.545,Ag-O,Ag35...O1,2.545,Ag-O,36,14,CHO,Ag111_butyric_acid.png
Ag111_caproic_acid,Ag111,caproic_acid,detached,3.709,Ag-O,Ag32...O1,3.709,Ag-O,36,20,CHO,Ag111_caproic_acid.png
Ag111_carbonate,Ag111,carbonate,reasonable,2.194,Ag-O,Ag32...O2,2.194,Ag-O,36,4,CO,Ag111_carbonate.png
Ag111_citric_acid,Ag111,citric_acid,borderline,3.104,Ag-O,Ag31...O7,3.104,Ag-O,36,21,CHO,Ag111_citric_acid.png
Ag111_cyclobutanone,Ag111,cyclobutanone,borderline,3.387,Ag-O,Ag34...O1,3.387,Ag-O,36,11,CHO,Ag111_cyclobutanone.png
Ag111_cyclohexanone,Ag111,cyclohexanone,reasonable,2.688,Ag-O,Ag31...O1,2.688,Ag-O,36,17,CHO,Ag111_cyclohexanone.png
Ag111_cyclopentanone,Ag111,cyclopentanone,reasonable,2.738,Ag-O,Ag29...O1,2.738,Ag-O,36,14,CHO,Ag111_cyclopentanone.png
Ag111_diethyl_ether,Ag111,diethyl_ether,detached,3.611,Ag-H,Ag32...H9,4.196,Ag-C,36,15,CHO,Ag111_diethyl_ether.png
Ag111_dimethyl_succinate,Ag111,dimethyl_succinate,borderline,3.085,Ag-O,Ag29...O3,3.085,Ag-O,36,17,CHO,Ag111_dimethyl_succinate.png
Ag111_ethane,Ag111,ethane,borderline,3.128,Ag-H,Ag54...H1,3.983,Ag-C,64,8,CH,Ag111_ethane.png
Ag111_ethanol,Ag111,ethanol,reasonable,2.827,Ag-O,Ag54...O1,2.827,Ag-O,64,9,CHO,Ag111_ethanol.png
Ag111_ethene,Ag111,ethene,detached,3.607,Ag-C,Ag59...C1,3.607,Ag-C,64,6,CH,Ag111_ethene.png
Ag111_ethyl_acetate,Ag111,ethyl_acetate,borderline,3.224,Ag-O,Ag34...O2,3.224,Ag-O,36,14,CHO,Ag111_ethyl_acetate.png
Ag111_ethylene,Ag111,ethylene,detached,3.674,Ag-C,Ag31...C2,3.674,Ag-C,36,6,CH,Ag111_ethylene.png
Ag111_ethylene_glycol,Ag111,ethylene_glycol,borderline,3.049,Ag-H,Ag35...H6,3.123,Ag-O,36,10,CHO,Ag111_ethylene_glycol.png
Ag111_eugenol,Ag111,eugenol,borderline,3.185,Ag-H,Ag29...H8,3.199,Ag-O,36,24,CHO,Ag111_eugenol.png
Ag111_formaldehyde,Ag111,formaldehyde,borderline,3.131,Ag-O,Ag32...O1,3.131,Ag-O,36,4,CHO,Ag111_formaldehyde.png
Ag111_formate,Ag111,formate,reasonable,2.271,Ag-O,Ag35...O2,2.271,Ag-O,36,4,CHO,Ag111_formate.png
Ag111_formic_acid,Ag111,formic_acid,reasonable,2.687,Ag-H,Ag33...H1,3.036,Ag-O,36,5,CHO,Ag111_formic_acid.png
Ag111_furan,Ag111,furan,borderline,3.254,Ag-H,Ag30...H1,3.302,Ag-C,36,9,CHO,Ag111_furan.png
Ag111_furfural,Ag111,furfural,borderline,3.292,Ag-H,Ag36...H3,3.483,Ag-C,36,11,CHO,Ag111_furfural.png
Ag111_furfuryl_alcohol,Ag111,furfuryl_alcohol,borderline,3.485,Ag-H,Ag29...H5,3.894,Ag-C,36,13,CHO,Ag111_furfuryl_alcohol.png
Ag111_gamma_butyrolactone,Ag111,gamma_butyrolactone,reasonable,2.988,Ag-O,Ag35...O1,2.988,Ag-O,36,12,CHO,Ag111_gamma_butyrolactone.png
Ag111_gamma_valerolactone,Ag111,gamma_valerolactone,reasonable,2.696,Ag-O,Ag31...O1,2.696,Ag-O,36,15,CHO,Ag111_gamma_valerolactone.png
Ag111_gluconic_acid,Ag111,gluconic_acid,borderline,3.529,Ag-H,Ag32...H9,3.549,Ag-O,36,25,CHO,Ag111_gluconic_acid.png
Ag111_glutaric_acid,Ag111,glutaric_acid,reasonable,2.642,Ag-O,Ag32...O3,2.642,Ag-O,36,17,CHO,Ag111_glutaric_acid.png
Ag111_glycerol,Ag111,glycerol,reasonable,2.789,Ag-O,Ag32...O3,2.789,Ag-O,36,14,CHO,Ag111_glycerol.png
Ag111_glycolic_acid,Ag111,glycolic_acid,reasonable,2.822,Ag-H,Ag31...H4,2.96,Ag-O,36,9,CHO,Ag111_glycolic_acid.png
Ag111_glyoxal,Ag111,glyoxal,reasonable,2.351,Ag-O,Ag31...O1,2.351,Ag-O,36,6,CHO,Ag111_glyoxal.png
Ag111_guaiacol,Ag111,guaiacol,borderline,3.375,Ag-O,Ag35...O2,3.375,Ag-O,36,17,CHO,Ag111_guaiacol.png
Ag111_heptane,Ag111,heptane,borderline,3.376,Ag-H,Ag34...H6,4.17,Ag-C,36,23,CH,Ag111_heptane.png
Ag111_heptene,Ag111,heptene,borderline,3.197,Ag-H,Ag29...H12,4.14,Ag-C,36,21,CH,Ag111_heptene.png
Ag111_hexanal,Ag111,hexanal,borderline,3.119,Ag-O,Ag29...O1,3.119,Ag-O,36,19,CHO,Ag111_hexanal.png
Ag111_hexane,Ag111,hexane,borderline,3.128,Ag-H,Ag32...H8,4.066,Ag-C,36,20,CH,Ag111_hexane.png
Ag111_hexene,Ag111,hexene,borderline,3.292,Ag-H,Ag36...H11,3.841,Ag-C,36,18,CH,Ag111_hexene.png
Ag111_hydroquinone,Ag111,hydroquinone,detached,4.303,Ag-H,Ag35...H2,4.532,Ag-C,36,14,CHO,Ag111_hydroquinone.png
Ag111_hydroxyacetaldehyde,Ag111,hydroxyacetaldehyde,borderline,3.015,Ag-O,Ag32...O2,3.015,Ag-O,36,8,CHO,Ag111_hydroxyacetaldehyde.png
Ag111_isobutane,Ag111,isobutane,borderline,3.086,Ag-H,Ag31...H4,4.078,Ag-C,36,14,CH,Ag111_isobutane.png
Ag111_isobutene,Ag111,isobutene,detached,3.685,Ag-H,Ag34...H4,3.746,Ag-C,36,12,CH,Ag111_isobutene.png
Ag111_isoeugenol,Ag111,isoeugenol,borderline,3.598,Ag-H,Ag36...H8,3.927,Ag-O,36,24,CHO,Ag111_isoeugenol.png
Ag111_isopentane,Ag111,isopentane,borderline,3.056,Ag-H,Ag32...H6,4.086,Ag-C,36,17,CH,Ag111_isopentane.png
Ag111_isoprene,Ag111,isoprene,borderline,3.527,Ag-H,Ag34...H4,3.678,Ag-C,36,13,CH,Ag111_isoprene.png
Ag111_isopropanol,Ag111,isopropanol,reasonable,2.798,Ag-O,Ag32...O1,2.798,Ag-O,36,12,CHO,Ag111_isopropanol.png
Ag111_itaconic_acid,Ag111,itaconic_acid,borderline,3.201,Ag-H,Ag30...H1,3.507,Ag-O,36,15,CHO,Ag111_itaconic_acid.png
Ag111_lactic_acid,Ag111,lactic_acid,reasonable,2.804,Ag-H,Ag33...H6,2.843,Ag-O,36,12,CHO,Ag111_lactic_acid.png
Ag111_levoglucosan,Ag111,levoglucosan,reasonable,2.999,Ag-H,Ag33...H4,3.707,Ag-O,36,21,CHO,Ag111_levoglucosan.png
Ag111_levulinic_acid,Ag111,levulinic_acid,reasonable,2.651,Ag-O,Ag35...O2,2.651,Ag-O,36,16,CHO,Ag111_levulinic_acid.png
Ag111_malic_acid,Ag111,malic_acid,borderline,3.304,Ag-O,Ag34...O3,3.304,Ag-O,36,15,CHO,Ag111_malic_acid.png
Ag111_malonic_acid,Ag111,malonic_acid,detached,3.634,Ag-H,Ag31...H4,3.747,Ag-O,36,11,CHO,Ag111_malonic_acid.png
Ag111_methane,Ag111,methane,borderline,3.46,Ag-H,Ag31...H2,4.0,Ag-C,36,5,CH,Ag111_methane.png
Ag111_methanol,Ag111,methanol,reasonable,2.755,Ag-O,Ag35...O1,2.755,Ag-O,36,6,CHO,Ag111_methanol.png
Ag111_methyl_formate,Ag111,methyl_formate,reasonable,2.723,Ag-O,Ag31...O2,2.723,Ag-O,36,8,CHO,Ag111_methyl_formate.png
Ag111_methylcyclopentenolone,Ag111,methylcyclopentenolone,detached,3.915,Ag-H,Ag33...H2,4.692,Ag-C,36,16,CHO,Ag111_methylcyclopentenolone.png
Ag111_methylethylketone,Ag111,methylethylketone,reasonable,2.631,Ag-O,Ag35...O1,2.631,Ag-O,36,13,CHO,Ag111_methylethylketone.png
Ag111_methylmethacrylate,Ag111,methylmethacrylate,borderline,3.516,Ag-H,Ag33...H5,3.856,Ag-C,36,15,CHO,Ag111_methylmethacrylate.png
Ag111_muconic_acid,Ag111,muconic_acid,reasonable,2.648,Ag-O,Ag32...O3,2.648,Ag-O,36,16,CHO,Ag111_muconic_acid.png
Ag111_naphthalene,Ag111,naphthalene,borderline,3.346,Ag-H,Ag29...H4,4.14,Ag-C,36,18,CH,Ag111_naphthalene.png
Ag111_octane,Ag111,octane,borderline,3.165,Ag-H,Ag34...H7,4.203,Ag-C,36,26,CH,Ag111_octane.png
Ag111_octene,Ag111,octene,borderline,3.268,Ag-H,Ag33...H7,4.058,Ag-C,36,24,CH,Ag111_octene.png
Ag111_oxalic_acid,Ag111,oxalic_acid,borderline,3.545,Ag-O,Ag32...O2,3.545,Ag-O,36,8,CHO,Ag111_oxalic_acid.png
Ag111_pentane,Ag111,pentane,borderline,3.519,Ag-H,Ag31...H6,4.186,Ag-C,36,17,CH,Ag111_pentane.png
Ag111_pentanol,Ag111,pentanol,reasonable,2.983,Ag-O,Ag31...O1,2.983,Ag-O,36,18,CHO,Ag111_pentanol.png
Ag111_phenol,Ag111,phenol,reasonable,2.951,Ag-H,Ag33...H1,3.83,Ag-O,36,13,CHO,Ag111_phenol.png
Ag111_propanal,Ag111,propanal,reasonable,2.872,Ag-O,Ag32...O1,2.872,Ag-O,36,10,CHO,Ag111_propanal.png
Ag111_propane,Ag111,propane,borderline,3.1,Ag-H,Ag32...H4,4.095,Ag-C,36,11,CH,Ag111_propane.png
Ag111_propanol,Ag111,propanol,reasonable,2.774,Ag-O,Ag55...O1,2.774,Ag-O,64,12,CHO,Ag111_propanol.png
Ag111_propene,Ag111,propene,borderline,3.58,Ag-H,Ag32...H5,3.603,Ag-C,36,9,CH,Ag111_propene.png
Ag111_propionic_acid,Ag111,propionic_acid,reasonable,2.638,Ag-O,Ag34...O1,2.638,Ag-O,36,11,CHO,Ag111_propionic_acid.png
Ag111_propyl_syringol,Ag111,propyl_syringol,borderline,3.168,Ag-H,Ag34...H12,3.401,Ag-O,36,30,CHO,Ag111_propyl_syringol.png
Ag111_pyrrole,Ag111,pyrrole,borderline,3.297,Ag-H,Ag35...H4,3.595,Ag-C,36,10,CHN,Ag111_pyrrole.png
Ag111_pyruvic_acid,Ag111,pyruvic_acid,reasonable,2.669,Ag-O,Ag35...O2,2.669,Ag-O,36,10,CHO,Ag111_pyruvic_acid.png
Ag111_sorbitol,Ag111,sorbitol,borderline,3.448,Ag-O,Ag35...O3,3.448,Ag-O,36,26,CHO,Ag111_sorbitol.png
Ag111_styrene,Ag111,styrene,borderline,3.453,Ag-H,Ag35...H8,3.971,Ag-C,36,16,CH,Ag111_styrene.png
Ag111_succinic_acid,Ag111,succinic_acid,borderline,3.399,Ag-H,Ag32...H3,4.025,Ag-O,36,14,CHO,Ag111_succinic_acid.png
Ag111_syringaldehyde,Ag111,syringaldehyde,detached,3.788,Ag-H,Ag33...H7,4.557,Ag-C,36,23,CHO,Ag111_syringaldehyde.png
Ag111_syringol,Ag111,syringol,borderline,3.298,Ag-H,Ag30...H10,3.446,Ag-O,36,21,CHO,Ag111_syringol.png
Ag111_tartaric_acid,Ag111,tartaric_acid,borderline,3.317,Ag-O,Ag29...O2,3.317,Ag-O,36,16,CHO,Ag111_tartaric_acid.png
Ag111_thiophene,Ag111,thiophene,borderline,3.064,Ag-S,Ag34...S1,3.064,Ag-S,36,9,CHS,Ag111_thiophene.png
Ag111_toluene,Ag111,toluene,borderline,3.301,Ag-H,Ag34...H6,3.909,Ag-C,36,15,CH,Ag111_toluene.png
Ag111_valeraldehyde,Ag111,valeraldehyde,reasonable,2.956,Ag-O,Ag29...O1,2.956,Ag-O,36,16,CHO,Ag111_valeraldehyde.png
Ag111_valeric_acid,Ag111,valeric_acid,reasonable,2.71,Ag-O,Ag35...O1,2.71,Ag-O,36,17,CHO,Ag111_valeric_acid.png
Ag111_vanillin,Ag111,vanillin,detached,4.339,Ag-H,Ag33...H6,4.503,Ag-C,36,19,CHO,Ag111_vanillin.png
Ag111_xylene,Ag111,xylene,detached,3.859,Ag-H,Ag34...H4,4.431,Ag-C,36,18,CH,Ag111_xylene.png
Ag111_xylitol,Ag111,xylitol,detached,3.713,Ag-H,Ag34...H7,3.785,Ag-O,36,22,CHO,Ag111_xylitol.png
"Au100_1,6-anhydroglucofuranose",Au100,"1,6-anhydroglucofuranose",reasonable,2.93,Au-H,Au60...H1,3.736,Au-O,64,17,CHO,"Au100_1,6-anhydroglucofuranose.png"
Au100_1-butanol,Au100,1-butanol,borderline,3.072,Au-H,Au55...H10,3.46,Au-O,64,15,CHO,Au100_1-butanol.png
Au100_1-butene,Au100,1-butene,reasonable,2.916,Au-C,Au59...C4,2.916,Au-C,64,12,CH,Au100_1-butene.png
Au100_1-pentene,Au100,1-pentene,borderline,3.084,Au-H,Au60...H9,3.292,Au-C,64,15,CH,Au100_1-pentene.png
Au100_2-butanol,Au100,2-butanol,reasonable,2.934,Au-H,Au55...H5,3.147,Au-O,64,15,CHO,Au100_2-butanol.png
Au100_2-butene,Au100,2-butene,borderline,3.034,Au-H,Au57...H4,3.701,Au-C,64,12,CH,Au100_2-butene.png
Au100_2-ethylphenol,Au100,2-ethylphenol,reasonable,2.622,Au-H,Au58...H10,3.603,Au-O,64,19,CHO,Au100_2-ethylphenol.png
Au100_2-furanone,Au100,2-furanone,borderline,3.231,Au-H,Au63...H1,3.472,Au-C,64,10,CHO,Au100_2-furanone.png
Au100_2-heptanone,Au100,2-heptanone,reasonable,2.916,Au-H,Au59...H9,3.037,Au-O,64,22,CHO,Au100_2-heptanone.png
Au100_2-hexanone,Au100,2-hexanone,reasonable,2.947,Au-O,Au54...O1,2.947,Au-O,64,19,CHO,Au100_2-hexanone.png
Au100_2-pentanone,Au100,2-pentanone,reasonable,2.961,Au-O,Au63...O1,2.961,Au-O,64,16,CHO,Au100_2-pentanone.png
Au100_3-MTHF,Au100,3-MTHF,reasonable,2.935,Au-H,Au58...H2,3.602,Au-O,64,16,CHO,Au100_3-MTHF.png
Au100_3-hydroxypropionic_acid,Au100,3-hydroxypropionic_acid,reasonable,2.671,Au-H,Au57...H6,3.076,Au-O,64,12,CHO,Au100_3-hydroxypropionic_acid.png
Au100_4-methylguaiacol,Au100,4-methylguaiacol,borderline,3.092,Au-H,Au57...H6,3.619,Au-O,64,20,CHO,Au100_4-methylguaiacol.png
Au100_5-HMF,Au100,5-HMF,reasonable,2.953,Au-H,Au59...H5,3.265,Au-C,64,15,CHO,Au100_5-HMF.png
Au100_5-heptanone,Au100,5-heptanone,borderline,3.151,Au-O,Au56...O1,3.151,Au-O,64,22,CHO,Au100_5-heptanone.png
Au100_5-methylfurfural,Au100,5-methylfurfural,borderline,3.049,Au-H,Au56...H5,3.319,Au-O,64,14,CHO,Au100_5-methylfurfural.png
Au100_CH2,Au100,CH2,reasonable,2.074,Au-C,Au54...C1,2.074,Au-C,64,3,CH,Au100_CH2.png
Au100_CH3,Au100,CH3,reasonable,2.098,Au-C,Au57...C1,2.098,Au-C,64,4,CH,Au100_CH3.png
Au100_CH4,Au100,CH4,borderline,3.194,Au-H,Au59...H1,3.473,Au-C,64,5,CH,Au100_CH4.png
Au100_CO,Au100,CO,reasonable,2.125,Au-C,Au58...C1,2.125,Au-C,64,2,CO,Au100_CO.png
Au100_CO2,Au100,CO2,borderline,3.508,Au-O,Au54...O2,3.508,Au-O,64,3,CO,Au100_CO2.png
Au100_D-fructofuranose,Au100,D-fructofuranose,reasonable,2.677,Au-H,Au59...H1,3.644,Au-O,64,20,CHO,Au100_D-fructofuranose.png
Au100_D-xylopyranose,Au100,D-xylopyranose,reasonable,2.695,Au-H,Au55...H9,3.661,Au-C,64,20,CHO,Au100_D-xylopyranose.png
Au100_DME,Au100,DME,borderline,3.041,Au-O,Au59...O1,3.041,Au-O,64,9,CHO,Au100_DME.png
Au100_DMSO,Au100,DMSO,reasonable,2.482,Au-S,Au55...S1,2.482,Au-S,64,10,CHOS,Au100_DMSO.png
Au100_H2,Au100,H2,reasonable,2.605,Au-H,Au55...H2,,,64,2,H,Au100_H2.png
Au100_H2O,Au100,H2O,reasonable,2.822,Au-H,Au57...H1,3.686,Au-O,64,3,HO,Au100_H2O.png
Au100_H2S,Au100,H2S,reasonable,2.592,Au-H,Au64...H2,3.396,Au-S,64,3,HS,Au100_H2S.png
Au100_HCO,Au100,HCO,reasonable,2.93,Au-H,Au57...H1,3.085,Au-O,64,4,CHO,Au100_HCO.png
Au100_N2,Au100,N2,detached,4.225,Au-N,Au58...N1,4.225,Au-N,64,2,N,Au100_N2.png
Au100_NH3,Au100,NH3,reasonable,2.365,Au-N,Au58...N1,2.365,Au-N,64,4,HN,Au100_NH3.png
Au100_NO,Au100,NO,reasonable,2.127,Au-N,Au63...N1,2.127,Au-N,64,2,NO,Au100_NO.png
Au100_NO2,Au100,NO2,reasonable,2.34,Au-O,Au58...O2,2.34,Au-O,64,3,NO,Au100_NO2.png
Au100_O2,Au100,O2,detached,4.039,Au-O,Au55...O2,4.039,Au-O,64,2,O,Au100_O2.png
Au100_SO2,Au100,SO2,reasonable,2.573,Au-S,Au59...S1,2.573,Au-S,64,3,OS,Au100_SO2.png
Au100_THF,Au100,THF,borderline,3.501,Au-O,Au54...O1,3.501,Au-O,64,13,CHO,Au100_THF.png
Au100_acetal,Au100,acetal,borderline,3.039,Au-H,Au51...H1,4.117,Au-C,64,22,CHO,Au100_acetal.png
Au100_acetaldehyde,Au100,acetaldehyde,reasonable,2.802,Au-H,Au63...H3,2.845,Au-O,64,7,CHO,Au100_acetaldehyde.png
Au100_acetic_acid,Au100,acetic_acid,reasonable,2.664,Au-H,Au59...H4,2.724,Au-O,64,8,CHO,Au100_acetic_acid.png
Au100_acetone,Au100,acetone,reasonable,2.661,Au-O,Au55...O1,2.661,Au-O,64,10,CHO,Au100_acetone.png
Au100_acetophenone,Au100,acetophenone,borderline,3.094,Au-O,Au57...O1,3.094,Au-O,64,17,CHO,Au100_acetophenone.png
Au100_alpha-D-glucopyranose,Au100,alpha-D-glucopyranose,reasonable,2.863,Au-H,Au50...H10,3.704,Au-O,64,24,CHO,Au100_alpha-D-glucopyranose.png
Au100_angelica_lactone,Au100,angelica_lactone,reasonable,2.664,Au-H,Au56...H6,3.763,Au-C,64,13,CHO,Au100_angelica_lactone.png
Au100_aniline,Au100,aniline,reasonable,2.943,Au-H,Au64...H1,3.859,Au-N,64,14,CHN,Au100_aniline.png
Au100_benzaldehyde,Au100,benzaldehyde,borderline,3.039,Au-H,Au54...H2,3.092,Au-O,64,14,CHO,Au100_benzaldehyde.png
Au100_benzene,Au100,benzene,borderline,3.081,Au-H,Au59...H4,3.484,Au-C,64,12,CH,Au100_benzene.png
Au100_butadiene,Au100,butadiene,reasonable,2.25,Au-C,Au58...C1,2.25,Au-C,64,10,CH,Au100_butadiene.png
Au100_butanal,Au100,butanal,borderline,3.075,Au-H,Au56...H4,3.21,Au-O,64,13,CHO,Au100_butanal.png
Au100_butane,Au100,butane,borderline,3.122,Au-H,Au58...H6,3.864,Au-C,64,14,CH,Au100_butane.png
Au100_butyric_acid,Au100,butyric_acid,reasonable,2.523,Au-H,Au59...H8,2.642,Au-O,64,14,CHO,Au100_butyric_acid.png
Au100_caproic_acid,Au100,caproic_acid,reasonable,2.57,Au-H,Au56...H12,2.776,Au-O,64,20,CHO,Au100_caproic_acid.png
Au100_carbonate,Au100,carbonate,reasonable,2.264,Au-O,Au60...O2,2.264,Au-O,64,4,CO,Au100_carbonate.png
Au100_citric_acid,Au100,citric_acid,reasonable,2.608,Au-H,Au60...H1,3.164,Au-O,64,21,CHO,Au100_citric_acid.png
Au100_cyclobutanone,Au100,cyclobutanone,borderline,3.001,Au-H,Au64...H2,4.031,Au-O,64,11,CHO,Au100_cyclobutanone.png
Au100_cyclohexanone,Au100,cyclohexanone,reasonable,2.969,Au-O,Au55...O1,2.969,Au-O,64,17,CHO,Au100_cyclohexanone.png
Au100_cyclopentanone,Au100,cyclopentanone,reasonable,2.901,Au-H,Au59...H7,3.035,Au-O,64,14,CHO,Au100_cyclopentanone.png
Au100_diethyl_ether,Au100,diethyl_ether,borderline,3.131,Au-H,Au51...H9,3.944,Au-C,64,15,CHO,Au100_diethyl_ether.png
Au100_dimethyl_succinate,Au100,dimethyl_succinate,reasonable,2.823,Au-H,Au62...H4,3.921,Au-O,64,17,CHO,Au100_dimethyl_succinate.png
Au100_ethane,Au100,ethane,reasonable,2.824,Au-H,Au59...H1,3.703,Au-C,64,8,CH,Au100_ethane.png
Au100_ethanol,Au100,ethanol,reasonable,2.901,Au-O,Au55...O1,2.901,Au-O,64,9,CHO,Au100_ethanol.png
Au100_ethene,Au100,ethene,borderline,3.178,Au-C,Au59...C1,3.178,Au-C,64,6,CH,Au100_ethene.png
Au100_ethyl_acetate,Au100,ethyl_acetate,borderline,3.048,Au-H,Au60...H1,3.111,Au-O,64,14,CHO,Au100_ethyl_acetate.png
Au100_ethylene,Au100,ethylene,borderline,3.077,Au-C,Au54...C2,3.077,Au-C,64,6,CH,Au100_ethylene.png
Au100_ethylene_glycol,Au100,ethylene_glycol,reasonable,2.745,Au-H,Au55...H1,3.132,Au-O,64,10,CHO,Au100_ethylene_glycol.png
Au100_eugenol,Au100,eugenol,borderline,3.429,Au-H,Au59...H8,3.634,Au-O,64,24,CHO,Au100_eugenol.png
Au100_formaldehyde,Au100,formaldehyde,reasonable,2.999,Au-H,Au62...H1,3.072,Au-O,64,4,CHO,Au100_formaldehyde.png
Au100_formate,Au100,formate,reasonable,2.276,Au-O,Au62...O1,2.276,Au-O,64,4,CHO,Au100_formate.png
Au100_formic_acid,Au100,formic_acid,reasonable,2.404,Au-H,Au58...H1,3.144,Au-O,64,5,CHO,Au100_formic_acid.png
Au100_furan,Au100,furan,borderline,3.039,Au-C,Au55...C2,3.039,Au-C,64,9,CHO,Au100_furan.png
Au100_furfural,Au100,furfural,borderline,3.042,Au-H,Au59...H2,3.044,Au-C,64,11,CHO,Au100_furfural.png
Au100_furfuryl_alcohol,Au100,furfuryl_alcohol,reasonable,2.76,Au-H,Au51...H1,3.184,Au-C,64,13,CHO,Au100_furfuryl_alcohol.png
Au100_gamma_butyrolactone,Au100,gamma_butyrolactone,borderline,3.145,Au-O,Au54...O1,3.145,Au-O,64,12,CHO,Au100_gamma_butyrolactone.png
Au100_gamma_valerolactone,Au100,gamma_valerolactone,reasonable,2.87,Au-O,Au58...O1,2.87,Au-O,64,15,CHO,Au100_gamma_valerolactone.png
Au100_gluconic_acid,Au100,gluconic_acid,reasonable,2.744,Au-H,Au54...H12,3.294,Au-O,64,25,CHO,Au100_gluconic_acid.png
Au100_glutaric_acid,Au100,glutaric_acid,reasonable,2.679,Au-H,Au60...H1,2.703,Au-O,64,17,CHO,Au100_glutaric_acid.png
Au100_glycerol,Au100,glycerol,reasonable,2.68,Au-H,Au59...H1,3.505,Au-O,64,14,CHO,Au100_glycerol.png
Au100_glycolic_acid,Au100,glycolic_acid,reasonable,2.532,Au-H,Au63...H4,3.111,Au-O,64,9,CHO,Au100_glycolic_acid.png
Au100_glyoxal,Au100,glyoxal,reasonable,2.224,Au-H,Au59...H1,2.589,Au-O,64,6,CHO,Au100_glyoxal.png
Au100_guaiacol,Au100,guaiacol,borderline,3.059,Au-H,Au63...H8,3.743,Au-O,64,17,CHO,Au100_guaiacol.png
Au100_heptane,Au100,heptane,borderline,3.046,Au-H,Au53...H3,3.832,Au-C,64,23,CH,Au100_heptane.png
Au100_heptene,Au100,heptene,borderline,3.08,Au-H,Au62...H13,3.283,Au-C,64,21,CH,Au100_heptene.png
Au100_hexanal,Au100,hexanal,reasonable,2.991,Au-H,Au54...H3,3.352,Au-O,64,19,CHO,Au100_hexanal.png
Au100_hexane,Au100,hexane,borderline,3.2,Au-H,Au55...H11,3.966,Au-C,64,20,CH,Au100_hexane.png
Au100_hexene,Au100,hexene,reasonable,2.982,Au-C,Au54...C6,2.982,Au-C,64,18,CH,Au100_hexene.png
Au100_hydroquinone,Au100,hydroquinone,reasonable,2.593,Au-H,Au59...H1,3.568,Au-O,64,14,CHO,Au100_hydroquinone.png
Au100_hydroxyacetaldehyde,Au100,hydroxyacetaldehyde,borderline,3.042,Au-H,Au55...H1,3.145,Au-O,64,8,CHO,Au100_hydroxyacetaldehyde.png
Au100_isobutane,Au100,isobutane,borderline,3.092,Au-H,Au64...H4,3.93,Au-C,64,14,CH,Au100_isobutane.png
Au100_isobutene,Au100,isobutene,borderline,3.024,Au-C,Au55...C3,3.024,Au-C,64,12,CH,Au100_isobutene.png
Au100_isoeugenol,Au100,isoeugenol,borderline,3.307,Au-H,Au54...H8,3.365,Au-O,64,24,CHO,Au100_isoeugenol.png
Au100_isopentane,Au100,isopentane,borderline,3.015,Au-H,Au57...H1,3.823,Au-C,64,17,CH,Au100_isopentane.png
Au100_isoprene,Au100,isoprene,reasonable,2.231,Au-C,Au55...C3,2.231,Au-C,64,13,CH,Au100_isoprene.png
Au100_isopropanol,Au100,isopropanol,reasonable,2.794,Au-O,Au54...O1,2.794,Au-O,64,12,CHO,Au100_isopropanol.png
Au100_itaconic_acid,Au100,itaconic_acid,reasonable,2.716,Au-H,Au54...H6,2.956,Au-O,64,15,CHO,Au100_itaconic_acid.png
Au100_lactic_acid,Au100,lactic_acid,reasonable,2.496,Au-H,Au56...H6,3.103,Au-O,64,12,CHO,Au100_lactic_acid.png
Au100_levoglucosan,Au100,levoglucosan,reasonable,2.57,Au-H,Au58...H4,3.554,Au-O,64,21,CHO,Au100_levoglucosan.png
Au100_levulinic_acid,Au100,levulinic_acid,reasonable,2.755,Au-H,Au64...H8,2.835,Au-O,64,16,CHO,Au100_levulinic_acid.png
Au100_malic_acid,Au100,malic_acid,reasonable,2.612,Au-H,Au54...H1,3.147,Au-O,64,15,CHO,Au100_malic_acid.png
Au100_malonic_acid,Au100,malonic_acid,reasonable,2.562,Au-H,Au54...H1,3.091,Au-O,64,11,CHO,Au100_malonic_acid.png
Au100_methane,Au100,methane,borderline,3.177,Au-H,Au59...H2,3.526,Au-C,64,5,CH,Au100_methane.png
Au100_methanol,Au100,methanol,reasonable,2.881,Au-O,Au64...O1,2.881,Au-O,64,6,CHO,Au100_methanol.png
Au100_methyl_formate,Au100,methyl_formate,borderline,3.327,Au-H,Au58...H4,3.876,Au-O,64,8,CHO,Au100_methyl_formate.png
Au100_methylcyclopentenolone,Au100,methylcyclopentenolone,reasonable,2.818,Au-H,Au58...H4,3.803,Au-O,64,16,CHO,Au100_methylcyclopentenolone.png
Au100_methylethylketone,Au100,methylethylketone,reasonable,2.66,Au-O,Au58...O1,2.66,Au-O,64,13,CHO,Au100_methylethylketone.png
Au100_methylmethacrylate,Au100,methylmethacrylate,reasonable,2.94,Au-C,Au50...C4,2.94,Au-C,64,15,CHO,Au100_methylmethacrylate.png
Au100_muconic_acid,Au100,muconic_acid,borderline,3.203,Au-H,Au54...H4,3.672,Au-O,64,16,CHO,Au100_muconic_acid.png
Au100_naphthalene,Au100,naphthalene,borderline,3.154,Au-H,Au54...H3,3.629,Au-C,64,18,CH,Au100_naphthalene.png
Au100_octane,Au100,octane,borderline,3.09,Au-H,Au57...H3,4.07,Au-C,64,26,CH,Au100_octane.png
Au100_octene,Au100,octene,reasonable,2.822,Au-C,Au50...C8,2.822,Au-C,64,24,CH,Au100_octene.png
Au100_oxalic_acid,Au100,oxalic_acid,borderline,3.521,Au-H,Au59...H1,3.889,Au-O,64,8,CHO,Au100_oxalic_acid.png
Au100_pentane,Au100,pentane,reasonable,2.934,Au-H,Au54...H5,3.73,Au-C,64,17,CH,Au100_pentane.png
Au100_pentanol,Au100,pentanol,reasonable,2.743,Au-H,Au60...H12,3.561,Au-O,64,18,CHO,Au100_pentanol.png
Au100_phenol,Au100,phenol,reasonable,2.639,Au-H,Au59...H1,3.62,Au-O,64,13,CHO,Au100_phenol.png
Au100_propanal,Au100,propanal,borderline,3.162,Au-H,Au64...H3,3.21,Au-O,64,10,CHO,Au100_propanal.png
Au100_propane,Au100,propane,borderline,3.108,Au-H,Au55...H5,3.868,Au-C,64,11,CH,Au100_propane.png
Au100_propanol,Au100,propanol,reasonable,2.757,Au-O,Au53...O1,2.757,Au-O,64,12,CHO,Au100_propanol.png
Au100_propene,Au100,propene,borderline,3.066,Au-H,Au59...H5,3.112,Au-C,64,9,CH,Au100_propene.png
Au100_propionic_acid,Au100,propionic_acid,reasonable,2.653,Au-O,Au59...O1,2.653,Au-O,64,11,CHO,Au100_propionic_acid.png
Au100_propyl_syringol,Au100,propyl_syringol,borderline,3.046,Au-H,Au49...H12,3.329,Au-O,64,30,CHO,Au100_propyl_syringol.png
Au100_pyrrole,Au100,pyrrole,borderline,3.142,Au-H,Au51...H4,3.341,Au-C,64,10,CHN,Au100_pyrrole.png
Au100_pyruvic_acid,Au100,pyruvic_acid,borderline,3.204,Au-H,Au51...H4,3.221,Au-O,64,10,CHO,Au100_pyruvic_acid.png
Au100_sorbitol,Au100,sorbitol,reasonable,2.872,Au-H,Au60...H5,3.661,Au-O,64,26,CHO,Au100_sorbitol.png
Au100_styrene,Au100,styrene,reasonable,2.326,Au-C,Au64...C1,2.326,Au-C,64,16,CH,Au100_styrene.png
Au100_succinic_acid,Au100,succinic_acid,reasonable,2.669,Au-O,Au53...O2,2.669,Au-O,64,14,CHO,Au100_succinic_acid.png
Au100_syringaldehyde,Au100,syringaldehyde,borderline,3.249,Au-H,Au60...H10,3.264,Au-O,64,23,CHO,Au100_syringaldehyde.png
Au100_syringol,Au100,syringol,borderline,3.088,Au-H,Au53...H10,3.154,Au-O,64,21,CHO,Au100_syringol.png
Au100_tartaric_acid,Au100,tartaric_acid,reasonable,2.956,Au-H,Au63...H5,3.471,Au-O,64,16,CHO,Au100_tartaric_acid.png
Au100_thiophene,Au100,thiophene,borderline,3.1,Au-H,Au58...H1,3.272,Au-C,64,9,CHS,Au100_thiophene.png
Au100_toluene,Au100,toluene,borderline,3.109,Au-H,Au54...H6,3.3,Au-C,64,15,CH,Au100_toluene.png
Au100_valeraldehyde,Au100,valeraldehyde,reasonable,2.99,Au-O,Au63...O1,2.99,Au-O,64,16,CHO,Au100_valeraldehyde.png
Au100_valeric_acid,Au100,valeric_acid,reasonable,2.786,Au-O,Au60...O1,2.786,Au-O,64,17,CHO,Au100_valeric_acid.png
Au100_vanillin,Au100,vanillin,borderline,3.166,Au-H,Au51...H8,3.512,Au-O,64,19,CHO,Au100_vanillin.png
Au100_xylene,Au100,xylene,borderline,3.252,Au-H,Au54...H5,3.851,Au-C,64,18,CH,Au100_xylene.png
Au100_xylitol,Au100,xylitol,reasonable,2.657,Au-H,Au61...H12,3.583,Au-O,64,22,CHO,Au100_xylitol.png
"Au110_1,6-anhydroglucofuranose",Au110,"1,6-anhydroglucofuranose",reasonable,2.918,Au-H,Au60...H1,3.519,Au-O,64,17,CHO,"Au110_1,6-anhydroglucofuranose.png"
Au110_1-butanol,Au110,1-butanol,reasonable,2.685,Au-O,Au58...O1,2.685,Au-O,64,15,CHO,Au110_1-butanol.png
Au110_1-butene,Au110,1-butene,reasonable,2.221,Au-C,Au58...C4,2.221,Au-C,64,12,CH,Au110_1-butene.png
Au110_1-pentene,Au110,1-pentene,reasonable,2.22,Au-C,Au55...C5,2.22,Au-C,64,15,CH,Au110_1-pentene.png
Au110_2-butanol,Au110,2-butanol,reasonable,2.762,Au-O,Au59...O1,2.762,Au-O,64,15,CHO,Au110_2-butanol.png
Au110_2-butene,Au110,2-butene,reasonable,2.967,Au-H,Au51...H4,3.012,Au-C,64,12,CH,Au110_2-butene.png
Au110_2-ethylphenol,Au110,2-ethylphenol,reasonable,2.674,Au-H,Au54...H10,3.575,Au-C,64,19,CHO,Au110_2-ethylphenol.png
Au110_2-furanone,Au110,2-furanone,reasonable,2.703,Au-O,Au55...O1,2.703,Au-O,64,10,CHO,Au110_2-furanone.png
Au110_2-heptanone,Au110,2-heptanone,reasonable,2.886,Au-O,Au52...O1,2.886,Au-O,64,22,CHO,Au110_2-heptanone.png
Au110_2-hexanone,Au110,2-hexanone,reasonable,2.594,Au-O,Au63...O1,2.594,Au-O,64,19,CHO,Au110_2-hexanone.png
Au110_2-pentanone,Au110,2-pentanone,reasonable,2.451,Au-O,Au58...O1,2.451,Au-O,64,16,CHO,Au110_2-pentanone.png
Au110_3-MTHF,Au110,3-MTHF,reasonable,2.931,Au-H,Au58...H9,3.328,Au-O,64,16,CHO,Au110_3-MTHF.png
Au110_3-hydroxypropionic_acid,Au110,3-hydroxypropionic_acid,reasonable,2.6,Au-H,Au50...H6,2.853,Au-O,64,12,CHO,Au110_3-hydroxypropionic_acid.png
Au110_4-methylguaiacol,Au110,4-methylguaiacol,borderline,3.199,Au-H,Au59...H6,3.48,Au-O,64,20,CHO,Au110_4-methylguaiacol.png
Au110_5-HMF,Au110,5-HMF,reasonable,2.354,Au-C,Au59...C4,2.354,Au-C,64,15,CHO,Au110_5-HMF.png
Au110_5-heptanone,Au110,5-heptanone,reasonable,2.891,Au-O,Au58...O1,2.891,Au-O,64,22,CHO,Au110_5-heptanone.png
Au110_5-methylfurfural,Au110,5-methylfurfural,reasonable,2.812,Au-O,Au59...O2,2.812,Au-O,64,14,CHO,Au110_5-methylfurfural.png
Au110_CH2,Au110,CH2,reasonable,2.068,Au-C,Au63...C1,2.068,Au-C,64,3,CH,Au110_CH2.png
Au110_CH3,Au110,CH3,reasonable,2.086,Au-C,Au59...C1,2.086,Au-C,64,4,CH,Au110_CH3.png
Au110_CH4,Au110,CH4,reasonable,2.954,Au-H,Au63...H1,3.394,Au-C,64,5,CH,Au110_CH4.png
Au110_CO,Au110,CO,reasonable,2.115,Au-C,Au55...C1,2.115,Au-C,64,2,CO,Au110_CO.png
Au110_CO2,Au110,CO2,borderline,3.518,Au-O,Au59...O2,3.518,Au-O,64,3,CO,Au110_CO2.png
Au110_D-fructofuranose,Au110,D-fructofuranose,reasonable,2.656,Au-H,Au64...H1,3.491,Au-O,64,20,CHO,Au110_D-fructofuranose.png
Au110_D-xylopyranose,Au110,D-xylopyranose,reasonable,2.68,Au-H,Au61...H10,3.471,Au-O,64,20,CHO,Au110_D-xylopyranose.png
Au110_DME,Au110,DME,reasonable,2.763,Au-O,Au59...O1,2.763,Au-O,64,9,CHO,Au110_DME.png
Au110_DMSO,Au110,DMSO,reasonable,2.411,Au-S,Au55...S1,2.411,Au-S,64,10,CHOS,Au110_DMSO.png
Au110_H2,Au110,H2,reasonable,2.605,Au-H,Au58...H2,,,64,2,H,Au110_H2.png
Au110_H2O,Au110,H2O,reasonable,2.743,Au-H,Au55...H1,3.057,Au-O,64,3,HO,Au110_H2O.png
Au110_H2S,Au110,H2S,reasonable,2.542,Au-H,Au54...H2,2.814,Au-S,64,3,HS,Au110_H2S.png
Au110_HCO,Au110,HCO,reasonable,2.458,Au-H,Au60...H2,2.93,Au-O,64,4,CHO,Au110_HCO.png
Au110_N2,Au110,N2,detached,4.45,Au-N,Au54...N2,4.45,Au-N,64,2,N,Au110_N2.png
Au110_NH3,Au110,NH3,reasonable,2.264,Au-N,Au59...N1,2.264,Au-N,64,4,HN,Au110_NH3.png
Au110_NO,Au110,NO,reasonable,2.11,Au-N,Au55...N1,2.11,Au-N,64,2,NO,Au110_NO.png
Au110_NO2,Au110,NO2,reasonable,2.292,Au-O,Au51...O2,2.292,Au-O,64,3,NO,Au110_NO2.png
Au110_O2,Au110,O2,reasonable,2.278,Au-O,Au55...O2,2.278,Au-O,64,2,O,Au110_O2.png
Au110_SO2,Au110,SO2,reasonable,2.475,Au-S,Au54...S1,2.475,Au-S,64,3,OS,Au110_SO2.png
Au110_THF,Au110,THF,borderline,3.228,Au-O,Au58...O1,3.228,Au-O,64,13,CHO,Au110_THF.png
Au110_acetal,Au110,acetal,reasonable,2.976,Au-H,Au63...H8,3.508,Au-O,64,22,CHO,Au110_acetal.png
Au110_acetaldehyde,Au110,acetaldehyde,reasonable,2.525,Au-O,Au59...O1,2.525,Au-O,64,7,CHO,Au110_acetaldehyde.png
Au110_acetic_acid,Au110,acetic_acid,reasonable,2.526,Au-O,Au55...O1,2.526,Au-O,64,8,CHO,Au110_acetic_acid.png
Au110_acetone,Au110,acetone,reasonable,2.427,Au-O,Au55...O1,2.427,Au-O,64,10,CHO,Au110_acetone.png
Au110_acetophenone,Au110,acetophenone,reasonable,2.566,Au-C,Au59...C8,2.566,Au-C,64,17,CHO,Au110_acetophenone.png
Au110_alpha-D-glucopyranose,Au110,alpha-D-glucopyranose,reasonable,2.689,Au-H,Au54...H6,3.34,Au-O,64,24,CHO,Au110_alpha-D-glucopyranose.png
Au110_angelica_lactone,Au110,angelica_lactone,borderline,3.251,Au-O,Au58...O1,3.251,Au-O,64,13,CHO,Au110_angelica_lactone.png
Au110_aniline,Au110,aniline,reasonable,2.438,Au-C,Au59...C2,2.438,Au-C,64,14,CHN,Au110_aniline.png
Au110_benzaldehyde,Au110,benzaldehyde,reasonable,2.438,Au-O,Au54...O1,2.438,Au-O,64,14,CHO,Au110_benzaldehyde.png
Au110_benzene,Au110,benzene,reasonable,2.842,Au-H,Au55...H1,2.909,Au-C,64,12,CH,Au110_benzene.png
Au110_butadiene,Au110,butadiene,reasonable,2.193,Au-C,Au54...C4,2.193,Au-C,64,10,CH,Au110_butadiene.png
Au110_butanal,Au110,butanal,reasonable,2.523,Au-O,Au58...O1,2.523,Au-O,64,13,CHO,Au110_butanal.png
Au110_butane,Au110,butane,borderline,3.03,Au-H,Au63...H8,3.691,Au-C,64,14,CH,Au110_butane.png
Au110_butyric_acid,Au110,butyric_acid,reasonable,2.617,Au-H,Au62...H8,2.623,Au-O,64,14,CHO,Au110_butyric_acid.png
Au110_caproic_acid,Au110,caproic_acid,reasonable,2.621,Au-H,Au51...H12,2.627,Au-O,64,20,CHO,Au110_caproic_acid.png
Au110_carbonate,Au110,carbonate,reasonable,2.208,Au-O,Au59...O3,2.208,Au-O,64,4,CO,Au110_carbonate.png
Au110_citric_acid,Au110,citric_acid,reasonable,2.563,Au-O,Au60...O2,2.563,Au-O,64,21,CHO,Au110_citric_acid.png
Au110_cyclobutanone,Au110,cyclobutanone,reasonable,2.949,Au-H,Au52...H2,3.271,Au-O,64,11,CHO,Au110_cyclobutanone.png
Au110_cyclohexanone,Au110,cyclohexanone,reasonable,2.711,Au-O,Au55...O1,2.711,Au-O,64,17,CHO,Au110_cyclohexanone.png
Au110_cyclopentanone,Au110,cyclopentanone,reasonable,2.801,Au-O,Au59...O1,2.801,Au-O,64,14,CHO,Au110_cyclopentanone.png
Au110_diethyl_ether,Au110,diethyl_ether,borderline,3.094,Au-H,Au60...H1,3.494,Au-O,64,15,CHO,Au110_diethyl_ether.png
Au110_dimethyl_succinate,Au110,dimethyl_succinate,reasonable,2.589,Au-H,Au59...H5,2.888,Au-O,64,17,CHO,Au110_dimethyl_succinate.png
Au110_ethane,Au110,ethane,reasonable,2.983,Au-H,Au54...H2,3.455,Au-C,64,8,CH,Au110_ethane.png
Au110_ethanol,Au110,ethanol,reasonable,2.643,Au-O,Au58...O1,2.643,Au-O,64,9,CHO,Au110_ethanol.png
Au110_ethene,Au110,ethene,reasonable,2.172,Au-C,Au63...C2,2.172,Au-C,64,6,CH,Au110_ethene.png
Au110_ethyl_acetate,Au110,ethyl_acetate,reasonable,2.838,Au-O,Au63...O2,2.838,Au-O,64,14,CHO,Au110_ethyl_acetate.png
Au110_ethylene,Au110,ethylene,reasonable,2.173,Au-C,Au58...C1,2.173,Au-C,64,6,CH,Au110_ethylene.png
Au110_ethylene_glycol,Au110,ethylene_glycol,reasonable,2.631,Au-H,Au60...H1,2.871,Au-O,64,10,CHO,Au110_ethylene_glycol.png
Au110_eugenol,Au110,eugenol,reasonable,2.248,Au-C,Au51...C1,2.248,Au-C,64,24,CHO,Au110_eugenol.png
Au110_formaldehyde,Au110,formaldehyde,reasonable,2.472,Au-H,Au58...H2,2.901,Au-O,64,4,CHO,Au110_formaldehyde.png
Au110_formate,Au110,formate,reasonable,2.261,Au-O,Au59...O1,2.261,Au-O,64,4,CHO,Au110_formate.png
Au110_formic_acid,Au110,formic_acid,reasonable,2.521,Au-H,Au54...H1,2.831,Au-O,64,5,CHO,Au110_formic_acid.png
Au110_furan,Au110,furan,reasonable,2.299,Au-C,Au63...C3,2.299,Au-C,64,9,CHO,Au110_furan.png
Au110_furfural,Au110,furfural,reasonable,2.253,Au-C,Au63...C3,2.253,Au-C,64,11,CHO,Au110_furfural.png
Au110_furfuryl_alcohol,Au110,furfuryl_alcohol,reasonable,2.656,Au-C,Au62...C3,2.656,Au-C,64,13,CHO,Au110_furfuryl_alcohol.png
Au110_gamma_butyrolactone,Au110,gamma_butyrolactone,reasonable,2.889,Au-O,Au59...O1,2.889,Au-O,64,12,CHO,Au110_gamma_butyrolactone.png
Au110_gamma_valerolactone,Au110,gamma_valerolactone,reasonable,2.721,Au-O,Au63...O1,2.721,Au-O,64,15,CHO,Au110_gamma_valerolactone.png
Au110_gluconic_acid,Au110,gluconic_acid,reasonable,2.989,Au-O,Au62...O2,2.989,Au-O,64,25,CHO,Au110_gluconic_acid.png
Au110_glutaric_acid,Au110,glutaric_acid,reasonable,2.653,Au-O,Au58...O2,2.653,Au-O,64,17,CHO,Au110_glutaric_acid.png
Au110_glycerol,Au110,glycerol,reasonable,2.741,Au-H,Au59...H3,3.176,Au-O,64,14,CHO,Au110_glycerol.png
Au110_glycolic_acid,Au110,glycolic_acid,reasonable,2.644,Au-H,Au50...H4,3.009,Au-O,64,9,CHO,Au110_glycolic_acid.png
Au110_glyoxal,Au110,glyoxal,reasonable,2.115,Au-H,Au63...H2,2.311,Au-O,64,6,CHO,Au110_glyoxal.png
Au110_guaiacol,Au110,guaiacol,borderline,3.277,Au-O,Au59...O2,3.277,Au-O,64,17,CHO,Au110_guaiacol.png
Au110_heptane,Au110,heptane,reasonable,2.979,Au-H,Au59...H13,3.776,Au-C,64,23,CH,Au110_heptane.png
Au110_heptene,Au110,heptene,reasonable,2.216,Au-C,Au62...C7,2.216,Au-C,64,21,CH,Au110_heptene.png
Au110_hexanal,Au110,hexanal,reasonable,2.972,Au-O,Au54...O1,2.972,Au-O,64,19,CHO,Au110_hexanal.png
Au110_hexane,Au110,hexane,borderline,3.1,Au-H,Au55...H4,3.993,Au-C,64,20,CH,Au110_hexane.png
Au110_hexene,Au110,hexene,reasonable,2.204,Au-C,Au62...C6,2.204,Au-C,64,18,CH,Au110_hexene.png
Au110_hydroquinone,Au110,hydroquinone,reasonable,2.671,Au-H,Au64...H4,3.611,Au-O,64,14,CHO,Au110_hydroquinone.png
Au110_hydroxyacetaldehyde,Au110,hydroxyacetaldehyde,reasonable,2.976,Au-H,Au58...H1,2.989,Au-O,64,8,CHO,Au110_hydroxyacetaldehyde.png
Au110_isobutane,Au110,isobutane,borderline,3.066,Au-H,Au59...H10,3.733,Au-C,64,14,CH,Au110_isobutane.png
Au110_isobutene,Au110,isobutene,reasonable,2.275,Au-C,Au55...C3,2.275,Au-C,64,12,CH,Au110_isobutene.png
Au110_isoeugenol,Au110,isoeugenol,borderline,3.565,Au-H,Au59...H8,3.571,Au-O,64,24,CHO,Au110_isoeugenol.png
Au110_isopentane,Au110,isopentane,borderline,3.08,Au-H,Au54...H9,3.693,Au-C,64,17,CH,Au110_isopentane.png
Au110_isoprene,Au110,isoprene,reasonable,2.199,Au-C,Au54...C3,2.199,Au-C,64,13,CH,Au110_isoprene.png
Au110_isopropanol,Au110,isopropanol,reasonable,2.55,Au-O,Au59...O1,2.55,Au-O,64,12,CHO,Au110_isopropanol.png
Au110_itaconic_acid,Au110,itaconic_acid,reasonable,2.262,Au-C,Au55...C4,2.262,Au-C,64,15,CHO,Au110_itaconic_acid.png
Au110_lactic_acid,Au110,lactic_acid,reasonable,2.636,Au-H,Au54...H6,3.217,Au-O,64,12,CHO,Au110_lactic_acid.png
Au110_levoglucosan,Au110,levoglucosan,reasonable,2.55,Au-H,Au55...H3,3.26,Au-O,64,21,CHO,Au110_levoglucosan.png
Au110_levulinic_acid,Au110,levulinic_acid,reasonable,2.586,Au-O,Au55...O2,2.586,Au-O,64,16,CHO,Au110_levulinic_acid.png
Au110_malic_acid,Au110,malic_acid,reasonable,2.518,Au-H,Au56...H1,2.546,Au-O,64,15,CHO,Au110_malic_acid.png
Au110_malonic_acid,Au110,malonic_acid,reasonable,2.639,Au-H,Au63...H4,2.779,Au-O,64,11,CHO,Au110_malonic_acid.png
Au110_methane,Au110,methane,reasonable,2.929,Au-H,Au54...H2,3.412,Au-C,64,5,CH,Au110_methane.png
Au110_methanol,Au110,methanol,reasonable,2.541,Au-O,Au59...O1,2.541,Au-O,64,6,CHO,Au110_methanol.png
Au110_methyl_formate,Au110,methyl_formate,borderline,3.248,Au-H,Au58...H1,3.606,Au-O,64,8,CHO,Au110_methyl_formate.png
Au110_methylcyclopentenolone,Au110,methylcyclopentenolone,reasonable,2.726,Au-H,Au56...H4,3.598,Au-O,64,16,CHO,Au110_methylcyclopentenolone.png
Au110_methylethylketone,Au110,methylethylketone,reasonable,2.373,Au-O,Au59...O1,2.373,Au-O,64,13,CHO,Au110_methylethylketone.png
Au110_methylmethacrylate,Au110,methylmethacrylate,reasonable,2.234,Au-C,Au50...C4,2.234,Au-C,64,15,CHO,Au110_methylmethacrylate.png
Au110_muconic_acid,Au110,muconic_acid,reasonable,2.331,Au-C,Au55...C2,2.331,Au-C,64,16,CHO,Au110_muconic_acid.png
Au110_naphthalene,Au110,naphthalene,reasonable,2.382,Au-C,Au62...C8,2.382,Au-C,64,18,CH,Au110_naphthalene.png
Au110_octane,Au110,octane,reasonable,2.927,Au-H,Au59...H8,3.65,Au-C,64,26,CH,Au110_octane.png
Au110_octene,Au110,octene,reasonable,2.217,Au-C,Au50...C8,2.217,Au-C,64,24,CH,Au110_octene.png
Au110_oxalic_acid,Au110,oxalic_acid,reasonable,2.687,Au-H,Au58...H2,3.4,Au-O,64,8,CHO,Au110_oxalic_acid.png
Au110_pentane,Au110,pentane,reasonable,2.941,Au-H,Au58...H9,3.688,Au-C,64,17,CH,Au110_pentane.png
Au110_pentanol,Au110,pentanol,reasonable,2.795,Au-H,Au59...H5,3.339,Au-O,64,18,CHO,Au110_pentanol.png
Au110_phenol,Au110,phenol,reasonable,2.585,Au-H,Au56...H1,3.568,Au-O,64,13,CHO,Au110_phenol.png
Au110_propanal,Au110,propanal,reasonable,2.754,Au-O,Au58...O1,2.754,Au-O,64,10,CHO,Au110_propanal.png
Au110_propane,Au110,propane,reasonable,2.914,Au-H,Au59...H6,3.57,Au-C,64,11,CH,Au110_propane.png
Au110_propanol,Au110,propanol,reasonable,2.563,Au-O,Au59...O1,2.563,Au-O,64,12,CHO,Au110_propanol.png
Au110_propene,Au110,propene,reasonable,2.218,Au-C,Au54...C3,2.218,Au-C,64,9,CH,Au110_propene.png
Au110_propionic_acid,Au110,propionic_acid,reasonable,2.49,Au-H,Au51...H6,2.533,Au-O,64,11,CHO,Au110_propionic_acid.png
Au110_propyl_syringol,Au110,propyl_syringol,borderline,3.22,Au-O,Au63...O2,3.22,Au-O,64,30,CHO,Au110_propyl_syringol.png
Au110_pyrrole,Au110,pyrrole,reasonable,2.396,Au-C,Au59...C1,2.396,Au-C,64,10,CHN,Au110_pyrrole.png
Au110_pyruvic_acid,Au110,pyruvic_acid,reasonable,2.676,Au-O,Au58...O2,2.676,Au-O,64,10,CHO,Au110_pyruvic_acid.png
Au110_sorbitol,Au110,sorbitol,reasonable,2.872,Au-H,Au54...H1,3.345,Au-O,64,26,CHO,Au110_sorbitol.png
Au110_styrene,Au110,styrene,reasonable,2.205,Au-C,Au62...C1,2.205,Au-C,64,16,CH,Au110_styrene.png
Au110_succinic_acid,Au110,succinic_acid,reasonable,2.512,Au-O,Au64...O3,2.512,Au-O,64,14,CHO,Au110_succinic_acid.png
Au110_syringaldehyde,Au110,syringaldehyde,reasonable,2.94,Au-H,Au58...H10,3.166,Au-O,64,23,CHO,Au110_syringaldehyde.png
Au110_syringol,Au110,syringol,reasonable,2.954,Au-H,Au59...H10,3.267,Au-O,64,21,CHO,Au110_syringol.png
Au110_tartaric_acid,Au110,tartaric_acid,reasonable,2.741,Au-H,Au54...H5,3.128,Au-O,64,16,CHO,Au110_tartaric_acid.png
Au110_thiophene,Au110,thiophene,reasonable,2.277,Au-C,Au60...C4,2.277,Au-C,64,9,CHS,Au110_thiophene.png
Au110_toluene,Au110,toluene,reasonable,2.826,Au-H,Au58...H5,2.94,Au-C,64,15,CH,Au110_toluene.png
Au110_valeraldehyde,Au110,valeraldehyde,reasonable,2.448,Au-H,Au59...H10,2.952,Au-O,64,16,CHO,Au110_valeraldehyde.png
Au110_valeric_acid,Au110,valeric_acid,reasonable,2.46,Au-H,Au62...H10,2.606,Au-O,64,17,CHO,Au110_valeric_acid.png
Au110_vanillin,Au110,vanillin,borderline,3.165,Au-H,Au63...H8,3.331,Au-O,64,19,CHO,Au110_vanillin.png
Au110_xylene,Au110,xylene,borderline,3.179,Au-H,Au63...H4,3.593,Au-C,64,18,CH,Au110_xylene.png
Au110_xylitol,Au110,xylitol,reasonable,2.877,Au-H,Au59...H9,3.406,Au-O,64,22,CHO,Au110_xylitol.png
"Au111_1,6-anhydroglucofuranose",Au111,"1,6-anhydroglucofuranose",reasonable,2.993,Au-H,Au32...H1,3.73,Au-O,36,17,CHO,"Au111_1,6-anhydroglucofuranose.png"
Au111_1-butanol,Au111,1-butanol,reasonable,2.903,Au-H,Au29...H7,3.871,Au-O,36,15,CHO,Au111_1-butanol.png
Au111_1-butene,Au111,1-butene,borderline,3.301,Au-H,Au33...H7,3.491,Au-C,36,12,CH,Au111_1-butene.png
Au111_1-pentene,Au111,1-pentene,borderline,3.117,Au-H,Au33...H5,3.336,Au-C,36,15,CH,Au111_1-pentene.png
Au111_2-butanol,Au111,2-butanol,reasonable,2.941,Au-H,Au28...H5,3.602,Au-O,36,15,CHO,Au111_2-butanol.png
Au111_2-butene,Au111,2-butene,borderline,3.179,Au-H,Au35...H4,3.853,Au-C,36,12,CH,Au111_2-butene.png
Au111_2-ethylphenol,Au111,2-ethylphenol,reasonable,2.679,Au-H,Au31...H10,3.658,Au-O,36,19,CHO,Au111_2-ethylphenol.png
Au111_2-furanone,Au111,2-furanone,reasonable,2.985,Au-H,Au29...H1,3.615,Au-C,36,10,CHO,Au111_2-furanone.png
Au111_2-heptanone,Au111,2-heptanone,borderline,3.113,Au-H,Au35...H8,4.076,Au-C,36,22,CHO,Au111_2-heptanone.png
Au111_2-hexanone,Au111,2-hexanone,detached,3.867,Au-H,Au28...H6,4.829,Au-C,36,19,CHO,Au111_2-hexanone.png
Au111_2-pentanone,Au111,2-pentanone,borderline,3.068,Au-H,Au29...H5,3.45,Au-O,36,16,CHO,Au111_2-pentanone.png
Au111_3-MTHF,Au111,3-MTHF,reasonable,2.996,Au-H,Au29...H4,3.825,Au-O,36,16,CHO,Au111_3-MTHF.png
Au111_3-hydroxypropionic_acid,Au111,3-hydroxypropionic_acid,borderline,3.369,Au-H,Au31...H6,3.799,Au-O,36,12,CHO,Au111_3-hydroxypropionic_acid.png
Au111_4-methylguaiacol,Au111,4-methylguaiacol,borderline,3.344,Au-H,Au34...H6,3.896,Au-O,36,20,CHO,Au111_4-methylguaiacol.png
Au111_5-HMF,Au111,5-HMF,borderline,3.154,Au-H,Au35...H5,3.349,Au-C,36,15,CHO,Au111_5-HMF.png
Au111_5-heptanone,Au111,5-heptanone,borderline,3.084,Au-H,Au33...H6,4.035,Au-C,36,22,CHO,Au111_5-heptanone.png
Au111_5-methylfurfural,Au111,5-methylfurfural,borderline,3.185,Au-H,Au29...H5,3.712,Au-C,36,14,CHO,Au111_5-methylfurfural.png
Au111_CH2,Au111,CH2,reasonable,2.088,Au-C,Au35...C1,2.088,Au-C,36,3,CH,Au111_CH2.png
Au111_CH3,Au111,CH3,reasonable,2.114,Au-C,Au31...C1,2.114,Au-C,36,4,CH,Au111_CH3.png
Au111_CH4,Au111,CH4,borderline,3.207,Au-H,Au32...H1,3.853,Au-C,36,5,CH,Au111_CH4.png
Au111_CO,Au111,CO,reasonable,2.229,Au-C,Au35...C1,2.229,Au-C,36,2,CO,Au111_CO.png
Au111_CO2,Au111,CO2,detached,3.641,Au-C,Au59...C1,3.641,Au-C,64,3,CO,Au111_CO2.png
Au111_D-fructofuranose,Au111,D-fructofuranose,reasonable,2.689,Au-H,Au35...H10,3.618,Au-O,36,20,CHO,Au111_D-fructofuranose.png
Au111_D-xylopyranose,Au111,D-xylopyranose,reasonable,2.97,Au-H,Au32...H9,3.544,Au-O,36,20,CHO,Au111_D-xylopyranose.png
Au111_DME,Au111,DME,borderline,3.412,Au-O,Au35...O1,3.412,Au-O,36,9,CHO,Au111_DME.png
Au111_DMSO,Au111,DMSO,reasonable,2.692,Au-S,Au35...S1,2.692,Au-S,36,10,CHOS,Au111_DMSO.png
Au111_H2,Au111,H2,reasonable,2.812,Au-H,Au35...H1,,,36,2,H,Au111_H2.png
Au111_H2O,Au111,H2O,reasonable,2.893,Au-H,Au29...H2,3.7,Au-O,36,3,HO,Au111_H2O.png
Au111_H2S,Au111,H2S,reasonable,2.812,Au-H,Au33...H2,3.641,Au-S,36,3,HS,Au111_H2S.png
Au111_HCO,Au111,HCO,reasonable,2.992,Au-H,Au33...H1,3.295,Au-O,36,4,CHO,Au111_HCO.png
Au111_N2,Au111,N2,detached,4.215,Au-N,Au36...N1,4.215,Au-N,36,2,N,Au111_N2.png
Au111_NH3,Au111,NH3,borderline,3.179,Au-H,Au35...H1,3.643,Au-N,36,4,HN,Au111_NH3.png
Au111_NO,Au111,NO,reasonable,2.212,Au-N,Au35...N1,2.212,Au-N,36,2,NO,Au111_NO.png
Au111_NO2,Au111,NO2,reasonable,2.406,Au-O,Au33...O2,2.406,Au-O,36,3,NO,Au111_NO2.png
Au111_O2,Au111,O2,detached,4.261,Au-O,Au29...O2,4.261,Au-O,36,2,O,Au111_O2.png
Au111_SO2,Au111,SO2,borderline,3.476,Au-S,Au31...S1,3.476,Au-S,36,3,OS,Au111_SO2.png
Au111_THF,Au111,THF,borderline,3.059,Au-H,Au33...H5,4.008,Au-C,36,13,CHO,Au111_THF.png
Au111_acetal,Au111,acetal,borderline,3.252,Au-H,Au30...H2,4.208,Au-C,36,22,CHO,Au111_acetal.png
Au111_acetaldehyde,Au111,acetaldehyde,reasonable,2.953,Au-O,Au34...O1,2.953,Au-O,36,7,CHO,Au111_acetaldehyde.png
Au111_acetic_acid,Au111,acetic_acid,reasonable,2.621,Au-H,Au32...H4,2.86,Au-O,36,8,CHO,Au111_acetic_acid.png
Au111_acetone,Au111,acetone,reasonable,2.817,Au-O,Au31...O1,2.817,Au-O,36,10,CHO,Au111_acetone.png
Au111_acetophenone,Au111,acetophenone,borderline,3.269,Au-H,Au30...H5,3.691,Au-C,36,17,CHO,Au111_acetophenone.png
Au111_alpha-D-glucopyranose,Au111,alpha-D-glucopyranose,reasonable,2.669,Au-H,Au33...H10,3.584,Au-O,36,24,CHO,Au111_alpha-D-glucopyranose.png
Au111_angelica_lactone,Au111,angelica_lactone,borderline,3.536,Au-H,Au33...H5,4.531,Au-C,36,13,CHO,Au111_angelica_lactone.png
Au111_aniline,Au111,aniline,borderline,3.021,Au-H,Au30...H1,3.659,Au-N,36,14,CHN,Au111_aniline.png
Au111_benzaldehyde,Au111,benzaldehyde,borderline,3.262,Au-H,Au28...H5,3.954,Au-C,36,14,CHO,Au111_benzaldehyde.png
Au111_benzene,Au111,benzene,borderline,3.335,Au-H,Au28...H6,3.686,Au-C,36,12,CH,Au111_benzene.png
Au111_butadiene,Au111,butadiene,borderline,3.212,Au-C,Au34...C4,3.212,Au-C,36,10,CH,Au111_butadiene.png
Au111_butanal,Au111,butanal,reasonable,2.991,Au-H,Au32...H4,3.451,Au-O,36,13,CHO,Au111_butanal.png
Au111_butane,Au111,butane,borderline,3.212,Au-H,Au35...H4,4.083,Au-C,36,14,CH,Au111_butane.png
Au111_butyric_acid,Au111,butyric_acid,borderline,3.33,Au-H,Au34...H8,3.811,Au-O,36,14,CHO,Au111_butyric_acid.png
Au111_caproic_acid,Au111,caproic_acid,borderline,3.001,Au-O,Au28...O1,3.001,Au-O,36,20,CHO,Au111_caproic_acid.png
Au111_carbonate,Au111,carbonate,reasonable,2.177,Au-O,Au35...O1,2.177,Au-O,36,4,CO,Au111_carbonate.png
Au111_citric_acid,Au111,citric_acid,borderline,3.031,Au-H,Au31...H8,3.703,Au-O,36,21,CHO,Au111_citric_acid.png
Au111_cyclobutanone,Au111,cyclobutanone,borderline,3.064,Au-H,Au31...H4,3.874,Au-C,36,11,CHO,Au111_cyclobutanone.png
Au111_cyclohexanone,Au111,cyclohexanone,reasonable,2.951,Au-H,Au35...H8,4.041,Au-C,36,17,CHO,Au111_cyclohexanone.png
Au111_cyclopentanone,Au111,cyclopentanone,borderline,3.127,Au-H,Au32...H1,3.895,Au-C,36,14,CHO,Au111_cyclopentanone.png
Au111_diethyl_ether,Au111,diethyl_ether,borderline,3.247,Au-H,Au28...H2,4.137,Au-O,36,15,CHO,Au111_diethyl_ether.png
Au111_dimethyl_succinate,Au111,dimethyl_succinate,borderline,3.457,Au-H,Au33...H4,4.295,Au-O,36,17,CHO,Au111_dimethyl_succinate.png
Au111_ethane,Au111,ethane,borderline,3.139,Au-H,Au31...H6,3.88,Au-C,36,8,CH,Au111_ethane.png
Au111_ethanol,Au111,ethanol,borderline,3.132,Au-O,Au32...O1,3.132,Au-O,36,9,CHO,Au111_ethanol.png
Au111_ethene,Au111,ethene,borderline,3.367,Au-H,Au50...H3,3.581,Au-C,64,6,CH,Au111_ethene.png
Au111_ethyl_acetate,Au111,ethyl_acetate,detached,3.66,Au-H,Au30...H3,4.425,Au-C,36,14,CHO,Au111_ethyl_acetate.png
Au111_ethylene,Au111,ethylene,borderline,3.431,Au-H,Au33...H1,3.631,Au-C,36,6,CH,Au111_ethylene.png
Au111_ethylene_glycol,Au111,ethylene_glycol,reasonable,2.725,Au-H,Au31...H1,3.653,Au-O,36,10,CHO,Au111_ethylene_glycol.png
Au111_eugenol,Au111,eugenol,borderline,3.124,Au-H,Au35...H8,3.801,Au-O,36,24,CHO,Au111_eugenol.png
Au111_formaldehyde,Au111,formaldehyde,reasonable,2.976,Au-H,Au31...H2,3.352,Au-O,36,4,CHO,Au111_formaldehyde.png
Au111_formate,Au111,formate,reasonable,2.32,Au-O,Au36...O2,2.32,Au-O,36,4,CHO,Au111_formate.png
Au111_formic_acid,Au111,formic_acid,reasonable,2.651,Au-H,Au31...H1,3.287,Au-O,36,5,CHO,Au111_formic_acid.png
Au111_furan,Au111,furan,borderline,3.24,Au-H,Au29...H2,3.333,Au-C,36,9,CHO,Au111_furan.png
Au111_furfural,Au111,furfural,borderline,3.137,Au-H,Au33...H3,3.544,Au-C,36,11,CHO,Au111_furfural.png
Au111_furfuryl_alcohol,Au111,furfuryl_alcohol,reasonable,2.886,Au-H,Au30...H1,3.285,Au-C,36,13,CHO,Au111_furfuryl_alcohol.png
Au111_gamma_butyrolactone,Au111,gamma_butyrolactone,borderline,3.162,Au-H,Au32...H3,3.973,Au-C,36,12,CHO,Au111_gamma_butyrolactone.png
Au111_gamma_valerolactone,Au111,gamma_valerolactone,borderline,3.085,Au-H,Au31...H5,3.999,Au-C,36,15,CHO,Au111_gamma_valerolactone.png
Au111_gluconic_acid,Au111,gluconic_acid,borderline,3.003,Au-H,Au29...H7,3.365,Au-O,36,25,CHO,Au111_gluconic_acid.png
Au111_glutaric_acid,Au111,glutaric_acid,borderline,3.1,Au-H,Au34...H3,3.916,Au-O,36,17,CHO,Au111_glutaric_acid.png
Au111_glycerol,Au111,glycerol,reasonable,2.68,Au-H,Au64...H1,3.451,Au-O,64,14,CHO,Au111_glycerol.png
Au111_glycolic_acid,Au111,glycolic_acid,reasonable,2.747,Au-H,Au29...H4,3.663,Au-O,36,9,CHO,Au111_glycolic_acid.png
Au111_glyoxal,Au111,glyoxal,reasonable,2.519,Au-H,Au28...H2,2.966,Au-O,36,6,CHO,Au111_glyoxal.png
Au111_guaiacol,Au111,guaiacol,borderline,3.297,Au-H,Au35...H8,3.898,Au-O,36,17,CHO,Au111_guaiacol.png
Au111_heptane,Au111,heptane,borderline,3.114,Au-H,Au32...H4,3.961,Au-C,36,23,CH,Au111_heptane.png
Au111_heptene,Au111,heptene,borderline,3.24,Au-H,Au32...H11,3.246,Au-C,36,21,CH,Au111_heptene.png
Au111_hexanal,Au111,hexanal,borderline,3.007,Au-H,Au29...H12,3.899,Au-C,36,19,CHO,Au111_hexanal.png
Au111_hexane,Au111,hexane,borderline,3.225,Au-H,Au28...H14,4.054,Au-C,36,20,CH,Au111_hexane.png
Au111_hexene,Au111,hexene,borderline,3.22,Au-H,Au35...H4,3.662,Au-C,36,18,CH,Au111_hexene.png
Au111_hydroquinone,Au111,hydroquinone,borderline,3.218,Au-H,Au30...H3,3.705,Au-C,36,14,CHO,Au111_hydroquinone.png
Au111_hydroxyacetaldehyde,Au111,hydroxyacetaldehyde,borderline,3.169,Au-H,Au32...H1,3.24,Au-O,36,8,CHO,Au111_hydroxyacetaldehyde.png
Au111_isobutane,Au111,isobutane,reasonable,2.929,Au-H,Au33...H4,3.969,Au-C,36,14,CH,Au111_isobutane.png
Au111_isobutene,Au111,isobutene,borderline,3.381,Au-C,Au34...C3,3.381,Au-C,36,12,CH,Au111_isobutene.png
Au111_isoeugenol,Au111,isoeugenol,borderline,3.177,Au-H,Au28...H8,3.828,Au-O,36,24,CHO,Au111_isoeugenol.png
Au111_isopentane,Au111,isopentane,borderline,3.077,Au-H,Au28...H6,4.055,Au-C,36,17,CH,Au111_isopentane.png
Au111_isoprene,Au111,isoprene,borderline,3.221,Au-H,Au29...H4,3.477,Au-C,36,13,CH,Au111_isoprene.png
Au111_isopropanol,Au111,isopropanol,borderline,3.09,Au-H,Au31...H8,3.229,Au-O,36,12,CHO,Au111_isopropanol.png
Au111_itaconic_acid,Au111,itaconic_acid,borderline,3.342,Au-H,Au29...H4,4.011,Au-C,36,15,CHO,Au111_itaconic_acid.png
Au111_lactic_acid,Au111,lactic_acid,reasonable,2.878,Au-H,Au34...H5,3.705,Au-O,36,12,CHO,Au111_lactic_acid.png
Au111_levoglucosan,Au111,levoglucosan,reasonable,2.932,Au-H,Au33...H4,3.778,Au-O,36,21,CHO,Au111_levoglucosan.png
Au111_levulinic_acid,Au111,levulinic_acid,borderline,3.089,Au-H,Au30...H6,3.902,Au-O,36,16,CHO,Au111_levulinic_acid.png
Au111_malic_acid,Au111,malic_acid,reasonable,2.807,Au-H,Au34...H6,3.566,Au-O,36,15,CHO,Au111_malic_acid.png
Au111_malonic_acid,Au111,malonic_acid,detached,3.914,Au-O,Au34...O4,3.914,Au-O,36,11,CHO,Au111_malonic_acid.png
Au111_methane,Au111,methane,borderline,3.207,Au-H,Au32...H1,3.853,Au-C,36,5,CH,Au111_methane.png
Au111_methanol,Au111,methanol,reasonable,2.844,Au-H,Au35...H2,3.718,Au-O,36,6,CHO,Au111_methanol.png
Au111_methyl_formate,Au111,methyl_formate,borderline,3.294,Au-H,Au33...H4,3.818,Au-O,36,8,CHO,Au111_methyl_formate.png
Au111_methylcyclopentenolone,Au111,methylcyclopentenolone,detached,3.87,Au-H,Au34...H5,4.84,Au-C,36,16,CHO,Au111_methylcyclopentenolone.png
Au111_methylethylketone,Au111,methylethylketone,reasonable,2.936,Au-O,Au32...O1,2.936,Au-O,36,13,CHO,Au111_methylethylketone.png
Au111_methylmethacrylate,Au111,methylmethacrylate,borderline,3.453,Au-H,Au29...H4,3.546,Au-C,36,15,CHO,Au111_methylmethacrylate.png
Au111_muconic_acid,Au111,muconic_acid,borderline,3.296,Au-H,Au32...H1,3.802,Au-O,36,16,CHO,Au111_muconic_acid.png
Au111_naphthalene,Au111,naphthalene,borderline,3.159,Au-H,Au34...H7,3.996,Au-C,36,18,CH,Au111_naphthalene.png
Au111_octane,Au111,octane,borderline,3.061,Au-H,Au28...H9,4.048,Au-C,36,26,CH,Au111_octane.png
Au111_octene,Au111,octene,borderline,3.176,Au-H,Au32...H7,4.117,Au-C,36,24,CH,Au111_octene.png
Au111_oxalic_acid,Au111,oxalic_acid,detached,3.734,Au-H,Au33...H2,3.904,Au-C,36,8,CHO,Au111_oxalic_acid.png
Au111_pentane,Au111,pentane,borderline,3.125,Au-H,Au32...H8,4.098,Au-C,36,17,CH,Au111_pentane.png
Au111_pentanol,Au111,pentanol,reasonable,2.945,Au-H,Au34...H12,3.788,Au-O,36,18,CHO,Au111_pentanol.png
Au111_phenol,Au111,phenol,reasonable,2.792,Au-H,Au34...H1,3.75,Au-O,36,13,CHO,Au111_phenol.png
Au111_propanal,Au111,propanal,borderline,3.127,Au-H,Au29...H2,3.183,Au-O,36,10,CHO,Au111_propanal.png
Au111_propane,Au111,propane,borderline,3.025,Au-H,Au32...H4,3.973,Au-C,36,11,CH,Au111_propane.png
Au111_propanol,Au111,propanol,borderline,3.047,Au-O,Au31...O1,3.047,Au-O,36,12,CHO,Au111_propanol.png
Au111_propene,Au111,propene,borderline,3.28,Au-H,Au34...H5,3.482,Au-C,36,9,CH,Au111_propene.png
Au111_propionic_acid,Au111,propionic_acid,reasonable,2.735,Au-H,Au36...H6,2.915,Au-O,36,11,CHO,Au111_propionic_acid.png
Au111_propyl_syringol,Au111,propyl_syringol,borderline,3.134,Au-H,Au33...H12,3.766,Au-C,36,30,CHO,Au111_propyl_syringol.png
Au111_pyrrole,Au111,pyrrole,reasonable,2.617,Au-H,Au29...H4,3.574,Au-N,36,10,CHN,Au111_pyrrole.png
Au111_pyruvic_acid,Au111,pyruvic_acid,borderline,3.295,Au-H,Au28...H4,3.601,Au-O,36,10,CHO,Au111_pyruvic_acid.png
Au111_sorbitol,Au111,sorbitol,borderline,3.02,Au-H,Au31...H11,3.692,Au-O,36,26,CHO,Au111_sorbitol.png
Au111_styrene,Au111,styrene,borderline,3.146,Au-H,Au31...H8,3.859,Au-C,36,16,CH,Au111_styrene.png
Au111_succinic_acid,Au111,succinic_acid,borderline,3.43,Au-H,Au32...H2,3.825,Au-O,36,14,CHO,Au111_succinic_acid.png
Au111_syringaldehyde,Au111,syringaldehyde,borderline,3.181,Au-H,Au32...H7,4.056,Au-C,36,23,CHO,Au111_syringaldehyde.png
Au111_syringol,Au111,syringol,reasonable,2.983,Au-H,Au32...H10,3.72,Au-O,36,21,CHO,Au111_syringol.png
Au111_tartaric_acid,Au111,tartaric_acid,reasonable,2.992,Au-H,Au29...H5,3.559,Au-O,36,16,CHO,Au111_tartaric_acid.png
Au111_thiophene,Au111,thiophene,borderline,3.207,Au-H,Au35...H1,3.371,Au-C,36,9,CHS,Au111_thiophene.png
Au111_toluene,Au111,toluene,borderline,3.242,Au-H,Au30...H6,3.605,Au-C,36,15,CH,Au111_toluene.png
Au111_valeraldehyde,Au111,valeraldehyde,borderline,3.269,Au-H,Au33...H1,3.343,Au-O,36,16,CHO,Au111_valeraldehyde.png
Au111_valeric_acid,Au111,valeric_acid,borderline,3.259,Au-H,Au29...H10,3.816,Au-O,36,17,CHO,Au111_valeric_acid.png
Au111_vanillin,Au111,vanillin,borderline,3.235,Au-H,Au33...H3,4.018,Au-C,36,19,CHO,Au111_vanillin.png
Au111_xylene,Au111,xylene,borderline,3.286,Au-H,Au36...H5,4.079,Au-C,36,18,CH,Au111_xylene.png
Au111_xylitol,Au111,xylitol,borderline,3.166,Au-O,Au34...O4,3.166,Au-O,36,22,CHO,Au111_xylitol.png
"Co0001_1,6-anhydroglucofuranose",Co0001,"1,6-anhydroglucofuranose",detached,3.932,Co-H,Co58...H5,4.371,Co-C,64,17,CHO,"Co0001_1,6-anhydroglucofuranose.png"
Co0001_1-butanol,Co0001,1-butanol,reasonable,2.579,Co-H,Co59...H7,3.682,Co-C,64,15,CHO,Co0001_1-butanol.png
Co0001_1-butene,Co0001,1-butene,reasonable,2.543,Co-H,Co62...H3,3.206,Co-C,64,12,CH,Co0001_1-butene.png
Co0001_1-pentene,Co0001,1-pentene,reasonable,2.45,Co-H,Co59...H4,3.236,Co-C,64,15,CH,Co0001_1-pentene.png
Co0001_2-butanol,Co0001,2-butanol,reasonable,2.67,Co-H,Co54...H6,3.751,Co-C,64,15,CHO,Co0001_2-butanol.png
Co0001_2-butene,Co0001,2-butene,borderline,3.325,Co-H,Co62...H8,3.421,Co-C,64,12,CH,Co0001_2-butene.png
Co0001_2-ethylphenol,Co0001,2-ethylphenol,reasonable,2.698,Co-H,Co53...H4,3.75,Co-C,64,19,CHO,Co0001_2-ethylphenol.png
Co0001_2-furanone,Co0001,2-furanone,borderline,3.268,Co-H,Co63...H2,3.946,Co-C,64,10,CHO,Co0001_2-furanone.png
Co0001_2-heptanone,Co0001,2-heptanone,reasonable,2.462,Co-H,Co63...H10,3.571,Co-C,64,22,CHO,Co0001_2-heptanone.png
Co0001_2-hexanone,Co0001,2-hexanone,reasonable,2.365,Co-H,Co58...H8,3.466,Co-C,64,19,CHO,Co0001_2-hexanone.png
Co0001_2-pentanone,Co0001,2-pentanone,reasonable,2.814,Co-H,Co58...H7,3.818,Co-C,64,16,CHO,Co0001_2-pentanone.png
Co0001_3-MTHF,Co0001,3-MTHF,reasonable,2.981,Co-H,Co58...H6,3.926,Co-C,64,16,CHO,Co0001_3-MTHF.png
Co0001_3-hydroxypropionic_acid,Co0001,3-hydroxypropionic_acid,detached,3.817,Co-H,Co53...H3,4.565,Co-C,64,12,CHO,Co0001_3-hydroxypropionic_acid.png
Co0001_4-methylguaiacol,Co0001,4-methylguaiacol,borderline,3.501,Co-H,Co52...H1,4.101,Co-C,64,20,CHO,Co0001_4-methylguaiacol.png
Co0001_5-HMF,Co0001,5-HMF,borderline,3.06,Co-H,Co60...H4,3.996,Co-C,64,15,CHO,Co0001_5-HMF.png
Co0001_5-heptanone,Co0001,5-heptanone,reasonable,2.44,Co-H,Co62...H4,3.537,Co-C,64,22,CHO,Co0001_5-heptanone.png
Co0001_5-methylfurfural,Co0001,5-methylfurfural,borderline,3.333,Co-H,Co55...H5,4.338,Co-C,64,14,CHO,Co0001_5-methylfurfural.png
Co0001_CH2,Co0001,CH2,reasonable,1.632,Co-H,Co53...H1,1.942,Co-C,64,3,CH,Co0001_CH2.png
Co0001_CH3,Co0001,CH3,reasonable,2.032,Co-H,Co59...H1,2.135,Co-C,64,4,CH,Co0001_CH3.png
Co0001_CH4,Co0001,CH4,borderline,3.166,Co-H,Co58...H4,3.584,Co-C,64,5,CH,Co0001_CH4.png
Co0001_CO,Co0001,CO,detached,5.375,Co-C,Co62...C1,5.375,Co-C,64,2,CO,Co0001_CO.png
Co0001_CO2,Co0001,CO2,detached,5.872,Co-C,Co59...C1,5.872,Co-C,64,3,CO,Co0001_CO2.png
Co0001_D-fructofuranose,Co0001,D-fructofuranose,detached,4.064,Co-H,Co62...H5,4.731,Co-C,64,20,CHO,Co0001_D-fructofuranose.png
Co0001_D-xylopyranose,Co0001,D-xylopyranose,detached,4.442,Co-H,Co60...H7,5.4,Co-C,64,20,CHO,Co0001_D-xylopyranose.png
Co0001_DME,Co0001,DME,detached,3.657,Co-H,Co59...H5,4.089,Co-C,64,9,CHO,Co0001_DME.png
Co0001_DMSO,Co0001,DMSO,borderline,3.188,Co-H,Co54...H5,3.801,Co-C,64,10,CHOS,Co0001_DMSO.png
Co0001_H2,Co0001,H2,reasonable,2.835,Co-H,Co58...H2,,,64,2,H,Co0001_H2.png
Co0001_H2O,Co0001,H2O,detached,5.233,Co-H,Co62...H2,5.969,Co-O,64,3,HO,Co0001_H2O.png
Co0001_H2S,Co0001,H2S,reasonable,1.71,Co-H,Co62...H1,2.136,Co-S,64,3,HS,Co0001_H2S.png
Co0001_HCO,Co0001,HCO,detached,4.056,Co-H,Co61...H2,4.788,Co-C,64,4,CHO,Co0001_HCO.png
Co0001_N2,Co0001,N2,reasonable,1.807,Co-N,Co58...N1,1.807,Co-N,64,2,N,Co0001_N2.png
Co0001_NH3,Co0001,NH3,reasonable,2.068,Co-N,Co59...N1,2.068,Co-N,64,4,HN,Co0001_NH3.png
Co0001_NO,Co0001,NO,detached,6.023,Co-N,Co58...N1,6.023,Co-N,64,2,NO,Co0001_NO.png
Co0001_NO2,Co0001,NO2,detached,5.789,Co-N,Co54...N1,5.789,Co-N,64,3,NO,Co0001_NO2.png
Co0001_O2,Co0001,O2,detached,5.995,Co-O,Co59...O2,5.995,Co-O,64,2,O,Co0001_O2.png
Co0001_SO2,Co0001,SO2,detached,5.42,Co-S,Co62...S1,5.42,Co-S,64,3,OS,Co0001_SO2.png
Co0001_THF,Co0001,THF,reasonable,2.602,Co-H,Co62...H3,3.675,Co-C,64,13,CHO,Co0001_THF.png
Co0001_acetal,Co0001,acetal,reasonable,2.866,Co-H,Co55...H12,3.823,Co-C,64,22,CHO,Co0001_acetal.png
Co0001_acetaldehyde,Co0001,acetaldehyde,borderline,3.426,Co-H,Co59...H2,3.85,Co-C,64,7,CHO,Co0001_acetaldehyde.png
Co0001_acetic_acid,Co0001,acetic_acid,borderline,3.52,Co-H,Co61...H2,3.873,Co-C,64,8,CHO,Co0001_acetic_acid.png
Co0001_acetone,Co0001,acetone,borderline,3.194,Co-H,Co62...H6,3.81,Co-C,64,10,CHO,Co0001_acetone.png
Co0001_acetophenone,Co0001,acetophenone,reasonable,2.984,Co-H,Co52...H2,3.852,Co-C,64,17,CHO,Co0001_acetophenone.png
Co0001_alpha-D-glucopyranose,Co0001,alpha-D-glucopyranose,detached,4.345,Co-H,Co54...H4,5.383,Co-C,64,24,CHO,Co0001_alpha-D-glucopyranose.png
Co0001_angelica_lactone,Co0001,angelica_lactone,borderline,3.245,Co-H,Co55...H4,3.918,Co-C,64,13,CHO,Co0001_angelica_lactone.png
Co0001_aniline,Co0001,aniline,borderline,3.192,Co-H,Co59...H1,3.408,Co-N,64,14,CHN,Co0001_aniline.png
Co0001_benzaldehyde,Co0001,benzaldehyde,borderline,3.01,Co-H,Co53...H5,3.692,Co-C,64,14,CHO,Co0001_benzaldehyde.png
Co0001_benzene,Co0001,benzene,reasonable,2.035,Co-H,Co58...H5,2.064,Co-C,64,12,CH,Co0001_benzene.png
Co0001_butadiene,Co0001,butadiene,reasonable,1.79,Co-H,Co53...H4,1.967,Co-C,64,10,CH,Co0001_butadiene.png
Co0001_butanal,Co0001,butanal,reasonable,2.362,Co-H,Co63...H4,3.47,Co-C,64,13,CHO,Co0001_butanal.png
Co0001_butane,Co0001,butane,reasonable,2.33,Co-H,Co59...H4,3.436,Co-C,64,14,CH,Co0001_butane.png
Co0001_butyric_acid,Co0001,butyric_acid,reasonable,2.565,Co-H,Co59...H4,3.649,Co-C,64,14,CHO,Co0001_butyric_acid.png
Co0001_caproic_acid,Co0001,caproic_acid,reasonable,2.434,Co-H,Co54...H5,3.518,Co-C,64,20,CHO,Co0001_caproic_acid.png
Co0001_carbonate,Co0001,carbonate,detached,5.884,Co-C,Co62...C1,5.884,Co-C,64,4,CO,Co0001_carbonate.png
Co0001_citric_acid,Co0001,citric_acid,detached,4.649,Co-H,Co62...H5,5.503,Co-C,64,21,CHO,Co0001_citric_acid.png
Co0001_cyclobutanone,Co0001,cyclobutanone,borderline,3.327,Co-H,Co62...H4,3.711,Co-C,64,11,CHO,Co0001_cyclobutanone.png
Co0001_cyclohexanone,Co0001,cyclohexanone,reasonable,2.4,Co-H,Co50...H6,3.515,Co-C,64,17,CHO,Co0001_cyclohexanone.png
Co0001_cyclopentanone,Co0001,cyclopentanone,reasonable,2.485,Co-H,Co62...H3,3.578,Co-C,64,14,CHO,Co0001_cyclopentanone.png
Co0001_diethyl_ether,Co0001,diethyl_ether,borderline,3.353,Co-H,Co62...H9,4.056,Co-C,64,15,CHO,Co0001_diethyl_ether.png
Co0001_dimethyl_succinate,Co0001,dimethyl_succinate,detached,4.531,Co-H,Co62...H5,5.394,Co-C,64,17,CHO,Co0001_dimethyl_succinate.png
Co0001_ethane,Co0001,ethane,reasonable,2.457,Co-H,Co50...H6,3.515,Co-C,64,8,CH,Co0001_ethane.png
Co0001_ethanol,Co0001,ethanol,borderline,3.271,Co-H,Co60...H6,4.124,Co-C,64,9,CHO,Co0001_ethanol.png
Co0001_ethene,Co0001,ethene,reasonable,2.032,Co-C,Co55...C1,2.032,Co-C,64,6,CH,Co0001_ethene.png
Co0001_ethyl_acetate,Co0001,ethyl_acetate,borderline,3.583,Co-H,Co54...H3,4.111,Co-C,64,14,CHO,Co0001_ethyl_acetate.png
Co0001_ethylene,Co0001,ethylene,reasonable,1.923,Co-H,Co62...H2,1.992,Co-C,64,6,CH,Co0001_ethylene.png
Co0001_ethylene_glycol,Co0001,ethylene_glycol,detached,3.723,Co-H,Co59...H4,4.629,Co-C,64,10,CHO,Co0001_ethylene_glycol.png
Co0001_eugenol,Co0001,eugenol,reasonable,2.753,Co-C,Co49...C1,2.753,Co-C,64,24,CHO,Co0001_eugenol.png
Co0001_formaldehyde,Co0001,formaldehyde,detached,4.056,Co-H,Co63...H1,4.788,Co-C,64,4,CHO,Co0001_formaldehyde.png
Co0001_formate,Co0001,formate,detached,4.404,Co-H,Co58...H1,5.506,Co-C,64,4,CHO,Co0001_formate.png
Co0001_formic_acid,Co0001,formic_acid,detached,4.415,Co-H,Co61...H2,5.456,Co-C,64,5,CHO,Co0001_formic_acid.png
Co0001_furan,Co0001,furan,reasonable,2.631,Co-H,Co54...H1,3.649,Co-C,64,9,CHO,Co0001_furan.png
Co0001_furfural,Co0001,furfural,reasonable,2.884,Co-H,Co62...H3,3.793,Co-C,64,11,CHO,Co0001_furfural.png
Co0001_furfuryl_alcohol,Co0001,furfuryl_alcohol,borderline,3.189,Co-H,Co61...H5,3.903,Co-C,64,13,CHO,Co0001_furfuryl_alcohol.png
Co0001_gamma_butyrolactone,Co0001,gamma_butyrolactone,borderline,3.175,Co-H,Co58...H4,3.771,Co-C,64,12,CHO,Co0001_gamma_butyrolactone.png
Co0001_gamma_valerolactone,Co0001,gamma_valerolactone,borderline,3.187,Co-H,Co54...H6,3.675,Co-C,64,15,CHO,Co0001_gamma_valerolactone.png
Co0001_gluconic_acid,Co0001,gluconic_acid,detached,6.015,Co-O,Co55...O3,6.015,Co-O,64,25,CHO,Co0001_gluconic_acid.png
Co0001_glutaric_acid,Co0001,glutaric_acid,borderline,3.05,Co-H,Co59...H4,4.151,Co-C,64,17,CHO,Co0001_glutaric_acid.png
Co0001_glycerol,Co0001,glycerol,borderline,3.519,Co-H,Co63...H4,4.515,Co-C,64,14,CHO,Co0001_glycerol.png
Co0001_glycolic_acid,Co0001,glycolic_acid,detached,5.029,Co-H,Co61...H2,5.959,Co-O,64,9,CHO,Co0001_glycolic_acid.png
Co0001_glyoxal,Co0001,glyoxal,detached,3.99,Co-H,Co55...H2,5.031,Co-C,64,6,CHO,Co0001_glyoxal.png
Co0001_guaiacol,Co0001,guaiacol,borderline,3.124,Co-H,Co60...H6,3.64,Co-C,64,17,CHO,Co0001_guaiacol.png
Co0001_heptane,Co0001,heptane,reasonable,2.385,Co-H,Co58...H4,3.475,Co-C,64,23,CH,Co0001_heptane.png
Co0001_heptene,Co0001,heptene,reasonable,2.357,Co-H,Co55...H4,3.472,Co-C,64,21,CH,Co0001_heptene.png
Co0001_hexanal,Co0001,hexanal,reasonable,2.439,Co-H,Co59...H5,3.55,Co-C,64,19,CHO,Co0001_hexanal.png
Co0001_hexane,Co0001,hexane,reasonable,2.369,Co-H,Co55...H9,3.479,Co-C,64,20,CH,Co0001_hexane.png
Co0001_hexene,Co0001,hexene,reasonable,2.363,Co-H,Co62...H3,3.399,Co-C,64,18,CH,Co0001_hexene.png
Co0001_hydroquinone,Co0001,hydroquinone,detached,5.161,Co-H,Co60...H3,5.508,Co-C,64,14,CHO,Co0001_hydroquinone.png
Co0001_hydroxyacetaldehyde,Co0001,hydroxyacetaldehyde,detached,3.827,Co-H,Co59...H4,4.707,Co-C,64,8,CHO,Co0001_hydroxyacetaldehyde.png
Co0001_isobutane,Co0001,isobutane,reasonable,2.392,Co-H,Co59...H4,3.509,Co-C,64,14,CH,Co0001_isobutane.png
Co0001_isobutene,Co0001,isobutene,borderline,3.234,Co-C,Co56...C3,3.234,Co-C,64,12,CH,Co0001_isobutene.png
Co0001_isoeugenol,Co0001,isoeugenol,borderline,3.188,Co-H,Co60...H6,4.096,Co-C,64,24,CHO,Co0001_isoeugenol.png
Co0001_isopentane,Co0001,isopentane,reasonable,2.367,Co-H,Co58...H6,3.484,Co-C,64,17,CH,Co0001_isopentane.png
Co0001_isoprene,Co0001,isoprene,borderline,3.135,Co-H,Co59...H1,3.186,Co-C,64,13,CH,Co0001_isoprene.png
Co0001_isopropanol,Co0001,isopropanol,borderline,3.08,Co-H,Co54...H2,3.767,Co-C,64,12,CHO,Co0001_isopropanol.png
Co0001_itaconic_acid,Co0001,itaconic_acid,detached,5.92,Co-H,Co55...H2,6.421,Co-C,64,15,CHO,Co0001_itaconic_acid.png
Co0001_lactic_acid,Co0001,lactic_acid,detached,3.635,Co-H,Co58...H1,4.003,Co-C,64,12,CHO,Co0001_lactic_acid.png
Co0001_levoglucosan,Co0001,levoglucosan,detached,3.811,Co-H,Co62...H8,4.697,Co-C,64,21,CHO,Co0001_levoglucosan.png
Co0001_levulinic_acid,Co0001,levulinic_acid,borderline,3.313,Co-H,Co49...H1,4.047,Co-C,64,16,CHO,Co0001_levulinic_acid.png
Co0001_malic_acid,Co0001,malic_acid,detached,5.958,Co-O,Co59...O2,5.958,Co-O,64,15,CHO,Co0001_malic_acid.png
Co0001_malonic_acid,Co0001,malonic_acid,detached,5.156,Co-H,Co58...H3,6.011,Co-O,64,11,CHO,Co0001_malonic_acid.png
Co0001_methane,Co0001,methane,borderline,3.166,Co-H,Co58...H4,3.584,Co-C,64,5,CH,Co0001_methane.png
Co0001_methanol,Co0001,methanol,detached,3.907,Co-H,Co54...H1,4.515,Co-C,64,6,CHO,Co0001_methanol.png
Co0001_methyl_formate,Co0001,methyl_formate,detached,3.951,Co-H,Co56...H1,4.273,Co-C,64,8,CHO,Co0001_methyl_formate.png
Co0001_methylcyclopentenolone,Co0001,methylcyclopentenolone,borderline,3.532,Co-H,Co55...H8,4.287,Co-C,64,16,CHO,Co0001_methylcyclopentenolone.png
Co0001_methylethylketone,Co0001,methylethylketone,reasonable,2.745,Co-H,Co60...H4,3.733,Co-C,64,13,CHO,Co0001_methylethylketone.png
Co0001_methylmethacrylate,Co0001,methylmethacrylate,borderline,3.369,Co-H,Co64...H4,3.92,Co-C,64,15,CHO,Co0001_methylmethacrylate.png
Co0001_muconic_acid,Co0001,muconic_acid,detached,5.869,Co-H,Co55...H3,5.995,Co-O,64,16,CHO,Co0001_muconic_acid.png
Co0001_naphthalene,Co0001,naphthalene,borderline,3.556,Co-H,Co57...H3,3.558,Co-C,64,18,CH,Co0001_naphthalene.png
Co0001_octane,Co0001,octane,reasonable,2.355,Co-H,Co62...H14,3.474,Co-C,64,26,CH,Co0001_octane.png
Co0001_octene,Co0001,octene,reasonable,2.419,Co-H,Co54...H11,3.534,Co-C,64,24,CH,Co0001_octene.png
Co0001_oxalic_acid,Co0001,oxalic_acid,detached,5.992,Co-H,Co54...H1,6.028,Co-O,64,8,CHO,Co0001_oxalic_acid.png
Co0001_pentane,Co0001,pentane,reasonable,2.357,Co-H,Co63...H8,3.46,Co-C,64,17,CH,Co0001_pentane.png
Co0001_pentanol,Co0001,pentanol,reasonable,2.471,Co-H,Co59...H7,3.582,Co-C,64,18,CHO,Co0001_pentanol.png
Co0001_phenol,Co0001,phenol,borderline,3.016,Co-H,Co59...H5,3.736,Co-C,64,13,CHO,Co0001_phenol.png
Co0001_propanal,Co0001,propanal,reasonable,2.351,Co-H,Co62...H2,3.437,Co-C,64,10,CHO,Co0001_propanal.png
Co0001_propane,Co0001,propane,reasonable,2.358,Co-H,Co54...H4,3.457,Co-C,64,11,CH,Co0001_propane.png
Co0001_propanol,Co0001,propanol,reasonable,2.582,Co-H,Co58...H5,3.676,Co-C,64,12,CHO,Co0001_propanol.png
Co0001_propene,Co0001,propene,borderline,3.21,Co-H,Co62...H3,3.265,Co-C,64,9,CH,Co0001_propene.png
Co0001_propionic_acid,Co0001,propionic_acid,reasonable,2.495,Co-H,Co62...H2,3.529,Co-C,64,11,CHO,Co0001_propionic_acid.png
Co0001_propyl_syringol,Co0001,propyl_syringol,reasonable,2.538,Co-H,Co58...H3,3.584,Co-C,64,30,CHO,Co0001_propyl_syringol.png
Co0001_pyrrole,Co0001,pyrrole,borderline,3.269,Co-C,Co58...C2,3.269,Co-C,64,10,CHN,Co0001_pyrrole.png
Co0001_pyruvic_acid,Co0001,pyruvic_acid,detached,3.869,Co-H,Co54...H3,4.792,Co-C,64,10,CHO,Co0001_pyruvic_acid.png
Co0001_sorbitol,Co0001,sorbitol,detached,4.99,Co-H,Co53...H3,6.034,Co-C,64,26,CHO,Co0001_sorbitol.png
Co0001_styrene,Co0001,styrene,reasonable,1.92,Co-H,Co55...H3,1.949,Co-C,64,16,CH,Co0001_styrene.png
Co0001_succinic_acid,Co0001,succinic_acid,detached,4.322,Co-H,Co55...H2,5.202,Co-C,64,14,CHO,Co0001_succinic_acid.png
Co0001_syringaldehyde,Co0001,syringaldehyde,detached,4.266,Co-H,Co58...H1,5.229,Co-C,64,23,CHO,Co0001_syringaldehyde.png
Co0001_syringol,Co0001,syringol,borderline,3.308,Co-H,Co54...H5,4.111,Co-C,64,21,CHO,Co0001_syringol.png
Co0001_tartaric_acid,Co0001,tartaric_acid,detached,4.745,Co-H,Co50...H2,5.608,Co-C,64,16,CHO,Co0001_tartaric_acid.png
Co0001_thiophene,Co0001,thiophene,reasonable,1.926,Co-C,Co58...C4,1.926,Co-C,64,9,CHS,Co0001_thiophene.png
Co0001_toluene,Co0001,toluene,borderline,3.396,Co-H,Co55...H6,3.565,Co-C,64,15,CH,Co0001_toluene.png
Co0001_valeraldehyde,Co0001,valeraldehyde,reasonable,2.466,Co-H,Co59...H7,3.577,Co-C,64,16,CHO,Co0001_valeraldehyde.png
Co0001_valeric_acid,Co0001,valeric_acid,reasonable,2.45,Co-H,Co58...H6,3.564,Co-C,64,17,CHO,Co0001_valeric_acid.png
Co0001_vanillin,Co0001,vanillin,detached,5.348,Co-H,Co55...H1,5.784,Co-C,64,19,CHO,Co0001_vanillin.png
Co0001_xylene,Co0001,xylene,borderline,3.235,Co-H,Co49...H7,3.696,Co-C,64,18,CH,Co0001_xylene.png
Co0001_xylitol,Co0001,xylitol,detached,4.145,Co-H,Co51...H10,5.099,Co-C,64,22,CHO,Co0001_xylitol.png
"Cr100_1,6-anhydroglucofuranose",Cr100,"1,6-anhydroglucofuranose",detached,4.551,Cr-H,Cr32...H3,5.309,Cr-C,36,17,CHO,"Cr100_1,6-anhydroglucofuranose.png"
Cr100_1-butanol,Cr100,1-butanol,reasonable,2.752,Cr-H,Cr29...H5,3.847,Cr-C,36,15,CHO,Cr100_1-butanol.png
Cr100_1-butene,Cr100,1-butene,reasonable,2.038,Cr-H,Cr33...H4,2.139,Cr-C,36,12,CH,Cr100_1-butene.png
Cr100_1-pentene,Cr100,1-pentene,reasonable,1.954,Cr-H,Cr31...H7,2.118,Cr-C,36,15,CH,Cr100_1-pentene.png
Cr100_2-butanol,Cr100,2-butanol,detached,3.912,Cr-H,Cr32...H6,4.449,Cr-C,36,15,CHO,Cr100_2-butanol.png
Cr100_2-butene,Cr100,2-butene,detached,4.21,Cr-H,Cr33...H4,4.624,Cr-C,36,12,CH,Cr100_2-butene.png
Cr100_2-ethylphenol,Cr100,2-ethylphenol,detached,4.237,Cr-H,Cr36...H6,4.645,Cr-C,36,19,CHO,Cr100_2-ethylphenol.png
Cr100_2-furanone,Cr100,2-furanone,detached,3.773,Cr-H,Cr36...H2,4.329,Cr-C,36,10,CHO,Cr100_2-furanone.png
Cr100_2-heptanone,Cr100,2-heptanone,reasonable,2.718,Cr-H,Cr36...H11,3.79,Cr-C,36,22,CHO,Cr100_2-heptanone.png
Cr100_2-hexanone,Cr100,2-hexanone,reasonable,2.495,Cr-H,Cr36...H12,3.583,Cr-C,36,19,CHO,Cr100_2-hexanone.png
Cr100_2-pentanone,Cr100,2-pentanone,reasonable,2.504,Cr-H,Cr32...H5,3.608,Cr-C,36,16,CHO,Cr100_2-pentanone.png
Cr100_3-MTHF,Cr100,3-MTHF,borderline,3.217,Cr-H,Cr33...H8,4.192,Cr-C,36,16,CHO,Cr100_3-MTHF.png
Cr100_3-hydroxypropionic_acid,Cr100,3-hydroxypropionic_acid,detached,4.26,Cr-H,Cr32...H5,5.049,Cr-C,36,12,CHO,Cr100_3-hydroxypropionic_acid.png
Cr100_4-methylguaiacol,Cr100,4-methylguaiacol,detached,4.844,Cr-H,Cr36...H2,5.46,Cr-C,36,20,CHO,Cr100_4-methylguaiacol.png
Cr100_5-HMF,Cr100,5-HMF,detached,4.337,Cr-H,Cr30...H4,4.66,Cr-C,36,15,CHO,Cr100_5-HMF.png
Cr100_5-heptanone,Cr100,5-heptanone,borderline,3.165,Cr-H,Cr33...H5,4.196,Cr-C,36,22,CHO,Cr100_5-heptanone.png
Cr100_5-methylfurfural,Cr100,5-methylfurfural,detached,4.475,Cr-H,Cr30...H5,5.16,Cr-C,36,14,CHO,Cr100_5-methylfurfural.png
Cr100_CH2,Cr100,CH2,reasonable,2.097,Cr-C,Cr35...C1,2.097,Cr-C,36,3,CH,Cr100_CH2.png
Cr100_CH3,Cr100,CH3,reasonable,2.142,Cr-C,Cr35...C1,2.142,Cr-C,36,4,CH,Cr100_CH3.png
Cr100_CH4,Cr100,CH4,borderline,3.195,Cr-H,Cr33...H3,3.529,Cr-C,36,5,CH,Cr100_CH4.png
Cr100_CO,Cr100,CO,detached,5.712,Cr-C,Cr28...C1,5.712,Cr-C,36,2,CO,Cr100_CO.png
Cr100_CO2,Cr100,CO2,detached,5.87,Cr-C,Cr35...C1,5.87,Cr-C,36,3,CO,Cr100_CO2.png
Cr100_D-fructofuranose,Cr100,D-fructofuranose,detached,4.547,Cr-H,Cr33...H5,5.255,Cr-C,36,20,CHO,Cr100_D-fructofuranose.png
Cr100_D-xylopyranose,Cr100,D-xylopyranose,detached,4.813,Cr-H,Cr33...H9,5.673,Cr-O,36,20,CHO,Cr100_D-xylopyranose.png
Cr100_DME,Cr100,DME,detached,4.322,Cr-H,Cr32...H5,5.129,Cr-C,36,9,CHO,Cr100_DME.png
Cr100_DMSO,Cr100,DMSO,borderline,3.155,Cr-H,Cr36...H3,3.577,Cr-C,36,10,CHOS,Cr100_DMSO.png
Cr100_H2,Cr100,H2,reasonable,1.815,Cr-H,Cr35...H2,,,36,2,H,Cr100_H2.png
Cr100_H2O,Cr100,H2O,detached,5.619,Cr-H,Cr32...H2,6.192,Cr-O,36,3,HO,Cr100_H2O.png
Cr100_H2S,Cr100,H2S,reasonable,2.317,Cr-S,Cr33...S1,2.317,Cr-S,36,3,HS,Cr100_H2S.png
Cr100_HCO,Cr100,HCO,detached,4.555,Cr-H,Cr36...H2,5.305,Cr-C,36,4,CHO,Cr100_HCO.png
Cr100_N2,Cr100,N2,reasonable,1.925,Cr-N,Cr35...N2,1.925,Cr-N,36,2,N,Cr100_N2.png
Cr100_NH3,Cr100,NH3,reasonable,2.158,Cr-N,Cr35...N1,2.158,Cr-N,36,4,HN,Cr100_NH3.png
Cr100_NO,Cr100,NO,detached,5.756,Cr-N,Cr32...N1,5.756,Cr-N,36,2,NO,Cr100_NO.png
Cr100_NO2,Cr100,NO2,detached,5.66,Cr-N,Cr30...N1,5.66,Cr-N,36,3,NO,Cr100_NO2.png
Cr100_O2,Cr100,O2,detached,5.997,Cr-O,Cr35...O2,5.997,Cr-O,36,2,O,Cr100_O2.png
Cr100_SO2,Cr100,SO2,detached,5.337,Cr-S,Cr35...S1,5.337,Cr-S,36,3,OS,Cr100_SO2.png
Cr100_THF,Cr100,THF,borderline,3.363,Cr-H,Cr35...H4,4.274,Cr-C,36,13,CHO,Cr100_THF.png
Cr100_acetal,Cr100,acetal,detached,4.373,Cr-H,Cr30...H14,5.315,Cr-C,36,22,CHO,Cr100_acetal.png
Cr100_acetaldehyde,Cr100,acetaldehyde,detached,4.12,Cr-H,Cr32...H4,4.647,Cr-C,36,7,CHO,Cr100_acetaldehyde.png
Cr100_acetic_acid,Cr100,acetic_acid,detached,4.097,Cr-H,Cr33...H2,4.609,Cr-C,36,8,CHO,Cr100_acetic_acid.png
Cr100_acetone,Cr100,acetone,detached,3.805,Cr-H,Cr32...H5,4.476,Cr-C,36,10,CHO,Cr100_acetone.png
Cr100_acetophenone,Cr100,acetophenone,detached,4.221,Cr-H,Cr34...H5,4.359,Cr-C,36,17,CHO,Cr100_acetophenone.png
Cr100_alpha-D-glucopyranose,Cr100,alpha-D-glucopyranose,detached,4.622,Cr-H,Cr32...H4,5.503,Cr-O,36,24,CHO,Cr100_alpha-D-glucopyranose.png
Cr100_angelica_lactone,Cr100,angelica_lactone,detached,4.227,Cr-H,Cr30...H5,5.028,Cr-C,36,13,CHO,Cr100_angelica_lactone.png
Cr100_aniline,Cr100,aniline,reasonable,2.115,Cr-C,Cr29...C4,2.115,Cr-C,36,14,CHN,Cr100_aniline.png
Cr100_benzaldehyde,Cr100,benzaldehyde,detached,4.102,Cr-H,Cr29...H5,4.268,Cr-C,36,14,CHO,Cr100_benzaldehyde.png
Cr100_benzene,Cr100,benzene,reasonable,2.184,Cr-C,Cr29...C6,2.184,Cr-C,36,12,CH,Cr100_benzene.png
Cr100_butadiene,Cr100,butadiene,reasonable,2.191,Cr-H,Cr35...H2,2.201,Cr-C,36,10,CH,Cr100_butadiene.png
Cr100_butanal,Cr100,butanal,reasonable,2.709,Cr-H,Cr36...H3,3.607,Cr-C,36,13,CHO,Cr100_butanal.png
Cr100_butane,Cr100,butane,reasonable,2.487,Cr-H,Cr35...H3,3.59,Cr-C,36,14,CH,Cr100_butane.png
Cr100_butyric_acid,Cr100,butyric_acid,reasonable,2.403,Cr-H,Cr32...H3,3.291,Cr-C,36,14,CHO,Cr100_butyric_acid.png
Cr100_caproic_acid,Cr100,caproic_acid,reasonable,2.789,Cr-H,Cr35...H9,3.876,Cr-C,36,20,CHO,Cr100_caproic_acid.png
Cr100_carbonate,Cr100,carbonate,detached,5.928,Cr-C,Cr35...C1,5.928,Cr-C,36,4,CO,Cr100_carbonate.png
Cr100_citric_acid,Cr100,citric_acid,detached,5.106,Cr-H,Cr33...H2,5.802,Cr-O,36,21,CHO,Cr100_citric_acid.png
Cr100_cyclobutanone,Cr100,cyclobutanone,borderline,3.083,Cr-H,Cr36...H3,4.173,Cr-C,36,11,CHO,Cr100_cyclobutanone.png
Cr100_cyclohexanone,Cr100,cyclohexanone,reasonable,2.864,Cr-H,Cr32...H5,3.963,Cr-C,36,17,CHO,Cr100_cyclohexanone.png
Cr100_cyclopentanone,Cr100,cyclopentanone,borderline,3.158,Cr-H,Cr35...H6,4.216,Cr-C,36,14,CHO,Cr100_cyclopentanone.png
Cr100_diethyl_ether,Cr100,diethyl_ether,detached,3.948,Cr-H,Cr29...H7,4.769,Cr-C,36,15,CHO,Cr100_diethyl_ether.png
Cr100_dimethyl_succinate,Cr100,dimethyl_succinate,detached,4.65,Cr-H,Cr28...H5,5.727,Cr-C,36,17,CHO,Cr100_dimethyl_succinate.png
Cr100_ethane,Cr100,ethane,reasonable,2.435,Cr-H,Cr32...H3,3.472,Cr-C,36,8,CH,Cr100_ethane.png
Cr100_ethanol,Cr100,ethanol,detached,3.914,Cr-H,Cr35...H4,4.515,Cr-C,36,9,CHO,Cr100_ethanol.png
Cr100_ethene,Cr100,ethene,reasonable,2.17,Cr-H,Cr35...H1,2.179,Cr-C,36,6,CH,Cr100_ethene.png
Cr100_ethyl_acetate,Cr100,ethyl_acetate,detached,4.132,Cr-H,Cr36...H2,5.027,Cr-C,36,14,CHO,Cr100_ethyl_acetate.png
Cr100_ethylene,Cr100,ethylene,reasonable,2.175,Cr-H,Cr34...H4,2.181,Cr-C,36,6,CH,Cr100_ethylene.png
Cr100_ethylene_glycol,Cr100,ethylene_glycol,detached,4.181,Cr-H,Cr32...H2,4.83,Cr-C,36,10,CHO,Cr100_ethylene_glycol.png
Cr100_eugenol,Cr100,eugenol,reasonable,2.138,Cr-H,Cr32...H4,2.159,Cr-C,36,24,CHO,Cr100_eugenol.png
Cr100_formaldehyde,Cr100,formaldehyde,detached,4.616,Cr-H,Cr35...H2,5.334,Cr-C,36,4,CHO,Cr100_formaldehyde.png
Cr100_formate,Cr100,formate,detached,4.479,Cr-H,Cr36...H1,5.576,Cr-C,36,4,CHO,Cr100_formate.png
Cr100_formic_acid,Cr100,formic_acid,detached,4.656,Cr-H,Cr32...H2,5.539,Cr-C,36,5,CHO,Cr100_formic_acid.png
Cr100_furan,Cr100,furan,detached,4.101,Cr-H,Cr32...H2,4.528,Cr-C,36,9,CHO,Cr100_furan.png
Cr100_furfural,Cr100,furfural,detached,3.648,Cr-H,Cr30...H3,4.315,Cr-C,36,11,CHO,Cr100_furfural.png
Cr100_furfuryl_alcohol,Cr100,furfuryl_alcohol,detached,4.383,Cr-H,Cr32...H5,4.966,Cr-C,36,13,CHO,Cr100_furfuryl_alcohol.png
Cr100_gamma_butyrolactone,Cr100,gamma_butyrolactone,detached,4.087,Cr-H,Cr32...H1,4.918,Cr-C,36,12,CHO,Cr100_gamma_butyrolactone.png
Cr100_gamma_valerolactone,Cr100,gamma_valerolactone,detached,3.673,Cr-H,Cr36...H5,4.534,Cr-C,36,15,CHO,Cr100_gamma_valerolactone.png
Cr100_gluconic_acid,Cr100,gluconic_acid,detached,5.146,Cr-H,Cr29...H10,5.638,Cr-O,36,25,CHO,Cr100_gluconic_acid.png
Cr100_glutaric_acid,Cr100,glutaric_acid,detached,4.396,Cr-H,Cr34...H3,5.009,Cr-C,36,17,CHO,Cr100_glutaric_acid.png
Cr100_glycerol,Cr100,glycerol,detached,4.574,Cr-H,Cr33...H3,5.559,Cr-C,36,14,CHO,Cr100_glycerol.png
Cr100_glycolic_acid,Cr100,glycolic_acid,detached,4.639,Cr-H,Cr31...H2,5.659,Cr-C,36,9,CHO,Cr100_glycolic_acid.png
Cr100_glyoxal,Cr100,glyoxal,detached,4.681,Cr-H,Cr32...H1,5.44,Cr-C,36,6,CHO,Cr100_glyoxal.png
Cr100_guaiacol,Cr100,guaiacol,detached,4.658,Cr-H,Cr31...H6,4.819,Cr-C,36,17,CHO,Cr100_guaiacol.png
Cr100_heptane,Cr100,heptane,reasonable,2.681,Cr-H,Cr36...H7,3.758,Cr-C,36,23,CH,Cr100_heptane.png
Cr100_heptene,Cr100,heptene,reasonable,2.008,Cr-H,Cr36...H12,2.167,Cr-C,36,21,CH,Cr100_heptene.png
Cr100_hexanal,Cr100,hexanal,borderline,3.105,Cr-H,Cr35...H1,4.118,Cr-C,36,19,CHO,Cr100_hexanal.png
Cr100_hexane,Cr100,hexane,reasonable,2.498,Cr-H,Cr33...H7,3.6,Cr-C,36,20,CH,Cr100_hexane.png
Cr100_hexene,Cr100,hexene,borderline,3.381,Cr-H,Cr33...H7,4.407,Cr-C,36,18,CH,Cr100_hexene.png
Cr100_hydroquinone,Cr100,hydroquinone,detached,5.682,Cr-H,Cr33...H2,5.847,Cr-C,36,14,CHO,Cr100_hydroquinone.png
Cr100_hydroxyacetaldehyde,Cr100,hydroxyacetaldehyde,detached,4.541,Cr-H,Cr36...H2,5.599,Cr-C,36,8,CHO,Cr100_hydroxyacetaldehyde.png
Cr100_isobutane,Cr100,isobutane,reasonable,2.722,Cr-H,Cr33...H4,3.838,Cr-C,36,14,CH,Cr100_isobutane.png
Cr100_isobutene,Cr100,isobutene,detached,4.278,Cr-H,Cr36...H4,4.352,Cr-C,36,12,CH,Cr100_isobutene.png
Cr100_isoeugenol,Cr100,isoeugenol,detached,4.389,Cr-H,Cr31...H3,5.134,Cr-C,36,24,CHO,Cr100_isoeugenol.png
Cr100_isopentane,Cr100,isopentane,reasonable,2.535,Cr-H,Cr33...H9,3.641,Cr-C,36,17,CH,Cr100_isopentane.png
Cr100_isoprene,Cr100,isoprene,reasonable,2.103,Cr-C,Cr33...C2,2.103,Cr-C,36,13,CH,Cr100_isoprene.png
Cr100_isopropanol,Cr100,isopropanol,detached,3.914,Cr-H,Cr34...H2,4.512,Cr-C,36,12,CHO,Cr100_isopropanol.png
Cr100_itaconic_acid,Cr100,itaconic_acid,detached,4.516,Cr-H,Cr35...H2,4.881,Cr-C,36,15,CHO,Cr100_itaconic_acid.png
Cr100_lactic_acid,Cr100,lactic_acid,detached,3.974,Cr-H,Cr32...H3,4.454,Cr-C,36,12,CHO,Cr100_lactic_acid.png
Cr100_levoglucosan,Cr100,levoglucosan,detached,3.936,Cr-H,Cr33...H8,4.952,Cr-C,36,21,CHO,Cr100_levoglucosan.png
Cr100_levulinic_acid,Cr100,levulinic_acid,detached,3.682,Cr-H,Cr31...H5,4.634,Cr-C,36,16,CHO,Cr100_levulinic_acid.png
Cr100_malic_acid,Cr100,malic_acid,detached,4.476,Cr-H,Cr30...H2,5.226,Cr-C,36,15,CHO,Cr100_malic_acid.png
Cr100_malonic_acid,Cr100,malonic_acid,detached,4.769,Cr-H,Cr33...H2,5.819,Cr-C,36,11,CHO,Cr100_malonic_acid.png
Cr100_methanol,Cr100,methanol,detached,4.26,Cr-H,Cr36...H3,4.69,Cr-C,36,6,CHO,Cr100_methanol.png
Cr100_methylmethacrylate,Cr100,methylmethacrylate,detached,4.504,Cr-H,Cr35...H7,4.934,Cr-C,36,15,CHO,Cr100_methylmethacrylate.png
Cr100_propane,Cr100,propane,reasonable,2.555,Cr-H,Cr32...H5,3.658,Cr-C,36,11,CH,Cr100_propane.png
Cr100_propanol,Cr100,propanol,reasonable,2.451,Cr-H,Cr32...H3,3.561,Cr-C,36,12,CHO,Cr100_propanol.png
Cr100_propene,Cr100,propene,reasonable,2.035,Cr-H,Cr29...H1,2.185,Cr-C,36,9,CH,Cr100_propene.png
Cr100_propionic_acid,Cr100,propionic_acid,reasonable,2.374,Cr-H,Cr29...H1,3.416,Cr-C,36,11,CHO,Cr100_propionic_acid.png
Cr100_pyruvic_acid,Cr100,pyruvic_acid,detached,4.042,Cr-H,Cr30...H3,4.977,Cr-C,36,10,CHO,Cr100_pyruvic_acid.png
Cr100_toluene,Cr100,toluene,reasonable,2.143,Cr-C,Cr35...C5,2.143,Cr-C,36,15,CH,Cr100_toluene.png
Cr100_valeric_acid,Cr100,valeric_acid,reasonable,2.72,Cr-H,Cr35...H6,3.823,Cr-C,36,17,CHO,Cr100_valeric_acid.png
Cr110_1-butene,Cr110,1-butene,borderline,3.473,Cr-H,Cr22...H3,4.357,Cr-C,24,12,CH,Cr110_1-butene.png
Cr110_1-pentene,Cr110,1-pentene,detached,3.641,Cr-H,Cr19...H8,4.331,Cr-C,24,15,CH,Cr110_1-pentene.png
Cr110_2-pentanone,Cr110,2-pentanone,borderline,3.163,Cr-H,Cr20...H5,4.166,Cr-C,24,16,CHO,Cr110_2-pentanone.png
Cr110_3-MTHF,Cr110,3-MTHF,borderline,3.507,Cr-H,Cr23...H5,4.478,Cr-C,24,16,CHO,Cr110_3-MTHF.png
Cr110_3-hydroxypropionic_acid,Cr110,3-hydroxypropionic_acid,detached,4.381,Cr-H,Cr23...H4,5.173,Cr-C,24,12,CHO,Cr110_3-hydroxypropionic_acid.png
Cr110_5-HMF,Cr110,5-HMF,detached,3.625,Cr-H,Cr23...H4,4.562,Cr-C,24,15,CHO,Cr110_5-HMF.png
Cr110_5-heptanone,Cr110,5-heptanone,borderline,3.585,Cr-H,Cr24...H6,4.39,Cr-C,24,22,CHO,Cr110_5-heptanone.png
Cr110_CO,Cr110,CO,detached,5.38,Cr-C,Cr19...C1,5.38,Cr-C,24,2,CO,Cr110_CO.png
Cr110_CO2,Cr110,CO2,detached,6.005,Cr-O,Cr21...O2,6.005,Cr-O,24,3,CO,Cr110_CO2.png
Cr110_DME,Cr110,DME,detached,5.315,Cr-H,Cr23...H5,6.394,Cr-C,24,9,CHO,Cr110_DME.png
Cr110_H2O,Cr110,H2O,detached,5.563,Cr-H,Cr23...H2,6.401,Cr-O,24,3,HO,Cr110_H2O.png
Cr110_acetaldehyde,Cr110,acetaldehyde,detached,3.977,Cr-H,Cr22...H3,4.732,Cr-C,24,7,CHO,Cr110_acetaldehyde.png
Cr110_acetic_acid,Cr110,acetic_acid,detached,3.767,Cr-H,Cr20...H1,4.764,Cr-C,24,8,CHO,Cr110_acetic_acid.png
Cr110_benzene,Cr110,benzene,borderline,3.311,Cr-H,Cr19...H3,4.144,Cr-C,24,12,CH,Cr110_benzene.png
Cr110_butadiene,Cr110,butadiene,borderline,3.51,Cr-H,Cr24...H4,4.583,Cr-C,24,10,CH,Cr110_butadiene.png
Cr110_butyric_acid,Cr110,butyric_acid,detached,3.632,Cr-H,Cr21...H2,4.482,Cr-C,24,14,CHO,Cr110_butyric_acid.png
Cr110_caproic_acid,Cr110,caproic_acid,borderline,3.283,Cr-H,Cr24...H2,4.334,Cr-C,24,20,CHO,Cr110_caproic_acid.png
Cr110_cyclopentanone,Cr110,cyclopentanone,detached,3.659,Cr-H,Cr22...H4,4.376,Cr-C,24,14,CHO,Cr110_cyclopentanone.png
Cr110_ethane,Cr110,ethane,borderline,3.557,Cr-H,Cr20...H3,4.483,Cr-C,24,8,CH,Cr110_ethane.png
Cr110_ethanol,Cr110,ethanol,borderline,3.586,Cr-H,Cr22...H5,4.409,Cr-C,24,9,CHO,Cr110_ethanol.png
Cr110_ethene,Cr110,ethene,detached,3.693,Cr-H,Cr19...H1,4.581,Cr-C,24,6,CH,Cr110_ethene.png
Cr110_ethylene,Cr110,ethylene,detached,3.802,Cr-H,Cr23...H1,4.633,Cr-C,24,6,CH,Cr110_ethylene.png
Cr110_formic_acid,Cr110,formic_acid,detached,4.787,Cr-H,Cr20...H2,5.74,Cr-C,24,5,CHO,Cr110_formic_acid.png
Cr110_furfural,Cr110,furfural,detached,3.634,Cr-H,Cr22...H3,4.567,Cr-C,24,11,CHO,Cr110_furfural.png
Cr110_glycerol,Cr110,glycerol,detached,4.669,Cr-H,Cr19...H6,5.493,Cr-C,24,14,CHO,Cr110_glycerol.png
Cr110_isobutene,Cr110,isobutene,borderline,3.578,Cr-H,Cr20...H4,4.484,Cr-C,24,12,CH,Cr110_isobutene.png
Cr110_isoprene,Cr110,isoprene,borderline,3.497,Cr-H,Cr20...H6,4.405,Cr-C,24,13,CH,Cr110_isoprene.png
Cr110_isopropanol,Cr110,isopropanol,detached,3.606,Cr-H,Cr20...H1,4.565,Cr-C,24,12,CHO,Cr110_isopropanol.png
Cr110_itaconic_acid,Cr110,itaconic_acid,detached,4.278,Cr-H,Cr22...H4,4.88,Cr-C,24,15,CHO,Cr110_itaconic_acid.png
Cr110_lactic_acid,Cr110,lactic_acid,detached,4.239,Cr-H,Cr20...H1,4.651,Cr-C,24,12,CHO,Cr110_lactic_acid.png
Cr110_methanol,Cr110,methanol,detached,4.481,Cr-H,Cr19...H3,5.075,Cr-C,24,6,CHO,Cr110_methanol.png
Cr110_methylmethacrylate,Cr110,methylmethacrylate,detached,3.714,Cr-H,Cr19...H4,4.785,Cr-C,24,15,CHO,Cr110_methylmethacrylate.png
Cr110_propane,Cr110,propane,borderline,3.566,Cr-H,Cr19...H6,4.441,Cr-C,24,11,CH,Cr110_propane.png
Cr110_propanol,Cr110,propanol,borderline,3.534,Cr-H,Cr20...H2,4.518,Cr-C,24,12,CHO,Cr110_propanol.png
Cr110_propene,Cr110,propene,borderline,3.401,Cr-H,Cr22...H4,4.452,Cr-C,24,9,CH,Cr110_propene.png
Cr110_propionic_acid,Cr110,propionic_acid,detached,3.907,Cr-H,Cr19...H4,4.531,Cr-C,24,11,CHO,Cr110_propionic_acid.png
Cr110_pyruvic_acid,Cr110,pyruvic_acid,detached,3.843,Cr-H,Cr19...H2,4.744,Cr-C,24,10,CHO,Cr110_pyruvic_acid.png
Cr110_toluene,Cr110,toluene,borderline,3.405,Cr-H,Cr22...H5,4.321,Cr-C,24,15,CH,Cr110_toluene.png
Cr110_valeric_acid,Cr110,valeric_acid,detached,3.769,Cr-H,Cr20...H1,4.557,Cr-C,24,17,CHO,Cr110_valeric_acid.png
Cr111_1-butene,Cr111,1-butene,reasonable,2.094,Cr-C,Cr62...C3,2.094,Cr-C,64,12,CH,Cr111_1-butene.png
Cr111_1-pentene,Cr111,1-pentene,reasonable,2.056,Cr-C,Cr59...C4,2.056,Cr-C,64,15,CH,Cr111_1-pentene.png
Cr111_2-pentanone,Cr111,2-pentanone,reasonable,2.84,Cr-H,Cr58...H1,3.317,Cr-C,64,16,CHO,Cr111_2-pentanone.png
Cr111_3-MTHF,Cr111,3-MTHF,borderline,3.592,Cr-H,Cr58...H6,4.298,Cr-C,64,16,CHO,Cr111_3-MTHF.png
Cr111_3-hydroxypropionic_acid,Cr111,3-hydroxypropionic_acid,detached,4.262,Cr-H,Cr62...H5,5.059,Cr-C,64,12,CHO,Cr111_3-hydroxypropionic_acid.png
Cr111_5-HMF,Cr111,5-HMF,detached,4.609,Cr-H,Cr59...H4,4.856,Cr-C,64,15,CHO,Cr111_5-HMF.png
Cr111_5-heptanone,Cr111,5-heptanone,reasonable,2.894,Cr-H,Cr59...H8,3.96,Cr-C,64,22,CHO,Cr111_5-heptanone.png
Cr111_CO,Cr111,CO,detached,5.391,Cr-C,Cr51...C1,5.391,Cr-C,64,2,CO,Cr111_CO.png
Cr111_CO2,Cr111,CO2,detached,5.978,Cr-O,Cr59...O2,5.978,Cr-O,64,3,CO,Cr111_CO2.png
Cr111_DME,Cr111,DME,detached,4.26,Cr-H,Cr59...H6,4.819,Cr-C,64,9,CHO,Cr111_DME.png
Cr111_H2O,Cr111,H2O,detached,5.336,Cr-H,Cr63...H2,5.978,Cr-O,64,3,HO,Cr111_H2O.png
Cr111_acetaldehyde,Cr111,acetaldehyde,borderline,3.448,Cr-H,Cr58...H2,4.088,Cr-C,64,7,CHO,Cr111_acetaldehyde.png
Cr111_acetic_acid,Cr111,acetic_acid,borderline,3.403,Cr-H,Cr62...H3,4.243,Cr-C,64,8,CHO,Cr111_acetic_acid.png
Cr111_benzene,Cr111,benzene,borderline,3.262,Cr-C,Cr59...C1,3.262,Cr-C,64,12,CH,Cr111_benzene.png
Cr111_butadiene,Cr111,butadiene,reasonable,2.038,Cr-C,Cr54...C2,2.038,Cr-C,64,10,CH,Cr111_butadiene.png
Cr111_butyric_acid,Cr111,butyric_acid,reasonable,2.659,Cr-H,Cr63...H3,3.313,Cr-C,64,14,CHO,Cr111_butyric_acid.png
Cr111_caproic_acid,Cr111,caproic_acid,reasonable,2.855,Cr-H,Cr59...H9,3.483,Cr-C,64,20,CHO,Cr111_caproic_acid.png
Cr111_cyclopentanone,Cr111,cyclopentanone,detached,3.718,Cr-H,Cr59...H4,4.376,Cr-C,64,14,CHO,Cr111_cyclopentanone.png
Cr111_ethane,Cr111,ethane,borderline,3.029,Cr-H,Cr58...H5,3.403,Cr-C,64,8,CH,Cr111_ethane.png
Cr111_ethanol,Cr111,ethanol,detached,3.641,Cr-H,Cr58...H4,3.975,Cr-C,64,9,CHO,Cr111_ethanol.png
Cr111_ethene,Cr111,ethene,reasonable,2.08,Cr-C,Cr54...C2,2.08,Cr-C,64,6,CH,Cr111_ethene.png
Cr111_ethylene,Cr111,ethylene,reasonable,2.077,Cr-C,Cr59...C1,2.077,Cr-C,64,6,CH,Cr111_ethylene.png
Cr111_formic_acid,Cr111,formic_acid,detached,4.885,Cr-H,Cr51...H2,5.751,Cr-C,64,5,CHO,Cr111_formic_acid.png
Cr111_furfural,Cr111,furfural,detached,3.797,Cr-H,Cr58...H3,4.47,Cr-C,64,11,CHO,Cr111_furfural.png
Cr111_glycerol,Cr111,glycerol,detached,3.69,Cr-H,Cr59...H4,4.46,Cr-C,64,14,CHO,Cr111_glycerol.png
Cr111_isobutene,Cr111,isobutene,borderline,3.312,Cr-H,Cr58...H4,3.478,Cr-C,64,12,CH,Cr111_isobutene.png
Cr111_isoprene,Cr111,isoprene,reasonable,2.072,Cr-C,Cr60...C3,2.072,Cr-C,64,13,CH,Cr111_isoprene.png
Cr111_isopropanol,Cr111,isopropanol,borderline,3.457,Cr-H,Cr55...H6,4.035,Cr-C,64,12,CHO,Cr111_isopropanol.png
Cr111_itaconic_acid,Cr111,itaconic_acid,detached,3.814,Cr-H,Cr59...H5,4.357,Cr-C,64,15,CHO,Cr111_itaconic_acid.png
Cr111_lactic_acid,Cr111,lactic_acid,detached,3.843,Cr-H,Cr54...H1,4.264,Cr-C,64,12,CHO,Cr111_lactic_acid.png
Cr111_methanol,Cr111,methanol,detached,4.152,Cr-H,Cr54...H1,4.531,Cr-C,64,6,CHO,Cr111_methanol.png
Cr111_methylmethacrylate,Cr111,methylmethacrylate,borderline,3.343,Cr-H,Cr59...H4,3.752,Cr-C,64,15,CHO,Cr111_methylmethacrylate.png
Cr111_propane,Cr111,propane,reasonable,2.736,Cr-H,Cr58...H7,3.523,Cr-C,64,11,CH,Cr111_propane.png
Cr111_propanol,Cr111,propanol,borderline,3.172,Cr-H,Cr63...H2,4.147,Cr-C,64,12,CHO,Cr111_propanol.png
Cr111_propene,Cr111,propene,reasonable,1.994,Cr-H,Cr54...H1,2.05,Cr-C,64,9,CH,Cr111_propene.png
Cr111_propionic_acid,Cr111,propionic_acid,borderline,3.242,Cr-H,Cr59...H2,3.784,Cr-C,64,11,CHO,Cr111_propionic_acid.png
Cr111_pyruvic_acid,Cr111,pyruvic_acid,detached,4.016,Cr-H,Cr61...H2,4.78,Cr-C,64,10,CHO,Cr111_pyruvic_acid.png
Cr111_toluene,Cr111,toluene,borderline,3.152,Cr-H,Cr59...H7,3.224,Cr-C,64,15,CH,Cr111_toluene.png
Cr111_valeric_acid,Cr111,valeric_acid,reasonable,2.822,Cr-H,Cr53...H3,3.338,Cr-C,64,17,CHO,Cr111_valeric_acid.png
Cu001_1-butene,Cu001,1-butene,reasonable,2.853,Cu-H,Cu54...H7,3.166,Cu-C,64,12,CH,Cu001_1-butene.png
Cu001_1-pentene,Cu001,1-pentene,reasonable,2.213,Cu-C,Cu64...C5,2.213,Cu-C,64,15,CH,Cu001_1-pentene.png
Cu001_2-pentanone,Cu001,2-pentanone,reasonable,2.035,Cu-O,Cu59...O1,2.035,Cu-O,64,16,CHO,Cu001_2-pentanone.png
Cu001_3-MTHF,Cu001,3-MTHF,reasonable,2.996,Cu-H,Cu55...H1,3.35,Cu-O,64,16,CHO,Cu001_3-MTHF.png
Cu001_3-hydroxypropionic_acid,Cu001,3-hydroxypropionic_acid,reasonable,2.125,Cu-O,Cu58...O2,2.125,Cu-O,64,12,CHO,Cu001_3-hydroxypropionic_acid.png
Cu001_5-HMF,Cu001,5-HMF,reasonable,2.078,Cu-O,Cu55...O2,2.078,Cu-O,64,15,CHO,Cu001_5-HMF.png
Cu001_5-heptanone,Cu001,5-heptanone,reasonable,2.022,Cu-O,Cu55...O1,2.022,Cu-O,64,22,CHO,Cu001_5-heptanone.png
Cu001_CO,Cu001,CO,reasonable,1.97,Cu-C,Cu60...C1,1.97,Cu-C,64,2,CO,Cu001_CO.png
Cu001_CO2,Cu001,CO2,borderline,3.54,Cu-O,Cu55...O1,3.54,Cu-O,64,3,CO,Cu001_CO2.png
Cu001_DME,Cu001,DME,reasonable,2.698,Cu-O,Cu55...O1,2.698,Cu-O,64,9,CHO,Cu001_DME.png
Cu001_H2O,Cu001,H2O,reasonable,2.162,Cu-O,Cu59...O1,2.162,Cu-O,64,3,HO,Cu001_H2O.png
Cu001_acetaldehyde,Cu001,acetaldehyde,reasonable,2.085,Cu-O,Cu58...O1,2.085,Cu-O,64,7,CHO,Cu001_acetaldehyde.png
Cu001_acetic_acid,Cu001,acetic_acid,reasonable,2.094,Cu-O,Cu63...O1,2.094,Cu-O,64,8,CHO,Cu001_acetic_acid.png
Cu001_benzene,Cu001,benzene,reasonable,2.181,Cu-C,Cu62...C5,2.181,Cu-C,64,12,CH,Cu001_benzene.png
Cu001_butadiene,Cu001,butadiene,reasonable,2.134,Cu-C,Cu59...C4,2.134,Cu-C,64,10,CH,Cu001_butadiene.png
Cu001_butyric_acid,Cu001,butyric_acid,reasonable,2.052,Cu-O,Cu59...O1,2.052,Cu-O,64,14,CHO,Cu001_butyric_acid.png
Cu001_caproic_acid,Cu001,caproic_acid,reasonable,2.048,Cu-O,Cu55...O1,2.048,Cu-O,64,20,CHO,Cu001_caproic_acid.png
Cu001_cyclopentanone,Cu001,cyclopentanone,reasonable,2.137,Cu-O,Cu55...O1,2.137,Cu-O,64,14,CHO,Cu001_cyclopentanone.png
Cu001_ethane,Cu001,ethane,reasonable,2.883,Cu-H,Cu64...H2,3.792,Cu-C,64,8,CH,Cu001_ethane.png
Cu001_ethanol,Cu001,ethanol,reasonable,2.24,Cu-O,Cu59...O1,2.24,Cu-O,64,9,CHO,Cu001_ethanol.png
Cu001_ethene,Cu001,ethene,reasonable,2.872,Cu-C,Cu58...C1,2.872,Cu-C,64,6,CH,Cu001_ethene.png
Cu001_ethylene,Cu001,ethylene,reasonable,2.871,Cu-C,Cu54...C1,2.871,Cu-C,64,6,CH,Cu001_ethylene.png
Cu001_formic_acid,Cu001,formic_acid,reasonable,2.094,Cu-O,Cu58...O2,2.094,Cu-O,64,5,CHO,Cu001_formic_acid.png
Cu001_furfural,Cu001,furfural,reasonable,1.974,Cu-O,Cu58...O1,1.974,Cu-O,64,11,CHO,Cu001_furfural.png
Cu001_glycerol,Cu001,glycerol,reasonable,2.153,Cu-O,Cu63...O3,2.153,Cu-O,64,14,CHO,Cu001_glycerol.png
Cu001_isobutene,Cu001,isobutene,borderline,3.13,Cu-C,Cu63...C3,3.13,Cu-C,64,12,CH,Cu001_isobutene.png
Cu001_isoprene,Cu001,isoprene,reasonable,2.118,Cu-C,Cu54...C3,2.118,Cu-C,64,13,CH,Cu001_isoprene.png
Cu001_isopropanol,Cu001,isopropanol,reasonable,2.173,Cu-O,Cu54...O1,2.173,Cu-O,64,12,CHO,Cu001_isopropanol.png
Cu001_itaconic_acid,Cu001,itaconic_acid,reasonable,2.074,Cu-O,Cu62...O2,2.074,Cu-O,64,15,CHO,Cu001_itaconic_acid.png
Cu001_lactic_acid,Cu001,lactic_acid,reasonable,2.11,Cu-O,Cu55...O2,2.11,Cu-O,64,12,CHO,Cu001_lactic_acid.png
Cu001_methanol,Cu001,methanol,reasonable,2.166,Cu-O,Cu59...O1,2.166,Cu-O,64,6,CHO,Cu001_methanol.png
Cu001_methylmethacrylate,Cu001,methylmethacrylate,reasonable,2.975,Cu-H,Cu55...H5,3.125,Cu-C,64,15,CHO,Cu001_methylmethacrylate.png
Cu001_propane,Cu001,propane,reasonable,2.964,Cu-H,Cu54...H5,3.839,Cu-C,64,11,CH,Cu001_propane.png
Cu001_propanol,Cu001,propanol,reasonable,2.181,Cu-O,Cu59...O1,2.181,Cu-O,64,12,CHO,Cu001_propanol.png
Cu001_propene,Cu001,propene,borderline,3.095,Cu-H,Cu60...H5,3.155,Cu-C,64,9,CH,Cu001_propene.png
Cu001_propionic_acid,Cu001,propionic_acid,reasonable,2.061,Cu-O,Cu59...O1,2.061,Cu-O,64,11,CHO,Cu001_propionic_acid.png
Cu001_pyruvic_acid,Cu001,pyruvic_acid,reasonable,2.064,Cu-O,Cu55...O2,2.064,Cu-O,64,10,CHO,Cu001_pyruvic_acid.png
Cu001_toluene,Cu001,toluene,reasonable,2.722,Cu-H,Cu55...H6,2.775,Cu-C,64,15,CH,Cu001_toluene.png
Cu001_valeric_acid,Cu001,valeric_acid,reasonable,2.076,Cu-O,Cu64...O1,2.076,Cu-O,64,17,CHO,Cu001_valeric_acid.png
Cu100_1-butene,Cu100,1-butene,reasonable,2.931,Cu-H,Cu57...H7,3.196,Cu-C,64,12,CH,Cu100_1-butene.png
Cu100_1-pentene,Cu100,1-pentene,reasonable,2.163,Cu-C,Cu58...C5,2.163,Cu-C,64,15,CH,Cu100_1-pentene.png
Cu100_2-pentanone,Cu100,2-pentanone,reasonable,2.015,Cu-O,Cu59...O1,2.015,Cu-O,64,16,CHO,Cu100_2-pentanone.png
Cu100_3-MTHF,Cu100,3-MTHF,borderline,3.118,Cu-H,Cu55...H1,3.461,Cu-O,64,16,CHO,Cu100_3-MTHF.png
Cu100_3-hydroxypropionic_acid,Cu100,3-hydroxypropionic_acid,reasonable,2.108,Cu-O,Cu59...O2,2.108,Cu-O,64,12,CHO,Cu100_3-hydroxypropionic_acid.png
Cu100_5-HMF,Cu100,5-HMF,reasonable,2.071,Cu-O,Cu54...O2,2.071,Cu-O,64,15,CHO,Cu100_5-HMF.png
Cu100_5-heptanone,Cu100,5-heptanone,reasonable,2.061,Cu-O,Cu56...O1,2.061,Cu-O,64,22,CHO,Cu100_5-heptanone.png
Cu100_CO,Cu100,CO,reasonable,1.971,Cu-C,Cu55...C1,1.971,Cu-C,64,2,CO,Cu100_CO.png
Cu100_CO2,Cu100,CO2,borderline,3.563,Cu-O,Cu61...O2,3.563,Cu-O,64,3,CO,Cu100_CO2.png
Cu100_DME,Cu100,DME,reasonable,2.682,Cu-O,Cu55...O1,2.682,Cu-O,64,9,CHO,Cu100_DME.png
Cu100_H2O,Cu100,H2O,reasonable,2.159,Cu-O,Cu54...O1,2.159,Cu-O,64,3,HO,Cu100_H2O.png
Cu100_acetaldehyde,Cu100,acetaldehyde,reasonable,2.056,Cu-O,Cu54...O1,2.056,Cu-O,64,7,CHO,Cu100_acetaldehyde.png
Cu100_acetic_acid,Cu100,acetic_acid,reasonable,2.083,Cu-O,Cu55...O1,2.083,Cu-O,64,8,CHO,Cu100_acetic_acid.png
Cu100_benzene,Cu100,benzene,reasonable,2.185,Cu-C,Cu58...C6,2.185,Cu-C,64,12,CH,Cu100_benzene.png
Cu100_butadiene,Cu100,butadiene,reasonable,2.123,Cu-C,Cu59...C4,2.123,Cu-C,64,10,CH,Cu100_butadiene.png
Cu100_butyric_acid,Cu100,butyric_acid,reasonable,2.059,Cu-O,Cu55...O1,2.059,Cu-O,64,14,CHO,Cu100_butyric_acid.png
Cu100_caproic_acid,Cu100,caproic_acid,reasonable,2.059,Cu-O,Cu55...O1,2.059,Cu-O,64,20,CHO,Cu100_caproic_acid.png
Cu100_cyclopentanone,Cu100,cyclopentanone,reasonable,2.122,Cu-O,Cu59...O1,2.122,Cu-O,64,14,CHO,Cu100_cyclopentanone.png
Cu100_ethane,Cu100,ethane,borderline,3.063,Cu-H,Cu51...H2,3.859,Cu-C,64,8,CH,Cu100_ethane.png
Cu100_ethanol,Cu100,ethanol,reasonable,2.207,Cu-O,Cu59...O1,2.207,Cu-O,64,9,CHO,Cu100_ethanol.png
Cu100_ethene,Cu100,ethene,reasonable,2.875,Cu-C,Cu54...C1,2.875,Cu-C,64,6,CH,Cu100_ethene.png
Cu100_ethylene,Cu100,ethylene,reasonable,2.065,Cu-C,Cu59...C2,2.065,Cu-C,64,6,CH,Cu100_ethylene.png
Cu100_formic_acid,Cu100,formic_acid,reasonable,2.096,Cu-O,Cu54...O2,2.096,Cu-O,64,5,CHO,Cu100_formic_acid.png
Cu100_furfural,Cu100,furfural,reasonable,1.973,Cu-O,Cu55...O1,1.973,Cu-O,64,11,CHO,Cu100_furfural.png
Cu100_glycerol,Cu100,glycerol,reasonable,2.161,Cu-O,Cu55...O3,2.161,Cu-O,64,14,CHO,Cu100_glycerol.png
Cu100_isobutene,Cu100,isobutene,reasonable,2.978,Cu-C,Cu63...C3,2.978,Cu-C,64,12,CH,Cu100_isobutene.png
Cu100_isoprene,Cu100,isoprene,reasonable,2.123,Cu-C,Cu54...C3,2.123,Cu-C,64,13,CH,Cu100_isoprene.png
Cu100_isopropanol,Cu100,isopropanol,reasonable,2.177,Cu-O,Cu62...O1,2.177,Cu-O,64,12,CHO,Cu100_isopropanol.png
Cu100_itaconic_acid,Cu100,itaconic_acid,reasonable,2.073,Cu-O,Cu59...O2,2.073,Cu-O,64,15,CHO,Cu100_itaconic_acid.png
Cu100_lactic_acid,Cu100,lactic_acid,reasonable,2.118,Cu-O,Cu55...O2,2.118,Cu-O,64,12,CHO,Cu100_lactic_acid.png
Cu100_methanol,Cu100,methanol,reasonable,2.187,Cu-O,Cu59...O1,2.187,Cu-O,64,6,CHO,Cu100_methanol.png
Cu100_methylmethacrylate,Cu100,methylmethacrylate,reasonable,2.067,Cu-O,Cu59...O2,2.067,Cu-O,64,15,CHO,Cu100_methylmethacrylate.png
Cu100_propane,Cu100,propane,reasonable,2.903,Cu-H,Cu58...H5,3.841,Cu-C,64,11,CH,Cu100_propane.png
Cu100_propanol,Cu100,propanol,reasonable,2.22,Cu-O,Cu59...O1,2.22,Cu-O,64,12,CHO,Cu100_propanol.png
Cu100_propene,Cu100,propene,borderline,3.009,Cu-H,Cu64...H5,3.147,Cu-C,64,9,CH,Cu100_propene.png
Cu100_propionic_acid,Cu100,propionic_acid,reasonable,2.068,Cu-O,Cu59...O1,2.068,Cu-O,64,11,CHO,Cu100_propionic_acid.png
Cu100_pyruvic_acid,Cu100,pyruvic_acid,reasonable,1.997,Cu-O,Cu59...O1,1.997,Cu-O,64,10,CHO,Cu100_pyruvic_acid.png
Cu100_toluene,Cu100,toluene,reasonable,2.743,Cu-H,Cu59...H6,2.787,Cu-C,64,15,CH,Cu100_toluene.png
Cu100_valeric_acid,Cu100,valeric_acid,reasonable,2.02,Cu-O,Cu60...O1,2.02,Cu-O,64,17,CHO,Cu100_valeric_acid.png
Cu110_1-butene,Cu110,1-butene,reasonable,2.071,Cu-C,Cu23...C4,2.071,Cu-C,24,12,CH,Cu110_1-butene.png
Cu110_1-pentene,Cu110,1-pentene,reasonable,2.081,Cu-C,Cu21...C5,2.081,Cu-C,24,15,CH,Cu110_1-pentene.png
Cu110_2-pentanone,Cu110,2-pentanone,reasonable,2.012,Cu-O,Cu23...O1,2.012,Cu-O,24,16,CHO,Cu110_2-pentanone.png
Cu110_3-MTHF,Cu110,3-MTHF,detached,3.911,Cu-H,Cu24...H9,4.53,Cu-O,24,16,CHO,Cu110_3-MTHF.png
Cu110_3-hydroxypropionic_acid,Cu110,3-hydroxypropionic_acid,reasonable,2.059,Cu-O,Cu20...O2,2.059,Cu-O,24,12,CHO,Cu110_3-hydroxypropionic_acid.png
Cu110_5-HMF,Cu110,5-HMF,reasonable,2.036,Cu-O,Cu20...O2,2.036,Cu-O,24,15,CHO,Cu110_5-HMF.png
Cu110_5-heptanone,Cu110,5-heptanone,reasonable,1.99,Cu-O,Cu20...O1,1.99,Cu-O,24,22,CHO,Cu110_5-heptanone.png
Cu110_CO,Cu110,CO,reasonable,1.956,Cu-C,Cu20...C1,1.956,Cu-C,24,2,CO,Cu110_CO.png
Cu110_CO2,Cu110,CO2,borderline,3.569,Cu-O,Cu23...O2,3.569,Cu-O,24,3,CO,Cu110_CO2.png
Cu110_DME,Cu110,DME,reasonable,2.366,Cu-O,Cu23...O1,2.366,Cu-O,24,9,CHO,Cu110_DME.png
Cu110_H2O,Cu110,H2O,reasonable,2.122,Cu-O,Cu23...O1,2.122,Cu-O,24,3,HO,Cu110_H2O.png
Cu110_acetaldehyde,Cu110,acetaldehyde,reasonable,2.038,Cu-O,Cu20...O1,2.038,Cu-O,24,7,CHO,Cu110_acetaldehyde.png
Cu110_acetic_acid,Cu110,acetic_acid,reasonable,2.059,Cu-O,Cu23...O1,2.059,Cu-O,24,8,CHO,Cu110_acetic_acid.png
Cu110_benzene,Cu110,benzene,borderline,3.38,Cu-H,Cu20...H5,3.735,Cu-C,24,12,CH,Cu110_benzene.png
Cu110_butadiene,Cu110,butadiene,reasonable,2.065,Cu-C,Cu24...C1,2.065,Cu-C,24,10,CH,Cu110_butadiene.png
Cu110_butyric_acid,Cu110,butyric_acid,reasonable,2.025,Cu-O,Cu20...O1,2.025,Cu-O,24,14,CHO,Cu110_butyric_acid.png
Cu110_caproic_acid,Cu110,caproic_acid,reasonable,2.013,Cu-O,Cu24...O1,2.013,Cu-O,24,20,CHO,Cu110_caproic_acid.png
Cu110_cyclopentanone,Cu110,cyclopentanone,reasonable,2.008,Cu-O,Cu23...O1,2.008,Cu-O,24,14,CHO,Cu110_cyclopentanone.png
Cu110_ethane,Cu110,ethane,borderline,3.081,Cu-H,Cu23...H1,3.758,Cu-C,24,8,CH,Cu110_ethane.png
Cu110_ethanol,Cu110,ethanol,reasonable,2.095,Cu-O,Cu59...O1,2.095,Cu-O,64,9,CHO,Cu110_ethanol.png
Cu110_ethene,Cu110,ethene,reasonable,2.022,Cu-C,Cu23...C2,2.022,Cu-C,24,6,CH,Cu110_ethene.png
Cu110_ethylene,Cu110,ethylene,reasonable,2.04,Cu-C,Cu23...C2,2.04,Cu-C,24,6,CH,Cu110_ethylene.png
Cu110_formic_acid,Cu110,formic_acid,reasonable,2.044,Cu-O,Cu20...O2,2.044,Cu-O,24,5,CHO,Cu110_formic_acid.png
Cu110_furfural,Cu110,furfural,reasonable,2.045,Cu-O,Cu24...O1,2.045,Cu-O,24,11,CHO,Cu110_furfural.png
Cu110_glycerol,Cu110,glycerol,reasonable,2.112,Cu-O,Cu63...O3,2.112,Cu-O,64,14,CHO,Cu110_glycerol.png
Cu110_isobutene,Cu110,isobutene,borderline,3.295,Cu-H,Cu20...H4,4.04,Cu-C,24,12,CH,Cu110_isobutene.png
Cu110_isoprene,Cu110,isoprene,reasonable,2.988,Cu-H,Cu21...H4,3.606,Cu-C,24,13,CH,Cu110_isoprene.png
Cu110_isopropanol,Cu110,isopropanol,reasonable,2.093,Cu-O,Cu55...O1,2.093,Cu-O,64,12,CHO,Cu110_isopropanol.png
Cu110_itaconic_acid,Cu110,itaconic_acid,reasonable,2.014,Cu-O,Cu23...O3,2.014,Cu-O,24,15,CHO,Cu110_itaconic_acid.png
Cu110_lactic_acid,Cu110,lactic_acid,reasonable,2.088,Cu-O,Cu20...O2,2.088,Cu-O,24,12,CHO,Cu110_lactic_acid.png
Cu110_methanol,Cu110,methanol,reasonable,2.133,Cu-O,Cu23...O1,2.133,Cu-O,24,6,CHO,Cu110_methanol.png
Cu110_methylmethacrylate,Cu110,methylmethacrylate,reasonable,2.031,Cu-O,Cu20...O2,2.031,Cu-O,24,15,CHO,Cu110_methylmethacrylate.png
Cu110_propane,Cu110,propane,reasonable,2.907,Cu-H,Cu23...H6,3.732,Cu-C,24,11,CH,Cu110_propane.png
Cu110_propanol,Cu110,propanol,reasonable,2.152,Cu-O,Cu23...O1,2.152,Cu-O,24,12,CHO,Cu110_propanol.png
Cu110_propene,Cu110,propene,reasonable,2.069,Cu-C,Cu55...C2,2.069,Cu-C,64,9,CH,Cu110_propene.png
Cu110_propionic_acid,Cu110,propionic_acid,reasonable,2.038,Cu-O,Cu22...O1,2.038,Cu-O,24,11,CHO,Cu110_propionic_acid.png
Cu110_pyruvic_acid,Cu110,pyruvic_acid,reasonable,2.012,Cu-O,Cu20...O2,2.012,Cu-O,24,10,CHO,Cu110_pyruvic_acid.png
Cu110_toluene,Cu110,toluene,borderline,3.234,Cu-H,Cu20...H6,3.909,Cu-C,24,15,CH,Cu110_toluene.png
Cu110_valeric_acid,Cu110,valeric_acid,reasonable,2.04,Cu-O,Cu20...O1,2.04,Cu-O,24,17,CHO,Cu110_valeric_acid.png
Cu111_1-butene,Cu111,1-butene,borderline,3.222,Cu-H,Cu52...H7,3.61,Cu-C,64,12,CH,Cu111_1-butene.png
Cu111_1-pentene,Cu111,1-pentene,borderline,3.205,Cu-H,Cu55...H4,3.218,Cu-C,64,15,CH,Cu111_1-pentene.png
Cu111_2-pentanone,Cu111,2-pentanone,reasonable,2.126,Cu-O,Cu56...O1,2.126,Cu-O,64,16,CHO,Cu111_2-pentanone.png
Cu111_3-MTHF,Cu111,3-MTHF,detached,3.677,Cu-H,Cu49...H9,3.697,Cu-O,64,16,CHO,Cu111_3-MTHF.png
Cu111_3-hydroxypropionic_acid,Cu111,3-hydroxypropionic_acid,reasonable,2.557,Cu-H,Cu62...H6,2.776,Cu-O,64,12,CHO,Cu111_3-hydroxypropionic_acid.png
Cu111_5-HMF,Cu111,5-HMF,reasonable,2.973,Cu-H,Cu60...H4,3.171,Cu-O,64,15,CHO,Cu111_5-HMF.png
Cu111_5-heptanone,Cu111,5-heptanone,reasonable,2.136,Cu-O,Cu58...O1,2.136,Cu-O,64,22,CHO,Cu111_5-heptanone.png
Cu111_CO,Cu111,CO,reasonable,2.025,Cu-C,Cu51...C1,2.025,Cu-C,64,2,CO,Cu111_CO.png
Cu111_CO2,Cu111,CO2,detached,3.783,Cu-C,Cu58...C1,3.783,Cu-C,64,3,CO,Cu111_CO2.png
Cu111_DME,Cu111,DME,borderline,3.372,Cu-O,Cu58...O1,3.372,Cu-O,64,9,CHO,Cu111_DME.png
Cu111_H2O,Cu111,H2O,reasonable,2.989,Cu-H,Cu50...H1,3.464,Cu-O,64,3,HO,Cu111_H2O.png
Cu111_acetaldehyde,Cu111,acetaldehyde,reasonable,2.189,Cu-O,Cu58...O1,2.189,Cu-O,64,7,CHO,Cu111_acetaldehyde.png
Cu111_acetic_acid,Cu111,acetic_acid,reasonable,2.158,Cu-O,Cu59...O1,2.158,Cu-O,64,8,CHO,Cu111_acetic_acid.png
Cu111_benzene,Cu111,benzene,borderline,3.257,Cu-H,Cu62...H2,3.716,Cu-C,64,12,CH,Cu111_benzene.png
Cu111_butadiene,Cu111,butadiene,borderline,3.216,Cu-C,Cu58...C1,3.216,Cu-C,64,10,CH,Cu111_butadiene.png
Cu111_butyric_acid,Cu111,butyric_acid,reasonable,2.152,Cu-O,Cu62...O1,2.152,Cu-O,64,14,CHO,Cu111_butyric_acid.png
Cu111_caproic_acid,Cu111,caproic_acid,reasonable,2.119,Cu-O,Cu53...O1,2.119,Cu-O,64,20,CHO,Cu111_caproic_acid.png
Cu111_cyclopentanone,Cu111,cyclopentanone,reasonable,2.129,Cu-O,Cu58...O1,2.129,Cu-O,64,14,CHO,Cu111_cyclopentanone.png
Cu111_ethane,Cu111,ethane,borderline,3.056,Cu-H,Cu60...H3,3.932,Cu-C,64,8,CH,Cu111_ethane.png
Cu111_ethanol,Cu111,ethanol,reasonable,2.639,Cu-O,Cu55...O1,2.639,Cu-O,64,9,CHO,Cu111_ethanol.png
Cu111_ethene,Cu111,ethene,borderline,3.429,Cu-H,Cu63...H3,3.709,Cu-C,64,6,CH,Cu111_ethene.png
Cu111_ethylene,Cu111,ethylene,detached,3.619,Cu-H,Cu59...H1,3.832,Cu-C,64,6,CH,Cu111_ethylene.png
Cu111_formic_acid,Cu111,formic_acid,reasonable,2.475,Cu-H,Cu53...H1,3.112,Cu-O,64,5,CHO,Cu111_formic_acid.png
Cu111_furfural,Cu111,furfural,borderline,3.146,Cu-H,Cu59...H3,3.363,Cu-C,64,11,CHO,Cu111_furfural.png
Cu111_glycerol,Cu111,glycerol,reasonable,2.77,Cu-H,Cu63...H8,3.443,Cu-O,64,14,CHO,Cu111_glycerol.png
Cu111_isobutene,Cu111,isobutene,borderline,3.27,Cu-H,Cu63...H5,3.322,Cu-C,64,12,CH,Cu111_isobutene.png
Cu111_isoprene,Cu111,isoprene,borderline,3.249,Cu-H,Cu59...H6,3.539,Cu-C,64,13,CH,Cu111_isoprene.png
Cu111_isopropanol,Cu111,isopropanol,reasonable,2.533,Cu-O,Cu54...O1,2.533,Cu-O,64,12,CHO,Cu111_isopropanol.png
Cu111_itaconic_acid,Cu111,itaconic_acid,reasonable,2.976,Cu-H,Cu51...H1,3.464,Cu-O,64,15,CHO,Cu111_itaconic_acid.png
Cu111_lactic_acid,Cu111,lactic_acid,reasonable,2.422,Cu-H,Cu58...H6,2.699,Cu-O,64,12,CHO,Cu111_lactic_acid.png
Cu111_methanol,Cu111,methanol,reasonable,2.38,Cu-O,Cu54...O1,2.38,Cu-O,64,6,CHO,Cu111_methanol.png
Cu111_methylmethacrylate,Cu111,methylmethacrylate,borderline,3.311,Cu-H,Cu60...H5,3.368,Cu-C,64,15,CHO,Cu111_methylmethacrylate.png
Cu111_propane,Cu111,propane,reasonable,2.913,Cu-H,Cu51...H4,3.872,Cu-C,64,11,CH,Cu111_propane.png
Cu111_propanol,Cu111,propanol,reasonable,2.398,Cu-O,Cu54...O1,2.398,Cu-O,64,12,CHO,Cu111_propanol.png
Cu111_propene,Cu111,propene,borderline,3.321,Cu-H,Cu58...H5,3.661,Cu-C,64,9,CH,Cu111_propene.png
Cu111_propionic_acid,Cu111,propionic_acid,reasonable,2.122,Cu-O,Cu58...O1,2.122,Cu-O,64,11,CHO,Cu111_propionic_acid.png
Cu111_pyruvic_acid,Cu111,pyruvic_acid,reasonable,2.754,Cu-O,Cu55...O2,2.754,Cu-O,64,10,CHO,Cu111_pyruvic_acid.png
Cu111_toluene,Cu111,toluene,borderline,3.166,Cu-H,Cu55...H6,3.402,Cu-C,64,15,CH,Cu111_toluene.png
Cu111_valeric_acid,Cu111,valeric_acid,reasonable,2.186,Cu-O,Cu59...O1,2.186,Cu-O,64,17,CHO,Cu111_valeric_acid.png
Fe100_1-butene,Fe100,1-butene,reasonable,1.979,Fe-H,Fe32...H4,2.083,Fe-C,36,12,CH,Fe100_1-butene.png
Fe100_1-pentene,Fe100,1-pentene,reasonable,1.844,Fe-H,Fe32...H6,2.071,Fe-C,36,15,CH,Fe100_1-pentene.png
Fe100_2-pentanone,Fe100,2-pentanone,reasonable,2.363,Fe-H,Fe32...H5,3.462,Fe-C,36,16,CHO,Fe100_2-pentanone.png
Fe100_3-MTHF,Fe100,3-MTHF,borderline,3.355,Fe-H,Fe35...H6,4.217,Fe-C,36,16,CHO,Fe100_3-MTHF.png
Fe100_3-hydroxypropionic_acid,Fe100,3-hydroxypropionic_acid,detached,4.395,Fe-H,Fe30...H5,5.267,Fe-C,36,12,CHO,Fe100_3-hydroxypropionic_acid.png
Fe100_5-HMF,Fe100,5-HMF,detached,3.693,Fe-H,Fe35...H4,4.624,Fe-C,36,15,CHO,Fe100_5-HMF.png
Fe100_5-heptanone,Fe100,5-heptanone,borderline,3.531,Fe-H,Fe34...H5,4.47,Fe-C,36,22,CHO,Fe100_5-heptanone.png
Fe100_CO,Fe100,CO,detached,5.757,Fe-C,Fe32...C1,5.757,Fe-C,36,2,CO,Fe100_CO.png
Fe100_CO2,Fe100,CO2,detached,5.957,Fe-C,Fe31...C1,5.957,Fe-C,36,3,CO,Fe100_CO2.png
Fe100_DME,Fe100,DME,detached,4.484,Fe-H,Fe33...H4,5.279,Fe-C,36,9,CHO,Fe100_DME.png
Fe100_H2O,Fe100,H2O,detached,5.489,Fe-H,Fe35...H1,6.066,Fe-O,36,3,HO,Fe100_H2O.png
Fe100_acetaldehyde,Fe100,acetaldehyde,borderline,3.492,Fe-H,Fe32...H2,3.907,Fe-C,36,7,CHO,Fe100_acetaldehyde.png
Fe100_acetic_acid,Fe100,acetic_acid,detached,4.166,Fe-H,Fe35...H2,4.485,Fe-C,36,8,CHO,Fe100_acetic_acid.png
Fe100_benzene,Fe100,benzene,reasonable,2.095,Fe-C,Fe33...C2,2.095,Fe-C,36,12,CH,Fe100_benzene.png
Fe100_butadiene,Fe100,butadiene,reasonable,2.024,Fe-H,Fe34...H6,2.083,Fe-C,36,10,CH,Fe100_butadiene.png
Fe100_butyric_acid,Fe100,butyric_acid,borderline,3.162,Fe-H,Fe33...H3,3.935,Fe-C,36,14,CHO,Fe100_butyric_acid.png
Fe100_caproic_acid,Fe100,caproic_acid,borderline,3.347,Fe-H,Fe34...H4,4.083,Fe-C,36,20,CHO,Fe100_caproic_acid.png
Fe100_cyclopentanone,Fe100,cyclopentanone,borderline,3.295,Fe-H,Fe32...H6,4.361,Fe-C,36,14,CHO,Fe100_cyclopentanone.png
Fe100_ethane,Fe100,ethane,reasonable,2.397,Fe-H,Fe32...H1,3.487,Fe-C,36,8,CH,Fe100_ethane.png
Fe100_ethanol,Fe100,ethanol,borderline,3.592,Fe-H,Fe32...H5,3.859,Fe-C,36,9,CHO,Fe100_ethanol.png
Fe100_ethene,Fe100,ethene,reasonable,2.052,Fe-C,Fe36...C1,2.052,Fe-C,36,6,CH,Fe100_ethene.png
Fe100_ethylene,Fe100,ethylene,reasonable,2.06,Fe-C,Fe32...C2,2.06,Fe-C,36,6,CH,Fe100_ethylene.png
Fe100_formic_acid,Fe100,formic_acid,detached,4.658,Fe-H,Fe35...H2,5.689,Fe-C,36,5,CHO,Fe100_formic_acid.png
Fe100_furfural,Fe100,furfural,borderline,3.36,Fe-H,Fe33...H3,4.086,Fe-C,36,11,CHO,Fe100_furfural.png
Fe100_glycerol,Fe100,glycerol,detached,4.545,Fe-H,Fe35...H6,5.559,Fe-C,36,14,CHO,Fe100_glycerol.png
Fe100_isobutene,Fe100,isobutene,detached,4.045,Fe-H,Fe32...H5,4.181,Fe-C,36,12,CH,Fe100_isobutene.png
Fe100_isoprene,Fe100,isoprene,reasonable,2.096,Fe-C,Fe28...C4,2.096,Fe-C,36,13,CH,Fe100_isoprene.png
Fe100_isopropanol,Fe100,isopropanol,detached,3.698,Fe-H,Fe36...H6,4.302,Fe-C,36,12,CHO,Fe100_isopropanol.png
Fe100_itaconic_acid,Fe100,itaconic_acid,detached,5.058,Fe-H,Fe32...H2,6.064,Fe-O,36,15,CHO,Fe100_itaconic_acid.png
Fe100_lactic_acid,Fe100,lactic_acid,detached,4.491,Fe-H,Fe32...H3,5.433,Fe-C,36,12,CHO,Fe100_lactic_acid.png
Fe100_methanol,Fe100,methanol,detached,4.227,Fe-H,Fe28...H3,4.655,Fe-C,36,6,CHO,Fe100_methanol.png
Fe100_methylmethacrylate,Fe100,methylmethacrylate,detached,4.341,Fe-H,Fe35...H4,4.695,Fe-C,36,15,CHO,Fe100_methylmethacrylate.png
Fe100_propane,Fe100,propane,reasonable,2.359,Fe-H,Fe35...H4,3.468,Fe-C,36,11,CH,Fe100_propane.png
Fe100_propanol,Fe100,propanol,detached,3.665,Fe-H,Fe30...H5,4.339,Fe-C,36,12,CHO,Fe100_propanol.png
Fe100_propene,Fe100,propene,borderline,3.421,Fe-H,Fe32...H5,3.775,Fe-C,36,9,CH,Fe100_propene.png
Fe100_propionic_acid,Fe100,propionic_acid,reasonable,2.996,Fe-H,Fe33...H1,3.664,Fe-C,36,11,CHO,Fe100_propionic_acid.png
Fe100_pyruvic_acid,Fe100,pyruvic_acid,detached,4.158,Fe-H,Fe36...H2,4.891,Fe-C,36,10,CHO,Fe100_pyruvic_acid.png
Fe100_toluene,Fe100,toluene,reasonable,2.098,Fe-C,Fe35...C4,2.098,Fe-C,36,15,CH,Fe100_toluene.png
Fe100_valeric_acid,Fe100,valeric_acid,borderline,3.214,Fe-H,Fe36...H4,4.178,Fe-C,36,17,CHO,Fe100_valeric_acid.png
Fe110_1-butene,Fe110,1-butene,borderline,3.258,Fe-H,Fe22...H4,3.919,Fe-C,24,12,CH,Fe110_1-butene.png
Fe110_1-pentene,Fe110,1-pentene,borderline,3.002,Fe-H,Fe22...H6,3.99,Fe-C,24,15,CH,Fe110_1-pentene.png
Fe110_2-pentanone,Fe110,2-pentanone,reasonable,2.475,Fe-H,Fe23...H5,3.474,Fe-C,24,16,CHO,Fe110_2-pentanone.png
Fe110_3-MTHF,Fe110,3-MTHF,borderline,3.287,Fe-H,Fe23...H7,4.149,Fe-C,24,16,CHO,Fe110_3-MTHF.png
Fe110_3-hydroxypropionic_acid,Fe110,3-hydroxypropionic_acid,detached,4.58,Fe-H,Fe19...H5,5.336,Fe-C,24,12,CHO,Fe110_3-hydroxypropionic_acid.png
Fe110_5-HMF,Fe110,5-HMF,detached,3.625,Fe-H,Fe22...H4,4.546,Fe-C,24,15,CHO,Fe110_5-HMF.png
Fe110_5-heptanone,Fe110,5-heptanone,reasonable,2.979,Fe-H,Fe22...H2,3.787,Fe-C,24,22,CHO,Fe110_5-heptanone.png
Fe110_CO,Fe110,CO,detached,5.485,Fe-C,Fe23...C1,5.485,Fe-C,24,2,CO,Fe110_CO.png
Fe110_CO2,Fe110,CO2,detached,7.321,Fe-C,Fe23...C1,7.321,Fe-C,24,3,CO,Fe110_CO2.png
Fe110_DME,Fe110,DME,detached,5.352,Fe-H,Fe20...H3,6.31,Fe-C,24,9,CHO,Fe110_DME.png
Fe110_H2O,Fe110,H2O,detached,5.853,Fe-H,Fe19...H2,6.566,Fe-O,24,3,HO,Fe110_H2O.png
Fe110_acetaldehyde,Fe110,acetaldehyde,detached,3.749,Fe-H,Fe20...H3,4.554,Fe-C,24,7,CHO,Fe110_acetaldehyde.png
Fe110_acetic_acid,Fe110,acetic_acid,detached,3.76,Fe-H,Fe20...H1,4.746,Fe-C,24,8,CHO,Fe110_acetic_acid.png
Fe110_benzene,Fe110,benzene,borderline,3.3,Fe-H,Fe20...H3,3.992,Fe-C,24,12,CH,Fe110_benzene.png
Fe110_butadiene,Fe110,butadiene,reasonable,1.902,Fe-H,Fe22...H4,1.999,Fe-C,24,10,CH,Fe110_butadiene.png
Fe110_butyric_acid,Fe110,butyric_acid,borderline,3.31,Fe-H,Fe21...H3,4.089,Fe-C,24,14,CHO,Fe110_butyric_acid.png
Fe110_caproic_acid,Fe110,caproic_acid,reasonable,2.625,Fe-H,Fe22...H4,3.687,Fe-C,24,20,CHO,Fe110_caproic_acid.png
Fe110_cyclopentanone,Fe110,cyclopentanone,borderline,3.309,Fe-H,Fe19...H5,4.098,Fe-C,24,14,CHO,Fe110_cyclopentanone.png
Fe110_ethane,Fe110,ethane,borderline,3.274,Fe-H,Fe22...H3,4.022,Fe-C,24,8,CH,Fe110_ethane.png
Fe110_ethanol,Fe110,ethanol,borderline,3.561,Fe-H,Fe20...H5,4.126,Fe-C,24,9,CHO,Fe110_ethanol.png
Fe110_ethene,Fe110,ethene,reasonable,2.068,Fe-C,Fe23...C2,2.068,Fe-C,24,6,CH,Fe110_ethene.png
Fe110_ethylene,Fe110,ethylene,reasonable,2.063,Fe-C,Fe19...C2,2.063,Fe-C,24,6,CH,Fe110_ethylene.png
Fe110_formic_acid,Fe110,formic_acid,detached,5.02,Fe-H,Fe23...H2,6.052,Fe-C,24,5,CHO,Fe110_formic_acid.png
Fe110_furfural,Fe110,furfural,borderline,3.507,Fe-H,Fe22...H2,4.552,Fe-C,24,11,CHO,Fe110_furfural.png
Fe110_glycerol,Fe110,glycerol,detached,4.831,Fe-H,Fe23...H3,5.8,Fe-C,24,14,CHO,Fe110_glycerol.png
Fe110_isobutene,Fe110,isobutene,borderline,3.597,Fe-H,Fe22...H3,4.392,Fe-C,24,12,CH,Fe110_isobutene.png
Fe110_isoprene,Fe110,isoprene,borderline,3.355,Fe-H,Fe23...H6,4.373,Fe-C,24,13,CH,Fe110_isoprene.png
Fe110_isopropanol,Fe110,isopropanol,borderline,3.541,Fe-H,Fe20...H1,4.548,Fe-C,24,12,CHO,Fe110_isopropanol.png
Fe110_itaconic_acid,Fe110,itaconic_acid,detached,3.734,Fe-H,Fe23...H5,4.501,Fe-C,24,15,CHO,Fe110_itaconic_acid.png
Fe110_lactic_acid,Fe110,lactic_acid,detached,4.143,Fe-H,Fe23...H1,4.524,Fe-C,24,12,CHO,Fe110_lactic_acid.png
Fe110_methanol,Fe110,methanol,detached,3.989,Fe-H,Fe22...H4,4.593,Fe-C,24,6,CHO,Fe110_methanol.png
Fe110_methylmethacrylate,Fe110,methylmethacrylate,borderline,3.568,Fe-H,Fe23...H4,4.617,Fe-C,24,15,CHO,Fe110_methylmethacrylate.png
Fe110_propane,Fe110,propane,borderline,3.213,Fe-H,Fe23...H5,4.093,Fe-C,24,11,CH,Fe110_propane.png
Fe110_propanol,Fe110,propanol,borderline,3.339,Fe-H,Fe24...H1,4.308,Fe-C,24,12,CHO,Fe110_propanol.png
Fe110_propene,Fe110,propene,borderline,3.366,Fe-H,Fe23...H6,3.989,Fe-C,24,9,CH,Fe110_propene.png
Fe110_propionic_acid,Fe110,propionic_acid,borderline,3.482,Fe-H,Fe21...H3,4.231,Fe-C,24,11,CHO,Fe110_propionic_acid.png
Fe110_pyruvic_acid,Fe110,pyruvic_acid,detached,4.038,Fe-H,Fe19...H2,4.856,Fe-C,24,10,CHO,Fe110_pyruvic_acid.png
Fe110_toluene,Fe110,toluene,reasonable,2.318,Fe-H,Fe22...H6,3.357,Fe-C,24,15,CH,Fe110_toluene.png
Fe110_valeric_acid,Fe110,valeric_acid,borderline,3.183,Fe-H,Fe19...H3,4.017,Fe-C,24,17,CHO,Fe110_valeric_acid.png
Fe111_1-butene,Fe111,1-butene,reasonable,2.1,Fe-C,Fe63...C4,2.1,Fe-C,64,12,CH,Fe111_1-butene.png
Fe111_1-pentene,Fe111,1-pentene,reasonable,2.122,Fe-C,Fe59...C5,2.122,Fe-C,64,15,CH,Fe111_1-pentene.png
Fe111_2-pentanone,Fe111,2-pentanone,reasonable,2.352,Fe-H,Fe59...H2,2.965,Fe-C,64,16,CHO,Fe111_2-pentanone.png
Fe111_3-MTHF,Fe111,3-MTHF,reasonable,2.446,Fe-H,Fe59...H3,3.446,Fe-C,64,16,CHO,Fe111_3-MTHF.png
Fe111_3-hydroxypropionic_acid,Fe111,3-hydroxypropionic_acid,borderline,3.524,Fe-H,Fe58...H5,4.428,Fe-C,64,12,CHO,Fe111_3-hydroxypropionic_acid.png
Fe111_5-HMF,Fe111,5-HMF,detached,3.628,Fe-H,Fe59...H4,4.328,Fe-C,64,15,CHO,Fe111_5-HMF.png
Fe111_5-heptanone,Fe111,5-heptanone,reasonable,2.39,Fe-H,Fe60...H7,3.097,Fe-C,64,22,CHO,Fe111_5-heptanone.png
Fe111_CO,Fe111,CO,detached,5.457,Fe-C,Fe62...C1,5.457,Fe-C,64,2,CO,Fe111_CO.png
Fe111_CO2,Fe111,CO2,detached,6.006,Fe-O,Fe54...O2,6.006,Fe-O,64,3,CO,Fe111_CO2.png
Fe111_DME,Fe111,DME,detached,4.199,Fe-H,Fe59...H4,4.811,Fe-C,64,9,CHO,Fe111_DME.png
Fe111_H2O,Fe111,H2O,detached,5.561,Fe-H,Fe63...H2,6.077,Fe-O,64,3,HO,Fe111_H2O.png
Fe111_acetaldehyde,Fe111,acetaldehyde,borderline,3.521,Fe-H,Fe58...H2,3.785,Fe-C,64,7,CHO,Fe111_acetaldehyde.png
Fe111_acetic_acid,Fe111,acetic_acid,detached,3.606,Fe-H,Fe59...H2,3.928,Fe-C,64,8,CHO,Fe111_acetic_acid.png
Fe111_benzene,Fe111,benzene,reasonable,2.103,Fe-C,Fe61...C4,2.103,Fe-C,64,12,CH,Fe111_benzene.png
Fe111_butadiene,Fe111,butadiene,reasonable,2.0,Fe-H,Fe57...H4,2.066,Fe-C,64,10,CH,Fe111_butadiene.png
Fe111_butyric_acid,Fe111,butyric_acid,reasonable,2.417,Fe-H,Fe62...H4,3.21,Fe-C,64,14,CHO,Fe111_butyric_acid.png
Fe111_caproic_acid,Fe111,caproic_acid,reasonable,1.995,Fe-H,Fe54...H2,2.383,Fe-C,64,20,CHO,Fe111_caproic_acid.png
Fe111_cyclopentanone,Fe111,cyclopentanone,reasonable,2.126,Fe-H,Fe62...H5,2.584,Fe-C,64,14,CHO,Fe111_cyclopentanone.png
Fe111_ethane,Fe111,ethane,reasonable,2.291,Fe-H,Fe54...H4,2.854,Fe-C,64,8,CH,Fe111_ethane.png
Fe111_ethanol,Fe111,ethanol,reasonable,2.617,Fe-H,Fe59...H5,3.566,Fe-C,64,9,CHO,Fe111_ethanol.png
Fe111_ethene,Fe111,ethene,reasonable,2.084,Fe-C,Fe58...C1,2.084,Fe-C,64,6,CH,Fe111_ethene.png
Fe111_ethylene,Fe111,ethylene,reasonable,2.081,Fe-C,Fe59...C1,2.081,Fe-C,64,6,CH,Fe111_ethylene.png
Fe111_formic_acid,Fe111,formic_acid,detached,4.643,Fe-H,Fe63...H2,5.674,Fe-C,64,5,CHO,Fe111_formic_acid.png
Fe111_furfural,Fe111,furfural,borderline,3.413,Fe-H,Fe54...H3,3.929,Fe-C,64,11,CHO,Fe111_furfural.png
Fe111_glycerol,Fe111,glycerol,detached,3.929,Fe-H,Fe59...H6,4.47,Fe-C,64,14,CHO,Fe111_glycerol.png
Fe111_isobutene,Fe111,isobutene,reasonable,2.117,Fe-C,Fe58...C3,2.117,Fe-C,64,12,CH,Fe111_isobutene.png
Fe111_isoprene,Fe111,isoprene,reasonable,2.081,Fe-C,Fe55...C3,2.081,Fe-C,64,13,CH,Fe111_isoprene.png
Fe111_isopropanol,Fe111,isopropanol,reasonable,2.557,Fe-H,Fe60...H7,3.529,Fe-C,64,12,CHO,Fe111_isopropanol.png
Fe111_itaconic_acid,Fe111,itaconic_acid,detached,3.765,Fe-H,Fe59...H2,4.356,Fe-C,64,15,CHO,Fe111_itaconic_acid.png
Fe111_lactic_acid,Fe111,lactic_acid,detached,3.635,Fe-H,Fe59...H3,4.066,Fe-C,64,12,CHO,Fe111_lactic_acid.png
Fe111_methanol,Fe111,methanol,detached,4.194,Fe-H,Fe59...H1,4.492,Fe-C,64,6,CHO,Fe111_methanol.png
Fe111_methylmethacrylate,Fe111,methylmethacrylate,reasonable,2.327,Fe-H,Fe58...H4,3.251,Fe-C,64,15,CHO,Fe111_methylmethacrylate.png
Fe111_propane,Fe111,propane,reasonable,2.073,Fe-H,Fe58...H8,2.472,Fe-C,64,11,CH,Fe111_propane.png
Fe111_propanol,Fe111,propanol,reasonable,2.273,Fe-H,Fe59...H1,3.35,Fe-C,64,12,CHO,Fe111_propanol.png
Fe111_propene,Fe111,propene,reasonable,2.102,Fe-C,Fe54...C3,2.102,Fe-C,64,9,CH,Fe111_propene.png
Fe111_propionic_acid,Fe111,propionic_acid,reasonable,2.191,Fe-H,Fe59...H1,3.2,Fe-C,64,11,CHO,Fe111_propionic_acid.png
Fe111_pyruvic_acid,Fe111,pyruvic_acid,detached,3.693,Fe-H,Fe58...H2,4.383,Fe-C,64,10,CHO,Fe111_pyruvic_acid.png
Fe111_toluene,Fe111,toluene,reasonable,2.07,Fe-C,Fe54...C5,2.07,Fe-C,64,15,CH,Fe111_toluene.png
Fe111_valeric_acid,Fe111,valeric_acid,reasonable,2.265,Fe-H,Fe63...H3,3.092,Fe-C,64,17,CHO,Fe111_valeric_acid.png
H2_1-butene,H2,1-butene,gas_phase,,,,,,0,14,CH,H2_1-butene.png
H2_1-pentene,H2,1-pentene,gas_phase,,,,,,0,17,CH,H2_1-pentene.png
H2_2-pentanone,H2,2-pentanone,gas_phase,,,,,,0,18,CHO,H2_2-pentanone.png
H2_3-MTHF,H2,3-MTHF,gas_phase,,,,,,0,18,CHO,H2_3-MTHF.png
H2_3-hydroxypropionic_acid,H2,3-hydroxypropionic_acid,gas_phase,,,,,,0,14,CHO,H2_3-hydroxypropionic_acid.png
H2_5-HMF,H2,5-HMF,gas_phase,,,,,,0,17,CHO,H2_5-HMF.png
H2_5-heptanone,H2,5-heptanone,gas_phase,,,,,,0,24,CHO,H2_5-heptanone.png
H2_CO,H2,CO,gas_phase,,,,,,0,4,CHO,H2_CO.png
H2_CO2,H2,CO2,gas_phase,,,,,,0,5,CHO,H2_CO2.png
H2_DME,H2,DME,gas_phase,,,,,,0,11,CHO,H2_DME.png
H2_H2O,H2,H2O,gas_phase,,,,,,0,5,HO,H2_H2O.png
H2_acetaldehyde,H2,acetaldehyde,gas_phase,,,,,,0,9,CHO,H2_acetaldehyde.png
H2_acetic_acid,H2,acetic_acid,gas_phase,,,,,,0,10,CHO,H2_acetic_acid.png
H2_benzene,H2,benzene,gas_phase,,,,,,0,14,CH,H2_benzene.png
H2_butadiene,H2,butadiene,gas_phase,,,,,,0,12,CH,H2_butadiene.png
H2_butyric_acid,H2,butyric_acid,gas_phase,,,,,,0,16,CHO,H2_butyric_acid.png
H2_caproic_acid,H2,caproic_acid,gas_phase,,,,,,0,22,CHO,H2_caproic_acid.png
H2_cyclopentanone,H2,cyclopentanone,gas_phase,,,,,,0,16,CHO,H2_cyclopentanone.png
H2_ethane,H2,ethane,gas_phase,,,,,,0,10,CH,H2_ethane.png
H2_ethanol,H2,ethanol,gas_phase,,,,,,0,11,CHO,H2_ethanol.png
H2_ethene,H2,ethene,gas_phase,,,,,,0,8,CH,H2_ethene.png
H2_ethylene,H2,ethylene,gas_phase,,,,,,0,8,CH,H2_ethylene.png
H2_formic_acid,H2,formic_acid,gas_phase,,,,,,0,7,CHO,H2_formic_acid.png
H2_furfural,H2,furfural,gas_phase,,,,,,0,13,CHO,H2_furfural.png
H2_glycerol,H2,glycerol,gas_phase,,,,,,0,16,CHO,H2_glycerol.png
H2_isobutene,H2,isobutene,gas_phase,,,,,,0,14,CH,H2_isobutene.png
H2_isoprene,H2,isoprene,gas_phase,,,,,,0,15,CH,H2_isoprene.png
H2_isopropanol,H2,isopropanol,gas_phase,,,,,,0,14,CHO,H2_isopropanol.png
H2_itaconic_acid,H2,itaconic_acid,gas_phase,,,,,,0,17,CHO,H2_itaconic_acid.png
H2_lactic_acid,H2,lactic_acid,gas_phase,,,,,,0,14,CHO,H2_lactic_acid.png
H2_methanol,H2,methanol,gas_phase,,,,,,0,8,CHO,H2_methanol.png
H2_methylmethacrylate,H2,methylmethacrylate,gas_phase,,,,,,0,17,CHO,H2_methylmethacrylate.png
H2_propane,H2,propane,gas_phase,,,,,,0,13,CH,H2_propane.png
H2_propanol,H2,propanol,gas_phase,,,,,,0,14,CHO,H2_propanol.png
H2_propene,H2,propene,gas_phase,,,,,,0,11,CH,H2_propene.png
H2_propionic_acid,H2,propionic_acid,gas_phase,,,,,,0,13,CHO,H2_propionic_acid.png
H2_pyruvic_acid,H2,pyruvic_acid,gas_phase,,,,,,0,12,CHO,H2_pyruvic_acid.png
H2_toluene,H2,toluene,gas_phase,,,,,,0,17,CH,H2_toluene.png
H2_valeric_acid,H2,valeric_acid,gas_phase,,,,,,0,19,CHO,H2_valeric_acid.png
Ir100_1-butene,Ir100,1-butene,reasonable,2.085,Ir-C,Ir32...C3,2.085,Ir-C,36,12,CH,Ir100_1-butene.png
Ir100_1-pentene,Ir100,1-pentene,reasonable,2.057,Ir-H,Ir36...H5,2.089,Ir-C,36,15,CH,Ir100_1-pentene.png
Ir100_2-pentanone,Ir100,2-pentanone,reasonable,2.063,Ir-O,Ir35...O1,2.063,Ir-O,36,16,CHO,Ir100_2-pentanone.png
Ir100_3-MTHF,Ir100,3-MTHF,reasonable,2.254,Ir-O,Ir32...O1,2.254,Ir-O,36,16,CHO,Ir100_3-MTHF.png
Ir100_3-hydroxypropionic_acid,Ir100,3-hydroxypropionic_acid,reasonable,1.854,Ir-H,Ir36...H6,2.057,Ir-O,36,12,CHO,Ir100_3-hydroxypropionic_acid.png
Ir100_5-HMF,Ir100,5-HMF,reasonable,2.084,Ir-C,Ir31...C3,2.084,Ir-C,36,15,CHO,Ir100_5-HMF.png
Ir100_5-heptanone,Ir100,5-heptanone,reasonable,2.086,Ir-O,Ir33...O1,2.086,Ir-O,36,22,CHO,Ir100_5-heptanone.png
Ir100_CO,Ir100,CO,reasonable,2.026,Ir-C,Ir32...C1,2.026,Ir-C,36,2,CO,Ir100_CO.png
Ir100_CO2,Ir100,CO2,borderline,3.463,Ir-O,Ir28...O1,3.463,Ir-O,36,3,CO,Ir100_CO2.png
Ir100_DME,Ir100,DME,reasonable,2.272,Ir-O,Ir32...O1,2.272,Ir-O,36,9,CHO,Ir100_DME.png
Ir100_H2O,Ir100,H2O,reasonable,2.197,Ir-O,Ir35...O1,2.197,Ir-O,36,3,HO,Ir100_H2O.png
Ir100_acetaldehyde,Ir100,acetaldehyde,reasonable,2.081,Ir-O,Ir35...O1,2.081,Ir-O,36,7,CHO,Ir100_acetaldehyde.png
Ir100_acetic_acid,Ir100,acetic_acid,reasonable,1.928,Ir-H,Ir29...H4,2.067,Ir-O,36,8,CHO,Ir100_acetic_acid.png
Ir100_benzene,Ir100,benzene,reasonable,2.121,Ir-C,Ir29...C5,2.121,Ir-C,36,12,CH,Ir100_benzene.png
Ir100_butadiene,Ir100,butadiene,reasonable,2.084,Ir-C,Ir36...C4,2.084,Ir-C,36,10,CH,Ir100_butadiene.png
Ir100_butyric_acid,Ir100,butyric_acid,reasonable,1.916,Ir-H,Ir33...H8,2.063,Ir-O,36,14,CHO,Ir100_butyric_acid.png
Ir100_caproic_acid,Ir100,caproic_acid,reasonable,1.938,Ir-H,Ir28...H12,2.057,Ir-O,36,20,CHO,Ir100_caproic_acid.png
Ir100_cyclopentanone,Ir100,cyclopentanone,reasonable,2.072,Ir-O,Ir33...O1,2.072,Ir-O,36,14,CHO,Ir100_cyclopentanone.png
Ir100_ethane,Ir100,ethane,reasonable,2.615,Ir-H,Ir35...H5,3.228,Ir-C,36,8,CH,Ir100_ethane.png
Ir100_ethanol,Ir100,ethanol,reasonable,2.174,Ir-O,Ir35...O1,2.174,Ir-O,36,9,CHO,Ir100_ethanol.png
Ir100_ethene,Ir100,ethene,reasonable,2.085,Ir-C,Ir35...C2,2.085,Ir-C,36,6,CH,Ir100_ethene.png
Ir100_ethylene,Ir100,ethylene,reasonable,1.902,Ir-H,Ir32...H3,2.145,Ir-C,36,6,CH,Ir100_ethylene.png
Ir100_formic_acid,Ir100,formic_acid,reasonable,1.792,Ir-H,Ir32...H1,2.063,Ir-O,36,5,CHO,Ir100_formic_acid.png
Ir100_furfural,Ir100,furfural,reasonable,2.075,Ir-C,Ir31...C3,2.075,Ir-C,36,11,CHO,Ir100_furfural.png
Ir100_glycerol,Ir100,glycerol,reasonable,2.244,Ir-O,Ir32...O2,2.244,Ir-O,36,14,CHO,Ir100_glycerol.png
Ir100_isobutene,Ir100,isobutene,reasonable,2.071,Ir-C,Ir33...C2,2.071,Ir-C,36,12,CH,Ir100_isobutene.png
Ir100_isoprene,Ir100,isoprene,reasonable,2.046,Ir-C,Ir32...C2,2.046,Ir-C,36,13,CH,Ir100_isoprene.png
Ir100_isopropanol,Ir100,isopropanol,reasonable,2.194,Ir-O,Ir32...O1,2.194,Ir-O,36,12,CHO,Ir100_isopropanol.png
Ir100_itaconic_acid,Ir100,itaconic_acid,reasonable,1.914,Ir-H,Ir34...H6,2.051,Ir-O,36,15,CHO,Ir100_itaconic_acid.png
Ir100_lactic_acid,Ir100,lactic_acid,reasonable,1.751,Ir-H,Ir35...H6,2.061,Ir-O,36,12,CHO,Ir100_lactic_acid.png
Ir100_methanol,Ir100,methanol,reasonable,2.179,Ir-O,Ir36...O1,2.179,Ir-O,36,6,CHO,Ir100_methanol.png
Ir100_methylmethacrylate,Ir100,methylmethacrylate,reasonable,2.098,Ir-C,Ir36...C4,2.098,Ir-C,36,15,CHO,Ir100_methylmethacrylate.png
Ir100_propane,Ir100,propane,reasonable,2.725,Ir-H,Ir29...H7,3.365,Ir-C,36,11,CH,Ir100_propane.png
Ir100_propanol,Ir100,propanol,reasonable,2.202,Ir-O,Ir32...O1,2.202,Ir-O,36,12,CHO,Ir100_propanol.png
Ir100_propene,Ir100,propene,reasonable,2.074,Ir-C,Ir32...C2,2.074,Ir-C,36,9,CH,Ir100_propene.png
Ir100_propionic_acid,Ir100,propionic_acid,reasonable,1.921,Ir-H,Ir31...H6,2.048,Ir-O,36,11,CHO,Ir100_propionic_acid.png
Ir100_pyruvic_acid,Ir100,pyruvic_acid,reasonable,1.935,Ir-H,Ir31...H4,2.03,Ir-O,36,10,CHO,Ir100_pyruvic_acid.png
Ir100_toluene,Ir100,toluene,reasonable,2.119,Ir-C,Ir32...C5,2.119,Ir-C,36,15,CH,Ir100_toluene.png
Ir100_valeric_acid,Ir100,valeric_acid,reasonable,2.042,Ir-O,Ir31...O1,2.042,Ir-O,36,17,CHO,Ir100_valeric_acid.png
Ir110_1-butene,Ir110,1-butene,reasonable,2.144,Ir-C,Ir20...C4,2.144,Ir-C,24,12,CH,Ir110_1-butene.png
Ir110_1-pentene,Ir110,1-pentene,reasonable,2.149,Ir-C,Ir23...C5,2.149,Ir-C,24,15,CH,Ir110_1-pentene.png
Ir110_2-pentanone,Ir110,2-pentanone,reasonable,2.071,Ir-O,Ir23...O1,2.071,Ir-O,24,16,CHO,Ir110_2-pentanone.png
Ir110_3-MTHF,Ir110,3-MTHF,reasonable,2.198,Ir-O,Ir23...O1,2.198,Ir-O,24,16,CHO,Ir110_3-MTHF.png
Ir110_3-hydroxypropionic_acid,Ir110,3-hydroxypropionic_acid,reasonable,1.924,Ir-H,Ir20...H6,2.095,Ir-O,24,12,CHO,Ir110_3-hydroxypropionic_acid.png
Ir110_5-HMF,Ir110,5-HMF,reasonable,2.061,Ir-O,Ir23...O2,2.061,Ir-O,24,15,CHO,Ir110_5-HMF.png
Ir110_5-heptanone,Ir110,5-heptanone,reasonable,2.099,Ir-O,Ir20...O1,2.099,Ir-O,24,22,CHO,Ir110_5-heptanone.png
Ir110_CO,Ir110,CO,reasonable,2.025,Ir-C,Ir20...C1,2.025,Ir-C,24,2,CO,Ir110_CO.png
Ir110_CO2,Ir110,CO2,borderline,3.291,Ir-O,Ir24...O1,3.291,Ir-O,24,3,CO,Ir110_CO2.png
Ir110_DME,Ir110,DME,reasonable,2.227,Ir-O,Ir23...O1,2.227,Ir-O,24,9,CHO,Ir110_DME.png
Ir110_H2O,Ir110,H2O,reasonable,2.217,Ir-O,Ir23...O1,2.217,Ir-O,24,3,HO,Ir110_H2O.png
Ir110_acetaldehyde,Ir110,acetaldehyde,reasonable,2.147,Ir-O,Ir23...O1,2.147,Ir-O,24,7,CHO,Ir110_acetaldehyde.png
Ir110_acetic_acid,Ir110,acetic_acid,reasonable,2.123,Ir-O,Ir23...O1,2.123,Ir-O,24,8,CHO,Ir110_acetic_acid.png
Ir110_benzene,Ir110,benzene,reasonable,2.238,Ir-C,Ir23...C2,2.238,Ir-C,24,12,CH,Ir110_benzene.png
Ir110_butadiene,Ir110,butadiene,reasonable,2.113,Ir-C,Ir21...C4,2.113,Ir-C,24,10,CH,Ir110_butadiene.png
Ir110_butyric_acid,Ir110,butyric_acid,reasonable,2.112,Ir-O,Ir23...O1,2.112,Ir-O,24,14,CHO,Ir110_butyric_acid.png
Ir110_caproic_acid,Ir110,caproic_acid,reasonable,1.94,Ir-H,Ir21...H12,2.081,Ir-O,24,20,CHO,Ir110_caproic_acid.png
Ir110_cyclopentanone,Ir110,cyclopentanone,reasonable,2.109,Ir-O,Ir20...O1,2.109,Ir-O,24,14,CHO,Ir110_cyclopentanone.png
Ir110_ethane,Ir110,ethane,reasonable,2.559,Ir-H,Ir23...H6,3.101,Ir-C,24,8,CH,Ir110_ethane.png
Ir110_ethanol,Ir110,ethanol,reasonable,2.209,Ir-O,Ir23...O1,2.209,Ir-O,24,9,CHO,Ir110_ethanol.png
Ir110_ethene,Ir110,ethene,reasonable,2.087,Ir-C,Ir23...C1,2.087,Ir-C,24,6,CH,Ir110_ethene.png
Ir110_ethylene,Ir110,ethylene,reasonable,2.087,Ir-C,Ir20...C1,2.087,Ir-C,24,6,CH,Ir110_ethylene.png
Ni100_CO2,Ni100,CO2,detached,5.947,Ni-C,Ni55...C1,5.947,Ni-C,64,3,CO,Ni100_CO2.png
Ni100_ethane,Ni100,ethane,reasonable,2.519,Ni-H,Ni59...H4,3.311,Ni-C,64,8,CH,Ni100_ethane.png
Ni100_ethanol,Ni100,ethanol,reasonable,2.711,Ni-H,Ni64...H3,3.812,Ni-C,64,9,CHO,Ni100_ethanol.png
Ni100_ethene,Ni100,ethene,reasonable,1.841,Ni-H,Ni53...H2,2.025,Ni-C,64,6,CH,Ni100_ethene.png
Ni100_glycerol,Ni100,glycerol,detached,3.885,Ni-H,Ni59...H4,4.707,Ni-C,64,14,CHO,Ni100_glycerol.png
Ni100_isopropanol,Ni100,isopropanol,reasonable,2.715,Ni-H,Ni50...H2,3.708,Ni-C,64,12,CHO,Ni100_isopropanol.png
Ni100_propane,Ni100,propane,reasonable,2.455,Ni-H,Ni54...H4,3.238,Ni-C,64,11,CH,Ni100_propane.png
Ni100_propanol,Ni100,propanol,reasonable,2.739,Ni-H,Ni55...H5,3.448,Ni-C,64,12,CHO,Ni100_propanol.png
Ni100_propene,Ni100,propene,reasonable,1.971,Ni-H,Ni63...H5,1.98,Ni-C,64,9,CH,Ni100_propene.png
Ni110_CO2,Ni110,CO2,detached,5.896,Ni-C,Ni54...C1,5.896,Ni-C,64,3,CO,Ni110_CO2.png
Ni110_ethane,Ni110,ethane,reasonable,2.009,Ni-H,Ni59...H2,2.708,Ni-C,64,8,CH,Ni110_ethane.png
Ni110_ethanol,Ni110,ethanol,reasonable,2.991,Ni-H,Ni59...H1,4.016,Ni-C,64,9,CHO,Ni110_ethanol.png
Ni110_ethene,Ni110,ethene,reasonable,1.939,Ni-C,Ni58...C1,1.939,Ni-C,64,6,CH,Ni110_ethene.png
Ni110_glycerol,Ni110,glycerol,detached,3.851,Ni-H,Ni55...H3,4.522,Ni-C,64,14,CHO,Ni110_glycerol.png
Ni110_isopropanol,Ni110,isopropanol,borderline,3.112,Ni-H,Ni59...H7,3.79,Ni-C,64,12,CHO,Ni110_isopropanol.png
Ni110_propane,Ni110,propane,reasonable,1.86,Ni-H,Ni59...H3,2.272,Ni-C,64,11,CH,Ni110_propane.png
Ni110_propanol,Ni110,propanol,reasonable,2.793,Ni-H,Ni50...H4,3.435,Ni-C,64,12,CHO,Ni110_propanol.png
Ni110_propene,Ni110,propene,reasonable,1.956,Ni-H,Ni55...H5,1.971,Ni-C,64,9,CH,Ni110_propene.png
Ni111_CO2,Ni111,CO2,detached,5.997,Ni-O,Ni54...O1,5.997,Ni-O,64,3,CO,Ni111_CO2.png
Ni111_ethane,Ni111,ethane,reasonable,2.695,Ni-H,Ni58...H5,3.279,Ni-C,64,8,CH,Ni111_ethane.png
Ni111_ethanol,Ni111,ethanol,borderline,3.297,Ni-H,Ni55...H2,3.966,Ni-C,64,9,CHO,Ni111_ethanol.png
Ni111_ethene,Ni111,ethene,reasonable,1.877,Ni-H,Ni52...H2,1.962,Ni-C,64,6,CH,Ni111_ethene.png
Ni111_glycerol,Ni111,glycerol,detached,4.485,Ni-H,Ni50...H7,5.405,Ni-C,64,14,CHO,Ni111_glycerol.png
Ni111_isopropanol,Ni111,isopropanol,borderline,3.109,Ni-H,Ni50...H2,3.804,Ni-C,64,12,CHO,Ni111_isopropanol.png
Ni111_propane,Ni111,propane,reasonable,2.358,Ni-H,Ni63...H5,3.378,Ni-C,64,11,CH,Ni111_propane.png
Ni111_propanol,Ni111,propanol,reasonable,2.577,Ni-H,Ni58...H1,3.658,Ni-C,64,12,CHO,Ni111_propanol.png
Ni111_propene,Ni111,propene,reasonable,1.995,Ni-C,Ni59...C3,1.995,Ni-C,64,9,CH,Ni111_propene.png
Pd100_CO2,Pd100,CO2,borderline,3.267,Pd-O,Pd59...O2,3.267,Pd-O,64,3,CO,Pd100_CO2.png
Pd100_ethane,Pd100,ethane,reasonable,2.271,Pd-H,Pd55...H3,2.836,Pd-C,64,8,CH,Pd100_ethane.png
Pd100_ethanol,Pd100,ethanol,reasonable,2.24,Pd-O,Pd59...O1,2.24,Pd-O,64,9,CHO,Pd100_ethanol.png
Pd100_ethene,Pd100,ethene,reasonable,2.078,Pd-C,Pd58...C2,2.078,Pd-C,64,6,CH,Pd100_ethene.png
Pd100_glycerol,Pd100,glycerol,reasonable,2.291,Pd-O,Pd60...O2,2.291,Pd-O,64,14,CHO,Pd100_glycerol.png
Pd100_isopropanol,Pd100,isopropanol,reasonable,2.262,Pd-O,Pd51...O1,2.262,Pd-O,64,12,CHO,Pd100_isopropanol.png
Pd100_propane,Pd100,propane,reasonable,2.085,Pd-H,Pd59...H8,2.465,Pd-C,64,11,CH,Pd100_propane.png
Pd100_propanol,Pd100,propanol,reasonable,2.261,Pd-O,Pd59...O1,2.261,Pd-O,64,12,CHO,Pd100_propanol.png
Pd100_propene,Pd100,propene,reasonable,2.075,Pd-C,Pd58...C2,2.075,Pd-C,64,9,CH,Pd100_propene.png
Pd110_CO2,Pd110,CO2,reasonable,2.958,Pd-O,Pd50...O1,2.958,Pd-O,64,3,CO,Pd110_CO2.png
Pd110_ethane,Pd110,ethane,reasonable,2.183,Pd-H,Pd63...H3,2.778,Pd-C,64,8,CH,Pd110_ethane.png
Pd110_ethanol,Pd110,ethanol,reasonable,2.219,Pd-O,Pd55...O1,2.219,Pd-O,64,9,CHO,Pd110_ethanol.png
Pd110_ethene,Pd110,ethene,reasonable,2.069,Pd-C,Pd62...C1,2.069,Pd-C,64,6,CH,Pd110_ethene.png
Pd110_glycerol,Pd110,glycerol,reasonable,2.232,Pd-O,Pd63...O3,2.232,Pd-O,64,14,CHO,Pd110_glycerol.png
Pd110_isopropanol,Pd110,isopropanol,reasonable,2.187,Pd-H,Pd54...H6,2.219,Pd-O,64,12,CHO,Pd110_isopropanol.png
Pd110_propane,Pd110,propane,reasonable,1.984,Pd-H,Pd54...H4,2.664,Pd-C,64,11,CH,Pd110_propane.png
Pd110_propanol,Pd110,propanol,reasonable,2.245,Pd-O,Pd59...O1,2.245,Pd-O,64,12,CHO,Pd110_propanol.png
Pd110_propene,Pd110,propene,reasonable,2.086,Pd-C,Pd59...C2,2.086,Pd-C,64,9,CH,Pd110_propene.png
Pd111_CO2,Pd111,CO2,borderline,3.341,Pd-O,Pd59...O2,3.341,Pd-O,64,3,CO,Pd111_CO2.png
Pd111_ethane,Pd111,ethane,reasonable,2.362,Pd-H,Pd59...H4,3.004,Pd-C,64,8,CH,Pd111_ethane.png
Pd111_ethanol,Pd111,ethanol,reasonable,2.272,Pd-O,Pd62...O1,2.272,Pd-O,64,9,CHO,Pd111_ethanol.png
Pd111_ethene,Pd111,ethene,reasonable,2.142,Pd-C,Pd55...C1,2.142,Pd-C,64,6,CH,Pd111_ethene.png
Pd111_glycerol,Pd111,glycerol,reasonable,2.279,Pd-O,Pd62...O3,2.279,Pd-O,64,14,CHO,Pd111_glycerol.png
Pd111_isopropanol,Pd111,isopropanol,reasonable,2.276,Pd-O,Pd59...O1,2.276,Pd-O,64,12,CHO,Pd111_isopropanol.png
Pd111_propane,Pd111,propane,reasonable,2.297,Pd-H,Pd54...H7,2.761,Pd-C,64,11,CH,Pd111_propane.png
Pd111_propanol,Pd111,propanol,reasonable,2.268,Pd-O,Pd54...O1,2.268,Pd-O,64,12,CHO,Pd111_propanol.png
Pd111_propene,Pd111,propene,reasonable,2.167,Pd-C,Pd59...C3,2.167,Pd-C,64,9,CH,Pd111_propene.png
Pt100_CO2,Pt100,CO2,borderline,3.369,Pt-O,Pt58...O2,3.369,Pt-O,64,3,CO,Pt100_CO2.png
Pt100_ethane,Pt100,ethane,reasonable,2.542,Pt-H,Pt55...H3,3.203,Pt-C,64,8,CH,Pt100_ethane.png
Pt100_ethanol,Pt100,ethanol,reasonable,2.25,Pt-O,Pt54...O1,2.25,Pt-O,64,9,CHO,Pt100_ethanol.png
Pt100_ethene,Pt100,ethene,reasonable,2.134,Pt-C,Pt54...C1,2.134,Pt-C,64,6,CH,Pt100_ethene.png
Pt100_glycerol,Pt100,glycerol,reasonable,2.331,Pt-O,Pt54...O2,2.331,Pt-O,64,14,CHO,Pt100_glycerol.png
Pt100_isopropanol,Pt100,isopropanol,reasonable,2.262,Pt-O,Pt59...O1,2.262,Pt-O,64,12,CHO,Pt100_isopropanol.png
Pt100_propane,Pt100,propane,reasonable,2.685,Pt-H,Pt59...H2,3.275,Pt-C,64,11,CH,Pt100_propane.png
Pt100_propanol,Pt100,propanol,reasonable,2.263,Pt-O,Pt62...O1,2.263,Pt-O,64,12,CHO,Pt100_propanol.png
Pt100_propene,Pt100,propene,reasonable,2.071,Pt-C,Pt55...C2,2.071,Pt-C,64,9,CH,Pt100_propene.png
Pt110_CO2,Pt110,CO2,borderline,3.394,Pt-O,Pt54...O2,3.394,Pt-O,64,3,CO,Pt110_CO2.png
Pt110_ethane,Pt110,ethane,reasonable,2.454,Pt-H,Pt54...H2,2.93,Pt-C,64,8,CH,Pt110_ethane.png
Pt110_ethanol,Pt110,ethanol,reasonable,2.21,Pt-O,Pt62...O1,2.21,Pt-O,64,9,CHO,Pt110_ethanol.png
Pt110_ethene,Pt110,ethene,reasonable,2.063,Pt-C,Pt50...C1,2.063,Pt-C,64,6,CH,Pt110_ethene.png
Pt110_glycerol,Pt110,glycerol,reasonable,1.971,Pt-H,Pt63...H4,2.258,Pt-O,64,14,CHO,Pt110_glycerol.png
Pt110_isopropanol,Pt110,isopropanol,reasonable,2.2,Pt-O,Pt58...O1,2.2,Pt-O,64,12,CHO,Pt110_isopropanol.png
Pt110_propane,Pt110,propane,reasonable,2.053,Pt-H,Pt58...H1,2.455,Pt-C,64,11,CH,Pt110_propane.png
Pt110_propanol,Pt110,propanol,reasonable,2.254,Pt-O,Pt63...O1,2.254,Pt-O,64,12,CHO,Pt110_propanol.png
Pt110_propene,Pt110,propene,reasonable,2.119,Pt-C,Pt55...C3,2.119,Pt-C,64,9,CH,Pt110_propene.png
Pt111_CO2,Pt111,CO2,borderline,3.481,Pt-O,Pt54...O2,3.481,Pt-O,64,3,CO,Pt111_CO2.png
Pt111_ethane,Pt111,ethane,reasonable,2.608,Pt-H,Pt59...H6,3.282,Pt-C,64,8,CH,Pt111_ethane.png
Pt111_ethanol,Pt111,ethanol,reasonable,2.273,Pt-O,Pt54...O1,2.273,Pt-O,64,9,CHO,Pt111_ethanol.png
Pt111_ethene,Pt111,ethene,reasonable,2.163,Pt-C,Pt59...C2,2.163,Pt-C,64,6,CH,Pt111_ethene.png
Pt111_glycerol,Pt111,glycerol,reasonable,2.348,Pt-O,Pt58...O2,2.348,Pt-O,64,14,CHO,Pt111_glycerol.png
Pt111_isopropanol,Pt111,isopropanol,reasonable,1.797,Pt-H,Pt58...H4,2.996,Pt-C,64,12,CHO,Pt111_isopropanol.png
Pt111_propane,Pt111,propane,reasonable,2.803,Pt-H,Pt58...H8,3.364,Pt-C,64,11,CH,Pt111_propane.png
Pt111_propanol,Pt111,propanol,reasonable,2.306,Pt-O,Pt54...O1,2.306,Pt-O,64,12,CHO,Pt111_propanol.png
Pt111_propene,Pt111,propene,reasonable,2.067,Pt-C,Pt59...C3,2.067,Pt-C,64,9,CH,Pt111_propene.png
