surface,molecule,functional,mode,E_ads,E_ads_ML,delta,provenance,complex_directory
Ag100,CH3,pbe,relaxed,-1.857,-1.61,+0.243,Screened Perlmutter result: CH3_Ag100,
Ag100,CH3,pbe,SPE,-1.839,-1.61,+0.229,Kestrel NSW=0 complex with converged relaxed slab and molecule references,/kfs3/scratch/jcho5/goad-global-optimization/poscar/best/C1/Ag100_CH3/singlepoint/PBE
Ag100,CH3,pbe_d3,relaxed,-2.087,-1.61,+0.474,Screened Perlmutter result: CH3_Ag100,
Ag100,CH3,pbe_d3,SPE,-1.987,-1.61,+0.377,Kestrel NSW=0 complex with converged relaxed slab and molecule references,/kfs3/scratch/jcho5/goad-global-optimization/poscar/best/C1/Ag100_CH3/singlepoint/PBE_D3
Ag100,CH3,r2scan,relaxed,-2.239,-1.61,+0.625,Screened Perlmutter result: CH3_Ag100,
Ag100,CH3,r2scan,SPE,-2.145,-1.61,+0.535,Kestrel NSW=0 complex with converged relaxed slab and molecule references,/kfs3/scratch/jcho5/goad-global-optimization/poscar/best/C1/Ag100_CH3/singlepoint/r2scan
Ag100,CH3,beef_vdw,relaxed,-26.051,-1.61,+24.438,Converged Perlmutter result; ENERGY REVIEW: |E_ads| > 5 eV; excluded from figure statistics. CH3_Ag100,
Ag100,CH3,beef_vdw,SPE,-25.989,-1.61,+24.379,Perlmutter converged NSW=0 result; ENERGY REVIEW: |E_ads| > 5 eV; excluded from figure statistics,/pscratch/sd/j/jcho5/VASP/dft_jobs/CH3_Ag100/singlepoint/beef_vdw
Ag100,CO,pbe,relaxed,-0.976,-0.50,+0.471,Screened Perlmutter result: CO_Ag100,
Ag100,CO,pbe,SPE,-0.961,-0.50,+0.461,Kestrel NSW=0 complex with converged relaxed slab and molecule references,/kfs3/scratch/jcho5/goad-global-optimization/poscar/best/C1/Ag100_CO/singlepoint/PBE
Ag100,CO,pbe_d3,relaxed,-1.184,-0.50,+0.679,Screened Perlmutter result: CO_Ag100,
Ag100,CO,pbe_d3,SPE,-1.090,-0.50,+0.590,Kestrel NSW=0 complex with converged relaxed slab and molecule references,/kfs3/scratch/jcho5/goad-global-optimization/poscar/best/C1/Ag100_CO/singlepoint/PBE_D3
Ag100,CO,r2scan,relaxed,-1.473,-0.50,+0.968,Screened Perlmutter result: CO_Ag100,
Ag100,CO,r2scan,SPE,-1.400,-0.50,+0.900,Kestrel NSW=0 complex with converged relaxed slab and molecule references,/kfs3/scratch/jcho5/goad-global-optimization/poscar/best/C1/Ag100_CO/singlepoint/r2scan
Ag100,CO,beef_vdw,relaxed,—,-0.50,—,No previously published energy; current audit: Not converged. CO_Ag100: complex: ZBRENT: fatal error in bracketing; complex: unfinished; slab: converged; molecule: converged,
Ag100,CO,beef_vdw,SPE,queued,-0.50,—,,
Ag100,CO2,pbe,relaxed,-1.18,-0.36,+0.82,"Previously published energy retained; current audit: Slab size mismatch. CO2_Ag100: slab size mismatch: complex has 64 Ag, reference has 36; complex: converged; slab: converged; molecule: converged",
Ag100,CO2,pbe,SPE,-0.017,-0.36,-0.346,Previously published single-point result,
Ag100,CO2,pbe_d3,relaxed,—,-0.36,—,"No previously published energy; current audit: Slab size mismatch. CO2_Ag100: slab size mismatch: complex has 64 Ag, reference has 36; complex: converged; slab: converged; molecule: electronic_unconverged",
Ag100,CO2,pbe_d3,SPE,queued,-0.36,—,,
Ag100,CO2,r2scan,relaxed,-2.17,-0.36,+1.80,"Previously published energy retained; current audit: Slab size mismatch. CO2_Ag100: slab size mismatch: complex has 64 Ag, reference has 36; complex: unfinished; slab: converged; molecule: converged",
Ag100,CO2,r2scan,SPE,+0.130,-0.36,-0.492,Previously published single-point result,
Ag100,CO2,beef_vdw,relaxed,-44.332,-0.36,+43.972,"Shared stored references; converged components, matching functional/composition/full slab cell and stored core settings. Archived Kestrel records retain their source provenance. POTCAR variants allowed; no energy scaling or offsets. Slab: /kfs3/scratch/jcho5/goad-global-optimization/vasp_slab/Ag100_n64/beef_vdw ENERGY REVIEW: |E_ads| > 5 eV.",
Ag100,CO2,beef_vdw,SPE,-0.152,-0.36,-0.211,Previously published single-point result,
Ag100,DME,pbe,relaxed,—,-0.24,—,No previously published energy; current audit: Not converged. CH3OCH3_Ag100: molecule: ZBRENT: fatal error in bracketing; complex: converged; slab: converged; molecule: unfinished,
Ag100,DME,pbe,SPE,refs missing,-0.24,—,,
Ag100,DME,pbe_d3,relaxed,—,-0.24,—,No previously published energy; current audit: Not converged. CH3OCH3_Ag100: molecule: ZBRENT: fatal error in bracketing; complex: converged; slab: converged; molecule: unfinished,
Ag100,DME,pbe_d3,SPE,refs missing,-0.24,—,,
Ag100,DME,r2scan,relaxed,-1.33,-0.24,+1.09,Previously published energy retained; current audit: Not converged. CH3OCH3_Ag100: See component convergence statuses; complex: unfinished; slab: converged; molecule: converged,
Ag100,DME,r2scan,SPE,-1.229,-0.24,+0.989,Kestrel NSW=0 complex with converged relaxed slab and molecule references,/kfs3/scratch/jcho5/goad-global-optimization/poscar/best/C2/Ag100_DME/singlepoint/r2scan
Ag100,DME,beef_vdw,relaxed,-25.261,-0.24,+25.021,Converged Perlmutter result; ENERGY REVIEW: |E_ads| > 5 eV; excluded from figure statistics. CH3OCH3_Ag100,
Ag100,DME,beef_vdw,SPE,-25.190,-0.24,+24.950,Perlmutter converged NSW=0 result; ENERGY REVIEW: |E_ads| > 5 eV; excluded from figure statistics,/pscratch/sd/j/jcho5/VASP/dft_jobs/CH3OCH3_Ag100/singlepoint/beef_vdw
Ag100,H2,pbe,relaxed,-0.62,-0.25,+0.36,Previously published energy retained; current audit: Not audited. No matching result in the current Perlmutter audit,
Ag100,H2,pbe,SPE,-0.592,-0.25,+0.342,Kestrel NSW=0 complex with converged relaxed slab and molecule references,/kfs3/scratch/jcho5/goad-global-optimization/poscar/best/C0/Ag100_H2/singlepoint/PBE
Ag100,H2,pbe_d3,relaxed,-0.70,-0.25,+0.45,Previously published energy retained; current audit: Not audited. No matching result in the current Perlmutter audit,
Ag100,H2,pbe_d3,SPE,-0.585,-0.25,+0.335,Kestrel NSW=0 complex with converged relaxed slab and molecule references,/kfs3/scratch/jcho5/goad-global-optimization/poscar/best/C0/Ag100_H2/singlepoint/PBE_D3
Ag100,H2,r2scan,relaxed,-1.10,-0.25,+0.84,Previously published energy retained; current audit: Not audited. No matching result in the current Perlmutter audit,
Ag100,H2,r2scan,SPE,-0.993,-0.25,+0.743,Kestrel NSW=0 complex with converged relaxed slab and molecule references,/kfs3/scratch/jcho5/goad-global-optimization/poscar/best/C0/Ag100_H2/singlepoint/r2scan
Ag100,H2,beef_vdw,relaxed,—,-0.25,—,No previously published energy; current audit: Not audited. No matching result in the current Perlmutter audit,
Ag100,H2,beef_vdw,SPE,—,-0.25,—,,
Ag100,H2O,pbe,relaxed,-0.814,-0.50,+0.311,Screened Perlmutter result: H2O_Ag100,
Ag100,H2O,pbe,SPE,-0.790,-0.50,+0.290,Kestrel NSW=0 complex with converged relaxed slab and molecule references,/kfs3/scratch/jcho5/goad-global-optimization/poscar/best/C0/Ag100_H2O/singlepoint/PBE
Ag100,H2O,pbe_d3,relaxed,-1.000,-0.50,+0.496,Screened Perlmutter result: H2O_Ag100,
Ag100,H2O,pbe_d3,SPE,-0.875,-0.50,+0.375,Kestrel NSW=0 complex with converged relaxed slab and molecule references,/kfs3/scratch/jcho5/goad-global-optimization/poscar/best/C0/Ag100_H2O/singlepoint/PBE_D3
Ag100,H2O,r2scan,relaxed,-1.377,-0.50,+0.873,Screened Perlmutter result: H2O_Ag100,
Ag100,H2O,r2scan,SPE,-1.249,-0.50,+0.749,Kestrel NSW=0 complex with converged relaxed slab and molecule references,/kfs3/scratch/jcho5/goad-global-optimization/poscar/best/C0/Ag100_H2O/singlepoint/r2scan
Ag100,H2O,beef_vdw,relaxed,—,-0.50,—,No previously published energy; current audit: Not converged. H2O_Ag100: complex: ZBRENT: fatal error in bracketing; complex: unfinished; slab: converged; molecule: converged,
Ag100,H2O,beef_vdw,SPE,queued,-0.50,—,,
Ag100,H2S,pbe,relaxed,-0.843,-0.44,+0.406,Screened Perlmutter result: H2S_Ag100,
Ag100,H2S,pbe,SPE,-0.786,-0.44,+0.346,Kestrel NSW=0 complex with converged relaxed slab and molecule references,/kfs3/scratch/jcho5/goad-global-optimization/poscar/best/C0/Ag100_H2S/singlepoint/PBE
Ag100,H2S,pbe_d3,relaxed,-1.173,-0.44,+0.736,Screened Perlmutter result: H2S_Ag100,
Ag100,H2S,pbe_d3,SPE,-1.002,-0.44,+0.562,Kestrel NSW=0 complex with converged relaxed slab and molecule references,/kfs3/scratch/jcho5/goad-global-optimization/poscar/best/C0/Ag100_H2S/singlepoint/PBE_D3
Ag100,H2S,r2scan,relaxed,—,-0.44,—,No previously published energy; current audit: Not converged. H2S_Ag100: See component convergence statuses; complex: unfinished; slab: converged; molecule: converged,
Ag100,H2S,r2scan,SPE,-1.251,-0.44,+0.811,Kestrel NSW=0 complex with converged relaxed slab and molecule references,/kfs3/scratch/jcho5/goad-global-optimization/poscar/best/C0/Ag100_H2S/singlepoint/r2scan
Ag100,H2S,beef_vdw,relaxed,-25.184,-0.44,+24.747,Converged Perlmutter result; ENERGY REVIEW: |E_ads| > 5 eV; excluded from figure statistics. H2S_Ag100,
Ag100,H2S,beef_vdw,SPE,queued,-0.44,—,,
Ag100,N2,pbe,relaxed,-0.64,-0.05,+0.59,Previously published energy retained; current audit: Not converged. N2_Ag100: complex: ZBRENT: fatal error in bracketing; complex: unfinished; slab: converged; molecule: converged,
Ag100,N2,pbe,SPE,-0.630,-0.05,+0.580,Kestrel NSW=0 complex with converged relaxed slab and molecule references,/kfs3/scratch/jcho5/goad-global-optimization/poscar/best/C0/Ag100_N2/singlepoint/PBE
Ag100,N2,pbe_d3,relaxed,-0.71,-0.05,+0.66,Previously published energy retained; current audit: Not converged. N2_Ag100: complex: ZBRENT: fatal error in bracketing; complex: unfinished; slab: converged; molecule: converged,
Ag100,N2,pbe_d3,SPE,-0.624,-0.05,+0.574,Kestrel NSW=0 complex with converged relaxed slab and molecule references,/kfs3/scratch/jcho5/goad-global-optimization/poscar/best/C0/Ag100_N2/singlepoint/PBE_D3
Ag100,N2,r2scan,relaxed,-1.113,-0.05,+1.062,Screened Perlmutter result: N2_Ag100,
Ag100,N2,r2scan,SPE,-1.020,-0.05,+0.970,Kestrel NSW=0 complex with converged relaxed slab and molecule references,/kfs3/scratch/jcho5/goad-global-optimization/poscar/best/C0/Ag100_N2/singlepoint/r2scan
Ag100,N2,beef_vdw,relaxed,—,-0.05,—,No previously published energy; current audit: Not converged. N2_Ag100: complex: ZBRENT: fatal error in bracketing; complex: unfinished; slab: converged; molecule: converged,
Ag100,N2,beef_vdw,SPE,queued,-0.05,—,,
Ag100,NH3,pbe,relaxed,-1.05,-0.73,+0.32,Previously published energy retained; current audit: Not converged. NH3_Ag100: complex: ZBRENT: fatal error in bracketing; complex: unfinished; slab: converged; molecule: converged,
Ag100,NH3,pbe,SPE,-1.036,-0.73,+0.306,Kestrel NSW=0 complex with converged relaxed slab and molecule references,/kfs3/scratch/jcho5/goad-global-optimization/poscar/best/C0/Ag100_NH3/singlepoint/PBE
Ag100,NH3,pbe_d3,relaxed,-1.275,-0.73,+0.548,Screened Perlmutter result: NH3_Ag100,
Ag100,NH3,pbe_d3,SPE,-1.158,-0.73,+0.428,Kestrel NSW=0 complex with converged relaxed slab and molecule references,/kfs3/scratch/jcho5/goad-global-optimization/poscar/best/C0/Ag100_NH3/singlepoint/PBE_D3
Ag100,NH3,r2scan,relaxed,-1.610,-0.73,+0.883,Screened Perlmutter result: NH3_Ag100,
Ag100,NH3,r2scan,SPE,-1.504,-0.73,+0.774,Kestrel NSW=0 complex with converged relaxed slab and molecule references,/kfs3/scratch/jcho5/goad-global-optimization/poscar/best/C0/Ag100_NH3/singlepoint/r2scan
Ag100,NH3,beef_vdw,relaxed,-25.354,-0.73,+24.627,Converged Perlmutter result; ENERGY REVIEW: |E_ads| > 5 eV; excluded from figure statistics. NH3_Ag100,
Ag100,NH3,beef_vdw,SPE,queued,-0.73,—,,
Ag100,NO,pbe,relaxed,-1.59,-0.67,+0.92,Previously published energy retained; current audit: Not converged. NO_Ag100: complex: ZBRENT: fatal error in bracketing; complex: unfinished; slab: converged; molecule: converged,
Ag100,NO,pbe,SPE,-1.522,-0.67,+0.852,Kestrel NSW=0 complex with converged relaxed slab and molecule references,/kfs3/scratch/jcho5/goad-global-optimization/poscar/best/C0/Ag100_NO/singlepoint/PBE
Ag100,NO,pbe_d3,relaxed,-1.839,-0.67,+1.171,Screened Perlmutter result: NO_Ag100,
Ag100,NO,pbe_d3,SPE,-1.673,-0.67,+1.003,Kestrel NSW=0 complex with converged relaxed slab and molecule references,/kfs3/scratch/jcho5/goad-global-optimization/poscar/best/C0/Ag100_NO/singlepoint/PBE_D3
Ag100,NO,r2scan,relaxed,-2.54,-0.67,+1.87,Previously published energy retained; current audit: Not converged. NO_Ag100: See component convergence statuses; complex: converged; slab: converged; molecule: ionic_unconverged,
Ag100,NO,r2scan,SPE,queued,-0.67,—,,
Ag100,NO,beef_vdw,relaxed,-32.437,-0.67,+31.769,Converged Perlmutter result; ENERGY REVIEW: |E_ads| > 5 eV; excluded from figure statistics. NO_Ag100,
Ag100,NO,beef_vdw,SPE,queued,-0.67,—,,
Ag100,O2,pbe,relaxed,-1.68,-0.72,+0.96,Previously published energy retained; current audit: Not audited. No matching result in the current Perlmutter audit,
Ag100,O2,pbe,SPE,—,-0.72,—,,
Ag100,O2,pbe_d3,relaxed,—,-0.72,—,No previously published energy; current audit: Not audited. No matching result in the current Perlmutter audit,
Ag100,O2,pbe_d3,SPE,—,-0.72,—,,
Ag100,O2,r2scan,relaxed,—,-0.72,—,No previously published energy; current audit: Not audited. No matching result in the current Perlmutter audit,
Ag100,O2,r2scan,SPE,—,-0.72,—,,
Ag100,O2,beef_vdw,relaxed,—,-0.72,—,No previously published energy; current audit: Not audited. No matching result in the current Perlmutter audit,
Ag100,O2,beef_vdw,SPE,—,-0.72,—,,
Ag100,SO2,pbe,relaxed,-1.324,-0.54,+0.780,Screened Perlmutter result: SO2_Ag100,
Ag100,SO2,pbe,SPE,-1.281,-0.54,+0.741,Kestrel NSW=0 complex with converged relaxed slab and molecule references,/kfs3/scratch/jcho5/goad-global-optimization/poscar/best/C0/Ag100_SO2/singlepoint/PBE
Ag100,SO2,pbe_d3,relaxed,-1.834,-0.54,+1.290,Screened Perlmutter result: SO2_Ag100,
Ag100,SO2,pbe_d3,SPE,-1.656,-0.54,+1.116,Kestrel NSW=0 complex with converged relaxed slab and molecule references,/kfs3/scratch/jcho5/goad-global-optimization/poscar/best/C0/Ag100_SO2/singlepoint/PBE_D3
Ag100,SO2,r2scan,relaxed,-2.201,-0.54,+1.657,Screened Perlmutter result: SO2_Ag100,
Ag100,SO2,r2scan,SPE,-2.007,-0.54,+1.467,Kestrel NSW=0 complex with converged relaxed slab and molecule references,/kfs3/scratch/jcho5/goad-global-optimization/poscar/best/C0/Ag100_SO2/singlepoint/r2scan
Ag100,SO2,beef_vdw,relaxed,-25.672,-0.54,+25.127,Converged Perlmutter result; ENERGY REVIEW: |E_ads| > 5 eV; excluded from figure statistics. SO2_Ag100,
Ag100,SO2,beef_vdw,SPE,queued,-0.54,—,,
Ag100,acetaldehyde,pbe,relaxed,-0.719,-0.50,+0.220,Screened Perlmutter result: CH3CHO_Ag100,
Ag100,acetaldehyde,pbe,SPE,-0.698,-0.50,+0.198,Kestrel NSW=0 complex with converged relaxed slab and molecule references,/kfs3/scratch/jcho5/goad-global-optimization/poscar/best/C2/Ag100_acetaldehyde/singlepoint/PBE
Ag100,acetaldehyde,pbe_d3,relaxed,-1.031,-0.50,+0.532,Screened Perlmutter result: CH3CHO_Ag100,
Ag100,acetaldehyde,pbe_d3,SPE,-0.894,-0.50,+0.394,Kestrel NSW=0 complex with converged relaxed slab and molecule references,/kfs3/scratch/jcho5/goad-global-optimization/poscar/best/C2/Ag100_acetaldehyde/singlepoint/PBE_D3
Ag100,acetaldehyde,r2scan,relaxed,-1.32,-0.50,+0.82,Previously published energy retained; current audit: Not converged. CH3CHO_Ag100: See component convergence statuses; complex: unfinished; slab: converged; molecule: converged,
Ag100,acetaldehyde,r2scan,SPE,-1.204,-0.50,+0.704,Kestrel NSW=0 complex with converged relaxed slab and molecule references,/kfs3/scratch/jcho5/goad-global-optimization/poscar/best/C2/Ag100_acetaldehyde/singlepoint/r2scan
Ag100,acetaldehyde,beef_vdw,relaxed,-25.176,-0.50,+24.677,Converged Perlmutter result; ENERGY REVIEW: |E_ads| > 5 eV; excluded from figure statistics. CH3CHO_Ag100,
Ag100,acetaldehyde,beef_vdw,SPE,-25.093,-0.50,+24.593,Perlmutter converged NSW=0 result; ENERGY REVIEW: |E_ads| > 5 eV; excluded from figure statistics,/pscratch/sd/j/jcho5/VASP/dft_jobs/CH3CHO_Ag100/singlepoint/beef_vdw
Ag100,acetic_acid,pbe,relaxed,—,-0.58,—,No previously published energy; current audit: Not converged. CH3COOH_Ag100: molecule: ZBRENT: fatal error in bracketing; complex: converged; slab: converged; molecule: unfinished,
Ag100,acetic_acid,pbe,SPE,refs missing,-0.58,—,,
Ag100,acetic_acid,pbe_d3,relaxed,—,-0.58,—,No previously published energy; current audit: Not converged. CH3COOH_Ag100: molecule: ZBRENT: fatal error in bracketing; complex: converged; slab: converged; molecule: unfinished,
Ag100,acetic_acid,pbe_d3,SPE,refs missing,-0.58,—,,
Ag100,acetic_acid,r2scan,relaxed,-1.464,-0.58,+0.886,Screened Perlmutter result: CH3COOH_Ag100,
Ag100,acetic_acid,r2scan,SPE,-1.358,-0.58,+0.778,Kestrel NSW=0 complex with converged relaxed slab and molecule references,/kfs3/scratch/jcho5/goad-global-optimization/poscar/best/C2/Ag100_acetic_acid/singlepoint/r2scan
Ag100,acetic_acid,beef_vdw,relaxed,-25.282,-0.58,+24.704,Converged Perlmutter result; ENERGY REVIEW: |E_ads| > 5 eV; excluded from figure statistics. CH3COOH_Ag100,
Ag100,acetic_acid,beef_vdw,SPE,-25.219,-0.58,+24.639,Perlmutter converged NSW=0 result; ENERGY REVIEW: |E_ads| > 5 eV; excluded from figure statistics,/pscratch/sd/j/jcho5/VASP/dft_jobs/CH3COOH_Ag100/singlepoint/beef_vdw
Ag100,ethane,pbe,relaxed,-1.18,-0.29,+0.89,"Previously published energy retained; current audit: Slab size mismatch. C2H6_Ag100: slab size mismatch: complex has 64 Ag, reference has 36; complex: converged; slab: converged; molecule: converged",
Ag100,ethane,pbe,SPE,-0.020,-0.29,-0.274,Previously published single-point result,
Ag100,ethane,pbe_d3,relaxed,-1.48,-0.29,+1.18,"Previously published energy retained; current audit: Slab size mismatch. C2H6_Ag100: slab size mismatch: complex has 64 Ag, reference has 36; complex: converged; slab: converged; molecule: converged",
Ag100,ethane,pbe_d3,SPE,-0.022,-0.29,-0.273,Previously published single-point result,
Ag100,ethane,r2scan,relaxed,-2.15,-0.29,+1.86,"Previously published energy retained; current audit: Slab size mismatch. C2H6_Ag100: slab size mismatch: complex has 64 Ag, reference has 36; complex: unfinished; slab: converged; molecule: converged",
Ag100,ethane,r2scan,SPE,+0.136,-0.29,-0.431,Previously published single-point result,
Ag100,ethane,beef_vdw,relaxed,-44.370,-0.29,+44.080,"Shared stored references; converged components, matching functional/composition/full slab cell and stored core settings. Archived Kestrel records retain their source provenance. POTCAR variants allowed; no energy scaling or offsets. Slab: /kfs3/scratch/jcho5/goad-global-optimization/vasp_slab/Ag100_n64/beef_vdw ENERGY REVIEW: |E_ads| > 5 eV.",
Ag100,ethane,beef_vdw,SPE,-0.186,-0.29,-0.108,Previously published single-point result,
Ag100,ethanol,pbe,relaxed,-1.31,-0.44,+0.88,"Previously published energy retained; current audit: Slab size mismatch. CH3CH2OH_Ag100: slab size mismatch: complex has 64 Ag, reference has 36; complex: converged; slab: converged; molecule: converged",
Ag100,ethanol,pbe,SPE,-0.149,-0.44,-0.287,Previously published single-point result,
Ag100,ethanol,pbe_d3,relaxed,-1.66,-0.44,+1.23,"Previously published energy retained; current audit: Slab size mismatch. CH3CH2OH_Ag100: slab size mismatch: complex has 64 Ag, reference has 36; complex: converged; slab: converged; molecule: converged",
Ag100,ethanol,pbe_d3,SPE,-0.237,-0.44,-0.199,Previously published single-point result,
Ag100,ethanol,r2scan,relaxed,-2.25,-0.44,+1.81,"Previously published energy retained; current audit: Slab size mismatch. CH3CH2OH_Ag100: slab size mismatch: complex has 64 Ag, reference has 36; complex: unfinished; slab: converged; molecule: converged",
Ag100,ethanol,r2scan,SPE,-0.085,-0.44,-0.351,Previously published single-point result,
Ag100,ethanol,beef_vdw,relaxed,-44.544,-0.44,+44.104,"Shared stored references; converged components, matching functional/composition/full slab cell and stored core settings. Archived Kestrel records retain their source provenance. POTCAR variants allowed; no energy scaling or offsets. Slab: /kfs3/scratch/jcho5/goad-global-optimization/vasp_slab/Ag100_n64/beef_vdw ENERGY REVIEW: |E_ads| > 5 eV.",
Ag100,ethanol,beef_vdw,SPE,-0.354,-0.44,-0.082,Previously published single-point result,
Ag100,ethene,pbe,relaxed,-0.682,-0.21,+0.475,Screened Perlmutter result: C2H4_Ag100,
Ag100,ethene,pbe,SPE,-0.021,-0.21,-0.186,Previously published single-point result,
Ag100,ethene,pbe_d3,relaxed,-1.059,-0.21,+0.852,Screened Perlmutter result: C2H4_Ag100,
Ag100,ethene,pbe_d3,SPE,-0.103,-0.21,-0.103,Previously published single-point result,
Ag100,ethene,r2scan,relaxed,-1.27,-0.21,+1.07,Previously published energy retained; current audit: Not converged. C2H4_Ag100: See component convergence statuses; complex: unfinished; slab: converged; molecule: converged,
Ag100,ethene,r2scan,SPE,+0.060,-0.21,-0.267,Previously published single-point result,
Ag100,ethene,beef_vdw,relaxed,-25.121,-0.21,+24.914,Converged Perlmutter result; ENERGY REVIEW: |E_ads| > 5 eV; excluded from figure statistics. C2H4_Ag100,
Ag100,ethene,beef_vdw,SPE,-0.182,-0.21,-0.025,Previously published single-point result,
Ag100,formaldehyde,pbe,relaxed,-0.719,-0.32,+0.398,Screened Perlmutter result: H2CO_Ag100,
Ag100,formaldehyde,pbe,SPE,-0.704,-0.32,+0.384,Kestrel NSW=0 complex with converged relaxed slab and molecule references,/kfs3/scratch/jcho5/goad-global-optimization/poscar/best/C1/Ag100_formaldehyde/singlepoint/PBE
Ag100,formaldehyde,pbe_d3,relaxed,-0.932,-0.32,+0.611,Screened Perlmutter result: H2CO_Ag100,
Ag100,formaldehyde,pbe_d3,SPE,-0.820,-0.32,+0.500,Kestrel NSW=0 complex with converged relaxed slab and molecule references,/kfs3/scratch/jcho5/goad-global-optimization/poscar/best/C1/Ag100_formaldehyde/singlepoint/PBE_D3
Ag100,formaldehyde,r2scan,relaxed,—,-0.32,—,No previously published energy; current audit: Not converged. H2CO_Ag100: See component convergence statuses; complex: unfinished; slab: converged; molecule: converged,
Ag100,formaldehyde,r2scan,SPE,-1.182,-0.32,+0.862,Kestrel NSW=0 complex with converged relaxed slab and molecule references,/kfs3/scratch/jcho5/goad-global-optimization/poscar/best/C1/Ag100_formaldehyde/singlepoint/r2scan
Ag100,formaldehyde,beef_vdw,relaxed,-25.106,-0.32,+24.786,Converged Perlmutter result; ENERGY REVIEW: |E_ads| > 5 eV; excluded from figure statistics. H2CO_Ag100,
Ag100,formaldehyde,beef_vdw,SPE,queued,-0.32,—,,
Ag100,formate,pbe,relaxed,-3.62,-2.21,+1.41,Previously published energy retained; current audit: Not audited. No matching result in the current Perlmutter audit,
Ag100,formate,pbe,SPE,-3.608,-2.21,+1.398,Kestrel NSW=0 complex with converged relaxed slab and molecule references,/kfs3/scratch/jcho5/goad-global-optimization/poscar/best/C1/Ag100_formate/singlepoint/PBE
Ag100,formate,pbe_d3,relaxed,-3.97,-2.21,+1.76,Previously published energy retained; current audit: Not audited. No matching result in the current Perlmutter audit,
Ag100,formate,pbe_d3,SPE,-3.848,-2.21,+1.638,Kestrel NSW=0 complex with converged relaxed slab and molecule references,/kfs3/scratch/jcho5/goad-global-optimization/poscar/best/C1/Ag100_formate/singlepoint/PBE_D3
Ag100,formate,r2scan,relaxed,-4.78,-2.21,+2.57,Previously published energy retained; current audit: Not audited. No matching result in the current Perlmutter audit,
Ag100,formate,r2scan,SPE,-4.657,-2.21,+2.447,Kestrel NSW=0 complex with converged relaxed slab and molecule references,/kfs3/scratch/jcho5/goad-global-optimization/poscar/best/C1/Ag100_formate/singlepoint/r2scan
Ag100,formate,beef_vdw,relaxed,—,-2.21,—,No previously published energy; current audit: Not audited. No matching result in the current Perlmutter audit,
Ag100,formate,beef_vdw,SPE,—,-2.21,—,,
Ag100,formic_acid,pbe,relaxed,-0.833,-0.40,+0.431,Screened Perlmutter result: HCOOH_Ag100,
Ag100,formic_acid,pbe,SPE,-0.813,-0.40,+0.413,Kestrel NSW=0 complex with converged relaxed slab and molecule references,/kfs3/scratch/jcho5/goad-global-optimization/poscar/best/C1/Ag100_formic_acid/singlepoint/PBE
Ag100,formic_acid,pbe_d3,relaxed,-1.145,-0.40,+0.743,Screened Perlmutter result: HCOOH_Ag100,
Ag100,formic_acid,pbe_d3,SPE,-1.026,-0.40,+0.626,Kestrel NSW=0 complex with converged relaxed slab and molecule references,/kfs3/scratch/jcho5/goad-global-optimization/poscar/best/C1/Ag100_formic_acid/singlepoint/PBE_D3
Ag100,formic_acid,r2scan,relaxed,-1.43,-0.40,+1.03,Previously published energy retained; current audit: Not converged. HCOOH_Ag100: See component convergence statuses; complex: unfinished; slab: converged; molecule: converged,
Ag100,formic_acid,r2scan,SPE,-1.321,-0.40,+0.921,Kestrel NSW=0 complex with converged relaxed slab and molecule references,/kfs3/scratch/jcho5/goad-global-optimization/poscar/best/C1/Ag100_formic_acid/singlepoint/r2scan
Ag100,formic_acid,beef_vdw,relaxed,-25.221,-0.40,+24.819,Converged Perlmutter result; ENERGY REVIEW: |E_ads| > 5 eV; excluded from figure statistics. HCOOH_Ag100,
Ag100,formic_acid,beef_vdw,SPE,queued,-0.40,—,,
Ag100,glycerol,pbe,relaxed,-1.35,-0.68,+0.67,Previously published energy retained; current audit: Not audited. No matching result in the current Perlmutter audit,
Ag100,glycerol,pbe,SPE,-0.117,-0.68,-0.565,Previously published single-point result,
Ag100,glycerol,pbe_d3,relaxed,-1.94,-0.68,+1.26,Previously published energy retained; current audit: Not audited. No matching result in the current Perlmutter audit,
Ag100,glycerol,pbe_d3,SPE,-0.430,-0.68,-0.253,Previously published single-point result,
Ag100,glycerol,r2scan,relaxed,-2.55,-0.68,+1.87,Previously published energy retained; current audit: Not audited. No matching result in the current Perlmutter audit,
Ag100,glycerol,r2scan,SPE,-0.188,-0.68,-0.495,Previously published single-point result,
Ag100,glycerol,beef_vdw,relaxed,—,-0.68,—,No previously published energy; current audit: Not audited. No matching result in the current Perlmutter audit,
Ag100,glycerol,beef_vdw,SPE,-0.580,-0.68,-0.103,Previously published single-point result,
Ag100,isopropanol,pbe,relaxed,-1.32,-0.49,+0.83,Previously published energy retained; current audit: Not audited. No matching result in the current Perlmutter audit,
Ag100,isopropanol,pbe,SPE,-0.779,-0.49,+0.289,Kestrel NSW=0 complex with converged relaxed slab and molecule references,/kfs3/scratch/jcho5/goad-global-optimization/poscar/best/C3/Ag100_isopropanol/singlepoint/PBE
Ag100,isopropanol,pbe_d3,relaxed,-1.76,-0.49,+1.27,Previously published energy retained; current audit: Not audited. No matching result in the current Perlmutter audit,
Ag100,isopropanol,pbe_d3,SPE,-1.072,-0.49,+0.582,Kestrel NSW=0 complex with converged relaxed slab and molecule references,/kfs3/scratch/jcho5/goad-global-optimization/poscar/best/C3/Ag100_isopropanol/singlepoint/PBE_D3
Ag100,isopropanol,r2scan,relaxed,-2.41,-0.49,+1.93,Previously published energy retained; current audit: Not audited. No matching result in the current Perlmutter audit,
Ag100,isopropanol,r2scan,SPE,-1.306,-0.49,+0.816,Kestrel NSW=0 complex with converged relaxed slab and molecule references,/kfs3/scratch/jcho5/goad-global-optimization/poscar/best/C3/Ag100_isopropanol/singlepoint/r2scan
Ag100,isopropanol,beef_vdw,relaxed,—,-0.49,—,No previously published energy; current audit: Not audited. No matching result in the current Perlmutter audit,
Ag100,isopropanol,beef_vdw,SPE,—,-0.49,—,,
Ag100,methane,pbe,relaxed,-0.636,-0.42,+0.218,Screened Perlmutter result: CH4_Ag100,
Ag100,methane,pbe,SPE,-0.630,-0.42,+0.210,Kestrel NSW=0 complex with converged relaxed slab and molecule references,/kfs3/scratch/jcho5/goad-global-optimization/poscar/best/C1/Ag100_CH4/singlepoint/PBE
Ag100,methane,pbe_d3,relaxed,-0.801,-0.42,+0.383,Screened Perlmutter result: CH4_Ag100,
Ag100,methane,pbe_d3,SPE,-0.701,-0.42,+0.281,Kestrel NSW=0 complex with converged relaxed slab and molecule references,/kfs3/scratch/jcho5/goad-global-optimization/poscar/best/C1/Ag100_CH4/singlepoint/PBE_D3
Ag100,methane,r2scan,relaxed,-1.149,-0.42,+0.731,Screened Perlmutter result: CH4_Ag100,
Ag100,methane,r2scan,SPE,-1.057,-0.42,+0.637,Kestrel NSW=0 complex with converged relaxed slab and molecule references,/kfs3/scratch/jcho5/goad-global-optimization/poscar/best/C1/Ag100_CH4/singlepoint/r2scan
Ag100,methane,beef_vdw,relaxed,-24.994,-0.42,+24.576,Converged Perlmutter result; ENERGY REVIEW: |E_ads| > 5 eV; excluded from figure statistics. CH4_Ag100,
Ag100,methane,beef_vdw,SPE,-24.944,-0.42,+24.524,Perlmutter converged NSW=0 result; ENERGY REVIEW: |E_ads| > 5 eV; excluded from figure statistics,/pscratch/sd/j/jcho5/VASP/dft_jobs/CH4_Ag100/singlepoint/beef_vdw
Ag100,methanol,pbe,relaxed,-0.789,-0.40,+0.388,Screened Perlmutter result: CH3OH_Ag100,
Ag100,methanol,pbe,SPE,-0.777,-0.40,+0.377,Kestrel NSW=0 complex with converged relaxed slab and molecule references,/kfs3/scratch/jcho5/goad-global-optimization/poscar/best/C1/Ag100_methanol/singlepoint/PBE
Ag100,methanol,pbe_d3,relaxed,-1.076,-0.40,+0.675,Screened Perlmutter result: CH3OH_Ag100,
Ag100,methanol,pbe_d3,SPE,-0.923,-0.40,+0.523,Kestrel NSW=0 complex with converged relaxed slab and molecule references,/kfs3/scratch/jcho5/goad-global-optimization/poscar/best/C1/Ag100_methanol/singlepoint/PBE_D3
Ag100,methanol,r2scan,relaxed,-1.38,-0.40,+0.97,Previously published energy retained; current audit: Not converged. CH3OH_Ag100: See component convergence statuses; complex: unfinished; slab: converged; molecule: converged,
Ag100,methanol,r2scan,SPE,-1.267,-0.40,+0.867,Kestrel NSW=0 complex with converged relaxed slab and molecule references,/kfs3/scratch/jcho5/goad-global-optimization/poscar/best/C1/Ag100_methanol/singlepoint/r2scan
Ag100,methanol,beef_vdw,relaxed,-25.214,-0.40,+24.812,Converged Perlmutter result; ENERGY REVIEW: |E_ads| > 5 eV; excluded from figure statistics. CH3OH_Ag100,
Ag100,methanol,beef_vdw,SPE,-25.139,-0.40,+24.739,Perlmutter converged NSW=0 result; ENERGY REVIEW: |E_ads| > 5 eV; excluded from figure statistics,/pscratch/sd/j/jcho5/VASP/dft_jobs/CH3OH_Ag100/singlepoint/beef_vdw
Ag100,propane,pbe,relaxed,-1.18,-0.31,+0.87,Previously published energy retained; current audit: Not audited. No matching result in the current Perlmutter audit,
Ag100,propane,pbe,SPE,-0.633,-0.31,+0.323,Kestrel NSW=0 complex with converged relaxed slab and molecule references,/kfs3/scratch/jcho5/goad-global-optimization/poscar/best/C3/Ag100_propane/singlepoint/PBE
Ag100,propane,pbe_d3,relaxed,-1.58,-0.31,+1.27,Previously published energy retained; current audit: Not audited. No matching result in the current Perlmutter audit,
Ag100,propane,pbe_d3,SPE,-0.881,-0.31,+0.571,Kestrel NSW=0 complex with converged relaxed slab and molecule references,/kfs3/scratch/jcho5/goad-global-optimization/poscar/best/C3/Ag100_propane/singlepoint/PBE_D3
Ag100,propane,r2scan,relaxed,-2.22,-0.31,+1.91,Previously published energy retained; current audit: Not audited. No matching result in the current Perlmutter audit,
Ag100,propane,r2scan,SPE,-1.104,-0.31,+0.794,Kestrel NSW=0 complex with converged relaxed slab and molecule references,/kfs3/scratch/jcho5/goad-global-optimization/poscar/best/C3/Ag100_propane/singlepoint/r2scan
Ag100,propane,beef_vdw,relaxed,—,-0.31,—,No previously published energy; current audit: Not audited. No matching result in the current Perlmutter audit,
Ag100,propane,beef_vdw,SPE,—,-0.31,—,,
Ag100,propanol,pbe,relaxed,-1.33,-0.47,+0.86,Previously published energy retained; current audit: Not audited. No matching result in the current Perlmutter audit,
Ag100,propanol,pbe,SPE,-0.788,-0.47,+0.318,Kestrel NSW=0 complex with converged relaxed slab and molecule references,/kfs3/scratch/jcho5/goad-global-optimization/poscar/best/C3/Ag100_propanol/singlepoint/PBE
Ag100,propanol,pbe_d3,relaxed,-1.70,-0.47,+1.23,Previously published energy retained; current audit: Not audited. No matching result in the current Perlmutter audit,
Ag100,propanol,pbe_d3,SPE,-1.134,-0.47,+0.664,Kestrel NSW=0 complex with converged relaxed slab and molecule references,/kfs3/scratch/jcho5/goad-global-optimization/poscar/best/C3/Ag100_propanol/singlepoint/PBE_D3
Ag100,propanol,r2scan,relaxed,-2.39,-0.47,+1.92,Previously published energy retained; current audit: Not audited. No matching result in the current Perlmutter audit,
Ag100,propanol,r2scan,SPE,-1.337,-0.47,+0.867,Kestrel NSW=0 complex with converged relaxed slab and molecule references,/kfs3/scratch/jcho5/goad-global-optimization/poscar/best/C3/Ag100_propanol/singlepoint/r2scan
Ag100,propanol,beef_vdw,relaxed,—,-0.47,—,No previously published energy; current audit: Not audited. No matching result in the current Perlmutter audit,
Ag100,propanol,beef_vdw,SPE,—,-0.47,—,,
Ag100,propene,pbe,relaxed,-1.23,-0.21,+1.02,Previously published energy retained; current audit: Not audited. No matching result in the current Perlmutter audit,
Ag100,propene,pbe,SPE,-0.693,-0.21,+0.483,Kestrel NSW=0 complex with converged relaxed slab and molecule references,/kfs3/scratch/jcho5/goad-global-optimization/poscar/best/C3/Ag100_propene/singlepoint/PBE
Ag100,propene,pbe_d3,relaxed,-1.77,-0.21,+1.56,Previously published energy retained; current audit: Not audited. No matching result in the current Perlmutter audit,
Ag100,propene,pbe_d3,SPE,-0.946,-0.21,+0.736,Kestrel NSW=0 complex with converged relaxed slab and molecule references,/kfs3/scratch/jcho5/goad-global-optimization/poscar/best/C3/Ag100_propene/singlepoint/PBE_D3
Ag100,propene,r2scan,relaxed,-2.27,-0.21,+2.06,Previously published energy retained; current audit: Not audited. No matching result in the current Perlmutter audit,
Ag100,propene,r2scan,SPE,-1.185,-0.21,+0.975,Kestrel NSW=0 complex with converged relaxed slab and molecule references,/kfs3/scratch/jcho5/goad-global-optimization/poscar/best/C3/Ag100_propene/singlepoint/r2scan
Ag100,propene,beef_vdw,relaxed,—,-0.21,—,No previously published energy; current audit: Not audited. No matching result in the current Perlmutter audit,
Ag100,propene,beef_vdw,SPE,—,-0.21,—,,
Ag110,CH3,pbe,relaxed,-1.595,-1.77,-0.180,Screened Perlmutter result: CH3_Ag110,
Ag110,CH3,pbe,SPE,-1.583,-1.77,-0.187,Kestrel NSW=0 complex with converged relaxed slab and molecule references,/kfs3/scratch/jcho5/goad-global-optimization/poscar/best/C1/Ag110_CH3/singlepoint/PBE
Ag110,CH3,pbe_d3,relaxed,-1.792,-1.77,+0.018,Screened Perlmutter result: CH3_Ag110,
Ag110,CH3,pbe_d3,SPE,-1.763,-1.77,-0.007,Kestrel NSW=0 complex with converged relaxed slab and molecule references,/kfs3/scratch/jcho5/goad-global-optimization/poscar/best/C1/Ag110_CH3/singlepoint/PBE_D3
Ag110,CH3,r2scan,relaxed,-1.861,-1.77,+0.086,Screened Perlmutter result: CH3_Ag110,
Ag110,CH3,r2scan,SPE,-1.793,-1.77,+0.023,Kestrel NSW=0 complex with converged relaxed slab and molecule references,/kfs3/scratch/jcho5/goad-global-optimization/poscar/best/C1/Ag110_CH3/singlepoint/r2scan
Ag110,CH3,beef_vdw,relaxed,-17.658,-1.77,+15.884,Converged Perlmutter result; ENERGY REVIEW: |E_ads| > 5 eV; excluded from figure statistics. CH3_Ag110,
Ag110,CH3,beef_vdw,SPE,-17.605,-1.77,+15.835,Perlmutter converged NSW=0 result; ENERGY REVIEW: |E_ads| > 5 eV; excluded from figure statistics,/pscratch/sd/j/jcho5/VASP/dft_jobs/CH3_Ag110/singlepoint/beef_vdw
Ag110,CO,pbe,relaxed,-0.755,-0.57,+0.187,Screened Perlmutter result: CO_Ag110,
Ag110,CO,pbe,SPE,-0.737,-0.57,+0.167,Kestrel NSW=0 complex with converged relaxed slab and molecule references,/kfs3/scratch/jcho5/goad-global-optimization/poscar/best/C1/Ag110_CO/singlepoint/PBE
Ag110,CO,pbe_d3,relaxed,-0.944,-0.57,+0.376,Screened Perlmutter result: CO_Ag110,
Ag110,CO,pbe_d3,SPE,-0.909,-0.57,+0.339,Kestrel NSW=0 complex with converged relaxed slab and molecule references,/kfs3/scratch/jcho5/goad-global-optimization/poscar/best/C1/Ag110_CO/singlepoint/PBE_D3
Ag110,CO,r2scan,relaxed,-1.143,-0.57,+0.576,Screened Perlmutter result: CO_Ag110,
Ag110,CO,r2scan,SPE,-1.072,-0.57,+0.502,Kestrel NSW=0 complex with converged relaxed slab and molecule references,/kfs3/scratch/jcho5/goad-global-optimization/poscar/best/C1/Ag110_CO/singlepoint/r2scan
Ag110,CO,beef_vdw,relaxed,-16.792,-0.57,+16.224,Converged Perlmutter result; ENERGY REVIEW: |E_ads| > 5 eV; excluded from figure statistics. CO_Ag110,
Ag110,CO,beef_vdw,SPE,queued,-0.57,—,,
Ag110,CO2,pbe,relaxed,-0.424,-0.39,+0.032,Screened Perlmutter result: CO2_Ag110,
Ag110,CO2,pbe,SPE,-0.421,-0.39,+0.031,Kestrel NSW=0 complex with converged relaxed slab and molecule references,/kfs3/scratch/jcho5/goad-global-optimization/poscar/best/C1/Ag110_CO2/singlepoint/PBE
Ag110,CO2,pbe_d3,relaxed,—,-0.39,—,No previously published energy; current audit: Not converged. CO2_Ag110: See component convergence statuses; complex: converged; slab: converged; molecule: electronic_unconverged,
Ag110,CO2,pbe_d3,SPE,queued,-0.39,—,,
Ag110,CO2,r2scan,relaxed,-0.802,-0.39,+0.409,Screened Perlmutter result: CO2_Ag110,
Ag110,CO2,r2scan,SPE,-0.769,-0.39,+0.379,Kestrel NSW=0 complex with converged relaxed slab and molecule references,/kfs3/scratch/jcho5/goad-global-optimization/poscar/best/C1/Ag110_CO2/singlepoint/r2scan
Ag110,CO2,beef_vdw,relaxed,-16.756,-0.39,+16.364,Converged Perlmutter result; ENERGY REVIEW: |E_ads| > 5 eV; excluded from figure statistics. CO2_Ag110,
Ag110,CO2,beef_vdw,SPE,queued,-0.39,—,,
Ag110,DME,pbe,relaxed,—,-0.31,—,No previously published energy; current audit: Not converged. CH3OCH3_Ag110: molecule: ZBRENT: fatal error in bracketing; complex: converged; slab: converged; molecule: unfinished,
Ag110,DME,pbe,SPE,refs missing,-0.31,—,,
Ag110,DME,pbe_d3,relaxed,—,-0.31,—,No previously published energy; current audit: Not converged. CH3OCH3_Ag110: molecule: ZBRENT: fatal error in bracketing; complex: converged; slab: converged; molecule: unfinished,
Ag110,DME,pbe_d3,SPE,refs missing,-0.31,—,,
Ag110,DME,r2scan,relaxed,-1.018,-0.31,+0.708,Screened Perlmutter result: CH3OCH3_Ag110,
Ag110,DME,r2scan,SPE,-0.837,-0.31,+0.527,Kestrel NSW=0 complex with converged relaxed slab and molecule references,/kfs3/scratch/jcho5/goad-global-optimization/poscar/best/C2/Ag110_DME/singlepoint/r2scan
Ag110,DME,beef_vdw,relaxed,-16.981,-0.31,+16.671,Converged Perlmutter result; ENERGY REVIEW: |E_ads| > 5 eV; excluded from figure statistics. CH3OCH3_Ag110,
Ag110,DME,beef_vdw,SPE,-16.899,-0.31,+16.589,Perlmutter converged NSW=0 result; ENERGY REVIEW: |E_ads| > 5 eV; excluded from figure statistics,/pscratch/sd/j/jcho5/VASP/dft_jobs/CH3OCH3_Ag110/singlepoint/beef_vdw
Ag110,H2,pbe,relaxed,-0.36,-0.27,+0.10,Previously published energy retained; current audit: Not audited. No matching result in the current Perlmutter audit,
Ag110,H2,pbe,SPE,-0.360,-0.27,+0.090,Kestrel NSW=0 complex with converged relaxed slab and molecule references,/kfs3/scratch/jcho5/goad-global-optimization/poscar/best/C0/Ag110_H2/singlepoint/PBE
Ag110,H2,pbe_d3,relaxed,-0.43,-0.27,+0.16,Previously published energy retained; current audit: Not audited. No matching result in the current Perlmutter audit,
Ag110,H2,pbe_d3,SPE,-0.420,-0.27,+0.150,Kestrel NSW=0 complex with converged relaxed slab and molecule references,/kfs3/scratch/jcho5/goad-global-optimization/poscar/best/C0/Ag110_H2/singlepoint/PBE_D3
Ag110,H2,r2scan,relaxed,-0.69,-0.27,+0.42,Previously published energy retained; current audit: Not audited. No matching result in the current Perlmutter audit,
Ag110,H2,r2scan,SPE,-0.657,-0.27,+0.387,Kestrel NSW=0 complex with converged relaxed slab and molecule references,/kfs3/scratch/jcho5/goad-global-optimization/poscar/best/C0/Ag110_H2/singlepoint/r2scan
Ag110,H2,beef_vdw,relaxed,—,-0.27,—,No previously published energy; current audit: Not audited. No matching result in the current Perlmutter audit,
Ag110,H2,beef_vdw,SPE,—,-0.27,—,,
Ag110,H2O,pbe,relaxed,-0.649,-0.58,+0.065,Screened Perlmutter result: H2O_Ag110,
Ag110,H2O,pbe,SPE,-0.644,-0.58,+0.064,Kestrel NSW=0 complex with converged relaxed slab and molecule references,/kfs3/scratch/jcho5/goad-global-optimization/poscar/best/C0/Ag110_H2O/singlepoint/PBE
Ag110,H2O,pbe_d3,relaxed,-0.832,-0.58,+0.248,Screened Perlmutter result: H2O_Ag110,
Ag110,H2O,pbe_d3,SPE,-0.819,-0.58,+0.239,Kestrel NSW=0 complex with converged relaxed slab and molecule references,/kfs3/scratch/jcho5/goad-global-optimization/poscar/best/C0/Ag110_H2O/singlepoint/PBE_D3
Ag110,H2O,r2scan,relaxed,-1.070,-0.58,+0.486,Screened Perlmutter result: H2O_Ag110,
Ag110,H2O,r2scan,SPE,-1.021,-0.58,+0.441,Kestrel NSW=0 complex with converged relaxed slab and molecule references,/kfs3/scratch/jcho5/goad-global-optimization/poscar/best/C0/Ag110_H2O/singlepoint/r2scan
Ag110,H2O,beef_vdw,relaxed,—,-0.58,—,No previously published energy; current audit: Not converged. H2O_Ag110: complex: ZBRENT: fatal error in bracketing; complex: unfinished; slab: converged; molecule: converged,
Ag110,H2O,beef_vdw,SPE,queued,-0.58,—,,
Ag110,H2S,pbe,relaxed,-0.629,-0.50,+0.125,Screened Perlmutter result: H2S_Ag110,
Ag110,H2S,pbe,SPE,-0.609,-0.50,+0.109,Kestrel NSW=0 complex with converged relaxed slab and molecule references,/kfs3/scratch/jcho5/goad-global-optimization/poscar/best/C0/Ag110_H2S/singlepoint/PBE
Ag110,H2S,pbe_d3,relaxed,-0.963,-0.50,+0.460,Screened Perlmutter result: H2S_Ag110,
Ag110,H2S,pbe_d3,SPE,-0.926,-0.50,+0.426,Kestrel NSW=0 complex with converged relaxed slab and molecule references,/kfs3/scratch/jcho5/goad-global-optimization/poscar/best/C0/Ag110_H2S/singlepoint/PBE_D3
Ag110,H2S,r2scan,relaxed,-1.052,-0.50,+0.549,Screened Perlmutter result: H2S_Ag110,
Ag110,H2S,r2scan,SPE,-0.992,-0.50,+0.492,Kestrel NSW=0 complex with converged relaxed slab and molecule references,/kfs3/scratch/jcho5/goad-global-optimization/poscar/best/C0/Ag110_H2S/singlepoint/r2scan
Ag110,H2S,beef_vdw,relaxed,-16.869,-0.50,+16.366,Converged Perlmutter result; ENERGY REVIEW: |E_ads| > 5 eV; excluded from figure statistics. H2S_Ag110,
Ag110,H2S,beef_vdw,SPE,queued,-0.50,—,,
Ag110,N2,pbe,relaxed,-0.396,-0.05,+0.344,Screened Perlmutter result: N2_Ag110,
Ag110,N2,pbe,SPE,-0.395,-0.05,+0.345,Kestrel NSW=0 complex with converged relaxed slab and molecule references,/kfs3/scratch/jcho5/goad-global-optimization/poscar/best/C0/Ag110_N2/singlepoint/PBE
Ag110,N2,pbe_d3,relaxed,-0.455,-0.05,+0.404,Screened Perlmutter result: N2_Ag110,
Ag110,N2,pbe_d3,SPE,-0.450,-0.05,+0.400,Kestrel NSW=0 complex with converged relaxed slab and molecule references,/kfs3/scratch/jcho5/goad-global-optimization/poscar/best/C0/Ag110_N2/singlepoint/PBE_D3
Ag110,N2,r2scan,relaxed,-0.704,-0.05,+0.652,Screened Perlmutter result: N2_Ag110,
Ag110,N2,r2scan,SPE,-0.672,-0.05,+0.622,Kestrel NSW=0 complex with converged relaxed slab and molecule references,/kfs3/scratch/jcho5/goad-global-optimization/poscar/best/C0/Ag110_N2/singlepoint/r2scan
Ag110,N2,beef_vdw,relaxed,-16.594,-0.05,+16.543,Converged Perlmutter result; ENERGY REVIEW: |E_ads| > 5 eV; excluded from figure statistics. N2_Ag110,
Ag110,N2,beef_vdw,SPE,queued,-0.05,—,,
Ag110,NH3,pbe,relaxed,-0.831,-0.81,+0.023,Screened Perlmutter result: NH3_Ag110,
Ag110,NH3,pbe,SPE,-0.827,-0.81,+0.017,Kestrel NSW=0 complex with converged relaxed slab and molecule references,/kfs3/scratch/jcho5/goad-global-optimization/poscar/best/C0/Ag110_NH3/singlepoint/PBE
Ag110,NH3,pbe_d3,relaxed,-1.015,-0.81,+0.208,Screened Perlmutter result: NH3_Ag110,
Ag110,NH3,pbe_d3,SPE,-0.999,-0.81,+0.189,Kestrel NSW=0 complex with converged relaxed slab and molecule references,/kfs3/scratch/jcho5/goad-global-optimization/poscar/best/C0/Ag110_NH3/singlepoint/PBE_D3
Ag110,NH3,r2scan,relaxed,-1.240,-0.81,+0.432,Screened Perlmutter result: NH3_Ag110,
Ag110,NH3,r2scan,SPE,-1.202,-0.81,+0.392,Kestrel NSW=0 complex with converged relaxed slab and molecule references,/kfs3/scratch/jcho5/goad-global-optimization/poscar/best/C0/Ag110_NH3/singlepoint/r2scan
Ag110,NH3,beef_vdw,relaxed,-17.010,-0.81,+16.202,Converged Perlmutter result; ENERGY REVIEW: |E_ads| > 5 eV; excluded from figure statistics. NH3_Ag110,
Ag110,NH3,beef_vdw,SPE,queued,-0.81,—,,
Ag110,NO,pbe,relaxed,-1.344,-0.81,+0.530,Screened Perlmutter result: NO_Ag110,
Ag110,NO,pbe,SPE,-1.220,-0.81,+0.410,Kestrel NSW=0 complex with converged relaxed slab and molecule references,/kfs3/scratch/jcho5/goad-global-optimization/poscar/best/C0/Ag110_NO/singlepoint/PBE
Ag110,NO,pbe_d3,relaxed,-1.506,-0.81,+0.693,Screened Perlmutter result: NO_Ag110,
Ag110,NO,pbe_d3,SPE,-1.446,-0.81,+0.636,Kestrel NSW=0 complex with converged relaxed slab and molecule references,/kfs3/scratch/jcho5/goad-global-optimization/poscar/best/C0/Ag110_NO/singlepoint/PBE_D3
Ag110,NO,r2scan,relaxed,-2.09,-0.81,+1.28,Previously published energy retained; current audit: Not converged. NO_Ag110: See component convergence statuses; complex: converged; slab: converged; molecule: ionic_unconverged,
Ag110,NO,r2scan,SPE,queued,-0.81,—,,
Ag110,NO,beef_vdw,relaxed,—,-0.81,—,No previously published energy; current audit: Not converged. NO_Ag110: complex: ZBRENT: fatal error in bracketing; complex: unfinished; slab: converged; molecule: converged,
Ag110,NO,beef_vdw,SPE,queued,-0.81,—,,
Ag110,O2,pbe,relaxed,-0.97,-0.65,+0.33,Previously published energy retained; current audit: Not audited. No matching result in the current Perlmutter audit,
Ag110,O2,pbe,SPE,—,-0.65,—,,
Ag110,O2,pbe_d3,relaxed,—,-0.65,—,No previously published energy; current audit: Not audited. No matching result in the current Perlmutter audit,
Ag110,O2,pbe_d3,SPE,—,-0.65,—,,
Ag110,O2,r2scan,relaxed,—,-0.65,—,No previously published energy; current audit: Not audited. No matching result in the current Perlmutter audit,
Ag110,O2,r2scan,SPE,—,-0.65,—,,
Ag110,O2,beef_vdw,relaxed,—,-0.65,—,No previously published energy; current audit: Not audited. No matching result in the current Perlmutter audit,
Ag110,O2,beef_vdw,SPE,—,-0.65,—,,
Ag110,SO2,pbe,relaxed,-0.948,-0.68,+0.267,Screened Perlmutter result: SO2_Ag110,
Ag110,SO2,pbe,SPE,-0.924,-0.68,+0.244,Kestrel NSW=0 complex with converged relaxed slab and molecule references,/kfs3/scratch/jcho5/goad-global-optimization/poscar/best/C0/Ag110_SO2/singlepoint/PBE
Ag110,SO2,pbe_d3,relaxed,-1.459,-0.68,+0.778,Screened Perlmutter result: SO2_Ag110,
Ag110,SO2,pbe_d3,SPE,-1.386,-0.68,+0.706,Kestrel NSW=0 complex with converged relaxed slab and molecule references,/kfs3/scratch/jcho5/goad-global-optimization/poscar/best/C0/Ag110_SO2/singlepoint/PBE_D3
Ag110,SO2,r2scan,relaxed,-1.723,-0.68,+1.041,Screened Perlmutter result: SO2_Ag110,
Ag110,SO2,r2scan,SPE,-1.599,-0.68,+0.919,Kestrel NSW=0 complex with converged relaxed slab and molecule references,/kfs3/scratch/jcho5/goad-global-optimization/poscar/best/C0/Ag110_SO2/singlepoint/r2scan
Ag110,SO2,beef_vdw,relaxed,-17.204,-0.68,+16.523,Converged Perlmutter result; ENERGY REVIEW: |E_ads| > 5 eV; excluded from figure statistics. SO2_Ag110,
Ag110,SO2,beef_vdw,SPE,queued,-0.68,—,,
Ag110,acetaldehyde,pbe,relaxed,-0.511,-0.59,-0.077,Screened Perlmutter result: CH3CHO_Ag110,
Ag110,acetaldehyde,pbe,SPE,-0.476,-0.59,-0.114,Kestrel NSW=0 complex with converged relaxed slab and molecule references,/kfs3/scratch/jcho5/goad-global-optimization/poscar/best/C2/Ag110_acetaldehyde/singlepoint/PBE
Ag110,acetaldehyde,pbe_d3,relaxed,-0.785,-0.59,+0.197,Screened Perlmutter result: CH3CHO_Ag110,
Ag110,acetaldehyde,pbe_d3,SPE,-0.742,-0.59,+0.152,Kestrel NSW=0 complex with converged relaxed slab and molecule references,/kfs3/scratch/jcho5/goad-global-optimization/poscar/best/C2/Ag110_acetaldehyde/singlepoint/PBE_D3
Ag110,acetaldehyde,r2scan,relaxed,-0.956,-0.59,+0.368,Screened Perlmutter result: CH3CHO_Ag110,
Ag110,acetaldehyde,r2scan,SPE,-0.900,-0.59,+0.310,Kestrel NSW=0 complex with converged relaxed slab and molecule references,/kfs3/scratch/jcho5/goad-global-optimization/poscar/best/C2/Ag110_acetaldehyde/singlepoint/r2scan
Ag110,acetaldehyde,beef_vdw,relaxed,-16.876,-0.59,+16.288,Converged Perlmutter result; ENERGY REVIEW: |E_ads| > 5 eV; excluded from figure statistics. CH3CHO_Ag110,
Ag110,acetaldehyde,beef_vdw,SPE,-16.755,-0.59,+16.165,Perlmutter converged NSW=0 result; ENERGY REVIEW: |E_ads| > 5 eV; excluded from figure statistics,/pscratch/sd/j/jcho5/VASP/dft_jobs/CH3CHO_Ag110/singlepoint/beef_vdw
Ag110,acetic_acid,pbe,relaxed,—,-0.68,—,No previously published energy; current audit: Not converged. CH3COOH_Ag110: molecule: ZBRENT: fatal error in bracketing; complex: converged; slab: converged; molecule: unfinished,
Ag110,acetic_acid,pbe,SPE,refs missing,-0.68,—,,
Ag110,acetic_acid,pbe_d3,relaxed,—,-0.68,—,No previously published energy; current audit: Not converged. CH3COOH_Ag110: molecule: ZBRENT: fatal error in bracketing; complex: converged; slab: converged; molecule: unfinished,
Ag110,acetic_acid,pbe_d3,SPE,refs missing,-0.68,—,,
Ag110,acetic_acid,r2scan,relaxed,-1.126,-0.68,+0.451,Screened Perlmutter result: CH3COOH_Ag110,
Ag110,acetic_acid,r2scan,SPE,-1.083,-0.68,+0.403,Kestrel NSW=0 complex with converged relaxed slab and molecule references,/kfs3/scratch/jcho5/goad-global-optimization/poscar/best/C2/Ag110_acetic_acid/singlepoint/r2scan
Ag110,acetic_acid,beef_vdw,relaxed,-16.998,-0.68,+16.323,Converged Perlmutter result; ENERGY REVIEW: |E_ads| > 5 eV; excluded from figure statistics. CH3COOH_Ag110,
Ag110,acetic_acid,beef_vdw,SPE,-16.925,-0.68,+16.245,Perlmutter converged NSW=0 result; ENERGY REVIEW: |E_ads| > 5 eV; excluded from figure statistics,/pscratch/sd/j/jcho5/VASP/dft_jobs/CH3COOH_Ag110/singlepoint/beef_vdw
Ag110,ethane,pbe,relaxed,-0.414,-0.38,+0.034,Screened Perlmutter result: C2H6_Ag110,
Ag110,ethane,pbe,SPE,-0.411,-0.38,+0.031,Kestrel NSW=0 complex with converged relaxed slab and molecule references,/kfs3/scratch/jcho5/goad-global-optimization/poscar/best/C2/Ag110_ethane/singlepoint/PBE
Ag110,ethane,pbe_d3,relaxed,-0.603,-0.38,+0.223,Screened Perlmutter result: C2H6_Ag110,
Ag110,ethane,pbe_d3,SPE,-0.599,-0.38,+0.219,Kestrel NSW=0 complex with converged relaxed slab and molecule references,/kfs3/scratch/jcho5/goad-global-optimization/poscar/best/C2/Ag110_ethane/singlepoint/PBE_D3
Ag110,ethane,r2scan,relaxed,-0.76,-0.38,+0.38,Previously published energy retained; current audit: Not converged. C2H6_Ag110: complex: ZBRENT: fatal error in bracketing; complex: unfinished; slab: converged; molecule: converged,
Ag110,ethane,r2scan,SPE,-0.732,-0.38,+0.352,Kestrel NSW=0 complex with converged relaxed slab and molecule references,/kfs3/scratch/jcho5/goad-global-optimization/poscar/best/C2/Ag110_ethane/singlepoint/r2scan
Ag110,ethane,beef_vdw,relaxed,-16.751,-0.38,+16.371,Converged Perlmutter result; ENERGY REVIEW: |E_ads| > 5 eV; excluded from figure statistics. C2H6_Ag110,
Ag110,ethane,beef_vdw,SPE,-16.671,-0.38,+16.291,Perlmutter converged NSW=0 result; ENERGY REVIEW: |E_ads| > 5 eV; excluded from figure statistics,/pscratch/sd/j/jcho5/VASP/dft_jobs/C2H6_Ag110/singlepoint/beef_vdw
Ag110,ethanol,pbe,relaxed,-1.30,-0.55,+0.75,"Previously published energy retained; current audit: Slab size mismatch. CH3CH2OH_Ag110: slab size mismatch: complex has 64 Ag, reference has 24; complex: converged; slab: converged; molecule: converged",
Ag110,ethanol,pbe,SPE,-0.225,-0.55,-0.321,Previously published single-point result,
Ag110,ethanol,pbe_d3,relaxed,-1.67,-0.55,+1.12,"Previously published energy retained; current audit: Slab size mismatch. CH3CH2OH_Ag110: slab size mismatch: complex has 64 Ag, reference has 24; complex: converged; slab: converged; molecule: converged",
Ag110,ethanol,pbe_d3,SPE,-0.474,-0.55,-0.071,Previously published single-point result,
Ag110,ethanol,r2scan,relaxed,-2.19,-0.55,+1.64,"Previously published energy retained; current audit: Slab size mismatch. CH3CH2OH_Ag110: slab size mismatch: complex has 64 Ag, reference has 24; complex: unfinished; slab: converged; molecule: converged",
Ag110,ethanol,r2scan,SPE,-0.240,-0.55,-0.306,Previously published single-point result,
Ag110,ethanol,beef_vdw,relaxed,-44.444,-0.55,+43.894,"Shared stored references; converged components, matching functional/composition/full slab cell and stored core settings. Archived Kestrel records retain their source provenance. POTCAR variants allowed; no energy scaling or offsets. Slab: /kfs3/scratch/jcho5/goad-global-optimization/vasp_slab/Ag110_n64/beef_vdw ENERGY REVIEW: |E_ads| > 5 eV.",
Ag110,ethanol,beef_vdw,SPE,-0.372,-0.55,-0.174,Previously published single-point result,
Ag110,ethene,pbe,relaxed,-0.595,-0.41,+0.186,Screened Perlmutter result: C2H4_Ag110,
Ag110,ethene,pbe,SPE,-0.142,-0.41,-0.266,Previously published single-point result,
Ag110,ethene,pbe_d3,relaxed,-0.916,-0.41,+0.507,Screened Perlmutter result: C2H4_Ag110,
Ag110,ethene,pbe_d3,SPE,-0.411,-0.41,+0.004,Previously published single-point result,
Ag110,ethene,r2scan,relaxed,-1.05,-0.41,+0.64,Previously published energy retained; current audit: Not converged. C2H4_Ag110: See component convergence statuses; complex: unfinished; slab: converged; molecule: converged,
Ag110,ethene,r2scan,SPE,-0.179,-0.41,-0.228,Previously published single-point result,
Ag110,ethene,beef_vdw,relaxed,-16.886,-0.41,+16.477,Converged Perlmutter result; ENERGY REVIEW: |E_ads| > 5 eV; excluded from figure statistics. C2H4_Ag110,
Ag110,ethene,beef_vdw,SPE,-0.156,-0.41,-0.251,Previously published single-point result,
Ag110,formaldehyde,pbe,relaxed,-0.534,-0.41,+0.126,Screened Perlmutter result: H2CO_Ag110,
Ag110,formaldehyde,pbe,SPE,-0.508,-0.41,+0.098,Kestrel NSW=0 complex with converged relaxed slab and molecule references,/kfs3/scratch/jcho5/goad-global-optimization/poscar/best/C1/Ag110_formaldehyde/singlepoint/PBE
Ag110,formaldehyde,pbe_d3,relaxed,-0.759,-0.41,+0.351,Screened Perlmutter result: H2CO_Ag110,
Ag110,formaldehyde,pbe_d3,SPE,-0.733,-0.41,+0.323,Kestrel NSW=0 complex with converged relaxed slab and molecule references,/kfs3/scratch/jcho5/goad-global-optimization/poscar/best/C1/Ag110_formaldehyde/singlepoint/PBE_D3
Ag110,formaldehyde,r2scan,relaxed,-0.974,-0.41,+0.566,Screened Perlmutter result: H2CO_Ag110,
Ag110,formaldehyde,r2scan,SPE,-0.923,-0.41,+0.513,Kestrel NSW=0 complex with converged relaxed slab and molecule references,/kfs3/scratch/jcho5/goad-global-optimization/poscar/best/C1/Ag110_formaldehyde/singlepoint/r2scan
Ag110,formaldehyde,beef_vdw,relaxed,-16.822,-0.41,+16.415,Converged Perlmutter result; ENERGY REVIEW: |E_ads| > 5 eV; excluded from figure statistics. H2CO_Ag110,
Ag110,formaldehyde,beef_vdw,SPE,queued,-0.41,—,,
Ag110,formate,pbe,relaxed,-3.31,-2.33,+0.99,Previously published energy retained; current audit: Not audited. No matching result in the current Perlmutter audit,
Ag110,formate,pbe,SPE,-3.307,-2.33,+0.977,Kestrel NSW=0 complex with converged relaxed slab and molecule references,/kfs3/scratch/jcho5/goad-global-optimization/poscar/best/C1/Ag110_formate/singlepoint/PBE
Ag110,formate,pbe_d3,relaxed,-3.65,-2.33,+1.32,Previously published energy retained; current audit: Not audited. No matching result in the current Perlmutter audit,
Ag110,formate,pbe_d3,SPE,-3.615,-2.33,+1.285,Kestrel NSW=0 complex with converged relaxed slab and molecule references,/kfs3/scratch/jcho5/goad-global-optimization/poscar/best/C1/Ag110_formate/singlepoint/PBE_D3
Ag110,formate,r2scan,relaxed,-4.37,-2.33,+2.04,Previously published energy retained; current audit: Not audited. No matching result in the current Perlmutter audit,
Ag110,formate,r2scan,SPE,-4.285,-2.33,+1.955,Kestrel NSW=0 complex with converged relaxed slab and molecule references,/kfs3/scratch/jcho5/goad-global-optimization/poscar/best/C1/Ag110_formate/singlepoint/r2scan
Ag110,formate,beef_vdw,relaxed,—,-2.33,—,No previously published energy; current audit: Not audited. No matching result in the current Perlmutter audit,
Ag110,formate,beef_vdw,SPE,—,-2.33,—,,
Ag110,formic_acid,pbe,relaxed,-0.629,-0.48,+0.146,Screened Perlmutter result: HCOOH_Ag110,
Ag110,formic_acid,pbe,SPE,-0.620,-0.48,+0.140,Kestrel NSW=0 complex with converged relaxed slab and molecule references,/kfs3/scratch/jcho5/goad-global-optimization/poscar/best/C1/Ag110_formic_acid/singlepoint/PBE
Ag110,formic_acid,pbe_d3,relaxed,-0.932,-0.48,+0.448,Screened Perlmutter result: HCOOH_Ag110,
Ag110,formic_acid,pbe_d3,SPE,-0.905,-0.48,+0.425,Kestrel NSW=0 complex with converged relaxed slab and molecule references,/kfs3/scratch/jcho5/goad-global-optimization/poscar/best/C1/Ag110_formic_acid/singlepoint/PBE_D3
Ag110,formic_acid,r2scan,relaxed,-1.105,-0.48,+0.621,Screened Perlmutter result: HCOOH_Ag110,
Ag110,formic_acid,r2scan,SPE,-1.044,-0.48,+0.564,Kestrel NSW=0 complex with converged relaxed slab and molecule references,/kfs3/scratch/jcho5/goad-global-optimization/poscar/best/C1/Ag110_formic_acid/singlepoint/r2scan
Ag110,formic_acid,beef_vdw,relaxed,-16.934,-0.48,+16.450,Converged Perlmutter result; ENERGY REVIEW: |E_ads| > 5 eV; excluded from figure statistics. HCOOH_Ag110,
Ag110,formic_acid,beef_vdw,SPE,queued,-0.48,—,,
Ag110,glycerol,pbe,relaxed,-1.41,-0.96,+0.44,Previously published energy retained; current audit: Not audited. No matching result in the current Perlmutter audit,
Ag110,glycerol,pbe,SPE,-0.904,-0.96,-0.056,Kestrel NSW=0 complex with converged relaxed slab and molecule references,/kfs3/scratch/jcho5/goad-global-optimization/poscar/best/C3/Ag110_glycerol/singlepoint/PBE
Ag110,glycerol,pbe_d3,relaxed,-1.94,-0.96,+0.97,Previously published energy retained; current audit: Not audited. No matching result in the current Perlmutter audit,
Ag110,glycerol,pbe_d3,SPE,-1.452,-0.96,+0.492,Kestrel NSW=0 complex with converged relaxed slab and molecule references,/kfs3/scratch/jcho5/goad-global-optimization/poscar/best/C3/Ag110_glycerol/singlepoint/PBE_D3
Ag110,glycerol,r2scan,relaxed,-2.54,-0.96,+1.57,Previously published energy retained; current audit: Not audited. No matching result in the current Perlmutter audit,
Ag110,glycerol,r2scan,SPE,-1.431,-0.96,+0.471,Kestrel NSW=0 complex with converged relaxed slab and molecule references,/kfs3/scratch/jcho5/goad-global-optimization/poscar/best/C3/Ag110_glycerol/singlepoint/r2scan
Ag110,glycerol,beef_vdw,relaxed,—,-0.96,—,No previously published energy; current audit: Not audited. No matching result in the current Perlmutter audit,
Ag110,glycerol,beef_vdw,SPE,—,-0.96,—,,
Ag110,isopropanol,pbe,relaxed,-1.31,-0.59,+0.72,Previously published energy retained; current audit: Not audited. No matching result in the current Perlmutter audit,
Ag110,isopropanol,pbe,SPE,-0.237,-0.59,-0.349,Previously published single-point result,
Ag110,isopropanol,pbe_d3,relaxed,-1.74,-0.59,+1.16,Previously published energy retained; current audit: Not audited. No matching result in the current Perlmutter audit,
Ag110,isopropanol,pbe_d3,SPE,-0.587,-0.59,+0.002,Previously published single-point result,
Ag110,isopropanol,r2scan,relaxed,-2.30,-0.59,+1.71,Previously published energy retained; current audit: Not audited. No matching result in the current Perlmutter audit,
Ag110,isopropanol,r2scan,SPE,-0.295,-0.59,-0.291,Previously published single-point result,
Ag110,isopropanol,beef_vdw,relaxed,—,-0.59,—,No previously published energy; current audit: Not audited. No matching result in the current Perlmutter audit,
Ag110,isopropanol,beef_vdw,SPE,-0.463,-0.59,-0.123,Previously published single-point result,
Ag110,methane,pbe,relaxed,-0.393,-0.46,-0.067,Screened Perlmutter result: CH4_Ag110,
Ag110,methane,pbe,SPE,-0.390,-0.46,-0.070,Kestrel NSW=0 complex with converged relaxed slab and molecule references,/kfs3/scratch/jcho5/goad-global-optimization/poscar/best/C1/Ag110_CH4/singlepoint/PBE
Ag110,methane,pbe_d3,relaxed,-0.539,-0.46,+0.079,Screened Perlmutter result: CH4_Ag110,
Ag110,methane,pbe_d3,SPE,-0.532,-0.46,+0.072,Kestrel NSW=0 complex with converged relaxed slab and molecule references,/kfs3/scratch/jcho5/goad-global-optimization/poscar/best/C1/Ag110_CH4/singlepoint/PBE_D3
Ag110,methane,r2scan,relaxed,-0.746,-0.46,+0.286,Screened Perlmutter result: CH4_Ag110,
Ag110,methane,r2scan,SPE,-0.713,-0.46,+0.253,Kestrel NSW=0 complex with converged relaxed slab and molecule references,/kfs3/scratch/jcho5/goad-global-optimization/poscar/best/C1/Ag110_CH4/singlepoint/r2scan
Ag110,methane,beef_vdw,relaxed,-16.652,-0.46,+16.192,Converged Perlmutter result; ENERGY REVIEW: |E_ads| > 5 eV; excluded from figure statistics. CH4_Ag110,
Ag110,methane,beef_vdw,SPE,-16.584,-0.46,+16.124,Perlmutter converged NSW=0 result; ENERGY REVIEW: |E_ads| > 5 eV; excluded from figure statistics,/pscratch/sd/j/jcho5/VASP/dft_jobs/CH4_Ag110/singlepoint/beef_vdw
Ag110,methanol,pbe,relaxed,-0.625,-0.48,+0.148,Screened Perlmutter result: CH3OH_Ag110,
Ag110,methanol,pbe,SPE,-0.616,-0.48,+0.136,Kestrel NSW=0 complex with converged relaxed slab and molecule references,/kfs3/scratch/jcho5/goad-global-optimization/poscar/best/C1/Ag110_methanol/singlepoint/PBE
Ag110,methanol,pbe_d3,relaxed,-0.872,-0.48,+0.395,Screened Perlmutter result: CH3OH_Ag110,
Ag110,methanol,pbe_d3,SPE,-0.826,-0.48,+0.346,Kestrel NSW=0 complex with converged relaxed slab and molecule references,/kfs3/scratch/jcho5/goad-global-optimization/poscar/best/C1/Ag110_methanol/singlepoint/PBE_D3
Ag110,methanol,r2scan,relaxed,-1.068,-0.48,+0.591,Screened Perlmutter result: CH3OH_Ag110,
Ag110,methanol,r2scan,SPE,-1.011,-0.48,+0.531,Kestrel NSW=0 complex with converged relaxed slab and molecule references,/kfs3/scratch/jcho5/goad-global-optimization/poscar/best/C1/Ag110_methanol/singlepoint/r2scan
Ag110,methanol,beef_vdw,relaxed,-16.930,-0.48,+16.453,Converged Perlmutter result; ENERGY REVIEW: |E_ads| > 5 eV; excluded from figure statistics. CH3OH_Ag110,
Ag110,methanol,beef_vdw,SPE,-16.854,-0.48,+16.374,Perlmutter converged NSW=0 result; ENERGY REVIEW: |E_ads| > 5 eV; excluded from figure statistics,/pscratch/sd/j/jcho5/VASP/dft_jobs/CH3OH_Ag110/singlepoint/beef_vdw
Ag110,propane,pbe,relaxed,-1.07,-0.38,+0.69,Previously published energy retained; current audit: Not audited. No matching result in the current Perlmutter audit,
Ag110,propane,pbe,SPE,-0.414,-0.38,+0.034,Kestrel NSW=0 complex with converged relaxed slab and molecule references,/kfs3/scratch/jcho5/goad-global-optimization/poscar/best/C3/Ag110_propane/singlepoint/PBE
Ag110,propane,pbe_d3,relaxed,-1.47,-0.38,+1.08,Previously published energy retained; current audit: Not audited. No matching result in the current Perlmutter audit,
Ag110,propane,pbe_d3,SPE,-0.632,-0.38,+0.252,Kestrel NSW=0 complex with converged relaxed slab and molecule references,/kfs3/scratch/jcho5/goad-global-optimization/poscar/best/C3/Ag110_propane/singlepoint/PBE_D3
Ag110,propane,r2scan,relaxed,-2.01,-0.38,+1.63,Previously published energy retained; current audit: Not audited. No matching result in the current Perlmutter audit,
Ag110,propane,r2scan,SPE,-0.729,-0.38,+0.349,Kestrel NSW=0 complex with converged relaxed slab and molecule references,/kfs3/scratch/jcho5/goad-global-optimization/poscar/best/C3/Ag110_propane/singlepoint/r2scan
Ag110,propane,beef_vdw,relaxed,—,-0.38,—,No previously published energy; current audit: Not audited. No matching result in the current Perlmutter audit,
Ag110,propane,beef_vdw,SPE,—,-0.38,—,,
Ag110,propanol,pbe,relaxed,-1.32,-0.54,+0.77,Previously published energy retained; current audit: Not audited. No matching result in the current Perlmutter audit,
Ag110,propanol,pbe,SPE,-0.243,-0.54,-0.302,Previously published single-point result,
Ag110,propanol,pbe_d3,relaxed,-1.73,-0.54,+1.19,Previously published energy retained; current audit: Not audited. No matching result in the current Perlmutter audit,
Ag110,propanol,pbe_d3,SPE,-0.544,-0.54,-0.001,Previously published single-point result,
Ag110,propanol,r2scan,relaxed,-2.30,-0.54,+1.75,Previously published energy retained; current audit: Not audited. No matching result in the current Perlmutter audit,
Ag110,propanol,r2scan,SPE,-0.255,-0.54,-0.289,Previously published single-point result,
Ag110,propanol,beef_vdw,relaxed,—,-0.54,—,No previously published energy; current audit: Not audited. No matching result in the current Perlmutter audit,
Ag110,propanol,beef_vdw,SPE,-0.434,-0.54,-0.111,Previously published single-point result,
Ag110,propene,pbe,relaxed,-1.27,-0.34,+0.93,Previously published energy retained; current audit: Not audited. No matching result in the current Perlmutter audit,
Ag110,propene,pbe,SPE,-0.512,-0.34,+0.172,Kestrel NSW=0 complex with converged relaxed slab and molecule references,/kfs3/scratch/jcho5/goad-global-optimization/poscar/best/C3/Ag110_propene/singlepoint/PBE
Ag110,propene,pbe_d3,relaxed,-1.72,-0.34,+1.38,Previously published energy retained; current audit: Not audited. No matching result in the current Perlmutter audit,
Ag110,propene,pbe_d3,SPE,-0.887,-0.34,+0.547,Kestrel NSW=0 complex with converged relaxed slab and molecule references,/kfs3/scratch/jcho5/goad-global-optimization/poscar/best/C3/Ag110_propene/singlepoint/PBE_D3
Ag110,propene,r2scan,relaxed,-2.28,-0.34,+1.94,Previously published energy retained; current audit: Not audited. No matching result in the current Perlmutter audit,
Ag110,propene,r2scan,SPE,-0.944,-0.34,+0.604,Kestrel NSW=0 complex with converged relaxed slab and molecule references,/kfs3/scratch/jcho5/goad-global-optimization/poscar/best/C3/Ag110_propene/singlepoint/r2scan
Ag110,propene,beef_vdw,relaxed,—,-0.34,—,No previously published energy; current audit: Not audited. No matching result in the current Perlmutter audit,
Ag110,propene,beef_vdw,SPE,—,-0.34,—,,
Ag111,CH3,pbe,relaxed,-1.48,-1.53,-0.06,"Previously published energy retained; current audit: Slab size mismatch. CH3_Ag111: slab size mismatch: complex has 36 Ag, reference has 64; complex: converged; slab: converged; molecule: converged",
Ag111,CH3,pbe,SPE,-1.449,-1.53,-0.081,Kestrel NSW=0 complex with converged relaxed slab and molecule references,/kfs3/scratch/jcho5/goad-global-optimization/poscar/best/C1/Ag111_CH3/singlepoint/PBE
Ag111,CH3,pbe_d3,relaxed,-1.73,-1.53,+0.19,"Previously published energy retained; current audit: Slab size mismatch. CH3_Ag111: slab size mismatch: complex has 36 Ag, reference has 64; complex: converged; slab: converged; molecule: converged",
Ag111,CH3,pbe_d3,SPE,-1.576,-1.53,+0.046,Kestrel NSW=0 complex with converged relaxed slab and molecule references,/kfs3/scratch/jcho5/goad-global-optimization/poscar/best/C1/Ag111_CH3/singlepoint/PBE_D3
Ag111,CH3,r2scan,relaxed,-1.92,-1.53,+0.38,"Previously published energy retained; current audit: Slab size mismatch. CH3_Ag111: slab size mismatch: complex has 36 Ag, reference has 64; complex: unfinished; slab: converged; molecule: converged",
Ag111,CH3,r2scan,SPE,-1.820,-1.53,+0.290,Kestrel NSW=0 complex with converged relaxed slab and molecule references,/kfs3/scratch/jcho5/goad-global-optimization/poscar/best/C1/Ag111_CH3/singlepoint/r2scan
Ag111,CH3,beef_vdw,relaxed,-25.765,-1.53,+24.235,"Shared stored references; converged components, matching functional/composition/full slab cell and stored core settings. Archived Kestrel records retain their source provenance. POTCAR variants allowed; no energy scaling or offsets. Slab: /kfs3/scratch/jcho5/goad-global-optimization/vasp_slab/Ag111_n36/beef_vdw ENERGY REVIEW: |E_ads| > 5 eV.",
Ag111,CH3,beef_vdw,SPE,-25.705,-1.53,+24.175,"Shared stored references; converged components, matching functional/composition/full slab cell and stored core settings. Archived Kestrel records retain their source provenance. POTCAR variants allowed; no energy scaling or offsets.",/pscratch/sd/j/jcho5/VASP/dft_jobs/CH3_Ag111/singlepoint/beef_vdw
Ag111,CO,pbe,relaxed,-0.59,-0.43,+0.16,"Previously published energy retained; current audit: Slab size mismatch. CO_Ag111: slab size mismatch: complex has 36 Ag, reference has 64; complex: converged; slab: converged; molecule: converged",
Ag111,CO,pbe,SPE,-0.569,-0.43,+0.139,Kestrel NSW=0 complex with converged relaxed slab and molecule references,/kfs3/scratch/jcho5/goad-global-optimization/poscar/best/C1/Ag111_CO/singlepoint/PBE
Ag111,CO,pbe_d3,relaxed,-0.83,-0.43,+0.40,"Previously published energy retained; current audit: Slab size mismatch. CO_Ag111: slab size mismatch: complex has 36 Ag, reference has 64; complex: converged; slab: converged; molecule: converged",
Ag111,CO,pbe_d3,SPE,-0.645,-0.43,+0.215,Kestrel NSW=0 complex with converged relaxed slab and molecule references,/kfs3/scratch/jcho5/goad-global-optimization/poscar/best/C1/Ag111_CO/singlepoint/PBE_D3
Ag111,CO,r2scan,relaxed,-1.31,-0.43,+0.88,"Previously published energy retained; current audit: Slab size mismatch. CO_Ag111: slab size mismatch: complex has 36 Ag, reference has 64; complex: unfinished; slab: converged; molecule: converged",
Ag111,CO,r2scan,SPE,-1.018,-0.43,+0.588,Kestrel NSW=0 complex with converged relaxed slab and molecule references,/kfs3/scratch/jcho5/goad-global-optimization/poscar/best/C1/Ag111_CO/singlepoint/r2scan
Ag111,CO,beef_vdw,relaxed,-25.036,-0.43,+24.606,"Shared stored references; converged components, matching functional/composition/full slab cell and stored core settings. Archived Kestrel records retain their source provenance. POTCAR variants allowed; no energy scaling or offsets. Slab: /kfs3/scratch/jcho5/goad-global-optimization/vasp_slab/Ag111_n36/beef_vdw ENERGY REVIEW: |E_ads| > 5 eV.",
Ag111,CO,beef_vdw,SPE,-24.721,-0.43,+24.291,"Shared stored references; converged components, matching functional/composition/full slab cell and stored core settings. Archived Kestrel records retain their source provenance. POTCAR variants allowed; no energy scaling or offsets.",/kfs3/scratch/jcho5/goad-global-optimization/poscar/best/C1/Ag111_CO/singlepoint/beef_vdw
Ag111,CO2,pbe,relaxed,-1.235,-0.36,+0.878,Screened Perlmutter result: CO2_Ag111,
Ag111,CO2,pbe,SPE,-0.002,-0.36,-0.355,Previously published single-point result,
Ag111,CO2,pbe_d3,relaxed,—,-0.36,—,No previously published energy; current audit: Not converged. CO2_Ag111: See component convergence statuses; complex: converged; slab: converged; molecule: electronic_unconverged,
Ag111,CO2,pbe_d3,SPE,queued,-0.36,—,,
Ag111,CO2,r2scan,relaxed,-2.17,-0.36,+1.82,Previously published energy retained; current audit: Not converged. CO2_Ag111: See component convergence statuses; complex: unfinished; slab: converged; molecule: converged,
Ag111,CO2,r2scan,SPE,-0.008,-0.36,-0.349,Previously published single-point result,
Ag111,CO2,beef_vdw,relaxed,-44.479,-0.36,+44.123,Converged Perlmutter result; ENERGY REVIEW: |E_ads| > 5 eV; excluded from figure statistics. CO2_Ag111,
Ag111,CO2,beef_vdw,SPE,-0.153,-0.36,-0.204,Previously published single-point result,
Ag111,DME,pbe,relaxed,—,-0.20,—,"No previously published energy; current audit: Slab size mismatch. CH3OCH3_Ag111: slab size mismatch: complex has 36 Ag, reference has 64; complex: converged; slab: converged; molecule: unfinished",
Ag111,DME,pbe,SPE,refs missing,-0.20,—,,
Ag111,DME,pbe_d3,relaxed,—,-0.20,—,"No previously published energy; current audit: Slab size mismatch. CH3OCH3_Ag111: slab size mismatch: complex has 36 Ag, reference has 64; complex: converged; slab: converged; molecule: unfinished",
Ag111,DME,pbe_d3,SPE,refs missing,-0.20,—,,
Ag111,DME,r2scan,relaxed,-1.32,-0.20,+1.11,"Previously published energy retained; current audit: Slab size mismatch. CH3OCH3_Ag111: slab size mismatch: complex has 36 Ag, reference has 64; complex: converged; slab: converged; molecule: converged",
Ag111,DME,r2scan,SPE,-1.153,-0.20,+0.953,Kestrel NSW=0 complex with converged relaxed slab and molecule references,/kfs3/scratch/jcho5/goad-global-optimization/poscar/best/C2/Ag111_DME/singlepoint/r2scan
Ag111,DME,beef_vdw,relaxed,-25.227,-0.20,+25.027,"Shared stored references; converged components, matching functional/composition/full slab cell and stored core settings. Archived Kestrel records retain their source provenance. POTCAR variants allowed; no energy scaling or offsets. Slab: /kfs3/scratch/jcho5/goad-global-optimization/vasp_slab/Ag111_n36/beef_vdw ENERGY REVIEW: |E_ads| > 5 eV.",
Ag111,DME,beef_vdw,SPE,-25.218,-0.20,+25.018,"Shared stored references; converged components, matching functional/composition/full slab cell and stored core settings. Archived Kestrel records retain their source provenance. POTCAR variants allowed; no energy scaling or offsets.",/pscratch/sd/j/jcho5/VASP/dft_jobs/CH3OCH3_Ag111/singlepoint/beef_vdw
Ag111,H2,pbe,relaxed,-0.68,-0.23,+0.45,Previously published energy retained; current audit: Not audited. No matching result in the current Perlmutter audit,
Ag111,H2,pbe,SPE,-0.628,-0.23,+0.398,Kestrel NSW=0 complex with converged relaxed slab and molecule references,/kfs3/scratch/jcho5/goad-global-optimization/poscar/best/C0/Ag111_H2/singlepoint/PBE
Ag111,H2,pbe_d3,relaxed,-0.78,-0.23,+0.55,Previously published energy retained; current audit: Not audited. No matching result in the current Perlmutter audit,
Ag111,H2,pbe_d3,SPE,-0.562,-0.23,+0.332,Kestrel NSW=0 complex with converged relaxed slab and molecule references,/kfs3/scratch/jcho5/goad-global-optimization/poscar/best/C0/Ag111_H2/singlepoint/PBE_D3
Ag111,H2,r2scan,relaxed,-1.21,-0.23,+0.99,Previously published energy retained; current audit: Not audited. No matching result in the current Perlmutter audit,
Ag111,H2,r2scan,SPE,-1.034,-0.23,+0.804,Kestrel NSW=0 complex with converged relaxed slab and molecule references,/kfs3/scratch/jcho5/goad-global-optimization/poscar/best/C0/Ag111_H2/singlepoint/r2scan
Ag111,H2,beef_vdw,relaxed,—,-0.23,—,No previously published energy; current audit: Not audited. No matching result in the current Perlmutter audit,
Ag111,H2,beef_vdw,SPE,-24.907,-0.23,+24.677,"Shared stored references; converged components, matching functional/composition/full slab cell and stored core settings. Archived Kestrel records retain their source provenance. POTCAR variants allowed; no energy scaling or offsets.",/kfs3/scratch/jcho5/goad-global-optimization/poscar/best/C0/Ag111_H2/singlepoint/beef_vdw
Ag111,H2O,pbe,relaxed,-0.80,-0.45,+0.35,"Previously published energy retained; current audit: Slab size mismatch. H2O_Ag111: slab size mismatch: complex has 36 Ag, reference has 64; complex: converged; slab: converged; molecule: converged",
Ag111,H2O,pbe,SPE,-0.744,-0.45,+0.294,Kestrel NSW=0 complex with converged relaxed slab and molecule references,/kfs3/scratch/jcho5/goad-global-optimization/poscar/best/C0/Ag111_H2O/singlepoint/PBE
Ag111,H2O,pbe_d3,relaxed,-1.01,-0.45,+0.56,"Previously published energy retained; current audit: Slab size mismatch. H2O_Ag111: slab size mismatch: complex has 36 Ag, reference has 64; complex: converged; slab: converged; molecule: converged",
Ag111,H2O,pbe_d3,SPE,-0.767,-0.45,+0.317,Kestrel NSW=0 complex with converged relaxed slab and molecule references,/kfs3/scratch/jcho5/goad-global-optimization/poscar/best/C0/Ag111_H2O/singlepoint/PBE_D3
Ag111,H2O,r2scan,relaxed,-1.38,-0.45,+0.94,"Previously published energy retained; current audit: Slab size mismatch. H2O_Ag111: slab size mismatch: complex has 36 Ag, reference has 64; complex: unfinished; slab: converged; molecule: converged",
Ag111,H2O,r2scan,SPE,-1.202,-0.45,+0.752,Kestrel NSW=0 complex with converged relaxed slab and molecule references,/kfs3/scratch/jcho5/goad-global-optimization/poscar/best/C0/Ag111_H2O/singlepoint/r2scan
Ag111,H2O,beef_vdw,relaxed,-25.112,-0.45,+24.662,"Shared stored references; converged components, matching functional/composition/full slab cell and stored core settings. Archived Kestrel records retain their source provenance. POTCAR variants allowed; no energy scaling or offsets. Slab: /kfs3/scratch/jcho5/goad-global-optimization/vasp_slab/Ag111_n36/beef_vdw ENERGY REVIEW: |E_ads| > 5 eV.",
Ag111,H2O,beef_vdw,SPE,-25.075,-0.45,+24.625,"Shared stored references; converged components, matching functional/composition/full slab cell and stored core settings. Archived Kestrel records retain their source provenance. POTCAR variants allowed; no energy scaling or offsets.",/kfs3/scratch/jcho5/goad-global-optimization/poscar/best/C0/Ag111_H2O/singlepoint/beef_vdw
Ag111,H2S,pbe,relaxed,-0.80,-0.37,+0.43,"Previously published energy retained; current audit: Slab size mismatch. H2S_Ag111: slab size mismatch: complex has 36 Ag, reference has 64; complex: converged; slab: converged; molecule: converged",
Ag111,H2S,pbe,SPE,-0.727,-0.37,+0.357,Kestrel NSW=0 complex with converged relaxed slab and molecule references,/kfs3/scratch/jcho5/goad-global-optimization/poscar/best/C0/Ag111_H2S/singlepoint/PBE
Ag111,H2S,pbe_d3,relaxed,-1.14,-0.37,+0.78,"Previously published energy retained; current audit: Slab size mismatch. H2S_Ag111: slab size mismatch: complex has 36 Ag, reference has 64; complex: converged; slab: converged; molecule: converged",
Ag111,H2S,pbe_d3,SPE,-0.878,-0.37,+0.508,Kestrel NSW=0 complex with converged relaxed slab and molecule references,/kfs3/scratch/jcho5/goad-global-optimization/poscar/best/C0/Ag111_H2S/singlepoint/PBE_D3
Ag111,H2S,r2scan,relaxed,—,-0.37,—,"No previously published energy; current audit: Slab size mismatch. H2S_Ag111: slab size mismatch: complex has 36 Ag, reference has 64; complex: unfinished; slab: converged; molecule: converged",
Ag111,H2S,r2scan,SPE,-1.214,-0.37,+0.844,Kestrel NSW=0 complex with converged relaxed slab and molecule references,/kfs3/scratch/jcho5/goad-global-optimization/poscar/best/C0/Ag111_H2S/singlepoint/r2scan
Ag111,H2S,beef_vdw,relaxed,-25.167,-0.37,+24.797,"Shared stored references; converged components, matching functional/composition/full slab cell and stored core settings. Archived Kestrel records retain their source provenance. POTCAR variants allowed; no energy scaling or offsets. Slab: /kfs3/scratch/jcho5/goad-global-optimization/vasp_slab/Ag111_n36/beef_vdw ENERGY REVIEW: |E_ads| > 5 eV.",
Ag111,H2S,beef_vdw,SPE,-25.133,-0.37,+24.763,"Shared stored references; converged components, matching functional/composition/full slab cell and stored core settings. Archived Kestrel records retain their source provenance. POTCAR variants allowed; no energy scaling or offsets.",/kfs3/scratch/jcho5/goad-global-optimization/poscar/best/C0/Ag111_H2S/singlepoint/beef_vdw
Ag111,N2,pbe,relaxed,-0.70,-0.05,+0.64,"Previously published energy retained; current audit: Slab size mismatch. N2_Ag111: slab size mismatch: complex has 36 Ag, reference has 64; complex: converged; slab: converged; molecule: converged",
Ag111,N2,pbe,SPE,-0.663,-0.05,+0.613,Kestrel NSW=0 complex with converged relaxed slab and molecule references,/kfs3/scratch/jcho5/goad-global-optimization/poscar/best/C0/Ag111_N2/singlepoint/PBE
Ag111,N2,pbe_d3,relaxed,-0.78,-0.05,+0.73,"Previously published energy retained; current audit: Slab size mismatch. N2_Ag111: slab size mismatch: complex has 36 Ag, reference has 64; complex: converged; slab: converged; molecule: converged",
Ag111,N2,pbe_d3,SPE,-0.586,-0.05,+0.536,Kestrel NSW=0 complex with converged relaxed slab and molecule references,/kfs3/scratch/jcho5/goad-global-optimization/poscar/best/C0/Ag111_N2/singlepoint/PBE_D3
Ag111,N2,r2scan,relaxed,-1.24,-0.05,+1.18,"Previously published energy retained; current audit: Slab size mismatch. N2_Ag111: slab size mismatch: complex has 36 Ag, reference has 64; complex: unfinished; slab: converged; molecule: converged",
Ag111,N2,r2scan,SPE,-1.060,-0.05,+1.010,Kestrel NSW=0 complex with converged relaxed slab and molecule references,/kfs3/scratch/jcho5/goad-global-optimization/poscar/best/C0/Ag111_N2/singlepoint/r2scan
Ag111,N2,beef_vdw,relaxed,-24.986,-0.05,+24.936,"Shared stored references; converged components, matching functional/composition/full slab cell and stored core settings. Archived Kestrel records retain their source provenance. POTCAR variants allowed; no energy scaling or offsets. Slab: /kfs3/scratch/jcho5/goad-global-optimization/vasp_slab/Ag111_n36/beef_vdw ENERGY REVIEW: |E_ads| > 5 eV.",
Ag111,N2,beef_vdw,SPE,-24.984,-0.05,+24.934,"Shared stored references; converged components, matching functional/composition/full slab cell and stored core settings. Archived Kestrel records retain their source provenance. POTCAR variants allowed; no energy scaling or offsets.",/kfs3/scratch/jcho5/goad-global-optimization/poscar/best/C0/Ag111_N2/singlepoint/beef_vdw
Ag111,NH3,pbe,relaxed,-0.97,-0.60,+0.36,"Previously published energy retained; current audit: Slab size mismatch. NH3_Ag111: slab size mismatch: complex has 36 Ag, reference has 64; complex: converged; slab: converged; molecule: converged",
Ag111,NH3,pbe,SPE,-0.940,-0.60,+0.340,Kestrel NSW=0 complex with converged relaxed slab and molecule references,/kfs3/scratch/jcho5/goad-global-optimization/poscar/best/C0/Ag111_NH3/singlepoint/PBE
Ag111,NH3,pbe_d3,relaxed,-1.23,-0.60,+0.63,"Previously published energy retained; current audit: Slab size mismatch. NH3_Ag111: slab size mismatch: complex has 36 Ag, reference has 64; complex: converged; slab: converged; molecule: converged",
Ag111,NH3,pbe_d3,SPE,-1.012,-0.60,+0.412,Kestrel NSW=0 complex with converged relaxed slab and molecule references,/kfs3/scratch/jcho5/goad-global-optimization/poscar/best/C0/Ag111_NH3/singlepoint/PBE_D3
Ag111,NH3,r2scan,relaxed,-1.63,-0.60,+1.02,"Previously published energy retained; current audit: Slab size mismatch. NH3_Ag111: slab size mismatch: complex has 36 Ag, reference has 64; complex: unfinished; slab: converged; molecule: converged",
Ag111,NH3,r2scan,SPE,-1.444,-0.60,+0.844,Kestrel NSW=0 complex with converged relaxed slab and molecule references,/kfs3/scratch/jcho5/goad-global-optimization/poscar/best/C0/Ag111_NH3/singlepoint/r2scan
Ag111,NH3,beef_vdw,relaxed,-25.294,-0.60,+24.694,"Shared stored references; converged components, matching functional/composition/full slab cell and stored core settings. Archived Kestrel records retain their source provenance. POTCAR variants allowed; no energy scaling or offsets. Slab: /kfs3/scratch/jcho5/goad-global-optimization/vasp_slab/Ag111_n36/beef_vdw ENERGY REVIEW: |E_ads| > 5 eV.",
Ag111,NH3,beef_vdw,SPE,-25.290,-0.60,+24.690,"Shared stored references; converged components, matching functional/composition/full slab cell and stored core settings. Archived Kestrel records retain their source provenance. POTCAR variants allowed; no energy scaling or offsets.",/kfs3/scratch/jcho5/goad-global-optimization/poscar/best/C0/Ag111_NH3/singlepoint/beef_vdw
Ag111,NO,pbe,relaxed,-1.24,-0.54,+0.70,"Previously published energy retained; current audit: Slab size mismatch. NO_Ag111: slab size mismatch: complex has 36 Ag, reference has 64; complex: converged; slab: converged; molecule: converged",
Ag111,NO,pbe,SPE,-1.185,-0.54,+0.645,Kestrel NSW=0 complex with converged relaxed slab and molecule references,/kfs3/scratch/jcho5/goad-global-optimization/poscar/best/C0/Ag111_NO/singlepoint/PBE
Ag111,NO,pbe_d3,relaxed,-1.46,-0.54,+0.92,"Previously published energy retained; current audit: Slab size mismatch. NO_Ag111: slab size mismatch: complex has 36 Ag, reference has 64; complex: converged; slab: converged; molecule: converged",
Ag111,NO,pbe_d3,SPE,-1.281,-0.54,+0.741,Kestrel NSW=0 complex with converged relaxed slab and molecule references,/kfs3/scratch/jcho5/goad-global-optimization/poscar/best/C0/Ag111_NO/singlepoint/PBE_D3
Ag111,NO,r2scan,relaxed,-2.15,-0.54,+1.61,"Previously published energy retained; current audit: Slab size mismatch. NO_Ag111: slab size mismatch: complex has 36 Ag, reference has 64; complex: unfinished; slab: converged; molecule: ionic_unconverged",
Ag111,NO,r2scan,SPE,queued,-0.54,—,,
Ag111,NO,beef_vdw,relaxed,-32.198,-0.54,+31.658,"Shared stored references; converged components, matching functional/composition/full slab cell and stored core settings. Archived Kestrel records retain their source provenance. POTCAR variants allowed; no energy scaling or offsets. Slab: /kfs3/scratch/jcho5/goad-global-optimization/vasp_slab/Ag111_n36/beef_vdw ENERGY REVIEW: |E_ads| > 5 eV.",
Ag111,NO,beef_vdw,SPE,-32.157,-0.54,+31.617,"Shared stored references; converged components, matching functional/composition/full slab cell and stored core settings. Archived Kestrel records retain their source provenance. POTCAR variants allowed; no energy scaling or offsets.",/kfs3/scratch/jcho5/goad-global-optimization/poscar/best/C0/Ag111_NO/singlepoint/beef_vdw
Ag111,O2,pbe,relaxed,-0.71,-0.09,+0.62,Previously published energy retained; current audit: Not audited. No matching result in the current Perlmutter audit,
Ag111,O2,pbe,SPE,—,-0.09,—,,
Ag111,O2,pbe_d3,relaxed,—,-0.09,—,No previously published energy; current audit: Not audited. No matching result in the current Perlmutter audit,
Ag111,O2,pbe_d3,SPE,—,-0.09,—,,
Ag111,O2,r2scan,relaxed,—,-0.09,—,No previously published energy; current audit: Not audited. No matching result in the current Perlmutter audit,
Ag111,O2,r2scan,SPE,—,-0.09,—,,
Ag111,O2,beef_vdw,relaxed,—,-0.09,—,No previously published energy; current audit: Not audited. No matching result in the current Perlmutter audit,
Ag111,O2,beef_vdw,SPE,—,-0.09,—,,
Ag111,SO2,pbe,relaxed,-0.77,-0.28,+0.49,"Previously published energy retained; current audit: Slab size mismatch. SO2_Ag111: slab size mismatch: complex has 36 Ag, reference has 64; complex: converged; slab: converged; molecule: converged",
Ag111,SO2,pbe,SPE,-0.694,-0.28,+0.414,Kestrel NSW=0 complex with converged relaxed slab and molecule references,/kfs3/scratch/jcho5/goad-global-optimization/poscar/best/C0/Ag111_SO2/singlepoint/PBE
Ag111,SO2,pbe_d3,relaxed,-1.22,-0.28,+0.94,"Previously published energy retained; current audit: Slab size mismatch. SO2_Ag111: slab size mismatch: complex has 36 Ag, reference has 64; complex: converged; slab: converged; molecule: converged",
Ag111,SO2,pbe_d3,SPE,-0.985,-0.28,+0.705,Kestrel NSW=0 complex with converged relaxed slab and molecule references,/kfs3/scratch/jcho5/goad-global-optimization/poscar/best/C0/Ag111_SO2/singlepoint/PBE_D3
Ag111,SO2,r2scan,relaxed,—,-0.28,—,"No previously published energy; current audit: Slab size mismatch. SO2_Ag111: slab size mismatch: complex has 36 Ag, reference has 64; complex: unfinished; slab: converged; molecule: converged",
Ag111,SO2,r2scan,SPE,queued,-0.28,—,,
Ag111,SO2,beef_vdw,relaxed,-25.240,-0.28,+24.960,"Shared stored references; converged components, matching functional/composition/full slab cell and stored core settings. Archived Kestrel records retain their source provenance. POTCAR variants allowed; no energy scaling or offsets. Slab: /kfs3/scratch/jcho5/goad-global-optimization/vasp_slab/Ag111_n36/beef_vdw ENERGY REVIEW: |E_ads| > 5 eV.",
Ag111,SO2,beef_vdw,SPE,-25.236,-0.28,+24.956,"Shared stored references; converged components, matching functional/composition/full slab cell and stored core settings. Archived Kestrel records retain their source provenance. POTCAR variants allowed; no energy scaling or offsets.",/kfs3/scratch/jcho5/goad-global-optimization/poscar/best/C0/Ag111_SO2/singlepoint/beef_vdw
Ag111,acetaldehyde,pbe,relaxed,-0.72,-0.41,+0.30,"Previously published energy retained; current audit: Slab size mismatch. CH3CHO_Ag111: slab size mismatch: complex has 36 Ag, reference has 64; complex: converged; slab: converged; molecule: converged",
Ag111,acetaldehyde,pbe,SPE,-0.675,-0.41,+0.265,Kestrel NSW=0 complex with converged relaxed slab and molecule references,/kfs3/scratch/jcho5/goad-global-optimization/poscar/best/C2/Ag111_acetaldehyde/singlepoint/PBE
Ag111,acetaldehyde,pbe_d3,relaxed,-0.98,-0.41,+0.57,"Previously published energy retained; current audit: Slab size mismatch. CH3CHO_Ag111: slab size mismatch: complex has 36 Ag, reference has 64; complex: converged; slab: converged; molecule: converged",
Ag111,acetaldehyde,pbe_d3,SPE,-0.786,-0.41,+0.376,Kestrel NSW=0 complex with converged relaxed slab and molecule references,/kfs3/scratch/jcho5/goad-global-optimization/poscar/best/C2/Ag111_acetaldehyde/singlepoint/PBE_D3
Ag111,acetaldehyde,r2scan,relaxed,-1.33,-0.41,+0.92,"Previously published energy retained; current audit: Slab size mismatch. CH3CHO_Ag111: slab size mismatch: complex has 36 Ag, reference has 64; complex: unfinished; slab: converged; molecule: converged",
Ag111,acetaldehyde,r2scan,SPE,-1.176,-0.41,+0.766,Kestrel NSW=0 complex with converged relaxed slab and molecule references,/kfs3/scratch/jcho5/goad-global-optimization/poscar/best/C2/Ag111_acetaldehyde/singlepoint/r2scan
Ag111,acetaldehyde,beef_vdw,relaxed,-25.166,-0.41,+24.756,"Shared stored references; converged components, matching functional/composition/full slab cell and stored core settings. Archived Kestrel records retain their source provenance. POTCAR variants allowed; no energy scaling or offsets. Slab: /kfs3/scratch/jcho5/goad-global-optimization/vasp_slab/Ag111_n36/beef_vdw ENERGY REVIEW: |E_ads| > 5 eV.",
Ag111,acetaldehyde,beef_vdw,SPE,-25.154,-0.41,+24.744,"Shared stored references; converged components, matching functional/composition/full slab cell and stored core settings. Archived Kestrel records retain their source provenance. POTCAR variants allowed; no energy scaling or offsets.",/pscratch/sd/j/jcho5/VASP/dft_jobs/CH3CHO_Ag111/singlepoint/beef_vdw
Ag111,acetic_acid,pbe,relaxed,—,-0.47,—,"No previously published energy; current audit: Slab size mismatch. CH3COOH_Ag111: slab size mismatch: complex has 36 Ag, reference has 64; complex: converged; slab: converged; molecule: unfinished",
Ag111,acetic_acid,pbe,SPE,refs missing,-0.47,—,,
Ag111,acetic_acid,pbe_d3,relaxed,—,-0.47,—,"No previously published energy; current audit: Slab size mismatch. CH3COOH_Ag111: slab size mismatch: complex has 36 Ag, reference has 64; complex: converged; slab: converged; molecule: unfinished",
Ag111,acetic_acid,pbe_d3,SPE,refs missing,-0.47,—,,
Ag111,acetic_acid,r2scan,relaxed,-1.48,-0.47,+1.01,"Previously published energy retained; current audit: Slab size mismatch. CH3COOH_Ag111: slab size mismatch: complex has 36 Ag, reference has 64; complex: unfinished; slab: converged; molecule: converged",
Ag111,acetic_acid,r2scan,SPE,-1.325,-0.47,+0.855,Kestrel NSW=0 complex with converged relaxed slab and molecule references,/kfs3/scratch/jcho5/goad-global-optimization/poscar/best/C2/Ag111_acetic_acid/singlepoint/r2scan
Ag111,acetic_acid,beef_vdw,relaxed,-25.286,-0.47,+24.816,"Shared stored references; converged components, matching functional/composition/full slab cell and stored core settings. Archived Kestrel records retain their source provenance. POTCAR variants allowed; no energy scaling or offsets. Slab: /kfs3/scratch/jcho5/goad-global-optimization/vasp_slab/Ag111_n36/beef_vdw ENERGY REVIEW: |E_ads| > 5 eV.",
Ag111,acetic_acid,beef_vdw,SPE,-25.272,-0.47,+24.802,"Shared stored references; converged components, matching functional/composition/full slab cell and stored core settings. Archived Kestrel records retain their source provenance. POTCAR variants allowed; no energy scaling or offsets.",/pscratch/sd/j/jcho5/VASP/dft_jobs/CH3COOH_Ag111/singlepoint/beef_vdw
Ag111,ethane,pbe,relaxed,-1.221,-0.27,+0.947,Screened Perlmutter result: C2H6_Ag111,
Ag111,ethane,pbe,SPE,-0.002,-0.27,-0.273,Previously published single-point result,
Ag111,ethane,pbe_d3,relaxed,-1.478,-0.27,+1.204,Screened Perlmutter result: C2H6_Ag111,
Ag111,ethane,pbe_d3,SPE,-0.134,-0.27,-0.141,Previously published single-point result,
Ag111,ethane,r2scan,relaxed,-2.168,-0.27,+1.894,Screened Perlmutter result: C2H6_Ag111,
Ag111,ethane,r2scan,SPE,+0.000,-0.27,-0.275,Previously published single-point result,
Ag111,ethane,beef_vdw,relaxed,-44.523,-0.27,+44.249,Converged Perlmutter result; ENERGY REVIEW: |E_ads| > 5 eV; excluded from figure statistics. C2H6_Ag111,
Ag111,ethane,beef_vdw,SPE,-0.200,-0.27,-0.074,Previously published single-point result,
Ag111,ethanol,pbe,relaxed,-1.317,-0.38,+0.941,Screened Perlmutter result: CH3CH2OH_Ag111,
Ag111,ethanol,pbe,SPE,-0.085,-0.38,-0.291,Previously published single-point result,
Ag111,ethanol,pbe_d3,relaxed,-1.654,-0.38,+1.278,Screened Perlmutter result: CH3CH2OH_Ag111,
Ag111,ethanol,pbe_d3,SPE,-0.271,-0.38,-0.105,Previously published single-point result,
Ag111,ethanol,r2scan,relaxed,-2.29,-0.38,+1.91,Previously published energy retained; current audit: Not converged. CH3CH2OH_Ag111: See component convergence statuses; complex: unfinished; slab: converged; molecule: converged,
Ag111,ethanol,r2scan,SPE,-0.157,-0.38,-0.219,Previously published single-point result,
Ag111,ethanol,beef_vdw,relaxed,-44.647,-0.38,+44.271,Converged Perlmutter result; ENERGY REVIEW: |E_ads| > 5 eV; excluded from figure statistics. CH3CH2OH_Ag111,
Ag111,ethanol,beef_vdw,SPE,-0.310,-0.38,-0.066,Previously published single-point result,
Ag111,ethene,pbe,relaxed,-0.72,-0.17,+0.55,"Previously published energy retained; current audit: Slab size mismatch. C2H4_Ag111: slab size mismatch: complex has 36 Ag, reference has 64; complex: converged; slab: converged; molecule: converged",
Ag111,ethene,pbe,SPE,-0.034,-0.17,-0.133,Previously published single-point result,
Ag111,ethene,pbe_d3,relaxed,-1.09,-0.17,+0.92,"Previously published energy retained; current audit: Slab size mismatch. C2H4_Ag111: slab size mismatch: complex has 36 Ag, reference has 64; complex: converged; slab: converged; molecule: converged",
Ag111,ethene,pbe_d3,SPE,-0.184,-0.17,+0.016,Previously published single-point result,
Ag111,ethene,r2scan,relaxed,-1.31,-0.17,+1.15,"Previously published energy retained; current audit: Slab size mismatch. C2H4_Ag111: slab size mismatch: complex has 36 Ag, reference has 64; complex: unfinished; slab: converged; molecule: converged",
Ag111,ethene,r2scan,SPE,-0.062,-0.17,-0.105,Previously published single-point result,
Ag111,ethene,beef_vdw,relaxed,-25.162,-0.17,+24.992,"Shared stored references; converged components, matching functional/composition/full slab cell and stored core settings. Archived Kestrel records retain their source provenance. POTCAR variants allowed; no energy scaling or offsets. Slab: /kfs3/scratch/jcho5/goad-global-optimization/vasp_slab/Ag111_n36/beef_vdw ENERGY REVIEW: |E_ads| > 5 eV.",
Ag111,ethene,beef_vdw,SPE,-0.223,-0.17,+0.056,Previously published single-point result,
Ag111,formaldehyde,pbe,relaxed,-0.72,-0.26,+0.46,"Previously published energy retained; current audit: Slab size mismatch. H2CO_Ag111: slab size mismatch: complex has 36 Ag, reference has 64; complex: converged; slab: converged; molecule: converged",
Ag111,formaldehyde,pbe,SPE,-0.676,-0.26,+0.416,Kestrel NSW=0 complex with converged relaxed slab and molecule references,/kfs3/scratch/jcho5/goad-global-optimization/poscar/best/C1/Ag111_formaldehyde/singlepoint/PBE
Ag111,formaldehyde,pbe_d3,relaxed,-0.90,-0.26,+0.64,"Previously published energy retained; current audit: Slab size mismatch. H2CO_Ag111: slab size mismatch: complex has 36 Ag, reference has 64; complex: converged; slab: converged; molecule: converged",
Ag111,formaldehyde,pbe_d3,SPE,-0.698,-0.26,+0.438,Kestrel NSW=0 complex with converged relaxed slab and molecule references,/kfs3/scratch/jcho5/goad-global-optimization/poscar/best/C1/Ag111_formaldehyde/singlepoint/PBE_D3
Ag111,formaldehyde,r2scan,relaxed,—,-0.26,—,"No previously published energy; current audit: Slab size mismatch. H2CO_Ag111: slab size mismatch: complex has 36 Ag, reference has 64; complex: unfinished; slab: converged; molecule: converged",
Ag111,formaldehyde,r2scan,SPE,-1.130,-0.26,+0.870,Kestrel NSW=0 complex with converged relaxed slab and molecule references,/kfs3/scratch/jcho5/goad-global-optimization/poscar/best/C1/Ag111_formaldehyde/singlepoint/r2scan
Ag111,formaldehyde,beef_vdw,relaxed,-25.099,-0.26,+24.839,"Shared stored references; converged components, matching functional/composition/full slab cell and stored core settings. Archived Kestrel records retain their source provenance. POTCAR variants allowed; no energy scaling or offsets. Slab: /kfs3/scratch/jcho5/goad-global-optimization/vasp_slab/Ag111_n36/beef_vdw ENERGY REVIEW: |E_ads| > 5 eV.",
Ag111,formaldehyde,beef_vdw,SPE,-25.087,-0.26,+24.827,"Shared stored references; converged components, matching functional/composition/full slab cell and stored core settings. Archived Kestrel records retain their source provenance. POTCAR variants allowed; no energy scaling or offsets.",/kfs3/scratch/jcho5/goad-global-optimization/poscar/best/C1/Ag111_formaldehyde/singlepoint/beef_vdw
Ag111,formate,pbe,relaxed,-3.21,-1.98,+1.23,Previously published energy retained; current audit: Not audited. No matching result in the current Perlmutter audit,
Ag111,formate,pbe,SPE,-3.204,-1.98,+1.224,Kestrel NSW=0 complex with converged relaxed slab and molecule references,/kfs3/scratch/jcho5/goad-global-optimization/poscar/best/C1/Ag111_formate/singlepoint/PBE
Ag111,formate,pbe_d3,relaxed,-3.57,-1.98,+1.59,Previously published energy retained; current audit: Not audited. No matching result in the current Perlmutter audit,
Ag111,formate,pbe_d3,SPE,-3.396,-1.98,+1.416,Kestrel NSW=0 complex with converged relaxed slab and molecule references,/kfs3/scratch/jcho5/goad-global-optimization/poscar/best/C1/Ag111_formate/singlepoint/PBE_D3
Ag111,formate,r2scan,relaxed,-4.34,-1.98,+2.36,Previously published energy retained; current audit: Not audited. No matching result in the current Perlmutter audit,
Ag111,formate,r2scan,SPE,-4.219,-1.98,+2.239,Kestrel NSW=0 complex with converged relaxed slab and molecule references,/kfs3/scratch/jcho5/goad-global-optimization/poscar/best/C1/Ag111_formate/singlepoint/r2scan
Ag111,formate,beef_vdw,relaxed,—,-1.98,—,No previously published energy; current audit: Not audited. No matching result in the current Perlmutter audit,
Ag111,formate,beef_vdw,SPE,-27.777,-1.98,+25.797,"Shared stored references; converged components, matching functional/composition/full slab cell and stored core settings. Archived Kestrel records retain their source provenance. POTCAR variants allowed; no energy scaling or offsets.",/kfs3/scratch/jcho5/goad-global-optimization/poscar/best/C1/Ag111_formate/singlepoint/beef_vdw
Ag111,formic_acid,pbe,relaxed,-0.81,-0.34,+0.48,"Previously published energy retained; current audit: Slab size mismatch. HCOOH_Ag111: slab size mismatch: complex has 36 Ag, reference has 64; complex: converged; slab: converged; molecule: converged",
Ag111,formic_acid,pbe,SPE,-0.772,-0.34,+0.432,Kestrel NSW=0 complex with converged relaxed slab and molecule references,/kfs3/scratch/jcho5/goad-global-optimization/poscar/best/C1/Ag111_formic_acid/singlepoint/PBE
Ag111,formic_acid,pbe_d3,relaxed,-1.14,-0.34,+0.80,"Previously published energy retained; current audit: Slab size mismatch. HCOOH_Ag111: slab size mismatch: complex has 36 Ag, reference has 64; complex: converged; slab: converged; molecule: converged",
Ag111,formic_acid,pbe_d3,SPE,-0.899,-0.34,+0.559,Kestrel NSW=0 complex with converged relaxed slab and molecule references,/kfs3/scratch/jcho5/goad-global-optimization/poscar/best/C1/Ag111_formic_acid/singlepoint/PBE_D3
Ag111,formic_acid,r2scan,relaxed,-1.48,-0.34,+1.15,"Previously published energy retained; current audit: Slab size mismatch. HCOOH_Ag111: slab size mismatch: complex has 36 Ag, reference has 64; complex: unfinished; slab: converged; molecule: converged",
Ag111,formic_acid,r2scan,SPE,-1.266,-0.34,+0.926,Kestrel NSW=0 complex with converged relaxed slab and molecule references,/kfs3/scratch/jcho5/goad-global-optimization/poscar/best/C1/Ag111_formic_acid/singlepoint/r2scan
Ag111,formic_acid,beef_vdw,relaxed,-25.229,-0.34,+24.889,"Shared stored references; converged components, matching functional/composition/full slab cell and stored core settings. Archived Kestrel records retain their source provenance. POTCAR variants allowed; no energy scaling or offsets. Slab: /kfs3/scratch/jcho5/goad-global-optimization/vasp_slab/Ag111_n36/beef_vdw ENERGY REVIEW: |E_ads| > 5 eV.",
Ag111,formic_acid,beef_vdw,SPE,-25.219,-0.34,+24.879,"Shared stored references; converged components, matching functional/composition/full slab cell and stored core settings. Archived Kestrel records retain their source provenance. POTCAR variants allowed; no energy scaling or offsets.",/kfs3/scratch/jcho5/goad-global-optimization/poscar/best/C1/Ag111_formic_acid/singlepoint/beef_vdw
Ag111,glycerol,pbe,relaxed,-1.40,-0.58,+0.82,Previously published energy retained; current audit: Not audited. No matching result in the current Perlmutter audit,
Ag111,glycerol,pbe,SPE,-0.830,-0.58,+0.250,Kestrel NSW=0 complex with converged relaxed slab and molecule references,/kfs3/scratch/jcho5/goad-global-optimization/poscar/best/C3/Ag111_glycerol/singlepoint/PBE
Ag111,glycerol,pbe_d3,relaxed,-2.02,-0.58,+1.44,Previously published energy retained; current audit: Not audited. No matching result in the current Perlmutter audit,
Ag111,glycerol,pbe_d3,SPE,-1.212,-0.58,+0.632,Kestrel NSW=0 complex with converged relaxed slab and molecule references,/kfs3/scratch/jcho5/goad-global-optimization/poscar/best/C3/Ag111_glycerol/singlepoint/PBE_D3
Ag111,glycerol,r2scan,relaxed,-2.46,-0.58,+1.88,Previously published energy retained; current audit: Not audited. No matching result in the current Perlmutter audit,
Ag111,glycerol,r2scan,SPE,-1.432,-0.58,+0.852,Kestrel NSW=0 complex with converged relaxed slab and molecule references,/kfs3/scratch/jcho5/goad-global-optimization/poscar/best/C3/Ag111_glycerol/singlepoint/r2scan
Ag111,glycerol,beef_vdw,relaxed,—,-0.58,—,No previously published energy; current audit: Not audited. No matching result in the current Perlmutter audit,
Ag111,glycerol,beef_vdw,SPE,—,-0.58,—,,
Ag111,isopropanol,pbe,relaxed,-1.33,-0.41,+0.92,Previously published energy retained; current audit: Not audited. No matching result in the current Perlmutter audit,
Ag111,isopropanol,pbe,SPE,-0.755,-0.41,+0.345,Kestrel NSW=0 complex with converged relaxed slab and molecule references,/kfs3/scratch/jcho5/goad-global-optimization/poscar/best/C3/Ag111_isopropanol/singlepoint/PBE
Ag111,isopropanol,pbe_d3,relaxed,-1.81,-0.41,+1.39,Previously published energy retained; current audit: Not audited. No matching result in the current Perlmutter audit,
Ag111,isopropanol,pbe_d3,SPE,-0.985,-0.41,+0.575,Kestrel NSW=0 complex with converged relaxed slab and molecule references,/kfs3/scratch/jcho5/goad-global-optimization/poscar/best/C3/Ag111_isopropanol/singlepoint/PBE_D3
Ag111,isopropanol,r2scan,relaxed,-2.39,-0.41,+1.98,Previously published energy retained; current audit: Not audited. No matching result in the current Perlmutter audit,
Ag111,isopropanol,r2scan,SPE,-1.290,-0.41,+0.880,Kestrel NSW=0 complex with converged relaxed slab and molecule references,/kfs3/scratch/jcho5/goad-global-optimization/poscar/best/C3/Ag111_isopropanol/singlepoint/r2scan
Ag111,isopropanol,beef_vdw,relaxed,—,-0.41,—,No previously published energy; current audit: Not audited. No matching result in the current Perlmutter audit,
Ag111,isopropanol,beef_vdw,SPE,-25.348,-0.41,+24.938,"Shared stored references; converged components, matching functional/composition/full slab cell and stored core settings. Archived Kestrel records retain their source provenance. POTCAR variants allowed; no energy scaling or offsets.",/kfs3/scratch/jcho5/goad-global-optimization/poscar/best/C3/Ag111_isopropanol/singlepoint/beef_vdw
Ag111,methane,pbe,relaxed,-0.70,-0.39,+0.31,"Previously published energy retained; current audit: Slab size mismatch. CH4_Ag111: slab size mismatch: complex has 36 Ag, reference has 64; complex: converged; slab: converged; molecule: converged",
Ag111,methane,pbe,SPE,-0.663,-0.39,+0.273,Kestrel NSW=0 complex with converged relaxed slab and molecule references,/kfs3/scratch/jcho5/goad-global-optimization/poscar/best/C1/Ag111_CH4/singlepoint/PBE
Ag111,methane,pbe_d3,relaxed,-0.86,-0.39,+0.47,"Previously published energy retained; current audit: Slab size mismatch. CH4_Ag111: slab size mismatch: complex has 36 Ag, reference has 64; complex: converged; slab: converged; molecule: converged",
Ag111,methane,pbe_d3,SPE,-0.675,-0.39,+0.285,Kestrel NSW=0 complex with converged relaxed slab and molecule references,/kfs3/scratch/jcho5/goad-global-optimization/poscar/best/C1/Ag111_CH4/singlepoint/PBE_D3
Ag111,methane,r2scan,relaxed,-1.27,-0.39,+0.87,"Previously published energy retained; current audit: Slab size mismatch. CH4_Ag111: slab size mismatch: complex has 36 Ag, reference has 64; complex: unfinished; slab: converged; molecule: converged",
Ag111,methane,r2scan,SPE,-1.095,-0.39,+0.705,Kestrel NSW=0 complex with converged relaxed slab and molecule references,/kfs3/scratch/jcho5/goad-global-optimization/poscar/best/C1/Ag111_CH4/singlepoint/r2scan
Ag111,methane,beef_vdw,relaxed,-25.067,-0.39,+24.677,"Shared stored references; converged components, matching functional/composition/full slab cell and stored core settings. Archived Kestrel records retain their source provenance. POTCAR variants allowed; no energy scaling or offsets. Slab: /kfs3/scratch/jcho5/goad-global-optimization/vasp_slab/Ag111_n36/beef_vdw ENERGY REVIEW: |E_ads| > 5 eV.",
Ag111,methane,beef_vdw,SPE,-25.065,-0.39,+24.675,"Shared stored references; converged components, matching functional/composition/full slab cell and stored core settings. Archived Kestrel records retain their source provenance. POTCAR variants allowed; no energy scaling or offsets.",/kfs3/scratch/jcho5/goad-global-optimization/poscar/best/C1/Ag111_CH4/singlepoint/beef_vdw
Ag111,methanol,pbe,relaxed,-0.79,-0.33,+0.46,"Previously published energy retained; current audit: Slab size mismatch. CH3OH_Ag111: slab size mismatch: complex has 36 Ag, reference has 64; complex: converged; slab: converged; molecule: converged",
Ag111,methanol,pbe,SPE,-0.758,-0.33,+0.428,Kestrel NSW=0 complex with converged relaxed slab and molecule references,/kfs3/scratch/jcho5/goad-global-optimization/poscar/best/C1/Ag111_methanol/singlepoint/PBE
Ag111,methanol,pbe_d3,relaxed,-1.09,-0.33,+0.76,"Previously published energy retained; current audit: Slab size mismatch. CH3OH_Ag111: slab size mismatch: complex has 36 Ag, reference has 64; complex: converged; slab: converged; molecule: converged",
Ag111,methanol,pbe_d3,SPE,-0.849,-0.33,+0.519,Kestrel NSW=0 complex with converged relaxed slab and molecule references,/kfs3/scratch/jcho5/goad-global-optimization/poscar/best/C1/Ag111_methanol/singlepoint/PBE_D3
Ag111,methanol,r2scan,relaxed,-1.39,-0.33,+1.06,"Previously published energy retained; current audit: Slab size mismatch. CH3OH_Ag111: slab size mismatch: complex has 36 Ag, reference has 64; complex: unfinished; slab: converged; molecule: converged",
Ag111,methanol,r2scan,SPE,-1.264,-0.33,+0.934,Kestrel NSW=0 complex with converged relaxed slab and molecule references,/kfs3/scratch/jcho5/goad-global-optimization/poscar/best/C1/Ag111_methanol/singlepoint/r2scan
Ag111,methanol,beef_vdw,relaxed,-25.212,-0.33,+24.882,"Shared stored references; converged components, matching functional/composition/full slab cell and stored core settings. Archived Kestrel records retain their source provenance. POTCAR variants allowed; no energy scaling or offsets. Slab: /kfs3/scratch/jcho5/goad-global-optimization/vasp_slab/Ag111_n36/beef_vdw ENERGY REVIEW: |E_ads| > 5 eV.",
Ag111,methanol,beef_vdw,SPE,-25.204,-0.33,+24.874,"Shared stored references; converged components, matching functional/composition/full slab cell and stored core settings. Archived Kestrel records retain their source provenance. POTCAR variants allowed; no energy scaling or offsets.",/pscratch/sd/j/jcho5/VASP/dft_jobs/CH3OH_Ag111/singlepoint/beef_vdw
Ag111,propane,pbe,relaxed,-1.23,-0.28,+0.95,Previously published energy retained; current audit: Not audited. No matching result in the current Perlmutter audit,
Ag111,propane,pbe,SPE,-0.680,-0.28,+0.400,Kestrel NSW=0 complex with converged relaxed slab and molecule references,/kfs3/scratch/jcho5/goad-global-optimization/poscar/best/C3/Ag111_propane/singlepoint/PBE
Ag111,propane,pbe_d3,relaxed,-1.56,-0.28,+1.28,Previously published energy retained; current audit: Not audited. No matching result in the current Perlmutter audit,
Ag111,propane,pbe_d3,SPE,-0.846,-0.28,+0.566,Kestrel NSW=0 complex with converged relaxed slab and molecule references,/kfs3/scratch/jcho5/goad-global-optimization/poscar/best/C3/Ag111_propane/singlepoint/PBE_D3
Ag111,propane,r2scan,relaxed,-2.20,-0.28,+1.92,Previously published energy retained; current audit: Not audited. No matching result in the current Perlmutter audit,
Ag111,propane,r2scan,SPE,-1.140,-0.28,+0.860,Kestrel NSW=0 complex with converged relaxed slab and molecule references,/kfs3/scratch/jcho5/goad-global-optimization/poscar/best/C3/Ag111_propane/singlepoint/r2scan
Ag111,propane,beef_vdw,relaxed,—,-0.28,—,No previously published energy; current audit: Not audited. No matching result in the current Perlmutter audit,
Ag111,propane,beef_vdw,SPE,-25.240,-0.28,+24.960,"Shared stored references; converged components, matching functional/composition/full slab cell and stored core settings. Archived Kestrel records retain their source provenance. POTCAR variants allowed; no energy scaling or offsets.",/kfs3/scratch/jcho5/goad-global-optimization/poscar/best/C3/Ag111_propane/singlepoint/beef_vdw
Ag111,propanol,pbe,relaxed,-1.35,-0.39,+0.96,Previously published energy retained; current audit: Not audited. No matching result in the current Perlmutter audit,
Ag111,propanol,pbe,SPE,-0.114,-0.39,-0.275,Previously published single-point result,
Ag111,propanol,pbe_d3,relaxed,-1.80,-0.39,+1.42,Previously published energy retained; current audit: Not audited. No matching result in the current Perlmutter audit,
Ag111,propanol,pbe_d3,SPE,-0.408,-0.39,+0.019,Previously published single-point result,
Ag111,propanol,r2scan,relaxed,-2.38,-0.39,+1.99,Previously published energy retained; current audit: Not audited. No matching result in the current Perlmutter audit,
Ag111,propanol,r2scan,SPE,-0.212,-0.39,-0.177,Previously published single-point result,
Ag111,propanol,beef_vdw,relaxed,—,-0.39,—,No previously published energy; current audit: Not audited. No matching result in the current Perlmutter audit,
Ag111,propanol,beef_vdw,SPE,-0.439,-0.39,+0.050,Previously published single-point result,
Ag111,propene,pbe,relaxed,-1.26,-0.18,+1.08,Previously published energy retained; current audit: Not audited. No matching result in the current Perlmutter audit,
Ag111,propene,pbe,SPE,-0.700,-0.18,+0.520,Kestrel NSW=0 complex with converged relaxed slab and molecule references,/kfs3/scratch/jcho5/goad-global-optimization/poscar/best/C3/Ag111_propene/singlepoint/PBE
Ag111,propene,pbe_d3,relaxed,-1.73,-0.18,+1.56,Previously published energy retained; current audit: Not audited. No matching result in the current Perlmutter audit,
Ag111,propene,pbe_d3,SPE,-0.842,-0.18,+0.662,Kestrel NSW=0 complex with converged relaxed slab and molecule references,/kfs3/scratch/jcho5/goad-global-optimization/poscar/best/C3/Ag111_propene/singlepoint/PBE_D3
Ag111,propene,r2scan,relaxed,-2.23,-0.18,+2.05,Previously published energy retained; current audit: Not audited. No matching result in the current Perlmutter audit,
Ag111,propene,r2scan,SPE,-1.169,-0.18,+0.989,Kestrel NSW=0 complex with converged relaxed slab and molecule references,/kfs3/scratch/jcho5/goad-global-optimization/poscar/best/C3/Ag111_propene/singlepoint/r2scan
Ag111,propene,beef_vdw,relaxed,—,-0.18,—,No previously published energy; current audit: Not audited. No matching result in the current Perlmutter audit,
Ag111,propene,beef_vdw,SPE,-25.221,-0.18,+25.041,"Shared stored references; converged components, matching functional/composition/full slab cell and stored core settings. Archived Kestrel records retain their source provenance. POTCAR variants allowed; no energy scaling or offsets.",/kfs3/scratch/jcho5/goad-global-optimization/poscar/best/C3/Ag111_propene/singlepoint/beef_vdw
Au111,CH3,pbe,relaxed,-1.28,-1.79,-0.51,"Previously published energy retained; current audit: Slab size mismatch. CH3_Au111: slab size mismatch: complex has 36 Au, reference has 64; complex: converged; slab: converged; molecule: converged",
Au111,CH3,pbe,SPE,-1.233,-1.79,-0.557,Kestrel NSW=0 complex with converged relaxed slab and molecule references,/kfs3/scratch/jcho5/goad-global-optimization/poscar/best/C1/Au111_CH3/singlepoint/PBE
Au111,CH3,pbe_d3,relaxed,-1.48,-1.79,-0.31,"Previously published energy retained; current audit: Slab size mismatch. CH3_Au111: slab size mismatch: complex has 36 Au, reference has 64; complex: converged; slab: converged; molecule: converged",
Au111,CH3,pbe_d3,SPE,-1.289,-1.79,-0.501,Kestrel NSW=0 complex with converged relaxed slab and molecule references,/kfs3/scratch/jcho5/goad-global-optimization/poscar/best/C1/Au111_CH3/singlepoint/PBE_D3
Au111,CH3,r2scan,relaxed,-1.19,-1.79,-0.60,"Previously published energy retained; current audit: Slab size mismatch. CH3_Au111: slab size mismatch: complex has 36 Au, reference has 64; complex: converged; slab: converged; molecule: converged",
Au111,CH3,r2scan,SPE,-1.052,-1.79,-0.738,Kestrel NSW=0 complex with converged relaxed slab and molecule references,/kfs3/scratch/jcho5/goad-global-optimization/poscar/best/C1/Au111_CH3/singlepoint/r2scan
Au111,CH3,beef_vdw,relaxed,-1.409,-1.79,-0.381,"Shared stored references; converged components, matching functional/composition/full slab cell and stored core settings. Archived Kestrel records retain their source provenance. POTCAR variants allowed; no energy scaling or offsets. Slab: /kfs3/scratch/jcho5/goad-global-optimization/vasp_slab/Au111_n36/beef_vdw",
Au111,CH3,beef_vdw,SPE,-1.365,-1.79,-0.425,Kestrel NSW=0 complex with converged relaxed slab and molecule references,/kfs3/scratch/jcho5/goad-global-optimization/poscar/best/C1/Au111_CH3/singlepoint/beef_vdw
Au111,CO,pbe,relaxed,-0.13,-0.59,-0.46,"Previously published energy retained; current audit: Slab size mismatch. CO_Au111: slab size mismatch: complex has 36 Au, reference has 64; complex: converged; slab: converged; molecule: converged",
Au111,CO,pbe,SPE,-0.071,-0.59,-0.519,Kestrel NSW=0 complex with converged relaxed slab and molecule references,/kfs3/scratch/jcho5/goad-global-optimization/poscar/best/C1/Au111_CO/singlepoint/PBE
Au111,CO,pbe_d3,relaxed,-0.29,-0.59,-0.30,"Previously published energy retained; current audit: Slab size mismatch. CO_Au111: slab size mismatch: complex has 36 Au, reference has 64; complex: converged; slab: converged; molecule: converged",
Au111,CO,pbe_d3,SPE,-0.074,-0.59,-0.516,Kestrel NSW=0 complex with converged relaxed slab and molecule references,/kfs3/scratch/jcho5/goad-global-optimization/poscar/best/C1/Au111_CO/singlepoint/PBE_D3
Au111,CO,r2scan,relaxed,-0.10,-0.59,-0.49,"Previously published energy retained; current audit: Slab size mismatch. CO_Au111: slab size mismatch: complex has 36 Au, reference has 64; complex: unfinished; slab: converged; molecule: converged",
Au111,CO,r2scan,SPE,+0.046,-0.59,-0.636,Kestrel NSW=0 complex with converged relaxed slab and molecule references,/kfs3/scratch/jcho5/goad-global-optimization/poscar/best/C1/Au111_CO/singlepoint/r2scan
Au111,CO,beef_vdw,relaxed,-0.042,-0.59,-0.548,"Shared stored references; converged components, matching functional/composition/full slab cell and stored core settings. Archived Kestrel records retain their source provenance. POTCAR variants allowed; no energy scaling or offsets. Slab: /kfs3/scratch/jcho5/goad-global-optimization/vasp_slab/Au111_n36/beef_vdw",
Au111,CO,beef_vdw,SPE,-0.258,-0.59,-0.330,Previously published single-point result,
Au111,CO2,pbe,relaxed,-0.024,-0.40,-0.373,Screened Perlmutter result: CO2_Au111,
Au111,CO2,pbe,SPE,+0.012,-0.40,-0.409,Previously published single-point result,
Au111,CO2,pbe_d3,relaxed,—,-0.40,—,No previously published energy; current audit: Not converged. CO2_Au111: See component convergence statuses; complex: converged; slab: converged; molecule: electronic_unconverged,
Au111,CO2,pbe_d3,SPE,queued,-0.40,—,,
Au111,CO2,r2scan,relaxed,-0.06,-0.40,-0.34,Previously published energy retained; current audit: Not converged. CO2_Au111: See component convergence statuses; complex: unfinished; slab: converged; molecule: converged,
Au111,CO2,r2scan,SPE,+0.103,-0.40,-0.500,Previously published single-point result,
Au111,CO2,beef_vdw,relaxed,—,-0.40,—,No previously published energy; current audit: Not converged. CO2_Au111: complex: ZBRENT: fatal error in bracketing; complex: unfinished; slab: converged; molecule: converged,
Au111,CO2,beef_vdw,SPE,-0.157,-0.40,-0.240,Previously published single-point result,
Au111,DME,pbe,relaxed,-4.65,-0.16,+4.49,"Previously published energy retained; current audit: Slab size mismatch. CH3OCH3_Au111: slab size mismatch: complex has 36 Au, reference has 64; complex: converged; slab: converged; molecule: unfinished",
Au111,DME,pbe,SPE,refs missing,-0.16,—,,
Au111,DME,pbe_d3,relaxed,—,-0.16,—,"No previously published energy; current audit: Slab size mismatch. CH3OCH3_Au111: slab size mismatch: complex has 36 Au, reference has 64; complex: converged; slab: converged; molecule: unfinished",
Au111,DME,pbe_d3,SPE,refs missing,-0.16,—,,
Au111,DME,r2scan,relaxed,-0.02,-0.16,-0.15,"Previously published energy retained; current audit: Slab size mismatch. CH3OCH3_Au111: slab size mismatch: complex has 36 Au, reference has 64; complex: unfinished; slab: converged; molecule: converged",
Au111,DME,r2scan,SPE,+0.417,-0.16,-0.577,Kestrel NSW=0 complex with converged relaxed slab and molecule references,/kfs3/scratch/jcho5/goad-global-optimization/poscar/best/C2/Au111_DME/singlepoint/r2scan
Au111,DME,beef_vdw,relaxed,-0.382,-0.16,+0.222,"Shared stored references; converged components, matching functional/composition/full slab cell and stored core settings. Archived Kestrel records retain their source provenance. POTCAR variants allowed; no energy scaling or offsets. Slab: /kfs3/scratch/jcho5/goad-global-optimization/vasp_slab/Au111_n36/beef_vdw",
Au111,DME,beef_vdw,SPE,-0.438,-0.16,+0.278,Previously published single-point result,
Au111,H2,pbe,relaxed,-0.00,-0.24,-0.24,Previously published energy retained; current audit: Not audited. No matching result in the current Perlmutter audit,
Au111,H2,pbe,SPE,+0.134,-0.24,-0.374,Kestrel NSW=0 complex with converged relaxed slab and molecule references,/kfs3/scratch/jcho5/goad-global-optimization/poscar/best/C0/Au111_H2/singlepoint/PBE
Au111,H2,pbe_d3,relaxed,-0.08,-0.24,-0.17,Previously published energy retained; current audit: Not audited. No matching result in the current Perlmutter audit,
Au111,H2,pbe_d3,SPE,+0.310,-0.24,-0.550,Kestrel NSW=0 complex with converged relaxed slab and molecule references,/kfs3/scratch/jcho5/goad-global-optimization/poscar/best/C0/Au111_H2/singlepoint/PBE_D3
Au111,H2,r2scan,relaxed,-0.02,-0.24,-0.23,Previously published energy retained; current audit: Not audited. No matching result in the current Perlmutter audit,
Au111,H2,r2scan,SPE,+0.301,-0.24,-0.541,Kestrel NSW=0 complex with converged relaxed slab and molecule references,/kfs3/scratch/jcho5/goad-global-optimization/poscar/best/C0/Au111_H2/singlepoint/r2scan
Au111,H2,beef_vdw,relaxed,—,-0.24,—,No previously published energy; current audit: Not audited. No matching result in the current Perlmutter audit,
Au111,H2,beef_vdw,SPE,-0.341,-0.24,+0.098,Previously published single-point result,
Au111,H2O,pbe,relaxed,-0.04,-0.51,-0.47,"Previously published energy retained; current audit: Slab size mismatch. H2O_Au111: slab size mismatch: complex has 36 Au, reference has 64; complex: converged; slab: converged; molecule: converged",
Au111,H2O,pbe,SPE,+0.076,-0.51,-0.586,Kestrel NSW=0 complex with converged relaxed slab and molecule references,/kfs3/scratch/jcho5/goad-global-optimization/poscar/best/C0/Au111_H2O/singlepoint/PBE
Au111,H2O,pbe_d3,relaxed,-0.30,-0.51,-0.21,"Previously published energy retained; current audit: Slab size mismatch. H2O_Au111: slab size mismatch: complex has 36 Au, reference has 64; complex: converged; slab: converged; molecule: converged",
Au111,H2O,pbe_d3,SPE,+0.155,-0.51,-0.665,Kestrel NSW=0 complex with converged relaxed slab and molecule references,/kfs3/scratch/jcho5/goad-global-optimization/poscar/best/C0/Au111_H2O/singlepoint/PBE_D3
Au111,H2O,r2scan,relaxed,-0.10,-0.51,-0.41,"Previously published energy retained; current audit: Slab size mismatch. H2O_Au111: slab size mismatch: complex has 36 Au, reference has 64; complex: unfinished; slab: converged; molecule: converged",
Au111,H2O,r2scan,SPE,+0.193,-0.51,-0.703,Kestrel NSW=0 complex with converged relaxed slab and molecule references,/kfs3/scratch/jcho5/goad-global-optimization/poscar/best/C0/Au111_H2O/singlepoint/r2scan
Au111,H2O,beef_vdw,relaxed,-0.175,-0.51,-0.335,"Shared stored references; converged components, matching functional/composition/full slab cell and stored core settings. Archived Kestrel records retain their source provenance. POTCAR variants allowed; no energy scaling or offsets. Slab: /kfs3/scratch/jcho5/goad-global-optimization/vasp_slab/Au111_n36/beef_vdw",
Au111,H2O,beef_vdw,SPE,-0.450,-0.51,-0.064,Previously published single-point result,
Au111,H2S,pbe,relaxed,-0.14,-0.41,-0.26,"Previously published energy retained; current audit: Slab size mismatch. H2S_Au111: slab size mismatch: complex has 36 Au, reference has 64; complex: converged; slab: converged; molecule: converged",
Au111,H2S,pbe,SPE,+0.067,-0.41,-0.477,Kestrel NSW=0 complex with converged relaxed slab and molecule references,/kfs3/scratch/jcho5/goad-global-optimization/poscar/best/C0/Au111_H2S/singlepoint/PBE
Au111,H2S,pbe_d3,relaxed,-0.54,-0.41,+0.13,"Previously published energy retained; current audit: Slab size mismatch. H2S_Au111: slab size mismatch: complex has 36 Au, reference has 64; complex: converged; slab: converged; molecule: converged",
Au111,H2S,pbe_d3,SPE,-0.004,-0.41,-0.406,Kestrel NSW=0 complex with converged relaxed slab and molecule references,/kfs3/scratch/jcho5/goad-global-optimization/poscar/best/C0/Au111_H2S/singlepoint/PBE_D3
Au111,H2S,r2scan,relaxed,—,-0.41,—,"No previously published energy; current audit: Slab size mismatch. H2S_Au111: slab size mismatch: complex has 36 Au, reference has 64; complex: unfinished; slab: converged; molecule: converged",
Au111,H2S,r2scan,SPE,+0.155,-0.41,-0.565,Kestrel NSW=0 complex with converged relaxed slab and molecule references,/kfs3/scratch/jcho5/goad-global-optimization/poscar/best/C0/Au111_H2S/singlepoint/r2scan
Au111,H2S,beef_vdw,relaxed,-0.338,-0.41,-0.072,"Shared stored references; converged components, matching functional/composition/full slab cell and stored core settings. Archived Kestrel records retain their source provenance. POTCAR variants allowed; no energy scaling or offsets. Slab: /kfs3/scratch/jcho5/goad-global-optimization/vasp_slab/Au111_n36/beef_vdw",
Au111,H2S,beef_vdw,SPE,-0.549,-0.41,+0.141,Previously published single-point result,
Au111,N2,pbe,relaxed,-0.01,-0.09,-0.08,"Previously published energy retained; current audit: Slab size mismatch. N2_Au111: slab size mismatch: complex has 36 Au, reference has 64; complex: converged; slab: converged; molecule: converged",
Au111,N2,pbe,SPE,+0.120,-0.09,-0.210,Kestrel NSW=0 complex with converged relaxed slab and molecule references,/kfs3/scratch/jcho5/goad-global-optimization/poscar/best/C0/Au111_N2/singlepoint/PBE
Au111,N2,pbe_d3,relaxed,-0.10,-0.09,+0.01,"Previously published energy retained; current audit: Slab size mismatch. N2_Au111: slab size mismatch: complex has 36 Au, reference has 64; complex: converged; slab: converged; molecule: converged",
Au111,N2,pbe_d3,SPE,+0.283,-0.09,-0.373,Kestrel NSW=0 complex with converged relaxed slab and molecule references,/kfs3/scratch/jcho5/goad-global-optimization/poscar/best/C0/Au111_N2/singlepoint/PBE_D3
Au111,N2,r2scan,relaxed,-0.02,-0.09,-0.06,"Previously published energy retained; current audit: Slab size mismatch. N2_Au111: slab size mismatch: complex has 36 Au, reference has 64; complex: unfinished; slab: converged; molecule: converged",
Au111,N2,r2scan,SPE,+0.292,-0.09,-0.382,Kestrel NSW=0 complex with converged relaxed slab and molecule references,/kfs3/scratch/jcho5/goad-global-optimization/poscar/best/C0/Au111_N2/singlepoint/r2scan
Au111,N2,beef_vdw,relaxed,-0.145,-0.09,+0.055,"Shared stored references; converged components, matching functional/composition/full slab cell and stored core settings. Archived Kestrel records retain their source provenance. POTCAR variants allowed; no energy scaling or offsets. Slab: /kfs3/scratch/jcho5/goad-global-optimization/vasp_slab/Au111_n36/beef_vdw",
Au111,N2,beef_vdw,SPE,-0.418,-0.09,+0.333,Previously published single-point result,
Au111,NH3,pbe,relaxed,-0.06,-0.54,-0.48,"Previously published energy retained; current audit: Slab size mismatch. NH3_Au111: slab size mismatch: complex has 36 Au, reference has 64; complex: converged; slab: converged; molecule: converged",
Au111,NH3,pbe,SPE,+0.060,-0.54,-0.600,Kestrel NSW=0 complex with converged relaxed slab and molecule references,/kfs3/scratch/jcho5/goad-global-optimization/poscar/best/C0/Au111_NH3/singlepoint/PBE
Au111,NH3,pbe_d3,relaxed,-0.31,-0.54,-0.23,"Previously published energy retained; current audit: Slab size mismatch. NH3_Au111: slab size mismatch: complex has 36 Au, reference has 64; complex: converged; slab: converged; molecule: converged",
Au111,NH3,pbe_d3,SPE,+0.081,-0.54,-0.621,Kestrel NSW=0 complex with converged relaxed slab and molecule references,/kfs3/scratch/jcho5/goad-global-optimization/poscar/best/C0/Au111_NH3/singlepoint/PBE_D3
Au111,NH3,r2scan,relaxed,-0.13,-0.54,-0.41,"Previously published energy retained; current audit: Slab size mismatch. NH3_Au111: slab size mismatch: complex has 36 Au, reference has 64; complex: unfinished; slab: converged; molecule: converged",
Au111,NH3,r2scan,SPE,+0.164,-0.54,-0.704,Kestrel NSW=0 complex with converged relaxed slab and molecule references,/kfs3/scratch/jcho5/goad-global-optimization/poscar/best/C0/Au111_NH3/singlepoint/r2scan
Au111,NH3,beef_vdw,relaxed,-0.223,-0.54,-0.317,"Shared stored references; converged components, matching functional/composition/full slab cell and stored core settings. Archived Kestrel records retain their source provenance. POTCAR variants allowed; no energy scaling or offsets. Slab: /kfs3/scratch/jcho5/goad-global-optimization/vasp_slab/Au111_n36/beef_vdw",
Au111,NH3,beef_vdw,SPE,-0.495,-0.54,-0.041,Previously published single-point result,
Au111,NO,pbe,relaxed,-0.66,-0.68,-0.03,"Previously published energy retained; current audit: Slab size mismatch. NO_Au111: slab size mismatch: complex has 36 Au, reference has 64; complex: converged; slab: converged; molecule: converged",
Au111,NO,pbe,SPE,-0.577,-0.68,-0.103,Kestrel NSW=0 complex with converged relaxed slab and molecule references,/kfs3/scratch/jcho5/goad-global-optimization/poscar/best/C0/Au111_NO/singlepoint/PBE
Au111,NO,pbe_d3,relaxed,-0.86,-0.68,+0.18,"Previously published energy retained; current audit: Slab size mismatch. NO_Au111: slab size mismatch: complex has 36 Au, reference has 64; complex: converged; slab: converged; molecule: converged",
Au111,NO,pbe_d3,SPE,-0.564,-0.68,-0.116,Kestrel NSW=0 complex with converged relaxed slab and molecule references,/kfs3/scratch/jcho5/goad-global-optimization/poscar/best/C0/Au111_NO/singlepoint/PBE_D3
Au111,NO,r2scan,relaxed,-0.96,-0.68,+0.27,"Previously published energy retained; current audit: Slab size mismatch. NO_Au111: slab size mismatch: complex has 36 Au, reference has 64; complex: unfinished; slab: converged; molecule: ionic_unconverged",
Au111,NO,r2scan,SPE,queued,-0.68,—,,
Au111,NO,beef_vdw,relaxed,-7.431,-0.68,+6.751,"Shared stored references; converged components, matching functional/composition/full slab cell and stored core settings. Archived Kestrel records retain their source provenance. POTCAR variants allowed; no energy scaling or offsets. Slab: /kfs3/scratch/jcho5/goad-global-optimization/vasp_slab/Au111_n36/beef_vdw ENERGY REVIEW: |E_ads| > 5 eV.",
Au111,NO,beef_vdw,SPE,-7.662,-0.68,+6.977,Previously published single-point result,
Au111,O2,pbe,relaxed,0.39,-0.15,-0.54,Previously published energy retained; current audit: Not audited. No matching result in the current Perlmutter audit,
Au111,O2,pbe,SPE,—,-0.15,—,,
Au111,O2,pbe_d3,relaxed,—,-0.15,—,No previously published energy; current audit: Not audited. No matching result in the current Perlmutter audit,
Au111,O2,pbe_d3,SPE,—,-0.15,—,,
Au111,O2,r2scan,relaxed,—,-0.15,—,No previously published energy; current audit: Not audited. No matching result in the current Perlmutter audit,
Au111,O2,r2scan,SPE,—,-0.15,—,,
Au111,O2,beef_vdw,relaxed,—,-0.15,—,No previously published energy; current audit: Not audited. No matching result in the current Perlmutter audit,
Au111,O2,beef_vdw,SPE,—,-0.15,—,,
Au111,SO2,pbe,relaxed,-0.05,-0.26,-0.21,"Previously published energy retained; current audit: Slab size mismatch. SO2_Au111: slab size mismatch: complex has 36 Au, reference has 64; complex: converged; slab: converged; molecule: converged",
Au111,SO2,pbe,SPE,+0.055,-0.26,-0.315,Kestrel NSW=0 complex with converged relaxed slab and molecule references,/kfs3/scratch/jcho5/goad-global-optimization/poscar/best/C0/Au111_SO2/singlepoint/PBE
Au111,SO2,pbe_d3,relaxed,-0.53,-0.26,+0.27,"Previously published energy retained; current audit: Slab size mismatch. SO2_Au111: slab size mismatch: complex has 36 Au, reference has 64; complex: converged; slab: converged; molecule: converged",
Au111,SO2,pbe_d3,SPE,-0.039,-0.26,-0.221,Kestrel NSW=0 complex with converged relaxed slab and molecule references,/kfs3/scratch/jcho5/goad-global-optimization/poscar/best/C0/Au111_SO2/singlepoint/PBE_D3
Au111,SO2,r2scan,relaxed,—,-0.26,—,"No previously published energy; current audit: Slab size mismatch. SO2_Au111: slab size mismatch: complex has 36 Au, reference has 64; complex: unfinished; slab: converged; molecule: converged",
Au111,SO2,r2scan,SPE,+0.135,-0.26,-0.395,Kestrel NSW=0 complex with converged relaxed slab and molecule references,/kfs3/scratch/jcho5/goad-global-optimization/poscar/best/C0/Au111_SO2/singlepoint/r2scan
Au111,SO2,beef_vdw,relaxed,-0.401,-0.26,+0.141,"Shared stored references; converged components, matching functional/composition/full slab cell and stored core settings. Archived Kestrel records retain their source provenance. POTCAR variants allowed; no energy scaling or offsets. Slab: /kfs3/scratch/jcho5/goad-global-optimization/vasp_slab/Au111_n36/beef_vdw",
Au111,SO2,beef_vdw,SPE,-0.645,-0.26,+0.384,Previously published single-point result,
Au111,acetaldehyde,pbe,relaxed,-0.05,-0.27,-0.22,"Previously published energy retained; current audit: Slab size mismatch. CH3CHO_Au111: slab size mismatch: complex has 36 Au, reference has 64; complex: converged; slab: converged; molecule: converged",
Au111,acetaldehyde,pbe,SPE,+0.071,-0.27,-0.341,Kestrel NSW=0 complex with converged relaxed slab and molecule references,/kfs3/scratch/jcho5/goad-global-optimization/poscar/best/C2/Au111_acetaldehyde/singlepoint/PBE
Au111,acetaldehyde,pbe_d3,relaxed,-0.40,-0.27,+0.13,"Previously published energy retained; current audit: Slab size mismatch. CH3CHO_Au111: slab size mismatch: complex has 36 Au, reference has 64; complex: converged; slab: converged; molecule: converged",
Au111,acetaldehyde,pbe_d3,SPE,+0.015,-0.27,-0.285,Kestrel NSW=0 complex with converged relaxed slab and molecule references,/kfs3/scratch/jcho5/goad-global-optimization/poscar/best/C2/Au111_acetaldehyde/singlepoint/PBE_D3
Au111,acetaldehyde,r2scan,relaxed,0.05,-0.27,-0.31,"Previously published energy retained; current audit: Slab size mismatch. CH3CHO_Au111: slab size mismatch: complex has 36 Au, reference has 64; complex: unfinished; slab: converged; molecule: converged",
Au111,acetaldehyde,r2scan,SPE,+0.145,-0.27,-0.415,Kestrel NSW=0 complex with converged relaxed slab and molecule references,/kfs3/scratch/jcho5/goad-global-optimization/poscar/best/C2/Au111_acetaldehyde/singlepoint/r2scan
Au111,acetaldehyde,beef_vdw,relaxed,-0.366,-0.27,+0.096,"Shared stored references; converged components, matching functional/composition/full slab cell and stored core settings. Archived Kestrel records retain their source provenance. POTCAR variants allowed; no energy scaling or offsets. Slab: /kfs3/scratch/jcho5/goad-global-optimization/vasp_slab/Au111_n36/beef_vdw",
Au111,acetaldehyde,beef_vdw,SPE,-0.636,-0.27,+0.369,Previously published single-point result,
Au111,acetic_acid,pbe,relaxed,—,-0.36,—,"No previously published energy; current audit: Slab size mismatch. CH3COOH_Au111: slab size mismatch: complex has 36 Au, reference has 64; complex: converged; slab: converged; molecule: unfinished",
Au111,acetic_acid,pbe,SPE,refs missing,-0.36,—,,
Au111,acetic_acid,pbe_d3,relaxed,—,-0.36,—,"No previously published energy; current audit: Slab size mismatch. CH3COOH_Au111: slab size mismatch: complex has 36 Au, reference has 64; complex: converged; slab: converged; molecule: unfinished",
Au111,acetic_acid,pbe_d3,SPE,refs missing,-0.36,—,,
Au111,acetic_acid,r2scan,relaxed,-0.19,-0.36,-0.18,"Previously published energy retained; current audit: Slab size mismatch. CH3COOH_Au111: slab size mismatch: complex has 36 Au, reference has 64; complex: unfinished; slab: converged; molecule: converged",
Au111,acetic_acid,r2scan,SPE,+0.045,-0.36,-0.405,Kestrel NSW=0 complex with converged relaxed slab and molecule references,/kfs3/scratch/jcho5/goad-global-optimization/poscar/best/C2/Au111_acetic_acid/singlepoint/r2scan
Au111,acetic_acid,beef_vdw,relaxed,-0.418,-0.36,+0.058,"Shared stored references; converged components, matching functional/composition/full slab cell and stored core settings. Archived Kestrel records retain their source provenance. POTCAR variants allowed; no energy scaling or offsets. Slab: /kfs3/scratch/jcho5/goad-global-optimization/vasp_slab/Au111_n36/beef_vdw",
Au111,acetic_acid,beef_vdw,SPE,-0.687,-0.36,+0.322,Previously published single-point result,
Au111,ethane,pbe,relaxed,-0.01,-0.24,-0.22,"Previously published energy retained; current audit: Slab size mismatch. C2H6_Au111: slab size mismatch: complex has 36 Au, reference has 64; complex: converged; slab: converged; molecule: converged",
Au111,ethane,pbe,SPE,+0.108,-0.24,-0.348,Kestrel NSW=0 complex with converged relaxed slab and molecule references,/kfs3/scratch/jcho5/goad-global-optimization/poscar/best/C2/Au111_ethane/singlepoint/PBE
Au111,ethane,pbe_d3,relaxed,-0.29,-0.24,+0.05,"Previously published energy retained; current audit: Slab size mismatch. C2H6_Au111: slab size mismatch: complex has 36 Au, reference has 64; complex: converged; slab: converged; molecule: converged",
Au111,ethane,pbe_d3,SPE,+0.067,-0.24,-0.307,Kestrel NSW=0 complex with converged relaxed slab and molecule references,/kfs3/scratch/jcho5/goad-global-optimization/poscar/best/C2/Au111_ethane/singlepoint/PBE_D3
Au111,ethane,r2scan,relaxed,0.07,-0.24,-0.31,"Previously published energy retained; current audit: Slab size mismatch. C2H6_Au111: slab size mismatch: complex has 36 Au, reference has 64; complex: unfinished; slab: converged; molecule: converged",
Au111,ethane,r2scan,SPE,+0.211,-0.24,-0.451,Kestrel NSW=0 complex with converged relaxed slab and molecule references,/kfs3/scratch/jcho5/goad-global-optimization/poscar/best/C2/Au111_ethane/singlepoint/r2scan
Au111,ethane,beef_vdw,relaxed,-0.316,-0.24,+0.076,"Shared stored references; converged components, matching functional/composition/full slab cell and stored core settings. Archived Kestrel records retain their source provenance. POTCAR variants allowed; no energy scaling or offsets. Slab: /kfs3/scratch/jcho5/goad-global-optimization/vasp_slab/Au111_n36/beef_vdw",
Au111,ethane,beef_vdw,SPE,-0.589,-0.24,+0.352,Previously published single-point result,
Au111,ethanol,pbe,relaxed,-0.06,-0.28,-0.22,"Previously published energy retained; current audit: Slab size mismatch. CH3CH2OH_Au111: slab size mismatch: complex has 36 Au, reference has 64; complex: converged; slab: converged; molecule: converged",
Au111,ethanol,pbe,SPE,+0.350,-0.28,-0.630,Kestrel NSW=0 complex with converged relaxed slab and molecule references,/kfs3/scratch/jcho5/goad-global-optimization/poscar/best/C2/Au111_ethanol/singlepoint/PBE
Au111,ethanol,pbe_d3,relaxed,-0.49,-0.28,+0.21,"Previously published energy retained; current audit: Slab size mismatch. CH3CH2OH_Au111: slab size mismatch: complex has 36 Au, reference has 64; complex: converged; slab: converged; molecule: converged",
Au111,ethanol,pbe_d3,SPE,+0.275,-0.28,-0.555,Kestrel NSW=0 complex with converged relaxed slab and molecule references,/kfs3/scratch/jcho5/goad-global-optimization/poscar/best/C2/Au111_ethanol/singlepoint/PBE_D3
Au111,ethanol,r2scan,relaxed,-0.13,-0.28,-0.14,Previously published energy retained; current audit: Output missing/incomplete. CH3CH2OH_Au111: Missing or non-finite component energy; complex: unfinished; slab: converged; molecule: converged,
Au111,ethanol,r2scan,SPE,+0.424,-0.28,-0.704,Kestrel NSW=0 complex with converged relaxed slab and molecule references,/kfs3/scratch/jcho5/goad-global-optimization/poscar/best/C2/Au111_ethanol/singlepoint/r2scan
Au111,ethanol,beef_vdw,relaxed,-0.394,-0.28,+0.114,"Shared stored references; converged components, matching functional/composition/full slab cell and stored core settings. Archived Kestrel records retain their source provenance. POTCAR variants allowed; no energy scaling or offsets. Slab: /kfs3/scratch/jcho5/goad-global-optimization/vasp_slab/Au111_n36/beef_vdw",
Au111,ethanol,beef_vdw,SPE,-0.414,-0.28,+0.137,Previously published single-point result,
Au111,ethene,pbe,relaxed,-0.03,-0.19,-0.16,"Previously published energy retained; current audit: Slab size mismatch. C2H4_Au111: slab size mismatch: complex has 36 Au, reference has 64; complex: converged; slab: converged; molecule: converged",
Au111,ethene,pbe,SPE,-0.021,-0.19,-0.172,Previously published single-point result,
Au111,ethene,pbe_d3,relaxed,-0.45,-0.19,+0.25,"Previously published energy retained; current audit: Slab size mismatch. C2H4_Au111: slab size mismatch: complex has 36 Au, reference has 64; complex: converged; slab: converged; molecule: converged",
Au111,ethene,pbe_d3,SPE,-0.099,-0.19,-0.094,Previously published single-point result,
Au111,ethene,r2scan,relaxed,-0.01,-0.19,-0.19,"Previously published energy retained; current audit: Slab size mismatch. C2H4_Au111: slab size mismatch: complex has 36 Au, reference has 64; complex: unfinished; slab: converged; molecule: converged",
Au111,ethene,r2scan,SPE,+0.024,-0.19,-0.217,Previously published single-point result,
Au111,ethene,beef_vdw,relaxed,-0.355,-0.19,+0.165,"Shared stored references; converged components, matching functional/composition/full slab cell and stored core settings. Archived Kestrel records retain their source provenance. POTCAR variants allowed; no energy scaling or offsets. Slab: /kfs3/scratch/jcho5/goad-global-optimization/vasp_slab/Au111_n36/beef_vdw",
Au111,ethene,beef_vdw,SPE,-0.240,-0.19,+0.047,Previously published single-point result,
Au111,formaldehyde,pbe,relaxed,-0.07,-0.21,-0.14,"Previously published energy retained; current audit: Slab size mismatch. H2CO_Au111: slab size mismatch: complex has 36 Au, reference has 64; complex: converged; slab: converged; molecule: converged",
Au111,formaldehyde,pbe,SPE,+0.048,-0.21,-0.258,Kestrel NSW=0 complex with converged relaxed slab and molecule references,/kfs3/scratch/jcho5/goad-global-optimization/poscar/best/C1/Au111_formaldehyde/singlepoint/PBE
Au111,formaldehyde,pbe_d3,relaxed,-0.34,-0.21,+0.13,"Previously published energy retained; current audit: Slab size mismatch. H2CO_Au111: slab size mismatch: complex has 36 Au, reference has 64; complex: converged; slab: converged; molecule: converged",
Au111,formaldehyde,pbe_d3,SPE,+0.091,-0.21,-0.301,Kestrel NSW=0 complex with converged relaxed slab and molecule references,/kfs3/scratch/jcho5/goad-global-optimization/poscar/best/C1/Au111_formaldehyde/singlepoint/PBE_D3
Au111,formaldehyde,r2scan,relaxed,—,-0.21,—,"No previously published energy; current audit: Slab size mismatch. H2CO_Au111: slab size mismatch: complex has 36 Au, reference has 64; complex: unfinished; slab: converged; molecule: converged",
Au111,formaldehyde,r2scan,SPE,+0.160,-0.21,-0.370,Kestrel NSW=0 complex with converged relaxed slab and molecule references,/kfs3/scratch/jcho5/goad-global-optimization/poscar/best/C1/Au111_formaldehyde/singlepoint/r2scan
Au111,formaldehyde,beef_vdw,relaxed,—,-0.21,—,"No previously published energy; current audit: Slab size mismatch. H2CO_Au111: slab size mismatch: complex has 36 Au, reference has 64; complex: unfinished; slab: converged; molecule: converged",
Au111,formaldehyde,beef_vdw,SPE,-0.564,-0.21,+0.358,Previously published single-point result,
Au111,formate,pbe,relaxed,-2.19,-1.47,+0.71,Previously published energy retained; current audit: Not audited. No matching result in the current Perlmutter audit,
Au111,formate,pbe,SPE,-2.158,-1.47,+0.688,Kestrel NSW=0 complex with converged relaxed slab and molecule references,/kfs3/scratch/jcho5/goad-global-optimization/poscar/best/C1/Au111_formate/singlepoint/PBE
Au111,formate,pbe_d3,relaxed,-2.50,-1.47,+1.03,Previously published energy retained; current audit: Not audited. No matching result in the current Perlmutter audit,
Au111,formate,pbe_d3,SPE,-2.322,-1.47,+0.852,Kestrel NSW=0 complex with converged relaxed slab and molecule references,/kfs3/scratch/jcho5/goad-global-optimization/poscar/best/C1/Au111_formate/singlepoint/PBE_D3
Au111,formate,r2scan,relaxed,-2.69,-1.47,+1.22,Previously published energy retained; current audit: Not audited. No matching result in the current Perlmutter audit,
Au111,formate,r2scan,SPE,-2.542,-1.47,+1.072,Kestrel NSW=0 complex with converged relaxed slab and molecule references,/kfs3/scratch/jcho5/goad-global-optimization/poscar/best/C1/Au111_formate/singlepoint/r2scan
Au111,formate,beef_vdw,relaxed,—,-1.47,—,No previously published energy; current audit: Not audited. No matching result in the current Perlmutter audit,
Au111,formate,beef_vdw,SPE,-2.846,-1.47,+1.372,Previously published single-point result,
Au111,formic_acid,pbe,relaxed,-0.10,-0.37,-0.27,"Previously published energy retained; current audit: Slab size mismatch. HCOOH_Au111: slab size mismatch: complex has 36 Au, reference has 64; complex: converged; slab: converged; molecule: converged",
Au111,formic_acid,pbe,SPE,+0.021,-0.37,-0.391,Kestrel NSW=0 complex with converged relaxed slab and molecule references,/kfs3/scratch/jcho5/goad-global-optimization/poscar/best/C1/Au111_formic_acid/singlepoint/PBE
Au111,formic_acid,pbe_d3,relaxed,-0.46,-0.37,+0.09,"Previously published energy retained; current audit: Slab size mismatch. HCOOH_Au111: slab size mismatch: complex has 36 Au, reference has 64; complex: converged; slab: converged; molecule: converged",
Au111,formic_acid,pbe_d3,SPE,-0.012,-0.37,-0.358,Kestrel NSW=0 complex with converged relaxed slab and molecule references,/kfs3/scratch/jcho5/goad-global-optimization/poscar/best/C1/Au111_formic_acid/singlepoint/PBE_D3
Au111,formic_acid,r2scan,relaxed,-0.25,-0.37,-0.12,"Previously published energy retained; current audit: Slab size mismatch. HCOOH_Au111: slab size mismatch: complex has 36 Au, reference has 64; complex: unfinished; slab: converged; molecule: converged",
Au111,formic_acid,r2scan,SPE,+0.108,-0.37,-0.478,Kestrel NSW=0 complex with converged relaxed slab and molecule references,/kfs3/scratch/jcho5/goad-global-optimization/poscar/best/C1/Au111_formic_acid/singlepoint/r2scan
Au111,formic_acid,beef_vdw,relaxed,-0.382,-0.37,+0.012,"Shared stored references; converged components, matching functional/composition/full slab cell and stored core settings. Archived Kestrel records retain their source provenance. POTCAR variants allowed; no energy scaling or offsets. Slab: /kfs3/scratch/jcho5/goad-global-optimization/vasp_slab/Au111_n36/beef_vdw",
Au111,formic_acid,beef_vdw,SPE,-0.625,-0.37,+0.255,Previously published single-point result,
Au111,glycerol,pbe,relaxed,-0.26,-0.59,-0.33,Previously published energy retained; current audit: Not audited. No matching result in the current Perlmutter audit,
Au111,glycerol,pbe,SPE,+0.252,-0.59,-0.839,Previously published single-point result,
Au111,glycerol,pbe_d3,relaxed,-0.87,-0.59,+0.28,Previously published energy retained; current audit: Not audited. No matching result in the current Perlmutter audit,
Au111,glycerol,pbe_d3,SPE,-0.072,-0.59,-0.516,Previously published single-point result,
Au111,glycerol,r2scan,relaxed,-0.41,-0.59,-0.17,Previously published energy retained; current audit: Not audited. No matching result in the current Perlmutter audit,
Au111,glycerol,r2scan,SPE,+0.263,-0.59,-0.850,Previously published single-point result,
Au111,glycerol,beef_vdw,relaxed,—,-0.59,—,No previously published energy; current audit: Not audited. No matching result in the current Perlmutter audit,
Au111,glycerol,beef_vdw,SPE,-0.348,-0.59,-0.239,Previously published single-point result,
Au111,isopropanol,pbe,relaxed,-0.09,-0.33,-0.24,Previously published energy retained; current audit: Not audited. No matching result in the current Perlmutter audit,
Au111,isopropanol,pbe,SPE,+0.202,-0.33,-0.531,Previously published single-point result,
Au111,isopropanol,pbe_d3,relaxed,-0.59,-0.33,+0.26,Previously published energy retained; current audit: Not audited. No matching result in the current Perlmutter audit,
Au111,isopropanol,pbe_d3,SPE,+0.019,-0.33,-0.348,Previously published single-point result,
Au111,isopropanol,r2scan,relaxed,-0.24,-0.33,-0.09,Previously published energy retained; current audit: Not audited. No matching result in the current Perlmutter audit,
Au111,isopropanol,r2scan,SPE,+0.263,-0.33,-0.592,Previously published single-point result,
Au111,isopropanol,beef_vdw,relaxed,—,-0.33,—,No previously published energy; current audit: Not audited. No matching result in the current Perlmutter audit,
Au111,isopropanol,beef_vdw,SPE,-0.300,-0.33,-0.029,Previously published single-point result,
Au111,methane,pbe,relaxed,-0.00,-0.37,-0.36,"Previously published energy retained; current audit: Slab size mismatch. CH4_Au111: slab size mismatch: complex has 36 Au, reference has 64; complex: converged; slab: converged; molecule: converged",
Au111,methane,pbe,SPE,+0.129,-0.37,-0.499,Kestrel NSW=0 complex with converged relaxed slab and molecule references,/kfs3/scratch/jcho5/goad-global-optimization/poscar/best/C1/Au111_CH4/singlepoint/PBE
Au111,methane,pbe_d3,relaxed,-0.20,-0.37,-0.17,"Previously published energy retained; current audit: Slab size mismatch. CH4_Au111: slab size mismatch: complex has 36 Au, reference has 64; complex: converged; slab: converged; molecule: converged",
Au111,methane,pbe_d3,SPE,+0.176,-0.37,-0.546,Kestrel NSW=0 complex with converged relaxed slab and molecule references,/kfs3/scratch/jcho5/goad-global-optimization/poscar/best/C1/Au111_CH4/singlepoint/PBE_D3
Au111,methane,r2scan,relaxed,-0.06,-0.37,-0.31,"Previously published energy retained; current audit: Slab size mismatch. CH4_Au111: slab size mismatch: complex has 36 Au, reference has 64; complex: unfinished; slab: converged; molecule: converged",
Au111,methane,r2scan,SPE,+0.248,-0.37,-0.618,Kestrel NSW=0 complex with converged relaxed slab and molecule references,/kfs3/scratch/jcho5/goad-global-optimization/poscar/best/C1/Au111_CH4/singlepoint/r2scan
Au111,methane,beef_vdw,relaxed,-0.214,-0.37,-0.156,"Shared stored references; converged components, matching functional/composition/full slab cell and stored core settings. Archived Kestrel records retain their source provenance. POTCAR variants allowed; no energy scaling or offsets. Slab: /kfs3/scratch/jcho5/goad-global-optimization/vasp_slab/Au111_n36/beef_vdw",
Au111,methane,beef_vdw,SPE,-0.486,-0.37,+0.121,Previously published single-point result,
Au111,methanol,pbe,relaxed,-0.06,-0.26,-0.20,"Previously published energy retained; current audit: Slab size mismatch. CH3OH_Au111: slab size mismatch: complex has 36 Au, reference has 64; complex: converged; slab: converged; molecule: converged",
Au111,methanol,pbe,SPE,+0.297,-0.26,-0.557,Kestrel NSW=0 complex with converged relaxed slab and molecule references,/kfs3/scratch/jcho5/goad-global-optimization/poscar/best/C1/Au111_methanol/singlepoint/PBE
Au111,methanol,pbe_d3,relaxed,-0.33,-0.26,+0.07,"Previously published energy retained; current audit: Slab size mismatch. CH3OH_Au111: slab size mismatch: complex has 36 Au, reference has 64; complex: converged; slab: converged; molecule: converged",
Au111,methanol,pbe_d3,SPE,+0.276,-0.26,-0.536,Kestrel NSW=0 complex with converged relaxed slab and molecule references,/kfs3/scratch/jcho5/goad-global-optimization/poscar/best/C1/Au111_methanol/singlepoint/PBE_D3
Au111,methanol,r2scan,relaxed,0.08,-0.26,-0.35,"Previously published energy retained; current audit: Slab size mismatch. CH3OH_Au111: slab size mismatch: complex has 36 Au, reference has 64; complex: unfinished; slab: converged; molecule: converged",
Au111,methanol,r2scan,SPE,+0.379,-0.26,-0.639,Kestrel NSW=0 complex with converged relaxed slab and molecule references,/kfs3/scratch/jcho5/goad-global-optimization/poscar/best/C1/Au111_methanol/singlepoint/r2scan
Au111,methanol,beef_vdw,relaxed,-0.306,-0.26,+0.046,"Shared stored references; converged components, matching functional/composition/full slab cell and stored core settings. Archived Kestrel records retain their source provenance. POTCAR variants allowed; no energy scaling or offsets. Slab: /kfs3/scratch/jcho5/goad-global-optimization/vasp_slab/Au111_n36/beef_vdw",
Au111,methanol,beef_vdw,SPE,-0.405,-0.26,+0.145,Previously published single-point result,
Au111,propane,pbe,relaxed,-0.03,-0.24,-0.22,Previously published energy retained; current audit: Not audited. No matching result in the current Perlmutter audit,
Au111,propane,pbe,SPE,+0.200,-0.24,-0.444,Previously published single-point result,
Au111,propane,pbe_d3,relaxed,-0.42,-0.24,+0.17,Previously published energy retained; current audit: Not audited. No matching result in the current Perlmutter audit,
Au111,propane,pbe_d3,SPE,+0.159,-0.24,-0.402,Previously published single-point result,
Au111,propane,r2scan,relaxed,-0.10,-0.24,-0.14,Previously published energy retained; current audit: Not audited. No matching result in the current Perlmutter audit,
Au111,propane,r2scan,SPE,+0.315,-0.24,-0.558,Previously published single-point result,
Au111,propane,beef_vdw,relaxed,—,-0.24,—,No previously published energy; current audit: Not audited. No matching result in the current Perlmutter audit,
Au111,propane,beef_vdw,SPE,-0.234,-0.24,-0.010,Previously published single-point result,
Au111,propanol,pbe,relaxed,-0.09,-0.32,-0.22,Previously published energy retained; current audit: Not audited. No matching result in the current Perlmutter audit,
Au111,propanol,pbe,SPE,+0.221,-0.32,-0.541,Kestrel NSW=0 complex with converged relaxed slab and molecule references,/kfs3/scratch/jcho5/goad-global-optimization/poscar/best/C3/Au111_propanol/singlepoint/PBE
Au111,propanol,pbe_d3,relaxed,-0.63,-0.32,+0.31,Previously published energy retained; current audit: Not audited. No matching result in the current Perlmutter audit,
Au111,propanol,pbe_d3,SPE,-0.025,-0.32,-0.295,Kestrel NSW=0 complex with converged relaxed slab and molecule references,/kfs3/scratch/jcho5/goad-global-optimization/poscar/best/C3/Au111_propanol/singlepoint/PBE_D3
Au111,propanol,r2scan,relaxed,-0.28,-0.32,-0.04,Previously published energy retained; current audit: Not audited. No matching result in the current Perlmutter audit,
Au111,propanol,r2scan,SPE,+0.260,-0.32,-0.580,Kestrel NSW=0 complex with converged relaxed slab and molecule references,/kfs3/scratch/jcho5/goad-global-optimization/poscar/best/C3/Au111_propanol/singlepoint/r2scan
Au111,propanol,beef_vdw,relaxed,—,-0.32,—,No previously published energy; current audit: Not audited. No matching result in the current Perlmutter audit,
Au111,propanol,beef_vdw,SPE,-0.698,-0.32,+0.378,Previously published single-point result,
Au111,propene,pbe,relaxed,-0.07,-0.20,-0.14,Previously published energy retained; current audit: Not audited. No matching result in the current Perlmutter audit,
Au111,propene,pbe,SPE,+0.311,-0.20,-0.515,Previously published single-point result,
Au111,propene,pbe_d3,relaxed,-0.62,-0.20,+0.42,Previously published energy retained; current audit: Not audited. No matching result in the current Perlmutter audit,
Au111,propene,pbe_d3,SPE,+0.300,-0.20,-0.504,Previously published single-point result,
Au111,propene,r2scan,relaxed,-0.21,-0.20,+0.00,Previously published energy retained; current audit: Not audited. No matching result in the current Perlmutter audit,
Au111,propene,r2scan,SPE,+0.448,-0.20,-0.652,Previously published single-point result,
Au111,propene,beef_vdw,relaxed,—,-0.20,—,No previously published energy; current audit: Not audited. No matching result in the current Perlmutter audit,
Au111,propene,beef_vdw,SPE,-0.096,-0.20,-0.109,Previously published single-point result,
Cu100,CH3,pbe,relaxed,-1.255,-1.95,-0.695,Screened Perlmutter result: CH3_Cu100,
Cu100,CH3,pbe,SPE,-1.249,-1.95,-0.701,Perlmutter NSW=0 original ML POSCAR with converged relaxed slab and molecule references,/pscratch/sd/j/jcho5/VASP/dft_jobs/CH3_Cu100/singlepoint/PBE
Cu100,CH3,pbe_d3,relaxed,-1.646,-1.95,-0.303,Screened Perlmutter result: CH3_Cu100,
Cu100,CH3,pbe_d3,SPE,-1.510,-1.95,-0.440,Perlmutter NSW=0 original ML POSCAR with converged relaxed slab and molecule references,/pscratch/sd/j/jcho5/VASP/dft_jobs/CH3_Cu100/singlepoint/PBE_D3
Cu100,CH3,r2scan,relaxed,—,-1.95,—,No previously published energy; current audit: Not converged. CH3_Cu100: See component convergence statuses; complex: unfinished; slab: converged; molecule: converged,
Cu100,CH3,r2scan,SPE,-0.998,-1.95,-0.952,Perlmutter NSW=0 original ML POSCAR with converged relaxed slab and molecule references,/pscratch/sd/j/jcho5/VASP/dft_jobs/CH3_Cu100/singlepoint/r2scan
Cu100,CH3,beef_vdw,relaxed,-1.274,-1.95,-0.676,Screened Perlmutter result: CH3_Cu100,
Cu100,CH3,beef_vdw,SPE,-1.231,-1.95,-0.719,Perlmutter NSW=0 original ML POSCAR with converged relaxed slab and molecule references,/pscratch/sd/j/jcho5/VASP/dft_jobs/CH3_Cu100/singlepoint/beef_vdw
Cu100,CO,pbe,relaxed,-0.781,-1.19,-0.414,Screened Perlmutter result: CO_Cu100,
Cu100,CO,pbe,SPE,-0.775,-1.19,-0.418,Previously published single-point result,
Cu100,CO,pbe_d3,relaxed,-1.027,-1.19,-0.167,Screened Perlmutter result: CO_Cu100,
Cu100,CO,pbe_d3,SPE,-0.912,-1.19,-0.280,Previously published single-point result,
Cu100,CO,r2scan,relaxed,-0.95,-1.19,-0.25,Previously published energy retained; current audit: Not converged. CO_Cu100: See component convergence statuses; complex: unfinished; slab: converged; molecule: converged,
Cu100,CO,r2scan,SPE,-0.643,-1.19,-0.549,Previously published single-point result,
Cu100,CO,beef_vdw,relaxed,-0.667,-1.19,-0.527,Screened Perlmutter result: CO_Cu100,
Cu100,CO,beef_vdw,SPE,queued,-1.19,—,,
Cu100,CO2,pbe,relaxed,-0.032,-0.36,-0.329,Screened Perlmutter result: CO2_Cu100,
Cu100,CO2,pbe,SPE,-0.019,-0.36,-0.341,Previously published single-point result,
Cu100,CO2,pbe_d3,relaxed,—,-0.36,—,No previously published energy; current audit: Not converged. CO2_Cu100: See component convergence statuses; complex: converged; slab: converged; molecule: electronic_unconverged,
Cu100,CO2,pbe_d3,SPE,queued,-0.36,—,,
Cu100,CO2,r2scan,relaxed,-0.06,-0.36,-0.30,Previously published energy retained; current audit: Not converged. CO2_Cu100: See component convergence statuses; complex: unfinished; slab: converged; molecule: converged,
Cu100,CO2,r2scan,SPE,+0.122,-0.36,-0.481,Previously published single-point result,
Cu100,CO2,beef_vdw,relaxed,-0.243,-0.36,-0.118,Screened Perlmutter result: CO2_Cu100,
Cu100,CO2,beef_vdw,SPE,queued,-0.36,—,,
Cu100,DME,pbe,relaxed,-4.76,-0.27,+4.48,Previously published energy retained; current audit: Not converged. CH3OCH3_Cu100: molecule: ZBRENT: fatal error in bracketing; complex: converged; slab: converged; molecule: unfinished,
Cu100,DME,pbe,SPE,-4.703,-0.27,+4.428,Previously published single-point result,
Cu100,DME,pbe_d3,relaxed,—,-0.27,—,No previously published energy; current audit: Not converged. CH3OCH3_Cu100: molecule: ZBRENT: fatal error in bracketing; complex: converged; slab: converged; molecule: unfinished,
Cu100,DME,pbe_d3,SPE,refs missing,-0.27,—,,
Cu100,DME,r2scan,relaxed,-0.23,-0.27,-0.05,Previously published energy retained; current audit: Not converged. CH3OCH3_Cu100: See component convergence statuses; complex: unfinished; slab: converged; molecule: converged,
Cu100,DME,r2scan,SPE,-0.219,-0.27,-0.055,Previously published single-point result,
Cu100,DME,beef_vdw,relaxed,-0.486,-0.27,+0.212,Screened Perlmutter result: CH3OCH3_Cu100,
Cu100,DME,beef_vdw,SPE,-0.415,-0.27,+0.145,Perlmutter NSW=0 original ML POSCAR with converged relaxed slab and molecule references,/pscratch/sd/j/jcho5/VASP/dft_jobs/CH3OCH3_Cu100/singlepoint/beef_vdw
Cu100,H2O,pbe,relaxed,-0.246,-0.57,-0.319,Screened Perlmutter result: H2O_Cu100,
Cu100,H2O,pbe,SPE,-0.227,-0.57,-0.338,Previously published single-point result,
Cu100,H2O,pbe_d3,relaxed,-0.476,-0.57,-0.089,Screened Perlmutter result: H2O_Cu100,
Cu100,H2O,pbe_d3,SPE,-0.395,-0.57,-0.170,Previously published single-point result,
Cu100,H2O,r2scan,relaxed,-0.36,-0.57,-0.20,Previously published energy retained; current audit: Not converged. H2O_Cu100: See component convergence statuses; complex: unfinished; slab: converged; molecule: converged,
Cu100,H2O,r2scan,SPE,-0.154,-0.57,-0.411,Previously published single-point result,
Cu100,H2O,beef_vdw,relaxed,-0.341,-0.57,-0.225,Screened Perlmutter result: H2O_Cu100,
Cu100,H2O,beef_vdw,SPE,queued,-0.57,—,,
Cu100,H2S,pbe,relaxed,-0.271,-0.47,-0.194,Screened Perlmutter result: H2S_Cu100,
Cu100,H2S,pbe,SPE,queued,-0.47,—,,
Cu100,H2S,pbe_d3,relaxed,-0.719,-0.47,+0.254,Screened Perlmutter result: H2S_Cu100,
Cu100,H2S,pbe_d3,SPE,queued,-0.47,—,,
Cu100,H2S,r2scan,relaxed,—,-0.47,—,No previously published energy; current audit: Not converged. H2S_Cu100: See component convergence statuses; complex: unfinished; slab: converged; molecule: converged,
Cu100,H2S,r2scan,SPE,queued,-0.47,—,,
Cu100,H2S,beef_vdw,relaxed,-0.416,-0.47,-0.049,Screened Perlmutter result: H2S_Cu100,
Cu100,H2S,beef_vdw,SPE,queued,-0.47,—,,
Cu100,N2,pbe,relaxed,-0.018,-0.07,-0.055,Screened Perlmutter result: N2_Cu100,
Cu100,N2,pbe,SPE,queued,-0.07,—,,
Cu100,N2,pbe_d3,relaxed,-0.099,-0.07,+0.027,Screened Perlmutter result: N2_Cu100,
Cu100,N2,pbe_d3,SPE,queued,-0.07,—,,
Cu100,N2,r2scan,relaxed,—,-0.07,—,No previously published energy; current audit: Not converged. N2_Cu100: See component convergence statuses; complex: unfinished; slab: converged; molecule: converged,
Cu100,N2,r2scan,SPE,queued,-0.07,—,,
Cu100,N2,beef_vdw,relaxed,-0.130,-0.07,+0.058,Screened Perlmutter result: N2_Cu100,
Cu100,N2,beef_vdw,SPE,queued,-0.07,—,,
Cu100,NH3,pbe,relaxed,-0.571,-0.90,-0.331,Screened Perlmutter result: NH3_Cu100,
Cu100,NH3,pbe,SPE,queued,-0.90,—,,
Cu100,NH3,pbe_d3,relaxed,-0.903,-0.90,+0.001,Screened Perlmutter result: NH3_Cu100,
Cu100,NH3,pbe_d3,SPE,queued,-0.90,—,,
Cu100,NH3,r2scan,relaxed,—,-0.90,—,No previously published energy; current audit: Not converged. NH3_Cu100: See component convergence statuses; complex: unfinished; slab: converged; molecule: converged,
Cu100,NH3,r2scan,SPE,queued,-0.90,—,,
Cu100,NH3,beef_vdw,relaxed,—,-0.90,—,No previously published energy; current audit: Not converged. NH3_Cu100: slab: ZBRENT: fatal error in bracketing; complex: unfinished; slab: unfinished; molecule: converged,
Cu100,NH3,beef_vdw,SPE,queued,-0.90,—,,
Cu100,NO,pbe,relaxed,-1.769,-1.48,+0.288,Screened Perlmutter result: NO_Cu100,
Cu100,NO,pbe,SPE,queued,-1.48,—,,
Cu100,NO,pbe_d3,relaxed,-1.988,-1.48,+0.507,Screened Perlmutter result: NO_Cu100,
Cu100,NO,pbe_d3,SPE,queued,-1.48,—,,
Cu100,NO,r2scan,relaxed,—,-1.48,—,No previously published energy; current audit: Not converged. NO_Cu100: See component convergence statuses; complex: unfinished; slab: converged; molecule: ionic_unconverged,
Cu100,NO,r2scan,SPE,queued,-1.48,—,,
Cu100,NO,beef_vdw,relaxed,—,-1.48,—,No previously published energy; current audit: Not converged. NO_Cu100: slab: ZBRENT: fatal error in bracketing; complex: converged; slab: unfinished; molecule: converged,
Cu100,NO,beef_vdw,SPE,queued,-1.48,—,,
Cu100,SO2,pbe,relaxed,-0.817,-1.09,-0.272,Screened Perlmutter result: SO2_Cu100,
Cu100,SO2,pbe,SPE,queued,-1.09,—,,
Cu100,SO2,pbe_d3,relaxed,-1.329,-1.09,+0.241,Screened Perlmutter result: SO2_Cu100,
Cu100,SO2,pbe_d3,SPE,queued,-1.09,—,,
Cu100,SO2,r2scan,relaxed,—,-1.09,—,No previously published energy; current audit: Not converged. SO2_Cu100: See component convergence statuses; complex: unfinished; slab: converged; molecule: converged,
Cu100,SO2,r2scan,SPE,queued,-1.09,—,,
Cu100,SO2,beef_vdw,relaxed,-0.968,-1.09,-0.121,Screened Perlmutter result: SO2_Cu100,
Cu100,SO2,beef_vdw,SPE,queued,-1.09,—,,
Cu100,acetaldehyde,pbe,relaxed,-0.209,-0.60,-0.394,Screened Perlmutter result: CH3CHO_Cu100,
Cu100,acetaldehyde,pbe,SPE,-0.173,-0.60,-0.429,Previously published single-point result,
Cu100,acetaldehyde,pbe_d3,relaxed,-0.487,-0.60,-0.115,Screened Perlmutter result: CH3CHO_Cu100,
Cu100,acetaldehyde,pbe_d3,SPE,-0.401,-0.60,-0.202,Previously published single-point result,
Cu100,acetaldehyde,r2scan,relaxed,-0.37,-0.60,-0.23,Previously published energy retained; current audit: Not converged. CH3CHO_Cu100: See component convergence statuses; complex: unfinished; slab: converged; molecule: converged,
Cu100,acetaldehyde,r2scan,SPE,-0.154,-0.60,-0.449,Previously published single-point result,
Cu100,acetaldehyde,beef_vdw,relaxed,—,-0.60,—,No previously published energy; current audit: Not converged. CH3CHO_Cu100: slab: ZBRENT: fatal error in bracketing; complex: unfinished; slab: unfinished; molecule: converged,
Cu100,acetaldehyde,beef_vdw,SPE,not converged,-0.60,—,,
Cu100,acetic_acid,pbe,relaxed,—,-0.75,—,No previously published energy; current audit: Not converged. CH3COOH_Cu100: molecule: ZBRENT: fatal error in bracketing; complex: converged; slab: converged; molecule: unfinished,
Cu100,acetic_acid,pbe,SPE,refs missing,-0.75,—,,
Cu100,acetic_acid,pbe_d3,relaxed,—,-0.75,—,No previously published energy; current audit: Not converged. CH3COOH_Cu100: molecule: ZBRENT: fatal error in bracketing; complex: converged; slab: converged; molecule: unfinished,
Cu100,acetic_acid,pbe_d3,SPE,-7.253,-0.75,+6.507,Previously published single-point result,
Cu100,acetic_acid,r2scan,relaxed,-0.47,-0.75,-0.28,Previously published energy retained; current audit: Not converged. CH3COOH_Cu100: See component convergence statuses; complex: unfinished; slab: converged; molecule: converged,
Cu100,acetic_acid,r2scan,SPE,-0.297,-0.75,-0.448,Previously published single-point result,
Cu100,acetic_acid,beef_vdw,relaxed,-0.546,-0.75,-0.200,Screened Perlmutter result: CH3COOH_Cu100,
Cu100,acetic_acid,beef_vdw,SPE,-0.463,-0.75,-0.287,Perlmutter NSW=0 original ML POSCAR with converged relaxed slab and molecule references,/pscratch/sd/j/jcho5/VASP/dft_jobs/CH3COOH_Cu100/singlepoint/beef_vdw
Cu100,ethane,pbe,relaxed,-0.014,-0.32,-0.301,Screened Perlmutter result: C2H6_Cu100,
Cu100,ethane,pbe,SPE,-0.001,-0.32,-0.314,Previously published single-point result,
Cu100,ethane,pbe_d3,relaxed,-0.367,-0.32,+0.051,Screened Perlmutter result: C2H6_Cu100,
Cu100,ethane,pbe_d3,SPE,-0.279,-0.32,-0.036,Previously published single-point result,
Cu100,ethane,r2scan,relaxed,0.00,-0.32,-0.32,Previously published energy retained; current audit: Not converged. C2H6_Cu100: See component convergence statuses; complex: unfinished; slab: converged; molecule: converged,
Cu100,ethane,r2scan,SPE,+0.131,-0.32,-0.445,Previously published single-point result,
Cu100,ethane,beef_vdw,relaxed,-0.274,-0.32,-0.041,Screened Perlmutter result: C2H6_Cu100,
Cu100,ethane,beef_vdw,SPE,-0.198,-0.32,-0.122,Perlmutter NSW=0 original ML POSCAR with converged relaxed slab and molecule references,/pscratch/sd/j/jcho5/VASP/dft_jobs/C2H6_Cu100/singlepoint/beef_vdw
Cu100,ethanol,pbe,relaxed,-0.237,-0.50,-0.266,Screened Perlmutter result: CH3CH2OH_Cu100,
Cu100,ethanol,pbe,SPE,-0.221,-0.50,-0.282,Previously published single-point result,
Cu100,ethanol,pbe_d3,relaxed,-0.728,-0.50,+0.225,Screened Perlmutter result: CH3CH2OH_Cu100,
Cu100,ethanol,pbe_d3,SPE,-0.604,-0.50,+0.101,Previously published single-point result,
Cu100,ethanol,r2scan,relaxed,-0.36,-0.50,-0.14,Previously published energy retained; current audit: Not converged. CH3CH2OH_Cu100: See component convergence statuses; complex: unfinished; slab: converged; molecule: converged,
Cu100,ethanol,r2scan,SPE,-0.209,-0.50,-0.294,Previously published single-point result,
Cu100,ethanol,beef_vdw,relaxed,-0.528,-0.50,+0.025,Screened Perlmutter result: CH3CH2OH_Cu100,
Cu100,ethanol,beef_vdw,SPE,-0.448,-0.50,-0.052,Perlmutter NSW=0 original ML POSCAR with converged relaxed slab and molecule references,/pscratch/sd/j/jcho5/VASP/dft_jobs/CH3CH2OH_Cu100/singlepoint/beef_vdw
Cu100,ethene,pbe,relaxed,-0.172,-0.47,-0.294,Screened Perlmutter result: C2H4_Cu100,
Cu100,ethene,pbe,SPE,+0.174,-0.47,-0.406,Previously published single-point result,
Cu100,ethene,pbe_d3,relaxed,-0.736,-0.47,+0.269,Screened Perlmutter result: C2H4_Cu100,
Cu100,ethene,pbe_d3,SPE,-0.405,-0.47,+0.173,Previously published single-point result,
Cu100,ethene,r2scan,relaxed,-0.43,-0.47,-0.04,Previously published energy retained; current audit: Not converged. C2H4_Cu100: See component convergence statuses; complex: unfinished; slab: converged; molecule: converged,
Cu100,ethene,r2scan,SPE,-0.001,-0.47,-0.230,Previously published single-point result,
Cu100,ethene,beef_vdw,relaxed,-0.360,-0.47,-0.107,Screened Perlmutter result: C2H4_Cu100,
Cu100,ethene,beef_vdw,SPE,-0.158,-0.47,-0.312,Perlmutter NSW=0 original ML POSCAR with converged relaxed slab and molecule references,/pscratch/sd/j/jcho5/VASP/dft_jobs/C2H4_Cu100/singlepoint/beef_vdw
Cu100,formaldehyde,pbe,relaxed,-0.168,-0.44,-0.275,Screened Perlmutter result: H2CO_Cu100,
Cu100,formaldehyde,pbe,SPE,queued,-0.44,—,,
Cu100,formaldehyde,pbe_d3,relaxed,-0.434,-0.44,-0.008,Screened Perlmutter result: H2CO_Cu100,
Cu100,formaldehyde,pbe_d3,SPE,queued,-0.44,—,,
Cu100,formaldehyde,r2scan,relaxed,—,-0.44,—,No previously published energy; current audit: Not converged. H2CO_Cu100: See component convergence statuses; complex: unfinished; slab: converged; molecule: converged,
Cu100,formaldehyde,r2scan,SPE,queued,-0.44,—,,
Cu100,formaldehyde,beef_vdw,relaxed,-0.349,-0.44,-0.094,Screened Perlmutter result: H2CO_Cu100,
Cu100,formaldehyde,beef_vdw,SPE,queued,-0.44,—,,
Cu100,formic_acid,pbe,relaxed,-0.275,-0.53,-0.255,Screened Perlmutter result: HCOOH_Cu100,
Cu100,formic_acid,pbe,SPE,-0.250,-0.53,-0.278,Previously published single-point result,
Cu100,formic_acid,pbe_d3,relaxed,-0.623,-0.53,+0.092,Screened Perlmutter result: HCOOH_Cu100,
Cu100,formic_acid,pbe_d3,SPE,-0.506,-0.53,-0.023,Previously published single-point result,
Cu100,formic_acid,r2scan,relaxed,-0.48,-0.53,-0.05,Previously published energy retained; current audit: Not converged. HCOOH_Cu100: See component convergence statuses; complex: unfinished; slab: converged; molecule: converged,
Cu100,formic_acid,r2scan,SPE,-0.206,-0.53,-0.322,Previously published single-point result,
Cu100,formic_acid,beef_vdw,relaxed,-0.460,-0.53,-0.071,Screened Perlmutter result: HCOOH_Cu100,
Cu100,formic_acid,beef_vdw,SPE,queued,-0.53,—,,
Cu100,methane,pbe,relaxed,-0.016,-0.42,-0.409,Screened Perlmutter result: CH4_Cu100,
Cu100,methane,pbe,SPE,-0.002,-0.42,-0.418,Perlmutter NSW=0 original ML POSCAR with converged relaxed slab and molecule references,/pscratch/sd/j/jcho5/VASP/dft_jobs/CH4_Cu100/singlepoint/PBE
Cu100,methane,pbe_d3,relaxed,-0.210,-0.42,-0.215,Screened Perlmutter result: CH4_Cu100,
Cu100,methane,pbe_d3,SPE,-0.163,-0.42,-0.257,Perlmutter NSW=0 original ML POSCAR with converged relaxed slab and molecule references,/pscratch/sd/j/jcho5/VASP/dft_jobs/CH4_Cu100/singlepoint/PBE_D3
Cu100,methane,r2scan,relaxed,-0.033,-0.42,-0.391,Screened Perlmutter result: CH4_Cu100,
Cu100,methane,r2scan,SPE,+0.147,-0.42,-0.567,Perlmutter NSW=0 original ML POSCAR with converged relaxed slab and molecule references,/pscratch/sd/j/jcho5/VASP/dft_jobs/CH4_Cu100/singlepoint/r2scan
Cu100,methane,beef_vdw,relaxed,-0.192,-0.42,-0.232,Screened Perlmutter result: CH4_Cu100,
Cu100,methane,beef_vdw,SPE,-0.118,-0.42,-0.302,Perlmutter NSW=0 original ML POSCAR with converged relaxed slab and molecule references,/pscratch/sd/j/jcho5/VASP/dft_jobs/CH4_Cu100/singlepoint/beef_vdw
Cu100,methanol,pbe,relaxed,-0.247,-0.47,-0.226,Screened Perlmutter result: CH3OH_Cu100,
Cu100,methanol,pbe,SPE,-0.230,-0.47,-0.243,Previously published single-point result,
Cu100,methanol,pbe_d3,relaxed,-0.591,-0.47,+0.117,Screened Perlmutter result: CH3OH_Cu100,
Cu100,methanol,pbe_d3,SPE,-0.479,-0.47,+0.006,Previously published single-point result,
Cu100,methanol,r2scan,relaxed,-0.32,-0.47,-0.15,Previously published energy retained; current audit: Not converged. CH3OH_Cu100: See component convergence statuses; complex: unfinished; slab: converged; molecule: converged,
Cu100,methanol,r2scan,SPE,-0.191,-0.47,-0.282,Previously published single-point result,
Cu100,methanol,beef_vdw,relaxed,-0.458,-0.47,-0.015,Screened Perlmutter result: CH3OH_Cu100,
Cu100,methanol,beef_vdw,SPE,-0.377,-0.47,-0.093,Perlmutter NSW=0 original ML POSCAR with converged relaxed slab and molecule references,/pscratch/sd/j/jcho5/VASP/dft_jobs/CH3OH_Cu100/singlepoint/beef_vdw
Cu110,CH3,pbe,relaxed,-1.216,-2.27,-1.051,Screened Perlmutter result: CH3_Cu110,
Cu110,CH3,pbe,SPE,-1.208,-2.27,-1.062,Perlmutter NSW=0 original ML POSCAR with converged relaxed slab and molecule references,/pscratch/sd/j/jcho5/VASP/dft_jobs/CH3_Cu110/singlepoint/PBE
Cu110,CH3,pbe_d3,relaxed,-1.568,-2.27,-0.700,Screened Perlmutter result: CH3_Cu110,
Cu110,CH3,pbe_d3,SPE,-1.563,-2.27,-0.707,Perlmutter NSW=0 original ML POSCAR with converged relaxed slab and molecule references,/pscratch/sd/j/jcho5/VASP/dft_jobs/CH3_Cu110/singlepoint/PBE_D3
Cu110,CH3,r2scan,relaxed,-1.342,-2.27,-0.925,Screened Perlmutter result: CH3_Cu110,
Cu110,CH3,r2scan,SPE,-1.276,-2.27,-0.994,Perlmutter NSW=0 original ML POSCAR with converged relaxed slab and molecule references,/pscratch/sd/j/jcho5/VASP/dft_jobs/CH3_Cu110/singlepoint/r2scan
Cu110,CH3,beef_vdw,relaxed,-32.380,-2.27,+30.112,Converged Perlmutter result; ENERGY REVIEW: |E_ads| > 5 eV; excluded from figure statistics. CH3_Cu110,
Cu110,CH3,beef_vdw,SPE,-32.341,-2.27,+30.071,Perlmutter converged NSW=0 result; ENERGY REVIEW: |E_ads| > 5 eV; excluded from figure statistics,/pscratch/sd/j/jcho5/VASP/dft_jobs/CH3_Cu110/singlepoint/beef_vdw
Cu110,CO,pbe,relaxed,-0.485,-1.35,-0.864,Screened Perlmutter result: CO_Cu110,
Cu110,CO,pbe,SPE,-0.475,-1.35,-0.875,Kestrel NSW=0 complex with converged relaxed slab and molecule references,/kfs3/scratch/jcho5/goad-global-optimization/poscar/best/C1/Cu110_CO/singlepoint/PBE
Cu110,CO,pbe_d3,relaxed,-0.710,-1.35,-0.639,Screened Perlmutter result: CO_Cu110,
Cu110,CO,pbe_d3,SPE,-0.703,-1.35,-0.647,Kestrel NSW=0 complex with converged relaxed slab and molecule references,/kfs3/scratch/jcho5/goad-global-optimization/poscar/best/C1/Cu110_CO/singlepoint/PBE_D3
Cu110,CO,r2scan,relaxed,-0.674,-1.35,-0.675,Screened Perlmutter result: CO_Cu110,
Cu110,CO,r2scan,SPE,-0.603,-1.35,-0.747,Kestrel NSW=0 complex with converged relaxed slab and molecule references,/kfs3/scratch/jcho5/goad-global-optimization/poscar/best/C1/Cu110_CO/singlepoint/r2scan
Cu110,CO,beef_vdw,relaxed,—,-1.35,—,No previously published energy; current audit: Not converged. CO_Cu110: complex: ZBRENT: fatal error in bracketing; complex: unfinished; slab: converged; molecule: converged,
Cu110,CO,beef_vdw,SPE,-1.332,-1.35,-0.018,Previously published single-point result,
Cu110,CO2,pbe,relaxed,0.462,-0.41,-0.869,Screened Perlmutter result: CO2_Cu110,
Cu110,CO2,pbe,SPE,+0.467,-0.41,-0.877,Kestrel NSW=0 complex with converged relaxed slab and molecule references,/kfs3/scratch/jcho5/goad-global-optimization/poscar/best/C1/Cu110_CO2/singlepoint/PBE
Cu110,CO2,pbe_d3,relaxed,—,-0.41,—,No previously published energy; current audit: Not converged. CO2_Cu110: See component convergence statuses; complex: converged; slab: converged; molecule: electronic_unconverged,
Cu110,CO2,pbe_d3,SPE,queued,-0.41,—,,
Cu110,CO2,r2scan,relaxed,0.33,-0.41,-0.74,Previously published energy retained; current audit: Not converged. CO2_Cu110: See component convergence statuses; complex: unfinished; slab: converged; molecule: converged,
Cu110,CO2,r2scan,SPE,+0.415,-0.41,-0.825,Kestrel NSW=0 complex with converged relaxed slab and molecule references,/kfs3/scratch/jcho5/goad-global-optimization/poscar/best/C1/Cu110_CO2/singlepoint/r2scan
Cu110,CO2,beef_vdw,relaxed,-30.948,-0.41,+30.540,Converged Perlmutter result; ENERGY REVIEW: |E_ads| > 5 eV; excluded from figure statistics. CO2_Cu110,
Cu110,CO2,beef_vdw,SPE,-0.727,-0.41,+0.320,Previously published single-point result,
Cu110,DME,pbe,relaxed,-4.34,-0.34,+3.99,Previously published energy retained; current audit: Not converged. CH3OCH3_Cu110: molecule: ZBRENT: fatal error in bracketing; complex: converged; slab: converged; molecule: unfinished,
Cu110,DME,pbe,SPE,refs missing,-0.34,—,,
Cu110,DME,pbe_d3,relaxed,—,-0.34,—,No previously published energy; current audit: Not converged. CH3OCH3_Cu110: molecule: ZBRENT: fatal error in bracketing; complex: converged; slab: converged; molecule: unfinished,
Cu110,DME,pbe_d3,SPE,refs missing,-0.34,—,,
Cu110,DME,r2scan,relaxed,-0.028,-0.34,-0.315,Screened Perlmutter result: CH3OCH3_Cu110,
Cu110,DME,r2scan,SPE,+0.193,-0.34,-0.533,Kestrel NSW=0 complex with converged relaxed slab and molecule references,/kfs3/scratch/jcho5/goad-global-optimization/poscar/best/C2/Cu110_DME/singlepoint/r2scan
Cu110,DME,beef_vdw,relaxed,-31.289,-0.34,+30.945,Converged Perlmutter result; ENERGY REVIEW: |E_ads| > 5 eV; excluded from figure statistics. CH3OCH3_Cu110,
Cu110,DME,beef_vdw,SPE,-0.747,-0.34,+0.403,Previously published single-point result,
Cu110,H2O,pbe,relaxed,0.161,-0.71,-0.868,Screened Perlmutter result: H2O_Cu110,
Cu110,H2O,pbe,SPE,+0.179,-0.71,-0.889,Kestrel NSW=0 complex with converged relaxed slab and molecule references,/kfs3/scratch/jcho5/goad-global-optimization/poscar/best/C0/Cu110_H2O/singlepoint/PBE
Cu110,H2O,pbe_d3,relaxed,-0.102,-0.71,-0.605,Screened Perlmutter result: H2O_Cu110,
Cu110,H2O,pbe_d3,SPE,-0.050,-0.71,-0.660,Kestrel NSW=0 complex with converged relaxed slab and molecule references,/kfs3/scratch/jcho5/goad-global-optimization/poscar/best/C0/Cu110_H2O/singlepoint/PBE_D3
Cu110,H2O,r2scan,relaxed,-0.047,-0.71,-0.660,Screened Perlmutter result: H2O_Cu110,
Cu110,H2O,r2scan,SPE,+0.017,-0.71,-0.727,Kestrel NSW=0 complex with converged relaxed slab and molecule references,/kfs3/scratch/jcho5/goad-global-optimization/poscar/best/C0/Cu110_H2O/singlepoint/r2scan
Cu110,H2O,beef_vdw,relaxed,—,-0.71,—,No previously published energy; current audit: Not converged. H2O_Cu110: complex: ZBRENT: fatal error in bracketing; complex: unfinished; slab: converged; molecule: converged,
Cu110,H2O,beef_vdw,SPE,-0.866,-0.71,+0.159,Previously published single-point result,
Cu110,H2S,pbe,relaxed,0.102,-0.61,-0.716,Screened Perlmutter result: H2S_Cu110,
Cu110,H2S,pbe,SPE,queued,-0.61,—,,
Cu110,H2S,pbe_d3,relaxed,-0.361,-0.61,-0.254,Screened Perlmutter result: H2S_Cu110,
Cu110,H2S,pbe_d3,SPE,queued,-0.61,—,,
Cu110,H2S,r2scan,relaxed,-0.101,-0.61,-0.513,Screened Perlmutter result: H2S_Cu110,
Cu110,H2S,r2scan,SPE,queued,-0.61,—,,
Cu110,H2S,beef_vdw,relaxed,-31.212,-0.61,+30.598,Converged Perlmutter result; ENERGY REVIEW: |E_ads| > 5 eV; excluded from figure statistics. H2S_Cu110,
Cu110,H2S,beef_vdw,SPE,queued,-0.61,—,,
Cu110,N2,pbe,relaxed,0.355,-0.25,-0.605,Screened Perlmutter result: N2_Cu110,
Cu110,N2,pbe,SPE,queued,-0.25,—,,
Cu110,N2,pbe_d3,relaxed,0.117,-0.25,-0.367,Screened Perlmutter result: N2_Cu110,
Cu110,N2,pbe_d3,SPE,queued,-0.25,—,,
Cu110,N2,r2scan,relaxed,0.181,-0.25,-0.431,Screened Perlmutter result: N2_Cu110,
Cu110,N2,r2scan,SPE,queued,-0.25,—,,
Cu110,N2,beef_vdw,relaxed,-30.865,-0.25,+30.615,Converged Perlmutter result; ENERGY REVIEW: |E_ads| > 5 eV; excluded from figure statistics. N2_Cu110,
Cu110,N2,beef_vdw,SPE,queued,-0.25,—,,
Cu110,NH3,pbe,relaxed,-0.148,-1.05,-0.902,Screened Perlmutter result: NH3_Cu110,
Cu110,NH3,pbe,SPE,queued,-1.05,—,,
Cu110,NH3,pbe_d3,relaxed,-0.480,-1.05,-0.571,Screened Perlmutter result: NH3_Cu110,
Cu110,NH3,pbe_d3,SPE,queued,-1.05,—,,
Cu110,NH3,r2scan,relaxed,-0.360,-1.05,-0.691,Screened Perlmutter result: NH3_Cu110,
Cu110,NH3,r2scan,SPE,queued,-1.05,—,,
Cu110,NH3,beef_vdw,relaxed,-31.414,-1.05,+30.363,Converged Perlmutter result; ENERGY REVIEW: |E_ads| > 5 eV; excluded from figure statistics. NH3_Cu110,
Cu110,NH3,beef_vdw,SPE,queued,-1.05,—,,
Cu110,NO,pbe,relaxed,-1.022,-1.57,-0.544,Screened Perlmutter result: NO_Cu110,
Cu110,NO,pbe,SPE,queued,-1.57,—,,
Cu110,NO,pbe_d3,relaxed,-1.240,-1.57,-0.326,Screened Perlmutter result: NO_Cu110,
Cu110,NO,pbe_d3,SPE,queued,-1.57,—,,
Cu110,NO,r2scan,relaxed,—,-1.57,—,No previously published energy; current audit: Not converged. NO_Cu110: See component convergence statuses; complex: converged; slab: converged; molecule: ionic_unconverged,
Cu110,NO,r2scan,SPE,queued,-1.57,—,,
Cu110,NO,beef_vdw,relaxed,-38.768,-1.57,+37.202,Converged Perlmutter result; ENERGY REVIEW: |E_ads| > 5 eV; excluded from figure statistics. NO_Cu110,
Cu110,NO,beef_vdw,SPE,queued,-1.57,—,,
Cu110,SO2,pbe,relaxed,-0.657,-1.33,-0.673,Screened Perlmutter result: SO2_Cu110,
Cu110,SO2,pbe,SPE,queued,-1.33,—,,
Cu110,SO2,pbe_d3,relaxed,-1.183,-1.33,-0.147,Screened Perlmutter result: SO2_Cu110,
Cu110,SO2,pbe_d3,SPE,queued,-1.33,—,,
Cu110,SO2,r2scan,relaxed,-1.426,-1.33,+0.097,Screened Perlmutter result: SO2_Cu110,
Cu110,SO2,r2scan,SPE,queued,-1.33,—,,
Cu110,SO2,beef_vdw,relaxed,-31.981,-1.33,+30.651,Converged Perlmutter result; ENERGY REVIEW: |E_ads| > 5 eV; excluded from figure statistics. SO2_Cu110,
Cu110,SO2,beef_vdw,SPE,queued,-1.33,—,,
Cu110,acetaldehyde,pbe,relaxed,0.240,-0.75,-0.990,Screened Perlmutter result: CH3CHO_Cu110,
Cu110,acetaldehyde,pbe,SPE,+0.265,-0.75,-1.015,Kestrel NSW=0 complex with converged relaxed slab and molecule references,/kfs3/scratch/jcho5/goad-global-optimization/poscar/best/C2/Cu110_acetaldehyde/singlepoint/PBE
Cu110,acetaldehyde,pbe_d3,relaxed,-0.078,-0.75,-0.672,Screened Perlmutter result: CH3CHO_Cu110,
Cu110,acetaldehyde,pbe_d3,SPE,-0.055,-0.75,-0.695,Kestrel NSW=0 complex with converged relaxed slab and molecule references,/kfs3/scratch/jcho5/goad-global-optimization/poscar/best/C2/Cu110_acetaldehyde/singlepoint/PBE_D3
Cu110,acetaldehyde,r2scan,relaxed,-0.010,-0.75,-0.740,Screened Perlmutter result: CH3CHO_Cu110,
Cu110,acetaldehyde,r2scan,SPE,+0.067,-0.75,-0.817,Kestrel NSW=0 complex with converged relaxed slab and molecule references,/kfs3/scratch/jcho5/goad-global-optimization/poscar/best/C2/Cu110_acetaldehyde/singlepoint/r2scan
Cu110,acetaldehyde,beef_vdw,relaxed,-31.177,-0.75,+30.427,Converged Perlmutter result; ENERGY REVIEW: |E_ads| > 5 eV; excluded from figure statistics. CH3CHO_Cu110,
Cu110,acetaldehyde,beef_vdw,SPE,-0.918,-0.75,+0.168,Previously published single-point result,
Cu110,acetic_acid,pbe,relaxed,—,-0.86,—,No previously published energy; current audit: Not converged. CH3COOH_Cu110: molecule: ZBRENT: fatal error in bracketing; complex: converged; slab: converged; molecule: unfinished,
Cu110,acetic_acid,pbe,SPE,refs missing,-0.86,—,,
Cu110,acetic_acid,pbe_d3,relaxed,—,-0.86,—,No previously published energy; current audit: Not converged. CH3COOH_Cu110: molecule: ZBRENT: fatal error in bracketing; complex: converged; slab: converged; molecule: unfinished,
Cu110,acetic_acid,pbe_d3,SPE,refs missing,-0.86,—,,
Cu110,acetic_acid,r2scan,relaxed,-0.224,-0.86,-0.635,Screened Perlmutter result: CH3COOH_Cu110,
Cu110,acetic_acid,r2scan,SPE,-0.152,-0.86,-0.708,Kestrel NSW=0 complex with converged relaxed slab and molecule references,/kfs3/scratch/jcho5/goad-global-optimization/poscar/best/C2/Cu110_acetic_acid/singlepoint/r2scan
Cu110,acetic_acid,beef_vdw,relaxed,-31.369,-0.86,+30.509,Converged Perlmutter result; ENERGY REVIEW: |E_ads| > 5 eV; excluded from figure statistics. CH3COOH_Cu110,
Cu110,acetic_acid,beef_vdw,SPE,-1.132,-0.86,+0.272,Previously published single-point result,
Cu110,ethane,pbe,relaxed,0.477,-0.43,-0.903,Screened Perlmutter result: C2H6_Cu110,
Cu110,ethane,pbe,SPE,+0.483,-0.43,-0.913,Kestrel NSW=0 complex with converged relaxed slab and molecule references,/kfs3/scratch/jcho5/goad-global-optimization/poscar/best/C2/Cu110_ethane/singlepoint/PBE
Cu110,ethane,pbe_d3,relaxed,0.225,-0.43,-0.651,Screened Perlmutter result: C2H6_Cu110,
Cu110,ethane,pbe_d3,SPE,+0.227,-0.43,-0.657,Kestrel NSW=0 complex with converged relaxed slab and molecule references,/kfs3/scratch/jcho5/goad-global-optimization/poscar/best/C2/Cu110_ethane/singlepoint/PBE_D3
Cu110,ethane,r2scan,relaxed,0.386,-0.43,-0.812,Screened Perlmutter result: C2H6_Cu110,
Cu110,ethane,r2scan,SPE,+0.442,-0.43,-0.872,Kestrel NSW=0 complex with converged relaxed slab and molecule references,/kfs3/scratch/jcho5/goad-global-optimization/poscar/best/C2/Cu110_ethane/singlepoint/r2scan
Cu110,ethane,beef_vdw,relaxed,-30.961,-0.43,+30.535,Converged Perlmutter result; ENERGY REVIEW: |E_ads| > 5 eV; excluded from figure statistics. C2H6_Cu110,
Cu110,ethane,beef_vdw,SPE,-0.738,-0.43,+0.312,Previously published single-point result,
Cu110,ethene,pbe,relaxed,0.033,-0.81,-0.840,Screened Perlmutter result: C2H4_Cu110,
Cu110,ethene,pbe,SPE,-0.187,-0.81,-0.618,Previously published single-point result,
Cu110,ethene,pbe_d3,relaxed,-0.519,-0.81,-0.289,Screened Perlmutter result: C2H4_Cu110,
Cu110,ethene,pbe_d3,SPE,-0.718,-0.81,-0.087,Previously published single-point result,
Cu110,ethene,r2scan,relaxed,-0.299,-0.81,-0.508,Screened Perlmutter result: C2H4_Cu110,
Cu110,ethene,r2scan,SPE,-0.431,-0.81,-0.374,Previously published single-point result,
Cu110,ethene,beef_vdw,relaxed,-31.315,-0.81,+30.508,Converged Perlmutter result; ENERGY REVIEW: |E_ads| > 5 eV; excluded from figure statistics. C2H4_Cu110,
Cu110,ethene,beef_vdw,SPE,-0.129,-0.81,-0.677,Previously published single-point result,
Cu110,formaldehyde,pbe,relaxed,0.248,-0.62,-0.872,Screened Perlmutter result: H2CO_Cu110,
Cu110,formaldehyde,pbe,SPE,queued,-0.62,—,,
Cu110,formaldehyde,pbe_d3,relaxed,-0.074,-0.62,-0.550,Screened Perlmutter result: H2CO_Cu110,
Cu110,formaldehyde,pbe_d3,SPE,queued,-0.62,—,,
Cu110,formaldehyde,r2scan,relaxed,0.022,-0.62,-0.646,Screened Perlmutter result: H2CO_Cu110,
Cu110,formaldehyde,r2scan,SPE,queued,-0.62,—,,
Cu110,formaldehyde,beef_vdw,relaxed,-31.095,-0.62,+30.471,Converged Perlmutter result; ENERGY REVIEW: |E_ads| > 5 eV; excluded from figure statistics. H2CO_Cu110,
Cu110,formaldehyde,beef_vdw,SPE,queued,-0.62,—,,
Cu110,formic_acid,pbe,relaxed,0.090,-0.69,-0.777,Screened Perlmutter result: HCOOH_Cu110,
Cu110,formic_acid,pbe,SPE,+0.112,-0.69,-0.802,Kestrel NSW=0 complex with converged relaxed slab and molecule references,/kfs3/scratch/jcho5/goad-global-optimization/poscar/best/C1/Cu110_formic_acid/singlepoint/PBE
Cu110,formic_acid,pbe_d3,relaxed,-0.306,-0.69,-0.381,Screened Perlmutter result: HCOOH_Cu110,
Cu110,formic_acid,pbe_d3,SPE,-0.279,-0.69,-0.411,Kestrel NSW=0 complex with converged relaxed slab and molecule references,/kfs3/scratch/jcho5/goad-global-optimization/poscar/best/C1/Cu110_formic_acid/singlepoint/PBE_D3
Cu110,formic_acid,r2scan,relaxed,-0.190,-0.69,-0.497,Screened Perlmutter result: HCOOH_Cu110,
Cu110,formic_acid,r2scan,SPE,-0.111,-0.69,-0.579,Kestrel NSW=0 complex with converged relaxed slab and molecule references,/kfs3/scratch/jcho5/goad-global-optimization/poscar/best/C1/Cu110_formic_acid/singlepoint/r2scan
Cu110,formic_acid,beef_vdw,relaxed,-31.274,-0.69,+30.587,Converged Perlmutter result; ENERGY REVIEW: |E_ads| > 5 eV; excluded from figure statistics. HCOOH_Cu110,
Cu110,formic_acid,beef_vdw,SPE,-1.025,-0.69,+0.338,Previously published single-point result,
Cu110,glycerol,pbe,relaxed,—,-1.07,—,No previously published energy; current audit: Not audited. No matching result in the current Perlmutter audit,
Cu110,glycerol,pbe,SPE,+0.214,-1.07,-1.284,Kestrel NSW=0 complex with converged relaxed slab and molecule references,/kfs3/scratch/jcho5/goad-global-optimization/poscar/best/C3/Cu110_glycerol/singlepoint/PBE
Cu110,glycerol,pbe_d3,relaxed,-0.14,-1.07,-0.93,Previously published energy retained; current audit: Not audited. No matching result in the current Perlmutter audit,
Cu110,glycerol,pbe_d3,SPE,-0.798,-1.07,-0.272,Kestrel NSW=0 complex with converged relaxed slab and molecule references,/kfs3/scratch/jcho5/goad-global-optimization/poscar/best/C3/Cu110_glycerol/singlepoint/PBE_D3
Cu110,glycerol,r2scan,relaxed,0.13,-1.07,-1.19,Previously published energy retained; current audit: Not audited. No matching result in the current Perlmutter audit,
Cu110,glycerol,r2scan,SPE,-0.291,-1.07,-0.779,Kestrel NSW=0 complex with converged relaxed slab and molecule references,/kfs3/scratch/jcho5/goad-global-optimization/poscar/best/C3/Cu110_glycerol/singlepoint/r2scan
Cu110,glycerol,beef_vdw,relaxed,—,-1.07,—,No previously published energy; current audit: Not audited. No matching result in the current Perlmutter audit,
Cu110,glycerol,beef_vdw,SPE,-1.245,-1.07,+0.177,Previously published single-point result,
Cu110,isopropanol,pbe,relaxed,—,-0.72,—,No previously published energy; current audit: Not audited. No matching result in the current Perlmutter audit,
Cu110,isopropanol,pbe,SPE,-0.365,-0.72,-0.359,Previously published single-point result,
Cu110,isopropanol,pbe_d3,relaxed,0.48,-0.72,-1.20,Previously published energy retained; current audit: Not audited. No matching result in the current Perlmutter audit,
Cu110,isopropanol,pbe_d3,SPE,-0.875,-0.72,+0.151,Previously published single-point result,
Cu110,isopropanol,r2scan,relaxed,—,-0.72,—,No previously published energy; current audit: Not audited. No matching result in the current Perlmutter audit,
Cu110,isopropanol,r2scan,SPE,-0.395,-0.72,-0.329,Previously published single-point result,
Cu110,isopropanol,beef_vdw,relaxed,—,-0.72,—,No previously published energy; current audit: Not audited. No matching result in the current Perlmutter audit,
Cu110,isopropanol,beef_vdw,SPE,-0.661,-0.72,-0.063,Previously published single-point result,
Cu110,methane,pbe,relaxed,0.495,-0.50,-0.992,Screened Perlmutter result: CH4_Cu110,
Cu110,methane,pbe,SPE,+0.500,-0.50,-1.000,Perlmutter NSW=0 original ML POSCAR with converged relaxed slab and molecule references,/pscratch/sd/j/jcho5/VASP/dft_jobs/CH4_Cu110/singlepoint/PBE
Cu110,methane,pbe_d3,relaxed,0.297,-0.50,-0.795,Screened Perlmutter result: CH4_Cu110,
Cu110,methane,pbe_d3,SPE,+0.299,-0.50,-0.799,Perlmutter NSW=0 original ML POSCAR with converged relaxed slab and molecule references,/pscratch/sd/j/jcho5/VASP/dft_jobs/CH4_Cu110/singlepoint/PBE_D3
Cu110,methane,r2scan,relaxed,0.405,-0.50,-0.903,Screened Perlmutter result: CH4_Cu110,
Cu110,methane,r2scan,SPE,+0.459,-0.50,-0.959,Perlmutter NSW=0 original ML POSCAR with converged relaxed slab and molecule references,/pscratch/sd/j/jcho5/VASP/dft_jobs/CH4_Cu110/singlepoint/r2scan
Cu110,methane,beef_vdw,relaxed,-30.862,-0.50,+30.364,Converged Perlmutter result; ENERGY REVIEW: |E_ads| > 5 eV; excluded from figure statistics. CH4_Cu110,
Cu110,methane,beef_vdw,SPE,-30.826,-0.50,+30.326,Perlmutter converged NSW=0 result; ENERGY REVIEW: |E_ads| > 5 eV; excluded from figure statistics,/pscratch/sd/j/jcho5/VASP/dft_jobs/CH4_Cu110/singlepoint/beef_vdw
Cu110,methanol,pbe,relaxed,0.138,-0.59,-0.730,Screened Perlmutter result: CH3OH_Cu110,
Cu110,methanol,pbe,SPE,+0.213,-0.59,-0.803,Kestrel NSW=0 complex with converged relaxed slab and molecule references,/kfs3/scratch/jcho5/goad-global-optimization/poscar/best/C1/Cu110_methanol/singlepoint/PBE
Cu110,methanol,pbe_d3,relaxed,-0.232,-0.59,-0.361,Screened Perlmutter result: CH3OH_Cu110,
Cu110,methanol,pbe_d3,SPE,-0.231,-0.59,-0.359,Kestrel NSW=0 complex with converged relaxed slab and molecule references,/kfs3/scratch/jcho5/goad-global-optimization/poscar/best/C1/Cu110_methanol/singlepoint/PBE_D3
Cu110,methanol,r2scan,relaxed,-0.15,-0.59,-0.45,Previously published energy retained; current audit: Not converged. CH3OH_Cu110: See component convergence statuses; complex: unfinished; slab: converged; molecule: converged,
Cu110,methanol,r2scan,SPE,-0.056,-0.59,-0.534,Kestrel NSW=0 complex with converged relaxed slab and molecule references,/kfs3/scratch/jcho5/goad-global-optimization/poscar/best/C1/Cu110_methanol/singlepoint/r2scan
Cu110,methanol,beef_vdw,relaxed,-31.259,-0.59,+30.666,Converged Perlmutter result; ENERGY REVIEW: |E_ads| > 5 eV; excluded from figure statistics. CH3OH_Cu110,
Cu110,methanol,beef_vdw,SPE,-0.925,-0.59,+0.332,Previously published single-point result,
Cu110,propanol,pbe,relaxed,—,-0.69,—,No previously published energy; current audit: Not audited. No matching result in the current Perlmutter audit,
Cu110,propanol,pbe,SPE,-0.117,-0.69,-0.569,Previously published single-point result,
Cu110,propanol,pbe_d3,relaxed,0.49,-0.69,-1.18,Previously published energy retained; current audit: Not audited. No matching result in the current Perlmutter audit,
Cu110,propanol,pbe_d3,SPE,-0.837,-0.69,+0.151,Previously published single-point result,
Cu110,propanol,r2scan,relaxed,—,-0.69,—,No previously published energy; current audit: Not audited. No matching result in the current Perlmutter audit,
Cu110,propanol,r2scan,SPE,-0.384,-0.69,-0.303,Previously published single-point result,
Cu110,propanol,beef_vdw,relaxed,—,-0.69,—,No previously published energy; current audit: Not audited. No matching result in the current Perlmutter audit,
Cu110,propanol,beef_vdw,SPE,-0.301,-0.69,-0.386,Previously published single-point result,
Cu110,propene,pbe,relaxed,—,-0.64,—,No previously published energy; current audit: Not audited. No matching result in the current Perlmutter audit,
Cu110,propene,pbe,SPE,-0.371,-0.64,-0.264,Previously published single-point result,
Cu110,propene,pbe_d3,relaxed,0.35,-0.64,-0.98,Previously published energy retained; current audit: Not audited. No matching result in the current Perlmutter audit,
Cu110,propene,pbe_d3,SPE,-1.008,-0.64,+0.373,Previously published single-point result,
Cu110,propene,r2scan,relaxed,—,-0.64,—,No previously published energy; current audit: Not audited. No matching result in the current Perlmutter audit,
Cu110,propene,r2scan,SPE,-0.443,-0.64,-0.192,Previously published single-point result,
Cu110,propene,beef_vdw,relaxed,—,-0.64,—,No previously published energy; current audit: Not audited. No matching result in the current Perlmutter audit,
Cu110,propene,beef_vdw,SPE,-0.537,-0.64,-0.098,Previously published single-point result,
Cu111,CH3,pbe,relaxed,0.313,-1.87,-2.180,Screened Perlmutter result: CH3_Cu111,
Cu111,CH3,pbe,SPE,+0.343,-1.87,-2.213,Perlmutter NSW=0 original ML POSCAR with converged relaxed slab and molecule references,/pscratch/sd/j/jcho5/VASP/dft_jobs/CH3_Cu111/singlepoint/PBE
Cu111,CH3,pbe_d3,relaxed,-0.076,-1.87,-1.791,Screened Perlmutter result: CH3_Cu111,
Cu111,CH3,pbe_d3,SPE,+0.018,-1.87,-1.888,Perlmutter NSW=0 original ML POSCAR with converged relaxed slab and molecule references,/pscratch/sd/j/jcho5/VASP/dft_jobs/CH3_Cu111/singlepoint/PBE_D3
Cu111,CH3,r2scan,relaxed,—,-1.87,—,No previously published energy; current audit: Not converged. CH3_Cu111: See component convergence statuses; complex: unfinished; slab: converged; molecule: converged,
Cu111,CH3,r2scan,SPE,+0.375,-1.87,-2.245,Perlmutter NSW=0 original ML POSCAR with converged relaxed slab and molecule references,/pscratch/sd/j/jcho5/VASP/dft_jobs/CH3_Cu111/singlepoint/r2scan
Cu111,CH3,beef_vdw,relaxed,-82.998,-1.87,+81.131,Converged Perlmutter result; ENERGY REVIEW: |E_ads| > 5 eV; excluded from figure statistics. CH3_Cu111,
Cu111,CH3,beef_vdw,SPE,-82.915,-1.87,+81.045,Perlmutter converged NSW=0 result; ENERGY REVIEW: |E_ads| > 5 eV; excluded from figure statistics,/pscratch/sd/j/jcho5/VASP/dft_jobs/CH3_Cu111/singlepoint/beef_vdw
Cu111,CO,pbe,relaxed,—,-1.24,—,No previously published energy; current audit: Output missing/incomplete. CO_Cu111_atop: Missing or non-finite component energy; complex: missing; slab: converged; molecule: converged,
Cu111,CO,pbe,SPE,-0.920,-1.24,-0.320,Previously published single-point result,
Cu111,CO,pbe_d3,relaxed,0.44,-1.24,-1.68,Previously published energy retained; current audit: Output missing/incomplete. CO_Cu111_atop: Missing or non-finite component energy; complex: missing; slab: converged; molecule: converged,
Cu111,CO,pbe_d3,SPE,-1.028,-1.24,-0.213,Previously published single-point result,
Cu111,CO,r2scan,relaxed,0.42,-1.24,-1.66,Previously published energy retained; current audit: Output missing/incomplete. CO_Cu111_atop: Missing or non-finite component energy; complex: missing; slab: converged; molecule: converged,
Cu111,CO,r2scan,SPE,-0.824,-1.24,-0.417,Previously published single-point result,
Cu111,CO,beef_vdw,relaxed,—,-1.24,—,No previously published energy; current audit: Output missing/incomplete. CO_Cu111_atop: Missing or non-finite component energy; complex: missing; slab: converged; molecule: converged,
Cu111,CO,beef_vdw,SPE,-0.737,-1.24,-0.504,Previously published single-point result,
Cu111,CO2,pbe,relaxed,—,n/a,—,No previously published energy; current audit: Output missing/incomplete. CO2_Cu111_top: Missing or non-finite component energy; complex: missing; slab: converged; molecule: converged,
Cu111,CO2,pbe,SPE,-0.010,n/a,-0.353,Previously published single-point result,
Cu111,CO2,pbe_d3,relaxed,—,n/a,—,No previously published energy; current audit: Output missing/incomplete. CO2_Cu111_top: Missing or non-finite component energy; complex: missing; slab: converged; molecule: electronic_unconverged,
Cu111,CO2,pbe_d3,SPE,queued,n/a,—,,
Cu111,CO2,r2scan,relaxed,—,n/a,—,No previously published energy; current audit: Output missing/incomplete. CO2_Cu111_top: Missing or non-finite component energy; complex: missing; slab: converged; molecule: converged,
Cu111,CO2,r2scan,SPE,+0.168,n/a,-0.531,Previously published single-point result,
Cu111,CO2,beef_vdw,relaxed,—,n/a,—,No previously published energy; current audit: Output missing/incomplete. CO2_Cu111_top: Missing or non-finite component energy; complex: missing; slab: converged; molecule: converged,
Cu111,CO2,beef_vdw,SPE,-0.168,n/a,-0.195,Previously published single-point result,
Cu111,DME,pbe,relaxed,-3.06,-0.22,+2.84,Previously published energy retained; current audit: Not converged. CH3OCH3_Cu111: molecule: ZBRENT: fatal error in bracketing; complex: converged; slab: converged; molecule: unfinished,
Cu111,DME,pbe,SPE,-4.711,-0.22,+4.494,Previously published single-point result,
Cu111,DME,pbe_d3,relaxed,—,-0.22,—,No previously published energy; current audit: Not converged. CH3OCH3_Cu111: molecule: ZBRENT: fatal error in bracketing; complex: converged; slab: converged; molecule: unfinished,
Cu111,DME,pbe_d3,SPE,refs missing,-0.22,—,,
Cu111,DME,r2scan,relaxed,—,-0.22,—,No previously published energy; current audit: Not converged. CH3OCH3_Cu111: See component convergence statuses; complex: unfinished; slab: converged; molecule: converged,
Cu111,DME,r2scan,SPE,-0.134,-0.22,-0.083,Previously published single-point result,
Cu111,DME,beef_vdw,relaxed,-82.099,-0.22,+81.882,Converged Perlmutter result; ENERGY REVIEW: |E_ads| > 5 eV; excluded from figure statistics. CH3OCH3_Cu111,
Cu111,DME,beef_vdw,SPE,-0.390,-0.22,+0.174,Previously published single-point result,
Cu111,H2O,pbe,relaxed,1.547,n/a,-2.022,Screened Perlmutter result: H2O_Cu111,
Cu111,H2O,pbe,SPE,-0.062,n/a,-0.414,Previously published single-point result,
Cu111,H2O,pbe_d3,relaxed,1.162,n/a,-1.637,Screened Perlmutter result: H2O_Cu111,
Cu111,H2O,pbe_d3,SPE,-0.179,n/a,-0.296,Previously published single-point result,
Cu111,H2O,r2scan,relaxed,—,n/a,—,No previously published energy; current audit: Not converged. H2O_Cu111: See component convergence statuses; complex: unfinished; slab: converged; molecule: converged,
Cu111,H2O,r2scan,SPE,+0.094,n/a,-0.569,Previously published single-point result,
Cu111,H2O,beef_vdw,relaxed,-81.838,n/a,+81.362,Converged Perlmutter result; ENERGY REVIEW: |E_ads| > 5 eV; excluded from figure statistics. H2O_Cu111,
Cu111,H2O,beef_vdw,SPE,-0.111,n/a,-0.364,Previously published single-point result,
Cu111,H2S,pbe,relaxed,1.366,n/a,-1.750,Screened Perlmutter result: H2S_Cu111,
Cu111,H2S,pbe,SPE,queued,n/a,—,,
Cu111,H2S,pbe_d3,relaxed,0.831,n/a,-1.214,Screened Perlmutter result: H2S_Cu111,
Cu111,H2S,pbe_d3,SPE,queued,n/a,—,,
Cu111,H2S,r2scan,relaxed,—,n/a,—,No previously published energy; current audit: Not converged. H2S_Cu111: See component convergence statuses; complex: unfinished; slab: converged; molecule: converged,
Cu111,H2S,r2scan,SPE,queued,n/a,—,,
Cu111,H2S,beef_vdw,relaxed,-82.013,n/a,+81.629,Converged Perlmutter result; ENERGY REVIEW: |E_ads| > 5 eV; excluded from figure statistics. H2S_Cu111,
Cu111,H2S,beef_vdw,SPE,queued,n/a,—,,
Cu111,N2,pbe,relaxed,1.604,n/a,-1.684,Screened Perlmutter result: N2_Cu111,
Cu111,N2,pbe,SPE,queued,n/a,—,,
Cu111,N2,pbe_d3,relaxed,1.482,n/a,-1.562,Screened Perlmutter result: N2_Cu111,
Cu111,N2,pbe_d3,SPE,queued,n/a,—,,
Cu111,N2,r2scan,relaxed,—,n/a,—,No previously published energy; current audit: Not converged. N2_Cu111: See component convergence statuses; complex: unfinished; slab: converged; molecule: converged,
Cu111,N2,r2scan,SPE,queued,n/a,—,,
Cu111,N2,beef_vdw,relaxed,-81.789,n/a,+81.709,Converged Perlmutter result; ENERGY REVIEW: |E_ads| > 5 eV; excluded from figure statistics. N2_Cu111,
Cu111,N2,beef_vdw,SPE,queued,n/a,—,,
Cu111,NH3,pbe,relaxed,1.104,n/a,-1.883,Screened Perlmutter result: NH3_Cu111,
Cu111,NH3,pbe,SPE,queued,n/a,—,,
Cu111,NH3,pbe_d3,relaxed,0.704,n/a,-1.483,Screened Perlmutter result: NH3_Cu111,
Cu111,NH3,pbe_d3,SPE,queued,n/a,—,,
Cu111,NH3,r2scan,relaxed,0.792,n/a,-1.571,Screened Perlmutter result: NH3_Cu111,
Cu111,NH3,r2scan,SPE,queued,n/a,—,,
Cu111,NH3,beef_vdw,relaxed,-82.271,n/a,+81.492,Converged Perlmutter result; ENERGY REVIEW: |E_ads| > 5 eV; excluded from figure statistics. NH3_Cu111,
Cu111,NH3,beef_vdw,SPE,queued,n/a,—,,
Cu111,NO,pbe,relaxed,0.035,-1.41,-1.448,Screened Perlmutter result: NO_Cu111,
Cu111,NO,pbe,SPE,queued,-1.41,—,,
Cu111,NO,pbe_d3,relaxed,-0.213,-1.41,-1.200,Screened Perlmutter result: NO_Cu111,
Cu111,NO,pbe_d3,SPE,queued,-1.41,—,,
Cu111,NO,r2scan,relaxed,—,-1.41,—,No previously published energy; current audit: Not converged. NO_Cu111: See component convergence statuses; complex: unfinished; slab: converged; molecule: ionic_unconverged,
Cu111,NO,r2scan,SPE,queued,-1.41,—,,
Cu111,NO,beef_vdw,relaxed,-89.776,-1.41,+88.363,Converged Perlmutter result; ENERGY REVIEW: |E_ads| > 5 eV; excluded from figure statistics. NO_Cu111,
Cu111,NO,beef_vdw,SPE,queued,-1.41,—,,
Cu111,SO2,pbe,relaxed,1.055,n/a,-1.772,Screened Perlmutter result: SO2_Cu111,
Cu111,SO2,pbe,SPE,queued,n/a,—,,
Cu111,SO2,pbe_d3,relaxed,0.527,n/a,-1.245,Screened Perlmutter result: SO2_Cu111,
Cu111,SO2,pbe_d3,SPE,queued,n/a,—,,
Cu111,SO2,r2scan,relaxed,—,n/a,—,No previously published energy; current audit: Not converged. SO2_Cu111: See component convergence statuses; complex: unfinished; slab: converged; molecule: converged,
Cu111,SO2,r2scan,SPE,queued,n/a,—,,
Cu111,SO2,beef_vdw,relaxed,-82.408,n/a,+81.690,Converged Perlmutter result; ENERGY REVIEW: |E_ads| > 5 eV; excluded from figure statistics. SO2_Cu111,
Cu111,SO2,beef_vdw,SPE,queued,n/a,—,,
Cu111,acetaldehyde,pbe,relaxed,1.451,n/a,-1.901,Screened Perlmutter result: CH3CHO_Cu111,
Cu111,acetaldehyde,pbe,SPE,-0.146,n/a,-0.304,Previously published single-point result,
Cu111,acetaldehyde,pbe_d3,relaxed,1.086,n/a,-1.535,Screened Perlmutter result: CH3CHO_Cu111,
Cu111,acetaldehyde,pbe_d3,SPE,-0.351,n/a,-0.099,Previously published single-point result,
Cu111,acetaldehyde,r2scan,relaxed,—,n/a,—,No previously published energy; current audit: Not converged. CH3CHO_Cu111: See component convergence statuses; complex: unfinished; slab: converged; molecule: converged,
Cu111,acetaldehyde,r2scan,SPE,-0.112,n/a,-0.338,Previously published single-point result,
Cu111,acetaldehyde,beef_vdw,relaxed,-82.070,n/a,+81.620,Converged Perlmutter result; ENERGY REVIEW: |E_ads| > 5 eV; excluded from figure statistics. CH3CHO_Cu111,
Cu111,acetaldehyde,beef_vdw,SPE,-0.311,n/a,-0.139,Previously published single-point result,
Cu111,acetic_acid,pbe,relaxed,—,n/a,—,No previously published energy; current audit: Not converged. CH3COOH_Cu111: molecule: ZBRENT: fatal error in bracketing; complex: converged; slab: converged; molecule: unfinished,
Cu111,acetic_acid,pbe,SPE,refs missing,n/a,—,,
Cu111,acetic_acid,pbe_d3,relaxed,—,n/a,—,No previously published energy; current audit: Not converged. CH3COOH_Cu111: molecule: ZBRENT: fatal error in bracketing; complex: converged; slab: converged; molecule: unfinished,
Cu111,acetic_acid,pbe_d3,SPE,-7.164,n/a,+6.573,Previously published single-point result,
Cu111,acetic_acid,r2scan,relaxed,—,n/a,—,No previously published energy; current audit: Not converged. CH3COOH_Cu111: See component convergence statuses; complex: unfinished; slab: converged; molecule: converged,
Cu111,acetic_acid,r2scan,SPE,-0.237,n/a,-0.354,Previously published single-point result,
Cu111,acetic_acid,beef_vdw,relaxed,-82.173,n/a,+81.583,Converged Perlmutter result; ENERGY REVIEW: |E_ads| > 5 eV; excluded from figure statistics. CH3COOH_Cu111,
Cu111,acetic_acid,beef_vdw,SPE,-0.417,n/a,-0.173,Previously published single-point result,
Cu111,ethane,pbe,relaxed,1.593,n/a,-1.880,Screened Perlmutter result: C2H6_Cu111,
Cu111,ethane,pbe,SPE,-0.014,n/a,-0.273,Previously published single-point result,
Cu111,ethane,pbe_d3,relaxed,1.149,n/a,-1.436,Screened Perlmutter result: C2H6_Cu111,
Cu111,ethane,pbe_d3,SPE,-0.236,n/a,-0.052,Previously published single-point result,
Cu111,ethane,r2scan,relaxed,1.362,n/a,-1.649,Screened Perlmutter result: C2H6_Cu111,
Cu111,ethane,r2scan,SPE,+0.138,n/a,-0.426,Previously published single-point result,
Cu111,ethane,beef_vdw,relaxed,-81.955,n/a,+81.668,Converged Perlmutter result; ENERGY REVIEW: |E_ads| > 5 eV; excluded from figure statistics. C2H6_Cu111,
Cu111,ethane,beef_vdw,SPE,-0.226,n/a,-0.062,Previously published single-point result,
Cu111,ethanol,pbe,relaxed,1.493,n/a,-1.873,Screened Perlmutter result: CH3CH2OH_Cu111,
Cu111,ethanol,pbe,SPE,-0.109,n/a,-0.272,Previously published single-point result,
Cu111,ethanol,pbe_d3,relaxed,0.928,n/a,-1.308,Screened Perlmutter result: CH3CH2OH_Cu111,
Cu111,ethanol,pbe_d3,SPE,-0.361,n/a,-0.019,Previously published single-point result,
Cu111,ethanol,r2scan,relaxed,—,n/a,—,No previously published energy; current audit: Not converged. CH3CH2OH_Cu111: See component convergence statuses; complex: unfinished; slab: converged; molecule: converged,
Cu111,ethanol,r2scan,SPE,-0.023,n/a,-0.357,Previously published single-point result,
Cu111,ethanol,beef_vdw,relaxed,-82.097,n/a,+81.716,Converged Perlmutter result; ENERGY REVIEW: |E_ads| > 5 eV; excluded from figure statistics. CH3CH2OH_Cu111,
Cu111,ethanol,beef_vdw,SPE,-0.362,n/a,-0.019,Previously published single-point result,
Cu111,ethene,pbe,relaxed,1.569,n/a,-1.754,Screened Perlmutter result: C2H4_Cu111,
Cu111,ethene,pbe,SPE,-0.034,n/a,-0.151,Previously published single-point result,
Cu111,ethene,pbe_d3,relaxed,0.785,n/a,-0.971,Screened Perlmutter result: C2H4_Cu111,
Cu111,ethene,pbe_d3,SPE,-0.238,n/a,+0.053,Previously published single-point result,
Cu111,ethene,r2scan,relaxed,—,n/a,—,No previously published energy; current audit: Not converged. C2H4_Cu111: See component convergence statuses; complex: unfinished; slab: converged; molecule: converged,
Cu111,ethene,r2scan,SPE,+0.105,n/a,-0.291,Previously published single-point result,
Cu111,ethene,beef_vdw,relaxed,-81.975,n/a,+81.790,Converged Perlmutter result; ENERGY REVIEW: |E_ads| > 5 eV; excluded from figure statistics. C2H4_Cu111,
Cu111,ethene,beef_vdw,SPE,-0.231,n/a,+0.046,Previously published single-point result,
Cu111,formaldehyde,pbe,relaxed,1.524,n/a,-1.789,Screened Perlmutter result: H2CO_Cu111,
Cu111,formaldehyde,pbe,SPE,queued,n/a,—,,
Cu111,formaldehyde,pbe_d3,relaxed,1.164,n/a,-1.430,Screened Perlmutter result: H2CO_Cu111,
Cu111,formaldehyde,pbe_d3,SPE,queued,n/a,—,,
Cu111,formaldehyde,r2scan,relaxed,—,n/a,—,No previously published energy; current audit: Not converged. H2CO_Cu111: See component convergence statuses; complex: unfinished; slab: converged; molecule: converged,
Cu111,formaldehyde,r2scan,SPE,queued,n/a,—,,
Cu111,formaldehyde,beef_vdw,relaxed,-81.985,n/a,+81.719,Converged Perlmutter result; ENERGY REVIEW: |E_ads| > 5 eV; excluded from figure statistics. H2CO_Cu111,
Cu111,formaldehyde,beef_vdw,SPE,queued,n/a,—,,
Cu111,formic_acid,pbe,relaxed,—,n/a,—,No previously published energy; current audit: Output missing/incomplete. HCOOH_Cu111_top: Missing or non-finite component energy; complex: missing; slab: converged; molecule: converged,
Cu111,formic_acid,pbe,SPE,-0.119,n/a,-0.265,Previously published single-point result,
Cu111,formic_acid,pbe_d3,relaxed,—,n/a,—,No previously published energy; current audit: Output missing/incomplete. HCOOH_Cu111_top: Missing or non-finite component energy; complex: missing; slab: converged; molecule: converged,
Cu111,formic_acid,pbe_d3,SPE,-0.313,n/a,-0.071,Previously published single-point result,
Cu111,formic_acid,r2scan,relaxed,—,n/a,—,No previously published energy; current audit: Output missing/incomplete. HCOOH_Cu111_top: Missing or non-finite component energy; complex: missing; slab: converged; molecule: converged,
Cu111,formic_acid,r2scan,SPE,+0.011,n/a,-0.396,Previously published single-point result,
Cu111,formic_acid,beef_vdw,relaxed,—,n/a,—,No previously published energy; current audit: Output missing/incomplete. HCOOH_Cu111_top: Missing or non-finite component energy; complex: missing; slab: converged; molecule: converged,
Cu111,formic_acid,beef_vdw,SPE,-0.292,n/a,-0.093,Previously published single-point result,
Cu111,isopropanol,pbe,relaxed,—,n/a,—,No previously published energy; current audit: Not audited. No matching result in the current Perlmutter audit,
Cu111,isopropanol,pbe,SPE,-0.134,n/a,-0.296,Previously published single-point result,
Cu111,isopropanol,pbe_d3,relaxed,—,n/a,—,No previously published energy; current audit: Not audited. No matching result in the current Perlmutter audit,
Cu111,isopropanol,pbe_d3,SPE,-0.519,n/a,+0.089,Previously published single-point result,
Cu111,isopropanol,r2scan,relaxed,—,n/a,—,No previously published energy; current audit: Not audited. No matching result in the current Perlmutter audit,
Cu111,isopropanol,r2scan,SPE,-0.087,n/a,-0.342,Previously published single-point result,
Cu111,isopropanol,beef_vdw,relaxed,—,n/a,—,No previously published energy; current audit: Not audited. No matching result in the current Perlmutter audit,
Cu111,isopropanol,beef_vdw,SPE,-0.482,n/a,+0.052,Previously published single-point result,
Cu111,methane,pbe,relaxed,1.603,n/a,-2.015,Screened Perlmutter result: CH4_Cu111,
Cu111,methane,pbe,SPE,+1.612,n/a,—,Perlmutter NSW=0 original ML POSCAR with converged relaxed slab and molecule references,/pscratch/sd/j/jcho5/VASP/dft_jobs/CH4_Cu111/singlepoint/PBE
Cu111,methane,pbe_d3,relaxed,1.294,n/a,-1.705,Screened Perlmutter result: CH4_Cu111,
Cu111,methane,pbe_d3,SPE,+1.459,n/a,—,Perlmutter NSW=0 original ML POSCAR with converged relaxed slab and molecule references,/pscratch/sd/j/jcho5/VASP/dft_jobs/CH4_Cu111/singlepoint/PBE_D3
Cu111,methane,r2scan,relaxed,1.390,n/a,-1.802,Screened Perlmutter result: CH4_Cu111,
Cu111,methane,r2scan,SPE,running,n/a,—,,
Cu111,methane,beef_vdw,relaxed,-81.860,n/a,+81.449,Converged Perlmutter result; ENERGY REVIEW: |E_ads| > 5 eV; excluded from figure statistics. CH4_Cu111,
Cu111,methane,beef_vdw,SPE,-81.792,n/a,—,Perlmutter converged NSW=0 result; ENERGY REVIEW: |E_ads| > 5 eV; excluded from figure statistics,/pscratch/sd/j/jcho5/VASP/dft_jobs/CH4_Cu111/singlepoint/beef_vdw
Cu111,methanol,pbe,relaxed,—,n/a,—,No previously published energy; current audit: Output missing/incomplete. CH3OH_Cu111_top: Missing or non-finite component energy; complex: missing; slab: converged; molecule: converged,
Cu111,methanol,pbe,SPE,-0.158,n/a,-0.201,Previously published single-point result,
Cu111,methanol,pbe_d3,relaxed,—,n/a,—,No previously published energy; current audit: Output missing/incomplete. CH3OH_Cu111_top: Missing or non-finite component energy; complex: missing; slab: converged; molecule: converged,
Cu111,methanol,pbe_d3,SPE,-0.364,n/a,+0.006,Previously published single-point result,
Cu111,methanol,r2scan,relaxed,—,n/a,—,No previously published energy; current audit: Output missing/incomplete. CH3OH_Cu111_top: Missing or non-finite component energy; complex: missing; slab: converged; molecule: converged,
Cu111,methanol,r2scan,SPE,-0.093,n/a,-0.265,Previously published single-point result,
Cu111,methanol,beef_vdw,relaxed,—,n/a,—,No previously published energy; current audit: Output missing/incomplete. CH3OH_Cu111_top: Missing or non-finite component energy; complex: missing; slab: converged; molecule: converged,
Cu111,methanol,beef_vdw,SPE,-0.338,n/a,-0.020,Previously published single-point result,
Cu111,propane,pbe,relaxed,—,n/a,—,No previously published energy; current audit: Not audited. No matching result in the current Perlmutter audit,
Cu111,propane,pbe,SPE,-0.019,n/a,-0.289,Previously published single-point result,
Cu111,propane,pbe_d3,relaxed,—,n/a,—,No previously published energy; current audit: Not audited. No matching result in the current Perlmutter audit,
Cu111,propane,pbe_d3,SPE,-0.338,n/a,+0.030,Previously published single-point result,
Cu111,propane,r2scan,relaxed,—,n/a,—,No previously published energy; current audit: Not audited. No matching result in the current Perlmutter audit,
Cu111,propane,r2scan,SPE,+0.124,n/a,-0.432,Previously published single-point result,
Cu111,propane,beef_vdw,relaxed,—,n/a,—,No previously published energy; current audit: Not audited. No matching result in the current Perlmutter audit,
Cu111,propane,beef_vdw,SPE,-0.326,n/a,+0.018,Previously published single-point result,
Cu111,propanol,pbe,relaxed,—,n/a,—,No previously published energy; current audit: Not audited. No matching result in the current Perlmutter audit,
Cu111,propanol,pbe,SPE,-0.169,n/a,-0.269,Previously published single-point result,
Cu111,propanol,pbe_d3,relaxed,—,n/a,—,No previously published energy; current audit: Not audited. No matching result in the current Perlmutter audit,
Cu111,propanol,pbe_d3,SPE,-0.585,n/a,+0.147,Previously published single-point result,
Cu111,propanol,r2scan,relaxed,—,n/a,—,No previously published energy; current audit: Not audited. No matching result in the current Perlmutter audit,
Cu111,propanol,r2scan,SPE,-0.135,n/a,-0.303,Previously published single-point result,
Cu111,propanol,beef_vdw,relaxed,—,n/a,—,No previously published energy; current audit: Not audited. No matching result in the current Perlmutter audit,
Cu111,propanol,beef_vdw,SPE,-0.516,n/a,+0.078,Previously published single-point result,
Cu111,propene,pbe,relaxed,—,n/a,—,No previously published energy; current audit: Not audited. No matching result in the current Perlmutter audit,
Cu111,propene,pbe,SPE,-0.044,n/a,-0.162,Previously published single-point result,
Cu111,propene,pbe_d3,relaxed,—,n/a,—,No previously published energy; current audit: Not audited. No matching result in the current Perlmutter audit,
Cu111,propene,pbe_d3,SPE,-0.298,n/a,+0.091,Previously published single-point result,
Cu111,propene,r2scan,relaxed,—,n/a,—,No previously published energy; current audit: Not audited. No matching result in the current Perlmutter audit,
Cu111,propene,r2scan,SPE,+0.100,n/a,-0.306,Previously published single-point result,
Cu111,propene,beef_vdw,relaxed,—,n/a,—,No previously published energy; current audit: Not audited. No matching result in the current Perlmutter audit,
Cu111,propene,beef_vdw,SPE,-0.306,n/a,+0.099,Previously published single-point result,
Ir100,CH3,pbe,relaxed,-2.181,-2.89,-0.708,Screened Perlmutter result: CH3_Ir100,
Ir100,CH3,pbe,SPE,-2.080,-2.89,-0.810,Perlmutter NSW=0 original ML POSCAR with converged relaxed slab and molecule references,/pscratch/sd/j/jcho5/VASP/dft_jobs/CH3_Ir100/singlepoint/PBE
Ir100,CH3,pbe_d3,relaxed,-2.456,-2.89,-0.433,Screened Perlmutter result: CH3_Ir100,
Ir100,CH3,pbe_d3,SPE,-2.365,-2.89,-0.525,Perlmutter NSW=0 original ML POSCAR with converged relaxed slab and molecule references,/pscratch/sd/j/jcho5/VASP/dft_jobs/CH3_Ir100/singlepoint/PBE_D3
Ir100,CH3,r2scan,relaxed,-2.144,-2.89,-0.745,Screened Perlmutter result: CH3_Ir100,
Ir100,CH3,r2scan,SPE,-2.101,-2.89,-0.789,Perlmutter NSW=0 original ML POSCAR with converged relaxed slab and molecule references,/pscratch/sd/j/jcho5/VASP/dft_jobs/CH3_Ir100/singlepoint/r2scan
Ir100,CH3,beef_vdw,relaxed,-2.260,-2.89,-0.629,Screened Perlmutter result: CH3_Ir100,
Ir100,CH3,beef_vdw,SPE,-2.101,-2.89,-0.789,Perlmutter NSW=0 original ML POSCAR with converged relaxed slab and molecule references,/pscratch/sd/j/jcho5/VASP/dft_jobs/CH3_Ir100/singlepoint/beef_vdw
Ir100,CO,pbe,relaxed,-2.232,-2.70,-0.472,Screened Perlmutter result: CO_Ir100,
Ir100,CO,pbe,SPE,-2.157,-2.70,-0.543,Kestrel NSW=0 complex with converged relaxed slab and molecule references,/kfs3/scratch/jcho5/goad-global-optimization/poscar/best/C1/Ir100_CO/singlepoint/PBE
Ir100,CO,pbe_d3,relaxed,-2.488,-2.70,-0.216,Screened Perlmutter result: CO_Ir100,
Ir100,CO,pbe_d3,SPE,-2.394,-2.70,-0.306,Kestrel NSW=0 complex with converged relaxed slab and molecule references,/kfs3/scratch/jcho5/goad-global-optimization/poscar/best/C1/Ir100_CO/singlepoint/PBE_D3
Ir100,CO,r2scan,relaxed,-2.342,-2.70,-0.362,Screened Perlmutter result: CO_Ir100,
Ir100,CO,r2scan,SPE,queued,-2.70,—,,
Ir100,CO,beef_vdw,relaxed,-2.131,-2.70,-0.573,Screened Perlmutter result: CO_Ir100,
Ir100,CO,beef_vdw,SPE,-2.002,-2.70,-0.698,Kestrel NSW=0 complex with converged relaxed slab and molecule references,/kfs3/scratch/jcho5/goad-global-optimization/poscar/best/C1/Ir100_CO/singlepoint/beef_vdw
Ir100,CO2,pbe,relaxed,-0.024,-0.37,-0.350,Screened Perlmutter result: CO2_Ir100,
Ir100,CO2,pbe,SPE,+0.036,-0.37,-0.406,Kestrel NSW=0 complex with converged relaxed slab and molecule references,/kfs3/scratch/jcho5/goad-global-optimization/poscar/best/C1/Ir100_CO2/singlepoint/PBE
Ir100,CO2,pbe_d3,relaxed,—,-0.37,—,No previously published energy; current audit: Not converged. CO2_Ir100: See component convergence statuses; complex: converged; slab: converged; molecule: electronic_unconverged,
Ir100,CO2,pbe_d3,SPE,queued,-0.37,—,,
Ir100,CO2,r2scan,relaxed,-0.105,-0.37,-0.269,Screened Perlmutter result: CO2_Ir100,
Ir100,CO2,r2scan,SPE,queued,-0.37,—,,
Ir100,CO2,beef_vdw,relaxed,-0.267,-0.37,-0.107,Screened Perlmutter result: CO2_Ir100,
Ir100,CO2,beef_vdw,SPE,-0.171,-0.37,-0.199,Kestrel NSW=0 complex with converged relaxed slab and molecule references,/kfs3/scratch/jcho5/goad-global-optimization/poscar/best/C1/Ir100_CO2/singlepoint/beef_vdw
Ir100,DME,pbe,relaxed,-4.96,-0.48,+4.48,Previously published energy retained; current audit: Not converged. CH3OCH3_Ir100: molecule: ZBRENT: fatal error in bracketing; complex: converged; slab: converged; molecule: unfinished,
Ir100,DME,pbe,SPE,refs missing,-0.48,—,,
Ir100,DME,pbe_d3,relaxed,—,-0.48,—,No previously published energy; current audit: Not converged. CH3OCH3_Ir100: molecule: ZBRENT: fatal error in bracketing; complex: converged; slab: converged; molecule: unfinished,
Ir100,DME,pbe_d3,SPE,refs missing,-0.48,—,,
Ir100,DME,r2scan,relaxed,-0.693,-0.48,+0.210,Screened Perlmutter result: CH3OCH3_Ir100,
Ir100,DME,r2scan,SPE,-0.629,-0.48,+0.149,Perlmutter NSW=0 original ML POSCAR with converged relaxed slab and molecule references,/pscratch/sd/j/jcho5/VASP/dft_jobs/CH3OCH3_Ir100/singlepoint/r2scan
Ir100,DME,beef_vdw,relaxed,-0.736,-0.48,+0.253,Screened Perlmutter result: CH3OCH3_Ir100,
Ir100,DME,beef_vdw,SPE,+0.377,-0.48,-0.857,Kestrel NSW=0 complex with converged relaxed slab and molecule references,/kfs3/scratch/jcho5/goad-global-optimization/poscar/best/C2/Ir100_DME/singlepoint/beef_vdw
Ir100,H2O,pbe,relaxed,-0.488,-0.86,-0.371,Screened Perlmutter result: H2O_Ir100,
Ir100,H2O,pbe,SPE,-0.414,-0.86,-0.446,Kestrel NSW=0 complex with converged relaxed slab and molecule references,/kfs3/scratch/jcho5/goad-global-optimization/poscar/best/C0/Ir100_H2O/singlepoint/PBE
Ir100,H2O,pbe_d3,relaxed,-0.706,-0.86,-0.153,Screened Perlmutter result: H2O_Ir100,
Ir100,H2O,pbe_d3,SPE,-0.620,-0.86,-0.240,Kestrel NSW=0 complex with converged relaxed slab and molecule references,/kfs3/scratch/jcho5/goad-global-optimization/poscar/best/C0/Ir100_H2O/singlepoint/PBE_D3
Ir100,H2O,r2scan,relaxed,-0.665,-0.86,-0.193,Screened Perlmutter result: H2O_Ir100,
Ir100,H2O,r2scan,SPE,queued,-0.86,—,,
Ir100,H2O,beef_vdw,relaxed,-0.542,-0.86,-0.316,Screened Perlmutter result: H2O_Ir100,
Ir100,H2O,beef_vdw,SPE,-0.379,-0.86,-0.481,Kestrel NSW=0 complex with converged relaxed slab and molecule references,/kfs3/scratch/jcho5/goad-global-optimization/poscar/best/C0/Ir100_H2O/singlepoint/beef_vdw
Ir100,H2S,pbe,relaxed,-2.603,-2.86,-0.260,Screened Perlmutter result: H2S_Ir100,
Ir100,H2S,pbe,SPE,queued,-2.86,—,,
Ir100,H2S,pbe_d3,relaxed,-3.086,-2.86,+0.222,Screened Perlmutter result: H2S_Ir100,
Ir100,H2S,pbe_d3,SPE,queued,-2.86,—,,
Ir100,H2S,r2scan,relaxed,-2.944,-2.86,+0.081,Screened Perlmutter result: H2S_Ir100,
Ir100,H2S,r2scan,SPE,queued,-2.86,—,,
Ir100,H2S,beef_vdw,relaxed,-2.591,-2.86,-0.273,Screened Perlmutter result: H2S_Ir100,
Ir100,H2S,beef_vdw,SPE,queued,-2.86,—,,
Ir100,N2,pbe,relaxed,-0.810,-0.79,+0.017,Screened Perlmutter result: N2_Ir100,
Ir100,N2,pbe,SPE,queued,-0.79,—,,
Ir100,N2,pbe_d3,relaxed,-1.057,-0.79,+0.264,Screened Perlmutter result: N2_Ir100,
Ir100,N2,pbe_d3,SPE,queued,-0.79,—,,
Ir100,N2,r2scan,relaxed,-0.913,-0.79,+0.120,Screened Perlmutter result: N2_Ir100,
Ir100,N2,r2scan,SPE,queued,-0.79,—,,
Ir100,N2,beef_vdw,relaxed,-0.805,-0.79,+0.012,Screened Perlmutter result: N2_Ir100,
Ir100,N2,beef_vdw,SPE,queued,-0.79,—,,
Ir100,NH3,pbe,relaxed,-1.290,-1.70,-0.407,Screened Perlmutter result: NH3_Ir100,
Ir100,NH3,pbe,SPE,queued,-1.70,—,,
Ir100,NH3,pbe_d3,relaxed,-1.585,-1.70,-0.113,Screened Perlmutter result: NH3_Ir100,
Ir100,NH3,pbe_d3,SPE,queued,-1.70,—,,
Ir100,NH3,r2scan,relaxed,-1.468,-1.70,-0.230,Screened Perlmutter result: NH3_Ir100,
Ir100,NH3,r2scan,SPE,queued,-1.70,—,,
Ir100,NH3,beef_vdw,relaxed,-1.332,-1.70,-0.365,Screened Perlmutter result: NH3_Ir100,
Ir100,NH3,beef_vdw,SPE,queued,-1.70,—,,
Ir100,NO,pbe,relaxed,-3.067,-2.83,+0.236,Screened Perlmutter result: NO_Ir100,
Ir100,NO,pbe,SPE,queued,-2.83,—,,
Ir100,NO,pbe_d3,relaxed,-3.309,-2.83,+0.478,Screened Perlmutter result: NO_Ir100,
Ir100,NO,pbe_d3,SPE,queued,-2.83,—,,
Ir100,NO,r2scan,relaxed,—,-2.83,—,No previously published energy; current audit: Not converged. NO_Ir100: slab: ZBRENT: fatal error in bracketing; complex: converged; slab: unfinished; molecule: ionic_unconverged,
Ir100,NO,r2scan,SPE,queued,-2.83,—,,
Ir100,NO,beef_vdw,relaxed,-9.599,-2.83,+6.768,Converged Perlmutter result; ENERGY REVIEW: |E_ads| > 5 eV; excluded from figure statistics. NO_Ir100,
Ir100,NO,beef_vdw,SPE,queued,-2.83,—,,
Ir100,SO2,pbe,relaxed,-2.254,-2.12,+0.135,Screened Perlmutter result: SO2_Ir100,
Ir100,SO2,pbe,SPE,queued,-2.12,—,,
Ir100,SO2,pbe_d3,relaxed,-2.783,-2.12,+0.664,Screened Perlmutter result: SO2_Ir100,
Ir100,SO2,pbe_d3,SPE,queued,-2.12,—,,
Ir100,SO2,r2scan,relaxed,-2.774,-2.12,+0.655,Screened Perlmutter result: SO2_Ir100,
Ir100,SO2,r2scan,SPE,queued,-2.12,—,,
Ir100,SO2,beef_vdw,relaxed,-2.264,-2.12,+0.145,Screened Perlmutter result: SO2_Ir100,
Ir100,SO2,beef_vdw,SPE,queued,-2.12,—,,
Ir100,acetaldehyde,pbe,relaxed,-0.586,-0.74,-0.151,Screened Perlmutter result: CH3CHO_Ir100,
Ir100,acetaldehyde,pbe,SPE,+0.514,-0.74,-1.254,Kestrel NSW=0 complex with converged relaxed slab and molecule references,/kfs3/scratch/jcho5/goad-global-optimization/poscar/best/C2/Ir100_acetaldehyde/singlepoint/PBE
Ir100,acetaldehyde,pbe_d3,relaxed,-0.946,-0.74,+0.209,Screened Perlmutter result: CH3CHO_Ir100,
Ir100,acetaldehyde,pbe_d3,SPE,+0.045,-0.74,-0.785,Kestrel NSW=0 complex with converged relaxed slab and molecule references,/kfs3/scratch/jcho5/goad-global-optimization/poscar/best/C2/Ir100_acetaldehyde/singlepoint/PBE_D3
Ir100,acetaldehyde,r2scan,relaxed,-0.807,-0.74,+0.070,Screened Perlmutter result: CH3CHO_Ir100,
Ir100,acetaldehyde,r2scan,SPE,-0.749,-0.74,+0.009,Perlmutter NSW=0 original ML POSCAR with converged relaxed slab and molecule references,/pscratch/sd/j/jcho5/VASP/dft_jobs/CH3CHO_Ir100/singlepoint/r2scan
Ir100,acetaldehyde,beef_vdw,relaxed,-0.770,-0.74,+0.033,Screened Perlmutter result: CH3CHO_Ir100,
Ir100,acetaldehyde,beef_vdw,SPE,+0.267,-0.74,-1.007,Kestrel NSW=0 complex with converged relaxed slab and molecule references,/kfs3/scratch/jcho5/goad-global-optimization/poscar/best/C2/Ir100_acetaldehyde/singlepoint/beef_vdw
Ir100,acetic_acid,pbe,relaxed,—,-1.04,—,No previously published energy; current audit: Not converged. CH3COOH_Ir100: molecule: ZBRENT: fatal error in bracketing; complex: converged; slab: converged; molecule: unfinished,
Ir100,acetic_acid,pbe,SPE,refs missing,-1.04,—,,
Ir100,acetic_acid,pbe_d3,relaxed,—,-1.04,—,No previously published energy; current audit: Not converged. CH3COOH_Ir100: molecule: ZBRENT: fatal error in bracketing; complex: converged; slab: converged; molecule: unfinished,
Ir100,acetic_acid,pbe_d3,SPE,refs missing,-1.04,—,,
Ir100,acetic_acid,r2scan,relaxed,-0.957,-1.04,-0.084,Screened Perlmutter result: CH3COOH_Ir100,
Ir100,acetic_acid,r2scan,SPE,-0.835,-1.04,-0.205,Perlmutter NSW=0 original ML POSCAR with converged relaxed slab and molecule references,/pscratch/sd/j/jcho5/VASP/dft_jobs/CH3COOH_Ir100/singlepoint/r2scan
Ir100,acetic_acid,beef_vdw,relaxed,-0.902,-1.04,-0.139,Screened Perlmutter result: CH3COOH_Ir100,
Ir100,acetic_acid,beef_vdw,SPE,-0.652,-1.04,-0.388,Kestrel NSW=0 complex with converged relaxed slab and molecule references,/kfs3/scratch/jcho5/goad-global-optimization/poscar/best/C2/Ir100_acetic_acid/singlepoint/beef_vdw
Ir100,ethane,pbe,relaxed,-0.003,-0.45,-0.447,Screened Perlmutter result: C2H6_Ir100,
Ir100,ethane,pbe,SPE,+0.618,-0.45,-1.068,Kestrel NSW=0 complex with converged relaxed slab and molecule references,/kfs3/scratch/jcho5/goad-global-optimization/poscar/best/C2/Ir100_ethane/singlepoint/PBE
Ir100,ethane,pbe_d3,relaxed,-0.383,-0.45,-0.066,Screened Perlmutter result: C2H6_Ir100,
Ir100,ethane,pbe_d3,SPE,+0.143,-0.45,-0.593,Kestrel NSW=0 complex with converged relaxed slab and molecule references,/kfs3/scratch/jcho5/goad-global-optimization/poscar/best/C2/Ir100_ethane/singlepoint/PBE_D3
Ir100,ethane,r2scan,relaxed,-0.120,-0.45,-0.329,Screened Perlmutter result: C2H6_Ir100,
Ir100,ethane,r2scan,SPE,+0.059,-0.45,-0.509,Perlmutter NSW=0 original ML POSCAR with converged relaxed slab and molecule references,/pscratch/sd/j/jcho5/VASP/completion_runs/site_gapfill_20260914/spe/C2H6_Ir100/r2scan
Ir100,ethane,beef_vdw,relaxed,-0.313,-0.45,-0.136,Screened Perlmutter result: C2H6_Ir100,
Ir100,ethane,beef_vdw,SPE,+0.320,-0.45,-0.770,Kestrel NSW=0 complex with converged relaxed slab and molecule references,/kfs3/scratch/jcho5/goad-global-optimization/poscar/best/C2/Ir100_ethane/singlepoint/beef_vdw
Ir100,ethanol,pbe,relaxed,-0.533,-0.79,-0.260,Screened Perlmutter result: CH3CH2OH_Ir100,
Ir100,ethanol,pbe,SPE,+0.528,-0.79,-1.318,Kestrel NSW=0 complex with converged relaxed slab and molecule references,/kfs3/scratch/jcho5/goad-global-optimization/poscar/best/C2/Ir100_ethanol/singlepoint/PBE
Ir100,ethanol,pbe_d3,relaxed,-1.031,-0.79,+0.238,Screened Perlmutter result: CH3CH2OH_Ir100,
Ir100,ethanol,pbe_d3,SPE,-0.049,-0.79,-0.741,Kestrel NSW=0 complex with converged relaxed slab and molecule references,/kfs3/scratch/jcho5/goad-global-optimization/poscar/best/C2/Ir100_ethanol/singlepoint/PBE_D3
Ir100,ethanol,r2scan,relaxed,-0.803,-0.79,+0.009,Screened Perlmutter result: CH3CH2OH_Ir100,
Ir100,ethanol,r2scan,SPE,-0.744,-0.79,-0.046,Perlmutter NSW=0 original ML POSCAR with converged relaxed slab and molecule references,/pscratch/sd/j/jcho5/VASP/dft_jobs/CH3CH2OH_Ir100/singlepoint/r2scan
Ir100,ethanol,beef_vdw,relaxed,-0.828,-0.79,+0.035,Screened Perlmutter result: CH3CH2OH_Ir100,
Ir100,ethanol,beef_vdw,SPE,+0.210,-0.79,-1.000,Kestrel NSW=0 complex with converged relaxed slab and molecule references,/kfs3/scratch/jcho5/goad-global-optimization/poscar/best/C2/Ir100_ethanol/singlepoint/beef_vdw
Ir100,ethene,pbe,relaxed,-1.407,-2.16,-0.756,Screened Perlmutter result: C2H4_Ir100,
Ir100,ethene,pbe,SPE,-1.403,-2.16,-0.757,Kestrel NSW=0 complex with converged relaxed slab and molecule references,/kfs3/scratch/jcho5/goad-global-optimization/poscar/best/C2/Ir100_ethene/singlepoint/PBE
Ir100,ethene,pbe_d3,relaxed,-1.937,-2.16,-0.226,Screened Perlmutter result: C2H4_Ir100,
Ir100,ethene,pbe_d3,SPE,-1.860,-2.16,-0.300,Kestrel NSW=0 complex with converged relaxed slab and molecule references,/kfs3/scratch/jcho5/goad-global-optimization/poscar/best/C2/Ir100_ethene/singlepoint/PBE_D3
Ir100,ethene,r2scan,relaxed,-1.781,-2.16,-0.382,Screened Perlmutter result: C2H4_Ir100,
Ir100,ethene,r2scan,SPE,-1.645,-2.16,-0.515,Perlmutter NSW=0 original ML POSCAR with converged relaxed slab and molecule references,/pscratch/sd/j/jcho5/VASP/dft_jobs/C2H4_Ir100/singlepoint/r2scan
Ir100,ethene,beef_vdw,relaxed,-1.381,-2.16,-0.781,Screened Perlmutter result: C2H4_Ir100,
Ir100,ethene,beef_vdw,SPE,-1.442,-2.16,-0.718,Kestrel NSW=0 complex with converged relaxed slab and molecule references,/kfs3/scratch/jcho5/goad-global-optimization/poscar/best/C2/Ir100_ethene/singlepoint/beef_vdw
Ir100,formaldehyde,pbe,relaxed,-1.320,-1.75,-0.432,Screened Perlmutter result: H2CO_Ir100,
Ir100,formaldehyde,pbe,SPE,queued,-1.75,—,,
Ir100,formaldehyde,pbe_d3,relaxed,-1.657,-1.75,-0.096,Screened Perlmutter result: H2CO_Ir100,
Ir100,formaldehyde,pbe_d3,SPE,queued,-1.75,—,,
Ir100,formaldehyde,r2scan,relaxed,-1.585,-1.75,-0.167,Screened Perlmutter result: H2CO_Ir100,
Ir100,formaldehyde,r2scan,SPE,queued,-1.75,—,,
Ir100,formaldehyde,beef_vdw,relaxed,-1.333,-1.75,-0.419,Screened Perlmutter result: H2CO_Ir100,
Ir100,formaldehyde,beef_vdw,SPE,queued,-1.75,—,,
Ir100,formic_acid,pbe,relaxed,-0.660,-1.02,-0.363,Screened Perlmutter result: HCOOH_Ir100,
Ir100,formic_acid,pbe,SPE,-0.441,-1.02,-0.579,Kestrel NSW=0 complex with converged relaxed slab and molecule references,/kfs3/scratch/jcho5/goad-global-optimization/poscar/best/C1/Ir100_formic_acid/singlepoint/PBE
Ir100,formic_acid,pbe_d3,relaxed,-1.032,-1.02,+0.009,Screened Perlmutter result: HCOOH_Ir100,
Ir100,formic_acid,pbe_d3,SPE,-0.826,-1.02,-0.194,Kestrel NSW=0 complex with converged relaxed slab and molecule references,/kfs3/scratch/jcho5/goad-global-optimization/poscar/best/C1/Ir100_formic_acid/singlepoint/PBE_D3
Ir100,formic_acid,r2scan,relaxed,-0.899,-1.02,-0.125,Screened Perlmutter result: HCOOH_Ir100,
Ir100,formic_acid,r2scan,SPE,queued,-1.02,—,,
Ir100,formic_acid,beef_vdw,relaxed,-0.797,-1.02,-0.226,Screened Perlmutter result: HCOOH_Ir100,
Ir100,formic_acid,beef_vdw,SPE,-0.468,-1.02,-0.552,Kestrel NSW=0 complex with converged relaxed slab and molecule references,/kfs3/scratch/jcho5/goad-global-optimization/poscar/best/C1/Ir100_formic_acid/singlepoint/beef_vdw
Ir100,methane,pbe,relaxed,-0.000,-0.60,-0.601,Screened Perlmutter result: CH4_Ir100,
Ir100,methane,pbe,SPE,+0.123,-0.60,-0.723,Perlmutter NSW=0 original ML POSCAR with converged relaxed slab and molecule references,/pscratch/sd/j/jcho5/VASP/dft_jobs/CH4_Ir100/singlepoint/PBE
Ir100,methane,pbe_d3,relaxed,-0.200,-0.60,-0.401,Screened Perlmutter result: CH4_Ir100,
Ir100,methane,pbe_d3,SPE,-0.126,-0.60,-0.474,Perlmutter NSW=0 original ML POSCAR with converged relaxed slab and molecule references,/pscratch/sd/j/jcho5/VASP/dft_jobs/CH4_Ir100/singlepoint/PBE_D3
Ir100,methane,r2scan,relaxed,—,-0.60,—,No previously published energy; current audit: Not converged. CH4_Ir100: slab: ZBRENT: fatal error in bracketing; complex: unfinished; slab: unfinished; molecule: converged,
Ir100,methane,r2scan,SPE,running,-0.60,—,,
Ir100,methane,beef_vdw,relaxed,-0.204,-0.60,-0.397,Screened Perlmutter result: CH4_Ir100,
Ir100,methane,beef_vdw,SPE,-0.040,-0.60,-0.560,Perlmutter NSW=0 original ML POSCAR with converged relaxed slab and molecule references,/pscratch/sd/j/jcho5/VASP/dft_jobs/CH4_Ir100/singlepoint/beef_vdw
Ir100,methanol,pbe,relaxed,-0.535,-0.77,-0.240,Screened Perlmutter result: CH3OH_Ir100,
Ir100,methanol,pbe,SPE,+0.304,-0.77,-1.074,Kestrel NSW=0 complex with converged relaxed slab and molecule references,/kfs3/scratch/jcho5/goad-global-optimization/poscar/best/C1/Ir100_methanol/singlepoint/PBE
Ir100,methanol,pbe_d3,relaxed,-0.912,-0.77,+0.137,Screened Perlmutter result: CH3OH_Ir100,
Ir100,methanol,pbe_d3,SPE,-0.093,-0.77,-0.677,Kestrel NSW=0 complex with converged relaxed slab and molecule references,/kfs3/scratch/jcho5/goad-global-optimization/poscar/best/C1/Ir100_methanol/singlepoint/PBE_D3
Ir100,methanol,r2scan,relaxed,-0.785,-0.77,+0.010,Screened Perlmutter result: CH3OH_Ir100,
Ir100,methanol,r2scan,SPE,-0.729,-0.77,-0.041,Perlmutter NSW=0 original ML POSCAR with converged relaxed slab and molecule references,/pscratch/sd/j/jcho5/VASP/dft_jobs/CH3OH_Ir100/singlepoint/r2scan
Ir100,methanol,beef_vdw,relaxed,-0.746,-0.77,-0.029,Screened Perlmutter result: CH3OH_Ir100,
Ir100,methanol,beef_vdw,SPE,+0.126,-0.77,-0.896,Kestrel NSW=0 complex with converged relaxed slab and molecule references,/kfs3/scratch/jcho5/goad-global-optimization/poscar/best/C1/Ir100_methanol/singlepoint/beef_vdw
Ir110,CH3,pbe,relaxed,-2.378,-2.93,-0.552,Screened Perlmutter result: CH3_Ir110,
Ir110,CH3,pbe,SPE,-2.284,-2.93,-0.646,Perlmutter NSW=0 original ML POSCAR with converged relaxed slab and molecule references,/pscratch/sd/j/jcho5/VASP/dft_jobs/CH3_Ir110/singlepoint/PBE
Ir110,CH3,pbe_d3,relaxed,-2.625,-2.93,-0.305,Screened Perlmutter result: CH3_Ir110,
Ir110,CH3,pbe_d3,SPE,-2.505,-2.93,-0.425,Perlmutter NSW=0 original ML POSCAR with converged relaxed slab and molecule references,/pscratch/sd/j/jcho5/VASP/dft_jobs/CH3_Ir110/singlepoint/PBE_D3
Ir110,CH3,r2scan,relaxed,-2.274,-2.93,-0.656,Screened Perlmutter result: CH3_Ir110,
Ir110,CH3,r2scan,SPE,-2.181,-2.93,-0.749,Perlmutter NSW=0 original ML POSCAR with converged relaxed slab and molecule references,/pscratch/sd/j/jcho5/VASP/dft_jobs/CH3_Ir110/singlepoint/r2scan
Ir110,CH3,beef_vdw,relaxed,-2.430,-2.93,-0.500,Screened Perlmutter result: CH3_Ir110,
Ir110,CH3,beef_vdw,SPE,-2.351,-2.93,-0.579,Perlmutter NSW=0 original ML POSCAR with converged relaxed slab and molecule references,/pscratch/sd/j/jcho5/VASP/dft_jobs/CH3_Ir110/singlepoint/beef_vdw
Ir110,CO,pbe,relaxed,-2.322,-2.77,-0.448,Screened Perlmutter result: CO_Ir110,
Ir110,CO,pbe,SPE,-2.153,-2.77,-0.617,Kestrel NSW=0 complex with converged relaxed slab and molecule references,/kfs3/scratch/jcho5/goad-global-optimization/poscar/best/C1/Ir110_CO/singlepoint/PBE
Ir110,CO,pbe_d3,relaxed,-2.532,-2.77,-0.238,Screened Perlmutter result: CO_Ir110,
Ir110,CO,pbe_d3,SPE,-2.356,-2.77,-0.414,Kestrel NSW=0 complex with converged relaxed slab and molecule references,/kfs3/scratch/jcho5/goad-global-optimization/poscar/best/C1/Ir110_CO/singlepoint/PBE_D3
Ir110,CO,r2scan,relaxed,-2.12,-2.77,-0.65,Previously published energy retained; current audit: Not converged. CO_Ir110: See component convergence statuses; complex: unfinished; slab: converged; molecule: converged,
Ir110,CO,r2scan,SPE,-1.941,-2.77,-0.829,Kestrel NSW=0 complex with converged relaxed slab and molecule references,/kfs3/scratch/jcho5/goad-global-optimization/poscar/best/C1/Ir110_CO/singlepoint/r2scan
Ir110,CO,beef_vdw,relaxed,-2.209,-2.77,-0.561,Screened Perlmutter result: CO_Ir110,
Ir110,CO,beef_vdw,SPE,-2.049,-2.77,-0.721,Kestrel NSW=0 complex with converged relaxed slab and molecule references,/kfs3/scratch/jcho5/goad-global-optimization/poscar/best/C1/Ir110_CO/singlepoint/beef_vdw
Ir110,CO2,pbe,relaxed,-0.041,-0.43,-0.386,Screened Perlmutter result: CO2_Ir110,
Ir110,CO2,pbe,SPE,+0.014,-0.43,-0.444,Kestrel NSW=0 complex with converged relaxed slab and molecule references,/kfs3/scratch/jcho5/goad-global-optimization/poscar/best/C1/Ir110_CO2/singlepoint/PBE
Ir110,CO2,pbe_d3,relaxed,—,-0.43,—,No previously published energy; current audit: Not converged. CO2_Ir110: See component convergence statuses; complex: converged; slab: converged; molecule: electronic_unconverged,
Ir110,CO2,pbe_d3,SPE,queued,-0.43,—,,
Ir110,CO2,r2scan,relaxed,-0.120,-0.43,-0.308,Screened Perlmutter result: CO2_Ir110,
Ir110,CO2,r2scan,SPE,-0.059,-0.43,-0.371,Kestrel NSW=0 complex with converged relaxed slab and molecule references,/kfs3/scratch/jcho5/goad-global-optimization/poscar/best/C1/Ir110_CO2/singlepoint/r2scan
Ir110,CO2,beef_vdw,relaxed,-0.307,-0.43,-0.120,Screened Perlmutter result: CO2_Ir110,
Ir110,CO2,beef_vdw,SPE,-0.266,-0.43,-0.164,Kestrel NSW=0 complex with converged relaxed slab and molecule references,/kfs3/scratch/jcho5/goad-global-optimization/poscar/best/C1/Ir110_CO2/singlepoint/beef_vdw
Ir110,DME,pbe,relaxed,—,-0.64,—,No previously published energy; current audit: Not converged. CH3OCH3_Ir110: molecule: ZBRENT: fatal error in bracketing; complex: converged; slab: converged; molecule: unfinished,
Ir110,DME,pbe,SPE,refs missing,-0.64,—,,
Ir110,DME,pbe_d3,relaxed,—,-0.64,—,No previously published energy; current audit: Not converged. CH3OCH3_Ir110: molecule: ZBRENT: fatal error in bracketing; complex: converged; slab: converged; molecule: unfinished,
Ir110,DME,pbe_d3,SPE,refs missing,-0.64,—,,
Ir110,DME,r2scan,relaxed,-0.751,-0.64,+0.108,Screened Perlmutter result: CH3OCH3_Ir110,
Ir110,DME,r2scan,SPE,+0.842,-0.64,-1.482,Kestrel NSW=0 complex with converged relaxed slab and molecule references,/kfs3/scratch/jcho5/goad-global-optimization/poscar/best/C2/Ir110_DME/singlepoint/r2scan
Ir110,DME,beef_vdw,relaxed,-0.952,-0.64,+0.309,Screened Perlmutter result: CH3OCH3_Ir110,
Ir110,DME,beef_vdw,SPE,+0.614,-0.64,-1.254,Kestrel NSW=0 complex with converged relaxed slab and molecule references,/kfs3/scratch/jcho5/goad-global-optimization/poscar/best/C2/Ir110_DME/singlepoint/beef_vdw
Ir110,H2O,pbe,relaxed,-0.612,-1.01,-0.397,Screened Perlmutter result: H2O_Ir110,
Ir110,H2O,pbe,SPE,-0.548,-1.01,-0.462,Kestrel NSW=0 complex with converged relaxed slab and molecule references,/kfs3/scratch/jcho5/goad-global-optimization/poscar/best/C0/Ir110_H2O/singlepoint/PBE
Ir110,H2O,pbe_d3,relaxed,-0.859,-1.01,-0.149,Screened Perlmutter result: H2O_Ir110,
Ir110,H2O,pbe_d3,SPE,-0.751,-1.01,-0.259,Kestrel NSW=0 complex with converged relaxed slab and molecule references,/kfs3/scratch/jcho5/goad-global-optimization/poscar/best/C0/Ir110_H2O/singlepoint/PBE_D3
Ir110,H2O,r2scan,relaxed,-0.744,-1.01,-0.265,Screened Perlmutter result: H2O_Ir110,
Ir110,H2O,r2scan,SPE,-0.589,-1.01,-0.421,Kestrel NSW=0 complex with converged relaxed slab and molecule references,/kfs3/scratch/jcho5/goad-global-optimization/poscar/best/C0/Ir110_H2O/singlepoint/r2scan
Ir110,H2O,beef_vdw,relaxed,-0.686,-1.01,-0.323,Screened Perlmutter result: H2O_Ir110,
Ir110,H2O,beef_vdw,SPE,-0.599,-1.01,-0.411,Kestrel NSW=0 complex with converged relaxed slab and molecule references,/kfs3/scratch/jcho5/goad-global-optimization/poscar/best/C0/Ir110_H2O/singlepoint/beef_vdw
Ir110,H2S,pbe,relaxed,-2.712,-2.79,-0.075,Screened Perlmutter result: H2S_Ir110,
Ir110,H2S,pbe,SPE,queued,-2.79,—,,
Ir110,H2S,pbe_d3,relaxed,-3.161,-2.79,+0.374,Screened Perlmutter result: H2S_Ir110,
Ir110,H2S,pbe_d3,SPE,queued,-2.79,—,,
Ir110,H2S,r2scan,relaxed,-2.868,-2.79,+0.081,Screened Perlmutter result: H2S_Ir110,
Ir110,H2S,r2scan,SPE,queued,-2.79,—,,
Ir110,H2S,beef_vdw,relaxed,-2.759,-2.79,-0.028,Screened Perlmutter result: H2S_Ir110,
Ir110,H2S,beef_vdw,SPE,queued,-2.79,—,,
Ir110,N2,pbe,relaxed,-1.099,-0.80,+0.295,Screened Perlmutter result: N2_Ir110,
Ir110,N2,pbe,SPE,queued,-0.80,—,,
Ir110,N2,pbe_d3,relaxed,-1.340,-0.80,+0.536,Screened Perlmutter result: N2_Ir110,
Ir110,N2,pbe_d3,SPE,queued,-0.80,—,,
Ir110,N2,r2scan,relaxed,—,-0.80,—,No previously published energy; current audit: Not converged. N2_Ir110: complex: ZBRENT: fatal error in bracketing; complex: unfinished; slab: converged; molecule: converged,
Ir110,N2,r2scan,SPE,queued,-0.80,—,,
Ir110,N2,beef_vdw,relaxed,-1.080,-0.80,+0.276,Screened Perlmutter result: N2_Ir110,
Ir110,N2,beef_vdw,SPE,queued,-0.80,—,,
Ir110,NH3,pbe,relaxed,-1.221,-1.64,-0.423,Screened Perlmutter result: NH3_Ir110,
Ir110,NH3,pbe,SPE,queued,-1.64,—,,
Ir110,NH3,pbe_d3,relaxed,-1.509,-1.64,-0.136,Screened Perlmutter result: NH3_Ir110,
Ir110,NH3,pbe_d3,SPE,queued,-1.64,—,,
Ir110,NH3,r2scan,relaxed,-1.321,-1.64,-0.324,Screened Perlmutter result: NH3_Ir110,
Ir110,NH3,r2scan,SPE,queued,-1.64,—,,
Ir110,NH3,beef_vdw,relaxed,-1.305,-1.64,-0.339,Screened Perlmutter result: NH3_Ir110,
Ir110,NH3,beef_vdw,SPE,queued,-1.64,—,,
Ir110,NO,pbe,relaxed,-3.261,-3.11,+0.152,Screened Perlmutter result: NO_Ir110,
Ir110,NO,pbe,SPE,queued,-3.11,—,,
Ir110,NO,pbe_d3,relaxed,-3.463,-3.11,+0.354,Screened Perlmutter result: NO_Ir110,
Ir110,NO,pbe_d3,SPE,queued,-3.11,—,,
Ir110,NO,r2scan,relaxed,—,-3.11,—,No previously published energy; current audit: Not converged. NO_Ir110: See component convergence statuses; complex: unfinished; slab: converged; molecule: ionic_unconverged,
Ir110,NO,r2scan,SPE,queued,-3.11,—,,
Ir110,NO,beef_vdw,relaxed,-9.826,-3.11,+6.717,Converged Perlmutter result; ENERGY REVIEW: |E_ads| > 5 eV; excluded from figure statistics. NO_Ir110,
Ir110,NO,beef_vdw,SPE,queued,-3.11,—,,
Ir110,SO2,pbe,relaxed,-2.382,-2.39,-0.010,Screened Perlmutter result: SO2_Ir110,
Ir110,SO2,pbe,SPE,queued,-2.39,—,,
Ir110,SO2,pbe_d3,relaxed,-2.915,-2.39,+0.523,Screened Perlmutter result: SO2_Ir110,
Ir110,SO2,pbe_d3,SPE,queued,-2.39,—,,
Ir110,SO2,r2scan,relaxed,-2.696,-2.39,+0.303,Screened Perlmutter result: SO2_Ir110,
Ir110,SO2,r2scan,SPE,queued,-2.39,—,,
Ir110,SO2,beef_vdw,relaxed,-2.490,-2.39,+0.098,Screened Perlmutter result: SO2_Ir110,
Ir110,SO2,beef_vdw,SPE,queued,-2.39,—,,
Ir110,acetaldehyde,pbe,relaxed,-0.788,-0.84,-0.054,Screened Perlmutter result: CH3CHO_Ir110,
Ir110,acetaldehyde,pbe,SPE,-0.528,-0.84,-0.312,Kestrel NSW=0 complex with converged relaxed slab and molecule references,/kfs3/scratch/jcho5/goad-global-optimization/poscar/best/C2/Ir110_acetaldehyde/singlepoint/PBE
Ir110,acetaldehyde,pbe_d3,relaxed,-1.117,-0.84,+0.274,Screened Perlmutter result: CH3CHO_Ir110,
Ir110,acetaldehyde,pbe_d3,SPE,-1.057,-0.84,+0.217,Kestrel NSW=0 complex with converged relaxed slab and molecule references,/kfs3/scratch/jcho5/goad-global-optimization/poscar/best/C2/Ir110_acetaldehyde/singlepoint/PBE_D3
Ir110,acetaldehyde,r2scan,relaxed,-0.868,-0.84,+0.026,Screened Perlmutter result: CH3CHO_Ir110,
Ir110,acetaldehyde,r2scan,SPE,-0.661,-0.84,-0.179,Kestrel NSW=0 complex with converged relaxed slab and molecule references,/kfs3/scratch/jcho5/goad-global-optimization/poscar/best/C2/Ir110_acetaldehyde/singlepoint/r2scan
Ir110,acetaldehyde,beef_vdw,relaxed,-0.950,-0.84,+0.108,Screened Perlmutter result: CH3CHO_Ir110,
Ir110,acetaldehyde,beef_vdw,SPE,-0.669,-0.84,-0.171,Kestrel NSW=0 complex with converged relaxed slab and molecule references,/kfs3/scratch/jcho5/goad-global-optimization/poscar/best/C2/Ir110_acetaldehyde/singlepoint/beef_vdw
Ir110,acetic_acid,pbe,relaxed,—,-0.95,—,No previously published energy; current audit: Not converged. CH3COOH_Ir110: molecule: ZBRENT: fatal error in bracketing; complex: converged; slab: converged; molecule: unfinished,
Ir110,acetic_acid,pbe,SPE,refs missing,-0.95,—,,
Ir110,acetic_acid,pbe_d3,relaxed,—,-0.95,—,No previously published energy; current audit: Not converged. CH3COOH_Ir110: molecule: ZBRENT: fatal error in bracketing; complex: converged; slab: converged; molecule: unfinished,
Ir110,acetic_acid,pbe_d3,SPE,refs missing,-0.95,—,,
Ir110,acetic_acid,r2scan,relaxed,-1.089,-0.95,+0.141,Screened Perlmutter result: CH3COOH_Ir110,
Ir110,acetic_acid,r2scan,SPE,-0.856,-0.95,-0.094,Perlmutter NSW=0 original ML POSCAR with converged relaxed slab and molecule references,/pscratch/sd/j/jcho5/VASP/dft_jobs/CH3COOH_Ir110/singlepoint/r2scan
Ir110,acetic_acid,beef_vdw,relaxed,-1.107,-0.95,+0.159,Screened Perlmutter result: CH3COOH_Ir110,
Ir110,acetic_acid,beef_vdw,SPE,+0.809,-0.95,-1.759,Kestrel NSW=0 complex with converged relaxed slab and molecule references,/kfs3/scratch/jcho5/goad-global-optimization/poscar/best/C2/Ir110_acetic_acid/singlepoint/beef_vdw
Ir110,ethane,pbe,relaxed,-0.079,-0.51,-0.426,Screened Perlmutter result: C2H6_Ir110,
Ir110,ethane,pbe,SPE,+0.679,-0.51,-1.189,Kestrel NSW=0 complex with converged relaxed slab and molecule references,/kfs3/scratch/jcho5/goad-global-optimization/poscar/best/C2/Ir110_ethane/singlepoint/PBE
Ir110,ethane,pbe_d3,relaxed,-0.632,-0.51,+0.126,Screened Perlmutter result: C2H6_Ir110,
Ir110,ethane,pbe_d3,SPE,+0.105,-0.51,-0.615,Kestrel NSW=0 complex with converged relaxed slab and molecule references,/kfs3/scratch/jcho5/goad-global-optimization/poscar/best/C2/Ir110_ethane/singlepoint/PBE_D3
Ir110,ethane,r2scan,relaxed,-0.188,-0.51,-0.318,Screened Perlmutter result: C2H6_Ir110,
Ir110,ethane,r2scan,SPE,+0.657,-0.51,-1.167,Kestrel NSW=0 complex with converged relaxed slab and molecule references,/kfs3/scratch/jcho5/goad-global-optimization/poscar/best/C2/Ir110_ethane/singlepoint/r2scan
Ir110,ethane,beef_vdw,relaxed,-0.412,-0.51,-0.094,Screened Perlmutter result: C2H6_Ir110,
Ir110,ethane,beef_vdw,SPE,+0.427,-0.51,-0.937,Kestrel NSW=0 complex with converged relaxed slab and molecule references,/kfs3/scratch/jcho5/goad-global-optimization/poscar/best/C2/Ir110_ethane/singlepoint/beef_vdw
Ir110,ethanol,pbe,relaxed,-0.701,-0.95,-0.246,Screened Perlmutter result: CH3CH2OH_Ir110,
Ir110,ethanol,pbe,SPE,+0.927,-0.95,-1.877,Kestrel NSW=0 complex with converged relaxed slab and molecule references,/kfs3/scratch/jcho5/goad-global-optimization/poscar/best/C2/Ir110_ethanol/singlepoint/PBE
Ir110,ethanol,pbe_d3,relaxed,-1.211,-0.95,+0.264,Screened Perlmutter result: CH3CH2OH_Ir110,
Ir110,ethanol,pbe_d3,SPE,+0.326,-0.95,-1.276,Kestrel NSW=0 complex with converged relaxed slab and molecule references,/kfs3/scratch/jcho5/goad-global-optimization/poscar/best/C2/Ir110_ethanol/singlepoint/PBE_D3
Ir110,ethanol,r2scan,relaxed,-0.879,-0.95,-0.068,Screened Perlmutter result: CH3CH2OH_Ir110,
Ir110,ethanol,r2scan,SPE,+0.894,-0.95,-1.844,Kestrel NSW=0 complex with converged relaxed slab and molecule references,/kfs3/scratch/jcho5/goad-global-optimization/poscar/best/C2/Ir110_ethanol/singlepoint/r2scan
Ir110,ethanol,beef_vdw,relaxed,-1.023,-0.95,+0.076,Screened Perlmutter result: CH3CH2OH_Ir110,
Ir110,ethanol,beef_vdw,SPE,+0.657,-0.95,-1.607,Kestrel NSW=0 complex with converged relaxed slab and molecule references,/kfs3/scratch/jcho5/goad-global-optimization/poscar/best/C2/Ir110_ethanol/singlepoint/beef_vdw
Ir110,ethene,pbe,relaxed,-1.804,-2.25,-0.442,Screened Perlmutter result: C2H4_Ir110,
Ir110,ethene,pbe,SPE,-1.595,-2.25,-0.655,Kestrel NSW=0 complex with converged relaxed slab and molecule references,/kfs3/scratch/jcho5/goad-global-optimization/poscar/best/C2/Ir110_ethene/singlepoint/PBE
Ir110,ethene,pbe_d3,relaxed,-2.185,-2.25,-0.060,Screened Perlmutter result: C2H4_Ir110,
Ir110,ethene,pbe_d3,SPE,-2.002,-2.25,-0.248,Kestrel NSW=0 complex with converged relaxed slab and molecule references,/kfs3/scratch/jcho5/goad-global-optimization/poscar/best/C2/Ir110_ethene/singlepoint/PBE_D3
Ir110,ethene,r2scan,relaxed,-1.878,-2.25,-0.367,Screened Perlmutter result: C2H4_Ir110,
Ir110,ethene,r2scan,SPE,-1.707,-2.25,-0.543,Kestrel NSW=0 complex with converged relaxed slab and molecule references,/kfs3/scratch/jcho5/goad-global-optimization/poscar/best/C2/Ir110_ethene/singlepoint/r2scan
Ir110,ethene,beef_vdw,relaxed,-1.876,-2.25,-0.370,Screened Perlmutter result: C2H4_Ir110,
Ir110,ethene,beef_vdw,SPE,-1.725,-2.25,-0.525,Kestrel NSW=0 complex with converged relaxed slab and molecule references,/kfs3/scratch/jcho5/goad-global-optimization/poscar/best/C2/Ir110_ethylene/singlepoint/beef_vdw
Ir110,formaldehyde,pbe,relaxed,-1.860,-2.04,-0.184,Screened Perlmutter result: H2CO_Ir110,
Ir110,formaldehyde,pbe,SPE,queued,-2.04,—,,
Ir110,formaldehyde,pbe_d3,relaxed,-2.156,-2.04,+0.111,Screened Perlmutter result: H2CO_Ir110,
Ir110,formaldehyde,pbe_d3,SPE,queued,-2.04,—,,
Ir110,formaldehyde,r2scan,relaxed,-1.885,-2.04,-0.159,Screened Perlmutter result: H2CO_Ir110,
Ir110,formaldehyde,r2scan,SPE,queued,-2.04,—,,
Ir110,formaldehyde,beef_vdw,relaxed,-1.872,-2.04,-0.172,Screened Perlmutter result: H2CO_Ir110,
Ir110,formaldehyde,beef_vdw,SPE,queued,-2.04,—,,
Ir110,formic_acid,pbe,relaxed,-0.866,-1.08,-0.219,Screened Perlmutter result: HCOOH_Ir110,
Ir110,formic_acid,pbe,SPE,queued,-1.08,—,,
Ir110,formic_acid,pbe_d3,relaxed,-1.266,-1.08,+0.182,Screened Perlmutter result: HCOOH_Ir110,
Ir110,formic_acid,pbe_d3,SPE,queued,-1.08,—,,
Ir110,formic_acid,r2scan,relaxed,—,-1.08,—,No previously published energy; current audit: Not converged. HCOOH_Ir110: See component convergence statuses; complex: unfinished; slab: converged; molecule: converged,
Ir110,formic_acid,r2scan,SPE,queued,-1.08,—,,
Ir110,formic_acid,beef_vdw,relaxed,-1.035,-1.08,-0.049,Screened Perlmutter result: HCOOH_Ir110,
Ir110,formic_acid,beef_vdw,SPE,queued,-1.08,—,,
Ir110,methane,pbe,relaxed,-0.026,-0.60,-0.576,Screened Perlmutter result: CH4_Ir110,
Ir110,methane,pbe,SPE,+0.025,-0.60,-0.625,Perlmutter NSW=0 original ML POSCAR with converged relaxed slab and molecule references,/pscratch/sd/j/jcho5/VASP/dft_jobs/CH4_Ir110/singlepoint/PBE
Ir110,methane,pbe_d3,relaxed,-0.246,-0.60,-0.356,Screened Perlmutter result: CH4_Ir110,
Ir110,methane,pbe_d3,SPE,-0.154,-0.60,-0.446,Perlmutter NSW=0 original ML POSCAR with converged relaxed slab and molecule references,/pscratch/sd/j/jcho5/VASP/dft_jobs/CH4_Ir110/singlepoint/PBE_D3
Ir110,methane,r2scan,relaxed,-0.095,-0.60,-0.508,Screened Perlmutter result: CH4_Ir110,
Ir110,methane,r2scan,SPE,-0.015,-0.60,-0.585,Perlmutter NSW=0 original ML POSCAR with converged relaxed slab and molecule references,/pscratch/sd/j/jcho5/VASP/dft_jobs/CH4_Ir110/singlepoint/r2scan
Ir110,methane,beef_vdw,relaxed,-0.230,-0.60,-0.373,Screened Perlmutter result: CH4_Ir110,
Ir110,methane,beef_vdw,SPE,-0.198,-0.60,-0.402,Perlmutter NSW=0 original ML POSCAR with converged relaxed slab and molecule references,/pscratch/sd/j/jcho5/VASP/dft_jobs/CH4_Ir110/singlepoint/beef_vdw
Ir110,methanol,pbe,relaxed,-0.683,-0.90,-0.215,Screened Perlmutter result: CH3OH_Ir110,
Ir110,methanol,pbe,SPE,-0.607,-0.90,-0.293,Perlmutter NSW=0 original ML POSCAR with converged relaxed slab and molecule references,/pscratch/sd/j/jcho5/VASP/dft_jobs/CH3OH_Ir110/singlepoint/PBE
Ir110,methanol,pbe_d3,relaxed,-1.077,-0.90,+0.179,Screened Perlmutter result: CH3OH_Ir110,
Ir110,methanol,pbe_d3,SPE,-0.954,-0.90,+0.054,Perlmutter NSW=0 original ML POSCAR with converged relaxed slab and molecule references,/pscratch/sd/j/jcho5/VASP/dft_jobs/CH3OH_Ir110/singlepoint/PBE_D3
Ir110,methanol,r2scan,relaxed,-0.828,-0.90,-0.070,Screened Perlmutter result: CH3OH_Ir110,
Ir110,methanol,r2scan,SPE,-0.676,-0.90,-0.224,Perlmutter NSW=0 original ML POSCAR with converged relaxed slab and molecule references,/pscratch/sd/j/jcho5/VASP/dft_jobs/CH3OH_Ir110/singlepoint/r2scan
Ir110,methanol,beef_vdw,relaxed,-0.893,-0.90,-0.006,Screened Perlmutter result: CH3OH_Ir110,
Ir110,methanol,beef_vdw,SPE,-0.813,-0.90,-0.087,Perlmutter NSW=0 original ML POSCAR with converged relaxed slab and molecule references,/pscratch/sd/j/jcho5/VASP/dft_jobs/CH3OH_Ir110/singlepoint/beef_vdw
Ir111,CH3,pbe,relaxed,-1.838,-2.61,-0.773,Screened Perlmutter result: CH3_Ir111,
Ir111,CH3,pbe,SPE,-1.796,-2.61,-0.814,Perlmutter NSW=0 original ML POSCAR with converged relaxed slab and molecule references,/pscratch/sd/j/jcho5/VASP/dft_jobs/CH3_Ir111/singlepoint/PBE
Ir111,CH3,pbe_d3,relaxed,-2.141,-2.61,-0.470,Screened Perlmutter result: CH3_Ir111,
Ir111,CH3,pbe_d3,SPE,-1.910,-2.61,-0.700,Perlmutter NSW=0 original ML POSCAR with converged relaxed slab and molecule references,/pscratch/sd/j/jcho5/VASP/dft_jobs/CH3_Ir111/singlepoint/PBE_D3
Ir111,CH3,r2scan,relaxed,-1.807,-2.61,-0.804,Screened Perlmutter result: CH3_Ir111,
Ir111,CH3,r2scan,SPE,-1.607,-2.61,-1.003,Perlmutter NSW=0 original ML POSCAR with converged relaxed slab and molecule references,/pscratch/sd/j/jcho5/VASP/dft_jobs/CH3_Ir111/singlepoint/r2scan
Ir111,CH3,beef_vdw,relaxed,-1.941,-2.61,-0.670,Screened Perlmutter result: CH3_Ir111,
Ir111,CH3,beef_vdw,SPE,-1.909,-2.61,-0.701,Perlmutter NSW=0 original ML POSCAR with converged relaxed slab and molecule references,/pscratch/sd/j/jcho5/VASP/dft_jobs/CH3_Ir111/singlepoint/beef_vdw
Ir111,CO,pbe,relaxed,-1.611,-2.40,-0.792,Screened Perlmutter result: CO_Ir111,
Ir111,CO,pbe,SPE,queued,-2.40,—,,
Ir111,CO,pbe_d3,relaxed,-1.859,-2.40,-0.544,Screened Perlmutter result: CO_Ir111,
Ir111,CO,pbe_d3,SPE,queued,-2.40,—,,
Ir111,CO,r2scan,relaxed,—,-2.40,—,No previously published energy; current audit: Not converged. CO_Ir111: See component convergence statuses; complex: unfinished; slab: converged; molecule: converged,
Ir111,CO,r2scan,SPE,queued,-2.40,—,,
Ir111,CO,beef_vdw,relaxed,-1.550,-2.40,-0.853,Screened Perlmutter result: CO_Ir111,
Ir111,CO,beef_vdw,SPE,queued,-2.40,—,,
Ir111,CO2,pbe,relaxed,-0.006,-0.40,-0.397,Screened Perlmutter result: CO2_Ir111,
Ir111,CO2,pbe,SPE,queued,-0.40,—,,
Ir111,CO2,pbe_d3,relaxed,—,-0.40,—,No previously published energy; current audit: Not converged. CO2_Ir111: See component convergence statuses; complex: converged; slab: converged; molecule: electronic_unconverged,
Ir111,CO2,pbe_d3,SPE,queued,-0.40,—,,
Ir111,CO2,r2scan,relaxed,-0.081,-0.40,-0.323,Screened Perlmutter result: CO2_Ir111,
Ir111,CO2,r2scan,SPE,queued,-0.40,—,,
Ir111,CO2,beef_vdw,relaxed,-0.260,-0.40,-0.143,Screened Perlmutter result: CO2_Ir111,
Ir111,CO2,beef_vdw,SPE,queued,-0.40,—,,
Ir111,DME,pbe,relaxed,-4.81,-0.43,+4.39,Previously published energy retained; current audit: Not converged. CH3OCH3_Ir111: molecule: ZBRENT: fatal error in bracketing; complex: converged; slab: converged; molecule: unfinished,
Ir111,DME,pbe,SPE,refs missing,-0.43,—,,
Ir111,DME,pbe_d3,relaxed,—,-0.43,—,No previously published energy; current audit: Not converged. CH3OCH3_Ir111: molecule: ZBRENT: fatal error in bracketing; complex: converged; slab: converged; molecule: unfinished,
Ir111,DME,pbe_d3,SPE,refs missing,-0.43,—,,
Ir111,DME,r2scan,relaxed,-0.49,-0.43,+0.07,Previously published energy retained; current audit: Not converged. CH3OCH3_Ir111: See component convergence statuses; complex: unfinished; slab: converged; molecule: converged,
Ir111,DME,r2scan,SPE,-0.283,-0.43,-0.147,Perlmutter NSW=0 original ML POSCAR with converged relaxed slab and molecule references,/pscratch/sd/j/jcho5/VASP/dft_jobs/CH3OCH3_Ir111/singlepoint/r2scan
Ir111,DME,beef_vdw,relaxed,-0.626,-0.43,+0.198,Screened Perlmutter result: CH3OCH3_Ir111,
Ir111,DME,beef_vdw,SPE,-0.587,-0.43,+0.157,Perlmutter NSW=0 original ML POSCAR with converged relaxed slab and molecule references,/pscratch/sd/j/jcho5/VASP/dft_jobs/CH3OCH3_Ir111/singlepoint/beef_vdw
Ir111,H2O,pbe,relaxed,-0.311,-0.80,-0.492,Screened Perlmutter result: H2O_Ir111,
Ir111,H2O,pbe,SPE,queued,-0.80,—,,
Ir111,H2O,pbe_d3,relaxed,-0.556,-0.80,-0.247,Screened Perlmutter result: H2O_Ir111,
Ir111,H2O,pbe_d3,SPE,queued,-0.80,—,,
Ir111,H2O,r2scan,relaxed,-0.488,-0.80,-0.315,Screened Perlmutter result: H2O_Ir111,
Ir111,H2O,r2scan,SPE,queued,-0.80,—,,
Ir111,H2O,beef_vdw,relaxed,-0.421,-0.80,-0.382,Screened Perlmutter result: H2O_Ir111,
Ir111,H2O,beef_vdw,SPE,queued,-0.80,—,,
Ir111,H2S,pbe,relaxed,-0.742,-1.13,-0.391,Screened Perlmutter result: H2S_Ir111,
Ir111,H2S,pbe,SPE,queued,-1.13,—,,
Ir111,H2S,pbe_d3,relaxed,-1.172,-1.13,+0.039,Screened Perlmutter result: H2S_Ir111,
Ir111,H2S,pbe_d3,SPE,queued,-1.13,—,,
Ir111,H2S,r2scan,relaxed,-0.933,-1.13,-0.201,Screened Perlmutter result: H2S_Ir111,
Ir111,H2S,r2scan,SPE,queued,-1.13,—,,
Ir111,H2S,beef_vdw,relaxed,-0.898,-1.13,-0.235,Screened Perlmutter result: H2S_Ir111,
Ir111,H2S,beef_vdw,SPE,queued,-1.13,—,,
Ir111,N2,pbe,relaxed,-0.393,-0.61,-0.220,Screened Perlmutter result: N2_Ir111,
Ir111,N2,pbe,SPE,queued,-0.61,—,,
Ir111,N2,pbe_d3,relaxed,-0.675,-0.61,+0.062,Screened Perlmutter result: N2_Ir111,
Ir111,N2,pbe_d3,SPE,queued,-0.61,—,,
Ir111,N2,r2scan,relaxed,—,-0.61,—,No previously published energy; current audit: Not converged. N2_Ir111: See component convergence statuses; complex: unfinished; slab: converged; molecule: converged,
Ir111,N2,r2scan,SPE,queued,-0.61,—,,
Ir111,N2,beef_vdw,relaxed,-0.432,-0.61,-0.181,Screened Perlmutter result: N2_Ir111,
Ir111,N2,beef_vdw,SPE,queued,-0.61,—,,
Ir111,NH3,pbe,relaxed,-0.989,-1.57,-0.580,Screened Perlmutter result: NH3_Ir111,
Ir111,NH3,pbe,SPE,queued,-1.57,—,,
Ir111,NH3,pbe_d3,relaxed,-1.318,-1.57,-0.250,Screened Perlmutter result: NH3_Ir111,
Ir111,NH3,pbe_d3,SPE,queued,-1.57,—,,
Ir111,NH3,r2scan,relaxed,-1.178,-1.57,-0.390,Screened Perlmutter result: NH3_Ir111,
Ir111,NH3,r2scan,SPE,queued,-1.57,—,,
Ir111,NH3,beef_vdw,relaxed,-1.078,-1.57,-0.490,Screened Perlmutter result: NH3_Ir111,
Ir111,NH3,beef_vdw,SPE,queued,-1.57,—,,
Ir111,NO,pbe,relaxed,-2.253,-2.50,-0.246,Screened Perlmutter result: NO_Ir111,
Ir111,NO,pbe,SPE,queued,-2.50,—,,
Ir111,NO,pbe_d3,relaxed,-2.508,-2.50,+0.010,Screened Perlmutter result: NO_Ir111,
Ir111,NO,pbe_d3,SPE,queued,-2.50,—,,
Ir111,NO,r2scan,relaxed,—,-2.50,—,No previously published energy; current audit: Not converged. NO_Ir111: See component convergence statuses; complex: unfinished; slab: converged; molecule: ionic_unconverged,
Ir111,NO,r2scan,SPE,queued,-2.50,—,,
Ir111,NO,beef_vdw,relaxed,-8.858,-2.50,+6.360,Converged Perlmutter result; ENERGY REVIEW: |E_ads| > 5 eV; excluded from figure statistics. NO_Ir111,
Ir111,NO,beef_vdw,SPE,queued,-2.50,—,,
Ir111,SO2,pbe,relaxed,-1.061,-1.45,-0.394,Screened Perlmutter result: SO2_Ir111,
Ir111,SO2,pbe,SPE,queued,-1.45,—,,
Ir111,SO2,pbe_d3,relaxed,-1.601,-1.45,+0.146,Screened Perlmutter result: SO2_Ir111,
Ir111,SO2,pbe_d3,SPE,queued,-1.45,—,,
Ir111,SO2,r2scan,relaxed,-1.511,-1.45,+0.056,Screened Perlmutter result: SO2_Ir111,
Ir111,SO2,r2scan,SPE,queued,-1.45,—,,
Ir111,SO2,beef_vdw,relaxed,-1.266,-1.45,-0.188,Screened Perlmutter result: SO2_Ir111,
Ir111,SO2,beef_vdw,SPE,queued,-1.45,—,,
Ir111,acetaldehyde,pbe,relaxed,-0.354,-0.64,-0.291,Screened Perlmutter result: CH3CHO_Ir111,
Ir111,acetaldehyde,pbe,SPE,-0.308,-0.64,-0.332,Perlmutter NSW=0 original ML POSCAR with converged relaxed slab and molecule references,/pscratch/sd/j/jcho5/VASP/dft_jobs/CH3CHO_Ir111/singlepoint/PBE
Ir111,acetaldehyde,pbe_d3,relaxed,-0.728,-0.64,+0.083,Screened Perlmutter result: CH3CHO_Ir111,
Ir111,acetaldehyde,pbe_d3,SPE,-0.478,-0.64,-0.162,Perlmutter NSW=0 original ML POSCAR with converged relaxed slab and molecule references,/pscratch/sd/j/jcho5/VASP/dft_jobs/CH3CHO_Ir111/singlepoint/PBE_D3
Ir111,acetaldehyde,r2scan,relaxed,-0.583,-0.64,-0.062,Screened Perlmutter result: CH3CHO_Ir111,
Ir111,acetaldehyde,r2scan,SPE,-0.356,-0.64,-0.284,Perlmutter NSW=0 original ML POSCAR with converged relaxed slab and molecule references,/pscratch/sd/j/jcho5/VASP/dft_jobs/CH3CHO_Ir111/singlepoint/r2scan
Ir111,acetaldehyde,beef_vdw,relaxed,-0.593,-0.64,-0.052,Screened Perlmutter result: CH3CHO_Ir111,
Ir111,acetaldehyde,beef_vdw,SPE,-0.557,-0.64,-0.083,Perlmutter NSW=0 original ML POSCAR with converged relaxed slab and molecule references,/pscratch/sd/j/jcho5/VASP/dft_jobs/CH3CHO_Ir111/singlepoint/beef_vdw
Ir111,acetic_acid,pbe,relaxed,—,-0.83,—,No previously published energy; current audit: Not converged. CH3COOH_Ir111: molecule: ZBRENT: fatal error in bracketing; complex: converged; slab: converged; molecule: unfinished,
Ir111,acetic_acid,pbe,SPE,refs missing,-0.83,—,,
Ir111,acetic_acid,pbe_d3,relaxed,—,-0.83,—,No previously published energy; current audit: Not converged. CH3COOH_Ir111: molecule: ZBRENT: fatal error in bracketing; complex: converged; slab: converged; molecule: unfinished,
Ir111,acetic_acid,pbe_d3,SPE,refs missing,-0.83,—,,
Ir111,acetic_acid,r2scan,relaxed,-0.65,-0.83,-0.18,Previously published energy retained; current audit: Not converged. CH3COOH_Ir111: See component convergence statuses; complex: unfinished; slab: converged; molecule: converged,
Ir111,acetic_acid,r2scan,SPE,-0.409,-0.83,-0.421,Perlmutter NSW=0 original ML POSCAR with converged relaxed slab and molecule references,/pscratch/sd/j/jcho5/VASP/dft_jobs/CH3COOH_Ir111/singlepoint/r2scan
Ir111,acetic_acid,beef_vdw,relaxed,-0.666,-0.83,-0.160,Screened Perlmutter result: CH3COOH_Ir111,
Ir111,acetic_acid,beef_vdw,SPE,-0.598,-0.83,-0.232,Perlmutter NSW=0 original ML POSCAR with converged relaxed slab and molecule references,/pscratch/sd/j/jcho5/VASP/dft_jobs/CH3COOH_Ir111/singlepoint/beef_vdw
Ir111,ethane,pbe,relaxed,-0.005,-0.38,-0.371,Screened Perlmutter result: C2H6_Ir111,
Ir111,ethane,pbe,SPE,+0.102,-0.38,-0.482,Perlmutter NSW=0 original ML POSCAR with converged relaxed slab and molecule references,/pscratch/sd/j/jcho5/VASP/dft_jobs/C2H6_Ir111/singlepoint/PBE
Ir111,ethane,pbe_d3,relaxed,-0.346,-0.38,-0.030,Screened Perlmutter result: C2H6_Ir111,
Ir111,ethane,pbe_d3,SPE,-0.097,-0.38,-0.283,Perlmutter NSW=0 original ML POSCAR with converged relaxed slab and molecule references,/pscratch/sd/j/jcho5/VASP/dft_jobs/C2H6_Ir111/singlepoint/PBE_D3
Ir111,ethane,r2scan,relaxed,-0.073,-0.38,-0.303,Screened Perlmutter result: C2H6_Ir111,
Ir111,ethane,r2scan,SPE,+0.156,-0.38,-0.536,Perlmutter NSW=0 original ML POSCAR with converged relaxed slab and molecule references,/pscratch/sd/j/jcho5/VASP/dft_jobs/C2H6_Ir111/singlepoint/r2scan
Ir111,ethane,beef_vdw,relaxed,-0.314,-0.38,-0.061,Screened Perlmutter result: C2H6_Ir111,
Ir111,ethane,beef_vdw,SPE,-0.251,-0.38,-0.129,Perlmutter NSW=0 original ML POSCAR with converged relaxed slab and molecule references,/pscratch/sd/j/jcho5/VASP/dft_jobs/C2H6_Ir111/singlepoint/beef_vdw
Ir111,ethanol,pbe,relaxed,-0.335,-0.64,-0.305,Screened Perlmutter result: CH3CH2OH_Ir111,
Ir111,ethanol,pbe,SPE,-0.279,-0.64,-0.361,Perlmutter NSW=0 original ML POSCAR with converged relaxed slab and molecule references,/pscratch/sd/j/jcho5/VASP/dft_jobs/CH3CH2OH_Ir111/singlepoint/PBE
Ir111,ethanol,pbe_d3,relaxed,-0.868,-0.64,+0.229,Screened Perlmutter result: CH3CH2OH_Ir111,
Ir111,ethanol,pbe_d3,SPE,-0.618,-0.64,-0.022,Perlmutter NSW=0 original ML POSCAR with converged relaxed slab and molecule references,/pscratch/sd/j/jcho5/VASP/dft_jobs/CH3CH2OH_Ir111/singlepoint/PBE_D3
Ir111,ethanol,r2scan,relaxed,-0.600,-0.64,-0.039,Screened Perlmutter result: CH3CH2OH_Ir111,
Ir111,ethanol,r2scan,SPE,-0.378,-0.64,-0.262,Perlmutter NSW=0 original ML POSCAR with converged relaxed slab and molecule references,/pscratch/sd/j/jcho5/VASP/dft_jobs/CH3CH2OH_Ir111/singlepoint/r2scan
Ir111,ethanol,beef_vdw,relaxed,-0.685,-0.64,+0.046,Screened Perlmutter result: CH3CH2OH_Ir111,
Ir111,ethanol,beef_vdw,SPE,-0.622,-0.64,-0.018,Perlmutter NSW=0 original ML POSCAR with converged relaxed slab and molecule references,/pscratch/sd/j/jcho5/VASP/dft_jobs/CH3CH2OH_Ir111/singlepoint/beef_vdw
Ir111,ethene,pbe,relaxed,-0.794,-1.37,-0.577,Screened Perlmutter result: C2H4_Ir111,
Ir111,ethene,pbe,SPE,-0.706,-1.37,-0.664,Perlmutter NSW=0 original ML POSCAR with converged relaxed slab and molecule references,/pscratch/sd/j/jcho5/VASP/dft_jobs/C2H4_Ir111/singlepoint/PBE
Ir111,ethene,pbe_d3,relaxed,-1.262,-1.37,-0.109,Screened Perlmutter result: C2H4_Ir111,
Ir111,ethene,pbe_d3,SPE,-0.977,-1.37,-0.393,Perlmutter NSW=0 original ML POSCAR with converged relaxed slab and molecule references,/pscratch/sd/j/jcho5/VASP/dft_jobs/C2H4_Ir111/singlepoint/PBE_D3
Ir111,ethene,r2scan,relaxed,-1.061,-1.37,-0.310,Screened Perlmutter result: C2H4_Ir111,
Ir111,ethene,r2scan,SPE,-0.797,-1.37,-0.573,Perlmutter NSW=0 original ML POSCAR with converged relaxed slab and molecule references,/pscratch/sd/j/jcho5/VASP/dft_jobs/C2H4_Ir111/singlepoint/r2scan
Ir111,ethene,beef_vdw,relaxed,-1.006,-1.37,-0.365,Screened Perlmutter result: C2H4_Ir111,
Ir111,ethene,beef_vdw,SPE,-0.923,-1.37,-0.447,Perlmutter NSW=0 original ML POSCAR with converged relaxed slab and molecule references,/pscratch/sd/j/jcho5/VASP/dft_jobs/C2H4_Ir111/singlepoint/beef_vdw
Ir111,formaldehyde,pbe,relaxed,-0.273,-0.60,-0.323,Screened Perlmutter result: H2CO_Ir111,
Ir111,formaldehyde,pbe,SPE,queued,-0.60,—,,
Ir111,formaldehyde,pbe_d3,relaxed,-0.594,-0.60,-0.002,Screened Perlmutter result: H2CO_Ir111,
Ir111,formaldehyde,pbe_d3,SPE,queued,-0.60,—,,
Ir111,formaldehyde,r2scan,relaxed,—,-0.60,—,No previously published energy; current audit: Not converged. H2CO_Ir111: See component convergence statuses; complex: unfinished; slab: converged; molecule: converged,
Ir111,formaldehyde,r2scan,SPE,queued,-0.60,—,,
Ir111,formaldehyde,beef_vdw,relaxed,-0.465,-0.60,-0.131,Screened Perlmutter result: H2CO_Ir111,
Ir111,formaldehyde,beef_vdw,SPE,queued,-0.60,—,,
Ir111,formic_acid,pbe,relaxed,-0.347,-0.84,-0.488,Screened Perlmutter result: HCOOH_Ir111,
Ir111,formic_acid,pbe,SPE,queued,-0.84,—,,
Ir111,formic_acid,pbe_d3,relaxed,-0.751,-0.84,-0.084,Screened Perlmutter result: HCOOH_Ir111,
Ir111,formic_acid,pbe_d3,SPE,queued,-0.84,—,,
Ir111,formic_acid,r2scan,relaxed,—,-0.84,—,No previously published energy; current audit: Not converged. HCOOH_Ir111: See component convergence statuses; complex: unfinished; slab: converged; molecule: converged,
Ir111,formic_acid,r2scan,SPE,queued,-0.84,—,,
Ir111,formic_acid,beef_vdw,relaxed,-0.555,-0.84,-0.280,Screened Perlmutter result: HCOOH_Ir111,
Ir111,formic_acid,beef_vdw,SPE,queued,-0.84,—,,
Ir111,methane,pbe,relaxed,-0.000,-0.53,-0.531,Screened Perlmutter result: CH4_Ir111,
Ir111,methane,pbe,SPE,+0.096,-0.53,-0.626,Perlmutter NSW=0 original ML POSCAR with converged relaxed slab and molecule references,/pscratch/sd/j/jcho5/VASP/dft_jobs/CH4_Ir111/singlepoint/PBE
Ir111,methane,pbe_d3,relaxed,-0.215,-0.53,-0.316,Screened Perlmutter result: CH4_Ir111,
Ir111,methane,pbe_d3,SPE,+0.031,-0.53,-0.561,Perlmutter NSW=0 original ML POSCAR with converged relaxed slab and molecule references,/pscratch/sd/j/jcho5/VASP/dft_jobs/CH4_Ir111/singlepoint/PBE_D3
Ir111,methane,r2scan,relaxed,-0.043,-0.53,-0.488,Screened Perlmutter result: CH4_Ir111,
Ir111,methane,r2scan,SPE,running,-0.53,—,,
Ir111,methane,beef_vdw,relaxed,-0.214,-0.53,-0.317,Screened Perlmutter result: CH4_Ir111,
Ir111,methane,beef_vdw,SPE,-0.150,-0.53,-0.380,Perlmutter NSW=0 original ML POSCAR with converged relaxed slab and molecule references,/pscratch/sd/j/jcho5/VASP/dft_jobs/CH4_Ir111/singlepoint/beef_vdw
Ir111,methanol,pbe,relaxed,-0.344,-0.70,-0.359,Screened Perlmutter result: CH3OH_Ir111,
Ir111,methanol,pbe,SPE,-0.296,-0.70,-0.404,Perlmutter NSW=0 original ML POSCAR with converged relaxed slab and molecule references,/pscratch/sd/j/jcho5/VASP/dft_jobs/CH3OH_Ir111/singlepoint/PBE
Ir111,methanol,pbe_d3,relaxed,-0.754,-0.70,+0.051,Screened Perlmutter result: CH3OH_Ir111,
Ir111,methanol,pbe_d3,SPE,-0.496,-0.70,-0.204,Perlmutter NSW=0 original ML POSCAR with converged relaxed slab and molecule references,/pscratch/sd/j/jcho5/VASP/dft_jobs/CH3OH_Ir111/singlepoint/PBE_D3
Ir111,methanol,r2scan,relaxed,-0.58,-0.70,-0.12,Previously published energy retained; current audit: Not converged. CH3OH_Ir111: See component convergence statuses; complex: unfinished; slab: converged; molecule: converged,
Ir111,methanol,r2scan,SPE,-0.354,-0.70,-0.346,Perlmutter NSW=0 original ML POSCAR with converged relaxed slab and molecule references,/pscratch/sd/j/jcho5/VASP/dft_jobs/CH3OH_Ir111/singlepoint/r2scan
Ir111,methanol,beef_vdw,relaxed,-0.602,-0.70,-0.101,Screened Perlmutter result: CH3OH_Ir111,
Ir111,methanol,beef_vdw,SPE,-0.552,-0.70,-0.148,Perlmutter NSW=0 original ML POSCAR with converged relaxed slab and molecule references,/pscratch/sd/j/jcho5/VASP/dft_jobs/CH3OH_Ir111/singlepoint/beef_vdw
Pd100,CH3,pbe,relaxed,-1.945,-2.50,-0.555,Screened Perlmutter result: CH3_Pd100,
Pd100,CH3,pbe,SPE,-1.920,-2.50,-0.580,Perlmutter NSW=0 original ML POSCAR with converged relaxed slab and molecule references,/pscratch/sd/j/jcho5/VASP/dft_jobs/CH3_Pd100/singlepoint/PBE
Pd100,CH3,pbe_d3,relaxed,-2.204,-2.50,-0.296,Screened Perlmutter result: CH3_Pd100,
Pd100,CH3,pbe_d3,SPE,-2.131,-2.50,-0.369,Perlmutter NSW=0 original ML POSCAR with converged relaxed slab and molecule references,/pscratch/sd/j/jcho5/VASP/dft_jobs/CH3_Pd100/singlepoint/PBE_D3
Pd100,CH3,r2scan,relaxed,-1.995,-2.50,-0.505,Screened Perlmutter result: CH3_Pd100,
Pd100,CH3,r2scan,SPE,-1.949,-2.50,-0.551,Perlmutter NSW=0 original ML POSCAR with converged relaxed slab and molecule references,/pscratch/sd/j/jcho5/VASP/dft_jobs/CH3_Pd100/singlepoint/r2scan
Pd100,CH3,beef_vdw,relaxed,-19.582,-2.50,+17.082,Converged Perlmutter result; ENERGY REVIEW: |E_ads| > 5 eV; excluded from figure statistics. CH3_Pd100,
Pd100,CH3,beef_vdw,SPE,-19.467,-2.50,+16.967,Perlmutter converged NSW=0 result; ENERGY REVIEW: |E_ads| > 5 eV; excluded from figure statistics,/pscratch/sd/j/jcho5/VASP/dft_jobs/CH3_Pd100/singlepoint/beef_vdw
Pd100,CO,pbe,relaxed,-2.084,-2.31,-0.230,Screened Perlmutter result: CO_Pd100,
Pd100,CO,pbe,SPE,queued,-2.31,—,,
Pd100,CO,pbe_d3,relaxed,-2.333,-2.31,+0.019,Screened Perlmutter result: CO_Pd100,
Pd100,CO,pbe_d3,SPE,queued,-2.31,—,,
Pd100,CO,r2scan,relaxed,-2.257,-2.31,-0.057,Screened Perlmutter result: CO_Pd100,
Pd100,CO,r2scan,SPE,queued,-2.31,—,,
Pd100,CO,beef_vdw,relaxed,-19.550,-2.31,+17.236,Converged Perlmutter result; ENERGY REVIEW: |E_ads| > 5 eV; excluded from figure statistics. CO_Pd100,
Pd100,CO,beef_vdw,SPE,queued,-2.31,—,,
Pd100,CO2,pbe,relaxed,-0.39,-0.47,-0.08,"Previously published energy retained; current audit: Slab size mismatch. CO2_Pd100: slab size mismatch: complex has 64 Pd, reference has 36; complex: converged; slab: converged; molecule: converged",
Pd100,CO2,pbe,SPE,-0.012,-0.47,-0.459,Previously published single-point result,
Pd100,CO2,pbe_d3,relaxed,—,-0.47,—,"No previously published energy; current audit: Slab size mismatch. CO2_Pd100: slab size mismatch: complex has 64 Pd, reference has 36; complex: converged; slab: converged; molecule: electronic_unconverged",
Pd100,CO2,pbe_d3,SPE,queued,-0.47,—,,
Pd100,CO2,r2scan,relaxed,-0.64,-0.47,+0.17,"Previously published energy retained; current audit: Slab size mismatch. CO2_Pd100: slab size mismatch: complex has 64 Pd, reference has 36; complex: unfinished; slab: converged; molecule: converged",
Pd100,CO2,r2scan,SPE,-0.012,-0.47,-0.459,Previously published single-point result,
Pd100,CO2,beef_vdw,relaxed,-31.873,-0.47,+31.403,"Shared stored references; converged components, matching functional/composition/full slab cell and stored core settings. Archived Kestrel records retain their source provenance. POTCAR variants allowed; no energy scaling or offsets. Slab: /kfs3/scratch/jcho5/goad-global-optimization/vasp_slab/Pd100_n64/beef_vdw ENERGY REVIEW: |E_ads| > 5 eV.",
Pd100,CO2,beef_vdw,SPE,-0.187,-0.47,-0.284,Previously published single-point result,
Pd100,DME,pbe,relaxed,-4.98,-0.51,+4.47,Previously published energy retained; current audit: Not converged. CH3OCH3_Pd100: molecule: ZBRENT: fatal error in bracketing; complex: converged; slab: converged; molecule: unfinished,
Pd100,DME,pbe,SPE,refs missing,-0.51,—,,
Pd100,DME,pbe_d3,relaxed,—,-0.51,—,No previously published energy; current audit: Not converged. CH3OCH3_Pd100: molecule: ZBRENT: fatal error in bracketing; complex: converged; slab: converged; molecule: unfinished,
Pd100,DME,pbe_d3,SPE,refs missing,-0.51,—,,
Pd100,DME,r2scan,relaxed,-0.688,-0.51,+0.174,Screened Perlmutter result: CH3OCH3_Pd100,
Pd100,DME,r2scan,SPE,-0.616,-0.51,+0.106,Perlmutter NSW=0 original ML POSCAR with converged relaxed slab and molecule references,/pscratch/sd/j/jcho5/VASP/dft_jobs/CH3OCH3_Pd100/singlepoint/r2scan
Pd100,DME,beef_vdw,relaxed,-18.349,-0.51,+17.835,Converged Perlmutter result; ENERGY REVIEW: |E_ads| > 5 eV; excluded from figure statistics. CH3OCH3_Pd100,
Pd100,DME,beef_vdw,SPE,-18.197,-0.51,+17.687,Perlmutter converged NSW=0 result; ENERGY REVIEW: |E_ads| > 5 eV; excluded from figure statistics,/pscratch/sd/j/jcho5/VASP/dft_jobs/CH3OCH3_Pd100/singlepoint/beef_vdw
Pd100,H2O,pbe,relaxed,-0.436,-0.73,-0.296,Screened Perlmutter result: H2O_Pd100,
Pd100,H2O,pbe,SPE,queued,-0.73,—,,
Pd100,H2O,pbe_d3,relaxed,-0.664,-0.73,-0.068,Screened Perlmutter result: H2O_Pd100,
Pd100,H2O,pbe_d3,SPE,queued,-0.73,—,,
Pd100,H2O,r2scan,relaxed,-0.629,-0.73,-0.104,Screened Perlmutter result: H2O_Pd100,
Pd100,H2O,r2scan,SPE,queued,-0.73,—,,
Pd100,H2O,beef_vdw,relaxed,-18.118,-0.73,+17.386,Converged Perlmutter result; ENERGY REVIEW: |E_ads| > 5 eV; excluded from figure statistics. H2O_Pd100,
Pd100,H2O,beef_vdw,SPE,queued,-0.73,—,,
Pd100,H2S,pbe,relaxed,-0.932,-1.21,-0.280,Screened Perlmutter result: H2S_Pd100,
Pd100,H2S,pbe,SPE,queued,-1.21,—,,
Pd100,H2S,pbe_d3,relaxed,-1.369,-1.21,+0.157,Screened Perlmutter result: H2S_Pd100,
Pd100,H2S,pbe_d3,SPE,queued,-1.21,—,,
Pd100,H2S,r2scan,relaxed,-1.156,-1.21,-0.056,Screened Perlmutter result: H2S_Pd100,
Pd100,H2S,r2scan,SPE,queued,-1.21,—,,
Pd100,H2S,beef_vdw,relaxed,-18.615,-1.21,+17.403,Converged Perlmutter result; ENERGY REVIEW: |E_ads| > 5 eV; excluded from figure statistics. H2S_Pd100,
Pd100,H2S,beef_vdw,SPE,queued,-1.21,—,,
Pd100,N2,pbe,relaxed,-0.512,-0.48,+0.037,Screened Perlmutter result: N2_Pd100,
Pd100,N2,pbe,SPE,queued,-0.48,—,,
Pd100,N2,pbe_d3,relaxed,-0.758,-0.48,+0.282,Screened Perlmutter result: N2_Pd100,
Pd100,N2,pbe_d3,SPE,queued,-0.48,—,,
Pd100,N2,r2scan,relaxed,-0.660,-0.48,+0.185,Screened Perlmutter result: N2_Pd100,
Pd100,N2,r2scan,SPE,queued,-0.48,—,,
Pd100,N2,beef_vdw,relaxed,—,-0.48,—,No previously published energy; current audit: Not converged. N2_Pd100: complex: ZBRENT: fatal error in bracketing; complex: unfinished; slab: converged; molecule: converged,
Pd100,N2,beef_vdw,SPE,queued,-0.48,—,,
Pd100,NH3,pbe,relaxed,-0.956,-1.34,-0.381,Screened Perlmutter result: NH3_Pd100,
Pd100,NH3,pbe,SPE,queued,-1.34,—,,
Pd100,NH3,pbe_d3,relaxed,-1.231,-1.34,-0.106,Screened Perlmutter result: NH3_Pd100,
Pd100,NH3,pbe_d3,SPE,queued,-1.34,—,,
Pd100,NH3,r2scan,relaxed,-1.146,-1.34,-0.192,Screened Perlmutter result: NH3_Pd100,
Pd100,NH3,r2scan,SPE,queued,-1.34,—,,
Pd100,NH3,beef_vdw,relaxed,-18.615,-1.34,+17.277,Converged Perlmutter result; ENERGY REVIEW: |E_ads| > 5 eV; excluded from figure statistics. NH3_Pd100,
Pd100,NH3,beef_vdw,SPE,queued,-1.34,—,,
Pd100,NO,pbe,relaxed,-2.626,-2.37,+0.259,Screened Perlmutter result: NO_Pd100,
Pd100,NO,pbe,SPE,queued,-2.37,—,,
Pd100,NO,pbe_d3,relaxed,-2.877,-2.37,+0.510,Screened Perlmutter result: NO_Pd100,
Pd100,NO,pbe_d3,SPE,queued,-2.37,—,,
Pd100,NO,r2scan,relaxed,—,-2.37,—,No previously published energy; current audit: Not converged. NO_Pd100: See component convergence statuses; complex: converged; slab: converged; molecule: ionic_unconverged,
Pd100,NO,r2scan,SPE,queued,-2.37,—,,
Pd100,NO,beef_vdw,relaxed,-26.728,-2.37,+24.361,Converged Perlmutter result; ENERGY REVIEW: |E_ads| > 5 eV; excluded from figure statistics. NO_Pd100,
Pd100,NO,beef_vdw,SPE,queued,-2.37,—,,
Pd100,SO2,pbe,relaxed,-1.522,-1.68,-0.161,Screened Perlmutter result: SO2_Pd100,
Pd100,SO2,pbe,SPE,queued,-1.68,—,,
Pd100,SO2,pbe_d3,relaxed,-2.077,-1.68,+0.394,Screened Perlmutter result: SO2_Pd100,
Pd100,SO2,pbe_d3,SPE,queued,-1.68,—,,
Pd100,SO2,r2scan,relaxed,-2.048,-1.68,+0.365,Screened Perlmutter result: SO2_Pd100,
Pd100,SO2,r2scan,SPE,queued,-1.68,—,,
Pd100,SO2,beef_vdw,relaxed,-19.207,-1.68,+17.524,Converged Perlmutter result; ENERGY REVIEW: |E_ads| > 5 eV; excluded from figure statistics. SO2_Pd100,
Pd100,SO2,beef_vdw,SPE,queued,-1.68,—,,
Pd100,acetaldehyde,pbe,relaxed,-0.434,-0.71,-0.274,Screened Perlmutter result: CH3CHO_Pd100,
Pd100,acetaldehyde,pbe,SPE,-0.380,-0.71,-0.330,Perlmutter NSW=0 original ML POSCAR with converged relaxed slab and molecule references,/pscratch/sd/j/jcho5/VASP/dft_jobs/CH3CHO_Pd100/singlepoint/PBE
Pd100,acetaldehyde,pbe_d3,relaxed,-0.834,-0.71,+0.127,Screened Perlmutter result: CH3CHO_Pd100,
Pd100,acetaldehyde,pbe_d3,SPE,-0.743,-0.71,+0.033,Perlmutter NSW=0 original ML POSCAR with converged relaxed slab and molecule references,/pscratch/sd/j/jcho5/VASP/dft_jobs/CH3CHO_Pd100/singlepoint/PBE_D3
Pd100,acetaldehyde,r2scan,relaxed,-0.685,-0.71,-0.022,Screened Perlmutter result: CH3CHO_Pd100,
Pd100,acetaldehyde,r2scan,SPE,-0.624,-0.71,-0.086,Perlmutter NSW=0 original ML POSCAR with converged relaxed slab and molecule references,/pscratch/sd/j/jcho5/VASP/dft_jobs/CH3CHO_Pd100/singlepoint/r2scan
Pd100,acetaldehyde,beef_vdw,relaxed,-18.287,-0.71,+17.580,Converged Perlmutter result; ENERGY REVIEW: |E_ads| > 5 eV; excluded from figure statistics. CH3CHO_Pd100,
Pd100,acetaldehyde,beef_vdw,SPE,-18.130,-0.71,+17.420,Perlmutter converged NSW=0 result; ENERGY REVIEW: |E_ads| > 5 eV; excluded from figure statistics,/pscratch/sd/j/jcho5/VASP/dft_jobs/CH3CHO_Pd100/singlepoint/beef_vdw
Pd100,acetic_acid,pbe,relaxed,—,-0.78,—,No previously published energy; current audit: Not converged. CH3COOH_Pd100: molecule: ZBRENT: fatal error in bracketing; complex: converged; slab: converged; molecule: unfinished,
Pd100,acetic_acid,pbe,SPE,refs missing,-0.78,—,,
Pd100,acetic_acid,pbe_d3,relaxed,—,-0.78,—,No previously published energy; current audit: Not converged. CH3COOH_Pd100: molecule: ZBRENT: fatal error in bracketing; complex: converged; slab: converged; molecule: unfinished,
Pd100,acetic_acid,pbe_d3,SPE,refs missing,-0.78,—,,
Pd100,acetic_acid,r2scan,relaxed,-0.870,-0.78,+0.093,Screened Perlmutter result: CH3COOH_Pd100,
Pd100,acetic_acid,r2scan,SPE,-0.793,-0.78,+0.013,Perlmutter NSW=0 original ML POSCAR with converged relaxed slab and molecule references,/pscratch/sd/j/jcho5/VASP/dft_jobs/CH3COOH_Pd100/singlepoint/r2scan
Pd100,acetic_acid,beef_vdw,relaxed,-18.428,-0.78,+17.651,Converged Perlmutter result; ENERGY REVIEW: |E_ads| > 5 eV; excluded from figure statistics. CH3COOH_Pd100,
Pd100,acetic_acid,beef_vdw,SPE,-18.355,-0.78,+17.575,Perlmutter converged NSW=0 result; ENERGY REVIEW: |E_ads| > 5 eV; excluded from figure statistics,/pscratch/sd/j/jcho5/VASP/dft_jobs/CH3COOH_Pd100/singlepoint/beef_vdw
Pd100,ethane,pbe,relaxed,-0.42,-0.51,-0.10,"Previously published energy retained; current audit: Slab size mismatch. C2H6_Pd100: slab size mismatch: complex has 64 Pd, reference has 36; complex: converged; slab: converged; molecule: converged",
Pd100,ethane,pbe,SPE,+0.286,-0.51,-0.800,Previously published single-point result,
Pd100,ethane,pbe_d3,relaxed,-0.78,-0.51,+0.26,"Previously published energy retained; current audit: Slab size mismatch. C2H6_Pd100: slab size mismatch: complex has 64 Pd, reference has 36; complex: converged; slab: converged; molecule: converged",
Pd100,ethane,pbe_d3,SPE,+0.009,-0.51,-0.523,Previously published single-point result,
Pd100,ethane,r2scan,relaxed,-0.69,-0.51,+0.18,"Previously published energy retained; current audit: Slab size mismatch. C2H6_Pd100: slab size mismatch: complex has 64 Pd, reference has 36; complex: converged; slab: converged; molecule: converged",
Pd100,ethane,r2scan,SPE,+0.124,-0.51,-0.638,Previously published single-point result,
Pd100,ethane,beef_vdw,relaxed,-31.931,-0.51,+31.421,"Shared stored references; converged components, matching functional/composition/full slab cell and stored core settings. Archived Kestrel records retain their source provenance. POTCAR variants allowed; no energy scaling or offsets. Slab: /kfs3/scratch/jcho5/goad-global-optimization/vasp_slab/Pd100_n64/beef_vdw ENERGY REVIEW: |E_ads| > 5 eV.",
Pd100,ethane,beef_vdw,SPE,+0.069,-0.51,-0.583,Previously published single-point result,
Pd100,ethanol,pbe,relaxed,-0.65,-0.71,-0.06,"Previously published energy retained; current audit: Slab size mismatch. CH3CH2OH_Pd100: slab size mismatch: complex has 64 Pd, reference has 36; complex: converged; slab: converged; molecule: converged",
Pd100,ethanol,pbe,SPE,+0.082,-0.71,-0.789,Previously published single-point result,
Pd100,ethanol,pbe_d3,relaxed,-1.10,-0.71,+0.39,"Previously published energy retained; current audit: Slab size mismatch. CH3CH2OH_Pd100: slab size mismatch: complex has 64 Pd, reference has 36; complex: converged; slab: converged; molecule: converged",
Pd100,ethanol,pbe_d3,SPE,-0.269,-0.71,-0.437,Previously published single-point result,
Pd100,ethanol,r2scan,relaxed,-1.03,-0.71,+0.33,"Previously published energy retained; current audit: Slab size mismatch. CH3CH2OH_Pd100: slab size mismatch: complex has 64 Pd, reference has 36; complex: unfinished; slab: converged; molecule: converged",
Pd100,ethanol,r2scan,SPE,-0.078,-0.71,-0.629,Previously published single-point result,
Pd100,ethanol,beef_vdw,relaxed,-32.202,-0.71,+31.492,"Shared stored references; converged components, matching functional/composition/full slab cell and stored core settings. Archived Kestrel records retain their source provenance. POTCAR variants allowed; no energy scaling or offsets. Slab: /kfs3/scratch/jcho5/goad-global-optimization/vasp_slab/Pd100_n64/beef_vdw ENERGY REVIEW: |E_ads| > 5 eV.",
Pd100,ethanol,beef_vdw,SPE,-0.151,-0.71,-0.556,Previously published single-point result,
Pd100,ethene,pbe,relaxed,-1.053,-1.44,-0.387,Screened Perlmutter result: C2H4_Pd100,
Pd100,ethene,pbe,SPE,-0.731,-1.44,-0.709,Previously published single-point result,
Pd100,ethene,pbe_d3,relaxed,-1.478,-1.44,+0.038,Screened Perlmutter result: C2H4_Pd100,
Pd100,ethene,pbe_d3,SPE,-1.014,-1.44,-0.426,Previously published single-point result,
Pd100,ethene,r2scan,relaxed,-1.380,-1.44,-0.060,Screened Perlmutter result: C2H4_Pd100,
Pd100,ethene,r2scan,SPE,-0.922,-1.44,-0.518,Previously published single-point result,
Pd100,ethene,beef_vdw,relaxed,-18.795,-1.44,+17.356,Converged Perlmutter result; ENERGY REVIEW: |E_ads| > 5 eV; excluded from figure statistics. C2H4_Pd100,
Pd100,ethene,beef_vdw,SPE,-0.775,-1.44,-0.664,Previously published single-point result,
Pd100,formaldehyde,pbe,relaxed,-0.747,-1.22,-0.476,Screened Perlmutter result: H2CO_Pd100,
Pd100,formaldehyde,pbe,SPE,queued,-1.22,—,,
Pd100,formaldehyde,pbe_d3,relaxed,-1.110,-1.22,-0.112,Screened Perlmutter result: H2CO_Pd100,
Pd100,formaldehyde,pbe_d3,SPE,queued,-1.22,—,,
Pd100,formaldehyde,r2scan,relaxed,-1.126,-1.22,-0.097,Screened Perlmutter result: H2CO_Pd100,
Pd100,formaldehyde,r2scan,SPE,queued,-1.22,—,,
Pd100,formaldehyde,beef_vdw,relaxed,-18.456,-1.22,+17.233,Converged Perlmutter result; ENERGY REVIEW: |E_ads| > 5 eV; excluded from figure statistics. H2CO_Pd100,
Pd100,formaldehyde,beef_vdw,SPE,queued,-1.22,—,,
Pd100,formic_acid,pbe,relaxed,-0.590,-0.73,-0.141,Screened Perlmutter result: HCOOH_Pd100,
Pd100,formic_acid,pbe,SPE,queued,-0.73,—,,
Pd100,formic_acid,pbe_d3,relaxed,-0.967,-0.73,+0.236,Screened Perlmutter result: HCOOH_Pd100,
Pd100,formic_acid,pbe_d3,SPE,queued,-0.73,—,,
Pd100,formic_acid,r2scan,relaxed,—,-0.73,—,No previously published energy; current audit: Not converged. HCOOH_Pd100: See component convergence statuses; complex: unfinished; slab: converged; molecule: converged,
Pd100,formic_acid,r2scan,SPE,queued,-0.73,—,,
Pd100,formic_acid,beef_vdw,relaxed,-18.367,-0.73,+17.636,Converged Perlmutter result; ENERGY REVIEW: |E_ads| > 5 eV; excluded from figure statistics. HCOOH_Pd100,
Pd100,formic_acid,beef_vdw,SPE,queued,-0.73,—,,
Pd100,glycerol,pbe,relaxed,-0.81,-0.95,-0.13,Previously published energy retained; current audit: Not audited. No matching result in the current Perlmutter audit,
Pd100,glycerol,pbe,SPE,+0.060,-0.95,-1.005,Previously published single-point result,
Pd100,glycerol,pbe_d3,relaxed,-1.60,-0.95,+0.65,Previously published energy retained; current audit: Not audited. No matching result in the current Perlmutter audit,
Pd100,glycerol,pbe_d3,SPE,-0.550,-0.95,-0.396,Previously published single-point result,
Pd100,glycerol,r2scan,relaxed,-1.34,-0.95,+0.40,Previously published energy retained; current audit: Not audited. No matching result in the current Perlmutter audit,
Pd100,glycerol,r2scan,SPE,-0.172,-0.95,-0.774,Previously published single-point result,
Pd100,glycerol,beef_vdw,relaxed,—,-0.95,—,No previously published energy; current audit: Not audited. No matching result in the current Perlmutter audit,
Pd100,glycerol,beef_vdw,SPE,-0.396,-0.95,-0.550,Previously published single-point result,
Pd100,isopropanol,pbe,relaxed,-0.68,-0.82,-0.14,Previously published energy retained; current audit: Not audited. No matching result in the current Perlmutter audit,
Pd100,isopropanol,pbe,SPE,+0.164,-0.82,-0.984,Previously published single-point result,
Pd100,isopropanol,pbe_d3,relaxed,-1.27,-0.82,+0.45,Previously published energy retained; current audit: Not audited. No matching result in the current Perlmutter audit,
Pd100,isopropanol,pbe_d3,SPE,-0.275,-0.82,-0.545,Previously published single-point result,
Pd100,isopropanol,r2scan,relaxed,-1.11,-0.82,+0.29,Previously published energy retained; current audit: Not audited. No matching result in the current Perlmutter audit,
Pd100,isopropanol,r2scan,SPE,-0.022,-0.82,-0.798,Previously published single-point result,
Pd100,isopropanol,beef_vdw,relaxed,—,-0.82,—,No previously published energy; current audit: Not audited. No matching result in the current Perlmutter audit,
Pd100,isopropanol,beef_vdw,SPE,-0.170,-0.82,-0.650,Previously published single-point result,
Pd100,methane,pbe,relaxed,-0.183,-0.61,-0.426,Screened Perlmutter result: CH4_Pd100,
Pd100,methane,pbe,SPE,-0.130,-0.61,-0.480,Perlmutter NSW=0 original ML POSCAR with converged relaxed slab and molecule references,/pscratch/sd/j/jcho5/VASP/dft_jobs/CH4_Pd100/singlepoint/PBE
Pd100,methane,pbe_d3,relaxed,-0.423,-0.61,-0.186,Screened Perlmutter result: CH4_Pd100,
Pd100,methane,pbe_d3,SPE,-0.316,-0.61,-0.294,Perlmutter NSW=0 original ML POSCAR with converged relaxed slab and molecule references,/pscratch/sd/j/jcho5/VASP/dft_jobs/CH4_Pd100/singlepoint/PBE_D3
Pd100,methane,r2scan,relaxed,-0.341,-0.61,-0.268,Screened Perlmutter result: CH4_Pd100,
Pd100,methane,r2scan,SPE,-0.275,-0.61,-0.335,Perlmutter NSW=0 original ML POSCAR with converged relaxed slab and molecule references,/pscratch/sd/j/jcho5/VASP/dft_jobs/CH4_Pd100/singlepoint/r2scan
Pd100,methane,beef_vdw,relaxed,-17.967,-0.61,+17.358,Converged Perlmutter result; ENERGY REVIEW: |E_ads| > 5 eV; excluded from figure statistics. CH4_Pd100,
Pd100,methane,beef_vdw,SPE,-17.847,-0.61,+17.237,Perlmutter converged NSW=0 result; ENERGY REVIEW: |E_ads| > 5 eV; excluded from figure statistics,/pscratch/sd/j/jcho5/VASP/dft_jobs/CH4_Pd100/singlepoint/beef_vdw
Pd100,methanol,pbe,relaxed,-0.444,-0.64,-0.193,Screened Perlmutter result: CH3OH_Pd100,
Pd100,methanol,pbe,SPE,-0.408,-0.64,-0.232,Perlmutter NSW=0 original ML POSCAR with converged relaxed slab and molecule references,/pscratch/sd/j/jcho5/VASP/dft_jobs/CH3OH_Pd100/singlepoint/PBE
Pd100,methanol,pbe_d3,relaxed,-0.800,-0.64,+0.164,Screened Perlmutter result: CH3OH_Pd100,
Pd100,methanol,pbe_d3,SPE,-0.705,-0.64,+0.065,Perlmutter NSW=0 original ML POSCAR with converged relaxed slab and molecule references,/pscratch/sd/j/jcho5/VASP/dft_jobs/CH3OH_Pd100/singlepoint/PBE_D3
Pd100,methanol,r2scan,relaxed,-0.693,-0.64,+0.057,Screened Perlmutter result: CH3OH_Pd100,
Pd100,methanol,r2scan,SPE,-0.632,-0.64,-0.008,Perlmutter NSW=0 original ML POSCAR with converged relaxed slab and molecule references,/pscratch/sd/j/jcho5/VASP/dft_jobs/CH3OH_Pd100/singlepoint/r2scan
Pd100,methanol,beef_vdw,relaxed,-18.267,-0.64,+17.631,Converged Perlmutter result; ENERGY REVIEW: |E_ads| > 5 eV; excluded from figure statistics. CH3OH_Pd100,
Pd100,methanol,beef_vdw,SPE,-18.137,-0.64,+17.497,Perlmutter converged NSW=0 result; ENERGY REVIEW: |E_ads| > 5 eV; excluded from figure statistics,/pscratch/sd/j/jcho5/VASP/dft_jobs/CH3OH_Pd100/singlepoint/beef_vdw
Pd100,propane,pbe,relaxed,-0.43,-0.62,-0.19,Previously published energy retained; current audit: Not audited. No matching result in the current Perlmutter audit,
Pd100,propane,pbe,SPE,+0.302,-0.62,-0.920,Previously published single-point result,
Pd100,propane,pbe_d3,relaxed,-0.91,-0.62,+0.30,Previously published energy retained; current audit: Not audited. No matching result in the current Perlmutter audit,
Pd100,propane,pbe_d3,SPE,-0.111,-0.62,-0.507,Previously published single-point result,
Pd100,propane,r2scan,relaxed,-0.78,-0.62,+0.16,Previously published energy retained; current audit: Not audited. No matching result in the current Perlmutter audit,
Pd100,propane,r2scan,SPE,+0.091,-0.62,-0.709,Previously published single-point result,
Pd100,propane,beef_vdw,relaxed,—,-0.62,—,No previously published energy; current audit: Not audited. No matching result in the current Perlmutter audit,
Pd100,propane,beef_vdw,SPE,-0.035,-0.62,-0.583,Previously published single-point result,
Pd100,propanol,pbe,relaxed,-0.69,-0.80,-0.11,Previously published energy retained; current audit: Not audited. No matching result in the current Perlmutter audit,
Pd100,propanol,pbe,SPE,+0.202,-0.80,-0.998,Previously published single-point result,
Pd100,propanol,pbe_d3,relaxed,-1.25,-0.80,+0.46,Previously published energy retained; current audit: Not audited. No matching result in the current Perlmutter audit,
Pd100,propanol,pbe_d3,SPE,-0.266,-0.80,-0.531,Previously published single-point result,
Pd100,propanol,r2scan,relaxed,-1.10,-0.80,+0.30,Previously published energy retained; current audit: Not audited. No matching result in the current Perlmutter audit,
Pd100,propanol,r2scan,SPE,-0.012,-0.80,-0.784,Previously published single-point result,
Pd100,propanol,beef_vdw,relaxed,—,-0.80,—,No previously published energy; current audit: Not audited. No matching result in the current Perlmutter audit,
Pd100,propanol,beef_vdw,SPE,-0.087,-0.80,-0.710,Previously published single-point result,
Pd100,propene,pbe,relaxed,-1.13,-1.46,-0.33,Previously published energy retained; current audit: Not audited. No matching result in the current Perlmutter audit,
Pd100,propene,pbe,SPE,-0.725,-1.46,-0.737,Previously published single-point result,
Pd100,propene,pbe_d3,relaxed,-1.72,-1.46,+0.26,Previously published energy retained; current audit: Not audited. No matching result in the current Perlmutter audit,
Pd100,propene,pbe_d3,SPE,-1.173,-1.46,-0.289,Previously published single-point result,
Pd100,propene,r2scan,relaxed,-1.64,-1.46,+0.18,Previously published energy retained; current audit: Not audited. No matching result in the current Perlmutter audit,
Pd100,propene,r2scan,SPE,-1.013,-1.46,-0.449,Previously published single-point result,
Pd100,propene,beef_vdw,relaxed,—,-1.46,—,No previously published energy; current audit: Not audited. No matching result in the current Perlmutter audit,
Pd100,propene,beef_vdw,SPE,-0.863,-1.46,-0.599,Previously published single-point result,
Pd110,CH3,pbe,relaxed,-2.024,-2.49,-0.463,Screened Perlmutter result: CH3_Pd110,
Pd110,CH3,pbe,SPE,-2.005,-2.49,-0.485,Perlmutter NSW=0 original ML POSCAR with converged relaxed slab and molecule references,/pscratch/sd/j/jcho5/VASP/dft_jobs/CH3_Pd110/singlepoint/PBE
Pd110,CH3,pbe_d3,relaxed,-2.268,-2.49,-0.219,Screened Perlmutter result: CH3_Pd110,
Pd110,CH3,pbe_d3,SPE,-2.226,-2.49,-0.264,Perlmutter NSW=0 original ML POSCAR with converged relaxed slab and molecule references,/pscratch/sd/j/jcho5/VASP/dft_jobs/CH3_Pd110/singlepoint/PBE_D3
Pd110,CH3,r2scan,relaxed,-2.009,-2.49,-0.478,Screened Perlmutter result: CH3_Pd110,
Pd110,CH3,r2scan,SPE,-1.946,-2.49,-0.544,Perlmutter NSW=0 original ML POSCAR with converged relaxed slab and molecule references,/pscratch/sd/j/jcho5/VASP/dft_jobs/CH3_Pd110/singlepoint/r2scan
Pd110,CH3,beef_vdw,relaxed,-13.744,-2.49,+11.257,Converged Perlmutter result; ENERGY REVIEW: |E_ads| > 5 eV; excluded from figure statistics. CH3_Pd110,
Pd110,CH3,beef_vdw,SPE,-13.705,-2.49,+11.215,Perlmutter converged NSW=0 result; ENERGY REVIEW: |E_ads| > 5 eV; excluded from figure statistics,/pscratch/sd/j/jcho5/VASP/dft_jobs/CH3_Pd110/singlepoint/beef_vdw
Pd110,CO,pbe,relaxed,-2.163,-2.27,-0.111,Screened Perlmutter result: CO_Pd110,
Pd110,CO,pbe,SPE,queued,-2.27,—,,
Pd110,CO,pbe_d3,relaxed,-2.372,-2.27,+0.098,Screened Perlmutter result: CO_Pd110,
Pd110,CO,pbe_d3,SPE,queued,-2.27,—,,
Pd110,CO,r2scan,relaxed,-2.230,-2.27,-0.043,Screened Perlmutter result: CO_Pd110,
Pd110,CO,r2scan,SPE,queued,-2.27,—,,
Pd110,CO,beef_vdw,relaxed,-13.708,-2.27,+11.434,Converged Perlmutter result; ENERGY REVIEW: |E_ads| > 5 eV; excluded from figure statistics. CO_Pd110,
Pd110,CO,beef_vdw,SPE,queued,-2.27,—,,
Pd110,CO2,pbe,relaxed,-0.143,-0.48,-0.338,Screened Perlmutter result: CO2_Pd110,
Pd110,CO2,pbe,SPE,-0.006,-0.48,-0.475,Previously published single-point result,
Pd110,CO2,pbe_d3,relaxed,—,-0.48,—,No previously published energy; current audit: Not converged. CO2_Pd110: See component convergence statuses; complex: converged; slab: converged; molecule: electronic_unconverged,
Pd110,CO2,pbe_d3,SPE,queued,-0.48,—,,
Pd110,CO2,r2scan,relaxed,-0.278,-0.48,-0.203,Screened Perlmutter result: CO2_Pd110,
Pd110,CO2,r2scan,SPE,+0.020,-0.48,-0.501,Previously published single-point result,
Pd110,CO2,beef_vdw,relaxed,-12.089,-0.48,+11.608,Converged Perlmutter result; ENERGY REVIEW: |E_ads| > 5 eV; excluded from figure statistics. CO2_Pd110,
Pd110,CO2,beef_vdw,SPE,-0.133,-0.48,-0.348,Previously published single-point result,
Pd110,DME,pbe,relaxed,-4.99,-0.55,+4.44,Previously published energy retained; current audit: Not converged. CH3OCH3_Pd110: molecule: ZBRENT: fatal error in bracketing; complex: converged; slab: converged; molecule: unfinished,
Pd110,DME,pbe,SPE,refs missing,-0.55,—,,
Pd110,DME,pbe_d3,relaxed,—,-0.55,—,No previously published energy; current audit: Not converged. CH3OCH3_Pd110: molecule: ZBRENT: fatal error in bracketing; complex: converged; slab: converged; molecule: unfinished,
Pd110,DME,pbe_d3,SPE,refs missing,-0.55,—,,
Pd110,DME,r2scan,relaxed,-0.711,-0.55,+0.156,Screened Perlmutter result: CH3OCH3_Pd110,
Pd110,DME,r2scan,SPE,-0.639,-0.55,+0.089,Perlmutter NSW=0 original ML POSCAR with converged relaxed slab and molecule references,/pscratch/sd/j/jcho5/VASP/dft_jobs/CH3OCH3_Pd110/singlepoint/r2scan
Pd110,DME,beef_vdw,relaxed,-12.455,-0.55,+11.900,Converged Perlmutter result; ENERGY REVIEW: |E_ads| > 5 eV; excluded from figure statistics. CH3OCH3_Pd110,
Pd110,DME,beef_vdw,SPE,-12.352,-0.55,+11.802,Perlmutter converged NSW=0 result; ENERGY REVIEW: |E_ads| > 5 eV; excluded from figure statistics,/pscratch/sd/j/jcho5/VASP/dft_jobs/CH3OCH3_Pd110/singlepoint/beef_vdw
Pd110,H2O,pbe,relaxed,-0.483,-0.86,-0.377,Screened Perlmutter result: H2O_Pd110,
Pd110,H2O,pbe,SPE,queued,-0.86,—,,
Pd110,H2O,pbe_d3,relaxed,-0.710,-0.86,-0.149,Screened Perlmutter result: H2O_Pd110,
Pd110,H2O,pbe_d3,SPE,queued,-0.86,—,,
Pd110,H2O,r2scan,relaxed,-0.681,-0.86,-0.178,Screened Perlmutter result: H2O_Pd110,
Pd110,H2O,r2scan,SPE,queued,-0.86,—,,
Pd110,H2O,beef_vdw,relaxed,—,-0.86,—,No previously published energy; current audit: Not converged. H2O_Pd110: complex: ZBRENT: fatal error in bracketing; complex: unfinished; slab: converged; molecule: converged,
Pd110,H2O,beef_vdw,SPE,queued,-0.86,—,,
Pd110,H2S,pbe,relaxed,-1.051,-1.25,-0.198,Screened Perlmutter result: H2S_Pd110,
Pd110,H2S,pbe,SPE,queued,-1.25,—,,
Pd110,H2S,pbe_d3,relaxed,-1.496,-1.25,+0.247,Screened Perlmutter result: H2S_Pd110,
Pd110,H2S,pbe_d3,SPE,queued,-1.25,—,,
Pd110,H2S,r2scan,relaxed,-1.201,-1.25,-0.048,Screened Perlmutter result: H2S_Pd110,
Pd110,H2S,r2scan,SPE,queued,-1.25,—,,
Pd110,H2S,beef_vdw,relaxed,-12.781,-1.25,+11.533,Converged Perlmutter result; ENERGY REVIEW: |E_ads| > 5 eV; excluded from figure statistics. H2S_Pd110,
Pd110,H2S,beef_vdw,SPE,queued,-1.25,—,,
Pd110,N2,pbe,relaxed,-0.549,-0.54,+0.008,Screened Perlmutter result: N2_Pd110,
Pd110,N2,pbe,SPE,queued,-0.54,—,,
Pd110,N2,pbe_d3,relaxed,-0.775,-0.54,+0.233,Screened Perlmutter result: N2_Pd110,
Pd110,N2,pbe_d3,SPE,queued,-0.54,—,,
Pd110,N2,r2scan,relaxed,—,-0.54,—,No previously published energy; current audit: Not converged. N2_Pd110: complex: ZBRENT: fatal error in bracketing; complex: unfinished; slab: converged; molecule: converged,
Pd110,N2,r2scan,SPE,queued,-0.54,—,,
Pd110,N2,beef_vdw,relaxed,—,-0.54,—,No previously published energy; current audit: Not converged. N2_Pd110: complex: ZBRENT: fatal error in bracketing; complex: unfinished; slab: converged; molecule: converged,
Pd110,N2,beef_vdw,SPE,queued,-0.54,—,,
Pd110,NH3,pbe,relaxed,-0.928,-1.39,-0.463,Screened Perlmutter result: NH3_Pd110,
Pd110,NH3,pbe,SPE,queued,-1.39,—,,
Pd110,NH3,pbe_d3,relaxed,-1.204,-1.39,-0.187,Screened Perlmutter result: NH3_Pd110,
Pd110,NH3,pbe_d3,SPE,queued,-1.39,—,,
Pd110,NH3,r2scan,relaxed,-1.023,-1.39,-0.368,Screened Perlmutter result: NH3_Pd110,
Pd110,NH3,r2scan,SPE,queued,-1.39,—,,
Pd110,NH3,beef_vdw,relaxed,—,-1.39,—,No previously published energy; current audit: Not converged. NH3_Pd110: complex: ZBRENT: fatal error in bracketing; complex: unfinished; slab: converged; molecule: converged,
Pd110,NH3,beef_vdw,SPE,queued,-1.39,—,,
Pd110,NO,pbe,relaxed,-2.795,-2.41,+0.381,Screened Perlmutter result: NO_Pd110,
Pd110,NO,pbe,SPE,queued,-2.41,—,,
Pd110,NO,pbe_d3,relaxed,-3.000,-2.41,+0.586,Screened Perlmutter result: NO_Pd110,
Pd110,NO,pbe_d3,SPE,queued,-2.41,—,,
Pd110,NO,r2scan,relaxed,—,-2.41,—,No previously published energy; current audit: Not converged. NO_Pd110: See component convergence statuses; complex: converged; slab: converged; molecule: ionic_unconverged,
Pd110,NO,r2scan,SPE,queued,-2.41,—,,
Pd110,NO,beef_vdw,relaxed,-20.981,-2.41,+18.567,Converged Perlmutter result; ENERGY REVIEW: |E_ads| > 5 eV; excluded from figure statistics. NO_Pd110,
Pd110,NO,beef_vdw,SPE,queued,-2.41,—,,
Pd110,SO2,pbe,relaxed,-1.700,-1.66,+0.037,Screened Perlmutter result: SO2_Pd110,
Pd110,SO2,pbe,SPE,queued,-1.66,—,,
Pd110,SO2,pbe_d3,relaxed,-2.248,-1.66,+0.585,Screened Perlmutter result: SO2_Pd110,
Pd110,SO2,pbe_d3,SPE,queued,-1.66,—,,
Pd110,SO2,r2scan,relaxed,-2.142,-1.66,+0.479,Screened Perlmutter result: SO2_Pd110,
Pd110,SO2,r2scan,SPE,queued,-1.66,—,,
Pd110,SO2,beef_vdw,relaxed,-13.526,-1.66,+11.863,Converged Perlmutter result; ENERGY REVIEW: |E_ads| > 5 eV; excluded from figure statistics. SO2_Pd110,
Pd110,SO2,beef_vdw,SPE,queued,-1.66,—,,
Pd110,acetaldehyde,pbe,relaxed,-0.395,-0.80,-0.401,Screened Perlmutter result: CH3CHO_Pd110,
Pd110,acetaldehyde,pbe,SPE,-0.367,-0.80,-0.433,Perlmutter NSW=0 original ML POSCAR with converged relaxed slab and molecule references,/pscratch/sd/j/jcho5/VASP/dft_jobs/CH3CHO_Pd110/singlepoint/PBE
Pd110,acetaldehyde,pbe_d3,relaxed,-0.820,-0.80,+0.025,Screened Perlmutter result: CH3CHO_Pd110,
Pd110,acetaldehyde,pbe_d3,SPE,-0.763,-0.80,-0.037,Perlmutter NSW=0 original ML POSCAR with converged relaxed slab and molecule references,/pscratch/sd/j/jcho5/VASP/dft_jobs/CH3CHO_Pd110/singlepoint/PBE_D3
Pd110,acetaldehyde,r2scan,relaxed,-0.664,-0.80,-0.132,Screened Perlmutter result: CH3CHO_Pd110,
Pd110,acetaldehyde,r2scan,SPE,-0.584,-0.80,-0.216,Perlmutter NSW=0 original ML POSCAR with converged relaxed slab and molecule references,/pscratch/sd/j/jcho5/VASP/dft_jobs/CH3CHO_Pd110/singlepoint/r2scan
Pd110,acetaldehyde,beef_vdw,relaxed,-12.352,-0.80,+11.557,Converged Perlmutter result; ENERGY REVIEW: |E_ads| > 5 eV; excluded from figure statistics. CH3CHO_Pd110,
Pd110,acetaldehyde,beef_vdw,SPE,-12.282,-0.80,+11.482,Perlmutter converged NSW=0 result; ENERGY REVIEW: |E_ads| > 5 eV; excluded from figure statistics,/pscratch/sd/j/jcho5/VASP/dft_jobs/CH3CHO_Pd110/singlepoint/beef_vdw
Pd110,acetic_acid,pbe,relaxed,—,-0.85,—,No previously published energy; current audit: Not converged. CH3COOH_Pd110: molecule: ZBRENT: fatal error in bracketing; complex: converged; slab: converged; molecule: unfinished,
Pd110,acetic_acid,pbe,SPE,refs missing,-0.85,—,,
Pd110,acetic_acid,pbe_d3,relaxed,—,-0.85,—,No previously published energy; current audit: Not converged. CH3COOH_Pd110: molecule: ZBRENT: fatal error in bracketing; complex: converged; slab: converged; molecule: unfinished,
Pd110,acetic_acid,pbe_d3,SPE,refs missing,-0.85,—,,
Pd110,acetic_acid,r2scan,relaxed,-0.882,-0.85,+0.027,Screened Perlmutter result: CH3COOH_Pd110,
Pd110,acetic_acid,r2scan,SPE,-0.789,-0.85,-0.061,Perlmutter NSW=0 original ML POSCAR with converged relaxed slab and molecule references,/pscratch/sd/j/jcho5/VASP/dft_jobs/CH3COOH_Pd110/singlepoint/r2scan
Pd110,acetic_acid,beef_vdw,relaxed,-12.536,-0.85,+11.681,Converged Perlmutter result; ENERGY REVIEW: |E_ads| > 5 eV; excluded from figure statistics. CH3COOH_Pd110,
Pd110,acetic_acid,beef_vdw,SPE,-12.487,-0.85,+11.637,Perlmutter converged NSW=0 result; ENERGY REVIEW: |E_ads| > 5 eV; excluded from figure statistics,/pscratch/sd/j/jcho5/VASP/dft_jobs/CH3COOH_Pd110/singlepoint/beef_vdw
Pd110,ethane,pbe,relaxed,-0.31,-0.57,-0.26,"Previously published energy retained; current audit: Slab size mismatch. C2H6_Pd110: slab size mismatch: complex has 64 Pd, reference has 24; complex: converged; slab: converged; molecule: converged",
Pd110,ethane,pbe,SPE,+0.203,-0.57,-0.770,Previously published single-point result,
Pd110,ethane,pbe_d3,relaxed,-0.67,-0.57,+0.11,"Previously published energy retained; current audit: Slab size mismatch. C2H6_Pd110: slab size mismatch: complex has 64 Pd, reference has 24; complex: converged; slab: converged; molecule: converged",
Pd110,ethane,pbe_d3,SPE,-0.299,-0.57,-0.267,Previously published single-point result,
Pd110,ethane,r2scan,relaxed,-0.59,-0.57,+0.02,"Previously published energy retained; current audit: Slab size mismatch. C2H6_Pd110: slab size mismatch: complex has 64 Pd, reference has 24; complex: unfinished; slab: converged; molecule: converged",
Pd110,ethane,r2scan,SPE,-0.099,-0.57,-0.468,Previously published single-point result,
Pd110,ethane,beef_vdw,relaxed,—,-0.57,—,"No previously published energy; current audit: Slab size mismatch. C2H6_Pd110: slab size mismatch: complex has 64 Pd, reference has 24; complex: unfinished; slab: converged; molecule: converged",
Pd110,ethane,beef_vdw,SPE,+0.217,-0.57,-0.784,Previously published single-point result,
Pd110,ethanol,pbe,relaxed,-0.69,-0.82,-0.13,"Previously published energy retained; current audit: Slab size mismatch. CH3CH2OH_Pd110: slab size mismatch: complex has 64 Pd, reference has 24; complex: converged; slab: converged; molecule: converged",
Pd110,ethanol,pbe,SPE,+0.301,-0.82,-1.120,Previously published single-point result,
Pd110,ethanol,pbe_d3,relaxed,-1.19,-0.82,+0.37,"Previously published energy retained; current audit: Slab size mismatch. CH3CH2OH_Pd110: slab size mismatch: complex has 64 Pd, reference has 24; complex: converged; slab: converged; molecule: converged",
Pd110,ethanol,pbe_d3,SPE,-0.252,-0.82,-0.568,Previously published single-point result,
Pd110,ethanol,r2scan,relaxed,-1.10,-0.82,+0.28,"Previously published energy retained; current audit: Slab size mismatch. CH3CH2OH_Pd110: slab size mismatch: complex has 64 Pd, reference has 24; complex: unfinished; slab: converged; molecule: converged",
Pd110,ethanol,r2scan,SPE,-0.014,-0.82,-0.805,Previously published single-point result,
Pd110,ethanol,beef_vdw,relaxed,-32.117,-0.82,+31.297,"Shared stored references; converged components, matching functional/composition/full slab cell and stored core settings. Archived Kestrel records retain their source provenance. POTCAR variants allowed; no energy scaling or offsets. Slab: /kfs3/scratch/jcho5/goad-global-optimization/vasp_slab/Pd110_n64/beef_vdw ENERGY REVIEW: |E_ads| > 5 eV.",
Pd110,ethanol,beef_vdw,SPE,+0.302,-0.82,-1.121,Previously published single-point result,
Pd110,ethene,pbe,relaxed,-1.076,-1.60,-0.525,Screened Perlmutter result: C2H4_Pd110,
Pd110,ethene,pbe,SPE,-1.182,-1.60,-0.419,Previously published single-point result,
Pd110,ethene,pbe_d3,relaxed,-1.491,-1.60,-0.110,Screened Perlmutter result: C2H4_Pd110,
Pd110,ethene,pbe_d3,SPE,-1.510,-1.60,-0.091,Previously published single-point result,
Pd110,ethene,r2scan,relaxed,-1.307,-1.60,-0.294,Screened Perlmutter result: C2H4_Pd110,
Pd110,ethene,r2scan,SPE,-1.260,-1.60,-0.341,Previously published single-point result,
Pd110,ethene,beef_vdw,relaxed,-12.947,-1.60,+11.346,Converged Perlmutter result; ENERGY REVIEW: |E_ads| > 5 eV; excluded from figure statistics. C2H4_Pd110,
Pd110,ethene,beef_vdw,SPE,-1.139,-1.60,-0.462,Previously published single-point result,
Pd110,formaldehyde,pbe,relaxed,-0.926,-1.04,-0.116,Screened Perlmutter result: H2CO_Pd110,
Pd110,formaldehyde,pbe,SPE,queued,-1.04,—,,
Pd110,formaldehyde,pbe_d3,relaxed,-1.241,-1.04,+0.199,Screened Perlmutter result: H2CO_Pd110,
Pd110,formaldehyde,pbe_d3,SPE,queued,-1.04,—,,
Pd110,formaldehyde,r2scan,relaxed,-1.180,-1.04,+0.138,Screened Perlmutter result: H2CO_Pd110,
Pd110,formaldehyde,r2scan,SPE,queued,-1.04,—,,
Pd110,formaldehyde,beef_vdw,relaxed,-12.671,-1.04,+11.629,Converged Perlmutter result; ENERGY REVIEW: |E_ads| > 5 eV; excluded from figure statistics. H2CO_Pd110,
Pd110,formaldehyde,beef_vdw,SPE,queued,-1.04,—,,
Pd110,formic_acid,pbe,relaxed,-0.585,-0.79,-0.206,Screened Perlmutter result: HCOOH_Pd110,
Pd110,formic_acid,pbe,SPE,queued,-0.79,—,,
Pd110,formic_acid,pbe_d3,relaxed,-0.978,-0.79,+0.187,Screened Perlmutter result: HCOOH_Pd110,
Pd110,formic_acid,pbe_d3,SPE,queued,-0.79,—,,
Pd110,formic_acid,r2scan,relaxed,-0.849,-0.79,+0.059,Screened Perlmutter result: HCOOH_Pd110,
Pd110,formic_acid,r2scan,SPE,queued,-0.79,—,,
Pd110,formic_acid,beef_vdw,relaxed,-12.457,-0.79,+11.666,Converged Perlmutter result; ENERGY REVIEW: |E_ads| > 5 eV; excluded from figure statistics. HCOOH_Pd110,
Pd110,formic_acid,beef_vdw,SPE,queued,-0.79,—,,
Pd110,glycerol,pbe,relaxed,-1.01,-1.27,-0.26,Previously published energy retained; current audit: Not audited. No matching result in the current Perlmutter audit,
Pd110,glycerol,pbe,SPE,-0.181,-1.27,-1.086,Previously published single-point result,
Pd110,glycerol,pbe_d3,relaxed,-1.82,-1.27,+0.55,Previously published energy retained; current audit: Not audited. No matching result in the current Perlmutter audit,
Pd110,glycerol,pbe_d3,SPE,-1.036,-1.27,-0.231,Previously published single-point result,
Pd110,glycerol,r2scan,relaxed,-1.63,-1.27,+0.36,Previously published energy retained; current audit: Not audited. No matching result in the current Perlmutter audit,
Pd110,glycerol,r2scan,SPE,-0.626,-1.27,-0.641,Previously published single-point result,
Pd110,glycerol,beef_vdw,relaxed,—,-1.27,—,No previously published energy; current audit: Not audited. No matching result in the current Perlmutter audit,
Pd110,glycerol,beef_vdw,SPE,-0.363,-1.27,-0.904,Previously published single-point result,
Pd110,isopropanol,pbe,relaxed,-0.70,-0.93,-0.23,Previously published energy retained; current audit: Not audited. No matching result in the current Perlmutter audit,
Pd110,isopropanol,pbe,SPE,+0.209,-0.93,-1.137,Previously published single-point result,
Pd110,isopropanol,pbe_d3,relaxed,-1.30,-0.93,+0.38,Previously published energy retained; current audit: Not audited. No matching result in the current Perlmutter audit,
Pd110,isopropanol,pbe_d3,SPE,-0.489,-0.93,-0.439,Previously published single-point result,
Pd110,isopropanol,r2scan,relaxed,-1.16,-0.93,+0.23,Previously published energy retained; current audit: Not audited. No matching result in the current Perlmutter audit,
Pd110,isopropanol,r2scan,SPE,-0.161,-0.93,-0.768,Previously published single-point result,
Pd110,isopropanol,beef_vdw,relaxed,—,-0.93,—,No previously published energy; current audit: Not audited. No matching result in the current Perlmutter audit,
Pd110,isopropanol,beef_vdw,SPE,+0.099,-0.93,-1.027,Previously published single-point result,
Pd110,methane,pbe,relaxed,-0.103,-0.63,-0.525,Screened Perlmutter result: CH4_Pd110,
Pd110,methane,pbe,SPE,-0.086,-0.63,-0.544,Perlmutter NSW=0 original ML POSCAR with converged relaxed slab and molecule references,/pscratch/sd/j/jcho5/VASP/dft_jobs/CH4_Pd110/singlepoint/PBE
Pd110,methane,pbe_d3,relaxed,-0.350,-0.63,-0.279,Screened Perlmutter result: CH4_Pd110,
Pd110,methane,pbe_d3,SPE,-0.306,-0.63,-0.324,Perlmutter NSW=0 original ML POSCAR with converged relaxed slab and molecule references,/pscratch/sd/j/jcho5/VASP/dft_jobs/CH4_Pd110/singlepoint/PBE_D3
Pd110,methane,r2scan,relaxed,-0.263,-0.63,-0.365,Screened Perlmutter result: CH4_Pd110,
Pd110,methane,r2scan,SPE,-0.194,-0.63,-0.436,Perlmutter NSW=0 original ML POSCAR with converged relaxed slab and molecule references,/pscratch/sd/j/jcho5/VASP/dft_jobs/CH4_Pd110/singlepoint/r2scan
Pd110,methane,beef_vdw,relaxed,-12.008,-0.63,+11.380,Converged Perlmutter result; ENERGY REVIEW: |E_ads| > 5 eV; excluded from figure statistics. CH4_Pd110,
Pd110,methane,beef_vdw,SPE,-11.910,-0.63,+11.280,Perlmutter converged NSW=0 result; ENERGY REVIEW: |E_ads| > 5 eV; excluded from figure statistics,/pscratch/sd/j/jcho5/VASP/dft_jobs/CH4_Pd110/singlepoint/beef_vdw
Pd110,methanol,pbe,relaxed,-0.502,-0.77,-0.265,Screened Perlmutter result: CH3OH_Pd110,
Pd110,methanol,pbe,SPE,-0.474,-0.77,-0.296,Perlmutter NSW=0 original ML POSCAR with converged relaxed slab and molecule references,/pscratch/sd/j/jcho5/VASP/dft_jobs/CH3OH_Pd110/singlepoint/PBE
Pd110,methanol,pbe_d3,relaxed,-0.855,-0.77,+0.087,Screened Perlmutter result: CH3OH_Pd110,
Pd110,methanol,pbe_d3,SPE,-0.810,-0.77,+0.040,Perlmutter NSW=0 original ML POSCAR with converged relaxed slab and molecule references,/pscratch/sd/j/jcho5/VASP/dft_jobs/CH3OH_Pd110/singlepoint/PBE_D3
Pd110,methanol,r2scan,relaxed,-0.764,-0.77,-0.004,Screened Perlmutter result: CH3OH_Pd110,
Pd110,methanol,r2scan,SPE,-0.698,-0.77,-0.072,Perlmutter NSW=0 original ML POSCAR with converged relaxed slab and molecule references,/pscratch/sd/j/jcho5/VASP/dft_jobs/CH3OH_Pd110/singlepoint/r2scan
Pd110,methanol,beef_vdw,relaxed,-12.413,-0.77,+11.645,Converged Perlmutter result; ENERGY REVIEW: |E_ads| > 5 eV; excluded from figure statistics. CH3OH_Pd110,
Pd110,methanol,beef_vdw,SPE,-12.338,-0.77,+11.568,Perlmutter converged NSW=0 result; ENERGY REVIEW: |E_ads| > 5 eV; excluded from figure statistics,/pscratch/sd/j/jcho5/VASP/dft_jobs/CH3OH_Pd110/singlepoint/beef_vdw
Pd110,propane,pbe,relaxed,-0.38,-0.60,-0.23,Previously published energy retained; current audit: Not audited. No matching result in the current Perlmutter audit,
Pd110,propane,pbe,SPE,+0.216,-0.60,-0.821,Previously published single-point result,
Pd110,propane,pbe_d3,relaxed,-0.91,-0.60,+0.30,Previously published energy retained; current audit: Not audited. No matching result in the current Perlmutter audit,
Pd110,propane,pbe_d3,SPE,-0.411,-0.60,-0.194,Previously published single-point result,
Pd110,propane,r2scan,relaxed,-0.79,-0.60,+0.18,Previously published energy retained; current audit: Not audited. No matching result in the current Perlmutter audit,
Pd110,propane,r2scan,SPE,-0.155,-0.60,-0.450,Previously published single-point result,
Pd110,propane,beef_vdw,relaxed,—,-0.60,—,No previously published energy; current audit: Not audited. No matching result in the current Perlmutter audit,
Pd110,propane,beef_vdw,SPE,+0.155,-0.60,-0.759,Previously published single-point result,
Pd110,propanol,pbe,relaxed,-0.65,-0.89,-0.24,Previously published energy retained; current audit: Not audited. No matching result in the current Perlmutter audit,
Pd110,propanol,pbe,SPE,+0.173,-0.89,-1.067,Previously published single-point result,
Pd110,propanol,pbe_d3,relaxed,-1.26,-0.89,+0.37,Previously published energy retained; current audit: Not audited. No matching result in the current Perlmutter audit,
Pd110,propanol,pbe_d3,SPE,-0.526,-0.89,-0.368,Previously published single-point result,
Pd110,propanol,r2scan,relaxed,-1.14,-0.89,+0.25,Previously published energy retained; current audit: Not audited. No matching result in the current Perlmutter audit,
Pd110,propanol,r2scan,SPE,-0.168,-0.89,-0.726,Previously published single-point result,
Pd110,propanol,beef_vdw,relaxed,—,-0.89,—,No previously published energy; current audit: Not audited. No matching result in the current Perlmutter audit,
Pd110,propanol,beef_vdw,SPE,+0.102,-0.89,-0.996,Previously published single-point result,
Pd110,propene,pbe,relaxed,-1.35,-1.54,-0.19,Previously published energy retained; current audit: Not audited. No matching result in the current Perlmutter audit,
Pd110,propene,pbe,SPE,-1.035,-1.54,-0.502,Previously published single-point result,
Pd110,propene,pbe_d3,relaxed,-1.90,-1.54,+0.36,Previously published energy retained; current audit: Not audited. No matching result in the current Perlmutter audit,
Pd110,propene,pbe_d3,SPE,-1.516,-1.54,-0.021,Previously published single-point result,
Pd110,propene,r2scan,relaxed,-1.77,-1.54,+0.24,Previously published energy retained; current audit: Not audited. No matching result in the current Perlmutter audit,
Pd110,propene,r2scan,SPE,-1.170,-1.54,-0.367,Previously published single-point result,
Pd110,propene,beef_vdw,relaxed,—,-1.54,—,No previously published energy; current audit: Not audited. No matching result in the current Perlmutter audit,
Pd110,propene,beef_vdw,SPE,-1.145,-1.54,-0.392,Previously published single-point result,
Pd111,CH3,pbe,relaxed,-1.94,-2.45,-0.51,"Previously published energy retained; current audit: Slab size mismatch. CH3_Pd111: slab size mismatch: complex has 36 Pd, reference has 64; complex: converged; slab: converged; molecule: converged",
Pd111,CH3,pbe,SPE,-1.929,-2.45,-0.521,"Shared stored references; converged components, matching functional/composition/full slab cell and stored core settings. Archived Kestrel records retain their source provenance. POTCAR variants allowed; no energy scaling or offsets.",/pscratch/sd/j/jcho5/VASP/dft_jobs/CH3_Pd111/singlepoint/PBE
Pd111,CH3,pbe_d3,relaxed,-2.21,-2.45,-0.24,"Previously published energy retained; current audit: Slab size mismatch. CH3_Pd111: slab size mismatch: complex has 36 Pd, reference has 64; complex: converged; slab: converged; molecule: converged",
Pd111,CH3,pbe_d3,SPE,-2.133,-2.45,-0.317,"Shared stored references; converged components, matching functional/composition/full slab cell and stored core settings. Archived Kestrel records retain their source provenance. POTCAR variants allowed; no energy scaling or offsets.",/pscratch/sd/j/jcho5/VASP/dft_jobs/CH3_Pd111/singlepoint/PBE_D3
Pd111,CH3,r2scan,relaxed,—,-2.45,—,"No previously published energy; current audit: Slab size mismatch. CH3_Pd111: slab size mismatch: complex has 36 Pd, reference has 64; complex: unfinished; slab: converged; molecule: converged",
Pd111,CH3,r2scan,SPE,running,-2.45,—,,
Pd111,CH3,beef_vdw,relaxed,-19.610,-2.45,+17.160,"Shared stored references; converged components, matching functional/composition/full slab cell and stored core settings. Archived Kestrel records retain their source provenance. POTCAR variants allowed; no energy scaling or offsets. Slab: /kfs3/scratch/jcho5/goad-global-optimization/vasp_slab/Pd111_n36/beef_vdw ENERGY REVIEW: |E_ads| > 5 eV.",
Pd111,CH3,beef_vdw,SPE,-19.532,-2.45,+17.082,"Shared stored references; converged components, matching functional/composition/full slab cell and stored core settings. Archived Kestrel records retain their source provenance. POTCAR variants allowed; no energy scaling or offsets.",/pscratch/sd/j/jcho5/VASP/dft_jobs/CH3_Pd111/singlepoint/beef_vdw
Pd111,CO2,pbe,relaxed,-0.387,-0.45,-0.061,Screened Perlmutter result: CO2_Pd111,
Pd111,CO2,pbe,SPE,+0.003,-0.45,-0.451,Previously published single-point result,
Pd111,CO2,pbe_d3,relaxed,—,-0.45,—,No previously published energy; current audit: Not converged. CO2_Pd111: See component convergence statuses; complex: converged; slab: converged; molecule: electronic_unconverged,
Pd111,CO2,pbe_d3,SPE,queued,-0.45,—,,
Pd111,CO2,r2scan,relaxed,-0.66,-0.45,+0.21,Previously published energy retained; current audit: Not converged. CO2_Pd111: See component convergence statuses; complex: unfinished; slab: converged; molecule: converged,
Pd111,CO2,r2scan,SPE,+0.047,-0.45,-0.495,Previously published single-point result,
Pd111,CO2,beef_vdw,relaxed,-31.913,-0.45,+31.466,Converged Perlmutter result; ENERGY REVIEW: |E_ads| > 5 eV; excluded from figure statistics. CO2_Pd111,
Pd111,CO2,beef_vdw,SPE,-0.220,-0.45,-0.228,Previously published single-point result,
Pd111,DME,pbe,relaxed,-4.96,-0.49,+4.46,"Previously published energy retained; current audit: Slab size mismatch. CH3OCH3_Pd111: slab size mismatch: complex has 36 Pd, reference has 64; complex: converged; slab: converged; molecule: unfinished",
Pd111,DME,pbe,SPE,refs missing,-0.49,—,,
Pd111,DME,pbe_d3,relaxed,—,-0.49,—,"No previously published energy; current audit: Slab size mismatch. CH3OCH3_Pd111: slab size mismatch: complex has 36 Pd, reference has 64; complex: converged; slab: converged; molecule: unfinished",
Pd111,DME,pbe_d3,SPE,refs missing,-0.49,—,,
Pd111,DME,r2scan,relaxed,-0.70,-0.49,+0.21,"Previously published energy retained; current audit: Slab size mismatch. CH3OCH3_Pd111: slab size mismatch: complex has 36 Pd, reference has 64; complex: unfinished; slab: converged; molecule: converged",
Pd111,DME,r2scan,SPE,-0.668,-0.49,+0.178,"Shared stored references; converged components, matching functional/composition/full slab cell and stored core settings. Archived Kestrel records retain their source provenance. POTCAR variants allowed; no energy scaling or offsets.",/pscratch/sd/j/jcho5/VASP/dft_jobs/CH3OCH3_Pd111/singlepoint/r2scan
Pd111,DME,beef_vdw,relaxed,-18.365,-0.49,+17.875,"Shared stored references; converged components, matching functional/composition/full slab cell and stored core settings. Archived Kestrel records retain their source provenance. POTCAR variants allowed; no energy scaling or offsets. Slab: /kfs3/scratch/jcho5/goad-global-optimization/vasp_slab/Pd111_n36/beef_vdw ENERGY REVIEW: |E_ads| > 5 eV.",
Pd111,DME,beef_vdw,SPE,-18.256,-0.49,+17.766,"Shared stored references; converged components, matching functional/composition/full slab cell and stored core settings. Archived Kestrel records retain their source provenance. POTCAR variants allowed; no energy scaling or offsets.",/pscratch/sd/j/jcho5/VASP/dft_jobs/CH3OCH3_Pd111/singlepoint/beef_vdw
Pd111,H2O,pbe,relaxed,-0.43,-0.70,-0.27,"Previously published energy retained; current audit: Slab size mismatch. H2O_Pd111: slab size mismatch: complex has 36 Pd, reference has 64; complex: converged; slab: converged; molecule: converged",
Pd111,H2O,pbe,SPE,queued,-0.70,—,,
Pd111,H2O,pbe_d3,relaxed,-0.66,-0.70,-0.04,"Previously published energy retained; current audit: Slab size mismatch. H2O_Pd111: slab size mismatch: complex has 36 Pd, reference has 64; complex: converged; slab: converged; molecule: converged",
Pd111,H2O,pbe_d3,SPE,queued,-0.70,—,,
Pd111,H2O,r2scan,relaxed,—,-0.70,—,"No previously published energy; current audit: Slab size mismatch. H2O_Pd111: slab size mismatch: complex has 36 Pd, reference has 64; complex: unfinished; slab: converged; molecule: converged",
Pd111,H2O,r2scan,SPE,queued,-0.70,—,,
Pd111,H2O,beef_vdw,relaxed,-18.144,-0.70,+17.444,"Shared stored references; converged components, matching functional/composition/full slab cell and stored core settings. Archived Kestrel records retain their source provenance. POTCAR variants allowed; no energy scaling or offsets. Slab: /kfs3/scratch/jcho5/goad-global-optimization/vasp_slab/Pd111_n36/beef_vdw ENERGY REVIEW: |E_ads| > 5 eV.",
Pd111,H2O,beef_vdw,SPE,queued,-0.70,—,,
Pd111,H2S,pbe,relaxed,-0.79,-1.01,-0.22,"Previously published energy retained; current audit: Slab size mismatch. H2S_Pd111: slab size mismatch: complex has 36 Pd, reference has 64; complex: converged; slab: converged; molecule: converged",
Pd111,H2S,pbe,SPE,queued,-1.01,—,,
Pd111,H2S,pbe_d3,relaxed,-1.23,-1.01,+0.22,"Previously published energy retained; current audit: Slab size mismatch. H2S_Pd111: slab size mismatch: complex has 36 Pd, reference has 64; complex: converged; slab: converged; molecule: converged",
Pd111,H2S,pbe_d3,SPE,queued,-1.01,—,,
Pd111,H2S,r2scan,relaxed,—,-1.01,—,"No previously published energy; current audit: Slab size mismatch. H2S_Pd111: slab size mismatch: complex has 36 Pd, reference has 64; complex: unfinished; slab: converged; molecule: converged",
Pd111,H2S,r2scan,SPE,queued,-1.01,—,,
Pd111,H2S,beef_vdw,relaxed,—,-1.01,—,"No previously published energy; current audit: Slab size mismatch. H2S_Pd111: slab size mismatch: complex has 36 Pd, reference has 64; complex: unfinished; slab: converged; molecule: converged",
Pd111,H2S,beef_vdw,SPE,queued,-1.01,—,,
Pd111,N2,pbe,relaxed,-0.37,-0.38,-0.01,"Previously published energy retained; current audit: Slab size mismatch. N2_Pd111: slab size mismatch: complex has 36 Pd, reference has 64; complex: converged; slab: converged; molecule: converged",
Pd111,N2,pbe,SPE,queued,-0.38,—,,
Pd111,N2,pbe_d3,relaxed,-0.64,-0.38,+0.26,"Previously published energy retained; current audit: Slab size mismatch. N2_Pd111: slab size mismatch: complex has 36 Pd, reference has 64; complex: converged; slab: converged; molecule: converged",
Pd111,N2,pbe_d3,SPE,queued,-0.38,—,,
Pd111,N2,r2scan,relaxed,—,-0.38,—,"No previously published energy; current audit: Slab size mismatch. N2_Pd111: slab size mismatch: complex has 36 Pd, reference has 64; complex: unfinished; slab: converged; molecule: converged",
Pd111,N2,r2scan,SPE,queued,-0.38,—,,
Pd111,N2,beef_vdw,relaxed,—,-0.38,—,"No previously published energy; current audit: Slab size mismatch. N2_Pd111: slab size mismatch: complex has 36 Pd, reference has 64; complex: unfinished; slab: converged; molecule: converged",
Pd111,N2,beef_vdw,SPE,queued,-0.38,—,,
Pd111,NH3,pbe,relaxed,-0.89,-1.33,-0.44,"Previously published energy retained; current audit: Slab size mismatch. NH3_Pd111: slab size mismatch: complex has 36 Pd, reference has 64; complex: converged; slab: converged; molecule: converged",
Pd111,NH3,pbe,SPE,queued,-1.33,—,,
Pd111,NH3,pbe_d3,relaxed,-1.19,-1.33,-0.14,"Previously published energy retained; current audit: Slab size mismatch. NH3_Pd111: slab size mismatch: complex has 36 Pd, reference has 64; complex: converged; slab: converged; molecule: converged",
Pd111,NH3,pbe_d3,SPE,queued,-1.33,—,,
Pd111,NH3,r2scan,relaxed,—,-1.33,—,"No previously published energy; current audit: Slab size mismatch. NH3_Pd111: slab size mismatch: complex has 36 Pd, reference has 64; complex: unfinished; slab: converged; molecule: converged",
Pd111,NH3,r2scan,SPE,queued,-1.33,—,,
Pd111,NH3,beef_vdw,relaxed,-18.572,-1.33,+17.242,"Shared stored references; converged components, matching functional/composition/full slab cell and stored core settings. Archived Kestrel records retain their source provenance. POTCAR variants allowed; no energy scaling or offsets. Slab: /kfs3/scratch/jcho5/goad-global-optimization/vasp_slab/Pd111_n36/beef_vdw ENERGY REVIEW: |E_ads| > 5 eV.",
Pd111,NH3,beef_vdw,SPE,queued,-1.33,—,,
Pd111,NO,pbe,relaxed,-2.78,-2.41,+0.36,"Previously published energy retained; current audit: Slab size mismatch. NO_Pd111: slab size mismatch: complex has 36 Pd, reference has 64; complex: converged; slab: converged; molecule: converged",
Pd111,NO,pbe,SPE,queued,-2.41,—,,
Pd111,NO,pbe_d3,relaxed,-3.02,-2.41,+0.61,"Previously published energy retained; current audit: Slab size mismatch. NO_Pd111: slab size mismatch: complex has 36 Pd, reference has 64; complex: converged; slab: converged; molecule: converged",
Pd111,NO,pbe_d3,SPE,queued,-2.41,—,,
Pd111,NO,r2scan,relaxed,—,-2.41,—,"No previously published energy; current audit: Slab size mismatch. NO_Pd111: slab size mismatch: complex has 36 Pd, reference has 64; complex: unfinished; slab: converged; molecule: ionic_unconverged",
Pd111,NO,r2scan,SPE,queued,-2.41,—,,
Pd111,NO,beef_vdw,relaxed,-26.905,-2.41,+24.495,"Shared stored references; converged components, matching functional/composition/full slab cell and stored core settings. Archived Kestrel records retain their source provenance. POTCAR variants allowed; no energy scaling or offsets. Slab: /kfs3/scratch/jcho5/goad-global-optimization/vasp_slab/Pd111_n36/beef_vdw ENERGY REVIEW: |E_ads| > 5 eV.",
Pd111,NO,beef_vdw,SPE,queued,-2.41,—,,
Pd111,SO2,pbe,relaxed,-1.24,-1.35,-0.11,"Previously published energy retained; current audit: Slab size mismatch. SO2_Pd111: slab size mismatch: complex has 36 Pd, reference has 64; complex: converged; slab: converged; molecule: converged",
Pd111,SO2,pbe,SPE,queued,-1.35,—,,
Pd111,SO2,pbe_d3,relaxed,-1.83,-1.35,+0.48,"Previously published energy retained; current audit: Slab size mismatch. SO2_Pd111: slab size mismatch: complex has 36 Pd, reference has 64; complex: converged; slab: converged; molecule: converged",
Pd111,SO2,pbe_d3,SPE,queued,-1.35,—,,
Pd111,SO2,r2scan,relaxed,—,-1.35,—,"No previously published energy; current audit: Slab size mismatch. SO2_Pd111: slab size mismatch: complex has 36 Pd, reference has 64; complex: unfinished; slab: converged; molecule: converged",
Pd111,SO2,r2scan,SPE,queued,-1.35,—,,
Pd111,SO2,beef_vdw,relaxed,-19.010,-1.35,+17.660,"Shared stored references; converged components, matching functional/composition/full slab cell and stored core settings. Archived Kestrel records retain their source provenance. POTCAR variants allowed; no energy scaling or offsets. Slab: /kfs3/scratch/jcho5/goad-global-optimization/vasp_slab/Pd111_n36/beef_vdw ENERGY REVIEW: |E_ads| > 5 eV.",
Pd111,SO2,beef_vdw,SPE,queued,-1.35,—,,
Pd111,acetaldehyde,pbe,relaxed,-0.36,-0.64,-0.28,"Previously published energy retained; current audit: Slab size mismatch. CH3CHO_Pd111: slab size mismatch: complex has 36 Pd, reference has 64; complex: converged; slab: converged; molecule: converged",
Pd111,acetaldehyde,pbe,SPE,-0.306,-0.64,-0.334,"Shared stored references; converged components, matching functional/composition/full slab cell and stored core settings. Archived Kestrel records retain their source provenance. POTCAR variants allowed; no energy scaling or offsets.",/pscratch/sd/j/jcho5/VASP/dft_jobs/CH3CHO_Pd111/singlepoint/PBE
Pd111,acetaldehyde,pbe_d3,relaxed,-0.79,-0.64,+0.15,"Previously published energy retained; current audit: Slab size mismatch. CH3CHO_Pd111: slab size mismatch: complex has 36 Pd, reference has 64; complex: converged; slab: converged; molecule: converged",
Pd111,acetaldehyde,pbe_d3,SPE,-0.675,-0.64,+0.035,"Shared stored references; converged components, matching functional/composition/full slab cell and stored core settings. Archived Kestrel records retain their source provenance. POTCAR variants allowed; no energy scaling or offsets.",/pscratch/sd/j/jcho5/VASP/dft_jobs/CH3CHO_Pd111/singlepoint/PBE_D3
Pd111,acetaldehyde,r2scan,relaxed,-0.67,-0.64,+0.03,"Previously published energy retained; current audit: Slab size mismatch. CH3CHO_Pd111: slab size mismatch: complex has 36 Pd, reference has 64; complex: converged; slab: converged; molecule: converged",
Pd111,acetaldehyde,r2scan,SPE,-0.601,-0.64,-0.039,"Shared stored references; converged components, matching functional/composition/full slab cell and stored core settings. Archived Kestrel records retain their source provenance. POTCAR variants allowed; no energy scaling or offsets.",/pscratch/sd/j/jcho5/VASP/dft_jobs/CH3CHO_Pd111/singlepoint/r2scan
Pd111,acetaldehyde,beef_vdw,relaxed,-18.267,-0.64,+17.627,"Shared stored references; converged components, matching functional/composition/full slab cell and stored core settings. Archived Kestrel records retain their source provenance. POTCAR variants allowed; no energy scaling or offsets. Slab: /kfs3/scratch/jcho5/goad-global-optimization/vasp_slab/Pd111_n36/beef_vdw ENERGY REVIEW: |E_ads| > 5 eV.",
Pd111,acetaldehyde,beef_vdw,SPE,-18.117,-0.64,+17.477,"Shared stored references; converged components, matching functional/composition/full slab cell and stored core settings. Archived Kestrel records retain their source provenance. POTCAR variants allowed; no energy scaling or offsets.",/pscratch/sd/j/jcho5/VASP/dft_jobs/CH3CHO_Pd111/singlepoint/beef_vdw
Pd111,acetic_acid,pbe,relaxed,—,-0.70,—,"No previously published energy; current audit: Slab size mismatch. CH3COOH_Pd111: slab size mismatch: complex has 36 Pd, reference has 64; complex: converged; slab: converged; molecule: unfinished",
Pd111,acetic_acid,pbe,SPE,refs missing,-0.70,—,,
Pd111,acetic_acid,pbe_d3,relaxed,—,-0.70,—,"No previously published energy; current audit: Slab size mismatch. CH3COOH_Pd111: slab size mismatch: complex has 36 Pd, reference has 64; complex: converged; slab: converged; molecule: unfinished",
Pd111,acetic_acid,pbe_d3,SPE,refs missing,-0.70,—,,
Pd111,acetic_acid,r2scan,relaxed,-0.82,-0.70,+0.12,"Previously published energy retained; current audit: Slab size mismatch. CH3COOH_Pd111: slab size mismatch: complex has 36 Pd, reference has 64; complex: unfinished; slab: converged; molecule: converged",
Pd111,acetic_acid,r2scan,SPE,-0.774,-0.70,+0.074,"Shared stored references; converged components, matching functional/composition/full slab cell and stored core settings. Archived Kestrel records retain their source provenance. POTCAR variants allowed; no energy scaling or offsets.",/pscratch/sd/j/jcho5/VASP/dft_jobs/CH3COOH_Pd111/singlepoint/r2scan
Pd111,acetic_acid,beef_vdw,relaxed,-18.382,-0.70,+17.682,"Shared stored references; converged components, matching functional/composition/full slab cell and stored core settings. Archived Kestrel records retain their source provenance. POTCAR variants allowed; no energy scaling or offsets. Slab: /kfs3/scratch/jcho5/goad-global-optimization/vasp_slab/Pd111_n36/beef_vdw ENERGY REVIEW: |E_ads| > 5 eV.",
Pd111,acetic_acid,beef_vdw,SPE,-18.303,-0.70,+17.603,"Shared stored references; converged components, matching functional/composition/full slab cell and stored core settings. Archived Kestrel records retain their source provenance. POTCAR variants allowed; no energy scaling or offsets.",/pscratch/sd/j/jcho5/VASP/dft_jobs/CH3COOH_Pd111/singlepoint/beef_vdw
Pd111,ethane,pbe,relaxed,-0.398,-0.46,-0.057,Screened Perlmutter result: C2H6_Pd111,
Pd111,ethane,pbe,SPE,+0.417,-0.46,-0.872,Previously published single-point result,
Pd111,ethane,pbe_d3,relaxed,-0.792,-0.46,+0.337,Screened Perlmutter result: C2H6_Pd111,
Pd111,ethane,pbe_d3,SPE,+0.297,-0.46,-0.752,Previously published single-point result,
Pd111,ethane,r2scan,relaxed,-0.67,-0.46,+0.21,Previously published energy retained; current audit: Not converged. C2H6_Pd111: See component convergence statuses; complex: unfinished; slab: converged; molecule: converged,
Pd111,ethane,r2scan,SPE,+0.372,-0.46,-0.828,Previously published single-point result,
Pd111,ethane,beef_vdw,relaxed,-31.985,-0.46,+31.530,Converged Perlmutter result; ENERGY REVIEW: |E_ads| > 5 eV; excluded from figure statistics. C2H6_Pd111,
Pd111,ethane,beef_vdw,SPE,+0.116,-0.46,-0.571,Previously published single-point result,
Pd111,ethanol,pbe,relaxed,-0.643,-0.67,-0.031,Screened Perlmutter result: CH3CH2OH_Pd111,
Pd111,ethanol,pbe,SPE,+0.200,-0.67,-0.874,Previously published single-point result,
Pd111,ethanol,pbe_d3,relaxed,-1.142,-0.67,+0.468,Screened Perlmutter result: CH3CH2OH_Pd111,
Pd111,ethanol,pbe_d3,SPE,+0.017,-0.67,-0.690,Previously published single-point result,
Pd111,ethanol,r2scan,relaxed,-1.087,-0.67,+0.413,Screened Perlmutter result: CH3CH2OH_Pd111,
Pd111,ethanol,r2scan,SPE,+0.163,-0.67,-0.837,Previously published single-point result,
Pd111,ethanol,beef_vdw,relaxed,-32.263,-0.67,+31.590,Converged Perlmutter result; ENERGY REVIEW: |E_ads| > 5 eV; excluded from figure statistics. CH3CH2OH_Pd111,
Pd111,ethanol,beef_vdw,SPE,-0.147,-0.67,-0.527,Previously published single-point result,
Pd111,ethene,pbe,relaxed,-0.88,-1.27,-0.39,"Previously published energy retained; current audit: Slab size mismatch. C2H4_Pd111: slab size mismatch: complex has 36 Pd, reference has 64; complex: converged; slab: converged; molecule: converged",
Pd111,ethene,pbe,SPE,-0.706,-1.27,-0.559,Previously published single-point result,
Pd111,ethene,pbe_d3,relaxed,-1.31,-1.27,+0.04,"Previously published energy retained; current audit: Slab size mismatch. C2H4_Pd111: slab size mismatch: complex has 36 Pd, reference has 64; complex: converged; slab: converged; molecule: converged",
Pd111,ethene,pbe_d3,SPE,-0.910,-1.27,-0.355,Previously published single-point result,
Pd111,ethene,r2scan,relaxed,-1.18,-1.27,-0.09,"Previously published energy retained; current audit: Slab size mismatch. C2H4_Pd111: slab size mismatch: complex has 36 Pd, reference has 64; complex: unfinished; slab: converged; molecule: converged",
Pd111,ethene,r2scan,SPE,-0.841,-1.27,-0.424,Previously published single-point result,
Pd111,ethene,beef_vdw,relaxed,-18.618,-1.27,+17.348,"Shared stored references; converged components, matching functional/composition/full slab cell and stored core settings. Archived Kestrel records retain their source provenance. POTCAR variants allowed; no energy scaling or offsets. Slab: /kfs3/scratch/jcho5/goad-global-optimization/vasp_slab/Pd111_n36/beef_vdw ENERGY REVIEW: |E_ads| > 5 eV.",
Pd111,ethene,beef_vdw,SPE,-0.798,-1.27,-0.468,Previously published single-point result,
Pd111,formaldehyde,pbe,relaxed,-0.35,-0.50,-0.15,"Previously published energy retained; current audit: Slab size mismatch. H2CO_Pd111: slab size mismatch: complex has 36 Pd, reference has 64; complex: converged; slab: converged; molecule: converged",
Pd111,formaldehyde,pbe,SPE,queued,-0.50,—,,
Pd111,formaldehyde,pbe_d3,relaxed,-0.66,-0.50,+0.16,"Previously published energy retained; current audit: Slab size mismatch. H2CO_Pd111: slab size mismatch: complex has 36 Pd, reference has 64; complex: converged; slab: converged; molecule: converged",
Pd111,formaldehyde,pbe_d3,SPE,queued,-0.50,—,,
Pd111,formaldehyde,r2scan,relaxed,—,-0.50,—,"No previously published energy; current audit: Slab size mismatch. H2CO_Pd111: slab size mismatch: complex has 36 Pd, reference has 64; complex: unfinished; slab: converged; molecule: converged",
Pd111,formaldehyde,r2scan,SPE,queued,-0.50,—,,
Pd111,formaldehyde,beef_vdw,relaxed,-18.168,-0.50,+17.668,"Shared stored references; converged components, matching functional/composition/full slab cell and stored core settings. Archived Kestrel records retain their source provenance. POTCAR variants allowed; no energy scaling or offsets. Slab: /kfs3/scratch/jcho5/goad-global-optimization/vasp_slab/Pd111_n36/beef_vdw ENERGY REVIEW: |E_ads| > 5 eV.",
Pd111,formaldehyde,beef_vdw,SPE,queued,-0.50,—,,
Pd111,formic_acid,pbe,relaxed,-0.52,-0.70,-0.18,"Previously published energy retained; current audit: Slab size mismatch. HCOOH_Pd111: slab size mismatch: complex has 36 Pd, reference has 64; complex: converged; slab: converged; molecule: converged",
Pd111,formic_acid,pbe,SPE,queued,-0.70,—,,
Pd111,formic_acid,pbe_d3,relaxed,-0.91,-0.70,+0.21,"Previously published energy retained; current audit: Slab size mismatch. HCOOH_Pd111: slab size mismatch: complex has 36 Pd, reference has 64; complex: converged; slab: converged; molecule: converged",
Pd111,formic_acid,pbe_d3,SPE,queued,-0.70,—,,
Pd111,formic_acid,r2scan,relaxed,—,-0.70,—,"No previously published energy; current audit: Slab size mismatch. HCOOH_Pd111: slab size mismatch: complex has 36 Pd, reference has 64; complex: unfinished; slab: converged; molecule: converged",
Pd111,formic_acid,r2scan,SPE,queued,-0.70,—,,
Pd111,formic_acid,beef_vdw,relaxed,-18.332,-0.70,+17.632,"Shared stored references; converged components, matching functional/composition/full slab cell and stored core settings. Archived Kestrel records retain their source provenance. POTCAR variants allowed; no energy scaling or offsets. Slab: /kfs3/scratch/jcho5/goad-global-optimization/vasp_slab/Pd111_n36/beef_vdw ENERGY REVIEW: |E_ads| > 5 eV.",
Pd111,formic_acid,beef_vdw,SPE,queued,-0.70,—,,
Pd111,glycerol,pbe,relaxed,-0.85,-1.01,-0.16,Previously published energy retained; current audit: Not audited. No matching result in the current Perlmutter audit,
Pd111,glycerol,pbe,SPE,+0.268,-1.01,-1.277,Previously published single-point result,
Pd111,glycerol,pbe_d3,relaxed,-1.63,-1.01,+0.62,Previously published energy retained; current audit: Not audited. No matching result in the current Perlmutter audit,
Pd111,glycerol,pbe_d3,SPE,-0.286,-1.01,-0.722,Previously published single-point result,
Pd111,glycerol,r2scan,relaxed,-1.45,-1.01,+0.44,Previously published energy retained; current audit: Not audited. No matching result in the current Perlmutter audit,
Pd111,glycerol,r2scan,SPE,+0.092,-1.01,-1.100,Previously published single-point result,
Pd111,glycerol,beef_vdw,relaxed,—,-1.01,—,No previously published energy; current audit: Not audited. No matching result in the current Perlmutter audit,
Pd111,glycerol,beef_vdw,SPE,-0.273,-1.01,-0.735,Previously published single-point result,
Pd111,isopropanol,pbe,relaxed,-0.62,-0.77,-0.15,Previously published energy retained; current audit: Not audited. No matching result in the current Perlmutter audit,
Pd111,isopropanol,pbe,SPE,+0.218,-0.77,-0.985,Previously published single-point result,
Pd111,isopropanol,pbe_d3,relaxed,-1.26,-0.77,+0.50,Previously published energy retained; current audit: Not audited. No matching result in the current Perlmutter audit,
Pd111,isopropanol,pbe_d3,SPE,-0.081,-0.77,-0.685,Previously published single-point result,
Pd111,isopropanol,r2scan,relaxed,-1.12,-0.77,+0.36,Previously published energy retained; current audit: Not audited. No matching result in the current Perlmutter audit,
Pd111,isopropanol,r2scan,SPE,+0.144,-0.77,-0.911,Previously published single-point result,
Pd111,isopropanol,beef_vdw,relaxed,—,-0.77,—,No previously published energy; current audit: Not audited. No matching result in the current Perlmutter audit,
Pd111,isopropanol,beef_vdw,SPE,-0.191,-0.77,-0.576,Previously published single-point result,
Pd111,methane,pbe,relaxed,-0.21,-0.58,-0.36,"Previously published energy retained; current audit: Slab size mismatch. CH4_Pd111: slab size mismatch: complex has 36 Pd, reference has 64; complex: converged; slab: converged; molecule: converged",
Pd111,methane,pbe,SPE,queued,-0.58,—,,
Pd111,methane,pbe_d3,relaxed,-0.44,-0.58,-0.14,"Previously published energy retained; current audit: Slab size mismatch. CH4_Pd111: slab size mismatch: complex has 36 Pd, reference has 64; complex: converged; slab: converged; molecule: converged",
Pd111,methane,pbe_d3,SPE,queued,-0.58,—,,
Pd111,methane,r2scan,relaxed,-0.369,-0.58,-0.211,"Shared stored references; converged components, matching functional/composition/full slab cell and stored core settings. Archived Kestrel records retain their source provenance. POTCAR variants allowed; no energy scaling or offsets. Slab: /kfs3/scratch/jcho5/goad-global-optimization/vasp_slab/Pd111_n36/r2scan",
Pd111,methane,r2scan,SPE,queued,-0.58,—,,
Pd111,methane,beef_vdw,relaxed,-18.021,-0.58,+17.441,"Shared stored references; converged components, matching functional/composition/full slab cell and stored core settings. Archived Kestrel records retain their source provenance. POTCAR variants allowed; no energy scaling or offsets. Slab: /kfs3/scratch/jcho5/goad-global-optimization/vasp_slab/Pd111_n36/beef_vdw ENERGY REVIEW: |E_ads| > 5 eV.",
Pd111,methane,beef_vdw,SPE,queued,-0.58,—,,
Pd111,methanol,pbe,relaxed,-0.42,-0.62,-0.19,"Previously published energy retained; current audit: Slab size mismatch. CH3OH_Pd111: slab size mismatch: complex has 36 Pd, reference has 64; complex: converged; slab: converged; molecule: converged",
Pd111,methanol,pbe,SPE,-0.385,-0.62,-0.235,"Shared stored references; converged components, matching functional/composition/full slab cell and stored core settings. Archived Kestrel records retain their source provenance. POTCAR variants allowed; no energy scaling or offsets.",/pscratch/sd/j/jcho5/VASP/dft_jobs/CH3OH_Pd111/singlepoint/PBE
Pd111,methanol,pbe_d3,relaxed,-0.80,-0.62,+0.18,"Previously published energy retained; current audit: Slab size mismatch. CH3OH_Pd111: slab size mismatch: complex has 36 Pd, reference has 64; complex: converged; slab: converged; molecule: converged",
Pd111,methanol,pbe_d3,SPE,-0.703,-0.62,+0.083,"Shared stored references; converged components, matching functional/composition/full slab cell and stored core settings. Archived Kestrel records retain their source provenance. POTCAR variants allowed; no energy scaling or offsets.",/pscratch/sd/j/jcho5/VASP/dft_jobs/CH3OH_Pd111/singlepoint/PBE_D3
Pd111,methanol,r2scan,relaxed,-0.73,-0.62,+0.12,"Previously published energy retained; current audit: Slab size mismatch. CH3OH_Pd111: slab size mismatch: complex has 36 Pd, reference has 64; complex: converged; slab: converged; molecule: converged",
Pd111,methanol,r2scan,SPE,-0.679,-0.62,+0.059,"Shared stored references; converged components, matching functional/composition/full slab cell and stored core settings. Archived Kestrel records retain their source provenance. POTCAR variants allowed; no energy scaling or offsets.",/pscratch/sd/j/jcho5/VASP/dft_jobs/CH3OH_Pd111/singlepoint/r2scan
Pd111,methanol,beef_vdw,relaxed,-18.285,-0.62,+17.665,"Shared stored references; converged components, matching functional/composition/full slab cell and stored core settings. Archived Kestrel records retain their source provenance. POTCAR variants allowed; no energy scaling or offsets. Slab: /kfs3/scratch/jcho5/goad-global-optimization/vasp_slab/Pd111_n36/beef_vdw ENERGY REVIEW: |E_ads| > 5 eV.",
Pd111,methanol,beef_vdw,SPE,-18.159,-0.62,+17.539,"Shared stored references; converged components, matching functional/composition/full slab cell and stored core settings. Archived Kestrel records retain their source provenance. POTCAR variants allowed; no energy scaling or offsets.",/pscratch/sd/j/jcho5/VASP/dft_jobs/CH3OH_Pd111/singlepoint/beef_vdw
Pd111,propane,pbe,relaxed,-0.41,-0.49,-0.08,Previously published energy retained; current audit: Not audited. No matching result in the current Perlmutter audit,
Pd111,propane,pbe,SPE,+0.314,-0.49,-0.787,Previously published single-point result,
Pd111,propane,pbe_d3,relaxed,-0.91,-0.49,+0.42,Previously published energy retained; current audit: Not audited. No matching result in the current Perlmutter audit,
Pd111,propane,pbe_d3,SPE,+0.043,-0.49,-0.515,Previously published single-point result,
Pd111,propane,r2scan,relaxed,-0.78,-0.49,+0.30,Previously published energy retained; current audit: Not audited. No matching result in the current Perlmutter audit,
Pd111,propane,r2scan,SPE,+0.218,-0.49,-0.690,Previously published single-point result,
Pd111,propane,beef_vdw,relaxed,—,-0.49,—,No previously published energy; current audit: Not audited. No matching result in the current Perlmutter audit,
Pd111,propane,beef_vdw,SPE,-0.105,-0.49,-0.367,Previously published single-point result,
Pd111,propanol,pbe,relaxed,-0.64,-0.76,-0.11,Previously published energy retained; current audit: Not audited. No matching result in the current Perlmutter audit,
Pd111,propanol,pbe,SPE,+0.199,-0.76,-0.912,Previously published single-point result,
Pd111,propanol,pbe_d3,relaxed,-1.28,-0.76,+0.52,Previously published energy retained; current audit: Not audited. No matching result in the current Perlmutter audit,
Pd111,propanol,pbe_d3,SPE,-0.185,-0.76,-0.528,Previously published single-point result,
Pd111,propanol,r2scan,relaxed,-1.14,-0.76,+0.38,Previously published energy retained; current audit: Not audited. No matching result in the current Perlmutter audit,
Pd111,propanol,r2scan,SPE,+0.054,-0.76,-0.767,Previously published single-point result,
Pd111,propanol,beef_vdw,relaxed,—,-0.76,—,No previously published energy; current audit: Not audited. No matching result in the current Perlmutter audit,
Pd111,propanol,beef_vdw,SPE,-0.222,-0.76,-0.491,Previously published single-point result,
Pd111,propene,pbe,relaxed,-0.99,-1.18,-0.19,Previously published energy retained; current audit: Not audited. No matching result in the current Perlmutter audit,
Pd111,propene,pbe,SPE,-0.454,-1.18,-0.722,Previously published single-point result,
Pd111,propene,pbe_d3,relaxed,-1.57,-1.18,+0.39,Previously published energy retained; current audit: Not audited. No matching result in the current Perlmutter audit,
Pd111,propene,pbe_d3,SPE,-0.722,-1.18,-0.454,Previously published single-point result,
Pd111,propene,r2scan,relaxed,-1.52,-1.18,+0.34,Previously published energy retained; current audit: Not audited. No matching result in the current Perlmutter audit,
Pd111,propene,r2scan,SPE,-0.632,-1.18,-0.544,Previously published single-point result,
Pd111,propene,beef_vdw,relaxed,—,-1.18,—,No previously published energy; current audit: Not audited. No matching result in the current Perlmutter audit,
Pd111,propene,beef_vdw,SPE,-0.725,-1.18,-0.451,Previously published single-point result,
Pt100,CH3,pbe,relaxed,-2.559,-2.77,-0.215,Screened Perlmutter result: CH3_Pt100,
Pt100,CH3,pbe,SPE,-2.542,-2.77,-0.228,Perlmutter NSW=0 original ML POSCAR with converged relaxed slab and molecule references,/pscratch/sd/j/jcho5/VASP/dft_jobs/CH3_Pt100/singlepoint/PBE
Pt100,CH3,pbe_d3,relaxed,-2.912,-2.77,+0.138,Screened Perlmutter result: CH3_Pt100,
Pt100,CH3,pbe_d3,SPE,-2.796,-2.77,+0.026,Perlmutter NSW=0 original ML POSCAR with converged relaxed slab and molecule references,/pscratch/sd/j/jcho5/VASP/dft_jobs/CH3_Pt100/singlepoint/PBE_D3
Pt100,CH3,r2scan,relaxed,-2.819,-2.77,+0.045,Screened Perlmutter result: CH3_Pt100,
Pt100,CH3,r2scan,SPE,-2.772,-2.77,+0.002,Perlmutter NSW=0 original ML POSCAR with converged relaxed slab and molecule references,/pscratch/sd/j/jcho5/VASP/dft_jobs/CH3_Pt100/singlepoint/r2scan
Pt100,CH3,beef_vdw,relaxed,-36.044,-2.77,+33.270,Converged Perlmutter result; ENERGY REVIEW: |E_ads| > 5 eV; excluded from figure statistics. CH3_Pt100,
Pt100,CH3,beef_vdw,SPE,-35.908,-2.77,+33.138,Perlmutter converged NSW=0 result; ENERGY REVIEW: |E_ads| > 5 eV; excluded from figure statistics,/pscratch/sd/j/jcho5/VASP/dft_jobs/CH3_Pt100/singlepoint/beef_vdw
Pt100,CO,pbe,relaxed,-2.527,-2.59,-0.060,Screened Perlmutter result: CO_Pt100,
Pt100,CO,pbe,SPE,queued,-2.59,—,,
Pt100,CO,pbe_d3,relaxed,-2.845,-2.59,+0.258,Screened Perlmutter result: CO_Pt100,
Pt100,CO,pbe_d3,SPE,queued,-2.59,—,,
Pt100,CO,r2scan,relaxed,-2.891,-2.59,+0.304,Screened Perlmutter result: CO_Pt100,
Pt100,CO,r2scan,SPE,queued,-2.59,—,,
Pt100,CO,beef_vdw,relaxed,-35.788,-2.59,+33.201,Converged Perlmutter result; ENERGY REVIEW: |E_ads| > 5 eV; excluded from figure statistics. CO_Pt100,
Pt100,CO,beef_vdw,SPE,queued,-2.59,—,,
Pt100,CO2,pbe,relaxed,-0.80,-0.51,+0.30,"Previously published energy retained; current audit: Slab size mismatch. CO2_Pt100: slab size mismatch: complex has 64 Pt, reference has 36; complex: converged; slab: converged; molecule: converged",
Pt100,CO2,pbe,SPE,+0.007,-0.51,-0.517,Previously published single-point result,
Pt100,CO2,pbe_d3,relaxed,—,-0.51,—,"No previously published energy; current audit: Slab size mismatch. CO2_Pt100: slab size mismatch: complex has 64 Pt, reference has 36; complex: converged; slab: converged; molecule: electronic_unconverged",
Pt100,CO2,pbe_d3,SPE,queued,-0.51,—,,
Pt100,CO2,r2scan,relaxed,-1.32,-0.51,+0.81,"Previously published energy retained; current audit: Slab size mismatch. CO2_Pt100: slab size mismatch: complex has 64 Pt, reference has 36; complex: unfinished; slab: converged; molecule: converged",
Pt100,CO2,r2scan,SPE,-0.022,-0.51,-0.487,Previously published single-point result,
Pt100,CO2,beef_vdw,relaxed,-60.444,-0.51,+59.934,"Shared stored references; converged components, matching functional/composition/full slab cell and stored core settings. Archived Kestrel records retain their source provenance. POTCAR variants allowed; no energy scaling or offsets. Slab: /kfs3/scratch/jcho5/goad-global-optimization/vasp_slab/Pt100_n64/beef_vdw ENERGY REVIEW: |E_ads| > 5 eV.",
Pt100,CO2,beef_vdw,SPE,-0.129,-0.51,-0.380,Previously published single-point result,
Pt100,DME,pbe,relaxed,—,-0.52,—,No previously published energy; current audit: Not converged. CH3OCH3_Pt100: molecule: ZBRENT: fatal error in bracketing; complex: converged; slab: converged; molecule: unfinished,
Pt100,DME,pbe,SPE,refs missing,-0.52,—,,
Pt100,DME,pbe_d3,relaxed,—,-0.52,—,No previously published energy; current audit: Not converged. CH3OCH3_Pt100: molecule: ZBRENT: fatal error in bracketing; complex: converged; slab: converged; molecule: unfinished,
Pt100,DME,pbe_d3,SPE,refs missing,-0.52,—,,
Pt100,DME,r2scan,relaxed,-1.220,-0.52,+0.702,Screened Perlmutter result: CH3OCH3_Pt100,
Pt100,DME,r2scan,SPE,-1.160,-0.52,+0.640,Perlmutter NSW=0 original ML POSCAR with converged relaxed slab and molecule references,/pscratch/sd/j/jcho5/VASP/dft_jobs/CH3OCH3_Pt100/singlepoint/r2scan
Pt100,DME,beef_vdw,relaxed,-34.487,-0.52,+33.969,Converged Perlmutter result; ENERGY REVIEW: |E_ads| > 5 eV; excluded from figure statistics. CH3OCH3_Pt100,
Pt100,DME,beef_vdw,SPE,-34.321,-0.52,+33.801,Perlmutter converged NSW=0 result; ENERGY REVIEW: |E_ads| > 5 eV; excluded from figure statistics,/pscratch/sd/j/jcho5/VASP/dft_jobs/CH3OCH3_Pt100/singlepoint/beef_vdw
Pt100,H2O,pbe,relaxed,-0.749,-0.73,+0.020,Screened Perlmutter result: H2O_Pt100,
Pt100,H2O,pbe,SPE,queued,-0.73,—,,
Pt100,H2O,pbe_d3,relaxed,-1.031,-0.73,+0.302,Screened Perlmutter result: H2O_Pt100,
Pt100,H2O,pbe_d3,SPE,queued,-0.73,—,,
Pt100,H2O,r2scan,relaxed,-1.151,-0.73,+0.422,Screened Perlmutter result: H2O_Pt100,
Pt100,H2O,r2scan,SPE,queued,-0.73,—,,
Pt100,H2O,beef_vdw,relaxed,-34.239,-0.73,+33.510,Converged Perlmutter result; ENERGY REVIEW: |E_ads| > 5 eV; excluded from figure statistics. H2O_Pt100,
Pt100,H2O,beef_vdw,SPE,queued,-0.73,—,,
Pt100,H2S,pbe,relaxed,-1.393,-1.21,+0.185,Screened Perlmutter result: H2S_Pt100,
Pt100,H2S,pbe,SPE,queued,-1.21,—,,
Pt100,H2S,pbe_d3,relaxed,-1.865,-1.21,+0.657,Screened Perlmutter result: H2S_Pt100,
Pt100,H2S,pbe_d3,SPE,queued,-1.21,—,,
Pt100,H2S,r2scan,relaxed,-1.834,-1.21,+0.627,Screened Perlmutter result: H2S_Pt100,
Pt100,H2S,r2scan,SPE,queued,-1.21,—,,
Pt100,H2S,beef_vdw,relaxed,-34.879,-1.21,+33.671,Converged Perlmutter result; ENERGY REVIEW: |E_ads| > 5 eV; excluded from figure statistics. H2S_Pt100,
Pt100,H2S,beef_vdw,SPE,queued,-1.21,—,,
Pt100,N2,pbe,relaxed,-0.835,-0.53,+0.300,Screened Perlmutter result: N2_Pt100,
Pt100,N2,pbe,SPE,queued,-0.53,—,,
Pt100,N2,pbe_d3,relaxed,-1.103,-0.53,+0.568,Screened Perlmutter result: N2_Pt100,
Pt100,N2,pbe_d3,SPE,queued,-0.53,—,,
Pt100,N2,r2scan,relaxed,-1.177,-0.53,+0.642,Screened Perlmutter result: N2_Pt100,
Pt100,N2,r2scan,SPE,queued,-0.53,—,,
Pt100,N2,beef_vdw,relaxed,-34.199,-0.53,+33.664,Converged Perlmutter result; ENERGY REVIEW: |E_ads| > 5 eV; excluded from figure statistics. N2_Pt100,
Pt100,N2,beef_vdw,SPE,queued,-0.53,—,,
Pt100,NH3,pbe,relaxed,-1.464,-1.51,-0.046,Screened Perlmutter result: NH3_Pt100,
Pt100,NH3,pbe,SPE,queued,-1.51,—,,
Pt100,NH3,pbe_d3,relaxed,-1.786,-1.51,+0.276,Screened Perlmutter result: NH3_Pt100,
Pt100,NH3,pbe_d3,SPE,queued,-1.51,—,,
Pt100,NH3,r2scan,relaxed,-1.881,-1.51,+0.371,Screened Perlmutter result: NH3_Pt100,
Pt100,NH3,r2scan,SPE,queued,-1.51,—,,
Pt100,NH3,beef_vdw,relaxed,-34.885,-1.51,+33.375,Converged Perlmutter result; ENERGY REVIEW: |E_ads| > 5 eV; excluded from figure statistics. NH3_Pt100,
Pt100,NH3,beef_vdw,SPE,queued,-1.51,—,,
Pt100,NO,pbe,relaxed,-3.012,-2.56,+0.448,Screened Perlmutter result: NO_Pt100,
Pt100,NO,pbe,SPE,queued,-2.56,—,,
Pt100,NO,pbe_d3,relaxed,-3.286,-2.56,+0.721,Screened Perlmutter result: NO_Pt100,
Pt100,NO,pbe_d3,SPE,queued,-2.56,—,,
Pt100,NO,r2scan,relaxed,—,-2.56,—,No previously published energy; current audit: Not converged. NO_Pt100: See component convergence statuses; complex: unfinished; slab: converged; molecule: ionic_unconverged,
Pt100,NO,r2scan,SPE,queued,-2.56,—,,
Pt100,NO,beef_vdw,relaxed,-42.911,-2.56,+40.347,Converged Perlmutter result; ENERGY REVIEW: |E_ads| > 5 eV; excluded from figure statistics. NO_Pt100,
Pt100,NO,beef_vdw,SPE,queued,-2.56,—,,
Pt100,SO2,pbe,relaxed,-1.744,-1.60,+0.145,Screened Perlmutter result: SO2_Pt100,
Pt100,SO2,pbe,SPE,queued,-1.60,—,,
Pt100,SO2,pbe_d3,relaxed,-2.393,-1.60,+0.793,Screened Perlmutter result: SO2_Pt100,
Pt100,SO2,pbe_d3,SPE,queued,-1.60,—,,
Pt100,SO2,r2scan,relaxed,-2.403,-1.60,+0.804,Screened Perlmutter result: SO2_Pt100,
Pt100,SO2,r2scan,SPE,queued,-1.60,—,,
Pt100,SO2,beef_vdw,relaxed,-35.273,-1.60,+33.674,Converged Perlmutter result; ENERGY REVIEW: |E_ads| > 5 eV; excluded from figure statistics. SO2_Pt100,
Pt100,SO2,beef_vdw,SPE,queued,-1.60,—,,
Pt100,acetaldehyde,pbe,relaxed,-0.711,-0.66,+0.048,Screened Perlmutter result: CH3CHO_Pt100,
Pt100,acetaldehyde,pbe,SPE,-0.635,-0.66,-0.025,Perlmutter NSW=0 original ML POSCAR with converged relaxed slab and molecule references,/pscratch/sd/j/jcho5/VASP/dft_jobs/CH3CHO_Pt100/singlepoint/PBE
Pt100,acetaldehyde,pbe_d3,relaxed,-1.208,-0.66,+0.546,Screened Perlmutter result: CH3CHO_Pt100,
Pt100,acetaldehyde,pbe_d3,SPE,-1.068,-0.66,+0.408,Perlmutter NSW=0 original ML POSCAR with converged relaxed slab and molecule references,/pscratch/sd/j/jcho5/VASP/dft_jobs/CH3CHO_Pt100/singlepoint/PBE_D3
Pt100,acetaldehyde,r2scan,relaxed,-1.08,-0.66,+0.41,Previously published energy retained; current audit: Not converged. CH3CHO_Pt100: See component convergence statuses; complex: unfinished; slab: converged; molecule: converged,
Pt100,acetaldehyde,r2scan,SPE,-1.005,-0.66,+0.345,Perlmutter NSW=0 original ML POSCAR with converged relaxed slab and molecule references,/pscratch/sd/j/jcho5/VASP/dft_jobs/CH3CHO_Pt100/singlepoint/r2scan
Pt100,acetaldehyde,beef_vdw,relaxed,-34.353,-0.66,+33.691,Converged Perlmutter result; ENERGY REVIEW: |E_ads| > 5 eV; excluded from figure statistics. CH3CHO_Pt100,
Pt100,acetaldehyde,beef_vdw,SPE,-34.127,-0.66,+33.467,Perlmutter converged NSW=0 result; ENERGY REVIEW: |E_ads| > 5 eV; excluded from figure statistics,/pscratch/sd/j/jcho5/VASP/dft_jobs/CH3CHO_Pt100/singlepoint/beef_vdw
Pt100,acetic_acid,pbe,relaxed,—,-0.80,—,No previously published energy; current audit: Not converged. CH3COOH_Pt100: molecule: ZBRENT: fatal error in bracketing; complex: converged; slab: converged; molecule: unfinished,
Pt100,acetic_acid,pbe,SPE,refs missing,-0.80,—,,
Pt100,acetic_acid,pbe_d3,relaxed,—,-0.80,—,No previously published energy; current audit: Not converged. CH3COOH_Pt100: molecule: ZBRENT: fatal error in bracketing; complex: converged; slab: converged; molecule: unfinished,
Pt100,acetic_acid,pbe_d3,SPE,refs missing,-0.80,—,,
Pt100,acetic_acid,r2scan,relaxed,-1.405,-0.80,+0.608,Screened Perlmutter result: CH3COOH_Pt100,
Pt100,acetic_acid,r2scan,SPE,-1.344,-0.80,+0.544,Perlmutter NSW=0 original ML POSCAR with converged relaxed slab and molecule references,/pscratch/sd/j/jcho5/VASP/dft_jobs/CH3COOH_Pt100/singlepoint/r2scan
Pt100,acetic_acid,beef_vdw,relaxed,-34.528,-0.80,+33.731,Converged Perlmutter result; ENERGY REVIEW: |E_ads| > 5 eV; excluded from figure statistics. CH3COOH_Pt100,
Pt100,acetic_acid,beef_vdw,SPE,-34.394,-0.80,+33.594,Perlmutter converged NSW=0 result; ENERGY REVIEW: |E_ads| > 5 eV; excluded from figure statistics,/pscratch/sd/j/jcho5/VASP/dft_jobs/CH3COOH_Pt100/singlepoint/beef_vdw
Pt100,ethane,pbe,relaxed,-0.80,-0.48,+0.32,"Previously published energy retained; current audit: Slab size mismatch. C2H6_Pt100: slab size mismatch: complex has 64 Pt, reference has 36; complex: converged; slab: converged; molecule: converged",
Pt100,ethane,pbe,SPE,+0.467,-0.48,-0.950,Previously published single-point result,
Pt100,ethane,pbe_d3,relaxed,-1.27,-0.48,+0.79,"Previously published energy retained; current audit: Slab size mismatch. C2H6_Pt100: slab size mismatch: complex has 64 Pt, reference has 36; complex: converged; slab: converged; molecule: converged",
Pt100,ethane,pbe_d3,SPE,+0.176,-0.48,-0.659,Previously published single-point result,
Pt100,ethane,r2scan,relaxed,-1.33,-0.48,+0.85,"Previously published energy retained; current audit: Slab size mismatch. C2H6_Pt100: slab size mismatch: complex has 64 Pt, reference has 36; complex: unfinished; slab: converged; molecule: converged",
Pt100,ethane,r2scan,SPE,+0.385,-0.48,-0.869,Previously published single-point result,
Pt100,ethane,beef_vdw,relaxed,-60.494,-0.48,+60.014,"Shared stored references; converged components, matching functional/composition/full slab cell and stored core settings. Archived Kestrel records retain their source provenance. POTCAR variants allowed; no energy scaling or offsets. Slab: /kfs3/scratch/jcho5/goad-global-optimization/vasp_slab/Pt100_n64/beef_vdw ENERGY REVIEW: |E_ads| > 5 eV.",
Pt100,ethane,beef_vdw,SPE,+0.175,-0.48,-0.658,Previously published single-point result,
Pt100,ethanol,pbe,relaxed,-1.16,-0.71,+0.45,"Previously published energy retained; current audit: Slab size mismatch. CH3CH2OH_Pt100: slab size mismatch: complex has 64 Pt, reference has 36; complex: converged; slab: converged; molecule: converged",
Pt100,ethanol,pbe,SPE,+0.396,-0.71,-1.105,Previously published single-point result,
Pt100,ethanol,pbe_d3,relaxed,-1.72,-0.71,+1.01,"Previously published energy retained; current audit: Slab size mismatch. CH3CH2OH_Pt100: slab size mismatch: complex has 64 Pt, reference has 36; complex: converged; slab: converged; molecule: converged",
Pt100,ethanol,pbe_d3,SPE,-0.007,-0.71,-0.703,Previously published single-point result,
Pt100,ethanol,r2scan,relaxed,-1.82,-0.71,+1.11,"Previously published energy retained; current audit: Slab size mismatch. CH3CH2OH_Pt100: slab size mismatch: complex has 64 Pt, reference has 36; complex: unfinished; slab: converged; molecule: converged",
Pt100,ethanol,r2scan,SPE,+0.285,-0.71,-0.994,Previously published single-point result,
Pt100,ethanol,beef_vdw,relaxed,-60.854,-0.71,+60.144,"Shared stored references; converged components, matching functional/composition/full slab cell and stored core settings. Archived Kestrel records retain their source provenance. POTCAR variants allowed; no energy scaling or offsets. Slab: /kfs3/scratch/jcho5/goad-global-optimization/vasp_slab/Pt100_n64/beef_vdw ENERGY REVIEW: |E_ads| > 5 eV.",
Pt100,ethanol,beef_vdw,SPE,+0.088,-0.71,-0.797,Previously published single-point result,
Pt100,ethene,pbe,relaxed,-1.569,-1.61,-0.046,Screened Perlmutter result: C2H4_Pt100,
Pt100,ethene,pbe,SPE,-1.123,-1.61,-0.492,Previously published single-point result,
Pt100,ethene,pbe_d3,relaxed,-2.107,-1.61,+0.492,Screened Perlmutter result: C2H4_Pt100,
Pt100,ethene,pbe_d3,SPE,-1.960,-1.61,+0.350,Perlmutter NSW=0 original ML POSCAR with converged relaxed slab and molecule references,/pscratch/sd/j/jcho5/VASP/dft_jobs/C2H4_Pt100/singlepoint/PBE_D3
Pt100,ethene,r2scan,relaxed,-2.118,-1.61,+0.503,Screened Perlmutter result: C2H4_Pt100,
Pt100,ethene,r2scan,SPE,-1.384,-1.61,-0.230,Previously published single-point result,
Pt100,ethene,beef_vdw,relaxed,-35.120,-1.61,+33.506,Converged Perlmutter result; ENERGY REVIEW: |E_ads| > 5 eV; excluded from figure statistics. C2H4_Pt100,
Pt100,ethene,beef_vdw,SPE,-1.151,-1.61,-0.464,Previously published single-point result,
Pt100,formaldehyde,pbe,relaxed,-1.197,-1.17,+0.023,Screened Perlmutter result: H2CO_Pt100,
Pt100,formaldehyde,pbe,SPE,queued,-1.17,—,,
Pt100,formaldehyde,pbe_d3,relaxed,-1.592,-1.17,+0.418,Screened Perlmutter result: H2CO_Pt100,
Pt100,formaldehyde,pbe_d3,SPE,queued,-1.17,—,,
Pt100,formaldehyde,r2scan,relaxed,-1.687,-1.17,+0.513,Screened Perlmutter result: H2CO_Pt100,
Pt100,formaldehyde,r2scan,SPE,queued,-1.17,—,,
Pt100,formaldehyde,beef_vdw,relaxed,-34.608,-1.17,+33.434,Converged Perlmutter result; ENERGY REVIEW: |E_ads| > 5 eV; excluded from figure statistics. H2CO_Pt100,
Pt100,formaldehyde,beef_vdw,SPE,queued,-1.17,—,,
Pt100,formic_acid,pbe,relaxed,-0.910,-0.82,+0.087,Screened Perlmutter result: HCOOH_Pt100,
Pt100,formic_acid,pbe,SPE,queued,-0.82,—,,
Pt100,formic_acid,pbe_d3,relaxed,-1.347,-0.82,+0.524,Screened Perlmutter result: HCOOH_Pt100,
Pt100,formic_acid,pbe_d3,SPE,queued,-0.82,—,,
Pt100,formic_acid,r2scan,relaxed,-1.366,-0.82,+0.542,Screened Perlmutter result: HCOOH_Pt100,
Pt100,formic_acid,r2scan,SPE,queued,-0.82,—,,
Pt100,formic_acid,beef_vdw,relaxed,-34.451,-0.82,+33.627,Converged Perlmutter result; ENERGY REVIEW: |E_ads| > 5 eV; excluded from figure statistics. HCOOH_Pt100,
Pt100,formic_acid,beef_vdw,SPE,queued,-0.82,—,,
Pt100,glycerol,pbe,relaxed,-1.35,-1.05,+0.30,Previously published energy retained; current audit: Not audited. No matching result in the current Perlmutter audit,
Pt100,glycerol,pbe,SPE,+0.375,-1.05,-1.421,Previously published single-point result,
Pt100,glycerol,pbe_d3,relaxed,-2.29,-1.05,+1.24,Previously published energy retained; current audit: Not audited. No matching result in the current Perlmutter audit,
Pt100,glycerol,pbe_d3,SPE,-0.387,-1.05,-0.659,Previously published single-point result,
Pt100,glycerol,r2scan,relaxed,-2.12,-1.05,+1.08,Previously published energy retained; current audit: Not audited. No matching result in the current Perlmutter audit,
Pt100,glycerol,r2scan,SPE,+0.192,-1.05,-1.237,Previously published single-point result,
Pt100,glycerol,beef_vdw,relaxed,—,-1.05,—,No previously published energy; current audit: Not audited. No matching result in the current Perlmutter audit,
Pt100,glycerol,beef_vdw,SPE,-0.127,-1.05,-0.919,Previously published single-point result,
Pt100,isopropanol,pbe,relaxed,-1.16,-0.79,+0.38,Previously published energy retained; current audit: Not audited. No matching result in the current Perlmutter audit,
Pt100,isopropanol,pbe,SPE,+0.398,-0.79,-1.187,Previously published single-point result,
Pt100,isopropanol,pbe_d3,relaxed,-1.89,-0.79,+1.10,Previously published energy retained; current audit: Not audited. No matching result in the current Perlmutter audit,
Pt100,isopropanol,pbe_d3,SPE,-0.086,-0.79,-0.703,Previously published single-point result,
Pt100,isopropanol,r2scan,relaxed,-1.87,-0.79,+1.08,Previously published energy retained; current audit: Not audited. No matching result in the current Perlmutter audit,
Pt100,isopropanol,r2scan,SPE,+0.281,-0.79,-1.071,Previously published single-point result,
Pt100,isopropanol,beef_vdw,relaxed,—,-0.79,—,No previously published energy; current audit: Not audited. No matching result in the current Perlmutter audit,
Pt100,isopropanol,beef_vdw,SPE,+0.025,-0.79,-0.815,Previously published single-point result,
Pt100,methane,pbe,relaxed,-0.510,-0.62,-0.111,Screened Perlmutter result: CH4_Pt100,
Pt100,methane,pbe,SPE,-0.413,-0.62,-0.207,Perlmutter NSW=0 original ML POSCAR with converged relaxed slab and molecule references,/pscratch/sd/j/jcho5/VASP/dft_jobs/CH4_Pt100/singlepoint/PBE
Pt100,methane,pbe_d3,relaxed,-0.796,-0.62,+0.175,Screened Perlmutter result: CH4_Pt100,
Pt100,methane,pbe_d3,SPE,-0.654,-0.62,+0.034,Perlmutter NSW=0 original ML POSCAR with converged relaxed slab and molecule references,/pscratch/sd/j/jcho5/VASP/dft_jobs/CH4_Pt100/singlepoint/PBE_D3
Pt100,methane,r2scan,relaxed,-0.829,-0.62,+0.208,Screened Perlmutter result: CH4_Pt100,
Pt100,methane,r2scan,SPE,queued,-0.62,—,,
Pt100,methane,beef_vdw,relaxed,-34.094,-0.62,+33.473,Converged Perlmutter result; ENERGY REVIEW: |E_ads| > 5 eV; excluded from figure statistics. CH4_Pt100,
Pt100,methane,beef_vdw,SPE,-33.922,-0.62,+33.302,Perlmutter converged NSW=0 result; ENERGY REVIEW: |E_ads| > 5 eV; excluded from figure statistics,/pscratch/sd/j/jcho5/VASP/dft_jobs/CH4_Pt100/singlepoint/beef_vdw
Pt100,methanol,pbe,relaxed,-0.775,-0.66,+0.112,Screened Perlmutter result: CH3OH_Pt100,
Pt100,methanol,pbe,SPE,-0.736,-0.66,+0.076,Perlmutter NSW=0 original ML POSCAR with converged relaxed slab and molecule references,/pscratch/sd/j/jcho5/VASP/dft_jobs/CH3OH_Pt100/singlepoint/PBE
Pt100,methanol,pbe_d3,relaxed,-1.225,-0.66,+0.562,Screened Perlmutter result: CH3OH_Pt100,
Pt100,methanol,pbe_d3,SPE,-1.103,-0.66,+0.443,Perlmutter NSW=0 original ML POSCAR with converged relaxed slab and molecule references,/pscratch/sd/j/jcho5/VASP/dft_jobs/CH3OH_Pt100/singlepoint/PBE_D3
Pt100,methanol,r2scan,relaxed,-1.247,-0.66,+0.585,Screened Perlmutter result: CH3OH_Pt100,
Pt100,methanol,r2scan,SPE,-1.193,-0.66,+0.533,Perlmutter NSW=0 original ML POSCAR with converged relaxed slab and molecule references,/pscratch/sd/j/jcho5/VASP/dft_jobs/CH3OH_Pt100/singlepoint/r2scan
Pt100,methanol,beef_vdw,relaxed,-34.408,-0.66,+33.745,Converged Perlmutter result; ENERGY REVIEW: |E_ads| > 5 eV; excluded from figure statistics. CH3OH_Pt100,
Pt100,methanol,beef_vdw,SPE,-34.231,-0.66,+33.571,Perlmutter converged NSW=0 result; ENERGY REVIEW: |E_ads| > 5 eV; excluded from figure statistics,/pscratch/sd/j/jcho5/VASP/dft_jobs/CH3OH_Pt100/singlepoint/beef_vdw
Pt100,propane,pbe,relaxed,-0.81,-0.54,+0.27,Previously published energy retained; current audit: Not audited. No matching result in the current Perlmutter audit,
Pt100,propane,pbe,SPE,+0.604,-0.54,-1.148,Previously published single-point result,
Pt100,propane,pbe_d3,relaxed,-1.40,-0.54,+0.85,Previously published energy retained; current audit: Not audited. No matching result in the current Perlmutter audit,
Pt100,propane,pbe_d3,SPE,+0.069,-0.54,-0.613,Previously published single-point result,
Pt100,propane,r2scan,relaxed,-1.38,-0.54,+0.83,Previously published energy retained; current audit: Not audited. No matching result in the current Perlmutter audit,
Pt100,propane,r2scan,SPE,+0.432,-0.54,-0.976,Previously published single-point result,
Pt100,propane,beef_vdw,relaxed,—,-0.54,—,No previously published energy; current audit: Not audited. No matching result in the current Perlmutter audit,
Pt100,propane,beef_vdw,SPE,+0.213,-0.54,-0.757,Previously published single-point result,
Pt100,propanol,pbe,relaxed,-1.21,-0.81,+0.40,Previously published energy retained; current audit: Not audited. No matching result in the current Perlmutter audit,
Pt100,propanol,pbe,SPE,+0.431,-0.81,-1.237,Previously published single-point result,
Pt100,propanol,pbe_d3,relaxed,-1.90,-0.81,+1.09,Previously published energy retained; current audit: Not audited. No matching result in the current Perlmutter audit,
Pt100,propanol,pbe_d3,SPE,-0.177,-0.81,-0.628,Previously published single-point result,
Pt100,propanol,r2scan,relaxed,-1.84,-0.81,+1.04,Previously published energy retained; current audit: Not audited. No matching result in the current Perlmutter audit,
Pt100,propanol,r2scan,SPE,+0.250,-0.81,-1.055,Previously published single-point result,
Pt100,propanol,beef_vdw,relaxed,—,-0.81,—,No previously published energy; current audit: Not audited. No matching result in the current Perlmutter audit,
Pt100,propanol,beef_vdw,SPE,+0.029,-0.81,-0.834,Previously published single-point result,
Pt100,propene,pbe,relaxed,-2.03,-1.82,+0.21,Previously published energy retained; current audit: Not audited. No matching result in the current Perlmutter audit,
Pt100,propene,pbe,SPE,-0.882,-1.82,-0.939,Previously published single-point result,
Pt100,propene,pbe_d3,relaxed,-2.73,-1.82,+0.91,Previously published energy retained; current audit: Not audited. No matching result in the current Perlmutter audit,
Pt100,propene,pbe_d3,SPE,-1.389,-1.82,-0.432,Previously published single-point result,
Pt100,propene,r2scan,relaxed,-2.81,-1.82,+0.99,Previously published energy retained; current audit: Not audited. No matching result in the current Perlmutter audit,
Pt100,propene,r2scan,SPE,-1.162,-1.82,-0.659,Previously published single-point result,
Pt100,propene,beef_vdw,relaxed,—,-1.82,—,No previously published energy; current audit: Not audited. No matching result in the current Perlmutter audit,
Pt100,propene,beef_vdw,SPE,-1.082,-1.82,-0.739,Previously published single-point result,
Pt110,CH3,pbe,relaxed,-2.597,-2.86,-0.263,Screened Perlmutter result: CH3_Pt110,
Pt110,CH3,pbe,SPE,-2.547,-2.86,-0.313,Perlmutter NSW=0 original ML POSCAR with converged relaxed slab and molecule references,/pscratch/sd/j/jcho5/VASP/dft_jobs/CH3_Pt110/singlepoint/PBE
Pt110,CH3,pbe_d3,relaxed,-2.944,-2.86,+0.085,Screened Perlmutter result: CH3_Pt110,
Pt110,CH3,pbe_d3,SPE,-2.846,-2.86,-0.014,Perlmutter NSW=0 original ML POSCAR with converged relaxed slab and molecule references,/pscratch/sd/j/jcho5/VASP/dft_jobs/CH3_Pt110/singlepoint/PBE_D3
Pt110,CH3,r2scan,relaxed,-2.732,-2.86,-0.127,Screened Perlmutter result: CH3_Pt110,
Pt110,CH3,r2scan,SPE,-2.548,-2.86,-0.312,Perlmutter NSW=0 original ML POSCAR with converged relaxed slab and molecule references,/pscratch/sd/j/jcho5/VASP/dft_jobs/CH3_Pt110/singlepoint/r2scan
Pt110,CH3,beef_vdw,relaxed,—,-2.86,—,No previously published energy; current audit: Not converged. CH3_Pt110: complex: ZBRENT: fatal error in bracketing; complex: unfinished; slab: converged; molecule: converged,
Pt110,CH3,beef_vdw,SPE,-24.894,-2.86,+22.034,Perlmutter converged NSW=0 result; ENERGY REVIEW: |E_ads| > 5 eV; excluded from figure statistics,/pscratch/sd/j/jcho5/VASP/dft_jobs/CH3_Pt110/singlepoint/beef_vdw
Pt110,CO,pbe,relaxed,-2.594,-2.63,-0.035,Screened Perlmutter result: CO_Pt110,
Pt110,CO,pbe,SPE,queued,-2.63,—,,
Pt110,CO,pbe_d3,relaxed,-2.907,-2.63,+0.278,Screened Perlmutter result: CO_Pt110,
Pt110,CO,pbe_d3,SPE,queued,-2.63,—,,
Pt110,CO,r2scan,relaxed,—,-2.63,—,No previously published energy; current audit: Not converged. CO_Pt110: See component convergence statuses; complex: unfinished; slab: converged; molecule: converged,
Pt110,CO,r2scan,SPE,queued,-2.63,—,,
Pt110,CO,beef_vdw,relaxed,-24.764,-2.63,+22.135,Converged Perlmutter result; ENERGY REVIEW: |E_ads| > 5 eV; excluded from figure statistics. CO_Pt110,
Pt110,CO,beef_vdw,SPE,queued,-2.63,—,,
Pt110,CO2,pbe,relaxed,-0.324,-0.51,-0.189,Screened Perlmutter result: CO2_Pt110,
Pt110,CO2,pbe,SPE,-0.014,-0.51,-0.484,Previously published single-point result,
Pt110,CO2,pbe_d3,relaxed,—,-0.51,—,No previously published energy; current audit: Not converged. CO2_Pt110: See component convergence statuses; complex: converged; slab: converged; molecule: electronic_unconverged,
Pt110,CO2,pbe_d3,SPE,queued,-0.51,—,,
Pt110,CO2,r2scan,relaxed,-0.595,-0.51,+0.082,Screened Perlmutter result: CO2_Pt110,
Pt110,CO2,r2scan,SPE,+0.041,-0.51,-0.539,Previously published single-point result,
Pt110,CO2,beef_vdw,relaxed,-22.828,-0.51,+22.315,Converged Perlmutter result; ENERGY REVIEW: |E_ads| > 5 eV; excluded from figure statistics. CO2_Pt110,
Pt110,CO2,beef_vdw,SPE,-0.184,-0.51,-0.314,Previously published single-point result,
Pt110,DME,pbe,relaxed,—,-0.58,—,No previously published energy; current audit: Not converged. CH3OCH3_Pt110: molecule: ZBRENT: fatal error in bracketing; complex: converged; slab: converged; molecule: unfinished,
Pt110,DME,pbe,SPE,refs missing,-0.58,—,,
Pt110,DME,pbe_d3,relaxed,—,-0.58,—,No previously published energy; current audit: Not converged. CH3OCH3_Pt110: molecule: ZBRENT: fatal error in bracketing; complex: converged; slab: converged; molecule: unfinished,
Pt110,DME,pbe_d3,SPE,refs missing,-0.58,—,,
Pt110,DME,r2scan,relaxed,-1.14,-0.58,+0.56,Previously published energy retained; current audit: Not converged. CH3OCH3_Pt110: See component convergence statuses; complex: unfinished; slab: converged; molecule: converged,
Pt110,DME,r2scan,SPE,-0.980,-0.58,+0.400,Perlmutter NSW=0 original ML POSCAR with converged relaxed slab and molecule references,/pscratch/sd/j/jcho5/VASP/dft_jobs/CH3OCH3_Pt110/singlepoint/r2scan
Pt110,DME,beef_vdw,relaxed,-23.327,-0.58,+22.743,Converged Perlmutter result; ENERGY REVIEW: |E_ads| > 5 eV; excluded from figure statistics. CH3OCH3_Pt110,
Pt110,DME,beef_vdw,SPE,-23.256,-0.58,+22.676,Perlmutter converged NSW=0 result; ENERGY REVIEW: |E_ads| > 5 eV; excluded from figure statistics,/pscratch/sd/j/jcho5/VASP/dft_jobs/CH3OCH3_Pt110/singlepoint/beef_vdw
Pt110,H2O,pbe,relaxed,-0.735,-0.93,-0.198,Screened Perlmutter result: H2O_Pt110,
Pt110,H2O,pbe,SPE,queued,-0.93,—,,
Pt110,H2O,pbe_d3,relaxed,-1.041,-0.93,+0.108,Screened Perlmutter result: H2O_Pt110,
Pt110,H2O,pbe_d3,SPE,queued,-0.93,—,,
Pt110,H2O,r2scan,relaxed,-1.087,-0.93,+0.155,Screened Perlmutter result: H2O_Pt110,
Pt110,H2O,r2scan,SPE,queued,-0.93,—,,
Pt110,H2O,beef_vdw,relaxed,-23.060,-0.93,+22.128,Converged Perlmutter result; ENERGY REVIEW: |E_ads| > 5 eV; excluded from figure statistics. H2O_Pt110,
Pt110,H2O,beef_vdw,SPE,queued,-0.93,—,,
Pt110,H2S,pbe,relaxed,-2.520,-2.43,+0.092,Screened Perlmutter result: H2S_Pt110,
Pt110,H2S,pbe,SPE,queued,-2.43,—,,
Pt110,H2S,pbe_d3,relaxed,-3.093,-2.43,+0.665,Screened Perlmutter result: H2S_Pt110,
Pt110,H2S,pbe_d3,SPE,queued,-2.43,—,,
Pt110,H2S,r2scan,relaxed,-2.995,-2.43,+0.566,Screened Perlmutter result: H2S_Pt110,
Pt110,H2S,r2scan,SPE,queued,-2.43,—,,
Pt110,H2S,beef_vdw,relaxed,-24.751,-2.43,+22.323,Converged Perlmutter result; ENERGY REVIEW: |E_ads| > 5 eV; excluded from figure statistics. H2S_Pt110,
Pt110,H2S,beef_vdw,SPE,queued,-2.43,—,,
Pt110,N2,pbe,relaxed,-0.876,-0.66,+0.216,Screened Perlmutter result: N2_Pt110,
Pt110,N2,pbe,SPE,queued,-0.66,—,,
Pt110,N2,pbe_d3,relaxed,-1.187,-0.66,+0.528,Screened Perlmutter result: N2_Pt110,
Pt110,N2,pbe_d3,SPE,queued,-0.66,—,,
Pt110,N2,r2scan,relaxed,-1.164,-0.66,+0.505,Screened Perlmutter result: N2_Pt110,
Pt110,N2,r2scan,SPE,queued,-0.66,—,,
Pt110,N2,beef_vdw,relaxed,-23.094,-0.66,+22.435,Converged Perlmutter result; ENERGY REVIEW: |E_ads| > 5 eV; excluded from figure statistics. N2_Pt110,
Pt110,N2,beef_vdw,SPE,queued,-0.66,—,,
Pt110,NH3,pbe,relaxed,-1.395,-1.62,-0.228,Screened Perlmutter result: NH3_Pt110,
Pt110,NH3,pbe,SPE,queued,-1.62,—,,
Pt110,NH3,pbe_d3,relaxed,-1.775,-1.62,+0.151,Screened Perlmutter result: NH3_Pt110,
Pt110,NH3,pbe_d3,SPE,queued,-1.62,—,,
Pt110,NH3,r2scan,relaxed,-1.698,-1.62,+0.074,Screened Perlmutter result: NH3_Pt110,
Pt110,NH3,r2scan,SPE,queued,-1.62,—,,
Pt110,NH3,beef_vdw,relaxed,-23.711,-1.62,+22.088,Converged Perlmutter result; ENERGY REVIEW: |E_ads| > 5 eV; excluded from figure statistics. NH3_Pt110,
Pt110,NH3,beef_vdw,SPE,queued,-1.62,—,,
Pt110,NO,pbe,relaxed,-2.690,-2.31,+0.382,Screened Perlmutter result: NO_Pt110,
Pt110,NO,pbe,SPE,queued,-2.31,—,,
Pt110,NO,pbe_d3,relaxed,-2.964,-2.31,+0.656,Screened Perlmutter result: NO_Pt110,
Pt110,NO,pbe_d3,SPE,queued,-2.31,—,,
Pt110,NO,r2scan,relaxed,—,-2.31,—,No previously published energy; current audit: Not converged. NO_Pt110: See component convergence statuses; complex: converged; slab: converged; molecule: ionic_unconverged,
Pt110,NO,r2scan,SPE,queued,-2.31,—,,
Pt110,NO,beef_vdw,relaxed,-31.553,-2.31,+29.245,Converged Perlmutter result; ENERGY REVIEW: |E_ads| > 5 eV; excluded from figure statistics. NO_Pt110,
Pt110,NO,beef_vdw,SPE,queued,-2.31,—,,
Pt110,SO2,pbe,relaxed,-1.889,-1.71,+0.181,Screened Perlmutter result: SO2_Pt110,
Pt110,SO2,pbe,SPE,queued,-1.71,—,,
Pt110,SO2,pbe_d3,relaxed,-2.516,-1.71,+0.809,Screened Perlmutter result: SO2_Pt110,
Pt110,SO2,pbe_d3,SPE,queued,-1.71,—,,
Pt110,SO2,r2scan,relaxed,-2.486,-1.71,+0.779,Screened Perlmutter result: SO2_Pt110,
Pt110,SO2,r2scan,SPE,queued,-1.71,—,,
Pt110,SO2,beef_vdw,relaxed,-24.324,-1.71,+22.617,Converged Perlmutter result; ENERGY REVIEW: |E_ads| > 5 eV; excluded from figure statistics. SO2_Pt110,
Pt110,SO2,beef_vdw,SPE,queued,-1.71,—,,
Pt110,acetaldehyde,pbe,relaxed,-0.727,-0.71,+0.013,Screened Perlmutter result: CH3CHO_Pt110,
Pt110,acetaldehyde,pbe,SPE,-0.622,-0.71,-0.088,Perlmutter NSW=0 original ML POSCAR with converged relaxed slab and molecule references,/pscratch/sd/j/jcho5/VASP/dft_jobs/CH3CHO_Pt110/singlepoint/PBE
Pt110,acetaldehyde,pbe_d3,relaxed,-1.216,-0.71,+0.502,Screened Perlmutter result: CH3CHO_Pt110,
Pt110,acetaldehyde,pbe_d3,SPE,-1.056,-0.71,+0.346,Perlmutter NSW=0 original ML POSCAR with converged relaxed slab and molecule references,/pscratch/sd/j/jcho5/VASP/dft_jobs/CH3CHO_Pt110/singlepoint/PBE_D3
Pt110,acetaldehyde,r2scan,relaxed,-1.121,-0.71,+0.407,Screened Perlmutter result: CH3CHO_Pt110,
Pt110,acetaldehyde,r2scan,SPE,-0.937,-0.71,+0.227,Perlmutter NSW=0 original ML POSCAR with converged relaxed slab and molecule references,/pscratch/sd/j/jcho5/VASP/dft_jobs/CH3CHO_Pt110/singlepoint/r2scan
Pt110,acetaldehyde,beef_vdw,relaxed,-23.206,-0.71,+22.492,Converged Perlmutter result; ENERGY REVIEW: |E_ads| > 5 eV; excluded from figure statistics. CH3CHO_Pt110,
Pt110,acetaldehyde,beef_vdw,SPE,-23.136,-0.71,+22.426,Perlmutter converged NSW=0 result; ENERGY REVIEW: |E_ads| > 5 eV; excluded from figure statistics,/pscratch/sd/j/jcho5/VASP/dft_jobs/CH3CHO_Pt110/singlepoint/beef_vdw
Pt110,acetic_acid,pbe,relaxed,—,-0.94,—,No previously published energy; current audit: Not converged. CH3COOH_Pt110: molecule: ZBRENT: fatal error in bracketing; complex: converged; slab: converged; molecule: unfinished,
Pt110,acetic_acid,pbe,SPE,refs missing,-0.94,—,,
Pt110,acetic_acid,pbe_d3,relaxed,—,-0.94,—,No previously published energy; current audit: Not converged. CH3COOH_Pt110: molecule: ZBRENT: fatal error in bracketing; complex: converged; slab: converged; molecule: unfinished,
Pt110,acetic_acid,pbe_d3,SPE,refs missing,-0.94,—,,
Pt110,acetic_acid,r2scan,relaxed,-1.317,-0.94,+0.380,Screened Perlmutter result: CH3COOH_Pt110,
Pt110,acetic_acid,r2scan,SPE,-1.117,-0.94,+0.177,Perlmutter NSW=0 original ML POSCAR with converged relaxed slab and molecule references,/pscratch/sd/j/jcho5/VASP/dft_jobs/CH3COOH_Pt110/singlepoint/r2scan
Pt110,acetic_acid,beef_vdw,relaxed,-23.401,-0.94,+22.465,Converged Perlmutter result; ENERGY REVIEW: |E_ads| > 5 eV; excluded from figure statistics. CH3COOH_Pt110,
Pt110,acetic_acid,beef_vdw,SPE,-23.333,-0.94,+22.393,Perlmutter converged NSW=0 result; ENERGY REVIEW: |E_ads| > 5 eV; excluded from figure statistics,/pscratch/sd/j/jcho5/VASP/dft_jobs/CH3COOH_Pt110/singlepoint/beef_vdw
Pt110,ethane,pbe,relaxed,-0.69,-0.56,+0.13,"Previously published energy retained; current audit: Slab size mismatch. C2H6_Pt110: slab size mismatch: complex has 64 Pt, reference has 24; complex: converged; slab: converged; molecule: converged",
Pt110,ethane,pbe,SPE,+0.430,-0.56,-0.989,Previously published single-point result,
Pt110,ethane,pbe_d3,relaxed,-1.14,-0.56,+0.58,"Previously published energy retained; current audit: Slab size mismatch. C2H6_Pt110: slab size mismatch: complex has 64 Pt, reference has 24; complex: converged; slab: converged; molecule: converged",
Pt110,ethane,pbe_d3,SPE,-0.182,-0.56,-0.377,Previously published single-point result,
Pt110,ethane,r2scan,relaxed,-1.29,-0.56,+0.73,"Previously published energy retained; current audit: Slab size mismatch. C2H6_Pt110: slab size mismatch: complex has 64 Pt, reference has 24; complex: unfinished; slab: converged; molecule: converged",
Pt110,ethane,r2scan,SPE,+0.163,-0.56,-0.721,Previously published single-point result,
Pt110,ethane,beef_vdw,relaxed,—,-0.56,—,"No previously published energy; current audit: Slab size mismatch. C2H6_Pt110: slab size mismatch: complex has 64 Pt, reference has 24; complex: unfinished; slab: converged; molecule: converged",
Pt110,ethane,beef_vdw,SPE,+0.395,-0.56,-0.954,Previously published single-point result,
Pt110,ethanol,pbe,relaxed,-1.10,-0.90,+0.20,"Previously published energy retained; current audit: Slab size mismatch. CH3CH2OH_Pt110: slab size mismatch: complex has 64 Pt, reference has 24; complex: converged; slab: converged; molecule: converged",
Pt110,ethanol,pbe,SPE,+0.631,-0.90,-1.532,Previously published single-point result,
Pt110,ethanol,pbe_d3,relaxed,-1.72,-0.90,+0.82,"Previously published energy retained; current audit: Slab size mismatch. CH3CH2OH_Pt110: slab size mismatch: complex has 64 Pt, reference has 24; complex: converged; slab: converged; molecule: converged",
Pt110,ethanol,pbe_d3,SPE,-0.055,-0.90,-0.846,Previously published single-point result,
Pt110,ethanol,r2scan,relaxed,-1.91,-0.90,+1.01,"Previously published energy retained; current audit: Slab size mismatch. CH3CH2OH_Pt110: slab size mismatch: complex has 64 Pt, reference has 24; complex: unfinished; slab: converged; molecule: converged",
Pt110,ethanol,r2scan,SPE,+0.347,-0.90,-1.247,Previously published single-point result,
Pt110,ethanol,beef_vdw,relaxed,-60.787,-0.90,+59.887,"Shared stored references; converged components, matching functional/composition/full slab cell and stored core settings. Archived Kestrel records retain their source provenance. POTCAR variants allowed; no energy scaling or offsets. Slab: /kfs3/scratch/jcho5/goad-global-optimization/vasp_slab/Pt110_n64/beef_vdw ENERGY REVIEW: |E_ads| > 5 eV.",
Pt110,ethanol,beef_vdw,SPE,+0.600,-0.90,-1.500,Previously published single-point result,
Pt110,ethene,pbe,relaxed,-1.624,-2.09,-0.463,Screened Perlmutter result: C2H4_Pt110,
Pt110,ethene,pbe,SPE,-1.088,-2.09,-1.000,Previously published single-point result,
Pt110,ethene,pbe_d3,relaxed,-2.229,-2.09,+0.141,Screened Perlmutter result: C2H4_Pt110,
Pt110,ethene,pbe_d3,SPE,-1.634,-2.09,-0.454,Previously published single-point result,
Pt110,ethene,r2scan,relaxed,-2.084,-2.09,-0.004,Screened Perlmutter result: C2H4_Pt110,
Pt110,ethene,r2scan,SPE,-1.424,-2.09,-0.664,Previously published single-point result,
Pt110,ethene,beef_vdw,relaxed,-24.087,-2.09,+22.000,Converged Perlmutter result; ENERGY REVIEW: |E_ads| > 5 eV; excluded from figure statistics. C2H4_Pt110,
Pt110,ethene,beef_vdw,SPE,-0.950,-2.09,-1.138,Previously published single-point result,
Pt110,formaldehyde,pbe,relaxed,-1.425,-1.44,-0.010,Screened Perlmutter result: H2CO_Pt110,
Pt110,formaldehyde,pbe,SPE,queued,-1.44,—,,
Pt110,formaldehyde,pbe_d3,relaxed,-1.883,-1.44,+0.448,Screened Perlmutter result: H2CO_Pt110,
Pt110,formaldehyde,pbe_d3,SPE,queued,-1.44,—,,
Pt110,formaldehyde,r2scan,relaxed,-1.812,-1.44,+0.377,Screened Perlmutter result: H2CO_Pt110,
Pt110,formaldehyde,r2scan,SPE,queued,-1.44,—,,
Pt110,formaldehyde,beef_vdw,relaxed,-23.735,-1.44,+22.300,Converged Perlmutter result; ENERGY REVIEW: |E_ads| > 5 eV; excluded from figure statistics. H2CO_Pt110,
Pt110,formaldehyde,beef_vdw,SPE,queued,-1.44,—,,
Pt110,formic_acid,pbe,relaxed,-0.887,-0.92,-0.032,Screened Perlmutter result: HCOOH_Pt110,
Pt110,formic_acid,pbe,SPE,queued,-0.92,—,,
Pt110,formic_acid,pbe_d3,relaxed,-1.363,-0.92,+0.444,Screened Perlmutter result: HCOOH_Pt110,
Pt110,formic_acid,pbe_d3,SPE,queued,-0.92,—,,
Pt110,formic_acid,r2scan,relaxed,-1.263,-0.92,+0.343,Screened Perlmutter result: HCOOH_Pt110,
Pt110,formic_acid,r2scan,SPE,queued,-0.92,—,,
Pt110,formic_acid,beef_vdw,relaxed,-23.271,-0.92,+22.352,Converged Perlmutter result; ENERGY REVIEW: |E_ads| > 5 eV; excluded from figure statistics. HCOOH_Pt110,
Pt110,formic_acid,beef_vdw,SPE,queued,-0.92,—,,
Pt110,glycerol,pbe,relaxed,-1.25,-1.18,+0.07,Previously published energy retained; current audit: Not audited. No matching result in the current Perlmutter audit,
Pt110,glycerol,pbe,SPE,+0.132,-1.18,-1.097,Previously published single-point result,
Pt110,glycerol,pbe_d3,relaxed,-2.20,-1.18,+1.02,Previously published energy retained; current audit: Not audited. No matching result in the current Perlmutter audit,
Pt110,glycerol,pbe_d3,SPE,-0.963,-1.18,-0.003,Previously published single-point result,
Pt110,glycerol,r2scan,relaxed,-2.15,-1.18,+0.97,Previously published energy retained; current audit: Not audited. No matching result in the current Perlmutter audit,
Pt110,glycerol,r2scan,SPE,-0.355,-1.18,-0.610,Previously published single-point result,
Pt110,glycerol,beef_vdw,relaxed,—,-1.18,—,No previously published energy; current audit: Not audited. No matching result in the current Perlmutter audit,
Pt110,glycerol,beef_vdw,SPE,-0.072,-1.18,-0.894,Previously published single-point result,
Pt110,isopropanol,pbe,relaxed,-1.15,-0.98,+0.17,Previously published energy retained; current audit: Not audited. No matching result in the current Perlmutter audit,
Pt110,isopropanol,pbe,SPE,+0.536,-0.98,-1.513,Previously published single-point result,
Pt110,isopropanol,pbe_d3,relaxed,-1.90,-0.98,+0.92,Previously published energy retained; current audit: Not audited. No matching result in the current Perlmutter audit,
Pt110,isopropanol,pbe_d3,SPE,-0.325,-0.98,-0.651,Previously published single-point result,
Pt110,isopropanol,r2scan,relaxed,-2.00,-0.98,+1.02,Previously published energy retained; current audit: Not audited. No matching result in the current Perlmutter audit,
Pt110,isopropanol,r2scan,SPE,+0.190,-0.98,-1.167,Previously published single-point result,
Pt110,isopropanol,beef_vdw,relaxed,—,-0.98,—,No previously published energy; current audit: Not audited. No matching result in the current Perlmutter audit,
Pt110,isopropanol,beef_vdw,SPE,+0.379,-0.98,-1.355,Previously published single-point result,
Pt110,methane,pbe,relaxed,-0.282,-0.63,-0.350,Screened Perlmutter result: CH4_Pt110,
Pt110,methane,pbe,SPE,-0.217,-0.63,-0.413,Perlmutter NSW=0 original ML POSCAR with converged relaxed slab and molecule references,/pscratch/sd/j/jcho5/VASP/dft_jobs/CH4_Pt110/singlepoint/PBE
Pt110,methane,pbe_d3,relaxed,-0.615,-0.63,-0.016,Screened Perlmutter result: CH4_Pt110,
Pt110,methane,pbe_d3,SPE,-0.514,-0.63,-0.116,Perlmutter NSW=0 original ML POSCAR with converged relaxed slab and molecule references,/pscratch/sd/j/jcho5/VASP/dft_jobs/CH4_Pt110/singlepoint/PBE_D3
Pt110,methane,r2scan,relaxed,-0.594,-0.63,-0.038,Screened Perlmutter result: CH4_Pt110,
Pt110,methane,r2scan,SPE,queued,-0.63,—,,
Pt110,methane,beef_vdw,relaxed,-22.785,-0.63,+22.154,Converged Perlmutter result; ENERGY REVIEW: |E_ads| > 5 eV; excluded from figure statistics. CH4_Pt110,
Pt110,methane,beef_vdw,SPE,-22.713,-0.63,+22.083,Perlmutter converged NSW=0 result; ENERGY REVIEW: |E_ads| > 5 eV; excluded from figure statistics,/pscratch/sd/j/jcho5/VASP/dft_jobs/CH4_Pt110/singlepoint/beef_vdw
Pt110,methanol,pbe,relaxed,-0.788,-0.85,-0.059,Screened Perlmutter result: CH3OH_Pt110,
Pt110,methanol,pbe,SPE,-0.714,-0.85,-0.136,Perlmutter NSW=0 original ML POSCAR with converged relaxed slab and molecule references,/pscratch/sd/j/jcho5/VASP/dft_jobs/CH3OH_Pt110/singlepoint/PBE
Pt110,methanol,pbe_d3,relaxed,-1.272,-0.85,+0.425,Screened Perlmutter result: CH3OH_Pt110,
Pt110,methanol,pbe_d3,SPE,-1.155,-0.85,+0.305,Perlmutter NSW=0 original ML POSCAR with converged relaxed slab and molecule references,/pscratch/sd/j/jcho5/VASP/dft_jobs/CH3OH_Pt110/singlepoint/PBE_D3
Pt110,methanol,r2scan,relaxed,-1.194,-0.85,+0.347,Screened Perlmutter result: CH3OH_Pt110,
Pt110,methanol,r2scan,SPE,-1.018,-0.85,+0.168,Perlmutter NSW=0 original ML POSCAR with converged relaxed slab and molecule references,/pscratch/sd/j/jcho5/VASP/dft_jobs/CH3OH_Pt110/singlepoint/r2scan
Pt110,methanol,beef_vdw,relaxed,-23.254,-0.85,+22.407,Converged Perlmutter result; ENERGY REVIEW: |E_ads| > 5 eV; excluded from figure statistics. CH3OH_Pt110,
Pt110,methanol,beef_vdw,SPE,-23.182,-0.85,+22.332,Perlmutter converged NSW=0 result; ENERGY REVIEW: |E_ads| > 5 eV; excluded from figure statistics,/pscratch/sd/j/jcho5/VASP/dft_jobs/CH3OH_Pt110/singlepoint/beef_vdw
Pt110,propane,pbe,relaxed,-0.70,-0.65,+0.05,Previously published energy retained; current audit: Not audited. No matching result in the current Perlmutter audit,
Pt110,propane,pbe,SPE,+0.623,-0.65,-1.272,Previously published single-point result,
Pt110,propane,pbe_d3,relaxed,-1.20,-0.65,+0.55,Previously published energy retained; current audit: Not audited. No matching result in the current Perlmutter audit,
Pt110,propane,pbe_d3,SPE,-0.119,-0.65,-0.530,Previously published single-point result,
Pt110,propane,r2scan,relaxed,-1.37,-0.65,+0.72,Previously published energy retained; current audit: Not audited. No matching result in the current Perlmutter audit,
Pt110,propane,r2scan,SPE,+0.313,-0.65,-0.962,Previously published single-point result,
Pt110,propane,beef_vdw,relaxed,—,-0.65,—,No previously published energy; current audit: Not audited. No matching result in the current Perlmutter audit,
Pt110,propane,beef_vdw,SPE,+0.486,-0.65,-1.135,Previously published single-point result,
Pt110,propanol,pbe,relaxed,-1.14,-0.94,+0.21,Previously published energy retained; current audit: Not audited. No matching result in the current Perlmutter audit,
Pt110,propanol,pbe,SPE,+0.717,-0.94,-1.653,Previously published single-point result,
Pt110,propanol,pbe_d3,relaxed,-1.86,-0.94,+0.92,Previously published energy retained; current audit: Not audited. No matching result in the current Perlmutter audit,
Pt110,propanol,pbe_d3,SPE,-0.120,-0.94,-0.817,Previously published single-point result,
Pt110,propanol,r2scan,relaxed,-1.98,-0.94,+1.04,Previously published energy retained; current audit: Not audited. No matching result in the current Perlmutter audit,
Pt110,propanol,r2scan,SPE,+0.387,-0.94,-1.324,Previously published single-point result,
Pt110,propanol,beef_vdw,relaxed,—,-0.94,—,No previously published energy; current audit: Not audited. No matching result in the current Perlmutter audit,
Pt110,propanol,beef_vdw,SPE,+0.587,-0.94,-1.524,Previously published single-point result,
Pt110,propene,pbe,relaxed,-1.87,-1.71,+0.17,Previously published energy retained; current audit: Not audited. No matching result in the current Perlmutter audit,
Pt110,propene,pbe,SPE,-0.470,-1.71,-1.235,Previously published single-point result,
Pt110,propene,pbe_d3,relaxed,-2.65,-1.71,+0.94,Previously published energy retained; current audit: Not audited. No matching result in the current Perlmutter audit,
Pt110,propene,pbe_d3,SPE,-1.269,-1.71,-0.437,Previously published single-point result,
Pt110,propene,r2scan,relaxed,-2.81,-1.71,+1.10,Previously published energy retained; current audit: Not audited. No matching result in the current Perlmutter audit,
Pt110,propene,r2scan,SPE,-0.884,-1.71,-0.821,Previously published single-point result,
Pt110,propene,beef_vdw,relaxed,—,-1.71,—,No previously published energy; current audit: Not audited. No matching result in the current Perlmutter audit,
Pt110,propene,beef_vdw,SPE,-0.452,-1.71,-1.254,Previously published single-point result,
Pt111,CO2,pbe,relaxed,-0.875,-0.49,+0.388,Screened Perlmutter result: CO2_Pt111,
Pt111,CO2,pbe,SPE,+0.031,-0.49,-0.518,Previously published single-point result,
Pt111,CO2,pbe_d3,relaxed,—,-0.49,—,No previously published energy; current audit: Not converged. CO2_Pt111: See component convergence statuses; complex: converged; slab: converged; molecule: electronic_unconverged,
Pt111,CO2,pbe_d3,SPE,queued,-0.49,—,,
Pt111,CO2,r2scan,relaxed,-1.40,-0.49,+0.92,Previously published energy retained; current audit: Not converged. CO2_Pt111: See component convergence statuses; complex: unfinished; slab: converged; molecule: converged,
Pt111,CO2,r2scan,SPE,+0.140,-0.49,-0.627,Previously published single-point result,
Pt111,CO2,beef_vdw,relaxed,-60.425,-0.49,+59.938,Converged Perlmutter result; ENERGY REVIEW: |E_ads| > 5 eV; excluded from figure statistics. CO2_Pt111,
Pt111,CO2,beef_vdw,SPE,-0.216,-0.49,-0.271,Previously published single-point result,
Pt111,ethane,pbe,relaxed,-0.86,-0.43,+0.43,Previously published energy retained; current audit: Not audited. No matching result in the current Perlmutter audit,
Pt111,ethane,pbe,SPE,+0.567,-0.43,-1.001,Previously published single-point result,
Pt111,ethane,pbe_d3,relaxed,-1.40,-0.43,+0.97,Previously published energy retained; current audit: Not audited. No matching result in the current Perlmutter audit,
Pt111,ethane,pbe_d3,SPE,+0.444,-0.43,-0.878,Previously published single-point result,
Pt111,ethane,r2scan,relaxed,-1.42,-0.43,+0.98,Previously published energy retained; current audit: Not audited. No matching result in the current Perlmutter audit,
Pt111,ethane,r2scan,SPE,+0.665,-0.43,-1.099,Previously published single-point result,
Pt111,ethane,beef_vdw,relaxed,—,-0.43,—,No previously published energy; current audit: Not audited. No matching result in the current Perlmutter audit,
Pt111,ethane,beef_vdw,SPE,+0.196,-0.43,-0.630,Previously published single-point result,
Pt111,ethanol,pbe,relaxed,-1.10,-0.64,+0.46,Previously published energy retained; current audit: Output missing/incomplete. C2H5OH_Pt111_top: Missing or non-finite component energy; complex: missing; slab: converged; molecule: converged,
Pt111,ethanol,pbe,SPE,+0.373,-0.64,-0.972,Previously published single-point result,
Pt111,ethanol,pbe_d3,relaxed,-1.78,-0.64,+1.14,Previously published energy retained; current audit: Output missing/incomplete. C2H5OH_Pt111_top: Missing or non-finite component energy; complex: missing; slab: converged; molecule: converged,
Pt111,ethanol,pbe_d3,SPE,+0.146,-0.64,-0.745,Previously published single-point result,
Pt111,ethanol,r2scan,relaxed,-1.81,-0.64,+1.17,Previously published energy retained; current audit: Output missing/incomplete. C2H5OH_Pt111_top: Missing or non-finite component energy; complex: missing; slab: converged; molecule: converged,
Pt111,ethanol,r2scan,SPE,+0.441,-0.64,-1.039,Previously published single-point result,
Pt111,ethanol,beef_vdw,relaxed,—,-0.64,—,No previously published energy; current audit: Output missing/incomplete. C2H5OH_Pt111_top: Missing or non-finite component energy; complex: missing; slab: converged; molecule: converged,
Pt111,ethanol,beef_vdw,SPE,-0.012,-0.64,-0.587,Previously published single-point result,
Pt111,ethene,pbe,relaxed,-1.66,-1.79,-0.13,Previously published energy retained; current audit: Output missing/incomplete. C2H4_Pt111_bri: Missing or non-finite component energy; complex: missing; slab: converged; molecule: converged,
Pt111,ethene,pbe,SPE,-0.892,-1.79,-0.432,Previously published single-point result,
Pt111,ethene,pbe_d3,relaxed,-2.31,-1.79,+0.52,Previously published energy retained; current audit: Output missing/incomplete. C2H4_Pt111_bri: Missing or non-finite component energy; complex: missing; slab: converged; molecule: converged,
Pt111,ethene,pbe_d3,SPE,-1.041,-1.79,-0.282,Previously published single-point result,
Pt111,ethene,r2scan,relaxed,-2.36,-1.79,+0.57,Previously published energy retained; current audit: Output missing/incomplete. C2H4_Pt111_bri: Missing or non-finite component energy; complex: missing; slab: converged; molecule: converged,
Pt111,ethene,r2scan,SPE,-0.915,-1.79,-0.409,Previously published single-point result,
Pt111,ethene,beef_vdw,relaxed,—,-1.79,—,No previously published energy; current audit: Output missing/incomplete. C2H4_Pt111_bri: Missing or non-finite component energy; complex: missing; slab: converged; molecule: converged,
Pt111,ethene,beef_vdw,SPE,-1.050,-1.79,-0.274,Previously published single-point result,
Pt111,formic_acid,pbe,relaxed,-0.71,-0.75,-0.04,"Previously published energy retained; current audit: Slab size mismatch. HCOOH_Pt111: slab size mismatch: complex has 36 Pt, reference has 64; complex: converged; slab: converged; molecule: converged",
Pt111,formic_acid,pbe,SPE,queued,-0.75,—,,
Pt111,formic_acid,pbe_d3,relaxed,-1.17,-0.75,+0.42,"Previously published energy retained; current audit: Slab size mismatch. HCOOH_Pt111: slab size mismatch: complex has 36 Pt, reference has 64; complex: converged; slab: converged; molecule: converged",
Pt111,formic_acid,pbe_d3,SPE,queued,-0.75,—,,
Pt111,formic_acid,r2scan,relaxed,—,-0.75,—,"No previously published energy; current audit: Slab size mismatch. HCOOH_Pt111: slab size mismatch: complex has 36 Pt, reference has 64; complex: unfinished; slab: converged; molecule: converged",
Pt111,formic_acid,r2scan,SPE,queued,-0.75,—,,
Pt111,formic_acid,beef_vdw,relaxed,-34.571,-0.75,+33.821,"Shared stored references; converged components, matching functional/composition/full slab cell and stored core settings. Archived Kestrel records retain their source provenance. POTCAR variants allowed; no energy scaling or offsets. Slab: /kfs3/scratch/jcho5/goad-global-optimization/vasp_slab/Pt111_n36/beef_vdw ENERGY REVIEW: |E_ads| > 5 eV.",
Pt111,formic_acid,beef_vdw,SPE,queued,-0.75,—,,
Pt111,glycerol,pbe,relaxed,-1.30,-0.82,+0.49,Previously published energy retained; current audit: Not audited. No matching result in the current Perlmutter audit,
Pt111,glycerol,pbe,SPE,+0.198,-0.82,-1.015,Previously published single-point result,
Pt111,glycerol,pbe_d3,relaxed,-2.24,-0.82,+1.42,Previously published energy retained; current audit: Not audited. No matching result in the current Perlmutter audit,
Pt111,glycerol,pbe_d3,SPE,-0.364,-0.82,-0.452,Previously published single-point result,
Pt111,glycerol,r2scan,relaxed,-2.07,-0.82,+1.26,Previously published energy retained; current audit: Not audited. No matching result in the current Perlmutter audit,
Pt111,glycerol,r2scan,SPE,+0.193,-0.82,-1.010,Previously published single-point result,
Pt111,glycerol,beef_vdw,relaxed,—,-0.82,—,No previously published energy; current audit: Not audited. No matching result in the current Perlmutter audit,
Pt111,glycerol,beef_vdw,SPE,-0.352,-0.82,-0.465,Previously published single-point result,
Pt111,isopropanol,pbe,relaxed,-1.03,-0.71,+0.33,Previously published energy retained; current audit: Not audited. No matching result in the current Perlmutter audit,
Pt111,isopropanol,pbe,SPE,+0.401,-0.71,-1.110,Previously published single-point result,
Pt111,isopropanol,pbe_d3,relaxed,-1.85,-0.71,+1.14,Previously published energy retained; current audit: Not audited. No matching result in the current Perlmutter audit,
Pt111,isopropanol,pbe_d3,SPE,+0.101,-0.71,-0.810,Previously published single-point result,
Pt111,isopropanol,r2scan,relaxed,-1.69,-0.71,+0.98,Previously published energy retained; current audit: Not audited. No matching result in the current Perlmutter audit,
Pt111,isopropanol,r2scan,SPE,+0.479,-0.71,-1.189,Previously published single-point result,
Pt111,isopropanol,beef_vdw,relaxed,—,-0.71,—,No previously published energy; current audit: Not audited. No matching result in the current Perlmutter audit,
Pt111,isopropanol,beef_vdw,SPE,-0.065,-0.71,-0.644,Previously published single-point result,
Pt111,methanol,pbe,relaxed,-0.66,-0.64,+0.02,"Previously published energy retained; current audit: Slab size mismatch. CH3OH_Pt111: slab size mismatch: complex has 36 Pt, reference has 64; complex: converged; slab: converged; molecule: converged",
Pt111,methanol,pbe,SPE,-0.613,-0.64,-0.027,"Shared stored references; converged components, matching functional/composition/full slab cell and stored core settings. Archived Kestrel records retain their source provenance. POTCAR variants allowed; no energy scaling or offsets.",/pscratch/sd/j/jcho5/VASP/dft_jobs/CH3OH_Pt111/singlepoint/PBE
Pt111,methanol,pbe_d3,relaxed,-1.11,-0.64,+0.47,"Previously published energy retained; current audit: Slab size mismatch. CH3OH_Pt111: slab size mismatch: complex has 36 Pt, reference has 64; complex: converged; slab: converged; molecule: converged",
Pt111,methanol,pbe_d3,SPE,-0.978,-0.64,+0.338,"Shared stored references; converged components, matching functional/composition/full slab cell and stored core settings. Archived Kestrel records retain their source provenance. POTCAR variants allowed; no energy scaling or offsets.",/pscratch/sd/j/jcho5/VASP/dft_jobs/CH3OH_Pt111/singlepoint/PBE_D3
Pt111,methanol,r2scan,relaxed,-1.12,-0.64,+0.49,"Previously published energy retained; current audit: Slab size mismatch. CH3OH_Pt111: slab size mismatch: complex has 36 Pt, reference has 64; complex: converged; slab: converged; molecule: converged",
Pt111,methanol,r2scan,SPE,-1.061,-0.64,+0.421,"Shared stored references; converged components, matching functional/composition/full slab cell and stored core settings. Archived Kestrel records retain their source provenance. POTCAR variants allowed; no energy scaling or offsets.",/pscratch/sd/j/jcho5/VASP/dft_jobs/CH3OH_Pt111/singlepoint/r2scan
Pt111,methanol,beef_vdw,relaxed,—,-0.64,—,"No previously published energy; current audit: Slab size mismatch. CH3OH_Pt111: slab size mismatch: complex has 36 Pt, reference has 64; complex: unfinished; slab: converged; molecule: converged",
Pt111,methanol,beef_vdw,SPE,not converged,-0.64,—,,
Pt111,propane,pbe,relaxed,-0.88,-0.49,+0.39,Previously published energy retained; current audit: Not audited. No matching result in the current Perlmutter audit,
Pt111,propane,pbe,SPE,+0.580,-0.49,-1.043,Previously published single-point result,
Pt111,propane,pbe_d3,relaxed,-1.56,-0.49,+1.07,Previously published energy retained; current audit: Not audited. No matching result in the current Perlmutter audit,
Pt111,propane,pbe_d3,SPE,+0.236,-0.49,-0.699,Previously published single-point result,
Pt111,propane,r2scan,relaxed,-1.46,-0.49,+0.97,Previously published energy retained; current audit: Not audited. No matching result in the current Perlmutter audit,
Pt111,propane,r2scan,SPE,+0.598,-0.49,-1.060,Previously published single-point result,
Pt111,propane,beef_vdw,relaxed,—,-0.49,—,No previously published energy; current audit: Not audited. No matching result in the current Perlmutter audit,
Pt111,propane,beef_vdw,SPE,+0.105,-0.49,-0.568,Previously published single-point result,
Pt111,propanol,pbe,relaxed,-1.12,-0.73,+0.39,Previously published energy retained; current audit: Not audited. No matching result in the current Perlmutter audit,
Pt111,propanol,pbe,SPE,+0.331,-0.73,-1.059,Previously published single-point result,
Pt111,propanol,pbe_d3,relaxed,-1.96,-0.73,+1.23,Previously published energy retained; current audit: Not audited. No matching result in the current Perlmutter audit,
Pt111,propanol,pbe_d3,SPE,-0.115,-0.73,-0.613,Previously published single-point result,
Pt111,propanol,r2scan,relaxed,-1.87,-0.73,+1.14,Previously published energy retained; current audit: Not audited. No matching result in the current Perlmutter audit,
Pt111,propanol,r2scan,SPE,+0.314,-0.73,-1.042,Previously published single-point result,
Pt111,propanol,beef_vdw,relaxed,—,-0.73,—,No previously published energy; current audit: Not audited. No matching result in the current Perlmutter audit,
Pt111,propanol,beef_vdw,SPE,-0.138,-0.73,-0.590,Previously published single-point result,
Pt111,propene,pbe,relaxed,-1.87,-1.68,+0.19,Previously published energy retained; current audit: Not audited. No matching result in the current Perlmutter audit,
Pt111,propene,pbe,SPE,-0.944,-1.68,-0.737,Previously published single-point result,
Pt111,propene,pbe_d3,relaxed,-2.69,-1.68,+1.01,Previously published energy retained; current audit: Not audited. No matching result in the current Perlmutter audit,
Pt111,propene,pbe_d3,SPE,-1.419,-1.68,-0.262,Previously published single-point result,
Pt111,propene,r2scan,relaxed,-2.65,-1.68,+0.97,Previously published energy retained; current audit: Not audited. No matching result in the current Perlmutter audit,
Pt111,propene,r2scan,SPE,-1.141,-1.68,-0.541,Previously published single-point result,
Pt111,propene,beef_vdw,relaxed,—,-1.68,—,No previously published energy; current audit: Not audited. No matching result in the current Perlmutter audit,
Pt111,propene,beef_vdw,SPE,-1.202,-1.68,-0.479,Previously published single-point result,
Rh100,CH3,pbe,relaxed,-2.252,-2.76,-0.508,Screened Perlmutter result: CH3_Rh100,
Rh100,CH3,pbe,SPE,not converged,-2.76,—,,
Rh100,CH3,pbe_d3,relaxed,-2.526,-2.76,-0.233,Screened Perlmutter result: CH3_Rh100,
Rh100,CH3,pbe_d3,SPE,not converged,-2.76,—,,
Rh100,CH3,r2scan,relaxed,-2.314,-2.76,-0.446,Screened Perlmutter result: CH3_Rh100,
Rh100,CH3,r2scan,SPE,-2.303,-2.76,-0.457,Perlmutter NSW=0 original ML POSCAR with converged relaxed slab and molecule references,/pscratch/sd/j/jcho5/VASP/dft_jobs/CH3_Rh100/singlepoint/r2scan
Rh100,CH3,beef_vdw,relaxed,-28.388,-2.76,+25.629,Converged Perlmutter result; ENERGY REVIEW: |E_ads| > 5 eV; excluded from figure statistics. CH3_Rh100,
Rh100,CH3,beef_vdw,SPE,not converged,-2.76,—,,
Rh100,CO,pbe,relaxed,-2.443,-2.60,-0.161,Screened Perlmutter result: CO_Rh100,
Rh100,CO,pbe,SPE,queued,-2.60,—,,
Rh100,CO,pbe_d3,relaxed,-2.686,-2.60,+0.083,Screened Perlmutter result: CO_Rh100,
Rh100,CO,pbe_d3,SPE,queued,-2.60,—,,
Rh100,CO,r2scan,relaxed,-2.615,-2.60,+0.011,Screened Perlmutter result: CO_Rh100,
Rh100,CO,r2scan,SPE,queued,-2.60,—,,
Rh100,CO,beef_vdw,relaxed,-28.430,-2.60,+25.827,Converged Perlmutter result; ENERGY REVIEW: |E_ads| > 5 eV; excluded from figure statistics. CO_Rh100,
Rh100,CO,beef_vdw,SPE,queued,-2.60,—,,
Rh100,CO2,pbe,relaxed,-0.365,-0.44,-0.078,Screened Perlmutter result: CO2_Rh100,
Rh100,CO2,pbe,SPE,queued,-0.44,—,,
Rh100,CO2,pbe_d3,relaxed,—,-0.44,—,No previously published energy; current audit: Not converged. CO2_Rh100: See component convergence statuses; complex: converged; slab: converged; molecule: electronic_unconverged,
Rh100,CO2,pbe_d3,SPE,queued,-0.44,—,,
Rh100,CO2,r2scan,relaxed,-0.557,-0.44,+0.114,Screened Perlmutter result: CO2_Rh100,
Rh100,CO2,r2scan,SPE,queued,-0.44,—,,
Rh100,CO2,beef_vdw,relaxed,—,-0.44,—,No previously published energy; current audit: Not converged. CO2_Rh100: See component convergence statuses; complex: unfinished; slab: converged; molecule: converged,
Rh100,CO2,beef_vdw,SPE,queued,-0.44,—,,
Rh100,DME,pbe,relaxed,—,-0.65,—,No previously published energy; current audit: Not converged. CH3OCH3_Rh100: molecule: ZBRENT: fatal error in bracketing; complex: converged; slab: converged; molecule: unfinished,
Rh100,DME,pbe,SPE,refs missing,-0.65,—,,
Rh100,DME,pbe_d3,relaxed,—,-0.65,—,No previously published energy; current audit: Not converged. CH3OCH3_Rh100: molecule: ZBRENT: fatal error in bracketing; complex: converged; slab: converged; molecule: unfinished,
Rh100,DME,pbe_d3,SPE,refs missing,-0.65,—,,
Rh100,DME,r2scan,relaxed,-0.968,-0.65,+0.317,Screened Perlmutter result: CH3OCH3_Rh100,
Rh100,DME,r2scan,SPE,-0.933,-0.65,+0.283,Perlmutter NSW=0 original ML POSCAR with converged relaxed slab and molecule references,/pscratch/sd/j/jcho5/VASP/dft_jobs/CH3OCH3_Rh100/singlepoint/r2scan
Rh100,DME,beef_vdw,relaxed,-27.080,-0.65,+26.429,Converged Perlmutter result; ENERGY REVIEW: |E_ads| > 5 eV; excluded from figure statistics. CH3OCH3_Rh100,
Rh100,DME,beef_vdw,SPE,not converged,-0.65,—,,
Rh100,H2O,pbe,relaxed,-0.744,-0.89,-0.149,Screened Perlmutter result: H2O_Rh100,
Rh100,H2O,pbe,SPE,queued,-0.89,—,,
Rh100,H2O,pbe_d3,relaxed,-0.967,-0.89,+0.074,Screened Perlmutter result: H2O_Rh100,
Rh100,H2O,pbe_d3,SPE,queued,-0.89,—,,
Rh100,H2O,r2scan,relaxed,-0.923,-0.89,+0.030,Screened Perlmutter result: H2O_Rh100,
Rh100,H2O,r2scan,SPE,queued,-0.89,—,,
Rh100,H2O,beef_vdw,relaxed,-26.940,-0.89,+26.047,Converged Perlmutter result; ENERGY REVIEW: |E_ads| > 5 eV; excluded from figure statistics. H2O_Rh100,
Rh100,H2O,beef_vdw,SPE,queued,-0.89,—,,
Rh100,H2S,pbe,relaxed,-4.035,-4.22,-0.187,Screened Perlmutter result: H2S_Rh100,
Rh100,H2S,pbe,SPE,queued,-4.22,—,,
Rh100,H2S,pbe_d3,relaxed,-4.525,-4.22,+0.304,Screened Perlmutter result: H2S_Rh100,
Rh100,H2S,pbe_d3,SPE,queued,-4.22,—,,
Rh100,H2S,r2scan,relaxed,-4.482,-4.22,+0.260,Screened Perlmutter result: H2S_Rh100,
Rh100,H2S,r2scan,SPE,queued,-4.22,—,,
Rh100,H2S,beef_vdw,relaxed,-29.902,-4.22,+25.681,Converged Perlmutter result; ENERGY REVIEW: |E_ads| > 5 eV; excluded from figure statistics. H2S_Rh100,
Rh100,H2S,beef_vdw,SPE,queued,-4.22,—,,
Rh100,N2,pbe,relaxed,-1.038,-0.79,+0.247,Screened Perlmutter result: N2_Rh100,
Rh100,N2,pbe,SPE,queued,-0.79,—,,
Rh100,N2,pbe_d3,relaxed,-1.277,-0.79,+0.486,Screened Perlmutter result: N2_Rh100,
Rh100,N2,pbe_d3,SPE,queued,-0.79,—,,
Rh100,N2,r2scan,relaxed,-1.225,-0.79,+0.434,Screened Perlmutter result: N2_Rh100,
Rh100,N2,r2scan,SPE,queued,-0.79,—,,
Rh100,N2,beef_vdw,relaxed,-27.131,-0.79,+26.340,Converged Perlmutter result; ENERGY REVIEW: |E_ads| > 5 eV; excluded from figure statistics. N2_Rh100,
Rh100,N2,beef_vdw,SPE,queued,-0.79,—,,
Rh100,NH3,pbe,relaxed,-1.347,-1.59,-0.239,Screened Perlmutter result: NH3_Rh100,
Rh100,NH3,pbe,SPE,queued,-1.59,—,,
Rh100,NH3,pbe_d3,relaxed,-1.631,-1.59,+0.045,Screened Perlmutter result: NH3_Rh100,
Rh100,NH3,pbe_d3,SPE,queued,-1.59,—,,
Rh100,NH3,r2scan,relaxed,-1.518,-1.59,-0.068,Screened Perlmutter result: NH3_Rh100,
Rh100,NH3,r2scan,SPE,queued,-1.59,—,,
Rh100,NH3,beef_vdw,relaxed,-27.530,-1.59,+25.945,Converged Perlmutter result; ENERGY REVIEW: |E_ads| > 5 eV; excluded from figure statistics. NH3_Rh100,
Rh100,NH3,beef_vdw,SPE,queued,-1.59,—,,
Rh100,NO,pbe,relaxed,-3.343,-2.83,+0.510,Screened Perlmutter result: NO_Rh100,
Rh100,NO,pbe,SPE,queued,-2.83,—,,
Rh100,NO,pbe_d3,relaxed,-3.576,-2.83,+0.743,Screened Perlmutter result: NO_Rh100,
Rh100,NO,pbe_d3,SPE,queued,-2.83,—,,
Rh100,NO,r2scan,relaxed,—,-2.83,—,No previously published energy; current audit: Not converged. NO_Rh100: See component convergence statuses; complex: converged; slab: converged; molecule: ionic_unconverged,
Rh100,NO,r2scan,SPE,queued,-2.83,—,,
Rh100,NO,beef_vdw,relaxed,-35.970,-2.83,+33.137,Converged Perlmutter result; ENERGY REVIEW: |E_ads| > 5 eV; excluded from figure statistics. NO_Rh100,
Rh100,NO,beef_vdw,SPE,queued,-2.83,—,,
Rh100,SO2,pbe,relaxed,-2.477,-2.26,+0.215,Screened Perlmutter result: SO2_Rh100,
Rh100,SO2,pbe,SPE,queued,-2.26,—,,
Rh100,SO2,pbe_d3,relaxed,-2.983,-2.26,+0.721,Screened Perlmutter result: SO2_Rh100,
Rh100,SO2,pbe_d3,SPE,queued,-2.26,—,,
Rh100,SO2,r2scan,relaxed,—,-2.26,—,No previously published energy; current audit: Not converged. SO2_Rh100: See component convergence statuses; complex: unfinished; slab: converged; molecule: converged,
Rh100,SO2,r2scan,SPE,queued,-2.26,—,,
Rh100,SO2,beef_vdw,relaxed,-28.608,-2.26,+26.346,Converged Perlmutter result; ENERGY REVIEW: |E_ads| > 5 eV; excluded from figure statistics. SO2_Rh100,
Rh100,SO2,beef_vdw,SPE,queued,-2.26,—,,
Rh100,acetaldehyde,pbe,relaxed,-0.776,-0.90,-0.126,Screened Perlmutter result: CH3CHO_Rh100,
Rh100,acetaldehyde,pbe,SPE,-0.701,-0.90,-0.199,Perlmutter NSW=0 original ML POSCAR with converged relaxed slab and molecule references,/pscratch/sd/j/jcho5/VASP/dft_jobs/CH3CHO_Rh100/singlepoint/PBE
Rh100,acetaldehyde,pbe_d3,relaxed,-1.164,-0.90,+0.261,Screened Perlmutter result: CH3CHO_Rh100,
Rh100,acetaldehyde,pbe_d3,SPE,-1.064,-0.90,+0.164,Perlmutter NSW=0 original ML POSCAR with converged relaxed slab and molecule references,/pscratch/sd/j/jcho5/VASP/dft_jobs/CH3CHO_Rh100/singlepoint/PBE_D3
Rh100,acetaldehyde,r2scan,relaxed,-1.020,-0.90,+0.118,Screened Perlmutter result: CH3CHO_Rh100,
Rh100,acetaldehyde,r2scan,SPE,-0.984,-0.90,+0.084,Perlmutter NSW=0 original ML POSCAR with converged relaxed slab and molecule references,/pscratch/sd/j/jcho5/VASP/dft_jobs/CH3CHO_Rh100/singlepoint/r2scan
Rh100,acetaldehyde,beef_vdw,relaxed,-27.109,-0.90,+26.207,Converged Perlmutter result; ENERGY REVIEW: |E_ads| > 5 eV; excluded from figure statistics. CH3CHO_Rh100,
Rh100,acetaldehyde,beef_vdw,SPE,-26.959,-0.90,+26.059,Perlmutter converged NSW=0 result; ENERGY REVIEW: |E_ads| > 5 eV; excluded from figure statistics,/pscratch/sd/j/jcho5/VASP/dft_jobs/CH3CHO_Rh100/singlepoint/beef_vdw
Rh100,acetic_acid,pbe,relaxed,—,-1.04,—,No previously published energy; current audit: Not converged. CH3COOH_Rh100: molecule: ZBRENT: fatal error in bracketing; complex: converged; slab: converged; molecule: unfinished,
Rh100,acetic_acid,pbe,SPE,refs missing,-1.04,—,,
Rh100,acetic_acid,pbe_d3,relaxed,—,-1.04,—,No previously published energy; current audit: Not converged. CH3COOH_Rh100: molecule: ZBRENT: fatal error in bracketing; complex: converged; slab: converged; molecule: unfinished,
Rh100,acetic_acid,pbe_d3,SPE,refs missing,-1.04,—,,
Rh100,acetic_acid,r2scan,relaxed,-1.217,-1.04,+0.175,Screened Perlmutter result: CH3COOH_Rh100,
Rh100,acetic_acid,r2scan,SPE,-1.187,-1.04,+0.147,Perlmutter NSW=0 original ML POSCAR with converged relaxed slab and molecule references,/pscratch/sd/j/jcho5/VASP/dft_jobs/CH3COOH_Rh100/singlepoint/r2scan
Rh100,acetic_acid,beef_vdw,relaxed,-27.281,-1.04,+26.240,Converged Perlmutter result; ENERGY REVIEW: |E_ads| > 5 eV; excluded from figure statistics. CH3COOH_Rh100,
Rh100,acetic_acid,beef_vdw,SPE,not converged,-1.04,—,,
Rh100,ethane,pbe,relaxed,-0.373,-0.59,-0.217,Screened Perlmutter result: C2H6_Rh100,
Rh100,ethane,pbe,SPE,-0.212,-0.59,-0.378,Perlmutter NSW=0 original ML POSCAR with converged relaxed slab and molecule references,/pscratch/sd/j/jcho5/VASP/dft_jobs/C2H6_Rh100/singlepoint/PBE
Rh100,ethane,pbe_d3,relaxed,-0.749,-0.59,+0.159,Screened Perlmutter result: C2H6_Rh100,
Rh100,ethane,pbe_d3,SPE,-0.596,-0.59,+0.006,Perlmutter NSW=0 original ML POSCAR with converged relaxed slab and molecule references,/pscratch/sd/j/jcho5/VASP/dft_jobs/C2H6_Rh100/singlepoint/PBE_D3
Rh100,ethane,r2scan,relaxed,-0.634,-0.59,+0.044,Screened Perlmutter result: C2H6_Rh100,
Rh100,ethane,r2scan,SPE,-0.597,-0.59,+0.007,Perlmutter NSW=0 original ML POSCAR with converged relaxed slab and molecule references,/pscratch/sd/j/jcho5/VASP/dft_jobs/C2H6_Rh100/singlepoint/r2scan
Rh100,ethane,beef_vdw,relaxed,-26.770,-0.59,+26.180,Converged Perlmutter result; ENERGY REVIEW: |E_ads| > 5 eV; excluded from figure statistics. C2H6_Rh100,
Rh100,ethane,beef_vdw,SPE,-26.452,-0.59,+25.862,Perlmutter converged NSW=0 result; ENERGY REVIEW: |E_ads| > 5 eV; excluded from figure statistics,/pscratch/sd/j/jcho5/VASP/completion_runs/site_gapfill_20260914/spe/C2H6_Rh100/beef_vdw
Rh100,ethanol,pbe,relaxed,-0.776,-0.90,-0.123,Screened Perlmutter result: CH3CH2OH_Rh100,
Rh100,ethanol,pbe,SPE,-0.694,-0.90,-0.206,Perlmutter NSW=0 original ML POSCAR with converged relaxed slab and molecule references,/pscratch/sd/j/jcho5/VASP/dft_jobs/CH3CH2OH_Rh100/singlepoint/PBE
Rh100,ethanol,pbe_d3,relaxed,-1.254,-0.90,+0.356,Screened Perlmutter result: CH3CH2OH_Rh100,
Rh100,ethanol,pbe_d3,SPE,-1.141,-0.90,+0.241,Perlmutter NSW=0 original ML POSCAR with converged relaxed slab and molecule references,/pscratch/sd/j/jcho5/VASP/dft_jobs/CH3CH2OH_Rh100/singlepoint/PBE_D3
Rh100,ethanol,r2scan,relaxed,-1.063,-0.90,+0.164,Screened Perlmutter result: CH3CH2OH_Rh100,
Rh100,ethanol,r2scan,SPE,-1.038,-0.90,+0.138,Perlmutter NSW=0 original ML POSCAR with converged relaxed slab and molecule references,/pscratch/sd/j/jcho5/VASP/dft_jobs/CH3CH2OH_Rh100/singlepoint/r2scan
Rh100,ethanol,beef_vdw,relaxed,-27.156,-0.90,+26.258,Converged Perlmutter result; ENERGY REVIEW: |E_ads| > 5 eV; excluded from figure statistics. CH3CH2OH_Rh100,
Rh100,ethanol,beef_vdw,SPE,-26.989,-0.90,+26.089,Perlmutter converged NSW=0 result; ENERGY REVIEW: |E_ads| > 5 eV; excluded from figure statistics,/pscratch/sd/j/jcho5/VASP/dft_jobs/CH3CH2OH_Rh100/singlepoint/beef_vdw
Rh100,ethene,pbe,relaxed,-1.501,-1.97,-0.473,Screened Perlmutter result: C2H4_Rh100,
Rh100,ethene,pbe,SPE,-1.400,-1.97,-0.570,Perlmutter NSW=0 original ML POSCAR with converged relaxed slab and molecule references,/pscratch/sd/j/jcho5/VASP/dft_jobs/C2H4_Rh100/singlepoint/PBE
Rh100,ethene,pbe_d3,relaxed,-1.969,-1.97,-0.006,Screened Perlmutter result: C2H4_Rh100,
Rh100,ethene,pbe_d3,SPE,-1.823,-1.97,-0.147,Perlmutter NSW=0 original ML POSCAR with converged relaxed slab and molecule references,/pscratch/sd/j/jcho5/VASP/dft_jobs/C2H4_Rh100/singlepoint/PBE_D3
Rh100,ethene,r2scan,relaxed,-1.794,-1.97,-0.181,Screened Perlmutter result: C2H4_Rh100,
Rh100,ethene,r2scan,SPE,-1.653,-1.97,-0.317,Perlmutter NSW=0 original ML POSCAR with converged relaxed slab and molecule references,/pscratch/sd/j/jcho5/VASP/dft_jobs/C2H4_Rh100/singlepoint/r2scan
Rh100,ethene,beef_vdw,relaxed,-27.676,-1.97,+25.701,Converged Perlmutter result; ENERGY REVIEW: |E_ads| > 5 eV; excluded from figure statistics. C2H4_Rh100,
Rh100,ethene,beef_vdw,SPE,-27.368,-1.97,+25.398,Perlmutter converged NSW=0 result; ENERGY REVIEW: |E_ads| > 5 eV; excluded from figure statistics,/pscratch/sd/j/jcho5/VASP/dft_jobs/C2H4_Rh100/singlepoint/beef_vdw
Rh100,formaldehyde,pbe,relaxed,-1.400,-1.57,-0.167,Screened Perlmutter result: H2CO_Rh100,
Rh100,formaldehyde,pbe,SPE,queued,-1.57,—,,
Rh100,formaldehyde,pbe_d3,relaxed,-1.726,-1.57,+0.159,Screened Perlmutter result: H2CO_Rh100,
Rh100,formaldehyde,pbe_d3,SPE,queued,-1.57,—,,
Rh100,formaldehyde,r2scan,relaxed,-1.708,-1.57,+0.140,Screened Perlmutter result: H2CO_Rh100,
Rh100,formaldehyde,r2scan,SPE,queued,-1.57,—,,
Rh100,formaldehyde,beef_vdw,relaxed,-27.530,-1.57,+25.962,Converged Perlmutter result; ENERGY REVIEW: |E_ads| > 5 eV; excluded from figure statistics. H2CO_Rh100,
Rh100,formaldehyde,beef_vdw,SPE,queued,-1.57,—,,
Rh100,formic_acid,pbe,relaxed,-0.917,-1.02,-0.099,Screened Perlmutter result: HCOOH_Rh100,
Rh100,formic_acid,pbe,SPE,queued,-1.02,—,,
Rh100,formic_acid,pbe_d3,relaxed,-1.271,-1.02,+0.254,Screened Perlmutter result: HCOOH_Rh100,
Rh100,formic_acid,pbe_d3,SPE,queued,-1.02,—,,
Rh100,formic_acid,r2scan,relaxed,-1.168,-1.02,+0.152,Screened Perlmutter result: HCOOH_Rh100,
Rh100,formic_acid,r2scan,SPE,queued,-1.02,—,,
Rh100,formic_acid,beef_vdw,relaxed,-27.170,-1.02,+26.154,Converged Perlmutter result; ENERGY REVIEW: |E_ads| > 5 eV; excluded from figure statistics. HCOOH_Rh100,
Rh100,formic_acid,beef_vdw,SPE,queued,-1.02,—,,
Rh100,methane,pbe,relaxed,-0.404,-0.66,-0.260,Screened Perlmutter result: CH4_Rh100,
Rh100,methane,pbe,SPE,queued,-0.66,—,,
Rh100,methane,pbe_d3,relaxed,-0.574,-0.66,-0.090,Screened Perlmutter result: CH4_Rh100,
Rh100,methane,pbe_d3,SPE,queued,-0.66,—,,
Rh100,methane,r2scan,relaxed,-0.545,-0.66,-0.118,Screened Perlmutter result: CH4_Rh100,
Rh100,methane,r2scan,SPE,queued,-0.66,—,,
Rh100,methane,beef_vdw,relaxed,-26.617,-0.66,+25.953,Converged Perlmutter result; ENERGY REVIEW: |E_ads| > 5 eV; excluded from figure statistics. CH4_Rh100,
Rh100,methane,beef_vdw,SPE,queued,-0.66,—,,
Rh100,methanol,pbe,relaxed,-0.771,-0.83,-0.059,Screened Perlmutter result: CH3OH_Rh100,
Rh100,methanol,pbe,SPE,not converged,-0.83,—,,
Rh100,methanol,pbe_d3,relaxed,-1.122,-0.83,+0.292,Screened Perlmutter result: CH3OH_Rh100,
Rh100,methanol,pbe_d3,SPE,not converged,-0.83,—,,
Rh100,methanol,r2scan,relaxed,-1.012,-0.83,+0.182,Screened Perlmutter result: CH3OH_Rh100,
Rh100,methanol,r2scan,SPE,-0.993,-0.83,+0.163,Perlmutter NSW=0 original ML POSCAR with converged relaxed slab and molecule references,/pscratch/sd/j/jcho5/VASP/dft_jobs/CH3OH_Rh100/singlepoint/r2scan
Rh100,methanol,beef_vdw,relaxed,-27.064,-0.83,+26.234,Converged Perlmutter result; ENERGY REVIEW: |E_ads| > 5 eV; excluded from figure statistics. CH3OH_Rh100,
Rh100,methanol,beef_vdw,SPE,-26.978,-0.83,+26.148,Perlmutter converged NSW=0 result; ENERGY REVIEW: |E_ads| > 5 eV; excluded from figure statistics,/pscratch/sd/j/jcho5/VASP/dft_jobs/CH3OH_Rh100/singlepoint/beef_vdw
Rh110,CH3,pbe,relaxed,-2.250,-2.76,-0.511,Screened Perlmutter result: CH3_Rh110,
Rh110,CH3,pbe,SPE,-2.216,-2.76,-0.544,Perlmutter NSW=0 original ML POSCAR with converged relaxed slab and molecule references,/pscratch/sd/j/jcho5/VASP/dft_jobs/CH3_Rh110/singlepoint/PBE
Rh110,CH3,pbe_d3,relaxed,-2.572,-2.76,-0.189,Screened Perlmutter result: CH3_Rh110,
Rh110,CH3,pbe_d3,SPE,-2.456,-2.76,-0.304,Perlmutter NSW=0 original ML POSCAR with converged relaxed slab and molecule references,/pscratch/sd/j/jcho5/VASP/dft_jobs/CH3_Rh110/singlepoint/PBE_D3
Rh110,CH3,r2scan,relaxed,-2.184,-2.76,-0.577,Screened Perlmutter result: CH3_Rh110,
Rh110,CH3,r2scan,SPE,-2.102,-2.76,-0.658,Perlmutter NSW=0 original ML POSCAR with converged relaxed slab and molecule references,/pscratch/sd/j/jcho5/VASP/dft_jobs/CH3_Rh110/singlepoint/r2scan
Rh110,CH3,beef_vdw,relaxed,-19.715,-2.76,+16.954,Converged Perlmutter result; ENERGY REVIEW: |E_ads| > 5 eV; excluded from figure statistics. CH3_Rh110,
Rh110,CH3,beef_vdw,SPE,-19.663,-2.76,+16.903,Perlmutter converged NSW=0 result; ENERGY REVIEW: |E_ads| > 5 eV; excluded from figure statistics,/pscratch/sd/j/jcho5/VASP/dft_jobs/CH3_Rh110/singlepoint/beef_vdw
Rh110,CO,pbe,relaxed,-2.338,-2.61,-0.275,Screened Perlmutter result: CO_Rh110,
Rh110,CO,pbe,SPE,queued,-2.61,—,,
Rh110,CO,pbe_d3,relaxed,-2.580,-2.61,-0.033,Screened Perlmutter result: CO_Rh110,
Rh110,CO,pbe_d3,SPE,queued,-2.61,—,,
Rh110,CO,r2scan,relaxed,-2.173,-2.61,-0.441,Screened Perlmutter result: CO_Rh110,
Rh110,CO,r2scan,SPE,queued,-2.61,—,,
Rh110,CO,beef_vdw,relaxed,-19.541,-2.61,+16.927,Converged Perlmutter result; ENERGY REVIEW: |E_ads| > 5 eV; excluded from figure statistics. CO_Rh110,
Rh110,CO,beef_vdw,SPE,queued,-2.61,—,,
Rh110,CO2,pbe,relaxed,-0.368,-0.53,-0.159,Screened Perlmutter result: CO2_Rh110,
Rh110,CO2,pbe,SPE,queued,-0.53,—,,
Rh110,CO2,pbe_d3,relaxed,—,-0.53,—,No previously published energy; current audit: Not converged. CO2_Rh110: See component convergence statuses; complex: converged; slab: converged; molecule: electronic_unconverged,
Rh110,CO2,pbe_d3,SPE,queued,-0.53,—,,
Rh110,CO2,r2scan,relaxed,-0.446,-0.53,-0.081,Screened Perlmutter result: CO2_Rh110,
Rh110,CO2,r2scan,SPE,queued,-0.53,—,,
Rh110,CO2,beef_vdw,relaxed,-17.947,-0.53,+17.420,Converged Perlmutter result; ENERGY REVIEW: |E_ads| > 5 eV; excluded from figure statistics. CO2_Rh110,
Rh110,CO2,beef_vdw,SPE,queued,-0.53,—,,
Rh110,DME,pbe,relaxed,—,-0.75,—,No previously published energy; current audit: Not converged. CH3OCH3_Rh110: molecule: ZBRENT: fatal error in bracketing; complex: converged; slab: converged; molecule: unfinished,
Rh110,DME,pbe,SPE,refs missing,-0.75,—,,
Rh110,DME,pbe_d3,relaxed,—,-0.75,—,No previously published energy; current audit: Not converged. CH3OCH3_Rh110: molecule: ZBRENT: fatal error in bracketing; complex: converged; slab: converged; molecule: unfinished,
Rh110,DME,pbe_d3,SPE,refs missing,-0.75,—,,
Rh110,DME,r2scan,relaxed,-0.870,-0.75,+0.120,Screened Perlmutter result: CH3OCH3_Rh110,
Rh110,DME,r2scan,SPE,-0.760,-0.75,+0.010,Perlmutter NSW=0 original ML POSCAR with converged relaxed slab and molecule references,/pscratch/sd/j/jcho5/VASP/dft_jobs/CH3OCH3_Rh110/singlepoint/r2scan
Rh110,DME,beef_vdw,relaxed,-18.397,-0.75,+17.647,Converged Perlmutter result; ENERGY REVIEW: |E_ads| > 5 eV; excluded from figure statistics. CH3OCH3_Rh110,
Rh110,DME,beef_vdw,SPE,-18.332,-0.75,+17.582,Perlmutter converged NSW=0 result; ENERGY REVIEW: |E_ads| > 5 eV; excluded from figure statistics,/pscratch/sd/j/jcho5/VASP/dft_jobs/CH3OCH3_Rh110/singlepoint/beef_vdw
Rh110,H2O,pbe,relaxed,-0.826,-1.04,-0.213,Screened Perlmutter result: H2O_Rh110,
Rh110,H2O,pbe,SPE,queued,-1.04,—,,
Rh110,H2O,pbe_d3,relaxed,-1.098,-1.04,+0.058,Screened Perlmutter result: H2O_Rh110,
Rh110,H2O,pbe_d3,SPE,queued,-1.04,—,,
Rh110,H2O,r2scan,relaxed,-0.854,-1.04,-0.185,Screened Perlmutter result: H2O_Rh110,
Rh110,H2O,r2scan,SPE,queued,-1.04,—,,
Rh110,H2O,beef_vdw,relaxed,-18.169,-1.04,+17.130,Converged Perlmutter result; ENERGY REVIEW: |E_ads| > 5 eV; excluded from figure statistics. H2O_Rh110,
Rh110,H2O,beef_vdw,SPE,queued,-1.04,—,,
Rh110,H2S,pbe,relaxed,-2.207,-2.43,-0.219,Screened Perlmutter result: H2S_Rh110,
Rh110,H2S,pbe,SPE,queued,-2.43,—,,
Rh110,H2S,pbe_d3,relaxed,-2.683,-2.43,+0.257,Screened Perlmutter result: H2S_Rh110,
Rh110,H2S,pbe_d3,SPE,queued,-2.43,—,,
Rh110,H2S,r2scan,relaxed,-2.083,-2.43,-0.344,Screened Perlmutter result: H2S_Rh110,
Rh110,H2S,r2scan,SPE,queued,-2.43,—,,
Rh110,H2S,beef_vdw,relaxed,-19.513,-2.43,+17.086,Converged Perlmutter result; ENERGY REVIEW: |E_ads| > 5 eV; excluded from figure statistics. H2S_Rh110,
Rh110,H2S,beef_vdw,SPE,queued,-2.43,—,,
Rh110,N2,pbe,relaxed,-1.182,-0.81,+0.368,Screened Perlmutter result: N2_Rh110,
Rh110,N2,pbe,SPE,queued,-0.81,—,,
Rh110,N2,pbe_d3,relaxed,-1.457,-0.81,+0.644,Screened Perlmutter result: N2_Rh110,
Rh110,N2,pbe_d3,SPE,queued,-0.81,—,,
Rh110,N2,r2scan,relaxed,-1.040,-0.81,+0.226,Screened Perlmutter result: N2_Rh110,
Rh110,N2,r2scan,SPE,queued,-0.81,—,,
Rh110,N2,beef_vdw,relaxed,-18.414,-0.81,+17.601,Converged Perlmutter result; ENERGY REVIEW: |E_ads| > 5 eV; excluded from figure statistics. N2_Rh110,
Rh110,N2,beef_vdw,SPE,queued,-0.81,—,,
Rh110,NH3,pbe,relaxed,-1.271,-1.57,-0.295,Screened Perlmutter result: NH3_Rh110,
Rh110,NH3,pbe,SPE,queued,-1.57,—,,
Rh110,NH3,pbe_d3,relaxed,-1.589,-1.57,+0.022,Screened Perlmutter result: NH3_Rh110,
Rh110,NH3,pbe_d3,SPE,queued,-1.57,—,,
Rh110,NH3,r2scan,relaxed,-1.268,-1.57,-0.298,Screened Perlmutter result: NH3_Rh110,
Rh110,NH3,r2scan,SPE,queued,-1.57,—,,
Rh110,NH3,beef_vdw,relaxed,-18.626,-1.57,+17.059,Converged Perlmutter result; ENERGY REVIEW: |E_ads| > 5 eV; excluded from figure statistics. NH3_Rh110,
Rh110,NH3,beef_vdw,SPE,queued,-1.57,—,,
Rh110,NO,pbe,relaxed,-3.416,-3.06,+0.359,Screened Perlmutter result: NO_Rh110,
Rh110,NO,pbe,SPE,queued,-3.06,—,,
Rh110,NO,pbe_d3,relaxed,-3.665,-3.06,+0.608,Screened Perlmutter result: NO_Rh110,
Rh110,NO,pbe_d3,SPE,queued,-3.06,—,,
Rh110,NO,r2scan,relaxed,—,-3.06,—,No previously published energy; current audit: Not converged. NO_Rh110: See component convergence statuses; complex: converged; slab: converged; molecule: ionic_unconverged,
Rh110,NO,r2scan,SPE,queued,-3.06,—,,
Rh110,NO,beef_vdw,relaxed,-27.236,-3.06,+24.179,Converged Perlmutter result; ENERGY REVIEW: |E_ads| > 5 eV; excluded from figure statistics. NO_Rh110,
Rh110,NO,beef_vdw,SPE,queued,-3.06,—,,
Rh110,SO2,pbe,relaxed,-2.380,-2.35,+0.030,Screened Perlmutter result: SO2_Rh110,
Rh110,SO2,pbe,SPE,queued,-2.35,—,,
Rh110,SO2,pbe_d3,relaxed,-2.931,-2.35,+0.581,Screened Perlmutter result: SO2_Rh110,
Rh110,SO2,pbe_d3,SPE,queued,-2.35,—,,
Rh110,SO2,r2scan,relaxed,-2.539,-2.35,+0.189,Screened Perlmutter result: SO2_Rh110,
Rh110,SO2,r2scan,SPE,queued,-2.35,—,,
Rh110,SO2,beef_vdw,relaxed,-19.833,-2.35,+17.483,Converged Perlmutter result; ENERGY REVIEW: |E_ads| > 5 eV; excluded from figure statistics. SO2_Rh110,
Rh110,SO2,beef_vdw,SPE,queued,-2.35,—,,
Rh110,acetaldehyde,pbe,relaxed,-1.284,-1.57,-0.282,Screened Perlmutter result: CH3CHO_Rh110,
Rh110,acetaldehyde,pbe,SPE,-1.216,-1.57,-0.354,Perlmutter NSW=0 original ML POSCAR with converged relaxed slab and molecule references,/pscratch/sd/j/jcho5/VASP/dft_jobs/CH3CHO_Rh110/singlepoint/PBE
Rh110,acetaldehyde,pbe_d3,relaxed,-1.747,-1.57,+0.180,Screened Perlmutter result: CH3CHO_Rh110,
Rh110,acetaldehyde,pbe_d3,SPE,-1.687,-1.57,+0.117,Perlmutter NSW=0 original ML POSCAR with converged relaxed slab and molecule references,/pscratch/sd/j/jcho5/VASP/dft_jobs/CH3CHO_Rh110/singlepoint/PBE_D3
Rh110,acetaldehyde,r2scan,relaxed,-1.471,-1.57,-0.095,Screened Perlmutter result: CH3CHO_Rh110,
Rh110,acetaldehyde,r2scan,SPE,-1.386,-1.57,-0.184,Perlmutter NSW=0 original ML POSCAR with converged relaxed slab and molecule references,/pscratch/sd/j/jcho5/VASP/dft_jobs/CH3CHO_Rh110/singlepoint/r2scan
Rh110,acetaldehyde,beef_vdw,relaxed,-18.884,-1.57,+17.318,Converged Perlmutter result; ENERGY REVIEW: |E_ads| > 5 eV; excluded from figure statistics. CH3CHO_Rh110,
Rh110,acetaldehyde,beef_vdw,SPE,-18.795,-1.57,+17.225,Perlmutter converged NSW=0 result; ENERGY REVIEW: |E_ads| > 5 eV; excluded from figure statistics,/pscratch/sd/j/jcho5/VASP/dft_jobs/CH3CHO_Rh110/singlepoint/beef_vdw
Rh110,acetic_acid,pbe,relaxed,—,-1.06,—,No previously published energy; current audit: Not converged. CH3COOH_Rh110: molecule: ZBRENT: fatal error in bracketing; complex: converged; slab: converged; molecule: unfinished,
Rh110,acetic_acid,pbe,SPE,refs missing,-1.06,—,,
Rh110,acetic_acid,pbe_d3,relaxed,—,-1.06,—,No previously published energy; current audit: Not converged. CH3COOH_Rh110: molecule: ZBRENT: fatal error in bracketing; complex: converged; slab: converged; molecule: unfinished,
Rh110,acetic_acid,pbe_d3,SPE,refs missing,-1.06,—,,
Rh110,acetic_acid,r2scan,relaxed,-1.129,-1.06,+0.072,Screened Perlmutter result: CH3COOH_Rh110,
Rh110,acetic_acid,r2scan,SPE,-0.991,-1.06,-0.069,Perlmutter NSW=0 original ML POSCAR with converged relaxed slab and molecule references,/pscratch/sd/j/jcho5/VASP/dft_jobs/CH3COOH_Rh110/singlepoint/r2scan
Rh110,acetic_acid,beef_vdw,relaxed,-18.536,-1.06,+17.479,Converged Perlmutter result; ENERGY REVIEW: |E_ads| > 5 eV; excluded from figure statistics. CH3COOH_Rh110,
Rh110,acetic_acid,beef_vdw,SPE,-18.495,-1.06,+17.435,Perlmutter converged NSW=0 result; ENERGY REVIEW: |E_ads| > 5 eV; excluded from figure statistics,/pscratch/sd/j/jcho5/VASP/dft_jobs/CH3COOH_Rh110/singlepoint/beef_vdw
Rh110,ethane,pbe,relaxed,-0.282,-0.62,-0.339,Screened Perlmutter result: C2H6_Rh110,
Rh110,ethane,pbe,SPE,-0.201,-0.62,-0.419,Perlmutter NSW=0 original ML POSCAR with converged relaxed slab and molecule references,/pscratch/sd/j/jcho5/VASP/dft_jobs/C2H6_Rh110/singlepoint/PBE
Rh110,ethane,pbe_d3,relaxed,-0.604,-0.62,-0.018,Screened Perlmutter result: C2H6_Rh110,
Rh110,ethane,pbe_d3,SPE,-0.581,-0.62,-0.039,Perlmutter NSW=0 original ML POSCAR with converged relaxed slab and molecule references,/pscratch/sd/j/jcho5/VASP/dft_jobs/C2H6_Rh110/singlepoint/PBE_D3
Rh110,ethane,r2scan,relaxed,-0.443,-0.62,-0.178,Screened Perlmutter result: C2H6_Rh110,
Rh110,ethane,r2scan,SPE,-0.365,-0.62,-0.255,Perlmutter NSW=0 original ML POSCAR with converged relaxed slab and molecule references,/pscratch/sd/j/jcho5/VASP/dft_jobs/C2H6_Rh110/singlepoint/r2scan
Rh110,ethane,beef_vdw,relaxed,-18.005,-0.62,+17.383,Converged Perlmutter result; ENERGY REVIEW: |E_ads| > 5 eV; excluded from figure statistics. C2H6_Rh110,
Rh110,ethane,beef_vdw,SPE,-17.910,-0.62,+17.290,Perlmutter converged NSW=0 result; ENERGY REVIEW: |E_ads| > 5 eV; excluded from figure statistics,/pscratch/sd/j/jcho5/VASP/dft_jobs/C2H6_Rh110/singlepoint/beef_vdw
Rh110,ethanol,pbe,relaxed,-0.885,-1.03,-0.142,Screened Perlmutter result: CH3CH2OH_Rh110,
Rh110,ethanol,pbe,SPE,-0.758,-1.03,-0.272,Perlmutter NSW=0 original ML POSCAR with converged relaxed slab and molecule references,/pscratch/sd/j/jcho5/VASP/dft_jobs/CH3CH2OH_Rh110/singlepoint/PBE
Rh110,ethanol,pbe_d3,relaxed,-1.414,-1.03,+0.387,Screened Perlmutter result: CH3CH2OH_Rh110,
Rh110,ethanol,pbe_d3,SPE,-1.229,-1.03,+0.199,Perlmutter NSW=0 original ML POSCAR with converged relaxed slab and molecule references,/pscratch/sd/j/jcho5/VASP/dft_jobs/CH3CH2OH_Rh110/singlepoint/PBE_D3
Rh110,ethanol,r2scan,relaxed,-0.983,-1.03,-0.044,Screened Perlmutter result: CH3CH2OH_Rh110,
Rh110,ethanol,r2scan,SPE,-0.860,-1.03,-0.170,Perlmutter NSW=0 original ML POSCAR with converged relaxed slab and molecule references,/pscratch/sd/j/jcho5/VASP/dft_jobs/CH3CH2OH_Rh110/singlepoint/r2scan
Rh110,ethanol,beef_vdw,relaxed,-18.479,-1.03,+17.452,Converged Perlmutter result; ENERGY REVIEW: |E_ads| > 5 eV; excluded from figure statistics. CH3CH2OH_Rh110,
Rh110,ethanol,beef_vdw,SPE,-18.435,-1.03,+17.405,Perlmutter converged NSW=0 result; ENERGY REVIEW: |E_ads| > 5 eV; excluded from figure statistics,/pscratch/sd/j/jcho5/VASP/dft_jobs/CH3CH2OH_Rh110/singlepoint/beef_vdw
Rh110,ethene,pbe,relaxed,-1.470,-1.99,-0.521,Screened Perlmutter result: C2H4_Rh110,
Rh110,ethene,pbe,SPE,-1.412,-1.99,-0.578,Perlmutter NSW=0 original ML POSCAR with converged relaxed slab and molecule references,/pscratch/sd/j/jcho5/VASP/dft_jobs/C2H4_Rh110/singlepoint/PBE
Rh110,ethene,pbe_d3,relaxed,-1.878,-1.99,-0.114,Screened Perlmutter result: C2H4_Rh110,
Rh110,ethene,pbe_d3,SPE,-1.818,-1.99,-0.172,Perlmutter NSW=0 original ML POSCAR with converged relaxed slab and molecule references,/pscratch/sd/j/jcho5/VASP/dft_jobs/C2H4_Rh110/singlepoint/PBE_D3
Rh110,ethene,r2scan,relaxed,-1.603,-1.99,-0.388,Screened Perlmutter result: C2H4_Rh110,
Rh110,ethene,r2scan,SPE,-1.502,-1.99,-0.488,Perlmutter NSW=0 original ML POSCAR with converged relaxed slab and molecule references,/pscratch/sd/j/jcho5/VASP/dft_jobs/C2H4_Rh110/singlepoint/r2scan
Rh110,ethene,beef_vdw,relaxed,-19.003,-1.99,+17.012,Converged Perlmutter result; ENERGY REVIEW: |E_ads| > 5 eV; excluded from figure statistics. C2H4_Rh110,
Rh110,ethene,beef_vdw,SPE,-18.927,-1.99,+16.937,Perlmutter converged NSW=0 result; ENERGY REVIEW: |E_ads| > 5 eV; excluded from figure statistics,/pscratch/sd/j/jcho5/VASP/dft_jobs/C2H4_Rh110/singlepoint/beef_vdw
Rh110,formaldehyde,pbe,relaxed,-1.896,-2.08,-0.187,Screened Perlmutter result: H2CO_Rh110,
Rh110,formaldehyde,pbe,SPE,queued,-2.08,—,,
Rh110,formaldehyde,pbe_d3,relaxed,-2.289,-2.08,+0.206,Screened Perlmutter result: H2CO_Rh110,
Rh110,formaldehyde,pbe_d3,SPE,queued,-2.08,—,,
Rh110,formaldehyde,r2scan,relaxed,-2.092,-2.08,+0.009,Screened Perlmutter result: H2CO_Rh110,
Rh110,formaldehyde,r2scan,SPE,queued,-2.08,—,,
Rh110,formaldehyde,beef_vdw,relaxed,-19.146,-2.08,+17.063,Converged Perlmutter result; ENERGY REVIEW: |E_ads| > 5 eV; excluded from figure statistics. H2CO_Rh110,
Rh110,formaldehyde,beef_vdw,SPE,queued,-2.08,—,,
Rh110,formic_acid,pbe,relaxed,-1.047,-1.06,-0.016,Screened Perlmutter result: HCOOH_Rh110,
Rh110,formic_acid,pbe,SPE,queued,-1.06,—,,
Rh110,formic_acid,pbe_d3,relaxed,-1.462,-1.06,+0.399,Screened Perlmutter result: HCOOH_Rh110,
Rh110,formic_acid,pbe_d3,SPE,queued,-1.06,—,,
Rh110,formic_acid,r2scan,relaxed,—,-1.06,—,No previously published energy; current audit: Not converged. HCOOH_Rh110: See component convergence statuses; complex: unfinished; slab: converged; molecule: converged,
Rh110,formic_acid,r2scan,SPE,queued,-1.06,—,,
Rh110,formic_acid,beef_vdw,relaxed,-18.461,-1.06,+17.398,Converged Perlmutter result; ENERGY REVIEW: |E_ads| > 5 eV; excluded from figure statistics. HCOOH_Rh110,
Rh110,formic_acid,beef_vdw,SPE,queued,-1.06,—,,
Rh110,methane,pbe,relaxed,-0.397,-0.71,-0.317,Screened Perlmutter result: CH4_Rh110,
Rh110,methane,pbe,SPE,queued,-0.71,—,,
Rh110,methane,pbe_d3,relaxed,-0.708,-0.71,-0.005,Screened Perlmutter result: CH4_Rh110,
Rh110,methane,pbe_d3,SPE,queued,-0.71,—,,
Rh110,methane,r2scan,relaxed,-0.425,-0.71,-0.288,Screened Perlmutter result: CH4_Rh110,
Rh110,methane,r2scan,SPE,queued,-0.71,—,,
Rh110,methane,beef_vdw,relaxed,-17.881,-0.71,+17.167,Converged Perlmutter result; ENERGY REVIEW: |E_ads| > 5 eV; excluded from figure statistics. CH4_Rh110,
Rh110,methane,beef_vdw,SPE,queued,-0.71,—,,
Rh110,methanol,pbe,relaxed,-0.867,-0.96,-0.095,Screened Perlmutter result: CH3OH_Rh110,
Rh110,methanol,pbe,SPE,-0.739,-0.96,-0.221,Perlmutter NSW=0 original ML POSCAR with converged relaxed slab and molecule references,/pscratch/sd/j/jcho5/VASP/dft_jobs/CH3OH_Rh110/singlepoint/PBE
Rh110,methanol,pbe_d3,relaxed,-1.261,-0.96,+0.298,Screened Perlmutter result: CH3OH_Rh110,
Rh110,methanol,pbe_d3,SPE,-1.087,-0.96,+0.127,Perlmutter NSW=0 original ML POSCAR with converged relaxed slab and molecule references,/pscratch/sd/j/jcho5/VASP/dft_jobs/CH3OH_Rh110/singlepoint/PBE_D3
Rh110,methanol,r2scan,relaxed,-0.920,-0.96,-0.043,Screened Perlmutter result: CH3OH_Rh110,
Rh110,methanol,r2scan,SPE,-0.799,-0.96,-0.161,Perlmutter NSW=0 original ML POSCAR with converged relaxed slab and molecule references,/pscratch/sd/j/jcho5/VASP/dft_jobs/CH3OH_Rh110/singlepoint/r2scan
Rh110,methanol,beef_vdw,relaxed,-18.346,-0.96,+17.384,Converged Perlmutter result; ENERGY REVIEW: |E_ads| > 5 eV; excluded from figure statistics. CH3OH_Rh110,
Rh110,methanol,beef_vdw,SPE,-18.298,-0.96,+17.338,Perlmutter converged NSW=0 result; ENERGY REVIEW: |E_ads| > 5 eV; excluded from figure statistics,/pscratch/sd/j/jcho5/VASP/dft_jobs/CH3OH_Rh110/singlepoint/beef_vdw
Rh111,CH3,pbe,relaxed,-2.441,-2.58,-0.135,Screened Perlmutter result: CH3_Rh111,
Rh111,CH3,pbe,SPE,-2.347,-2.58,-0.233,Perlmutter NSW=0 original ML POSCAR with converged relaxed slab and molecule references,/pscratch/sd/j/jcho5/VASP/dft_jobs/CH3_Rh111/singlepoint/PBE
Rh111,CH3,pbe_d3,relaxed,-2.745,-2.58,+0.170,Screened Perlmutter result: CH3_Rh111,
Rh111,CH3,pbe_d3,SPE,-2.401,-2.58,-0.179,Perlmutter NSW=0 original ML POSCAR with converged relaxed slab and molecule references,/pscratch/sd/j/jcho5/VASP/dft_jobs/CH3_Rh111/singlepoint/PBE_D3
Rh111,CH3,r2scan,relaxed,—,-2.58,—,No previously published energy; current audit: Not converged. CH3_Rh111: See component convergence statuses; complex: unfinished; slab: converged; molecule: converged,
Rh111,CH3,r2scan,SPE,-2.301,-2.58,-0.279,Perlmutter NSW=0 original ML POSCAR with converged relaxed slab and molecule references,/pscratch/sd/j/jcho5/VASP/dft_jobs/CH3_Rh111/singlepoint/r2scan
Rh111,CH3,beef_vdw,relaxed,-48.817,-2.58,+46.241,Converged Perlmutter result; ENERGY REVIEW: |E_ads| > 5 eV; excluded from figure statistics. CH3_Rh111,
Rh111,CH3,beef_vdw,SPE,-48.762,-2.58,+46.182,Perlmutter converged NSW=0 result; ENERGY REVIEW: |E_ads| > 5 eV; excluded from figure statistics,/pscratch/sd/j/jcho5/VASP/dft_jobs/CH3_Rh111/singlepoint/beef_vdw
Rh111,CO,pbe,relaxed,-2.710,-2.59,+0.120,Screened Perlmutter result: CO_Rh111,
Rh111,CO,pbe,SPE,queued,-2.59,—,,
Rh111,CO,pbe_d3,relaxed,-2.980,-2.59,+0.390,Screened Perlmutter result: CO_Rh111,
Rh111,CO,pbe_d3,SPE,queued,-2.59,—,,
Rh111,CO,r2scan,relaxed,—,-2.59,—,No previously published energy; current audit: Not converged. CO_Rh111: See component convergence statuses; complex: unfinished; slab: converged; molecule: converged,
Rh111,CO,r2scan,SPE,queued,-2.59,—,,
Rh111,CO,beef_vdw,relaxed,-48.892,-2.59,+46.303,Converged Perlmutter result; ENERGY REVIEW: |E_ads| > 5 eV; excluded from figure statistics. CO_Rh111,
Rh111,CO,beef_vdw,SPE,queued,-2.59,—,,
Rh111,CO2,pbe,relaxed,-0.710,-0.46,+0.250,Screened Perlmutter result: CO2_Rh111,
Rh111,CO2,pbe,SPE,queued,-0.46,—,,
Rh111,CO2,pbe_d3,relaxed,—,-0.46,—,No previously published energy; current audit: Not converged. CO2_Rh111: See component convergence statuses; complex: converged; slab: converged; molecule: electronic_unconverged,
Rh111,CO2,pbe_d3,SPE,queued,-0.46,—,,
Rh111,CO2,r2scan,relaxed,—,-0.46,—,No previously published energy; current audit: Not converged. CO2_Rh111: See component convergence statuses; complex: unfinished; slab: converged; molecule: converged,
Rh111,CO2,r2scan,SPE,queued,-0.46,—,,
Rh111,CO2,beef_vdw,relaxed,-47.228,-0.46,+46.767,Converged Perlmutter result; ENERGY REVIEW: |E_ads| > 5 eV; excluded from figure statistics. CO2_Rh111,
Rh111,CO2,beef_vdw,SPE,queued,-0.46,—,,
Rh111,DME,pbe,relaxed,—,-0.63,—,No previously published energy; current audit: Not converged. CH3OCH3_Rh111: molecule: ZBRENT: fatal error in bracketing; complex: converged; slab: converged; molecule: unfinished,
Rh111,DME,pbe,SPE,refs missing,-0.63,—,,
Rh111,DME,pbe_d3,relaxed,—,-0.63,—,No previously published energy; current audit: Not converged. CH3OCH3_Rh111: molecule: ZBRENT: fatal error in bracketing; complex: converged; slab: converged; molecule: unfinished,
Rh111,DME,pbe_d3,SPE,refs missing,-0.63,—,,
Rh111,DME,r2scan,relaxed,-1.41,-0.63,+0.78,Previously published energy retained; current audit: Not converged. CH3OCH3_Rh111: See component convergence statuses; complex: unfinished; slab: converged; molecule: converged,
Rh111,DME,r2scan,SPE,-1.123,-0.63,+0.493,Perlmutter NSW=0 original ML POSCAR with converged relaxed slab and molecule references,/pscratch/sd/j/jcho5/VASP/dft_jobs/CH3OCH3_Rh111/singlepoint/r2scan
Rh111,DME,beef_vdw,relaxed,-47.607,-0.63,+46.977,Converged Perlmutter result; ENERGY REVIEW: |E_ads| > 5 eV; excluded from figure statistics. CH3OCH3_Rh111,
Rh111,DME,beef_vdw,SPE,-47.546,-0.63,+46.916,Perlmutter converged NSW=0 result; ENERGY REVIEW: |E_ads| > 5 eV; excluded from figure statistics,/pscratch/sd/j/jcho5/VASP/dft_jobs/CH3OCH3_Rh111/singlepoint/beef_vdw
Rh111,H2O,pbe,relaxed,-1.031,-0.86,+0.175,Screened Perlmutter result: H2O_Rh111,
Rh111,H2O,pbe,SPE,queued,-0.86,—,,
Rh111,H2O,pbe_d3,relaxed,-1.291,-0.86,+0.435,Screened Perlmutter result: H2O_Rh111,
Rh111,H2O,pbe_d3,SPE,queued,-0.86,—,,
Rh111,H2O,r2scan,relaxed,—,-0.86,—,No previously published energy; current audit: Not converged. H2O_Rh111: See component convergence statuses; complex: unfinished; slab: converged; molecule: converged,
Rh111,H2O,r2scan,SPE,queued,-0.86,—,,
Rh111,H2O,beef_vdw,relaxed,-47.415,-0.86,+46.560,Converged Perlmutter result; ENERGY REVIEW: |E_ads| > 5 eV; excluded from figure statistics. H2O_Rh111,
Rh111,H2O,beef_vdw,SPE,queued,-0.86,—,,
Rh111,H2S,pbe,relaxed,-1.472,-1.12,+0.349,Screened Perlmutter result: H2S_Rh111,
Rh111,H2S,pbe,SPE,queued,-1.12,—,,
Rh111,H2S,pbe_d3,relaxed,-1.901,-1.12,+0.778,Screened Perlmutter result: H2S_Rh111,
Rh111,H2S,pbe_d3,SPE,queued,-1.12,—,,
Rh111,H2S,r2scan,relaxed,—,-1.12,—,No previously published energy; current audit: Not converged. H2S_Rh111: See component convergence statuses; complex: unfinished; slab: converged; molecule: converged,
Rh111,H2S,r2scan,SPE,queued,-1.12,—,,
Rh111,H2S,beef_vdw,relaxed,-47.886,-1.12,+46.763,Converged Perlmutter result; ENERGY REVIEW: |E_ads| > 5 eV; excluded from figure statistics. H2S_Rh111,
Rh111,H2S,beef_vdw,SPE,queued,-1.12,—,,
Rh111,N2,pbe,relaxed,-1.225,-0.72,+0.505,Screened Perlmutter result: N2_Rh111,
Rh111,N2,pbe,SPE,queued,-0.72,—,,
Rh111,N2,pbe_d3,relaxed,-1.512,-0.72,+0.791,Screened Perlmutter result: N2_Rh111,
Rh111,N2,pbe_d3,SPE,queued,-0.72,—,,
Rh111,N2,r2scan,relaxed,—,-0.72,—,No previously published energy; current audit: Not converged. N2_Rh111: See component convergence statuses; complex: unfinished; slab: converged; molecule: converged,
Rh111,N2,r2scan,SPE,queued,-0.72,—,,
Rh111,N2,beef_vdw,relaxed,-47.533,-0.72,+46.813,Converged Perlmutter result; ENERGY REVIEW: |E_ads| > 5 eV; excluded from figure statistics. N2_Rh111,
Rh111,N2,beef_vdw,SPE,queued,-0.72,—,,
Rh111,NH3,pbe,relaxed,-1.602,-1.53,+0.073,Screened Perlmutter result: NH3_Rh111,
Rh111,NH3,pbe,SPE,queued,-1.53,—,,
Rh111,NH3,pbe_d3,relaxed,-1.927,-1.53,+0.397,Screened Perlmutter result: NH3_Rh111,
Rh111,NH3,pbe_d3,SPE,queued,-1.53,—,,
Rh111,NH3,r2scan,relaxed,—,-1.53,—,No previously published energy; current audit: Not converged. NH3_Rh111: See component convergence statuses; complex: unfinished; slab: converged; molecule: converged,
Rh111,NH3,r2scan,SPE,queued,-1.53,—,,
Rh111,NH3,beef_vdw,relaxed,-47.965,-1.53,+46.435,Converged Perlmutter result; ENERGY REVIEW: |E_ads| > 5 eV; excluded from figure statistics. NH3_Rh111,
Rh111,NH3,beef_vdw,SPE,queued,-1.53,—,,
Rh111,NO,pbe,relaxed,-3.555,-2.83,+0.730,Screened Perlmutter result: NO_Rh111,
Rh111,NO,pbe,SPE,queued,-2.83,—,,
Rh111,NO,pbe_d3,relaxed,-3.836,-2.83,+1.011,Screened Perlmutter result: NO_Rh111,
Rh111,NO,pbe_d3,SPE,queued,-2.83,—,,
Rh111,NO,r2scan,relaxed,—,-2.83,—,No previously published energy; current audit: Not converged. NO_Rh111: See component convergence statuses; complex: unfinished; slab: converged; molecule: ionic_unconverged,
Rh111,NO,r2scan,SPE,queued,-2.83,—,,
Rh111,NO,beef_vdw,relaxed,-56.402,-2.83,+53.577,Converged Perlmutter result; ENERGY REVIEW: |E_ads| > 5 eV; excluded from figure statistics. NO_Rh111,
Rh111,NO,beef_vdw,SPE,queued,-2.83,—,,
Rh111,SO2,pbe,relaxed,-2.195,-1.84,+0.355,Screened Perlmutter result: SO2_Rh111,
Rh111,SO2,pbe,SPE,queued,-1.84,—,,
Rh111,SO2,pbe_d3,relaxed,-2.744,-1.84,+0.904,Screened Perlmutter result: SO2_Rh111,
Rh111,SO2,pbe_d3,SPE,queued,-1.84,—,,
Rh111,SO2,r2scan,relaxed,—,-1.84,—,No previously published energy; current audit: Not converged. SO2_Rh111: See component convergence statuses; complex: unfinished; slab: converged; molecule: converged,
Rh111,SO2,r2scan,SPE,queued,-1.84,—,,
Rh111,SO2,beef_vdw,relaxed,-48.629,-1.84,+46.789,Converged Perlmutter result; ENERGY REVIEW: |E_ads| > 5 eV; excluded from figure statistics. SO2_Rh111,
Rh111,SO2,beef_vdw,SPE,queued,-1.84,—,,
Rh111,acetaldehyde,pbe,relaxed,-1.004,-0.82,+0.185,Screened Perlmutter result: CH3CHO_Rh111,
Rh111,acetaldehyde,pbe,SPE,-0.887,-0.82,+0.067,Perlmutter NSW=0 original ML POSCAR with converged relaxed slab and molecule references,/pscratch/sd/j/jcho5/VASP/dft_jobs/CH3CHO_Rh111/singlepoint/PBE
Rh111,acetaldehyde,pbe_d3,relaxed,-1.447,-0.82,+0.629,Screened Perlmutter result: CH3CHO_Rh111,
Rh111,acetaldehyde,pbe_d3,SPE,-1.073,-0.82,+0.253,Perlmutter NSW=0 original ML POSCAR with converged relaxed slab and molecule references,/pscratch/sd/j/jcho5/VASP/dft_jobs/CH3CHO_Rh111/singlepoint/PBE_D3
Rh111,acetaldehyde,r2scan,relaxed,-1.34,-0.82,+0.52,Previously published energy retained; current audit: Not converged. CH3CHO_Rh111: See component convergence statuses; complex: unfinished; slab: converged; molecule: converged,
Rh111,acetaldehyde,r2scan,SPE,-1.107,-0.82,+0.287,Perlmutter NSW=0 original ML POSCAR with converged relaxed slab and molecule references,/pscratch/sd/j/jcho5/VASP/dft_jobs/CH3CHO_Rh111/singlepoint/r2scan
Rh111,acetaldehyde,beef_vdw,relaxed,-47.563,-0.82,+46.744,Converged Perlmutter result; ENERGY REVIEW: |E_ads| > 5 eV; excluded from figure statistics. CH3CHO_Rh111,
Rh111,acetaldehyde,beef_vdw,SPE,-47.483,-0.82,+46.663,Perlmutter converged NSW=0 result; ENERGY REVIEW: |E_ads| > 5 eV; excluded from figure statistics,/pscratch/sd/j/jcho5/VASP/dft_jobs/CH3CHO_Rh111/singlepoint/beef_vdw
Rh111,acetic_acid,pbe,relaxed,—,-0.95,—,No previously published energy; current audit: Not converged. CH3COOH_Rh111: molecule: ZBRENT: fatal error in bracketing; complex: converged; slab: converged; molecule: unfinished,
Rh111,acetic_acid,pbe,SPE,refs missing,-0.95,—,,
Rh111,acetic_acid,pbe_d3,relaxed,—,-0.95,—,No previously published energy; current audit: Not converged. CH3COOH_Rh111: molecule: ZBRENT: fatal error in bracketing; complex: converged; slab: converged; molecule: unfinished,
Rh111,acetic_acid,pbe_d3,SPE,refs missing,-0.95,—,,
Rh111,acetic_acid,r2scan,relaxed,-1.57,-0.95,+0.63,Previously published energy retained; current audit: Not converged. CH3COOH_Rh111: See component convergence statuses; complex: unfinished; slab: converged; molecule: converged,
Rh111,acetic_acid,r2scan,SPE,-1.283,-0.95,+0.333,Perlmutter NSW=0 original ML POSCAR with converged relaxed slab and molecule references,/pscratch/sd/j/jcho5/VASP/dft_jobs/CH3COOH_Rh111/singlepoint/r2scan
Rh111,acetic_acid,beef_vdw,relaxed,-47.689,-0.95,+46.744,Converged Perlmutter result; ENERGY REVIEW: |E_ads| > 5 eV; excluded from figure statistics. CH3COOH_Rh111,
Rh111,acetic_acid,beef_vdw,SPE,-47.620,-0.95,+46.670,Perlmutter converged NSW=0 result; ENERGY REVIEW: |E_ads| > 5 eV; excluded from figure statistics,/pscratch/sd/j/jcho5/VASP/dft_jobs/CH3COOH_Rh111/singlepoint/beef_vdw
Rh111,ethane,pbe,relaxed,-0.702,-0.52,+0.179,Screened Perlmutter result: C2H6_Rh111,
Rh111,ethane,pbe,SPE,-0.527,-0.52,+0.007,Perlmutter NSW=0 original ML POSCAR with converged relaxed slab and molecule references,/pscratch/sd/j/jcho5/VASP/dft_jobs/C2H6_Rh111/singlepoint/PBE
Rh111,ethane,pbe_d3,relaxed,-1.109,-0.52,+0.586,Screened Perlmutter result: C2H6_Rh111,
Rh111,ethane,pbe_d3,SPE,-0.733,-0.52,+0.213,Perlmutter NSW=0 original ML POSCAR with converged relaxed slab and molecule references,/pscratch/sd/j/jcho5/VASP/dft_jobs/C2H6_Rh111/singlepoint/PBE_D3
Rh111,ethane,r2scan,relaxed,-0.82,-0.52,+0.30,Previously published energy retained; current audit: Not converged. C2H6_Rh111: See component convergence statuses; complex: unfinished; slab: converged; molecule: converged,
Rh111,ethane,r2scan,SPE,-0.687,-0.52,+0.167,Perlmutter NSW=0 original ML POSCAR with converged relaxed slab and molecule references,/pscratch/sd/j/jcho5/VASP/dft_jobs/C2H6_Rh111/singlepoint/r2scan
Rh111,ethane,beef_vdw,relaxed,-47.277,-0.52,+46.754,Converged Perlmutter result; ENERGY REVIEW: |E_ads| > 5 eV; excluded from figure statistics. C2H6_Rh111,
Rh111,ethane,beef_vdw,SPE,-47.164,-0.52,+46.644,Perlmutter converged NSW=0 result; ENERGY REVIEW: |E_ads| > 5 eV; excluded from figure statistics,/pscratch/sd/j/jcho5/VASP/dft_jobs/C2H6_Rh111/singlepoint/beef_vdw
Rh111,ethanol,pbe,relaxed,-1.047,-0.81,+0.233,Screened Perlmutter result: CH3CH2OH_Rh111,
Rh111,ethanol,pbe,SPE,-0.929,-0.81,+0.119,Perlmutter NSW=0 original ML POSCAR with converged relaxed slab and molecule references,/pscratch/sd/j/jcho5/VASP/dft_jobs/CH3CH2OH_Rh111/singlepoint/PBE
Rh111,ethanol,pbe_d3,relaxed,-1.580,-0.81,+0.765,Screened Perlmutter result: CH3CH2OH_Rh111,
Rh111,ethanol,pbe_d3,SPE,-1.205,-0.81,+0.395,Perlmutter NSW=0 original ML POSCAR with converged relaxed slab and molecule references,/pscratch/sd/j/jcho5/VASP/dft_jobs/CH3CH2OH_Rh111/singlepoint/PBE_D3
Rh111,ethanol,r2scan,relaxed,-1.48,-0.81,+0.66,Previously published energy retained; current audit: Not converged. CH3CH2OH_Rh111: See component convergence statuses; complex: unfinished; slab: converged; molecule: converged,
Rh111,ethanol,r2scan,SPE,-1.172,-0.81,+0.362,Perlmutter NSW=0 original ML POSCAR with converged relaxed slab and molecule references,/pscratch/sd/j/jcho5/VASP/dft_jobs/CH3CH2OH_Rh111/singlepoint/r2scan
Rh111,ethanol,beef_vdw,relaxed,-47.665,-0.81,+46.850,Converged Perlmutter result; ENERGY REVIEW: |E_ads| > 5 eV; excluded from figure statistics. CH3CH2OH_Rh111,
Rh111,ethanol,beef_vdw,SPE,-47.575,-0.81,+46.765,Perlmutter converged NSW=0 result; ENERGY REVIEW: |E_ads| > 5 eV; excluded from figure statistics,/pscratch/sd/j/jcho5/VASP/dft_jobs/CH3CH2OH_Rh111/singlepoint/beef_vdw
Rh111,ethene,pbe,relaxed,-1.603,-1.54,+0.061,Screened Perlmutter result: C2H4_Rh111,
Rh111,ethene,pbe,SPE,-1.453,-1.54,-0.087,Perlmutter NSW=0 original ML POSCAR with converged relaxed slab and molecule references,/pscratch/sd/j/jcho5/VASP/dft_jobs/C2H4_Rh111/singlepoint/PBE
Rh111,ethene,pbe_d3,relaxed,-2.062,-1.54,+0.519,Screened Perlmutter result: C2H4_Rh111,
Rh111,ethene,pbe_d3,SPE,-1.651,-1.54,+0.111,Perlmutter NSW=0 original ML POSCAR with converged relaxed slab and molecule references,/pscratch/sd/j/jcho5/VASP/dft_jobs/C2H4_Rh111/singlepoint/PBE_D3
Rh111,ethene,r2scan,relaxed,-2.00,-1.54,+0.46,Previously published energy retained; current audit: Not converged. C2H4_Rh111: See component convergence statuses; complex: unfinished; slab: converged; molecule: converged,
Rh111,ethene,r2scan,SPE,-1.700,-1.54,+0.160,Perlmutter NSW=0 original ML POSCAR with converged relaxed slab and molecule references,/pscratch/sd/j/jcho5/VASP/dft_jobs/C2H4_Rh111/singlepoint/r2scan
Rh111,ethene,beef_vdw,relaxed,-48.068,-1.54,+46.526,Converged Perlmutter result; ENERGY REVIEW: |E_ads| > 5 eV; excluded from figure statistics. C2H4_Rh111,
Rh111,ethene,beef_vdw,SPE,-47.942,-1.54,+46.402,Perlmutter converged NSW=0 result; ENERGY REVIEW: |E_ads| > 5 eV; excluded from figure statistics,/pscratch/sd/j/jcho5/VASP/dft_jobs/C2H4_Rh111/singlepoint/beef_vdw
Rh111,formaldehyde,pbe,relaxed,-1.554,-1.23,+0.328,Screened Perlmutter result: H2CO_Rh111,
Rh111,formaldehyde,pbe,SPE,queued,-1.23,—,,
Rh111,formaldehyde,pbe_d3,relaxed,-1.719,-1.23,+0.493,Screened Perlmutter result: H2CO_Rh111,
Rh111,formaldehyde,pbe_d3,SPE,queued,-1.23,—,,
Rh111,formaldehyde,r2scan,relaxed,—,-1.23,—,No previously published energy; current audit: Not converged. H2CO_Rh111: See component convergence statuses; complex: unfinished; slab: converged; molecule: converged,
Rh111,formaldehyde,r2scan,SPE,queued,-1.23,—,,
Rh111,formaldehyde,beef_vdw,relaxed,-47.928,-1.23,+46.701,Converged Perlmutter result; ENERGY REVIEW: |E_ads| > 5 eV; excluded from figure statistics. H2CO_Rh111,
Rh111,formaldehyde,beef_vdw,SPE,queued,-1.23,—,,
Rh111,formic_acid,pbe,relaxed,-1.109,-0.91,+0.202,Screened Perlmutter result: HCOOH_Rh111,
Rh111,formic_acid,pbe,SPE,queued,-0.91,—,,
Rh111,formic_acid,pbe_d3,relaxed,-1.515,-0.91,+0.608,Screened Perlmutter result: HCOOH_Rh111,
Rh111,formic_acid,pbe_d3,SPE,queued,-0.91,—,,
Rh111,formic_acid,r2scan,relaxed,—,-0.91,—,No previously published energy; current audit: Not converged. HCOOH_Rh111: See component convergence statuses; complex: unfinished; slab: converged; molecule: converged,
Rh111,formic_acid,r2scan,SPE,queued,-0.91,—,,
Rh111,formic_acid,beef_vdw,relaxed,-47.597,-0.91,+46.689,Converged Perlmutter result; ENERGY REVIEW: |E_ads| > 5 eV; excluded from figure statistics. HCOOH_Rh111,
Rh111,formic_acid,beef_vdw,SPE,queued,-0.91,—,,
Rh111,methane,pbe,relaxed,-0.655,-0.63,+0.029,Screened Perlmutter result: CH4_Rh111,
Rh111,methane,pbe,SPE,queued,-0.63,—,,
Rh111,methane,pbe_d3,relaxed,-0.950,-0.63,+0.324,Screened Perlmutter result: CH4_Rh111,
Rh111,methane,pbe_d3,SPE,queued,-0.63,—,,
Rh111,methane,r2scan,relaxed,—,-0.63,—,No previously published energy; current audit: Not converged. CH4_Rh111: See component convergence statuses; complex: unfinished; slab: converged; molecule: converged,
Rh111,methane,r2scan,SPE,queued,-0.63,—,,
Rh111,methane,beef_vdw,relaxed,-47.166,-0.63,+46.540,Converged Perlmutter result; ENERGY REVIEW: |E_ads| > 5 eV; excluded from figure statistics. CH4_Rh111,
Rh111,methane,beef_vdw,SPE,queued,-0.63,—,,
