functional,calculator,surface,molecule,E_ads_DFT,E_ads_ML,diff_eV
pbe,sevennet_omni,Ag100,CO2,-0.016716,-0.362564,-0.345848
pbe,sevennet_omni,Ag100,ethane,-0.020495,-0.294643,-0.274149
pbe,sevennet_omni,Ag100,ethanol,-0.149495,-0.436077,-0.286582
pbe,sevennet_omni,Ag100,ethene,-0.020847,-0.206692,-0.185845
pbe,sevennet_omni,Ag100,glycerol,-0.117322,-0.682686,-0.565363
pbe,sevennet_omni,Ag110,ethanol,-0.224505,-0.545704,-0.321199
pbe,sevennet_omni,Ag110,ethene,-0.141595,-0.407467,-0.265872
pbe,sevennet_omni,Ag110,isopropanol,-0.237413,-0.585964,-0.348551
pbe,sevennet_omni,Ag110,propanol,-0.243158,-0.544685,-0.301528
pbe,sevennet_omni,Ag111,CO2,-0.001847,-0.356842,-0.354995
pbe,sevennet_omni,Ag111,ethane,-0.001734,-0.274319,-0.272584
pbe,sevennet_omni,Ag111,ethanol,-0.085274,-0.375816,-0.290542
pbe,sevennet_omni,Ag111,ethene,-0.033948,-0.167400,-0.133452
pbe,sevennet_omni,Ag111,propanol,-0.114057,-0.389130,-0.275073
pbe,sevennet_omni,Au100,1-butanol,0.192811,-0.345390,-0.538201
pbe,sevennet_omni,Au100,1-butene,0.402908,-0.301605,-0.704513
pbe,sevennet_omni,Au100,1-pentene,0.476955,-0.336594,-0.813549
pbe,sevennet_omni,Au100,2-butanol,0.297743,-0.365974,-0.663717
pbe,sevennet_omni,Au100,2-butene,0.560111,-0.129013,-0.689124
pbe,sevennet_omni,Au100,2-ethylphenol,0.363662,-0.282845,-0.646506
pbe,sevennet_omni,Au100,2-heptanone,0.660504,-0.414696,-1.075200
pbe,sevennet_omni,Au100,2-hexanone,0.584006,-0.353279,-0.937285
pbe,sevennet_omni,Au100,2-pentanone,0.445836,-0.312531,-0.758366
pbe,sevennet_omni,Au100,3-MTHF,0.408904,-0.134224,-0.543128
pbe,sevennet_omni,Au100,4-methylguaiacol,0.545316,-0.175934,-0.721250
pbe,sevennet_omni,Au100,5-heptanone,0.710993,-0.350327,-1.061320
pbe,sevennet_omni,Au100,5-methylfurfural,0.403625,-0.333313,-0.736938
pbe,sevennet_omni,Au100,CH4,0.024007,-0.391161,-0.415168
pbe,sevennet_omni,Au100,CO,-0.595739,-0.887810,-0.292071
pbe,sevennet_omni,Au100,CO2,0.000223,-0.390873,-0.391096
pbe,sevennet_omni,Au100,D-fructofuranose,0.564347,-0.440338,-1.004685
pbe,sevennet_omni,Au100,D-xylopyranose,0.387251,-0.544807,-0.932059
pbe,sevennet_omni,Au100,DME,-4.164814,-0.183937,3.980877
pbe,sevennet_omni,Au100,DMSO,0.140042,-0.375305,-0.515347
pbe,sevennet_omni,Au100,H2,0.025414,-0.264759,-0.290172
pbe,sevennet_omni,Au100,H2O,-0.048980,-0.527771,-0.478791
pbe,sevennet_omni,Au100,H2S,-0.080995,-0.456441,-0.375446
pbe,sevennet_omni,Au100,N2,0.005175,-0.086519,-0.091694
pbe,sevennet_omni,Au100,NH3,-0.440225,-0.677292,-0.237067
pbe,sevennet_omni,Au100,NO,-0.734100,-0.808355,-0.074255
pbe,sevennet_omni,Au100,SO2,-0.098785,-0.374453,-0.275667
pbe,sevennet_omni,Au100,THF,0.283706,-0.109253,-0.392959
pbe,sevennet_omni,Au100,acetal,1.005319,-0.254868,-1.260186
pbe,sevennet_omni,Au100,acetaldehyde,0.326340,-0.319691,-0.646030
pbe,sevennet_omni,Au100,acetone,0.435303,-0.387508,-0.822811
pbe,sevennet_omni,Au100,alpha-D-glucopyranose,-4.969425,-0.455109,4.514317
pbe,sevennet_omni,Au100,angelica_lactone,0.403427,-0.135010,-0.538437
pbe,sevennet_omni,Au100,aniline,0.259002,-0.228073,-0.487075
pbe,sevennet_omni,Au100,benzene,0.215893,-0.159607,-0.375500
pbe,sevennet_omni,Au100,butadiene,0.323597,-0.691597,-1.015193
pbe,sevennet_omni,Au100,butanal,0.281014,-0.333740,-0.614754
pbe,sevennet_omni,Au100,butane,0.341346,-0.263756,-0.605102
pbe,sevennet_omni,Au100,butyric_acid,0.574374,-0.373459,-0.947833
pbe,sevennet_omni,Au100,caproic_acid,0.447010,-0.426018,-0.873027
pbe,sevennet_omni,Au100,cyclobutanone,0.443621,-0.122505,-0.566126
pbe,sevennet_omni,Au100,cyclohexanone,-4.459977,-0.264023,4.195954
pbe,sevennet_omni,Au100,cyclopentanone,0.495501,-0.199265,-0.694766
pbe,sevennet_omni,Au100,diethyl_ether,0.431887,-0.294800,-0.726687
pbe,sevennet_omni,Au100,dimethyl_succinate,0.715844,-0.231529,-0.947373
pbe,sevennet_omni,Au100,ethane,0.406405,-0.245846,-0.652251
pbe,sevennet_omni,Au100,ethanol,0.235605,-0.313667,-0.549272
pbe,sevennet_omni,Au100,ethene,0.294711,-0.215923,-0.510634
pbe,sevennet_omni,Au100,ethyl_acetate,0.445795,-0.211197,-0.656992
pbe,sevennet_omni,Au100,ethylene,0.191912,-0.218304,-0.410216
pbe,sevennet_omni,Au100,ethylene_glycol,0.238749,-0.395004,-0.633753
pbe,sevennet_omni,Au100,eugenol,0.735473,-0.236343,-0.971816
pbe,sevennet_omni,Au100,formaldehyde,0.198095,-0.247055,-0.445150
pbe,sevennet_omni,Au100,formate,-2.283750,-1.712540,0.571210
pbe,sevennet_omni,Au100,formic_acid,-0.097661,-0.411650,-0.313989
pbe,sevennet_omni,Au100,furan,-0.050527,-0.402798,-0.352271
pbe,sevennet_omni,Au100,furfural,0.002972,-0.547920,-0.550892
pbe,sevennet_omni,Au100,furfuryl_alcohol,0.308687,-0.419678,-0.728364
pbe,sevennet_omni,Au100,gamma_butyrolactone,0.523281,-0.177689,-0.700970
pbe,sevennet_omni,Au100,glutaric_acid,0.422736,-0.416435,-0.839171
pbe,sevennet_omni,Au100,glycerol,0.511167,-0.604034,-1.115201
pbe,sevennet_omni,Au100,glycolic_acid,0.416594,-0.334686,-0.751280
pbe,sevennet_omni,Au100,guaiacol,-1.655768,-0.417511,1.238257
pbe,sevennet_omni,Au100,heptane,0.335257,-0.344467,-0.679724
pbe,sevennet_omni,Au100,hexanal,0.473363,-0.340233,-0.813596
pbe,sevennet_omni,Au100,hexane,0.273989,-0.367523,-0.641512
pbe,sevennet_omni,Au100,isobutane,0.378762,-0.276405,-0.655167
pbe,sevennet_omni,Au100,isobutene,0.401204,-0.221626,-0.622830
pbe,sevennet_omni,Au100,isoeugenol,0.724630,-0.176300,-0.900930
pbe,sevennet_omni,Au100,isopentane,0.406680,-0.303185,-0.709865
pbe,sevennet_omni,Au100,isoprene,0.233133,-0.645691,-0.878824
pbe,sevennet_omni,Au100,isopropanol,0.305224,-0.352398,-0.657622
pbe,sevennet_omni,Au100,lactic_acid,0.400406,-0.354317,-0.754722
pbe,sevennet_omni,Au100,malonic_acid,-0.293810,-0.687714,-0.393903
pbe,sevennet_omni,Au100,methane,0.022568,-0.389147,-0.411715
pbe,sevennet_omni,Au100,methanol,0.193115,-0.287350,-0.480465
pbe,sevennet_omni,Au100,methylcyclopentenolone,-1.435583,-0.273941,1.161642
pbe,sevennet_omni,Au100,methylethylketone,0.489704,-0.382477,-0.872181
pbe,sevennet_omni,Au100,muconic_acid,0.072748,-0.501961,-0.574708
pbe,sevennet_omni,Au100,octane,0.441330,-0.459854,-0.901184
pbe,sevennet_omni,Au100,oxalic_acid,-0.243282,-0.554039,-0.310757
pbe,sevennet_omni,Au100,pentane,0.425121,-0.262817,-0.687939
pbe,sevennet_omni,Au100,pentanol,0.431211,-0.453247,-0.884459
pbe,sevennet_omni,Au100,phenol,0.282151,-0.289101,-0.571252
pbe,sevennet_omni,Au100,propanal,0.366459,-0.257729,-0.624187
pbe,sevennet_omni,Au100,propane,0.341880,-0.249371,-0.591250
pbe,sevennet_omni,Au100,propanol,0.231230,-0.358665,-0.589895
pbe,sevennet_omni,Au100,propene,0.438226,-0.223061,-0.661287
pbe,sevennet_omni,Au100,propyl_syringol,0.625665,-0.314285,-0.939951
pbe,sevennet_omni,Au100,pyrrole,0.190215,-0.471169,-0.661383
pbe,sevennet_omni,Au100,pyruvic_acid,-1.927068,-0.443317,1.483751
pbe,sevennet_omni,Au100,sorbitol,-4.146157,-0.852661,3.293496
pbe,sevennet_omni,Au100,styrene,0.402554,-0.272530,-0.675083
pbe,sevennet_omni,Au100,syringaldehyde,0.409825,-0.255203,-0.665028
pbe,sevennet_omni,Au100,syringol,0.890055,-0.205513,-1.095568
pbe,sevennet_omni,Au100,tartaric_acid,-0.146705,-0.562325,-0.415619
pbe,sevennet_omni,Au100,thiophene,-0.087798,-0.285488,-0.197690
pbe,sevennet_omni,Au100,toluene,0.386195,-0.160301,-0.546496
pbe,sevennet_omni,Au100,valeraldehyde,0.440781,-0.383987,-0.824768
pbe,sevennet_omni,Au100,vanillin,0.454509,-0.460197,-0.914706
pbe,sevennet_omni,Au100,xylene,0.439820,-0.145859,-0.585679
pbe,sevennet_omni,Au110,1-butanol,0.135459,-0.439026,-0.574485
pbe,sevennet_omni,Au110,1-butene,0.359834,-0.598160,-0.957994
pbe,sevennet_omni,Au110,1-pentene,0.456022,-0.642220,-1.098241
pbe,sevennet_omni,Au110,2-butanol,0.437170,-0.447670,-0.884840
pbe,sevennet_omni,Au110,2-butene,0.506537,-0.161880,-0.668418
pbe,sevennet_omni,Au110,2-ethylphenol,0.191891,-0.297661,-0.489552
pbe,sevennet_omni,Au110,2-heptanone,0.521051,-0.514778,-1.035829
pbe,sevennet_omni,Au110,2-hexanone,0.534463,-0.457436,-0.991898
pbe,sevennet_omni,Au110,2-pentanone,0.364273,-0.394638,-0.758911
pbe,sevennet_omni,Au110,3-MTHF,0.471045,-0.169830,-0.640875
pbe,sevennet_omni,Au110,4-methylguaiacol,0.576324,-0.201385,-0.777710
pbe,sevennet_omni,Au110,5-heptanone,0.517277,-0.427490,-0.944767
pbe,sevennet_omni,Au110,5-methylfurfural,0.335083,-0.407379,-0.742462
pbe,sevennet_omni,Au110,CH4,0.365951,-0.438494,-0.804445
pbe,sevennet_omni,Au110,CO,-0.775168,-1.063820,-0.288652
pbe,sevennet_omni,Au110,CO2,-0.023314,-0.401875,-0.378560
pbe,sevennet_omni,Au110,D-fructofuranose,0.512193,-0.464180,-0.976373
pbe,sevennet_omni,Au110,D-xylopyranose,0.305688,-0.569023,-0.874712
pbe,sevennet_omni,Au110,DME,-4.167156,-0.242882,3.924275
pbe,sevennet_omni,Au110,DMSO,-0.101850,-0.588058,-0.486208
pbe,sevennet_omni,Au110,H2,0.265878,-0.279483,-0.545361
pbe,sevennet_omni,Au110,H2O,-0.148328,-0.566757,-0.418430
pbe,sevennet_omni,Au110,H2S,-0.153226,-0.588918,-0.435692
pbe,sevennet_omni,Au110,N2,-0.009234,-0.085878,-0.076644
pbe,sevennet_omni,Au110,NH3,-0.571702,-0.828293,-0.256590
pbe,sevennet_omni,Au110,NO,-0.911153,-0.994772,-0.083619
pbe,sevennet_omni,Au110,SO2,-0.276986,-0.562426,-0.285440
pbe,sevennet_omni,Au110,THF,0.311472,-0.133087,-0.444559
pbe,sevennet_omni,Au110,acetal,0.645187,-0.306709,-0.951896
pbe,sevennet_omni,Au110,acetaldehyde,0.257656,-0.402714,-0.660370
pbe,sevennet_omni,Au110,acetone,0.364181,-0.505020,-0.869201
pbe,sevennet_omni,Au110,alpha-D-glucopyranose,-5.265946,-0.508652,4.757294
pbe,sevennet_omni,Au110,angelica_lactone,0.338023,-0.153641,-0.491663
pbe,sevennet_omni,Au110,aniline,0.180675,-0.325943,-0.506618
pbe,sevennet_omni,Au110,benzene,0.192227,-0.272827,-0.465055
pbe,sevennet_omni,Au110,butadiene,-0.444768,-1.162586,-0.717818
pbe,sevennet_omni,Au110,butanal,0.214431,-0.385307,-0.599738
pbe,sevennet_omni,Au110,butane,0.271224,-0.308464,-0.579688
pbe,sevennet_omni,Au110,butyric_acid,0.430562,-0.444771,-0.875333
pbe,sevennet_omni,Au110,caproic_acid,0.424723,-0.501045,-0.925768
pbe,sevennet_omni,Au110,cyclobutanone,0.366283,-0.156765,-0.523048
pbe,sevennet_omni,Au110,cyclohexanone,-4.462223,-0.336288,4.125934
pbe,sevennet_omni,Au110,cyclopentanone,0.331877,-0.279167,-0.611044
pbe,sevennet_omni,Au110,diethyl_ether,0.431571,-0.342804,-0.774375
pbe,sevennet_omni,Au110,dimethyl_succinate,0.685477,-0.302292,-0.987769
pbe,sevennet_omni,Au110,ethane,0.369893,-0.282894,-0.652787
pbe,sevennet_omni,Au110,ethanol,0.270896,-0.415386,-0.686283
pbe,sevennet_omni,Au110,ethene,0.010679,-0.721645,-0.732324
pbe,sevennet_omni,Au110,ethyl_acetate,0.369702,-0.284210,-0.653912
pbe,sevennet_omni,Au110,ethylene,0.013567,-0.712597,-0.726164
pbe,sevennet_omni,Au110,ethylene_glycol,0.000202,-0.461689,-0.461891
pbe,sevennet_omni,Au110,eugenol,0.340721,-0.485550,-0.826271
pbe,sevennet_omni,Au110,formaldehyde,0.104712,-0.322174,-0.426886
pbe,sevennet_omni,Au110,formate,-2.504252,-1.934708,0.569544
pbe,sevennet_omni,Au110,formic_acid,0.221468,-0.463303,-0.684771
pbe,sevennet_omni,Au110,furan,-0.115702,-0.563778,-0.448076
pbe,sevennet_omni,Au110,furfural,-0.005913,-0.824776,-0.818863
pbe,sevennet_omni,Au110,furfuryl_alcohol,0.402320,-0.517548,-0.919868
pbe,sevennet_omni,Au110,gamma_butyrolactone,0.444365,-0.255508,-0.699874
pbe,sevennet_omni,Au110,glutaric_acid,0.122761,-0.497246,-0.620007
pbe,sevennet_omni,Au110,glycerol,0.353514,-0.611664,-0.965177
pbe,sevennet_omni,Au110,glycolic_acid,0.230689,-0.384251,-0.614940
pbe,sevennet_omni,Au110,guaiacol,-1.707371,-0.436089,1.271283
pbe,sevennet_omni,Au110,heptane,0.433987,-0.384537,-0.818524
pbe,sevennet_omni,Au110,hexanal,0.337983,-0.475670,-0.813653
pbe,sevennet_omni,Au110,hexane,0.209369,-0.423309,-0.632678
pbe,sevennet_omni,Au110,isobutane,0.409027,-0.323082,-0.732109
pbe,sevennet_omni,Au110,isobutene,-0.055057,-0.486359,-0.431302
pbe,sevennet_omni,Au110,isoeugenol,0.588220,-0.193817,-0.782037
pbe,sevennet_omni,Au110,isopentane,0.326303,-0.367584,-0.693887
pbe,sevennet_omni,Au110,isoprene,-0.071497,-1.012054,-0.940557
pbe,sevennet_omni,Au110,isopropanol,0.132893,-0.462608,-0.595501
pbe,sevennet_omni,Au110,lactic_acid,0.159467,-0.407829,-0.567296
pbe,sevennet_omni,Au110,malonic_acid,-0.094903,-0.612686,-0.517783
pbe,sevennet_omni,Au110,methane,0.365954,-0.438448,-0.804402
pbe,sevennet_omni,Au110,methanol,0.087848,-0.380489,-0.468337
pbe,sevennet_omni,Au110,methylcyclopentenolone,-1.331391,-0.279282,1.052110
pbe,sevennet_omni,Au110,methylethylketone,0.485859,-0.507629,-0.993488
pbe,sevennet_omni,Au110,muconic_acid,0.369542,-0.741524,-1.111066
pbe,sevennet_omni,Au110,naphthalene,-8.252573,-0.341377,7.911195
pbe,sevennet_omni,Au110,octane,0.498063,-0.540390,-1.038453
pbe,sevennet_omni,Au110,oxalic_acid,0.171739,-0.579308,-0.751046
pbe,sevennet_omni,Au110,pentane,0.437841,-0.319641,-0.757483
pbe,sevennet_omni,Au110,pentanol,0.198798,-0.503326,-0.702124
pbe,sevennet_omni,Au110,phenol,0.264285,-0.298683,-0.562968
pbe,sevennet_omni,Au110,propanal,0.232993,-0.330853,-0.563846
pbe,sevennet_omni,Au110,propane,0.322511,-0.295097,-0.617609
pbe,sevennet_omni,Au110,propanol,0.209276,-0.436962,-0.646238
pbe,sevennet_omni,Au110,propene,0.108257,-0.540016,-0.648273
pbe,sevennet_omni,Au110,propyl_syringol,0.819649,-0.319626,-1.139274
pbe,sevennet_omni,Au110,pyrrole,0.155741,-0.638145,-0.793886
pbe,sevennet_omni,Au110,pyruvic_acid,-2.092871,-0.542030,1.550841
pbe,sevennet_omni,Au110,sorbitol,-4.230428,-0.837906,3.392522
pbe,sevennet_omni,Au110,syringaldehyde,0.818305,-0.303543,-1.121849
pbe,sevennet_omni,Au110,syringol,0.840816,-0.242584,-1.083400
pbe,sevennet_omni,Au110,tartaric_acid,0.223203,-0.610374,-0.833578
pbe,sevennet_omni,Au110,thiophene,-0.273805,-0.496700,-0.222895
pbe,sevennet_omni,Au110,toluene,0.367479,-0.239044,-0.606523
pbe,sevennet_omni,Au110,valeraldehyde,0.374670,-0.453850,-0.828520
pbe,sevennet_omni,Au110,vanillin,0.161647,-0.497459,-0.659106
pbe,sevennet_omni,Au110,xylene,0.308173,-0.161613,-0.469786
pbe,sevennet_omni,Au111,CO2,0.012193,-0.397263,-0.409456
pbe,sevennet_omni,Au111,ethene,-0.020577,-0.192854,-0.172277
pbe,sevennet_omni,Au111,glycerol,0.251876,-0.587471,-0.839347
pbe,sevennet_omni,Au111,isopropanol,0.202074,-0.328651,-0.530725
pbe,sevennet_omni,Au111,propane,0.200327,-0.243813,-0.444140
pbe,sevennet_omni,Au111,propene,0.310988,-0.204445,-0.515433
pbe,sevennet_omni,Co0001,1-butene,6.286534,-0.430130,-6.716664
pbe,sevennet_omni,Co0001,1-pentene,-0.248995,-0.546318,-0.297323
pbe,sevennet_omni,Co0001,2-butanol,2.303228,-0.494118,-2.797345
pbe,sevennet_omni,Co0001,2-pentanone,7.432185,-0.421204,-7.853389
pbe,sevennet_omni,Co0001,4-methylguaiacol,-0.016633,-0.081718,-0.065085
pbe,sevennet_omni,Co0001,D-fructofuranose,4.483323,-0.223389,-4.706712
pbe,sevennet_omni,Co0001,D-xylopyranose,-0.244385,-0.232758,0.011628
pbe,sevennet_omni,Co0001,DME,0.158567,-0.095329,-0.253896
pbe,sevennet_omni,Co0001,H2O,-0.144610,-0.014832,0.129778
pbe,sevennet_omni,Co0001,H2S,-2.815094,-3.461812,-0.646718
pbe,sevennet_omni,Co0001,N2,1.101670,-0.846300,-1.947970
pbe,sevennet_omni,Co0001,NO,-0.370537,0.001505,0.372042
pbe,sevennet_omni,Co0001,acetic_acid,2.513564,-0.168152,-2.681716
pbe,sevennet_omni,Co0001,alpha-D-glucopyranose,-0.050875,-0.503143,-0.452268
pbe,sevennet_omni,Co0001,angelica_lactone,6.942371,-0.165527,-7.107898
pbe,sevennet_omni,Co0001,benzene,-0.267414,-1.079849,-0.812435
pbe,sevennet_omni,Co0001,butane,-0.004953,-0.640373,-0.635421
pbe,sevennet_omni,Co0001,cyclopentanone,2.540761,-0.282722,-2.823483
pbe,sevennet_omni,Co0001,ethane,-0.045441,-0.469952,-0.424511
pbe,sevennet_omni,Co0001,ethanol,-0.038373,-0.227852,-0.189479
pbe,sevennet_omni,Co0001,ethylene_glycol,5.348992,-0.285664,-5.634655
pbe,sevennet_omni,Co0001,eugenol,-0.254067,-0.231232,0.022835
pbe,sevennet_omni,Co0001,furfural,4.923305,-0.545403,-5.468707
pbe,sevennet_omni,Co0001,guaiacol,-2.191660,-0.353706,1.837954
pbe,sevennet_omni,Co0001,heptane,-0.080805,-0.828812,-0.748006
pbe,sevennet_omni,Co0001,hexanal,-0.000178,-0.591698,-0.591520
pbe,sevennet_omni,Co0001,hexane,-0.132627,-0.841003,-0.708377
pbe,sevennet_omni,Co0001,isobutene,7.295697,-0.297241,-7.592938
pbe,sevennet_omni,Co0001,lactic_acid,0.067328,-0.095543,-0.162870
pbe,sevennet_omni,Co0001,methanol,-0.111609,-0.182339,-0.070730
pbe,sevennet_omni,Co0001,methylmethacrylate,1.617354,-0.178535,-1.795889
pbe,sevennet_omni,Co0001,muconic_acid,1.550062,-0.562408,-2.112470
pbe,sevennet_omni,Co0001,propane,-0.068711,-0.534405,-0.465694
pbe,sevennet_omni,Co0001,propyl_syringol,0.076236,-0.213333,-0.289569
pbe,sevennet_omni,Co0001,pyruvic_acid,-2.364134,-0.257690,2.106444
pbe,sevennet_omni,Co0001,sorbitol,2.710671,-0.705170,-3.415841
pbe,sevennet_omni,Co0001,styrene,-1.292187,-2.273041,-0.980854
pbe,sevennet_omni,Co0001,toluene,-0.158325,-0.379547,-0.221223
pbe,sevennet_omni,Co0001,xylene,-0.021424,-0.336403,-0.314979
pbe,sevennet_omni,Cr111,1-butene,3.305230,-1.029434,-4.334664
pbe,sevennet_omni,Cr111,2-pentanone,-4.732046,-0.376648,4.355398
pbe,sevennet_omni,Cr111,3-MTHF,-6.067380,-0.113335,5.954045
pbe,sevennet_omni,Cr111,5-heptanone,-7.418944,-0.402496,7.016448
pbe,sevennet_omni,Cr111,CO,-1.191418,-0.015053,1.176365
pbe,sevennet_omni,Cr111,CO2,-2.957661,0.000011,2.957672
pbe,sevennet_omni,Cr111,H2O,-0.136675,-0.000061,0.136614
pbe,sevennet_omni,Cr111,acetaldehyde,0.955763,-0.165012,-1.120775
pbe,sevennet_omni,Cr111,benzene,-6.224619,-0.287727,5.936891
pbe,sevennet_omni,Cr111,butadiene,-7.305149,-2.559040,4.746109
pbe,sevennet_omni,Cr111,butyric_acid,-6.495004,-0.259232,6.235772
pbe,sevennet_omni,Cr111,caproic_acid,-4.224831,-0.450356,3.774475
pbe,sevennet_omni,Cr111,cyclopentanone,-2.691776,-0.167427,2.524349
pbe,sevennet_omni,Cr111,ethane,-5.009272,-0.402264,4.607008
pbe,sevennet_omni,Cr111,ethanol,-3.976575,-0.203865,3.772710
pbe,sevennet_omni,Cr111,ethene,-7.202516,-1.218304,5.984212
pbe,sevennet_omni,Cr111,ethylene,-0.972238,-1.224102,-0.251864
pbe,sevennet_omni,Cr111,formic_acid,-5.208254,-0.021696,5.186558
pbe,sevennet_omni,Cr111,furfural,-1.865596,-0.260948,1.604648
pbe,sevennet_omni,Cr111,glycerol,-4.466381,-0.324944,4.141438
pbe,sevennet_omni,Cr111,isobutene,-3.261377,-0.191338,3.070039
pbe,sevennet_omni,Cr111,isoprene,-1.458559,-1.395538,0.063021
pbe,sevennet_omni,Cr111,isopropanol,-0.089466,-0.282406,-0.192940
pbe,sevennet_omni,Cr111,lactic_acid,-1.118583,-0.180664,0.937919
pbe,sevennet_omni,Cr111,methanol,-5.624491,-0.138027,5.486464
pbe,sevennet_omni,Cr111,propane,-4.141435,-0.420208,3.721228
pbe,sevennet_omni,Cr111,propanol,4.314641,-0.322334,-4.636975
pbe,sevennet_omni,Cr111,propene,-4.401466,-1.009834,3.391632
pbe,sevennet_omni,Cr111,pyruvic_acid,0.567782,-0.261269,-0.829051
pbe,sevennet_omni,Cr111,toluene,-7.505810,-0.253090,7.252721
pbe,sevennet_omni,Cu001,1-butene,0.146245,-0.298691,-0.444936
pbe,sevennet_omni,Cu001,1-pentene,0.242704,-0.445427,-0.688131
pbe,sevennet_omni,Cu001,2-pentanone,-0.182423,-0.709503,-0.527080
pbe,sevennet_omni,Cu001,3-MTHF,-0.087615,-0.187637,-0.100022
pbe,sevennet_omni,Cu001,5-heptanone,0.300828,-0.685394,-0.986222
pbe,sevennet_omni,Cu001,CO,-0.778054,-1.194466,-0.416412
pbe,sevennet_omni,Cu001,CO2,-0.025849,-0.361408,-0.335559
pbe,sevennet_omni,Cu001,DME,-4.706724,-0.272022,4.434702
pbe,sevennet_omni,Cu001,H2O,-0.229589,-0.565491,-0.335901
pbe,sevennet_omni,Cu001,acetaldehyde,-0.184876,-0.594563,-0.409686
pbe,sevennet_omni,Cu001,benzene,0.063885,-0.476578,-0.540463
pbe,sevennet_omni,Cu001,butadiene,-0.376971,-1.010151,-0.633180
pbe,sevennet_omni,Cu001,butyric_acid,-0.289084,-0.692513,-0.403428
pbe,sevennet_omni,Cu001,caproic_acid,0.115620,-0.780479,-0.896099
pbe,sevennet_omni,Cu001,cyclopentanone,-0.030196,-0.520721,-0.490525
pbe,sevennet_omni,Cu001,ethane,0.001653,-0.315483,-0.317136
pbe,sevennet_omni,Cu001,ethanol,-0.058823,-0.502869,-0.444046
pbe,sevennet_omni,Cu001,ethene,0.155335,-0.230785,-0.386120
pbe,sevennet_omni,Cu001,ethylene,0.162035,-0.231518,-0.393553
pbe,sevennet_omni,Cu001,formic_acid,-0.245191,-0.530851,-0.285661
pbe,sevennet_omni,Cu001,furfural,-0.038704,-1.104820,-1.066116
pbe,sevennet_omni,Cu001,glycerol,-0.116152,-0.767525,-0.651372
pbe,sevennet_omni,Cu001,isobutene,0.065865,-0.227928,-0.293793
pbe,sevennet_omni,Cu001,isoprene,0.079764,-0.787079,-0.866843
pbe,sevennet_omni,Cu001,isopropanol,-0.202289,-0.557945,-0.355656
pbe,sevennet_omni,Cu001,lactic_acid,0.013066,-0.589966,-0.603032
pbe,sevennet_omni,Cu001,methanol,-0.224549,-0.472271,-0.247722
pbe,sevennet_omni,Cu001,propane,-0.012720,-0.324505,-0.311785
pbe,sevennet_omni,Cu001,propanol,-0.219373,-0.563103,-0.343730
pbe,sevennet_omni,Cu001,propene,0.359300,-0.227776,-0.587076
pbe,sevennet_omni,Cu001,pyruvic_acid,-2.578487,-0.827003,1.751484
pbe,sevennet_omni,Cu001,toluene,-0.062231,-0.269630,-0.207399
pbe,sevennet_omni,Cu100,1-butene,0.164312,-0.298035,-0.462346
pbe,sevennet_omni,Cu100,1-pentene,0.480061,-0.470146,-0.950207
pbe,sevennet_omni,Cu100,2-pentanone,-0.169501,-0.702148,-0.532647
pbe,sevennet_omni,Cu100,3-MTHF,-0.095119,-0.185379,-0.090260
pbe,sevennet_omni,Cu100,5-heptanone,0.416015,-0.698746,-1.114761
pbe,sevennet_omni,Cu100,CO,-0.774517,-1.192329,-0.417812
pbe,sevennet_omni,Cu100,CO2,-0.018852,-0.359592,-0.340740
pbe,sevennet_omni,Cu100,DME,-4.702579,-0.274284,4.428294
pbe,sevennet_omni,Cu100,H2O,-0.227119,-0.565048,-0.337929
pbe,sevennet_omni,Cu100,acetaldehyde,-0.173058,-0.602451,-0.429394
pbe,sevennet_omni,Cu100,benzene,0.062031,-0.477432,-0.539463
pbe,sevennet_omni,Cu100,butadiene,-0.375068,-1.009296,-0.634228
pbe,sevennet_omni,Cu100,butyric_acid,-0.296202,-0.694817,-0.398614
pbe,sevennet_omni,Cu100,caproic_acid,-0.315095,-0.761879,-0.446784
pbe,sevennet_omni,Cu100,cyclopentanone,-0.049982,-0.520203,-0.470221
pbe,sevennet_omni,Cu100,ethane,-0.000730,-0.314800,-0.314070
pbe,sevennet_omni,Cu100,ethanol,-0.221076,-0.503120,-0.282044
pbe,sevennet_omni,Cu100,ethene,0.174342,-0.231243,-0.405585
pbe,sevennet_omni,Cu100,ethylene,0.161518,-0.466640,-0.628158
pbe,sevennet_omni,Cu100,formic_acid,-0.249791,-0.528181,-0.278390
pbe,sevennet_omni,Cu100,furfural,-0.035354,-1.110924,-1.075570
pbe,sevennet_omni,Cu100,glycerol,-0.401767,-0.844528,-0.442761
pbe,sevennet_omni,Cu100,isoprene,0.046291,-0.795135,-0.841427
pbe,sevennet_omni,Cu100,isopropanol,-0.183611,-0.553711,-0.370100
pbe,sevennet_omni,Cu100,lactic_acid,0.005956,-0.584961,-0.590917
pbe,sevennet_omni,Cu100,methanol,-0.229864,-0.473202,-0.243337
pbe,sevennet_omni,Cu100,propane,-0.014912,-0.324413,-0.309501
pbe,sevennet_omni,Cu100,propanol,-0.244143,-0.574657,-0.330514
pbe,sevennet_omni,Cu100,propene,0.358826,-0.226753,-0.585580
pbe,sevennet_omni,Cu100,pyruvic_acid,-2.617450,-0.830902,1.786548
pbe,sevennet_omni,Cu100,toluene,-0.058804,-0.265366,-0.206562
pbe,sevennet_omni,Cu110,ethene,-0.187404,-0.805502,-0.618097
pbe,sevennet_omni,Cu110,isopropanol,-0.364800,-0.724026,-0.359226
pbe,sevennet_omni,Cu110,propane,0.216115,-0.420559,-0.636674
pbe,sevennet_omni,Cu110,propanol,-0.117314,-0.686764,-0.569450
pbe,sevennet_omni,Cu110,propene,-0.371469,-0.635105,-0.263636
pbe,sevennet_omni,Cu111,1-butene,-0.058506,-0.285873,-0.227367
pbe,sevennet_omni,Cu111,1-pentene,-0.108352,-0.329315,-0.220963
pbe,sevennet_omni,Cu111,2-pentanone,-0.144291,-0.519897,-0.375606
pbe,sevennet_omni,Cu111,3-MTHF,0.026351,-0.175468,-0.201819
pbe,sevennet_omni,Cu111,5-heptanone,0.277089,-0.492340,-0.769429
pbe,sevennet_omni,Cu111,CO,-0.920254,-1.240349,-0.320094
pbe,sevennet_omni,Cu111,CO2,-0.010411,-0.363129,-0.352718
pbe,sevennet_omni,Cu111,DME,-4.710881,-0.216393,4.494488
pbe,sevennet_omni,Cu111,H2O,-0.061705,-0.475266,-0.413561
pbe,sevennet_omni,Cu111,acetaldehyde,-0.146179,-0.449894,-0.303715
pbe,sevennet_omni,Cu111,benzene,-0.046797,-0.205856,-0.159060
pbe,sevennet_omni,Cu111,butadiene,-0.055516,-0.331287,-0.275771
pbe,sevennet_omni,Cu111,butyric_acid,-0.221967,-0.529121,-0.307155
pbe,sevennet_omni,Cu111,caproic_acid,-0.228412,-0.627205,-0.398793
pbe,sevennet_omni,Cu111,cyclopentanone,-0.077372,-0.333862,-0.256491
pbe,sevennet_omni,Cu111,ethane,-0.013995,-0.287235,-0.273240
pbe,sevennet_omni,Cu111,ethanol,-0.108600,-0.380516,-0.271916
pbe,sevennet_omni,Cu111,ethene,-0.034001,-0.185497,-0.151497
pbe,sevennet_omni,Cu111,ethylene,-0.033628,-0.185345,-0.151716
pbe,sevennet_omni,Cu111,formic_acid,-0.118972,-0.384293,-0.265321
pbe,sevennet_omni,Cu111,furfural,-0.103822,-0.649467,-0.545645
pbe,sevennet_omni,Cu111,glycerol,-0.163464,-0.626617,-0.463153
pbe,sevennet_omni,Cu111,isobutene,-0.060818,-0.207481,-0.146663
pbe,sevennet_omni,Cu111,isoprene,0.297434,-0.253143,-0.550577
pbe,sevennet_omni,Cu111,isopropanol,-0.133719,-0.429443,-0.295724
pbe,sevennet_omni,Cu111,lactic_acid,-0.232933,-0.417015,-0.184082
pbe,sevennet_omni,Cu111,methanol,-0.157705,-0.358334,-0.200628
pbe,sevennet_omni,Cu111,propane,-0.018806,-0.307564,-0.288758
pbe,sevennet_omni,Cu111,propanol,-0.169249,-0.438148,-0.268899
pbe,sevennet_omni,Cu111,propene,-0.044397,-0.206791,-0.162394
pbe,sevennet_omni,Cu111,pyruvic_acid,-2.456554,-0.561226,1.895328
pbe,sevennet_omni,Cu111,toluene,-0.063674,-0.240524,-0.176850
pbe,sevennet_omni,Fe111,1-butene,6.109451,-1.081741,-7.191192
pbe,sevennet_omni,Fe111,5-heptanone,6.968760,-0.547455,-7.516215
pbe,sevennet_omni,Fe111,acetic_acid,6.677021,-0.177094,-6.854114
pbe,sevennet_omni,Fe111,methanol,-2.208122,-0.131985,2.076137
pbe,sevennet_omni,Fe111,pyruvic_acid,-1.537239,-0.268532,1.268708
pbe,sevennet_omni,Ni100,CO2,0.001643,-0.049866,-0.051509
pbe,sevennet_omni,Ni100,ethane,0.020743,-0.473244,-0.493986
pbe,sevennet_omni,Ni100,ethanol,0.061726,-0.215370,-0.277096
pbe,sevennet_omni,Ni100,ethene,-0.652121,-1.441219,-0.789099
pbe,sevennet_omni,Ni100,glycerol,-0.120260,-0.550713,-0.430453
pbe,sevennet_omni,Ni100,isopropanol,0.051942,-0.334591,-0.386532
pbe,sevennet_omni,Ni100,propane,0.032669,-0.529896,-0.562565
pbe,sevennet_omni,Ni100,propanol,0.091369,-0.335060,-0.426429
pbe,sevennet_omni,Ni100,propene,-0.514046,-1.236794,-0.722748
pbe,sevennet_omni,Ni110,CO2,0.072919,-0.008987,-0.081907
pbe,sevennet_omni,Ni110,ethane,-0.017298,-0.511578,-0.494279
pbe,sevennet_omni,Ni110,ethanol,0.112664,-0.205074,-0.317739
pbe,sevennet_omni,Ni110,ethene,-0.848180,-1.561535,-0.713355
pbe,sevennet_omni,Ni110,glycerol,-0.126095,-0.398705,-0.272609
pbe,sevennet_omni,Ni110,isopropanol,0.073171,-0.314785,-0.387956
pbe,sevennet_omni,Ni110,propane,0.019779,-0.711155,-0.730934
pbe,sevennet_omni,Ni110,propanol,0.031481,-0.344582,-0.376063
pbe,sevennet_omni,Ni110,propene,-0.794442,-1.461250,-0.666809
pbe,sevennet_omni,Ni111,CO2,0.016191,-0.047195,-0.063387
pbe,sevennet_omni,Ni111,ethane,0.045034,-0.441170,-0.486204
pbe,sevennet_omni,Ni111,ethanol,0.056111,-0.204494,-0.260605
pbe,sevennet_omni,Ni111,ethene,-0.738673,-1.246208,-0.507535
pbe,sevennet_omni,Ni111,glycerol,-0.155616,-0.476982,-0.321366
pbe,sevennet_omni,Ni111,isopropanol,0.069989,-0.288464,-0.358452
pbe,sevennet_omni,Ni111,propane,0.009803,-0.508961,-0.518764
pbe,sevennet_omni,Ni111,propanol,0.061268,-0.329842,-0.391109
pbe,sevennet_omni,Ni111,propene,-0.353709,-1.171528,-0.817819
pbe,sevennet_omni,Pd100,CO2,-0.012082,-0.471163,-0.459081
pbe,sevennet_omni,Pd100,ethane,0.286291,-0.513893,-0.800184
pbe,sevennet_omni,Pd100,ethanol,0.082037,-0.706497,-0.788534
pbe,sevennet_omni,Pd100,ethene,-0.730604,-1.439617,-0.709013
pbe,sevennet_omni,Pd100,glycerol,0.059747,-0.945259,-1.005006
pbe,sevennet_omni,Pd100,isopropanol,0.163967,-0.819695,-0.983662
pbe,sevennet_omni,Pd100,propane,0.301720,-0.618076,-0.919796
pbe,sevennet_omni,Pd100,propanol,0.201573,-0.796852,-0.998426
pbe,sevennet_omni,Pd100,propene,-0.724909,-1.461826,-0.736918
pbe,sevennet_omni,Pd110,CO2,-0.006238,-0.481079,-0.474841
pbe,sevennet_omni,Pd110,ethane,0.203366,-0.566826,-0.770192
pbe,sevennet_omni,Pd110,ethanol,0.300594,-0.819378,-1.119972
pbe,sevennet_omni,Pd110,ethene,-1.181582,-1.601023,-0.419440
pbe,sevennet_omni,Pd110,glycerol,-0.181028,-1.266991,-1.085963
pbe,sevennet_omni,Pd110,isopropanol,0.209125,-0.928234,-1.137360
pbe,sevennet_omni,Pd110,propane,0.216216,-0.604557,-0.820773
pbe,sevennet_omni,Pd110,propanol,0.172579,-0.894321,-1.066901
pbe,sevennet_omni,Pd110,propene,-1.035294,-1.537083,-0.501789
pbe,sevennet_omni,Pd111,CO2,0.002886,-0.447756,-0.450642
pbe,sevennet_omni,Pd111,ethane,0.417112,-0.455055,-0.872167
pbe,sevennet_omni,Pd111,ethanol,0.199947,-0.673756,-0.873703
pbe,sevennet_omni,Pd111,ethene,-0.706096,-1.265545,-0.559449
pbe,sevennet_omni,Pd111,glycerol,0.268436,-1.008171,-1.276607
pbe,sevennet_omni,Pd111,isopropanol,0.218400,-0.766689,-0.985089
pbe,sevennet_omni,Pd111,propane,0.314324,-0.472294,-0.786617
pbe,sevennet_omni,Pd111,propanol,0.199131,-0.712898,-0.912029
pbe,sevennet_omni,Pd111,propene,-0.454165,-1.175846,-0.721681
pbe,sevennet_omni,Pt100,CO2,0.007467,-0.509066,-0.516533
pbe,sevennet_omni,Pt100,ethane,0.467108,-0.483349,-0.950457
pbe,sevennet_omni,Pt100,ethanol,0.396098,-0.709301,-1.105399
pbe,sevennet_omni,Pt100,ethene,-1.123251,-1.614788,-0.491537
pbe,sevennet_omni,Pt100,glycerol,0.375458,-1.045982,-1.421440
pbe,sevennet_omni,Pt100,isopropanol,0.397720,-0.789364,-1.187083
pbe,sevennet_omni,Pt100,propane,0.603941,-0.544270,-1.148211
pbe,sevennet_omni,Pt100,propanol,0.431394,-0.805489,-1.236883
pbe,sevennet_omni,Pt100,propene,-0.882234,-1.820869,-0.938635
pbe,sevennet_omni,Pt110,CO2,-0.013791,-0.497896,-0.484105
pbe,sevennet_omni,Pt110,ethane,0.429967,-0.558723,-0.988690
pbe,sevennet_omni,Pt110,ethanol,0.630937,-0.900631,-1.531568
pbe,sevennet_omni,Pt110,ethene,-1.087876,-2.087566,-0.999691
pbe,sevennet_omni,Pt110,glycerol,0.131789,-0.965134,-1.096923
pbe,sevennet_omni,Pt110,isopropanol,0.536370,-0.976223,-1.512593
pbe,sevennet_omni,Pt110,propane,0.623245,-0.648808,-1.272053
pbe,sevennet_omni,Pt110,propanol,0.716635,-0.936745,-1.653379
pbe,sevennet_omni,Pt110,propene,-0.469789,-1.705235,-1.235445
pbe,sevennet_omni,Pt111,CO2,0.031065,-0.486696,-0.517762
pbe,sevennet_omni,Pt111,ethane,0.567431,-0.433994,-1.001425
pbe,sevennet_omni,Pt111,ethanol,0.372939,-0.598709,-0.971648
pbe,sevennet_omni,Pt111,ethene,-0.892164,-1.323864,-0.431700
pbe,sevennet_omni,Pt111,glycerol,0.197953,-0.816826,-1.014779
pbe,sevennet_omni,Pt111,isopropanol,0.400961,-0.709160,-1.110121
pbe,sevennet_omni,Pt111,propane,0.579893,-0.462776,-1.042669
pbe,sevennet_omni,Pt111,propanol,0.331210,-0.727577,-1.058787
pbe,sevennet_omni,Pt111,propene,-0.944099,-1.681343,-0.737244
pbe_d3,sevennet_omni,Ag100,ethane,-0.021602,-0.294643,-0.273042
pbe_d3,sevennet_omni,Ag100,ethanol,-0.236753,-0.436077,-0.199324
pbe_d3,sevennet_omni,Ag100,ethene,-0.103482,-0.206692,-0.103209
pbe_d3,sevennet_omni,Ag100,glycerol,-0.430144,-0.682686,-0.252541
pbe_d3,sevennet_omni,Ag110,citric_acid,-1.905824,-0.976643,0.929181
pbe_d3,sevennet_omni,Ag110,ethanol,-0.474308,-0.545704,-0.071396
pbe_d3,sevennet_omni,Ag110,ethene,-0.411256,-0.407467,0.003789
pbe_d3,sevennet_omni,Ag110,isopropanol,-0.587492,-0.585964,0.001527
pbe_d3,sevennet_omni,Ag110,propanol,-0.543600,-0.544685,-0.001085
pbe_d3,sevennet_omni,Ag111,5-HMF,-7.124991,-0.591759,6.533232
pbe_d3,sevennet_omni,Ag111,ethane,-0.133735,-0.274319,-0.140584
pbe_d3,sevennet_omni,Ag111,ethanol,-0.271032,-0.375816,-0.104784
pbe_d3,sevennet_omni,Ag111,ethene,-0.183861,-0.167400,0.016460
pbe_d3,sevennet_omni,Ag111,propanol,-0.408185,-0.389130,0.019055
pbe_d3,sevennet_omni,Au100,1-butanol,-0.252439,-0.345390,-0.092952
pbe_d3,sevennet_omni,Au100,1-butene,0.129176,-0.301605,-0.430781
pbe_d3,sevennet_omni,Au100,1-pentene,0.097522,-0.336594,-0.434116
pbe_d3,sevennet_omni,Au100,2-butanol,-0.142567,-0.365974,-0.223408
pbe_d3,sevennet_omni,Au100,2-butene,0.245176,-0.129013,-0.374189
pbe_d3,sevennet_omni,Au100,2-ethylphenol,-0.149762,-0.282845,-0.133082
pbe_d3,sevennet_omni,Au100,2-heptanone,-0.193425,-0.414696,-0.221271
pbe_d3,sevennet_omni,Au100,2-hexanone,-0.078574,-0.353279,-0.274705
pbe_d3,sevennet_omni,Au100,2-pentanone,-0.015822,-0.312531,-0.296709
pbe_d3,sevennet_omni,Au100,3-MTHF,0.038359,-0.134224,-0.172583
pbe_d3,sevennet_omni,Au100,4-methylguaiacol,0.017267,-0.175934,-0.193201
pbe_d3,sevennet_omni,Au100,5-heptanone,-0.094430,-0.350327,-0.255897
pbe_d3,sevennet_omni,Au100,5-methylfurfural,0.269532,-0.333313,-0.602845
pbe_d3,sevennet_omni,Au100,CH4,0.046376,-0.391161,-0.437537
pbe_d3,sevennet_omni,Au100,CO,-0.644625,-0.887810,-0.243185
pbe_d3,sevennet_omni,Au100,D-fructofuranose,-0.031960,-0.440338,-0.408378
pbe_d3,sevennet_omni,Au100,D-xylopyranose,-0.308601,-0.544807,-0.236206
pbe_d3,sevennet_omni,Au100,DMSO,-0.099413,-0.375305,-0.275892
pbe_d3,sevennet_omni,Au100,H2,0.172387,-0.264759,-0.437146
pbe_d3,sevennet_omni,Au100,H2O,-0.008145,-0.527771,-0.519626
pbe_d3,sevennet_omni,Au100,H2S,-0.212091,-0.456441,-0.244350
pbe_d3,sevennet_omni,Au100,N2,0.135551,-0.086519,-0.222070
pbe_d3,sevennet_omni,Au100,NH3,-0.477940,-0.677292,-0.199352
pbe_d3,sevennet_omni,Au100,NO,-0.764328,-0.808355,-0.044028
pbe_d3,sevennet_omni,Au100,SO2,-0.363562,-0.374453,-0.010891
pbe_d3,sevennet_omni,Au100,THF,0.005859,-0.109253,-0.115112
pbe_d3,sevennet_omni,Au100,acetal,0.114630,-0.254868,-0.369498
pbe_d3,sevennet_omni,Au100,acetaldehyde,0.236605,-0.319691,-0.556296
pbe_d3,sevennet_omni,Au100,acetic_acid,-6.902857,-0.426620,6.476237
pbe_d3,sevennet_omni,Au100,acetone,0.206063,-0.387508,-0.593571
pbe_d3,sevennet_omni,Au100,acetophenone,-4.462687,-0.226631,4.236056
pbe_d3,sevennet_omni,Au100,alpha-D-glucopyranose,-1.372241,-0.455109,0.917132
pbe_d3,sevennet_omni,Au100,angelica_lactone,-0.065724,-0.135010,-0.069286
pbe_d3,sevennet_omni,Au100,aniline,-0.056152,-0.228073,-0.171921
pbe_d3,sevennet_omni,Au100,benzene,0.079949,-0.159607,-0.239556
pbe_d3,sevennet_omni,Au100,butadiene,-0.060729,-0.691597,-0.630868
pbe_d3,sevennet_omni,Au100,butanal,0.003266,-0.333740,-0.337006
pbe_d3,sevennet_omni,Au100,butane,-0.041291,-0.263756,-0.222465
pbe_d3,sevennet_omni,Au100,butyric_acid,0.150975,-0.373459,-0.524434
pbe_d3,sevennet_omni,Au100,caproic_acid,-0.237464,-0.426018,-0.188554
pbe_d3,sevennet_omni,Au100,cyclobutanone,0.260012,-0.122505,-0.382517
pbe_d3,sevennet_omni,Au100,cyclohexanone,-3.268111,-0.264023,3.004088
pbe_d3,sevennet_omni,Au100,cyclopentanone,0.241230,-0.199265,-0.440494
pbe_d3,sevennet_omni,Au100,diethyl_ether,-0.030539,-0.294800,-0.264261
pbe_d3,sevennet_omni,Au100,dimethyl_succinate,0.314645,-0.231529,-0.546174
pbe_d3,sevennet_omni,Au100,ethane,0.374907,-0.245846,-0.620753
pbe_d3,sevennet_omni,Au100,ethanol,0.129157,-0.313667,-0.442825
pbe_d3,sevennet_omni,Au100,ethene,0.193435,-0.215923,-0.409358
pbe_d3,sevennet_omni,Au100,ethyl_acetate,-0.077890,-0.211197,-0.133307
pbe_d3,sevennet_omni,Au100,ethylene,0.175191,-0.218304,-0.393494
pbe_d3,sevennet_omni,Au100,ethylene_glycol,-0.040876,-0.395004,-0.354128
pbe_d3,sevennet_omni,Au100,eugenol,-0.006392,-0.236343,-0.229952
pbe_d3,sevennet_omni,Au100,formaldehyde,0.250969,-0.247055,-0.498024
pbe_d3,sevennet_omni,Au100,formate,-2.414761,-1.712540,0.702221
pbe_d3,sevennet_omni,Au100,formic_acid,-0.152327,-0.411650,-0.259323
pbe_d3,sevennet_omni,Au100,furan,-0.393240,-0.402798,-0.009558
pbe_d3,sevennet_omni,Au100,furfural,-0.427817,-0.547920,-0.120104
pbe_d3,sevennet_omni,Au100,furfuryl_alcohol,0.153448,-0.419678,-0.573126
pbe_d3,sevennet_omni,Au100,gamma_butyrolactone,0.290420,-0.177689,-0.468108
pbe_d3,sevennet_omni,Au100,glutaric_acid,-0.091951,-0.416435,-0.324484
pbe_d3,sevennet_omni,Au100,glycerol,0.038301,-0.604034,-0.642336
pbe_d3,sevennet_omni,Au100,glycolic_acid,0.300861,-0.334686,-0.635548
pbe_d3,sevennet_omni,Au100,guaiacol,-2.157663,-0.417511,1.740152
pbe_d3,sevennet_omni,Au100,heptane,-0.492512,-0.344467,0.148045
pbe_d3,sevennet_omni,Au100,hexanal,-0.133658,-0.340233,-0.206575
pbe_d3,sevennet_omni,Au100,hexane,-0.395970,-0.367523,0.028447
pbe_d3,sevennet_omni,Au100,isobutane,0.059719,-0.276405,-0.336124
pbe_d3,sevennet_omni,Au100,isobutene,0.147041,-0.221626,-0.368668
pbe_d3,sevennet_omni,Au100,isoeugenol,-0.043524,-0.176300,-0.132776
pbe_d3,sevennet_omni,Au100,isopentane,-0.056703,-0.303185,-0.246482
pbe_d3,sevennet_omni,Au100,isoprene,-0.273003,-0.645691,-0.372688
pbe_d3,sevennet_omni,Au100,isopropanol,0.034102,-0.352398,-0.386500
pbe_d3,sevennet_omni,Au100,levulinic_acid,0.033046,-0.383835,-0.416881
pbe_d3,sevennet_omni,Au100,methane,0.052255,-0.389147,-0.441402
pbe_d3,sevennet_omni,Au100,methanol,0.138656,-0.287350,-0.426006
pbe_d3,sevennet_omni,Au100,methylcyclopentenolone,-1.708728,-0.273941,1.434787
pbe_d3,sevennet_omni,Au100,methylethylketone,0.124050,-0.382477,-0.506526
pbe_d3,sevennet_omni,Au100,muconic_acid,-0.322261,-0.501961,-0.179700
pbe_d3,sevennet_omni,Au100,octane,-0.453151,-0.459854,-0.006703
pbe_d3,sevennet_omni,Au100,oxalic_acid,-0.358266,-0.554039,-0.195773
pbe_d3,sevennet_omni,Au100,pentane,-0.123933,-0.262817,-0.138885
pbe_d3,sevennet_omni,Au100,pentanol,-0.129001,-0.453247,-0.324246
pbe_d3,sevennet_omni,Au100,phenol,0.005872,-0.289101,-0.294973
pbe_d3,sevennet_omni,Au100,propanal,0.184444,-0.257729,-0.442173
pbe_d3,sevennet_omni,Au100,propane,0.118500,-0.249371,-0.367870
pbe_d3,sevennet_omni,Au100,propanol,-0.104226,-0.358665,-0.254439
pbe_d3,sevennet_omni,Au100,propene,0.178290,-0.223061,-0.401350
pbe_d3,sevennet_omni,Au100,propyl_syringol,-0.131327,-0.314285,-0.182958
pbe_d3,sevennet_omni,Au100,pyrrole,0.048320,-0.471169,-0.519488
pbe_d3,sevennet_omni,Au100,pyruvic_acid,-2.180866,-0.443317,1.737549
pbe_d3,sevennet_omni,Au100,styrene,0.002247,-0.272530,-0.274776
pbe_d3,sevennet_omni,Au100,syringaldehyde,-0.111481,-0.255203,-0.143723
pbe_d3,sevennet_omni,Au100,syringol,0.222606,-0.205513,-0.428119
pbe_d3,sevennet_omni,Au100,tartaric_acid,-0.415091,-0.562325,-0.147233
pbe_d3,sevennet_omni,Au100,thiophene,-0.527005,-0.285488,0.241516
pbe_d3,sevennet_omni,Au100,toluene,0.049176,-0.160301,-0.209477
pbe_d3,sevennet_omni,Au100,valeraldehyde,-0.092659,-0.383987,-0.291329
pbe_d3,sevennet_omni,Au100,vanillin,-0.018927,-0.460197,-0.441271
pbe_d3,sevennet_omni,Au100,xylene,0.066382,-0.145859,-0.212241
pbe_d3,sevennet_omni,Au100,xylitol,-0.443581,-0.540108,-0.096527
pbe_d3,sevennet_omni,Au110,1-butanol,-0.604236,-0.439026,0.165211
pbe_d3,sevennet_omni,Au110,1-butene,-0.159557,-0.598160,-0.438602
pbe_d3,sevennet_omni,Au110,1-pentene,-0.228583,-0.642220,-0.413637
pbe_d3,sevennet_omni,Au110,2-butanol,-0.274317,-0.447670,-0.173353
pbe_d3,sevennet_omni,Au110,2-butene,-0.095681,-0.161880,-0.066200
pbe_d3,sevennet_omni,Au110,2-ethylphenol,-0.766976,-0.297661,0.469315
pbe_d3,sevennet_omni,Au110,2-heptanone,-0.515581,-0.514778,0.000803
pbe_d3,sevennet_omni,Au110,2-hexanone,-0.293210,-0.457436,-0.164226
pbe_d3,sevennet_omni,Au110,2-pentanone,-0.359902,-0.394638,-0.034736
pbe_d3,sevennet_omni,Au110,3-MTHF,-0.178257,-0.169830,0.008426
pbe_d3,sevennet_omni,Au110,4-methylguaiacol,-0.199768,-0.201385,-0.001618
pbe_d3,sevennet_omni,Au110,5-heptanone,-0.537186,-0.427490,0.109696
pbe_d3,sevennet_omni,Au110,5-methylfurfural,-0.154823,-0.407379,-0.252556
pbe_d3,sevennet_omni,Au110,CH4,0.147584,-0.438494,-0.586078
pbe_d3,sevennet_omni,Au110,CO,-0.968215,-1.063820,-0.095605
pbe_d3,sevennet_omni,Au110,D-fructofuranose,-0.160995,-0.464180,-0.303185
pbe_d3,sevennet_omni,Au110,D-xylopyranose,-0.500638,-0.569023,-0.068385
pbe_d3,sevennet_omni,Au110,DMSO,-0.771334,-0.588058,0.183275
pbe_d3,sevennet_omni,Au110,H2,0.223969,-0.279483,-0.503452
pbe_d3,sevennet_omni,Au110,H2O,-0.335032,-0.566757,-0.231726
pbe_d3,sevennet_omni,Au110,H2S,-0.517810,-0.588918,-0.071108
pbe_d3,sevennet_omni,Au110,N2,-0.073214,-0.085878,-0.012664
pbe_d3,sevennet_omni,Au110,NH3,-0.809050,-0.828293,-0.019243
pbe_d3,sevennet_omni,Au110,NO,-1.128500,-0.994772,0.133728
pbe_d3,sevennet_omni,Au110,SO2,-0.750800,-0.562426,0.188375
pbe_d3,sevennet_omni,Au110,THF,-0.233577,-0.133087,0.100489
pbe_d3,sevennet_omni,Au110,acetal,-0.510186,-0.306709,0.203477
pbe_d3,sevennet_omni,Au110,acetaldehyde,-0.070823,-0.402714,-0.331891
pbe_d3,sevennet_omni,Au110,acetic_acid,-7.188677,-0.518524,6.670153
pbe_d3,sevennet_omni,Au110,acetone,-0.116552,-0.505020,-0.388468
pbe_d3,sevennet_omni,Au110,acetophenone,-4.702841,-0.359962,4.342879
pbe_d3,sevennet_omni,Au110,alpha-D-glucopyranose,-1.872288,-0.508652,1.363636
pbe_d3,sevennet_omni,Au110,angelica_lactone,-0.310942,-0.153641,0.157301
pbe_d3,sevennet_omni,Au110,aniline,-0.480748,-0.325943,0.154805
pbe_d3,sevennet_omni,Au110,benzene,-0.166824,-0.272827,-0.106003
pbe_d3,sevennet_omni,Au110,butadiene,-1.081784,-1.162586,-0.080802
pbe_d3,sevennet_omni,Au110,butanal,-0.336600,-0.385307,-0.048707
pbe_d3,sevennet_omni,Au110,butane,-0.385824,-0.308464,0.077360
pbe_d3,sevennet_omni,Au110,butyric_acid,-0.193262,-0.444771,-0.251509
pbe_d3,sevennet_omni,Au110,caproic_acid,-0.522831,-0.501045,0.021786
pbe_d3,sevennet_omni,Au110,cyclobutanone,-0.103725,-0.156765,-0.053040
pbe_d3,sevennet_omni,Au110,cyclohexanone,-3.508346,-0.336288,3.172058
pbe_d3,sevennet_omni,Au110,cyclopentanone,-0.253562,-0.279167,-0.025605
pbe_d3,sevennet_omni,Au110,diethyl_ether,-0.302674,-0.342804,-0.040130
pbe_d3,sevennet_omni,Au110,dimethyl_succinate,-0.143053,-0.302292,-0.159239
pbe_d3,sevennet_omni,Au110,ethane,-0.006296,-0.282894,-0.276598
pbe_d3,sevennet_omni,Au110,ethanol,-0.182142,-0.415386,-0.233244
pbe_d3,sevennet_omni,Au110,ethene,-0.337982,-0.721645,-0.383664
pbe_d3,sevennet_omni,Au110,ethyl_acetate,-0.312137,-0.284210,0.027927
pbe_d3,sevennet_omni,Au110,ethylene,-0.329793,-0.712597,-0.382804
pbe_d3,sevennet_omni,Au110,ethylene_glycol,-0.523789,-0.461689,0.062100
pbe_d3,sevennet_omni,Au110,eugenol,-0.620677,-0.485550,0.135127
pbe_d3,sevennet_omni,Au110,formaldehyde,-0.106770,-0.322174,-0.215404
pbe_d3,sevennet_omni,Au110,formate,-2.761993,-1.934708,0.827285
pbe_d3,sevennet_omni,Au110,formic_acid,0.004238,-0.463303,-0.467540
pbe_d3,sevennet_omni,Au110,furan,-0.723004,-0.563778,0.159226
pbe_d3,sevennet_omni,Au110,furfural,-0.703234,-0.824776,-0.121542
pbe_d3,sevennet_omni,Au110,furfuryl_alcohol,-0.117878,-0.517548,-0.399669
pbe_d3,sevennet_omni,Au110,gamma_butyrolactone,-0.049239,-0.255508,-0.206269
pbe_d3,sevennet_omni,Au110,glutaric_acid,-0.674514,-0.497246,0.177268
pbe_d3,sevennet_omni,Au110,glycerol,-0.305660,-0.611664,-0.306004
pbe_d3,sevennet_omni,Au110,glycolic_acid,-0.180967,-0.384251,-0.203284
pbe_d3,sevennet_omni,Au110,guaiacol,-2.441309,-0.436089,2.005221
pbe_d3,sevennet_omni,Au110,heptane,-0.628367,-0.384537,0.243830
pbe_d3,sevennet_omni,Au110,hexanal,-0.490454,-0.475670,0.014785
pbe_d3,sevennet_omni,Au110,hexane,-0.758984,-0.423309,0.335675
pbe_d3,sevennet_omni,Au110,isobutane,-0.203824,-0.323082,-0.119258
pbe_d3,sevennet_omni,Au110,isobutene,-0.705446,-0.486359,0.219088
pbe_d3,sevennet_omni,Au110,isoeugenol,-0.377767,-0.193817,0.183949
pbe_d3,sevennet_omni,Au110,isopentane,-0.426430,-0.367584,0.058846
pbe_d3,sevennet_omni,Au110,isoprene,-0.819401,-1.012054,-0.192653
pbe_d3,sevennet_omni,Au110,isopropanol,-0.369597,-0.462608,-0.093011
pbe_d3,sevennet_omni,Au110,levulinic_acid,-0.364193,-0.506721,-0.142529
pbe_d3,sevennet_omni,Au110,methane,0.147586,-0.438448,-0.586034
pbe_d3,sevennet_omni,Au110,methanol,-0.172510,-0.380489,-0.207980
pbe_d3,sevennet_omni,Au110,methylcyclopentenolone,-1.900290,-0.279282,1.621008
pbe_d3,sevennet_omni,Au110,methylethylketone,-0.158563,-0.507629,-0.349067
pbe_d3,sevennet_omni,Au110,muconic_acid,-0.790426,-0.741524,0.048902
pbe_d3,sevennet_omni,Au110,octane,-0.735086,-0.540390,0.194696
pbe_d3,sevennet_omni,Au110,oxalic_acid,-0.252831,-0.579308,-0.326477
pbe_d3,sevennet_omni,Au110,pentane,-0.321977,-0.319641,0.002336
pbe_d3,sevennet_omni,Au110,pentanol,-0.714558,-0.503326,0.211232
pbe_d3,sevennet_omni,Au110,phenol,-0.226821,-0.298683,-0.071863
pbe_d3,sevennet_omni,Au110,propanal,-0.251813,-0.330853,-0.079040
pbe_d3,sevennet_omni,Au110,propane,-0.158481,-0.295097,-0.136617
pbe_d3,sevennet_omni,Au110,propanol,-0.372184,-0.436962,-0.064778
pbe_d3,sevennet_omni,Au110,propene,-0.371362,-0.540016,-0.168654
pbe_d3,sevennet_omni,Au110,propyl_syringol,-0.687310,-0.319626,0.367684
pbe_d3,sevennet_omni,Au110,pyrrole,-0.182646,-0.638145,-0.455499
pbe_d3,sevennet_omni,Au110,pyruvic_acid,-2.814177,-0.542030,2.272147
pbe_d3,sevennet_omni,Au110,syringaldehyde,0.021470,-0.303543,-0.325013
pbe_d3,sevennet_omni,Au110,syringol,-0.124112,-0.242584,-0.118472
pbe_d3,sevennet_omni,Au110,tartaric_acid,-0.529525,-0.610374,-0.080850
pbe_d3,sevennet_omni,Au110,thiophene,-1.026200,-0.496700,0.529500
pbe_d3,sevennet_omni,Au110,toluene,-0.271207,-0.239044,0.032163
pbe_d3,sevennet_omni,Au110,valeraldehyde,-0.416937,-0.453850,-0.036913
pbe_d3,sevennet_omni,Au110,vanillin,-0.578994,-0.497459,0.081535
pbe_d3,sevennet_omni,Au110,xylene,-0.347183,-0.161613,0.185570
pbe_d3,sevennet_omni,Au110,xylitol,-0.783074,-0.451004,0.332070
pbe_d3,sevennet_omni,Au111,citric_acid,-8.097785,-0.912666,7.185118
pbe_d3,sevennet_omni,Au111,ethene,-0.099057,-0.192854,-0.093797
pbe_d3,sevennet_omni,Au111,glycerol,-0.071518,-0.587471,-0.515953
pbe_d3,sevennet_omni,Au111,isopropanol,0.018965,-0.328651,-0.347616
pbe_d3,sevennet_omni,Au111,propane,0.158504,-0.243813,-0.402317
pbe_d3,sevennet_omni,Au111,propene,0.299802,-0.204445,-0.504247
pbe_d3,sevennet_omni,Co0001,1-butanol,6.648566,-0.432243,-7.080809
pbe_d3,sevennet_omni,Co0001,1-butene,5.439297,-0.430130,-5.869427
pbe_d3,sevennet_omni,Co0001,1-pentene,-1.175094,-0.546318,0.628776
pbe_d3,sevennet_omni,Co0001,2-butanol,1.614650,-0.494118,-2.108767
pbe_d3,sevennet_omni,Co0001,2-ethylphenol,7.461222,-0.225929,-7.687151
pbe_d3,sevennet_omni,Co0001,2-pentanone,6.900369,-0.421204,-7.321573
pbe_d3,sevennet_omni,Co0001,4-methylguaiacol,-0.771716,-0.081718,0.689998
pbe_d3,sevennet_omni,Co0001,D-fructofuranose,4.067458,-0.223389,-4.290847
pbe_d3,sevennet_omni,Co0001,D-xylopyranose,-0.760883,-0.232758,0.528126
pbe_d3,sevennet_omni,Co0001,H2O,-0.208827,-0.014832,0.193995
pbe_d3,sevennet_omni,Co0001,H2S,-3.355643,-3.461812,-0.106169
pbe_d3,sevennet_omni,Co0001,N2,0.881479,-0.846300,-1.727779
pbe_d3,sevennet_omni,Co0001,NO,-0.345648,0.001505,0.347153
pbe_d3,sevennet_omni,Co0001,acetophenone,-5.239791,-0.240486,4.999305
pbe_d3,sevennet_omni,Co0001,alpha-D-glucopyranose,4.110153,-0.503143,-4.613297
pbe_d3,sevennet_omni,Co0001,angelica_lactone,6.378634,-0.165527,-6.544161
pbe_d3,sevennet_omni,Co0001,benzene,-1.336225,-1.079849,0.256376
pbe_d3,sevennet_omni,Co0001,butane,-0.586774,-0.640373,-0.053599
pbe_d3,sevennet_omni,Co0001,cyclopentanone,2.737019,-0.282722,-3.019741
pbe_d3,sevennet_omni,Co0001,diethyl_ether,7.473354,-0.324493,-7.797847
pbe_d3,sevennet_omni,Co0001,ethane,-0.392227,-0.469952,-0.077725
pbe_d3,sevennet_omni,Co0001,ethanol,-0.478685,-0.227852,0.250833
pbe_d3,sevennet_omni,Co0001,ethylene_glycol,5.347502,-0.285664,-5.633166
pbe_d3,sevennet_omni,Co0001,eugenol,-1.292189,-0.231232,1.060958
pbe_d3,sevennet_omni,Co0001,formaldehyde,7.790716,-0.066406,-7.857123
pbe_d3,sevennet_omni,Co0001,guaiacol,-2.721700,-0.353706,2.367994
pbe_d3,sevennet_omni,Co0001,heptane,-0.998670,-0.828812,0.169858
pbe_d3,sevennet_omni,Co0001,hexanal,-0.925855,-0.591698,0.334158
pbe_d3,sevennet_omni,Co0001,hexane,-0.969571,-0.841003,0.128567
pbe_d3,sevennet_omni,Co0001,isobutene,6.501160,-0.297241,-6.798401
pbe_d3,sevennet_omni,Co0001,levulinic_acid,-0.678727,-0.382858,0.295868
pbe_d3,sevennet_omni,Co0001,methanol,-0.402399,-0.182339,0.220061
pbe_d3,sevennet_omni,Co0001,muconic_acid,1.377821,-0.562408,-1.940230
pbe_d3,sevennet_omni,Co0001,propane,-0.515482,-0.534405,-0.018922
pbe_d3,sevennet_omni,Co0001,propyl_syringol,-1.073602,-0.213333,0.860269
pbe_d3,sevennet_omni,Co0001,pyrrole,5.597897,-0.648857,-6.246755
pbe_d3,sevennet_omni,Co0001,pyruvic_acid,-2.913979,-0.257690,2.656288
pbe_d3,sevennet_omni,Co0001,sorbitol,-4.817584,-0.705170,4.112414
pbe_d3,sevennet_omni,Co0001,styrene,-2.728219,-2.273041,0.455178
pbe_d3,sevennet_omni,Co0001,toluene,-0.852608,-0.379547,0.473061
pbe_d3,sevennet_omni,Co0001,xylene,-1.328663,-0.336403,0.992260
pbe_d3,sevennet_omni,Co0001,xylitol,-0.749383,-0.569534,0.179849
pbe_d3,sevennet_omni,Cu100,1-butene,-0.710048,-0.298035,0.412014
pbe_d3,sevennet_omni,Cu100,1-pentene,-0.603695,-0.470146,0.133549
pbe_d3,sevennet_omni,Cu100,2-pentanone,-0.768514,-0.702148,0.066366
pbe_d3,sevennet_omni,Cu100,3-MTHF,-0.886373,-0.185379,0.700994
pbe_d3,sevennet_omni,Cu100,5-heptanone,-0.756730,-0.698746,0.057984
pbe_d3,sevennet_omni,Cu100,CO,-0.912229,-1.192329,-0.280100
pbe_d3,sevennet_omni,Cu100,H2O,-0.395095,-0.565048,-0.169954
pbe_d3,sevennet_omni,Cu100,acetaldehyde,-0.400660,-0.602451,-0.201791
pbe_d3,sevennet_omni,Cu100,acetic_acid,-7.252756,-0.745911,6.506845
pbe_d3,sevennet_omni,Cu100,benzene,-0.928175,-0.477432,0.450743
pbe_d3,sevennet_omni,Cu100,butadiene,-1.181459,-1.009296,0.172162
pbe_d3,sevennet_omni,Cu100,butyric_acid,-0.663670,-0.694817,-0.031146
pbe_d3,sevennet_omni,Cu100,caproic_acid,-0.910478,-0.761879,0.148600
pbe_d3,sevennet_omni,Cu100,cyclopentanone,-0.658257,-0.520203,0.138055
pbe_d3,sevennet_omni,Cu100,ethane,-0.278812,-0.314800,-0.035988
pbe_d3,sevennet_omni,Cu100,ethanol,-0.603753,-0.503120,0.100632
pbe_d3,sevennet_omni,Cu100,ethene,-0.404520,-0.231243,0.173277
pbe_d3,sevennet_omni,Cu100,ethylene,-0.393936,-0.466640,-0.072704
pbe_d3,sevennet_omni,Cu100,formic_acid,-0.505619,-0.528181,-0.022562
pbe_d3,sevennet_omni,Cu100,furfural,-0.868313,-1.110924,-0.242611
pbe_d3,sevennet_omni,Cu100,glycerol,-1.019486,-0.844528,0.174957
pbe_d3,sevennet_omni,Cu100,isobutene,-0.773000,-0.234772,0.538228
pbe_d3,sevennet_omni,Cu100,isoprene,-0.983324,-0.795135,0.188189
pbe_d3,sevennet_omni,Cu100,isopropanol,-0.678608,-0.553711,0.124897
pbe_d3,sevennet_omni,Cu100,methanol,-0.479442,-0.473202,0.006240
pbe_d3,sevennet_omni,Cu100,propane,-0.371801,-0.324413,0.047387
pbe_d3,sevennet_omni,Cu100,propanol,-0.689730,-0.574657,0.115072
pbe_d3,sevennet_omni,Cu100,propene,-0.388237,-0.226753,0.161484
pbe_d3,sevennet_omni,Cu100,pyruvic_acid,-3.144023,-0.830902,2.313121
pbe_d3,sevennet_omni,Cu100,toluene,-0.820465,-0.265366,0.555099
pbe_d3,sevennet_omni,Cu110,ethene,-0.718271,-0.805502,-0.087231
pbe_d3,sevennet_omni,Cu110,isopropanol,-0.874534,-0.724026,0.150509
pbe_d3,sevennet_omni,Cu110,propane,-0.437194,-0.420559,0.016635
pbe_d3,sevennet_omni,Cu110,propanol,-0.837272,-0.686764,0.150508
pbe_d3,sevennet_omni,Cu110,propene,-1.008091,-0.635105,0.372986
pbe_d3,sevennet_omni,Cu111,1-butene,-0.423332,-0.285873,0.137459
pbe_d3,sevennet_omni,Cu111,1-pentene,-0.646915,-0.329315,0.317600
pbe_d3,sevennet_omni,Cu111,2-pentanone,-0.654559,-0.519897,0.134662
pbe_d3,sevennet_omni,Cu111,3-MTHF,-0.746888,-0.175468,0.571420
pbe_d3,sevennet_omni,Cu111,5-heptanone,-0.802466,-0.492340,0.310126
pbe_d3,sevennet_omni,Cu111,CO,-1.027625,-1.240349,-0.212724
pbe_d3,sevennet_omni,Cu111,H2O,-0.179189,-0.475266,-0.296076
pbe_d3,sevennet_omni,Cu111,acetaldehyde,-0.351275,-0.449894,-0.098619
pbe_d3,sevennet_omni,Cu111,acetic_acid,-7.163568,-0.590637,6.572931
pbe_d3,sevennet_omni,Cu111,benzene,-0.450197,-0.205856,0.244341
pbe_d3,sevennet_omni,Cu111,butadiene,-0.609998,-0.331287,0.278710
pbe_d3,sevennet_omni,Cu111,butyric_acid,-0.589791,-0.529121,0.060670
pbe_d3,sevennet_omni,Cu111,caproic_acid,-0.944605,-0.627205,0.317400
pbe_d3,sevennet_omni,Cu111,cyclopentanone,-0.596230,-0.333862,0.262368
pbe_d3,sevennet_omni,Cu111,ethane,-0.235710,-0.287235,-0.051525
pbe_d3,sevennet_omni,Cu111,ethanol,-0.361172,-0.380516,-0.019344
pbe_d3,sevennet_omni,Cu111,ethene,-0.238362,-0.185497,0.052864
pbe_d3,sevennet_omni,Cu111,ethylene,-0.214564,-0.185345,0.029220
pbe_d3,sevennet_omni,Cu111,formic_acid,-0.313176,-0.384293,-0.071117
pbe_d3,sevennet_omni,Cu111,furfural,-0.586887,-0.649467,-0.062580
pbe_d3,sevennet_omni,Cu111,glycerol,-0.908503,-0.626617,0.281886
pbe_d3,sevennet_omni,Cu111,isobutene,-0.414236,-0.207481,0.206754
pbe_d3,sevennet_omni,Cu111,isoprene,-0.645514,-0.253143,0.392371
pbe_d3,sevennet_omni,Cu111,isopropanol,-0.518544,-0.429443,0.089101
pbe_d3,sevennet_omni,Cu111,methanol,-0.364171,-0.358334,0.005837
pbe_d3,sevennet_omni,Cu111,propane,-0.337663,-0.307564,0.030100
pbe_d3,sevennet_omni,Cu111,propanol,-0.584975,-0.438148,0.146826
pbe_d3,sevennet_omni,Cu111,propene,-0.297550,-0.206791,0.090759
pbe_d3,sevennet_omni,Cu111,pyruvic_acid,-2.839341,-0.561226,2.278115
pbe_d3,sevennet_omni,Cu111,toluene,-0.601749,-0.240524,0.361224
pbe_d3,sevennet_omni,Fe111,1-butene,4.299879,-1.081741,-5.381620
pbe_d3,sevennet_omni,Fe111,5-heptanone,6.372836,-0.547455,-6.920291
pbe_d3,sevennet_omni,Fe111,CO,2.461415,-0.006935,-2.468350
pbe_d3,sevennet_omni,Fe111,DME,2.713577,-0.084953,-2.798531
pbe_d3,sevennet_omni,Fe111,methanol,-2.349296,-0.131985,2.217311
pbe_d3,sevennet_omni,Fe111,pyruvic_acid,-2.709109,-0.268532,2.440578
pbe_d3,sevennet_omni,Ni100,ethane,-0.331652,-0.473244,-0.141592
pbe_d3,sevennet_omni,Ni100,ethanol,-0.384586,-0.215370,0.169215
pbe_d3,sevennet_omni,Ni100,ethene,-1.168531,-1.441219,-0.272689
pbe_d3,sevennet_omni,Ni100,glycerol,-0.672900,-0.550713,0.122188
pbe_d3,sevennet_omni,Ni100,isopropanol,-0.536248,-0.334591,0.201657
pbe_d3,sevennet_omni,Ni100,propane,-0.486388,-0.529896,-0.043507
pbe_d3,sevennet_omni,Ni100,propanol,-0.560269,-0.335060,0.225209
pbe_d3,sevennet_omni,Ni100,propene,-1.210818,-1.236794,-0.025975
pbe_d3,sevennet_omni,Ni110,ethane,-0.434390,-0.511578,-0.077187
pbe_d3,sevennet_omni,Ni110,ethanol,-0.415209,-0.205074,0.210134
pbe_d3,sevennet_omni,Ni110,ethene,-1.375121,-1.561535,-0.186414
pbe_d3,sevennet_omni,Ni110,glycerol,-0.745397,-0.398705,0.346693
pbe_d3,sevennet_omni,Ni110,isopropanol,-0.553145,-0.314785,0.238360
pbe_d3,sevennet_omni,Ni110,propane,-0.663899,-0.711155,-0.047256
pbe_d3,sevennet_omni,Ni110,propanol,-0.620567,-0.344582,0.275985
pbe_d3,sevennet_omni,Ni110,propene,-1.497670,-1.461250,0.036419
pbe_d3,sevennet_omni,Ni111,ethane,-0.295745,-0.441170,-0.145424
pbe_d3,sevennet_omni,Ni111,ethanol,-0.327669,-0.204494,0.123174
pbe_d3,sevennet_omni,Ni111,ethene,-1.243236,-1.246208,-0.002973
pbe_d3,sevennet_omni,Ni111,glycerol,-0.616506,-0.476982,0.139524
pbe_d3,sevennet_omni,Ni111,isopropanol,-0.458564,-0.288464,0.170101
pbe_d3,sevennet_omni,Ni111,propane,-0.473621,-0.508961,-0.035339
pbe_d3,sevennet_omni,Ni111,propanol,-0.500490,-0.329842,0.170648
pbe_d3,sevennet_omni,Ni111,propene,-1.016858,-1.171528,-0.154670
pbe_d3,sevennet_omni,Pd100,ethane,0.009317,-0.513893,-0.523210
pbe_d3,sevennet_omni,Pd100,ethanol,-0.269482,-0.706497,-0.437015
pbe_d3,sevennet_omni,Pd100,ethene,-1.014044,-1.439617,-0.425573
pbe_d3,sevennet_omni,Pd100,glycerol,-0.549666,-0.945259,-0.395593
pbe_d3,sevennet_omni,Pd100,isopropanol,-0.274793,-0.819695,-0.544902
pbe_d3,sevennet_omni,Pd100,propane,-0.110862,-0.618076,-0.507214
pbe_d3,sevennet_omni,Pd100,propanol,-0.265708,-0.796852,-0.531144
pbe_d3,sevennet_omni,Pd100,propene,-1.172533,-1.461826,-0.289293
pbe_d3,sevennet_omni,Pd110,ethane,-0.299371,-0.566826,-0.267455
pbe_d3,sevennet_omni,Pd110,ethanol,-0.251637,-0.819378,-0.567741
pbe_d3,sevennet_omni,Pd110,ethene,-1.510368,-1.601023,-0.090655
pbe_d3,sevennet_omni,Pd110,glycerol,-1.036354,-1.266991,-0.230637
pbe_d3,sevennet_omni,Pd110,isopropanol,-0.488992,-0.928234,-0.439243
pbe_d3,sevennet_omni,Pd110,propane,-0.410570,-0.604557,-0.193987
pbe_d3,sevennet_omni,Pd110,propanol,-0.526076,-0.894321,-0.368246
pbe_d3,sevennet_omni,Pd110,propene,-1.515632,-1.537083,-0.021451
pbe_d3,sevennet_omni,Pd111,ethane,0.296577,-0.455055,-0.751632
pbe_d3,sevennet_omni,Pd111,ethanol,0.016718,-0.673756,-0.690474
pbe_d3,sevennet_omni,Pd111,ethene,-0.910449,-1.265545,-0.355096
pbe_d3,sevennet_omni,Pd111,glycerol,-0.285881,-1.008171,-0.722290
pbe_d3,sevennet_omni,Pd111,isopropanol,-0.081211,-0.766689,-0.685478
pbe_d3,sevennet_omni,Pd111,propane,0.043155,-0.472294,-0.515448
pbe_d3,sevennet_omni,Pd111,propanol,-0.185175,-0.712898,-0.527723
pbe_d3,sevennet_omni,Pd111,propene,-0.721973,-1.175846,-0.453873
pbe_d3,sevennet_omni,Pt100,ethane,0.175973,-0.483349,-0.659321
pbe_d3,sevennet_omni,Pt100,ethanol,-0.006611,-0.709301,-0.702690
pbe_d3,sevennet_omni,Pt100,glycerol,-0.387397,-1.045982,-0.658585
pbe_d3,sevennet_omni,Pt100,isopropanol,-0.086262,-0.789364,-0.703102
pbe_d3,sevennet_omni,Pt100,propane,0.068781,-0.544270,-0.613051
pbe_d3,sevennet_omni,Pt100,propanol,-0.177131,-0.805489,-0.628358
pbe_d3,sevennet_omni,Pt100,propene,-1.388925,-1.820869,-0.431944
pbe_d3,sevennet_omni,Pt110,ethane,-0.182197,-0.558723,-0.376527
pbe_d3,sevennet_omni,Pt110,ethanol,-0.054662,-0.900631,-0.845969
pbe_d3,sevennet_omni,Pt110,ethene,-1.633567,-2.087566,-0.454000
pbe_d3,sevennet_omni,Pt110,glycerol,-0.962507,-0.965134,-0.002626
pbe_d3,sevennet_omni,Pt110,isopropanol,-0.325101,-0.976223,-0.651122
pbe_d3,sevennet_omni,Pt110,propane,-0.119266,-0.648808,-0.529542
pbe_d3,sevennet_omni,Pt110,propanol,-0.119741,-0.936745,-0.817004
pbe_d3,sevennet_omni,Pt110,propene,-1.268611,-1.705235,-0.436624
pbe_d3,sevennet_omni,Pt111,ethane,0.444498,-0.433994,-0.878492
pbe_d3,sevennet_omni,Pt111,ethanol,0.146383,-0.598709,-0.745093
pbe_d3,sevennet_omni,Pt111,ethene,-1.041394,-1.323864,-0.282470
pbe_d3,sevennet_omni,Pt111,glycerol,-0.364378,-0.816826,-0.452447
pbe_d3,sevennet_omni,Pt111,isopropanol,0.100680,-0.709160,-0.809840
pbe_d3,sevennet_omni,Pt111,propane,0.236041,-0.462776,-0.698818
pbe_d3,sevennet_omni,Pt111,propanol,-0.114665,-0.727577,-0.612912
pbe_d3,sevennet_omni,Pt111,propene,-1.419234,-1.681343,-0.262109
beef_vdw,sevennet_omni,Ag100,CO2,-0.151821,-0.362564,-0.210743
beef_vdw,sevennet_omni,Ag100,ethane,-0.186172,-0.294643,-0.108471
beef_vdw,sevennet_omni,Ag100,ethanol,-0.353607,-0.436077,-0.082470
beef_vdw,sevennet_omni,Ag100,ethene,-0.181867,-0.206692,-0.024825
beef_vdw,sevennet_omni,Ag100,glycerol,-0.579611,-0.682686,-0.103075
beef_vdw,sevennet_omni,Ag110,ethanol,-0.372079,-0.545704,-0.173625
beef_vdw,sevennet_omni,Ag110,ethene,-0.156003,-0.407467,-0.251464
beef_vdw,sevennet_omni,Ag110,isopropanol,-0.463207,-0.585964,-0.122757
beef_vdw,sevennet_omni,Ag110,propanol,-0.434177,-0.544685,-0.110508
beef_vdw,sevennet_omni,Ag111,CO2,-0.153010,-0.356842,-0.203832
beef_vdw,sevennet_omni,Ag111,ethane,-0.200327,-0.274319,-0.073992
beef_vdw,sevennet_omni,Ag111,ethanol,-0.309854,-0.375816,-0.065962
beef_vdw,sevennet_omni,Ag111,ethene,-0.223215,-0.167400,0.055815
beef_vdw,sevennet_omni,Ag111,propanol,-0.438748,-0.389130,0.049618
beef_vdw,sevennet_omni,Au100,"1,6-anhydroglucofuranose",-0.183429,-0.300751,-0.117322
beef_vdw,sevennet_omni,Au100,1-butanol,-0.373415,-0.345390,0.028025
beef_vdw,sevennet_omni,Au100,1-butene,-0.088302,-0.301605,-0.213303
beef_vdw,sevennet_omni,Au100,1-pentene,-0.044077,-0.336594,-0.292516
beef_vdw,sevennet_omni,Au100,2-butanol,-0.237719,-0.365974,-0.128255
beef_vdw,sevennet_omni,Au100,2-butene,0.098415,-0.129013,-0.227428
beef_vdw,sevennet_omni,Au100,2-ethylphenol,-0.328279,-0.282845,0.045435
beef_vdw,sevennet_omni,Au100,2-furanone,-0.054497,-0.280094,-0.225597
beef_vdw,sevennet_omni,Au100,2-heptanone,-0.087384,-0.414696,-0.327312
beef_vdw,sevennet_omni,Au100,2-hexanone,-0.091387,-0.353279,-0.261892
beef_vdw,sevennet_omni,Au100,2-pentanone,-0.147000,-0.312531,-0.165531
beef_vdw,sevennet_omni,Au100,3-MTHF,-0.106779,-0.134224,-0.027445
beef_vdw,sevennet_omni,Au100,3-hydroxypropionic_acid,-0.002292,-0.483810,-0.481518
beef_vdw,sevennet_omni,Au100,4-methylguaiacol,-0.031986,-0.175934,-0.143948
beef_vdw,sevennet_omni,Au100,5-HMF,-0.189816,-0.320923,-0.131106
beef_vdw,sevennet_omni,Au100,5-heptanone,-0.083476,-0.350327,-0.266850
beef_vdw,sevennet_omni,Au100,5-methylfurfural,0.001532,-0.333313,-0.334845
beef_vdw,sevennet_omni,Au100,CH4,-0.084771,-0.391161,-0.306390
beef_vdw,sevennet_omni,Au100,CO,-0.293788,-0.887810,-0.594022
beef_vdw,sevennet_omni,Au100,CO2,-0.135294,-0.390873,-0.255579
beef_vdw,sevennet_omni,Au100,D-fructofuranose,-0.091463,-0.440338,-0.348875
beef_vdw,sevennet_omni,Au100,D-xylopyranose,-0.311029,-0.544807,-0.233779
beef_vdw,sevennet_omni,Au100,DME,0.072340,-0.183937,-0.256277
beef_vdw,sevennet_omni,Au100,DMSO,-0.301278,-0.375305,-0.074027
beef_vdw,sevennet_omni,Au100,H2,0.040413,-0.264759,-0.305172
beef_vdw,sevennet_omni,Au100,H2O,-0.079452,-0.527771,-0.448319
beef_vdw,sevennet_omni,Au100,H2S,-0.159455,-0.456441,-0.296986
beef_vdw,sevennet_omni,Au100,N2,-0.039870,-0.086519,-0.046649
beef_vdw,sevennet_omni,Au100,NH3,-0.426529,-0.677292,-0.250763
beef_vdw,sevennet_omni,Au100,NO,-7.236903,-0.808355,6.428547
beef_vdw,sevennet_omni,Au100,SO2,-0.232807,-0.374453,-0.141646
beef_vdw,sevennet_omni,Au100,THF,-0.220191,-0.109253,0.110938
beef_vdw,sevennet_omni,Au100,acetal,0.246647,-0.254868,-0.501514
beef_vdw,sevennet_omni,Au100,acetaldehyde,0.012207,-0.319691,-0.331898
beef_vdw,sevennet_omni,Au100,acetic_acid,-0.303263,-0.426620,-0.123358
beef_vdw,sevennet_omni,Au100,acetone,0.012309,-0.387508,-0.399817
beef_vdw,sevennet_omni,Au100,alpha-D-glucopyranose,-1.348017,-0.455109,0.892908
beef_vdw,sevennet_omni,Au100,angelica_lactone,-0.137412,-0.135010,0.002402
beef_vdw,sevennet_omni,Au100,aniline,-0.237954,-0.228073,0.009880
beef_vdw,sevennet_omni,Au100,benzaldehyde,-0.214997,-0.202805,0.012192
beef_vdw,sevennet_omni,Au100,benzene,-0.206361,-0.159607,0.046754
beef_vdw,sevennet_omni,Au100,butadiene,0.063227,-0.691597,-0.754824
beef_vdw,sevennet_omni,Au100,butanal,-0.195484,-0.333740,-0.138256
beef_vdw,sevennet_omni,Au100,butane,-0.207581,-0.263756,-0.056175
beef_vdw,sevennet_omni,Au100,butyric_acid,0.058972,-0.373459,-0.432431
beef_vdw,sevennet_omni,Au100,caproic_acid,-0.349143,-0.426018,-0.076875
beef_vdw,sevennet_omni,Au100,cyclobutanone,0.044145,-0.122505,-0.166650
beef_vdw,sevennet_omni,Au100,cyclopentanone,0.004632,-0.199265,-0.203896
beef_vdw,sevennet_omni,Au100,diethyl_ether,-0.109346,-0.294800,-0.185454
beef_vdw,sevennet_omni,Au100,dimethyl_succinate,0.114333,-0.231529,-0.345862
beef_vdw,sevennet_omni,Au100,ethane,0.127522,-0.245846,-0.373367
beef_vdw,sevennet_omni,Au100,ethanol,-0.094563,-0.313667,-0.219105
beef_vdw,sevennet_omni,Au100,ethene,0.255005,-0.215923,-0.470928
beef_vdw,sevennet_omni,Au100,ethyl_acetate,-0.201239,-0.211197,-0.009958
beef_vdw,sevennet_omni,Au100,ethylene,-0.109592,-0.218304,-0.108712
beef_vdw,sevennet_omni,Au100,ethylene_glycol,-0.186019,-0.395004,-0.208985
beef_vdw,sevennet_omni,Au100,eugenol,-0.003878,-0.236343,-0.232465
beef_vdw,sevennet_omni,Au100,formaldehyde,-0.010563,-0.247055,-0.236492
beef_vdw,sevennet_omni,Au100,formate,-2.400172,-1.712540,0.687633
beef_vdw,sevennet_omni,Au100,formic_acid,-0.226644,-0.411650,-0.185006
beef_vdw,sevennet_omni,Au100,furan,-0.419770,-0.402798,0.016973
beef_vdw,sevennet_omni,Au100,furfuryl_alcohol,-0.051102,-0.419678,-0.368576
beef_vdw,sevennet_omni,Au100,gamma_butyrolactone,0.052129,-0.177689,-0.229817
beef_vdw,sevennet_omni,Au100,gamma_valerolactone,-0.011006,-0.234123,-0.223117
beef_vdw,sevennet_omni,Au100,glutaric_acid,-0.241012,-0.416435,-0.175423
beef_vdw,sevennet_omni,Au100,glycerol,-0.118459,-0.604034,-0.485576
beef_vdw,sevennet_omni,Au100,glycolic_acid,0.043209,-0.334686,-0.377895
beef_vdw,sevennet_omni,Au100,glyoxal,-2.527133,-0.378723,2.148410
beef_vdw,sevennet_omni,Au100,guaiacol,-0.906617,-0.417511,0.489106
beef_vdw,sevennet_omni,Au100,heptane,-0.439269,-0.344467,0.094802
beef_vdw,sevennet_omni,Au100,hexanal,-0.167202,-0.340233,-0.173031
beef_vdw,sevennet_omni,Au100,hexane,-0.443623,-0.367523,0.076099
beef_vdw,sevennet_omni,Au100,hydroquinone,-0.227568,-0.269402,-0.041833
beef_vdw,sevennet_omni,Au100,hydroxyacetaldehyde,-0.874637,-0.270561,0.604076
beef_vdw,sevennet_omni,Au100,isobutane,-0.150237,-0.276405,-0.126168
beef_vdw,sevennet_omni,Au100,isobutene,-0.037317,-0.221626,-0.184310
beef_vdw,sevennet_omni,Au100,isoeugenol,-0.075300,-0.176300,-0.101000
beef_vdw,sevennet_omni,Au100,isopentane,-0.237480,-0.303185,-0.065704
beef_vdw,sevennet_omni,Au100,isoprene,-0.141350,-0.645691,-0.504341
beef_vdw,sevennet_omni,Au100,isopropanol,-0.110572,-0.352398,-0.241826
beef_vdw,sevennet_omni,Au100,lactic_acid,-0.021048,-0.354317,-0.333269
beef_vdw,sevennet_omni,Au100,levoglucosan,-2.224676,-0.307999,1.916678
beef_vdw,sevennet_omni,Au100,malonic_acid,-0.308675,-0.687714,-0.379038
beef_vdw,sevennet_omni,Au100,methane,-0.100392,-0.389147,-0.288755
beef_vdw,sevennet_omni,Au100,methanol,-0.063622,-0.287350,-0.223727
beef_vdw,sevennet_omni,Au100,methyl_formate,-3.920505,-0.165565,3.754939
beef_vdw,sevennet_omni,Au100,methylethylketone,0.008951,-0.382477,-0.391428
beef_vdw,sevennet_omni,Au100,methylmethacrylate,-1.135018,-0.207512,0.927506
beef_vdw,sevennet_omni,Au100,muconic_acid,-0.655059,-0.501961,0.153098
beef_vdw,sevennet_omni,Au100,naphthalene,-0.270197,-0.134735,0.135462
beef_vdw,sevennet_omni,Au100,octane,-0.443517,-0.459854,-0.016337
beef_vdw,sevennet_omni,Au100,pentane,-0.187784,-0.262817,-0.075034
beef_vdw,sevennet_omni,Au100,pentanol,-0.153890,-0.453247,-0.299357
beef_vdw,sevennet_omni,Au100,phenol,-0.182970,-0.289101,-0.106131
beef_vdw,sevennet_omni,Au100,propanal,-0.013304,-0.257729,-0.244425
beef_vdw,sevennet_omni,Au100,propane,-0.117496,-0.249371,-0.131875
beef_vdw,sevennet_omni,Au100,propanol,-0.223918,-0.358665,-0.134747
beef_vdw,sevennet_omni,Au100,propene,0.122118,-0.223061,-0.345179
beef_vdw,sevennet_omni,Au100,propionic_acid,-0.026882,-0.357117,-0.330235
beef_vdw,sevennet_omni,Au100,propyl_syringol,-0.149141,-0.314285,-0.165145
beef_vdw,sevennet_omni,Au100,pyrrole,-0.177175,-0.471169,-0.293993
beef_vdw,sevennet_omni,Au100,pyruvic_acid,-1.554484,-0.443317,1.111167
beef_vdw,sevennet_omni,Au100,sorbitol,-7.644366,-0.852661,6.791705
beef_vdw,sevennet_omni,Au100,styrene,-0.183450,-0.272530,-0.089080
beef_vdw,sevennet_omni,Au100,succinic_acid,-6.932727,-0.453186,6.479541
beef_vdw,sevennet_omni,Au100,syringol,0.136361,-0.205513,-0.341874
beef_vdw,sevennet_omni,Au100,tartaric_acid,-0.487556,-0.562325,-0.074768
beef_vdw,sevennet_omni,Au100,thiophene,-0.519307,-0.285488,0.233819
beef_vdw,sevennet_omni,Au100,toluene,-0.156807,-0.160301,-0.003494
beef_vdw,sevennet_omni,Au100,valeraldehyde,-0.160556,-0.383987,-0.223432
beef_vdw,sevennet_omni,Au100,vanillin,-0.157104,-0.460197,-0.303093
beef_vdw,sevennet_omni,Au100,xylene,-0.126664,-0.145859,-0.019195
beef_vdw,sevennet_omni,Au110,"1,6-anhydroglucofuranose",-0.183773,-0.332466,-0.148693
beef_vdw,sevennet_omni,Au110,1-butanol,-0.353988,-0.439026,-0.085038
beef_vdw,sevennet_omni,Au110,1-butene,-0.072507,-0.598160,-0.525652
beef_vdw,sevennet_omni,Au110,1-pentene,-0.051569,-0.642220,-0.590651
beef_vdw,sevennet_omni,Au110,2-butanol,-0.092678,-0.447670,-0.354992
beef_vdw,sevennet_omni,Au110,2-butene,0.059921,-0.161880,-0.221801
beef_vdw,sevennet_omni,Au110,2-ethylphenol,-0.512605,-0.297661,0.214944
beef_vdw,sevennet_omni,Au110,2-furanone,0.012240,-0.359657,-0.371897
beef_vdw,sevennet_omni,Au110,2-heptanone,-0.162429,-0.514778,-0.352349
beef_vdw,sevennet_omni,Au110,2-hexanone,-0.085994,-0.457436,-0.371442
beef_vdw,sevennet_omni,Au110,2-pentanone,-0.183190,-0.394638,-0.211448
beef_vdw,sevennet_omni,Au110,3-MTHF,-0.046866,-0.169830,-0.122964
beef_vdw,sevennet_omni,Au110,3-hydroxypropionic_acid,0.093240,-0.573715,-0.666955
beef_vdw,sevennet_omni,Au110,4-methylguaiacol,0.006766,-0.201385,-0.208152
beef_vdw,sevennet_omni,Au110,5-HMF,0.138531,-0.473312,-0.611843
beef_vdw,sevennet_omni,Au110,5-heptanone,-0.242308,-0.427490,-0.185182
beef_vdw,sevennet_omni,Au110,5-methylfurfural,-0.062170,-0.407379,-0.345209
beef_vdw,sevennet_omni,Au110,CH4,0.138590,-0.438494,-0.577084
beef_vdw,sevennet_omni,Au110,CO,-0.426143,-1.063820,-0.637677
beef_vdw,sevennet_omni,Au110,CO2,-0.129259,-0.401875,-0.272615
beef_vdw,sevennet_omni,Au110,D-fructofuranose,0.016641,-0.464180,-0.480821
beef_vdw,sevennet_omni,Au110,D-xylopyranose,-0.326717,-0.569023,-0.242306
beef_vdw,sevennet_omni,Au110,DME,0.156844,-0.242882,-0.399726
beef_vdw,sevennet_omni,Au110,DMSO,-0.427128,-0.588058,-0.160930
beef_vdw,sevennet_omni,Au110,H2,0.201438,-0.279483,-0.480921
beef_vdw,sevennet_omni,Au110,H2O,-0.114925,-0.566757,-0.451832
beef_vdw,sevennet_omni,Au110,H2S,-0.186619,-0.588918,-0.402299
beef_vdw,sevennet_omni,Au110,N2,-0.007363,-0.085878,-0.078515
beef_vdw,sevennet_omni,Au110,NH3,-0.480552,-0.828293,-0.347741
beef_vdw,sevennet_omni,Au110,NO,-7.397327,-0.994772,6.402555
beef_vdw,sevennet_omni,Au110,SO2,-0.359801,-0.562426,-0.202625
beef_vdw,sevennet_omni,Au110,THF,-0.120904,-0.133087,-0.012183
beef_vdw,sevennet_omni,Au110,acetal,-0.105243,-0.306709,-0.201466
beef_vdw,sevennet_omni,Au110,acetaldehyde,-0.025659,-0.402714,-0.377054
beef_vdw,sevennet_omni,Au110,acetic_acid,-0.318190,-0.518524,-0.200334
beef_vdw,sevennet_omni,Au110,acetone,-0.058784,-0.505020,-0.446236
beef_vdw,sevennet_omni,Au110,alpha-D-glucopyranose,-1.597222,-0.508652,1.088570
beef_vdw,sevennet_omni,Au110,angelica_lactone,-0.191918,-0.153641,0.038278
beef_vdw,sevennet_omni,Au110,aniline,-0.346453,-0.325943,0.020510
beef_vdw,sevennet_omni,Au110,benzaldehyde,-0.200311,-0.299324,-0.099013
beef_vdw,sevennet_omni,Au110,benzene,-0.203442,-0.272827,-0.069385
beef_vdw,sevennet_omni,Au110,butadiene,-0.506970,-1.162586,-0.655616
beef_vdw,sevennet_omni,Au110,butanal,-0.213679,-0.385307,-0.171628
beef_vdw,sevennet_omni,Au110,butane,-0.215848,-0.308464,-0.092616
beef_vdw,sevennet_omni,Au110,butyric_acid,-0.029938,-0.444771,-0.414833
beef_vdw,sevennet_omni,Au110,caproic_acid,-0.292635,-0.501045,-0.208411
beef_vdw,sevennet_omni,Au110,cyclobutanone,-0.009234,-0.156765,-0.147531
beef_vdw,sevennet_omni,Au110,cyclopentanone,-0.156335,-0.279167,-0.122832
beef_vdw,sevennet_omni,Au110,diethyl_ether,-0.089489,-0.342804,-0.253315
beef_vdw,sevennet_omni,Au110,dimethyl_succinate,-0.004926,-0.302292,-0.297366
beef_vdw,sevennet_omni,Au110,ethane,0.036344,-0.282894,-0.319239
beef_vdw,sevennet_omni,Au110,ethanol,-0.072910,-0.415386,-0.342476
beef_vdw,sevennet_omni,Au110,ethene,-0.032620,-0.721645,-0.689025
beef_vdw,sevennet_omni,Au110,ethyl_acetate,-0.182590,-0.284210,-0.101620
beef_vdw,sevennet_omni,Au110,ethylene,-0.034622,-0.712597,-0.677974
beef_vdw,sevennet_omni,Au110,ethylene_glycol,-0.324149,-0.461689,-0.137540
beef_vdw,sevennet_omni,Au110,eugenol,-0.278140,-0.485550,-0.207409
beef_vdw,sevennet_omni,Au110,formaldehyde,-0.093976,-0.322174,-0.228198
beef_vdw,sevennet_omni,Au110,formate,-2.550560,-1.934708,0.615852
beef_vdw,sevennet_omni,Au110,formic_acid,0.014479,-0.463303,-0.477782
beef_vdw,sevennet_omni,Au110,furan,-0.314112,-0.563778,-0.249666
beef_vdw,sevennet_omni,Au110,furfuryl_alcohol,-0.010543,-0.517548,-0.507005
beef_vdw,sevennet_omni,Au110,gamma_butyrolactone,0.028416,-0.255508,-0.283925
beef_vdw,sevennet_omni,Au110,gamma_valerolactone,-0.179115,-0.327171,-0.148056
beef_vdw,sevennet_omni,Au110,glutaric_acid,-0.524907,-0.497246,0.027661
beef_vdw,sevennet_omni,Au110,glycerol,-0.169195,-0.611664,-0.442469
beef_vdw,sevennet_omni,Au110,glycolic_acid,-0.116535,-0.384251,-0.267716
beef_vdw,sevennet_omni,Au110,glyoxal,-2.474030,-0.500439,1.973591
beef_vdw,sevennet_omni,Au110,guaiacol,-0.908586,-0.436089,0.472498
beef_vdw,sevennet_omni,Au110,heptane,-0.293109,-0.384537,-0.091428
beef_vdw,sevennet_omni,Au110,hexanal,-0.247508,-0.475670,-0.228161
beef_vdw,sevennet_omni,Au110,hexane,-0.414743,-0.423309,-0.008566
beef_vdw,sevennet_omni,Au110,hydroquinone,-0.202776,-0.277092,-0.074316
beef_vdw,sevennet_omni,Au110,hydroxyacetaldehyde,-0.869872,-0.315926,0.553946
beef_vdw,sevennet_omni,Au110,isobutane,-0.101152,-0.323082,-0.221930
beef_vdw,sevennet_omni,Au110,isobutene,-0.479272,-0.486359,-0.007086
beef_vdw,sevennet_omni,Au110,isoeugenol,-0.067657,-0.193817,-0.126160
beef_vdw,sevennet_omni,Au110,isopentane,-0.202525,-0.367584,-0.165059
beef_vdw,sevennet_omni,Au110,isoprene,-0.413127,-1.012054,-0.598928
beef_vdw,sevennet_omni,Au110,isopropanol,-0.230830,-0.462608,-0.231778
beef_vdw,sevennet_omni,Au110,lactic_acid,-0.264270,-0.407829,-0.143559
beef_vdw,sevennet_omni,Au110,levoglucosan,-2.327193,-0.343025,1.984168
beef_vdw,sevennet_omni,Au110,malonic_acid,-0.509275,-0.612686,-0.103411
beef_vdw,sevennet_omni,Au110,methane,0.138595,-0.438448,-0.577043
beef_vdw,sevennet_omni,Au110,methanol,-0.139802,-0.380489,-0.240688
beef_vdw,sevennet_omni,Au110,methyl_formate,-3.877093,-0.188557,3.688536
beef_vdw,sevennet_omni,Au110,methylethylketone,0.044659,-0.507629,-0.552289
beef_vdw,sevennet_omni,Au110,methylmethacrylate,-1.296883,-0.555244,0.741638
beef_vdw,sevennet_omni,Au110,muconic_acid,-0.448247,-0.741524,-0.293277
beef_vdw,sevennet_omni,Au110,naphthalene,-0.250141,-0.341377,-0.091237
beef_vdw,sevennet_omni,Au110,octane,-0.291017,-0.540390,-0.249373
beef_vdw,sevennet_omni,Au110,pentane,-0.118595,-0.319641,-0.201046
beef_vdw,sevennet_omni,Au110,pentanol,-0.361286,-0.503326,-0.142040
beef_vdw,sevennet_omni,Au110,phenol,-0.176428,-0.298683,-0.122255
beef_vdw,sevennet_omni,Au110,propanal,-0.128938,-0.330853,-0.201914
beef_vdw,sevennet_omni,Au110,propane,-0.072496,-0.295097,-0.222601
beef_vdw,sevennet_omni,Au110,propanol,-0.194564,-0.436962,-0.242398
beef_vdw,sevennet_omni,Au110,propene,-0.201028,-0.540016,-0.338989
beef_vdw,sevennet_omni,Au110,propionic_acid,-0.327793,-0.460052,-0.132260
beef_vdw,sevennet_omni,Au110,propyl_syringol,-0.337107,-0.319626,0.017482
beef_vdw,sevennet_omni,Au110,pyrrole,-0.179405,-0.638145,-0.458741
beef_vdw,sevennet_omni,Au110,pyruvic_acid,-1.869948,-0.542030,1.327917
beef_vdw,sevennet_omni,Au110,sorbitol,-7.717101,-0.837906,6.879195
beef_vdw,sevennet_omni,Au110,succinic_acid,-7.025837,-0.545837,6.479999
beef_vdw,sevennet_omni,Au110,syringol,0.091175,-0.242584,-0.333759
beef_vdw,sevennet_omni,Au110,tartaric_acid,-0.280397,-0.610374,-0.329978
beef_vdw,sevennet_omni,Au110,thiophene,-0.471203,-0.496700,-0.025497
beef_vdw,sevennet_omni,Au110,toluene,-0.148049,-0.239044,-0.090995
beef_vdw,sevennet_omni,Au110,valeraldehyde,-0.204496,-0.453850,-0.249353
beef_vdw,sevennet_omni,Au110,vanillin,-0.396951,-0.497459,-0.100508
beef_vdw,sevennet_omni,Au110,xylene,-0.252392,-0.161613,0.090778
beef_vdw,sevennet_omni,Au111,"1,6-anhydroglucofuranose",-0.649621,-0.349159,0.300461
beef_vdw,sevennet_omni,Au111,1-butanol,-0.798293,-0.387947,0.410346
beef_vdw,sevennet_omni,Au111,1-butene,-0.508799,-0.292892,0.215906
beef_vdw,sevennet_omni,Au111,1-pentene,-0.651756,-0.344040,0.307717
beef_vdw,sevennet_omni,Au111,2-butene,-0.562721,-0.145752,0.416969
beef_vdw,sevennet_omni,Au111,2-ethylphenol,-0.690597,-0.357964,0.332634
beef_vdw,sevennet_omni,Au111,2-furanone,-0.702655,-0.317524,0.385131
beef_vdw,sevennet_omni,Au111,2-heptanone,-1.098689,-0.562866,0.535823
beef_vdw,sevennet_omni,Au111,2-hexanone,-0.886935,-0.442276,0.444659
beef_vdw,sevennet_omni,Au111,2-pentanone,-0.888651,-0.341217,0.547434
beef_vdw,sevennet_omni,Au111,3-MTHF,-0.640129,-0.149620,0.490509
beef_vdw,sevennet_omni,Au111,3-hydroxypropionic_acid,-0.952632,-0.469429,0.483203
beef_vdw,sevennet_omni,Au111,4-methylguaiacol,-0.673847,-0.250183,0.423664
beef_vdw,sevennet_omni,Au111,5-HMF,-1.306738,-0.594185,0.712553
beef_vdw,sevennet_omni,Au111,5-heptanone,-0.854019,-0.420364,0.433655
beef_vdw,sevennet_omni,Au111,5-methylfurfural,-0.925881,-0.394142,0.531739
beef_vdw,sevennet_omni,Au111,CH4,-0.486012,-0.365198,0.120814
beef_vdw,sevennet_omni,Au111,CO,-0.257631,-0.587914,-0.330282
beef_vdw,sevennet_omni,Au111,CO2,-0.157386,-0.397263,-0.239876
beef_vdw,sevennet_omni,Au111,D-fructofuranose,-0.816307,-0.477982,0.338326
beef_vdw,sevennet_omni,Au111,D-xylopyranose,-0.938941,-0.699493,0.239447
beef_vdw,sevennet_omni,Au111,DME,-0.438140,-0.160542,0.277598
beef_vdw,sevennet_omni,Au111,DMSO,-0.978393,-0.292488,0.685905
beef_vdw,sevennet_omni,Au111,H2,-0.341399,-0.242908,0.098491
beef_vdw,sevennet_omni,Au111,H2O,-0.449830,-0.513962,-0.064132
beef_vdw,sevennet_omni,Au111,H2S,-0.548898,-0.407720,0.141179
beef_vdw,sevennet_omni,Au111,N2,-0.417933,-0.085428,0.332504
beef_vdw,sevennet_omni,Au111,NH3,-0.495494,-0.536507,-0.041012
beef_vdw,sevennet_omni,Au111,NO,-7.661978,-0.684530,6.977448
beef_vdw,sevennet_omni,Au111,SO2,-0.645305,-0.260836,0.384470
beef_vdw,sevennet_omni,Au111,THF,-0.647469,-0.103416,0.544053
beef_vdw,sevennet_omni,Au111,acetal,-1.027396,-0.364037,0.663359
beef_vdw,sevennet_omni,Au111,acetaldehyde,-0.635973,-0.267429,0.368544
beef_vdw,sevennet_omni,Au111,acetic_acid,-0.686999,-0.364731,0.322268
beef_vdw,sevennet_omni,Au111,acetone,-0.665547,-0.327816,0.337731
beef_vdw,sevennet_omni,Au111,alpha-D-glucopyranose,-2.542184,-0.757416,1.784768
beef_vdw,sevennet_omni,Au111,angelica_lactone,-0.497424,-0.196205,0.301219
beef_vdw,sevennet_omni,Au111,aniline,-0.550334,-0.262482,0.287852
beef_vdw,sevennet_omni,Au111,benzaldehyde,-0.793686,-0.271294,0.522393
beef_vdw,sevennet_omni,Au111,benzene,-0.814199,-0.178711,0.635488
beef_vdw,sevennet_omni,Au111,butadiene,-0.693967,-0.309052,0.384915
beef_vdw,sevennet_omni,Au111,butanal,-0.680806,-0.321373,0.359433
beef_vdw,sevennet_omni,Au111,butane,-0.617499,-0.301132,0.316367
beef_vdw,sevennet_omni,Au111,butyric_acid,-0.698448,-0.334587,0.363861
beef_vdw,sevennet_omni,Au111,caproic_acid,-1.030282,-0.491310,0.538972
beef_vdw,sevennet_omni,Au111,cyclobutanone,-0.578282,-0.134319,0.443963
beef_vdw,sevennet_omni,Au111,cyclopentanone,-0.497525,-0.204170,0.293354
beef_vdw,sevennet_omni,Au111,diethyl_ether,-0.705002,-0.341667,0.363334
beef_vdw,sevennet_omni,Au111,dimethyl_succinate,-0.844299,-0.379021,0.465278
beef_vdw,sevennet_omni,Au111,ethane,-0.589110,-0.237324,0.351787
beef_vdw,sevennet_omni,Au111,ethanol,-0.414467,-0.277458,0.137009
beef_vdw,sevennet_omni,Au111,ethene,-0.239670,-0.192854,0.046816
beef_vdw,sevennet_omni,Au111,ethyl_acetate,-0.696146,-0.271576,0.424570
beef_vdw,sevennet_omni,Au111,ethylene,-0.600053,-0.193546,0.406507
beef_vdw,sevennet_omni,Au111,ethylene_glycol,-0.615679,-0.386345,0.229335
beef_vdw,sevennet_omni,Au111,eugenol,-0.876114,-0.306236,0.569877
beef_vdw,sevennet_omni,Au111,formaldehyde,-0.564227,-0.206657,0.357570
beef_vdw,sevennet_omni,Au111,formate,-2.846159,-1.474586,1.371572
beef_vdw,sevennet_omni,Au111,formic_acid,-0.625480,-0.370893,0.254587
beef_vdw,sevennet_omni,Au111,furan,-0.774350,-0.376888,0.397461
beef_vdw,sevennet_omni,Au111,furfuryl_alcohol,-1.002217,-0.459023,0.543194
beef_vdw,sevennet_omni,Au111,gamma_butyrolactone,-0.433547,-0.141647,0.291899
beef_vdw,sevennet_omni,Au111,gamma_valerolactone,-0.792915,-0.244141,0.548775
beef_vdw,sevennet_omni,Au111,glutaric_acid,-1.228732,-0.768105,0.460627
beef_vdw,sevennet_omni,Au111,glycerol,-0.347971,-0.587471,-0.239500
beef_vdw,sevennet_omni,Au111,glycolic_acid,-0.549456,-0.273563,0.275892
beef_vdw,sevennet_omni,Au111,glyoxal,-3.054714,-0.293339,2.761375
beef_vdw,sevennet_omni,Au111,guaiacol,-1.795998,-0.451889,1.344109
beef_vdw,sevennet_omni,Au111,heptane,-1.244962,-0.497757,0.747205
beef_vdw,sevennet_omni,Au111,hexanal,-0.909934,-0.404572,0.505362
beef_vdw,sevennet_omni,Au111,hexane,-1.138526,-0.515167,0.623359
beef_vdw,sevennet_omni,Au111,isobutene,-0.488522,-0.200180,0.288342
beef_vdw,sevennet_omni,Au111,isoprene,-0.368805,-0.237000,0.131806
beef_vdw,sevennet_omni,Au111,isopropanol,-0.300100,-0.328651,-0.028551
beef_vdw,sevennet_omni,Au111,lactic_acid,-0.671443,-0.344963,0.326480
beef_vdw,sevennet_omni,Au111,levoglucosan,-2.791564,-0.403931,2.387633
beef_vdw,sevennet_omni,Au111,malonic_acid,-0.880781,-0.679184,0.201597
beef_vdw,sevennet_omni,Au111,methane,-0.486012,-0.365198,0.120814
beef_vdw,sevennet_omni,Au111,methanol,-0.405131,-0.260586,0.144545
beef_vdw,sevennet_omni,Au111,methyl_formate,-4.448288,-0.171089,4.277199
beef_vdw,sevennet_omni,Au111,methylethylketone,-0.756441,-0.376419,0.380022
beef_vdw,sevennet_omni,Au111,methylmethacrylate,-1.968170,-0.244499,1.723671
beef_vdw,sevennet_omni,Au111,muconic_acid,-0.437283,-0.442719,-0.005435
beef_vdw,sevennet_omni,Au111,naphthalene,-0.944438,-0.237457,0.706981
beef_vdw,sevennet_omni,Au111,octane,-1.465583,-0.598885,0.866698
beef_vdw,sevennet_omni,Au111,pentanol,-0.993770,-0.526497,0.467274
beef_vdw,sevennet_omni,Au111,phenol,-0.598006,-0.320473,0.277533
beef_vdw,sevennet_omni,Au111,propanal,-0.461899,-0.227928,0.233971
beef_vdw,sevennet_omni,Au111,propane,-0.233682,-0.243813,-0.010130
beef_vdw,sevennet_omni,Au111,propanol,-0.697742,-0.319805,0.377937
beef_vdw,sevennet_omni,Au111,propene,-0.095659,-0.204445,-0.108786
beef_vdw,sevennet_omni,Au111,propionic_acid,-0.510118,-0.290543,0.219575
beef_vdw,sevennet_omni,Au111,propyl_syringol,-1.021626,-0.358116,0.663509
beef_vdw,sevennet_omni,Au111,pyrrole,-0.729694,-0.474415,0.255279
beef_vdw,sevennet_omni,Au111,pyruvic_acid,-2.413893,-0.442291,1.971602
beef_vdw,sevennet_omni,Au111,sorbitol,-8.660181,-0.809128,7.851054
beef_vdw,sevennet_omni,Au111,styrene,-0.957904,-0.238792,0.719112
beef_vdw,sevennet_omni,Au111,succinic_acid,-7.538727,-0.545723,6.993004
beef_vdw,sevennet_omni,Au111,syringol,-1.022660,-0.216141,0.806520
beef_vdw,sevennet_omni,Au111,toluene,-0.611837,-0.198608,0.413228
beef_vdw,sevennet_omni,Au111,vanillin,-1.475558,-0.756546,0.719012
beef_vdw,sevennet_omni,Au111,xylene,-0.646976,-0.206779,0.440197
beef_vdw,sevennet_omni,Cu110,1-butene,-0.828502,-0.646790,0.181712
beef_vdw,sevennet_omni,Cu110,1-pentene,-0.873706,-0.726784,0.146923
beef_vdw,sevennet_omni,Cu110,2-pentanone,-0.857670,-0.809341,0.048328
beef_vdw,sevennet_omni,Cu110,3-MTHF,-0.780765,-0.231300,0.549465
beef_vdw,sevennet_omni,Cu110,3-hydroxypropionic_acid,-0.936596,-0.951248,-0.014652
beef_vdw,sevennet_omni,Cu110,5-HMF,-0.976885,-1.015976,-0.039090
beef_vdw,sevennet_omni,Cu110,5-heptanone,-0.936240,-0.801605,0.134635
beef_vdw,sevennet_omni,Cu110,CO,-1.331982,-1.349632,-0.017650
beef_vdw,sevennet_omni,Cu110,CO2,-0.726983,-0.407398,0.319585
beef_vdw,sevennet_omni,Cu110,DME,-0.746508,-0.343697,0.402812
beef_vdw,sevennet_omni,Cu110,H2O,-0.865635,-0.707077,0.158558
beef_vdw,sevennet_omni,Cu110,acetaldehyde,-0.918152,-0.750141,0.168010
beef_vdw,sevennet_omni,Cu110,acetic_acid,-1.131655,-0.859619,0.272035
beef_vdw,sevennet_omni,Cu110,benzene,-0.960740,-0.359161,0.601578
beef_vdw,sevennet_omni,Cu110,butadiene,-1.294932,-1.278618,0.016314
beef_vdw,sevennet_omni,Cu110,butyric_acid,-1.209987,-0.896866,0.313121
beef_vdw,sevennet_omni,Cu110,caproic_acid,-0.898166,-0.947090,-0.048924
beef_vdw,sevennet_omni,Cu110,cyclopentanone,-0.847702,-0.606766,0.240936
beef_vdw,sevennet_omni,Cu110,ethane,-0.737924,-0.426151,0.311773
beef_vdw,sevennet_omni,Cu110,ethanol,-1.005457,-0.661915,0.343542
beef_vdw,sevennet_omni,Cu110,ethene,-0.128770,-0.805502,-0.676732
beef_vdw,sevennet_omni,Cu110,ethylene,-0.708067,-0.807285,-0.099219
beef_vdw,sevennet_omni,Cu110,formic_acid,-1.024880,-0.686584,0.338296
beef_vdw,sevennet_omni,Cu110,glycerol,-1.244734,-1.067558,0.177176
beef_vdw,sevennet_omni,Cu110,isobutene,-0.686631,-0.264275,0.422357
beef_vdw,sevennet_omni,Cu110,isoprene,-1.192031,-0.345276,0.846755
beef_vdw,sevennet_omni,Cu110,isopropanol,-0.660562,-0.724026,-0.063464
beef_vdw,sevennet_omni,Cu110,lactic_acid,-1.061742,-0.680275,0.381467
beef_vdw,sevennet_omni,Cu110,methanol,-0.924677,-0.592899,0.331778
beef_vdw,sevennet_omni,Cu110,methylmethacrylate,-2.351732,-0.483948,1.867784
beef_vdw,sevennet_omni,Cu110,propane,0.026659,-0.420559,-0.447218
beef_vdw,sevennet_omni,Cu110,propanol,-0.300962,-0.686764,-0.385802
beef_vdw,sevennet_omni,Cu110,propene,-0.537303,-0.635105,-0.097802
beef_vdw,sevennet_omni,Cu110,propionic_acid,-1.191845,-0.837944,0.353901
beef_vdw,sevennet_omni,Cu110,pyruvic_acid,-2.779399,-0.953972,1.825427
beef_vdw,sevennet_omni,Cu110,toluene,-0.985292,-0.371086,0.614205
beef_vdw,sevennet_omni,Cu111,1-butene,-0.398957,-0.285873,0.113083
beef_vdw,sevennet_omni,Cu111,1-pentene,-0.578742,-0.329315,0.249427
beef_vdw,sevennet_omni,Cu111,2-pentanone,-0.584270,-0.519897,0.064372
beef_vdw,sevennet_omni,Cu111,3-MTHF,-0.424634,-0.175468,0.249166
beef_vdw,sevennet_omni,Cu111,3-hydroxypropionic_acid,-0.362934,-0.543182,-0.180248
beef_vdw,sevennet_omni,Cu111,5-HMF,-0.930579,-0.662521,0.268057
beef_vdw,sevennet_omni,Cu111,5-heptanone,-0.411473,-0.492340,-0.080867
beef_vdw,sevennet_omni,Cu111,CO,-0.736633,-1.240349,-0.503716
beef_vdw,sevennet_omni,Cu111,CO2,-0.167772,-0.363129,-0.195356
beef_vdw,sevennet_omni,Cu111,DME,-0.390212,-0.216393,0.173819
beef_vdw,sevennet_omni,Cu111,H2O,-0.111128,-0.475266,-0.364137
beef_vdw,sevennet_omni,Cu111,acetaldehyde,-0.310777,-0.449894,-0.139117
beef_vdw,sevennet_omni,Cu111,acetic_acid,-0.417439,-0.590637,-0.173198
beef_vdw,sevennet_omni,Cu111,benzene,-0.449096,-0.205856,0.243240
beef_vdw,sevennet_omni,Cu111,butadiene,-0.460496,-0.331287,0.129209
beef_vdw,sevennet_omni,Cu111,butyric_acid,-0.481934,-0.529121,-0.047187
beef_vdw,sevennet_omni,Cu111,caproic_acid,-0.739610,-0.627205,0.112406
beef_vdw,sevennet_omni,Cu111,cyclopentanone,-0.353903,-0.333862,0.020041
beef_vdw,sevennet_omni,Cu111,ethane,-0.225531,-0.287235,-0.061704
beef_vdw,sevennet_omni,Cu111,ethanol,-0.361951,-0.380516,-0.018565
beef_vdw,sevennet_omni,Cu111,ethene,-0.231477,-0.185497,0.045980
beef_vdw,sevennet_omni,Cu111,ethylene,-0.228264,-0.185345,0.042919
beef_vdw,sevennet_omni,Cu111,formic_acid,-0.291699,-0.384293,-0.092594
beef_vdw,sevennet_omni,Cu111,glycerol,-0.602154,-0.626617,-0.024464
beef_vdw,sevennet_omni,Cu111,isobutene,-0.420465,-0.207481,0.212984
beef_vdw,sevennet_omni,Cu111,isoprene,-0.029861,-0.253143,-0.223283
beef_vdw,sevennet_omni,Cu111,isopropanol,-0.481753,-0.429443,0.052310
beef_vdw,sevennet_omni,Cu111,lactic_acid,-0.457310,-0.417015,0.040295
beef_vdw,sevennet_omni,Cu111,methanol,-0.338050,-0.358334,-0.020284
beef_vdw,sevennet_omni,Cu111,methylmethacrylate,-1.462491,-0.269142,1.193348
beef_vdw,sevennet_omni,Cu111,propane,-0.325533,-0.307564,0.017969
beef_vdw,sevennet_omni,Cu111,propanol,-0.515766,-0.438148,0.077618
beef_vdw,sevennet_omni,Cu111,propene,-0.305850,-0.206791,0.099059
beef_vdw,sevennet_omni,Cu111,propionic_acid,-0.473167,-0.531746,-0.058579
beef_vdw,sevennet_omni,Cu111,pyruvic_acid,-1.995981,-0.561226,1.434755
beef_vdw,sevennet_omni,Cu111,toluene,-0.570641,-0.240524,0.330116
beef_vdw,sevennet_omni,Ni100,CO2,0.045998,-0.049866,-0.095863
beef_vdw,sevennet_omni,Ni100,ethane,-0.223002,-0.473244,-0.250242
beef_vdw,sevennet_omni,Ni100,ethanol,-0.173147,-0.215370,-0.042223
beef_vdw,sevennet_omni,Ni100,ethene,-0.658543,-1.441219,-0.782677
beef_vdw,sevennet_omni,Ni100,glycerol,-0.525283,-0.550713,-0.025429
beef_vdw,sevennet_omni,Ni100,isopropanol,-0.281025,-0.334591,-0.053566
beef_vdw,sevennet_omni,Ni100,propane,-0.308301,-0.529896,-0.221595
beef_vdw,sevennet_omni,Ni100,propanol,-0.220779,-0.335060,-0.114281
beef_vdw,sevennet_omni,Ni100,propene,-0.644549,-1.236794,-0.592245
beef_vdw,sevennet_omni,Ni110,CO2,0.010896,-0.008987,-0.019884
beef_vdw,sevennet_omni,Ni110,ethane,-0.262193,-0.511578,-0.249385
beef_vdw,sevennet_omni,Ni110,ethanol,-0.099191,-0.205074,-0.105883
beef_vdw,sevennet_omni,Ni110,ethene,-0.838922,-1.561535,-0.722613
beef_vdw,sevennet_omni,Ni110,glycerol,-0.501196,-0.398705,0.102492
beef_vdw,sevennet_omni,Ni110,isopropanol,-0.232939,-0.314785,-0.081846
beef_vdw,sevennet_omni,Ni110,propane,-0.144498,-0.711155,-0.566657
beef_vdw,sevennet_omni,Ni110,propanol,-0.259879,-0.344582,-0.084703
beef_vdw,sevennet_omni,Ni110,propene,-0.914370,-1.461250,-0.546880
beef_vdw,sevennet_omni,Ni111,CO2,-0.010143,-0.047195,-0.037052
beef_vdw,sevennet_omni,Ni111,ethane,-0.250636,-0.441170,-0.190534
beef_vdw,sevennet_omni,Ni111,ethanol,-0.244476,-0.204494,0.039982
beef_vdw,sevennet_omni,Ni111,ethene,-0.719667,-1.246208,-0.526541
beef_vdw,sevennet_omni,Ni111,glycerol,-0.631106,-0.476982,0.154124
beef_vdw,sevennet_omni,Ni111,isopropanol,-0.343045,-0.288464,0.054582
beef_vdw,sevennet_omni,Ni111,propane,-0.388780,-0.508961,-0.120181
beef_vdw,sevennet_omni,Ni111,propanol,-0.340059,-0.329842,0.010217
beef_vdw,sevennet_omni,Ni111,propene,-0.570297,-1.171528,-0.601231
beef_vdw,sevennet_omni,Pd100,CO2,-0.186887,-0.471163,-0.284276
beef_vdw,sevennet_omni,Pd100,ethane,0.068808,-0.513893,-0.582701
beef_vdw,sevennet_omni,Pd100,ethanol,-0.150614,-0.706497,-0.555884
beef_vdw,sevennet_omni,Pd100,ethene,-0.775326,-1.439617,-0.664291
beef_vdw,sevennet_omni,Pd100,glycerol,-0.395725,-0.945259,-0.549534
beef_vdw,sevennet_omni,Pd100,isopropanol,-0.169847,-0.819695,-0.649847
beef_vdw,sevennet_omni,Pd100,propane,-0.035149,-0.618076,-0.582928
beef_vdw,sevennet_omni,Pd100,propanol,-0.087161,-0.796852,-0.709691
beef_vdw,sevennet_omni,Pd100,propene,-0.863299,-1.461826,-0.598527
beef_vdw,sevennet_omni,Pd110,CO2,-0.132931,-0.481079,-0.348148
beef_vdw,sevennet_omni,Pd110,ethane,0.216758,-0.566826,-0.783584
beef_vdw,sevennet_omni,Pd110,ethanol,0.302095,-0.819378,-1.121473
beef_vdw,sevennet_omni,Pd110,ethene,-1.139140,-1.601023,-0.461883
beef_vdw,sevennet_omni,Pd110,glycerol,-0.363050,-1.266991,-0.903940
beef_vdw,sevennet_omni,Pd110,isopropanol,0.098930,-0.928234,-1.027165
beef_vdw,sevennet_omni,Pd110,propane,0.154672,-0.604557,-0.759229
beef_vdw,sevennet_omni,Pd110,propanol,0.102046,-0.894321,-0.996368
beef_vdw,sevennet_omni,Pd110,propene,-1.145390,-1.537083,-0.391693
beef_vdw,sevennet_omni,Pd111,CO2,-0.219761,-0.447756,-0.227994
beef_vdw,sevennet_omni,Pd111,ethane,0.115590,-0.455055,-0.570645
beef_vdw,sevennet_omni,Pd111,ethanol,-0.147131,-0.673756,-0.526625
beef_vdw,sevennet_omni,Pd111,ethene,-0.798027,-1.265545,-0.467518
beef_vdw,sevennet_omni,Pd111,glycerol,-0.272745,-1.008171,-0.735426
beef_vdw,sevennet_omni,Pd111,isopropanol,-0.190598,-0.766689,-0.576091
beef_vdw,sevennet_omni,Pd111,propane,-0.104793,-0.472294,-0.367500
beef_vdw,sevennet_omni,Pd111,propanol,-0.222034,-0.712898,-0.490865
beef_vdw,sevennet_omni,Pd111,propene,-0.725165,-1.175846,-0.450681
beef_vdw,sevennet_omni,Pt100,CO2,-0.128630,-0.509066,-0.380436
beef_vdw,sevennet_omni,Pt100,ethane,0.174826,-0.483349,-0.658175
beef_vdw,sevennet_omni,Pt100,ethanol,0.087618,-0.709301,-0.796919
beef_vdw,sevennet_omni,Pt100,ethene,-1.150759,-1.614788,-0.464029
beef_vdw,sevennet_omni,Pt100,glycerol,-0.127427,-1.045982,-0.918555
beef_vdw,sevennet_omni,Pt100,isopropanol,0.025343,-0.789364,-0.814707
beef_vdw,sevennet_omni,Pt100,propane,0.212849,-0.544270,-0.757119
beef_vdw,sevennet_omni,Pt100,propanol,0.028996,-0.805489,-0.834484
beef_vdw,sevennet_omni,Pt100,propene,-1.081820,-1.820869,-0.739049
beef_vdw,sevennet_omni,Pt110,CO2,-0.184057,-0.497896,-0.313839
beef_vdw,sevennet_omni,Pt110,ethane,0.395037,-0.558723,-0.953761
beef_vdw,sevennet_omni,Pt110,ethanol,0.599707,-0.900631,-1.500338
beef_vdw,sevennet_omni,Pt110,ethene,-0.949928,-2.087566,-1.137638
beef_vdw,sevennet_omni,Pt110,glycerol,-0.071621,-0.965134,-0.893512
beef_vdw,sevennet_omni,Pt110,isopropanol,0.378969,-0.976223,-1.355192
beef_vdw,sevennet_omni,Pt110,propane,0.485851,-0.648808,-1.134659
beef_vdw,sevennet_omni,Pt110,propanol,0.587052,-0.936745,-1.523796
beef_vdw,sevennet_omni,Pt110,propene,-0.451509,-1.705235,-1.253726
beef_vdw,sevennet_omni,Pt111,CO2,-0.215627,-0.486696,-0.271069
beef_vdw,sevennet_omni,Pt111,ethane,0.195647,-0.433994,-0.629641
beef_vdw,sevennet_omni,Pt111,ethanol,-0.012199,-0.598709,-0.586510
beef_vdw,sevennet_omni,Pt111,ethene,-1.049727,-1.323864,-0.274137
beef_vdw,sevennet_omni,Pt111,glycerol,-0.351664,-0.816826,-0.465162
beef_vdw,sevennet_omni,Pt111,isopropanol,-0.065293,-0.709160,-0.643867
beef_vdw,sevennet_omni,Pt111,propane,0.104914,-0.462776,-0.567690
beef_vdw,sevennet_omni,Pt111,propanol,-0.137636,-0.727577,-0.589942
beef_vdw,sevennet_omni,Pt111,propene,-1.202218,-1.681343,-0.479125
r2scan,sevennet_omni,Ag100,CO2,0.129711,-0.362564,-0.492275
r2scan,sevennet_omni,Ag100,ethane,0.136341,-0.294643,-0.430985
r2scan,sevennet_omni,Ag100,ethanol,-0.085159,-0.436077,-0.350918
r2scan,sevennet_omni,Ag100,ethene,0.060396,-0.206692,-0.267088
r2scan,sevennet_omni,Ag100,glycerol,-0.187839,-0.682686,-0.494846
r2scan,sevennet_omni,Ag110,ethanol,-0.239902,-0.545704,-0.305802
r2scan,sevennet_omni,Ag110,ethene,-0.179103,-0.407467,-0.228364
r2scan,sevennet_omni,Ag110,isopropanol,-0.294978,-0.585964,-0.290986
r2scan,sevennet_omni,Ag110,propanol,-0.255189,-0.544685,-0.289496
r2scan,sevennet_omni,Ag111,CO2,-0.008145,-0.356842,-0.348697
r2scan,sevennet_omni,Ag111,ethane,0.000281,-0.274319,-0.274600
r2scan,sevennet_omni,Ag111,ethanol,-0.157044,-0.375816,-0.218772
r2scan,sevennet_omni,Ag111,ethene,-0.062174,-0.167400,-0.105226
r2scan,sevennet_omni,Ag111,propanol,-0.211786,-0.389130,-0.177344
r2scan,sevennet_omni,Au100,"1,6-anhydroglucofuranose",0.514258,-0.300751,-0.815009
r2scan,sevennet_omni,Au100,1-butanol,0.283086,-0.345390,-0.628476
r2scan,sevennet_omni,Au100,1-butene,0.573213,-0.301605,-0.874818
r2scan,sevennet_omni,Au100,1-pentene,0.584637,-0.336594,-0.921231
r2scan,sevennet_omni,Au100,2-butanol,0.387129,-0.365974,-0.753103
r2scan,sevennet_omni,Au100,2-butene,0.681052,-0.129013,-0.810065
r2scan,sevennet_omni,Au100,2-ethylphenol,0.451647,-0.282845,-0.734491
r2scan,sevennet_omni,Au100,2-furanone,0.577980,-0.280094,-0.858074
r2scan,sevennet_omni,Au100,2-heptanone,0.565142,-0.414696,-0.979838
r2scan,sevennet_omni,Au100,2-hexanone,0.591896,-0.353279,-0.945175
r2scan,sevennet_omni,Au100,2-pentanone,0.536990,-0.312531,-0.849521
r2scan,sevennet_omni,Au100,3-MTHF,0.532372,-0.134224,-0.666596
r2scan,sevennet_omni,Au100,3-hydroxypropionic_acid,0.641185,-0.483810,-1.124995
r2scan,sevennet_omni,Au100,4-methylguaiacol,0.605306,-0.175934,-0.781240
r2scan,sevennet_omni,Au100,5-HMF,-0.521579,-0.320923,0.200656
r2scan,sevennet_omni,Au100,5-heptanone,0.662528,-0.350327,-1.012855
r2scan,sevennet_omni,Au100,5-methylfurfural,0.657673,-0.333313,-0.990986
r2scan,sevennet_omni,Au100,CH4,0.218637,-0.391161,-0.609798
r2scan,sevennet_omni,Au100,CO,-0.405405,-0.887810,-0.482404
r2scan,sevennet_omni,Au100,CO2,0.193776,-0.390873,-0.584649
r2scan,sevennet_omni,Au100,D-fructofuranose,0.626749,-0.440338,-1.067087
r2scan,sevennet_omni,Au100,D-xylopyranose,0.404028,-0.544807,-0.948836
r2scan,sevennet_omni,Au100,DME,0.593278,-0.183937,-0.777215
r2scan,sevennet_omni,Au100,DMSO,0.295483,-0.375305,-0.670788
r2scan,sevennet_omni,Au100,H2,0.286513,-0.264759,-0.551272
r2scan,sevennet_omni,Au100,H2O,0.145788,-0.527771,-0.673559
r2scan,sevennet_omni,Au100,H2S,0.070972,-0.456441,-0.527413
r2scan,sevennet_omni,Au100,N2,0.256954,-0.086519,-0.343473
r2scan,sevennet_omni,Au100,NH3,-0.304023,-0.677292,-0.373269
r2scan,sevennet_omni,Au100,NO,-0.815940,-0.808355,0.007585
r2scan,sevennet_omni,Au100,NO2,-3.677339,-0.862816,2.814523
r2scan,sevennet_omni,Au100,SO2,-0.063289,-0.374453,-0.311164
r2scan,sevennet_omni,Au100,THF,0.455828,-0.109253,-0.565081
r2scan,sevennet_omni,Au100,acetal,0.885635,-0.254868,-1.140502
r2scan,sevennet_omni,Au100,acetaldehyde,0.560399,-0.319691,-0.880089
r2scan,sevennet_omni,Au100,acetic_acid,-0.033746,-0.426620,-0.392875
r2scan,sevennet_omni,Au100,acetone,0.615586,-0.387508,-1.003095
r2scan,sevennet_omni,Au100,acetophenone,0.532619,-0.226631,-0.759251
r2scan,sevennet_omni,Au100,alpha-D-glucopyranose,-0.666231,-0.455109,0.211123
r2scan,sevennet_omni,Au100,angelica_lactone,0.491036,-0.135010,-0.626046
r2scan,sevennet_omni,Au100,aniline,0.450352,-0.228073,-0.678426
r2scan,sevennet_omni,Au100,benzaldehyde,0.485111,-0.202805,-0.687915
r2scan,sevennet_omni,Au100,benzene,0.461746,-0.159607,-0.621353
r2scan,sevennet_omni,Au100,butadiene,0.348649,-0.691597,-1.040246
r2scan,sevennet_omni,Au100,butanal,0.458771,-0.333740,-0.792511
r2scan,sevennet_omni,Au100,butane,0.456033,-0.263756,-0.719789
r2scan,sevennet_omni,Au100,butyric_acid,0.686895,-0.373459,-1.060354
r2scan,sevennet_omni,Au100,caproic_acid,0.443423,-0.426018,-0.869441
r2scan,sevennet_omni,Au100,cyclobutanone,0.613642,-0.122505,-0.736147
r2scan,sevennet_omni,Au100,cyclohexanone,0.467849,-0.264023,-0.731871
r2scan,sevennet_omni,Au100,cyclopentanone,0.668811,-0.199265,-0.868076
r2scan,sevennet_omni,Au100,diethyl_ether,0.506609,-0.294800,-0.801409
r2scan,sevennet_omni,Au100,dimethyl_succinate,0.859625,-0.231529,-1.091154
r2scan,sevennet_omni,Au100,ethane,0.628206,-0.245846,-0.874052
r2scan,sevennet_omni,Au100,ethanol,0.446023,-0.313667,-0.759691
r2scan,sevennet_omni,Au100,ethene,0.449695,-0.215923,-0.665619
r2scan,sevennet_omni,Au100,ethyl_acetate,0.454950,-0.211197,-0.666146
r2scan,sevennet_omni,Au100,ethylene,0.450264,-0.218304,-0.668568
r2scan,sevennet_omni,Au100,ethylene_glycol,0.374159,-0.395004,-0.769163
r2scan,sevennet_omni,Au100,eugenol,0.722122,-0.236343,-0.958465
r2scan,sevennet_omni,Au100,formaldehyde,0.487918,-0.247055,-0.734973
r2scan,sevennet_omni,Au100,formate,-2.565123,-1.712540,0.852583
r2scan,sevennet_omni,Au100,formic_acid,0.065022,-0.411650,-0.476672
r2scan,sevennet_omni,Au100,furan,0.007456,-0.402798,-0.410254
r2scan,sevennet_omni,Au100,furfural,0.026803,-0.547920,-0.574723
r2scan,sevennet_omni,Au100,furfuryl_alcohol,0.543270,-0.419678,-0.962947
r2scan,sevennet_omni,Au100,gamma_butyrolactone,0.697250,-0.177689,-0.874939
r2scan,sevennet_omni,Au100,gamma_valerolactone,0.687442,-0.234123,-0.921565
r2scan,sevennet_omni,Au100,gluconic_acid,0.573657,-0.675644,-1.249301
r2scan,sevennet_omni,Au100,glutaric_acid,0.540378,-0.416435,-0.956813
r2scan,sevennet_omni,Au100,glycerol,0.588329,-0.604034,-1.192363
r2scan,sevennet_omni,Au100,glycolic_acid,0.649629,-0.334686,-0.984316
r2scan,sevennet_omni,Au100,guaiacol,0.355494,-0.417511,-0.773005
r2scan,sevennet_omni,Au100,heptane,0.282964,-0.344467,-0.627431
r2scan,sevennet_omni,Au100,hexanal,0.510341,-0.340233,-0.850574
r2scan,sevennet_omni,Au100,hexane,0.270513,-0.367523,-0.638036
r2scan,sevennet_omni,Au100,hydroquinone,-7.158523,-0.269402,6.889121
r2scan,sevennet_omni,Au100,hydroxyacetaldehyde,0.576227,-0.270561,-0.846789
r2scan,sevennet_omni,Au100,isobutane,0.498237,-0.276405,-0.774642
r2scan,sevennet_omni,Au100,isobutene,0.569813,-0.221626,-0.791440
r2scan,sevennet_omni,Au100,isoeugenol,0.750941,-0.176300,-0.927241
r2scan,sevennet_omni,Au100,isopentane,0.498758,-0.303185,-0.801943
r2scan,sevennet_omni,Au100,isoprene,0.228918,-0.645691,-0.874609
r2scan,sevennet_omni,Au100,isopropanol,0.454988,-0.352398,-0.807386
r2scan,sevennet_omni,Au100,lactic_acid,0.596748,-0.354317,-0.951065
r2scan,sevennet_omni,Au100,levoglucosan,-4.102748,-0.307999,3.794749
r2scan,sevennet_omni,Au100,malonic_acid,-0.057714,-0.687714,-0.629999
r2scan,sevennet_omni,Au100,methane,0.231340,-0.389147,-0.620487
r2scan,sevennet_omni,Au100,methanol,0.408601,-0.287350,-0.695951
r2scan,sevennet_omni,Au100,methylcyclopentenolone,0.510036,-0.273941,-0.783977
r2scan,sevennet_omni,Au100,methylethylketone,0.604136,-0.382477,-0.986613
r2scan,sevennet_omni,Au100,muconic_acid,0.269365,-0.501961,-0.771326
r2scan,sevennet_omni,Au100,octane,0.358876,-0.459854,-0.818730
r2scan,sevennet_omni,Au100,oxalic_acid,-0.070924,-0.554039,-0.483115
r2scan,sevennet_omni,Au100,pentane,0.449629,-0.262817,-0.712447
r2scan,sevennet_omni,Au100,pentanol,0.431127,-0.453247,-0.884374
r2scan,sevennet_omni,Au100,phenol,0.467239,-0.289101,-0.756339
r2scan,sevennet_omni,Au100,propanal,0.573868,-0.257729,-0.831597
r2scan,sevennet_omni,Au100,propane,0.499535,-0.249371,-0.748906
r2scan,sevennet_omni,Au100,propanol,0.350990,-0.358665,-0.709656
r2scan,sevennet_omni,Au100,propene,0.538038,-0.223061,-0.761099
r2scan,sevennet_omni,Au100,propionic_acid,0.632054,-0.357117,-0.989170
r2scan,sevennet_omni,Au100,propyl_syringol,0.621848,-0.314285,-0.936133
r2scan,sevennet_omni,Au100,pyrrole,0.441898,-0.471169,-0.913066
r2scan,sevennet_omni,Au100,pyruvic_acid,0.569716,-0.443317,-1.013034
r2scan,sevennet_omni,Au100,sorbitol,-6.666488,-0.852661,5.813827
r2scan,sevennet_omni,Au100,styrene,0.534238,-0.272530,-0.806767
r2scan,sevennet_omni,Au100,syringaldehyde,0.492378,-0.255203,-0.747581
r2scan,sevennet_omni,Au100,syringol,0.886345,-0.205513,-1.091858
r2scan,sevennet_omni,Au100,tartaric_acid,-0.003884,-0.562325,-0.558441
r2scan,sevennet_omni,Au100,thiophene,-0.049299,-0.285488,-0.236189
r2scan,sevennet_omni,Au100,toluene,0.537497,-0.160301,-0.697798
r2scan,sevennet_omni,Au100,valeraldehyde,0.498537,-0.383987,-0.882524
r2scan,sevennet_omni,Au100,vanillin,0.557746,-0.460197,-1.017944
r2scan,sevennet_omni,Au100,xylene,0.569096,-0.145859,-0.714955
r2scan,sevennet_omni,Au100,xylitol,0.435289,-0.540108,-0.975397
r2scan,sevennet_omni,Au110,"1,6-anhydroglucofuranose",0.319076,-0.332466,-0.651542
r2scan,sevennet_omni,Au110,1-butanol,0.125449,-0.439026,-0.564475
r2scan,sevennet_omni,Au110,1-butene,0.437150,-0.598160,-1.035309
r2scan,sevennet_omni,Au110,1-pentene,0.416148,-0.642220,-1.058368
r2scan,sevennet_omni,Au110,2-butanol,0.394724,-0.447670,-0.842394
r2scan,sevennet_omni,Au110,2-butene,0.522184,-0.161880,-0.684064
r2scan,sevennet_omni,Au110,2-ethylphenol,0.065164,-0.297661,-0.362825
r2scan,sevennet_omni,Au110,2-furanone,0.501863,-0.359657,-0.861521
r2scan,sevennet_omni,Au110,2-heptanone,0.429620,-0.514778,-0.944398
r2scan,sevennet_omni,Au110,2-hexanone,0.475694,-0.457436,-0.933130
r2scan,sevennet_omni,Au110,2-pentanone,0.377294,-0.394638,-0.771932
r2scan,sevennet_omni,Au110,3-MTHF,0.467575,-0.169830,-0.637406
r2scan,sevennet_omni,Au110,3-hydroxypropionic_acid,0.569935,-0.573715,-1.143650
r2scan,sevennet_omni,Au110,4-methylguaiacol,0.529356,-0.201385,-0.730742
r2scan,sevennet_omni,Au110,5-HMF,-0.392915,-0.473312,-0.080398
r2scan,sevennet_omni,Au110,5-heptanone,0.412383,-0.427490,-0.839873
r2scan,sevennet_omni,Au110,5-methylfurfural,0.454189,-0.407379,-0.861568
r2scan,sevennet_omni,Au110,CH4,0.517826,-0.438494,-0.956320
r2scan,sevennet_omni,Au110,CO,-0.650350,-1.063820,-0.413470
r2scan,sevennet_omni,Au110,CO2,0.057599,-0.401875,-0.459473
r2scan,sevennet_omni,Au110,D-fructofuranose,0.535523,-0.464180,-0.999703
r2scan,sevennet_omni,Au110,D-xylopyranose,0.302524,-0.569023,-0.871547
r2scan,sevennet_omni,Au110,DME,0.500169,-0.242882,-0.743051
r2scan,sevennet_omni,Au110,DMSO,-0.122494,-0.588058,-0.465565
r2scan,sevennet_omni,Au110,H2,0.533677,-0.279483,-0.813160
r2scan,sevennet_omni,Au110,H2O,-0.087466,-0.566757,-0.479291
r2scan,sevennet_omni,Au110,H2S,0.038162,-0.588918,-0.627079
r2scan,sevennet_omni,Au110,N2,0.133498,-0.085878,-0.219377
r2scan,sevennet_omni,Au110,NH3,-0.546530,-0.828293,-0.281762
r2scan,sevennet_omni,Au110,NO,-1.079036,-0.994772,0.084264
r2scan,sevennet_omni,Au110,NO2,-3.942875,-1.019905,2.922970
r2scan,sevennet_omni,Au110,SO2,-0.383143,-0.562426,-0.179283
r2scan,sevennet_omni,Au110,THF,0.357329,-0.133087,-0.490417
r2scan,sevennet_omni,Au110,acetal,0.431279,-0.306709,-0.737988
r2scan,sevennet_omni,Au110,acetaldehyde,0.415196,-0.402714,-0.817909
r2scan,sevennet_omni,Au110,acetic_acid,-0.258391,-0.518524,-0.260133
r2scan,sevennet_omni,Au110,acetone,0.476285,-0.505020,-0.981306
r2scan,sevennet_omni,Au110,acetophenone,0.412170,-0.359962,-0.772132
r2scan,sevennet_omni,Au110,alpha-D-glucopyranose,-1.028658,-0.508652,0.520006
r2scan,sevennet_omni,Au110,angelica_lactone,0.395343,-0.153641,-0.548984
r2scan,sevennet_omni,Au110,aniline,0.207662,-0.325943,-0.533605
r2scan,sevennet_omni,Au110,benzaldehyde,0.355854,-0.299324,-0.655178
r2scan,sevennet_omni,Au110,benzene,0.364656,-0.272827,-0.637483
r2scan,sevennet_omni,Au110,butadiene,-0.614386,-1.162586,-0.548200
r2scan,sevennet_omni,Au110,butanal,0.283410,-0.385307,-0.668717
r2scan,sevennet_omni,Au110,butane,0.305039,-0.308464,-0.613503
r2scan,sevennet_omni,Au110,butyric_acid,0.500990,-0.444771,-0.945760
r2scan,sevennet_omni,Au110,caproic_acid,0.357514,-0.501045,-0.858559
r2scan,sevennet_omni,Au110,cyclobutanone,0.431174,-0.156765,-0.587939
r2scan,sevennet_omni,Au110,cyclohexanone,0.347006,-0.336288,-0.683295
r2scan,sevennet_omni,Au110,cyclopentanone,0.371965,-0.279167,-0.651133
r2scan,sevennet_omni,Au110,diethyl_ether,0.398042,-0.342804,-0.740846
r2scan,sevennet_omni,Au110,dimethyl_succinate,0.593422,-0.302292,-0.895714
r2scan,sevennet_omni,Au110,ethane,0.461045,-0.282894,-0.743939
r2scan,sevennet_omni,Au110,ethanol,0.347331,-0.415386,-0.762718
r2scan,sevennet_omni,Au110,ethene,0.115954,-0.721645,-0.837599
r2scan,sevennet_omni,Au110,ethyl_acetate,0.333969,-0.284210,-0.618179
r2scan,sevennet_omni,Au110,ethylene,0.122035,-0.712597,-0.834632
r2scan,sevennet_omni,Au110,ethylene_glycol,0.062751,-0.461689,-0.524440
r2scan,sevennet_omni,Au110,eugenol,0.252466,-0.485550,-0.738015
r2scan,sevennet_omni,Au110,formaldehyde,0.307761,-0.322174,-0.629935
r2scan,sevennet_omni,Au110,formate,-2.846544,-1.934708,0.911836
r2scan,sevennet_omni,Au110,formic_acid,0.447027,-0.463303,-0.910330
r2scan,sevennet_omni,Au110,furan,-0.265733,-0.563778,-0.298045
r2scan,sevennet_omni,Au110,furfural,-0.176630,-0.824776,-0.648146
r2scan,sevennet_omni,Au110,furfuryl_alcohol,0.493832,-0.517548,-1.011380
r2scan,sevennet_omni,Au110,gamma_butyrolactone,0.521394,-0.255508,-0.776903
r2scan,sevennet_omni,Au110,gamma_valerolactone,0.395559,-0.327171,-0.722730
r2scan,sevennet_omni,Au110,gluconic_acid,0.459798,-0.573212,-1.033010
r2scan,sevennet_omni,Au110,glutaric_acid,0.085421,-0.497246,-0.582666
r2scan,sevennet_omni,Au110,glycerol,0.349832,-0.611664,-0.961495
r2scan,sevennet_omni,Au110,glycolic_acid,0.333286,-0.384251,-0.717536
r2scan,sevennet_omni,Au110,guaiacol,0.236586,-0.436089,-0.672675
r2scan,sevennet_omni,Au110,heptane,0.310753,-0.384537,-0.695290
r2scan,sevennet_omni,Au110,hexanal,0.317688,-0.475670,-0.793358
r2scan,sevennet_omni,Au110,hexane,0.114444,-0.423309,-0.537753
r2scan,sevennet_omni,Au110,hydroquinone,-7.283811,-0.277092,7.006719
r2scan,sevennet_omni,Au110,hydroxyacetaldehyde,0.465852,-0.315926,-0.781778
r2scan,sevennet_omni,Au110,isobutane,0.406950,-0.323082,-0.730032
r2scan,sevennet_omni,Au110,isobutene,-0.079049,-0.486359,-0.407309
r2scan,sevennet_omni,Au110,isoeugenol,0.528264,-0.193817,-0.722081
r2scan,sevennet_omni,Au110,isopentane,0.303727,-0.367584,-0.671311
r2scan,sevennet_omni,Au110,isoprene,-0.169721,-1.012054,-0.842334
r2scan,sevennet_omni,Au110,isopropanol,0.224520,-0.462608,-0.687128
r2scan,sevennet_omni,Au110,lactic_acid,0.254088,-0.407829,-0.661917
r2scan,sevennet_omni,Au110,levoglucosan,-4.345379,-0.343025,4.002354
r2scan,sevennet_omni,Au110,malonic_acid,0.055986,-0.612686,-0.668672
r2scan,sevennet_omni,Au110,methane,0.517793,-0.438448,-0.956241
r2scan,sevennet_omni,Au110,methanol,0.259528,-0.380489,-0.640017
r2scan,sevennet_omni,Au110,methylcyclopentenolone,0.477851,-0.279282,-0.757133
r2scan,sevennet_omni,Au110,methylethylketone,0.488559,-0.507629,-0.996188
r2scan,sevennet_omni,Au110,muconic_acid,0.038045,-0.741524,-0.779569
r2scan,sevennet_omni,Au110,octane,0.276210,-0.540390,-0.816600
r2scan,sevennet_omni,Au110,oxalic_acid,0.292844,-0.579308,-0.872151
r2scan,sevennet_omni,Au110,pentane,0.418424,-0.319641,-0.738065
r2scan,sevennet_omni,Au110,pentanol,0.101669,-0.503326,-0.604995
r2scan,sevennet_omni,Au110,phenol,0.360373,-0.298683,-0.659057
r2scan,sevennet_omni,Au110,propanal,0.323101,-0.330853,-0.653954
r2scan,sevennet_omni,Au110,propane,0.372607,-0.295097,-0.667704
r2scan,sevennet_omni,Au110,propanol,0.233270,-0.436962,-0.670232
r2scan,sevennet_omni,Au110,propene,0.165020,-0.540016,-0.705036
r2scan,sevennet_omni,Au110,propionic_acid,0.171114,-0.460052,-0.631167
r2scan,sevennet_omni,Au110,propyl_syringol,0.494382,-0.319626,-0.814007
r2scan,sevennet_omni,Au110,pyrrole,0.352188,-0.638145,-0.990333
r2scan,sevennet_omni,Au110,pyruvic_acid,0.197802,-0.542030,-0.739832
r2scan,sevennet_omni,Au110,sorbitol,-6.849566,-0.837906,6.011661
r2scan,sevennet_omni,Au110,syringaldehyde,0.796935,-0.303543,-1.100478
r2scan,sevennet_omni,Au110,syringol,0.754514,-0.242584,-0.997099
r2scan,sevennet_omni,Au110,tartaric_acid,0.232275,-0.610374,-0.842649
r2scan,sevennet_omni,Au110,thiophene,-0.438040,-0.496700,-0.058660
r2scan,sevennet_omni,Au110,toluene,0.387219,-0.239044,-0.626263
r2scan,sevennet_omni,Au110,valeraldehyde,0.298245,-0.453850,-0.752095
r2scan,sevennet_omni,Au110,vanillin,0.159946,-0.497459,-0.657406
r2scan,sevennet_omni,Au110,xylene,0.345638,-0.161613,-0.507251
r2scan,sevennet_omni,Au110,xylitol,0.264704,-0.451004,-0.715708
r2scan,sevennet_omni,Au111,CO2,0.102859,-0.397263,-0.500121
r2scan,sevennet_omni,Au111,ethene,0.024275,-0.192854,-0.217129
r2scan,sevennet_omni,Au111,glycerol,0.262698,-0.587471,-0.850169
r2scan,sevennet_omni,Au111,isopropanol,0.263387,-0.328651,-0.592039
r2scan,sevennet_omni,Au111,propane,0.314647,-0.243813,-0.558460
r2scan,sevennet_omni,Au111,propene,0.447503,-0.204445,-0.651948
r2scan,sevennet_omni,Co0001,"1,6-anhydroglucofuranose",0.921085,-0.176125,-1.097209
r2scan,sevennet_omni,Co0001,1-butanol,0.907045,-0.432243,-1.339288
r2scan,sevennet_omni,Co0001,1-butene,0.293189,-0.430130,-0.723319
r2scan,sevennet_omni,Co0001,1-pentene,0.667558,-0.546318,-1.213877
r2scan,sevennet_omni,Co0001,2-butanol,0.908950,-0.494118,-1.403068
r2scan,sevennet_omni,Co0001,2-butene,1.076641,-0.221939,-1.298580
r2scan,sevennet_omni,Co0001,2-ethylphenol,1.055059,-0.225929,-1.280989
r2scan,sevennet_omni,Co0001,2-pentanone,1.034723,-0.421204,-1.455927
r2scan,sevennet_omni,Co0001,3-MTHF,1.002791,-0.307610,-1.310401
r2scan,sevennet_omni,Co0001,3-hydroxypropionic_acid,0.909109,-0.174377,-1.083487
r2scan,sevennet_omni,Co0001,4-methylguaiacol,0.919779,-0.081718,-1.001498
r2scan,sevennet_omni,Co0001,5-HMF,0.798900,-0.459641,-1.258541
r2scan,sevennet_omni,Co0001,5-heptanone,0.971406,-0.597382,-1.568788
r2scan,sevennet_omni,Co0001,5-methylfurfural,0.855514,-0.255440,-1.110954
r2scan,sevennet_omni,Co0001,CH4,-0.398112,-0.503679,-0.105567
r2scan,sevennet_omni,Co0001,CO,-0.470656,-0.002327,0.468329
r2scan,sevennet_omni,Co0001,CO2,1.171224,-0.000263,-1.171487
r2scan,sevennet_omni,Co0001,D-fructofuranose,0.980408,-0.223389,-1.203796
r2scan,sevennet_omni,Co0001,D-xylopyranose,0.777075,-0.232758,-1.009832
r2scan,sevennet_omni,Co0001,DME,0.903358,-0.095329,-0.998687
r2scan,sevennet_omni,Co0001,DMSO,1.080425,-0.223953,-1.304378
r2scan,sevennet_omni,Co0001,H2,1.202189,-0.373386,-1.575575
r2scan,sevennet_omni,Co0001,H2O,0.966096,-0.014832,-0.980927
r2scan,sevennet_omni,Co0001,H2S,-1.827708,-3.461812,-1.634104
r2scan,sevennet_omni,Co0001,N2,0.697832,-0.846300,-1.544132
r2scan,sevennet_omni,Co0001,NH3,0.343675,-1.169937,-1.513612
r2scan,sevennet_omni,Co0001,NO,0.283508,0.001505,-0.282003
r2scan,sevennet_omni,Co0001,NO2,-1.954753,0.001778,1.956531
r2scan,sevennet_omni,Co0001,SO2,0.983182,0.002546,-0.980636
r2scan,sevennet_omni,Co0001,THF,1.117185,-0.243805,-1.360990
r2scan,sevennet_omni,Co0001,acetaldehyde,1.108072,-0.182774,-1.290845
r2scan,sevennet_omni,Co0001,acetic_acid,1.143468,-0.168152,-1.311620
r2scan,sevennet_omni,Co0001,acetone,1.091920,-0.319870,-1.411790
r2scan,sevennet_omni,Co0001,acetophenone,0.877596,-0.240486,-1.118082
r2scan,sevennet_omni,Co0001,alpha-D-glucopyranose,-0.866842,-0.503143,0.363698
r2scan,sevennet_omni,Co0001,angelica_lactone,1.083594,-0.165527,-1.249121
r2scan,sevennet_omni,Co0001,aniline,0.363539,-0.439865,-0.803404
r2scan,sevennet_omni,Co0001,benzaldehyde,0.803108,-0.254715,-1.057823
r2scan,sevennet_omni,Co0001,benzene,0.570896,-1.079849,-1.650746
r2scan,sevennet_omni,Co0001,butadiene,-0.326238,-2.331566,-2.005328
r2scan,sevennet_omni,Co0001,butanal,0.864987,-0.419716,-1.284703
r2scan,sevennet_omni,Co0001,butane,1.041780,-0.640373,-1.682153
r2scan,sevennet_omni,Co0001,butyric_acid,1.080693,-0.340744,-1.421437
r2scan,sevennet_omni,Co0001,caproic_acid,0.962320,-0.580971,-1.543291
r2scan,sevennet_omni,Co0001,cyclopentanone,1.026383,-0.282722,-1.309106
r2scan,sevennet_omni,Co0001,diethyl_ether,0.858106,-0.324493,-1.182600
r2scan,sevennet_omni,Co0001,dimethyl_succinate,0.942851,-0.180099,-1.122950
r2scan,sevennet_omni,Co0001,ethane,1.498223,-0.469952,-1.968175
r2scan,sevennet_omni,Co0001,ethanol,1.194250,-0.227852,-1.422102
r2scan,sevennet_omni,Co0001,ethene,0.414084,-1.033215,-1.447298
r2scan,sevennet_omni,Co0001,ethyl_acetate,1.143112,-0.222191,-1.365303
r2scan,sevennet_omni,Co0001,ethylene,0.230466,-1.332500,-1.562966
r2scan,sevennet_omni,Co0001,ethylene_glycol,1.038956,-0.285664,-1.324620
r2scan,sevennet_omni,Co0001,eugenol,0.605189,-0.231232,-0.836421
r2scan,sevennet_omni,Co0001,formaldehyde,0.897668,-0.066406,-0.964074
r2scan,sevennet_omni,Co0001,formate,0.241468,-0.094162,-0.335630
r2scan,sevennet_omni,Co0001,formic_acid,1.214964,-0.077816,-1.292780
r2scan,sevennet_omni,Co0001,furan,1.128240,-0.317837,-1.446077
r2scan,sevennet_omni,Co0001,furfural,0.406880,-0.545403,-0.952283
r2scan,sevennet_omni,Co0001,glycerol,0.961865,-0.465752,-1.427617
r2scan,sevennet_omni,Co0001,guaiacol,0.814126,-0.353706,-1.167832
r2scan,sevennet_omni,Co0001,heptane,0.907742,-0.828812,-1.736554
r2scan,sevennet_omni,Co0001,hexanal,0.909520,-0.591698,-1.501218
r2scan,sevennet_omni,Co0001,hexane,0.859153,-0.841003,-1.700157
r2scan,sevennet_omni,Co0001,isobutene,0.821567,-0.297241,-1.118808
r2scan,sevennet_omni,Co0001,isoprene,0.554843,-0.375061,-0.929904
r2scan,sevennet_omni,Co0001,isopropanol,1.068657,-0.357418,-1.426075
r2scan,sevennet_omni,Co0001,lactic_acid,1.084371,-0.095543,-1.179914
r2scan,sevennet_omni,Co0001,malonic_acid,1.998204,-0.354942,-2.353146
r2scan,sevennet_omni,Co0001,methane,1.123797,-0.503679,-1.627476
r2scan,sevennet_omni,Co0001,methanol,0.912017,-0.182339,-1.094356
r2scan,sevennet_omni,Co0001,methylcyclopentenolone,0.907911,-0.269714,-1.177626
r2scan,sevennet_omni,Co0001,methylethylketone,1.013632,-0.408417,-1.422049
r2scan,sevennet_omni,Co0001,muconic_acid,1.097507,-0.562408,-1.659915
r2scan,sevennet_omni,Co0001,propane,2.909402,-0.534405,-3.443806
r2scan,sevennet_omni,Co0001,propanol,1.076095,-0.370979,-1.447075
r2scan,sevennet_omni,Co0001,propene,0.465240,-0.259071,-0.724311
r2scan,sevennet_omni,Co0001,propionic_acid,1.050761,-0.220249,-1.271010
r2scan,sevennet_omni,Co0001,propyl_syringol,0.931788,-0.213333,-1.145122
r2scan,sevennet_omni,Co0001,pyrrole,0.813430,-0.648857,-1.462288
r2scan,sevennet_omni,Co0001,pyruvic_acid,0.927957,-0.257690,-1.185648
r2scan,sevennet_omni,Co0001,sorbitol,-6.849145,-0.705170,6.143976
r2scan,sevennet_omni,Co0001,styrene,-0.336117,-2.273041,-1.936923
r2scan,sevennet_omni,Co0001,toluene,0.827552,-0.379547,-1.207099
r2scan,sevennet_omni,Co0001,xylene,0.694568,-0.336403,-1.030971
r2scan,sevennet_omni,Co0001,xylitol,0.826707,-0.569534,-1.396242
r2scan,sevennet_omni,Cu100,1-butene,-0.051610,-0.298035,-0.246425
r2scan,sevennet_omni,Cu100,1-pentene,0.158485,-0.470146,-0.628631
r2scan,sevennet_omni,Cu100,2-pentanone,-0.246176,-0.702148,-0.455972
r2scan,sevennet_omni,Cu100,3-MTHF,-0.275425,-0.185379,0.090046
r2scan,sevennet_omni,Cu100,3-hydroxypropionic_acid,-0.378960,-0.729950,-0.350990
r2scan,sevennet_omni,Cu100,5-HMF,-1.139809,-0.680954,0.458855
r2scan,sevennet_omni,Cu100,5-heptanone,0.066013,-0.698746,-0.764758
r2scan,sevennet_omni,Cu100,CO,-0.643117,-1.192329,-0.549213
r2scan,sevennet_omni,Cu100,CO2,0.121635,-0.359592,-0.481227
r2scan,sevennet_omni,Cu100,DME,-0.219224,-0.274284,-0.055060
r2scan,sevennet_omni,Cu100,H2O,-0.154422,-0.565048,-0.410626
r2scan,sevennet_omni,Cu100,acetaldehyde,-0.153771,-0.602451,-0.448681
r2scan,sevennet_omni,Cu100,acetic_acid,-0.297445,-0.745911,-0.448466
r2scan,sevennet_omni,Cu100,benzene,-0.230303,-0.477432,-0.247129
r2scan,sevennet_omni,Cu100,butadiene,-0.596730,-1.009296,-0.412566
r2scan,sevennet_omni,Cu100,butyric_acid,-0.278205,-0.694817,-0.416612
r2scan,sevennet_omni,Cu100,caproic_acid,-0.347701,-0.761879,-0.414178
r2scan,sevennet_omni,Cu100,cyclopentanone,-0.217003,-0.520203,-0.303200
r2scan,sevennet_omni,Cu100,ethane,0.130669,-0.314800,-0.445469
r2scan,sevennet_omni,Cu100,ethanol,-0.208993,-0.503120,-0.294127
r2scan,sevennet_omni,Cu100,ethene,-0.001031,-0.231243,-0.230212
r2scan,sevennet_omni,Cu100,ethylene,0.017649,-0.466640,-0.484290
r2scan,sevennet_omni,Cu100,formic_acid,-0.205827,-0.528181,-0.322354
r2scan,sevennet_omni,Cu100,furfural,-0.386029,-1.110924,-0.724894
r2scan,sevennet_omni,Cu100,glycerol,-0.513579,-0.844528,-0.330949
r2scan,sevennet_omni,Cu100,isobutene,-0.134705,-0.234772,-0.100067
r2scan,sevennet_omni,Cu100,isoprene,-0.263371,-0.795135,-0.531764
r2scan,sevennet_omni,Cu100,isopropanol,-0.208226,-0.553711,-0.345484
r2scan,sevennet_omni,Cu100,lactic_acid,-0.185229,-0.584961,-0.399732
r2scan,sevennet_omni,Cu100,methanol,-0.191448,-0.473202,-0.281754
r2scan,sevennet_omni,Cu100,propane,0.122263,-0.324413,-0.446677
r2scan,sevennet_omni,Cu100,propanol,-0.212401,-0.574657,-0.362256
r2scan,sevennet_omni,Cu100,propene,0.149291,-0.226753,-0.376044
r2scan,sevennet_omni,Cu100,propionic_acid,-0.270780,-0.684788,-0.414008
r2scan,sevennet_omni,Cu100,pyruvic_acid,-0.543857,-0.830902,-0.287045
r2scan,sevennet_omni,Cu100,toluene,-0.083234,-0.265366,-0.182132
r2scan,sevennet_omni,Cu110,ethene,-0.431379,-0.805502,-0.374123
r2scan,sevennet_omni,Cu110,isopropanol,-0.394902,-0.724026,-0.329124
r2scan,sevennet_omni,Cu110,propane,0.039616,-0.420559,-0.460175
r2scan,sevennet_omni,Cu110,propanol,-0.383668,-0.686764,-0.303095
r2scan,sevennet_omni,Cu110,propene,-0.443002,-0.635105,-0.192103
r2scan,sevennet_omni,Cu111,1-butene,0.054008,-0.285873,-0.339882
r2scan,sevennet_omni,Cu111,1-pentene,-0.035088,-0.329315,-0.294227
r2scan,sevennet_omni,Cu111,2-pentanone,-0.161482,-0.519897,-0.358416
r2scan,sevennet_omni,Cu111,3-MTHF,-0.076724,-0.175468,-0.098745
r2scan,sevennet_omni,Cu111,3-hydroxypropionic_acid,-0.220985,-0.543182,-0.322197
r2scan,sevennet_omni,Cu111,5-HMF,-1.321903,-0.662521,0.659382
r2scan,sevennet_omni,Cu111,5-heptanone,0.066330,-0.492340,-0.558670
r2scan,sevennet_omni,Cu111,CO,-0.823690,-1.240349,-0.416659
r2scan,sevennet_omni,Cu111,CO2,0.167776,-0.363129,-0.530904
r2scan,sevennet_omni,Cu111,DME,-0.133568,-0.216393,-0.082824
r2scan,sevennet_omni,Cu111,H2O,0.093692,-0.475266,-0.568958
r2scan,sevennet_omni,Cu111,acetaldehyde,-0.112176,-0.449894,-0.337717
r2scan,sevennet_omni,Cu111,acetic_acid,-0.236629,-0.590637,-0.354009
r2scan,sevennet_omni,Cu111,benzene,0.063809,-0.205856,-0.269665
r2scan,sevennet_omni,Cu111,butadiene,-0.044935,-0.331287,-0.286352
r2scan,sevennet_omni,Cu111,butyric_acid,-0.210593,-0.529121,-0.318528
r2scan,sevennet_omni,Cu111,caproic_acid,-0.326195,-0.627205,-0.301010
r2scan,sevennet_omni,Cu111,cyclopentanone,-0.161151,-0.333862,-0.172711
r2scan,sevennet_omni,Cu111,ethane,0.138433,-0.287235,-0.425668
r2scan,sevennet_omni,Cu111,ethanol,-0.023369,-0.380516,-0.357147
r2scan,sevennet_omni,Cu111,ethene,0.105018,-0.185497,-0.290515
r2scan,sevennet_omni,Cu111,ethylene,0.115536,-0.185345,-0.300881
r2scan,sevennet_omni,Cu111,formic_acid,0.011310,-0.384293,-0.395603
r2scan,sevennet_omni,Cu111,furfural,-0.025573,-0.649467,-0.623895
r2scan,sevennet_omni,Cu111,glycerol,-0.291969,-0.626617,-0.334648
r2scan,sevennet_omni,Cu111,isobutene,0.059032,-0.207481,-0.266514
r2scan,sevennet_omni,Cu111,isoprene,0.088027,-0.253143,-0.341171
r2scan,sevennet_omni,Cu111,isopropanol,-0.087258,-0.429443,-0.342185
r2scan,sevennet_omni,Cu111,lactic_acid,-0.220332,-0.417015,-0.196683
r2scan,sevennet_omni,Cu111,methanol,-0.093147,-0.358334,-0.265187
r2scan,sevennet_omni,Cu111,propane,0.124226,-0.307564,-0.431789
r2scan,sevennet_omni,Cu111,propanol,-0.135156,-0.438148,-0.302992
r2scan,sevennet_omni,Cu111,propene,0.099538,-0.206791,-0.306329
r2scan,sevennet_omni,Cu111,propionic_acid,-0.253627,-0.531746,-0.278119
r2scan,sevennet_omni,Cu111,pyruvic_acid,-0.100765,-0.561226,-0.460460
r2scan,sevennet_omni,Cu111,toluene,0.003500,-0.240524,-0.244025
r2scan,sevennet_omni,Fe111,1-pentene,2.826763,-1.200066,-4.026828
r2scan,sevennet_omni,Fe111,2-pentanone,4.016979,-0.512146,-4.529125
r2scan,sevennet_omni,Fe111,3-MTHF,2.980080,-0.167587,-3.147667
r2scan,sevennet_omni,Fe111,3-hydroxypropionic_acid,4.101022,-0.275513,-4.376535
r2scan,sevennet_omni,Fe111,5-HMF,2.491227,-0.056625,-2.547852
r2scan,sevennet_omni,Fe111,CO,2.304945,-0.006935,-2.311880
r2scan,sevennet_omni,Fe111,DME,5.362629,-0.084953,-5.447582
r2scan,sevennet_omni,Fe111,H2O,3.572337,0.000183,-3.572154
r2scan,sevennet_omni,Fe111,acetaldehyde,7.484781,-0.203800,-7.688581
r2scan,sevennet_omni,Fe111,acetic_acid,4.408191,-0.177094,-4.585285
r2scan,sevennet_omni,Fe111,benzene,6.191729,-1.591263,-7.782992
r2scan,sevennet_omni,Fe111,butyric_acid,3.142992,-0.367081,-3.510073
r2scan,sevennet_omni,Fe111,caproic_acid,3.112874,-0.593971,-3.706845
r2scan,sevennet_omni,Fe111,cyclopentanone,5.150634,-0.259590,-5.410224
r2scan,sevennet_omni,Fe111,ethane,5.615973,-0.513042,-6.129015
r2scan,sevennet_omni,Fe111,ethanol,3.133539,-0.233589,-3.367128
r2scan,sevennet_omni,Fe111,formic_acid,3.660732,-0.024717,-3.685449
r2scan,sevennet_omni,Fe111,furfural,4.207297,-0.299278,-4.506575
r2scan,sevennet_omni,Fe111,glycerol,3.057781,-0.391777,-3.449558
r2scan,sevennet_omni,Fe111,isobutene,5.748267,-0.907166,-6.655432
r2scan,sevennet_omni,Fe111,isopropanol,4.072893,-0.360165,-4.433058
r2scan,sevennet_omni,Fe111,lactic_acid,4.098946,-0.136650,-4.235596
r2scan,sevennet_omni,Fe111,methanol,2.824920,-0.131985,-2.956905
r2scan,sevennet_omni,Fe111,propane,4.016022,-0.588570,-4.604592
r2scan,sevennet_omni,Fe111,propanol,4.599713,-0.372570,-4.972283
r2scan,sevennet_omni,Fe111,propionic_acid,7.376859,-0.263954,-7.640813
r2scan,sevennet_omni,Fe111,pyruvic_acid,6.083224,-0.268532,-6.351756
r2scan,sevennet_omni,Fe111,toluene,1.769907,-1.614418,-3.384325
r2scan,sevennet_omni,Ni100,CO2,0.011463,-0.049866,-0.061328
r2scan,sevennet_omni,Ni100,ethane,-0.037462,-0.473244,-0.435782
r2scan,sevennet_omni,Ni100,ethanol,-0.209225,-0.215370,-0.006145
r2scan,sevennet_omni,Ni100,ethene,-1.036462,-1.441219,-0.404758
r2scan,sevennet_omni,Ni100,glycerol,-0.249181,-0.550713,-0.301531
r2scan,sevennet_omni,Ni100,isopropanol,-1.753837,-0.334591,1.419246
r2scan,sevennet_omni,Ni100,propane,0.080992,-0.529896,-0.610888
r2scan,sevennet_omni,Ni100,propanol,-2.082575,-0.335060,1.747515
r2scan,sevennet_omni,Ni100,propene,-0.930862,-1.236794,-0.305932
r2scan,sevennet_omni,Ni110,CO2,0.633469,-0.008987,-0.642457
r2scan,sevennet_omni,Ni110,ethane,-0.330040,-0.511578,-0.181538
r2scan,sevennet_omni,Ni110,ethanol,-0.283567,-0.205074,0.078493
r2scan,sevennet_omni,Ni110,ethene,-1.380592,-1.561535,-0.180943
r2scan,sevennet_omni,Ni110,glycerol,-0.287237,-0.398705,-0.111468
r2scan,sevennet_omni,Ni110,isopropanol,-0.379455,-0.314785,0.064670
r2scan,sevennet_omni,Ni110,propane,-0.414469,-0.711155,-0.296686
r2scan,sevennet_omni,Ni110,propanol,-0.130605,-0.344582,-0.213977
r2scan,sevennet_omni,Ni110,propene,-1.336758,-1.461250,-0.124492
r2scan,sevennet_omni,Ni111,CO2,0.167936,-0.047195,-0.215132
r2scan,sevennet_omni,Ni111,ethane,0.022515,-0.441170,-0.463684
r2scan,sevennet_omni,Ni111,ethanol,0.018881,-0.204494,-0.223375
r2scan,sevennet_omni,Ni111,ethene,-0.784159,-1.246208,-0.462049
r2scan,sevennet_omni,Ni111,glycerol,-0.195241,-0.476982,-0.281741
r2scan,sevennet_omni,Ni111,isopropanol,0.002273,-0.288464,-0.290736
r2scan,sevennet_omni,Ni111,propane,-0.055824,-0.508961,-0.453137
r2scan,sevennet_omni,Ni111,propanol,-0.039137,-0.329842,-0.290705
r2scan,sevennet_omni,Ni111,propene,-0.559300,-1.171528,-0.612228
r2scan,sevennet_omni,Pd100,CO2,-0.011999,-0.471163,-0.459164
r2scan,sevennet_omni,Pd100,ethane,0.124356,-0.513893,-0.638249
r2scan,sevennet_omni,Pd100,ethanol,-0.077738,-0.706497,-0.628759
r2scan,sevennet_omni,Pd100,ethene,-0.921841,-1.439617,-0.517776
r2scan,sevennet_omni,Pd100,glycerol,-0.171535,-0.945259,-0.773724
r2scan,sevennet_omni,Pd100,isopropanol,-0.022033,-0.819695,-0.797661
r2scan,sevennet_omni,Pd100,propane,0.091393,-0.618076,-0.709469
r2scan,sevennet_omni,Pd100,propanol,-0.012474,-0.796852,-0.784378
r2scan,sevennet_omni,Pd100,propene,-1.013176,-1.461826,-0.448650
r2scan,sevennet_omni,Pd110,CO2,0.019815,-0.481079,-0.500894
r2scan,sevennet_omni,Pd110,ethane,-0.098791,-0.566826,-0.468035
r2scan,sevennet_omni,Pd110,ethanol,-0.014446,-0.819378,-0.804932
r2scan,sevennet_omni,Pd110,ethene,-1.259789,-1.601023,-0.341234
r2scan,sevennet_omni,Pd110,glycerol,-0.625744,-1.266991,-0.641246
r2scan,sevennet_omni,Pd110,isopropanol,-0.160566,-0.928234,-0.767668
r2scan,sevennet_omni,Pd110,propane,-0.154920,-0.604557,-0.449637
r2scan,sevennet_omni,Pd110,propanol,-0.167952,-0.894321,-0.726370
r2scan,sevennet_omni,Pd110,propene,-1.170191,-1.537083,-0.366892
r2scan,sevennet_omni,Pd111,CO2,0.047327,-0.447756,-0.495082
r2scan,sevennet_omni,Pd111,ethane,0.372454,-0.455055,-0.827509
r2scan,sevennet_omni,Pd111,ethanol,0.162830,-0.673756,-0.836585
r2scan,sevennet_omni,Pd111,ethene,-0.841330,-1.265545,-0.424215
r2scan,sevennet_omni,Pd111,glycerol,0.091683,-1.008171,-1.099854
r2scan,sevennet_omni,Pd111,isopropanol,0.144185,-0.766689,-0.910874
r2scan,sevennet_omni,Pd111,propane,0.217863,-0.472294,-0.690157
r2scan,sevennet_omni,Pd111,propanol,0.054292,-0.712898,-0.767190
r2scan,sevennet_omni,Pd111,propene,-0.631717,-1.175846,-0.544129
r2scan,sevennet_omni,Pt100,CO2,-0.022218,-0.509066,-0.486848
r2scan,sevennet_omni,Pt100,ethane,0.385165,-0.483349,-0.868514
r2scan,sevennet_omni,Pt100,ethanol,0.284814,-0.709301,-0.994115
r2scan,sevennet_omni,Pt100,ethene,-1.384339,-1.614788,-0.230449
r2scan,sevennet_omni,Pt100,glycerol,0.191501,-1.045982,-1.237483
r2scan,sevennet_omni,Pt100,isopropanol,0.281353,-0.789364,-1.070717
r2scan,sevennet_omni,Pt100,propane,0.431783,-0.544270,-0.976052
r2scan,sevennet_omni,Pt100,propanol,0.249757,-0.805489,-1.055246
r2scan,sevennet_omni,Pt100,propene,-1.161979,-1.820869,-0.658890
r2scan,sevennet_omni,Pt110,CO2,0.040729,-0.497896,-0.538626
r2scan,sevennet_omni,Pt110,ethane,0.162675,-0.558723,-0.721398
r2scan,sevennet_omni,Pt110,ethanol,0.346504,-0.900631,-1.247135
r2scan,sevennet_omni,Pt110,ethene,-1.423642,-2.087566,-0.663924
r2scan,sevennet_omni,Pt110,glycerol,-0.354909,-0.965134,-0.610225
r2scan,sevennet_omni,Pt110,isopropanol,0.190303,-0.976223,-1.166526
r2scan,sevennet_omni,Pt110,propane,0.313227,-0.648808,-0.962035
r2scan,sevennet_omni,Pt110,propanol,0.387352,-0.936745,-1.324097
r2scan,sevennet_omni,Pt110,propene,-0.883893,-1.705235,-0.821341
r2scan,sevennet_omni,Pt111,CO2,0.139984,-0.486696,-0.626680
r2scan,sevennet_omni,Pt111,ethane,0.665243,-0.433994,-1.099237
r2scan,sevennet_omni,Pt111,ethanol,0.440529,-0.598709,-1.039238
r2scan,sevennet_omni,Pt111,ethene,-0.915283,-1.323864,-0.408581
r2scan,sevennet_omni,Pt111,glycerol,0.193289,-0.816826,-1.010115
r2scan,sevennet_omni,Pt111,isopropanol,0.479393,-0.709160,-1.188552
r2scan,sevennet_omni,Pt111,propane,0.597551,-0.462776,-1.060327
r2scan,sevennet_omni,Pt111,propanol,0.314478,-0.727577,-1.042055
r2scan,sevennet_omni,Pt111,propene,-1.140563,-1.681343,-0.540780
