role,name,functional,required_composition,required_slab_cell_A,required_potentials,affected_missing_cells,cells
slab,Ag110,pbe,"{""Ag"": 24}","[[12.27, 0.0, 0.0], [0.0, 5.784133470105959, 0.0], [0.0, 0.0, 34.33810010257947]]","{""Ag"": ""PAW_PBE Ag 02Apr2005""}",42,"[[""Ag110"", ""CH3"", ""pbe"", ""SPE""], [""Ag110"", ""CH3"", ""pbe"", ""relaxed""], [""Ag110"", ""CO"", ""pbe"", ""SPE""], [""Ag110"", ""CO"", ""pbe"", ""relaxed""], [""Ag110"", ""CO2"", ""pbe"", ""SPE""], [""Ag110"", ""CO2"", ""pbe"", ""relaxed""], [""Ag110"", ""DME"", ""pbe"", ""SPE""], [""Ag110"", ""DME"", ""pbe"", ""relaxed""], [""Ag110"", ""H2"", ""pbe"", ""SPE""], [""Ag110"", ""H2O"", ""pbe"", ""SPE""], [""Ag110"", ""H2O"", ""pbe"", ""relaxed""], [""Ag110"", ""H2S"", ""pbe"", ""SPE""], [""Ag110"", ""H2S"", ""pbe"", ""relaxed""], [""Ag110"", ""N2"", ""pbe"", ""SPE""], [""Ag110"", ""N2"", ""pbe"", ""relaxed""], [""Ag110"", ""NH3"", ""pbe"", ""SPE""], [""Ag110"", ""NH3"", ""pbe"", ""relaxed""], [""Ag110"", ""NO"", ""pbe"", ""SPE""], [""Ag110"", ""NO"", ""pbe"", ""relaxed""], [""Ag110"", ""O2"", ""pbe"", ""SPE""], [""Ag110"", ""SO2"", ""pbe"", ""SPE""], [""Ag110"", ""SO2"", ""pbe"", ""relaxed""], [""Ag110"", ""acetaldehyde"", ""pbe"", ""SPE""], [""Ag110"", ""acetaldehyde"", ""pbe"", ""relaxed""], [""Ag110"", ""acetic_acid"", ""pbe"", ""SPE""], [""Ag110"", ""acetic_acid"", ""pbe"", ""relaxed""], [""Ag110"", ""ethane"", ""pbe"", ""SPE""], [""Ag110"", ""ethane"", ""pbe"", ""relaxed""], [""Ag110"", ""ethene"", ""pbe"", ""SPE""], [""Ag110"", ""ethene"", ""pbe"", ""relaxed""], [""Ag110"", ""formaldehyde"", ""pbe"", ""SPE""], [""Ag110"", ""formaldehyde"", ""pbe"", ""relaxed""], [""Ag110"", ""formate"", ""pbe"", ""SPE""], [""Ag110"", ""formic_acid"", ""pbe"", ""SPE""], [""Ag110"", ""formic_acid"", ""pbe"", ""relaxed""], [""Ag110"", ""glycerol"", ""pbe"", ""SPE""], [""Ag110"", ""methane"", ""pbe"", ""SPE""], [""Ag110"", ""methane"", ""pbe"", ""relaxed""], [""Ag110"", ""methanol"", ""pbe"", ""SPE""], [""Ag110"", ""methanol"", ""pbe"", ""relaxed""], [""Ag110"", ""propane"", ""pbe"", ""SPE""], [""Ag110"", ""propene"", ""pbe"", ""SPE""]]"
slab,Ag110,pbe_d3,"{""Ag"": 24}","[[12.27, 0.0, 0.0], [0.0, 5.784133470105959, 0.0], [0.0, 0.0, 34.33810010257947]]","{""Ag"": ""PAW_PBE Ag 02Apr2005""}",42,"[[""Ag110"", ""CH3"", ""pbe_d3"", ""SPE""], [""Ag110"", ""CH3"", ""pbe_d3"", ""relaxed""], [""Ag110"", ""CO"", ""pbe_d3"", ""SPE""], [""Ag110"", ""CO"", ""pbe_d3"", ""relaxed""], [""Ag110"", ""CO2"", ""pbe_d3"", ""SPE""], [""Ag110"", ""CO2"", ""pbe_d3"", ""relaxed""], [""Ag110"", ""DME"", ""pbe_d3"", ""SPE""], [""Ag110"", ""DME"", ""pbe_d3"", ""relaxed""], [""Ag110"", ""H2"", ""pbe_d3"", ""SPE""], [""Ag110"", ""H2O"", ""pbe_d3"", ""SPE""], [""Ag110"", ""H2O"", ""pbe_d3"", ""relaxed""], [""Ag110"", ""H2S"", ""pbe_d3"", ""SPE""], [""Ag110"", ""H2S"", ""pbe_d3"", ""relaxed""], [""Ag110"", ""N2"", ""pbe_d3"", ""SPE""], [""Ag110"", ""N2"", ""pbe_d3"", ""relaxed""], [""Ag110"", ""NH3"", ""pbe_d3"", ""SPE""], [""Ag110"", ""NH3"", ""pbe_d3"", ""relaxed""], [""Ag110"", ""NO"", ""pbe_d3"", ""SPE""], [""Ag110"", ""NO"", ""pbe_d3"", ""relaxed""], [""Ag110"", ""O2"", ""pbe_d3"", ""SPE""], [""Ag110"", ""SO2"", ""pbe_d3"", ""SPE""], [""Ag110"", ""SO2"", ""pbe_d3"", ""relaxed""], [""Ag110"", ""acetaldehyde"", ""pbe_d3"", ""SPE""], [""Ag110"", ""acetaldehyde"", ""pbe_d3"", ""relaxed""], [""Ag110"", ""acetic_acid"", ""pbe_d3"", ""SPE""], [""Ag110"", ""acetic_acid"", ""pbe_d3"", ""relaxed""], [""Ag110"", ""ethane"", ""pbe_d3"", ""SPE""], [""Ag110"", ""ethane"", ""pbe_d3"", ""relaxed""], [""Ag110"", ""ethene"", ""pbe_d3"", ""SPE""], [""Ag110"", ""ethene"", ""pbe_d3"", ""relaxed""], [""Ag110"", ""formaldehyde"", ""pbe_d3"", ""SPE""], [""Ag110"", ""formaldehyde"", ""pbe_d3"", ""relaxed""], [""Ag110"", ""formate"", ""pbe_d3"", ""SPE""], [""Ag110"", ""formic_acid"", ""pbe_d3"", ""SPE""], [""Ag110"", ""formic_acid"", ""pbe_d3"", ""relaxed""], [""Ag110"", ""glycerol"", ""pbe_d3"", ""SPE""], [""Ag110"", ""methane"", ""pbe_d3"", ""SPE""], [""Ag110"", ""methane"", ""pbe_d3"", ""relaxed""], [""Ag110"", ""methanol"", ""pbe_d3"", ""SPE""], [""Ag110"", ""methanol"", ""pbe_d3"", ""relaxed""], [""Ag110"", ""propane"", ""pbe_d3"", ""SPE""], [""Ag110"", ""propene"", ""pbe_d3"", ""SPE""]]"
slab,Ag110,beef_vdw,"{""Ag"": 24}","[[12.27, 0.0, 0.0], [0.0, 5.784133470105959, 0.0], [0.0, 0.0, 34.33810010257947]]","{""Ag"": ""PAW_PBE Ag 02Apr2005""}",40,"[[""Ag110"", ""CH3"", ""beef_vdw"", ""SPE""], [""Ag110"", ""CH3"", ""beef_vdw"", ""relaxed""], [""Ag110"", ""CO"", ""beef_vdw"", ""SPE""], [""Ag110"", ""CO"", ""beef_vdw"", ""relaxed""], [""Ag110"", ""CO2"", ""beef_vdw"", ""SPE""], [""Ag110"", ""CO2"", ""beef_vdw"", ""relaxed""], [""Ag110"", ""DME"", ""beef_vdw"", ""SPE""], [""Ag110"", ""DME"", ""beef_vdw"", ""relaxed""], [""Ag110"", ""H2"", ""beef_vdw"", ""SPE""], [""Ag110"", ""H2O"", ""beef_vdw"", ""SPE""], [""Ag110"", ""H2S"", ""beef_vdw"", ""SPE""], [""Ag110"", ""H2S"", ""beef_vdw"", ""relaxed""], [""Ag110"", ""N2"", ""beef_vdw"", ""SPE""], [""Ag110"", ""N2"", ""beef_vdw"", ""relaxed""], [""Ag110"", ""NH3"", ""beef_vdw"", ""SPE""], [""Ag110"", ""NH3"", ""beef_vdw"", ""relaxed""], [""Ag110"", ""NO"", ""beef_vdw"", ""SPE""], [""Ag110"", ""O2"", ""beef_vdw"", ""SPE""], [""Ag110"", ""SO2"", ""beef_vdw"", ""SPE""], [""Ag110"", ""SO2"", ""beef_vdw"", ""relaxed""], [""Ag110"", ""acetaldehyde"", ""beef_vdw"", ""SPE""], [""Ag110"", ""acetaldehyde"", ""beef_vdw"", ""relaxed""], [""Ag110"", ""acetic_acid"", ""beef_vdw"", ""SPE""], [""Ag110"", ""acetic_acid"", ""beef_vdw"", ""relaxed""], [""Ag110"", ""ethane"", ""beef_vdw"", ""SPE""], [""Ag110"", ""ethane"", ""beef_vdw"", ""relaxed""], [""Ag110"", ""ethene"", ""beef_vdw"", ""SPE""], [""Ag110"", ""ethene"", ""beef_vdw"", ""relaxed""], [""Ag110"", ""formaldehyde"", ""beef_vdw"", ""SPE""], [""Ag110"", ""formaldehyde"", ""beef_vdw"", ""relaxed""], [""Ag110"", ""formate"", ""beef_vdw"", ""SPE""], [""Ag110"", ""formic_acid"", ""beef_vdw"", ""SPE""], [""Ag110"", ""formic_acid"", ""beef_vdw"", ""relaxed""], [""Ag110"", ""glycerol"", ""beef_vdw"", ""SPE""], [""Ag110"", ""methane"", ""beef_vdw"", ""SPE""], [""Ag110"", ""methane"", ""beef_vdw"", ""relaxed""], [""Ag110"", ""methanol"", ""beef_vdw"", ""SPE""], [""Ag110"", ""methanol"", ""beef_vdw"", ""relaxed""], [""Ag110"", ""propane"", ""beef_vdw"", ""SPE""], [""Ag110"", ""propene"", ""beef_vdw"", ""SPE""]]"
slab,Ag110,r2scan,"{""Ag"": 24}","[[12.27, 0.0, 0.0], [0.0, 5.784133470105959, 0.0], [0.0, 0.0, 34.33810010257947]]","{""Ag"": ""PAW_PBE Ag 02Apr2005""}",40,"[[""Ag110"", ""CH3"", ""r2scan"", ""SPE""], [""Ag110"", ""CH3"", ""r2scan"", ""relaxed""], [""Ag110"", ""CO"", ""r2scan"", ""SPE""], [""Ag110"", ""CO"", ""r2scan"", ""relaxed""], [""Ag110"", ""CO2"", ""r2scan"", ""SPE""], [""Ag110"", ""CO2"", ""r2scan"", ""relaxed""], [""Ag110"", ""DME"", ""r2scan"", ""SPE""], [""Ag110"", ""DME"", ""r2scan"", ""relaxed""], [""Ag110"", ""H2"", ""r2scan"", ""SPE""], [""Ag110"", ""H2O"", ""r2scan"", ""SPE""], [""Ag110"", ""H2O"", ""r2scan"", ""relaxed""], [""Ag110"", ""H2S"", ""r2scan"", ""SPE""], [""Ag110"", ""H2S"", ""r2scan"", ""relaxed""], [""Ag110"", ""N2"", ""r2scan"", ""SPE""], [""Ag110"", ""N2"", ""r2scan"", ""relaxed""], [""Ag110"", ""NH3"", ""r2scan"", ""SPE""], [""Ag110"", ""NH3"", ""r2scan"", ""relaxed""], [""Ag110"", ""NO"", ""r2scan"", ""SPE""], [""Ag110"", ""NO"", ""r2scan"", ""relaxed""], [""Ag110"", ""O2"", ""r2scan"", ""SPE""], [""Ag110"", ""SO2"", ""r2scan"", ""SPE""], [""Ag110"", ""SO2"", ""r2scan"", ""relaxed""], [""Ag110"", ""acetaldehyde"", ""r2scan"", ""SPE""], [""Ag110"", ""acetaldehyde"", ""r2scan"", ""relaxed""], [""Ag110"", ""acetic_acid"", ""r2scan"", ""SPE""], [""Ag110"", ""acetic_acid"", ""r2scan"", ""relaxed""], [""Ag110"", ""ethane"", ""r2scan"", ""SPE""], [""Ag110"", ""ethene"", ""r2scan"", ""SPE""], [""Ag110"", ""formaldehyde"", ""r2scan"", ""SPE""], [""Ag110"", ""formaldehyde"", ""r2scan"", ""relaxed""], [""Ag110"", ""formate"", ""r2scan"", ""SPE""], [""Ag110"", ""formic_acid"", ""r2scan"", ""SPE""], [""Ag110"", ""formic_acid"", ""r2scan"", ""relaxed""], [""Ag110"", ""glycerol"", ""r2scan"", ""SPE""], [""Ag110"", ""methane"", ""r2scan"", ""SPE""], [""Ag110"", ""methane"", ""r2scan"", ""relaxed""], [""Ag110"", ""methanol"", ""r2scan"", ""SPE""], [""Ag110"", ""methanol"", ""r2scan"", ""relaxed""], [""Ag110"", ""propane"", ""r2scan"", ""SPE""], [""Ag110"", ""propene"", ""r2scan"", ""SPE""]]"
slab,Ag111,pbe,"{""Ag"": 36}","[[8.676200205158938, 0.0, 0.0], [4.338100102579471, 7.513809785987396, 0.0], [0.0, 0.0, 37.08408780295671]]","{""Ag"": ""PAW_PBE Ag 02Apr2005""}",39,"[[""Ag111"", ""CH3"", ""pbe"", ""SPE""], [""Ag111"", ""CH3"", ""pbe"", ""relaxed""], [""Ag111"", ""CO"", ""pbe"", ""SPE""], [""Ag111"", ""CO"", ""pbe"", ""relaxed""], [""Ag111"", ""DME"", ""pbe"", ""SPE""], [""Ag111"", ""DME"", ""pbe"", ""relaxed""], [""Ag111"", ""H2"", ""pbe"", ""SPE""], [""Ag111"", ""H2O"", ""pbe"", ""SPE""], [""Ag111"", ""H2O"", ""pbe"", ""relaxed""], [""Ag111"", ""H2S"", ""pbe"", ""SPE""], [""Ag111"", ""H2S"", ""pbe"", ""relaxed""], [""Ag111"", ""N2"", ""pbe"", ""SPE""], [""Ag111"", ""N2"", ""pbe"", ""relaxed""], [""Ag111"", ""NH3"", ""pbe"", ""SPE""], [""Ag111"", ""NH3"", ""pbe"", ""relaxed""], [""Ag111"", ""NO"", ""pbe"", ""SPE""], [""Ag111"", ""NO"", ""pbe"", ""relaxed""], [""Ag111"", ""O2"", ""pbe"", ""SPE""], [""Ag111"", ""SO2"", ""pbe"", ""SPE""], [""Ag111"", ""SO2"", ""pbe"", ""relaxed""], [""Ag111"", ""acetaldehyde"", ""pbe"", ""SPE""], [""Ag111"", ""acetaldehyde"", ""pbe"", ""relaxed""], [""Ag111"", ""acetic_acid"", ""pbe"", ""SPE""], [""Ag111"", ""acetic_acid"", ""pbe"", ""relaxed""], [""Ag111"", ""ethene"", ""pbe"", ""SPE""], [""Ag111"", ""ethene"", ""pbe"", ""relaxed""], [""Ag111"", ""formaldehyde"", ""pbe"", ""SPE""], [""Ag111"", ""formaldehyde"", ""pbe"", ""relaxed""], [""Ag111"", ""formate"", ""pbe"", ""SPE""], [""Ag111"", ""formic_acid"", ""pbe"", ""SPE""], [""Ag111"", ""formic_acid"", ""pbe"", ""relaxed""], [""Ag111"", ""glycerol"", ""pbe"", ""SPE""], [""Ag111"", ""isopropanol"", ""pbe"", ""SPE""], [""Ag111"", ""methane"", ""pbe"", ""SPE""], [""Ag111"", ""methane"", ""pbe"", ""relaxed""], [""Ag111"", ""methanol"", ""pbe"", ""SPE""], [""Ag111"", ""methanol"", ""pbe"", ""relaxed""], [""Ag111"", ""propane"", ""pbe"", ""SPE""], [""Ag111"", ""propene"", ""pbe"", ""SPE""]]"
slab,Ag100,pbe_d3,"{""Ag"": 36}","[[8.676200205158938, 0.0, 0.0], [0.0, 8.676200205158938, 0.0], [0.0, 0.0, 36.135]]","{""Ag"": ""PAW_PBE Ag 02Apr2005""}",38,"[[""Ag100"", ""CH3"", ""pbe_d3"", ""SPE""], [""Ag100"", ""CH3"", ""pbe_d3"", ""relaxed""], [""Ag100"", ""CO"", ""pbe_d3"", ""SPE""], [""Ag100"", ""CO"", ""pbe_d3"", ""relaxed""], [""Ag100"", ""DME"", ""pbe_d3"", ""SPE""], [""Ag100"", ""DME"", ""pbe_d3"", ""relaxed""], [""Ag100"", ""H2"", ""pbe_d3"", ""SPE""], [""Ag100"", ""H2O"", ""pbe_d3"", ""SPE""], [""Ag100"", ""H2O"", ""pbe_d3"", ""relaxed""], [""Ag100"", ""H2S"", ""pbe_d3"", ""SPE""], [""Ag100"", ""H2S"", ""pbe_d3"", ""relaxed""], [""Ag100"", ""N2"", ""pbe_d3"", ""SPE""], [""Ag100"", ""NH3"", ""pbe_d3"", ""SPE""], [""Ag100"", ""NH3"", ""pbe_d3"", ""relaxed""], [""Ag100"", ""NO"", ""pbe_d3"", ""SPE""], [""Ag100"", ""NO"", ""pbe_d3"", ""relaxed""], [""Ag100"", ""O2"", ""pbe_d3"", ""SPE""], [""Ag100"", ""SO2"", ""pbe_d3"", ""SPE""], [""Ag100"", ""SO2"", ""pbe_d3"", ""relaxed""], [""Ag100"", ""acetaldehyde"", ""pbe_d3"", ""SPE""], [""Ag100"", ""acetaldehyde"", ""pbe_d3"", ""relaxed""], [""Ag100"", ""acetic_acid"", ""pbe_d3"", ""SPE""], [""Ag100"", ""acetic_acid"", ""pbe_d3"", ""relaxed""], [""Ag100"", ""ethene"", ""pbe_d3"", ""SPE""], [""Ag100"", ""ethene"", ""pbe_d3"", ""relaxed""], [""Ag100"", ""formaldehyde"", ""pbe_d3"", ""SPE""], [""Ag100"", ""formaldehyde"", ""pbe_d3"", ""relaxed""], [""Ag100"", ""formate"", ""pbe_d3"", ""SPE""], [""Ag100"", ""formic_acid"", ""pbe_d3"", ""SPE""], [""Ag100"", ""formic_acid"", ""pbe_d3"", ""relaxed""], [""Ag100"", ""isopropanol"", ""pbe_d3"", ""SPE""], [""Ag100"", ""methane"", ""pbe_d3"", ""SPE""], [""Ag100"", ""methane"", ""pbe_d3"", ""relaxed""], [""Ag100"", ""methanol"", ""pbe_d3"", ""SPE""], [""Ag100"", ""methanol"", ""pbe_d3"", ""relaxed""], [""Ag100"", ""propane"", ""pbe_d3"", ""SPE""], [""Ag100"", ""propanol"", ""pbe_d3"", ""SPE""], [""Ag100"", ""propene"", ""pbe_d3"", ""SPE""]]"
slab,Ag111,beef_vdw,"{""Ag"": 36}","[[8.676200205158938, 0.0, 0.0], [4.338100102579471, 7.513809785987396, 0.0], [0.0, 0.0, 37.08408780295671]]","{""Ag"": ""PAW_PBE Ag 02Apr2005""}",38,"[[""Ag111"", ""CH3"", ""beef_vdw"", ""SPE""], [""Ag111"", ""CH3"", ""beef_vdw"", ""relaxed""], [""Ag111"", ""CO"", ""beef_vdw"", ""SPE""], [""Ag111"", ""CO"", ""beef_vdw"", ""relaxed""], [""Ag111"", ""DME"", ""beef_vdw"", ""SPE""], [""Ag111"", ""DME"", ""beef_vdw"", ""relaxed""], [""Ag111"", ""H2"", ""beef_vdw"", ""SPE""], [""Ag111"", ""H2O"", ""beef_vdw"", ""SPE""], [""Ag111"", ""H2O"", ""beef_vdw"", ""relaxed""], [""Ag111"", ""H2S"", ""beef_vdw"", ""SPE""], [""Ag111"", ""H2S"", ""beef_vdw"", ""relaxed""], [""Ag111"", ""N2"", ""beef_vdw"", ""SPE""], [""Ag111"", ""N2"", ""beef_vdw"", ""relaxed""], [""Ag111"", ""NH3"", ""beef_vdw"", ""SPE""], [""Ag111"", ""NH3"", ""beef_vdw"", ""relaxed""], [""Ag111"", ""NO"", ""beef_vdw"", ""SPE""], [""Ag111"", ""NO"", ""beef_vdw"", ""relaxed""], [""Ag111"", ""SO2"", ""beef_vdw"", ""SPE""], [""Ag111"", ""SO2"", ""beef_vdw"", ""relaxed""], [""Ag111"", ""acetaldehyde"", ""beef_vdw"", ""SPE""], [""Ag111"", ""acetaldehyde"", ""beef_vdw"", ""relaxed""], [""Ag111"", ""acetic_acid"", ""beef_vdw"", ""SPE""], [""Ag111"", ""acetic_acid"", ""beef_vdw"", ""relaxed""], [""Ag111"", ""ethene"", ""beef_vdw"", ""SPE""], [""Ag111"", ""ethene"", ""beef_vdw"", ""relaxed""], [""Ag111"", ""formaldehyde"", ""beef_vdw"", ""SPE""], [""Ag111"", ""formaldehyde"", ""beef_vdw"", ""relaxed""], [""Ag111"", ""formate"", ""beef_vdw"", ""SPE""], [""Ag111"", ""formic_acid"", ""beef_vdw"", ""SPE""], [""Ag111"", ""formic_acid"", ""beef_vdw"", ""relaxed""], [""Ag111"", ""glycerol"", ""beef_vdw"", ""SPE""], [""Ag111"", ""isopropanol"", ""beef_vdw"", ""SPE""], [""Ag111"", ""methane"", ""beef_vdw"", ""SPE""], [""Ag111"", ""methane"", ""beef_vdw"", ""relaxed""], [""Ag111"", ""methanol"", ""beef_vdw"", ""SPE""], [""Ag111"", ""methanol"", ""beef_vdw"", ""relaxed""], [""Ag111"", ""propane"", ""beef_vdw"", ""SPE""], [""Ag111"", ""propene"", ""beef_vdw"", ""SPE""]]"
slab,Ag111,pbe_d3,"{""Ag"": 36}","[[8.676200205158938, 0.0, 0.0], [4.338100102579471, 7.513809785987396, 0.0], [0.0, 0.0, 37.08408780295671]]","{""Ag"": ""PAW_PBE Ag 02Apr2005""}",38,"[[""Ag111"", ""CH3"", ""pbe_d3"", ""SPE""], [""Ag111"", ""CH3"", ""pbe_d3"", ""relaxed""], [""Ag111"", ""CO"", ""pbe_d3"", ""SPE""], [""Ag111"", ""CO"", ""pbe_d3"", ""relaxed""], [""Ag111"", ""DME"", ""pbe_d3"", ""SPE""], [""Ag111"", ""DME"", ""pbe_d3"", ""relaxed""], [""Ag111"", ""H2"", ""pbe_d3"", ""SPE""], [""Ag111"", ""H2O"", ""pbe_d3"", ""SPE""], [""Ag111"", ""H2O"", ""pbe_d3"", ""relaxed""], [""Ag111"", ""H2S"", ""pbe_d3"", ""SPE""], [""Ag111"", ""H2S"", ""pbe_d3"", ""relaxed""], [""Ag111"", ""N2"", ""pbe_d3"", ""SPE""], [""Ag111"", ""N2"", ""pbe_d3"", ""relaxed""], [""Ag111"", ""NH3"", ""pbe_d3"", ""SPE""], [""Ag111"", ""NH3"", ""pbe_d3"", ""relaxed""], [""Ag111"", ""NO"", ""pbe_d3"", ""SPE""], [""Ag111"", ""NO"", ""pbe_d3"", ""relaxed""], [""Ag111"", ""SO2"", ""pbe_d3"", ""SPE""], [""Ag111"", ""SO2"", ""pbe_d3"", ""relaxed""], [""Ag111"", ""acetaldehyde"", ""pbe_d3"", ""SPE""], [""Ag111"", ""acetaldehyde"", ""pbe_d3"", ""relaxed""], [""Ag111"", ""acetic_acid"", ""pbe_d3"", ""SPE""], [""Ag111"", ""acetic_acid"", ""pbe_d3"", ""relaxed""], [""Ag111"", ""ethene"", ""pbe_d3"", ""SPE""], [""Ag111"", ""ethene"", ""pbe_d3"", ""relaxed""], [""Ag111"", ""formaldehyde"", ""pbe_d3"", ""SPE""], [""Ag111"", ""formaldehyde"", ""pbe_d3"", ""relaxed""], [""Ag111"", ""formate"", ""pbe_d3"", ""SPE""], [""Ag111"", ""formic_acid"", ""pbe_d3"", ""SPE""], [""Ag111"", ""formic_acid"", ""pbe_d3"", ""relaxed""], [""Ag111"", ""glycerol"", ""pbe_d3"", ""SPE""], [""Ag111"", ""isopropanol"", ""pbe_d3"", ""SPE""], [""Ag111"", ""methane"", ""pbe_d3"", ""SPE""], [""Ag111"", ""methane"", ""pbe_d3"", ""relaxed""], [""Ag111"", ""methanol"", ""pbe_d3"", ""SPE""], [""Ag111"", ""methanol"", ""pbe_d3"", ""relaxed""], [""Ag111"", ""propane"", ""pbe_d3"", ""SPE""], [""Ag111"", ""propene"", ""pbe_d3"", ""SPE""]]"
molecule,CO2,pbe_d3,"{""C"": 1, ""O"": 2}",,"{""C"": ""PAW_PBE C 08Apr2002"", ""O"": ""PAW_PBE O 08Apr2002""}",37,"[[""Ag100"", ""CO2"", ""pbe_d3"", ""SPE""], [""Ag100"", ""CO2"", ""pbe_d3"", ""relaxed""], [""Ag110"", ""CO2"", ""pbe_d3"", ""SPE""], [""Ag110"", ""CO2"", ""pbe_d3"", ""relaxed""], [""Ag111"", ""CO2"", ""pbe_d3"", ""SPE""], [""Ag111"", ""CO2"", ""pbe_d3"", ""relaxed""], [""Au111"", ""CO2"", ""pbe_d3"", ""SPE""], [""Au111"", ""CO2"", ""pbe_d3"", ""relaxed""], [""Cu100"", ""CO2"", ""pbe_d3"", ""SPE""], [""Cu100"", ""CO2"", ""pbe_d3"", ""relaxed""], [""Cu110"", ""CO2"", ""pbe_d3"", ""SPE""], [""Cu110"", ""CO2"", ""pbe_d3"", ""relaxed""], [""Cu111"", ""CO2"", ""pbe_d3"", ""SPE""], [""Ir100"", ""CO2"", ""pbe_d3"", ""SPE""], [""Ir100"", ""CO2"", ""pbe_d3"", ""relaxed""], [""Ir110"", ""CO2"", ""pbe_d3"", ""SPE""], [""Ir110"", ""CO2"", ""pbe_d3"", ""relaxed""], [""Ir111"", ""CO2"", ""pbe_d3"", ""SPE""], [""Ir111"", ""CO2"", ""pbe_d3"", ""relaxed""], [""Pd100"", ""CO2"", ""pbe_d3"", ""SPE""], [""Pd100"", ""CO2"", ""pbe_d3"", ""relaxed""], [""Pd110"", ""CO2"", ""pbe_d3"", ""SPE""], [""Pd110"", ""CO2"", ""pbe_d3"", ""relaxed""], [""Pd111"", ""CO2"", ""pbe_d3"", ""SPE""], [""Pd111"", ""CO2"", ""pbe_d3"", ""relaxed""], [""Pt100"", ""CO2"", ""pbe_d3"", ""SPE""], [""Pt100"", ""CO2"", ""pbe_d3"", ""relaxed""], [""Pt110"", ""CO2"", ""pbe_d3"", ""SPE""], [""Pt110"", ""CO2"", ""pbe_d3"", ""relaxed""], [""Pt111"", ""CO2"", ""pbe_d3"", ""SPE""], [""Pt111"", ""CO2"", ""pbe_d3"", ""relaxed""], [""Rh100"", ""CO2"", ""pbe_d3"", ""SPE""], [""Rh100"", ""CO2"", ""pbe_d3"", ""relaxed""], [""Rh110"", ""CO2"", ""pbe_d3"", ""SPE""], [""Rh110"", ""CO2"", ""pbe_d3"", ""relaxed""], [""Rh111"", ""CO2"", ""pbe_d3"", ""SPE""], [""Rh111"", ""CO2"", ""pbe_d3"", ""relaxed""]]"
molecule,acetic_acid,pbe,"{""C"": 2, ""H"": 4, ""O"": 2}",,"{""C"": ""PAW_PBE C 08Apr2002"", ""H"": ""PAW_PBE H 15Jun2001"", ""O"": ""PAW_PBE O 08Apr2002""}",36,"[[""Ag100"", ""acetic_acid"", ""pbe"", ""SPE""], [""Ag100"", ""acetic_acid"", ""pbe"", ""relaxed""], [""Ag110"", ""acetic_acid"", ""pbe"", ""SPE""], [""Ag110"", ""acetic_acid"", ""pbe"", ""relaxed""], [""Ag111"", ""acetic_acid"", ""pbe"", ""SPE""], [""Ag111"", ""acetic_acid"", ""pbe"", ""relaxed""], [""Au111"", ""acetic_acid"", ""pbe"", ""SPE""], [""Au111"", ""acetic_acid"", ""pbe"", ""relaxed""], [""Cu100"", ""acetic_acid"", ""pbe"", ""SPE""], [""Cu100"", ""acetic_acid"", ""pbe"", ""relaxed""], [""Cu110"", ""acetic_acid"", ""pbe"", ""SPE""], [""Cu110"", ""acetic_acid"", ""pbe"", ""relaxed""], [""Cu111"", ""acetic_acid"", ""pbe"", ""SPE""], [""Cu111"", ""acetic_acid"", ""pbe"", ""relaxed""], [""Ir100"", ""acetic_acid"", ""pbe"", ""SPE""], [""Ir100"", ""acetic_acid"", ""pbe"", ""relaxed""], [""Ir110"", ""acetic_acid"", ""pbe"", ""SPE""], [""Ir110"", ""acetic_acid"", ""pbe"", ""relaxed""], [""Ir111"", ""acetic_acid"", ""pbe"", ""SPE""], [""Ir111"", ""acetic_acid"", ""pbe"", ""relaxed""], [""Pd100"", ""acetic_acid"", ""pbe"", ""SPE""], [""Pd100"", ""acetic_acid"", ""pbe"", ""relaxed""], [""Pd110"", ""acetic_acid"", ""pbe"", ""SPE""], [""Pd110"", ""acetic_acid"", ""pbe"", ""relaxed""], [""Pd111"", ""acetic_acid"", ""pbe"", ""SPE""], [""Pd111"", ""acetic_acid"", ""pbe"", ""relaxed""], [""Pt100"", ""acetic_acid"", ""pbe"", ""SPE""], [""Pt100"", ""acetic_acid"", ""pbe"", ""relaxed""], [""Pt110"", ""acetic_acid"", ""pbe"", ""SPE""], [""Pt110"", ""acetic_acid"", ""pbe"", ""relaxed""], [""Rh100"", ""acetic_acid"", ""pbe"", ""SPE""], [""Rh100"", ""acetic_acid"", ""pbe"", ""relaxed""], [""Rh110"", ""acetic_acid"", ""pbe"", ""SPE""], [""Rh110"", ""acetic_acid"", ""pbe"", ""relaxed""], [""Rh111"", ""acetic_acid"", ""pbe"", ""SPE""], [""Rh111"", ""acetic_acid"", ""pbe"", ""relaxed""]]"
molecule,acetic_acid,pbe_d3,"{""C"": 2, ""H"": 4, ""O"": 2}",,"{""C"": ""PAW_PBE C 08Apr2002"", ""H"": ""PAW_PBE H 15Jun2001"", ""O"": ""PAW_PBE O 08Apr2002""}",36,"[[""Ag100"", ""acetic_acid"", ""pbe_d3"", ""SPE""], [""Ag100"", ""acetic_acid"", ""pbe_d3"", ""relaxed""], [""Ag110"", ""acetic_acid"", ""pbe_d3"", ""SPE""], [""Ag110"", ""acetic_acid"", ""pbe_d3"", ""relaxed""], [""Ag111"", ""acetic_acid"", ""pbe_d3"", ""SPE""], [""Ag111"", ""acetic_acid"", ""pbe_d3"", ""relaxed""], [""Au111"", ""acetic_acid"", ""pbe_d3"", ""SPE""], [""Au111"", ""acetic_acid"", ""pbe_d3"", ""relaxed""], [""Cu100"", ""acetic_acid"", ""pbe_d3"", ""SPE""], [""Cu100"", ""acetic_acid"", ""pbe_d3"", ""relaxed""], [""Cu110"", ""acetic_acid"", ""pbe_d3"", ""SPE""], [""Cu110"", ""acetic_acid"", ""pbe_d3"", ""relaxed""], [""Cu111"", ""acetic_acid"", ""pbe_d3"", ""SPE""], [""Cu111"", ""acetic_acid"", ""pbe_d3"", ""relaxed""], [""Ir100"", ""acetic_acid"", ""pbe_d3"", ""SPE""], [""Ir100"", ""acetic_acid"", ""pbe_d3"", ""relaxed""], [""Ir110"", ""acetic_acid"", ""pbe_d3"", ""SPE""], [""Ir110"", ""acetic_acid"", ""pbe_d3"", ""relaxed""], [""Ir111"", ""acetic_acid"", ""pbe_d3"", ""SPE""], [""Ir111"", ""acetic_acid"", ""pbe_d3"", ""relaxed""], [""Pd100"", ""acetic_acid"", ""pbe_d3"", ""SPE""], [""Pd100"", ""acetic_acid"", ""pbe_d3"", ""relaxed""], [""Pd110"", ""acetic_acid"", ""pbe_d3"", ""SPE""], [""Pd110"", ""acetic_acid"", ""pbe_d3"", ""relaxed""], [""Pd111"", ""acetic_acid"", ""pbe_d3"", ""SPE""], [""Pd111"", ""acetic_acid"", ""pbe_d3"", ""relaxed""], [""Pt100"", ""acetic_acid"", ""pbe_d3"", ""SPE""], [""Pt100"", ""acetic_acid"", ""pbe_d3"", ""relaxed""], [""Pt110"", ""acetic_acid"", ""pbe_d3"", ""SPE""], [""Pt110"", ""acetic_acid"", ""pbe_d3"", ""relaxed""], [""Rh100"", ""acetic_acid"", ""pbe_d3"", ""SPE""], [""Rh100"", ""acetic_acid"", ""pbe_d3"", ""relaxed""], [""Rh110"", ""acetic_acid"", ""pbe_d3"", ""SPE""], [""Rh110"", ""acetic_acid"", ""pbe_d3"", ""relaxed""], [""Rh111"", ""acetic_acid"", ""pbe_d3"", ""SPE""], [""Rh111"", ""acetic_acid"", ""pbe_d3"", ""relaxed""]]"
slab,Ag100,beef_vdw,"{""Ag"": 36}","[[8.676200205158938, 0.0, 0.0], [0.0, 8.676200205158938, 0.0], [0.0, 0.0, 36.135]]","{""Ag"": ""PAW_PBE Ag 02Apr2005""}",36,"[[""Ag100"", ""CH3"", ""beef_vdw"", ""SPE""], [""Ag100"", ""CH3"", ""beef_vdw"", ""relaxed""], [""Ag100"", ""CO"", ""beef_vdw"", ""SPE""], [""Ag100"", ""DME"", ""beef_vdw"", ""SPE""], [""Ag100"", ""DME"", ""beef_vdw"", ""relaxed""], [""Ag100"", ""H2"", ""beef_vdw"", ""SPE""], [""Ag100"", ""H2O"", ""beef_vdw"", ""SPE""], [""Ag100"", ""H2S"", ""beef_vdw"", ""SPE""], [""Ag100"", ""H2S"", ""beef_vdw"", ""relaxed""], [""Ag100"", ""N2"", ""beef_vdw"", ""SPE""], [""Ag100"", ""NH3"", ""beef_vdw"", ""SPE""], [""Ag100"", ""NH3"", ""beef_vdw"", ""relaxed""], [""Ag100"", ""NO"", ""beef_vdw"", ""SPE""], [""Ag100"", ""NO"", ""beef_vdw"", ""relaxed""], [""Ag100"", ""O2"", ""beef_vdw"", ""SPE""], [""Ag100"", ""SO2"", ""beef_vdw"", ""SPE""], [""Ag100"", ""SO2"", ""beef_vdw"", ""relaxed""], [""Ag100"", ""acetaldehyde"", ""beef_vdw"", ""SPE""], [""Ag100"", ""acetaldehyde"", ""beef_vdw"", ""relaxed""], [""Ag100"", ""acetic_acid"", ""beef_vdw"", ""SPE""], [""Ag100"", ""acetic_acid"", ""beef_vdw"", ""relaxed""], [""Ag100"", ""ethene"", ""beef_vdw"", ""SPE""], [""Ag100"", ""ethene"", ""beef_vdw"", ""relaxed""], [""Ag100"", ""formaldehyde"", ""beef_vdw"", ""SPE""], [""Ag100"", ""formaldehyde"", ""beef_vdw"", ""relaxed""], [""Ag100"", ""formate"", ""beef_vdw"", ""SPE""], [""Ag100"", ""formic_acid"", ""beef_vdw"", ""SPE""], [""Ag100"", ""formic_acid"", ""beef_vdw"", ""relaxed""], [""Ag100"", ""isopropanol"", ""beef_vdw"", ""SPE""], [""Ag100"", ""methane"", ""beef_vdw"", ""SPE""], [""Ag100"", ""methane"", ""beef_vdw"", ""relaxed""], [""Ag100"", ""methanol"", ""beef_vdw"", ""SPE""], [""Ag100"", ""methanol"", ""beef_vdw"", ""relaxed""], [""Ag100"", ""propane"", ""beef_vdw"", ""SPE""], [""Ag100"", ""propanol"", ""beef_vdw"", ""SPE""], [""Ag100"", ""propene"", ""beef_vdw"", ""SPE""]]"
slab,Ag100,pbe,"{""Ag"": 36}","[[8.676200205158938, 0.0, 0.0], [0.0, 8.676200205158938, 0.0], [0.0, 0.0, 36.135]]","{""Ag"": ""PAW_PBE Ag 02Apr2005""}",36,"[[""Ag100"", ""CH3"", ""pbe"", ""SPE""], [""Ag100"", ""CH3"", ""pbe"", ""relaxed""], [""Ag100"", ""CO"", ""pbe"", ""SPE""], [""Ag100"", ""CO"", ""pbe"", ""relaxed""], [""Ag100"", ""DME"", ""pbe"", ""SPE""], [""Ag100"", ""DME"", ""pbe"", ""relaxed""], [""Ag100"", ""H2"", ""pbe"", ""SPE""], [""Ag100"", ""H2O"", ""pbe"", ""SPE""], [""Ag100"", ""H2O"", ""pbe"", ""relaxed""], [""Ag100"", ""H2S"", ""pbe"", ""SPE""], [""Ag100"", ""H2S"", ""pbe"", ""relaxed""], [""Ag100"", ""N2"", ""pbe"", ""SPE""], [""Ag100"", ""NH3"", ""pbe"", ""SPE""], [""Ag100"", ""NO"", ""pbe"", ""SPE""], [""Ag100"", ""O2"", ""pbe"", ""SPE""], [""Ag100"", ""SO2"", ""pbe"", ""SPE""], [""Ag100"", ""SO2"", ""pbe"", ""relaxed""], [""Ag100"", ""acetaldehyde"", ""pbe"", ""SPE""], [""Ag100"", ""acetaldehyde"", ""pbe"", ""relaxed""], [""Ag100"", ""acetic_acid"", ""pbe"", ""SPE""], [""Ag100"", ""acetic_acid"", ""pbe"", ""relaxed""], [""Ag100"", ""ethene"", ""pbe"", ""SPE""], [""Ag100"", ""ethene"", ""pbe"", ""relaxed""], [""Ag100"", ""formaldehyde"", ""pbe"", ""SPE""], [""Ag100"", ""formaldehyde"", ""pbe"", ""relaxed""], [""Ag100"", ""formate"", ""pbe"", ""SPE""], [""Ag100"", ""formic_acid"", ""pbe"", ""SPE""], [""Ag100"", ""formic_acid"", ""pbe"", ""relaxed""], [""Ag100"", ""isopropanol"", ""pbe"", ""SPE""], [""Ag100"", ""methane"", ""pbe"", ""SPE""], [""Ag100"", ""methane"", ""pbe"", ""relaxed""], [""Ag100"", ""methanol"", ""pbe"", ""SPE""], [""Ag100"", ""methanol"", ""pbe"", ""relaxed""], [""Ag100"", ""propane"", ""pbe"", ""SPE""], [""Ag100"", ""propanol"", ""pbe"", ""SPE""], [""Ag100"", ""propene"", ""pbe"", ""SPE""]]"
slab,Cu111,beef_vdw,"{""Cu"": 64}","[[10.210621920333747, 0.0, 0.0], [0.0, 8.842657971447272, 0.0], [0.0, 0.0, 36.25270341532365]]","{""Cu"": ""PAW_PBE Cu 22Jun2005""}",34,"[[""Cu111"", ""CH3"", ""beef_vdw"", ""SPE""], [""Cu111"", ""CH3"", ""beef_vdw"", ""relaxed""], [""Cu111"", ""CO"", ""beef_vdw"", ""SPE""], [""Cu111"", ""CO2"", ""beef_vdw"", ""SPE""], [""Cu111"", ""DME"", ""beef_vdw"", ""SPE""], [""Cu111"", ""DME"", ""beef_vdw"", ""relaxed""], [""Cu111"", ""H2O"", ""beef_vdw"", ""SPE""], [""Cu111"", ""H2O"", ""beef_vdw"", ""relaxed""], [""Cu111"", ""H2S"", ""beef_vdw"", ""SPE""], [""Cu111"", ""H2S"", ""beef_vdw"", ""relaxed""], [""Cu111"", ""N2"", ""beef_vdw"", ""relaxed""], [""Cu111"", ""NH3"", ""beef_vdw"", ""relaxed""], [""Cu111"", ""NO"", ""beef_vdw"", ""relaxed""], [""Cu111"", ""SO2"", ""beef_vdw"", ""relaxed""], [""Cu111"", ""acetaldehyde"", ""beef_vdw"", ""SPE""], [""Cu111"", ""acetaldehyde"", ""beef_vdw"", ""relaxed""], [""Cu111"", ""acetic_acid"", ""beef_vdw"", ""SPE""], [""Cu111"", ""acetic_acid"", ""beef_vdw"", ""relaxed""], [""Cu111"", ""ethane"", ""beef_vdw"", ""SPE""], [""Cu111"", ""ethane"", ""beef_vdw"", ""relaxed""], [""Cu111"", ""ethanol"", ""beef_vdw"", ""SPE""], [""Cu111"", ""ethanol"", ""beef_vdw"", ""relaxed""], [""Cu111"", ""ethene"", ""beef_vdw"", ""SPE""], [""Cu111"", ""ethene"", ""beef_vdw"", ""relaxed""], [""Cu111"", ""formaldehyde"", ""beef_vdw"", ""SPE""], [""Cu111"", ""formaldehyde"", ""beef_vdw"", ""relaxed""], [""Cu111"", ""formic_acid"", ""beef_vdw"", ""SPE""], [""Cu111"", ""isopropanol"", ""beef_vdw"", ""SPE""], [""Cu111"", ""methane"", ""beef_vdw"", ""SPE""], [""Cu111"", ""methane"", ""beef_vdw"", ""relaxed""], [""Cu111"", ""methanol"", ""beef_vdw"", ""SPE""], [""Cu111"", ""propane"", ""beef_vdw"", ""SPE""], [""Cu111"", ""propanol"", ""beef_vdw"", ""SPE""], [""Cu111"", ""propene"", ""beef_vdw"", ""SPE""]]"
slab,Cu111,pbe,"{""Cu"": 64}","[[10.210621920333747, 0.0, 0.0], [0.0, 8.842657971447272, 0.0], [0.0, 0.0, 36.25270341532365]]","{""Cu"": ""PAW_PBE Cu 22Jun2005""}",34,"[[""Cu111"", ""CH3"", ""pbe"", ""SPE""], [""Cu111"", ""CH3"", ""pbe"", ""relaxed""], [""Cu111"", ""CO"", ""pbe"", ""SPE""], [""Cu111"", ""CO2"", ""pbe"", ""SPE""], [""Cu111"", ""DME"", ""pbe"", ""SPE""], [""Cu111"", ""DME"", ""pbe"", ""relaxed""], [""Cu111"", ""H2O"", ""pbe"", ""SPE""], [""Cu111"", ""H2O"", ""pbe"", ""relaxed""], [""Cu111"", ""H2S"", ""pbe"", ""SPE""], [""Cu111"", ""H2S"", ""pbe"", ""relaxed""], [""Cu111"", ""N2"", ""pbe"", ""relaxed""], [""Cu111"", ""NH3"", ""pbe"", ""relaxed""], [""Cu111"", ""NO"", ""pbe"", ""relaxed""], [""Cu111"", ""SO2"", ""pbe"", ""relaxed""], [""Cu111"", ""acetaldehyde"", ""pbe"", ""SPE""], [""Cu111"", ""acetaldehyde"", ""pbe"", ""relaxed""], [""Cu111"", ""acetic_acid"", ""pbe"", ""SPE""], [""Cu111"", ""acetic_acid"", ""pbe"", ""relaxed""], [""Cu111"", ""ethane"", ""pbe"", ""SPE""], [""Cu111"", ""ethane"", ""pbe"", ""relaxed""], [""Cu111"", ""ethanol"", ""pbe"", ""SPE""], [""Cu111"", ""ethanol"", ""pbe"", ""relaxed""], [""Cu111"", ""ethene"", ""pbe"", ""SPE""], [""Cu111"", ""ethene"", ""pbe"", ""relaxed""], [""Cu111"", ""formaldehyde"", ""pbe"", ""SPE""], [""Cu111"", ""formaldehyde"", ""pbe"", ""relaxed""], [""Cu111"", ""formic_acid"", ""pbe"", ""SPE""], [""Cu111"", ""isopropanol"", ""pbe"", ""SPE""], [""Cu111"", ""methane"", ""pbe"", ""SPE""], [""Cu111"", ""methane"", ""pbe"", ""relaxed""], [""Cu111"", ""methanol"", ""pbe"", ""SPE""], [""Cu111"", ""propane"", ""pbe"", ""SPE""], [""Cu111"", ""propanol"", ""pbe"", ""SPE""], [""Cu111"", ""propene"", ""pbe"", ""SPE""]]"
slab,Cu111,pbe_d3,"{""Cu"": 64}","[[10.210621920333747, 0.0, 0.0], [0.0, 8.842657971447272, 0.0], [0.0, 0.0, 36.25270341532365]]","{""Cu"": ""PAW_PBE Cu 22Jun2005""}",34,"[[""Cu111"", ""CH3"", ""pbe_d3"", ""SPE""], [""Cu111"", ""CH3"", ""pbe_d3"", ""relaxed""], [""Cu111"", ""CO"", ""pbe_d3"", ""SPE""], [""Cu111"", ""CO2"", ""pbe_d3"", ""SPE""], [""Cu111"", ""DME"", ""pbe_d3"", ""SPE""], [""Cu111"", ""DME"", ""pbe_d3"", ""relaxed""], [""Cu111"", ""H2O"", ""pbe_d3"", ""SPE""], [""Cu111"", ""H2O"", ""pbe_d3"", ""relaxed""], [""Cu111"", ""H2S"", ""pbe_d3"", ""SPE""], [""Cu111"", ""H2S"", ""pbe_d3"", ""relaxed""], [""Cu111"", ""N2"", ""pbe_d3"", ""relaxed""], [""Cu111"", ""NH3"", ""pbe_d3"", ""relaxed""], [""Cu111"", ""NO"", ""pbe_d3"", ""relaxed""], [""Cu111"", ""SO2"", ""pbe_d3"", ""relaxed""], [""Cu111"", ""acetaldehyde"", ""pbe_d3"", ""SPE""], [""Cu111"", ""acetaldehyde"", ""pbe_d3"", ""relaxed""], [""Cu111"", ""acetic_acid"", ""pbe_d3"", ""SPE""], [""Cu111"", ""acetic_acid"", ""pbe_d3"", ""relaxed""], [""Cu111"", ""ethane"", ""pbe_d3"", ""SPE""], [""Cu111"", ""ethane"", ""pbe_d3"", ""relaxed""], [""Cu111"", ""ethanol"", ""pbe_d3"", ""SPE""], [""Cu111"", ""ethanol"", ""pbe_d3"", ""relaxed""], [""Cu111"", ""ethene"", ""pbe_d3"", ""SPE""], [""Cu111"", ""ethene"", ""pbe_d3"", ""relaxed""], [""Cu111"", ""formaldehyde"", ""pbe_d3"", ""SPE""], [""Cu111"", ""formaldehyde"", ""pbe_d3"", ""relaxed""], [""Cu111"", ""formic_acid"", ""pbe_d3"", ""SPE""], [""Cu111"", ""isopropanol"", ""pbe_d3"", ""SPE""], [""Cu111"", ""methane"", ""pbe_d3"", ""SPE""], [""Cu111"", ""methane"", ""pbe_d3"", ""relaxed""], [""Cu111"", ""methanol"", ""pbe_d3"", ""SPE""], [""Cu111"", ""propane"", ""pbe_d3"", ""SPE""], [""Cu111"", ""propanol"", ""pbe_d3"", ""SPE""], [""Cu111"", ""propene"", ""pbe_d3"", ""SPE""]]"
slab,Cu110,pbe,"{""Cu"": 24}","[[10.83, 0.0, 0.0], [0.0, 5.105310960166873, 0.0], [0.0, 0.0, 33.82898322012515]]","{""Cu"": ""PAW_PBE Cu 22Jun2005""}",33,"[[""Cu110"", ""CH3"", ""pbe"", ""SPE""], [""Cu110"", ""CH3"", ""pbe"", ""relaxed""], [""Cu110"", ""CO"", ""pbe"", ""SPE""], [""Cu110"", ""CO"", ""pbe"", ""relaxed""], [""Cu110"", ""CO2"", ""pbe"", ""SPE""], [""Cu110"", ""CO2"", ""pbe"", ""relaxed""], [""Cu110"", ""DME"", ""pbe"", ""SPE""], [""Cu110"", ""DME"", ""pbe"", ""relaxed""], [""Cu110"", ""H2O"", ""pbe"", ""SPE""], [""Cu110"", ""H2O"", ""pbe"", ""relaxed""], [""Cu110"", ""H2S"", ""pbe"", ""SPE""], [""Cu110"", ""H2S"", ""pbe"", ""relaxed""], [""Cu110"", ""N2"", ""pbe"", ""relaxed""], [""Cu110"", ""NH3"", ""pbe"", ""relaxed""], [""Cu110"", ""NO"", ""pbe"", ""relaxed""], [""Cu110"", ""SO2"", ""pbe"", ""relaxed""], [""Cu110"", ""acetaldehyde"", ""pbe"", ""SPE""], [""Cu110"", ""acetaldehyde"", ""pbe"", ""relaxed""], [""Cu110"", ""acetic_acid"", ""pbe"", ""SPE""], [""Cu110"", ""acetic_acid"", ""pbe"", ""relaxed""], [""Cu110"", ""ethane"", ""pbe"", ""SPE""], [""Cu110"", ""ethane"", ""pbe"", ""relaxed""], [""Cu110"", ""ethene"", ""pbe"", ""SPE""], [""Cu110"", ""ethene"", ""pbe"", ""relaxed""], [""Cu110"", ""formaldehyde"", ""pbe"", ""SPE""], [""Cu110"", ""formaldehyde"", ""pbe"", ""relaxed""], [""Cu110"", ""formic_acid"", ""pbe"", ""SPE""], [""Cu110"", ""formic_acid"", ""pbe"", ""relaxed""], [""Cu110"", ""glycerol"", ""pbe"", ""SPE""], [""Cu110"", ""methane"", ""pbe"", ""SPE""], [""Cu110"", ""methane"", ""pbe"", ""relaxed""], [""Cu110"", ""methanol"", ""pbe"", ""SPE""], [""Cu110"", ""methanol"", ""pbe"", ""relaxed""]]"
slab,Cu110,pbe_d3,"{""Cu"": 24}","[[10.83, 0.0, 0.0], [0.0, 5.105310960166873, 0.0], [0.0, 0.0, 33.82898322012515]]","{""Cu"": ""PAW_PBE Cu 22Jun2005""}",33,"[[""Cu110"", ""CH3"", ""pbe_d3"", ""SPE""], [""Cu110"", ""CH3"", ""pbe_d3"", ""relaxed""], [""Cu110"", ""CO"", ""pbe_d3"", ""SPE""], [""Cu110"", ""CO"", ""pbe_d3"", ""relaxed""], [""Cu110"", ""CO2"", ""pbe_d3"", ""SPE""], [""Cu110"", ""CO2"", ""pbe_d3"", ""relaxed""], [""Cu110"", ""DME"", ""pbe_d3"", ""SPE""], [""Cu110"", ""DME"", ""pbe_d3"", ""relaxed""], [""Cu110"", ""H2O"", ""pbe_d3"", ""SPE""], [""Cu110"", ""H2O"", ""pbe_d3"", ""relaxed""], [""Cu110"", ""H2S"", ""pbe_d3"", ""SPE""], [""Cu110"", ""H2S"", ""pbe_d3"", ""relaxed""], [""Cu110"", ""N2"", ""pbe_d3"", ""relaxed""], [""Cu110"", ""NH3"", ""pbe_d3"", ""relaxed""], [""Cu110"", ""NO"", ""pbe_d3"", ""relaxed""], [""Cu110"", ""SO2"", ""pbe_d3"", ""relaxed""], [""Cu110"", ""acetaldehyde"", ""pbe_d3"", ""SPE""], [""Cu110"", ""acetaldehyde"", ""pbe_d3"", ""relaxed""], [""Cu110"", ""acetic_acid"", ""pbe_d3"", ""SPE""], [""Cu110"", ""acetic_acid"", ""pbe_d3"", ""relaxed""], [""Cu110"", ""ethane"", ""pbe_d3"", ""SPE""], [""Cu110"", ""ethane"", ""pbe_d3"", ""relaxed""], [""Cu110"", ""ethene"", ""pbe_d3"", ""SPE""], [""Cu110"", ""ethene"", ""pbe_d3"", ""relaxed""], [""Cu110"", ""formaldehyde"", ""pbe_d3"", ""SPE""], [""Cu110"", ""formaldehyde"", ""pbe_d3"", ""relaxed""], [""Cu110"", ""formic_acid"", ""pbe_d3"", ""SPE""], [""Cu110"", ""formic_acid"", ""pbe_d3"", ""relaxed""], [""Cu110"", ""glycerol"", ""pbe_d3"", ""SPE""], [""Cu110"", ""methane"", ""pbe_d3"", ""SPE""], [""Cu110"", ""methane"", ""pbe_d3"", ""relaxed""], [""Cu110"", ""methanol"", ""pbe_d3"", ""SPE""], [""Cu110"", ""methanol"", ""pbe_d3"", ""relaxed""]]"
slab,Rh110,beef_vdw,"{""Rh"": 24}","[[11.408999999999999, 0.0, 0.0], [0.0, 5.378254177704881, 0.0], [0.0, 0.0, 34.03369063327866]]","{""Rh"": ""PAW_PBE Rh 04Feb2005""}",33,"[[""Rh110"", ""CH3"", ""beef_vdw"", ""SPE""], [""Rh110"", ""CH3"", ""beef_vdw"", ""relaxed""], [""Rh110"", ""CO"", ""beef_vdw"", ""SPE""], [""Rh110"", ""CO"", ""beef_vdw"", ""relaxed""], [""Rh110"", ""CO2"", ""beef_vdw"", ""SPE""], [""Rh110"", ""CO2"", ""beef_vdw"", ""relaxed""], [""Rh110"", ""DME"", ""beef_vdw"", ""SPE""], [""Rh110"", ""DME"", ""beef_vdw"", ""relaxed""], [""Rh110"", ""H2O"", ""beef_vdw"", ""SPE""], [""Rh110"", ""H2O"", ""beef_vdw"", ""relaxed""], [""Rh110"", ""H2S"", ""beef_vdw"", ""SPE""], [""Rh110"", ""H2S"", ""beef_vdw"", ""relaxed""], [""Rh110"", ""N2"", ""beef_vdw"", ""relaxed""], [""Rh110"", ""NH3"", ""beef_vdw"", ""relaxed""], [""Rh110"", ""NO"", ""beef_vdw"", ""relaxed""], [""Rh110"", ""SO2"", ""beef_vdw"", ""relaxed""], [""Rh110"", ""acetaldehyde"", ""beef_vdw"", ""SPE""], [""Rh110"", ""acetaldehyde"", ""beef_vdw"", ""relaxed""], [""Rh110"", ""acetic_acid"", ""beef_vdw"", ""SPE""], [""Rh110"", ""acetic_acid"", ""beef_vdw"", ""relaxed""], [""Rh110"", ""ethane"", ""beef_vdw"", ""SPE""], [""Rh110"", ""ethane"", ""beef_vdw"", ""relaxed""], [""Rh110"", ""ethanol"", ""beef_vdw"", ""SPE""], [""Rh110"", ""ethanol"", ""beef_vdw"", ""relaxed""], [""Rh110"", ""ethene"", ""beef_vdw"", ""SPE""], [""Rh110"", ""ethene"", ""beef_vdw"", ""relaxed""], [""Rh110"", ""formaldehyde"", ""beef_vdw"", ""SPE""], [""Rh110"", ""formaldehyde"", ""beef_vdw"", ""relaxed""], [""Rh110"", ""formic_acid"", ""beef_vdw"", ""relaxed""], [""Rh110"", ""methane"", ""beef_vdw"", ""SPE""], [""Rh110"", ""methane"", ""beef_vdw"", ""relaxed""], [""Rh110"", ""methanol"", ""beef_vdw"", ""SPE""], [""Rh110"", ""methanol"", ""beef_vdw"", ""relaxed""]]"
slab,Rh110,pbe,"{""Rh"": 24}","[[11.408999999999999, 0.0, 0.0], [0.0, 5.378254177704881, 0.0], [0.0, 0.0, 34.03369063327866]]","{""Rh"": ""PAW_PBE Rh 04Feb2005""}",33,"[[""Rh110"", ""CH3"", ""pbe"", ""SPE""], [""Rh110"", ""CH3"", ""pbe"", ""relaxed""], [""Rh110"", ""CO"", ""pbe"", ""SPE""], [""Rh110"", ""CO"", ""pbe"", ""relaxed""], [""Rh110"", ""CO2"", ""pbe"", ""SPE""], [""Rh110"", ""CO2"", ""pbe"", ""relaxed""], [""Rh110"", ""DME"", ""pbe"", ""SPE""], [""Rh110"", ""DME"", ""pbe"", ""relaxed""], [""Rh110"", ""H2O"", ""pbe"", ""SPE""], [""Rh110"", ""H2O"", ""pbe"", ""relaxed""], [""Rh110"", ""H2S"", ""pbe"", ""SPE""], [""Rh110"", ""H2S"", ""pbe"", ""relaxed""], [""Rh110"", ""N2"", ""pbe"", ""relaxed""], [""Rh110"", ""NH3"", ""pbe"", ""relaxed""], [""Rh110"", ""NO"", ""pbe"", ""relaxed""], [""Rh110"", ""SO2"", ""pbe"", ""relaxed""], [""Rh110"", ""acetaldehyde"", ""pbe"", ""SPE""], [""Rh110"", ""acetaldehyde"", ""pbe"", ""relaxed""], [""Rh110"", ""acetic_acid"", ""pbe"", ""SPE""], [""Rh110"", ""acetic_acid"", ""pbe"", ""relaxed""], [""Rh110"", ""ethane"", ""pbe"", ""SPE""], [""Rh110"", ""ethane"", ""pbe"", ""relaxed""], [""Rh110"", ""ethanol"", ""pbe"", ""SPE""], [""Rh110"", ""ethanol"", ""pbe"", ""relaxed""], [""Rh110"", ""ethene"", ""pbe"", ""SPE""], [""Rh110"", ""ethene"", ""pbe"", ""relaxed""], [""Rh110"", ""formaldehyde"", ""pbe"", ""SPE""], [""Rh110"", ""formaldehyde"", ""pbe"", ""relaxed""], [""Rh110"", ""formic_acid"", ""pbe"", ""relaxed""], [""Rh110"", ""methane"", ""pbe"", ""SPE""], [""Rh110"", ""methane"", ""pbe"", ""relaxed""], [""Rh110"", ""methanol"", ""pbe"", ""SPE""], [""Rh110"", ""methanol"", ""pbe"", ""relaxed""]]"
slab,Rh110,pbe_d3,"{""Rh"": 24}","[[11.408999999999999, 0.0, 0.0], [0.0, 5.378254177704881, 0.0], [0.0, 0.0, 34.03369063327866]]","{""Rh"": ""PAW_PBE Rh 04Feb2005""}",33,"[[""Rh110"", ""CH3"", ""pbe_d3"", ""SPE""], [""Rh110"", ""CH3"", ""pbe_d3"", ""relaxed""], [""Rh110"", ""CO"", ""pbe_d3"", ""SPE""], [""Rh110"", ""CO"", ""pbe_d3"", ""relaxed""], [""Rh110"", ""CO2"", ""pbe_d3"", ""SPE""], [""Rh110"", ""CO2"", ""pbe_d3"", ""relaxed""], [""Rh110"", ""DME"", ""pbe_d3"", ""SPE""], [""Rh110"", ""DME"", ""pbe_d3"", ""relaxed""], [""Rh110"", ""H2O"", ""pbe_d3"", ""SPE""], [""Rh110"", ""H2O"", ""pbe_d3"", ""relaxed""], [""Rh110"", ""H2S"", ""pbe_d3"", ""SPE""], [""Rh110"", ""H2S"", ""pbe_d3"", ""relaxed""], [""Rh110"", ""N2"", ""pbe_d3"", ""relaxed""], [""Rh110"", ""NH3"", ""pbe_d3"", ""relaxed""], [""Rh110"", ""NO"", ""pbe_d3"", ""relaxed""], [""Rh110"", ""SO2"", ""pbe_d3"", ""relaxed""], [""Rh110"", ""acetaldehyde"", ""pbe_d3"", ""SPE""], [""Rh110"", ""acetaldehyde"", ""pbe_d3"", ""relaxed""], [""Rh110"", ""acetic_acid"", ""pbe_d3"", ""SPE""], [""Rh110"", ""acetic_acid"", ""pbe_d3"", ""relaxed""], [""Rh110"", ""ethane"", ""pbe_d3"", ""SPE""], [""Rh110"", ""ethane"", ""pbe_d3"", ""relaxed""], [""Rh110"", ""ethanol"", ""pbe_d3"", ""SPE""], [""Rh110"", ""ethanol"", ""pbe_d3"", ""relaxed""], [""Rh110"", ""ethene"", ""pbe_d3"", ""SPE""], [""Rh110"", ""ethene"", ""pbe_d3"", ""relaxed""], [""Rh110"", ""formaldehyde"", ""pbe_d3"", ""SPE""], [""Rh110"", ""formaldehyde"", ""pbe_d3"", ""relaxed""], [""Rh110"", ""formic_acid"", ""pbe_d3"", ""relaxed""], [""Rh110"", ""methane"", ""pbe_d3"", ""SPE""], [""Rh110"", ""methane"", ""pbe_d3"", ""relaxed""], [""Rh110"", ""methanol"", ""pbe_d3"", ""SPE""], [""Rh110"", ""methanol"", ""pbe_d3"", ""relaxed""]]"
slab,Ag100,r2scan,"{""Ag"": 36}","[[8.676200205158938, 0.0, 0.0], [0.0, 8.676200205158938, 0.0], [0.0, 0.0, 36.135]]","{""Ag"": ""PAW_PBE Ag 02Apr2005""}",32,"[[""Ag100"", ""CH3"", ""r2scan"", ""SPE""], [""Ag100"", ""CH3"", ""r2scan"", ""relaxed""], [""Ag100"", ""CO"", ""r2scan"", ""SPE""], [""Ag100"", ""CO"", ""r2scan"", ""relaxed""], [""Ag100"", ""DME"", ""r2scan"", ""SPE""], [""Ag100"", ""H2"", ""r2scan"", ""SPE""], [""Ag100"", ""H2O"", ""r2scan"", ""SPE""], [""Ag100"", ""H2O"", ""r2scan"", ""relaxed""], [""Ag100"", ""H2S"", ""r2scan"", ""SPE""], [""Ag100"", ""N2"", ""r2scan"", ""SPE""], [""Ag100"", ""N2"", ""r2scan"", ""relaxed""], [""Ag100"", ""NH3"", ""r2scan"", ""SPE""], [""Ag100"", ""NH3"", ""r2scan"", ""relaxed""], [""Ag100"", ""NO"", ""r2scan"", ""SPE""], [""Ag100"", ""NO"", ""r2scan"", ""relaxed""], [""Ag100"", ""O2"", ""r2scan"", ""SPE""], [""Ag100"", ""SO2"", ""r2scan"", ""SPE""], [""Ag100"", ""SO2"", ""r2scan"", ""relaxed""], [""Ag100"", ""acetaldehyde"", ""r2scan"", ""SPE""], [""Ag100"", ""acetic_acid"", ""r2scan"", ""SPE""], [""Ag100"", ""acetic_acid"", ""r2scan"", ""relaxed""], [""Ag100"", ""ethene"", ""r2scan"", ""SPE""], [""Ag100"", ""formaldehyde"", ""r2scan"", ""SPE""], [""Ag100"", ""formate"", ""r2scan"", ""SPE""], [""Ag100"", ""formic_acid"", ""r2scan"", ""SPE""], [""Ag100"", ""isopropanol"", ""r2scan"", ""SPE""], [""Ag100"", ""methane"", ""r2scan"", ""SPE""], [""Ag100"", ""methane"", ""r2scan"", ""relaxed""], [""Ag100"", ""methanol"", ""r2scan"", ""SPE""], [""Ag100"", ""propane"", ""r2scan"", ""SPE""], [""Ag100"", ""propanol"", ""r2scan"", ""SPE""], [""Ag100"", ""propene"", ""r2scan"", ""SPE""]]"
slab,Cu100,beef_vdw,"{""Cu"": 64}","[[10.210621920333747, 0.0, 0.0], [0.0, 10.210621920333747, 0.0], [0.0, 0.0, 35.415]]","{""Cu"": ""PAW_PBE Cu 22Jun2005""}",32,"[[""Cu100"", ""CH3"", ""beef_vdw"", ""SPE""], [""Cu100"", ""CH3"", ""beef_vdw"", ""relaxed""], [""Cu100"", ""CO"", ""beef_vdw"", ""SPE""], [""Cu100"", ""CO"", ""beef_vdw"", ""relaxed""], [""Cu100"", ""CO2"", ""beef_vdw"", ""SPE""], [""Cu100"", ""CO2"", ""beef_vdw"", ""relaxed""], [""Cu100"", ""DME"", ""beef_vdw"", ""SPE""], [""Cu100"", ""DME"", ""beef_vdw"", ""relaxed""], [""Cu100"", ""H2O"", ""beef_vdw"", ""SPE""], [""Cu100"", ""H2O"", ""beef_vdw"", ""relaxed""], [""Cu100"", ""H2S"", ""beef_vdw"", ""SPE""], [""Cu100"", ""H2S"", ""beef_vdw"", ""relaxed""], [""Cu100"", ""N2"", ""beef_vdw"", ""relaxed""], [""Cu100"", ""NO"", ""beef_vdw"", ""relaxed""], [""Cu100"", ""SO2"", ""beef_vdw"", ""relaxed""], [""Cu100"", ""acetaldehyde"", ""beef_vdw"", ""SPE""], [""Cu100"", ""acetic_acid"", ""beef_vdw"", ""SPE""], [""Cu100"", ""acetic_acid"", ""beef_vdw"", ""relaxed""], [""Cu100"", ""ethane"", ""beef_vdw"", ""SPE""], [""Cu100"", ""ethane"", ""beef_vdw"", ""relaxed""], [""Cu100"", ""ethanol"", ""beef_vdw"", ""SPE""], [""Cu100"", ""ethanol"", ""beef_vdw"", ""relaxed""], [""Cu100"", ""ethene"", ""beef_vdw"", ""SPE""], [""Cu100"", ""ethene"", ""beef_vdw"", ""relaxed""], [""Cu100"", ""formaldehyde"", ""beef_vdw"", ""SPE""], [""Cu100"", ""formaldehyde"", ""beef_vdw"", ""relaxed""], [""Cu100"", ""formic_acid"", ""beef_vdw"", ""SPE""], [""Cu100"", ""formic_acid"", ""beef_vdw"", ""relaxed""], [""Cu100"", ""methane"", ""beef_vdw"", ""SPE""], [""Cu100"", ""methane"", ""beef_vdw"", ""relaxed""], [""Cu100"", ""methanol"", ""beef_vdw"", ""SPE""], [""Cu100"", ""methanol"", ""beef_vdw"", ""relaxed""]]"
slab,Rh100,r2scan,"{""Rh"": 36}","[[8.067381266557321, 0.0, 0.0], [0.0, 8.067381266557321, 0.0], [0.0, 0.0, 35.704499999999996]]","{""Rh"": ""PAW_PBE Rh 04Feb2005""}",32,"[[""Rh100"", ""CH3"", ""r2scan"", ""SPE""], [""Rh100"", ""CH3"", ""r2scan"", ""relaxed""], [""Rh100"", ""CO"", ""r2scan"", ""SPE""], [""Rh100"", ""CO"", ""r2scan"", ""relaxed""], [""Rh100"", ""CO2"", ""r2scan"", ""SPE""], [""Rh100"", ""CO2"", ""r2scan"", ""relaxed""], [""Rh100"", ""DME"", ""r2scan"", ""SPE""], [""Rh100"", ""DME"", ""r2scan"", ""relaxed""], [""Rh100"", ""H2O"", ""r2scan"", ""SPE""], [""Rh100"", ""H2O"", ""r2scan"", ""relaxed""], [""Rh100"", ""H2S"", ""r2scan"", ""SPE""], [""Rh100"", ""H2S"", ""r2scan"", ""relaxed""], [""Rh100"", ""N2"", ""r2scan"", ""relaxed""], [""Rh100"", ""NH3"", ""r2scan"", ""relaxed""], [""Rh100"", ""NO"", ""r2scan"", ""relaxed""], [""Rh100"", ""acetaldehyde"", ""r2scan"", ""SPE""], [""Rh100"", ""acetaldehyde"", ""r2scan"", ""relaxed""], [""Rh100"", ""acetic_acid"", ""r2scan"", ""SPE""], [""Rh100"", ""acetic_acid"", ""r2scan"", ""relaxed""], [""Rh100"", ""ethane"", ""r2scan"", ""SPE""], [""Rh100"", ""ethane"", ""r2scan"", ""relaxed""], [""Rh100"", ""ethanol"", ""r2scan"", ""SPE""], [""Rh100"", ""ethanol"", ""r2scan"", ""relaxed""], [""Rh100"", ""ethene"", ""r2scan"", ""SPE""], [""Rh100"", ""ethene"", ""r2scan"", ""relaxed""], [""Rh100"", ""formaldehyde"", ""r2scan"", ""SPE""], [""Rh100"", ""formaldehyde"", ""r2scan"", ""relaxed""], [""Rh100"", ""formic_acid"", ""r2scan"", ""relaxed""], [""Rh100"", ""methane"", ""r2scan"", ""SPE""], [""Rh100"", ""methane"", ""r2scan"", ""relaxed""], [""Rh100"", ""methanol"", ""r2scan"", ""SPE""], [""Rh100"", ""methanol"", ""r2scan"", ""relaxed""]]"
slab,Rh110,r2scan,"{""Rh"": 24}","[[11.408999999999999, 0.0, 0.0], [0.0, 5.378254177704881, 0.0], [0.0, 0.0, 34.03369063327866]]","{""Rh"": ""PAW_PBE Rh 04Feb2005""}",32,"[[""Rh110"", ""CH3"", ""r2scan"", ""SPE""], [""Rh110"", ""CH3"", ""r2scan"", ""relaxed""], [""Rh110"", ""CO"", ""r2scan"", ""SPE""], [""Rh110"", ""CO"", ""r2scan"", ""relaxed""], [""Rh110"", ""CO2"", ""r2scan"", ""SPE""], [""Rh110"", ""CO2"", ""r2scan"", ""relaxed""], [""Rh110"", ""DME"", ""r2scan"", ""SPE""], [""Rh110"", ""DME"", ""r2scan"", ""relaxed""], [""Rh110"", ""H2O"", ""r2scan"", ""SPE""], [""Rh110"", ""H2O"", ""r2scan"", ""relaxed""], [""Rh110"", ""H2S"", ""r2scan"", ""SPE""], [""Rh110"", ""H2S"", ""r2scan"", ""relaxed""], [""Rh110"", ""N2"", ""r2scan"", ""relaxed""], [""Rh110"", ""NH3"", ""r2scan"", ""relaxed""], [""Rh110"", ""NO"", ""r2scan"", ""relaxed""], [""Rh110"", ""SO2"", ""r2scan"", ""relaxed""], [""Rh110"", ""acetaldehyde"", ""r2scan"", ""SPE""], [""Rh110"", ""acetaldehyde"", ""r2scan"", ""relaxed""], [""Rh110"", ""acetic_acid"", ""r2scan"", ""SPE""], [""Rh110"", ""acetic_acid"", ""r2scan"", ""relaxed""], [""Rh110"", ""ethane"", ""r2scan"", ""SPE""], [""Rh110"", ""ethane"", ""r2scan"", ""relaxed""], [""Rh110"", ""ethanol"", ""r2scan"", ""SPE""], [""Rh110"", ""ethanol"", ""r2scan"", ""relaxed""], [""Rh110"", ""ethene"", ""r2scan"", ""SPE""], [""Rh110"", ""ethene"", ""r2scan"", ""relaxed""], [""Rh110"", ""formaldehyde"", ""r2scan"", ""SPE""], [""Rh110"", ""formaldehyde"", ""r2scan"", ""relaxed""], [""Rh110"", ""methane"", ""r2scan"", ""SPE""], [""Rh110"", ""methane"", ""r2scan"", ""relaxed""], [""Rh110"", ""methanol"", ""r2scan"", ""SPE""], [""Rh110"", ""methanol"", ""r2scan"", ""relaxed""]]"
slab,Cu110,beef_vdw,"{""Cu"": 24}","[[10.83, 0.0, 0.0], [0.0, 5.105310960166873, 0.0], [0.0, 0.0, 33.82898322012515]]","{""Cu"": ""PAW_PBE Cu 22Jun2005""}",31,"[[""Cu110"", ""CH3"", ""beef_vdw"", ""SPE""], [""Cu110"", ""CH3"", ""beef_vdw"", ""relaxed""], [""Cu110"", ""CO"", ""beef_vdw"", ""SPE""], [""Cu110"", ""CO2"", ""beef_vdw"", ""SPE""], [""Cu110"", ""CO2"", ""beef_vdw"", ""relaxed""], [""Cu110"", ""DME"", ""beef_vdw"", ""SPE""], [""Cu110"", ""DME"", ""beef_vdw"", ""relaxed""], [""Cu110"", ""H2O"", ""beef_vdw"", ""SPE""], [""Cu110"", ""H2S"", ""beef_vdw"", ""SPE""], [""Cu110"", ""H2S"", ""beef_vdw"", ""relaxed""], [""Cu110"", ""N2"", ""beef_vdw"", ""relaxed""], [""Cu110"", ""NH3"", ""beef_vdw"", ""relaxed""], [""Cu110"", ""NO"", ""beef_vdw"", ""relaxed""], [""Cu110"", ""SO2"", ""beef_vdw"", ""relaxed""], [""Cu110"", ""acetaldehyde"", ""beef_vdw"", ""SPE""], [""Cu110"", ""acetaldehyde"", ""beef_vdw"", ""relaxed""], [""Cu110"", ""acetic_acid"", ""beef_vdw"", ""SPE""], [""Cu110"", ""acetic_acid"", ""beef_vdw"", ""relaxed""], [""Cu110"", ""ethane"", ""beef_vdw"", ""SPE""], [""Cu110"", ""ethane"", ""beef_vdw"", ""relaxed""], [""Cu110"", ""ethene"", ""beef_vdw"", ""SPE""], [""Cu110"", ""ethene"", ""beef_vdw"", ""relaxed""], [""Cu110"", ""formaldehyde"", ""beef_vdw"", ""SPE""], [""Cu110"", ""formaldehyde"", ""beef_vdw"", ""relaxed""], [""Cu110"", ""formic_acid"", ""beef_vdw"", ""SPE""], [""Cu110"", ""formic_acid"", ""beef_vdw"", ""relaxed""], [""Cu110"", ""glycerol"", ""beef_vdw"", ""SPE""], [""Cu110"", ""methane"", ""beef_vdw"", ""SPE""], [""Cu110"", ""methane"", ""beef_vdw"", ""relaxed""], [""Cu110"", ""methanol"", ""beef_vdw"", ""SPE""], [""Cu110"", ""methanol"", ""beef_vdw"", ""relaxed""]]"
slab,Cu110,r2scan,"{""Cu"": 24}","[[10.83, 0.0, 0.0], [0.0, 5.105310960166873, 0.0], [0.0, 0.0, 33.82898322012515]]","{""Cu"": ""PAW_PBE Cu 22Jun2005""}",31,"[[""Cu110"", ""CH3"", ""r2scan"", ""SPE""], [""Cu110"", ""CH3"", ""r2scan"", ""relaxed""], [""Cu110"", ""CO"", ""r2scan"", ""SPE""], [""Cu110"", ""CO"", ""r2scan"", ""relaxed""], [""Cu110"", ""CO2"", ""r2scan"", ""SPE""], [""Cu110"", ""DME"", ""r2scan"", ""SPE""], [""Cu110"", ""DME"", ""r2scan"", ""relaxed""], [""Cu110"", ""H2O"", ""r2scan"", ""SPE""], [""Cu110"", ""H2O"", ""r2scan"", ""relaxed""], [""Cu110"", ""H2S"", ""r2scan"", ""SPE""], [""Cu110"", ""H2S"", ""r2scan"", ""relaxed""], [""Cu110"", ""N2"", ""r2scan"", ""relaxed""], [""Cu110"", ""NH3"", ""r2scan"", ""relaxed""], [""Cu110"", ""NO"", ""r2scan"", ""relaxed""], [""Cu110"", ""SO2"", ""r2scan"", ""relaxed""], [""Cu110"", ""acetaldehyde"", ""r2scan"", ""SPE""], [""Cu110"", ""acetaldehyde"", ""r2scan"", ""relaxed""], [""Cu110"", ""acetic_acid"", ""r2scan"", ""SPE""], [""Cu110"", ""acetic_acid"", ""r2scan"", ""relaxed""], [""Cu110"", ""ethane"", ""r2scan"", ""SPE""], [""Cu110"", ""ethane"", ""r2scan"", ""relaxed""], [""Cu110"", ""ethene"", ""r2scan"", ""SPE""], [""Cu110"", ""ethene"", ""r2scan"", ""relaxed""], [""Cu110"", ""formaldehyde"", ""r2scan"", ""SPE""], [""Cu110"", ""formaldehyde"", ""r2scan"", ""relaxed""], [""Cu110"", ""formic_acid"", ""r2scan"", ""SPE""], [""Cu110"", ""formic_acid"", ""r2scan"", ""relaxed""], [""Cu110"", ""glycerol"", ""r2scan"", ""SPE""], [""Cu110"", ""methane"", ""r2scan"", ""SPE""], [""Cu110"", ""methane"", ""r2scan"", ""relaxed""], [""Cu110"", ""methanol"", ""r2scan"", ""SPE""]]"
slab,Ir100,r2scan,"{""Ir"": 36}","[[8.145870119269027, 0.0, 0.0], [0.0, 8.145870119269027, 0.0], [0.0, 0.0, 35.76]]","{""Ir"": ""PAW_PBE Ir 06Sep2000""}",31,"[[""Ir100"", ""CH3"", ""r2scan"", ""SPE""], [""Ir100"", ""CH3"", ""r2scan"", ""relaxed""], [""Ir100"", ""CO"", ""r2scan"", ""SPE""], [""Ir100"", ""CO"", ""r2scan"", ""relaxed""], [""Ir100"", ""CO2"", ""r2scan"", ""relaxed""], [""Ir100"", ""DME"", ""r2scan"", ""SPE""], [""Ir100"", ""DME"", ""r2scan"", ""relaxed""], [""Ir100"", ""H2O"", ""r2scan"", ""SPE""], [""Ir100"", ""H2O"", ""r2scan"", ""relaxed""], [""Ir100"", ""H2S"", ""r2scan"", ""SPE""], [""Ir100"", ""H2S"", ""r2scan"", ""relaxed""], [""Ir100"", ""N2"", ""r2scan"", ""relaxed""], [""Ir100"", ""NH3"", ""r2scan"", ""relaxed""], [""Ir100"", ""NO"", ""r2scan"", ""relaxed""], [""Ir100"", ""SO2"", ""r2scan"", ""relaxed""], [""Ir100"", ""acetaldehyde"", ""r2scan"", ""SPE""], [""Ir100"", ""acetaldehyde"", ""r2scan"", ""relaxed""], [""Ir100"", ""acetic_acid"", ""r2scan"", ""SPE""], [""Ir100"", ""acetic_acid"", ""r2scan"", ""relaxed""], [""Ir100"", ""ethane"", ""r2scan"", ""SPE""], [""Ir100"", ""ethane"", ""r2scan"", ""relaxed""], [""Ir100"", ""ethanol"", ""r2scan"", ""SPE""], [""Ir100"", ""ethanol"", ""r2scan"", ""relaxed""], [""Ir100"", ""ethene"", ""r2scan"", ""SPE""], [""Ir100"", ""ethene"", ""r2scan"", ""relaxed""], [""Ir100"", ""formaldehyde"", ""r2scan"", ""SPE""], [""Ir100"", ""formaldehyde"", ""r2scan"", ""relaxed""], [""Ir100"", ""formic_acid"", ""r2scan"", ""SPE""], [""Ir100"", ""formic_acid"", ""r2scan"", ""relaxed""], [""Ir100"", ""methanol"", ""r2scan"", ""SPE""], [""Ir100"", ""methanol"", ""r2scan"", ""relaxed""]]"
slab,Rh100,pbe,"{""Rh"": 36}","[[8.067381266557321, 0.0, 0.0], [0.0, 8.067381266557321, 0.0], [0.0, 0.0, 35.704499999999996]]","{""Rh"": ""PAW_PBE Rh 04Feb2005""}",31,"[[""Rh100"", ""CH3"", ""pbe"", ""relaxed""], [""Rh100"", ""CO"", ""pbe"", ""SPE""], [""Rh100"", ""CO"", ""pbe"", ""relaxed""], [""Rh100"", ""CO2"", ""pbe"", ""SPE""], [""Rh100"", ""CO2"", ""pbe"", ""relaxed""], [""Rh100"", ""DME"", ""pbe"", ""SPE""], [""Rh100"", ""DME"", ""pbe"", ""relaxed""], [""Rh100"", ""H2O"", ""pbe"", ""SPE""], [""Rh100"", ""H2O"", ""pbe"", ""relaxed""], [""Rh100"", ""H2S"", ""pbe"", ""SPE""], [""Rh100"", ""H2S"", ""pbe"", ""relaxed""], [""Rh100"", ""N2"", ""pbe"", ""relaxed""], [""Rh100"", ""NH3"", ""pbe"", ""relaxed""], [""Rh100"", ""NO"", ""pbe"", ""relaxed""], [""Rh100"", ""SO2"", ""pbe"", ""relaxed""], [""Rh100"", ""acetaldehyde"", ""pbe"", ""SPE""], [""Rh100"", ""acetaldehyde"", ""pbe"", ""relaxed""], [""Rh100"", ""acetic_acid"", ""pbe"", ""SPE""], [""Rh100"", ""acetic_acid"", ""pbe"", ""relaxed""], [""Rh100"", ""ethane"", ""pbe"", ""SPE""], [""Rh100"", ""ethane"", ""pbe"", ""relaxed""], [""Rh100"", ""ethanol"", ""pbe"", ""SPE""], [""Rh100"", ""ethanol"", ""pbe"", ""relaxed""], [""Rh100"", ""ethene"", ""pbe"", ""SPE""], [""Rh100"", ""ethene"", ""pbe"", ""relaxed""], [""Rh100"", ""formaldehyde"", ""pbe"", ""SPE""], [""Rh100"", ""formaldehyde"", ""pbe"", ""relaxed""], [""Rh100"", ""formic_acid"", ""pbe"", ""relaxed""], [""Rh100"", ""methane"", ""pbe"", ""SPE""], [""Rh100"", ""methane"", ""pbe"", ""relaxed""], [""Rh100"", ""methanol"", ""pbe"", ""relaxed""]]"
slab,Rh111,beef_vdw,"{""Rh"": 64}","[[10.756508355409762, 0.0, 0.0], [0.0, 9.315409491804425, 0.0], [0.0, 0.0, 36.58698922118444]]","{""Rh"": ""PAW_PBE Rh 04Feb2005""}",31,"[[""Rh111"", ""CH3"", ""beef_vdw"", ""SPE""], [""Rh111"", ""CH3"", ""beef_vdw"", ""relaxed""], [""Rh111"", ""CO"", ""beef_vdw"", ""SPE""], [""Rh111"", ""CO"", ""beef_vdw"", ""relaxed""], [""Rh111"", ""CO2"", ""beef_vdw"", ""SPE""], [""Rh111"", ""CO2"", ""beef_vdw"", ""relaxed""], [""Rh111"", ""DME"", ""beef_vdw"", ""SPE""], [""Rh111"", ""DME"", ""beef_vdw"", ""relaxed""], [""Rh111"", ""H2O"", ""beef_vdw"", ""SPE""], [""Rh111"", ""H2O"", ""beef_vdw"", ""relaxed""], [""Rh111"", ""H2S"", ""beef_vdw"", ""SPE""], [""Rh111"", ""H2S"", ""beef_vdw"", ""relaxed""], [""Rh111"", ""N2"", ""beef_vdw"", ""relaxed""], [""Rh111"", ""NH3"", ""beef_vdw"", ""relaxed""], [""Rh111"", ""NO"", ""beef_vdw"", ""relaxed""], [""Rh111"", ""SO2"", ""beef_vdw"", ""relaxed""], [""Rh111"", ""acetaldehyde"", ""beef_vdw"", ""SPE""], [""Rh111"", ""acetaldehyde"", ""beef_vdw"", ""relaxed""], [""Rh111"", ""acetic_acid"", ""beef_vdw"", ""SPE""], [""Rh111"", ""acetic_acid"", ""beef_vdw"", ""relaxed""], [""Rh111"", ""ethane"", ""beef_vdw"", ""SPE""], [""Rh111"", ""ethane"", ""beef_vdw"", ""relaxed""], [""Rh111"", ""ethanol"", ""beef_vdw"", ""SPE""], [""Rh111"", ""ethanol"", ""beef_vdw"", ""relaxed""], [""Rh111"", ""ethene"", ""beef_vdw"", ""SPE""], [""Rh111"", ""ethene"", ""beef_vdw"", ""relaxed""], [""Rh111"", ""formaldehyde"", ""beef_vdw"", ""SPE""], [""Rh111"", ""formaldehyde"", ""beef_vdw"", ""relaxed""], [""Rh111"", ""formic_acid"", ""beef_vdw"", ""relaxed""], [""Rh111"", ""methane"", ""beef_vdw"", ""SPE""], [""Rh111"", ""methane"", ""beef_vdw"", ""relaxed""]]"
slab,Rh111,pbe,"{""Rh"": 64}","[[10.756508355409762, 0.0, 0.0], [0.0, 9.315409491804425, 0.0], [0.0, 0.0, 36.58698922118444]]","{""Rh"": ""PAW_PBE Rh 04Feb2005""}",31,"[[""Rh111"", ""CH3"", ""pbe"", ""SPE""], [""Rh111"", ""CH3"", ""pbe"", ""relaxed""], [""Rh111"", ""CO"", ""pbe"", ""SPE""], [""Rh111"", ""CO"", ""pbe"", ""relaxed""], [""Rh111"", ""CO2"", ""pbe"", ""SPE""], [""Rh111"", ""CO2"", ""pbe"", ""relaxed""], [""Rh111"", ""DME"", ""pbe"", ""SPE""], [""Rh111"", ""DME"", ""pbe"", ""relaxed""], [""Rh111"", ""H2O"", ""pbe"", ""SPE""], [""Rh111"", ""H2O"", ""pbe"", ""relaxed""], [""Rh111"", ""H2S"", ""pbe"", ""SPE""], [""Rh111"", ""H2S"", ""pbe"", ""relaxed""], [""Rh111"", ""N2"", ""pbe"", ""relaxed""], [""Rh111"", ""NH3"", ""pbe"", ""relaxed""], [""Rh111"", ""NO"", ""pbe"", ""relaxed""], [""Rh111"", ""SO2"", ""pbe"", ""relaxed""], [""Rh111"", ""acetaldehyde"", ""pbe"", ""SPE""], [""Rh111"", ""acetaldehyde"", ""pbe"", ""relaxed""], [""Rh111"", ""acetic_acid"", ""pbe"", ""SPE""], [""Rh111"", ""acetic_acid"", ""pbe"", ""relaxed""], [""Rh111"", ""ethane"", ""pbe"", ""SPE""], [""Rh111"", ""ethane"", ""pbe"", ""relaxed""], [""Rh111"", ""ethanol"", ""pbe"", ""SPE""], [""Rh111"", ""ethanol"", ""pbe"", ""relaxed""], [""Rh111"", ""ethene"", ""pbe"", ""SPE""], [""Rh111"", ""ethene"", ""pbe"", ""relaxed""], [""Rh111"", ""formaldehyde"", ""pbe"", ""SPE""], [""Rh111"", ""formaldehyde"", ""pbe"", ""relaxed""], [""Rh111"", ""formic_acid"", ""pbe"", ""relaxed""], [""Rh111"", ""methane"", ""pbe"", ""SPE""], [""Rh111"", ""methane"", ""pbe"", ""relaxed""]]"
slab,Rh111,pbe_d3,"{""Rh"": 64}","[[10.756508355409762, 0.0, 0.0], [0.0, 9.315409491804425, 0.0], [0.0, 0.0, 36.58698922118444]]","{""Rh"": ""PAW_PBE Rh 04Feb2005""}",31,"[[""Rh111"", ""CH3"", ""pbe_d3"", ""SPE""], [""Rh111"", ""CH3"", ""pbe_d3"", ""relaxed""], [""Rh111"", ""CO"", ""pbe_d3"", ""SPE""], [""Rh111"", ""CO"", ""pbe_d3"", ""relaxed""], [""Rh111"", ""CO2"", ""pbe_d3"", ""SPE""], [""Rh111"", ""CO2"", ""pbe_d3"", ""relaxed""], [""Rh111"", ""DME"", ""pbe_d3"", ""SPE""], [""Rh111"", ""DME"", ""pbe_d3"", ""relaxed""], [""Rh111"", ""H2O"", ""pbe_d3"", ""SPE""], [""Rh111"", ""H2O"", ""pbe_d3"", ""relaxed""], [""Rh111"", ""H2S"", ""pbe_d3"", ""SPE""], [""Rh111"", ""H2S"", ""pbe_d3"", ""relaxed""], [""Rh111"", ""N2"", ""pbe_d3"", ""relaxed""], [""Rh111"", ""NH3"", ""pbe_d3"", ""relaxed""], [""Rh111"", ""NO"", ""pbe_d3"", ""relaxed""], [""Rh111"", ""SO2"", ""pbe_d3"", ""relaxed""], [""Rh111"", ""acetaldehyde"", ""pbe_d3"", ""SPE""], [""Rh111"", ""acetaldehyde"", ""pbe_d3"", ""relaxed""], [""Rh111"", ""acetic_acid"", ""pbe_d3"", ""SPE""], [""Rh111"", ""acetic_acid"", ""pbe_d3"", ""relaxed""], [""Rh111"", ""ethane"", ""pbe_d3"", ""SPE""], [""Rh111"", ""ethane"", ""pbe_d3"", ""relaxed""], [""Rh111"", ""ethanol"", ""pbe_d3"", ""SPE""], [""Rh111"", ""ethanol"", ""pbe_d3"", ""relaxed""], [""Rh111"", ""ethene"", ""pbe_d3"", ""SPE""], [""Rh111"", ""ethene"", ""pbe_d3"", ""relaxed""], [""Rh111"", ""formaldehyde"", ""pbe_d3"", ""SPE""], [""Rh111"", ""formaldehyde"", ""pbe_d3"", ""relaxed""], [""Rh111"", ""formic_acid"", ""pbe_d3"", ""relaxed""], [""Rh111"", ""methane"", ""pbe_d3"", ""SPE""], [""Rh111"", ""methane"", ""pbe_d3"", ""relaxed""]]"
slab,Rh100,pbe_d3,"{""Rh"": 36}","[[8.067381266557321, 0.0, 0.0], [0.0, 8.067381266557321, 0.0], [0.0, 0.0, 35.704499999999996]]","{""Rh"": ""PAW_PBE Rh 04Feb2005""}",30,"[[""Rh100"", ""CH3"", ""pbe_d3"", ""relaxed""], [""Rh100"", ""CO"", ""pbe_d3"", ""relaxed""], [""Rh100"", ""CO2"", ""pbe_d3"", ""SPE""], [""Rh100"", ""CO2"", ""pbe_d3"", ""relaxed""], [""Rh100"", ""DME"", ""pbe_d3"", ""SPE""], [""Rh100"", ""DME"", ""pbe_d3"", ""relaxed""], [""Rh100"", ""H2O"", ""pbe_d3"", ""SPE""], [""Rh100"", ""H2O"", ""pbe_d3"", ""relaxed""], [""Rh100"", ""H2S"", ""pbe_d3"", ""SPE""], [""Rh100"", ""H2S"", ""pbe_d3"", ""relaxed""], [""Rh100"", ""N2"", ""pbe_d3"", ""relaxed""], [""Rh100"", ""NH3"", ""pbe_d3"", ""relaxed""], [""Rh100"", ""NO"", ""pbe_d3"", ""relaxed""], [""Rh100"", ""SO2"", ""pbe_d3"", ""relaxed""], [""Rh100"", ""acetaldehyde"", ""pbe_d3"", ""SPE""], [""Rh100"", ""acetaldehyde"", ""pbe_d3"", ""relaxed""], [""Rh100"", ""acetic_acid"", ""pbe_d3"", ""SPE""], [""Rh100"", ""acetic_acid"", ""pbe_d3"", ""relaxed""], [""Rh100"", ""ethane"", ""pbe_d3"", ""SPE""], [""Rh100"", ""ethane"", ""pbe_d3"", ""relaxed""], [""Rh100"", ""ethanol"", ""pbe_d3"", ""SPE""], [""Rh100"", ""ethanol"", ""pbe_d3"", ""relaxed""], [""Rh100"", ""ethene"", ""pbe_d3"", ""SPE""], [""Rh100"", ""ethene"", ""pbe_d3"", ""relaxed""], [""Rh100"", ""formaldehyde"", ""pbe_d3"", ""SPE""], [""Rh100"", ""formaldehyde"", ""pbe_d3"", ""relaxed""], [""Rh100"", ""formic_acid"", ""pbe_d3"", ""relaxed""], [""Rh100"", ""methane"", ""pbe_d3"", ""SPE""], [""Rh100"", ""methane"", ""pbe_d3"", ""relaxed""], [""Rh100"", ""methanol"", ""pbe_d3"", ""relaxed""]]"
slab,Pd110,pbe,"{""Pd"": 24}","[[11.67, 0.0, 0.0], [0.0, 5.50129075763134, 0.0], [0.0, 0.0, 34.12596806822351]]","{""Pd"": ""PAW_PBE Pd 04Jan2005""}",29,"[[""Pd110"", ""CH3"", ""pbe"", ""SPE""], [""Pd110"", ""CH3"", ""pbe"", ""relaxed""], [""Pd110"", ""CO"", ""pbe"", ""SPE""], [""Pd110"", ""CO"", ""pbe"", ""relaxed""], [""Pd110"", ""CO2"", ""pbe"", ""SPE""], [""Pd110"", ""CO2"", ""pbe"", ""relaxed""], [""Pd110"", ""DME"", ""pbe"", ""SPE""], [""Pd110"", ""DME"", ""pbe"", ""relaxed""], [""Pd110"", ""H2O"", ""pbe"", ""SPE""], [""Pd110"", ""H2O"", ""pbe"", ""relaxed""], [""Pd110"", ""H2S"", ""pbe"", ""SPE""], [""Pd110"", ""H2S"", ""pbe"", ""relaxed""], [""Pd110"", ""N2"", ""pbe"", ""relaxed""], [""Pd110"", ""NH3"", ""pbe"", ""relaxed""], [""Pd110"", ""NO"", ""pbe"", ""relaxed""], [""Pd110"", ""SO2"", ""pbe"", ""relaxed""], [""Pd110"", ""acetaldehyde"", ""pbe"", ""SPE""], [""Pd110"", ""acetaldehyde"", ""pbe"", ""relaxed""], [""Pd110"", ""acetic_acid"", ""pbe"", ""SPE""], [""Pd110"", ""acetic_acid"", ""pbe"", ""relaxed""], [""Pd110"", ""ethene"", ""pbe"", ""SPE""], [""Pd110"", ""ethene"", ""pbe"", ""relaxed""], [""Pd110"", ""formaldehyde"", ""pbe"", ""SPE""], [""Pd110"", ""formaldehyde"", ""pbe"", ""relaxed""], [""Pd110"", ""formic_acid"", ""pbe"", ""relaxed""], [""Pd110"", ""methane"", ""pbe"", ""SPE""], [""Pd110"", ""methane"", ""pbe"", ""relaxed""], [""Pd110"", ""methanol"", ""pbe"", ""SPE""], [""Pd110"", ""methanol"", ""pbe"", ""relaxed""]]"
slab,Pd110,pbe_d3,"{""Pd"": 24}","[[11.67, 0.0, 0.0], [0.0, 5.50129075763134, 0.0], [0.0, 0.0, 34.12596806822351]]","{""Pd"": ""PAW_PBE Pd 04Jan2005""}",29,"[[""Pd110"", ""CH3"", ""pbe_d3"", ""SPE""], [""Pd110"", ""CH3"", ""pbe_d3"", ""relaxed""], [""Pd110"", ""CO"", ""pbe_d3"", ""SPE""], [""Pd110"", ""CO"", ""pbe_d3"", ""relaxed""], [""Pd110"", ""CO2"", ""pbe_d3"", ""SPE""], [""Pd110"", ""CO2"", ""pbe_d3"", ""relaxed""], [""Pd110"", ""DME"", ""pbe_d3"", ""SPE""], [""Pd110"", ""DME"", ""pbe_d3"", ""relaxed""], [""Pd110"", ""H2O"", ""pbe_d3"", ""SPE""], [""Pd110"", ""H2O"", ""pbe_d3"", ""relaxed""], [""Pd110"", ""H2S"", ""pbe_d3"", ""SPE""], [""Pd110"", ""H2S"", ""pbe_d3"", ""relaxed""], [""Pd110"", ""N2"", ""pbe_d3"", ""relaxed""], [""Pd110"", ""NH3"", ""pbe_d3"", ""relaxed""], [""Pd110"", ""NO"", ""pbe_d3"", ""relaxed""], [""Pd110"", ""SO2"", ""pbe_d3"", ""relaxed""], [""Pd110"", ""acetaldehyde"", ""pbe_d3"", ""SPE""], [""Pd110"", ""acetaldehyde"", ""pbe_d3"", ""relaxed""], [""Pd110"", ""acetic_acid"", ""pbe_d3"", ""SPE""], [""Pd110"", ""acetic_acid"", ""pbe_d3"", ""relaxed""], [""Pd110"", ""ethene"", ""pbe_d3"", ""SPE""], [""Pd110"", ""ethene"", ""pbe_d3"", ""relaxed""], [""Pd110"", ""formaldehyde"", ""pbe_d3"", ""SPE""], [""Pd110"", ""formaldehyde"", ""pbe_d3"", ""relaxed""], [""Pd110"", ""formic_acid"", ""pbe_d3"", ""relaxed""], [""Pd110"", ""methane"", ""pbe_d3"", ""SPE""], [""Pd110"", ""methane"", ""pbe_d3"", ""relaxed""], [""Pd110"", ""methanol"", ""pbe_d3"", ""SPE""], [""Pd110"", ""methanol"", ""pbe_d3"", ""relaxed""]]"
slab,Pt110,pbe,"{""Pt"": 24}","[[11.76, 0.0, 0.0], [0.0, 5.5437171645025325, 0.0], [0.0, 0.0, 34.1577878733769]]","{""Pt"": ""PAW_PBE Pt 04Feb2005""}",29,"[[""Pt110"", ""CH3"", ""pbe"", ""SPE""], [""Pt110"", ""CH3"", ""pbe"", ""relaxed""], [""Pt110"", ""CO"", ""pbe"", ""SPE""], [""Pt110"", ""CO"", ""pbe"", ""relaxed""], [""Pt110"", ""CO2"", ""pbe"", ""SPE""], [""Pt110"", ""CO2"", ""pbe"", ""relaxed""], [""Pt110"", ""DME"", ""pbe"", ""SPE""], [""Pt110"", ""DME"", ""pbe"", ""relaxed""], [""Pt110"", ""H2O"", ""pbe"", ""SPE""], [""Pt110"", ""H2O"", ""pbe"", ""relaxed""], [""Pt110"", ""H2S"", ""pbe"", ""SPE""], [""Pt110"", ""H2S"", ""pbe"", ""relaxed""], [""Pt110"", ""N2"", ""pbe"", ""relaxed""], [""Pt110"", ""NH3"", ""pbe"", ""relaxed""], [""Pt110"", ""NO"", ""pbe"", ""relaxed""], [""Pt110"", ""SO2"", ""pbe"", ""relaxed""], [""Pt110"", ""acetaldehyde"", ""pbe"", ""SPE""], [""Pt110"", ""acetaldehyde"", ""pbe"", ""relaxed""], [""Pt110"", ""acetic_acid"", ""pbe"", ""SPE""], [""Pt110"", ""acetic_acid"", ""pbe"", ""relaxed""], [""Pt110"", ""ethene"", ""pbe"", ""SPE""], [""Pt110"", ""ethene"", ""pbe"", ""relaxed""], [""Pt110"", ""formaldehyde"", ""pbe"", ""SPE""], [""Pt110"", ""formaldehyde"", ""pbe"", ""relaxed""], [""Pt110"", ""formic_acid"", ""pbe"", ""relaxed""], [""Pt110"", ""methane"", ""pbe"", ""SPE""], [""Pt110"", ""methane"", ""pbe"", ""relaxed""], [""Pt110"", ""methanol"", ""pbe"", ""SPE""], [""Pt110"", ""methanol"", ""pbe"", ""relaxed""]]"
slab,Pt110,pbe_d3,"{""Pt"": 24}","[[11.76, 0.0, 0.0], [0.0, 5.5437171645025325, 0.0], [0.0, 0.0, 34.1577878733769]]","{""Pt"": ""PAW_PBE Pt 04Feb2005""}",29,"[[""Pt110"", ""CH3"", ""pbe_d3"", ""SPE""], [""Pt110"", ""CH3"", ""pbe_d3"", ""relaxed""], [""Pt110"", ""CO"", ""pbe_d3"", ""SPE""], [""Pt110"", ""CO"", ""pbe_d3"", ""relaxed""], [""Pt110"", ""CO2"", ""pbe_d3"", ""SPE""], [""Pt110"", ""CO2"", ""pbe_d3"", ""relaxed""], [""Pt110"", ""DME"", ""pbe_d3"", ""SPE""], [""Pt110"", ""DME"", ""pbe_d3"", ""relaxed""], [""Pt110"", ""H2O"", ""pbe_d3"", ""SPE""], [""Pt110"", ""H2O"", ""pbe_d3"", ""relaxed""], [""Pt110"", ""H2S"", ""pbe_d3"", ""SPE""], [""Pt110"", ""H2S"", ""pbe_d3"", ""relaxed""], [""Pt110"", ""N2"", ""pbe_d3"", ""relaxed""], [""Pt110"", ""NH3"", ""pbe_d3"", ""relaxed""], [""Pt110"", ""NO"", ""pbe_d3"", ""relaxed""], [""Pt110"", ""SO2"", ""pbe_d3"", ""relaxed""], [""Pt110"", ""acetaldehyde"", ""pbe_d3"", ""SPE""], [""Pt110"", ""acetaldehyde"", ""pbe_d3"", ""relaxed""], [""Pt110"", ""acetic_acid"", ""pbe_d3"", ""SPE""], [""Pt110"", ""acetic_acid"", ""pbe_d3"", ""relaxed""], [""Pt110"", ""ethene"", ""pbe_d3"", ""SPE""], [""Pt110"", ""ethene"", ""pbe_d3"", ""relaxed""], [""Pt110"", ""formaldehyde"", ""pbe_d3"", ""SPE""], [""Pt110"", ""formaldehyde"", ""pbe_d3"", ""relaxed""], [""Pt110"", ""formic_acid"", ""pbe_d3"", ""relaxed""], [""Pt110"", ""methane"", ""pbe_d3"", ""SPE""], [""Pt110"", ""methane"", ""pbe_d3"", ""relaxed""], [""Pt110"", ""methanol"", ""pbe_d3"", ""SPE""], [""Pt110"", ""methanol"", ""pbe_d3"", ""relaxed""]]"
slab,Pd110,r2scan,"{""Pd"": 24}","[[11.67, 0.0, 0.0], [0.0, 5.50129075763134, 0.0], [0.0, 0.0, 34.12596806822351]]","{""Pd"": ""PAW_PBE Pd 04Jan2005""}",28,"[[""Pd110"", ""CH3"", ""r2scan"", ""SPE""], [""Pd110"", ""CH3"", ""r2scan"", ""relaxed""], [""Pd110"", ""CO"", ""r2scan"", ""SPE""], [""Pd110"", ""CO"", ""r2scan"", ""relaxed""], [""Pd110"", ""CO2"", ""r2scan"", ""SPE""], [""Pd110"", ""CO2"", ""r2scan"", ""relaxed""], [""Pd110"", ""DME"", ""r2scan"", ""SPE""], [""Pd110"", ""DME"", ""r2scan"", ""relaxed""], [""Pd110"", ""H2O"", ""r2scan"", ""SPE""], [""Pd110"", ""H2O"", ""r2scan"", ""relaxed""], [""Pd110"", ""H2S"", ""r2scan"", ""SPE""], [""Pd110"", ""H2S"", ""r2scan"", ""relaxed""], [""Pd110"", ""NH3"", ""r2scan"", ""relaxed""], [""Pd110"", ""NO"", ""r2scan"", ""relaxed""], [""Pd110"", ""SO2"", ""r2scan"", ""relaxed""], [""Pd110"", ""acetaldehyde"", ""r2scan"", ""SPE""], [""Pd110"", ""acetaldehyde"", ""r2scan"", ""relaxed""], [""Pd110"", ""acetic_acid"", ""r2scan"", ""SPE""], [""Pd110"", ""acetic_acid"", ""r2scan"", ""relaxed""], [""Pd110"", ""ethene"", ""r2scan"", ""SPE""], [""Pd110"", ""ethene"", ""r2scan"", ""relaxed""], [""Pd110"", ""formaldehyde"", ""r2scan"", ""SPE""], [""Pd110"", ""formaldehyde"", ""r2scan"", ""relaxed""], [""Pd110"", ""formic_acid"", ""r2scan"", ""relaxed""], [""Pd110"", ""methane"", ""r2scan"", ""SPE""], [""Pd110"", ""methane"", ""r2scan"", ""relaxed""], [""Pd110"", ""methanol"", ""r2scan"", ""SPE""], [""Pd110"", ""methanol"", ""r2scan"", ""relaxed""]]"
slab,Pt110,beef_vdw,"{""Pt"": 24}","[[11.76, 0.0, 0.0], [0.0, 5.5437171645025325, 0.0], [0.0, 0.0, 34.1577878733769]]","{""Pt"": ""PAW_PBE Pt 04Feb2005""}",28,"[[""Pt110"", ""CH3"", ""beef_vdw"", ""SPE""], [""Pt110"", ""CO"", ""beef_vdw"", ""SPE""], [""Pt110"", ""CO"", ""beef_vdw"", ""relaxed""], [""Pt110"", ""CO2"", ""beef_vdw"", ""SPE""], [""Pt110"", ""CO2"", ""beef_vdw"", ""relaxed""], [""Pt110"", ""DME"", ""beef_vdw"", ""SPE""], [""Pt110"", ""DME"", ""beef_vdw"", ""relaxed""], [""Pt110"", ""H2O"", ""beef_vdw"", ""SPE""], [""Pt110"", ""H2O"", ""beef_vdw"", ""relaxed""], [""Pt110"", ""H2S"", ""beef_vdw"", ""SPE""], [""Pt110"", ""H2S"", ""beef_vdw"", ""relaxed""], [""Pt110"", ""N2"", ""beef_vdw"", ""relaxed""], [""Pt110"", ""NH3"", ""beef_vdw"", ""relaxed""], [""Pt110"", ""NO"", ""beef_vdw"", ""relaxed""], [""Pt110"", ""SO2"", ""beef_vdw"", ""relaxed""], [""Pt110"", ""acetaldehyde"", ""beef_vdw"", ""SPE""], [""Pt110"", ""acetaldehyde"", ""beef_vdw"", ""relaxed""], [""Pt110"", ""acetic_acid"", ""beef_vdw"", ""SPE""], [""Pt110"", ""acetic_acid"", ""beef_vdw"", ""relaxed""], [""Pt110"", ""ethene"", ""beef_vdw"", ""SPE""], [""Pt110"", ""ethene"", ""beef_vdw"", ""relaxed""], [""Pt110"", ""formaldehyde"", ""beef_vdw"", ""SPE""], [""Pt110"", ""formaldehyde"", ""beef_vdw"", ""relaxed""], [""Pt110"", ""formic_acid"", ""beef_vdw"", ""relaxed""], [""Pt110"", ""methane"", ""beef_vdw"", ""SPE""], [""Pt110"", ""methane"", ""beef_vdw"", ""relaxed""], [""Pt110"", ""methanol"", ""beef_vdw"", ""SPE""], [""Pt110"", ""methanol"", ""beef_vdw"", ""relaxed""]]"
slab,Pd100,pbe,"{""Pd"": 36}","[[8.25193613644701, 0.0, 0.0], [0.0, 8.25193613644701, 0.0], [0.0, 0.0, 35.835]]","{""Pd"": ""PAW_PBE Pd 04Jan2005""}",27,"[[""Pd100"", ""CH3"", ""pbe"", ""SPE""], [""Pd100"", ""CH3"", ""pbe"", ""relaxed""], [""Pd100"", ""CO"", ""pbe"", ""SPE""], [""Pd100"", ""CO"", ""pbe"", ""relaxed""], [""Pd100"", ""DME"", ""pbe"", ""SPE""], [""Pd100"", ""DME"", ""pbe"", ""relaxed""], [""Pd100"", ""H2O"", ""pbe"", ""SPE""], [""Pd100"", ""H2O"", ""pbe"", ""relaxed""], [""Pd100"", ""H2S"", ""pbe"", ""SPE""], [""Pd100"", ""H2S"", ""pbe"", ""relaxed""], [""Pd100"", ""N2"", ""pbe"", ""relaxed""], [""Pd100"", ""NH3"", ""pbe"", ""relaxed""], [""Pd100"", ""NO"", ""pbe"", ""relaxed""], [""Pd100"", ""SO2"", ""pbe"", ""relaxed""], [""Pd100"", ""acetaldehyde"", ""pbe"", ""SPE""], [""Pd100"", ""acetaldehyde"", ""pbe"", ""relaxed""], [""Pd100"", ""acetic_acid"", ""pbe"", ""SPE""], [""Pd100"", ""acetic_acid"", ""pbe"", ""relaxed""], [""Pd100"", ""ethene"", ""pbe"", ""SPE""], [""Pd100"", ""ethene"", ""pbe"", ""relaxed""], [""Pd100"", ""formaldehyde"", ""pbe"", ""SPE""], [""Pd100"", ""formaldehyde"", ""pbe"", ""relaxed""], [""Pd100"", ""formic_acid"", ""pbe"", ""relaxed""], [""Pd100"", ""methane"", ""pbe"", ""SPE""], [""Pd100"", ""methane"", ""pbe"", ""relaxed""], [""Pd100"", ""methanol"", ""pbe"", ""SPE""], [""Pd100"", ""methanol"", ""pbe"", ""relaxed""]]"
slab,Pd100,pbe_d3,"{""Pd"": 36}","[[8.25193613644701, 0.0, 0.0], [0.0, 8.25193613644701, 0.0], [0.0, 0.0, 35.835]]","{""Pd"": ""PAW_PBE Pd 04Jan2005""}",27,"[[""Pd100"", ""CH3"", ""pbe_d3"", ""SPE""], [""Pd100"", ""CH3"", ""pbe_d3"", ""relaxed""], [""Pd100"", ""CO"", ""pbe_d3"", ""SPE""], [""Pd100"", ""CO"", ""pbe_d3"", ""relaxed""], [""Pd100"", ""DME"", ""pbe_d3"", ""SPE""], [""Pd100"", ""DME"", ""pbe_d3"", ""relaxed""], [""Pd100"", ""H2O"", ""pbe_d3"", ""SPE""], [""Pd100"", ""H2O"", ""pbe_d3"", ""relaxed""], [""Pd100"", ""H2S"", ""pbe_d3"", ""SPE""], [""Pd100"", ""H2S"", ""pbe_d3"", ""relaxed""], [""Pd100"", ""N2"", ""pbe_d3"", ""relaxed""], [""Pd100"", ""NH3"", ""pbe_d3"", ""relaxed""], [""Pd100"", ""NO"", ""pbe_d3"", ""relaxed""], [""Pd100"", ""SO2"", ""pbe_d3"", ""relaxed""], [""Pd100"", ""acetaldehyde"", ""pbe_d3"", ""SPE""], [""Pd100"", ""acetaldehyde"", ""pbe_d3"", ""relaxed""], [""Pd100"", ""acetic_acid"", ""pbe_d3"", ""SPE""], [""Pd100"", ""acetic_acid"", ""pbe_d3"", ""relaxed""], [""Pd100"", ""ethene"", ""pbe_d3"", ""SPE""], [""Pd100"", ""ethene"", ""pbe_d3"", ""relaxed""], [""Pd100"", ""formaldehyde"", ""pbe_d3"", ""SPE""], [""Pd100"", ""formaldehyde"", ""pbe_d3"", ""relaxed""], [""Pd100"", ""formic_acid"", ""pbe_d3"", ""relaxed""], [""Pd100"", ""methane"", ""pbe_d3"", ""SPE""], [""Pd100"", ""methane"", ""pbe_d3"", ""relaxed""], [""Pd100"", ""methanol"", ""pbe_d3"", ""SPE""], [""Pd100"", ""methanol"", ""pbe_d3"", ""relaxed""]]"
slab,Pt100,beef_vdw,"{""Pt"": 36}","[[8.3155757467538, 0.0, 0.0], [0.0, 8.3155757467538, 0.0], [0.0, 0.0, 35.88]]","{""Pt"": ""PAW_PBE Pt 04Feb2005""}",27,"[[""Pt100"", ""CH3"", ""beef_vdw"", ""SPE""], [""Pt100"", ""CH3"", ""beef_vdw"", ""relaxed""], [""Pt100"", ""CO"", ""beef_vdw"", ""SPE""], [""Pt100"", ""CO"", ""beef_vdw"", ""relaxed""], [""Pt100"", ""DME"", ""beef_vdw"", ""SPE""], [""Pt100"", ""DME"", ""beef_vdw"", ""relaxed""], [""Pt100"", ""H2O"", ""beef_vdw"", ""SPE""], [""Pt100"", ""H2O"", ""beef_vdw"", ""relaxed""], [""Pt100"", ""H2S"", ""beef_vdw"", ""SPE""], [""Pt100"", ""H2S"", ""beef_vdw"", ""relaxed""], [""Pt100"", ""N2"", ""beef_vdw"", ""relaxed""], [""Pt100"", ""NH3"", ""beef_vdw"", ""relaxed""], [""Pt100"", ""NO"", ""beef_vdw"", ""relaxed""], [""Pt100"", ""SO2"", ""beef_vdw"", ""relaxed""], [""Pt100"", ""acetaldehyde"", ""beef_vdw"", ""SPE""], [""Pt100"", ""acetaldehyde"", ""beef_vdw"", ""relaxed""], [""Pt100"", ""acetic_acid"", ""beef_vdw"", ""SPE""], [""Pt100"", ""acetic_acid"", ""beef_vdw"", ""relaxed""], [""Pt100"", ""ethene"", ""beef_vdw"", ""SPE""], [""Pt100"", ""ethene"", ""beef_vdw"", ""relaxed""], [""Pt100"", ""formaldehyde"", ""beef_vdw"", ""SPE""], [""Pt100"", ""formaldehyde"", ""beef_vdw"", ""relaxed""], [""Pt100"", ""formic_acid"", ""beef_vdw"", ""relaxed""], [""Pt100"", ""methane"", ""beef_vdw"", ""SPE""], [""Pt100"", ""methane"", ""beef_vdw"", ""relaxed""], [""Pt100"", ""methanol"", ""beef_vdw"", ""SPE""], [""Pt100"", ""methanol"", ""beef_vdw"", ""relaxed""]]"
slab,Pt100,pbe,"{""Pt"": 36}","[[8.3155757467538, 0.0, 0.0], [0.0, 8.3155757467538, 0.0], [0.0, 0.0, 35.88]]","{""Pt"": ""PAW_PBE Pt 04Feb2005""}",27,"[[""Pt100"", ""CH3"", ""pbe"", ""SPE""], [""Pt100"", ""CH3"", ""pbe"", ""relaxed""], [""Pt100"", ""CO"", ""pbe"", ""SPE""], [""Pt100"", ""CO"", ""pbe"", ""relaxed""], [""Pt100"", ""DME"", ""pbe"", ""SPE""], [""Pt100"", ""DME"", ""pbe"", ""relaxed""], [""Pt100"", ""H2O"", ""pbe"", ""SPE""], [""Pt100"", ""H2O"", ""pbe"", ""relaxed""], [""Pt100"", ""H2S"", ""pbe"", ""SPE""], [""Pt100"", ""H2S"", ""pbe"", ""relaxed""], [""Pt100"", ""N2"", ""pbe"", ""relaxed""], [""Pt100"", ""NH3"", ""pbe"", ""relaxed""], [""Pt100"", ""NO"", ""pbe"", ""relaxed""], [""Pt100"", ""SO2"", ""pbe"", ""relaxed""], [""Pt100"", ""acetaldehyde"", ""pbe"", ""SPE""], [""Pt100"", ""acetaldehyde"", ""pbe"", ""relaxed""], [""Pt100"", ""acetic_acid"", ""pbe"", ""SPE""], [""Pt100"", ""acetic_acid"", ""pbe"", ""relaxed""], [""Pt100"", ""ethene"", ""pbe"", ""SPE""], [""Pt100"", ""ethene"", ""pbe"", ""relaxed""], [""Pt100"", ""formaldehyde"", ""pbe"", ""SPE""], [""Pt100"", ""formaldehyde"", ""pbe"", ""relaxed""], [""Pt100"", ""formic_acid"", ""pbe"", ""relaxed""], [""Pt100"", ""methane"", ""pbe"", ""SPE""], [""Pt100"", ""methane"", ""pbe"", ""relaxed""], [""Pt100"", ""methanol"", ""pbe"", ""SPE""], [""Pt100"", ""methanol"", ""pbe"", ""relaxed""]]"
slab,Pt100,pbe_d3,"{""Pt"": 36}","[[8.3155757467538, 0.0, 0.0], [0.0, 8.3155757467538, 0.0], [0.0, 0.0, 35.88]]","{""Pt"": ""PAW_PBE Pt 04Feb2005""}",27,"[[""Pt100"", ""CH3"", ""pbe_d3"", ""SPE""], [""Pt100"", ""CH3"", ""pbe_d3"", ""relaxed""], [""Pt100"", ""CO"", ""pbe_d3"", ""SPE""], [""Pt100"", ""CO"", ""pbe_d3"", ""relaxed""], [""Pt100"", ""DME"", ""pbe_d3"", ""SPE""], [""Pt100"", ""DME"", ""pbe_d3"", ""relaxed""], [""Pt100"", ""H2O"", ""pbe_d3"", ""SPE""], [""Pt100"", ""H2O"", ""pbe_d3"", ""relaxed""], [""Pt100"", ""H2S"", ""pbe_d3"", ""SPE""], [""Pt100"", ""H2S"", ""pbe_d3"", ""relaxed""], [""Pt100"", ""N2"", ""pbe_d3"", ""relaxed""], [""Pt100"", ""NH3"", ""pbe_d3"", ""relaxed""], [""Pt100"", ""NO"", ""pbe_d3"", ""relaxed""], [""Pt100"", ""SO2"", ""pbe_d3"", ""relaxed""], [""Pt100"", ""acetaldehyde"", ""pbe_d3"", ""SPE""], [""Pt100"", ""acetaldehyde"", ""pbe_d3"", ""relaxed""], [""Pt100"", ""acetic_acid"", ""pbe_d3"", ""SPE""], [""Pt100"", ""acetic_acid"", ""pbe_d3"", ""relaxed""], [""Pt100"", ""ethene"", ""pbe_d3"", ""SPE""], [""Pt100"", ""ethene"", ""pbe_d3"", ""relaxed""], [""Pt100"", ""formaldehyde"", ""pbe_d3"", ""SPE""], [""Pt100"", ""formaldehyde"", ""pbe_d3"", ""relaxed""], [""Pt100"", ""formic_acid"", ""pbe_d3"", ""relaxed""], [""Pt100"", ""methane"", ""pbe_d3"", ""SPE""], [""Pt100"", ""methane"", ""pbe_d3"", ""relaxed""], [""Pt100"", ""methanol"", ""pbe_d3"", ""SPE""], [""Pt100"", ""methanol"", ""pbe_d3"", ""relaxed""]]"
slab,Pt110,r2scan,"{""Pt"": 24}","[[11.76, 0.0, 0.0], [0.0, 5.5437171645025325, 0.0], [0.0, 0.0, 34.1577878733769]]","{""Pt"": ""PAW_PBE Pt 04Feb2005""}",27,"[[""Pt110"", ""CH3"", ""r2scan"", ""SPE""], [""Pt110"", ""CH3"", ""r2scan"", ""relaxed""], [""Pt110"", ""CO"", ""r2scan"", ""SPE""], [""Pt110"", ""CO2"", ""r2scan"", ""SPE""], [""Pt110"", ""CO2"", ""r2scan"", ""relaxed""], [""Pt110"", ""DME"", ""r2scan"", ""SPE""], [""Pt110"", ""H2O"", ""r2scan"", ""SPE""], [""Pt110"", ""H2O"", ""r2scan"", ""relaxed""], [""Pt110"", ""H2S"", ""r2scan"", ""SPE""], [""Pt110"", ""H2S"", ""r2scan"", ""relaxed""], [""Pt110"", ""N2"", ""r2scan"", ""relaxed""], [""Pt110"", ""NH3"", ""r2scan"", ""relaxed""], [""Pt110"", ""NO"", ""r2scan"", ""relaxed""], [""Pt110"", ""SO2"", ""r2scan"", ""relaxed""], [""Pt110"", ""acetaldehyde"", ""r2scan"", ""SPE""], [""Pt110"", ""acetaldehyde"", ""r2scan"", ""relaxed""], [""Pt110"", ""acetic_acid"", ""r2scan"", ""SPE""], [""Pt110"", ""acetic_acid"", ""r2scan"", ""relaxed""], [""Pt110"", ""ethene"", ""r2scan"", ""SPE""], [""Pt110"", ""ethene"", ""r2scan"", ""relaxed""], [""Pt110"", ""formaldehyde"", ""r2scan"", ""SPE""], [""Pt110"", ""formaldehyde"", ""r2scan"", ""relaxed""], [""Pt110"", ""formic_acid"", ""r2scan"", ""relaxed""], [""Pt110"", ""methane"", ""r2scan"", ""SPE""], [""Pt110"", ""methane"", ""r2scan"", ""relaxed""], [""Pt110"", ""methanol"", ""r2scan"", ""SPE""], [""Pt110"", ""methanol"", ""r2scan"", ""relaxed""]]"
slab,Pd100,beef_vdw,"{""Pd"": 36}","[[8.25193613644701, 0.0, 0.0], [0.0, 8.25193613644701, 0.0], [0.0, 0.0, 35.835]]","{""Pd"": ""PAW_PBE Pd 04Jan2005""}",26,"[[""Pd100"", ""CH3"", ""beef_vdw"", ""SPE""], [""Pd100"", ""CH3"", ""beef_vdw"", ""relaxed""], [""Pd100"", ""CO"", ""beef_vdw"", ""SPE""], [""Pd100"", ""CO"", ""beef_vdw"", ""relaxed""], [""Pd100"", ""DME"", ""beef_vdw"", ""SPE""], [""Pd100"", ""DME"", ""beef_vdw"", ""relaxed""], [""Pd100"", ""H2O"", ""beef_vdw"", ""SPE""], [""Pd100"", ""H2O"", ""beef_vdw"", ""relaxed""], [""Pd100"", ""H2S"", ""beef_vdw"", ""SPE""], [""Pd100"", ""H2S"", ""beef_vdw"", ""relaxed""], [""Pd100"", ""NH3"", ""beef_vdw"", ""relaxed""], [""Pd100"", ""NO"", ""beef_vdw"", ""relaxed""], [""Pd100"", ""SO2"", ""beef_vdw"", ""relaxed""], [""Pd100"", ""acetaldehyde"", ""beef_vdw"", ""SPE""], [""Pd100"", ""acetaldehyde"", ""beef_vdw"", ""relaxed""], [""Pd100"", ""acetic_acid"", ""beef_vdw"", ""SPE""], [""Pd100"", ""acetic_acid"", ""beef_vdw"", ""relaxed""], [""Pd100"", ""ethene"", ""beef_vdw"", ""SPE""], [""Pd100"", ""ethene"", ""beef_vdw"", ""relaxed""], [""Pd100"", ""formaldehyde"", ""beef_vdw"", ""SPE""], [""Pd100"", ""formaldehyde"", ""beef_vdw"", ""relaxed""], [""Pd100"", ""formic_acid"", ""beef_vdw"", ""relaxed""], [""Pd100"", ""methane"", ""beef_vdw"", ""SPE""], [""Pd100"", ""methane"", ""beef_vdw"", ""relaxed""], [""Pd100"", ""methanol"", ""beef_vdw"", ""SPE""], [""Pd100"", ""methanol"", ""beef_vdw"", ""relaxed""]]"
slab,Pd100,r2scan,"{""Pd"": 36}","[[8.25193613644701, 0.0, 0.0], [0.0, 8.25193613644701, 0.0], [0.0, 0.0, 35.835]]","{""Pd"": ""PAW_PBE Pd 04Jan2005""}",26,"[[""Pd100"", ""CH3"", ""r2scan"", ""SPE""], [""Pd100"", ""CH3"", ""r2scan"", ""relaxed""], [""Pd100"", ""CO"", ""r2scan"", ""SPE""], [""Pd100"", ""CO"", ""r2scan"", ""relaxed""], [""Pd100"", ""DME"", ""r2scan"", ""SPE""], [""Pd100"", ""DME"", ""r2scan"", ""relaxed""], [""Pd100"", ""H2O"", ""r2scan"", ""SPE""], [""Pd100"", ""H2O"", ""r2scan"", ""relaxed""], [""Pd100"", ""H2S"", ""r2scan"", ""SPE""], [""Pd100"", ""H2S"", ""r2scan"", ""relaxed""], [""Pd100"", ""N2"", ""r2scan"", ""relaxed""], [""Pd100"", ""NH3"", ""r2scan"", ""relaxed""], [""Pd100"", ""NO"", ""r2scan"", ""relaxed""], [""Pd100"", ""SO2"", ""r2scan"", ""relaxed""], [""Pd100"", ""acetaldehyde"", ""r2scan"", ""SPE""], [""Pd100"", ""acetaldehyde"", ""r2scan"", ""relaxed""], [""Pd100"", ""acetic_acid"", ""r2scan"", ""SPE""], [""Pd100"", ""acetic_acid"", ""r2scan"", ""relaxed""], [""Pd100"", ""ethene"", ""r2scan"", ""SPE""], [""Pd100"", ""ethene"", ""r2scan"", ""relaxed""], [""Pd100"", ""formaldehyde"", ""r2scan"", ""SPE""], [""Pd100"", ""formaldehyde"", ""r2scan"", ""relaxed""], [""Pd100"", ""methane"", ""r2scan"", ""SPE""], [""Pd100"", ""methane"", ""r2scan"", ""relaxed""], [""Pd100"", ""methanol"", ""r2scan"", ""SPE""], [""Pd100"", ""methanol"", ""r2scan"", ""relaxed""]]"
slab,Pd110,beef_vdw,"{""Pd"": 24}","[[11.67, 0.0, 0.0], [0.0, 5.50129075763134, 0.0], [0.0, 0.0, 34.12596806822351]]","{""Pd"": ""PAW_PBE Pd 04Jan2005""}",26,"[[""Pd110"", ""CH3"", ""beef_vdw"", ""SPE""], [""Pd110"", ""CH3"", ""beef_vdw"", ""relaxed""], [""Pd110"", ""CO"", ""beef_vdw"", ""SPE""], [""Pd110"", ""CO"", ""beef_vdw"", ""relaxed""], [""Pd110"", ""CO2"", ""beef_vdw"", ""SPE""], [""Pd110"", ""CO2"", ""beef_vdw"", ""relaxed""], [""Pd110"", ""DME"", ""beef_vdw"", ""SPE""], [""Pd110"", ""DME"", ""beef_vdw"", ""relaxed""], [""Pd110"", ""H2O"", ""beef_vdw"", ""SPE""], [""Pd110"", ""H2S"", ""beef_vdw"", ""SPE""], [""Pd110"", ""H2S"", ""beef_vdw"", ""relaxed""], [""Pd110"", ""NO"", ""beef_vdw"", ""relaxed""], [""Pd110"", ""SO2"", ""beef_vdw"", ""relaxed""], [""Pd110"", ""acetaldehyde"", ""beef_vdw"", ""SPE""], [""Pd110"", ""acetaldehyde"", ""beef_vdw"", ""relaxed""], [""Pd110"", ""acetic_acid"", ""beef_vdw"", ""SPE""], [""Pd110"", ""acetic_acid"", ""beef_vdw"", ""relaxed""], [""Pd110"", ""ethene"", ""beef_vdw"", ""SPE""], [""Pd110"", ""ethene"", ""beef_vdw"", ""relaxed""], [""Pd110"", ""formaldehyde"", ""beef_vdw"", ""SPE""], [""Pd110"", ""formaldehyde"", ""beef_vdw"", ""relaxed""], [""Pd110"", ""formic_acid"", ""beef_vdw"", ""relaxed""], [""Pd110"", ""methane"", ""beef_vdw"", ""SPE""], [""Pd110"", ""methane"", ""beef_vdw"", ""relaxed""], [""Pd110"", ""methanol"", ""beef_vdw"", ""SPE""], [""Pd110"", ""methanol"", ""beef_vdw"", ""relaxed""]]"
slab,Pd111,pbe,"{""Pd"": 36}","[[8.25193613644701, 0.0, 0.0], [4.125968068223505, 7.146386324569921, 0.0], [0.0, 0.0, 36.737677641442936]]","{""Pd"": ""PAW_PBE Pd 04Jan2005""}",25,"[[""Pd111"", ""CH3"", ""pbe"", ""SPE""], [""Pd111"", ""CH3"", ""pbe"", ""relaxed""], [""Pd111"", ""DME"", ""pbe"", ""SPE""], [""Pd111"", ""DME"", ""pbe"", ""relaxed""], [""Pd111"", ""H2O"", ""pbe"", ""SPE""], [""Pd111"", ""H2O"", ""pbe"", ""relaxed""], [""Pd111"", ""H2S"", ""pbe"", ""SPE""], [""Pd111"", ""H2S"", ""pbe"", ""relaxed""], [""Pd111"", ""N2"", ""pbe"", ""relaxed""], [""Pd111"", ""NH3"", ""pbe"", ""relaxed""], [""Pd111"", ""NO"", ""pbe"", ""relaxed""], [""Pd111"", ""SO2"", ""pbe"", ""relaxed""], [""Pd111"", ""acetaldehyde"", ""pbe"", ""SPE""], [""Pd111"", ""acetaldehyde"", ""pbe"", ""relaxed""], [""Pd111"", ""acetic_acid"", ""pbe"", ""SPE""], [""Pd111"", ""acetic_acid"", ""pbe"", ""relaxed""], [""Pd111"", ""ethene"", ""pbe"", ""SPE""], [""Pd111"", ""ethene"", ""pbe"", ""relaxed""], [""Pd111"", ""formaldehyde"", ""pbe"", ""SPE""], [""Pd111"", ""formaldehyde"", ""pbe"", ""relaxed""], [""Pd111"", ""formic_acid"", ""pbe"", ""relaxed""], [""Pd111"", ""methane"", ""pbe"", ""SPE""], [""Pd111"", ""methane"", ""pbe"", ""relaxed""], [""Pd111"", ""methanol"", ""pbe"", ""SPE""], [""Pd111"", ""methanol"", ""pbe"", ""relaxed""]]"
slab,Pd111,pbe_d3,"{""Pd"": 36}","[[8.25193613644701, 0.0, 0.0], [4.125968068223505, 7.146386324569921, 0.0], [0.0, 0.0, 36.737677641442936]]","{""Pd"": ""PAW_PBE Pd 04Jan2005""}",25,"[[""Pd111"", ""CH3"", ""pbe_d3"", ""SPE""], [""Pd111"", ""CH3"", ""pbe_d3"", ""relaxed""], [""Pd111"", ""DME"", ""pbe_d3"", ""SPE""], [""Pd111"", ""DME"", ""pbe_d3"", ""relaxed""], [""Pd111"", ""H2O"", ""pbe_d3"", ""SPE""], [""Pd111"", ""H2O"", ""pbe_d3"", ""relaxed""], [""Pd111"", ""H2S"", ""pbe_d3"", ""SPE""], [""Pd111"", ""H2S"", ""pbe_d3"", ""relaxed""], [""Pd111"", ""N2"", ""pbe_d3"", ""relaxed""], [""Pd111"", ""NH3"", ""pbe_d3"", ""relaxed""], [""Pd111"", ""NO"", ""pbe_d3"", ""relaxed""], [""Pd111"", ""SO2"", ""pbe_d3"", ""relaxed""], [""Pd111"", ""acetaldehyde"", ""pbe_d3"", ""SPE""], [""Pd111"", ""acetaldehyde"", ""pbe_d3"", ""relaxed""], [""Pd111"", ""acetic_acid"", ""pbe_d3"", ""SPE""], [""Pd111"", ""acetic_acid"", ""pbe_d3"", ""relaxed""], [""Pd111"", ""ethene"", ""pbe_d3"", ""SPE""], [""Pd111"", ""ethene"", ""pbe_d3"", ""relaxed""], [""Pd111"", ""formaldehyde"", ""pbe_d3"", ""SPE""], [""Pd111"", ""formaldehyde"", ""pbe_d3"", ""relaxed""], [""Pd111"", ""formic_acid"", ""pbe_d3"", ""relaxed""], [""Pd111"", ""methane"", ""pbe_d3"", ""SPE""], [""Pd111"", ""methane"", ""pbe_d3"", ""relaxed""], [""Pd111"", ""methanol"", ""pbe_d3"", ""SPE""], [""Pd111"", ""methanol"", ""pbe_d3"", ""relaxed""]]"
slab,Pt100,r2scan,"{""Pt"": 36}","[[8.3155757467538, 0.0, 0.0], [0.0, 8.3155757467538, 0.0], [0.0, 0.0, 35.88]]","{""Pt"": ""PAW_PBE Pt 04Feb2005""}",25,"[[""Pt100"", ""CH3"", ""r2scan"", ""SPE""], [""Pt100"", ""CH3"", ""r2scan"", ""relaxed""], [""Pt100"", ""CO"", ""r2scan"", ""SPE""], [""Pt100"", ""CO"", ""r2scan"", ""relaxed""], [""Pt100"", ""DME"", ""r2scan"", ""SPE""], [""Pt100"", ""DME"", ""r2scan"", ""relaxed""], [""Pt100"", ""H2O"", ""r2scan"", ""SPE""], [""Pt100"", ""H2O"", ""r2scan"", ""relaxed""], [""Pt100"", ""H2S"", ""r2scan"", ""SPE""], [""Pt100"", ""H2S"", ""r2scan"", ""relaxed""], [""Pt100"", ""N2"", ""r2scan"", ""relaxed""], [""Pt100"", ""NH3"", ""r2scan"", ""relaxed""], [""Pt100"", ""SO2"", ""r2scan"", ""relaxed""], [""Pt100"", ""acetaldehyde"", ""r2scan"", ""SPE""], [""Pt100"", ""acetic_acid"", ""r2scan"", ""SPE""], [""Pt100"", ""acetic_acid"", ""r2scan"", ""relaxed""], [""Pt100"", ""ethene"", ""r2scan"", ""SPE""], [""Pt100"", ""ethene"", ""r2scan"", ""relaxed""], [""Pt100"", ""formaldehyde"", ""r2scan"", ""SPE""], [""Pt100"", ""formaldehyde"", ""r2scan"", ""relaxed""], [""Pt100"", ""formic_acid"", ""r2scan"", ""relaxed""], [""Pt100"", ""methane"", ""r2scan"", ""SPE""], [""Pt100"", ""methane"", ""r2scan"", ""relaxed""], [""Pt100"", ""methanol"", ""r2scan"", ""SPE""], [""Pt100"", ""methanol"", ""r2scan"", ""relaxed""]]"
slab,Rh100,beef_vdw,"{""Rh"": 36}","[[8.067381266557321, 0.0, 0.0], [0.0, 8.067381266557321, 0.0], [0.0, 0.0, 35.704499999999996]]","{""Rh"": ""PAW_PBE Rh 04Feb2005""}",24,"[[""Rh100"", ""CH3"", ""beef_vdw"", ""relaxed""], [""Rh100"", ""CO"", ""beef_vdw"", ""relaxed""], [""Rh100"", ""DME"", ""beef_vdw"", ""relaxed""], [""Rh100"", ""H2O"", ""beef_vdw"", ""relaxed""], [""Rh100"", ""H2S"", ""beef_vdw"", ""SPE""], [""Rh100"", ""H2S"", ""beef_vdw"", ""relaxed""], [""Rh100"", ""N2"", ""beef_vdw"", ""relaxed""], [""Rh100"", ""NH3"", ""beef_vdw"", ""relaxed""], [""Rh100"", ""NO"", ""beef_vdw"", ""relaxed""], [""Rh100"", ""SO2"", ""beef_vdw"", ""relaxed""], [""Rh100"", ""acetaldehyde"", ""beef_vdw"", ""SPE""], [""Rh100"", ""acetaldehyde"", ""beef_vdw"", ""relaxed""], [""Rh100"", ""acetic_acid"", ""beef_vdw"", ""relaxed""], [""Rh100"", ""ethane"", ""beef_vdw"", ""relaxed""], [""Rh100"", ""ethanol"", ""beef_vdw"", ""SPE""], [""Rh100"", ""ethanol"", ""beef_vdw"", ""relaxed""], [""Rh100"", ""ethene"", ""beef_vdw"", ""SPE""], [""Rh100"", ""ethene"", ""beef_vdw"", ""relaxed""], [""Rh100"", ""formaldehyde"", ""beef_vdw"", ""SPE""], [""Rh100"", ""formaldehyde"", ""beef_vdw"", ""relaxed""], [""Rh100"", ""formic_acid"", ""beef_vdw"", ""relaxed""], [""Rh100"", ""methane"", ""beef_vdw"", ""relaxed""], [""Rh100"", ""methanol"", ""beef_vdw"", ""SPE""], [""Rh100"", ""methanol"", ""beef_vdw"", ""relaxed""]]"
slab,Ag111,r2scan,"{""Ag"": 36}","[[8.676200205158938, 0.0, 0.0], [4.338100102579471, 7.513809785987396, 0.0], [0.0, 0.0, 37.08408780295671]]","{""Ag"": ""PAW_PBE Ag 02Apr2005""}",23,"[[""Ag111"", ""CH3"", ""r2scan"", ""SPE""], [""Ag111"", ""CO"", ""r2scan"", ""SPE""], [""Ag111"", ""DME"", ""r2scan"", ""SPE""], [""Ag111"", ""DME"", ""r2scan"", ""relaxed""], [""Ag111"", ""H2"", ""r2scan"", ""SPE""], [""Ag111"", ""H2O"", ""r2scan"", ""SPE""], [""Ag111"", ""H2S"", ""r2scan"", ""SPE""], [""Ag111"", ""N2"", ""r2scan"", ""SPE""], [""Ag111"", ""NH3"", ""r2scan"", ""SPE""], [""Ag111"", ""NO"", ""r2scan"", ""SPE""], [""Ag111"", ""O2"", ""r2scan"", ""SPE""], [""Ag111"", ""acetaldehyde"", ""r2scan"", ""SPE""], [""Ag111"", ""acetic_acid"", ""r2scan"", ""SPE""], [""Ag111"", ""ethene"", ""r2scan"", ""SPE""], [""Ag111"", ""formaldehyde"", ""r2scan"", ""SPE""], [""Ag111"", ""formate"", ""r2scan"", ""SPE""], [""Ag111"", ""formic_acid"", ""r2scan"", ""SPE""], [""Ag111"", ""glycerol"", ""r2scan"", ""SPE""], [""Ag111"", ""isopropanol"", ""r2scan"", ""SPE""], [""Ag111"", ""methane"", ""r2scan"", ""SPE""], [""Ag111"", ""methanol"", ""r2scan"", ""SPE""], [""Ag111"", ""propane"", ""r2scan"", ""SPE""], [""Ag111"", ""propene"", ""r2scan"", ""SPE""]]"
slab,Pd111,beef_vdw,"{""Pd"": 36}","[[8.25193613644701, 0.0, 0.0], [4.125968068223505, 7.146386324569921, 0.0], [0.0, 0.0, 36.737677641442936]]","{""Pd"": ""PAW_PBE Pd 04Jan2005""}",23,"[[""Pd111"", ""CH3"", ""beef_vdw"", ""SPE""], [""Pd111"", ""CH3"", ""beef_vdw"", ""relaxed""], [""Pd111"", ""DME"", ""beef_vdw"", ""SPE""], [""Pd111"", ""DME"", ""beef_vdw"", ""relaxed""], [""Pd111"", ""H2O"", ""beef_vdw"", ""SPE""], [""Pd111"", ""H2O"", ""beef_vdw"", ""relaxed""], [""Pd111"", ""H2S"", ""beef_vdw"", ""SPE""], [""Pd111"", ""NH3"", ""beef_vdw"", ""relaxed""], [""Pd111"", ""NO"", ""beef_vdw"", ""relaxed""], [""Pd111"", ""SO2"", ""beef_vdw"", ""relaxed""], [""Pd111"", ""acetaldehyde"", ""beef_vdw"", ""SPE""], [""Pd111"", ""acetaldehyde"", ""beef_vdw"", ""relaxed""], [""Pd111"", ""acetic_acid"", ""beef_vdw"", ""SPE""], [""Pd111"", ""acetic_acid"", ""beef_vdw"", ""relaxed""], [""Pd111"", ""ethene"", ""beef_vdw"", ""SPE""], [""Pd111"", ""ethene"", ""beef_vdw"", ""relaxed""], [""Pd111"", ""formaldehyde"", ""beef_vdw"", ""SPE""], [""Pd111"", ""formaldehyde"", ""beef_vdw"", ""relaxed""], [""Pd111"", ""formic_acid"", ""beef_vdw"", ""relaxed""], [""Pd111"", ""methane"", ""beef_vdw"", ""SPE""], [""Pd111"", ""methane"", ""beef_vdw"", ""relaxed""], [""Pd111"", ""methanol"", ""beef_vdw"", ""SPE""], [""Pd111"", ""methanol"", ""beef_vdw"", ""relaxed""]]"
slab,Cu111,r2scan,"{""Cu"": 64}","[[10.210621920333747, 0.0, 0.0], [0.0, 8.842657971447272, 0.0], [0.0, 0.0, 36.25270341532365]]","{""Cu"": ""PAW_PBE Cu 22Jun2005""}",22,"[[""Cu111"", ""CH3"", ""r2scan"", ""SPE""], [""Cu111"", ""CO"", ""r2scan"", ""SPE""], [""Cu111"", ""CO2"", ""r2scan"", ""SPE""], [""Cu111"", ""DME"", ""r2scan"", ""SPE""], [""Cu111"", ""H2O"", ""r2scan"", ""SPE""], [""Cu111"", ""H2S"", ""r2scan"", ""SPE""], [""Cu111"", ""NH3"", ""r2scan"", ""relaxed""], [""Cu111"", ""acetaldehyde"", ""r2scan"", ""SPE""], [""Cu111"", ""acetic_acid"", ""r2scan"", ""SPE""], [""Cu111"", ""ethane"", ""r2scan"", ""SPE""], [""Cu111"", ""ethane"", ""r2scan"", ""relaxed""], [""Cu111"", ""ethanol"", ""r2scan"", ""SPE""], [""Cu111"", ""ethene"", ""r2scan"", ""SPE""], [""Cu111"", ""formaldehyde"", ""r2scan"", ""SPE""], [""Cu111"", ""formic_acid"", ""r2scan"", ""SPE""], [""Cu111"", ""isopropanol"", ""r2scan"", ""SPE""], [""Cu111"", ""methane"", ""r2scan"", ""SPE""], [""Cu111"", ""methane"", ""r2scan"", ""relaxed""], [""Cu111"", ""methanol"", ""r2scan"", ""SPE""], [""Cu111"", ""propane"", ""r2scan"", ""SPE""], [""Cu111"", ""propanol"", ""r2scan"", ""SPE""], [""Cu111"", ""propene"", ""r2scan"", ""SPE""]]"
molecule,NO,r2scan,"{""N"": 1, ""O"": 1}",,"{""N"": ""PAW_PBE N 08Apr2002"", ""O"": ""PAW_PBE O 08Apr2002""}",13,"[[""Ag100"", ""NO"", ""r2scan"", ""SPE""], [""Ag100"", ""NO"", ""r2scan"", ""relaxed""], [""Ag110"", ""NO"", ""r2scan"", ""SPE""], [""Ag110"", ""NO"", ""r2scan"", ""relaxed""], [""Ag111"", ""NO"", ""r2scan"", ""SPE""], [""Au111"", ""NO"", ""r2scan"", ""SPE""], [""Cu110"", ""NO"", ""r2scan"", ""relaxed""], [""Ir100"", ""NO"", ""r2scan"", ""relaxed""], [""Pd100"", ""NO"", ""r2scan"", ""relaxed""], [""Pd110"", ""NO"", ""r2scan"", ""relaxed""], [""Pt110"", ""NO"", ""r2scan"", ""relaxed""], [""Rh100"", ""NO"", ""r2scan"", ""relaxed""], [""Rh110"", ""NO"", ""r2scan"", ""relaxed""]]"
slab,Pt100,beef_vdw,"{""Pt"": 64}","[[11.087434329005065, 0.0, 0.0], [0.0, 11.087434329005065, 0.0], [0.0, 0.0, 35.88]]","{""Pt"": ""PAW_PBE Pt 04Feb2005""}",12,"[[""Pt100"", ""CO2"", ""beef_vdw"", ""SPE""], [""Pt100"", ""CO2"", ""beef_vdw"", ""relaxed""], [""Pt100"", ""ethane"", ""beef_vdw"", ""SPE""], [""Pt100"", ""ethane"", ""beef_vdw"", ""relaxed""], [""Pt100"", ""ethanol"", ""beef_vdw"", ""SPE""], [""Pt100"", ""ethanol"", ""beef_vdw"", ""relaxed""], [""Pt100"", ""ethene"", ""beef_vdw"", ""SPE""], [""Pt100"", ""glycerol"", ""beef_vdw"", ""SPE""], [""Pt100"", ""isopropanol"", ""beef_vdw"", ""SPE""], [""Pt100"", ""propane"", ""beef_vdw"", ""SPE""], [""Pt100"", ""propanol"", ""beef_vdw"", ""SPE""], [""Pt100"", ""propene"", ""beef_vdw"", ""SPE""]]"
slab,Pt100,pbe,"{""Pt"": 64}","[[11.087434329005065, 0.0, 0.0], [0.0, 11.087434329005065, 0.0], [0.0, 0.0, 35.88]]","{""Pt"": ""PAW_PBE Pt 04Feb2005""}",12,"[[""Pt100"", ""CO2"", ""pbe"", ""SPE""], [""Pt100"", ""CO2"", ""pbe"", ""relaxed""], [""Pt100"", ""ethane"", ""pbe"", ""SPE""], [""Pt100"", ""ethane"", ""pbe"", ""relaxed""], [""Pt100"", ""ethanol"", ""pbe"", ""SPE""], [""Pt100"", ""ethanol"", ""pbe"", ""relaxed""], [""Pt100"", ""ethene"", ""pbe"", ""SPE""], [""Pt100"", ""glycerol"", ""pbe"", ""SPE""], [""Pt100"", ""isopropanol"", ""pbe"", ""SPE""], [""Pt100"", ""propane"", ""pbe"", ""SPE""], [""Pt100"", ""propanol"", ""pbe"", ""SPE""], [""Pt100"", ""propene"", ""pbe"", ""SPE""]]"
slab,Rh111,r2scan,"{""Rh"": 64}","[[10.756508355409762, 0.0, 0.0], [0.0, 9.315409491804425, 0.0], [0.0, 0.0, 36.58698922118444]]","{""Rh"": ""PAW_PBE Rh 04Feb2005""}",12,"[[""Rh111"", ""CH3"", ""r2scan"", ""SPE""], [""Rh111"", ""CO"", ""r2scan"", ""SPE""], [""Rh111"", ""CO2"", ""r2scan"", ""SPE""], [""Rh111"", ""DME"", ""r2scan"", ""SPE""], [""Rh111"", ""H2O"", ""r2scan"", ""SPE""], [""Rh111"", ""acetaldehyde"", ""r2scan"", ""SPE""], [""Rh111"", ""acetic_acid"", ""r2scan"", ""SPE""], [""Rh111"", ""ethane"", ""r2scan"", ""SPE""], [""Rh111"", ""ethanol"", ""r2scan"", ""SPE""], [""Rh111"", ""ethene"", ""r2scan"", ""SPE""], [""Rh111"", ""formaldehyde"", ""r2scan"", ""SPE""], [""Rh111"", ""methane"", ""r2scan"", ""SPE""]]"
molecule,glycerol,beef_vdw,"{""C"": 3, ""H"": 8, ""O"": 3}",,"{""C"": ""PAW_PBE C 08Apr2002"", ""H"": ""PAW_PBE H 15Jun2001"", ""O"": ""PAW_PBE O 08Apr2002""}",11,"[[""Ag100"", ""glycerol"", ""beef_vdw"", ""SPE""], [""Ag110"", ""glycerol"", ""beef_vdw"", ""SPE""], [""Ag111"", ""glycerol"", ""beef_vdw"", ""SPE""], [""Au111"", ""glycerol"", ""beef_vdw"", ""SPE""], [""Cu110"", ""glycerol"", ""beef_vdw"", ""SPE""], [""Pd100"", ""glycerol"", ""beef_vdw"", ""SPE""], [""Pd110"", ""glycerol"", ""beef_vdw"", ""SPE""], [""Pd111"", ""glycerol"", ""beef_vdw"", ""SPE""], [""Pt100"", ""glycerol"", ""beef_vdw"", ""SPE""], [""Pt110"", ""glycerol"", ""beef_vdw"", ""SPE""], [""Pt111"", ""glycerol"", ""beef_vdw"", ""SPE""]]"
slab,Pd111,r2scan,"{""Pd"": 36}","[[8.25193613644701, 0.0, 0.0], [4.125968068223505, 7.146386324569921, 0.0], [0.0, 0.0, 36.737677641442936]]","{""Pd"": ""PAW_PBE Pd 04Jan2005""}",11,"[[""Pd111"", ""CH3"", ""r2scan"", ""SPE""], [""Pd111"", ""DME"", ""r2scan"", ""SPE""], [""Pd111"", ""acetaldehyde"", ""r2scan"", ""SPE""], [""Pd111"", ""acetaldehyde"", ""r2scan"", ""relaxed""], [""Pd111"", ""acetic_acid"", ""r2scan"", ""SPE""], [""Pd111"", ""ethene"", ""r2scan"", ""SPE""], [""Pd111"", ""formaldehyde"", ""r2scan"", ""SPE""], [""Pd111"", ""methane"", ""r2scan"", ""SPE""], [""Pd111"", ""methane"", ""r2scan"", ""relaxed""], [""Pd111"", ""methanol"", ""r2scan"", ""SPE""], [""Pd111"", ""methanol"", ""r2scan"", ""relaxed""]]"
slab,Pt100,pbe_d3,"{""Pt"": 64}","[[11.087434329005065, 0.0, 0.0], [0.0, 11.087434329005065, 0.0], [0.0, 0.0, 35.88]]","{""Pt"": ""PAW_PBE Pt 04Feb2005""}",11,"[[""Pt100"", ""CO2"", ""pbe_d3"", ""SPE""], [""Pt100"", ""CO2"", ""pbe_d3"", ""relaxed""], [""Pt100"", ""ethane"", ""pbe_d3"", ""SPE""], [""Pt100"", ""ethane"", ""pbe_d3"", ""relaxed""], [""Pt100"", ""ethanol"", ""pbe_d3"", ""SPE""], [""Pt100"", ""ethanol"", ""pbe_d3"", ""relaxed""], [""Pt100"", ""glycerol"", ""pbe_d3"", ""SPE""], [""Pt100"", ""isopropanol"", ""pbe_d3"", ""SPE""], [""Pt100"", ""propane"", ""pbe_d3"", ""SPE""], [""Pt100"", ""propanol"", ""pbe_d3"", ""SPE""], [""Pt100"", ""propene"", ""pbe_d3"", ""SPE""]]"
slab,Pt110,pbe,"{""Pt"": 64}","[[15.68, 0.0, 0.0], [0.0, 11.087434329005065, 0.0], [0.0, 0.0, 34.1577878733769]]","{""Pt"": ""PAW_PBE Pt 04Feb2005""}",11,"[[""Pt110"", ""CO2"", ""pbe"", ""SPE""], [""Pt110"", ""ethane"", ""pbe"", ""SPE""], [""Pt110"", ""ethane"", ""pbe"", ""relaxed""], [""Pt110"", ""ethanol"", ""pbe"", ""SPE""], [""Pt110"", ""ethanol"", ""pbe"", ""relaxed""], [""Pt110"", ""ethene"", ""pbe"", ""SPE""], [""Pt110"", ""glycerol"", ""pbe"", ""SPE""], [""Pt110"", ""isopropanol"", ""pbe"", ""SPE""], [""Pt110"", ""propane"", ""pbe"", ""SPE""], [""Pt110"", ""propanol"", ""pbe"", ""SPE""], [""Pt110"", ""propene"", ""pbe"", ""SPE""]]"
slab,Pt110,pbe_d3,"{""Pt"": 64}","[[15.68, 0.0, 0.0], [0.0, 11.087434329005065, 0.0], [0.0, 0.0, 34.1577878733769]]","{""Pt"": ""PAW_PBE Pt 04Feb2005""}",11,"[[""Pt110"", ""CO2"", ""pbe_d3"", ""SPE""], [""Pt110"", ""ethane"", ""pbe_d3"", ""SPE""], [""Pt110"", ""ethane"", ""pbe_d3"", ""relaxed""], [""Pt110"", ""ethanol"", ""pbe_d3"", ""SPE""], [""Pt110"", ""ethanol"", ""pbe_d3"", ""relaxed""], [""Pt110"", ""ethene"", ""pbe_d3"", ""SPE""], [""Pt110"", ""glycerol"", ""pbe_d3"", ""SPE""], [""Pt110"", ""isopropanol"", ""pbe_d3"", ""SPE""], [""Pt110"", ""propane"", ""pbe_d3"", ""SPE""], [""Pt110"", ""propanol"", ""pbe_d3"", ""SPE""], [""Pt110"", ""propene"", ""pbe_d3"", ""SPE""]]"
slab,Pt110,beef_vdw,"{""Pt"": 64}","[[15.68, 0.0, 0.0], [0.0, 11.087434329005065, 0.0], [0.0, 0.0, 34.1577878733769]]","{""Pt"": ""PAW_PBE Pt 04Feb2005""}",10,"[[""Pt110"", ""CO2"", ""beef_vdw"", ""SPE""], [""Pt110"", ""ethane"", ""beef_vdw"", ""SPE""], [""Pt110"", ""ethanol"", ""beef_vdw"", ""SPE""], [""Pt110"", ""ethanol"", ""beef_vdw"", ""relaxed""], [""Pt110"", ""ethene"", ""beef_vdw"", ""SPE""], [""Pt110"", ""glycerol"", ""beef_vdw"", ""SPE""], [""Pt110"", ""isopropanol"", ""beef_vdw"", ""SPE""], [""Pt110"", ""propane"", ""beef_vdw"", ""SPE""], [""Pt110"", ""propanol"", ""beef_vdw"", ""SPE""], [""Pt110"", ""propene"", ""beef_vdw"", ""SPE""]]"
slab,Pt111,beef_vdw,"{""Pt"": 64}","[[11.087434329005065, 0.0, 0.0], [0.0, 9.601999791710057, 0.0], [0.0, 0.0, 36.789639165669996]]","{""Pt"": ""PAW_PBE Pt 04Feb2005""}",10,"[[""Pt111"", ""CO2"", ""beef_vdw"", ""SPE""], [""Pt111"", ""CO2"", ""beef_vdw"", ""relaxed""], [""Pt111"", ""ethane"", ""beef_vdw"", ""SPE""], [""Pt111"", ""ethanol"", ""beef_vdw"", ""SPE""], [""Pt111"", ""ethene"", ""beef_vdw"", ""SPE""], [""Pt111"", ""glycerol"", ""beef_vdw"", ""SPE""], [""Pt111"", ""isopropanol"", ""beef_vdw"", ""SPE""], [""Pt111"", ""propane"", ""beef_vdw"", ""SPE""], [""Pt111"", ""propanol"", ""beef_vdw"", ""SPE""], [""Pt111"", ""propene"", ""beef_vdw"", ""SPE""]]"
slab,Pt111,pbe,"{""Pt"": 64}","[[11.087434329005065, 0.0, 0.0], [0.0, 9.601999791710057, 0.0], [0.0, 0.0, 36.789639165669996]]","{""Pt"": ""PAW_PBE Pt 04Feb2005""}",10,"[[""Pt111"", ""CO2"", ""pbe"", ""SPE""], [""Pt111"", ""CO2"", ""pbe"", ""relaxed""], [""Pt111"", ""ethane"", ""pbe"", ""SPE""], [""Pt111"", ""ethanol"", ""pbe"", ""SPE""], [""Pt111"", ""ethene"", ""pbe"", ""SPE""], [""Pt111"", ""glycerol"", ""pbe"", ""SPE""], [""Pt111"", ""isopropanol"", ""pbe"", ""SPE""], [""Pt111"", ""propane"", ""pbe"", ""SPE""], [""Pt111"", ""propanol"", ""pbe"", ""SPE""], [""Pt111"", ""propene"", ""pbe"", ""SPE""]]"
slab,Pt111,pbe_d3,"{""Pt"": 64}","[[11.087434329005065, 0.0, 0.0], [0.0, 9.601999791710057, 0.0], [0.0, 0.0, 36.789639165669996]]","{""Pt"": ""PAW_PBE Pt 04Feb2005""}",10,"[[""Pt111"", ""CO2"", ""pbe_d3"", ""SPE""], [""Pt111"", ""CO2"", ""pbe_d3"", ""relaxed""], [""Pt111"", ""ethane"", ""pbe_d3"", ""SPE""], [""Pt111"", ""ethanol"", ""pbe_d3"", ""SPE""], [""Pt111"", ""ethene"", ""pbe_d3"", ""SPE""], [""Pt111"", ""glycerol"", ""pbe_d3"", ""SPE""], [""Pt111"", ""isopropanol"", ""pbe_d3"", ""SPE""], [""Pt111"", ""propane"", ""pbe_d3"", ""SPE""], [""Pt111"", ""propanol"", ""pbe_d3"", ""SPE""], [""Pt111"", ""propene"", ""pbe_d3"", ""SPE""]]"
slab,Pt110,r2scan,"{""Pt"": 64}","[[15.68, 0.0, 0.0], [0.0, 11.087434329005065, 0.0], [0.0, 0.0, 34.1577878733769]]","{""Pt"": ""PAW_PBE Pt 04Feb2005""}",9,"[[""Pt110"", ""CO2"", ""r2scan"", ""SPE""], [""Pt110"", ""ethane"", ""r2scan"", ""SPE""], [""Pt110"", ""ethanol"", ""r2scan"", ""SPE""], [""Pt110"", ""ethene"", ""r2scan"", ""SPE""], [""Pt110"", ""glycerol"", ""r2scan"", ""SPE""], [""Pt110"", ""isopropanol"", ""r2scan"", ""SPE""], [""Pt110"", ""propane"", ""r2scan"", ""SPE""], [""Pt110"", ""propanol"", ""r2scan"", ""SPE""], [""Pt110"", ""propene"", ""r2scan"", ""SPE""]]"
slab,Pt111,r2scan,"{""Pt"": 64}","[[11.087434329005065, 0.0, 0.0], [0.0, 9.601999791710057, 0.0], [0.0, 0.0, 36.789639165669996]]","{""Pt"": ""PAW_PBE Pt 04Feb2005""}",9,"[[""Pt111"", ""CO2"", ""r2scan"", ""SPE""], [""Pt111"", ""ethane"", ""r2scan"", ""SPE""], [""Pt111"", ""ethanol"", ""r2scan"", ""SPE""], [""Pt111"", ""ethene"", ""r2scan"", ""SPE""], [""Pt111"", ""glycerol"", ""r2scan"", ""SPE""], [""Pt111"", ""isopropanol"", ""r2scan"", ""SPE""], [""Pt111"", ""propane"", ""r2scan"", ""SPE""], [""Pt111"", ""propanol"", ""r2scan"", ""SPE""], [""Pt111"", ""propene"", ""r2scan"", ""SPE""]]"
slab,Ag100,beef_vdw,"{""Ag"": 64}","[[11.568266940211918, 0.0, 0.0], [0.0, 11.568266940211918, 0.0], [0.0, 0.0, 36.135]]","{""Ag"": ""PAW_PBE Ag 02Apr2005""}",8,"[[""Ag100"", ""CO2"", ""beef_vdw"", ""SPE""], [""Ag100"", ""CO2"", ""beef_vdw"", ""relaxed""], [""Ag100"", ""ethane"", ""beef_vdw"", ""SPE""], [""Ag100"", ""ethane"", ""beef_vdw"", ""relaxed""], [""Ag100"", ""ethanol"", ""beef_vdw"", ""SPE""], [""Ag100"", ""ethanol"", ""beef_vdw"", ""relaxed""], [""Ag100"", ""ethene"", ""beef_vdw"", ""SPE""], [""Ag100"", ""glycerol"", ""beef_vdw"", ""SPE""]]"
slab,Ag100,pbe,"{""Ag"": 64}","[[11.568266940211918, 0.0, 0.0], [0.0, 11.568266940211918, 0.0], [0.0, 0.0, 36.135]]","{""Ag"": ""PAW_PBE Ag 02Apr2005""}",8,"[[""Ag100"", ""CO2"", ""pbe"", ""SPE""], [""Ag100"", ""CO2"", ""pbe"", ""relaxed""], [""Ag100"", ""ethane"", ""pbe"", ""SPE""], [""Ag100"", ""ethane"", ""pbe"", ""relaxed""], [""Ag100"", ""ethanol"", ""pbe"", ""SPE""], [""Ag100"", ""ethanol"", ""pbe"", ""relaxed""], [""Ag100"", ""ethene"", ""pbe"", ""SPE""], [""Ag100"", ""glycerol"", ""pbe"", ""SPE""]]"
slab,Ag100,pbe_d3,"{""Ag"": 64}","[[11.568266940211918, 0.0, 0.0], [0.0, 11.568266940211918, 0.0], [0.0, 0.0, 36.135]]","{""Ag"": ""PAW_PBE Ag 02Apr2005""}",8,"[[""Ag100"", ""CO2"", ""pbe_d3"", ""SPE""], [""Ag100"", ""CO2"", ""pbe_d3"", ""relaxed""], [""Ag100"", ""ethane"", ""pbe_d3"", ""SPE""], [""Ag100"", ""ethane"", ""pbe_d3"", ""relaxed""], [""Ag100"", ""ethanol"", ""pbe_d3"", ""SPE""], [""Ag100"", ""ethanol"", ""pbe_d3"", ""relaxed""], [""Ag100"", ""ethene"", ""pbe_d3"", ""SPE""], [""Ag100"", ""glycerol"", ""pbe_d3"", ""SPE""]]"
slab,Ag111,beef_vdw,"{""Ag"": 64}","[[11.568266940211918, 0.0, 0.0], [0.0, 10.018413047983197, 0.0], [0.0, 0.0, 37.08408780295671]]","{""Ag"": ""PAW_PBE Ag 02Apr2005""}",8,"[[""Ag111"", ""CO2"", ""beef_vdw"", ""SPE""], [""Ag111"", ""CO2"", ""beef_vdw"", ""relaxed""], [""Ag111"", ""ethane"", ""beef_vdw"", ""SPE""], [""Ag111"", ""ethane"", ""beef_vdw"", ""relaxed""], [""Ag111"", ""ethanol"", ""beef_vdw"", ""SPE""], [""Ag111"", ""ethanol"", ""beef_vdw"", ""relaxed""], [""Ag111"", ""ethene"", ""beef_vdw"", ""SPE""], [""Ag111"", ""propanol"", ""beef_vdw"", ""SPE""]]"
slab,Ag111,pbe,"{""Ag"": 64}","[[11.568266940211918, 0.0, 0.0], [0.0, 10.018413047983197, 0.0], [0.0, 0.0, 37.08408780295671]]","{""Ag"": ""PAW_PBE Ag 02Apr2005""}",8,"[[""Ag111"", ""CO2"", ""pbe"", ""SPE""], [""Ag111"", ""CO2"", ""pbe"", ""relaxed""], [""Ag111"", ""ethane"", ""pbe"", ""SPE""], [""Ag111"", ""ethane"", ""pbe"", ""relaxed""], [""Ag111"", ""ethanol"", ""pbe"", ""SPE""], [""Ag111"", ""ethanol"", ""pbe"", ""relaxed""], [""Ag111"", ""ethene"", ""pbe"", ""SPE""], [""Ag111"", ""propanol"", ""pbe"", ""SPE""]]"
slab,Ag111,pbe_d3,"{""Ag"": 64}","[[11.568266940211918, 0.0, 0.0], [0.0, 10.018413047983197, 0.0], [0.0, 0.0, 37.08408780295671]]","{""Ag"": ""PAW_PBE Ag 02Apr2005""}",8,"[[""Ag111"", ""CO2"", ""pbe_d3"", ""SPE""], [""Ag111"", ""CO2"", ""pbe_d3"", ""relaxed""], [""Ag111"", ""ethane"", ""pbe_d3"", ""SPE""], [""Ag111"", ""ethane"", ""pbe_d3"", ""relaxed""], [""Ag111"", ""ethanol"", ""pbe_d3"", ""SPE""], [""Ag111"", ""ethanol"", ""pbe_d3"", ""relaxed""], [""Ag111"", ""ethene"", ""pbe_d3"", ""SPE""], [""Ag111"", ""propanol"", ""pbe_d3"", ""SPE""]]"
slab,Pt100,r2scan,"{""Pt"": 64}","[[11.087434329005065, 0.0, 0.0], [0.0, 11.087434329005065, 0.0], [0.0, 0.0, 35.88]]","{""Pt"": ""PAW_PBE Pt 04Feb2005""}",8,"[[""Pt100"", ""CO2"", ""r2scan"", ""SPE""], [""Pt100"", ""ethane"", ""r2scan"", ""SPE""], [""Pt100"", ""ethanol"", ""r2scan"", ""SPE""], [""Pt100"", ""ethene"", ""r2scan"", ""SPE""], [""Pt100"", ""isopropanol"", ""r2scan"", ""SPE""], [""Pt100"", ""propane"", ""r2scan"", ""SPE""], [""Pt100"", ""propanol"", ""r2scan"", ""SPE""], [""Pt100"", ""propene"", ""r2scan"", ""SPE""]]"
slab,Ag111,r2scan,"{""Ag"": 64}","[[11.568266940211918, 0.0, 0.0], [0.0, 10.018413047983197, 0.0], [0.0, 0.0, 37.08408780295671]]","{""Ag"": ""PAW_PBE Ag 02Apr2005""}",6,"[[""Ag111"", ""CO2"", ""r2scan"", ""SPE""], [""Ag111"", ""ethane"", ""r2scan"", ""SPE""], [""Ag111"", ""ethane"", ""r2scan"", ""relaxed""], [""Ag111"", ""ethanol"", ""r2scan"", ""SPE""], [""Ag111"", ""ethene"", ""r2scan"", ""SPE""], [""Ag111"", ""propanol"", ""r2scan"", ""SPE""]]"
slab,Au111,pbe,"{""Au"": 64}","[[11.539982668964457, 0.0, 0.0], [0.0, 9.993918150555366, 0.0], [0.0, 0.0, 37.06676729488102]]","{""Au"": ""PAW_PBE Au 04Oct2007""}",6,"[[""Au111"", ""CO2"", ""pbe"", ""SPE""], [""Au111"", ""CO2"", ""pbe"", ""relaxed""], [""Au111"", ""glycerol"", ""pbe"", ""SPE""], [""Au111"", ""isopropanol"", ""pbe"", ""SPE""], [""Au111"", ""propane"", ""pbe"", ""SPE""], [""Au111"", ""propene"", ""pbe"", ""SPE""]]"
slab,Au111,pbe_d3,"{""Au"": 64}","[[11.539982668964457, 0.0, 0.0], [0.0, 9.993918150555366, 0.0], [0.0, 0.0, 37.06676729488102]]","{""Au"": ""PAW_PBE Au 04Oct2007""}",6,"[[""Au111"", ""CO2"", ""pbe_d3"", ""SPE""], [""Au111"", ""CO2"", ""pbe_d3"", ""relaxed""], [""Au111"", ""glycerol"", ""pbe_d3"", ""SPE""], [""Au111"", ""isopropanol"", ""pbe_d3"", ""SPE""], [""Au111"", ""propane"", ""pbe_d3"", ""SPE""], [""Au111"", ""propene"", ""pbe_d3"", ""SPE""]]"
slab,Ag100,r2scan,"{""Ag"": 64}","[[11.568266940211918, 0.0, 0.0], [0.0, 11.568266940211918, 0.0], [0.0, 0.0, 36.135]]","{""Ag"": ""PAW_PBE Ag 02Apr2005""}",5,"[[""Ag100"", ""CO2"", ""r2scan"", ""SPE""], [""Ag100"", ""ethane"", ""r2scan"", ""SPE""], [""Ag100"", ""ethanol"", ""r2scan"", ""SPE""], [""Ag100"", ""ethene"", ""r2scan"", ""SPE""], [""Ag100"", ""glycerol"", ""r2scan"", ""SPE""]]"
slab,Ag110,beef_vdw,"{""Ag"": 64}","[[16.36, 0.0, 0.0], [0.0, 11.568266940211918, 0.0], [0.0, 0.0, 34.33810010257947]]","{""Ag"": ""PAW_PBE Ag 02Apr2005""}",5,"[[""Ag110"", ""ethanol"", ""beef_vdw"", ""SPE""], [""Ag110"", ""ethanol"", ""beef_vdw"", ""relaxed""], [""Ag110"", ""ethene"", ""beef_vdw"", ""SPE""], [""Ag110"", ""isopropanol"", ""beef_vdw"", ""SPE""], [""Ag110"", ""propanol"", ""beef_vdw"", ""SPE""]]"
slab,Ag110,pbe,"{""Ag"": 64}","[[16.36, 0.0, 0.0], [0.0, 11.568266940211918, 0.0], [0.0, 0.0, 34.33810010257947]]","{""Ag"": ""PAW_PBE Ag 02Apr2005""}",5,"[[""Ag110"", ""ethanol"", ""pbe"", ""SPE""], [""Ag110"", ""ethanol"", ""pbe"", ""relaxed""], [""Ag110"", ""ethene"", ""pbe"", ""SPE""], [""Ag110"", ""isopropanol"", ""pbe"", ""SPE""], [""Ag110"", ""propanol"", ""pbe"", ""SPE""]]"
slab,Ag110,pbe_d3,"{""Ag"": 64}","[[16.36, 0.0, 0.0], [0.0, 11.568266940211918, 0.0], [0.0, 0.0, 34.33810010257947]]","{""Ag"": ""PAW_PBE Ag 02Apr2005""}",5,"[[""Ag110"", ""ethanol"", ""pbe_d3"", ""SPE""], [""Ag110"", ""ethanol"", ""pbe_d3"", ""relaxed""], [""Ag110"", ""ethene"", ""pbe_d3"", ""SPE""], [""Ag110"", ""isopropanol"", ""pbe_d3"", ""SPE""], [""Ag110"", ""propanol"", ""pbe_d3"", ""SPE""]]"
slab,Au111,beef_vdw,"{""Au"": 64}","[[11.539982668964457, 0.0, 0.0], [0.0, 9.993918150555366, 0.0], [0.0, 0.0, 37.06676729488102]]","{""Au"": ""PAW_PBE Au 04Oct2007""}",5,"[[""Au111"", ""CO2"", ""beef_vdw"", ""SPE""], [""Au111"", ""glycerol"", ""beef_vdw"", ""SPE""], [""Au111"", ""isopropanol"", ""beef_vdw"", ""SPE""], [""Au111"", ""propane"", ""beef_vdw"", ""SPE""], [""Au111"", ""propene"", ""beef_vdw"", ""SPE""]]"
slab,Au111,r2scan,"{""Au"": 64}","[[11.539982668964457, 0.0, 0.0], [0.0, 9.993918150555366, 0.0], [0.0, 0.0, 37.06676729488102]]","{""Au"": ""PAW_PBE Au 04Oct2007""}",5,"[[""Au111"", ""CO2"", ""r2scan"", ""SPE""], [""Au111"", ""glycerol"", ""r2scan"", ""SPE""], [""Au111"", ""isopropanol"", ""r2scan"", ""SPE""], [""Au111"", ""propane"", ""r2scan"", ""SPE""], [""Au111"", ""propene"", ""r2scan"", ""SPE""]]"
slab,Pt111,pbe,"{""Pt"": 36}","[[8.3155757467538, 0.0, 0.0], [4.157787873376899, 7.201499843782544, 0.0], [0.0, 0.0, 36.789639165669996]]","{""Pt"": ""PAW_PBE Pt 04Feb2005""}",5,"[[""Pt111"", ""ethanol"", ""pbe"", ""SPE""], [""Pt111"", ""ethene"", ""pbe"", ""SPE""], [""Pt111"", ""formic_acid"", ""pbe"", ""relaxed""], [""Pt111"", ""methanol"", ""pbe"", ""SPE""], [""Pt111"", ""methanol"", ""pbe"", ""relaxed""]]"
slab,Pt111,pbe_d3,"{""Pt"": 36}","[[8.3155757467538, 0.0, 0.0], [4.157787873376899, 7.201499843782544, 0.0], [0.0, 0.0, 36.789639165669996]]","{""Pt"": ""PAW_PBE Pt 04Feb2005""}",5,"[[""Pt111"", ""ethanol"", ""pbe_d3"", ""SPE""], [""Pt111"", ""ethene"", ""pbe_d3"", ""SPE""], [""Pt111"", ""formic_acid"", ""pbe_d3"", ""relaxed""], [""Pt111"", ""methanol"", ""pbe_d3"", ""SPE""], [""Pt111"", ""methanol"", ""pbe_d3"", ""relaxed""]]"
molecule,O2,r2scan,"{""O"": 2}",,"{""O"": ""PAW_PBE O 08Apr2002""}",4,"[[""Ag100"", ""O2"", ""r2scan"", ""SPE""], [""Ag110"", ""O2"", ""r2scan"", ""SPE""], [""Ag111"", ""O2"", ""r2scan"", ""SPE""], [""Au111"", ""O2"", ""r2scan"", ""SPE""]]"
slab,Ag110,r2scan,"{""Ag"": 64}","[[16.36, 0.0, 0.0], [0.0, 11.568266940211918, 0.0], [0.0, 0.0, 34.33810010257947]]","{""Ag"": ""PAW_PBE Ag 02Apr2005""}",4,"[[""Ag110"", ""ethanol"", ""r2scan"", ""SPE""], [""Ag110"", ""ethene"", ""r2scan"", ""SPE""], [""Ag110"", ""isopropanol"", ""r2scan"", ""SPE""], [""Ag110"", ""propanol"", ""r2scan"", ""SPE""]]"
slab,Cu110,beef_vdw,"{""Cu"": 64}","[[14.44, 0.0, 0.0], [0.0, 10.210621920333747, 0.0], [0.0, 0.0, 33.82898322012515]]","{""Cu"": ""PAW_PBE Cu 22Jun2005""}",4,"[[""Cu110"", ""ethene"", ""beef_vdw"", ""SPE""], [""Cu110"", ""isopropanol"", ""beef_vdw"", ""SPE""], [""Cu110"", ""propanol"", ""beef_vdw"", ""SPE""], [""Cu110"", ""propene"", ""beef_vdw"", ""SPE""]]"
slab,Cu110,pbe,"{""Cu"": 64}","[[14.44, 0.0, 0.0], [0.0, 10.210621920333747, 0.0], [0.0, 0.0, 33.82898322012515]]","{""Cu"": ""PAW_PBE Cu 22Jun2005""}",4,"[[""Cu110"", ""ethene"", ""pbe"", ""SPE""], [""Cu110"", ""isopropanol"", ""pbe"", ""SPE""], [""Cu110"", ""propanol"", ""pbe"", ""SPE""], [""Cu110"", ""propene"", ""pbe"", ""SPE""]]"
slab,Cu110,pbe_d3,"{""Cu"": 64}","[[14.44, 0.0, 0.0], [0.0, 10.210621920333747, 0.0], [0.0, 0.0, 33.82898322012515]]","{""Cu"": ""PAW_PBE Cu 22Jun2005""}",4,"[[""Cu110"", ""ethene"", ""pbe_d3"", ""SPE""], [""Cu110"", ""isopropanol"", ""pbe_d3"", ""SPE""], [""Cu110"", ""propanol"", ""pbe_d3"", ""SPE""], [""Cu110"", ""propene"", ""pbe_d3"", ""SPE""]]"
slab,Cu110,r2scan,"{""Cu"": 64}","[[14.44, 0.0, 0.0], [0.0, 10.210621920333747, 0.0], [0.0, 0.0, 33.82898322012515]]","{""Cu"": ""PAW_PBE Cu 22Jun2005""}",4,"[[""Cu110"", ""ethene"", ""r2scan"", ""SPE""], [""Cu110"", ""isopropanol"", ""r2scan"", ""SPE""], [""Cu110"", ""propanol"", ""r2scan"", ""SPE""], [""Cu110"", ""propene"", ""r2scan"", ""SPE""]]"
slab,Pt111,r2scan,"{""Pt"": 36}","[[8.3155757467538, 0.0, 0.0], [4.157787873376899, 7.201499843782544, 0.0], [0.0, 0.0, 36.789639165669996]]","{""Pt"": ""PAW_PBE Pt 04Feb2005""}",4,"[[""Pt111"", ""ethanol"", ""r2scan"", ""SPE""], [""Pt111"", ""ethene"", ""r2scan"", ""SPE""], [""Pt111"", ""methanol"", ""r2scan"", ""SPE""], [""Pt111"", ""methanol"", ""r2scan"", ""relaxed""]]"
molecule,O2,pbe,"{""O"": 2}",,"{""O"": ""PAW_PBE O 08Apr2002""}",3,"[[""Ag100"", ""O2"", ""pbe"", ""SPE""], [""Ag110"", ""O2"", ""pbe"", ""SPE""], [""Ag111"", ""O2"", ""pbe"", ""SPE""]]"
molecule,O2,beef_vdw,"{""O"": 2}",,"{""O"": ""PAW_PBE O 08Apr2002""}",2,"[[""Ag100"", ""O2"", ""beef_vdw"", ""SPE""], [""Ag110"", ""O2"", ""beef_vdw"", ""SPE""]]"
molecule,O2,pbe_d3,"{""O"": 2}",,"{""O"": ""PAW_PBE O 08Apr2002""}",2,"[[""Ag100"", ""O2"", ""pbe_d3"", ""SPE""], [""Ag110"", ""O2"", ""pbe_d3"", ""SPE""]]"
slab,Pt111,beef_vdw,"{""Pt"": 36}","[[8.3155757467538, 0.0, 0.0], [4.157787873376899, 7.201499843782544, 0.0], [0.0, 0.0, 36.789639165669996]]","{""Pt"": ""PAW_PBE Pt 04Feb2005""}",2,"[[""Pt111"", ""ethanol"", ""beef_vdw"", ""SPE""], [""Pt111"", ""formic_acid"", ""beef_vdw"", ""relaxed""]]"
