surface,molecule,functional,E_ads_ML,E_ads_relaxed,E_ads_SPE,relaxed_status,SPE_status,completion_job_directory,relaxed_energy_review,SPE_energy_review,dft_contact_available,required_CONTCAR
Ag100,CH3,pbe,-1.61,,,refs unverified,potential mismatch,,False,False,True,
Ag100,CH3,pbe_d3,-1.61,,,refs unverified,potential mismatch,,False,False,True,
Ag100,CH3,r2scan,-1.61,,,refs unverified,potential mismatch,,False,False,True,
Ag100,CH3,beef_vdw,-1.61,,,potential_mismatch,potential mismatch,,False,False,True,
Ag100,CO,pbe,-0.5,,,refs unverified,potential mismatch,,False,False,True,
Ag100,CO,pbe_d3,-0.5,,,refs unverified,potential mismatch,,False,False,True,
Ag100,CO,r2scan,-0.5,,,refs unverified,potential mismatch,,False,False,True,
Ag100,CO,beef_vdw,-0.5,,,potential_mismatch,potential mismatch,,False,False,True,
Ag100,CO2,pbe,-0.36,-0.026,-0.017,available,available,/pscratch/sd/j/jcho5/VASP/completion_runs/matched_potential_slabs_20260915/slab/Ag100_03d62237d7/pbe,False,False,True,
Ag100,CO2,pbe_d3,-0.36,,,slab_mismatch,reference_unavailable,,False,False,True,
Ag100,CO2,r2scan,-0.36,,0.123,refs unverified,available,,False,False,True,
Ag100,CO2,beef_vdw,-0.36,-0.244,-0.154,available,available,/pscratch/sd/j/jcho5/VASP/completion_runs/matched_potential_slabs_20260915/slab/Ag100_bdf57ab72d/beef_vdw,False,False,True,
Ag100,DME,pbe,-0.24,,,potential_mismatch,potential mismatch,/pscratch/sd/j/jcho5/VASP/completion_runs/dme_references_davidson_20260915/molecule/DME/PBE,False,False,True,
Ag100,DME,pbe_d3,-0.24,,,potential_mismatch,potential mismatch,/pscratch/sd/j/jcho5/VASP/completion_runs/dme_references_davidson_20260915/molecule/DME/PBE_D3,False,False,True,
Ag100,DME,r2scan,-0.24,,,refs unverified,potential mismatch,,False,False,True,
Ag100,DME,beef_vdw,-0.24,,,potential_mismatch,potential mismatch,,False,False,True,
Ag100,H2,pbe,-0.25,,,refs unverified,refs unverified,,False,False,False,/kfs3/scratch/jcho5/goad-global-optimization/poscar/best/Ag100_H2/singlepoint/PBE/fully_relaxed/CONTCAR
Ag100,H2,pbe_d3,-0.25,,,refs unverified,refs unverified,,False,False,False,/kfs3/scratch/jcho5/goad-global-optimization/poscar/best/Ag100_H2/singlepoint/PBE/fully_relaxed/CONTCAR
Ag100,H2,r2scan,-0.25,,,refs unverified,refs unverified,,False,False,False,/kfs3/scratch/jcho5/goad-global-optimization/poscar/best/Ag100_H2/singlepoint/PBE/fully_relaxed/CONTCAR
Ag100,H2,beef_vdw,-0.25,,,no matching Perlmutter calculation,no matching Perlmutter calculation; check Kestrel sources,,False,False,False,/kfs3/scratch/jcho5/goad-global-optimization/poscar/best/Ag100_H2/singlepoint/PBE/fully_relaxed/CONTCAR
Ag100,H2O,pbe,-0.5,,,refs unverified,potential mismatch,,False,False,True,
Ag100,H2O,pbe_d3,-0.5,,,refs unverified,potential mismatch,,False,False,True,
Ag100,H2O,r2scan,-0.5,,,refs unverified,potential mismatch,,False,False,True,
Ag100,H2O,beef_vdw,-0.5,,,potential_mismatch,potential mismatch,,False,False,True,
Ag100,H2S,pbe,-0.44,,,refs unverified,potential mismatch,,False,False,True,
Ag100,H2S,pbe_d3,-0.44,,,refs unverified,potential mismatch,,False,False,True,
Ag100,H2S,r2scan,-0.44,,,potential_mismatch,potential mismatch,,False,False,True,
Ag100,H2S,beef_vdw,-0.44,,,potential_mismatch,potential mismatch,,False,False,True,
Ag100,N2,pbe,-0.05,,,refs unverified,potential mismatch,,False,False,True,
Ag100,N2,pbe_d3,-0.05,,,refs unverified,potential mismatch,,False,False,True,
Ag100,N2,r2scan,-0.05,,,refs unverified,potential mismatch,,False,False,True,
Ag100,N2,beef_vdw,-0.05,,,potential_mismatch,complex_unconverged,,False,False,True,
Ag100,NH3,pbe,-0.73,,,refs unverified,potential mismatch,,False,False,True,
Ag100,NH3,pbe_d3,-0.73,,,refs unverified,potential mismatch,,False,False,True,
Ag100,NH3,r2scan,-0.73,,,refs unverified,potential mismatch,,False,False,True,
Ag100,NH3,beef_vdw,-0.73,,,potential_mismatch,potential mismatch,,False,False,True,
Ag100,NO,pbe,-0.67,,,refs unverified,potential mismatch,,False,False,True,
Ag100,NO,pbe_d3,-0.67,,,refs unverified,potential mismatch,,False,False,True,
Ag100,NO,r2scan,-0.67,,,refs unverified,reference_unavailable,,False,False,True,
Ag100,NO,beef_vdw,-0.67,,,potential_mismatch,potential mismatch,,False,False,True,
Ag100,O2,pbe,-0.72,,,refs unverified,no matching Perlmutter calculation; check Kestrel sources,,False,False,False,/kfs3/scratch/jcho5/goad-global-optimization/poscar/best/Ag100_O2/singlepoint/PBE/fully_relaxed/CONTCAR
Ag100,O2,pbe_d3,-0.72,,,no matching Perlmutter calculation,no matching Perlmutter calculation; check Kestrel sources,,False,False,False,/kfs3/scratch/jcho5/goad-global-optimization/poscar/best/Ag100_O2/singlepoint/PBE/fully_relaxed/CONTCAR
Ag100,O2,r2scan,-0.72,,,no matching Perlmutter calculation,no matching Perlmutter calculation; check Kestrel sources,,False,False,False,/kfs3/scratch/jcho5/goad-global-optimization/poscar/best/Ag100_O2/singlepoint/PBE/fully_relaxed/CONTCAR
Ag100,O2,beef_vdw,-0.72,,,no matching Perlmutter calculation,no matching Perlmutter calculation; check Kestrel sources,,False,False,False,/kfs3/scratch/jcho5/goad-global-optimization/poscar/best/Ag100_O2/singlepoint/PBE/fully_relaxed/CONTCAR
Ag100,SO2,pbe,-0.54,,,refs unverified,potential mismatch,,False,False,True,
Ag100,SO2,pbe_d3,-0.54,,,refs unverified,potential mismatch,,False,False,True,
Ag100,SO2,r2scan,-0.54,,,potential_mismatch,potential mismatch,,False,False,True,
Ag100,SO2,beef_vdw,-0.54,,,potential_mismatch,potential mismatch,,False,False,True,
Ag100,acetaldehyde,pbe,-0.5,,,refs unverified,potential mismatch,,False,False,True,
Ag100,acetaldehyde,pbe_d3,-0.5,,,refs unverified,potential mismatch,,False,False,True,
Ag100,acetaldehyde,r2scan,-0.5,,,refs unverified,potential mismatch,,False,False,True,
Ag100,acetaldehyde,beef_vdw,-0.5,,,potential_mismatch,potential mismatch,,False,False,True,
Ag100,acetic_acid,pbe,-0.58,,,potential_mismatch,reference_unavailable,,False,False,True,
Ag100,acetic_acid,pbe_d3,-0.58,,,potential_mismatch,reference_unavailable,,False,False,True,
Ag100,acetic_acid,r2scan,-0.58,,,refs unverified,potential mismatch,,False,False,True,
Ag100,acetic_acid,beef_vdw,-0.58,,,potential_mismatch,potential mismatch,,False,False,True,
Ag100,ethane,pbe,-0.29,-0.023,-0.021,available,available,/pscratch/sd/j/jcho5/VASP/completion_runs/matched_potential_slabs_20260915/slab/Ag100_03d62237d7/pbe,False,False,True,
Ag100,ethane,pbe_d3,-0.29,-0.26,-0.007,available,available,/pscratch/sd/j/jcho5/VASP/completion_runs/matched_potential_slabs_20260915/slab/Ag100_ea6fd71f0d/pbe_d3,False,False,True,
Ag100,ethane,r2scan,-0.29,,0.13,refs unverified,available,/pscratch/sd/j/jcho5/VASP/completion_runs/matched_potential_slabs_20260915/slab/Ag100_40d6d8753e/r2scan,False,False,True,
Ag100,ethane,beef_vdw,-0.29,-0.283,-0.189,available,available,/pscratch/sd/j/jcho5/VASP/completion_runs/matched_potential_slabs_20260915/slab/Ag100_bdf57ab72d/beef_vdw,False,False,True,
Ag100,ethanol,pbe,-0.44,-0.154,-0.15,available,available,/pscratch/sd/j/jcho5/VASP/completion_runs/matched_potential_slabs_20260915/slab/Ag100_03d62237d7/pbe,False,False,True,
Ag100,ethanol,pbe_d3,-0.44,-0.448,-0.224,available,available,/pscratch/sd/j/jcho5/VASP/completion_runs/matched_potential_slabs_20260915/slab/Ag100_ea6fd71f0d/pbe_d3,False,False,True,
Ag100,ethanol,r2scan,-0.44,,-0.088,refs unverified,available,/pscratch/sd/j/jcho5/VASP/completion_runs/matched_potential_slabs_20260915/slab/Ag100_40d6d8753e/r2scan,False,False,True,
Ag100,ethanol,beef_vdw,-0.44,-0.456,-0.352,available,available,/pscratch/sd/j/jcho5/VASP/completion_runs/matched_potential_slabs_20260915/slab/Ag100_bdf57ab72d/beef_vdw,False,False,True,
Ag100,ethene,pbe,-0.21,,,refs unverified,potential mismatch,,False,False,True,
Ag100,ethene,pbe_d3,-0.21,,,refs unverified,potential mismatch,,False,False,True,
Ag100,ethene,r2scan,-0.21,,,refs unverified,potential mismatch,,False,False,True,
Ag100,ethene,beef_vdw,-0.21,,,potential_mismatch,potential mismatch,,False,False,True,
Ag100,formaldehyde,pbe,-0.32,,,refs unverified,potential mismatch,,False,False,True,
Ag100,formaldehyde,pbe_d3,-0.32,,,refs unverified,potential mismatch,,False,False,True,
Ag100,formaldehyde,r2scan,-0.32,,,potential_mismatch,potential mismatch,,False,False,True,
Ag100,formaldehyde,beef_vdw,-0.32,,,potential_mismatch,potential mismatch,,False,False,True,
Ag100,formate,pbe,-2.21,,,refs unverified,refs unverified,,False,False,False,/kfs3/scratch/jcho5/goad-global-optimization/poscar/best/Ag100_formate/singlepoint/PBE/fully_relaxed/CONTCAR
Ag100,formate,pbe_d3,-2.21,,,refs unverified,refs unverified,,False,False,False,/kfs3/scratch/jcho5/goad-global-optimization/poscar/best/Ag100_formate/singlepoint/PBE/fully_relaxed/CONTCAR
Ag100,formate,r2scan,-2.21,,,refs unverified,refs unverified,,False,False,False,/kfs3/scratch/jcho5/goad-global-optimization/poscar/best/Ag100_formate/singlepoint/PBE/fully_relaxed/CONTCAR
Ag100,formate,beef_vdw,-2.21,,,no matching Perlmutter calculation,no matching Perlmutter calculation; check Kestrel sources,,False,False,False,/kfs3/scratch/jcho5/goad-global-optimization/poscar/best/Ag100_formate/singlepoint/PBE/fully_relaxed/CONTCAR
Ag100,formic_acid,pbe,-0.4,,,refs unverified,potential mismatch,,False,False,True,
Ag100,formic_acid,pbe_d3,-0.4,,,refs unverified,potential mismatch,,False,False,True,
Ag100,formic_acid,r2scan,-0.4,,,refs unverified,potential mismatch,,False,False,True,
Ag100,formic_acid,beef_vdw,-0.4,,,potential_mismatch,potential mismatch,,False,False,True,
Ag100,glycerol,pbe,-0.68,,-0.118,refs unverified,available,,False,False,True,
Ag100,glycerol,pbe_d3,-0.68,,-0.415,refs unverified,available,,False,False,True,
Ag100,glycerol,r2scan,-0.68,,-0.195,refs unverified,available,,False,False,True,
Ag100,glycerol,beef_vdw,-0.68,,,no matching Perlmutter calculation,refs unverified,,False,False,True,
Ag100,isopropanol,pbe,-0.49,,,refs unverified,refs unverified,,False,False,True,
Ag100,isopropanol,pbe_d3,-0.49,,,refs unverified,refs unverified,,False,False,True,
Ag100,isopropanol,r2scan,-0.49,,,refs unverified,refs unverified,,False,False,True,
Ag100,isopropanol,beef_vdw,-0.49,,,no matching Perlmutter calculation,no matching Perlmutter calculation; check Kestrel sources,,False,False,True,
Ag100,methane,pbe,-0.42,,,refs unverified,potential mismatch,,False,False,True,
Ag100,methane,pbe_d3,-0.42,,,refs unverified,potential mismatch,,False,False,True,
Ag100,methane,r2scan,-0.42,,,refs unverified,potential mismatch,,False,False,True,
Ag100,methane,beef_vdw,-0.42,,,potential_mismatch,potential mismatch,,False,False,True,
Ag100,methanol,pbe,-0.4,,,refs unverified,potential mismatch,,False,False,True,
Ag100,methanol,pbe_d3,-0.4,,,refs unverified,potential mismatch,,False,False,True,
Ag100,methanol,r2scan,-0.4,,,refs unverified,potential mismatch,,False,False,True,
Ag100,methanol,beef_vdw,-0.4,,,potential_mismatch,potential mismatch,,False,False,True,
Ag100,propane,pbe,-0.31,,,refs unverified,refs unverified,,False,False,True,
Ag100,propane,pbe_d3,-0.31,,,refs unverified,refs unverified,,False,False,True,
Ag100,propane,r2scan,-0.31,,,refs unverified,refs unverified,,False,False,True,
Ag100,propane,beef_vdw,-0.31,,,no matching Perlmutter calculation,no matching Perlmutter calculation; check Kestrel sources,,False,False,True,
Ag100,propanol,pbe,-0.47,,,refs unverified,refs unverified,,False,False,True,
Ag100,propanol,pbe_d3,-0.47,,,refs unverified,refs unverified,,False,False,True,
Ag100,propanol,r2scan,-0.47,,,refs unverified,refs unverified,,False,False,True,
Ag100,propanol,beef_vdw,-0.47,,,no matching Perlmutter calculation,no matching Perlmutter calculation; check Kestrel sources,,False,False,True,
Ag100,propene,pbe,-0.21,,,refs unverified,refs unverified,,False,False,True,
Ag100,propene,pbe_d3,-0.21,,,refs unverified,refs unverified,,False,False,True,
Ag100,propene,r2scan,-0.21,,,refs unverified,refs unverified,,False,False,True,
Ag100,propene,beef_vdw,-0.21,,,no matching Perlmutter calculation,no matching Perlmutter calculation; check Kestrel sources,,False,False,True,
Ag110,CH3,pbe,-1.77,,,refs unverified,potential mismatch,,False,False,True,
Ag110,CH3,pbe_d3,-1.77,,,refs unverified,potential mismatch,,False,False,True,
Ag110,CH3,r2scan,-1.77,,,refs unverified,potential mismatch,,False,False,True,
Ag110,CH3,beef_vdw,-1.77,,,potential_mismatch,potential mismatch,,False,False,True,
Ag110,CO,pbe,-0.57,,,refs unverified,potential mismatch,,False,False,True,
Ag110,CO,pbe_d3,-0.57,,,refs unverified,potential mismatch,,False,False,True,
Ag110,CO,r2scan,-0.57,,,refs unverified,potential mismatch,,False,False,True,
Ag110,CO,beef_vdw,-0.57,,,potential_mismatch,potential mismatch,,False,False,True,
Ag110,CO2,pbe,-0.39,,,refs unverified,potential mismatch,,False,False,True,
Ag110,CO2,pbe_d3,-0.39,,,potential_mismatch,reference_unavailable,,False,False,True,
Ag110,CO2,r2scan,-0.39,,,refs unverified,potential mismatch,,False,False,True,
Ag110,CO2,beef_vdw,-0.39,,,potential_mismatch,potential mismatch,,False,False,True,
Ag110,DME,pbe,-0.31,,,potential_mismatch,potential mismatch,/pscratch/sd/j/jcho5/VASP/completion_runs/dme_references_davidson_20260915/molecule/DME/PBE,False,False,True,
Ag110,DME,pbe_d3,-0.31,,,potential_mismatch,potential mismatch,/pscratch/sd/j/jcho5/VASP/completion_runs/dme_references_davidson_20260915/molecule/DME/PBE_D3,False,False,True,
Ag110,DME,r2scan,-0.31,,,refs unverified,potential mismatch,,False,False,True,
Ag110,DME,beef_vdw,-0.31,,,potential_mismatch,potential mismatch,,False,False,True,
Ag110,H2,pbe,-0.27,,,refs unverified,refs unverified,,False,False,False,/kfs3/scratch/jcho5/goad-global-optimization/poscar/best/Ag110_H2/singlepoint/PBE/fully_relaxed/CONTCAR
Ag110,H2,pbe_d3,-0.27,,,refs unverified,refs unverified,,False,False,False,/kfs3/scratch/jcho5/goad-global-optimization/poscar/best/Ag110_H2/singlepoint/PBE/fully_relaxed/CONTCAR
Ag110,H2,r2scan,-0.27,,,refs unverified,refs unverified,,False,False,False,/kfs3/scratch/jcho5/goad-global-optimization/poscar/best/Ag110_H2/singlepoint/PBE/fully_relaxed/CONTCAR
Ag110,H2,beef_vdw,-0.27,,,no matching Perlmutter calculation,no matching Perlmutter calculation; check Kestrel sources,,False,False,False,/kfs3/scratch/jcho5/goad-global-optimization/poscar/best/Ag110_H2/singlepoint/PBE/fully_relaxed/CONTCAR
Ag110,H2O,pbe,-0.58,,,refs unverified,potential mismatch,,False,False,True,
Ag110,H2O,pbe_d3,-0.58,,,refs unverified,potential mismatch,,False,False,True,
Ag110,H2O,r2scan,-0.58,,,refs unverified,potential mismatch,,False,False,True,
Ag110,H2O,beef_vdw,-0.58,,,potential_mismatch,potential mismatch,,False,False,True,
Ag110,H2S,pbe,-0.5,,,refs unverified,potential mismatch,,False,False,True,
Ag110,H2S,pbe_d3,-0.5,,,refs unverified,potential mismatch,,False,False,True,
Ag110,H2S,r2scan,-0.5,,,refs unverified,potential mismatch,,False,False,True,
Ag110,H2S,beef_vdw,-0.5,,,potential_mismatch,potential mismatch,,False,False,True,
Ag110,N2,pbe,-0.05,,,refs unverified,potential mismatch,,False,False,True,
Ag110,N2,pbe_d3,-0.05,,,refs unverified,potential mismatch,,False,False,True,
Ag110,N2,r2scan,-0.05,,,refs unverified,potential mismatch,,False,False,True,
Ag110,N2,beef_vdw,-0.05,,,potential_mismatch,potential mismatch,,False,False,True,
Ag110,NH3,pbe,-0.81,,,refs unverified,potential mismatch,,False,False,True,
Ag110,NH3,pbe_d3,-0.81,,,refs unverified,potential mismatch,,False,False,True,
Ag110,NH3,r2scan,-0.81,,,refs unverified,potential mismatch,,False,False,True,
Ag110,NH3,beef_vdw,-0.81,,,potential_mismatch,potential mismatch,,False,False,True,
Ag110,NO,pbe,-0.81,,,refs unverified,potential mismatch,,False,False,True,
Ag110,NO,pbe_d3,-0.81,,,refs unverified,potential mismatch,,False,False,True,
Ag110,NO,r2scan,-0.81,,,refs unverified,reference_unavailable,,False,False,True,
Ag110,NO,beef_vdw,-0.81,,,potential_mismatch,potential mismatch,,False,False,True,
Ag110,O2,pbe,-0.65,,,refs unverified,no matching Perlmutter calculation; check Kestrel sources,,False,False,False,/kfs3/scratch/jcho5/goad-global-optimization/poscar/best/Ag110_O2/singlepoint/PBE/fully_relaxed/CONTCAR
Ag110,O2,pbe_d3,-0.65,,,no matching Perlmutter calculation,no matching Perlmutter calculation; check Kestrel sources,,False,False,False,/kfs3/scratch/jcho5/goad-global-optimization/poscar/best/Ag110_O2/singlepoint/PBE/fully_relaxed/CONTCAR
Ag110,O2,r2scan,-0.65,,,no matching Perlmutter calculation,no matching Perlmutter calculation; check Kestrel sources,,False,False,False,/kfs3/scratch/jcho5/goad-global-optimization/poscar/best/Ag110_O2/singlepoint/PBE/fully_relaxed/CONTCAR
Ag110,O2,beef_vdw,-0.65,,,no matching Perlmutter calculation,no matching Perlmutter calculation; check Kestrel sources,,False,False,False,/kfs3/scratch/jcho5/goad-global-optimization/poscar/best/Ag110_O2/singlepoint/PBE/fully_relaxed/CONTCAR
Ag110,SO2,pbe,-0.68,,,refs unverified,potential mismatch,,False,False,True,
Ag110,SO2,pbe_d3,-0.68,,,refs unverified,potential mismatch,,False,False,True,
Ag110,SO2,r2scan,-0.68,,,potential_mismatch,potential mismatch,,False,False,True,
Ag110,SO2,beef_vdw,-0.68,,,potential_mismatch,potential mismatch,,False,False,True,
Ag110,acetaldehyde,pbe,-0.59,,,refs unverified,potential mismatch,,False,False,True,
Ag110,acetaldehyde,pbe_d3,-0.59,,,refs unverified,potential mismatch,,False,False,True,
Ag110,acetaldehyde,r2scan,-0.59,,,refs unverified,potential mismatch,,False,False,True,
Ag110,acetaldehyde,beef_vdw,-0.59,,,potential_mismatch,potential mismatch,,False,False,True,
Ag110,acetic_acid,pbe,-0.68,,,potential_mismatch,reference_unavailable,,False,False,True,
Ag110,acetic_acid,pbe_d3,-0.68,,,potential_mismatch,reference_unavailable,,False,False,True,
Ag110,acetic_acid,r2scan,-0.68,,,refs unverified,potential mismatch,,False,False,True,
Ag110,acetic_acid,beef_vdw,-0.68,,,potential_mismatch,potential mismatch,,False,False,True,
Ag110,ethane,pbe,-0.38,,,refs unverified,potential mismatch,,False,False,True,
Ag110,ethane,pbe_d3,-0.38,,,refs unverified,potential mismatch,,False,False,True,
Ag110,ethane,r2scan,-0.38,,,refs unverified,potential mismatch,,False,False,True,
Ag110,ethane,beef_vdw,-0.38,,,potential_mismatch,potential mismatch,,False,False,True,
Ag110,ethanol,pbe,-0.55,-0.231,-0.224,available,available,/pscratch/sd/j/jcho5/VASP/completion_runs/matched_potential_slabs_20260915/slab/Ag110_ae1f44758e/pbe,False,False,True,
Ag110,ethanol,pbe_d3,-0.55,-0.577,-0.467,available,available,/pscratch/sd/j/jcho5/VASP/completion_runs/matched_potential_slabs_20260915/slab/Ag110_9d6c0fe500/pbe_d3,False,False,True,
Ag110,ethanol,r2scan,-0.55,,,refs unverified,refs unverified,,False,False,True,
Ag110,ethanol,beef_vdw,-0.55,-0.494,-0.367,available,available,/pscratch/sd/j/jcho5/VASP/completion_runs/matched_potential_slabs_20260915/slab/Ag110_9a26dc65ff/beef_vdw,False,False,True,
Ag110,ethene,pbe,-0.41,,,refs unverified,potential mismatch,,False,False,True,
Ag110,ethene,pbe_d3,-0.41,,,refs unverified,potential mismatch,,False,False,True,
Ag110,ethene,r2scan,-0.41,,,refs unverified,potential mismatch,,False,False,True,
Ag110,ethene,beef_vdw,-0.41,,,potential_mismatch,potential mismatch,,False,False,True,
Ag110,formaldehyde,pbe,-0.41,,,refs unverified,potential mismatch,,False,False,True,
Ag110,formaldehyde,pbe_d3,-0.41,,,refs unverified,potential mismatch,,False,False,True,
Ag110,formaldehyde,r2scan,-0.41,,,refs unverified,potential mismatch,,False,False,True,
Ag110,formaldehyde,beef_vdw,-0.41,,,potential_mismatch,potential mismatch,,False,False,True,
Ag110,formate,pbe,-2.33,,,refs unverified,refs unverified,,False,False,False,/kfs3/scratch/jcho5/goad-global-optimization/poscar/best/Ag110_formate/singlepoint/PBE/fully_relaxed/CONTCAR
Ag110,formate,pbe_d3,-2.33,,,refs unverified,refs unverified,,False,False,False,/kfs3/scratch/jcho5/goad-global-optimization/poscar/best/Ag110_formate/singlepoint/PBE/fully_relaxed/CONTCAR
Ag110,formate,r2scan,-2.33,,,refs unverified,refs unverified,,False,False,False,/kfs3/scratch/jcho5/goad-global-optimization/poscar/best/Ag110_formate/singlepoint/PBE/fully_relaxed/CONTCAR
Ag110,formate,beef_vdw,-2.33,,,no matching Perlmutter calculation,no matching Perlmutter calculation; check Kestrel sources,,False,False,False,/kfs3/scratch/jcho5/goad-global-optimization/poscar/best/Ag110_formate/singlepoint/PBE/fully_relaxed/CONTCAR
Ag110,formic_acid,pbe,-0.48,,,refs unverified,potential mismatch,,False,False,True,
Ag110,formic_acid,pbe_d3,-0.48,,,refs unverified,potential mismatch,,False,False,True,
Ag110,formic_acid,r2scan,-0.48,,,refs unverified,potential mismatch,,False,False,True,
Ag110,formic_acid,beef_vdw,-0.48,,,potential_mismatch,potential mismatch,,False,False,True,
Ag110,glycerol,pbe,-0.96,,,refs unverified,refs unverified,,False,False,True,
Ag110,glycerol,pbe_d3,-0.96,,,refs unverified,refs unverified,,False,False,True,
Ag110,glycerol,r2scan,-0.96,,,refs unverified,refs unverified,,False,False,True,
Ag110,glycerol,beef_vdw,-0.96,,,no matching Perlmutter calculation,no matching Perlmutter calculation; check Kestrel sources,,False,False,True,
Ag110,isopropanol,pbe,-0.59,,-0.237,refs unverified,available,,False,False,True,
Ag110,isopropanol,pbe_d3,-0.59,,-0.578,refs unverified,available,,False,False,True,
Ag110,isopropanol,r2scan,-0.59,,,refs unverified,refs unverified,,False,False,True,
Ag110,isopropanol,beef_vdw,-0.59,,-0.463,no matching Perlmutter calculation,available,,False,False,True,
Ag110,methane,pbe,-0.46,,,refs unverified,potential mismatch,,False,False,True,
Ag110,methane,pbe_d3,-0.46,,,refs unverified,potential mismatch,,False,False,True,
Ag110,methane,r2scan,-0.46,,,refs unverified,potential mismatch,,False,False,True,
Ag110,methane,beef_vdw,-0.46,,,potential_mismatch,potential mismatch,,False,False,True,
Ag110,methanol,pbe,-0.48,,,refs unverified,potential mismatch,,False,False,True,
Ag110,methanol,pbe_d3,-0.48,,,refs unverified,potential mismatch,,False,False,True,
Ag110,methanol,r2scan,-0.48,,,refs unverified,potential mismatch,,False,False,True,
Ag110,methanol,beef_vdw,-0.48,,,potential_mismatch,potential mismatch,,False,False,True,
Ag110,propane,pbe,-0.38,,,refs unverified,refs unverified,,False,False,True,
Ag110,propane,pbe_d3,-0.38,,,refs unverified,refs unverified,,False,False,True,
Ag110,propane,r2scan,-0.38,,,refs unverified,refs unverified,,False,False,True,
Ag110,propane,beef_vdw,-0.38,,,no matching Perlmutter calculation,no matching Perlmutter calculation; check Kestrel sources,,False,False,True,
Ag110,propanol,pbe,-0.54,,-0.242,refs unverified,available,,False,False,True,
Ag110,propanol,pbe_d3,-0.54,,-0.534,refs unverified,available,,False,False,True,
Ag110,propanol,r2scan,-0.54,,,refs unverified,refs unverified,,False,False,True,
Ag110,propanol,beef_vdw,-0.54,,-0.434,no matching Perlmutter calculation,available,,False,False,True,
Ag110,propene,pbe,-0.34,,,refs unverified,refs unverified,,False,False,True,
Ag110,propene,pbe_d3,-0.34,,,refs unverified,refs unverified,,False,False,True,
Ag110,propene,r2scan,-0.34,,,refs unverified,refs unverified,,False,False,True,
Ag110,propene,beef_vdw,-0.34,,,no matching Perlmutter calculation,no matching Perlmutter calculation; check Kestrel sources,,False,False,True,
Ag111,CH3,pbe,-1.53,-0.785,-0.759,available,available,/pscratch/sd/j/jcho5/VASP/completion_runs/matched_potential_slabs_20260915/slab/Ag111_61964c781c/pbe,False,False,True,
Ag111,CH3,pbe_d3,-1.53,-1.012,-0.863,available,available,/pscratch/sd/j/jcho5/VASP/completion_runs/matched_potential_slabs_20260915/slab/Ag111_71d4cd48c4/pbe_d3,False,False,True,
Ag111,CH3,r2scan,-1.53,,-0.602,refs unverified,available,/pscratch/sd/j/jcho5/VASP/completion_runs/matched_potential_slabs_20260915/slab/Ag111_f9365ca685/r2scan,False,False,True,
Ag111,CH3,beef_vdw,-1.53,-0.892,-0.832,available,available,/pscratch/sd/j/jcho5/VASP/completion_runs/matched_potential_slabs_20260915/slab/Ag111_35207ad13f/beef_vdw,False,False,True,
Ag111,CO,pbe,-0.43,0.1,0.121,available,available,/pscratch/sd/j/jcho5/VASP/completion_runs/matched_potential_slabs_20260915/slab/Ag111_61964c781c/pbe,False,False,True,
Ag111,CO,pbe_d3,-0.43,-0.12,0.069,available,available,/pscratch/sd/j/jcho5/VASP/completion_runs/matched_potential_slabs_20260915/slab/Ag111_71d4cd48c4/pbe_d3,False,False,True,
Ag111,CO,r2scan,-0.43,,0.2,refs unverified,available,,False,False,True,
Ag111,CO,beef_vdw,-0.43,-0.163,0.152,available,available,/pscratch/sd/j/jcho5/VASP/completion_runs/matched_potential_slabs_20260915/slab/Ag111_35207ad13f/beef_vdw,False,False,True,
Ag111,CO2,pbe,-0.36,,,refs unverified,potential mismatch,,False,False,True,
Ag111,CO2,pbe_d3,-0.36,,,potential_mismatch,reference_unavailable,,False,False,True,
Ag111,CO2,r2scan,-0.36,,,refs unverified,potential mismatch,,False,False,True,
Ag111,CO2,beef_vdw,-0.36,,,potential_mismatch,potential mismatch,,False,False,True,
Ag111,DME,pbe,-0.2,-0.051,-0.017,available,available,/pscratch/sd/j/jcho5/VASP/completion_runs/matched_potential_slabs_20260915/slab/Ag111_61964c781c/pbe,False,False,True,
Ag111,DME,pbe_d3,-0.2,-0.267,-0.084,available,available,/pscratch/sd/j/jcho5/VASP/completion_runs/dme_references_davidson_20260915/molecule/DME/PBE_D3,False,False,True,
Ag111,DME,r2scan,-0.2,-0.097,0.064,available,available,/pscratch/sd/j/jcho5/VASP/completion_runs/matched_potential_slabs_20260915/slab/Ag111_f9365ca685/r2scan,False,False,True,
Ag111,DME,beef_vdw,-0.2,-0.354,-0.345,available,available,/pscratch/sd/j/jcho5/VASP/completion_runs/matched_potential_slabs_20260915/slab/Ag111_35207ad13f/beef_vdw,False,False,True,
Ag111,H2,pbe,-0.23,,0.063,refs unverified,available,,False,False,False,/kfs3/scratch/jcho5/goad-global-optimization/poscar/best/Ag111_H2/singlepoint/PBE/fully_relaxed/CONTCAR
Ag111,H2,pbe_d3,-0.23,,0.151,refs unverified,available,,False,False,False,/kfs3/scratch/jcho5/goad-global-optimization/poscar/best/Ag111_H2/singlepoint/PBE/fully_relaxed/CONTCAR
Ag111,H2,r2scan,-0.23,,0.184,refs unverified,available,,False,False,False,/kfs3/scratch/jcho5/goad-global-optimization/poscar/best/Ag111_H2/singlepoint/PBE/fully_relaxed/CONTCAR
Ag111,H2,beef_vdw,-0.23,,-0.034,no matching Perlmutter calculation,available,,False,False,False,/kfs3/scratch/jcho5/goad-global-optimization/poscar/best/Ag111_H2/singlepoint/PBE/fully_relaxed/CONTCAR
Ag111,H2O,pbe,-0.45,-0.107,-0.053,available,available,/pscratch/sd/j/jcho5/VASP/completion_runs/matched_potential_slabs_20260915/slab/Ag111_61964c781c/pbe,False,False,True,
Ag111,H2O,pbe_d3,-0.45,-0.299,-0.053,available,available,/pscratch/sd/j/jcho5/VASP/completion_runs/matched_potential_slabs_20260915/slab/Ag111_71d4cd48c4/pbe_d3,False,False,True,
Ag111,H2O,r2scan,-0.45,,0.016,refs unverified,available,,False,False,True,
Ag111,H2O,beef_vdw,-0.45,-0.239,-0.202,available,available,/pscratch/sd/j/jcho5/VASP/completion_runs/matched_potential_slabs_20260915/slab/Ag111_35207ad13f/beef_vdw,False,False,True,
Ag111,H2S,pbe,-0.37,-0.107,-0.036,available,available,/pscratch/sd/j/jcho5/VASP/completion_runs/matched_potential_slabs_20260915/slab/Ag111_61964c781c/pbe,False,False,True,
Ag111,H2S,pbe_d3,-0.37,-0.429,-0.165,available,available,/pscratch/sd/j/jcho5/VASP/completion_runs/matched_potential_slabs_20260915/slab/Ag111_71d4cd48c4/pbe_d3,False,False,True,
Ag111,H2S,r2scan,-0.37,,0.004,slab_mismatch,available,,False,False,True,
Ag111,H2S,beef_vdw,-0.37,-0.295,-0.26,available,available,/pscratch/sd/j/jcho5/VASP/completion_runs/matched_potential_slabs_20260915/slab/Ag111_35207ad13f/beef_vdw,False,False,True,
Ag111,N2,pbe,-0.05,-0.007,0.028,available,available,/pscratch/sd/j/jcho5/VASP/completion_runs/matched_potential_slabs_20260915/slab/Ag111_61964c781c/pbe,False,False,True,
Ag111,N2,pbe_d3,-0.05,-0.071,0.127,available,available,/pscratch/sd/j/jcho5/VASP/completion_runs/matched_potential_slabs_20260915/slab/Ag111_71d4cd48c4/pbe_d3,False,False,True,
Ag111,N2,r2scan,-0.05,,0.158,refs unverified,available,,False,False,True,
Ag111,N2,beef_vdw,-0.05,-0.113,-0.111,available,available,/pscratch/sd/j/jcho5/VASP/completion_runs/matched_potential_slabs_20260915/slab/Ag111_35207ad13f/beef_vdw,False,False,True,
Ag111,NH3,pbe,-0.6,-0.279,-0.249,available,available,/pscratch/sd/j/jcho5/VASP/completion_runs/matched_potential_slabs_20260915/slab/Ag111_61964c781c/pbe,False,False,True,
Ag111,NH3,pbe_d3,-0.6,-0.519,-0.298,available,available,/pscratch/sd/j/jcho5/VASP/completion_runs/matched_potential_slabs_20260915/slab/Ag111_71d4cd48c4/pbe_d3,False,False,True,
Ag111,NH3,r2scan,-0.6,,-0.226,refs unverified,available,,False,False,True,
Ag111,NH3,beef_vdw,-0.6,-0.421,-0.417,available,available,/pscratch/sd/j/jcho5/VASP/completion_runs/matched_potential_slabs_20260915/slab/Ag111_35207ad13f/beef_vdw,False,False,True,
Ag111,NO,pbe,-0.54,-0.548,-0.495,available,available,/pscratch/sd/j/jcho5/VASP/completion_runs/matched_potential_slabs_20260915/slab/Ag111_61964c781c/pbe,False,False,True,
Ag111,NO,pbe_d3,-0.54,-0.746,-0.568,available,available,/pscratch/sd/j/jcho5/VASP/completion_runs/matched_potential_slabs_20260915/slab/Ag111_71d4cd48c4/pbe_d3,False,False,True,
Ag111,NO,r2scan,-0.54,,,refs unverified,reference_unavailable,,False,False,True,
Ag111,NO,beef_vdw,-0.54,-7.325,-7.284,available; energy review,available; energy review,/pscratch/sd/j/jcho5/VASP/completion_runs/matched_potential_slabs_20260915/slab/Ag111_35207ad13f/beef_vdw,True,True,True,
Ag111,O2,pbe,-0.09,,,refs unverified,no matching Perlmutter calculation; check Kestrel sources,,False,False,False,/kfs3/scratch/jcho5/goad-global-optimization/poscar/best/Ag111_O2/singlepoint/PBE/fully_relaxed/CONTCAR
Ag111,O2,pbe_d3,-0.09,,,no matching Perlmutter calculation,no matching Perlmutter calculation; check Kestrel sources,,False,False,False,/kfs3/scratch/jcho5/goad-global-optimization/poscar/best/Ag111_O2/singlepoint/PBE/fully_relaxed/CONTCAR
Ag111,O2,r2scan,-0.09,,,no matching Perlmutter calculation,no matching Perlmutter calculation; check Kestrel sources,,False,False,False,/kfs3/scratch/jcho5/goad-global-optimization/poscar/best/Ag111_O2/singlepoint/PBE/fully_relaxed/CONTCAR
Ag111,O2,beef_vdw,-0.09,,,no matching Perlmutter calculation,no matching Perlmutter calculation; check Kestrel sources,,False,False,False,/kfs3/scratch/jcho5/goad-global-optimization/poscar/best/Ag111_O2/singlepoint/PBE/fully_relaxed/CONTCAR
Ag111,SO2,pbe,-0.28,-0.08,-0.004,available,available,/pscratch/sd/j/jcho5/VASP/completion_runs/matched_potential_slabs_20260915/slab/Ag111_61964c781c/pbe,False,False,True,
Ag111,SO2,pbe_d3,-0.28,-0.505,-0.272,available,available,/pscratch/sd/j/jcho5/VASP/completion_runs/matched_potential_slabs_20260915/slab/Ag111_71d4cd48c4/pbe_d3,False,False,True,
Ag111,SO2,r2scan,-0.28,,-0.07,slab_mismatch,available,,False,False,True,
Ag111,SO2,beef_vdw,-0.28,-0.367,-0.363,available,available,/pscratch/sd/j/jcho5/VASP/completion_runs/matched_potential_slabs_20260915/slab/Ag111_35207ad13f/beef_vdw,False,False,True,
Ag111,acetaldehyde,pbe,-0.41,-0.025,0.016,available,available,/pscratch/sd/j/jcho5/VASP/completion_runs/matched_potential_slabs_20260915/slab/Ag111_61964c781c/pbe,False,False,True,
Ag111,acetaldehyde,pbe_d3,-0.41,-0.267,-0.072,available,available,/pscratch/sd/j/jcho5/VASP/completion_runs/matched_potential_slabs_20260915/slab/Ag111_71d4cd48c4/pbe_d3,False,False,True,
Ag111,acetaldehyde,r2scan,-0.41,,0.042,refs unverified,available,/pscratch/sd/j/jcho5/VASP/completion_runs/matched_potential_slabs_20260915/slab/Ag111_f9365ca685/r2scan,False,False,True,
Ag111,acetaldehyde,beef_vdw,-0.41,-0.293,-0.281,available,available,/pscratch/sd/j/jcho5/VASP/completion_runs/matched_potential_slabs_20260915/slab/Ag111_35207ad13f/beef_vdw,False,False,True,
Ag111,acetic_acid,pbe,-0.47,,,slab_mismatch,reference_unavailable,,False,False,True,
Ag111,acetic_acid,pbe_d3,-0.47,,,slab_mismatch,reference_unavailable,,False,False,True,
Ag111,acetic_acid,r2scan,-0.47,,-0.107,refs unverified,available,/pscratch/sd/j/jcho5/VASP/completion_runs/matched_potential_slabs_20260915/slab/Ag111_f9365ca685/r2scan,False,False,True,
Ag111,acetic_acid,beef_vdw,-0.47,-0.413,-0.399,available,available,/pscratch/sd/j/jcho5/VASP/completion_runs/matched_potential_slabs_20260915/slab/Ag111_35207ad13f/beef_vdw,False,False,True,
Ag111,ethane,pbe,-0.27,,,refs unverified,potential mismatch,,False,False,True,
Ag111,ethane,pbe_d3,-0.27,,,refs unverified,potential mismatch,,False,False,True,
Ag111,ethane,r2scan,-0.27,,,refs unverified,potential mismatch,,False,False,True,
Ag111,ethane,beef_vdw,-0.27,,,potential_mismatch,potential mismatch,,False,False,True,
Ag111,ethanol,pbe,-0.38,,,refs unverified,potential mismatch,,False,False,True,
Ag111,ethanol,pbe_d3,-0.38,,,refs unverified,potential mismatch,,False,False,True,
Ag111,ethanol,r2scan,-0.38,,,refs unverified,potential mismatch,,False,False,True,
Ag111,ethanol,beef_vdw,-0.38,,,potential_mismatch,potential mismatch,,False,False,True,
Ag111,ethene,pbe,-0.17,-0.032,0.002,available,available,/pscratch/sd/j/jcho5/VASP/completion_runs/matched_potential_slabs_20260915/slab/Ag111_61964c781c/pbe,False,False,True,
Ag111,ethene,pbe_d3,-0.17,-0.375,-0.075,available,available,/pscratch/sd/j/jcho5/VASP/completion_runs/matched_potential_slabs_20260915/slab/Ag111_71d4cd48c4/pbe_d3,False,False,True,
Ag111,ethene,r2scan,-0.17,,0.061,refs unverified,available,/pscratch/sd/j/jcho5/VASP/completion_runs/matched_potential_slabs_20260915/slab/Ag111_f9365ca685/r2scan,False,False,True,
Ag111,ethene,beef_vdw,-0.17,-0.289,-0.284,available,available,/pscratch/sd/j/jcho5/VASP/completion_runs/matched_potential_slabs_20260915/slab/Ag111_35207ad13f/beef_vdw,False,False,True,
Ag111,formaldehyde,pbe,-0.26,-0.029,0.015,available,available,/pscratch/sd/j/jcho5/VASP/completion_runs/matched_potential_slabs_20260915/slab/Ag111_61964c781c/pbe,False,False,True,
Ag111,formaldehyde,pbe_d3,-0.26,-0.188,0.016,available,available,/pscratch/sd/j/jcho5/VASP/completion_runs/matched_potential_slabs_20260915/slab/Ag111_71d4cd48c4/pbe_d3,False,False,True,
Ag111,formaldehyde,r2scan,-0.26,,0.088,slab_mismatch,available,,False,False,True,
Ag111,formaldehyde,beef_vdw,-0.26,-0.227,-0.214,available,available,/pscratch/sd/j/jcho5/VASP/completion_runs/matched_potential_slabs_20260915/slab/Ag111_35207ad13f/beef_vdw,False,False,True,
Ag111,formate,pbe,-1.98,,-2.514,refs unverified,available,,False,False,False,/kfs3/scratch/jcho5/goad-global-optimization/poscar/best/Ag111_formate/singlepoint/beef_vdw/fully_relaxed/CONTCAR
Ag111,formate,pbe_d3,-1.98,,-2.682,refs unverified,available,,False,False,False,/kfs3/scratch/jcho5/goad-global-optimization/poscar/best/Ag111_formate/singlepoint/beef_vdw/fully_relaxed/CONTCAR
Ag111,formate,r2scan,-1.98,,-3.001,refs unverified,available,,False,False,False,/kfs3/scratch/jcho5/goad-global-optimization/poscar/best/Ag111_formate/singlepoint/beef_vdw/fully_relaxed/CONTCAR
Ag111,formate,beef_vdw,-1.98,,-2.904,no matching Perlmutter calculation,available,,False,False,False,/kfs3/scratch/jcho5/goad-global-optimization/poscar/best/Ag111_formate/singlepoint/beef_vdw/fully_relaxed/CONTCAR
Ag111,formic_acid,pbe,-0.34,-0.12,-0.081,available,available,/pscratch/sd/j/jcho5/VASP/completion_runs/matched_potential_slabs_20260915/slab/Ag111_61964c781c/pbe,False,False,True,
Ag111,formic_acid,pbe_d3,-0.34,-0.425,-0.185,available,available,/pscratch/sd/j/jcho5/VASP/completion_runs/matched_potential_slabs_20260915/slab/Ag111_71d4cd48c4/pbe_d3,False,False,True,
Ag111,formic_acid,r2scan,-0.34,,-0.048,refs unverified,available,,False,False,True,
Ag111,formic_acid,beef_vdw,-0.34,-0.356,-0.346,available,available,/pscratch/sd/j/jcho5/VASP/completion_runs/matched_potential_slabs_20260915/slab/Ag111_35207ad13f/beef_vdw,False,False,True,
Ag111,glycerol,pbe,-0.58,,-0.139,refs unverified,available,,False,False,True,
Ag111,glycerol,pbe_d3,-0.58,,-0.498,refs unverified,available,,False,False,True,
Ag111,glycerol,r2scan,-0.58,,-0.214,refs unverified,available,,False,False,True,
Ag111,glycerol,beef_vdw,-0.58,,,no matching Perlmutter calculation,no matching Perlmutter calculation; check Kestrel sources,,False,False,True,
Ag111,isopropanol,pbe,-0.41,,-0.065,refs unverified,available,,False,False,True,
Ag111,isopropanol,pbe_d3,-0.41,,-0.272,refs unverified,available,,False,False,True,
Ag111,isopropanol,r2scan,-0.41,,-0.072,refs unverified,available,,False,False,True,
Ag111,isopropanol,beef_vdw,-0.41,,-0.475,no matching Perlmutter calculation,available,,False,False,True,
Ag111,methane,pbe,-0.39,-0.011,0.027,available,available,/pscratch/sd/j/jcho5/VASP/completion_runs/matched_potential_slabs_20260915/slab/Ag111_61964c781c/pbe,False,False,True,
Ag111,methane,pbe_d3,-0.39,-0.151,0.039,available,available,/pscratch/sd/j/jcho5/VASP/completion_runs/matched_potential_slabs_20260915/slab/Ag111_71d4cd48c4/pbe_d3,False,False,True,
Ag111,methane,r2scan,-0.39,,0.123,refs unverified,available,/pscratch/sd/j/jcho5/VASP/completion_runs/matched_potential_slabs_20260915/slab/Ag111_f9365ca685/r2scan,False,False,True,
Ag111,methane,beef_vdw,-0.39,-0.194,-0.192,available,available,/pscratch/sd/j/jcho5/VASP/completion_runs/matched_potential_slabs_20260915/slab/Ag111_35207ad13f/beef_vdw,False,False,True,
Ag111,methanol,pbe,-0.33,-0.098,-0.068,available,available,/pscratch/sd/j/jcho5/VASP/completion_runs/matched_potential_slabs_20260915/slab/Ag111_61964c781c/pbe,False,False,True,
Ag111,methanol,pbe_d3,-0.33,-0.378,-0.136,available,available,/pscratch/sd/j/jcho5/VASP/completion_runs/matched_potential_slabs_20260915/slab/Ag111_71d4cd48c4/pbe_d3,False,False,True,
Ag111,methanol,r2scan,-0.33,,-0.046,refs unverified,available,/pscratch/sd/j/jcho5/VASP/completion_runs/matched_potential_slabs_20260915/slab/Ag111_f9365ca685/r2scan,False,False,True,
Ag111,methanol,beef_vdw,-0.33,-0.339,-0.331,available,available,/pscratch/sd/j/jcho5/VASP/completion_runs/matched_potential_slabs_20260915/slab/Ag111_35207ad13f/beef_vdw,False,False,True,
Ag111,propane,pbe,-0.28,,0.011,refs unverified,available,,False,False,True,
Ag111,propane,pbe_d3,-0.28,,-0.133,refs unverified,available,,False,False,True,
Ag111,propane,r2scan,-0.28,,0.078,refs unverified,available,,False,False,True,
Ag111,propane,beef_vdw,-0.28,,-0.367,no matching Perlmutter calculation,available,,False,False,True,
Ag111,propanol,pbe,-0.39,,,refs unverified,refs unverified,,False,False,True,
Ag111,propanol,pbe_d3,-0.39,,,refs unverified,refs unverified,,False,False,True,
Ag111,propanol,r2scan,-0.39,,,refs unverified,refs unverified,,False,False,True,
Ag111,propanol,beef_vdw,-0.39,,,no matching Perlmutter calculation,refs unverified,,False,False,True,
Ag111,propene,pbe,-0.18,,-0.01,refs unverified,available,,False,False,True,
Ag111,propene,pbe_d3,-0.18,,-0.128,refs unverified,available,,False,False,True,
Ag111,propene,r2scan,-0.18,,0.049,refs unverified,available,,False,False,True,
Ag111,propene,beef_vdw,-0.18,,-0.349,no matching Perlmutter calculation,available,,False,False,True,
Au111,CH3,pbe,-1.79,-1.279,-1.233,available,available,,False,False,True,
Au111,CH3,pbe_d3,-1.79,-1.48,-1.289,available,available,,False,False,True,
Au111,CH3,r2scan,-1.79,-1.196,-1.052,available,available,,False,False,True,
Au111,CH3,beef_vdw,-1.79,-1.409,-1.365,available,available,,False,False,True,
Au111,CO,pbe,-0.59,-0.127,-0.071,available,available,,False,False,True,
Au111,CO,pbe_d3,-0.59,-0.289,-0.074,available,available,,False,False,True,
Au111,CO,r2scan,-0.59,,0.046,refs unverified,available,,False,False,True,
Au111,CO,beef_vdw,-0.59,-0.042,0.022,available,available,,False,False,True,
Au111,CO2,pbe,-0.4,,,refs unverified,refs unverified,,False,False,True,
Au111,CO2,pbe_d3,-0.4,,,unconverged,reference_unavailable,,False,False,True,
Au111,CO2,r2scan,-0.4,,,refs unverified,refs unverified,,False,False,True,
Au111,CO2,beef_vdw,-0.4,,,unconverged,refs unverified,,False,False,True,
Au111,DME,pbe,-0.16,-0.046,0.07,available,available,/pscratch/sd/j/jcho5/VASP/completion_runs/dme_references_davidson_20260915/molecule/DME/PBE,False,False,True,
Au111,DME,pbe_d3,-0.16,-0.481,0.057,available,available,/pscratch/sd/j/jcho5/VASP/completion_runs/dme_references_davidson_20260915/molecule/DME/PBE_D3,False,False,True,
Au111,DME,r2scan,-0.16,,0.193,refs unverified,available,,False,False,True,
Au111,DME,beef_vdw,-0.16,-0.382,-0.375,available,available,,False,False,True,
Au111,H2,pbe,-0.24,,0.134,refs unverified,available,,False,False,False,/kfs3/scratch/jcho5/goad-global-optimization/poscar/best/Au111_H2/singlepoint/PBE/fully_relaxed/CONTCAR
Au111,H2,pbe_d3,-0.24,,0.31,refs unverified,available,,False,False,False,/kfs3/scratch/jcho5/goad-global-optimization/poscar/best/Au111_H2/singlepoint/PBE/fully_relaxed/CONTCAR
Au111,H2,r2scan,-0.24,,0.301,refs unverified,available,,False,False,False,/kfs3/scratch/jcho5/goad-global-optimization/poscar/best/Au111_H2/singlepoint/PBE/fully_relaxed/CONTCAR
Au111,H2,beef_vdw,-0.24,,-0.062,no matching Perlmutter calculation,available,,False,False,False,/kfs3/scratch/jcho5/goad-global-optimization/poscar/best/Au111_H2/singlepoint/PBE/fully_relaxed/CONTCAR
Au111,H2O,pbe,-0.51,-0.041,0.076,available,available,,False,False,True,
Au111,H2O,pbe_d3,-0.51,-0.301,0.155,available,available,,False,False,True,
Au111,H2O,r2scan,-0.51,,0.193,refs unverified,available,,False,False,True,
Au111,H2O,beef_vdw,-0.51,-0.175,-0.17,available,available,,False,False,True,
Au111,H2S,pbe,-0.41,-0.144,0.067,available,available,,False,False,True,
Au111,H2S,pbe_d3,-0.41,-0.54,-0.004,available,available,,False,False,True,
Au111,H2S,r2scan,-0.41,,0.155,slab_mismatch,available,,False,False,True,
Au111,H2S,beef_vdw,-0.41,-0.338,-0.269,available,available,,False,False,True,
Au111,N2,pbe,-0.09,-0.007,0.12,available,available,,False,False,True,
Au111,N2,pbe_d3,-0.09,-0.099,0.283,available,available,,False,False,True,
Au111,N2,r2scan,-0.09,,0.292,refs unverified,available,,False,False,True,
Au111,N2,beef_vdw,-0.09,-0.145,-0.138,available,available,,False,False,True,
Au111,NH3,pbe,-0.54,-0.057,0.06,available,available,,False,False,True,
Au111,NH3,pbe_d3,-0.54,-0.306,0.081,available,available,,False,False,True,
Au111,NH3,r2scan,-0.54,,0.164,refs unverified,available,,False,False,True,
Au111,NH3,beef_vdw,-0.54,-0.223,-0.216,available,available,,False,False,True,
Au111,NO,pbe,-0.68,-0.658,-0.577,available,available,,False,False,True,
Au111,NO,pbe_d3,-0.68,-0.861,-0.564,available,available,,False,False,True,
Au111,NO,r2scan,-0.68,,,refs unverified,reference_unavailable,,False,False,True,
Au111,NO,beef_vdw,-0.68,-7.431,-7.382,available; energy review,available; energy review,,True,True,True,
Au111,O2,pbe,-0.15,,,refs unverified,no matching Perlmutter calculation; check Kestrel sources,,False,False,False,/kfs3/scratch/jcho5/goad-global-optimization/poscar/best/Au111_O2/singlepoint/PBE/fully_relaxed/CONTCAR
Au111,O2,pbe_d3,-0.15,,,no matching Perlmutter calculation,no matching Perlmutter calculation; check Kestrel sources,,False,False,False,/kfs3/scratch/jcho5/goad-global-optimization/poscar/best/Au111_O2/singlepoint/PBE/fully_relaxed/CONTCAR
Au111,O2,r2scan,-0.15,,,no matching Perlmutter calculation,no matching Perlmutter calculation; check Kestrel sources,,False,False,False,/kfs3/scratch/jcho5/goad-global-optimization/poscar/best/Au111_O2/singlepoint/PBE/fully_relaxed/CONTCAR
Au111,O2,beef_vdw,-0.15,,,no matching Perlmutter calculation,no matching Perlmutter calculation; check Kestrel sources,,False,False,False,/kfs3/scratch/jcho5/goad-global-optimization/poscar/best/Au111_O2/singlepoint/PBE/fully_relaxed/CONTCAR
Au111,SO2,pbe,-0.26,-0.054,0.055,available,available,,False,False,True,
Au111,SO2,pbe_d3,-0.26,-0.526,-0.039,available,available,,False,False,True,
Au111,SO2,r2scan,-0.26,,0.135,slab_mismatch,available,,False,False,True,
Au111,SO2,beef_vdw,-0.26,-0.401,-0.366,available,available,,False,False,True,
Au111,acetaldehyde,pbe,-0.27,-0.051,0.071,available,available,,False,False,True,
Au111,acetaldehyde,pbe_d3,-0.27,-0.396,0.015,available,available,,False,False,True,
Au111,acetaldehyde,r2scan,-0.27,,0.145,refs unverified,available,,False,False,True,
Au111,acetaldehyde,beef_vdw,-0.27,-0.366,-0.356,available,available,,False,False,True,
Au111,acetic_acid,pbe,-0.36,,,slab_mismatch,reference_unavailable,,False,False,True,
Au111,acetic_acid,pbe_d3,-0.36,,,slab_mismatch,reference_unavailable,,False,False,True,
Au111,acetic_acid,r2scan,-0.36,,0.045,refs unverified,available,,False,False,True,
Au111,acetic_acid,beef_vdw,-0.36,-0.418,-0.407,available,available,,False,False,True,
Au111,ethane,pbe,-0.24,-0.014,0.108,available,available,,False,False,True,
Au111,ethane,pbe_d3,-0.24,-0.287,0.067,available,available,,False,False,True,
Au111,ethane,r2scan,-0.24,,0.211,refs unverified,available,,False,False,True,
Au111,ethane,beef_vdw,-0.24,-0.316,-0.31,available,available,,False,False,True,
Au111,ethanol,pbe,-0.28,-0.062,0.057,available,available,,False,False,True,
Au111,ethanol,pbe_d3,-0.28,-0.488,0.012,available,available,,False,False,True,
Au111,ethanol,r2scan,-0.28,,0.146,refs unverified,available,,False,False,True,
Au111,ethanol,beef_vdw,-0.28,-0.394,-0.384,available,available,,False,False,True,
Au111,ethene,pbe,-0.19,-0.034,0.089,available,available,,False,False,True,
Au111,ethene,pbe_d3,-0.19,-0.447,0.051,available,available,,False,False,True,
Au111,ethene,r2scan,-0.19,,0.178,refs unverified,available,,False,False,True,
Au111,ethene,beef_vdw,-0.19,-0.355,-0.32,available,available,,False,False,True,
Au111,formaldehyde,pbe,-0.21,-0.068,0.048,available,available,,False,False,True,
Au111,formaldehyde,pbe_d3,-0.21,-0.339,0.091,available,available,,False,False,True,
Au111,formaldehyde,r2scan,-0.21,,0.16,slab_mismatch,available,,False,False,True,
Au111,formaldehyde,beef_vdw,-0.21,,-0.285,slab_mismatch,available,,False,False,True,
Au111,formate,pbe,-1.47,,-2.158,refs unverified,available,,False,False,False,/kfs3/scratch/jcho5/goad-global-optimization/poscar/best/Au111_formate/singlepoint/PBE/fully_relaxed/CONTCAR
Au111,formate,pbe_d3,-1.47,,-2.322,refs unverified,available,,False,False,False,/kfs3/scratch/jcho5/goad-global-optimization/poscar/best/Au111_formate/singlepoint/PBE/fully_relaxed/CONTCAR
Au111,formate,r2scan,-1.47,,-2.542,refs unverified,available,,False,False,False,/kfs3/scratch/jcho5/goad-global-optimization/poscar/best/Au111_formate/singlepoint/PBE/fully_relaxed/CONTCAR
Au111,formate,beef_vdw,-1.47,,-2.567,no matching Perlmutter calculation,available,,False,False,False,/kfs3/scratch/jcho5/goad-global-optimization/poscar/best/Au111_formate/singlepoint/PBE/fully_relaxed/CONTCAR
Au111,formic_acid,pbe,-0.37,-0.099,0.021,available,available,,False,False,True,
Au111,formic_acid,pbe_d3,-0.37,-0.456,-0.012,available,available,,False,False,True,
Au111,formic_acid,r2scan,-0.37,,0.108,refs unverified,available,,False,False,True,
Au111,formic_acid,beef_vdw,-0.37,-0.382,-0.346,available,available,,False,False,True,
Au111,glycerol,pbe,-0.59,,,refs unverified,refs unverified,,False,False,True,
Au111,glycerol,pbe_d3,-0.59,,,refs unverified,refs unverified,,False,False,True,
Au111,glycerol,r2scan,-0.59,,,refs unverified,refs unverified,,False,False,True,
Au111,glycerol,beef_vdw,-0.59,,,no matching Perlmutter calculation,refs unverified,,False,False,True,
Au111,isopropanol,pbe,-0.33,,,refs unverified,refs unverified,,False,False,True,
Au111,isopropanol,pbe_d3,-0.33,,,refs unverified,refs unverified,,False,False,True,
Au111,isopropanol,r2scan,-0.33,,,refs unverified,refs unverified,,False,False,True,
Au111,isopropanol,beef_vdw,-0.33,,,no matching Perlmutter calculation,refs unverified,,False,False,True,
Au111,methane,pbe,-0.37,-0.005,0.129,available,available,,False,False,True,
Au111,methane,pbe_d3,-0.37,-0.197,0.176,available,available,,False,False,True,
Au111,methane,r2scan,-0.37,,0.248,refs unverified,available,,False,False,True,
Au111,methane,beef_vdw,-0.37,-0.214,-0.206,available,available,,False,False,True,
Au111,methanol,pbe,-0.26,-0.06,0.061,available,available,,False,False,True,
Au111,methanol,pbe_d3,-0.26,-0.333,0.079,available,available,,False,False,True,
Au111,methanol,r2scan,-0.26,,0.181,refs unverified,available,,False,False,True,
Au111,methanol,beef_vdw,-0.26,-0.306,-0.297,available,available,,False,False,True,
Au111,propane,pbe,-0.24,,,refs unverified,refs unverified,,False,False,True,
Au111,propane,pbe_d3,-0.24,,,refs unverified,refs unverified,,False,False,True,
Au111,propane,r2scan,-0.24,,,refs unverified,refs unverified,,False,False,True,
Au111,propane,beef_vdw,-0.24,,,no matching Perlmutter calculation,refs unverified,,False,False,True,
Au111,propanol,pbe,-0.32,,0.221,refs unverified,available,,False,False,True,
Au111,propanol,pbe_d3,-0.32,,-0.025,refs unverified,available,,False,False,True,
Au111,propanol,r2scan,-0.32,,0.26,refs unverified,available,,False,False,True,
Au111,propanol,beef_vdw,-0.32,,-0.418,no matching Perlmutter calculation,available,,False,False,True,
Au111,propene,pbe,-0.2,,,refs unverified,refs unverified,,False,False,True,
Au111,propene,pbe_d3,-0.2,,,refs unverified,refs unverified,,False,False,True,
Au111,propene,r2scan,-0.2,,,refs unverified,refs unverified,,False,False,True,
Au111,propene,beef_vdw,-0.2,,,no matching Perlmutter calculation,refs unverified,,False,False,True,
Cu100,CH3,pbe,-1.95,-1.255,-1.249,available,available,,False,False,True,
Cu100,CH3,pbe_d3,-1.95,-1.646,-1.51,available,available,,False,False,True,
Cu100,CH3,r2scan,-1.95,,-0.998,unconverged,available,,False,False,True,
Cu100,CH3,beef_vdw,-1.95,,,refs unverified,refs unverified,,False,False,True,
Cu100,CO,pbe,-1.19,-0.781,-0.775,available,available,,False,False,True,
Cu100,CO,pbe_d3,-1.19,-1.027,-0.912,available,available,,False,False,True,
Cu100,CO,r2scan,-1.19,,-0.643,refs unverified,available,,False,False,True,
Cu100,CO,beef_vdw,-1.19,,,refs unverified,refs unverified,,False,False,True,
Cu100,CO2,pbe,-0.36,-0.032,-0.019,available,available,,False,False,True,
Cu100,CO2,pbe_d3,-0.36,,,unconverged,reference_unavailable,,False,False,True,
Cu100,CO2,r2scan,-0.36,,0.122,refs unverified,available,,False,False,True,
Cu100,CO2,beef_vdw,-0.36,,,refs unverified,refs unverified,,False,False,True,
Cu100,DME,pbe,-0.27,-0.15,-0.134,available,available,/pscratch/sd/j/jcho5/VASP/completion_runs/dme_references_davidson_20260915/molecule/DME/PBE,False,False,True,
Cu100,DME,pbe_d3,-0.27,-0.651,-0.44,available,available,/pscratch/sd/j/jcho5/VASP/completion_runs/dme_references_davidson_20260915/molecule/DME/PBE_D3,False,False,True,
Cu100,DME,r2scan,-0.27,,-0.043,refs unverified,available,,False,False,True,
Cu100,DME,beef_vdw,-0.27,,,refs unverified,refs unverified,,False,False,True,
Cu100,H2O,pbe,-0.57,-0.246,-0.227,available,available,,False,False,True,
Cu100,H2O,pbe_d3,-0.57,-0.476,-0.395,available,available,,False,False,True,
Cu100,H2O,r2scan,-0.57,,-0.154,refs unverified,available,,False,False,True,
Cu100,H2O,beef_vdw,-0.57,,,refs unverified,refs unverified,,False,False,True,
Cu100,H2S,pbe,-0.47,-0.271,-0.243,available,available,,False,False,True,
Cu100,H2S,pbe_d3,-0.47,-0.719,-0.581,available,available,,False,False,True,
Cu100,H2S,r2scan,-0.47,,-0.112,unconverged,available,,False,False,True,
Cu100,H2S,beef_vdw,-0.47,,,refs unverified,refs unverified,,False,False,True,
Cu100,N2,pbe,-0.07,-0.018,-0.003,available,available,,False,False,True,
Cu100,N2,pbe_d3,-0.07,-0.099,-0.054,available,available,,False,False,True,
Cu100,N2,r2scan,-0.07,,0.181,unconverged,available,,False,False,True,
Cu100,N2,beef_vdw,-0.07,,,refs unverified,refs unverified,,False,False,True,
Cu100,NH3,pbe,-0.9,-0.571,-0.556,available,available,,False,False,True,
Cu100,NH3,pbe_d3,-0.9,-0.903,-0.83,available,available,,False,False,True,
Cu100,NH3,r2scan,-0.9,,-0.499,unconverged,available,,False,False,True,
Cu100,NH3,beef_vdw,-0.9,,,unconverged,complex_unconverged,,False,False,True,
Cu100,NO,pbe,-1.48,-1.769,-1.764,available,available,,False,False,True,
Cu100,NO,pbe_d3,-1.48,-1.988,-1.884,available,available,,False,False,True,
Cu100,NO,r2scan,-1.48,,,unconverged,reference_unavailable,,False,False,True,
Cu100,NO,beef_vdw,-1.48,,,unconverged,refs unverified,,False,False,True,
Cu100,SO2,pbe,-1.09,-0.817,-0.788,available,available,,False,False,True,
Cu100,SO2,pbe_d3,-1.09,-1.329,-1.179,available,available,,False,False,True,
Cu100,SO2,r2scan,-1.09,,-1.068,unconverged,available,,False,False,True,
Cu100,SO2,beef_vdw,-1.09,,,refs unverified,refs unverified,,False,False,True,
Cu100,acetaldehyde,pbe,-0.6,-0.209,-0.173,available,available,,False,False,True,
Cu100,acetaldehyde,pbe_d3,-0.6,-0.487,-0.401,available,available,,False,False,True,
Cu100,acetaldehyde,r2scan,-0.6,,-0.154,refs unverified,available,,False,False,True,
Cu100,acetaldehyde,beef_vdw,-0.6,,,unconverged,complex_unconverged,,False,False,True,
Cu100,acetic_acid,pbe,-0.75,,,unconverged,reference_unavailable,,False,False,True,
Cu100,acetic_acid,pbe_d3,-0.75,,,unconverged,refs unverified,,False,False,True,
Cu100,acetic_acid,r2scan,-0.75,,-0.297,refs unverified,available,,False,False,True,
Cu100,acetic_acid,beef_vdw,-0.75,,,refs unverified,refs unverified,,False,False,True,
Cu100,ethane,pbe,-0.32,-0.014,-0.001,available,available,,False,False,True,
Cu100,ethane,pbe_d3,-0.32,-0.367,-0.279,available,available,,False,False,True,
Cu100,ethane,r2scan,-0.32,,0.131,refs unverified,available,,False,False,True,
Cu100,ethane,beef_vdw,-0.32,,,refs unverified,refs unverified,/pscratch/sd/j/jcho5/VASP/completion_runs/site_gapfill_20260914/slab/C2H4_Cu100/beef_vdw,False,False,True,
Cu100,ethanol,pbe,-0.5,-0.237,-0.221,available,available,,False,False,True,
Cu100,ethanol,pbe_d3,-0.5,-0.728,-0.606,available,available,,False,False,True,
Cu100,ethanol,r2scan,-0.5,,-0.205,refs unverified,available,,False,False,True,
Cu100,ethanol,beef_vdw,-0.5,,,refs unverified,refs unverified,,False,False,True,
Cu100,ethene,pbe,-0.47,-0.172,-0.093,available,available,,False,False,True,
Cu100,ethene,pbe_d3,-0.47,-0.736,-0.536,available,available,,False,False,True,
Cu100,ethene,r2scan,-0.47,,-0.088,refs unverified,available,,False,False,True,
Cu100,ethene,beef_vdw,-0.47,,,refs unverified,refs unverified,/pscratch/sd/j/jcho5/VASP/completion_runs/site_gapfill_20260914/slab/C2H4_Cu100/beef_vdw,False,False,True,
Cu100,formaldehyde,pbe,-0.44,-0.168,-0.125,available,available,,False,False,True,
Cu100,formaldehyde,pbe_d3,-0.44,-0.434,-0.332,available,available,,False,False,True,
Cu100,formaldehyde,r2scan,-0.44,,-0.089,unconverged,available,,False,False,True,
Cu100,formaldehyde,beef_vdw,-0.44,,,refs unverified,refs unverified,,False,False,True,
Cu100,formic_acid,pbe,-0.53,-0.275,-0.25,available,available,,False,False,True,
Cu100,formic_acid,pbe_d3,-0.53,-0.623,-0.506,available,available,,False,False,True,
Cu100,formic_acid,r2scan,-0.53,,-0.206,refs unverified,available,,False,False,True,
Cu100,formic_acid,beef_vdw,-0.53,,,refs unverified,refs unverified,,False,False,True,
Cu100,methane,pbe,-0.42,-0.016,-0.002,available,available,,False,False,True,
Cu100,methane,pbe_d3,-0.42,-0.21,-0.163,available,available,,False,False,True,
Cu100,methane,r2scan,-0.42,-0.033,0.147,available,available,,False,False,True,
Cu100,methane,beef_vdw,-0.42,,,refs unverified,refs unverified,,False,False,True,
Cu100,methanol,pbe,-0.47,-0.247,-0.23,available,available,,False,False,True,
Cu100,methanol,pbe_d3,-0.47,-0.591,-0.479,available,available,,False,False,True,
Cu100,methanol,r2scan,-0.47,,-0.191,refs unverified,available,,False,False,True,
Cu100,methanol,beef_vdw,-0.47,,,refs unverified,refs unverified,,False,False,True,
Cu110,CH3,pbe,-2.27,,,refs unverified,potential mismatch,,False,False,True,
Cu110,CH3,pbe_d3,-2.27,,,refs unverified,potential mismatch,,False,False,True,
Cu110,CH3,r2scan,-2.27,,,refs unverified,potential mismatch,,False,False,True,
Cu110,CH3,beef_vdw,-2.27,,,potential_mismatch,potential mismatch,,False,False,True,
Cu110,CO,pbe,-1.35,,,refs unverified,potential mismatch,,False,False,True,
Cu110,CO,pbe_d3,-1.35,,,refs unverified,potential mismatch,,False,False,True,
Cu110,CO,r2scan,-1.35,,,refs unverified,potential mismatch,,False,False,True,
Cu110,CO,beef_vdw,-1.35,,,potential_mismatch,potential mismatch,,False,False,True,
Cu110,CO2,pbe,-0.41,,,refs unverified,potential mismatch,,False,False,True,
Cu110,CO2,pbe_d3,-0.41,,,potential_mismatch,reference_unavailable,,False,False,True,
Cu110,CO2,r2scan,-0.41,,,refs unverified,potential mismatch,,False,False,True,
Cu110,CO2,beef_vdw,-0.41,,,potential_mismatch,potential mismatch,,False,False,True,
Cu110,DME,pbe,-0.34,,,refs unverified,potential mismatch,/pscratch/sd/j/jcho5/VASP/completion_runs/dme_references_davidson_20260915/molecule/DME/PBE,False,False,True,
Cu110,DME,pbe_d3,-0.34,,,potential_mismatch,potential mismatch,/pscratch/sd/j/jcho5/VASP/completion_runs/dme_references_davidson_20260915/molecule/DME/PBE_D3,False,False,True,
Cu110,DME,r2scan,-0.34,,,refs unverified,potential mismatch,,False,False,True,
Cu110,DME,beef_vdw,-0.34,,,potential_mismatch,potential mismatch,,False,False,True,
Cu110,H2O,pbe,-0.71,,,refs unverified,potential mismatch,,False,False,True,
Cu110,H2O,pbe_d3,-0.71,,,refs unverified,potential mismatch,,False,False,True,
Cu110,H2O,r2scan,-0.71,,,refs unverified,potential mismatch,,False,False,True,
Cu110,H2O,beef_vdw,-0.71,,,potential_mismatch,potential mismatch,,False,False,True,
Cu110,H2S,pbe,-0.61,,,refs unverified,potential mismatch,,False,False,True,
Cu110,H2S,pbe_d3,-0.61,,,refs unverified,potential mismatch,,False,False,True,
Cu110,H2S,r2scan,-0.61,,,refs unverified,potential mismatch,,False,False,True,
Cu110,H2S,beef_vdw,-0.61,,,potential_mismatch,potential mismatch,,False,False,True,
Cu110,N2,pbe,-0.25,,,refs unverified,potential mismatch,,False,False,True,
Cu110,N2,pbe_d3,-0.25,,,refs unverified,potential mismatch,,False,False,True,
Cu110,N2,r2scan,-0.25,,,refs unverified,potential mismatch,,False,False,True,
Cu110,N2,beef_vdw,-0.25,,,potential_mismatch,potential mismatch,,False,False,True,
Cu110,NH3,pbe,-1.05,,,refs unverified,potential mismatch,,False,False,True,
Cu110,NH3,pbe_d3,-1.05,,,refs unverified,potential mismatch,,False,False,True,
Cu110,NH3,r2scan,-1.05,,,refs unverified,potential mismatch,,False,False,True,
Cu110,NH3,beef_vdw,-1.05,,,potential_mismatch,potential mismatch,,False,False,True,
Cu110,NO,pbe,-1.57,,,refs unverified,potential mismatch,,False,False,True,
Cu110,NO,pbe_d3,-1.57,,,refs unverified,potential mismatch,,False,False,True,
Cu110,NO,r2scan,-1.57,,,potential_mismatch,reference_unavailable,,False,False,True,
Cu110,NO,beef_vdw,-1.57,,,potential_mismatch,potential mismatch,,False,False,True,
Cu110,SO2,pbe,-1.33,,,refs unverified,potential mismatch,,False,False,True,
Cu110,SO2,pbe_d3,-1.33,,,refs unverified,potential mismatch,,False,False,True,
Cu110,SO2,r2scan,-1.33,,,potential_mismatch,potential mismatch,,False,False,True,
Cu110,SO2,beef_vdw,-1.33,,,potential_mismatch,potential mismatch,,False,False,True,
Cu110,acetaldehyde,pbe,-0.75,,,refs unverified,potential mismatch,,False,False,True,
Cu110,acetaldehyde,pbe_d3,-0.75,,,refs unverified,potential mismatch,,False,False,True,
Cu110,acetaldehyde,r2scan,-0.75,,,refs unverified,potential mismatch,,False,False,True,
Cu110,acetaldehyde,beef_vdw,-0.75,,,potential_mismatch,potential mismatch,,False,False,True,
Cu110,acetic_acid,pbe,-0.86,,,potential_mismatch,reference_unavailable,,False,False,True,
Cu110,acetic_acid,pbe_d3,-0.86,,,potential_mismatch,reference_unavailable,,False,False,True,
Cu110,acetic_acid,r2scan,-0.86,,,refs unverified,potential mismatch,,False,False,True,
Cu110,acetic_acid,beef_vdw,-0.86,,,potential_mismatch,potential mismatch,,False,False,True,
Cu110,ethane,pbe,-0.43,,,refs unverified,potential mismatch,,False,False,True,
Cu110,ethane,pbe_d3,-0.43,,,refs unverified,potential mismatch,,False,False,True,
Cu110,ethane,r2scan,-0.43,,,refs unverified,potential mismatch,,False,False,True,
Cu110,ethane,beef_vdw,-0.43,,,potential_mismatch,potential mismatch,,False,False,True,
Cu110,ethene,pbe,-0.81,,,refs unverified,potential mismatch,,False,False,True,
Cu110,ethene,pbe_d3,-0.81,,,refs unverified,potential mismatch,,False,False,True,
Cu110,ethene,r2scan,-0.81,,,refs unverified,potential mismatch,,False,False,True,
Cu110,ethene,beef_vdw,-0.81,,,potential_mismatch,potential mismatch,,False,False,True,
Cu110,formaldehyde,pbe,-0.62,,,refs unverified,potential mismatch,,False,False,True,
Cu110,formaldehyde,pbe_d3,-0.62,,,refs unverified,potential mismatch,,False,False,True,
Cu110,formaldehyde,r2scan,-0.62,,,refs unverified,potential mismatch,,False,False,True,
Cu110,formaldehyde,beef_vdw,-0.62,,,potential_mismatch,potential mismatch,,False,False,True,
Cu110,formic_acid,pbe,-0.69,,,refs unverified,potential mismatch,,False,False,True,
Cu110,formic_acid,pbe_d3,-0.69,,,refs unverified,potential mismatch,,False,False,True,
Cu110,formic_acid,r2scan,-0.69,,,refs unverified,potential mismatch,,False,False,True,
Cu110,formic_acid,beef_vdw,-0.69,,,potential_mismatch,potential mismatch,,False,False,True,
Cu110,glycerol,pbe,-1.07,,,no matching Perlmutter calculation,refs unverified,,False,False,True,
Cu110,glycerol,pbe_d3,-1.07,,,refs unverified,refs unverified,,False,False,True,
Cu110,glycerol,r2scan,-1.07,,,refs unverified,refs unverified,,False,False,True,
Cu110,glycerol,beef_vdw,-1.07,,,no matching Perlmutter calculation,refs unverified,,False,False,True,
Cu110,isopropanol,pbe,-0.72,,,no matching Perlmutter calculation,potential mismatch,,False,False,True,
Cu110,isopropanol,pbe_d3,-0.72,,,refs unverified,potential mismatch,,False,False,True,
Cu110,isopropanol,r2scan,-0.72,,,no matching Perlmutter calculation,potential mismatch,,False,False,True,
Cu110,isopropanol,beef_vdw,-0.72,,,no matching Perlmutter calculation,potential mismatch,,False,False,True,
Cu110,methane,pbe,-0.5,,,refs unverified,potential mismatch,,False,False,True,
Cu110,methane,pbe_d3,-0.5,,,refs unverified,potential mismatch,,False,False,True,
Cu110,methane,r2scan,-0.5,,,refs unverified,potential mismatch,,False,False,True,
Cu110,methane,beef_vdw,-0.5,,,potential_mismatch,potential mismatch,,False,False,True,
Cu110,methanol,pbe,-0.59,,,refs unverified,potential mismatch,,False,False,True,
Cu110,methanol,pbe_d3,-0.59,,,refs unverified,potential mismatch,,False,False,True,
Cu110,methanol,r2scan,-0.59,,,refs unverified,potential mismatch,,False,False,True,
Cu110,methanol,beef_vdw,-0.59,,,potential_mismatch,potential mismatch,,False,False,True,
Cu110,propanol,pbe,-0.69,,,no matching Perlmutter calculation,potential mismatch,,False,False,True,
Cu110,propanol,pbe_d3,-0.69,,,refs unverified,potential mismatch,,False,False,True,
Cu110,propanol,r2scan,-0.69,,,no matching Perlmutter calculation,potential mismatch,,False,False,True,
Cu110,propanol,beef_vdw,-0.69,,,no matching Perlmutter calculation,potential mismatch,,False,False,True,
Cu110,propene,pbe,-0.64,,,no matching Perlmutter calculation,potential mismatch,,False,False,True,
Cu110,propene,pbe_d3,-0.64,,,refs unverified,potential mismatch,,False,False,True,
Cu110,propene,r2scan,-0.64,,,no matching Perlmutter calculation,potential mismatch,,False,False,True,
Cu110,propene,beef_vdw,-0.64,,,no matching Perlmutter calculation,potential mismatch,,False,False,True,
Cu111,CH3,pbe,-1.87,-1.302,-1.272,available,available,/pscratch/sd/j/jcho5/VASP/completion_runs/matched_potential_slabs_20260915/slab/Cu111_28f90def6e/pbe,False,False,True,
Cu111,CH3,pbe_d3,-1.87,-1.646,-1.552,available,available,/pscratch/sd/j/jcho5/VASP/completion_runs/matched_potential_slabs_20260915/slab/Cu111_6058af94f0/pbe_d3,False,False,True,
Cu111,CH3,r2scan,-1.87,,-1.076,potential_mismatch,available,/pscratch/sd/j/jcho5/VASP/completion_runs/matched_potential_slabs_20260915/slab/Cu111_96724abedd/r2scan,False,False,True,
Cu111,CH3,beef_vdw,-1.87,-1.342,-1.258,available,available,/pscratch/sd/j/jcho5/VASP/completion_runs/matched_potential_slabs_20260915/slab/Cu111_11f50e50d8/beef_vdw,False,False,True,
Cu111,CO,pbe,-1.24,,-0.916,error,available,,False,False,False,/kfs3/scratch/jcho5/goad-global-optimization/poscar/best/Cu111_CO/singlepoint/PBE/fully_relaxed/CONTCAR
Cu111,CO,pbe_d3,-1.24,,-1.015,refs unverified,available,,False,False,False,/kfs3/scratch/jcho5/goad-global-optimization/poscar/best/Cu111_CO/singlepoint/PBE/fully_relaxed/CONTCAR
Cu111,CO,r2scan,-1.24,,-0.833,refs unverified,available,,False,False,False,/kfs3/scratch/jcho5/goad-global-optimization/poscar/best/Cu111_CO/singlepoint/PBE/fully_relaxed/CONTCAR
Cu111,CO,beef_vdw,-1.24,,-0.737,error,available,,False,False,False,/kfs3/scratch/jcho5/goad-global-optimization/poscar/best/Cu111_CO/singlepoint/PBE/fully_relaxed/CONTCAR
Cu111,CO2,pbe,,,-0.009,error,available,,False,False,True,
Cu111,CO2,pbe_d3,,,,error,reference_unavailable,,False,False,True,
Cu111,CO2,r2scan,,,0.155,error,available,,False,False,True,
Cu111,CO2,beef_vdw,,,-0.169,error,available,,False,False,True,
Cu111,DME,pbe,-0.22,-0.068,-0.047,available,available,/pscratch/sd/j/jcho5/VASP/completion_runs/matched_potential_slabs_20260915/slab/Cu111_28f90def6e/pbe,False,False,True,
Cu111,DME,pbe_d3,-0.22,-0.641,-0.216,available,available,/pscratch/sd/j/jcho5/VASP/completion_runs/dme_references_davidson_20260915/molecule/DME/PBE_D3,False,False,True,
Cu111,DME,r2scan,-0.22,,0.104,potential_mismatch,available,/pscratch/sd/j/jcho5/VASP/completion_runs/matched_potential_slabs_20260915/slab/Cu111_96724abedd/r2scan,False,False,True,
Cu111,DME,beef_vdw,-0.22,-0.442,-0.307,available,available,/pscratch/sd/j/jcho5/VASP/completion_runs/matched_potential_slabs_20260915/slab/Cu111_11f50e50d8/beef_vdw,False,False,True,
Cu111,H2O,pbe,,-0.068,-0.06,available,available,/pscratch/sd/j/jcho5/VASP/completion_runs/matched_potential_slabs_20260915/slab/Cu111_28f90def6e/pbe,False,False,True,
Cu111,H2O,pbe_d3,,-0.408,-0.175,available,available,/pscratch/sd/j/jcho5/VASP/completion_runs/matched_potential_slabs_20260915/slab/Cu111_6058af94f0/pbe_d3,False,False,True,
Cu111,H2O,r2scan,,,0.083,potential_mismatch,available,,False,False,True,
Cu111,H2O,beef_vdw,,-0.181,-0.112,available,available,/pscratch/sd/j/jcho5/VASP/completion_runs/matched_potential_slabs_20260915/slab/Cu111_11f50e50d8/beef_vdw,False,False,True,
Cu111,H2S,pbe,,-0.249,-0.064,available,available,/pscratch/sd/j/jcho5/VASP/completion_runs/matched_potential_slabs_20260915/slab/Cu111_28f90def6e/pbe,False,False,True,
Cu111,H2S,pbe_d3,,-0.739,-0.334,available,available,/pscratch/sd/j/jcho5/VASP/completion_runs/matched_potential_slabs_20260915/slab/Cu111_6058af94f0/pbe_d3,False,False,True,
Cu111,H2S,r2scan,,,0.057,potential_mismatch,available,,False,False,True,
Cu111,H2S,beef_vdw,,-0.356,-0.2,available,available,/pscratch/sd/j/jcho5/VASP/completion_runs/matched_potential_slabs_20260915/slab/Cu111_11f50e50d8/beef_vdw,False,False,True,
Cu111,N2,pbe,,-0.011,0.002,available,available,/pscratch/sd/j/jcho5/VASP/completion_runs/matched_potential_slabs_20260915/slab/Cu111_28f90def6e/pbe,False,False,True,
Cu111,N2,pbe_d3,,-0.088,0.015,available,available,/pscratch/sd/j/jcho5/VASP/completion_runs/matched_potential_slabs_20260915/slab/Cu111_6058af94f0/pbe_d3,False,False,True,
Cu111,N2,r2scan,,,0.203,potential_mismatch,available,,False,False,True,
Cu111,N2,beef_vdw,,-0.132,-0.057,available,available,/pscratch/sd/j/jcho5/VASP/completion_runs/matched_potential_slabs_20260915/slab/Cu111_11f50e50d8/beef_vdw,False,False,True,
Cu111,NH3,pbe,,-0.511,-0.488,available,available,/pscratch/sd/j/jcho5/VASP/completion_runs/matched_potential_slabs_20260915/slab/Cu111_28f90def6e/pbe,False,False,True,
Cu111,NH3,pbe_d3,,-0.866,-0.75,available,available,/pscratch/sd/j/jcho5/VASP/completion_runs/matched_potential_slabs_20260915/slab/Cu111_6058af94f0/pbe_d3,False,False,True,
Cu111,NH3,r2scan,,-0.658,-0.456,available,available,/pscratch/sd/j/jcho5/VASP/completion_runs/matched_potential_slabs_20260915/slab/Cu111_96724abedd/r2scan,False,False,True,
Cu111,NH3,beef_vdw,,-0.614,-0.521,available,available,/pscratch/sd/j/jcho5/VASP/completion_runs/matched_potential_slabs_20260915/slab/Cu111_11f50e50d8/beef_vdw,False,False,True,
Cu111,NO,pbe,-1.41,-1.58,-1.547,available,available,/pscratch/sd/j/jcho5/VASP/completion_runs/matched_potential_slabs_20260915/slab/Cu111_28f90def6e/pbe,False,False,True,
Cu111,NO,pbe_d3,-1.41,-1.783,-1.678,available,available,/pscratch/sd/j/jcho5/VASP/completion_runs/matched_potential_slabs_20260915/slab/Cu111_6058af94f0/pbe_d3,False,False,True,
Cu111,NO,r2scan,-1.41,,,potential_mismatch,reference_unavailable,,False,False,True,
Cu111,NO,beef_vdw,-1.41,-8.119,-8.044,available; energy review,available; energy review,/pscratch/sd/j/jcho5/VASP/completion_runs/matched_potential_slabs_20260915/slab/Cu111_11f50e50d8/beef_vdw,True,True,True,
Cu111,SO2,pbe,,-0.56,-0.52,available,available,/pscratch/sd/j/jcho5/VASP/completion_runs/matched_potential_slabs_20260915/slab/Cu111_28f90def6e/pbe,False,False,True,
Cu111,SO2,pbe_d3,,-1.043,-0.925,available,available,/pscratch/sd/j/jcho5/VASP/completion_runs/matched_potential_slabs_20260915/slab/Cu111_6058af94f0/pbe_d3,False,False,True,
Cu111,SO2,r2scan,,,-0.806,potential_mismatch,available,,False,False,True,
Cu111,SO2,beef_vdw,,-0.751,-0.666,available,available,/pscratch/sd/j/jcho5/VASP/completion_runs/matched_potential_slabs_20260915/slab/Cu111_11f50e50d8/beef_vdw,False,False,True,
Cu111,acetaldehyde,pbe,,-0.164,-0.144,available,available,/pscratch/sd/j/jcho5/VASP/completion_runs/matched_potential_slabs_20260915/slab/Cu111_28f90def6e/pbe,False,False,True,
Cu111,acetaldehyde,pbe_d3,,-0.484,-0.348,available,available,/pscratch/sd/j/jcho5/VASP/completion_runs/matched_potential_slabs_20260915/slab/Cu111_6058af94f0/pbe_d3,False,False,True,
Cu111,acetaldehyde,r2scan,,,-0.123,potential_mismatch,available,/pscratch/sd/j/jcho5/VASP/completion_runs/matched_potential_slabs_20260915/slab/Cu111_96724abedd/r2scan,False,False,True,
Cu111,acetaldehyde,beef_vdw,,-0.413,-0.312,available,available,/pscratch/sd/j/jcho5/VASP/completion_runs/matched_potential_slabs_20260915/slab/Cu111_11f50e50d8/beef_vdw,False,False,True,
Cu111,acetic_acid,pbe,,,,potential_mismatch,reference_unavailable,,False,False,True,
Cu111,acetic_acid,pbe_d3,,,,potential_mismatch,refs unverified,,False,False,True,
Cu111,acetic_acid,r2scan,,,-0.247,potential_mismatch,available,/pscratch/sd/j/jcho5/VASP/completion_runs/matched_potential_slabs_20260915/slab/Cu111_96724abedd/r2scan,False,False,True,
Cu111,acetic_acid,beef_vdw,,-0.517,-0.418,available,available,/pscratch/sd/j/jcho5/VASP/completion_runs/matched_potential_slabs_20260915/slab/Cu111_11f50e50d8/beef_vdw,False,False,True,
Cu111,ethane,pbe,,-0.022,-0.012,available,available,/pscratch/sd/j/jcho5/VASP/completion_runs/matched_potential_slabs_20260915/slab/Cu111_28f90def6e/pbe,False,False,True,
Cu111,ethane,pbe_d3,,-0.421,-0.232,available,available,/pscratch/sd/j/jcho5/VASP/completion_runs/matched_potential_slabs_20260915/slab/Cu111_6058af94f0/pbe_d3,False,False,True,
Cu111,ethane,r2scan,,-0.089,0.128,available,available,/pscratch/sd/j/jcho5/VASP/completion_runs/matched_potential_slabs_20260915/slab/Cu111_96724abedd/r2scan,False,False,True,
Cu111,ethane,beef_vdw,,-0.298,-0.226,available,available,/pscratch/sd/j/jcho5/VASP/completion_runs/matched_potential_slabs_20260915/slab/Cu111_11f50e50d8/beef_vdw,False,False,True,
Cu111,ethanol,pbe,,-0.122,-0.107,available,available,/pscratch/sd/j/jcho5/VASP/completion_runs/matched_potential_slabs_20260915/slab/Cu111_28f90def6e/pbe,False,False,True,
Cu111,ethanol,pbe_d3,,-0.643,-0.36,available,available,/pscratch/sd/j/jcho5/VASP/completion_runs/matched_potential_slabs_20260915/slab/Cu111_6058af94f0/pbe_d3,False,False,True,
Cu111,ethanol,r2scan,,,-0.03,potential_mismatch,available,/pscratch/sd/j/jcho5/VASP/completion_runs/matched_potential_slabs_20260915/slab/Cu111_96724abedd/r2scan,False,False,True,
Cu111,ethanol,beef_vdw,,-0.44,-0.358,available,available,/pscratch/sd/j/jcho5/VASP/completion_runs/matched_potential_slabs_20260915/slab/Cu111_11f50e50d8/beef_vdw,False,False,True,
Cu111,ethene,pbe,,-0.046,-0.032,available,available,/pscratch/sd/j/jcho5/VASP/completion_runs/matched_potential_slabs_20260915/slab/Cu111_28f90def6e/pbe,False,False,True,
Cu111,ethene,pbe_d3,,-0.785,-0.211,available,available,/pscratch/sd/j/jcho5/VASP/completion_runs/matched_potential_slabs_20260915/slab/Cu111_6058af94f0/pbe_d3,False,False,True,
Cu111,ethene,r2scan,,,0.105,potential_mismatch,available,/pscratch/sd/j/jcho5/VASP/completion_runs/matched_potential_slabs_20260915/slab/Cu111_96724abedd/r2scan,False,False,True,
Cu111,ethene,beef_vdw,,-0.319,-0.229,available,available,/pscratch/sd/j/jcho5/VASP/completion_runs/matched_potential_slabs_20260915/slab/Cu111_11f50e50d8/beef_vdw,False,False,True,
Cu111,formaldehyde,pbe,,-0.091,-0.068,available,available,/pscratch/sd/j/jcho5/VASP/completion_runs/matched_potential_slabs_20260915/slab/Cu111_28f90def6e/pbe,False,False,True,
Cu111,formaldehyde,pbe_d3,,-0.406,-0.181,available,available,/pscratch/sd/j/jcho5/VASP/completion_runs/matched_potential_slabs_20260915/slab/Cu111_6058af94f0/pbe_d3,False,False,True,
Cu111,formaldehyde,r2scan,,,0.046,potential_mismatch,available,,False,False,True,
Cu111,formaldehyde,beef_vdw,,-0.328,-0.23,available,available,/pscratch/sd/j/jcho5/VASP/completion_runs/matched_potential_slabs_20260915/slab/Cu111_11f50e50d8/beef_vdw,False,False,True,
Cu111,formic_acid,pbe,,,-0.128,error,available,,False,False,False,/kfs3/scratch/jcho5/goad-global-optimization/poscar/best/Cu111_formic_acid/singlepoint/PBE/fully_relaxed/CONTCAR
Cu111,formic_acid,pbe_d3,,,-0.33,error,available,,False,False,False,/kfs3/scratch/jcho5/goad-global-optimization/poscar/best/Cu111_formic_acid/singlepoint/PBE/fully_relaxed/CONTCAR
Cu111,formic_acid,r2scan,,,-0.017,error,available,,False,False,False,/kfs3/scratch/jcho5/goad-global-optimization/poscar/best/Cu111_formic_acid/singlepoint/PBE/fully_relaxed/CONTCAR
Cu111,formic_acid,beef_vdw,,,-0.303,error,available,,False,False,False,/kfs3/scratch/jcho5/goad-global-optimization/poscar/best/Cu111_formic_acid/singlepoint/PBE/fully_relaxed/CONTCAR
Cu111,isopropanol,pbe,,,-0.132,no matching Perlmutter calculation,available,,False,False,True,
Cu111,isopropanol,pbe_d3,,,-0.515,no matching Perlmutter calculation,available,,False,False,True,
Cu111,isopropanol,r2scan,,,-0.098,no matching Perlmutter calculation,available,,False,False,True,
Cu111,isopropanol,beef_vdw,,,-0.483,no matching Perlmutter calculation,available,,False,False,True,
Cu111,methane,pbe,,-0.012,-0.003,available,available,/pscratch/sd/j/jcho5/VASP/completion_runs/matched_potential_slabs_20260915/slab/Cu111_28f90def6e/pbe,False,False,True,
Cu111,methane,pbe_d3,,-0.276,-0.111,available,available,/pscratch/sd/j/jcho5/VASP/completion_runs/matched_potential_slabs_20260915/slab/Cu111_6058af94f0/pbe_d3,False,False,True,
Cu111,methane,r2scan,,-0.06,0.152,available,available,/pscratch/sd/j/jcho5/VASP/completion_runs/matched_potential_slabs_20260915/slab/Cu111_96724abedd/r2scan,False,False,True,
Cu111,methane,beef_vdw,,-0.204,-0.135,available,available,/pscratch/sd/j/jcho5/VASP/completion_runs/matched_potential_slabs_20260915/slab/Cu111_11f50e50d8/beef_vdw,False,False,True,
Cu111,methanol,pbe,,,-0.155,error,available,/pscratch/sd/j/jcho5/VASP/completion_runs/matched_potential_slabs_20260915/slab/Cu111_28f90def6e/pbe,False,False,False,/kfs3/scratch/jcho5/goad-global-optimization/poscar/best/Cu111_methanol/singlepoint/PBE_D3/fully_relaxed/CONTCAR
Cu111,methanol,pbe_d3,,,-0.369,error,available,/pscratch/sd/j/jcho5/VASP/completion_runs/matched_potential_slabs_20260915/slab/Cu111_6058af94f0/pbe_d3,False,False,False,/kfs3/scratch/jcho5/goad-global-optimization/poscar/best/Cu111_methanol/singlepoint/PBE_D3/fully_relaxed/CONTCAR
Cu111,methanol,r2scan,,,-0.114,error,available,/pscratch/sd/j/jcho5/VASP/completion_runs/matched_potential_slabs_20260915/slab/Cu111_96724abedd/r2scan,False,False,False,/kfs3/scratch/jcho5/goad-global-optimization/poscar/best/Cu111_methanol/singlepoint/PBE_D3/fully_relaxed/CONTCAR
Cu111,methanol,beef_vdw,,,-0.336,error,available,/pscratch/sd/j/jcho5/VASP/completion_runs/matched_potential_slabs_20260915/slab/Cu111_11f50e50d8/beef_vdw,False,False,False,/kfs3/scratch/jcho5/goad-global-optimization/poscar/best/Cu111_methanol/singlepoint/PBE_D3/fully_relaxed/CONTCAR
Cu111,propane,pbe,,,-0.017,no matching Perlmutter calculation,available,,False,False,True,
Cu111,propane,pbe_d3,,,-0.334,no matching Perlmutter calculation,available,,False,False,True,
Cu111,propane,r2scan,,,0.113,no matching Perlmutter calculation,available,,False,False,True,
Cu111,propane,beef_vdw,,,-0.326,no matching Perlmutter calculation,available,,False,False,True,
Cu111,propanol,pbe,,,-0.167,no matching Perlmutter calculation,available,,False,False,True,
Cu111,propanol,pbe_d3,,,-0.581,no matching Perlmutter calculation,available,,False,False,True,
Cu111,propanol,r2scan,,,-0.146,no matching Perlmutter calculation,available,,False,False,True,
Cu111,propanol,beef_vdw,,,-0.517,no matching Perlmutter calculation,available,,False,False,True,
Cu111,propene,pbe,,,-0.042,no matching Perlmutter calculation,available,,False,False,True,
Cu111,propene,pbe_d3,,,-0.294,no matching Perlmutter calculation,available,,False,False,True,
Cu111,propene,r2scan,,,0.089,no matching Perlmutter calculation,available,,False,False,True,
Cu111,propene,beef_vdw,,,-0.307,no matching Perlmutter calculation,available,,False,False,True,
Ir100,CH3,pbe,-2.89,-2.181,-2.08,available,available,,False,False,True,
Ir100,CH3,pbe_d3,-2.89,-2.456,-2.365,available,available,,False,False,True,
Ir100,CH3,r2scan,-2.89,,,refs unverified,refs unverified,,False,False,True,
Ir100,CH3,beef_vdw,-2.89,-2.26,-2.101,available,available,,False,False,True,
Ir100,CO,pbe,-2.7,-2.232,-2.157,available,available,,False,False,True,
Ir100,CO,pbe_d3,-2.7,-2.488,-2.394,available,available,,False,False,True,
Ir100,CO,r2scan,-2.7,,,refs unverified,refs unverified,,False,False,True,
Ir100,CO,beef_vdw,-2.7,-2.131,-2.002,available,available,,False,False,True,
Ir100,CO2,pbe,-0.37,-0.024,0.036,available,available,,False,False,True,
Ir100,CO2,pbe_d3,-0.37,,,unconverged,reference_unavailable,,False,False,True,
Ir100,CO2,r2scan,-0.37,,,refs unverified,complex_unconverged,,False,False,True,
Ir100,CO2,beef_vdw,-0.37,-0.267,,available,refs unverified,,False,False,True,
Ir100,DME,pbe,-0.48,-0.359,-0.307,available,available,/pscratch/sd/j/jcho5/VASP/completion_runs/dme_references_davidson_20260915/molecule/DME/PBE,False,False,True,
Ir100,DME,pbe_d3,-0.48,-0.915,-0.838,available,available,/pscratch/sd/j/jcho5/VASP/completion_runs/dme_references_davidson_20260915/molecule/DME/PBE_D3,False,False,True,
Ir100,DME,r2scan,-0.48,,,refs unverified,refs unverified,,False,False,True,
Ir100,DME,beef_vdw,-0.48,-0.736,-0.615,available,available,,False,False,True,
Ir100,H2O,pbe,-0.86,-0.488,-0.413,available,available,,False,False,True,
Ir100,H2O,pbe_d3,-0.86,-0.706,-0.619,available,available,,False,False,True,
Ir100,H2O,r2scan,-0.86,,,refs unverified,refs unverified,,False,False,True,
Ir100,H2O,beef_vdw,-0.86,-0.542,-0.378,available,available,,False,False,True,
Ir100,H2S,pbe,-2.86,-2.603,-2.528,available,available,,False,False,True,
Ir100,H2S,pbe_d3,-2.86,-3.086,-2.996,available,available,,False,False,True,
Ir100,H2S,r2scan,-2.86,,,refs unverified,refs unverified,,False,False,True,
Ir100,H2S,beef_vdw,-2.86,-2.591,-2.459,available,available,,False,False,True,
Ir100,N2,pbe,-0.79,-0.81,-0.747,available,available,,False,False,True,
Ir100,N2,pbe_d3,-0.79,-1.057,-0.986,available,available,,False,False,True,
Ir100,N2,r2scan,-0.79,,,refs unverified,refs unverified,,False,False,True,
Ir100,N2,beef_vdw,-0.79,-0.805,-0.69,available,available,,False,False,True,
Ir100,NH3,pbe,-1.7,-1.29,-1.21,available,available,,False,False,True,
Ir100,NH3,pbe_d3,-1.7,-1.585,-1.509,available,available,,False,False,True,
Ir100,NH3,r2scan,-1.7,,,refs unverified,refs unverified,,False,False,True,
Ir100,NH3,beef_vdw,-1.7,-1.332,-1.182,available,available,,False,False,True,
Ir100,NO,pbe,-2.83,-3.067,-2.999,available,available,,False,False,True,
Ir100,NO,pbe_d3,-2.83,-3.309,-3.218,available,available,,False,False,True,
Ir100,NO,r2scan,-2.83,,,unconverged,reference_unavailable,,False,False,True,
Ir100,NO,beef_vdw,-2.83,-9.599,-9.484,available; energy review,available; energy review,,True,True,True,
Ir100,SO2,pbe,-2.12,-2.254,-2.128,available,available,,False,False,True,
Ir100,SO2,pbe_d3,-2.12,-2.783,-2.661,available,available,,False,False,True,
Ir100,SO2,r2scan,-2.12,,,refs unverified,refs unverified,,False,False,True,
Ir100,SO2,beef_vdw,-2.12,-2.264,-2.088,available,available,,False,False,True,
Ir100,acetaldehyde,pbe,-0.74,-0.586,-0.515,available,available,,False,False,True,
Ir100,acetaldehyde,pbe_d3,-0.74,-0.946,-0.865,available,available,,False,False,True,
Ir100,acetaldehyde,r2scan,-0.74,,,refs unverified,refs unverified,,False,False,True,
Ir100,acetaldehyde,beef_vdw,-0.74,-0.77,-0.641,available,available,,False,False,True,
Ir100,acetic_acid,pbe,-1.04,,,unconverged,reference_unavailable,,False,False,True,
Ir100,acetic_acid,pbe_d3,-1.04,,,unconverged,reference_unavailable,,False,False,True,
Ir100,acetic_acid,r2scan,-1.04,,,refs unverified,refs unverified,,False,False,True,
Ir100,acetic_acid,beef_vdw,-1.04,-0.902,-0.652,available,available,,False,False,True,
Ir100,ethane,pbe,-0.45,-0.003,0.078,available,available,,False,False,True,
Ir100,ethane,pbe_d3,-0.45,-0.383,-0.309,available,available,,False,False,True,
Ir100,ethane,r2scan,-0.45,,,refs unverified,refs unverified,/pscratch/sd/j/jcho5/VASP/completion_runs/site_gapfill_20260914/spe/C2H6_Ir100/r2scan,False,False,True,
Ir100,ethane,beef_vdw,-0.45,-0.313,-0.18,available,available,,False,False,True,
Ir100,ethanol,pbe,-0.79,-0.533,-0.456,available,available,,False,False,True,
Ir100,ethanol,pbe_d3,-0.79,-1.031,-0.95,available,available,,False,False,True,
Ir100,ethanol,r2scan,-0.79,,,refs unverified,refs unverified,,False,False,True,
Ir100,ethanol,beef_vdw,-0.79,-0.828,-0.672,available,available,,False,False,True,
Ir100,ethene,pbe,-2.16,-1.407,-1.274,available,available,,False,False,True,
Ir100,ethene,pbe_d3,-2.16,-1.937,-1.78,available,available,,False,False,True,
Ir100,ethene,r2scan,-2.16,,,refs unverified,refs unverified,/pscratch/sd/j/jcho5/VASP/completion_runs/site_gapfill_20260914/slab/C2H4_Ir100/r2scan,False,False,True,
Ir100,ethene,beef_vdw,-2.16,-1.381,-1.124,available,available,,False,False,True,
Ir100,formaldehyde,pbe,-1.75,-1.32,-1.209,available,available,,False,False,True,
Ir100,formaldehyde,pbe_d3,-1.75,-1.657,-1.539,available,available,,False,False,True,
Ir100,formaldehyde,r2scan,-1.75,,,refs unverified,refs unverified,,False,False,True,
Ir100,formaldehyde,beef_vdw,-1.75,-1.333,,available,complex_unconverged,,False,False,True,
Ir100,formic_acid,pbe,-1.02,-0.66,-0.441,available,available,,False,False,True,
Ir100,formic_acid,pbe_d3,-1.02,-1.032,-0.826,available,available,,False,False,True,
Ir100,formic_acid,r2scan,-1.02,,,refs unverified,refs unverified,,False,False,True,
Ir100,formic_acid,beef_vdw,-1.02,-0.797,-0.468,available,available,,False,False,True,
Ir100,methane,pbe,-0.6,-0.0,0.123,available,available,,False,False,True,
Ir100,methane,pbe_d3,-0.6,-0.2,-0.126,available,available,,False,False,True,
Ir100,methane,r2scan,-0.6,,,unconverged,complex_unconverged,,False,False,True,
Ir100,methane,beef_vdw,-0.6,-0.204,-0.04,available,available,,False,False,True,
Ir100,methanol,pbe,-0.77,-0.535,-0.466,available,available,,False,False,True,
Ir100,methanol,pbe_d3,-0.77,-0.912,-0.836,available,available,,False,False,True,
Ir100,methanol,r2scan,-0.77,,,refs unverified,refs unverified,,False,False,True,
Ir100,methanol,beef_vdw,-0.77,-0.746,-0.595,available,available,,False,False,True,
Ir110,CH3,pbe,-2.93,-2.378,-2.284,available,available,,False,False,True,
Ir110,CH3,pbe_d3,-2.93,-2.625,-2.505,available,available,,False,False,True,
Ir110,CH3,r2scan,-2.93,-2.274,-2.181,available,available,,False,False,True,
Ir110,CH3,beef_vdw,-2.93,-2.43,-2.351,available,available,,False,False,True,
Ir110,CO,pbe,-2.77,-2.322,-2.153,available,available,,False,False,True,
Ir110,CO,pbe_d3,-2.77,-2.532,-2.356,available,available,,False,False,True,
Ir110,CO,r2scan,-2.77,,-1.942,refs unverified,available,,False,False,True,
Ir110,CO,beef_vdw,-2.77,-2.209,-2.049,available,available,,False,False,True,
Ir110,CO2,pbe,-0.43,-0.041,0.014,available,available,,False,False,True,
Ir110,CO2,pbe_d3,-0.43,,,unconverged,reference_unavailable,,False,False,True,
Ir110,CO2,r2scan,-0.43,-0.12,-0.059,available,available,,False,False,True,
Ir110,CO2,beef_vdw,-0.43,-0.307,-0.266,available,available,,False,False,True,
Ir110,DME,pbe,-0.64,-0.555,-0.496,available,available,/pscratch/sd/j/jcho5/VASP/completion_runs/dme_references_davidson_20260915/molecule/DME/PBE,False,False,True,
Ir110,DME,pbe_d3,-0.64,-1.124,-1.01,available,available,/pscratch/sd/j/jcho5/VASP/completion_runs/dme_references_davidson_20260915/molecule/DME/PBE_D3,False,False,True,
Ir110,DME,r2scan,-0.64,-0.751,-0.695,available,available,,False,False,True,
Ir110,DME,beef_vdw,-0.64,-0.952,-0.891,available,available,,False,False,True,
Ir110,H2O,pbe,-1.01,-0.612,-0.548,available,available,,False,False,True,
Ir110,H2O,pbe_d3,-1.01,-0.859,-0.751,available,available,,False,False,True,
Ir110,H2O,r2scan,-1.01,-0.744,-0.589,available,available,,False,False,True,
Ir110,H2O,beef_vdw,-1.01,-0.686,-0.599,available,available,,False,False,True,
Ir110,H2S,pbe,-2.79,-2.712,-2.629,available,available,,False,False,True,
Ir110,H2S,pbe_d3,-2.79,-3.161,-3.036,available,available,,False,False,True,
Ir110,H2S,r2scan,-2.79,-2.868,-2.618,available,available,,False,False,True,
Ir110,H2S,beef_vdw,-2.79,-2.759,-2.667,available,available,,False,False,True,
Ir110,N2,pbe,-0.8,-1.099,-1.022,available,available,,False,False,True,
Ir110,N2,pbe_d3,-0.8,-1.34,-1.224,available,available,,False,False,True,
Ir110,N2,r2scan,-0.8,,-0.978,unconverged,available,,False,False,True,
Ir110,N2,beef_vdw,-0.8,-1.08,-1.035,available,available,,False,False,True,
Ir110,NH3,pbe,-1.64,-1.221,-1.153,available,available,,False,False,True,
Ir110,NH3,pbe_d3,-1.64,-1.509,-1.421,available,available,,False,False,True,
Ir110,NH3,r2scan,-1.64,-1.321,-1.195,available,available,,False,False,True,
Ir110,NH3,beef_vdw,-1.64,-1.305,-1.219,available,available,,False,False,True,
Ir110,NO,pbe,-3.11,-3.261,-3.178,available,available,,False,False,True,
Ir110,NO,pbe_d3,-3.11,-3.463,-3.365,available,available,,False,False,True,
Ir110,NO,r2scan,-3.11,,,unconverged,reference_unavailable,,False,False,True,
Ir110,NO,beef_vdw,-3.11,-9.826,-9.725,available; energy review,available; energy review,,True,True,True,
Ir110,SO2,pbe,-2.39,-2.382,-2.275,available,available,,False,False,True,
Ir110,SO2,pbe_d3,-2.39,-2.915,-2.787,available,available,,False,False,True,
Ir110,SO2,r2scan,-2.39,-2.696,-2.502,available,available,,False,False,True,
Ir110,SO2,beef_vdw,-2.39,-2.49,-2.406,available,available,,False,False,True,
Ir110,acetaldehyde,pbe,-0.84,-0.788,-0.705,available,available,,False,False,True,
Ir110,acetaldehyde,pbe_d3,-0.84,-1.117,-0.99,available,available,,False,False,True,
Ir110,acetaldehyde,r2scan,-0.84,-0.868,-0.77,available,available,,False,False,True,
Ir110,acetaldehyde,beef_vdw,-0.84,-0.95,-0.902,available,available,,False,False,True,
Ir110,acetic_acid,pbe,-0.95,,,unconverged,reference_unavailable,,False,False,True,
Ir110,acetic_acid,pbe_d3,-0.95,,,unconverged,reference_unavailable,,False,False,True,
Ir110,acetic_acid,r2scan,-0.95,-1.089,-0.856,available,available,,False,False,True,
Ir110,acetic_acid,beef_vdw,-0.95,-1.107,-1.017,available,available,,False,False,True,
Ir110,ethane,pbe,-0.51,-0.079,-0.021,available,available,,False,False,True,
Ir110,ethane,pbe_d3,-0.51,-0.632,-0.373,available,available,,False,False,True,
Ir110,ethane,r2scan,-0.51,-0.188,-0.112,available,available,,False,False,True,
Ir110,ethane,beef_vdw,-0.51,-0.412,-0.367,available,available,,False,False,True,
Ir110,ethanol,pbe,-0.95,-0.701,-0.631,available,available,,False,False,True,
Ir110,ethanol,pbe_d3,-0.95,-1.211,-1.095,available,available,,False,False,True,
Ir110,ethanol,r2scan,-0.95,-0.879,-0.743,available,available,,False,False,True,
Ir110,ethanol,beef_vdw,-0.95,-1.023,-0.943,available,available,,False,False,True,
Ir110,ethene,pbe,-2.25,-1.804,-1.601,available,available,,False,False,True,
Ir110,ethene,pbe_d3,-2.25,-2.185,-2.008,available,available,,False,False,True,
Ir110,ethene,r2scan,-2.25,-1.878,-1.706,available,available,,False,False,True,
Ir110,ethene,beef_vdw,-2.25,-1.876,-1.725,available,available,,False,False,True,
Ir110,formaldehyde,pbe,-2.04,-1.86,,available,complex_unconverged,,False,False,True,
Ir110,formaldehyde,pbe_d3,-2.04,-2.156,,available,complex_unconverged,,False,False,True,
Ir110,formaldehyde,r2scan,-2.04,-1.885,-1.701,available,available,,False,False,True,
Ir110,formaldehyde,beef_vdw,-2.04,-1.872,-1.668,available,available,,False,False,True,
Ir110,formic_acid,pbe,-1.08,-0.866,-0.517,available,available,,False,False,True,
Ir110,formic_acid,pbe_d3,-1.08,-1.266,-0.872,available,available,,False,False,True,
Ir110,formic_acid,r2scan,-1.08,,-0.612,unconverged,available,,False,False,True,
Ir110,formic_acid,beef_vdw,-1.08,-1.035,-0.647,available,available,,False,False,True,
Ir110,methane,pbe,-0.6,-0.026,0.025,available,available,,False,False,True,
Ir110,methane,pbe_d3,-0.6,-0.246,-0.154,available,available,,False,False,True,
Ir110,methane,r2scan,-0.6,-0.095,-0.015,available,available,,False,False,True,
Ir110,methane,beef_vdw,-0.6,-0.23,-0.198,available,available,,False,False,True,
Ir110,methanol,pbe,-0.9,-0.683,-0.607,available,available,,False,False,True,
Ir110,methanol,pbe_d3,-0.9,-1.077,-0.954,available,available,,False,False,True,
Ir110,methanol,r2scan,-0.9,-0.828,-0.676,available,available,,False,False,True,
Ir110,methanol,beef_vdw,-0.9,-0.893,-0.813,available,available,,False,False,True,
Ir111,CH3,pbe,-2.61,-1.838,-1.796,available,available,,False,False,True,
Ir111,CH3,pbe_d3,-2.61,-2.141,-1.91,available,available,,False,False,True,
Ir111,CH3,r2scan,-2.61,-1.807,-1.607,available,available,,False,False,True,
Ir111,CH3,beef_vdw,-2.61,-1.941,-1.909,available,available,,False,False,True,
Ir111,CO,pbe,-2.4,-1.611,-1.532,available,available,,False,False,True,
Ir111,CO,pbe_d3,-2.4,-1.859,-1.557,available,available,,False,False,True,
Ir111,CO,r2scan,-2.4,,-1.395,unconverged,available,,False,False,True,
Ir111,CO,beef_vdw,-2.4,-1.55,-1.493,available,available,,False,False,True,
Ir111,CO2,pbe,-0.4,-0.006,0.047,available,available,,False,False,True,
Ir111,CO2,pbe_d3,-0.4,,,unconverged,reference_unavailable,,False,False,True,
Ir111,CO2,r2scan,-0.4,-0.081,0.146,available,available,,False,False,True,
Ir111,CO2,beef_vdw,-0.4,-0.26,-0.245,available,available,,False,False,True,
Ir111,DME,pbe,-0.43,-0.208,-0.167,available,available,/pscratch/sd/j/jcho5/VASP/completion_runs/dme_references_davidson_20260915/molecule/DME/PBE,False,False,True,
Ir111,DME,pbe_d3,-0.43,-0.769,-0.535,available,available,/pscratch/sd/j/jcho5/VASP/completion_runs/dme_references_davidson_20260915/molecule/DME/PBE_D3,False,False,True,
Ir111,DME,r2scan,-0.43,,-0.283,refs unverified,available,,False,False,True,
Ir111,DME,beef_vdw,-0.43,-0.626,-0.587,available,available,,False,False,True,
Ir111,H2O,pbe,-0.8,-0.311,-0.258,available,available,,False,False,True,
Ir111,H2O,pbe_d3,-0.8,-0.556,-0.296,available,available,,False,False,True,
Ir111,H2O,r2scan,-0.8,-0.488,-0.253,available,available,,False,False,True,
Ir111,H2O,beef_vdw,-0.8,-0.421,-0.357,available,available,,False,False,True,
Ir111,H2S,pbe,-1.13,-0.742,-0.674,available,available,,False,False,True,
Ir111,H2S,pbe_d3,-1.13,-1.172,-0.905,available,available,,False,False,True,
Ir111,H2S,r2scan,-1.13,-0.933,-0.685,available,available,,False,False,True,
Ir111,H2S,beef_vdw,-1.13,-0.898,-0.842,available,available,,False,False,True,
Ir111,N2,pbe,-0.61,-0.393,-0.33,available,available,,False,False,True,
Ir111,N2,pbe_d3,-0.61,-0.675,-0.399,available,available,,False,False,True,
Ir111,N2,r2scan,-0.61,,-0.275,unconverged,available,,False,False,True,
Ir111,N2,beef_vdw,-0.61,-0.432,-0.394,available,available,,False,False,True,
Ir111,NH3,pbe,-1.57,-0.989,-0.94,available,available,,False,False,True,
Ir111,NH3,pbe_d3,-1.57,-1.318,-1.059,available,available,,False,False,True,
Ir111,NH3,r2scan,-1.57,-1.178,-0.938,available,available,,False,False,True,
Ir111,NH3,beef_vdw,-1.57,-1.078,-1.035,available,available,,False,False,True,
Ir111,NO,pbe,-2.5,-2.253,-2.177,available,available,,False,False,True,
Ir111,NO,pbe_d3,-2.5,-2.508,-2.216,available,available,,False,False,True,
Ir111,NO,r2scan,-2.5,,,unconverged,reference_unavailable,,False,False,True,
Ir111,NO,beef_vdw,-2.5,-8.858,-8.802,available; energy review,available; energy review,,True,True,True,
Ir111,SO2,pbe,-1.45,-1.061,-0.997,available,available,,False,False,True,
Ir111,SO2,pbe_d3,-1.45,-1.601,-1.34,available,available,,False,False,True,
Ir111,SO2,r2scan,-1.45,-1.511,-1.267,available,available,,False,False,True,
Ir111,SO2,beef_vdw,-1.45,-1.266,-1.217,available,available,,False,False,True,
Ir111,acetaldehyde,pbe,-0.64,-0.354,-0.308,available,available,,False,False,True,
Ir111,acetaldehyde,pbe_d3,-0.64,-0.728,-0.478,available,available,,False,False,True,
Ir111,acetaldehyde,r2scan,-0.64,-0.583,-0.356,available,available,,False,False,True,
Ir111,acetaldehyde,beef_vdw,-0.64,-0.593,-0.557,available,available,,False,False,True,
Ir111,acetic_acid,pbe,-0.83,,,unconverged,reference_unavailable,,False,False,True,
Ir111,acetic_acid,pbe_d3,-0.83,,,unconverged,reference_unavailable,,False,False,True,
Ir111,acetic_acid,r2scan,-0.83,,-0.409,refs unverified,available,,False,False,True,
Ir111,acetic_acid,beef_vdw,-0.83,-0.666,-0.598,available,available,,False,False,True,
Ir111,ethane,pbe,-0.38,-0.005,0.102,available,available,,False,False,True,
Ir111,ethane,pbe_d3,-0.38,-0.346,-0.097,available,available,,False,False,True,
Ir111,ethane,r2scan,-0.38,-0.073,0.156,available,available,,False,False,True,
Ir111,ethane,beef_vdw,-0.38,-0.314,-0.251,available,available,,False,False,True,
Ir111,ethanol,pbe,-0.64,-0.335,-0.279,available,available,,False,False,True,
Ir111,ethanol,pbe_d3,-0.64,-0.868,-0.618,available,available,,False,False,True,
Ir111,ethanol,r2scan,-0.64,-0.6,-0.378,available,available,,False,False,True,
Ir111,ethanol,beef_vdw,-0.64,-0.685,-0.622,available,available,,False,False,True,
Ir111,ethene,pbe,-1.37,-0.794,-0.706,available,available,,False,False,True,
Ir111,ethene,pbe_d3,-1.37,-1.262,-0.977,available,available,,False,False,True,
Ir111,ethene,r2scan,-1.37,-1.061,-0.797,available,available,,False,False,True,
Ir111,ethene,beef_vdw,-1.37,-1.006,-0.923,available,available,,False,False,True,
Ir111,formaldehyde,pbe,-0.6,-0.273,-0.221,available,available,,False,False,True,
Ir111,formaldehyde,pbe_d3,-0.6,-0.594,-0.339,available,available,,False,False,True,
Ir111,formaldehyde,r2scan,-0.6,,-0.257,unconverged,available,,False,False,True,
Ir111,formaldehyde,beef_vdw,-0.6,-0.465,-0.414,available,available,,False,False,True,
Ir111,formic_acid,pbe,-0.84,-0.347,-0.139,available,available,,False,False,True,
Ir111,formic_acid,pbe_d3,-0.84,-0.751,-0.35,available,available,,False,False,True,
Ir111,formic_acid,r2scan,-0.84,,-0.193,unconverged,available,,False,False,True,
Ir111,formic_acid,beef_vdw,-0.84,-0.555,-0.311,available,available,,False,False,True,
Ir111,methane,pbe,-0.53,-0.0,0.096,available,available,,False,False,True,
Ir111,methane,pbe_d3,-0.53,-0.215,0.031,available,available,,False,False,True,
Ir111,methane,r2scan,-0.53,-0.043,0.183,available,available,,False,False,True,
Ir111,methane,beef_vdw,-0.53,-0.214,-0.15,available,available,,False,False,True,
Ir111,methanol,pbe,-0.7,-0.344,-0.296,available,available,,False,False,True,
Ir111,methanol,pbe_d3,-0.7,-0.754,-0.496,available,available,,False,False,True,
Ir111,methanol,r2scan,-0.7,,-0.354,refs unverified,available,,False,False,True,
Ir111,methanol,beef_vdw,-0.7,-0.602,-0.552,available,available,,False,False,True,
Pd100,CH3,pbe,-2.5,-1.777,-1.753,available,available,/pscratch/sd/j/jcho5/VASP/completion_runs/matched_potential_slabs_20260915/slab/Pd100_c08ae883ca/pbe,False,False,True,
Pd100,CH3,pbe_d3,-2.5,-2.014,-1.941,available,available,/pscratch/sd/j/jcho5/VASP/completion_runs/matched_potential_slabs_20260915/slab/Pd100_156b5750ad/pbe_d3,False,False,True,
Pd100,CH3,r2scan,-2.5,-1.752,-1.706,available,available,/pscratch/sd/j/jcho5/VASP/completion_runs/matched_potential_slabs_20260915/slab/Pd100_25986b23a9/r2scan,False,False,True,
Pd100,CH3,beef_vdw,-2.5,-1.832,-1.717,available,available,/pscratch/sd/j/jcho5/VASP/completion_runs/matched_potential_slabs_20260915/slab/Pd100_b7d9b89afa/beef_vdw,False,False,True,
Pd100,CO,pbe,-2.31,-1.917,-1.9,available,available,/pscratch/sd/j/jcho5/VASP/completion_runs/matched_potential_slabs_20260915/slab/Pd100_c08ae883ca/pbe,False,False,True,
Pd100,CO,pbe_d3,-2.31,-2.143,-2.05,available,available,/pscratch/sd/j/jcho5/VASP/completion_runs/matched_potential_slabs_20260915/slab/Pd100_156b5750ad/pbe_d3,False,False,True,
Pd100,CO,r2scan,-2.31,-2.014,-1.959,available,available,/pscratch/sd/j/jcho5/VASP/completion_runs/matched_potential_slabs_20260915/slab/Pd100_25986b23a9/r2scan,False,False,True,
Pd100,CO,beef_vdw,-2.31,-1.801,-1.712,available,available,/pscratch/sd/j/jcho5/VASP/completion_runs/matched_potential_slabs_20260915/slab/Pd100_b7d9b89afa/beef_vdw,False,False,True,
Pd100,CO2,pbe,-0.47,-0.022,-0.012,available,available,,False,False,True,
Pd100,CO2,pbe_d3,-0.47,,,slab_mismatch,reference_unavailable,,False,False,True,
Pd100,CO2,r2scan,-0.47,,-0.012,refs unverified,available,,False,False,True,
Pd100,CO2,beef_vdw,-0.47,-0.266,-0.187,available,available,,False,False,True,
Pd100,DME,pbe,-0.51,-0.207,-0.143,available,available,/pscratch/sd/j/jcho5/VASP/completion_runs/matched_potential_slabs_20260915/slab/Pd100_c08ae883ca/pbe,False,False,True,
Pd100,DME,pbe_d3,-0.51,-0.687,-0.574,available,available,/pscratch/sd/j/jcho5/VASP/completion_runs/dme_references_davidson_20260915/molecule/DME/PBE_D3,False,False,True,
Pd100,DME,r2scan,-0.51,-0.445,-0.373,available,available,/pscratch/sd/j/jcho5/VASP/completion_runs/matched_potential_slabs_20260915/slab/Pd100_25986b23a9/r2scan,False,False,True,
Pd100,DME,beef_vdw,-0.51,-0.599,-0.447,available,available,/pscratch/sd/j/jcho5/VASP/completion_runs/matched_potential_slabs_20260915/slab/Pd100_b7d9b89afa/beef_vdw,False,False,True,
Pd100,H2O,pbe,-0.73,-0.269,-0.251,available,available,/pscratch/sd/j/jcho5/VASP/completion_runs/matched_potential_slabs_20260915/slab/Pd100_c08ae883ca/pbe,False,False,True,
Pd100,H2O,pbe_d3,-0.73,-0.474,-0.373,available,available,/pscratch/sd/j/jcho5/VASP/completion_runs/matched_potential_slabs_20260915/slab/Pd100_156b5750ad/pbe_d3,False,False,True,
Pd100,H2O,r2scan,-0.73,-0.386,-0.316,available,available,/pscratch/sd/j/jcho5/VASP/completion_runs/matched_potential_slabs_20260915/slab/Pd100_25986b23a9/r2scan,False,False,True,
Pd100,H2O,beef_vdw,-0.73,-0.369,-0.251,available,available,/pscratch/sd/j/jcho5/VASP/completion_runs/matched_potential_slabs_20260915/slab/Pd100_b7d9b89afa/beef_vdw,False,False,True,
Pd100,H2S,pbe,-1.21,-0.765,-0.741,available,available,/pscratch/sd/j/jcho5/VASP/completion_runs/matched_potential_slabs_20260915/slab/Pd100_c08ae883ca/pbe,False,False,True,
Pd100,H2S,pbe_d3,-1.21,-1.179,-1.074,available,available,/pscratch/sd/j/jcho5/VASP/completion_runs/matched_potential_slabs_20260915/slab/Pd100_156b5750ad/pbe_d3,False,False,True,
Pd100,H2S,r2scan,-1.21,-0.913,-0.844,available,available,/pscratch/sd/j/jcho5/VASP/completion_runs/matched_potential_slabs_20260915/slab/Pd100_25986b23a9/r2scan,False,False,True,
Pd100,H2S,beef_vdw,-1.21,-0.866,-0.62,available,available,/pscratch/sd/j/jcho5/VASP/completion_runs/matched_potential_slabs_20260915/slab/Pd100_b7d9b89afa/beef_vdw,False,False,True,
Pd100,N2,pbe,-0.48,-0.345,-0.327,available,available,/pscratch/sd/j/jcho5/VASP/completion_runs/matched_potential_slabs_20260915/slab/Pd100_c08ae883ca/pbe,False,False,True,
Pd100,N2,pbe_d3,-0.48,-0.568,-0.486,available,available,/pscratch/sd/j/jcho5/VASP/completion_runs/matched_potential_slabs_20260915/slab/Pd100_156b5750ad/pbe_d3,False,False,True,
Pd100,N2,r2scan,-0.48,-0.417,-0.359,available,available,/pscratch/sd/j/jcho5/VASP/completion_runs/matched_potential_slabs_20260915/slab/Pd100_25986b23a9/r2scan,False,False,True,
Pd100,N2,beef_vdw,-0.48,,-0.281,potential_mismatch,available,,False,False,True,
Pd100,NH3,pbe,-1.34,-0.788,-0.764,available,available,/pscratch/sd/j/jcho5/VASP/completion_runs/matched_potential_slabs_20260915/slab/Pd100_c08ae883ca/pbe,False,False,True,
Pd100,NH3,pbe_d3,-1.34,-1.041,-0.947,available,available,/pscratch/sd/j/jcho5/VASP/completion_runs/matched_potential_slabs_20260915/slab/Pd100_156b5750ad/pbe_d3,False,False,True,
Pd100,NH3,r2scan,-1.34,-0.903,-0.836,available,available,/pscratch/sd/j/jcho5/VASP/completion_runs/matched_potential_slabs_20260915/slab/Pd100_25986b23a9/r2scan,False,False,True,
Pd100,NH3,beef_vdw,-1.34,-0.865,-0.757,available,available,/pscratch/sd/j/jcho5/VASP/completion_runs/matched_potential_slabs_20260915/slab/Pd100_b7d9b89afa/beef_vdw,False,False,True,
Pd100,NO,pbe,-2.37,-2.459,-2.443,available,available,/pscratch/sd/j/jcho5/VASP/completion_runs/matched_potential_slabs_20260915/slab/Pd100_c08ae883ca/pbe,False,False,True,
Pd100,NO,pbe_d3,-2.37,-2.687,-2.586,available,available,/pscratch/sd/j/jcho5/VASP/completion_runs/matched_potential_slabs_20260915/slab/Pd100_156b5750ad/pbe_d3,False,False,True,
Pd100,NO,r2scan,-2.37,,,potential_mismatch,reference_unavailable,,False,False,True,
Pd100,NO,beef_vdw,-2.37,-8.978,-8.894,available; energy review,available; energy review,/pscratch/sd/j/jcho5/VASP/completion_runs/matched_potential_slabs_20260915/slab/Pd100_b7d9b89afa/beef_vdw,True,True,True,
Pd100,SO2,pbe,-1.68,-1.355,-1.325,available,available,/pscratch/sd/j/jcho5/VASP/completion_runs/matched_potential_slabs_20260915/slab/Pd100_c08ae883ca/pbe,False,False,True,
Pd100,SO2,pbe_d3,-1.68,-1.887,-1.789,available,available,/pscratch/sd/j/jcho5/VASP/completion_runs/matched_potential_slabs_20260915/slab/Pd100_156b5750ad/pbe_d3,False,False,True,
Pd100,SO2,r2scan,-1.68,-1.805,-1.742,available,available,/pscratch/sd/j/jcho5/VASP/completion_runs/matched_potential_slabs_20260915/slab/Pd100_25986b23a9/r2scan,False,False,True,
Pd100,SO2,beef_vdw,-1.68,-1.457,-1.31,available,available,/pscratch/sd/j/jcho5/VASP/completion_runs/matched_potential_slabs_20260915/slab/Pd100_b7d9b89afa/beef_vdw,False,False,True,
Pd100,acetaldehyde,pbe,-0.71,-0.266,-0.212,available,available,/pscratch/sd/j/jcho5/VASP/completion_runs/matched_potential_slabs_20260915/slab/Pd100_c08ae883ca/pbe,False,False,True,
Pd100,acetaldehyde,pbe_d3,-0.71,-0.644,-0.553,available,available,/pscratch/sd/j/jcho5/VASP/completion_runs/matched_potential_slabs_20260915/slab/Pd100_156b5750ad/pbe_d3,False,False,True,
Pd100,acetaldehyde,r2scan,-0.71,-0.442,-0.381,available,available,/pscratch/sd/j/jcho5/VASP/completion_runs/matched_potential_slabs_20260915/slab/Pd100_25986b23a9/r2scan,False,False,True,
Pd100,acetaldehyde,beef_vdw,-0.71,-0.537,-0.381,available,available,/pscratch/sd/j/jcho5/VASP/completion_runs/matched_potential_slabs_20260915/slab/Pd100_b7d9b89afa/beef_vdw,False,False,True,
Pd100,acetic_acid,pbe,-0.78,,,potential_mismatch,reference_unavailable,,False,False,True,
Pd100,acetic_acid,pbe_d3,-0.78,,,potential_mismatch,reference_unavailable,,False,False,True,
Pd100,acetic_acid,r2scan,-0.78,-0.627,-0.55,available,available,/pscratch/sd/j/jcho5/VASP/completion_runs/matched_potential_slabs_20260915/slab/Pd100_25986b23a9/r2scan,False,False,True,
Pd100,acetic_acid,beef_vdw,-0.78,-0.679,-0.605,available,available,/pscratch/sd/j/jcho5/VASP/completion_runs/matched_potential_slabs_20260915/slab/Pd100_b7d9b89afa/beef_vdw,False,False,True,
Pd100,ethane,pbe,-0.51,-0.046,0.077,available,available,,False,False,True,
Pd100,ethane,pbe_d3,-0.51,-0.409,-0.212,available,available,,False,False,True,
Pd100,ethane,r2scan,-0.51,-0.2,-0.063,available,available,,False,False,True,
Pd100,ethane,beef_vdw,-0.51,-0.324,-0.092,available,available,,False,False,True,
Pd100,ethanol,pbe,-0.71,-0.276,-0.231,available,available,,False,False,True,
Pd100,ethanol,pbe_d3,-0.71,-0.729,-0.567,available,available,,False,False,True,
Pd100,ethanol,r2scan,-0.71,,-0.419,refs unverified,available,,False,False,True,
Pd100,ethanol,beef_vdw,-0.71,-0.595,-0.433,available,available,,False,False,True,
Pd100,ethene,pbe,-1.44,-0.885,-0.837,available,available,/pscratch/sd/j/jcho5/VASP/completion_runs/matched_potential_slabs_20260915/slab/Pd100_c08ae883ca/pbe,False,False,True,
Pd100,ethene,pbe_d3,-1.44,-1.288,-1.176,available,available,/pscratch/sd/j/jcho5/VASP/completion_runs/matched_potential_slabs_20260915/slab/Pd100_156b5750ad/pbe_d3,False,False,True,
Pd100,ethene,r2scan,-1.44,-1.137,-1.059,available,available,/pscratch/sd/j/jcho5/VASP/completion_runs/matched_potential_slabs_20260915/slab/Pd100_25986b23a9/r2scan,False,False,True,
Pd100,ethene,beef_vdw,-1.44,-1.046,-0.908,available,available,/pscratch/sd/j/jcho5/VASP/completion_runs/matched_potential_slabs_20260915/slab/Pd100_b7d9b89afa/beef_vdw,False,False,True,
Pd100,formaldehyde,pbe,-1.22,-0.579,-0.543,available,available,/pscratch/sd/j/jcho5/VASP/completion_runs/matched_potential_slabs_20260915/slab/Pd100_c08ae883ca/pbe,False,False,True,
Pd100,formaldehyde,pbe_d3,-1.22,-0.92,-0.793,available,available,/pscratch/sd/j/jcho5/VASP/completion_runs/matched_potential_slabs_20260915/slab/Pd100_156b5750ad/pbe_d3,False,False,True,
Pd100,formaldehyde,r2scan,-1.22,-0.883,-0.786,available,available,/pscratch/sd/j/jcho5/VASP/completion_runs/matched_potential_slabs_20260915/slab/Pd100_25986b23a9/r2scan,False,False,True,
Pd100,formaldehyde,beef_vdw,-1.22,-0.706,-0.382,available,available,/pscratch/sd/j/jcho5/VASP/completion_runs/matched_potential_slabs_20260915/slab/Pd100_b7d9b89afa/beef_vdw,False,False,True,
Pd100,formic_acid,pbe,-0.73,-0.422,-0.412,available,available,/pscratch/sd/j/jcho5/VASP/completion_runs/matched_potential_slabs_20260915/slab/Pd100_c08ae883ca/pbe,False,False,True,
Pd100,formic_acid,pbe_d3,-0.73,-0.777,-0.674,available,available,/pscratch/sd/j/jcho5/VASP/completion_runs/matched_potential_slabs_20260915/slab/Pd100_156b5750ad/pbe_d3,False,False,True,
Pd100,formic_acid,r2scan,-0.73,,-0.527,potential_mismatch,available,,False,False,True,
Pd100,formic_acid,beef_vdw,-0.73,-0.617,-0.539,available,available,/pscratch/sd/j/jcho5/VASP/completion_runs/matched_potential_slabs_20260915/slab/Pd100_b7d9b89afa/beef_vdw,False,False,True,
Pd100,glycerol,pbe,-0.95,,0.06,refs unverified,available,,False,False,True,
Pd100,glycerol,pbe_d3,-0.95,,-0.55,refs unverified,available,,False,False,True,
Pd100,glycerol,r2scan,-0.95,,-0.172,refs unverified,available,,False,False,True,
Pd100,glycerol,beef_vdw,-0.95,,,no matching Perlmutter calculation,refs unverified,,False,False,True,
Pd100,isopropanol,pbe,-0.82,,0.164,refs unverified,available,,False,False,True,
Pd100,isopropanol,pbe_d3,-0.82,,-0.275,refs unverified,available,,False,False,True,
Pd100,isopropanol,r2scan,-0.82,,-0.022,refs unverified,available,,False,False,True,
Pd100,isopropanol,beef_vdw,-0.82,,-0.17,no matching Perlmutter calculation,available,,False,False,True,
Pd100,methane,pbe,-0.61,-0.016,0.037,available,available,/pscratch/sd/j/jcho5/VASP/completion_runs/matched_potential_slabs_20260915/slab/Pd100_c08ae883ca/pbe,False,False,True,
Pd100,methane,pbe_d3,-0.61,-0.233,-0.126,available,available,/pscratch/sd/j/jcho5/VASP/completion_runs/matched_potential_slabs_20260915/slab/Pd100_156b5750ad/pbe_d3,False,False,True,
Pd100,methane,r2scan,-0.61,-0.098,-0.032,available,available,/pscratch/sd/j/jcho5/VASP/completion_runs/matched_potential_slabs_20260915/slab/Pd100_25986b23a9/r2scan,False,False,True,
Pd100,methane,beef_vdw,-0.61,-0.218,-0.097,available,available,/pscratch/sd/j/jcho5/VASP/completion_runs/matched_potential_slabs_20260915/slab/Pd100_b7d9b89afa/beef_vdw,False,False,True,
Pd100,methanol,pbe,-0.64,-0.276,-0.241,available,available,/pscratch/sd/j/jcho5/VASP/completion_runs/matched_potential_slabs_20260915/slab/Pd100_c08ae883ca/pbe,False,False,True,
Pd100,methanol,pbe_d3,-0.64,-0.61,-0.516,available,available,/pscratch/sd/j/jcho5/VASP/completion_runs/matched_potential_slabs_20260915/slab/Pd100_156b5750ad/pbe_d3,False,False,True,
Pd100,methanol,r2scan,-0.64,-0.45,-0.389,available,available,/pscratch/sd/j/jcho5/VASP/completion_runs/matched_potential_slabs_20260915/slab/Pd100_25986b23a9/r2scan,False,False,True,
Pd100,methanol,beef_vdw,-0.64,-0.517,-0.388,available,available,/pscratch/sd/j/jcho5/VASP/completion_runs/matched_potential_slabs_20260915/slab/Pd100_b7d9b89afa/beef_vdw,False,False,True,
Pd100,propane,pbe,-0.62,,0.302,refs unverified,available,,False,False,True,
Pd100,propane,pbe_d3,-0.62,,-0.111,refs unverified,available,,False,False,True,
Pd100,propane,r2scan,-0.62,,0.091,refs unverified,available,,False,False,True,
Pd100,propane,beef_vdw,-0.62,,-0.035,no matching Perlmutter calculation,available,,False,False,True,
Pd100,propanol,pbe,-0.8,,0.202,refs unverified,available,,False,False,True,
Pd100,propanol,pbe_d3,-0.8,,-0.266,refs unverified,available,,False,False,True,
Pd100,propanol,r2scan,-0.8,,-0.012,refs unverified,available,,False,False,True,
Pd100,propanol,beef_vdw,-0.8,,-0.087,no matching Perlmutter calculation,available,,False,False,True,
Pd100,propene,pbe,-1.46,,-0.725,refs unverified,available,,False,False,True,
Pd100,propene,pbe_d3,-1.46,,-1.173,refs unverified,available,,False,False,True,
Pd100,propene,r2scan,-1.46,,-1.013,refs unverified,available,,False,False,True,
Pd100,propene,beef_vdw,-1.46,,-0.863,no matching Perlmutter calculation,available,,False,False,True,
Pd110,CH3,pbe,-2.49,-1.918,-1.9,available,available,/pscratch/sd/j/jcho5/VASP/completion_runs/matched_potential_slabs_20260915/slab/Pd110_b8e0988b71/pbe,False,False,True,
Pd110,CH3,pbe_d3,-2.49,-2.159,-2.116,available,available,/pscratch/sd/j/jcho5/VASP/completion_runs/matched_potential_slabs_20260915/slab/Pd110_ff78040989/pbe_d3,False,False,True,
Pd110,CH3,r2scan,-2.49,-1.877,-1.814,available,available,/pscratch/sd/j/jcho5/VASP/completion_runs/matched_potential_slabs_20260915/slab/Pd110_2eb6224610/r2scan,False,False,True,
Pd110,CH3,beef_vdw,-2.49,-1.947,-1.908,available,available,/pscratch/sd/j/jcho5/VASP/completion_runs/matched_potential_slabs_20260915/slab/Pd110_7655ac7da9/beef_vdw,False,False,True,
Pd110,CO,pbe,-2.27,-2.057,-2.028,available,available,/pscratch/sd/j/jcho5/VASP/completion_runs/matched_potential_slabs_20260915/slab/Pd110_b8e0988b71/pbe,False,False,True,
Pd110,CO,pbe_d3,-2.27,-2.262,-2.234,available,available,/pscratch/sd/j/jcho5/VASP/completion_runs/matched_potential_slabs_20260915/slab/Pd110_ff78040989/pbe_d3,False,False,True,
Pd110,CO,r2scan,-2.27,-2.098,-2.049,available,available,/pscratch/sd/j/jcho5/VASP/completion_runs/matched_potential_slabs_20260915/slab/Pd110_2eb6224610/r2scan,False,False,True,
Pd110,CO,beef_vdw,-2.27,-1.911,-1.857,available,available,/pscratch/sd/j/jcho5/VASP/completion_runs/matched_potential_slabs_20260915/slab/Pd110_7655ac7da9/beef_vdw,False,False,True,
Pd110,CO2,pbe,-0.48,-0.037,-0.024,available,available,/pscratch/sd/j/jcho5/VASP/completion_runs/matched_potential_slabs_20260915/slab/Pd110_b8e0988b71/pbe,False,False,True,
Pd110,CO2,pbe_d3,-0.48,,,potential_mismatch,reference_unavailable,,False,False,True,
Pd110,CO2,r2scan,-0.48,-0.146,-0.081,available,available,/pscratch/sd/j/jcho5/VASP/completion_runs/matched_potential_slabs_20260915/slab/Pd110_2eb6224610/r2scan,False,False,True,
Pd110,CO2,beef_vdw,-0.48,-0.292,-0.258,available,available,/pscratch/sd/j/jcho5/VASP/completion_runs/matched_potential_slabs_20260915/slab/Pd110_7655ac7da9/beef_vdw,False,False,True,
Pd110,DME,pbe,-0.55,-0.281,-0.227,available,available,/pscratch/sd/j/jcho5/VASP/completion_runs/matched_potential_slabs_20260915/slab/Pd110_b8e0988b71/pbe,False,False,True,
Pd110,DME,pbe_d3,-0.55,-0.763,-0.711,available,available,/pscratch/sd/j/jcho5/VASP/completion_runs/dme_references_davidson_20260915/molecule/DME/PBE_D3,False,False,True,
Pd110,DME,r2scan,-0.55,-0.579,-0.507,available,available,/pscratch/sd/j/jcho5/VASP/completion_runs/matched_potential_slabs_20260915/slab/Pd110_2eb6224610/r2scan,False,False,True,
Pd110,DME,beef_vdw,-0.55,-0.658,-0.555,available,available,/pscratch/sd/j/jcho5/VASP/completion_runs/matched_potential_slabs_20260915/slab/Pd110_7655ac7da9/beef_vdw,False,False,True,
Pd110,H2O,pbe,-0.86,-0.377,-0.352,available,available,/pscratch/sd/j/jcho5/VASP/completion_runs/matched_potential_slabs_20260915/slab/Pd110_b8e0988b71/pbe,False,False,True,
Pd110,H2O,pbe_d3,-0.86,-0.601,-0.554,available,available,/pscratch/sd/j/jcho5/VASP/completion_runs/matched_potential_slabs_20260915/slab/Pd110_ff78040989/pbe_d3,False,False,True,
Pd110,H2O,r2scan,-0.86,-0.549,-0.477,available,available,/pscratch/sd/j/jcho5/VASP/completion_runs/matched_potential_slabs_20260915/slab/Pd110_2eb6224610/r2scan,False,False,True,
Pd110,H2O,beef_vdw,-0.86,,-0.389,potential_mismatch,available,,False,False,True,
Pd110,H2S,pbe,-1.25,-0.945,-0.907,available,available,/pscratch/sd/j/jcho5/VASP/completion_runs/matched_potential_slabs_20260915/slab/Pd110_b8e0988b71/pbe,False,False,True,
Pd110,H2S,pbe_d3,-1.25,-1.387,-1.324,available,available,/pscratch/sd/j/jcho5/VASP/completion_runs/matched_potential_slabs_20260915/slab/Pd110_ff78040989/pbe_d3,False,False,True,
Pd110,H2S,r2scan,-1.25,-1.069,-0.985,available,available,/pscratch/sd/j/jcho5/VASP/completion_runs/matched_potential_slabs_20260915/slab/Pd110_2eb6224610/r2scan,False,False,True,
Pd110,H2S,beef_vdw,-1.25,-0.984,-0.919,available,available,/pscratch/sd/j/jcho5/VASP/completion_runs/matched_potential_slabs_20260915/slab/Pd110_7655ac7da9/beef_vdw,False,False,True,
Pd110,N2,pbe,-0.54,-0.443,-0.423,available,available,/pscratch/sd/j/jcho5/VASP/completion_runs/matched_potential_slabs_20260915/slab/Pd110_b8e0988b71/pbe,False,False,True,
Pd110,N2,pbe_d3,-0.54,-0.665,-0.617,available,available,/pscratch/sd/j/jcho5/VASP/completion_runs/matched_potential_slabs_20260915/slab/Pd110_ff78040989/pbe_d3,False,False,True,
Pd110,N2,r2scan,-0.54,,,potential_mismatch,complex_unconverged,,False,False,True,
Pd110,N2,beef_vdw,-0.54,,-0.398,potential_mismatch,available,,False,False,True,
Pd110,NH3,pbe,-1.39,-0.822,-0.8,available,available,/pscratch/sd/j/jcho5/VASP/completion_runs/matched_potential_slabs_20260915/slab/Pd110_b8e0988b71/pbe,False,False,True,
Pd110,NH3,pbe_d3,-1.39,-1.095,-1.04,available,available,/pscratch/sd/j/jcho5/VASP/completion_runs/matched_potential_slabs_20260915/slab/Pd110_ff78040989/pbe_d3,False,False,True,
Pd110,NH3,r2scan,-1.39,-0.891,-0.813,available,available,/pscratch/sd/j/jcho5/VASP/completion_runs/matched_potential_slabs_20260915/slab/Pd110_2eb6224610/r2scan,False,False,True,
Pd110,NH3,beef_vdw,-1.39,,-0.831,potential_mismatch,available,,False,False,True,
Pd110,NO,pbe,-2.41,-2.689,-2.665,available,available,/pscratch/sd/j/jcho5/VASP/completion_runs/matched_potential_slabs_20260915/slab/Pd110_b8e0988b71/pbe,False,False,True,
Pd110,NO,pbe_d3,-2.41,-2.891,-2.849,available,available,/pscratch/sd/j/jcho5/VASP/completion_runs/matched_potential_slabs_20260915/slab/Pd110_ff78040989/pbe_d3,False,False,True,
Pd110,NO,r2scan,-2.41,,,potential_mismatch,reference_unavailable,,False,False,True,
Pd110,NO,beef_vdw,-2.41,-9.184,-9.127,available; energy review,available; energy review,/pscratch/sd/j/jcho5/VASP/completion_runs/matched_potential_slabs_20260915/slab/Pd110_7655ac7da9/beef_vdw,True,True,True,
Pd110,SO2,pbe,-1.66,-1.594,-1.521,available,available,/pscratch/sd/j/jcho5/VASP/completion_runs/matched_potential_slabs_20260915/slab/Pd110_b8e0988b71/pbe,False,False,True,
Pd110,SO2,pbe_d3,-1.66,-2.139,-2.056,available,available,/pscratch/sd/j/jcho5/VASP/completion_runs/matched_potential_slabs_20260915/slab/Pd110_ff78040989/pbe_d3,False,False,True,
Pd110,SO2,r2scan,-1.66,-2.01,-1.898,available,available,/pscratch/sd/j/jcho5/VASP/completion_runs/matched_potential_slabs_20260915/slab/Pd110_2eb6224610/r2scan,False,False,True,
Pd110,SO2,beef_vdw,-1.66,-1.729,-1.655,available,available,/pscratch/sd/j/jcho5/VASP/completion_runs/matched_potential_slabs_20260915/slab/Pd110_7655ac7da9/beef_vdw,False,False,True,
Pd110,acetaldehyde,pbe,-0.8,-0.289,-0.261,available,available,/pscratch/sd/j/jcho5/VASP/completion_runs/matched_potential_slabs_20260915/slab/Pd110_b8e0988b71/pbe,False,False,True,
Pd110,acetaldehyde,pbe_d3,-0.8,-0.711,-0.654,available,available,/pscratch/sd/j/jcho5/VASP/completion_runs/matched_potential_slabs_20260915/slab/Pd110_ff78040989/pbe_d3,False,False,True,
Pd110,acetaldehyde,r2scan,-0.8,-0.532,-0.452,available,available,/pscratch/sd/j/jcho5/VASP/completion_runs/matched_potential_slabs_20260915/slab/Pd110_2eb6224610/r2scan,False,False,True,
Pd110,acetaldehyde,beef_vdw,-0.8,-0.555,-0.485,available,available,/pscratch/sd/j/jcho5/VASP/completion_runs/matched_potential_slabs_20260915/slab/Pd110_7655ac7da9/beef_vdw,False,False,True,
Pd110,acetic_acid,pbe,-0.85,,,potential_mismatch,reference_unavailable,,False,False,True,
Pd110,acetic_acid,pbe_d3,-0.85,,,potential_mismatch,reference_unavailable,,False,False,True,
Pd110,acetic_acid,r2scan,-0.85,-0.75,-0.657,available,available,/pscratch/sd/j/jcho5/VASP/completion_runs/matched_potential_slabs_20260915/slab/Pd110_2eb6224610/r2scan,False,False,True,
Pd110,acetic_acid,beef_vdw,-0.85,-0.739,-0.69,available,available,/pscratch/sd/j/jcho5/VASP/completion_runs/matched_potential_slabs_20260915/slab/Pd110_7655ac7da9/beef_vdw,False,False,True,
Pd110,ethane,pbe,-0.57,-0.043,0.042,available,available,,False,False,True,
Pd110,ethane,pbe_d3,-0.57,-0.402,-0.316,available,available,,False,False,True,
Pd110,ethane,r2scan,-0.57,,-0.058,refs unverified,available,,False,False,True,
Pd110,ethane,beef_vdw,-0.57,,-0.101,slab_mismatch,available,,False,False,True,
Pd110,ethanol,pbe,-0.82,-0.428,-0.406,available,available,,False,False,True,
Pd110,ethanol,pbe_d3,-0.82,-0.918,-0.826,available,available,,False,False,True,
Pd110,ethanol,r2scan,-0.82,,-0.542,refs unverified,available,,False,False,True,
Pd110,ethanol,beef_vdw,-0.82,-0.701,-0.563,available,available,,False,False,True,
Pd110,ethene,pbe,-1.6,-0.97,-0.949,available,available,/pscratch/sd/j/jcho5/VASP/completion_runs/matched_potential_slabs_20260915/slab/Pd110_b8e0988b71/pbe,False,False,True,
Pd110,ethene,pbe_d3,-1.6,-1.382,-1.337,available,available,/pscratch/sd/j/jcho5/VASP/completion_runs/matched_potential_slabs_20260915/slab/Pd110_ff78040989/pbe_d3,False,False,True,
Pd110,ethene,r2scan,-1.6,-1.175,-1.118,available,available,/pscratch/sd/j/jcho5/VASP/completion_runs/matched_potential_slabs_20260915/slab/Pd110_2eb6224610/r2scan,False,False,True,
Pd110,ethene,beef_vdw,-1.6,-1.15,-1.094,available,available,/pscratch/sd/j/jcho5/VASP/completion_runs/matched_potential_slabs_20260915/slab/Pd110_7655ac7da9/beef_vdw,False,False,True,
Pd110,formaldehyde,pbe,-1.04,-0.82,-0.718,available,available,/pscratch/sd/j/jcho5/VASP/completion_runs/matched_potential_slabs_20260915/slab/Pd110_b8e0988b71/pbe,False,False,True,
Pd110,formaldehyde,pbe_d3,-1.04,-1.132,-1.032,available,available,/pscratch/sd/j/jcho5/VASP/completion_runs/matched_potential_slabs_20260915/slab/Pd110_ff78040989/pbe_d3,False,False,True,
Pd110,formaldehyde,r2scan,-1.04,-1.048,-0.901,available,available,/pscratch/sd/j/jcho5/VASP/completion_runs/matched_potential_slabs_20260915/slab/Pd110_2eb6224610/r2scan,False,False,True,
Pd110,formaldehyde,beef_vdw,-1.04,-0.874,-0.707,available,available,/pscratch/sd/j/jcho5/VASP/completion_runs/matched_potential_slabs_20260915/slab/Pd110_7655ac7da9/beef_vdw,False,False,True,
Pd110,formic_acid,pbe,-0.79,-0.479,-0.455,available,available,/pscratch/sd/j/jcho5/VASP/completion_runs/matched_potential_slabs_20260915/slab/Pd110_b8e0988b71/pbe,False,False,True,
Pd110,formic_acid,pbe_d3,-0.79,-0.868,-0.806,available,available,/pscratch/sd/j/jcho5/VASP/completion_runs/matched_potential_slabs_20260915/slab/Pd110_ff78040989/pbe_d3,False,False,True,
Pd110,formic_acid,r2scan,-0.79,-0.717,-0.643,available,available,/pscratch/sd/j/jcho5/VASP/completion_runs/matched_potential_slabs_20260915/slab/Pd110_2eb6224610/r2scan,False,False,True,
Pd110,formic_acid,beef_vdw,-0.79,-0.66,-0.607,available,available,/pscratch/sd/j/jcho5/VASP/completion_runs/matched_potential_slabs_20260915/slab/Pd110_7655ac7da9/beef_vdw,False,False,True,
Pd110,glycerol,pbe,-1.27,,-0.181,refs unverified,available,,False,False,True,
Pd110,glycerol,pbe_d3,-1.27,,-1.036,refs unverified,available,,False,False,True,
Pd110,glycerol,r2scan,-1.27,,-0.626,refs unverified,available,,False,False,True,
Pd110,glycerol,beef_vdw,-1.27,,,no matching Perlmutter calculation,refs unverified,,False,False,True,
Pd110,isopropanol,pbe,-0.93,,0.209,refs unverified,available,,False,False,True,
Pd110,isopropanol,pbe_d3,-0.93,,-0.489,refs unverified,available,,False,False,True,
Pd110,isopropanol,r2scan,-0.93,,-0.161,refs unverified,available,,False,False,True,
Pd110,isopropanol,beef_vdw,-0.93,,0.099,no matching Perlmutter calculation,available,,False,False,True,
Pd110,methane,pbe,-0.63,0.002,0.02,available,available,/pscratch/sd/j/jcho5/VASP/completion_runs/matched_potential_slabs_20260915/slab/Pd110_b8e0988b71/pbe,False,False,True,
Pd110,methane,pbe_d3,-0.63,-0.241,-0.196,available,available,/pscratch/sd/j/jcho5/VASP/completion_runs/matched_potential_slabs_20260915/slab/Pd110_ff78040989/pbe_d3,False,False,True,
Pd110,methane,r2scan,-0.63,-0.131,-0.063,available,available,/pscratch/sd/j/jcho5/VASP/completion_runs/matched_potential_slabs_20260915/slab/Pd110_2eb6224610/r2scan,False,False,True,
Pd110,methane,beef_vdw,-0.63,-0.211,-0.114,available,available,/pscratch/sd/j/jcho5/VASP/completion_runs/matched_potential_slabs_20260915/slab/Pd110_7655ac7da9/beef_vdw,False,False,True,
Pd110,methanol,pbe,-0.77,-0.397,-0.369,available,available,/pscratch/sd/j/jcho5/VASP/completion_runs/matched_potential_slabs_20260915/slab/Pd110_b8e0988b71/pbe,False,False,True,
Pd110,methanol,pbe_d3,-0.77,-0.746,-0.7,available,available,/pscratch/sd/j/jcho5/VASP/completion_runs/matched_potential_slabs_20260915/slab/Pd110_ff78040989/pbe_d3,False,False,True,
Pd110,methanol,r2scan,-0.77,-0.632,-0.566,available,available,/pscratch/sd/j/jcho5/VASP/completion_runs/matched_potential_slabs_20260915/slab/Pd110_2eb6224610/r2scan,False,False,True,
Pd110,methanol,beef_vdw,-0.77,-0.616,-0.541,available,available,/pscratch/sd/j/jcho5/VASP/completion_runs/matched_potential_slabs_20260915/slab/Pd110_7655ac7da9/beef_vdw,False,False,True,
Pd110,propane,pbe,-0.6,,0.216,refs unverified,available,,False,False,True,
Pd110,propane,pbe_d3,-0.6,,-0.411,refs unverified,available,,False,False,True,
Pd110,propane,r2scan,-0.6,,-0.155,refs unverified,available,,False,False,True,
Pd110,propane,beef_vdw,-0.6,,0.155,no matching Perlmutter calculation,available,,False,False,True,
Pd110,propanol,pbe,-0.89,,0.173,refs unverified,available,,False,False,True,
Pd110,propanol,pbe_d3,-0.89,,-0.526,refs unverified,available,,False,False,True,
Pd110,propanol,r2scan,-0.89,,-0.168,refs unverified,available,,False,False,True,
Pd110,propanol,beef_vdw,-0.89,,0.102,no matching Perlmutter calculation,available,,False,False,True,
Pd110,propene,pbe,-1.54,,-1.035,refs unverified,available,,False,False,True,
Pd110,propene,pbe_d3,-1.54,,-1.516,refs unverified,available,,False,False,True,
Pd110,propene,r2scan,-1.54,,-1.17,refs unverified,available,,False,False,True,
Pd110,propene,beef_vdw,-1.54,,-1.145,no matching Perlmutter calculation,available,,False,False,True,
Pd111,CH3,pbe,-2.45,-1.748,-1.734,available,available,/pscratch/sd/j/jcho5/VASP/completion_runs/matched_potential_slabs_20260915/slab/Pd111_ffc3f47166/pbe,False,False,True,
Pd111,CH3,pbe_d3,-2.45,-2.001,-1.927,available,available,/pscratch/sd/j/jcho5/VASP/completion_runs/matched_potential_slabs_20260915/slab/Pd111_0333765c8d/pbe_d3,False,False,True,
Pd111,CH3,r2scan,-2.45,,,slab_mismatch,potential mismatch,/pscratch/sd/j/jcho5/VASP/completion_runs/matched_potential_slabs_20260915/slab/Pd111_5174c1fcdf/r2scan,False,False,True,
Pd111,CH3,beef_vdw,-2.45,-1.813,-1.735,available,available,/pscratch/sd/j/jcho5/VASP/completion_runs/matched_potential_slabs_20260915/slab/Pd111_f1f527eac1/beef_vdw,False,False,True,
Pd111,CO2,pbe,-0.45,-0.035,0.003,available,available,,False,False,True,
Pd111,CO2,pbe_d3,-0.45,,,potential_mismatch,reference_unavailable,,False,False,True,
Pd111,CO2,r2scan,-0.45,,0.047,refs unverified,available,,False,False,True,
Pd111,CO2,beef_vdw,-0.45,-0.272,-0.22,available,available,,False,False,True,
Pd111,DME,pbe,-0.49,-0.156,-0.119,available,available,/pscratch/sd/j/jcho5/VASP/completion_runs/matched_potential_slabs_20260915/slab/Pd111_ffc3f47166/pbe,False,False,True,
Pd111,DME,pbe_d3,-0.49,-0.666,-0.561,available,available,/pscratch/sd/j/jcho5/VASP/completion_runs/dme_references_davidson_20260915/molecule/DME/PBE_D3,False,False,True,
Pd111,DME,r2scan,-0.49,,,refs unverified,potential mismatch,/pscratch/sd/j/jcho5/VASP/completion_runs/matched_potential_slabs_20260915/slab/Pd111_5174c1fcdf/r2scan,False,False,True,
Pd111,DME,beef_vdw,-0.49,-0.568,-0.459,available,available,/pscratch/sd/j/jcho5/VASP/completion_runs/matched_potential_slabs_20260915/slab/Pd111_f1f527eac1/beef_vdw,False,False,True,
Pd111,H2O,pbe,-0.7,-0.232,-0.216,available,available,/pscratch/sd/j/jcho5/VASP/completion_runs/matched_potential_slabs_20260915/slab/Pd111_ffc3f47166/pbe,False,False,True,
Pd111,H2O,pbe_d3,-0.7,-0.449,-0.356,available,available,/pscratch/sd/j/jcho5/VASP/completion_runs/matched_potential_slabs_20260915/slab/Pd111_0333765c8d/pbe_d3,False,False,True,
Pd111,H2O,r2scan,-0.7,,,slab_mismatch,reference_unavailable,,False,False,True,
Pd111,H2O,beef_vdw,-0.7,-0.347,-0.249,available,available,/pscratch/sd/j/jcho5/VASP/completion_runs/matched_potential_slabs_20260915/slab/Pd111_f1f527eac1/beef_vdw,False,False,True,
Pd111,H2S,pbe,-1.01,-0.6,-0.582,available,available,/pscratch/sd/j/jcho5/VASP/completion_runs/matched_potential_slabs_20260915/slab/Pd111_ffc3f47166/pbe,False,False,True,
Pd111,H2S,pbe_d3,-1.01,-1.027,-0.922,available,available,/pscratch/sd/j/jcho5/VASP/completion_runs/matched_potential_slabs_20260915/slab/Pd111_0333765c8d/pbe_d3,False,False,True,
Pd111,H2S,r2scan,-1.01,,,slab_mismatch,reference_unavailable,,False,False,True,
Pd111,H2S,beef_vdw,-1.01,,-0.543,slab_mismatch,available,,False,False,True,
Pd111,N2,pbe,-0.38,-0.179,-0.162,available,available,/pscratch/sd/j/jcho5/VASP/completion_runs/matched_potential_slabs_20260915/slab/Pd111_ffc3f47166/pbe,False,False,True,
Pd111,N2,pbe_d3,-0.38,-0.432,-0.347,available,available,/pscratch/sd/j/jcho5/VASP/completion_runs/matched_potential_slabs_20260915/slab/Pd111_0333765c8d/pbe_d3,False,False,True,
Pd111,N2,r2scan,-0.38,,,slab_mismatch,reference_unavailable,,False,False,True,
Pd111,N2,beef_vdw,-0.38,,-0.134,slab_mismatch,available,,False,False,True,
Pd111,NH3,pbe,-1.33,-0.696,-0.686,available,available,/pscratch/sd/j/jcho5/VASP/completion_runs/matched_potential_slabs_20260915/slab/Pd111_ffc3f47166/pbe,False,False,True,
Pd111,NH3,pbe_d3,-1.33,-0.979,-0.893,available,available,/pscratch/sd/j/jcho5/VASP/completion_runs/matched_potential_slabs_20260915/slab/Pd111_0333765c8d/pbe_d3,False,False,True,
Pd111,NH3,r2scan,-1.33,,,slab_mismatch,reference_unavailable,,False,False,True,
Pd111,NH3,beef_vdw,-1.33,-0.775,-0.673,available,available,/pscratch/sd/j/jcho5/VASP/completion_runs/matched_potential_slabs_20260915/slab/Pd111_f1f527eac1/beef_vdw,False,False,True,
Pd111,NO,pbe,-2.41,-2.582,-2.574,available,available,/pscratch/sd/j/jcho5/VASP/completion_runs/matched_potential_slabs_20260915/slab/Pd111_ffc3f47166/pbe,False,False,True,
Pd111,NO,pbe_d3,-2.41,-2.817,-2.736,available,available,/pscratch/sd/j/jcho5/VASP/completion_runs/matched_potential_slabs_20260915/slab/Pd111_0333765c8d/pbe_d3,False,False,True,
Pd111,NO,r2scan,-2.41,,,slab_mismatch,reference_unavailable,,False,False,True,
Pd111,NO,beef_vdw,-2.41,-9.108,-9.047,available; energy review,available; energy review,/pscratch/sd/j/jcho5/VASP/completion_runs/matched_potential_slabs_20260915/slab/Pd111_f1f527eac1/beef_vdw,True,True,True,
Pd111,SO2,pbe,-1.35,-1.049,-1.024,available,available,/pscratch/sd/j/jcho5/VASP/completion_runs/matched_potential_slabs_20260915/slab/Pd111_ffc3f47166/pbe,False,False,True,
Pd111,SO2,pbe_d3,-1.35,-1.627,-1.501,available,available,/pscratch/sd/j/jcho5/VASP/completion_runs/matched_potential_slabs_20260915/slab/Pd111_0333765c8d/pbe_d3,False,False,True,
Pd111,SO2,r2scan,-1.35,,,slab_mismatch,reference_unavailable,,False,False,True,
Pd111,SO2,beef_vdw,-1.35,-1.213,-1.093,available,available,/pscratch/sd/j/jcho5/VASP/completion_runs/matched_potential_slabs_20260915/slab/Pd111_f1f527eac1/beef_vdw,False,False,True,
Pd111,acetaldehyde,pbe,-0.64,-0.163,-0.112,available,available,/pscratch/sd/j/jcho5/VASP/completion_runs/matched_potential_slabs_20260915/slab/Pd111_ffc3f47166/pbe,False,False,True,
Pd111,acetaldehyde,pbe_d3,-0.64,-0.581,-0.468,available,available,/pscratch/sd/j/jcho5/VASP/completion_runs/matched_potential_slabs_20260915/slab/Pd111_0333765c8d/pbe_d3,False,False,True,
Pd111,acetaldehyde,r2scan,-0.64,,,potential mismatch,potential mismatch,/pscratch/sd/j/jcho5/VASP/completion_runs/matched_potential_slabs_20260915/slab/Pd111_5174c1fcdf/r2scan,False,False,True,
Pd111,acetaldehyde,beef_vdw,-0.64,-0.469,-0.32,available,available,/pscratch/sd/j/jcho5/VASP/completion_runs/matched_potential_slabs_20260915/slab/Pd111_f1f527eac1/beef_vdw,False,False,True,
Pd111,acetic_acid,pbe,-0.7,,,slab_mismatch,reference_unavailable,,False,False,True,
Pd111,acetic_acid,pbe_d3,-0.7,,,slab_mismatch,reference_unavailable,,False,False,True,
Pd111,acetic_acid,r2scan,-0.7,,,refs unverified,potential mismatch,/pscratch/sd/j/jcho5/VASP/completion_runs/matched_potential_slabs_20260915/slab/Pd111_5174c1fcdf/r2scan,False,False,True,
Pd111,acetic_acid,beef_vdw,-0.7,-0.584,-0.506,available,available,/pscratch/sd/j/jcho5/VASP/completion_runs/matched_potential_slabs_20260915/slab/Pd111_f1f527eac1/beef_vdw,False,False,True,
Pd111,ethane,pbe,-0.46,-0.046,0.03,available,available,,False,False,True,
Pd111,ethane,pbe_d3,-0.46,-0.413,-0.18,available,available,,False,False,True,
Pd111,ethane,r2scan,-0.46,,-0.015,refs unverified,available,,False,False,True,
Pd111,ethane,beef_vdw,-0.46,-0.343,-0.215,available,available,,False,False,True,
Pd111,ethanol,pbe,-0.67,-0.291,-0.26,available,available,,False,False,True,
Pd111,ethanol,pbe_d3,-0.67,-0.763,-0.552,available,available,,False,False,True,
Pd111,ethanol,r2scan,-0.67,-0.539,-0.386,available,available,,False,False,True,
Pd111,ethanol,beef_vdw,-0.67,-0.622,-0.521,available,available,,False,False,True,
Pd111,ethene,pbe,-1.27,-0.684,-0.656,available,available,/pscratch/sd/j/jcho5/VASP/completion_runs/matched_potential_slabs_20260915/slab/Pd111_ffc3f47166/pbe,False,False,True,
Pd111,ethene,pbe_d3,-1.27,-1.104,-1.016,available,available,/pscratch/sd/j/jcho5/VASP/completion_runs/matched_potential_slabs_20260915/slab/Pd111_0333765c8d/pbe_d3,False,False,True,
Pd111,ethene,r2scan,-1.27,,,refs unverified,potential mismatch,/pscratch/sd/j/jcho5/VASP/completion_runs/matched_potential_slabs_20260915/slab/Pd111_5174c1fcdf/r2scan,False,False,True,
Pd111,ethene,beef_vdw,-1.27,-0.821,-0.707,available,available,/pscratch/sd/j/jcho5/VASP/completion_runs/matched_potential_slabs_20260915/slab/Pd111_f1f527eac1/beef_vdw,False,False,True,
Pd111,formaldehyde,pbe,-0.5,-0.157,-0.116,available,available,/pscratch/sd/j/jcho5/VASP/completion_runs/matched_potential_slabs_20260915/slab/Pd111_ffc3f47166/pbe,False,False,True,
Pd111,formaldehyde,pbe_d3,-0.5,-0.452,-0.33,available,available,/pscratch/sd/j/jcho5/VASP/completion_runs/matched_potential_slabs_20260915/slab/Pd111_0333765c8d/pbe_d3,False,False,True,
Pd111,formaldehyde,r2scan,-0.5,,,slab_mismatch,reference_unavailable,,False,False,True,
Pd111,formaldehyde,beef_vdw,-0.5,-0.371,-0.237,available,available,/pscratch/sd/j/jcho5/VASP/completion_runs/matched_potential_slabs_20260915/slab/Pd111_f1f527eac1/beef_vdw,False,False,True,
Pd111,formic_acid,pbe,-0.7,-0.326,-0.309,available,available,/pscratch/sd/j/jcho5/VASP/completion_runs/matched_potential_slabs_20260915/slab/Pd111_ffc3f47166/pbe,False,False,True,
Pd111,formic_acid,pbe_d3,-0.7,-0.705,-0.605,available,available,/pscratch/sd/j/jcho5/VASP/completion_runs/matched_potential_slabs_20260915/slab/Pd111_0333765c8d/pbe_d3,False,False,True,
Pd111,formic_acid,r2scan,-0.7,,,slab_mismatch,reference_unavailable,,False,False,True,
Pd111,formic_acid,beef_vdw,-0.7,-0.535,-0.442,available,available,/pscratch/sd/j/jcho5/VASP/completion_runs/matched_potential_slabs_20260915/slab/Pd111_f1f527eac1/beef_vdw,False,False,True,
Pd111,glycerol,pbe,-1.01,,0.268,refs unverified,available,,False,False,True,
Pd111,glycerol,pbe_d3,-1.01,,-0.286,refs unverified,available,,False,False,True,
Pd111,glycerol,r2scan,-1.01,,0.092,refs unverified,available,,False,False,True,
Pd111,glycerol,beef_vdw,-1.01,,,no matching Perlmutter calculation,refs unverified,,False,False,True,
Pd111,isopropanol,pbe,-0.77,,0.218,refs unverified,available,,False,False,True,
Pd111,isopropanol,pbe_d3,-0.77,,-0.081,refs unverified,available,,False,False,True,
Pd111,isopropanol,r2scan,-0.77,,0.144,refs unverified,available,,False,False,True,
Pd111,isopropanol,beef_vdw,-0.77,,-0.191,no matching Perlmutter calculation,available,,False,False,True,
Pd111,methane,pbe,-0.58,-0.02,0.072,available,available,/pscratch/sd/j/jcho5/VASP/completion_runs/matched_potential_slabs_20260915/slab/Pd111_ffc3f47166/pbe,False,False,True,
Pd111,methane,pbe_d3,-0.58,-0.233,-0.118,available,available,/pscratch/sd/j/jcho5/VASP/completion_runs/matched_potential_slabs_20260915/slab/Pd111_0333765c8d/pbe_d3,False,False,True,
Pd111,methane,r2scan,-0.58,,,potential mismatch,recovery completed,/pscratch/sd/j/jcho5/VASP/completion_runs/matched_potential_slabs_20260915/slab/Pd111_5174c1fcdf/r2scan,False,False,True,
Pd111,methane,beef_vdw,-0.58,-0.224,-0.079,available,available,/pscratch/sd/j/jcho5/VASP/completion_runs/matched_potential_slabs_20260915/slab/Pd111_f1f527eac1/beef_vdw,False,False,True,
Pd111,methanol,pbe,-0.62,-0.229,-0.19,available,available,/pscratch/sd/j/jcho5/VASP/completion_runs/matched_potential_slabs_20260915/slab/Pd111_ffc3f47166/pbe,False,False,True,
Pd111,methanol,pbe_d3,-0.62,-0.592,-0.497,available,available,/pscratch/sd/j/jcho5/VASP/completion_runs/matched_potential_slabs_20260915/slab/Pd111_0333765c8d/pbe_d3,False,False,True,
Pd111,methanol,r2scan,-0.62,,,potential mismatch,potential mismatch,/pscratch/sd/j/jcho5/VASP/completion_runs/matched_potential_slabs_20260915/slab/Pd111_5174c1fcdf/r2scan,False,False,True,
Pd111,methanol,beef_vdw,-0.62,-0.488,-0.362,available,available,/pscratch/sd/j/jcho5/VASP/completion_runs/matched_potential_slabs_20260915/slab/Pd111_f1f527eac1/beef_vdw,False,False,True,
Pd111,propane,pbe,-0.49,,0.314,refs unverified,available,,False,False,True,
Pd111,propane,pbe_d3,-0.49,,0.043,refs unverified,available,,False,False,True,
Pd111,propane,r2scan,-0.49,,0.218,refs unverified,available,,False,False,True,
Pd111,propane,beef_vdw,-0.49,,-0.105,no matching Perlmutter calculation,available,,False,False,True,
Pd111,propanol,pbe,-0.76,,0.199,refs unverified,available,,False,False,True,
Pd111,propanol,pbe_d3,-0.76,,-0.185,refs unverified,available,,False,False,True,
Pd111,propanol,r2scan,-0.76,,0.054,refs unverified,available,,False,False,True,
Pd111,propanol,beef_vdw,-0.76,,-0.222,no matching Perlmutter calculation,available,,False,False,True,
Pd111,propene,pbe,-1.18,,-0.454,refs unverified,available,,False,False,True,
Pd111,propene,pbe_d3,-1.18,,-0.722,refs unverified,available,,False,False,True,
Pd111,propene,r2scan,-1.18,,-0.632,refs unverified,available,,False,False,True,
Pd111,propene,beef_vdw,-1.18,,-0.725,no matching Perlmutter calculation,available,,False,False,True,
Pt100,CH3,pbe,-2.77,,,refs unverified,potential mismatch,,False,False,True,
Pt100,CH3,pbe_d3,-2.77,,,refs unverified,potential mismatch,,False,False,True,
Pt100,CH3,r2scan,-2.77,,,refs unverified,potential mismatch,,False,False,True,
Pt100,CH3,beef_vdw,-2.77,,,potential_mismatch,potential mismatch,,False,False,True,
Pt100,CO,pbe,-2.59,,,refs unverified,potential mismatch,,False,False,True,
Pt100,CO,pbe_d3,-2.59,,,refs unverified,potential mismatch,,False,False,True,
Pt100,CO,r2scan,-2.59,,,refs unverified,potential mismatch,,False,False,True,
Pt100,CO,beef_vdw,-2.59,,,potential_mismatch,potential mismatch,,False,False,True,
Pt100,CO2,pbe,-0.51,-0.011,0.008,available,available,/pscratch/sd/j/jcho5/VASP/completion_runs/matched_potential_slabs_20260915/slab/Pt100_a49f22e12a/pbe,False,False,True,
Pt100,CO2,pbe_d3,-0.51,,,slab_mismatch,reference_unavailable,,False,False,True,
Pt100,CO2,r2scan,-0.51,,-0.014,refs unverified,available,,False,False,True,
Pt100,CO2,beef_vdw,-0.51,-0.262,-0.115,available,available,/pscratch/sd/j/jcho5/VASP/completion_runs/matched_potential_slabs_20260915/slab/Pt100_529df1e123/beef_vdw,False,False,True,
Pt100,DME,pbe,-0.52,,,potential_mismatch,potential mismatch,/pscratch/sd/j/jcho5/VASP/completion_runs/dme_references_davidson_20260915/molecule/DME/PBE,False,False,True,
Pt100,DME,pbe_d3,-0.52,,,potential_mismatch,potential mismatch,/pscratch/sd/j/jcho5/VASP/completion_runs/dme_references_davidson_20260915/molecule/DME/PBE_D3,False,False,True,
Pt100,DME,r2scan,-0.52,,,refs unverified,potential mismatch,,False,False,True,
Pt100,DME,beef_vdw,-0.52,,,potential_mismatch,potential mismatch,,False,False,True,
Pt100,H2O,pbe,-0.73,,,refs unverified,potential mismatch,,False,False,True,
Pt100,H2O,pbe_d3,-0.73,,,refs unverified,potential mismatch,,False,False,True,
Pt100,H2O,r2scan,-0.73,,,refs unverified,potential mismatch,,False,False,True,
Pt100,H2O,beef_vdw,-0.73,,,potential_mismatch,potential mismatch,,False,False,True,
Pt100,H2S,pbe,-1.21,,,refs unverified,potential mismatch,,False,False,True,
Pt100,H2S,pbe_d3,-1.21,,,refs unverified,potential mismatch,,False,False,True,
Pt100,H2S,r2scan,-1.21,,,refs unverified,potential mismatch,,False,False,True,
Pt100,H2S,beef_vdw,-1.21,,,potential_mismatch,potential mismatch,,False,False,True,
Pt100,N2,pbe,-0.53,,,refs unverified,potential mismatch,,False,False,True,
Pt100,N2,pbe_d3,-0.53,,,refs unverified,potential mismatch,,False,False,True,
Pt100,N2,r2scan,-0.53,,,refs unverified,potential mismatch,,False,False,True,
Pt100,N2,beef_vdw,-0.53,,,potential_mismatch,potential mismatch,,False,False,True,
Pt100,NH3,pbe,-1.51,,,refs unverified,potential mismatch,,False,False,True,
Pt100,NH3,pbe_d3,-1.51,,,refs unverified,potential mismatch,,False,False,True,
Pt100,NH3,r2scan,-1.51,,,refs unverified,potential mismatch,,False,False,True,
Pt100,NH3,beef_vdw,-1.51,,,potential_mismatch,potential mismatch,,False,False,True,
Pt100,NO,pbe,-2.56,,,refs unverified,potential mismatch,,False,False,True,
Pt100,NO,pbe_d3,-2.56,,,refs unverified,potential mismatch,,False,False,True,
Pt100,NO,r2scan,-2.56,,,potential_mismatch,reference_unavailable,,False,False,True,
Pt100,NO,beef_vdw,-2.56,,,potential_mismatch,potential mismatch,,False,False,True,
Pt100,SO2,pbe,-1.6,,,refs unverified,potential mismatch,,False,False,True,
Pt100,SO2,pbe_d3,-1.6,,,refs unverified,potential mismatch,,False,False,True,
Pt100,SO2,r2scan,-1.6,,,potential_mismatch,potential mismatch,,False,False,True,
Pt100,SO2,beef_vdw,-1.6,,,potential_mismatch,potential mismatch,,False,False,True,
Pt100,acetaldehyde,pbe,-0.66,,,refs unverified,potential mismatch,,False,False,True,
Pt100,acetaldehyde,pbe_d3,-0.66,,,refs unverified,potential mismatch,,False,False,True,
Pt100,acetaldehyde,r2scan,-0.66,,,refs unverified,potential mismatch,,False,False,True,
Pt100,acetaldehyde,beef_vdw,-0.66,,,potential_mismatch,potential mismatch,,False,False,True,
Pt100,acetic_acid,pbe,-0.8,,,potential_mismatch,reference_unavailable,,False,False,True,
Pt100,acetic_acid,pbe_d3,-0.8,,,potential_mismatch,reference_unavailable,,False,False,True,
Pt100,acetic_acid,r2scan,-0.8,,,refs unverified,potential mismatch,,False,False,True,
Pt100,acetic_acid,beef_vdw,-0.8,,,potential_mismatch,potential mismatch,,False,False,True,
Pt100,ethane,pbe,-0.48,-0.009,0.073,available,available,/pscratch/sd/j/jcho5/VASP/completion_runs/matched_potential_slabs_20260915/slab/Pt100_a49f22e12a/pbe,False,False,True,
Pt100,ethane,pbe_d3,-0.48,-0.446,-0.283,available,available,/pscratch/sd/j/jcho5/VASP/completion_runs/matched_potential_slabs_20260915/slab/Pt100_3c53559c7d/pbe_d3,False,False,True,
Pt100,ethane,r2scan,-0.48,,-0.036,refs unverified,available,/pscratch/sd/j/jcho5/VASP/completion_runs/matched_potential_slabs_20260915/slab/Pt100_d508ddc3d6/r2scan,False,False,True,
Pt100,ethane,beef_vdw,-0.48,-0.312,-0.098,available,available,/pscratch/sd/j/jcho5/VASP/completion_runs/matched_potential_slabs_20260915/slab/Pt100_529df1e123/beef_vdw,False,False,True,
Pt100,ethanol,pbe,-0.71,-0.363,-0.318,available,available,/pscratch/sd/j/jcho5/VASP/completion_runs/matched_potential_slabs_20260915/slab/Pt100_a49f22e12a/pbe,False,False,True,
Pt100,ethanol,pbe_d3,-0.71,-0.893,-0.772,available,available,/pscratch/sd/j/jcho5/VASP/completion_runs/matched_potential_slabs_20260915/slab/Pt100_3c53559c7d/pbe_d3,False,False,True,
Pt100,ethanol,r2scan,-0.71,,-0.513,refs unverified,available,/pscratch/sd/j/jcho5/VASP/completion_runs/matched_potential_slabs_20260915/slab/Pt100_d508ddc3d6/r2scan,False,False,True,
Pt100,ethanol,beef_vdw,-0.71,-0.671,-0.464,available,available,/pscratch/sd/j/jcho5/VASP/completion_runs/matched_potential_slabs_20260915/slab/Pt100_529df1e123/beef_vdw,False,False,True,
Pt100,ethene,pbe,-1.61,,,refs unverified,potential mismatch,,False,False,True,
Pt100,ethene,pbe_d3,-1.61,,,refs unverified,potential mismatch,,False,False,True,
Pt100,ethene,r2scan,-1.61,,,refs unverified,potential mismatch,,False,False,True,
Pt100,ethene,beef_vdw,-1.61,,,potential_mismatch,potential mismatch,,False,False,True,
Pt100,formaldehyde,pbe,-1.17,,,refs unverified,potential mismatch,,False,False,True,
Pt100,formaldehyde,pbe_d3,-1.17,,,refs unverified,potential mismatch,,False,False,True,
Pt100,formaldehyde,r2scan,-1.17,,,refs unverified,potential mismatch,,False,False,True,
Pt100,formaldehyde,beef_vdw,-1.17,,,potential_mismatch,potential mismatch,,False,False,True,
Pt100,formic_acid,pbe,-0.82,,,refs unverified,potential mismatch,,False,False,True,
Pt100,formic_acid,pbe_d3,-0.82,,,refs unverified,potential mismatch,,False,False,True,
Pt100,formic_acid,r2scan,-0.82,,,refs unverified,potential mismatch,,False,False,True,
Pt100,formic_acid,beef_vdw,-0.82,,,potential_mismatch,potential mismatch,,False,False,True,
Pt100,glycerol,pbe,-1.05,,0.376,refs unverified,available,,False,False,True,
Pt100,glycerol,pbe_d3,-1.05,,-0.384,refs unverified,available,,False,False,True,
Pt100,glycerol,r2scan,-1.05,,,refs unverified,refs unverified,,False,False,True,
Pt100,glycerol,beef_vdw,-1.05,,,no matching Perlmutter calculation,refs unverified,,False,False,True,
Pt100,isopropanol,pbe,-0.79,,0.398,refs unverified,available,,False,False,True,
Pt100,isopropanol,pbe_d3,-0.79,,-0.082,refs unverified,available,,False,False,True,
Pt100,isopropanol,r2scan,-0.79,,0.29,refs unverified,available,,False,False,True,
Pt100,isopropanol,beef_vdw,-0.79,,0.039,no matching Perlmutter calculation,available,,False,False,True,
Pt100,methane,pbe,-0.62,,,refs unverified,potential mismatch,,False,False,True,
Pt100,methane,pbe_d3,-0.62,,,refs unverified,potential mismatch,,False,False,True,
Pt100,methane,r2scan,-0.62,,,refs unverified,potential mismatch,,False,False,True,
Pt100,methane,beef_vdw,-0.62,,,potential_mismatch,potential mismatch,,False,False,True,
Pt100,methanol,pbe,-0.66,,,refs unverified,potential mismatch,,False,False,True,
Pt100,methanol,pbe_d3,-0.66,,,refs unverified,potential mismatch,,False,False,True,
Pt100,methanol,r2scan,-0.66,,,refs unverified,potential mismatch,,False,False,True,
Pt100,methanol,beef_vdw,-0.66,,,potential_mismatch,potential mismatch,,False,False,True,
Pt100,propane,pbe,-0.54,,0.605,refs unverified,available,,False,False,True,
Pt100,propane,pbe_d3,-0.54,,0.073,refs unverified,available,,False,False,True,
Pt100,propane,r2scan,-0.54,,0.44,refs unverified,available,,False,False,True,
Pt100,propane,beef_vdw,-0.54,,0.227,no matching Perlmutter calculation,available,,False,False,True,
Pt100,propanol,pbe,-0.81,,0.432,refs unverified,available,,False,False,True,
Pt100,propanol,pbe_d3,-0.81,,-0.173,refs unverified,available,,False,False,True,
Pt100,propanol,r2scan,-0.81,,0.258,refs unverified,available,,False,False,True,
Pt100,propanol,beef_vdw,-0.81,,0.043,no matching Perlmutter calculation,available,,False,False,True,
Pt100,propene,pbe,-1.82,,-0.882,refs unverified,available,,False,False,True,
Pt100,propene,pbe_d3,-1.82,,-1.385,refs unverified,available,,False,False,True,
Pt100,propene,r2scan,-1.82,,-1.153,refs unverified,available,,False,False,True,
Pt100,propene,beef_vdw,-1.82,,-1.068,no matching Perlmutter calculation,available,,False,False,True,
Pt110,CH3,pbe,-2.86,,,refs unverified,potential mismatch,,False,False,True,
Pt110,CH3,pbe_d3,-2.86,,,refs unverified,potential mismatch,,False,False,True,
Pt110,CH3,r2scan,-2.86,,,refs unverified,potential mismatch,,False,False,True,
Pt110,CH3,beef_vdw,-2.86,,,potential_mismatch,potential mismatch,,False,False,True,
Pt110,CO,pbe,-2.63,,,refs unverified,potential mismatch,,False,False,True,
Pt110,CO,pbe_d3,-2.63,,,refs unverified,potential mismatch,,False,False,True,
Pt110,CO,r2scan,-2.63,,,potential_mismatch,potential mismatch,,False,False,True,
Pt110,CO,beef_vdw,-2.63,,,potential_mismatch,potential mismatch,,False,False,True,
Pt110,CO2,pbe,-0.51,,,refs unverified,potential mismatch,,False,False,True,
Pt110,CO2,pbe_d3,-0.51,,,potential_mismatch,reference_unavailable,,False,False,True,
Pt110,CO2,r2scan,-0.51,,,refs unverified,potential mismatch,,False,False,True,
Pt110,CO2,beef_vdw,-0.51,,,potential_mismatch,potential mismatch,,False,False,True,
Pt110,DME,pbe,-0.58,,,potential_mismatch,potential mismatch,/pscratch/sd/j/jcho5/VASP/completion_runs/dme_references_davidson_20260915/molecule/DME/PBE,False,False,True,
Pt110,DME,pbe_d3,-0.58,,,potential_mismatch,potential mismatch,/pscratch/sd/j/jcho5/VASP/completion_runs/dme_references_davidson_20260915/molecule/DME/PBE_D3,False,False,True,
Pt110,DME,r2scan,-0.58,,,refs unverified,potential mismatch,,False,False,True,
Pt110,DME,beef_vdw,-0.58,,,potential_mismatch,potential mismatch,,False,False,True,
Pt110,H2O,pbe,-0.93,,,refs unverified,potential mismatch,,False,False,True,
Pt110,H2O,pbe_d3,-0.93,,,refs unverified,potential mismatch,,False,False,True,
Pt110,H2O,r2scan,-0.93,,,refs unverified,potential mismatch,,False,False,True,
Pt110,H2O,beef_vdw,-0.93,,,potential_mismatch,potential mismatch,,False,False,True,
Pt110,H2S,pbe,-2.43,,,refs unverified,potential mismatch,,False,False,True,
Pt110,H2S,pbe_d3,-2.43,,,refs unverified,potential mismatch,,False,False,True,
Pt110,H2S,r2scan,-2.43,,,refs unverified,potential mismatch,,False,False,True,
Pt110,H2S,beef_vdw,-2.43,,,potential_mismatch,potential mismatch,,False,False,True,
Pt110,N2,pbe,-0.66,,,refs unverified,potential mismatch,,False,False,True,
Pt110,N2,pbe_d3,-0.66,,,refs unverified,potential mismatch,,False,False,True,
Pt110,N2,r2scan,-0.66,,,refs unverified,potential mismatch,,False,False,True,
Pt110,N2,beef_vdw,-0.66,,,potential_mismatch,potential mismatch,,False,False,True,
Pt110,NH3,pbe,-1.62,,,refs unverified,potential mismatch,,False,False,True,
Pt110,NH3,pbe_d3,-1.62,,,refs unverified,potential mismatch,,False,False,True,
Pt110,NH3,r2scan,-1.62,,,refs unverified,potential mismatch,,False,False,True,
Pt110,NH3,beef_vdw,-1.62,,,potential_mismatch,potential mismatch,,False,False,True,
Pt110,NO,pbe,-2.31,,,refs unverified,potential mismatch,,False,False,True,
Pt110,NO,pbe_d3,-2.31,,,refs unverified,potential mismatch,,False,False,True,
Pt110,NO,r2scan,-2.31,,,potential_mismatch,reference_unavailable,,False,False,True,
Pt110,NO,beef_vdw,-2.31,,,potential_mismatch,potential mismatch,,False,False,True,
Pt110,SO2,pbe,-1.71,,,refs unverified,potential mismatch,,False,False,True,
Pt110,SO2,pbe_d3,-1.71,,,refs unverified,potential mismatch,,False,False,True,
Pt110,SO2,r2scan,-1.71,,,potential_mismatch,potential mismatch,,False,False,True,
Pt110,SO2,beef_vdw,-1.71,,,potential_mismatch,complex_unconverged,,False,False,True,
Pt110,acetaldehyde,pbe,-0.71,,,refs unverified,potential mismatch,,False,False,True,
Pt110,acetaldehyde,pbe_d3,-0.71,,,refs unverified,potential mismatch,,False,False,True,
Pt110,acetaldehyde,r2scan,-0.71,,,refs unverified,potential mismatch,,False,False,True,
Pt110,acetaldehyde,beef_vdw,-0.71,,,potential_mismatch,potential mismatch,,False,False,True,
Pt110,acetic_acid,pbe,-0.94,,,potential_mismatch,reference_unavailable,,False,False,True,
Pt110,acetic_acid,pbe_d3,-0.94,,,potential_mismatch,reference_unavailable,,False,False,True,
Pt110,acetic_acid,r2scan,-0.94,,,refs unverified,potential mismatch,,False,False,True,
Pt110,acetic_acid,beef_vdw,-0.94,,,potential_mismatch,potential mismatch,,False,False,True,
Pt110,ethane,pbe,-0.56,-0.047,0.016,available,available,/pscratch/sd/j/jcho5/VASP/completion_runs/matched_potential_slabs_20260915/slab/Pt110_9df8ef40c0/pbe,False,False,True,
Pt110,ethane,pbe_d3,-0.56,-0.471,-0.387,available,available,/pscratch/sd/j/jcho5/VASP/completion_runs/matched_potential_slabs_20260915/slab/Pt110_b45ee2f606/pbe_d3,False,False,True,
Pt110,ethane,r2scan,-0.56,,,refs unverified,potential mismatch,/pscratch/sd/j/jcho5/VASP/completion_runs/matched_potential_slabs_20260915/slab/Pt110_dc8c419e9d/r2scan,False,False,True,
Pt110,ethane,beef_vdw,-0.56,,-0.163,slab_mismatch,available,/pscratch/sd/j/jcho5/VASP/completion_runs/matched_potential_slabs_20260915/slab/Pt110_b114012bf7/beef_vdw,False,False,True,
Pt110,ethanol,pbe,-0.9,-0.458,-0.434,available,available,/pscratch/sd/j/jcho5/VASP/completion_runs/matched_potential_slabs_20260915/slab/Pt110_9df8ef40c0/pbe,False,False,True,
Pt110,ethanol,pbe_d3,-0.9,-1.052,-0.96,available,available,/pscratch/sd/j/jcho5/VASP/completion_runs/matched_potential_slabs_20260915/slab/Pt110_b45ee2f606/pbe_d3,False,False,True,
Pt110,ethanol,r2scan,-0.9,,,refs unverified,potential mismatch,/pscratch/sd/j/jcho5/VASP/completion_runs/matched_potential_slabs_20260915/slab/Pt110_dc8c419e9d/r2scan,False,False,True,
Pt110,ethanol,beef_vdw,-0.9,-0.738,-0.594,available,available,/pscratch/sd/j/jcho5/VASP/completion_runs/matched_potential_slabs_20260915/slab/Pt110_b114012bf7/beef_vdw,False,False,True,
Pt110,ethene,pbe,-2.09,,,refs unverified,potential mismatch,,False,False,True,
Pt110,ethene,pbe_d3,-2.09,,,refs unverified,potential mismatch,,False,False,True,
Pt110,ethene,r2scan,-2.09,,,refs unverified,potential mismatch,,False,False,True,
Pt110,ethene,beef_vdw,-2.09,,,potential_mismatch,potential mismatch,,False,False,True,
Pt110,formaldehyde,pbe,-1.44,,,refs unverified,potential mismatch,,False,False,True,
Pt110,formaldehyde,pbe_d3,-1.44,,,refs unverified,potential mismatch,,False,False,True,
Pt110,formaldehyde,r2scan,-1.44,,,refs unverified,potential mismatch,,False,False,True,
Pt110,formaldehyde,beef_vdw,-1.44,,,potential_mismatch,potential mismatch,,False,False,True,
Pt110,formic_acid,pbe,-0.92,,,refs unverified,potential mismatch,,False,False,True,
Pt110,formic_acid,pbe_d3,-0.92,,,refs unverified,potential mismatch,,False,False,True,
Pt110,formic_acid,r2scan,-0.92,,,refs unverified,potential mismatch,,False,False,True,
Pt110,formic_acid,beef_vdw,-0.92,,,potential_mismatch,potential mismatch,,False,False,True,
Pt110,glycerol,pbe,-1.18,,0.133,refs unverified,available,,False,False,True,
Pt110,glycerol,pbe_d3,-1.18,,-0.958,refs unverified,available,,False,False,True,
Pt110,glycerol,r2scan,-1.18,,,refs unverified,potential mismatch,,False,False,True,
Pt110,glycerol,beef_vdw,-1.18,,,no matching Perlmutter calculation,refs unverified,,False,False,True,
Pt110,isopropanol,pbe,-0.98,,0.537,refs unverified,available,,False,False,True,
Pt110,isopropanol,pbe_d3,-0.98,,-0.321,refs unverified,available,,False,False,True,
Pt110,isopropanol,r2scan,-0.98,,,refs unverified,potential mismatch,,False,False,True,
Pt110,isopropanol,beef_vdw,-0.98,,0.38,no matching Perlmutter calculation,available,,False,False,True,
Pt110,methane,pbe,-0.63,,,refs unverified,potential mismatch,,False,False,True,
Pt110,methane,pbe_d3,-0.63,,,refs unverified,potential mismatch,,False,False,True,
Pt110,methane,r2scan,-0.63,,,refs unverified,potential mismatch,,False,False,True,
Pt110,methane,beef_vdw,-0.63,,,potential_mismatch,potential mismatch,,False,False,True,
Pt110,methanol,pbe,-0.85,,,refs unverified,potential mismatch,,False,False,True,
Pt110,methanol,pbe_d3,-0.85,,,refs unverified,potential mismatch,,False,False,True,
Pt110,methanol,r2scan,-0.85,,,refs unverified,potential mismatch,,False,False,True,
Pt110,methanol,beef_vdw,-0.85,,,potential_mismatch,potential mismatch,,False,False,True,
Pt110,propane,pbe,-0.65,,0.624,refs unverified,available,,False,False,True,
Pt110,propane,pbe_d3,-0.65,,-0.115,refs unverified,available,,False,False,True,
Pt110,propane,r2scan,-0.65,,,refs unverified,potential mismatch,,False,False,True,
Pt110,propane,beef_vdw,-0.65,,0.487,no matching Perlmutter calculation,available,,False,False,True,
Pt110,propanol,pbe,-0.94,,0.718,refs unverified,available,,False,False,True,
Pt110,propanol,pbe_d3,-0.94,,-0.115,refs unverified,available,,False,False,True,
Pt110,propanol,r2scan,-0.94,,,refs unverified,potential mismatch,,False,False,True,
Pt110,propanol,beef_vdw,-0.94,,0.588,no matching Perlmutter calculation,available,,False,False,True,
Pt110,propene,pbe,-1.71,,-0.469,refs unverified,available,,False,False,True,
Pt110,propene,pbe_d3,-1.71,,-1.264,refs unverified,available,,False,False,True,
Pt110,propene,r2scan,-1.71,,,refs unverified,potential mismatch,,False,False,True,
Pt110,propene,beef_vdw,-1.71,,-0.45,no matching Perlmutter calculation,available,,False,False,True,
Pt111,CO2,pbe,-0.49,,,refs unverified,potential mismatch,,False,False,True,
Pt111,CO2,pbe_d3,-0.49,,,potential_mismatch,reference_unavailable,,False,False,True,
Pt111,CO2,r2scan,-0.49,,,refs unverified,potential mismatch,,False,False,True,
Pt111,CO2,beef_vdw,-0.49,,,potential_mismatch,potential mismatch,,False,False,True,
Pt111,ethane,pbe,-0.43,,,refs unverified,refs unverified,,False,False,True,
Pt111,ethane,pbe_d3,-0.43,,,refs unverified,refs unverified,,False,False,True,
Pt111,ethane,r2scan,-0.43,,,refs unverified,refs unverified,,False,False,True,
Pt111,ethane,beef_vdw,-0.43,,,no matching Perlmutter calculation,refs unverified,,False,False,True,
Pt111,ethanol,pbe,-0.64,,-0.175,refs unverified,available,/pscratch/sd/j/jcho5/VASP/completion_runs/matched_potential_slabs_20260915/slab/Pt111_ac28ddddd3/pbe,False,False,True,
Pt111,ethanol,pbe_d3,-0.64,,-0.66,refs unverified,available,/pscratch/sd/j/jcho5/VASP/completion_runs/matched_potential_slabs_20260915/slab/Pt111_c3286ec1f4/pbe_d3,False,False,True,
Pt111,ethanol,r2scan,-0.64,,,refs unverified,potential mismatch,/pscratch/sd/j/jcho5/VASP/completion_runs/matched_potential_slabs_20260915/slab/Pt111_f47184e1d6/r2scan,False,False,True,
Pt111,ethanol,beef_vdw,-0.64,,,error,potential mismatch,/pscratch/sd/j/jcho5/VASP/completion_runs/matched_potential_slabs_20260915/slab/Pt111_b3d4634709/beef_vdw,False,False,True,
Pt111,ethene,pbe,-1.79,,-0.621,refs unverified,available,/pscratch/sd/j/jcho5/VASP/completion_runs/matched_potential_slabs_20260915/slab/Pt111_ac28ddddd3/pbe,False,False,True,
Pt111,ethene,pbe_d3,-1.79,,-1.058,refs unverified,available,/pscratch/sd/j/jcho5/VASP/completion_runs/matched_potential_slabs_20260915/slab/Pt111_c3286ec1f4/pbe_d3,False,False,True,
Pt111,ethene,r2scan,-1.79,,,refs unverified,potential mismatch,/pscratch/sd/j/jcho5/VASP/completion_runs/matched_potential_slabs_20260915/slab/Pt111_f47184e1d6/r2scan,False,False,True,
Pt111,ethene,beef_vdw,-1.79,,,error,refs unverified,,False,False,True,
Pt111,formic_acid,pbe,-0.75,-0.267,-0.191,available,available,/pscratch/sd/j/jcho5/VASP/completion_runs/matched_potential_slabs_20260915/slab/Pt111_ac28ddddd3/pbe,False,False,True,
Pt111,formic_acid,pbe_d3,-0.75,-0.705,-0.543,available,available,/pscratch/sd/j/jcho5/VASP/completion_runs/matched_potential_slabs_20260915/slab/Pt111_c3286ec1f4/pbe_d3,False,False,True,
Pt111,formic_acid,r2scan,-0.75,,,slab_mismatch,reference_unavailable,,False,False,True,
Pt111,formic_acid,beef_vdw,-0.75,,,potential mismatch,recovery completed,/pscratch/sd/j/jcho5/VASP/completion_runs/matched_potential_slabs_20260915/slab/Pt111_b3d4634709/beef_vdw,False,False,True,
Pt111,glycerol,pbe,-0.82,,,refs unverified,refs unverified,,False,False,True,
Pt111,glycerol,pbe_d3,-0.82,,,refs unverified,refs unverified,,False,False,True,
Pt111,glycerol,r2scan,-0.82,,,refs unverified,refs unverified,,False,False,True,
Pt111,glycerol,beef_vdw,-0.82,,,no matching Perlmutter calculation,refs unverified,,False,False,True,
Pt111,isopropanol,pbe,-0.71,,,refs unverified,refs unverified,,False,False,True,
Pt111,isopropanol,pbe_d3,-0.71,,,refs unverified,refs unverified,,False,False,True,
Pt111,isopropanol,r2scan,-0.71,,,refs unverified,refs unverified,,False,False,True,
Pt111,isopropanol,beef_vdw,-0.71,,,no matching Perlmutter calculation,refs unverified,,False,False,True,
Pt111,methanol,pbe,-0.64,-0.214,-0.17,available,available,/pscratch/sd/j/jcho5/VASP/completion_runs/matched_potential_slabs_20260915/slab/Pt111_ac28ddddd3/pbe,False,False,True,
Pt111,methanol,pbe_d3,-0.64,-0.646,-0.512,available,available,/pscratch/sd/j/jcho5/VASP/completion_runs/matched_potential_slabs_20260915/slab/Pt111_c3286ec1f4/pbe_d3,False,False,True,
Pt111,methanol,r2scan,-0.64,,,potential mismatch,potential mismatch,/pscratch/sd/j/jcho5/VASP/completion_runs/matched_potential_slabs_20260915/slab/Pt111_f47184e1d6/r2scan,False,False,True,
Pt111,methanol,beef_vdw,-0.64,,,slab_mismatch,complex_unconverged,,False,False,True,
Pt111,propane,pbe,-0.49,,,refs unverified,refs unverified,,False,False,True,
Pt111,propane,pbe_d3,-0.49,,,refs unverified,refs unverified,,False,False,True,
Pt111,propane,r2scan,-0.49,,,refs unverified,refs unverified,,False,False,True,
Pt111,propane,beef_vdw,-0.49,,,no matching Perlmutter calculation,refs unverified,,False,False,True,
Pt111,propanol,pbe,-0.73,,,refs unverified,refs unverified,,False,False,True,
Pt111,propanol,pbe_d3,-0.73,,,refs unverified,refs unverified,,False,False,True,
Pt111,propanol,r2scan,-0.73,,,refs unverified,refs unverified,,False,False,True,
Pt111,propanol,beef_vdw,-0.73,,,no matching Perlmutter calculation,refs unverified,,False,False,True,
Pt111,propene,pbe,-1.68,,,refs unverified,refs unverified,,False,False,True,
Pt111,propene,pbe_d3,-1.68,,,refs unverified,refs unverified,,False,False,True,
Pt111,propene,r2scan,-1.68,,,refs unverified,refs unverified,,False,False,True,
Pt111,propene,beef_vdw,-1.68,,,no matching Perlmutter calculation,refs unverified,,False,False,True,
Rh100,CH3,pbe,-2.76,-1.902,,available,recovery completed; awaiting usable adsorption result,/pscratch/sd/j/jcho5/VASP/completion_runs/matched_potential_slabs_20260915/slab/Rh100_3b80ca62d8/pbe,False,False,True,
Rh100,CH3,pbe_d3,-2.76,-2.151,,available,recovery completed; awaiting usable adsorption result,/pscratch/sd/j/jcho5/VASP/completion_runs/matched_potential_slabs_20260915/slab/Rh100_012f04b189/pbe_d3,False,False,True,
Rh100,CH3,r2scan,-2.76,-1.854,-1.843,available,available,/pscratch/sd/j/jcho5/VASP/completion_runs/matched_potential_slabs_20260915/slab/Rh100_84c2195556/r2scan,False,False,True,
Rh100,CH3,beef_vdw,-2.76,-1.976,,available,recovery completed; awaiting usable adsorption result,/pscratch/sd/j/jcho5/VASP/completion_runs/matched_potential_slabs_20260915/slab/Rh100_b2891dc541/beef_vdw,False,False,True,
Rh100,CO,pbe,-2.6,-2.093,-2.02,available,available,/pscratch/sd/j/jcho5/VASP/completion_runs/matched_potential_slabs_20260915/slab/Rh100_3b80ca62d8/pbe,False,False,True,
Rh100,CO,pbe_d3,-2.6,-2.311,,available,recovery completed; awaiting usable adsorption result,/pscratch/sd/j/jcho5/VASP/completion_runs/matched_potential_slabs_20260915/slab/Rh100_012f04b189/pbe_d3,False,False,True,
Rh100,CO,r2scan,-2.6,-2.155,-2.132,available,available,/pscratch/sd/j/jcho5/VASP/completion_runs/matched_potential_slabs_20260915/slab/Rh100_84c2195556/r2scan,False,False,True,
Rh100,CO,beef_vdw,-2.6,-2.018,,available,recovery completed; awaiting usable adsorption result,/pscratch/sd/j/jcho5/VASP/completion_runs/matched_potential_slabs_20260915/slab/Rh100_b2891dc541/beef_vdw,False,False,True,
Rh100,CO2,pbe,-0.44,-0.016,0.095,available,available,/pscratch/sd/j/jcho5/VASP/completion_runs/matched_potential_slabs_20260915/slab/Rh100_3b80ca62d8/pbe,False,False,True,
Rh100,CO2,pbe_d3,-0.44,,,potential_mismatch,reference_unavailable,,False,False,True,
Rh100,CO2,r2scan,-0.44,-0.098,-0.074,available,available,/pscratch/sd/j/jcho5/VASP/completion_runs/matched_potential_slabs_20260915/slab/Rh100_84c2195556/r2scan,False,False,True,
Rh100,CO2,beef_vdw,-0.44,,,potential_mismatch,complex_unconverged,,False,False,True,
Rh100,DME,pbe,-0.65,-0.329,-0.251,available,available,/pscratch/sd/j/jcho5/VASP/completion_runs/matched_potential_slabs_20260915/slab/Rh100_3b80ca62d8/pbe,False,False,True,
Rh100,DME,pbe_d3,-0.65,-0.805,-0.693,available,available,/pscratch/sd/j/jcho5/VASP/completion_runs/dme_references_davidson_20260915/molecule/DME/PBE_D3,False,False,True,
Rh100,DME,r2scan,-0.65,-0.508,-0.473,available,available,/pscratch/sd/j/jcho5/VASP/completion_runs/matched_potential_slabs_20260915/slab/Rh100_84c2195556/r2scan,False,False,True,
Rh100,DME,beef_vdw,-0.65,-0.667,,available,recovery completed; awaiting usable adsorption result,/pscratch/sd/j/jcho5/VASP/completion_runs/matched_potential_slabs_20260915/slab/Rh100_b2891dc541/beef_vdw,False,False,True,
Rh100,H2O,pbe,-0.89,-0.394,-0.335,available,available,/pscratch/sd/j/jcho5/VASP/completion_runs/matched_potential_slabs_20260915/slab/Rh100_3b80ca62d8/pbe,False,False,True,
Rh100,H2O,pbe_d3,-0.89,-0.592,-0.489,available,available,/pscratch/sd/j/jcho5/VASP/completion_runs/matched_potential_slabs_20260915/slab/Rh100_012f04b189/pbe_d3,False,False,True,
Rh100,H2O,r2scan,-0.89,-0.463,-0.434,available,available,/pscratch/sd/j/jcho5/VASP/completion_runs/matched_potential_slabs_20260915/slab/Rh100_84c2195556/r2scan,False,False,True,
Rh100,H2O,beef_vdw,-0.89,-0.527,,available,recovery completed; awaiting usable adsorption result,/pscratch/sd/j/jcho5/VASP/completion_runs/matched_potential_slabs_20260915/slab/Rh100_b2891dc541/beef_vdw,False,False,True,
Rh100,H2S,pbe,-4.22,-3.685,-3.652,available,available,/pscratch/sd/j/jcho5/VASP/completion_runs/matched_potential_slabs_20260915/slab/Rh100_3b80ca62d8/pbe,False,False,True,
Rh100,H2S,pbe_d3,-4.22,-4.149,-4.068,available,available,/pscratch/sd/j/jcho5/VASP/completion_runs/matched_potential_slabs_20260915/slab/Rh100_012f04b189/pbe_d3,False,False,True,
Rh100,H2S,r2scan,-4.22,-4.022,-3.969,available,available,/pscratch/sd/j/jcho5/VASP/completion_runs/matched_potential_slabs_20260915/slab/Rh100_84c2195556/r2scan,False,False,True,
Rh100,H2S,beef_vdw,-4.22,-3.49,-3.398,available,available,/pscratch/sd/j/jcho5/VASP/completion_runs/matched_potential_slabs_20260915/slab/Rh100_b2891dc541/beef_vdw,False,False,True,
Rh100,N2,pbe,-0.79,-0.689,,available,recovery completed; awaiting usable adsorption result,/pscratch/sd/j/jcho5/VASP/completion_runs/matched_potential_slabs_20260915/slab/Rh100_3b80ca62d8/pbe,False,False,True,
Rh100,N2,pbe_d3,-0.79,-0.901,,available,recovery completed; awaiting usable adsorption result,/pscratch/sd/j/jcho5/VASP/completion_runs/matched_potential_slabs_20260915/slab/Rh100_012f04b189/pbe_d3,False,False,True,
Rh100,N2,r2scan,-0.79,-0.765,-0.743,available,available,/pscratch/sd/j/jcho5/VASP/completion_runs/matched_potential_slabs_20260915/slab/Rh100_84c2195556/r2scan,False,False,True,
Rh100,N2,beef_vdw,-0.79,-0.718,,available,recovery completed; awaiting usable adsorption result,/pscratch/sd/j/jcho5/VASP/completion_runs/matched_potential_slabs_20260915/slab/Rh100_b2891dc541/beef_vdw,False,False,True,
Rh100,NH3,pbe,-1.59,-0.997,,available,recovery completed; awaiting usable adsorption result,/pscratch/sd/j/jcho5/VASP/completion_runs/matched_potential_slabs_20260915/slab/Rh100_3b80ca62d8/pbe,False,False,True,
Rh100,NH3,pbe_d3,-1.59,-1.255,,available,recovery completed; awaiting usable adsorption result,/pscratch/sd/j/jcho5/VASP/completion_runs/matched_potential_slabs_20260915/slab/Rh100_012f04b189/pbe_d3,False,False,True,
Rh100,NH3,r2scan,-1.59,-1.058,-1.026,available,available,/pscratch/sd/j/jcho5/VASP/completion_runs/matched_potential_slabs_20260915/slab/Rh100_84c2195556/r2scan,False,False,True,
Rh100,NH3,beef_vdw,-1.59,-1.118,,available,recovery completed; awaiting usable adsorption result,/pscratch/sd/j/jcho5/VASP/completion_runs/matched_potential_slabs_20260915/slab/Rh100_b2891dc541/beef_vdw,False,False,True,
Rh100,NO,pbe,-2.83,-2.994,-2.951,available,available,/pscratch/sd/j/jcho5/VASP/completion_runs/matched_potential_slabs_20260915/slab/Rh100_3b80ca62d8/pbe,False,False,True,
Rh100,NO,pbe_d3,-2.83,-3.2,-3.117,available,available,/pscratch/sd/j/jcho5/VASP/completion_runs/matched_potential_slabs_20260915/slab/Rh100_012f04b189/pbe_d3,False,False,True,
Rh100,NO,r2scan,-2.83,,,potential_mismatch,reference_unavailable,,False,False,True,
Rh100,NO,beef_vdw,-2.83,-9.558,-9.448,available; energy review,available; energy review,/pscratch/sd/j/jcho5/VASP/completion_runs/matched_potential_slabs_20260915/slab/Rh100_b2891dc541/beef_vdw,True,True,True,
Rh100,SO2,pbe,-2.26,-2.127,-2.045,available,available,/pscratch/sd/j/jcho5/VASP/completion_runs/matched_potential_slabs_20260915/slab/Rh100_3b80ca62d8/pbe,False,False,True,
Rh100,SO2,pbe_d3,-2.26,-2.607,-2.504,available,available,/pscratch/sd/j/jcho5/VASP/completion_runs/matched_potential_slabs_20260915/slab/Rh100_012f04b189/pbe_d3,False,False,True,
Rh100,SO2,r2scan,-2.26,,-2.424,potential_mismatch,available,,False,False,True,
Rh100,SO2,beef_vdw,-2.26,-2.195,-2.045,available,available,/pscratch/sd/j/jcho5/VASP/completion_runs/matched_potential_slabs_20260915/slab/Rh100_b2891dc541/beef_vdw,False,False,True,
Rh100,acetaldehyde,pbe,-0.9,-0.426,-0.351,available,available,/pscratch/sd/j/jcho5/VASP/completion_runs/matched_potential_slabs_20260915/slab/Rh100_3b80ca62d8/pbe,False,False,True,
Rh100,acetaldehyde,pbe_d3,-0.9,-0.788,-0.689,available,available,/pscratch/sd/j/jcho5/VASP/completion_runs/matched_potential_slabs_20260915/slab/Rh100_012f04b189/pbe_d3,False,False,True,
Rh100,acetaldehyde,r2scan,-0.9,-0.56,-0.524,available,available,/pscratch/sd/j/jcho5/VASP/completion_runs/matched_potential_slabs_20260915/slab/Rh100_84c2195556/r2scan,False,False,True,
Rh100,acetaldehyde,beef_vdw,-0.9,-0.697,-0.546,available,available,/pscratch/sd/j/jcho5/VASP/completion_runs/matched_potential_slabs_20260915/slab/Rh100_b2891dc541/beef_vdw,False,False,True,
Rh100,acetic_acid,pbe,-1.04,,,potential_mismatch,reference_unavailable,,False,False,True,
Rh100,acetic_acid,pbe_d3,-1.04,,,potential_mismatch,reference_unavailable,,False,False,True,
Rh100,acetic_acid,r2scan,-1.04,-0.757,-0.727,available,available,/pscratch/sd/j/jcho5/VASP/completion_runs/matched_potential_slabs_20260915/slab/Rh100_84c2195556/r2scan,False,False,True,
Rh100,acetic_acid,beef_vdw,-1.04,-0.869,,available,recovery completed; awaiting usable adsorption result,/pscratch/sd/j/jcho5/VASP/completion_runs/matched_potential_slabs_20260915/slab/Rh100_b2891dc541/beef_vdw,False,False,True,
Rh100,ethane,pbe,-0.59,-0.024,0.138,available,available,/pscratch/sd/j/jcho5/VASP/completion_runs/matched_potential_slabs_20260915/slab/Rh100_3b80ca62d8/pbe,False,False,True,
Rh100,ethane,pbe_d3,-0.59,-0.373,-0.221,available,available,/pscratch/sd/j/jcho5/VASP/completion_runs/matched_potential_slabs_20260915/slab/Rh100_012f04b189/pbe_d3,False,False,True,
Rh100,ethane,r2scan,-0.59,-0.175,-0.138,available,available,/pscratch/sd/j/jcho5/VASP/completion_runs/matched_potential_slabs_20260915/slab/Rh100_84c2195556/r2scan,False,False,True,
Rh100,ethane,beef_vdw,-0.59,-0.357,-0.039,available,available,/pscratch/sd/j/jcho5/VASP/completion_runs/site_gapfill_20260914/spe/C2H6_Rh100/beef_vdw,False,False,True,
Rh100,ethanol,pbe,-0.9,-0.426,-0.345,available,available,/pscratch/sd/j/jcho5/VASP/completion_runs/matched_potential_slabs_20260915/slab/Rh100_3b80ca62d8/pbe,False,False,True,
Rh100,ethanol,pbe_d3,-0.9,-0.878,-0.765,available,available,/pscratch/sd/j/jcho5/VASP/completion_runs/matched_potential_slabs_20260915/slab/Rh100_012f04b189/pbe_d3,False,False,True,
Rh100,ethanol,r2scan,-0.9,-0.603,-0.579,available,available,/pscratch/sd/j/jcho5/VASP/completion_runs/matched_potential_slabs_20260915/slab/Rh100_84c2195556/r2scan,False,False,True,
Rh100,ethanol,beef_vdw,-0.9,-0.744,-0.576,available,available,/pscratch/sd/j/jcho5/VASP/completion_runs/matched_potential_slabs_20260915/slab/Rh100_b2891dc541/beef_vdw,False,False,True,
Rh100,ethene,pbe,-1.97,-1.152,-1.05,available,available,/pscratch/sd/j/jcho5/VASP/completion_runs/matched_potential_slabs_20260915/slab/Rh100_3b80ca62d8/pbe,False,False,True,
Rh100,ethene,pbe_d3,-1.97,-1.593,-1.447,available,available,/pscratch/sd/j/jcho5/VASP/completion_runs/matched_potential_slabs_20260915/slab/Rh100_012f04b189/pbe_d3,False,False,True,
Rh100,ethene,r2scan,-1.97,-1.334,-1.193,available,available,/pscratch/sd/j/jcho5/VASP/completion_runs/matched_potential_slabs_20260915/slab/Rh100_84c2195556/r2scan,False,False,True,
Rh100,ethene,beef_vdw,-1.97,-1.263,-0.956,available,available,/pscratch/sd/j/jcho5/VASP/completion_runs/matched_potential_slabs_20260915/slab/Rh100_b2891dc541/beef_vdw,False,False,True,
Rh100,formaldehyde,pbe,-1.57,-1.051,-0.976,available,available,/pscratch/sd/j/jcho5/VASP/completion_runs/matched_potential_slabs_20260915/slab/Rh100_3b80ca62d8/pbe,False,False,True,
Rh100,formaldehyde,pbe_d3,-1.57,-1.351,-1.241,available,available,/pscratch/sd/j/jcho5/VASP/completion_runs/matched_potential_slabs_20260915/slab/Rh100_012f04b189/pbe_d3,False,False,True,
Rh100,formaldehyde,r2scan,-1.57,-1.248,-1.21,available,available,/pscratch/sd/j/jcho5/VASP/completion_runs/matched_potential_slabs_20260915/slab/Rh100_84c2195556/r2scan,False,False,True,
Rh100,formaldehyde,beef_vdw,-1.57,-1.117,-0.951,available,available,/pscratch/sd/j/jcho5/VASP/completion_runs/matched_potential_slabs_20260915/slab/Rh100_b2891dc541/beef_vdw,False,False,True,
Rh100,formic_acid,pbe,-1.02,-0.568,-0.465,available,available,/pscratch/sd/j/jcho5/VASP/completion_runs/matched_potential_slabs_20260915/slab/Rh100_3b80ca62d8/pbe,False,False,True,
Rh100,formic_acid,pbe_d3,-1.02,-0.895,-0.773,available,available,/pscratch/sd/j/jcho5/VASP/completion_runs/matched_potential_slabs_20260915/slab/Rh100_012f04b189/pbe_d3,False,False,True,
Rh100,formic_acid,r2scan,-1.02,-0.709,-0.635,available,available,/pscratch/sd/j/jcho5/VASP/completion_runs/matched_potential_slabs_20260915/slab/Rh100_84c2195556/r2scan,False,False,True,
Rh100,formic_acid,beef_vdw,-1.02,-0.758,-0.536,available,available,/pscratch/sd/j/jcho5/VASP/completion_runs/matched_potential_slabs_20260915/slab/Rh100_b2891dc541/beef_vdw,False,False,True,
Rh100,methane,pbe,-0.66,-0.054,0.204,available,available,/pscratch/sd/j/jcho5/VASP/completion_runs/matched_potential_slabs_20260915/slab/Rh100_3b80ca62d8/pbe,False,False,True,
Rh100,methane,pbe_d3,-0.66,-0.198,0.018,available,available,/pscratch/sd/j/jcho5/VASP/completion_runs/matched_potential_slabs_20260915/slab/Rh100_012f04b189/pbe_d3,False,False,True,
Rh100,methane,r2scan,-0.66,-0.086,-0.079,available,available,/pscratch/sd/j/jcho5/VASP/completion_runs/matched_potential_slabs_20260915/slab/Rh100_84c2195556/r2scan,False,False,True,
Rh100,methane,beef_vdw,-0.66,-0.204,,available,recovery completed; awaiting usable adsorption result,/pscratch/sd/j/jcho5/VASP/completion_runs/matched_potential_slabs_20260915/slab/Rh100_b2891dc541/beef_vdw,False,False,True,
Rh100,methanol,pbe,-0.83,-0.421,,available,recovery completed; awaiting usable adsorption result,/pscratch/sd/j/jcho5/VASP/completion_runs/matched_potential_slabs_20260915/slab/Rh100_3b80ca62d8/pbe,False,False,True,
Rh100,methanol,pbe_d3,-0.83,-0.746,,available,recovery completed; awaiting usable adsorption result,/pscratch/sd/j/jcho5/VASP/completion_runs/matched_potential_slabs_20260915/slab/Rh100_012f04b189/pbe_d3,False,False,True,
Rh100,methanol,r2scan,-0.83,-0.552,-0.533,available,available,/pscratch/sd/j/jcho5/VASP/completion_runs/matched_potential_slabs_20260915/slab/Rh100_84c2195556/r2scan,False,False,True,
Rh100,methanol,beef_vdw,-0.83,-0.651,-0.565,available,available,/pscratch/sd/j/jcho5/VASP/completion_runs/matched_potential_slabs_20260915/slab/Rh100_b2891dc541/beef_vdw,False,False,True,
Rh110,CH3,pbe,-2.76,-2.004,-1.97,available,available,/pscratch/sd/j/jcho5/VASP/completion_runs/matched_potential_slabs_20260915/slab/Rh110_1848e5f440/pbe,False,False,True,
Rh110,CH3,pbe_d3,-2.76,-2.319,-2.203,available,available,/pscratch/sd/j/jcho5/VASP/completion_runs/matched_potential_slabs_20260915/slab/Rh110_3701de68d2/pbe_d3,False,False,True,
Rh110,CH3,r2scan,-2.76,-1.874,-1.792,available,available,/pscratch/sd/j/jcho5/VASP/completion_runs/matched_potential_slabs_20260915/slab/Rh110_43367cbc6c/r2scan,False,False,True,
Rh110,CH3,beef_vdw,-2.76,-2.048,-1.996,available,available,/pscratch/sd/j/jcho5/VASP/completion_runs/matched_potential_slabs_20260915/slab/Rh110_a6be9fa2b9/beef_vdw,False,False,True,
Rh110,CO,pbe,-2.61,-2.092,-1.966,available,available,/pscratch/sd/j/jcho5/VASP/completion_runs/matched_potential_slabs_20260915/slab/Rh110_1848e5f440/pbe,False,False,True,
Rh110,CO,pbe_d3,-2.61,-2.327,-2.194,available,available,/pscratch/sd/j/jcho5/VASP/completion_runs/matched_potential_slabs_20260915/slab/Rh110_3701de68d2/pbe_d3,False,False,True,
Rh110,CO,r2scan,-2.61,-1.863,-1.771,available,available,/pscratch/sd/j/jcho5/VASP/completion_runs/matched_potential_slabs_20260915/slab/Rh110_43367cbc6c/r2scan,False,False,True,
Rh110,CO,beef_vdw,-2.61,-1.873,-1.813,available,available,/pscratch/sd/j/jcho5/VASP/completion_runs/matched_potential_slabs_20260915/slab/Rh110_a6be9fa2b9/beef_vdw,False,False,True,
Rh110,CO2,pbe,-0.53,-0.121,0.048,available,available,/pscratch/sd/j/jcho5/VASP/completion_runs/matched_potential_slabs_20260915/slab/Rh110_1848e5f440/pbe,False,False,True,
Rh110,CO2,pbe_d3,-0.53,,,potential_mismatch,reference_unavailable,,False,False,True,
Rh110,CO2,r2scan,-0.53,-0.136,0.018,available,available,/pscratch/sd/j/jcho5/VASP/completion_runs/matched_potential_slabs_20260915/slab/Rh110_43367cbc6c/r2scan,False,False,True,
Rh110,CO2,beef_vdw,-0.53,-0.28,-0.15,available,available,/pscratch/sd/j/jcho5/VASP/completion_runs/matched_potential_slabs_20260915/slab/Rh110_a6be9fa2b9/beef_vdw,False,False,True,
Rh110,DME,pbe,-0.75,-0.508,-0.37,available,available,/pscratch/sd/j/jcho5/VASP/completion_runs/matched_potential_slabs_20260915/slab/Rh110_1848e5f440/pbe,False,False,True,
Rh110,DME,pbe_d3,-0.75,-1.054,-0.882,available,available,/pscratch/sd/j/jcho5/VASP/completion_runs/dme_references_davidson_20260915/molecule/DME/PBE_D3,False,False,True,
Rh110,DME,r2scan,-0.75,-0.56,-0.45,available,available,/pscratch/sd/j/jcho5/VASP/completion_runs/matched_potential_slabs_20260915/slab/Rh110_43367cbc6c/r2scan,False,False,True,
Rh110,DME,beef_vdw,-0.75,-0.729,-0.664,available,available,/pscratch/sd/j/jcho5/VASP/completion_runs/matched_potential_slabs_20260915/slab/Rh110_a6be9fa2b9/beef_vdw,False,False,True,
Rh110,H2O,pbe,-1.04,-0.58,-0.455,available,available,/pscratch/sd/j/jcho5/VASP/completion_runs/matched_potential_slabs_20260915/slab/Rh110_1848e5f440/pbe,False,False,True,
Rh110,H2O,pbe_d3,-1.04,-0.845,-0.67,available,available,/pscratch/sd/j/jcho5/VASP/completion_runs/matched_potential_slabs_20260915/slab/Rh110_3701de68d2/pbe_d3,False,False,True,
Rh110,H2O,r2scan,-1.04,-0.545,-0.393,available,available,/pscratch/sd/j/jcho5/VASP/completion_runs/matched_potential_slabs_20260915/slab/Rh110_43367cbc6c/r2scan,False,False,True,
Rh110,H2O,beef_vdw,-1.04,-0.502,-0.44,available,available,/pscratch/sd/j/jcho5/VASP/completion_runs/matched_potential_slabs_20260915/slab/Rh110_a6be9fa2b9/beef_vdw,False,False,True,
Rh110,H2S,pbe,-2.43,-1.961,-1.873,available,available,/pscratch/sd/j/jcho5/VASP/completion_runs/matched_potential_slabs_20260915/slab/Rh110_1848e5f440/pbe,False,False,True,
Rh110,H2S,pbe_d3,-2.43,-2.43,-2.284,available,available,/pscratch/sd/j/jcho5/VASP/completion_runs/matched_potential_slabs_20260915/slab/Rh110_3701de68d2/pbe_d3,False,False,True,
Rh110,H2S,r2scan,-2.43,-1.773,-1.665,available,available,/pscratch/sd/j/jcho5/VASP/completion_runs/matched_potential_slabs_20260915/slab/Rh110_43367cbc6c/r2scan,False,False,True,
Rh110,H2S,beef_vdw,-2.43,-1.845,-1.82,available,available,/pscratch/sd/j/jcho5/VASP/completion_runs/matched_potential_slabs_20260915/slab/Rh110_a6be9fa2b9/beef_vdw,False,False,True,
Rh110,N2,pbe,-0.81,-0.935,-0.792,available,available,/pscratch/sd/j/jcho5/VASP/completion_runs/matched_potential_slabs_20260915/slab/Rh110_1848e5f440/pbe,False,False,True,
Rh110,N2,pbe_d3,-0.81,-1.204,,available,recovery completed; awaiting usable adsorption result,/pscratch/sd/j/jcho5/VASP/completion_runs/matched_potential_slabs_20260915/slab/Rh110_3701de68d2/pbe_d3,False,False,True,
Rh110,N2,r2scan,-0.81,-0.73,-0.64,available,available,/pscratch/sd/j/jcho5/VASP/completion_runs/matched_potential_slabs_20260915/slab/Rh110_43367cbc6c/r2scan,False,False,True,
Rh110,N2,beef_vdw,-0.81,-0.747,-0.729,available,available,/pscratch/sd/j/jcho5/VASP/completion_runs/matched_potential_slabs_20260915/slab/Rh110_a6be9fa2b9/beef_vdw,False,False,True,
Rh110,NH3,pbe,-1.57,-1.025,-0.921,available,available,/pscratch/sd/j/jcho5/VASP/completion_runs/matched_potential_slabs_20260915/slab/Rh110_1848e5f440/pbe,False,False,True,
Rh110,NH3,pbe_d3,-1.57,-1.335,-1.19,available,available,/pscratch/sd/j/jcho5/VASP/completion_runs/matched_potential_slabs_20260915/slab/Rh110_3701de68d2/pbe_d3,False,False,True,
Rh110,NH3,r2scan,-1.57,-0.958,-0.842,available,available,/pscratch/sd/j/jcho5/VASP/completion_runs/matched_potential_slabs_20260915/slab/Rh110_43367cbc6c/r2scan,False,False,True,
Rh110,NH3,beef_vdw,-1.57,-0.959,-0.917,available,available,/pscratch/sd/j/jcho5/VASP/completion_runs/matched_potential_slabs_20260915/slab/Rh110_a6be9fa2b9/beef_vdw,False,False,True,
Rh110,NO,pbe,-3.06,-3.169,-3.089,available,available,/pscratch/sd/j/jcho5/VASP/completion_runs/matched_potential_slabs_20260915/slab/Rh110_1848e5f440/pbe,False,False,True,
Rh110,NO,pbe_d3,-3.06,-3.412,-3.3,available,available,/pscratch/sd/j/jcho5/VASP/completion_runs/matched_potential_slabs_20260915/slab/Rh110_3701de68d2/pbe_d3,False,False,True,
Rh110,NO,r2scan,-3.06,,,potential_mismatch,reference_unavailable,,False,False,True,
Rh110,NO,beef_vdw,-3.06,-9.569,-9.519,available; energy review,available; energy review,/pscratch/sd/j/jcho5/VASP/completion_runs/matched_potential_slabs_20260915/slab/Rh110_a6be9fa2b9/beef_vdw,True,True,True,
Rh110,SO2,pbe,-2.35,-2.134,-2.056,available,available,/pscratch/sd/j/jcho5/VASP/completion_runs/matched_potential_slabs_20260915/slab/Rh110_1848e5f440/pbe,False,False,True,
Rh110,SO2,pbe_d3,-2.35,-2.678,-2.568,available,available,/pscratch/sd/j/jcho5/VASP/completion_runs/matched_potential_slabs_20260915/slab/Rh110_3701de68d2/pbe_d3,False,False,True,
Rh110,SO2,r2scan,-2.35,-2.229,-2.118,available,available,/pscratch/sd/j/jcho5/VASP/completion_runs/matched_potential_slabs_20260915/slab/Rh110_43367cbc6c/r2scan,False,False,True,
Rh110,SO2,beef_vdw,-2.35,-2.165,-2.106,available,available,/pscratch/sd/j/jcho5/VASP/completion_runs/matched_potential_slabs_20260915/slab/Rh110_a6be9fa2b9/beef_vdw,False,False,True,
Rh110,acetaldehyde,pbe,-1.57,-1.038,-0.97,available,available,/pscratch/sd/j/jcho5/VASP/completion_runs/matched_potential_slabs_20260915/slab/Rh110_1848e5f440/pbe,False,False,True,
Rh110,acetaldehyde,pbe_d3,-1.57,-1.494,-1.434,available,available,/pscratch/sd/j/jcho5/VASP/completion_runs/matched_potential_slabs_20260915/slab/Rh110_3701de68d2/pbe_d3,False,False,True,
Rh110,acetaldehyde,r2scan,-1.57,-1.161,-1.076,available,available,/pscratch/sd/j/jcho5/VASP/completion_runs/matched_potential_slabs_20260915/slab/Rh110_43367cbc6c/r2scan,False,False,True,
Rh110,acetaldehyde,beef_vdw,-1.57,-1.217,-1.127,available,available,/pscratch/sd/j/jcho5/VASP/completion_runs/matched_potential_slabs_20260915/slab/Rh110_a6be9fa2b9/beef_vdw,False,False,True,
Rh110,acetic_acid,pbe,-1.06,,,potential_mismatch,reference_unavailable,,False,False,True,
Rh110,acetic_acid,pbe_d3,-1.06,,,potential_mismatch,reference_unavailable,,False,False,True,
Rh110,acetic_acid,r2scan,-1.06,-0.819,-0.681,available,available,/pscratch/sd/j/jcho5/VASP/completion_runs/matched_potential_slabs_20260915/slab/Rh110_43367cbc6c/r2scan,False,False,True,
Rh110,acetic_acid,beef_vdw,-1.06,-0.869,-0.827,available,available,/pscratch/sd/j/jcho5/VASP/completion_runs/matched_potential_slabs_20260915/slab/Rh110_a6be9fa2b9/beef_vdw,False,False,True,
Rh110,ethane,pbe,-0.62,-0.036,0.045,available,available,/pscratch/sd/j/jcho5/VASP/completion_runs/matched_potential_slabs_20260915/slab/Rh110_1848e5f440/pbe,False,False,True,
Rh110,ethane,pbe_d3,-0.62,-0.351,-0.328,available,available,/pscratch/sd/j/jcho5/VASP/completion_runs/matched_potential_slabs_20260915/slab/Rh110_3701de68d2/pbe_d3,False,False,True,
Rh110,ethane,r2scan,-0.62,-0.133,-0.055,available,available,/pscratch/sd/j/jcho5/VASP/completion_runs/matched_potential_slabs_20260915/slab/Rh110_43367cbc6c/r2scan,False,False,True,
Rh110,ethane,beef_vdw,-0.62,-0.337,-0.243,available,available,/pscratch/sd/j/jcho5/VASP/completion_runs/matched_potential_slabs_20260915/slab/Rh110_a6be9fa2b9/beef_vdw,False,False,True,
Rh110,ethanol,pbe,-1.03,-0.639,-0.512,available,available,/pscratch/sd/j/jcho5/VASP/completion_runs/matched_potential_slabs_20260915/slab/Rh110_1848e5f440/pbe,False,False,True,
Rh110,ethanol,pbe_d3,-1.03,-1.161,-0.976,available,available,/pscratch/sd/j/jcho5/VASP/completion_runs/matched_potential_slabs_20260915/slab/Rh110_3701de68d2/pbe_d3,False,False,True,
Rh110,ethanol,r2scan,-1.03,-0.673,-0.55,available,available,/pscratch/sd/j/jcho5/VASP/completion_runs/matched_potential_slabs_20260915/slab/Rh110_43367cbc6c/r2scan,False,False,True,
Rh110,ethanol,beef_vdw,-1.03,-0.812,-0.768,available,available,/pscratch/sd/j/jcho5/VASP/completion_runs/matched_potential_slabs_20260915/slab/Rh110_a6be9fa2b9/beef_vdw,False,False,True,
Rh110,ethene,pbe,-1.99,-1.224,-1.165,available,available,/pscratch/sd/j/jcho5/VASP/completion_runs/matched_potential_slabs_20260915/slab/Rh110_1848e5f440/pbe,False,False,True,
Rh110,ethene,pbe_d3,-1.99,-1.625,-1.565,available,available,/pscratch/sd/j/jcho5/VASP/completion_runs/matched_potential_slabs_20260915/slab/Rh110_3701de68d2/pbe_d3,False,False,True,
Rh110,ethene,r2scan,-1.99,-1.294,-1.192,available,available,/pscratch/sd/j/jcho5/VASP/completion_runs/matched_potential_slabs_20260915/slab/Rh110_43367cbc6c/r2scan,False,False,True,
Rh110,ethene,beef_vdw,-1.99,-1.336,-1.259,available,available,/pscratch/sd/j/jcho5/VASP/completion_runs/matched_potential_slabs_20260915/slab/Rh110_a6be9fa2b9/beef_vdw,False,False,True,
Rh110,formaldehyde,pbe,-2.08,-1.65,-1.549,available,available,/pscratch/sd/j/jcho5/VASP/completion_runs/matched_potential_slabs_20260915/slab/Rh110_1848e5f440/pbe,False,False,True,
Rh110,formaldehyde,pbe_d3,-2.08,-2.036,-1.9,available,available,/pscratch/sd/j/jcho5/VASP/completion_runs/matched_potential_slabs_20260915/slab/Rh110_3701de68d2/pbe_d3,False,False,True,
Rh110,formaldehyde,r2scan,-2.08,-1.782,-1.535,available,available,/pscratch/sd/j/jcho5/VASP/completion_runs/matched_potential_slabs_20260915/slab/Rh110_43367cbc6c/r2scan,False,False,True,
Rh110,formaldehyde,beef_vdw,-2.08,-1.479,-1.401,available,available,/pscratch/sd/j/jcho5/VASP/completion_runs/matched_potential_slabs_20260915/slab/Rh110_a6be9fa2b9/beef_vdw,False,False,True,
Rh110,formic_acid,pbe,-1.06,-0.801,-0.51,available,available,/pscratch/sd/j/jcho5/VASP/completion_runs/matched_potential_slabs_20260915/slab/Rh110_1848e5f440/pbe,False,False,True,
Rh110,formic_acid,pbe_d3,-1.06,-1.209,-0.851,available,available,/pscratch/sd/j/jcho5/VASP/completion_runs/matched_potential_slabs_20260915/slab/Rh110_3701de68d2/pbe_d3,False,False,True,
Rh110,formic_acid,r2scan,-1.06,,-0.487,potential_mismatch,available,,False,False,True,
Rh110,formic_acid,beef_vdw,-1.06,-0.794,-0.592,available,available,/pscratch/sd/j/jcho5/VASP/completion_runs/matched_potential_slabs_20260915/slab/Rh110_a6be9fa2b9/beef_vdw,False,False,True,
Rh110,methane,pbe,-0.71,-0.151,-0.006,available,available,/pscratch/sd/j/jcho5/VASP/completion_runs/matched_potential_slabs_20260915/slab/Rh110_1848e5f440/pbe,False,False,True,
Rh110,methane,pbe_d3,-0.71,-0.455,-0.263,available,available,/pscratch/sd/j/jcho5/VASP/completion_runs/matched_potential_slabs_20260915/slab/Rh110_3701de68d2/pbe_d3,False,False,True,
Rh110,methane,r2scan,-0.71,-0.116,0.008,available,available,/pscratch/sd/j/jcho5/VASP/completion_runs/matched_potential_slabs_20260915/slab/Rh110_43367cbc6c/r2scan,False,False,True,
Rh110,methane,beef_vdw,-0.71,-0.213,-0.094,available,available,/pscratch/sd/j/jcho5/VASP/completion_runs/matched_potential_slabs_20260915/slab/Rh110_a6be9fa2b9/beef_vdw,False,False,True,
Rh110,methanol,pbe,-0.96,-0.621,-0.493,available,available,/pscratch/sd/j/jcho5/VASP/completion_runs/matched_potential_slabs_20260915/slab/Rh110_1848e5f440/pbe,False,False,True,
Rh110,methanol,pbe_d3,-0.96,-1.008,-0.834,available,available,/pscratch/sd/j/jcho5/VASP/completion_runs/matched_potential_slabs_20260915/slab/Rh110_3701de68d2/pbe_d3,False,False,True,
Rh110,methanol,r2scan,-0.96,-0.61,-0.489,available,available,/pscratch/sd/j/jcho5/VASP/completion_runs/matched_potential_slabs_20260915/slab/Rh110_43367cbc6c/r2scan,False,False,True,
Rh110,methanol,beef_vdw,-0.96,-0.679,-0.63,available,available,/pscratch/sd/j/jcho5/VASP/completion_runs/matched_potential_slabs_20260915/slab/Rh110_a6be9fa2b9/beef_vdw,False,False,True,
Rh111,CH3,pbe,-2.58,-1.754,-1.66,available,available,/pscratch/sd/j/jcho5/VASP/completion_runs/matched_potential_slabs_20260915/slab/Rh111_1b3afe61af/pbe,False,False,True,
Rh111,CH3,pbe_d3,-2.58,-2.011,-1.667,available,available,/pscratch/sd/j/jcho5/VASP/completion_runs/matched_potential_slabs_20260915/slab/Rh111_c0cecc3821/pbe_d3,False,False,True,
Rh111,CH3,r2scan,-2.58,,,potential_mismatch,potential mismatch,/pscratch/sd/j/jcho5/VASP/completion_runs/matched_potential_slabs_20260915/slab/Rh111_c2d1f56f12/r2scan,False,False,True,
Rh111,CH3,beef_vdw,-2.58,-1.854,-1.8,available,available,/pscratch/sd/j/jcho5/VASP/completion_runs/matched_potential_slabs_20260915/slab/Rh111_f89b45c425/beef_vdw,False,False,True,
Rh111,CO,pbe,-2.59,-2.024,-1.884,available,available,/pscratch/sd/j/jcho5/VASP/completion_runs/matched_potential_slabs_20260915/slab/Rh111_1b3afe61af/pbe,False,False,True,
Rh111,CO,pbe_d3,-2.59,-2.245,-1.835,available,available,/pscratch/sd/j/jcho5/VASP/completion_runs/matched_potential_slabs_20260915/slab/Rh111_c0cecc3821/pbe_d3,False,False,True,
Rh111,CO,r2scan,-2.59,,,potential_mismatch,potential mismatch,,False,False,True,
Rh111,CO,beef_vdw,-2.59,-1.93,-1.847,available,available,/pscratch/sd/j/jcho5/VASP/completion_runs/matched_potential_slabs_20260915/slab/Rh111_f89b45c425/beef_vdw,False,False,True,
Rh111,CO2,pbe,-0.46,-0.023,0.12,available,available,/pscratch/sd/j/jcho5/VASP/completion_runs/matched_potential_slabs_20260915/slab/Rh111_1b3afe61af/pbe,False,False,True,
Rh111,CO2,pbe_d3,-0.46,,,potential_mismatch,reference_unavailable,,False,False,True,
Rh111,CO2,r2scan,-0.46,,,potential_mismatch,potential mismatch,,False,False,True,
Rh111,CO2,beef_vdw,-0.46,-0.266,-0.196,available,available,/pscratch/sd/j/jcho5/VASP/completion_runs/matched_potential_slabs_20260915/slab/Rh111_f89b45c425/beef_vdw,False,False,True,
Rh111,DME,pbe,-0.63,-0.25,-0.146,available,available,/pscratch/sd/j/jcho5/VASP/completion_runs/matched_potential_slabs_20260915/slab/Rh111_1b3afe61af/pbe,False,False,True,
Rh111,DME,pbe_d3,-0.63,-0.754,-0.407,available,available,/pscratch/sd/j/jcho5/VASP/completion_runs/dme_references_davidson_20260915/molecule/DME/PBE_D3,False,False,True,
Rh111,DME,r2scan,-0.63,,,refs unverified,potential mismatch,/pscratch/sd/j/jcho5/VASP/completion_runs/matched_potential_slabs_20260915/slab/Rh111_c2d1f56f12/r2scan,False,False,True,
Rh111,DME,beef_vdw,-0.63,-0.645,-0.584,available,available,/pscratch/sd/j/jcho5/VASP/completion_runs/matched_potential_slabs_20260915/slab/Rh111_f89b45c425/beef_vdw,False,False,True,
Rh111,H2O,pbe,-0.86,-0.345,-0.233,available,available,/pscratch/sd/j/jcho5/VASP/completion_runs/matched_potential_slabs_20260915/slab/Rh111_1b3afe61af/pbe,False,False,True,
Rh111,H2O,pbe_d3,-0.86,-0.556,-0.196,available,available,/pscratch/sd/j/jcho5/VASP/completion_runs/matched_potential_slabs_20260915/slab/Rh111_c0cecc3821/pbe_d3,False,False,True,
Rh111,H2O,r2scan,-0.86,,,potential_mismatch,potential mismatch,,False,False,True,
Rh111,H2O,beef_vdw,-0.86,-0.453,-0.363,available,available,/pscratch/sd/j/jcho5/VASP/completion_runs/matched_potential_slabs_20260915/slab/Rh111_f89b45c425/beef_vdw,False,False,True,
Rh111,H2S,pbe,-1.12,-0.786,-0.654,available,available,/pscratch/sd/j/jcho5/VASP/completion_runs/matched_potential_slabs_20260915/slab/Rh111_1b3afe61af/pbe,False,False,True,
Rh111,H2S,pbe_d3,-1.12,-1.166,-0.782,available,available,/pscratch/sd/j/jcho5/VASP/completion_runs/matched_potential_slabs_20260915/slab/Rh111_c0cecc3821/pbe_d3,False,False,True,
Rh111,H2S,r2scan,-1.12,,,potential_mismatch,potential mismatch,,False,False,True,
Rh111,H2S,beef_vdw,-1.12,-0.924,-0.835,available,available,/pscratch/sd/j/jcho5/VASP/completion_runs/matched_potential_slabs_20260915/slab/Rh111_f89b45c425/beef_vdw,False,False,True,
Rh111,N2,pbe,-0.72,-0.539,-0.411,available,available,/pscratch/sd/j/jcho5/VASP/completion_runs/matched_potential_slabs_20260915/slab/Rh111_1b3afe61af/pbe,False,False,True,
Rh111,N2,pbe_d3,-0.72,-0.777,-0.396,available,available,/pscratch/sd/j/jcho5/VASP/completion_runs/matched_potential_slabs_20260915/slab/Rh111_c0cecc3821/pbe_d3,False,False,True,
Rh111,N2,r2scan,-0.72,,,potential_mismatch,potential mismatch,,False,False,True,
Rh111,N2,beef_vdw,-0.72,-0.571,-0.502,available,available,/pscratch/sd/j/jcho5/VASP/completion_runs/matched_potential_slabs_20260915/slab/Rh111_f89b45c425/beef_vdw,False,False,True,
Rh111,NH3,pbe,-1.53,-0.916,-0.805,available,available,/pscratch/sd/j/jcho5/VASP/completion_runs/matched_potential_slabs_20260915/slab/Rh111_1b3afe61af/pbe,False,False,True,
Rh111,NH3,pbe_d3,-1.53,-1.192,-0.825,available,available,/pscratch/sd/j/jcho5/VASP/completion_runs/matched_potential_slabs_20260915/slab/Rh111_c0cecc3821/pbe_d3,False,False,True,
Rh111,NH3,r2scan,-1.53,,,potential_mismatch,potential mismatch,,False,False,True,
Rh111,NH3,beef_vdw,-1.53,-1.003,-0.932,available,available,/pscratch/sd/j/jcho5/VASP/completion_runs/matched_potential_slabs_20260915/slab/Rh111_f89b45c425/beef_vdw,False,False,True,
Rh111,NO,pbe,-2.83,-2.868,-2.728,available,available,/pscratch/sd/j/jcho5/VASP/completion_runs/matched_potential_slabs_20260915/slab/Rh111_1b3afe61af/pbe,False,False,True,
Rh111,NO,pbe_d3,-2.83,-3.101,-2.688,available,available,/pscratch/sd/j/jcho5/VASP/completion_runs/matched_potential_slabs_20260915/slab/Rh111_c0cecc3821/pbe_d3,False,False,True,
Rh111,NO,r2scan,-2.83,,,potential_mismatch,reference_unavailable,,False,False,True,
Rh111,NO,beef_vdw,-2.83,-9.44,-9.355,available; energy review,available; energy review,/pscratch/sd/j/jcho5/VASP/completion_runs/matched_potential_slabs_20260915/slab/Rh111_f89b45c425/beef_vdw,True,True,True,
Rh111,SO2,pbe,-1.84,-1.509,-1.394,available,available,/pscratch/sd/j/jcho5/VASP/completion_runs/matched_potential_slabs_20260915/slab/Rh111_1b3afe61af/pbe,False,False,True,
Rh111,SO2,pbe_d3,-1.84,-2.01,-1.635,available,available,/pscratch/sd/j/jcho5/VASP/completion_runs/matched_potential_slabs_20260915/slab/Rh111_c0cecc3821/pbe_d3,False,False,True,
Rh111,SO2,r2scan,-1.84,,,potential_mismatch,potential mismatch,,False,False,True,
Rh111,SO2,beef_vdw,-1.84,-1.667,-1.598,available,available,/pscratch/sd/j/jcho5/VASP/completion_runs/matched_potential_slabs_20260915/slab/Rh111_f89b45c425/beef_vdw,False,False,True,
Rh111,acetaldehyde,pbe,-0.82,-0.318,-0.201,available,available,/pscratch/sd/j/jcho5/VASP/completion_runs/matched_potential_slabs_20260915/slab/Rh111_1b3afe61af/pbe,False,False,True,
Rh111,acetaldehyde,pbe_d3,-0.82,-0.713,-0.338,available,available,/pscratch/sd/j/jcho5/VASP/completion_runs/matched_potential_slabs_20260915/slab/Rh111_c0cecc3821/pbe_d3,False,False,True,
Rh111,acetaldehyde,r2scan,-0.82,,,refs unverified,potential mismatch,/pscratch/sd/j/jcho5/VASP/completion_runs/matched_potential_slabs_20260915/slab/Rh111_c2d1f56f12/r2scan,False,False,True,
Rh111,acetaldehyde,beef_vdw,-0.82,-0.601,-0.521,available,available,/pscratch/sd/j/jcho5/VASP/completion_runs/matched_potential_slabs_20260915/slab/Rh111_f89b45c425/beef_vdw,False,False,True,
Rh111,acetic_acid,pbe,-0.95,,,potential_mismatch,reference_unavailable,,False,False,True,
Rh111,acetic_acid,pbe_d3,-0.95,,,potential_mismatch,reference_unavailable,,False,False,True,
Rh111,acetic_acid,r2scan,-0.95,,,refs unverified,potential mismatch,/pscratch/sd/j/jcho5/VASP/completion_runs/matched_potential_slabs_20260915/slab/Rh111_c2d1f56f12/r2scan,False,False,True,
Rh111,acetic_acid,beef_vdw,-0.95,-0.727,-0.658,available,available,/pscratch/sd/j/jcho5/VASP/completion_runs/matched_potential_slabs_20260915/slab/Rh111_f89b45c425/beef_vdw,False,False,True,
Rh111,ethane,pbe,-0.52,-0.016,0.16,available,available,/pscratch/sd/j/jcho5/VASP/completion_runs/matched_potential_slabs_20260915/slab/Rh111_1b3afe61af/pbe,False,False,True,
Rh111,ethane,pbe_d3,-0.52,-0.374,0.002,available,available,/pscratch/sd/j/jcho5/VASP/completion_runs/matched_potential_slabs_20260915/slab/Rh111_c0cecc3821/pbe_d3,False,False,True,
Rh111,ethane,r2scan,-0.52,,,refs unverified,potential mismatch,/pscratch/sd/j/jcho5/VASP/completion_runs/matched_potential_slabs_20260915/slab/Rh111_c2d1f56f12/r2scan,False,False,True,
Rh111,ethane,beef_vdw,-0.52,-0.315,-0.202,available,available,/pscratch/sd/j/jcho5/VASP/completion_runs/matched_potential_slabs_20260915/slab/Rh111_f89b45c425/beef_vdw,False,False,True,
Rh111,ethanol,pbe,-0.81,-0.361,-0.243,available,available,/pscratch/sd/j/jcho5/VASP/completion_runs/matched_potential_slabs_20260915/slab/Rh111_1b3afe61af/pbe,False,False,True,
Rh111,ethanol,pbe_d3,-0.81,-0.845,-0.47,available,available,/pscratch/sd/j/jcho5/VASP/completion_runs/matched_potential_slabs_20260915/slab/Rh111_c0cecc3821/pbe_d3,False,False,True,
Rh111,ethanol,r2scan,-0.81,,,refs unverified,potential mismatch,/pscratch/sd/j/jcho5/VASP/completion_runs/matched_potential_slabs_20260915/slab/Rh111_c2d1f56f12/r2scan,False,False,True,
Rh111,ethanol,beef_vdw,-0.81,-0.703,-0.613,available,available,/pscratch/sd/j/jcho5/VASP/completion_runs/matched_potential_slabs_20260915/slab/Rh111_f89b45c425/beef_vdw,False,False,True,
Rh111,ethene,pbe,-1.54,-0.917,-0.767,available,available,/pscratch/sd/j/jcho5/VASP/completion_runs/matched_potential_slabs_20260915/slab/Rh111_1b3afe61af/pbe,False,False,True,
Rh111,ethene,pbe_d3,-1.54,-1.327,-0.916,available,available,/pscratch/sd/j/jcho5/VASP/completion_runs/matched_potential_slabs_20260915/slab/Rh111_c0cecc3821/pbe_d3,False,False,True,
Rh111,ethene,r2scan,-1.54,,,refs unverified,potential mismatch,/pscratch/sd/j/jcho5/VASP/completion_runs/matched_potential_slabs_20260915/slab/Rh111_c2d1f56f12/r2scan,False,False,True,
Rh111,ethene,beef_vdw,-1.54,-1.106,-0.98,available,available,/pscratch/sd/j/jcho5/VASP/completion_runs/matched_potential_slabs_20260915/slab/Rh111_f89b45c425/beef_vdw,False,False,True,
Rh111,formaldehyde,pbe,-1.23,-0.868,-0.555,available,available,/pscratch/sd/j/jcho5/VASP/completion_runs/matched_potential_slabs_20260915/slab/Rh111_1b3afe61af/pbe,False,False,True,
Rh111,formaldehyde,pbe_d3,-1.23,-0.985,-0.607,available,available,/pscratch/sd/j/jcho5/VASP/completion_runs/matched_potential_slabs_20260915/slab/Rh111_c0cecc3821/pbe_d3,False,False,True,
Rh111,formaldehyde,r2scan,-1.23,,,potential_mismatch,potential mismatch,,False,False,True,
Rh111,formaldehyde,beef_vdw,-1.23,-0.966,-0.694,available,available,/pscratch/sd/j/jcho5/VASP/completion_runs/matched_potential_slabs_20260915/slab/Rh111_f89b45c425/beef_vdw,False,False,True,
Rh111,formic_acid,pbe,-0.91,-0.423,-0.286,available,available,/pscratch/sd/j/jcho5/VASP/completion_runs/matched_potential_slabs_20260915/slab/Rh111_1b3afe61af/pbe,False,False,True,
Rh111,formic_acid,pbe_d3,-0.91,-0.781,-0.38,available,available,/pscratch/sd/j/jcho5/VASP/completion_runs/matched_potential_slabs_20260915/slab/Rh111_c0cecc3821/pbe_d3,False,False,True,
Rh111,formic_acid,r2scan,-0.91,,,potential_mismatch,potential mismatch,,False,False,True,
Rh111,formic_acid,beef_vdw,-0.91,-0.634,-0.521,available,available,/pscratch/sd/j/jcho5/VASP/completion_runs/matched_potential_slabs_20260915/slab/Rh111_f89b45c425/beef_vdw,False,False,True,
Rh111,methane,pbe,-0.63,0.031,0.122,available,available,/pscratch/sd/j/jcho5/VASP/completion_runs/matched_potential_slabs_20260915/slab/Rh111_1b3afe61af/pbe,False,False,True,
Rh111,methane,pbe_d3,-0.63,-0.216,0.121,available,available,/pscratch/sd/j/jcho5/VASP/completion_runs/matched_potential_slabs_20260915/slab/Rh111_c0cecc3821/pbe_d3,False,False,True,
Rh111,methane,r2scan,-0.63,,,potential_mismatch,potential mismatch,,False,False,True,
Rh111,methane,beef_vdw,-0.63,-0.204,-0.136,available,available,/pscratch/sd/j/jcho5/VASP/completion_runs/matched_potential_slabs_20260915/slab/Rh111_f89b45c425/beef_vdw,False,False,True,
