surface,molecule,functional,system,site,retry,status,note,E_ads_SPE,complex_directory,complex_NSW,slab_directory,molecule_directory,E_complex,E_slab_relaxed,E_molecule_relaxed,slab_NSW,molecule_NSW,complex_status,poscar_sha256,selected
Ag100,acetylene,pbe,C2H2_Ag100,,false,reference_unavailable,No converged relaxed references with matching functional/composition,,/pscratch/sd/j/jcho5/VASP/dft_jobs/C2H2_Ag100/singlepoint/PBE,0,/pscratch/sd/j/jcho5/VASP/vasp_slab/Ag100/PBE,,-113.71400825,-90.12407184,,1000,,converged,73bab6ba6fdef3c78788a43999df66c5f406ec30707dc5f0de506379ae28e96a,false
Ag100,acetylene,pbe_d3,C2H2_Ag100,,false,reference_unavailable,No converged relaxed references with matching functional/composition,,/pscratch/sd/j/jcho5/VASP/dft_jobs/C2H2_Ag100/singlepoint/PBE_D3,0,/pscratch/sd/j/jcho5/VASP/vasp_slab/Ag100/PBE_D3,,-126.1940574,-102.4003605,,1000,,converged,73bab6ba6fdef3c78788a43999df66c5f406ec30707dc5f0de506379ae28e96a,false
Ag100,acetylene,r2scan,C2H2_Ag100,,false,reference_unavailable,No converged relaxed references with matching functional/composition,,/pscratch/sd/j/jcho5/VASP/dft_jobs/C2H2_Ag100/singlepoint/r2scan,0,/pscratch/sd/j/jcho5/VASP/vasp_slab/Ag100/r2scan,,-784.57360481,-759.06403021,,1000,,converged,73bab6ba6fdef3c78788a43999df66c5f406ec30707dc5f0de506379ae28e96a,false
Ag100,acetylene,beef_vdw,C2H2_Ag100,,false,reference_unavailable,No converged relaxed references with matching functional/composition,,/pscratch/sd/j/jcho5/VASP/dft_jobs/C2H2_Ag100/singlepoint/beef_vdw,0,/pscratch/sd/j/jcho5/VASP/vasp_slab/Ag100/beef_vdw,,12.69905363,58.04168493,,1000,,converged,73bab6ba6fdef3c78788a43999df66c5f406ec30707dc5f0de506379ae28e96a,false
Ag110,acetylene,pbe,C2H2_Ag110,,false,reference_unavailable,No converged relaxed references with matching functional/composition,,/pscratch/sd/j/jcho5/VASP/dft_jobs/C2H2_Ag110/singlepoint/PBE,0,/pscratch/sd/j/jcho5/VASP/vasp_slab/Ag110/PBE,,-80.7064205,-57.34530434,,1000,,converged,61a01e121edc1513e227ca252a58210b703ff1fc9d4915d48ffd03125ade1f91,false
Ag110,acetylene,pbe_d3,C2H2_Ag110,,false,reference_unavailable,No converged relaxed references with matching functional/composition,,/pscratch/sd/j/jcho5/VASP/dft_jobs/C2H2_Ag110/singlepoint/PBE_D3,0,/pscratch/sd/j/jcho5/VASP/vasp_slab/Ag110/PBE_D3,,-87.69923914,-64.0841207,,1000,,converged,61a01e121edc1513e227ca252a58210b703ff1fc9d4915d48ffd03125ade1f91,false
Ag110,acetylene,r2scan,C2H2_Ag110,,false,reference_unavailable,No converged relaxed references with matching functional/composition,,/pscratch/sd/j/jcho5/VASP/dft_jobs/C2H2_Ag110/singlepoint/r2scan,0,/pscratch/sd/j/jcho5/VASP/vasp_slab/Ag110/r2scan,,-527.85307481,-502.68023804,,1000,,converged,61a01e121edc1513e227ca252a58210b703ff1fc9d4915d48ffd03125ade1f91,false
Ag110,acetylene,beef_vdw,C2H2_Ag110,,false,reference_unavailable,No converged relaxed references with matching functional/composition,,/pscratch/sd/j/jcho5/VASP/dft_jobs/C2H2_Ag110/singlepoint/beef_vdw,0,/pscratch/sd/j/jcho5/VASP/vasp_slab/Ag110/beef_vdw,,4.651281,41.61140369,,1000,,converged,61a01e121edc1513e227ca252a58210b703ff1fc9d4915d48ffd03125ade1f91,false
Ag111,acetylene,pbe,C2H2_Ag111,,false,reference_unavailable,No converged relaxed references with matching functional/composition,,/pscratch/sd/j/jcho5/VASP/dft_jobs/C2H2_Ag111/singlepoint/PBE,0,/pscratch/sd/j/jcho5/VASP/completion_runs/matched_potential_slabs_20260915/slab/Ag111_61964c781c/pbe,,-115.14613025,-92.25124769,,500,,converged,a34531e60cce0d3611e4df2682b360443cb52e612448b9d252d36b00dd047914,false
Ag111,acetylene,pbe_d3,C2H2_Ag111,,false,reference_unavailable,No converged relaxed references with matching functional/composition,,/pscratch/sd/j/jcho5/VASP/dft_jobs/C2H2_Ag111/singlepoint/PBE_D3,0,/pscratch/sd/j/jcho5/VASP/completion_runs/matched_potential_slabs_20260915/slab/Ag111_71d4cd48c4/pbe_d3,,-128.22539299,-105.22691834,,500,,converged,a34531e60cce0d3611e4df2682b360443cb52e612448b9d252d36b00dd047914,false
Ag111,acetylene,r2scan,C2H2_Ag111,,false,reference_unavailable,No converged relaxed references with matching functional/composition,,/pscratch/sd/j/jcho5/VASP/dft_jobs/C2H2_Ag111/singlepoint/r2scan,0,/pscratch/sd/j/jcho5/VASP/completion_runs/matched_potential_slabs_20260915/slab/Ag111_f9365ca685/r2scan,,-786.33816218,-762.04705161,,500,,converged,a34531e60cce0d3611e4df2682b360443cb52e612448b9d252d36b00dd047914,false
Ag111,acetylene,beef_vdw,C2H2_Ag111,,false,reference_unavailable,No converged relaxed references with matching functional/composition,,/pscratch/sd/j/jcho5/VASP/dft_jobs/C2H2_Ag111/singlepoint/beef_vdw,0,/pscratch/sd/j/jcho5/VASP/completion_runs/matched_potential_slabs_20260915/slab/Ag111_35207ad13f/beef_vdw,,11.37273514,31.99373684,,500,,converged,a34531e60cce0d3611e4df2682b360443cb52e612448b9d252d36b00dd047914,false
Au100,acetylene,pbe,C2H2_Au100,,false,reference_unavailable,No converged relaxed references with matching functional/composition,,/pscratch/sd/j/jcho5/VASP/dft_jobs/C2H2_Au100/singlepoint/PBE,0,/pscratch/sd/j/jcho5/VASP/vasp_slab/Au100/PBE,,-131.11458131,-108.11108078,,1000,,converged,fb1df06c9c6d17c8b3dd1df3ce51e358dbdc485f812e1cb773966fb97e13e0c6,false
Au100,acetylene,pbe_d3,C2H2_Au100,,false,reference_unavailable,No converged relaxed references with matching functional/composition,,/pscratch/sd/j/jcho5/VASP/dft_jobs/C2H2_Au100/singlepoint/PBE_D3,0,/pscratch/sd/j/jcho5/VASP/vasp_slab/Au100/PBE_D3,,-148.3255449,-125.13314995,,1000,,converged,fb1df06c9c6d17c8b3dd1df3ce51e358dbdc485f812e1cb773966fb97e13e0c6,false
Au100,acetylene,r2scan,C2H2_Au100,,false,reference_unavailable,No converged relaxed references with matching functional/composition,,/pscratch/sd/j/jcho5/VASP/dft_jobs/C2H2_Au100/singlepoint/r2scan,0,/pscratch/sd/j/jcho5/VASP/vasp_slab/Au100/r2scan,,-1836.54395059,-1812.10460465,,1000,,converged,fb1df06c9c6d17c8b3dd1df3ce51e358dbdc485f812e1cb773966fb97e13e0c6,false
Au100,acetylene,beef_vdw,C2H2_Au100,,false,reference_unavailable,No converged relaxed references with matching functional/composition,,/pscratch/sd/j/jcho5/VASP/dft_jobs/C2H2_Au100/singlepoint/beef_vdw,0,/pscratch/sd/j/jcho5/VASP/vasp_slab/Au100/beef_vdw,,-18.04909139,2.61952143,,1000,,converged,fb1df06c9c6d17c8b3dd1df3ce51e358dbdc485f812e1cb773966fb97e13e0c6,false
Au110,acetylene,pbe,C2H2_Au110,,false,reference_unavailable,No converged relaxed references with matching functional/composition,,/pscratch/sd/j/jcho5/VASP/dft_jobs/C2H2_Au110/singlepoint/PBE,0,/pscratch/sd/j/jcho5/VASP/vasp_slab/Au110/PBE,,-92.86741421,-69.78140854,,1000,,converged,290292209f327c97182b8e3afaf63bfe850719abb59ee8fa7081e481172bb2a6,false
Au110,acetylene,pbe_d3,C2H2_Au110,,false,reference_unavailable,No converged relaxed references with matching functional/composition,,/pscratch/sd/j/jcho5/VASP/dft_jobs/C2H2_Au110/singlepoint/PBE_D3,0,/pscratch/sd/j/jcho5/VASP/vasp_slab/Au110/PBE_D3,,-102.58317109,-79.18212693,,1000,,converged,290292209f327c97182b8e3afaf63bfe850719abb59ee8fa7081e481172bb2a6,false
Au110,acetylene,r2scan,C2H2_Au110,,false,reference_unavailable,No converged relaxed references with matching functional/composition,,/pscratch/sd/j/jcho5/VASP/dft_jobs/C2H2_Au110/singlepoint/r2scan,0,/pscratch/sd/j/jcho5/VASP/vasp_slab/Au110/r2scan,,-1229.66563571,-1205.07970007,,1000,,converged,290292209f327c97182b8e3afaf63bfe850719abb59ee8fa7081e481172bb2a6,false
Au110,acetylene,beef_vdw,C2H2_Au110,,false,reference_unavailable,No converged relaxed references with matching functional/composition,,/pscratch/sd/j/jcho5/VASP/dft_jobs/C2H2_Au110/singlepoint/beef_vdw,0,/pscratch/sd/j/jcho5/VASP/vasp_slab/Au110/beef_vdw,,-16.21352224,4.35535241,,1000,,converged,290292209f327c97182b8e3afaf63bfe850719abb59ee8fa7081e481172bb2a6,false
Au111,acetylene,pbe,C2H2_Au111,,false,reference_unavailable,No converged relaxed references with matching functional/composition,,/pscratch/sd/j/jcho5/VASP/dft_jobs/C2H2_Au111/singlepoint/PBE,0,,,-133.13329573,,,,,converged,776af05b4b6b36181b84752aa0e83cf7ac5fa00d8dd092827d2e6aa5f9af90b7,false
Au111,acetylene,pbe_d3,C2H2_Au111,,false,reference_unavailable,No converged relaxed references with matching functional/composition,,/pscratch/sd/j/jcho5/VASP/dft_jobs/C2H2_Au111/singlepoint/PBE_D3,0,,,-150.98313838,,,,,converged,776af05b4b6b36181b84752aa0e83cf7ac5fa00d8dd092827d2e6aa5f9af90b7,false
Au111,acetylene,r2scan,C2H2_Au111,,false,reference_unavailable,No converged relaxed references with matching functional/composition,,/pscratch/sd/j/jcho5/VASP/dft_jobs/C2H2_Au111/singlepoint/r2scan,0,,,-1838.83013203,,,,,converged,776af05b4b6b36181b84752aa0e83cf7ac5fa00d8dd092827d2e6aa5f9af90b7,false
Au111,acetylene,beef_vdw,C2H2_Au111,,false,reference_unavailable,No converged relaxed references with matching functional/composition,,/pscratch/sd/j/jcho5/VASP/dft_jobs/C2H2_Au111/singlepoint/beef_vdw,0,,,-19.77555389,,,,,converged,776af05b4b6b36181b84752aa0e83cf7ac5fa00d8dd092827d2e6aa5f9af90b7,false
Ir100,acetylene,pbe,C2H2_Ir100,,false,reference_unavailable,No converged relaxed references with matching functional/composition,,/pscratch/sd/j/jcho5/VASP/dft_jobs/C2H2_Ir100/singlepoint/PBE,0,/pscratch/sd/j/jcho5/VASP/vasp_slab/Ir100/PBE,,-320.8031557,-294.40101414,,1000,,converged,f8f1e67673ac6e0b3c1d77a142131010a5c0b89828259ca0a2021871f56a7f63,false
Ir100,acetylene,pbe_d3,C2H2_Ir100,,false,reference_unavailable,No converged relaxed references with matching functional/composition,,/pscratch/sd/j/jcho5/VASP/dft_jobs/C2H2_Ir100/singlepoint/PBE_D3,0,/pscratch/sd/j/jcho5/VASP/vasp_slab/Ir100/PBE_D3,,-338.3520807,-311.60244978,,1000,,converged,f8f1e67673ac6e0b3c1d77a142131010a5c0b89828259ca0a2021871f56a7f63,false
Ir100,acetylene,r2scan,C2H2_Ir100,,false,reference_unavailable,No converged relaxed references with matching functional/composition,,/pscratch/sd/j/jcho5/VASP/dft_jobs/C2H2_Ir100/singlepoint/r2scan,0,/pscratch/sd/j/jcho5/VASP/completion_runs/site_gapfill_20260914/slab/C2H4_Ir100/r2scan,,-1886.84154977,-1858.66548475,,1000,,converged,f8f1e67673ac6e0b3c1d77a142131010a5c0b89828259ca0a2021871f56a7f63,false
Ir100,acetylene,beef_vdw,C2H2_Ir100,,false,reference_unavailable,No converged relaxed references with matching functional/composition,,/pscratch/sd/j/jcho5/VASP/dft_jobs/C2H2_Ir100/singlepoint/beef_vdw,0,/pscratch/sd/j/jcho5/VASP/vasp_slab/Ir100/beef_vdw,,-206.79422687,-183.01756659,,1000,,converged,f8f1e67673ac6e0b3c1d77a142131010a5c0b89828259ca0a2021871f56a7f63,false
Ir110,acetylene,pbe,C2H2_Ir110,,false,reference_unavailable,No converged relaxed references with matching functional/composition,,/pscratch/sd/j/jcho5/VASP/dft_jobs/C2H2_Ir110/singlepoint/PBE,0,/pscratch/sd/j/jcho5/VASP/vasp_slab/Ir110/PBE,,-211.55352166,-185.79278571,,1000,,converged,f4cf0b549c5fb689a8006c93ce8a8507a0657bc3a5c0e53e2cab473af09c2d07,false
Ir110,acetylene,pbe_d3,C2H2_Ir110,,false,reference_unavailable,No converged relaxed references with matching functional/composition,,/pscratch/sd/j/jcho5/VASP/dft_jobs/C2H2_Ir110/singlepoint/PBE_D3,0,/pscratch/sd/j/jcho5/VASP/vasp_slab/Ir110/PBE_D3,,-221.22576457,-195.1382215,,1000,,converged,f4cf0b549c5fb689a8006c93ce8a8507a0657bc3a5c0e53e2cab473af09c2d07,false
Ir110,acetylene,r2scan,C2H2_Ir110,,false,reference_unavailable,No converged relaxed references with matching functional/composition,,/pscratch/sd/j/jcho5/VASP/dft_jobs/C2H2_Ir110/singlepoint/r2scan,0,/pscratch/sd/j/jcho5/VASP/vasp_slab/Ir110/r2scan,,-1255.97321153,-1228.67675167,,1000,,converged,f4cf0b549c5fb689a8006c93ce8a8507a0657bc3a5c0e53e2cab473af09c2d07,false
Ir110,acetylene,beef_vdw,C2H2_Ir110,,false,reference_unavailable,No converged relaxed references with matching functional/composition,,/pscratch/sd/j/jcho5/VASP/dft_jobs/C2H2_Ir110/singlepoint/beef_vdw,0,/pscratch/sd/j/jcho5/VASP/vasp_slab/Ir110/beef_vdw,,-134.56533919,-111.25249754,,1000,,converged,f4cf0b549c5fb689a8006c93ce8a8507a0657bc3a5c0e53e2cab473af09c2d07,false
Ir111,acetylene,pbe,C2H2_Ir111,,false,reference_unavailable,No converged relaxed references with matching functional/composition,,/pscratch/sd/j/jcho5/VASP/dft_jobs/C2H2_Ir111/singlepoint/PBE,0,/pscratch/sd/j/jcho5/VASP/vasp_slab/Ir111/PBE,,-561.97797874,-538.3119429,,1000,,converged,0074e11472df0ec6368e524f81f20df8e26eeee80aa25ef42a42bfe066253e0b,false
Ir111,acetylene,pbe_d3,C2H2_Ir111,,false,reference_unavailable,No converged relaxed references with matching functional/composition,,/pscratch/sd/j/jcho5/VASP/dft_jobs/C2H2_Ir111/singlepoint/PBE_D3,0,/pscratch/sd/j/jcho5/VASP/vasp_slab/Ir111/PBE_D3,,-594.62074364,-570.78304395,,1000,,converged,0074e11472df0ec6368e524f81f20df8e26eeee80aa25ef42a42bfe066253e0b,false
Ir111,acetylene,r2scan,C2H2_Ir111,,false,reference_unavailable,No converged relaxed references with matching functional/composition,,/pscratch/sd/j/jcho5/VASP/dft_jobs/C2H2_Ir111/singlepoint/r2scan,0,/pscratch/sd/j/jcho5/VASP/vasp_slab/Ir111/r2scan,,-3345.74998451,-3320.68314209,,1000,,converged,0074e11472df0ec6368e524f81f20df8e26eeee80aa25ef42a42bfe066253e0b,false
Ir111,acetylene,beef_vdw,C2H2_Ir111,,false,reference_unavailable,No converged relaxed references with matching functional/composition,,/pscratch/sd/j/jcho5/VASP/dft_jobs/C2H2_Ir111/singlepoint/beef_vdw,0,/pscratch/sd/j/jcho5/VASP/vasp_slab/Ir111/beef_vdw,,-360.78445286,-339.48696992,,1000,,converged,0074e11472df0ec6368e524f81f20df8e26eeee80aa25ef42a42bfe066253e0b,false
Pd111,acetylene,pbe,C2H2_Pd111_bri,bri,false,reference_unavailable,No converged relaxed references with matching functional/composition,,/pscratch/sd/j/jcho5/VASP/dft_jobs/C2H2_Pd111_bri/singlepoint/PBE,0,/pscratch/sd/j/jcho5/VASP/completion_runs/matched_potential_slabs_20260915/slab/Pd111_ffc3f47166/pbe,,-203.0329492,-178.12969903,,500,,converged,776f7651a08f623ea42742a7e8cd731008e568bcd0a3e4df7e98707d0f6afb56,false
Pd111,acetylene,pbe_d3,C2H2_Pd111_bri,bri,false,reference_unavailable,No converged relaxed references with matching functional/composition,,/pscratch/sd/j/jcho5/VASP/dft_jobs/C2H2_Pd111_bri/singlepoint/PBE_D3,0,/pscratch/sd/j/jcho5/VASP/completion_runs/matched_potential_slabs_20260915/slab/Pd111_0333765c8d/pbe_d3,,-218.19651944,-193.0631217,,500,,converged,776f7651a08f623ea42742a7e8cd731008e568bcd0a3e4df7e98707d0f6afb56,false
Pd111,acetylene,r2scan,C2H2_Pd111_bri,bri,false,reference_unavailable,No converged relaxed references with matching functional/composition,,/pscratch/sd/j/jcho5/VASP/dft_jobs/C2H2_Pd111_bri/singlepoint/r2scan,0,,,-842.03053606,,,,,converged,776f7651a08f623ea42742a7e8cd731008e568bcd0a3e4df7e98707d0f6afb56,false
Pd111,acetylene,beef_vdw,C2H2_Pd111_bri,bri,false,reference_unavailable,No converged relaxed references with matching functional/composition,,/pscratch/sd/j/jcho5/VASP/dft_jobs/C2H2_Pd111_bri/singlepoint/beef_vdw,0,/pscratch/sd/j/jcho5/VASP/completion_runs/matched_potential_slabs_20260915/slab/Pd111_f1f527eac1/beef_vdw,,-77.6914802,-55.45440448,,500,,converged,776f7651a08f623ea42742a7e8cd731008e568bcd0a3e4df7e98707d0f6afb56,false
Rh100,acetylene,pbe,C2H2_Rh100,,false,reference_unavailable,No converged relaxed references with matching functional/composition,,/pscratch/sd/j/jcho5/VASP/dft_jobs/C2H2_Rh100/singlepoint/PBE,0,/pscratch/sd/j/jcho5/VASP/vasp_slab/Rh100/PBE,,-268.39136608,-242.27634007,,1000,,converged,c616f52bd8065eaf2ad67406facd30a3e797fe6ea2bfb5a87178874e06dea35b,false
Rh100,acetylene,pbe_d3,C2H2_Rh100,,false,reference_unavailable,No converged relaxed references with matching functional/composition,,/pscratch/sd/j/jcho5/VASP/dft_jobs/C2H2_Rh100/singlepoint/PBE_D3,0,/pscratch/sd/j/jcho5/VASP/vasp_slab/Rh100/PBE_D3,,-282.4783461,-256.07544059,,1000,,converged,c616f52bd8065eaf2ad67406facd30a3e797fe6ea2bfb5a87178874e06dea35b,false
Rh100,acetylene,r2scan,C2H2_Rh100,,false,reference_unavailable,No converged relaxed references with matching functional/composition,,/pscratch/sd/j/jcho5/VASP/dft_jobs/C2H2_Rh100/singlepoint/r2scan,0,/pscratch/sd/j/jcho5/VASP/completion_runs/matched_potential_slabs_20260915/slab/Rh100_84c2195556/r2scan,,-875.76305908,-848.37766508,,500,,converged,c616f52bd8065eaf2ad67406facd30a3e797fe6ea2bfb5a87178874e06dea35b,false
Rh100,acetylene,beef_vdw,C2H2_Rh100,,false,complex_unconverged,electronic_unconverged,,/pscratch/sd/j/jcho5/VASP/dft_jobs/C2H2_Rh100/singlepoint/beef_vdw,0,/pscratch/sd/j/jcho5/VASP/completion_runs/matched_potential_slabs_20260915/slab/Rh100_b2891dc541/beef_vdw,,-153.61405611,-130.4934363,,500,,electronic_unconverged,c616f52bd8065eaf2ad67406facd30a3e797fe6ea2bfb5a87178874e06dea35b,false
Rh110,acetylene,pbe,C2H2_Rh110,,false,reference_unavailable,No converged relaxed references with matching functional/composition,,/pscratch/sd/j/jcho5/VASP/dft_jobs/C2H2_Rh110/singlepoint/PBE,0,/pscratch/sd/j/jcho5/VASP/vasp_slab/Rh110/PBE,,-178.34128191,-153.0579593,,1000,,converged,3f4136421a03eb95f8919c9479b429e3624804ebcea85e1bc3f1469241f62789,false
Rh110,acetylene,pbe_d3,C2H2_Rh110,,false,reference_unavailable,No converged relaxed references with matching functional/composition,,/pscratch/sd/j/jcho5/VASP/dft_jobs/C2H2_Rh110/singlepoint/PBE_D3,0,/pscratch/sd/j/jcho5/VASP/vasp_slab/Rh110/PBE_D3,,-186.10798126,-160.48819907,,1000,,converged,3f4136421a03eb95f8919c9479b429e3624804ebcea85e1bc3f1469241f62789,false
Rh110,acetylene,r2scan,C2H2_Rh110,,false,reference_unavailable,No converged relaxed references with matching functional/composition,,/pscratch/sd/j/jcho5/VASP/dft_jobs/C2H2_Rh110/singlepoint/r2scan,0,/pscratch/sd/j/jcho5/VASP/completion_runs/matched_potential_slabs_20260915/slab/Rh110_43367cbc6c/r2scan,,-584.61885592,-558.32899056,,500,,converged,3f4136421a03eb95f8919c9479b429e3624804ebcea85e1bc3f1469241f62789,false
Rh110,acetylene,beef_vdw,C2H2_Rh110,,false,reference_unavailable,No converged relaxed references with matching functional/composition,,/pscratch/sd/j/jcho5/VASP/dft_jobs/C2H2_Rh110/singlepoint/beef_vdw,0,/pscratch/sd/j/jcho5/VASP/completion_runs/matched_potential_slabs_20260915/slab/Rh110_a6be9fa2b9/beef_vdw,,-101.20290098,-78.69248876,,500,,converged,3f4136421a03eb95f8919c9479b429e3624804ebcea85e1bc3f1469241f62789,false
Rh111,acetylene,pbe,C2H2_Rh111,,false,reference_unavailable,No converged relaxed references with matching functional/composition,,/pscratch/sd/j/jcho5/VASP/dft_jobs/C2H2_Rh111/singlepoint/PBE,0,/pscratch/sd/j/jcho5/VASP/vasp_slab/Rh111/PBE,,-463.69837844,-439.14994289,,1000,,converged,1ab1f9b106e36b32d18a41a492bee94c0e14260c4436309f496c12b836b8f46f,false
Rh111,acetylene,pbe_d3,C2H2_Rh111,,false,reference_unavailable,No converged relaxed references with matching functional/composition,,/pscratch/sd/j/jcho5/VASP/dft_jobs/C2H2_Rh111/singlepoint/PBE_D3,0,/pscratch/sd/j/jcho5/VASP/vasp_slab/Rh111/PBE_D3,,-489.93835875,-465.26142053,,1000,,converged,1ab1f9b106e36b32d18a41a492bee94c0e14260c4436309f496c12b836b8f46f,false
Rh111,acetylene,r2scan,C2H2_Rh111,,false,reference_unavailable,No converged relaxed references with matching functional/composition,,/pscratch/sd/j/jcho5/VASP/dft_jobs/C2H2_Rh111/singlepoint/r2scan,0,/pscratch/sd/j/jcho5/VASP/vasp_slab/Rh111/r2scan,,-1543.02220525,-1516.88991315,,1000,,converged,1ab1f9b106e36b32d18a41a492bee94c0e14260c4436309f496c12b836b8f46f,false
Rh111,acetylene,beef_vdw,C2H2_Rh111,,false,reference_unavailable,No converged relaxed references with matching functional/composition,,/pscratch/sd/j/jcho5/VASP/dft_jobs/C2H2_Rh111/singlepoint/beef_vdw,0,/pscratch/sd/j/jcho5/VASP/completion_runs/matched_potential_slabs_20260915/slab/Rh111_f89b45c425/beef_vdw,,-261.17483026,-239.6848005,,500,,converged,1ab1f9b106e36b32d18a41a492bee94c0e14260c4436309f496c12b836b8f46f,false
Ag100,ethene,pbe,C2H4_Ag100,,false,potential_mismatch,Complex and reference PAW potential identities differ or are missing; energy retained only as diagnostic,-0.66870781,/pscratch/sd/j/jcho5/VASP/dft_jobs/C2H4_Ag100/singlepoint/PBE,0,/pscratch/sd/j/jcho5/VASP/vasp_slab/Ag100/PBE,/pscratch/sd/j/jcho5/VASP/vasp_mol/C2H4/PBE,-122.76342365,-90.12407184,-31.970644,1000,500,converged,a394ca5f09ae3df4dea7bdc9a76a3c3d4e101a4dad02ade1f1ac0ead33bfd120,false
Ag100,ethene,pbe_d3,C2H4_Ag100,,false,potential_mismatch,Complex and reference PAW potential identities differ or are missing; energy retained only as diagnostic,-0.89184729,/pscratch/sd/j/jcho5/VASP/dft_jobs/C2H4_Ag100/singlepoint/PBE_D3,0,/pscratch/sd/j/jcho5/VASP/vasp_slab/Ag100/PBE_D3,/pscratch/sd/j/jcho5/VASP/vasp_mol/C2H4/PBE_D3,-135.27539739,-102.4003605,-31.9831896,1000,500,converged,a394ca5f09ae3df4dea7bdc9a76a3c3d4e101a4dad02ade1f1ac0ead33bfd120,false
Ag100,ethene,r2scan,C2H4_Ag100,,false,potential_mismatch,Complex and reference PAW potential identities differ or are missing; energy retained only as diagnostic,-1.15969924,/pscratch/sd/j/jcho5/VASP/dft_jobs/C2H4_Ag100/singlepoint/r2scan,0,/pscratch/sd/j/jcho5/VASP/vasp_slab/Ag100/r2scan,/pscratch/sd/j/jcho5/VASP/vasp_mol/C2H4/r2scan,-793.77228821,-759.06403021,-33.54855876,1000,500,converged,a394ca5f09ae3df4dea7bdc9a76a3c3d4e101a4dad02ade1f1ac0ead33bfd120,false
Ag100,ethene,beef_vdw,C2H4_Ag100,,false,potential_mismatch,Complex and reference PAW potential identities differ or are missing; energy retained only as diagnostic,-25.0593744,/pscratch/sd/j/jcho5/VASP/dft_jobs/C2H4_Ag100/singlepoint/beef_vdw,0,/pscratch/sd/j/jcho5/VASP/vasp_slab/Ag100/beef_vdw,/pscratch/sd/j/jcho5/VASP/vasp_mol/C2H4/beef_vdw,3.40064407,58.04168493,-29.58166646,1000,500,converged,a394ca5f09ae3df4dea7bdc9a76a3c3d4e101a4dad02ade1f1ac0ead33bfd120,false
Ag110,ethene,pbe,C2H4_Ag110,,false,potential_mismatch,Complex and reference PAW potential identities differ or are missing; energy retained only as diagnostic,-0.53215774,/pscratch/sd/j/jcho5/VASP/dft_jobs/C2H4_Ag110/singlepoint/PBE,0,/pscratch/sd/j/jcho5/VASP/vasp_slab/Ag110/PBE,/pscratch/sd/j/jcho5/VASP/vasp_mol/C2H4/PBE,-89.84810608,-57.34530434,-31.970644,1000,500,converged,7bc734622f9550c2941f1eece7895f27f307e0789d0c01940e64df63a44d5f85,false
Ag110,ethene,pbe_d3,C2H4_Ag110,,false,potential_mismatch,Complex and reference PAW potential identities differ or are missing; energy retained only as diagnostic,-0.82622978,/pscratch/sd/j/jcho5/VASP/dft_jobs/C2H4_Ag110/singlepoint/PBE_D3,0,/pscratch/sd/j/jcho5/VASP/vasp_slab/Ag110/PBE_D3,/pscratch/sd/j/jcho5/VASP/vasp_mol/C2H4/PBE_D3,-96.89354008,-64.0841207,-31.9831896,1000,500,converged,7bc734622f9550c2941f1eece7895f27f307e0789d0c01940e64df63a44d5f85,false
Ag110,ethene,r2scan,C2H4_Ag110,,false,potential_mismatch,Complex and reference PAW potential identities differ or are missing; energy retained only as diagnostic,-0.94322024,/pscratch/sd/j/jcho5/VASP/dft_jobs/C2H4_Ag110/singlepoint/r2scan,0,/pscratch/sd/j/jcho5/VASP/vasp_slab/Ag110/r2scan,/pscratch/sd/j/jcho5/VASP/vasp_mol/C2H4/r2scan,-537.17201704,-502.68023804,-33.54855876,1000,500,converged,7bc734622f9550c2941f1eece7895f27f307e0789d0c01940e64df63a44d5f85,false
Ag110,ethene,beef_vdw,C2H4_Ag110,,false,potential_mismatch,Complex and reference PAW potential identities differ or are missing; energy retained only as diagnostic,-16.70998148,/pscratch/sd/j/jcho5/VASP/dft_jobs/C2H4_Ag110/singlepoint/beef_vdw,0,/pscratch/sd/j/jcho5/VASP/vasp_slab/Ag110/beef_vdw,/pscratch/sd/j/jcho5/VASP/vasp_mol/C2H4/beef_vdw,-4.68024425,41.61140369,-29.58166646,1000,500,converged,7bc734622f9550c2941f1eece7895f27f307e0789d0c01940e64df63a44d5f85,false
Ag111,ethene,pbe,C2H4_Ag111,,false,ok,NSW=0 complex; converged relaxed references; matching composition,0.00239544,/pscratch/sd/j/jcho5/VASP/dft_jobs/C2H4_Ag111/singlepoint/PBE,0,/pscratch/sd/j/jcho5/VASP/completion_runs/matched_potential_slabs_20260915/slab/Ag111_61964c781c/pbe,/pscratch/sd/j/jcho5/VASP/vasp_mol/C2H4/PBE,-124.21949625,-92.25124769,-31.970644,500,500,converged,488a47d4959b915467636b9469332caacc04380c6d3bf486d9ae17dc9f3d423c,true
Ag111,ethene,pbe_d3,C2H4_Ag111,,false,ok,NSW=0 complex; converged relaxed references; matching composition,-0.07525178,/pscratch/sd/j/jcho5/VASP/dft_jobs/C2H4_Ag111/singlepoint/PBE_D3,0,/pscratch/sd/j/jcho5/VASP/completion_runs/matched_potential_slabs_20260915/slab/Ag111_71d4cd48c4/pbe_d3,/pscratch/sd/j/jcho5/VASP/vasp_mol/C2H4/PBE_D3,-137.28535972,-105.22691834,-31.9831896,500,500,converged,488a47d4959b915467636b9469332caacc04380c6d3bf486d9ae17dc9f3d423c,true
Ag111,ethene,r2scan,C2H4_Ag111,,false,ok,NSW=0 complex; converged relaxed references; matching composition,0.06052107,/pscratch/sd/j/jcho5/VASP/dft_jobs/C2H4_Ag111/singlepoint/r2scan,0,/pscratch/sd/j/jcho5/VASP/completion_runs/matched_potential_slabs_20260915/slab/Ag111_f9365ca685/r2scan,/pscratch/sd/j/jcho5/VASP/vasp_mol/C2H4/r2scan,-795.5350893,-762.04705161,-33.54855876,500,500,converged,488a47d4959b915467636b9469332caacc04380c6d3bf486d9ae17dc9f3d423c,true
Ag111,ethene,beef_vdw,C2H4_Ag111,,false,ok,NSW=0 complex; converged relaxed references; matching composition,-0.28365464,/pscratch/sd/j/jcho5/VASP/dft_jobs/C2H4_Ag111/singlepoint/beef_vdw,0,/pscratch/sd/j/jcho5/VASP/completion_runs/matched_potential_slabs_20260915/slab/Ag111_35207ad13f/beef_vdw,/pscratch/sd/j/jcho5/VASP/vasp_mol/C2H4/beef_vdw,2.12841574,31.99373684,-29.58166646,500,500,converged,488a47d4959b915467636b9469332caacc04380c6d3bf486d9ae17dc9f3d423c,true
Au100,ethene,pbe,C2H4_Au100,,false,reference_unavailable,No converged relaxed references with matching functional/composition,,/pscratch/sd/j/jcho5/VASP/dft_jobs/C2H4_Au100/singlepoint/PBE,0,,/pscratch/sd/j/jcho5/VASP/vasp_mol/C2H4/PBE,-223.82625985,,-31.970644,,500,converged,3ab89260c880163c8e841da2b9b1f083132849afa869c6c94946440a83849aa1,false
Au100,ethene,pbe_d3,C2H4_Au100,,false,reference_unavailable,No converged relaxed references with matching functional/composition,,/pscratch/sd/j/jcho5/VASP/dft_jobs/C2H4_Au100/singlepoint/PBE_D3,0,,/pscratch/sd/j/jcho5/VASP/vasp_mol/C2H4/PBE_D3,-254.24113987,,-31.9831896,,500,converged,3ab89260c880163c8e841da2b9b1f083132849afa869c6c94946440a83849aa1,false
Au100,ethene,r2scan,C2H4_Au100,,false,reference_unavailable,No converged relaxed references with matching functional/composition,,/pscratch/sd/j/jcho5/VASP/dft_jobs/C2H4_Au100/singlepoint/r2scan,0,,/pscratch/sd/j/jcho5/VASP/vasp_mol/C2H4/r2scan,-3254.52220454,,-33.54855876,,500,converged,3ab89260c880163c8e841da2b9b1f083132849afa869c6c94946440a83849aa1,false
Au100,ethene,beef_vdw,C2H4_Au100,,false,reference_unavailable,No converged relaxed references with matching functional/composition,,/pscratch/sd/j/jcho5/VASP/dft_jobs/C2H4_Au100/singlepoint/beef_vdw,0,,/pscratch/sd/j/jcho5/VASP/vasp_mol/C2H4/beef_vdw,-24.68028934,,-29.58166646,,500,converged,3ab89260c880163c8e841da2b9b1f083132849afa869c6c94946440a83849aa1,false
Au110,ethene,pbe,C2H4_Au110,,false,reference_unavailable,No converged relaxed references with matching functional/composition,,/pscratch/sd/j/jcho5/VASP/dft_jobs/C2H4_Au110/singlepoint/PBE,0,,/pscratch/sd/j/jcho5/VASP/vasp_mol/C2H4/PBE,-216.4881787,,-31.970644,,500,converged,c5671c6de3624b708af023de94c1261b7fc6c4df04a190b2d6db3c36143ec334,false
Au110,ethene,pbe_d3,C2H4_Au110,,false,reference_unavailable,No converged relaxed references with matching functional/composition,,/pscratch/sd/j/jcho5/VASP/dft_jobs/C2H4_Au110/singlepoint/PBE_D3,0,,/pscratch/sd/j/jcho5/VASP/vasp_mol/C2H4/PBE_D3,-241.89172242,,-31.9831896,,500,converged,c5671c6de3624b708af023de94c1261b7fc6c4df04a190b2d6db3c36143ec334,false
Au110,ethene,r2scan,C2H4_Au110,,false,reference_unavailable,No converged relaxed references with matching functional/composition,,/pscratch/sd/j/jcho5/VASP/dft_jobs/C2H4_Au110/singlepoint/r2scan,0,,/pscratch/sd/j/jcho5/VASP/vasp_mol/C2H4/r2scan,-3245.65306551,,-33.54855876,,500,converged,c5671c6de3624b708af023de94c1261b7fc6c4df04a190b2d6db3c36143ec334,false
Au110,ethene,beef_vdw,C2H4_Au110,,false,reference_unavailable,No converged relaxed references with matching functional/composition,,/pscratch/sd/j/jcho5/VASP/dft_jobs/C2H4_Au110/singlepoint/beef_vdw,0,,/pscratch/sd/j/jcho5/VASP/vasp_mol/C2H4/beef_vdw,-16.54370604,,-29.58166646,,500,converged,c5671c6de3624b708af023de94c1261b7fc6c4df04a190b2d6db3c36143ec334,false
Au111,ethene,pbe,C2H4_Au111,,false,reference_unavailable,No converged relaxed references with matching functional/composition,,/pscratch/sd/j/jcho5/VASP/dft_jobs/C2H4_Au111/singlepoint/PBE,0,,/pscratch/sd/j/jcho5/VASP/vasp_mol/C2H4/PBE,-142.15933232,,-31.970644,,500,converged,b0cab76ad4b1ac561b60c8122fdf5159ee0fd19f8751382dbbc91749aad27db1,false
Au111,ethene,pbe_d3,C2H4_Au111,,false,reference_unavailable,No converged relaxed references with matching functional/composition,,/pscratch/sd/j/jcho5/VASP/dft_jobs/C2H4_Au111/singlepoint/PBE_D3,0,,/pscratch/sd/j/jcho5/VASP/vasp_mol/C2H4/PBE_D3,-160.03858059,,-31.9831896,,500,converged,b0cab76ad4b1ac561b60c8122fdf5159ee0fd19f8751382dbbc91749aad27db1,false
Au111,ethene,r2scan,C2H4_Au111,,false,reference_unavailable,No converged relaxed references with matching functional/composition,,/pscratch/sd/j/jcho5/VASP/dft_jobs/C2H4_Au111/singlepoint/r2scan,0,,/pscratch/sd/j/jcho5/VASP/vasp_mol/C2H4/r2scan,-1848.00248059,,-33.54855876,,500,converged,b0cab76ad4b1ac561b60c8122fdf5159ee0fd19f8751382dbbc91749aad27db1,false
Au111,ethene,beef_vdw,C2H4_Au111,,false,reference_unavailable,No converged relaxed references with matching functional/composition,,/pscratch/sd/j/jcho5/VASP/dft_jobs/C2H4_Au111/singlepoint/beef_vdw,0,,/pscratch/sd/j/jcho5/VASP/vasp_mol/C2H4/beef_vdw,-28.98334448,,-29.58166646,,500,converged,b0cab76ad4b1ac561b60c8122fdf5159ee0fd19f8751382dbbc91749aad27db1,false
Cu100,ethene,pbe,C2H4_Cu100,,false,ok,NSW=0 complex; converged relaxed references; matching composition,-0.09267128,/pscratch/sd/j/jcho5/VASP/dft_jobs/C2H4_Cu100/singlepoint/PBE,0,/pscratch/sd/j/jcho5/VASP/vasp_slab/Cu100/PBE,/pscratch/sd/j/jcho5/VASP/vasp_mol/C2H4/PBE,-251.83013692,-219.76682164,-31.970644,1000,500,converged,4efbf25d61574b1095d16f12d882eb1ae3bfafe7fdb9b4c77a17f80e9adcb4e9,true
Cu100,ethene,pbe_d3,C2H4_Cu100,,false,ok,NSW=0 complex; converged relaxed references; matching composition,-0.53564591,/pscratch/sd/j/jcho5/VASP/dft_jobs/C2H4_Cu100/singlepoint/PBE_D3,0,/pscratch/sd/j/jcho5/VASP/vasp_slab/Cu100/PBE_D3,/pscratch/sd/j/jcho5/VASP/vasp_mol/C2H4/PBE_D3,-273.35936804,-240.84053253,-31.9831896,1000,500,converged,4efbf25d61574b1095d16f12d882eb1ae3bfafe7fdb9b4c77a17f80e9adcb4e9,true
Cu100,ethene,r2scan,C2H4_Cu100,,false,ok,NSW=0 complex; converged relaxed references; matching composition,-0.08751278,/pscratch/sd/j/jcho5/VASP/dft_jobs/C2H4_Cu100/singlepoint/r2scan,0,/pscratch/sd/j/jcho5/VASP/vasp_slab/Cu100/r2scan,/pscratch/sd/j/jcho5/VASP/vasp_mol/C2H4/r2scan,-703.95256555,-670.31649401,-33.54855876,1000,500,converged,4efbf25d61574b1095d16f12d882eb1ae3bfafe7fdb9b4c77a17f80e9adcb4e9,true
Cu100,ethene,beef_vdw,C2H4_Cu100,,false,ok,NSW=0 complex; converged relaxed references; matching composition,-0.1582752,/pscratch/sd/j/jcho5/VASP/dft_jobs/C2H4_Cu100/singlepoint/beef_vdw,0,/pscratch/sd/j/jcho5/VASP/completion_runs/site_gapfill_20260914/slab/C2H4_Cu100/beef_vdw,/pscratch/sd/j/jcho5/VASP/vasp_mol/C2H4/beef_vdw,-40.31626426,-10.5763226,-29.58166646,1000,500,converged,4efbf25d61574b1095d16f12d882eb1ae3bfafe7fdb9b4c77a17f80e9adcb4e9,true
Cu110,ethene,pbe,C2H4_Cu110,,false,potential_mismatch,Complex and reference PAW potential identities differ or are missing; energy retained only as diagnostic,0.08474009,/pscratch/sd/j/jcho5/VASP/dft_jobs/C2H4_Cu110/singlepoint/PBE,0,/pscratch/sd/j/jcho5/VASP/vasp_slab/Cu110/PBE,/pscratch/sd/j/jcho5/VASP/vasp_mol/C2H4/PBE,-111.63593729,-79.75003338,-31.970644,1000,500,converged,38b50ab65a9cc64ca3066a46f1ce4de9beb2ebba64dba623a221cb7d3f5eb2d8,false
Cu110,ethene,pbe_d3,C2H4_Cu110,,false,potential_mismatch,Complex and reference PAW potential identities differ or are missing; energy retained only as diagnostic,-0.4560373,/pscratch/sd/j/jcho5/VASP/dft_jobs/C2H4_Cu110/singlepoint/PBE_D3,0,/pscratch/sd/j/jcho5/VASP/vasp_slab/Cu110/PBE_D3,/pscratch/sd/j/jcho5/VASP/vasp_mol/C2H4/PBE_D3,-118.52419934,-86.08497244,-31.9831896,1000,500,converged,38b50ab65a9cc64ca3066a46f1ce4de9beb2ebba64dba623a221cb7d3f5eb2d8,false
Cu110,ethene,r2scan,C2H4_Cu110,,false,potential_mismatch,Complex and reference PAW potential identities differ or are missing; energy retained only as diagnostic,-0.19512683,/pscratch/sd/j/jcho5/VASP/dft_jobs/C2H4_Cu110/singlepoint/r2scan,0,/pscratch/sd/j/jcho5/VASP/vasp_slab/Cu110/r2scan,/pscratch/sd/j/jcho5/VASP/vasp_mol/C2H4/r2scan,-281.77618119,-248.0324956,-33.54855876,1000,500,converged,38b50ab65a9cc64ca3066a46f1ce4de9beb2ebba64dba623a221cb7d3f5eb2d8,false
Cu110,ethene,beef_vdw,C2H4_Cu110,,false,potential_mismatch,Complex and reference PAW potential identities differ or are missing; energy retained only as diagnostic,-31.19717159,/pscratch/sd/j/jcho5/VASP/dft_jobs/C2H4_Cu110/singlepoint/beef_vdw,0,/pscratch/sd/j/jcho5/VASP/vasp_slab/Cu110/beef_vdw,/pscratch/sd/j/jcho5/VASP/vasp_mol/C2H4/beef_vdw,-30.79364732,29.98519073,-29.58166646,1000,500,converged,38b50ab65a9cc64ca3066a46f1ce4de9beb2ebba64dba623a221cb7d3f5eb2d8,false
Cu111,ethene,pbe,C2H4_Cu111,,false,ok,NSW=0 complex; converged relaxed references; matching composition,-0.03161161,/pscratch/sd/j/jcho5/VASP/dft_jobs/C2H4_Cu111/singlepoint/PBE,0,/pscratch/sd/j/jcho5/VASP/completion_runs/matched_potential_slabs_20260915/slab/Cu111_28f90def6e/pbe,/pscratch/sd/j/jcho5/VASP/vasp_mol/C2H4/PBE,-256.08510874,-224.08285313,-31.970644,500,500,converged,3aec20cf0364d31e8334b181e1fb49e120a0ebbe3931b7666d973dc1885df7ba,true
Cu111,ethene,pbe_d3,C2H4_Cu111,,false,ok,NSW=0 complex; converged relaxed references; matching composition,-0.21085338,/pscratch/sd/j/jcho5/VASP/dft_jobs/C2H4_Cu111/singlepoint/PBE_D3,0,/pscratch/sd/j/jcho5/VASP/completion_runs/matched_potential_slabs_20260915/slab/Cu111_6058af94f0/pbe_d3,/pscratch/sd/j/jcho5/VASP/vasp_mol/C2H4/PBE_D3,-278.76356581,-246.56952283,-31.9831896,500,500,converged,3aec20cf0364d31e8334b181e1fb49e120a0ebbe3931b7666d973dc1885df7ba,true
Cu111,ethene,r2scan,C2H4_Cu111,,false,ok,NSW=0 complex; converged relaxed references; matching composition,0.10479226,/pscratch/sd/j/jcho5/VASP/dft_jobs/C2H4_Cu111/singlepoint/r2scan,0,/pscratch/sd/j/jcho5/VASP/completion_runs/matched_potential_slabs_20260915/slab/Cu111_96724abedd/r2scan,/pscratch/sd/j/jcho5/VASP/vasp_mol/C2H4/r2scan,-708.87398368,-675.43021718,-33.54855876,500,500,converged,3aec20cf0364d31e8334b181e1fb49e120a0ebbe3931b7666d973dc1885df7ba,true
Cu111,ethene,beef_vdw,C2H4_Cu111,,false,ok,NSW=0 complex; converged relaxed references; matching composition,-0.22905529,/pscratch/sd/j/jcho5/VASP/dft_jobs/C2H4_Cu111/singlepoint/beef_vdw,0,/pscratch/sd/j/jcho5/VASP/completion_runs/matched_potential_slabs_20260915/slab/Cu111_11f50e50d8/beef_vdw,/pscratch/sd/j/jcho5/VASP/vasp_mol/C2H4/beef_vdw,-44.4106649,-14.59994315,-29.58166646,500,500,converged,3aec20cf0364d31e8334b181e1fb49e120a0ebbe3931b7666d973dc1885df7ba,true
Ir100,ethene,pbe,C2H4_Ir100,,false,ok,NSW=0 complex; converged relaxed references; matching composition,-1.27408169,/pscratch/sd/j/jcho5/VASP/dft_jobs/C2H4_Ir100/singlepoint/PBE,0,/pscratch/sd/j/jcho5/VASP/vasp_slab/Ir100/PBE,/pscratch/sd/j/jcho5/VASP/vasp_mol/C2H4/PBE,-327.64573983,-294.40101414,-31.970644,1000,500,converged,5acb0dc74f36ec9e9a701a7a5cd29cfa7eb40c043a46cf839a2b6982898355cc,true
Ir100,ethene,pbe_d3,C2H4_Ir100,,false,ok,NSW=0 complex; converged relaxed references; matching composition,-1.77991331,/pscratch/sd/j/jcho5/VASP/dft_jobs/C2H4_Ir100/singlepoint/PBE_D3,0,/pscratch/sd/j/jcho5/VASP/vasp_slab/Ir100/PBE_D3,/pscratch/sd/j/jcho5/VASP/vasp_mol/C2H4/PBE_D3,-345.36555269,-311.60244978,-31.9831896,1000,500,converged,5acb0dc74f36ec9e9a701a7a5cd29cfa7eb40c043a46cf839a2b6982898355cc,true
Ir100,ethene,r2scan,C2H4_Ir100,,false,ok,NSW=0 complex; converged relaxed references; matching composition,-1.64460157,/pscratch/sd/j/jcho5/VASP/dft_jobs/C2H4_Ir100/singlepoint/r2scan,0,/pscratch/sd/j/jcho5/VASP/completion_runs/site_gapfill_20260914/slab/C2H4_Ir100/r2scan,/pscratch/sd/j/jcho5/VASP/vasp_mol/C2H4/r2scan,-1893.85864508,-1858.66548475,-33.54855876,1000,500,converged,5acb0dc74f36ec9e9a701a7a5cd29cfa7eb40c043a46cf839a2b6982898355cc,true
Ir100,ethene,beef_vdw,C2H4_Ir100,,false,ok,NSW=0 complex; converged relaxed references; matching composition,-1.12376583,/pscratch/sd/j/jcho5/VASP/dft_jobs/C2H4_Ir100/singlepoint/beef_vdw,0,/pscratch/sd/j/jcho5/VASP/vasp_slab/Ir100/beef_vdw,/pscratch/sd/j/jcho5/VASP/vasp_mol/C2H4/beef_vdw,-213.72299888,-183.01756659,-29.58166646,1000,500,converged,5acb0dc74f36ec9e9a701a7a5cd29cfa7eb40c043a46cf839a2b6982898355cc,true
Ir110,ethene,pbe,C2H4_Ir110,,false,ok,NSW=0 complex; converged relaxed references; matching composition,-1.60123354,/pscratch/sd/j/jcho5/VASP/dft_jobs/C2H4_Ir110/singlepoint/PBE,0,/pscratch/sd/j/jcho5/VASP/vasp_slab/Ir110/PBE,/pscratch/sd/j/jcho5/VASP/vasp_mol/C2H4/PBE,-219.36466325,-185.79278571,-31.970644,1000,500,converged,f2b578d9a9b5a2c842ca9bc8540cb4758c8661e5539170f2e463b70330c8429d,true
Ir110,ethene,pbe_d3,C2H4_Ir110,,false,ok,NSW=0 complex; converged relaxed references; matching composition,-2.00771159,/pscratch/sd/j/jcho5/VASP/dft_jobs/C2H4_Ir110/singlepoint/PBE_D3,0,/pscratch/sd/j/jcho5/VASP/vasp_slab/Ir110/PBE_D3,/pscratch/sd/j/jcho5/VASP/vasp_mol/C2H4/PBE_D3,-229.12912269,-195.1382215,-31.9831896,1000,500,converged,f2b578d9a9b5a2c842ca9bc8540cb4758c8661e5539170f2e463b70330c8429d,true
Ir110,ethene,r2scan,C2H4_Ir110,,false,ok,NSW=0 complex; converged relaxed references; matching composition,-1.70577094,/pscratch/sd/j/jcho5/VASP/dft_jobs/C2H4_Ir110/singlepoint/r2scan,0,/pscratch/sd/j/jcho5/VASP/vasp_slab/Ir110/r2scan,/pscratch/sd/j/jcho5/VASP/vasp_mol/C2H4/r2scan,-1263.93108137,-1228.67675167,-33.54855876,1000,500,converged,f2b578d9a9b5a2c842ca9bc8540cb4758c8661e5539170f2e463b70330c8429d,true
Ir110,ethene,beef_vdw,C2H4_Ir110,,false,ok,NSW=0 complex; converged relaxed references; matching composition,-1.72489856,/pscratch/sd/j/jcho5/VASP/dft_jobs/C2H4_Ir110/singlepoint/beef_vdw,0,/pscratch/sd/j/jcho5/VASP/vasp_slab/Ir110/beef_vdw,/pscratch/sd/j/jcho5/VASP/vasp_mol/C2H4/beef_vdw,-142.55906256,-111.25249754,-29.58166646,1000,500,converged,f2b578d9a9b5a2c842ca9bc8540cb4758c8661e5539170f2e463b70330c8429d,true
Ir111,ethene,pbe,C2H4_Ir111,,false,ok,NSW=0 complex; converged relaxed references; matching composition,-0.70634766,/pscratch/sd/j/jcho5/VASP/dft_jobs/C2H4_Ir111/singlepoint/PBE,0,/pscratch/sd/j/jcho5/VASP/vasp_slab/Ir111/PBE,/pscratch/sd/j/jcho5/VASP/vasp_mol/C2H4/PBE,-570.98893456,-538.3119429,-31.970644,1000,500,converged,992a5f2cea5f5fa95db78018d8bf266a97106fda1310a672732a7315245a2062,true
Ir111,ethene,pbe_d3,C2H4_Ir111,,false,ok,NSW=0 complex; converged relaxed references; matching composition,-0.97690933,/pscratch/sd/j/jcho5/VASP/dft_jobs/C2H4_Ir111/singlepoint/PBE_D3,0,/pscratch/sd/j/jcho5/VASP/vasp_slab/Ir111/PBE_D3,/pscratch/sd/j/jcho5/VASP/vasp_mol/C2H4/PBE_D3,-603.74314288,-570.78304395,-31.9831896,1000,500,converged,992a5f2cea5f5fa95db78018d8bf266a97106fda1310a672732a7315245a2062,true
Ir111,ethene,r2scan,C2H4_Ir111,,false,ok,NSW=0 complex; converged relaxed references; matching composition,-0.79731384,/pscratch/sd/j/jcho5/VASP/dft_jobs/C2H4_Ir111/singlepoint/r2scan,0,/pscratch/sd/j/jcho5/VASP/vasp_slab/Ir111/r2scan,/pscratch/sd/j/jcho5/VASP/vasp_mol/C2H4/r2scan,-3355.02901469,-3320.68314209,-33.54855876,1000,500,converged,992a5f2cea5f5fa95db78018d8bf266a97106fda1310a672732a7315245a2062,true
Ir111,ethene,beef_vdw,C2H4_Ir111,,false,ok,NSW=0 complex; converged relaxed references; matching composition,-0.92279659,/pscratch/sd/j/jcho5/VASP/dft_jobs/C2H4_Ir111/singlepoint/beef_vdw,0,/pscratch/sd/j/jcho5/VASP/vasp_slab/Ir111/beef_vdw,/pscratch/sd/j/jcho5/VASP/vasp_mol/C2H4/beef_vdw,-369.99143297,-339.48696992,-29.58166646,1000,500,converged,992a5f2cea5f5fa95db78018d8bf266a97106fda1310a672732a7315245a2062,true
Pd100,ethene,pbe,C2H4_Pd100,,false,potential_mismatch,Complex and reference PAW potential identities differ or are missing; energy retained only as diagnostic,-1.00467463,/pscratch/sd/j/jcho5/VASP/dft_jobs/C2H4_Pd100/singlepoint/PBE,0,/pscratch/sd/j/jcho5/VASP/vasp_slab/Pd100/PBE,/pscratch/sd/j/jcho5/VASP/vasp_mol/C2H4/PBE,-208.27711115,-175.30179252,-31.970644,1000,500,converged,333bf3c8a846adfe732b3029d679708f180dcfdd6b9e250e61344803aca833ac,false
Pd100,ethene,pbe_d3,C2H4_Pd100,,false,potential_mismatch,Complex and reference PAW potential identities differ or are missing; energy retained only as diagnostic,-1.36536828,/pscratch/sd/j/jcho5/VASP/dft_jobs/C2H4_Pd100/singlepoint/PBE_D3,0,/pscratch/sd/j/jcho5/VASP/vasp_slab/Pd100/PBE_D3,/pscratch/sd/j/jcho5/VASP/vasp_mol/C2H4/PBE_D3,-222.80896469,-189.46040681,-31.9831896,1000,500,converged,333bf3c8a846adfe732b3029d679708f180dcfdd6b9e250e61344803aca833ac,false
Pd100,ethene,r2scan,C2H4_Pd100,,false,ok,NSW=0 complex; converged relaxed references; matching composition,-1.05925891,/pscratch/sd/j/jcho5/VASP/dft_jobs/C2H4_Pd100/singlepoint/r2scan,0,/pscratch/sd/j/jcho5/VASP/completion_runs/matched_potential_slabs_20260915/slab/Pd100_25986b23a9/r2scan,/pscratch/sd/j/jcho5/VASP/vasp_mol/C2H4/r2scan,-847.0769509,-812.46913323,-33.54855876,500,500,converged,333bf3c8a846adfe732b3029d679708f180dcfdd6b9e250e61344803aca833ac,true
Pd100,ethene,beef_vdw,C2H4_Pd100,,false,ok,NSW=0 complex; converged relaxed references; matching composition,-0.90755563,/pscratch/sd/j/jcho5/VASP/dft_jobs/C2H4_Pd100/singlepoint/beef_vdw,0,/pscratch/sd/j/jcho5/VASP/completion_runs/matched_potential_slabs_20260915/slab/Pd100_b7d9b89afa/beef_vdw,/pscratch/sd/j/jcho5/VASP/vasp_mol/C2H4/beef_vdw,-83.65877216,-53.16955007,-29.58166646,500,500,converged,333bf3c8a846adfe732b3029d679708f180dcfdd6b9e250e61344803aca833ac,true
Pd110,ethene,pbe,C2H4_Pd110,,false,potential_mismatch,Complex and reference PAW potential identities differ or are missing; energy retained only as diagnostic,-1.05526497,/pscratch/sd/j/jcho5/VASP/dft_jobs/C2H4_Pd110/singlepoint/PBE,0,/pscratch/sd/j/jcho5/VASP/vasp_slab/Pd110/PBE,/pscratch/sd/j/jcho5/VASP/vasp_mol/C2H4/PBE,-143.86008842,-110.83417945,-31.970644,1000,500,converged,16b8a425175636233d8b50e70e2d87fd62190a8019e6277406ee5a9363e32b87,false
Pd110,ethene,pbe_d3,C2H4_Pd110,,false,potential_mismatch,Complex and reference PAW potential identities differ or are missing; energy retained only as diagnostic,-1.44658881,/pscratch/sd/j/jcho5/VASP/dft_jobs/C2H4_Pd110/singlepoint/PBE_D3,0,/pscratch/sd/j/jcho5/VASP/vasp_slab/Pd110/PBE_D3,/pscratch/sd/j/jcho5/VASP/vasp_mol/C2H4/PBE_D3,-151.95291246,-118.52313405,-31.9831896,1000,500,converged,16b8a425175636233d8b50e70e2d87fd62190a8019e6277406ee5a9363e32b87,false
Pd110,ethene,r2scan,C2H4_Pd110,,false,ok,NSW=0 complex; converged relaxed references; matching composition,-1.11819909,/pscratch/sd/j/jcho5/VASP/dft_jobs/C2H4_Pd110/singlepoint/r2scan,0,/pscratch/sd/j/jcho5/VASP/completion_runs/matched_potential_slabs_20260915/slab/Pd110_2eb6224610/r2scan,/pscratch/sd/j/jcho5/VASP/vasp_mol/C2H4/r2scan,-569.7007305,-535.03397265,-33.54855876,500,500,converged,16b8a425175636233d8b50e70e2d87fd62190a8019e6277406ee5a9363e32b87,true
Pd110,ethene,beef_vdw,C2H4_Pd110,,false,ok,NSW=0 complex; converged relaxed references; matching composition,-1.09424086,/pscratch/sd/j/jcho5/VASP/dft_jobs/C2H4_Pd110/singlepoint/beef_vdw,0,/pscratch/sd/j/jcho5/VASP/completion_runs/matched_potential_slabs_20260915/slab/Pd110_7655ac7da9/beef_vdw,/pscratch/sd/j/jcho5/VASP/vasp_mol/C2H4/beef_vdw,-60.03619449,-29.36028717,-29.58166646,500,500,converged,16b8a425175636233d8b50e70e2d87fd62190a8019e6277406ee5a9363e32b87,true
Pd111,ethene,pbe,C2H4_Pd111,,false,ok,NSW=0 complex; converged relaxed references; matching composition,-0.65642802,/pscratch/sd/j/jcho5/VASP/dft_jobs/C2H4_Pd111/singlepoint/PBE,0,/pscratch/sd/j/jcho5/VASP/completion_runs/matched_potential_slabs_20260915/slab/Pd111_ffc3f47166/pbe,/pscratch/sd/j/jcho5/VASP/vasp_mol/C2H4/PBE,-210.75677105,-178.12969903,-31.970644,500,500,converged,e331e5a409acaba920db3f397652f8b694615f7cd5e3b9ddfea2636a33662d84,true
Pd111,ethene,pbe_d3,C2H4_Pd111,,false,ok,NSW=0 complex; converged relaxed references; matching composition,-1.01570126,/pscratch/sd/j/jcho5/VASP/dft_jobs/C2H4_Pd111/singlepoint/PBE_D3,0,/pscratch/sd/j/jcho5/VASP/completion_runs/matched_potential_slabs_20260915/slab/Pd111_0333765c8d/pbe_d3,/pscratch/sd/j/jcho5/VASP/vasp_mol/C2H4/PBE_D3,-226.06201256,-193.0631217,-31.9831896,500,500,converged,e331e5a409acaba920db3f397652f8b694615f7cd5e3b9ddfea2636a33662d84,true
Pd111,ethene,r2scan,C2H4_Pd111,,false,reference_unavailable,No converged relaxed references with matching functional/composition,,/pscratch/sd/j/jcho5/VASP/dft_jobs/C2H4_Pd111/singlepoint/r2scan,0,,/pscratch/sd/j/jcho5/VASP/vasp_mol/C2H4/r2scan,-849.97345663,,-33.54855876,,500,converged,e331e5a409acaba920db3f397652f8b694615f7cd5e3b9ddfea2636a33662d84,false
Pd111,ethene,beef_vdw,C2H4_Pd111,,false,ok,NSW=0 complex; converged relaxed references; matching composition,-0.70741178,/pscratch/sd/j/jcho5/VASP/dft_jobs/C2H4_Pd111/singlepoint/beef_vdw,0,/pscratch/sd/j/jcho5/VASP/completion_runs/matched_potential_slabs_20260915/slab/Pd111_f1f527eac1/beef_vdw,/pscratch/sd/j/jcho5/VASP/vasp_mol/C2H4/beef_vdw,-85.74348272,-55.45440448,-29.58166646,500,500,converged,e331e5a409acaba920db3f397652f8b694615f7cd5e3b9ddfea2636a33662d84,true
Pt100,ethene,pbe,C2H4_Pt100,,false,potential_mismatch,Complex and reference PAW potential identities differ or are missing; energy retained only as diagnostic,-1.49457966,/pscratch/sd/j/jcho5/VASP/dft_jobs/C2H4_Pt100/singlepoint/PBE,0,/pscratch/sd/j/jcho5/VASP/vasp_slab/Pt100/PBE,/pscratch/sd/j/jcho5/VASP/vasp_mol/C2H4/PBE,-236.49235226,-203.0271286,-31.970644,1000,500,converged,528f91a2c2fea9ce547b95c36511cb99de30c7f8bf9c001e12a938ab089ce0f1,false
Pt100,ethene,pbe_d3,C2H4_Pt100,,false,potential_mismatch,Complex and reference PAW potential identities differ or are missing; energy retained only as diagnostic,-1.96025946,/pscratch/sd/j/jcho5/VASP/dft_jobs/C2H4_Pt100/singlepoint/PBE_D3,0,/pscratch/sd/j/jcho5/VASP/vasp_slab/Pt100/PBE_D3,/pscratch/sd/j/jcho5/VASP/vasp_mol/C2H4/PBE_D3,-255.97912431,-222.03567525,-31.9831896,1000,500,converged,528f91a2c2fea9ce547b95c36511cb99de30c7f8bf9c001e12a938ab089ce0f1,false
Pt100,ethene,r2scan,C2H4_Pt100,,false,potential_mismatch,Complex and reference PAW potential identities differ or are missing; energy retained only as diagnostic,-2.02515271,/pscratch/sd/j/jcho5/VASP/dft_jobs/C2H4_Pt100/singlepoint/r2scan,0,/pscratch/sd/j/jcho5/VASP/vasp_slab/Pt100/r2scan,/pscratch/sd/j/jcho5/VASP/vasp_mol/C2H4/r2scan,-1871.26507045,-1835.69135898,-33.54855876,1000,500,converged,528f91a2c2fea9ce547b95c36511cb99de30c7f8bf9c001e12a938ab089ce0f1,false
Pt100,ethene,beef_vdw,C2H4_Pt100,,false,potential_mismatch,Complex and reference PAW potential identities differ or are missing; energy retained only as diagnostic,-34.94925632,/pscratch/sd/j/jcho5/VASP/dft_jobs/C2H4_Pt100/singlepoint/beef_vdw,0,/pscratch/sd/j/jcho5/VASP/vasp_slab/Pt100/beef_vdw,/pscratch/sd/j/jcho5/VASP/vasp_mol/C2H4/beef_vdw,-124.57422224,-60.04329946,-29.58166646,1000,500,converged,528f91a2c2fea9ce547b95c36511cb99de30c7f8bf9c001e12a938ab089ce0f1,false
Pt110,ethene,pbe,C2H4_Pt110,,false,potential_mismatch,Complex and reference PAW potential identities differ or are missing; energy retained only as diagnostic,-1.56920746,/pscratch/sd/j/jcho5/VASP/dft_jobs/C2H4_Pt110/singlepoint/PBE,0,/pscratch/sd/j/jcho5/VASP/vasp_slab/Pt110/PBE,/pscratch/sd/j/jcho5/VASP/vasp_mol/C2H4/PBE,-161.84081468,-128.30096322,-31.970644,1000,500,converged,008ff509ef22062f41d16aee3db56cacc866d5a254803cb93cb2943f25403a3f,false
Pt110,ethene,pbe_d3,C2H4_Pt110,,false,potential_mismatch,Complex and reference PAW potential identities differ or are missing; energy retained only as diagnostic,-2.1032147,/pscratch/sd/j/jcho5/VASP/dft_jobs/C2H4_Pt110/singlepoint/PBE_D3,0,/pscratch/sd/j/jcho5/VASP/vasp_slab/Pt110/PBE_D3,/pscratch/sd/j/jcho5/VASP/vasp_mol/C2H4/PBE_D3,-172.65955199,-138.57314769,-31.9831896,1000,500,converged,008ff509ef22062f41d16aee3db56cacc866d5a254803cb93cb2943f25403a3f,false
Pt110,ethene,r2scan,C2H4_Pt110,,false,potential_mismatch,Complex and reference PAW potential identities differ or are missing; energy retained only as diagnostic,-1.90765048,/pscratch/sd/j/jcho5/VASP/dft_jobs/C2H4_Pt110/singlepoint/r2scan,0,/pscratch/sd/j/jcho5/VASP/vasp_slab/Pt110/r2scan,/pscratch/sd/j/jcho5/VASP/vasp_mol/C2H4/r2scan,-1251.54251629,-1216.08630705,-33.54855876,1000,500,converged,008ff509ef22062f41d16aee3db56cacc866d5a254803cb93cb2943f25403a3f,false
Pt110,ethene,beef_vdw,C2H4_Pt110,,false,potential_mismatch,Complex and reference PAW potential identities differ or are missing; energy retained only as diagnostic,-24.04229981,/pscratch/sd/j/jcho5/VASP/dft_jobs/C2H4_Pt110/singlepoint/beef_vdw,0,/pscratch/sd/j/jcho5/VASP/vasp_slab/Pt110/beef_vdw,/pscratch/sd/j/jcho5/VASP/vasp_mol/C2H4/beef_vdw,-86.30353493,-32.67956866,-29.58166646,1000,500,converged,008ff509ef22062f41d16aee3db56cacc866d5a254803cb93cb2943f25403a3f,false
Pt111,ethene,pbe,C2H4_Pt111_bri,bri,false,ok,NSW=0 complex; converged relaxed references; matching composition,-0.62053023,/pscratch/sd/j/jcho5/VASP/dft_jobs/C2H4_Pt111_bri/singlepoint/PBE,0,/pscratch/sd/j/jcho5/VASP/completion_runs/matched_potential_slabs_20260915/slab/Pt111_ac28ddddd3/pbe,/pscratch/sd/j/jcho5/VASP/vasp_mol/C2H4/PBE,-241.28709747,-208.69592324,-31.970644,500,500,converged,e6473b82851928654b8861a93279b94e70ffac5cbf9e4944e81c0f6393d666c2,true
Pt111,ethene,pbe_d3,C2H4_Pt111_bri,bri,false,ok,NSW=0 complex; converged relaxed references; matching composition,-1.05834618,/pscratch/sd/j/jcho5/VASP/dft_jobs/C2H4_Pt111_bri/singlepoint/PBE_D3,0,/pscratch/sd/j/jcho5/VASP/completion_runs/matched_potential_slabs_20260915/slab/Pt111_c3286ec1f4/pbe_d3,/pscratch/sd/j/jcho5/VASP/vasp_mol/C2H4/PBE_D3,-261.63830276,-228.59676698,-31.9831896,500,500,converged,e6473b82851928654b8861a93279b94e70ffac5cbf9e4944e81c0f6393d666c2,true
Pt111,ethene,r2scan,C2H4_Pt111_bri,bri,false,reference_unavailable,No converged relaxed references with matching functional/composition,,/pscratch/sd/j/jcho5/VASP/dft_jobs/C2H4_Pt111_bri/singlepoint/r2scan,0,,/pscratch/sd/j/jcho5/VASP/vasp_mol/C2H4/r2scan,-1876.19045174,,-33.54855876,,500,converged,e6473b82851928654b8861a93279b94e70ffac5cbf9e4944e81c0f6393d666c2,false
Pt111,ethene,beef_vdw,C2H4_Pt111_bri,bri,false,complex_unconverged,electronic_unconverged,,/pscratch/sd/j/jcho5/VASP/dft_jobs/C2H4_Pt111_bri/singlepoint/beef_vdw,0,,/pscratch/sd/j/jcho5/VASP/vasp_mol/C2H4/beef_vdw,-128.72916261,,-29.58166646,,500,electronic_unconverged,e6473b82851928654b8861a93279b94e70ffac5cbf9e4944e81c0f6393d666c2,false
Rh100,ethene,pbe,C2H4_Rh100,,false,potential_mismatch,Complex and reference PAW potential identities differ or are missing; energy retained only as diagnostic,-1.40004297,/pscratch/sd/j/jcho5/VASP/dft_jobs/C2H4_Rh100/singlepoint/PBE,0,/pscratch/sd/j/jcho5/VASP/vasp_slab/Rh100/PBE,/pscratch/sd/j/jcho5/VASP/vasp_mol/C2H4/PBE,-275.64702704,-242.27634007,-31.970644,1000,500,converged,940e481b68c09b3ca3fae57fbbbfcd46d7f56a59d208c3a9d2fc60823c06776a,false
Rh100,ethene,pbe_d3,C2H4_Rh100,,false,potential_mismatch,Complex and reference PAW potential identities differ or are missing; energy retained only as diagnostic,-1.82299915,/pscratch/sd/j/jcho5/VASP/dft_jobs/C2H4_Rh100/singlepoint/PBE_D3,0,/pscratch/sd/j/jcho5/VASP/vasp_slab/Rh100/PBE_D3,/pscratch/sd/j/jcho5/VASP/vasp_mol/C2H4/PBE_D3,-289.88162934,-256.07544059,-31.9831896,1000,500,converged,940e481b68c09b3ca3fae57fbbbfcd46d7f56a59d208c3a9d2fc60823c06776a,false
Rh100,ethene,r2scan,C2H4_Rh100,,false,ok,NSW=0 complex; converged relaxed references; matching composition,-1.19312135,/pscratch/sd/j/jcho5/VASP/dft_jobs/C2H4_Rh100/singlepoint/r2scan,0,/pscratch/sd/j/jcho5/VASP/completion_runs/matched_potential_slabs_20260915/slab/Rh100_84c2195556/r2scan,/pscratch/sd/j/jcho5/VASP/vasp_mol/C2H4/r2scan,-883.11934519,-848.37766508,-33.54855876,500,500,converged,940e481b68c09b3ca3fae57fbbbfcd46d7f56a59d208c3a9d2fc60823c06776a,true
Rh100,ethene,beef_vdw,C2H4_Rh100,,false,ok,NSW=0 complex; converged relaxed references; matching composition,-0.95563732,/pscratch/sd/j/jcho5/VASP/dft_jobs/C2H4_Rh100/singlepoint/beef_vdw,0,/pscratch/sd/j/jcho5/VASP/completion_runs/matched_potential_slabs_20260915/slab/Rh100_b2891dc541/beef_vdw,/pscratch/sd/j/jcho5/VASP/vasp_mol/C2H4/beef_vdw,-161.03074008,-130.4934363,-29.58166646,500,500,converged,940e481b68c09b3ca3fae57fbbbfcd46d7f56a59d208c3a9d2fc60823c06776a,true
Rh110,ethene,pbe,C2H4_Rh110,,false,potential_mismatch,Complex and reference PAW potential identities differ or are missing; energy retained only as diagnostic,-1.41168019,/pscratch/sd/j/jcho5/VASP/dft_jobs/C2H4_Rh110/singlepoint/PBE,0,/pscratch/sd/j/jcho5/VASP/vasp_slab/Rh110/PBE,/pscratch/sd/j/jcho5/VASP/vasp_mol/C2H4/PBE,-186.44028349,-153.0579593,-31.970644,1000,500,converged,054e7122cf902dd5ab9bf19c59daf9915f625c5a9378814864cde55bd0deec81,false
Rh110,ethene,pbe_d3,C2H4_Rh110,,false,potential_mismatch,Complex and reference PAW potential identities differ or are missing; energy retained only as diagnostic,-1.8176342,/pscratch/sd/j/jcho5/VASP/dft_jobs/C2H4_Rh110/singlepoint/PBE_D3,0,/pscratch/sd/j/jcho5/VASP/vasp_slab/Rh110/PBE_D3,/pscratch/sd/j/jcho5/VASP/vasp_mol/C2H4/PBE_D3,-194.28902287,-160.48819907,-31.9831896,1000,500,converged,054e7122cf902dd5ab9bf19c59daf9915f625c5a9378814864cde55bd0deec81,false
Rh110,ethene,r2scan,C2H4_Rh110,,false,ok,NSW=0 complex; converged relaxed references; matching composition,-1.19222459,/pscratch/sd/j/jcho5/VASP/dft_jobs/C2H4_Rh110/singlepoint/r2scan,0,/pscratch/sd/j/jcho5/VASP/completion_runs/matched_potential_slabs_20260915/slab/Rh110_43367cbc6c/r2scan,/pscratch/sd/j/jcho5/VASP/vasp_mol/C2H4/r2scan,-593.06977391,-558.32899056,-33.54855876,500,500,converged,054e7122cf902dd5ab9bf19c59daf9915f625c5a9378814864cde55bd0deec81,true
Rh110,ethene,beef_vdw,C2H4_Rh110,,false,ok,NSW=0 complex; converged relaxed references; matching composition,-1.25921719,/pscratch/sd/j/jcho5/VASP/dft_jobs/C2H4_Rh110/singlepoint/beef_vdw,0,/pscratch/sd/j/jcho5/VASP/completion_runs/matched_potential_slabs_20260915/slab/Rh110_a6be9fa2b9/beef_vdw,/pscratch/sd/j/jcho5/VASP/vasp_mol/C2H4/beef_vdw,-109.53337241,-78.69248876,-29.58166646,500,500,converged,054e7122cf902dd5ab9bf19c59daf9915f625c5a9378814864cde55bd0deec81,true
Rh111,ethene,pbe,C2H4_Rh111,,false,potential_mismatch,Complex and reference PAW potential identities differ or are missing; energy retained only as diagnostic,-1.45337259,/pscratch/sd/j/jcho5/VASP/dft_jobs/C2H4_Rh111/singlepoint/PBE,0,/pscratch/sd/j/jcho5/VASP/vasp_slab/Rh111/PBE,/pscratch/sd/j/jcho5/VASP/vasp_mol/C2H4/PBE,-472.57395948,-439.14994289,-31.970644,1000,500,converged,ce9cac35f87bbd19d91b74bbd1839cd145dc8518040137dcc6bfbcebd320c467,false
Rh111,ethene,pbe_d3,C2H4_Rh111,,false,potential_mismatch,Complex and reference PAW potential identities differ or are missing; energy retained only as diagnostic,-1.6512151,/pscratch/sd/j/jcho5/VASP/dft_jobs/C2H4_Rh111/singlepoint/PBE_D3,0,/pscratch/sd/j/jcho5/VASP/vasp_slab/Rh111/PBE_D3,/pscratch/sd/j/jcho5/VASP/vasp_mol/C2H4/PBE_D3,-498.89582523,-465.26142053,-31.9831896,1000,500,converged,ce9cac35f87bbd19d91b74bbd1839cd145dc8518040137dcc6bfbcebd320c467,false
Rh111,ethene,r2scan,C2H4_Rh111,,false,potential_mismatch,Complex and reference PAW potential identities differ or are missing; energy retained only as diagnostic,-1.69975671,/pscratch/sd/j/jcho5/VASP/dft_jobs/C2H4_Rh111/singlepoint/r2scan,0,/pscratch/sd/j/jcho5/VASP/vasp_slab/Rh111/r2scan,/pscratch/sd/j/jcho5/VASP/vasp_mol/C2H4/r2scan,-1552.13822862,-1516.88991315,-33.54855876,1000,500,converged,ce9cac35f87bbd19d91b74bbd1839cd145dc8518040137dcc6bfbcebd320c467,false
Rh111,ethene,beef_vdw,C2H4_Rh111,,false,ok,NSW=0 complex; converged relaxed references; matching composition,-0.98027534,/pscratch/sd/j/jcho5/VASP/dft_jobs/C2H4_Rh111/singlepoint/beef_vdw,0,/pscratch/sd/j/jcho5/VASP/completion_runs/matched_potential_slabs_20260915/slab/Rh111_f89b45c425/beef_vdw,/pscratch/sd/j/jcho5/VASP/vasp_mol/C2H4/beef_vdw,-270.2467423,-239.6848005,-29.58166646,500,500,converged,ce9cac35f87bbd19d91b74bbd1839cd145dc8518040137dcc6bfbcebd320c467,true
Pt111,ethanol,pbe,C2H5OH_Pt111_top,top,false,ok,NSW=0 complex; converged relaxed references; matching composition,-0.17462245,/pscratch/sd/j/jcho5/VASP/dft_jobs/C2H5OH_Pt111_top/singlepoint/PBE,0,/pscratch/sd/j/jcho5/VASP/completion_runs/matched_potential_slabs_20260915/slab/Pt111_ac28ddddd3/pbe,/pscratch/sd/j/jcho5/VASP/vasp_mol/CH3CH2OH/PBE,-255.7464081,-208.69592324,-46.87586241,500,500,converged,50648dc466191b852aa11381bf0ca60ca18c8a8fb6dd97a01e1d0f88a22a04a1,true
Pt111,ethanol,pbe_d3,C2H5OH_Pt111_top,top,false,ok,NSW=0 complex; converged relaxed references; matching composition,-0.66026897,/pscratch/sd/j/jcho5/VASP/dft_jobs/C2H5OH_Pt111_top/singlepoint/PBE_D3,0,/pscratch/sd/j/jcho5/VASP/completion_runs/matched_potential_slabs_20260915/slab/Pt111_c3286ec1f4/pbe_d3,/pscratch/sd/j/jcho5/VASP/vasp_mol/CH3CH2OH/PBE_D3,-276.18000023,-228.59676698,-46.92296428,500,500,converged,50648dc466191b852aa11381bf0ca60ca18c8a8fb6dd97a01e1d0f88a22a04a1,true
Pt111,ethanol,r2scan,C2H5OH_Pt111_top,top,false,reference_unavailable,No converged relaxed references with matching functional/composition,,/pscratch/sd/j/jcho5/VASP/dft_jobs/C2H5OH_Pt111_top/singlepoint/r2scan,0,,/pscratch/sd/j/jcho5/VASP/vasp_mol/CH3CH2OH/r2scan,-1891.76849428,,-49.63959258,,500,converged,50648dc466191b852aa11381bf0ca60ca18c8a8fb6dd97a01e1d0f88a22a04a1,false
Pt111,ethanol,beef_vdw,C2H5OH_Pt111_top,top,false,reference_unavailable,No converged relaxed references with matching functional/composition,,/pscratch/sd/j/jcho5/VASP/dft_jobs/C2H5OH_Pt111_top/singlepoint/beef_vdw,0,,/pscratch/sd/j/jcho5/VASP/vasp_mol/CH3CH2OH/beef_vdw,-141.54655787,,-42.75021548,,500,converged,50648dc466191b852aa11381bf0ca60ca18c8a8fb6dd97a01e1d0f88a22a04a1,false
Ag100,ethane,pbe,C2H6_Ag100,,false,ok,NSW=0 complex; converged relaxed references; matching composition,-0.02127531,/pscratch/sd/j/jcho5/VASP/dft_jobs/C2H6_Ag100/singlepoint/PBE,0,/pscratch/sd/j/jcho5/VASP/completion_runs/matched_potential_slabs_20260915/slab/Ag100_03d62237d7/pbe,/pscratch/sd/j/jcho5/VASP/vasp_mol/C2H6/PBE,-200.70950232,-160.18861022,-40.49961679,500,500,converged,811ce0c8d761798414962660f2e6fe30a9056968a460457d4e549fe913ac085c,true
Ag100,ethane,pbe_d3,C2H6_Ag100,,false,ok,NSW=0 complex; converged relaxed references; matching composition,-0.00686176,/pscratch/sd/j/jcho5/VASP/dft_jobs/C2H6_Ag100/singlepoint/PBE_D3,0,/pscratch/sd/j/jcho5/VASP/completion_runs/matched_potential_slabs_20260915/slab/Ag100_ea6fd71f0d/pbe_d3,/pscratch/sd/j/jcho5/VASP/vasp_mol/C2H6/PBE_D3,-222.64857263,-182.11563628,-40.52607459,500,500,converged,811ce0c8d761798414962660f2e6fe30a9056968a460457d4e549fe913ac085c,true
Ag100,ethane,r2scan,C2H6_Ag100,,false,ok,NSW=0 complex; converged relaxed references; matching composition,0.12967229,/pscratch/sd/j/jcho5/VASP/dft_jobs/C2H6_Ag100/singlepoint/r2scan,0,/pscratch/sd/j/jcho5/VASP/completion_runs/matched_potential_slabs_20260915/slab/Ag100_40d6d8753e/r2scan,/pscratch/sd/j/jcho5/VASP/vasp_mol/C2H6/r2scan,-1392.27645224,-1350.1504287,-42.25569583,500,500,converged,811ce0c8d761798414962660f2e6fe30a9056968a460457d4e549fe913ac085c,true
Ag100,ethane,beef_vdw,C2H6_Ag100,,false,ok,NSW=0 complex; converged relaxed references; matching composition,-0.1887731,/pscratch/sd/j/jcho5/VASP/dft_jobs/C2H6_Ag100/singlepoint/beef_vdw,0,/pscratch/sd/j/jcho5/VASP/completion_runs/matched_potential_slabs_20260915/slab/Ag100_bdf57ab72d/beef_vdw,/pscratch/sd/j/jcho5/VASP/vasp_mol/C2H6/beef_vdw,21.87624489,60.29424863,-38.22923064,500,500,converged,811ce0c8d761798414962660f2e6fe30a9056968a460457d4e549fe913ac085c,true
Ag110,ethane,pbe,C2H6_Ag110,,false,potential_mismatch,Complex and reference PAW potential identities differ or are missing; energy retained only as diagnostic,-0.41155302,/pscratch/sd/j/jcho5/VASP/dft_jobs/C2H6_Ag110/singlepoint/PBE,0,/pscratch/sd/j/jcho5/VASP/vasp_slab/Ag110/PBE,/pscratch/sd/j/jcho5/VASP/vasp_mol/C2H6/PBE,-98.25647415,-57.34530434,-40.49961679,1000,500,converged,f6cbcd13ba5c99b11bdb2090a256bd89370ed4e5de74f6263fd12606bb65f00b,false
Ag110,ethane,pbe_d3,C2H6_Ag110,,false,potential_mismatch,Complex and reference PAW potential identities differ or are missing; energy retained only as diagnostic,-0.59930697,/pscratch/sd/j/jcho5/VASP/dft_jobs/C2H6_Ag110/singlepoint/PBE_D3,0,/pscratch/sd/j/jcho5/VASP/vasp_slab/Ag110/PBE_D3,/pscratch/sd/j/jcho5/VASP/vasp_mol/C2H6/PBE_D3,-105.20950226,-64.0841207,-40.52607459,1000,500,converged,f6cbcd13ba5c99b11bdb2090a256bd89370ed4e5de74f6263fd12606bb65f00b,false
Ag110,ethane,r2scan,C2H6_Ag110,,false,potential_mismatch,Complex and reference PAW potential identities differ or are missing; energy retained only as diagnostic,-0.73209961,/pscratch/sd/j/jcho5/VASP/dft_jobs/C2H6_Ag110/singlepoint/r2scan,0,/pscratch/sd/j/jcho5/VASP/vasp_slab/Ag110/r2scan,/pscratch/sd/j/jcho5/VASP/vasp_mol/C2H6/r2scan,-545.66803348,-502.68023804,-42.25569583,1000,500,converged,f6cbcd13ba5c99b11bdb2090a256bd89370ed4e5de74f6263fd12606bb65f00b,false
Ag110,ethane,beef_vdw,C2H6_Ag110,,false,potential_mismatch,Complex and reference PAW potential identities differ or are missing; energy retained only as diagnostic,-16.67099884,/pscratch/sd/j/jcho5/VASP/dft_jobs/C2H6_Ag110/singlepoint/beef_vdw,0,/pscratch/sd/j/jcho5/VASP/vasp_slab/Ag110/beef_vdw,/pscratch/sd/j/jcho5/VASP/vasp_mol/C2H6/beef_vdw,-13.28882579,41.61140369,-38.22923064,1000,500,converged,f6cbcd13ba5c99b11bdb2090a256bd89370ed4e5de74f6263fd12606bb65f00b,false
Ag111,ethane,pbe,C2H6_Ag111,,false,potential_mismatch,Complex and reference PAW potential identities differ or are missing; energy retained only as diagnostic,-1.2157222,/pscratch/sd/j/jcho5/VASP/dft_jobs/C2H6_Ag111/singlepoint/PBE,0,/pscratch/sd/j/jcho5/VASP/vasp_slab/Ag111/PBE,/pscratch/sd/j/jcho5/VASP/vasp_mol/C2H6/PBE,-203.79423289,-162.0788939,-40.49961679,1000,500,converged,a8125649f291717abce3360a23cb1949a60ba0c017f0cdf3a2638f5a92eb6177,false
Ag111,ethane,pbe_d3,C2H6_Ag111,,false,potential_mismatch,Complex and reference PAW potential identities differ or are missing; energy retained only as diagnostic,-1.34895109,/pscratch/sd/j/jcho5/VASP/dft_jobs/C2H6_Ag111/singlepoint/PBE_D3,0,/pscratch/sd/j/jcho5/VASP/vasp_slab/Ag111/PBE_D3,/pscratch/sd/j/jcho5/VASP/vasp_mol/C2H6/PBE_D3,-226.82565577,-184.95063009,-40.52607459,1000,500,converged,a8125649f291717abce3360a23cb1949a60ba0c017f0cdf3a2638f5a92eb6177,false
Ag111,ethane,r2scan,C2H6_Ag111,,false,potential_mismatch,Complex and reference PAW potential identities differ or are missing; energy retained only as diagnostic,-2.07608905,/pscratch/sd/j/jcho5/VASP/dft_jobs/C2H6_Ag111/singlepoint/r2scan,0,/pscratch/sd/j/jcho5/VASP/vasp_slab/Ag111/r2scan,/pscratch/sd/j/jcho5/VASP/vasp_mol/C2H6/r2scan,-1396.11463449,-1351.78284961,-42.25569583,1000,500,converged,a8125649f291717abce3360a23cb1949a60ba0c017f0cdf3a2638f5a92eb6177,false
Ag111,ethane,beef_vdw,C2H6_Ag111,,false,potential_mismatch,Complex and reference PAW potential identities differ or are missing; energy retained only as diagnostic,-44.44166321,/pscratch/sd/j/jcho5/VASP/dft_jobs/C2H6_Ag111/singlepoint/beef_vdw,0,/pscratch/sd/j/jcho5/VASP/vasp_slab/Ag111/beef_vdw,/pscratch/sd/j/jcho5/VASP/vasp_mol/C2H6/beef_vdw,19.02907616,101.69997001,-38.22923064,1000,500,converged,a8125649f291717abce3360a23cb1949a60ba0c017f0cdf3a2638f5a92eb6177,false
Au100,ethane,pbe,C2H6_Au100,,false,reference_unavailable,No converged relaxed references with matching functional/composition,,/pscratch/sd/j/jcho5/VASP/dft_jobs/C2H6_Au100/singlepoint/PBE,0,,/pscratch/sd/j/jcho5/VASP/vasp_mol/C2H6/PBE,-232.33323695,,-40.49961679,,500,converged,c634571d51d70191b659d2db94e5150b43dbcfa9c0313e2e100b52a37028e29a,false
Au100,ethane,pbe_d3,C2H6_Au100,,false,reference_unavailable,No converged relaxed references with matching functional/composition,,/pscratch/sd/j/jcho5/VASP/dft_jobs/C2H6_Au100/singlepoint/PBE_D3,0,,/pscratch/sd/j/jcho5/VASP/vasp_mol/C2H6/PBE_D3,-262.68563986,,-40.52607459,,500,converged,c634571d51d70191b659d2db94e5150b43dbcfa9c0313e2e100b52a37028e29a,false
Au100,ethane,r2scan,C2H6_Au100,,false,reference_unavailable,No converged relaxed references with matching functional/composition,,/pscratch/sd/j/jcho5/VASP/dft_jobs/C2H6_Au100/singlepoint/r2scan,0,,/pscratch/sd/j/jcho5/VASP/vasp_mol/C2H6/r2scan,-3263.13799974,,-42.25569583,,500,converged,c634571d51d70191b659d2db94e5150b43dbcfa9c0313e2e100b52a37028e29a,false
Au100,ethane,beef_vdw,C2H6_Au100,,false,reference_unavailable,No converged relaxed references with matching functional/composition,,/pscratch/sd/j/jcho5/VASP/dft_jobs/C2H6_Au100/singlepoint/beef_vdw,0,,/pscratch/sd/j/jcho5/VASP/vasp_mol/C2H6/beef_vdw,-33.2964958,,-38.22923064,,500,converged,c634571d51d70191b659d2db94e5150b43dbcfa9c0313e2e100b52a37028e29a,false
Au110,ethane,pbe,C2H6_Au110,,false,reference_unavailable,No converged relaxed references with matching functional/composition,,/pscratch/sd/j/jcho5/VASP/dft_jobs/C2H6_Au110/singlepoint/PBE,0,,/pscratch/sd/j/jcho5/VASP/vasp_mol/C2H6/PBE,-224.75229838,,-40.49961679,,500,converged,27dce755a821e1c817e81113d5b0b60d3e0d774c741cc780beca703b798a04a6,false
Au110,ethane,pbe_d3,C2H6_Au110,,false,reference_unavailable,No converged relaxed references with matching functional/composition,,/pscratch/sd/j/jcho5/VASP/dft_jobs/C2H6_Au110/singlepoint/PBE_D3,0,,/pscratch/sd/j/jcho5/VASP/vasp_mol/C2H6/PBE_D3,-250.12326198,,-40.52607459,,500,converged,27dce755a821e1c817e81113d5b0b60d3e0d774c741cc780beca703b798a04a6,false
Au110,ethane,r2scan,C2H6_Au110,,false,reference_unavailable,No converged relaxed references with matching functional/composition,,/pscratch/sd/j/jcho5/VASP/dft_jobs/C2H6_Au110/singlepoint/r2scan,0,,/pscratch/sd/j/jcho5/VASP/vasp_mol/C2H6/r2scan,-3254.0471057,,-42.25569583,,500,converged,27dce755a821e1c817e81113d5b0b60d3e0d774c741cc780beca703b798a04a6,false
Au110,ethane,beef_vdw,C2H6_Au110,,false,reference_unavailable,No converged relaxed references with matching functional/composition,,/pscratch/sd/j/jcho5/VASP/dft_jobs/C2H6_Au110/singlepoint/beef_vdw,0,,/pscratch/sd/j/jcho5/VASP/vasp_mol/C2H6/beef_vdw,-25.20513905,,-38.22923064,,500,converged,27dce755a821e1c817e81113d5b0b60d3e0d774c741cc780beca703b798a04a6,false
Au111,ethane,pbe,C2H6_Au111,,false,reference_unavailable,No converged relaxed references with matching functional/composition,,/pscratch/sd/j/jcho5/VASP/dft_jobs/C2H6_Au111/singlepoint/PBE,0,,/pscratch/sd/j/jcho5/VASP/vasp_mol/C2H6/PBE,-150.66966951,,-40.49961679,,500,converged,e51f690d42dc483c001574c0f3717bdf8961ba87d37d077fde40c55cd375661e,false
Au111,ethane,pbe_d3,C2H6_Au111,,false,reference_unavailable,No converged relaxed references with matching functional/composition,,/pscratch/sd/j/jcho5/VASP/dft_jobs/C2H6_Au111/singlepoint/PBE_D3,0,,/pscratch/sd/j/jcho5/VASP/vasp_mol/C2H6/PBE_D3,-168.56541333,,-40.52607459,,500,converged,e51f690d42dc483c001574c0f3717bdf8961ba87d37d077fde40c55cd375661e,false
Au111,ethane,r2scan,C2H6_Au111,,false,reference_unavailable,No converged relaxed references with matching functional/composition,,/pscratch/sd/j/jcho5/VASP/dft_jobs/C2H6_Au111/singlepoint/r2scan,0,,/pscratch/sd/j/jcho5/VASP/vasp_mol/C2H6/r2scan,-1856.67649019,,-42.25569583,,500,converged,e51f690d42dc483c001574c0f3717bdf8961ba87d37d077fde40c55cd375661e,false
Au111,ethane,beef_vdw,C2H6_Au111,,false,reference_unavailable,No converged relaxed references with matching functional/composition,,/pscratch/sd/j/jcho5/VASP/dft_jobs/C2H6_Au111/singlepoint/beef_vdw,0,,/pscratch/sd/j/jcho5/VASP/vasp_mol/C2H6/beef_vdw,-37.61991799,,-38.22923064,,500,converged,e51f690d42dc483c001574c0f3717bdf8961ba87d37d077fde40c55cd375661e,false
Cu100,ethane,pbe,C2H6_Cu100,,false,ok,NSW=0 complex; converged relaxed references; matching composition,-0.00080616,/pscratch/sd/j/jcho5/VASP/dft_jobs/C2H6_Cu100/singlepoint/PBE,0,/pscratch/sd/j/jcho5/VASP/vasp_slab/Cu100/PBE,/pscratch/sd/j/jcho5/VASP/vasp_mol/C2H6/PBE,-260.26724459,-219.76682164,-40.49961679,1000,500,converged,492cb646a900c92b40a25d14f3742204dc106b9576559c94b2337ad0f1bf4d2e,true
Cu100,ethane,pbe_d3,C2H6_Cu100,,false,ok,NSW=0 complex; converged relaxed references; matching composition,-0.2788122,/pscratch/sd/j/jcho5/VASP/dft_jobs/C2H6_Cu100/singlepoint/PBE_D3,0,/pscratch/sd/j/jcho5/VASP/vasp_slab/Cu100/PBE_D3,/pscratch/sd/j/jcho5/VASP/vasp_mol/C2H6/PBE_D3,-281.64541932,-240.84053253,-40.52607459,1000,500,converged,492cb646a900c92b40a25d14f3742204dc106b9576559c94b2337ad0f1bf4d2e,true
Cu100,ethane,r2scan,C2H6_Cu100,,false,ok,NSW=0 complex; converged relaxed references; matching composition,0.13053717,/pscratch/sd/j/jcho5/VASP/dft_jobs/C2H6_Cu100/singlepoint/r2scan,0,/pscratch/sd/j/jcho5/VASP/vasp_slab/Cu100/r2scan,/pscratch/sd/j/jcho5/VASP/vasp_mol/C2H6/r2scan,-712.44165267,-670.31649401,-42.25569583,1000,500,converged,492cb646a900c92b40a25d14f3742204dc106b9576559c94b2337ad0f1bf4d2e,true
Cu100,ethane,beef_vdw,C2H6_Cu100,,false,ok,NSW=0 complex; converged relaxed references; matching composition,-0.19842233,/pscratch/sd/j/jcho5/VASP/dft_jobs/C2H6_Cu100/singlepoint/beef_vdw,0,/pscratch/sd/j/jcho5/VASP/completion_runs/site_gapfill_20260914/slab/C2H4_Cu100/beef_vdw,/pscratch/sd/j/jcho5/VASP/vasp_mol/C2H6/beef_vdw,-49.00397557,-10.5763226,-38.22923064,1000,500,converged,492cb646a900c92b40a25d14f3742204dc106b9576559c94b2337ad0f1bf4d2e,true
Cu110,ethane,pbe,C2H6_Cu110,,false,potential_mismatch,Complex and reference PAW potential identities differ or are missing; energy retained only as diagnostic,0.4826963,/pscratch/sd/j/jcho5/VASP/dft_jobs/C2H6_Cu110/singlepoint/PBE,0,/pscratch/sd/j/jcho5/VASP/vasp_slab/Cu110/PBE,/pscratch/sd/j/jcho5/VASP/vasp_mol/C2H6/PBE,-119.76695387,-79.75003338,-40.49961679,1000,500,converged,726fbba746016465fb44b58574f548b47a229c2f4411b961aaa861ad947c319b,false
Cu110,ethane,pbe_d3,C2H6_Cu110,,false,potential_mismatch,Complex and reference PAW potential identities differ or are missing; energy retained only as diagnostic,0.22729933,/pscratch/sd/j/jcho5/VASP/dft_jobs/C2H6_Cu110/singlepoint/PBE_D3,0,/pscratch/sd/j/jcho5/VASP/vasp_slab/Cu110/PBE_D3,/pscratch/sd/j/jcho5/VASP/vasp_mol/C2H6/PBE_D3,-126.3837477,-86.08497244,-40.52607459,1000,500,converged,726fbba746016465fb44b58574f548b47a229c2f4411b961aaa861ad947c319b,false
Cu110,ethane,r2scan,C2H6_Cu110,,false,potential_mismatch,Complex and reference PAW potential identities differ or are missing; energy retained only as diagnostic,0.44170371,/pscratch/sd/j/jcho5/VASP/dft_jobs/C2H6_Cu110/singlepoint/r2scan,0,/pscratch/sd/j/jcho5/VASP/vasp_slab/Cu110/r2scan,/pscratch/sd/j/jcho5/VASP/vasp_mol/C2H6/r2scan,-289.84648772,-248.0324956,-42.25569583,1000,500,converged,726fbba746016465fb44b58574f548b47a229c2f4411b961aaa861ad947c319b,false
Cu110,ethane,beef_vdw,C2H6_Cu110,,false,potential_mismatch,Complex and reference PAW potential identities differ or are missing; energy retained only as diagnostic,-30.92073809,/pscratch/sd/j/jcho5/VASP/dft_jobs/C2H6_Cu110/singlepoint/beef_vdw,0,/pscratch/sd/j/jcho5/VASP/vasp_slab/Cu110/beef_vdw,/pscratch/sd/j/jcho5/VASP/vasp_mol/C2H6/beef_vdw,-39.164778,29.98519073,-38.22923064,1000,500,converged,726fbba746016465fb44b58574f548b47a229c2f4411b961aaa861ad947c319b,false
Cu111,ethane,pbe,C2H6_Cu111,,false,ok,NSW=0 complex; converged relaxed references; matching composition,-0.01205185,/pscratch/sd/j/jcho5/VASP/dft_jobs/C2H6_Cu111/singlepoint/PBE,0,/pscratch/sd/j/jcho5/VASP/completion_runs/matched_potential_slabs_20260915/slab/Cu111_28f90def6e/pbe,/pscratch/sd/j/jcho5/VASP/vasp_mol/C2H6/PBE,-264.59452177,-224.08285313,-40.49961679,500,500,converged,3591695142ba152b31a28809a8e5ef5953f6d1b89439cfabb05afe2d170fdf28,true
Cu111,ethane,pbe_d3,C2H6_Cu111,,false,ok,NSW=0 complex; converged relaxed references; matching composition,-0.23199713,/pscratch/sd/j/jcho5/VASP/dft_jobs/C2H6_Cu111/singlepoint/PBE_D3,0,/pscratch/sd/j/jcho5/VASP/completion_runs/matched_potential_slabs_20260915/slab/Cu111_6058af94f0/pbe_d3,/pscratch/sd/j/jcho5/VASP/vasp_mol/C2H6/PBE_D3,-287.32759455,-246.56952283,-40.52607459,500,500,converged,3591695142ba152b31a28809a8e5ef5953f6d1b89439cfabb05afe2d170fdf28,true
Cu111,ethane,r2scan,C2H6_Cu111,,false,ok,NSW=0 complex; converged relaxed references; matching composition,0.12773705,/pscratch/sd/j/jcho5/VASP/dft_jobs/C2H6_Cu111/singlepoint/r2scan,0,/pscratch/sd/j/jcho5/VASP/completion_runs/matched_potential_slabs_20260915/slab/Cu111_96724abedd/r2scan,/pscratch/sd/j/jcho5/VASP/vasp_mol/C2H6/r2scan,-717.55817596,-675.43021718,-42.25569583,500,500,converged,3591695142ba152b31a28809a8e5ef5953f6d1b89439cfabb05afe2d170fdf28,true
Cu111,ethane,beef_vdw,C2H6_Cu111,,false,ok,NSW=0 complex; converged relaxed references; matching composition,-0.22630897,/pscratch/sd/j/jcho5/VASP/dft_jobs/C2H6_Cu111/singlepoint/beef_vdw,0,/pscratch/sd/j/jcho5/VASP/completion_runs/matched_potential_slabs_20260915/slab/Cu111_11f50e50d8/beef_vdw,/pscratch/sd/j/jcho5/VASP/vasp_mol/C2H6/beef_vdw,-53.05548276,-14.59994315,-38.22923064,500,500,converged,3591695142ba152b31a28809a8e5ef5953f6d1b89439cfabb05afe2d170fdf28,true
Ir100,ethane,pbe,C2H6_Ir100,,false,ok,NSW=0 complex; converged relaxed references; matching composition,0.07815157,/pscratch/sd/j/jcho5/VASP/dft_jobs/C2H6_Ir100/singlepoint/PBE,0,/pscratch/sd/j/jcho5/VASP/vasp_slab/Ir100/PBE,/pscratch/sd/j/jcho5/VASP/vasp_mol/C2H6/PBE,-334.82247936,-294.40101414,-40.49961679,1000,500,converged,642f01509def57dce0bf53e3fc8ca3600b8a4b6dc7237b861bd8afa3dbeb3632,true
Ir100,ethane,pbe_d3,C2H6_Ir100,,false,ok,NSW=0 complex; converged relaxed references; matching composition,-0.30913907,/pscratch/sd/j/jcho5/VASP/dft_jobs/C2H6_Ir100/singlepoint/PBE_D3,0,/pscratch/sd/j/jcho5/VASP/vasp_slab/Ir100/PBE_D3,/pscratch/sd/j/jcho5/VASP/vasp_mol/C2H6/PBE_D3,-352.43766344,-311.60244978,-40.52607459,1000,500,converged,642f01509def57dce0bf53e3fc8ca3600b8a4b6dc7237b861bd8afa3dbeb3632,true
Ir100,ethane,r2scan,C2H6_Ir100,,false,complex_unconverged,electronic_unconverged,,/pscratch/sd/j/jcho5/VASP/dft_jobs/C2H6_Ir100/singlepoint/r2scan,0,/pscratch/sd/j/jcho5/VASP/completion_runs/site_gapfill_20260914/slab/C2H4_Ir100/r2scan,/pscratch/sd/j/jcho5/VASP/vasp_mol/C2H6/r2scan,-1900.9057178,-1858.66548475,-42.25569583,1000,500,electronic_unconverged,642f01509def57dce0bf53e3fc8ca3600b8a4b6dc7237b861bd8afa3dbeb3632,false
Ir100,ethane,beef_vdw,C2H6_Ir100,,false,ok,NSW=0 complex; converged relaxed references; matching composition,-0.17989859,/pscratch/sd/j/jcho5/VASP/dft_jobs/C2H6_Ir100/singlepoint/beef_vdw,0,/pscratch/sd/j/jcho5/VASP/vasp_slab/Ir100/beef_vdw,/pscratch/sd/j/jcho5/VASP/vasp_mol/C2H6/beef_vdw,-221.42669582,-183.01756659,-38.22923064,1000,500,converged,642f01509def57dce0bf53e3fc8ca3600b8a4b6dc7237b861bd8afa3dbeb3632,true
Ir100,ethane,r2scan,C2H6_Ir100,,true,ok,NSW=0 complex; converged relaxed references; matching composition,0.05937827,/pscratch/sd/j/jcho5/VASP/completion_runs/site_gapfill_20260914/spe/C2H6_Ir100/r2scan,0,/pscratch/sd/j/jcho5/VASP/completion_runs/site_gapfill_20260914/slab/C2H4_Ir100/r2scan,/pscratch/sd/j/jcho5/VASP/vasp_mol/C2H6/r2scan,-1900.86180231,-1858.66548475,-42.25569583,1000,500,converged,642f01509def57dce0bf53e3fc8ca3600b8a4b6dc7237b861bd8afa3dbeb3632,true
Ir110,ethane,pbe,C2H6_Ir110,,false,ok,NSW=0 complex; converged relaxed references; matching composition,-0.02136002,/pscratch/sd/j/jcho5/VASP/dft_jobs/C2H6_Ir110/singlepoint/PBE,0,/pscratch/sd/j/jcho5/VASP/vasp_slab/Ir110/PBE,/pscratch/sd/j/jcho5/VASP/vasp_mol/C2H6/PBE,-226.31376252,-185.79278571,-40.49961679,1000,500,converged,f3d587fb770aca43d363c53531ae5d1ef1c9121bbbf6aa5ccc32e858dd8c66d4,true
Ir110,ethane,pbe_d3,C2H6_Ir110,,false,ok,NSW=0 complex; converged relaxed references; matching composition,-0.37265304,/pscratch/sd/j/jcho5/VASP/dft_jobs/C2H6_Ir110/singlepoint/PBE_D3,0,/pscratch/sd/j/jcho5/VASP/vasp_slab/Ir110/PBE_D3,/pscratch/sd/j/jcho5/VASP/vasp_mol/C2H6/PBE_D3,-236.03694913,-195.1382215,-40.52607459,1000,500,converged,f3d587fb770aca43d363c53531ae5d1ef1c9121bbbf6aa5ccc32e858dd8c66d4,true
Ir110,ethane,r2scan,C2H6_Ir110,,false,ok,NSW=0 complex; converged relaxed references; matching composition,-0.11159803,/pscratch/sd/j/jcho5/VASP/dft_jobs/C2H6_Ir110/singlepoint/r2scan,0,/pscratch/sd/j/jcho5/VASP/vasp_slab/Ir110/r2scan,/pscratch/sd/j/jcho5/VASP/vasp_mol/C2H6/r2scan,-1271.04404553,-1228.67675167,-42.25569583,1000,500,converged,f3d587fb770aca43d363c53531ae5d1ef1c9121bbbf6aa5ccc32e858dd8c66d4,true
Ir110,ethane,beef_vdw,C2H6_Ir110,,false,ok,NSW=0 complex; converged relaxed references; matching composition,-0.36680554,/pscratch/sd/j/jcho5/VASP/dft_jobs/C2H6_Ir110/singlepoint/beef_vdw,0,/pscratch/sd/j/jcho5/VASP/vasp_slab/Ir110/beef_vdw,/pscratch/sd/j/jcho5/VASP/vasp_mol/C2H6/beef_vdw,-149.84853372,-111.25249754,-38.22923064,1000,500,converged,f3d587fb770aca43d363c53531ae5d1ef1c9121bbbf6aa5ccc32e858dd8c66d4,true
Ir111,ethane,pbe,C2H6_Ir111,,false,ok,NSW=0 complex; converged relaxed references; matching composition,0.10152203,/pscratch/sd/j/jcho5/VASP/dft_jobs/C2H6_Ir111/singlepoint/PBE,0,/pscratch/sd/j/jcho5/VASP/vasp_slab/Ir111/PBE,/pscratch/sd/j/jcho5/VASP/vasp_mol/C2H6/PBE,-578.71003766,-538.3119429,-40.49961679,1000,500,converged,b61c31d5485e171db3ffd5a54f23297a8bb3954ea0d6ab424d2f82ed1b64ae54,true
Ir111,ethane,pbe_d3,C2H6_Ir111,,false,ok,NSW=0 complex; converged relaxed references; matching composition,-0.09655536,/pscratch/sd/j/jcho5/VASP/dft_jobs/C2H6_Ir111/singlepoint/PBE_D3,0,/pscratch/sd/j/jcho5/VASP/vasp_slab/Ir111/PBE_D3,/pscratch/sd/j/jcho5/VASP/vasp_mol/C2H6/PBE_D3,-611.4056739,-570.78304395,-40.52607459,1000,500,converged,b61c31d5485e171db3ffd5a54f23297a8bb3954ea0d6ab424d2f82ed1b64ae54,true
Ir111,ethane,r2scan,C2H6_Ir111,,false,ok,NSW=0 complex; converged relaxed references; matching composition,0.15574542,/pscratch/sd/j/jcho5/VASP/dft_jobs/C2H6_Ir111/singlepoint/r2scan,0,/pscratch/sd/j/jcho5/VASP/vasp_slab/Ir111/r2scan,/pscratch/sd/j/jcho5/VASP/vasp_mol/C2H6/r2scan,-3362.7830925,-3320.68314209,-42.25569583,1000,500,converged,b61c31d5485e171db3ffd5a54f23297a8bb3954ea0d6ab424d2f82ed1b64ae54,true
Ir111,ethane,beef_vdw,C2H6_Ir111,,false,ok,NSW=0 complex; converged relaxed references; matching composition,-0.25091594,/pscratch/sd/j/jcho5/VASP/dft_jobs/C2H6_Ir111/singlepoint/beef_vdw,0,/pscratch/sd/j/jcho5/VASP/vasp_slab/Ir111/beef_vdw,/pscratch/sd/j/jcho5/VASP/vasp_mol/C2H6/beef_vdw,-377.9671165,-339.48696992,-38.22923064,1000,500,converged,b61c31d5485e171db3ffd5a54f23297a8bb3954ea0d6ab424d2f82ed1b64ae54,true
Pd100,ethane,pbe,C2H6_Pd100,,false,reference_unavailable,No converged relaxed references with matching functional/composition,,/pscratch/sd/j/jcho5/VASP/dft_jobs/C2H6_Pd100/singlepoint/PBE,0,,/pscratch/sd/j/jcho5/VASP/vasp_mol/C2H6/PBE,-352.13221785,,-40.49961679,,500,converged,c958efb409dc34db610591a890ee23633ddf4b815c849c49957212fcdab7c193,false
Pd100,ethane,pbe_d3,C2H6_Pd100,,false,reference_unavailable,No converged relaxed references with matching functional/composition,,/pscratch/sd/j/jcho5/VASP/dft_jobs/C2H6_Pd100/singlepoint/PBE_D3,0,,/pscratch/sd/j/jcho5/VASP/vasp_mol/C2H6/PBE_D3,-377.64027779,,-40.52607459,,500,converged,c958efb409dc34db610591a890ee23633ddf4b815c849c49957212fcdab7c193,false
Pd100,ethane,r2scan,C2H6_Pd100,,false,reference_unavailable,No converged relaxed references with matching functional/composition,,/pscratch/sd/j/jcho5/VASP/dft_jobs/C2H6_Pd100/singlepoint/r2scan,0,,/pscratch/sd/j/jcho5/VASP/vasp_mol/C2H6/r2scan,-1486.44845426,,-42.25569583,,500,converged,c958efb409dc34db610591a890ee23633ddf4b815c849c49957212fcdab7c193,false
Pd100,ethane,beef_vdw,C2H6_Pd100,,false,reference_unavailable,No converged relaxed references with matching functional/composition,,/pscratch/sd/j/jcho5/VASP/dft_jobs/C2H6_Pd100/singlepoint/beef_vdw,0,,/pscratch/sd/j/jcho5/VASP/vasp_mol/C2H6/beef_vdw,-132.41785572,,-38.22923064,,500,converged,c958efb409dc34db610591a890ee23633ddf4b815c849c49957212fcdab7c193,false
Pd110,ethane,pbe,C2H6_Pd110,,false,reference_unavailable,No converged relaxed references with matching functional/composition,,/pscratch/sd/j/jcho5/VASP/dft_jobs/C2H6_Pd110/singlepoint/PBE,0,,/pscratch/sd/j/jcho5/VASP/vasp_mol/C2H6/PBE,-339.67249228,,-40.49961679,,500,converged,6a93c23947bc341605ffba02c8d152705048323a85b4d39e50799480434e5bbe,false
Pd110,ethane,pbe_d3,C2H6_Pd110,,false,reference_unavailable,No converged relaxed references with matching functional/composition,,/pscratch/sd/j/jcho5/VASP/dft_jobs/C2H6_Pd110/singlepoint/PBE_D3,0,,/pscratch/sd/j/jcho5/VASP/vasp_mol/C2H6/PBE_D3,-360.55808317,,-40.52607459,,500,converged,6a93c23947bc341605ffba02c8d152705048323a85b4d39e50799480434e5bbe,false
Pd110,ethane,r2scan,C2H6_Pd110,,false,reference_unavailable,No converged relaxed references with matching functional/composition,,/pscratch/sd/j/jcho5/VASP/dft_jobs/C2H6_Pd110/singlepoint/r2scan,0,,/pscratch/sd/j/jcho5/VASP/vasp_mol/C2H6/r2scan,-1472.55147296,,-42.25569583,,500,converged,6a93c23947bc341605ffba02c8d152705048323a85b4d39e50799480434e5bbe,false
Pd110,ethane,beef_vdw,C2H6_Pd110,,false,reference_unavailable,No converged relaxed references with matching functional/composition,,/pscratch/sd/j/jcho5/VASP/dft_jobs/C2H6_Pd110/singlepoint/beef_vdw,0,,/pscratch/sd/j/jcho5/VASP/vasp_mol/C2H6/beef_vdw,-119.68619768,,-38.22923064,,500,converged,6a93c23947bc341605ffba02c8d152705048323a85b4d39e50799480434e5bbe,false
Pd111,ethane,pbe,C2H6_Pd111,,false,potential_mismatch,Complex and reference PAW potential identities differ or are missing; energy retained only as diagnostic,-0.32192386,/pscratch/sd/j/jcho5/VASP/dft_jobs/C2H6_Pd111/singlepoint/PBE,0,/pscratch/sd/j/jcho5/VASP/vasp_slab/Pd111/PBE,/pscratch/sd/j/jcho5/VASP/vasp_mol/C2H6/PBE,-356.81030459,-315.98876394,-40.49961679,1000,500,converged,c610f3edfc08da9f27053e6029775b67315db70b90a73414033734aadb8f1251,false
Pd111,ethane,pbe_d3,C2H6_Pd111,,false,potential_mismatch,Complex and reference PAW potential identities differ or are missing; energy retained only as diagnostic,-0.55889812,/pscratch/sd/j/jcho5/VASP/dft_jobs/C2H6_Pd111/singlepoint/PBE_D3,0,/pscratch/sd/j/jcho5/VASP/vasp_slab/Pd111/PBE_D3,/pscratch/sd/j/jcho5/VASP/vasp_mol/C2H6/PBE_D3,-383.66102864,-342.57605593,-40.52607459,1000,500,converged,c610f3edfc08da9f27053e6029775b67315db70b90a73414033734aadb8f1251,false
Pd111,ethane,r2scan,C2H6_Pd111,,false,potential_mismatch,Complex and reference PAW potential identities differ or are missing; energy retained only as diagnostic,-0.56313868,/pscratch/sd/j/jcho5/VASP/dft_jobs/C2H6_Pd111/singlepoint/r2scan,0,/pscratch/sd/j/jcho5/VASP/vasp_slab/Pd111/r2scan,/pscratch/sd/j/jcho5/VASP/vasp_mol/C2H6/r2scan,-1491.93532674,-1449.11649223,-42.25569583,1000,500,converged,c610f3edfc08da9f27053e6029775b67315db70b90a73414033734aadb8f1251,false
Pd111,ethane,beef_vdw,C2H6_Pd111,,false,potential_mismatch,Complex and reference PAW potential identities differ or are missing; energy retained only as diagnostic,-31.85698729,/pscratch/sd/j/jcho5/VASP/dft_jobs/C2H6_Pd111/singlepoint/beef_vdw,0,/pscratch/sd/j/jcho5/VASP/vasp_slab/Pd111/beef_vdw,/pscratch/sd/j/jcho5/VASP/vasp_mol/C2H6/beef_vdw,-136.53069571,-66.44447778,-38.22923064,1000,500,converged,c610f3edfc08da9f27053e6029775b67315db70b90a73414033734aadb8f1251,false
Pt100,ethane,pbe,C2H6_Pt100,,false,ok,NSW=0 complex; converged relaxed references; matching composition,0.07293759,/pscratch/sd/j/jcho5/VASP/dft_jobs/C2H6_Pt100/singlepoint/PBE,0,/pscratch/sd/j/jcho5/VASP/completion_runs/matched_potential_slabs_20260915/slab/Pt100_a49f22e12a/pbe,/pscratch/sd/j/jcho5/VASP/vasp_mol/C2H6/PBE,-403.56319849,-363.13651929,-40.49961679,500,500,converged,3952897ba74aedf85f44bcaec7853ce1fdbb3a56fb35e799603380b0ffd017c8,true
Pt100,ethane,pbe_d3,C2H6_Pt100,,false,ok,NSW=0 complex; converged relaxed references; matching composition,-0.28291171,/pscratch/sd/j/jcho5/VASP/dft_jobs/C2H6_Pt100/singlepoint/PBE_D3,0,/pscratch/sd/j/jcho5/VASP/completion_runs/matched_potential_slabs_20260915/slab/Pt100_3c53559c7d/pbe_d3,/pscratch/sd/j/jcho5/VASP/vasp_mol/C2H6/PBE_D3,-437.7439557,-396.9349694,-40.52607459,500,500,converged,3952897ba74aedf85f44bcaec7853ce1fdbb3a56fb35e799603380b0ffd017c8,true
Pt100,ethane,r2scan,C2H6_Pt100,,false,ok,NSW=0 complex; converged relaxed references; matching composition,-0.03637204,/pscratch/sd/j/jcho5/VASP/dft_jobs/C2H6_Pt100/singlepoint/r2scan,0,/pscratch/sd/j/jcho5/VASP/completion_runs/matched_potential_slabs_20260915/slab/Pt100_d508ddc3d6/r2scan,/pscratch/sd/j/jcho5/VASP/vasp_mol/C2H6/r2scan,-3308.40193053,-3266.10986266,-42.25569583,500,500,converged,3952897ba74aedf85f44bcaec7853ce1fdbb3a56fb35e799603380b0ffd017c8,true
Pt100,ethane,beef_vdw,C2H6_Pt100,,false,ok,NSW=0 complex; converged relaxed references; matching composition,-0.09763441,/pscratch/sd/j/jcho5/VASP/dft_jobs/C2H6_Pt100/singlepoint/beef_vdw,0,/pscratch/sd/j/jcho5/VASP/completion_runs/matched_potential_slabs_20260915/slab/Pt100_529df1e123/beef_vdw,/pscratch/sd/j/jcho5/VASP/vasp_mol/C2H6/beef_vdw,-206.46545809,-168.13859304,-38.22923064,500,500,converged,3952897ba74aedf85f44bcaec7853ce1fdbb3a56fb35e799603380b0ffd017c8,true
Pt110,ethane,pbe,C2H6_Pt110,,false,ok,NSW=0 complex; converged relaxed references; matching composition,0.01600733,/pscratch/sd/j/jcho5/VASP/dft_jobs/C2H6_Pt110/singlepoint/PBE,0,/pscratch/sd/j/jcho5/VASP/completion_runs/matched_potential_slabs_20260915/slab/Pt110_9df8ef40c0/pbe,/pscratch/sd/j/jcho5/VASP/vasp_mol/C2H6/PBE,-389.77832448,-349.29471502,-40.49961679,500,500,converged,02de9faba41d62541c11c82e2df2a96a1603dc396a7be297123c5f61e997346c,true
Pt110,ethane,pbe_d3,C2H6_Pt110,,false,ok,NSW=0 complex; converged relaxed references; matching composition,-0.38712056,/pscratch/sd/j/jcho5/VASP/dft_jobs/C2H6_Pt110/singlepoint/PBE_D3,0,/pscratch/sd/j/jcho5/VASP/completion_runs/matched_potential_slabs_20260915/slab/Pt110_b45ee2f606/pbe_d3,/pscratch/sd/j/jcho5/VASP/vasp_mol/C2H6/PBE_D3,-417.67540108,-376.76220593,-40.52607459,500,500,converged,02de9faba41d62541c11c82e2df2a96a1603dc396a7be297123c5f61e997346c,true
Pt110,ethane,r2scan,C2H6_Pt110,,false,reference_unavailable,No converged relaxed references with matching functional/composition,,/pscratch/sd/j/jcho5/VASP/dft_jobs/C2H6_Pt110/singlepoint/r2scan,0,,/pscratch/sd/j/jcho5/VASP/vasp_mol/C2H6/r2scan,-3292.50192652,,-42.25569583,,500,converged,02de9faba41d62541c11c82e2df2a96a1603dc396a7be297123c5f61e997346c,false
Pt110,ethane,beef_vdw,C2H6_Pt110,,false,ok,NSW=0 complex; converged relaxed references; matching composition,-0.16326489,/pscratch/sd/j/jcho5/VASP/dft_jobs/C2H6_Pt110/singlepoint/beef_vdw,0,/pscratch/sd/j/jcho5/VASP/completion_runs/matched_potential_slabs_20260915/slab/Pt110_b114012bf7/beef_vdw,/pscratch/sd/j/jcho5/VASP/vasp_mol/C2H6/beef_vdw,-192.16485719,-153.77236166,-38.22923064,500,500,converged,02de9faba41d62541c11c82e2df2a96a1603dc396a7be297123c5f61e997346c,true
Rh100,ethane,pbe,C2H6_Rh100,,false,potential_mismatch,Complex and reference PAW potential identities differ or are missing; energy retained only as diagnostic,-0.21181313,/pscratch/sd/j/jcho5/VASP/dft_jobs/C2H6_Rh100/singlepoint/PBE,0,/pscratch/sd/j/jcho5/VASP/vasp_slab/Rh100/PBE,/pscratch/sd/j/jcho5/VASP/vasp_mol/C2H6/PBE,-282.98776999,-242.27634007,-40.49961679,1000,500,converged,35a832e256ec4587216ed4df43465959f91b86bfd391a94b02cd5573bafeacef,false
Rh100,ethane,pbe_d3,C2H6_Rh100,,false,potential_mismatch,Complex and reference PAW potential identities differ or are missing; energy retained only as diagnostic,-0.59645034,/pscratch/sd/j/jcho5/VASP/dft_jobs/C2H6_Rh100/singlepoint/PBE_D3,0,/pscratch/sd/j/jcho5/VASP/vasp_slab/Rh100/PBE_D3,/pscratch/sd/j/jcho5/VASP/vasp_mol/C2H6/PBE_D3,-297.19796552,-256.07544059,-40.52607459,1000,500,converged,35a832e256ec4587216ed4df43465959f91b86bfd391a94b02cd5573bafeacef,false
Rh100,ethane,r2scan,C2H6_Rh100,,false,ok,NSW=0 complex; converged relaxed references; matching composition,-0.13775517,/pscratch/sd/j/jcho5/VASP/dft_jobs/C2H6_Rh100/singlepoint/r2scan,0,/pscratch/sd/j/jcho5/VASP/completion_runs/matched_potential_slabs_20260915/slab/Rh100_84c2195556/r2scan,/pscratch/sd/j/jcho5/VASP/vasp_mol/C2H6/r2scan,-890.77111608,-848.37766508,-42.25569583,500,500,converged,35a832e256ec4587216ed4df43465959f91b86bfd391a94b02cd5573bafeacef,true
Rh100,ethane,beef_vdw,C2H6_Rh100,,false,complex_unconverged,electronic_unconverged,,/pscratch/sd/j/jcho5/VASP/dft_jobs/C2H6_Rh100/singlepoint/beef_vdw,0,/pscratch/sd/j/jcho5/VASP/completion_runs/matched_potential_slabs_20260915/slab/Rh100_b2891dc541/beef_vdw,/pscratch/sd/j/jcho5/VASP/vasp_mol/C2H6/beef_vdw,-168.16945717,-130.4934363,-38.22923064,500,500,electronic_unconverged,35a832e256ec4587216ed4df43465959f91b86bfd391a94b02cd5573bafeacef,false
Rh100,ethane,beef_vdw,C2H6_Rh100,,true,ok,NSW=0 complex; converged relaxed references; matching composition,-0.03922001,/pscratch/sd/j/jcho5/VASP/completion_runs/site_gapfill_20260914/spe/C2H6_Rh100/beef_vdw,0,/pscratch/sd/j/jcho5/VASP/completion_runs/matched_potential_slabs_20260915/slab/Rh100_b2891dc541/beef_vdw,/pscratch/sd/j/jcho5/VASP/vasp_mol/C2H6/beef_vdw,-168.76188695,-130.4934363,-38.22923064,500,500,converged,35a832e256ec4587216ed4df43465959f91b86bfd391a94b02cd5573bafeacef,true
Rh110,ethane,pbe,C2H6_Rh110,,false,potential_mismatch,Complex and reference PAW potential identities differ or are missing; energy retained only as diagnostic,-0.20134941,/pscratch/sd/j/jcho5/VASP/dft_jobs/C2H6_Rh110/singlepoint/PBE,0,/pscratch/sd/j/jcho5/VASP/vasp_slab/Rh110/PBE,/pscratch/sd/j/jcho5/VASP/vasp_mol/C2H6/PBE,-193.7589255,-153.0579593,-40.49961679,1000,500,converged,54f985564c1c649d0b8db6fb4cd3064a80a1a21142e774c0b19e96a3500f2a7d,false
Rh110,ethane,pbe_d3,C2H6_Rh110,,false,potential_mismatch,Complex and reference PAW potential identities differ or are missing; energy retained only as diagnostic,-0.58126724,/pscratch/sd/j/jcho5/VASP/dft_jobs/C2H6_Rh110/singlepoint/PBE_D3,0,/pscratch/sd/j/jcho5/VASP/vasp_slab/Rh110/PBE_D3,/pscratch/sd/j/jcho5/VASP/vasp_mol/C2H6/PBE_D3,-201.5955409,-160.48819907,-40.52607459,1000,500,converged,54f985564c1c649d0b8db6fb4cd3064a80a1a21142e774c0b19e96a3500f2a7d,false
Rh110,ethane,r2scan,C2H6_Rh110,,false,ok,NSW=0 complex; converged relaxed references; matching composition,-0.0547575,/pscratch/sd/j/jcho5/VASP/dft_jobs/C2H6_Rh110/singlepoint/r2scan,0,/pscratch/sd/j/jcho5/VASP/completion_runs/matched_potential_slabs_20260915/slab/Rh110_43367cbc6c/r2scan,/pscratch/sd/j/jcho5/VASP/vasp_mol/C2H6/r2scan,-600.63944389,-558.32899056,-42.25569583,500,500,converged,54f985564c1c649d0b8db6fb4cd3064a80a1a21142e774c0b19e96a3500f2a7d,true
Rh110,ethane,beef_vdw,C2H6_Rh110,,false,ok,NSW=0 complex; converged relaxed references; matching composition,-0.24286724,/pscratch/sd/j/jcho5/VASP/dft_jobs/C2H6_Rh110/singlepoint/beef_vdw,0,/pscratch/sd/j/jcho5/VASP/completion_runs/matched_potential_slabs_20260915/slab/Rh110_a6be9fa2b9/beef_vdw,/pscratch/sd/j/jcho5/VASP/vasp_mol/C2H6/beef_vdw,-117.16458664,-78.69248876,-38.22923064,500,500,converged,54f985564c1c649d0b8db6fb4cd3064a80a1a21142e774c0b19e96a3500f2a7d,true
Rh111,ethane,pbe,C2H6_Rh111,,false,potential_mismatch,Complex and reference PAW potential identities differ or are missing; energy retained only as diagnostic,-0.52661587,/pscratch/sd/j/jcho5/VASP/dft_jobs/C2H6_Rh111/singlepoint/PBE,0,/pscratch/sd/j/jcho5/VASP/vasp_slab/Rh111/PBE,/pscratch/sd/j/jcho5/VASP/vasp_mol/C2H6/PBE,-480.17617555,-439.14994289,-40.49961679,1000,500,converged,90e9cf19f7579fea3d6571489b5e67220f6637fbba09ba7f4adbfb410f4bfeb5,false
Rh111,ethane,pbe_d3,C2H6_Rh111,,false,potential_mismatch,Complex and reference PAW potential identities differ or are missing; energy retained only as diagnostic,-0.73301469,/pscratch/sd/j/jcho5/VASP/dft_jobs/C2H6_Rh111/singlepoint/PBE_D3,0,/pscratch/sd/j/jcho5/VASP/vasp_slab/Rh111/PBE_D3,/pscratch/sd/j/jcho5/VASP/vasp_mol/C2H6/PBE_D3,-506.52050981,-465.26142053,-40.52607459,1000,500,converged,90e9cf19f7579fea3d6571489b5e67220f6637fbba09ba7f4adbfb410f4bfeb5,false
Rh111,ethane,r2scan,C2H6_Rh111,,false,potential_mismatch,Complex and reference PAW potential identities differ or are missing; energy retained only as diagnostic,-0.68661065,/pscratch/sd/j/jcho5/VASP/dft_jobs/C2H6_Rh111/singlepoint/r2scan,0,/pscratch/sd/j/jcho5/VASP/vasp_slab/Rh111/r2scan,/pscratch/sd/j/jcho5/VASP/vasp_mol/C2H6/r2scan,-1559.83221963,-1516.88991315,-42.25569583,1000,500,converged,90e9cf19f7579fea3d6571489b5e67220f6637fbba09ba7f4adbfb410f4bfeb5,false
Rh111,ethane,beef_vdw,C2H6_Rh111,,false,ok,NSW=0 complex; converged relaxed references; matching composition,-0.20219746,/pscratch/sd/j/jcho5/VASP/dft_jobs/C2H6_Rh111/singlepoint/beef_vdw,0,/pscratch/sd/j/jcho5/VASP/completion_runs/matched_potential_slabs_20260915/slab/Rh111_f89b45c425/beef_vdw,/pscratch/sd/j/jcho5/VASP/vasp_mol/C2H6/beef_vdw,-278.1162286,-239.6848005,-38.22923064,500,500,converged,90e9cf19f7579fea3d6571489b5e67220f6637fbba09ba7f4adbfb410f4bfeb5,true
Ag100,ethanol,pbe,CH3CH2OH_Ag100,,false,ok,NSW=0 complex; converged relaxed references; matching composition,-0.15028345,/pscratch/sd/j/jcho5/VASP/dft_jobs/CH3CH2OH_Ag100/singlepoint/PBE,0,/pscratch/sd/j/jcho5/VASP/completion_runs/matched_potential_slabs_20260915/slab/Ag100_03d62237d7/pbe,/pscratch/sd/j/jcho5/VASP/vasp_mol/CH3CH2OH/PBE,-207.21475608,-160.18861022,-46.87586241,500,500,converged,f06370928a307e4abfaf19c291ebeb6565deba40a7122469b849f497c7d29620,true
Ag100,ethanol,pbe_d3,CH3CH2OH_Ag100,,false,ok,NSW=0 complex; converged relaxed references; matching composition,-0.2241116,/pscratch/sd/j/jcho5/VASP/dft_jobs/CH3CH2OH_Ag100/singlepoint/PBE_D3,0,/pscratch/sd/j/jcho5/VASP/completion_runs/matched_potential_slabs_20260915/slab/Ag100_ea6fd71f0d/pbe_d3,/pscratch/sd/j/jcho5/VASP/vasp_mol/CH3CH2OH/PBE_D3,-229.26271216,-182.11563628,-46.92296428,500,500,converged,f06370928a307e4abfaf19c291ebeb6565deba40a7122469b849f497c7d29620,true
Ag100,ethanol,r2scan,CH3CH2OH_Ag100,,false,ok,NSW=0 complex; converged relaxed references; matching composition,-0.08762786,/pscratch/sd/j/jcho5/VASP/dft_jobs/CH3CH2OH_Ag100/singlepoint/r2scan,0,/pscratch/sd/j/jcho5/VASP/completion_runs/matched_potential_slabs_20260915/slab/Ag100_40d6d8753e/r2scan,/pscratch/sd/j/jcho5/VASP/vasp_mol/CH3CH2OH/r2scan,-1399.87764914,-1350.1504287,-49.63959258,500,500,converged,f06370928a307e4abfaf19c291ebeb6565deba40a7122469b849f497c7d29620,true
Ag100,ethanol,beef_vdw,CH3CH2OH_Ag100,,false,ok,NSW=0 complex; converged relaxed references; matching composition,-0.35173024,/pscratch/sd/j/jcho5/VASP/dft_jobs/CH3CH2OH_Ag100/singlepoint/beef_vdw,0,/pscratch/sd/j/jcho5/VASP/completion_runs/matched_potential_slabs_20260915/slab/Ag100_bdf57ab72d/beef_vdw,/pscratch/sd/j/jcho5/VASP/vasp_mol/CH3CH2OH/beef_vdw,17.19230291,60.29424863,-42.75021548,500,500,converged,f06370928a307e4abfaf19c291ebeb6565deba40a7122469b849f497c7d29620,true
Ag110,ethanol,pbe,CH3CH2OH_Ag110,,false,ok,NSW=0 complex; converged relaxed references; matching composition,-0.22400518,/pscratch/sd/j/jcho5/VASP/dft_jobs/CH3CH2OH_Ag110/singlepoint/PBE,0,/pscratch/sd/j/jcho5/VASP/completion_runs/matched_potential_slabs_20260915/slab/Ag110_ae1f44758e/pbe,/pscratch/sd/j/jcho5/VASP/vasp_mol/CH3CH2OH/PBE,-199.94959047,-152.84972288,-46.87586241,500,500,converged,77bda89842627efa0f4523748924a37738a2d4e1f07d28958a7c326f531a167f,true
Ag110,ethanol,pbe_d3,CH3CH2OH_Ag110,,false,ok,NSW=0 complex; converged relaxed references; matching composition,-0.4672162,/pscratch/sd/j/jcho5/VASP/dft_jobs/CH3CH2OH_Ag110/singlepoint/PBE_D3,0,/pscratch/sd/j/jcho5/VASP/completion_runs/matched_potential_slabs_20260915/slab/Ag110_9d6c0fe500/pbe_d3,/pscratch/sd/j/jcho5/VASP/vasp_mol/CH3CH2OH/PBE_D3,-218.21626195,-170.82608147,-46.92296428,500,500,converged,77bda89842627efa0f4523748924a37738a2d4e1f07d28958a7c326f531a167f,true
Ag110,ethanol,r2scan,CH3CH2OH_Ag110,,false,reference_unavailable,No converged relaxed references with matching functional/composition,,/pscratch/sd/j/jcho5/VASP/dft_jobs/CH3CH2OH_Ag110/singlepoint/r2scan,0,,/pscratch/sd/j/jcho5/VASP/vasp_mol/CH3CH2OH/r2scan,-1391.13321273,,-49.63959258,,500,converged,77bda89842627efa0f4523748924a37738a2d4e1f07d28958a7c326f531a167f,false
Ag110,ethanol,beef_vdw,CH3CH2OH_Ag110,,false,ok,NSW=0 complex; converged relaxed references; matching composition,-0.36685688,/pscratch/sd/j/jcho5/VASP/dft_jobs/CH3CH2OH_Ag110/singlepoint/beef_vdw,0,/pscratch/sd/j/jcho5/VASP/completion_runs/matched_potential_slabs_20260915/slab/Ag110_9a26dc65ff/beef_vdw,/pscratch/sd/j/jcho5/VASP/vasp_mol/CH3CH2OH/beef_vdw,24.95580904,68.0728814,-42.75021548,500,500,converged,77bda89842627efa0f4523748924a37738a2d4e1f07d28958a7c326f531a167f,true
Ag111,ethanol,pbe,CH3CH2OH_Ag111,,false,potential_mismatch,Complex and reference PAW potential identities differ or are missing; energy retained only as diagnostic,-1.29926327,/pscratch/sd/j/jcho5/VASP/dft_jobs/CH3CH2OH_Ag111/singlepoint/PBE,0,/pscratch/sd/j/jcho5/VASP/vasp_slab/Ag111/PBE,/pscratch/sd/j/jcho5/VASP/vasp_mol/CH3CH2OH/PBE,-210.25401958,-162.0788939,-46.87586241,1000,500,converged,e4419a8f506a26d0514fb48d5ad44b4b206a9a2cddccf0d26c5a48e3d9f2378c,false
Ag111,ethanol,pbe_d3,CH3CH2OH_Ag111,,false,potential_mismatch,Complex and reference PAW potential identities differ or are missing; energy retained only as diagnostic,-1.48833995,/pscratch/sd/j/jcho5/VASP/dft_jobs/CH3CH2OH_Ag111/singlepoint/PBE_D3,0,/pscratch/sd/j/jcho5/VASP/vasp_slab/Ag111/PBE_D3,/pscratch/sd/j/jcho5/VASP/vasp_mol/CH3CH2OH/PBE_D3,-233.36193432,-184.95063009,-46.92296428,1000,500,converged,e4419a8f506a26d0514fb48d5ad44b4b206a9a2cddccf0d26c5a48e3d9f2378c,false
Ag111,ethanol,r2scan,CH3CH2OH_Ag111,,false,potential_mismatch,Complex and reference PAW potential identities differ or are missing; energy retained only as diagnostic,-2.22925468,/pscratch/sd/j/jcho5/VASP/dft_jobs/CH3CH2OH_Ag111/singlepoint/r2scan,0,/pscratch/sd/j/jcho5/VASP/vasp_slab/Ag111/r2scan,/pscratch/sd/j/jcho5/VASP/vasp_mol/CH3CH2OH/r2scan,-1403.65169687,-1351.78284961,-49.63959258,1000,500,converged,e4419a8f506a26d0514fb48d5ad44b4b206a9a2cddccf0d26c5a48e3d9f2378c,false
Ag111,ethanol,beef_vdw,CH3CH2OH_Ag111,,false,potential_mismatch,Complex and reference PAW potential identities differ or are missing; energy retained only as diagnostic,-44.54684064,/pscratch/sd/j/jcho5/VASP/dft_jobs/CH3CH2OH_Ag111/singlepoint/beef_vdw,0,/pscratch/sd/j/jcho5/VASP/vasp_slab/Ag111/beef_vdw,/pscratch/sd/j/jcho5/VASP/vasp_mol/CH3CH2OH/beef_vdw,14.40291389,101.69997001,-42.75021548,1000,500,converged,e4419a8f506a26d0514fb48d5ad44b4b206a9a2cddccf0d26c5a48e3d9f2378c,false
Au100,ethanol,pbe,CH3CH2OH_Au100,,false,reference_unavailable,No converged relaxed references with matching functional/composition,,/pscratch/sd/j/jcho5/VASP/dft_jobs/CH3CH2OH_Au100/singlepoint/PBE,0,,/pscratch/sd/j/jcho5/VASP/vasp_mol/CH3CH2OH/PBE,-238.80128409,,-46.87586241,,500,converged,6a21440f8204d7a818f9493ce544d23656a7fe274a8384e5875a36e7dae326e6,false
Au100,ethanol,pbe_d3,CH3CH2OH_Au100,,false,reference_unavailable,No converged relaxed references with matching functional/composition,,/pscratch/sd/j/jcho5/VASP/dft_jobs/CH3CH2OH_Au100/singlepoint/PBE_D3,0,,/pscratch/sd/j/jcho5/VASP/vasp_mol/CH3CH2OH/PBE_D3,-269.20929592,,-46.92296428,,500,converged,6a21440f8204d7a818f9493ce544d23656a7fe274a8384e5875a36e7dae326e6,false
Au100,ethanol,r2scan,CH3CH2OH_Au100,,false,reference_unavailable,No converged relaxed references with matching functional/composition,,/pscratch/sd/j/jcho5/VASP/dft_jobs/CH3CH2OH_Au100/singlepoint/r2scan,0,,/pscratch/sd/j/jcho5/VASP/vasp_mol/CH3CH2OH/r2scan,-3270.65278761,,-49.63959258,,500,converged,6a21440f8204d7a818f9493ce544d23656a7fe274a8384e5875a36e7dae326e6,false
Au100,ethanol,beef_vdw,CH3CH2OH_Au100,,false,reference_unavailable,No converged relaxed references with matching functional/composition,,/pscratch/sd/j/jcho5/VASP/dft_jobs/CH3CH2OH_Au100/singlepoint/beef_vdw,0,,/pscratch/sd/j/jcho5/VASP/vasp_mol/CH3CH2OH/beef_vdw,-37.94393685,,-42.75021548,,500,converged,6a21440f8204d7a818f9493ce544d23656a7fe274a8384e5875a36e7dae326e6,false
Au110,ethanol,pbe,CH3CH2OH_Au110,,false,reference_unavailable,No converged relaxed references with matching functional/composition,,/pscratch/sd/j/jcho5/VASP/dft_jobs/CH3CH2OH_Au110/singlepoint/PBE,0,,/pscratch/sd/j/jcho5/VASP/vasp_mol/CH3CH2OH/PBE,-231.31997984,,-46.87586241,,500,converged,bf46b50db406d6138a61e62f852fa86c6b31b913998818b6aa3fa5007290e19a,false
Au110,ethanol,pbe_d3,CH3CH2OH_Au110,,false,reference_unavailable,No converged relaxed references with matching functional/composition,,/pscratch/sd/j/jcho5/VASP/dft_jobs/CH3CH2OH_Au110/singlepoint/PBE_D3,0,,/pscratch/sd/j/jcho5/VASP/vasp_mol/CH3CH2OH/PBE_D3,-256.70593531,,-46.92296428,,500,converged,bf46b50db406d6138a61e62f852fa86c6b31b913998818b6aa3fa5007290e19a,false
Au110,ethanol,r2scan,CH3CH2OH_Au110,,false,reference_unavailable,No converged relaxed references with matching functional/composition,,/pscratch/sd/j/jcho5/VASP/dft_jobs/CH3CH2OH_Au110/singlepoint/r2scan,0,,/pscratch/sd/j/jcho5/VASP/vasp_mol/CH3CH2OH/r2scan,-3261.64466112,,-49.63959258,,500,converged,bf46b50db406d6138a61e62f852fa86c6b31b913998818b6aa3fa5007290e19a,false
Au110,ethanol,beef_vdw,CH3CH2OH_Au110,,false,reference_unavailable,No converged relaxed references with matching functional/composition,,/pscratch/sd/j/jcho5/VASP/dft_jobs/CH3CH2OH_Au110/singlepoint/beef_vdw,0,,/pscratch/sd/j/jcho5/VASP/vasp_mol/CH3CH2OH/beef_vdw,-29.91065781,,-42.75021548,,500,converged,bf46b50db406d6138a61e62f852fa86c6b31b913998818b6aa3fa5007290e19a,false
Au111,ethanol,pbe,CH3CH2OH_Au111,,false,reference_unavailable,No converged relaxed references with matching functional/composition,,/pscratch/sd/j/jcho5/VASP/dft_jobs/CH3CH2OH_Au111/singlepoint/PBE,0,,/pscratch/sd/j/jcho5/VASP/vasp_mol/CH3CH2OH/PBE,-157.0964167,,-46.87586241,,500,converged,ae44ee5f570da928cc4e433b64a118c9c263717ec1c1534f0318b5eddcaee6ab,false
Au111,ethanol,pbe_d3,CH3CH2OH_Au111,,false,reference_unavailable,No converged relaxed references with matching functional/composition,,/pscratch/sd/j/jcho5/VASP/dft_jobs/CH3CH2OH_Au111/singlepoint/PBE_D3,0,,/pscratch/sd/j/jcho5/VASP/vasp_mol/CH3CH2OH/PBE_D3,-175.01676286,,-46.92296428,,500,converged,ae44ee5f570da928cc4e433b64a118c9c263717ec1c1534f0318b5eddcaee6ab,false
Au111,ethanol,r2scan,CH3CH2OH_Au111,,false,reference_unavailable,No converged relaxed references with matching functional/composition,,/pscratch/sd/j/jcho5/VASP/dft_jobs/CH3CH2OH_Au111/singlepoint/r2scan,0,,/pscratch/sd/j/jcho5/VASP/vasp_mol/CH3CH2OH/r2scan,-1864.12586184,,-49.63959258,,500,converged,ae44ee5f570da928cc4e433b64a118c9c263717ec1c1534f0318b5eddcaee6ab,false
Au111,ethanol,beef_vdw,CH3CH2OH_Au111,,false,reference_unavailable,No converged relaxed references with matching functional/composition,,/pscratch/sd/j/jcho5/VASP/dft_jobs/CH3CH2OH_Au111/singlepoint/beef_vdw,0,,/pscratch/sd/j/jcho5/VASP/vasp_mol/CH3CH2OH/beef_vdw,-42.21564988,,-42.75021548,,500,converged,ae44ee5f570da928cc4e433b64a118c9c263717ec1c1534f0318b5eddcaee6ab,false
Cu100,ethanol,pbe,CH3CH2OH_Cu100,,false,ok,NSW=0 complex; converged relaxed references; matching composition,-0.2211589,/pscratch/sd/j/jcho5/VASP/dft_jobs/CH3CH2OH_Cu100/singlepoint/PBE,0,/pscratch/sd/j/jcho5/VASP/vasp_slab/Cu100/PBE,/pscratch/sd/j/jcho5/VASP/vasp_mol/CH3CH2OH/PBE,-266.86384295,-219.76682164,-46.87586241,1000,500,converged,b2cb6e1e2da559ea668d8031e0ae7ec5884fd85ea945972925c80ffa39d1033c,true
Cu100,ethanol,pbe_d3,CH3CH2OH_Cu100,,false,ok,NSW=0 complex; converged relaxed references; matching composition,-0.60584994,/pscratch/sd/j/jcho5/VASP/dft_jobs/CH3CH2OH_Cu100/singlepoint/PBE_D3,0,/pscratch/sd/j/jcho5/VASP/vasp_slab/Cu100/PBE_D3,/pscratch/sd/j/jcho5/VASP/vasp_mol/CH3CH2OH/PBE_D3,-288.36934675,-240.84053253,-46.92296428,1000,500,converged,b2cb6e1e2da559ea668d8031e0ae7ec5884fd85ea945972925c80ffa39d1033c,true
Cu100,ethanol,r2scan,CH3CH2OH_Cu100,,false,ok,NSW=0 complex; converged relaxed references; matching composition,-0.20478178,/pscratch/sd/j/jcho5/VASP/dft_jobs/CH3CH2OH_Cu100/singlepoint/r2scan,0,/pscratch/sd/j/jcho5/VASP/vasp_slab/Cu100/r2scan,/pscratch/sd/j/jcho5/VASP/vasp_mol/CH3CH2OH/r2scan,-720.16086837,-670.31649401,-49.63959258,1000,500,converged,b2cb6e1e2da559ea668d8031e0ae7ec5884fd85ea945972925c80ffa39d1033c,true
Cu100,ethanol,beef_vdw,CH3CH2OH_Cu100,,false,ok,NSW=0 complex; converged relaxed references; matching composition,-0.44842763,/pscratch/sd/j/jcho5/VASP/dft_jobs/CH3CH2OH_Cu100/singlepoint/beef_vdw,0,/pscratch/sd/j/jcho5/VASP/completion_runs/site_gapfill_20260914/slab/C2H4_Cu100/beef_vdw,/pscratch/sd/j/jcho5/VASP/vasp_mol/CH3CH2OH/beef_vdw,-53.77496571,-10.5763226,-42.75021548,1000,500,converged,b2cb6e1e2da559ea668d8031e0ae7ec5884fd85ea945972925c80ffa39d1033c,true
Cu110,ethanol,pbe,CH3CH2OH_Cu110,,false,reference_unavailable,No converged relaxed references with matching functional/composition,,/pscratch/sd/j/jcho5/VASP/dft_jobs/CH3CH2OH_Cu110/singlepoint/PBE,0,,/pscratch/sd/j/jcho5/VASP/vasp_mol/CH3CH2OH/PBE,-256.83700128,,-46.87586241,,500,converged,9c22377ea5bd7adb3aee3d104fa84134b14c6c68b0ff5cf829d71a1074fc1eee,false
Cu110,ethanol,pbe_d3,CH3CH2OH_Cu110,,false,reference_unavailable,No converged relaxed references with matching functional/composition,,/pscratch/sd/j/jcho5/VASP/dft_jobs/CH3CH2OH_Cu110/singlepoint/PBE_D3,0,,/pscratch/sd/j/jcho5/VASP/vasp_mol/CH3CH2OH/PBE_D3,-274.26072117,,-46.92296428,,500,converged,9c22377ea5bd7adb3aee3d104fa84134b14c6c68b0ff5cf829d71a1074fc1eee,false
Cu110,ethanol,r2scan,CH3CH2OH_Cu110,,false,reference_unavailable,No converged relaxed references with matching functional/composition,,/pscratch/sd/j/jcho5/VASP/dft_jobs/CH3CH2OH_Cu110/singlepoint/r2scan,0,,/pscratch/sd/j/jcho5/VASP/vasp_mol/CH3CH2OH/r2scan,-708.56409223,,-49.63959258,,500,converged,9c22377ea5bd7adb3aee3d104fa84134b14c6c68b0ff5cf829d71a1074fc1eee,false
Cu110,ethanol,beef_vdw,CH3CH2OH_Cu110,,false,reference_unavailable,No converged relaxed references with matching functional/composition,,/pscratch/sd/j/jcho5/VASP/dft_jobs/CH3CH2OH_Cu110/singlepoint/beef_vdw,0,,/pscratch/sd/j/jcho5/VASP/vasp_mol/CH3CH2OH/beef_vdw,-43.52627789,,-42.75021548,,500,converged,9c22377ea5bd7adb3aee3d104fa84134b14c6c68b0ff5cf829d71a1074fc1eee,false
Cu111,ethanol,pbe,CH3CH2OH_Cu111,,false,ok,NSW=0 complex; converged relaxed references; matching composition,-0.10665859,/pscratch/sd/j/jcho5/VASP/dft_jobs/CH3CH2OH_Cu111/singlepoint/PBE,0,/pscratch/sd/j/jcho5/VASP/completion_runs/matched_potential_slabs_20260915/slab/Cu111_28f90def6e/pbe,/pscratch/sd/j/jcho5/VASP/vasp_mol/CH3CH2OH/PBE,-271.06537413,-224.08285313,-46.87586241,500,500,converged,e19bd7f03ef7d3f29a64dc8eb72d2ad61e6193a9c3ee7fc1e6a9389a8df583dc,true
Cu111,ethanol,pbe_d3,CH3CH2OH_Cu111,,false,ok,NSW=0 complex; converged relaxed references; matching composition,-0.35955086,/pscratch/sd/j/jcho5/VASP/dft_jobs/CH3CH2OH_Cu111/singlepoint/PBE_D3,0,/pscratch/sd/j/jcho5/VASP/completion_runs/matched_potential_slabs_20260915/slab/Cu111_6058af94f0/pbe_d3,/pscratch/sd/j/jcho5/VASP/vasp_mol/CH3CH2OH/PBE_D3,-293.85203797,-246.56952283,-46.92296428,500,500,converged,e19bd7f03ef7d3f29a64dc8eb72d2ad61e6193a9c3ee7fc1e6a9389a8df583dc,true
Cu111,ethanol,r2scan,CH3CH2OH_Cu111,,false,ok,NSW=0 complex; converged relaxed references; matching composition,-0.0299997,/pscratch/sd/j/jcho5/VASP/dft_jobs/CH3CH2OH_Cu111/singlepoint/r2scan,0,/pscratch/sd/j/jcho5/VASP/completion_runs/matched_potential_slabs_20260915/slab/Cu111_96724abedd/r2scan,/pscratch/sd/j/jcho5/VASP/vasp_mol/CH3CH2OH/r2scan,-725.09980946,-675.43021718,-49.63959258,500,500,converged,e19bd7f03ef7d3f29a64dc8eb72d2ad61e6193a9c3ee7fc1e6a9389a8df583dc,true
Cu111,ethanol,beef_vdw,CH3CH2OH_Cu111,,false,ok,NSW=0 complex; converged relaxed references; matching composition,-0.35835421,/pscratch/sd/j/jcho5/VASP/dft_jobs/CH3CH2OH_Cu111/singlepoint/beef_vdw,0,/pscratch/sd/j/jcho5/VASP/completion_runs/matched_potential_slabs_20260915/slab/Cu111_11f50e50d8/beef_vdw,/pscratch/sd/j/jcho5/VASP/vasp_mol/CH3CH2OH/beef_vdw,-57.70851284,-14.59994315,-42.75021548,500,500,converged,e19bd7f03ef7d3f29a64dc8eb72d2ad61e6193a9c3ee7fc1e6a9389a8df583dc,true
Ir100,ethanol,pbe,CH3CH2OH_Ir100,,false,ok,NSW=0 complex; converged relaxed references; matching composition,-0.45563868,/pscratch/sd/j/jcho5/VASP/dft_jobs/CH3CH2OH_Ir100/singlepoint/PBE,0,/pscratch/sd/j/jcho5/VASP/vasp_slab/Ir100/PBE,/pscratch/sd/j/jcho5/VASP/vasp_mol/CH3CH2OH/PBE,-341.73251523,-294.40101414,-46.87586241,1000,500,converged,63641e0724995acd8fffb218a3b9d82932e8cc86153d2ac9b85be149600d254a,true
Ir100,ethanol,pbe_d3,CH3CH2OH_Ir100,,false,ok,NSW=0 complex; converged relaxed references; matching composition,-0.95032646,/pscratch/sd/j/jcho5/VASP/dft_jobs/CH3CH2OH_Ir100/singlepoint/PBE_D3,0,/pscratch/sd/j/jcho5/VASP/vasp_slab/Ir100/PBE_D3,/pscratch/sd/j/jcho5/VASP/vasp_mol/CH3CH2OH/PBE_D3,-359.47574052,-311.60244978,-46.92296428,1000,500,converged,63641e0724995acd8fffb218a3b9d82932e8cc86153d2ac9b85be149600d254a,true
Ir100,ethanol,r2scan,CH3CH2OH_Ir100,,false,ok,NSW=0 complex; converged relaxed references; matching composition,-0.74408684,/pscratch/sd/j/jcho5/VASP/dft_jobs/CH3CH2OH_Ir100/singlepoint/r2scan,0,/pscratch/sd/j/jcho5/VASP/completion_runs/site_gapfill_20260914/slab/C2H4_Ir100/r2scan,/pscratch/sd/j/jcho5/VASP/vasp_mol/CH3CH2OH/r2scan,-1909.04916417,-1858.66548475,-49.63959258,1000,500,converged,63641e0724995acd8fffb218a3b9d82932e8cc86153d2ac9b85be149600d254a,true
Ir100,ethanol,beef_vdw,CH3CH2OH_Ir100,,false,ok,NSW=0 complex; converged relaxed references; matching composition,-0.67214811,/pscratch/sd/j/jcho5/VASP/dft_jobs/CH3CH2OH_Ir100/singlepoint/beef_vdw,0,/pscratch/sd/j/jcho5/VASP/vasp_slab/Ir100/beef_vdw,/pscratch/sd/j/jcho5/VASP/vasp_mol/CH3CH2OH/beef_vdw,-226.43993018,-183.01756659,-42.75021548,1000,500,converged,63641e0724995acd8fffb218a3b9d82932e8cc86153d2ac9b85be149600d254a,true
Ir110,ethanol,pbe,CH3CH2OH_Ir110,,false,ok,NSW=0 complex; converged relaxed references; matching composition,-0.63087128,/pscratch/sd/j/jcho5/VASP/dft_jobs/CH3CH2OH_Ir110/singlepoint/PBE,0,/pscratch/sd/j/jcho5/VASP/vasp_slab/Ir110/PBE,/pscratch/sd/j/jcho5/VASP/vasp_mol/CH3CH2OH/PBE,-233.2995194,-185.79278571,-46.87586241,1000,500,converged,3fd5adf10c754700c1a8491fbe4143b0c5f17a5f4dc380fdd45801a10b42254d,true
Ir110,ethanol,pbe_d3,CH3CH2OH_Ir110,,false,ok,NSW=0 complex; converged relaxed references; matching composition,-1.09495918,/pscratch/sd/j/jcho5/VASP/dft_jobs/CH3CH2OH_Ir110/singlepoint/PBE_D3,0,/pscratch/sd/j/jcho5/VASP/vasp_slab/Ir110/PBE_D3,/pscratch/sd/j/jcho5/VASP/vasp_mol/CH3CH2OH/PBE_D3,-243.15614496,-195.1382215,-46.92296428,1000,500,converged,3fd5adf10c754700c1a8491fbe4143b0c5f17a5f4dc380fdd45801a10b42254d,true
Ir110,ethanol,r2scan,CH3CH2OH_Ir110,,false,ok,NSW=0 complex; converged relaxed references; matching composition,-0.74324792,/pscratch/sd/j/jcho5/VASP/dft_jobs/CH3CH2OH_Ir110/singlepoint/r2scan,0,/pscratch/sd/j/jcho5/VASP/vasp_slab/Ir110/r2scan,/pscratch/sd/j/jcho5/VASP/vasp_mol/CH3CH2OH/r2scan,-1279.05959217,-1228.67675167,-49.63959258,1000,500,converged,3fd5adf10c754700c1a8491fbe4143b0c5f17a5f4dc380fdd45801a10b42254d,true
Ir110,ethanol,beef_vdw,CH3CH2OH_Ir110,,false,ok,NSW=0 complex; converged relaxed references; matching composition,-0.94306851,/pscratch/sd/j/jcho5/VASP/dft_jobs/CH3CH2OH_Ir110/singlepoint/beef_vdw,0,/pscratch/sd/j/jcho5/VASP/vasp_slab/Ir110/beef_vdw,/pscratch/sd/j/jcho5/VASP/vasp_mol/CH3CH2OH/beef_vdw,-154.94578153,-111.25249754,-42.75021548,1000,500,converged,3fd5adf10c754700c1a8491fbe4143b0c5f17a5f4dc380fdd45801a10b42254d,true
Ir111,ethanol,pbe,CH3CH2OH_Ir111,,false,ok,NSW=0 complex; converged relaxed references; matching composition,-0.27851533,/pscratch/sd/j/jcho5/VASP/dft_jobs/CH3CH2OH_Ir111/singlepoint/PBE,0,/pscratch/sd/j/jcho5/VASP/vasp_slab/Ir111/PBE,/pscratch/sd/j/jcho5/VASP/vasp_mol/CH3CH2OH/PBE,-585.46632064,-538.3119429,-46.87586241,1000,500,converged,ced2ff6a0fb86bf5d1030845a825a179840d4b4f7ef36620a937b36c311e313d,true
Ir111,ethanol,pbe_d3,CH3CH2OH_Ir111,,false,ok,NSW=0 complex; converged relaxed references; matching composition,-0.61807213,/pscratch/sd/j/jcho5/VASP/dft_jobs/CH3CH2OH_Ir111/singlepoint/PBE_D3,0,/pscratch/sd/j/jcho5/VASP/vasp_slab/Ir111/PBE_D3,/pscratch/sd/j/jcho5/VASP/vasp_mol/CH3CH2OH/PBE_D3,-618.32408036,-570.78304395,-46.92296428,1000,500,converged,ced2ff6a0fb86bf5d1030845a825a179840d4b4f7ef36620a937b36c311e313d,true
Ir111,ethanol,r2scan,CH3CH2OH_Ir111,,false,ok,NSW=0 complex; converged relaxed references; matching composition,-0.37808172,/pscratch/sd/j/jcho5/VASP/dft_jobs/CH3CH2OH_Ir111/singlepoint/r2scan,0,/pscratch/sd/j/jcho5/VASP/vasp_slab/Ir111/r2scan,/pscratch/sd/j/jcho5/VASP/vasp_mol/CH3CH2OH/r2scan,-3370.70081639,-3320.68314209,-49.63959258,1000,500,converged,ced2ff6a0fb86bf5d1030845a825a179840d4b4f7ef36620a937b36c311e313d,true
Ir111,ethanol,beef_vdw,CH3CH2OH_Ir111,,false,ok,NSW=0 complex; converged relaxed references; matching composition,-0.62171747,/pscratch/sd/j/jcho5/VASP/dft_jobs/CH3CH2OH_Ir111/singlepoint/beef_vdw,0,/pscratch/sd/j/jcho5/VASP/vasp_slab/Ir111/beef_vdw,/pscratch/sd/j/jcho5/VASP/vasp_mol/CH3CH2OH/beef_vdw,-382.85890287,-339.48696992,-42.75021548,1000,500,converged,ced2ff6a0fb86bf5d1030845a825a179840d4b4f7ef36620a937b36c311e313d,true
Pd100,ethanol,pbe,CH3CH2OH_Pd100,,false,reference_unavailable,No converged relaxed references with matching functional/composition,,/pscratch/sd/j/jcho5/VASP/dft_jobs/CH3CH2OH_Pd100/singlepoint/PBE,0,,/pscratch/sd/j/jcho5/VASP/vasp_mol/CH3CH2OH/PBE,-358.81623177,,-46.87586241,,500,converged,acffd51ebd05623a75689befa7fb418b1300188b329fa25e5059bf416cd9dad7,false
Pd100,ethanol,pbe_d3,CH3CH2OH_Pd100,,false,reference_unavailable,No converged relaxed references with matching functional/composition,,/pscratch/sd/j/jcho5/VASP/dft_jobs/CH3CH2OH_Pd100/singlepoint/PBE_D3,0,,/pscratch/sd/j/jcho5/VASP/vasp_mol/CH3CH2OH/PBE_D3,-384.39243906,,-46.92296428,,500,converged,acffd51ebd05623a75689befa7fb418b1300188b329fa25e5059bf416cd9dad7,false
Pd100,ethanol,r2scan,CH3CH2OH_Pd100,,false,reference_unavailable,No converged relaxed references with matching functional/composition,,/pscratch/sd/j/jcho5/VASP/dft_jobs/CH3CH2OH_Pd100/singlepoint/r2scan,0,,/pscratch/sd/j/jcho5/VASP/vasp_mol/CH3CH2OH/r2scan,-1494.18842189,,-49.63959258,,500,converged,acffd51ebd05623a75689befa7fb418b1300188b329fa25e5059bf416cd9dad7,false
Pd100,ethanol,beef_vdw,CH3CH2OH_Pd100,,false,reference_unavailable,No converged relaxed references with matching functional/composition,,/pscratch/sd/j/jcho5/VASP/dft_jobs/CH3CH2OH_Pd100/singlepoint/beef_vdw,0,,/pscratch/sd/j/jcho5/VASP/vasp_mol/CH3CH2OH/beef_vdw,-137.27989757,,-42.75021548,,500,converged,acffd51ebd05623a75689befa7fb418b1300188b329fa25e5059bf416cd9dad7,false
Pd110,ethanol,pbe,CH3CH2OH_Pd110,,false,reference_unavailable,No converged relaxed references with matching functional/composition,,/pscratch/sd/j/jcho5/VASP/dft_jobs/CH3CH2OH_Pd110/singlepoint/PBE,0,,/pscratch/sd/j/jcho5/VASP/vasp_mol/CH3CH2OH/PBE,-346.49692739,,-46.87586241,,500,converged,526cc226bf871c94c9751336c3f5af413703221c5c8bac6d02615e8c7cd49fd7,false
Pd110,ethanol,pbe_d3,CH3CH2OH_Pd110,,false,reference_unavailable,No converged relaxed references with matching functional/composition,,/pscratch/sd/j/jcho5/VASP/dft_jobs/CH3CH2OH_Pd110/singlepoint/PBE_D3,0,,/pscratch/sd/j/jcho5/VASP/vasp_mol/CH3CH2OH/PBE_D3,-367.46522059,,-46.92296428,,500,converged,526cc226bf871c94c9751336c3f5af413703221c5c8bac6d02615e8c7cd49fd7,false
Pd110,ethanol,r2scan,CH3CH2OH_Pd110,,false,reference_unavailable,No converged relaxed references with matching functional/composition,,/pscratch/sd/j/jcho5/VASP/dft_jobs/CH3CH2OH_Pd110/singlepoint/r2scan,0,,/pscratch/sd/j/jcho5/VASP/vasp_mol/CH3CH2OH/r2scan,-1480.42001771,,-49.63959258,,500,converged,526cc226bf871c94c9751336c3f5af413703221c5c8bac6d02615e8c7cd49fd7,false
Pd110,ethanol,beef_vdw,CH3CH2OH_Pd110,,false,reference_unavailable,No converged relaxed references with matching functional/composition,,/pscratch/sd/j/jcho5/VASP/dft_jobs/CH3CH2OH_Pd110/singlepoint/beef_vdw,0,,/pscratch/sd/j/jcho5/VASP/vasp_mol/CH3CH2OH/beef_vdw,-124.66919961,,-42.75021548,,500,converged,526cc226bf871c94c9751336c3f5af413703221c5c8bac6d02615e8c7cd49fd7,false
Pd111,ethanol,pbe,CH3CH2OH_Pd111,,false,potential_mismatch,Complex and reference PAW potential identities differ or are missing; energy retained only as diagnostic,-0.61184008,/pscratch/sd/j/jcho5/VASP/dft_jobs/CH3CH2OH_Pd111/singlepoint/PBE,0,/pscratch/sd/j/jcho5/VASP/vasp_slab/Pd111/PBE,/pscratch/sd/j/jcho5/VASP/vasp_mol/CH3CH2OH/PBE,-363.47646643,-315.98876394,-46.87586241,1000,500,converged,3afb30a45251d1dd830815ab4ce070fe964d71b0773f52267fca3ead84351dbb,false
Pd111,ethanol,pbe_d3,CH3CH2OH_Pd111,,false,potential_mismatch,Complex and reference PAW potential identities differ or are missing; energy retained only as diagnostic,-0.93081838,/pscratch/sd/j/jcho5/VASP/dft_jobs/CH3CH2OH_Pd111/singlepoint/PBE_D3,0,/pscratch/sd/j/jcho5/VASP/vasp_slab/Pd111/PBE_D3,/pscratch/sd/j/jcho5/VASP/vasp_mol/CH3CH2OH/PBE_D3,-390.42983859,-342.57605593,-46.92296428,1000,500,converged,3afb30a45251d1dd830815ab4ce070fe964d71b0773f52267fca3ead84351dbb,false
Pd111,ethanol,r2scan,CH3CH2OH_Pd111,,false,potential_mismatch,Complex and reference PAW potential identities differ or are missing; energy retained only as diagnostic,-0.93443212,/pscratch/sd/j/jcho5/VASP/dft_jobs/CH3CH2OH_Pd111/singlepoint/r2scan,0,/pscratch/sd/j/jcho5/VASP/vasp_slab/Pd111/r2scan,/pscratch/sd/j/jcho5/VASP/vasp_mol/CH3CH2OH/r2scan,-1499.69051693,-1449.11649223,-49.63959258,1000,500,converged,3afb30a45251d1dd830815ab4ce070fe964d71b0773f52267fca3ead84351dbb,false
Pd111,ethanol,beef_vdw,CH3CH2OH_Pd111,,false,potential_mismatch,Complex and reference PAW potential identities differ or are missing; energy retained only as diagnostic,-32.1629616,/pscratch/sd/j/jcho5/VASP/dft_jobs/CH3CH2OH_Pd111/singlepoint/beef_vdw,0,/pscratch/sd/j/jcho5/VASP/vasp_slab/Pd111/beef_vdw,/pscratch/sd/j/jcho5/VASP/vasp_mol/CH3CH2OH/beef_vdw,-141.35765486,-66.44447778,-42.75021548,1000,500,converged,3afb30a45251d1dd830815ab4ce070fe964d71b0773f52267fca3ead84351dbb,false
Pt100,ethanol,pbe,CH3CH2OH_Pt100,,false,ok,NSW=0 complex; converged relaxed references; matching composition,-0.31828161,/pscratch/sd/j/jcho5/VASP/dft_jobs/CH3CH2OH_Pt100/singlepoint/PBE,0,/pscratch/sd/j/jcho5/VASP/completion_runs/matched_potential_slabs_20260915/slab/Pt100_a49f22e12a/pbe,/pscratch/sd/j/jcho5/VASP/vasp_mol/CH3CH2OH/PBE,-410.33066331,-363.13651929,-46.87586241,500,500,converged,03c02be3a2ff55f085e39ddb3ab945df3eb12fc7d1008ef16522655ddb25bfc4,true
Pt100,ethanol,pbe_d3,CH3CH2OH_Pt100,,false,ok,NSW=0 complex; converged relaxed references; matching composition,-0.77233869,/pscratch/sd/j/jcho5/VASP/dft_jobs/CH3CH2OH_Pt100/singlepoint/PBE_D3,0,/pscratch/sd/j/jcho5/VASP/completion_runs/matched_potential_slabs_20260915/slab/Pt100_3c53559c7d/pbe_d3,/pscratch/sd/j/jcho5/VASP/vasp_mol/CH3CH2OH/PBE_D3,-444.63027237,-396.9349694,-46.92296428,500,500,converged,03c02be3a2ff55f085e39ddb3ab945df3eb12fc7d1008ef16522655ddb25bfc4,true
Pt100,ethanol,r2scan,CH3CH2OH_Pt100,,false,ok,NSW=0 complex; converged relaxed references; matching composition,-0.5133795,/pscratch/sd/j/jcho5/VASP/dft_jobs/CH3CH2OH_Pt100/singlepoint/r2scan,0,/pscratch/sd/j/jcho5/VASP/completion_runs/matched_potential_slabs_20260915/slab/Pt100_d508ddc3d6/r2scan,/pscratch/sd/j/jcho5/VASP/vasp_mol/CH3CH2OH/r2scan,-3316.26283474,-3266.10986266,-49.63959258,500,500,converged,03c02be3a2ff55f085e39ddb3ab945df3eb12fc7d1008ef16522655ddb25bfc4,true
Pt100,ethanol,beef_vdw,CH3CH2OH_Pt100,,false,ok,NSW=0 complex; converged relaxed references; matching composition,-0.46418366,/pscratch/sd/j/jcho5/VASP/dft_jobs/CH3CH2OH_Pt100/singlepoint/beef_vdw,0,/pscratch/sd/j/jcho5/VASP/completion_runs/matched_potential_slabs_20260915/slab/Pt100_529df1e123/beef_vdw,/pscratch/sd/j/jcho5/VASP/vasp_mol/CH3CH2OH/beef_vdw,-211.35299218,-168.13859304,-42.75021548,500,500,converged,03c02be3a2ff55f085e39ddb3ab945df3eb12fc7d1008ef16522655ddb25bfc4,true
Pt110,ethanol,pbe,CH3CH2OH_Pt110,,false,ok,NSW=0 complex; converged relaxed references; matching composition,-0.43404488,/pscratch/sd/j/jcho5/VASP/dft_jobs/CH3CH2OH_Pt110/singlepoint/PBE,0,/pscratch/sd/j/jcho5/VASP/completion_runs/matched_potential_slabs_20260915/slab/Pt110_9df8ef40c0/pbe,/pscratch/sd/j/jcho5/VASP/vasp_mol/CH3CH2OH/PBE,-396.60462231,-349.29471502,-46.87586241,500,500,converged,aad3d9af29dfc0c73568b041e53014c2ccda1f5e1988ddf033616f3270a9b794,true
Pt110,ethanol,pbe_d3,CH3CH2OH_Pt110,,false,ok,NSW=0 complex; converged relaxed references; matching composition,-0.96044084,/pscratch/sd/j/jcho5/VASP/dft_jobs/CH3CH2OH_Pt110/singlepoint/PBE_D3,0,/pscratch/sd/j/jcho5/VASP/completion_runs/matched_potential_slabs_20260915/slab/Pt110_b45ee2f606/pbe_d3,/pscratch/sd/j/jcho5/VASP/vasp_mol/CH3CH2OH/PBE_D3,-424.64561105,-376.76220593,-46.92296428,500,500,converged,aad3d9af29dfc0c73568b041e53014c2ccda1f5e1988ddf033616f3270a9b794,true
Pt110,ethanol,r2scan,CH3CH2OH_Pt110,,false,reference_unavailable,No converged relaxed references with matching functional/composition,,/pscratch/sd/j/jcho5/VASP/dft_jobs/CH3CH2OH_Pt110/singlepoint/r2scan,0,,/pscratch/sd/j/jcho5/VASP/vasp_mol/CH3CH2OH/r2scan,-3300.45163877,,-49.63959258,,500,converged,aad3d9af29dfc0c73568b041e53014c2ccda1f5e1988ddf033616f3270a9b794,false
Pt110,ethanol,beef_vdw,CH3CH2OH_Pt110,,false,ok,NSW=0 complex; converged relaxed references; matching composition,-0.59357284,/pscratch/sd/j/jcho5/VASP/dft_jobs/CH3CH2OH_Pt110/singlepoint/beef_vdw,0,/pscratch/sd/j/jcho5/VASP/completion_runs/matched_potential_slabs_20260915/slab/Pt110_b114012bf7/beef_vdw,/pscratch/sd/j/jcho5/VASP/vasp_mol/CH3CH2OH/beef_vdw,-197.11614998,-153.77236166,-42.75021548,500,500,converged,aad3d9af29dfc0c73568b041e53014c2ccda1f5e1988ddf033616f3270a9b794,true
Rh100,ethanol,pbe,CH3CH2OH_Rh100,,false,potential_mismatch,Complex and reference PAW potential identities differ or are missing; energy retained only as diagnostic,-0.69439908,/pscratch/sd/j/jcho5/VASP/dft_jobs/CH3CH2OH_Rh100/singlepoint/PBE,0,/pscratch/sd/j/jcho5/VASP/vasp_slab/Rh100/PBE,/pscratch/sd/j/jcho5/VASP/vasp_mol/CH3CH2OH/PBE,-289.84660156,-242.27634007,-46.87586241,1000,500,converged,c6a2e5b8623d3b90809b05df41bef8e50b5aacdbe6c1e341a4d523fac9e3d83a,false
Rh100,ethanol,pbe_d3,CH3CH2OH_Rh100,,false,potential_mismatch,Complex and reference PAW potential identities differ or are missing; energy retained only as diagnostic,-1.14090727,/pscratch/sd/j/jcho5/VASP/dft_jobs/CH3CH2OH_Rh100/singlepoint/PBE_D3,0,/pscratch/sd/j/jcho5/VASP/vasp_slab/Rh100/PBE_D3,/pscratch/sd/j/jcho5/VASP/vasp_mol/CH3CH2OH/PBE_D3,-304.13931214,-256.07544059,-46.92296428,1000,500,converged,c6a2e5b8623d3b90809b05df41bef8e50b5aacdbe6c1e341a4d523fac9e3d83a,false
Rh100,ethanol,r2scan,CH3CH2OH_Rh100,,false,ok,NSW=0 complex; converged relaxed references; matching composition,-0.57878006,/pscratch/sd/j/jcho5/VASP/dft_jobs/CH3CH2OH_Rh100/singlepoint/r2scan,0,/pscratch/sd/j/jcho5/VASP/completion_runs/matched_potential_slabs_20260915/slab/Rh100_84c2195556/r2scan,/pscratch/sd/j/jcho5/VASP/vasp_mol/CH3CH2OH/r2scan,-898.59603772,-848.37766508,-49.63959258,500,500,converged,c6a2e5b8623d3b90809b05df41bef8e50b5aacdbe6c1e341a4d523fac9e3d83a,true
Rh100,ethanol,beef_vdw,CH3CH2OH_Rh100,,false,ok,NSW=0 complex; converged relaxed references; matching composition,-0.57622546,/pscratch/sd/j/jcho5/VASP/dft_jobs/CH3CH2OH_Rh100/singlepoint/beef_vdw,0,/pscratch/sd/j/jcho5/VASP/completion_runs/matched_potential_slabs_20260915/slab/Rh100_b2891dc541/beef_vdw,/pscratch/sd/j/jcho5/VASP/vasp_mol/CH3CH2OH/beef_vdw,-173.81987724,-130.4934363,-42.75021548,500,500,converged,c6a2e5b8623d3b90809b05df41bef8e50b5aacdbe6c1e341a4d523fac9e3d83a,true
Rh110,ethanol,pbe,CH3CH2OH_Rh110,,false,potential_mismatch,Complex and reference PAW potential identities differ or are missing; energy retained only as diagnostic,-0.75826166,/pscratch/sd/j/jcho5/VASP/dft_jobs/CH3CH2OH_Rh110/singlepoint/PBE,0,/pscratch/sd/j/jcho5/VASP/vasp_slab/Rh110/PBE,/pscratch/sd/j/jcho5/VASP/vasp_mol/CH3CH2OH/PBE,-200.69208337,-153.0579593,-46.87586241,1000,500,converged,97768c184fdc91a733b2bfc2eccef70d1202f7f96267f7180a5bc00a87e4e36c,false
Rh110,ethanol,pbe_d3,CH3CH2OH_Rh110,,false,potential_mismatch,Complex and reference PAW potential identities differ or are missing; energy retained only as diagnostic,-1.22943985,/pscratch/sd/j/jcho5/VASP/dft_jobs/CH3CH2OH_Rh110/singlepoint/PBE_D3,0,/pscratch/sd/j/jcho5/VASP/vasp_slab/Rh110/PBE_D3,/pscratch/sd/j/jcho5/VASP/vasp_mol/CH3CH2OH/PBE_D3,-208.6406032,-160.48819907,-46.92296428,1000,500,converged,97768c184fdc91a733b2bfc2eccef70d1202f7f96267f7180a5bc00a87e4e36c,false
Rh110,ethanol,r2scan,CH3CH2OH_Rh110,,false,ok,NSW=0 complex; converged relaxed references; matching composition,-0.55012771,/pscratch/sd/j/jcho5/VASP/dft_jobs/CH3CH2OH_Rh110/singlepoint/r2scan,0,/pscratch/sd/j/jcho5/VASP/completion_runs/matched_potential_slabs_20260915/slab/Rh110_43367cbc6c/r2scan,/pscratch/sd/j/jcho5/VASP/vasp_mol/CH3CH2OH/r2scan,-608.51871085,-558.32899056,-49.63959258,500,500,converged,97768c184fdc91a733b2bfc2eccef70d1202f7f96267f7180a5bc00a87e4e36c,true
Rh110,ethanol,beef_vdw,CH3CH2OH_Rh110,,false,ok,NSW=0 complex; converged relaxed references; matching composition,-0.7676475,/pscratch/sd/j/jcho5/VASP/dft_jobs/CH3CH2OH_Rh110/singlepoint/beef_vdw,0,/pscratch/sd/j/jcho5/VASP/completion_runs/matched_potential_slabs_20260915/slab/Rh110_a6be9fa2b9/beef_vdw,/pscratch/sd/j/jcho5/VASP/vasp_mol/CH3CH2OH/beef_vdw,-122.21035174,-78.69248876,-42.75021548,500,500,converged,97768c184fdc91a733b2bfc2eccef70d1202f7f96267f7180a5bc00a87e4e36c,true
Rh111,ethanol,pbe,CH3CH2OH_Rh111,,false,potential_mismatch,Complex and reference PAW potential identities differ or are missing; energy retained only as diagnostic,-0.92910652,/pscratch/sd/j/jcho5/VASP/dft_jobs/CH3CH2OH_Rh111/singlepoint/PBE,0,/pscratch/sd/j/jcho5/VASP/vasp_slab/Rh111/PBE,/pscratch/sd/j/jcho5/VASP/vasp_mol/CH3CH2OH/PBE,-486.95491182,-439.14994289,-46.87586241,1000,500,converged,9625c7073d5c84d3d000dc5c8590ec05180d491a538a74a9138467cab6c1d399,false
Rh111,ethanol,pbe_d3,CH3CH2OH_Rh111,,false,potential_mismatch,Complex and reference PAW potential identities differ or are missing; energy retained only as diagnostic,-1.20490846,/pscratch/sd/j/jcho5/VASP/dft_jobs/CH3CH2OH_Rh111/singlepoint/PBE_D3,0,/pscratch/sd/j/jcho5/VASP/vasp_slab/Rh111/PBE_D3,/pscratch/sd/j/jcho5/VASP/vasp_mol/CH3CH2OH/PBE_D3,-513.38929327,-465.26142053,-46.92296428,1000,500,converged,9625c7073d5c84d3d000dc5c8590ec05180d491a538a74a9138467cab6c1d399,false
Rh111,ethanol,r2scan,CH3CH2OH_Rh111,,false,potential_mismatch,Complex and reference PAW potential identities differ or are missing; energy retained only as diagnostic,-1.17218825,/pscratch/sd/j/jcho5/VASP/dft_jobs/CH3CH2OH_Rh111/singlepoint/r2scan,0,/pscratch/sd/j/jcho5/VASP/vasp_slab/Rh111/r2scan,/pscratch/sd/j/jcho5/VASP/vasp_mol/CH3CH2OH/r2scan,-1567.70169398,-1516.88991315,-49.63959258,1000,500,converged,9625c7073d5c84d3d000dc5c8590ec05180d491a538a74a9138467cab6c1d399,false
Rh111,ethanol,beef_vdw,CH3CH2OH_Rh111,,false,ok,NSW=0 complex; converged relaxed references; matching composition,-0.61312365,/pscratch/sd/j/jcho5/VASP/dft_jobs/CH3CH2OH_Rh111/singlepoint/beef_vdw,0,/pscratch/sd/j/jcho5/VASP/completion_runs/matched_potential_slabs_20260915/slab/Rh111_f89b45c425/beef_vdw,/pscratch/sd/j/jcho5/VASP/vasp_mol/CH3CH2OH/beef_vdw,-283.04813963,-239.6848005,-42.75021548,500,500,converged,9625c7073d5c84d3d000dc5c8590ec05180d491a538a74a9138467cab6c1d399,true
Ag100,acetaldehyde,pbe,CH3CHO_Ag100,,false,potential_mismatch,Complex and reference PAW potential identities differ or are missing; energy retained only as diagnostic,-0.69810589,/pscratch/sd/j/jcho5/VASP/dft_jobs/CH3CHO_Ag100/singlepoint/PBE,0,/pscratch/sd/j/jcho5/VASP/vasp_slab/Ag100/PBE,/pscratch/sd/j/jcho5/VASP/vasp_mol/CH3CHO/PBE,-129.9315936,-90.12407184,-39.10941587,1000,500,converged,f9e12106f9b70d47a5d5bbce48a540663b67189957cb59d525d90218c79fcaed,false
Ag100,acetaldehyde,pbe_d3,CH3CHO_Ag100,,false,potential_mismatch,Complex and reference PAW potential identities differ or are missing; energy retained only as diagnostic,-0.89424095,/pscratch/sd/j/jcho5/VASP/dft_jobs/CH3CHO_Ag100/singlepoint/PBE_D3,0,/pscratch/sd/j/jcho5/VASP/vasp_slab/Ag100/PBE_D3,/pscratch/sd/j/jcho5/VASP/vasp_mol/CH3CHO/PBE_D3,-142.43286645,-102.4003605,-39.138265,1000,500,converged,f9e12106f9b70d47a5d5bbce48a540663b67189957cb59d525d90218c79fcaed,false
Ag100,acetaldehyde,r2scan,CH3CHO_Ag100,,false,potential_mismatch,Complex and reference PAW potential identities differ or are missing; energy retained only as diagnostic,-1.20373753,/pscratch/sd/j/jcho5/VASP/dft_jobs/CH3CHO_Ag100/singlepoint/r2scan,0,/pscratch/sd/j/jcho5/VASP/vasp_slab/Ag100/r2scan,/pscratch/sd/j/jcho5/VASP/vasp_mol/CH3CHO/r2scan,-801.94254871,-759.06403021,-41.67478097,1000,500,converged,f9e12106f9b70d47a5d5bbce48a540663b67189957cb59d525d90218c79fcaed,false
Ag100,acetaldehyde,beef_vdw,CH3CHO_Ag100,,false,potential_mismatch,Complex and reference PAW potential identities differ or are missing; energy retained only as diagnostic,-25.09321585,/pscratch/sd/j/jcho5/VASP/dft_jobs/CH3CHO_Ag100/singlepoint/beef_vdw,0,/pscratch/sd/j/jcho5/VASP/vasp_slab/Ag100/beef_vdw,/pscratch/sd/j/jcho5/VASP/vasp_mol/CH3CHO/beef_vdw,-1.92505767,58.04168493,-34.87352675,1000,500,converged,f9e12106f9b70d47a5d5bbce48a540663b67189957cb59d525d90218c79fcaed,false
Ag110,acetaldehyde,pbe,CH3CHO_Ag110,,false,potential_mismatch,Complex and reference PAW potential identities differ or are missing; energy retained only as diagnostic,-0.47578253,/pscratch/sd/j/jcho5/VASP/dft_jobs/CH3CHO_Ag110/singlepoint/PBE,0,/pscratch/sd/j/jcho5/VASP/vasp_slab/Ag110/PBE,/pscratch/sd/j/jcho5/VASP/vasp_mol/CH3CHO/PBE,-96.93050274,-57.34530434,-39.10941587,1000,500,converged,0b7aaf38f0ed3efe64f4581eb8abda3a10948f72c914393bc375bae745fe5083,false
Ag110,acetaldehyde,pbe_d3,CH3CHO_Ag110,,false,potential_mismatch,Complex and reference PAW potential identities differ or are missing; energy retained only as diagnostic,-0.74148058,/pscratch/sd/j/jcho5/VASP/dft_jobs/CH3CHO_Ag110/singlepoint/PBE_D3,0,/pscratch/sd/j/jcho5/VASP/vasp_slab/Ag110/PBE_D3,/pscratch/sd/j/jcho5/VASP/vasp_mol/CH3CHO/PBE_D3,-103.96386628,-64.0841207,-39.138265,1000,500,converged,0b7aaf38f0ed3efe64f4581eb8abda3a10948f72c914393bc375bae745fe5083,false
Ag110,acetaldehyde,r2scan,CH3CHO_Ag110,,false,potential_mismatch,Complex and reference PAW potential identities differ or are missing; energy retained only as diagnostic,-0.89967608,/pscratch/sd/j/jcho5/VASP/dft_jobs/CH3CHO_Ag110/singlepoint/r2scan,0,/pscratch/sd/j/jcho5/VASP/vasp_slab/Ag110/r2scan,/pscratch/sd/j/jcho5/VASP/vasp_mol/CH3CHO/r2scan,-545.25469509,-502.68023804,-41.67478097,1000,500,converged,0b7aaf38f0ed3efe64f4581eb8abda3a10948f72c914393bc375bae745fe5083,false
Ag110,acetaldehyde,beef_vdw,CH3CHO_Ag110,,false,potential_mismatch,Complex and reference PAW potential identities differ or are missing; energy retained only as diagnostic,-16.75531282,/pscratch/sd/j/jcho5/VASP/dft_jobs/CH3CHO_Ag110/singlepoint/beef_vdw,0,/pscratch/sd/j/jcho5/VASP/vasp_slab/Ag110/beef_vdw,/pscratch/sd/j/jcho5/VASP/vasp_mol/CH3CHO/beef_vdw,-10.01743588,41.61140369,-34.87352675,1000,500,converged,0b7aaf38f0ed3efe64f4581eb8abda3a10948f72c914393bc375bae745fe5083,false
Ag111,acetaldehyde,pbe,CH3CHO_Ag111,,false,ok,NSW=0 complex; converged relaxed references; matching composition,0.01554086,/pscratch/sd/j/jcho5/VASP/dft_jobs/CH3CHO_Ag111/singlepoint/PBE,0,/pscratch/sd/j/jcho5/VASP/completion_runs/matched_potential_slabs_20260915/slab/Ag111_61964c781c/pbe,/pscratch/sd/j/jcho5/VASP/vasp_mol/CH3CHO/PBE,-131.3451227,-92.25124769,-39.10941587,500,500,converged,a38eb7cc898edcecbb8995ce0bea93783cdadd0ae09baec6ef893866dd38a502,true
Ag111,acetaldehyde,pbe_d3,CH3CHO_Ag111,,false,ok,NSW=0 complex; converged relaxed references; matching composition,-0.07227384,/pscratch/sd/j/jcho5/VASP/dft_jobs/CH3CHO_Ag111/singlepoint/PBE_D3,0,/pscratch/sd/j/jcho5/VASP/completion_runs/matched_potential_slabs_20260915/slab/Ag111_71d4cd48c4/pbe_d3,/pscratch/sd/j/jcho5/VASP/vasp_mol/CH3CHO/PBE_D3,-144.43745718,-105.22691834,-39.138265,500,500,converged,a38eb7cc898edcecbb8995ce0bea93783cdadd0ae09baec6ef893866dd38a502,true
Ag111,acetaldehyde,r2scan,CH3CHO_Ag111,,false,ok,NSW=0 complex; converged relaxed references; matching composition,0.04165413,/pscratch/sd/j/jcho5/VASP/dft_jobs/CH3CHO_Ag111/singlepoint/r2scan,0,/pscratch/sd/j/jcho5/VASP/completion_runs/matched_potential_slabs_20260915/slab/Ag111_f9365ca685/r2scan,/pscratch/sd/j/jcho5/VASP/vasp_mol/CH3CHO/r2scan,-803.68017845,-762.04705161,-41.67478097,500,500,converged,a38eb7cc898edcecbb8995ce0bea93783cdadd0ae09baec6ef893866dd38a502,true
Ag111,acetaldehyde,beef_vdw,CH3CHO_Ag111,,false,ok,NSW=0 complex; converged relaxed references; matching composition,-0.28075407,/pscratch/sd/j/jcho5/VASP/dft_jobs/CH3CHO_Ag111/singlepoint/beef_vdw,0,/pscratch/sd/j/jcho5/VASP/completion_runs/matched_potential_slabs_20260915/slab/Ag111_35207ad13f/beef_vdw,/pscratch/sd/j/jcho5/VASP/vasp_mol/CH3CHO/beef_vdw,-3.16054398,31.99373684,-34.87352675,500,500,converged,a38eb7cc898edcecbb8995ce0bea93783cdadd0ae09baec6ef893866dd38a502,true
Au100,acetaldehyde,pbe,CH3CHO_Au100,,false,reference_unavailable,No converged relaxed references with matching functional/composition,,/pscratch/sd/j/jcho5/VASP/dft_jobs/CH3CHO_Au100/singlepoint/PBE,0,,/pscratch/sd/j/jcho5/VASP/vasp_mol/CH3CHO/PBE,-231.00997996,,-39.10941587,,500,converged,9acce321bd51c40d962a7c2f75b659188bd024528119883038cb5c84fb71a9d7,false
Au100,acetaldehyde,pbe_d3,CH3CHO_Au100,,false,reference_unavailable,No converged relaxed references with matching functional/composition,,/pscratch/sd/j/jcho5/VASP/dft_jobs/CH3CHO_Au100/singlepoint/PBE_D3,0,,/pscratch/sd/j/jcho5/VASP/vasp_mol/CH3CHO/PBE_D3,-261.3838356,,-39.138265,,500,converged,9acce321bd51c40d962a7c2f75b659188bd024528119883038cb5c84fb71a9d7,false
Au100,acetaldehyde,r2scan,CH3CHO_Au100,,false,reference_unavailable,No converged relaxed references with matching functional/composition,,/pscratch/sd/j/jcho5/VASP/dft_jobs/CH3CHO_Au100/singlepoint/r2scan,0,,/pscratch/sd/j/jcho5/VASP/vasp_mol/CH3CHO/r2scan,-3262.65908482,,-41.67478097,,500,converged,9acce321bd51c40d962a7c2f75b659188bd024528119883038cb5c84fb71a9d7,false
Au100,acetaldehyde,beef_vdw,CH3CHO_Au100,,false,reference_unavailable,No converged relaxed references with matching functional/composition,,/pscratch/sd/j/jcho5/VASP/dft_jobs/CH3CHO_Au100/singlepoint/beef_vdw,0,,/pscratch/sd/j/jcho5/VASP/vasp_mol/CH3CHO/beef_vdw,-30.01783692,,-34.87352675,,500,converged,9acce321bd51c40d962a7c2f75b659188bd024528119883038cb5c84fb71a9d7,false
Au110,acetaldehyde,pbe,CH3CHO_Au110,,false,reference_unavailable,No converged relaxed references with matching functional/composition,,/pscratch/sd/j/jcho5/VASP/dft_jobs/CH3CHO_Au110/singlepoint/PBE,0,,/pscratch/sd/j/jcho5/VASP/vasp_mol/CH3CHO/PBE,-223.51637406,,-39.10941587,,500,converged,cf1cef093e635a8a5f615c6a969fd6bfaaaf947a789ebc6abace4079df5c590e,false
Au110,acetaldehyde,pbe_d3,CH3CHO_Au110,,false,reference_unavailable,No converged relaxed references with matching functional/composition,,/pscratch/sd/j/jcho5/VASP/dft_jobs/CH3CHO_Au110/singlepoint/PBE_D3,0,,/pscratch/sd/j/jcho5/VASP/vasp_mol/CH3CHO/PBE_D3,-248.85686182,,-39.138265,,500,converged,cf1cef093e635a8a5f615c6a969fd6bfaaaf947a789ebc6abace4079df5c590e,false
Au110,acetaldehyde,r2scan,CH3CHO_Au110,,false,reference_unavailable,No converged relaxed references with matching functional/composition,,/pscratch/sd/j/jcho5/VASP/dft_jobs/CH3CHO_Au110/singlepoint/r2scan,0,,/pscratch/sd/j/jcho5/VASP/vasp_mol/CH3CHO/r2scan,-3253.63856031,,-41.67478097,,500,converged,cf1cef093e635a8a5f615c6a969fd6bfaaaf947a789ebc6abace4079df5c590e,false
Au110,acetaldehyde,beef_vdw,CH3CHO_Au110,,false,reference_unavailable,No converged relaxed references with matching functional/composition,,/pscratch/sd/j/jcho5/VASP/dft_jobs/CH3CHO_Au110/singlepoint/beef_vdw,0,,/pscratch/sd/j/jcho5/VASP/vasp_mol/CH3CHO/beef_vdw,-21.97011966,,-34.87352675,,500,converged,cf1cef093e635a8a5f615c6a969fd6bfaaaf947a789ebc6abace4079df5c590e,false
Au111,acetaldehyde,pbe,CH3CHO_Au111,,false,reference_unavailable,No converged relaxed references with matching functional/composition,,/pscratch/sd/j/jcho5/VASP/dft_jobs/CH3CHO_Au111/singlepoint/PBE,0,,/pscratch/sd/j/jcho5/VASP/vasp_mol/CH3CHO/PBE,-149.31667049,,-39.10941587,,500,converged,c2dc73002834bfda864f984b8800908b05a2fc5701957c036951ae09d2b83bb2,false
Au111,acetaldehyde,pbe_d3,CH3CHO_Au111,,false,reference_unavailable,No converged relaxed references with matching functional/composition,,/pscratch/sd/j/jcho5/VASP/dft_jobs/CH3CHO_Au111/singlepoint/PBE_D3,0,,/pscratch/sd/j/jcho5/VASP/vasp_mol/CH3CHO/PBE_D3,-167.22976629,,-39.138265,,500,converged,c2dc73002834bfda864f984b8800908b05a2fc5701957c036951ae09d2b83bb2,false
Au111,acetaldehyde,r2scan,CH3CHO_Au111,,false,reference_unavailable,No converged relaxed references with matching functional/composition,,/pscratch/sd/j/jcho5/VASP/dft_jobs/CH3CHO_Au111/singlepoint/r2scan,0,,/pscratch/sd/j/jcho5/VASP/vasp_mol/CH3CHO/r2scan,-1856.16153742,,-41.67478097,,500,converged,c2dc73002834bfda864f984b8800908b05a2fc5701957c036951ae09d2b83bb2,false
Au111,acetaldehyde,beef_vdw,CH3CHO_Au111,,false,reference_unavailable,No converged relaxed references with matching functional/composition,,/pscratch/sd/j/jcho5/VASP/dft_jobs/CH3CHO_Au111/singlepoint/beef_vdw,0,,/pscratch/sd/j/jcho5/VASP/vasp_mol/CH3CHO/beef_vdw,-34.31109509,,-34.87352675,,500,converged,c2dc73002834bfda864f984b8800908b05a2fc5701957c036951ae09d2b83bb2,false
Cu100,acetaldehyde,pbe,CH3CHO_Cu100,,false,ok,NSW=0 complex; converged relaxed references; matching composition,-0.1730497,/pscratch/sd/j/jcho5/VASP/dft_jobs/CH3CHO_Cu100/singlepoint/PBE,0,/pscratch/sd/j/jcho5/VASP/vasp_slab/Cu100/PBE,/pscratch/sd/j/jcho5/VASP/vasp_mol/CH3CHO/PBE,-259.04928721,-219.76682164,-39.10941587,1000,500,converged,b8edea705a775a9de122010dcb9cca8553fcad83276bf9158d73bf19bb38dd9b,true
Cu100,acetaldehyde,pbe_d3,CH3CHO_Cu100,,false,ok,NSW=0 complex; converged relaxed references; matching composition,-0.4006521,/pscratch/sd/j/jcho5/VASP/dft_jobs/CH3CHO_Cu100/singlepoint/PBE_D3,0,/pscratch/sd/j/jcho5/VASP/vasp_slab/Cu100/PBE_D3,/pscratch/sd/j/jcho5/VASP/vasp_mol/CH3CHO/PBE_D3,-280.37944963,-240.84053253,-39.138265,1000,500,converged,b8edea705a775a9de122010dcb9cca8553fcad83276bf9158d73bf19bb38dd9b,true
Cu100,acetaldehyde,r2scan,CH3CHO_Cu100,,false,ok,NSW=0 complex; converged relaxed references; matching composition,-0.15375918,/pscratch/sd/j/jcho5/VASP/dft_jobs/CH3CHO_Cu100/singlepoint/r2scan,0,/pscratch/sd/j/jcho5/VASP/vasp_slab/Cu100/r2scan,/pscratch/sd/j/jcho5/VASP/vasp_mol/CH3CHO/r2scan,-712.14503416,-670.31649401,-41.67478097,1000,500,converged,b8edea705a775a9de122010dcb9cca8553fcad83276bf9158d73bf19bb38dd9b,true
Cu100,acetaldehyde,beef_vdw,CH3CHO_Cu100,,false,complex_unconverged,electronic_unconverged,,/pscratch/sd/j/jcho5/VASP/dft_jobs/CH3CHO_Cu100/singlepoint/beef_vdw,0,/pscratch/sd/j/jcho5/VASP/completion_runs/site_gapfill_20260914/slab/C2H4_Cu100/beef_vdw,/pscratch/sd/j/jcho5/VASP/vasp_mol/CH3CHO/beef_vdw,-45.69930015,-10.5763226,-34.87352675,1000,500,electronic_unconverged,b8edea705a775a9de122010dcb9cca8553fcad83276bf9158d73bf19bb38dd9b,false
Cu110,acetaldehyde,pbe,CH3CHO_Cu110,,false,potential_mismatch,Complex and reference PAW potential identities differ or are missing; energy retained only as diagnostic,0.26466406,/pscratch/sd/j/jcho5/VASP/dft_jobs/CH3CHO_Cu110/singlepoint/PBE,0,/pscratch/sd/j/jcho5/VASP/vasp_slab/Cu110/PBE,/pscratch/sd/j/jcho5/VASP/vasp_mol/CH3CHO/PBE,-118.59478519,-79.75003338,-39.10941587,1000,500,converged,c86feb40ef2ec01fc4cc833bb91eca334492f436b4608dfd15c5fa8d597dea23,false
Cu110,acetaldehyde,pbe_d3,CH3CHO_Cu110,,false,potential_mismatch,Complex and reference PAW potential identities differ or are missing; energy retained only as diagnostic,-0.05545846,/pscratch/sd/j/jcho5/VASP/dft_jobs/CH3CHO_Cu110/singlepoint/PBE_D3,0,/pscratch/sd/j/jcho5/VASP/vasp_slab/Cu110/PBE_D3,/pscratch/sd/j/jcho5/VASP/vasp_mol/CH3CHO/PBE_D3,-125.2786959,-86.08497244,-39.138265,1000,500,converged,c86feb40ef2ec01fc4cc833bb91eca334492f436b4608dfd15c5fa8d597dea23,false
Cu110,acetaldehyde,r2scan,CH3CHO_Cu110,,false,potential_mismatch,Complex and reference PAW potential identities differ or are missing; energy retained only as diagnostic,0.06652161,/pscratch/sd/j/jcho5/VASP/dft_jobs/CH3CHO_Cu110/singlepoint/r2scan,0,/pscratch/sd/j/jcho5/VASP/vasp_slab/Cu110/r2scan,/pscratch/sd/j/jcho5/VASP/vasp_mol/CH3CHO/r2scan,-289.64075496,-248.0324956,-41.67478097,1000,500,converged,c86feb40ef2ec01fc4cc833bb91eca334492f436b4608dfd15c5fa8d597dea23,false
Cu110,acetaldehyde,beef_vdw,CH3CHO_Cu110,,false,potential_mismatch,Complex and reference PAW potential identities differ or are missing; energy retained only as diagnostic,-31.10097592,/pscratch/sd/j/jcho5/VASP/dft_jobs/CH3CHO_Cu110/singlepoint/beef_vdw,0,/pscratch/sd/j/jcho5/VASP/vasp_slab/Cu110/beef_vdw,/pscratch/sd/j/jcho5/VASP/vasp_mol/CH3CHO/beef_vdw,-35.98931194,29.98519073,-34.87352675,1000,500,converged,c86feb40ef2ec01fc4cc833bb91eca334492f436b4608dfd15c5fa8d597dea23,false
Cu111,acetaldehyde,pbe,CH3CHO_Cu111,,false,ok,NSW=0 complex; converged relaxed references; matching composition,-0.14417606,/pscratch/sd/j/jcho5/VASP/dft_jobs/CH3CHO_Cu111/singlepoint/PBE,0,/pscratch/sd/j/jcho5/VASP/completion_runs/matched_potential_slabs_20260915/slab/Cu111_28f90def6e/pbe,/pscratch/sd/j/jcho5/VASP/vasp_mol/CH3CHO/PBE,-263.33644506,-224.08285313,-39.10941587,500,500,converged,863ac5924850a83f68cffcecefed7b2bb335e6d5192d85a63a46636b3e5afe8d,true
Cu111,acetaldehyde,pbe_d3,CH3CHO_Cu111,,false,ok,NSW=0 complex; converged relaxed references; matching composition,-0.34757773,/pscratch/sd/j/jcho5/VASP/dft_jobs/CH3CHO_Cu111/singlepoint/PBE_D3,0,/pscratch/sd/j/jcho5/VASP/completion_runs/matched_potential_slabs_20260915/slab/Cu111_6058af94f0/pbe_d3,/pscratch/sd/j/jcho5/VASP/vasp_mol/CH3CHO/PBE_D3,-286.05536556,-246.56952283,-39.138265,500,500,converged,863ac5924850a83f68cffcecefed7b2bb335e6d5192d85a63a46636b3e5afe8d,true
Cu111,acetaldehyde,r2scan,CH3CHO_Cu111,,false,ok,NSW=0 complex; converged relaxed references; matching composition,-0.12291397,/pscratch/sd/j/jcho5/VASP/dft_jobs/CH3CHO_Cu111/singlepoint/r2scan,0,/pscratch/sd/j/jcho5/VASP/completion_runs/matched_potential_slabs_20260915/slab/Cu111_96724abedd/r2scan,/pscratch/sd/j/jcho5/VASP/vasp_mol/CH3CHO/r2scan,-717.22791212,-675.43021718,-41.67478097,500,500,converged,863ac5924850a83f68cffcecefed7b2bb335e6d5192d85a63a46636b3e5afe8d,true
Cu111,acetaldehyde,beef_vdw,CH3CHO_Cu111,,false,ok,NSW=0 complex; converged relaxed references; matching composition,-0.3115723,/pscratch/sd/j/jcho5/VASP/dft_jobs/CH3CHO_Cu111/singlepoint/beef_vdw,0,/pscratch/sd/j/jcho5/VASP/completion_runs/matched_potential_slabs_20260915/slab/Cu111_11f50e50d8/beef_vdw,/pscratch/sd/j/jcho5/VASP/vasp_mol/CH3CHO/beef_vdw,-49.7850422,-14.59994315,-34.87352675,500,500,converged,863ac5924850a83f68cffcecefed7b2bb335e6d5192d85a63a46636b3e5afe8d,true
Ir100,acetaldehyde,pbe,CH3CHO_Ir100,,false,ok,NSW=0 complex; converged relaxed references; matching composition,-0.51450519,/pscratch/sd/j/jcho5/VASP/dft_jobs/CH3CHO_Ir100/singlepoint/PBE,0,/pscratch/sd/j/jcho5/VASP/vasp_slab/Ir100/PBE,/pscratch/sd/j/jcho5/VASP/vasp_mol/CH3CHO/PBE,-334.0249352,-294.40101414,-39.10941587,1000,500,converged,6ed4b8d9b4dfbedfc57c757600e14210a216bcb7d88110853acd66d84ad13f82,true
Ir100,acetaldehyde,pbe_d3,CH3CHO_Ir100,,false,ok,NSW=0 complex; converged relaxed references; matching composition,-0.86488452,/pscratch/sd/j/jcho5/VASP/dft_jobs/CH3CHO_Ir100/singlepoint/PBE_D3,0,/pscratch/sd/j/jcho5/VASP/vasp_slab/Ir100/PBE_D3,/pscratch/sd/j/jcho5/VASP/vasp_mol/CH3CHO/PBE_D3,-351.6055993,-311.60244978,-39.138265,1000,500,converged,6ed4b8d9b4dfbedfc57c757600e14210a216bcb7d88110853acd66d84ad13f82,true
Ir100,acetaldehyde,r2scan,CH3CHO_Ir100,,false,ok,NSW=0 complex; converged relaxed references; matching composition,-0.74853942,/pscratch/sd/j/jcho5/VASP/dft_jobs/CH3CHO_Ir100/singlepoint/r2scan,0,/pscratch/sd/j/jcho5/VASP/completion_runs/site_gapfill_20260914/slab/C2H4_Ir100/r2scan,/pscratch/sd/j/jcho5/VASP/vasp_mol/CH3CHO/r2scan,-1901.08880514,-1858.66548475,-41.67478097,1000,500,converged,6ed4b8d9b4dfbedfc57c757600e14210a216bcb7d88110853acd66d84ad13f82,true
Ir100,acetaldehyde,beef_vdw,CH3CHO_Ir100,,false,ok,NSW=0 complex; converged relaxed references; matching composition,-0.64106409,/pscratch/sd/j/jcho5/VASP/dft_jobs/CH3CHO_Ir100/singlepoint/beef_vdw,0,/pscratch/sd/j/jcho5/VASP/vasp_slab/Ir100/beef_vdw,/pscratch/sd/j/jcho5/VASP/vasp_mol/CH3CHO/beef_vdw,-218.53215743,-183.01756659,-34.87352675,1000,500,converged,6ed4b8d9b4dfbedfc57c757600e14210a216bcb7d88110853acd66d84ad13f82,true
Ir110,acetaldehyde,pbe,CH3CHO_Ir110,,false,ok,NSW=0 complex; converged relaxed references; matching composition,-0.7045846,/pscratch/sd/j/jcho5/VASP/dft_jobs/CH3CHO_Ir110/singlepoint/PBE,0,/pscratch/sd/j/jcho5/VASP/vasp_slab/Ir110/PBE,/pscratch/sd/j/jcho5/VASP/vasp_mol/CH3CHO/PBE,-225.60678618,-185.79278571,-39.10941587,1000,500,converged,f01f065a0a0f592721fe18b30b4bd056c6e053a002d320068331acd725bf687d,true
Ir110,acetaldehyde,pbe_d3,CH3CHO_Ir110,,false,ok,NSW=0 complex; converged relaxed references; matching composition,-0.98990775,/pscratch/sd/j/jcho5/VASP/dft_jobs/CH3CHO_Ir110/singlepoint/PBE_D3,0,/pscratch/sd/j/jcho5/VASP/vasp_slab/Ir110/PBE_D3,/pscratch/sd/j/jcho5/VASP/vasp_mol/CH3CHO/PBE_D3,-235.26639425,-195.1382215,-39.138265,1000,500,converged,f01f065a0a0f592721fe18b30b4bd056c6e053a002d320068331acd725bf687d,true
Ir110,acetaldehyde,r2scan,CH3CHO_Ir110,,false,ok,NSW=0 complex; converged relaxed references; matching composition,-0.76953598,/pscratch/sd/j/jcho5/VASP/dft_jobs/CH3CHO_Ir110/singlepoint/r2scan,0,/pscratch/sd/j/jcho5/VASP/vasp_slab/Ir110/r2scan,/pscratch/sd/j/jcho5/VASP/vasp_mol/CH3CHO/r2scan,-1271.12106862,-1228.67675167,-41.67478097,1000,500,converged,f01f065a0a0f592721fe18b30b4bd056c6e053a002d320068331acd725bf687d,true
Ir110,acetaldehyde,beef_vdw,CH3CHO_Ir110,,false,ok,NSW=0 complex; converged relaxed references; matching composition,-0.90172076,/pscratch/sd/j/jcho5/VASP/dft_jobs/CH3CHO_Ir110/singlepoint/beef_vdw,0,/pscratch/sd/j/jcho5/VASP/vasp_slab/Ir110/beef_vdw,/pscratch/sd/j/jcho5/VASP/vasp_mol/CH3CHO/beef_vdw,-147.02774505,-111.25249754,-34.87352675,1000,500,converged,f01f065a0a0f592721fe18b30b4bd056c6e053a002d320068331acd725bf687d,true
Ir111,acetaldehyde,pbe,CH3CHO_Ir111,,false,ok,NSW=0 complex; converged relaxed references; matching composition,-0.30770385,/pscratch/sd/j/jcho5/VASP/dft_jobs/CH3CHO_Ir111/singlepoint/PBE,0,/pscratch/sd/j/jcho5/VASP/vasp_slab/Ir111/PBE,/pscratch/sd/j/jcho5/VASP/vasp_mol/CH3CHO/PBE,-577.72906262,-538.3119429,-39.10941587,1000,500,converged,933e3e966820efafe7d572577536927bb5d2bc74835cbd09674682d6f14d9ec0,true
Ir111,acetaldehyde,pbe_d3,CH3CHO_Ir111,,false,ok,NSW=0 complex; converged relaxed references; matching composition,-0.47766926,/pscratch/sd/j/jcho5/VASP/dft_jobs/CH3CHO_Ir111/singlepoint/PBE_D3,0,/pscratch/sd/j/jcho5/VASP/vasp_slab/Ir111/PBE_D3,/pscratch/sd/j/jcho5/VASP/vasp_mol/CH3CHO/PBE_D3,-610.39897821,-570.78304395,-39.138265,1000,500,converged,933e3e966820efafe7d572577536927bb5d2bc74835cbd09674682d6f14d9ec0,true
Ir111,acetaldehyde,r2scan,CH3CHO_Ir111,,false,ok,NSW=0 complex; converged relaxed references; matching composition,-0.35561052,/pscratch/sd/j/jcho5/VASP/dft_jobs/CH3CHO_Ir111/singlepoint/r2scan,0,/pscratch/sd/j/jcho5/VASP/vasp_slab/Ir111/r2scan,/pscratch/sd/j/jcho5/VASP/vasp_mol/CH3CHO/r2scan,-3362.71353358,-3320.68314209,-41.67478097,1000,500,converged,933e3e966820efafe7d572577536927bb5d2bc74835cbd09674682d6f14d9ec0,true
Ir111,acetaldehyde,beef_vdw,CH3CHO_Ir111,,false,ok,NSW=0 complex; converged relaxed references; matching composition,-0.55673326,/pscratch/sd/j/jcho5/VASP/dft_jobs/CH3CHO_Ir111/singlepoint/beef_vdw,0,/pscratch/sd/j/jcho5/VASP/vasp_slab/Ir111/beef_vdw,/pscratch/sd/j/jcho5/VASP/vasp_mol/CH3CHO/beef_vdw,-374.91722993,-339.48696992,-34.87352675,1000,500,converged,933e3e966820efafe7d572577536927bb5d2bc74835cbd09674682d6f14d9ec0,true
Pd100,acetaldehyde,pbe,CH3CHO_Pd100,,false,potential_mismatch,Complex and reference PAW potential identities differ or are missing; energy retained only as diagnostic,-0.37955382,/pscratch/sd/j/jcho5/VASP/dft_jobs/CH3CHO_Pd100/singlepoint/PBE,0,/pscratch/sd/j/jcho5/VASP/vasp_slab/Pd100/PBE,/pscratch/sd/j/jcho5/VASP/vasp_mol/CH3CHO/PBE,-214.79076221,-175.30179252,-39.10941587,1000,500,converged,c425a08cb2ab1ab3ff6a464ef474d823e8773eadec99a89d71a8c0c9cf9abefa,false
Pd100,acetaldehyde,pbe_d3,CH3CHO_Pd100,,false,potential_mismatch,Complex and reference PAW potential identities differ or are missing; energy retained only as diagnostic,-0.74263649,/pscratch/sd/j/jcho5/VASP/dft_jobs/CH3CHO_Pd100/singlepoint/PBE_D3,0,/pscratch/sd/j/jcho5/VASP/vasp_slab/Pd100/PBE_D3,/pscratch/sd/j/jcho5/VASP/vasp_mol/CH3CHO/PBE_D3,-229.3413083,-189.46040681,-39.138265,1000,500,converged,c425a08cb2ab1ab3ff6a464ef474d823e8773eadec99a89d71a8c0c9cf9abefa,false
Pd100,acetaldehyde,r2scan,CH3CHO_Pd100,,false,ok,NSW=0 complex; converged relaxed references; matching composition,-0.38059053,/pscratch/sd/j/jcho5/VASP/dft_jobs/CH3CHO_Pd100/singlepoint/r2scan,0,/pscratch/sd/j/jcho5/VASP/completion_runs/matched_potential_slabs_20260915/slab/Pd100_25986b23a9/r2scan,/pscratch/sd/j/jcho5/VASP/vasp_mol/CH3CHO/r2scan,-854.52450473,-812.46913323,-41.67478097,500,500,converged,c425a08cb2ab1ab3ff6a464ef474d823e8773eadec99a89d71a8c0c9cf9abefa,true
Pd100,acetaldehyde,beef_vdw,CH3CHO_Pd100,,false,ok,NSW=0 complex; converged relaxed references; matching composition,-0.38083534,/pscratch/sd/j/jcho5/VASP/dft_jobs/CH3CHO_Pd100/singlepoint/beef_vdw,0,/pscratch/sd/j/jcho5/VASP/completion_runs/matched_potential_slabs_20260915/slab/Pd100_b7d9b89afa/beef_vdw,/pscratch/sd/j/jcho5/VASP/vasp_mol/CH3CHO/beef_vdw,-88.42391216,-53.16955007,-34.87352675,500,500,converged,c425a08cb2ab1ab3ff6a464ef474d823e8773eadec99a89d71a8c0c9cf9abefa,true
Pd110,acetaldehyde,pbe,CH3CHO_Pd110,,false,potential_mismatch,Complex and reference PAW potential identities differ or are missing; energy retained only as diagnostic,-0.36716606,/pscratch/sd/j/jcho5/VASP/dft_jobs/CH3CHO_Pd110/singlepoint/PBE,0,/pscratch/sd/j/jcho5/VASP/vasp_slab/Pd110/PBE,/pscratch/sd/j/jcho5/VASP/vasp_mol/CH3CHO/PBE,-150.31076138,-110.83417945,-39.10941587,1000,500,converged,e236041f1717816d84560bac7761c97c01cc233105e416ec8634f655dc03b246,false
Pd110,acetaldehyde,pbe_d3,CH3CHO_Pd110,,false,potential_mismatch,Complex and reference PAW potential identities differ or are missing; energy retained only as diagnostic,-0.76341966,/pscratch/sd/j/jcho5/VASP/dft_jobs/CH3CHO_Pd110/singlepoint/PBE_D3,0,/pscratch/sd/j/jcho5/VASP/vasp_slab/Pd110/PBE_D3,/pscratch/sd/j/jcho5/VASP/vasp_mol/CH3CHO/PBE_D3,-158.42481871,-118.52313405,-39.138265,1000,500,converged,e236041f1717816d84560bac7761c97c01cc233105e416ec8634f655dc03b246,false
Pd110,acetaldehyde,r2scan,CH3CHO_Pd110,,false,ok,NSW=0 complex; converged relaxed references; matching composition,-0.45232647,/pscratch/sd/j/jcho5/VASP/dft_jobs/CH3CHO_Pd110/singlepoint/r2scan,0,/pscratch/sd/j/jcho5/VASP/completion_runs/matched_potential_slabs_20260915/slab/Pd110_2eb6224610/r2scan,/pscratch/sd/j/jcho5/VASP/vasp_mol/CH3CHO/r2scan,-577.16108009,-535.03397265,-41.67478097,500,500,converged,e236041f1717816d84560bac7761c97c01cc233105e416ec8634f655dc03b246,true
Pd110,acetaldehyde,beef_vdw,CH3CHO_Pd110,,false,ok,NSW=0 complex; converged relaxed references; matching composition,-0.48516368,/pscratch/sd/j/jcho5/VASP/dft_jobs/CH3CHO_Pd110/singlepoint/beef_vdw,0,/pscratch/sd/j/jcho5/VASP/completion_runs/matched_potential_slabs_20260915/slab/Pd110_7655ac7da9/beef_vdw,/pscratch/sd/j/jcho5/VASP/vasp_mol/CH3CHO/beef_vdw,-64.7189776,-29.36028717,-34.87352675,500,500,converged,e236041f1717816d84560bac7761c97c01cc233105e416ec8634f655dc03b246,true
Pd111,acetaldehyde,pbe,CH3CHO_Pd111,,false,ok,NSW=0 complex; converged relaxed references; matching composition,-0.11152805,/pscratch/sd/j/jcho5/VASP/dft_jobs/CH3CHO_Pd111/singlepoint/PBE,0,/pscratch/sd/j/jcho5/VASP/completion_runs/matched_potential_slabs_20260915/slab/Pd111_ffc3f47166/pbe,/pscratch/sd/j/jcho5/VASP/vasp_mol/CH3CHO/PBE,-217.35064295,-178.12969903,-39.10941587,500,500,converged,503f7ee66613ca163932b3bc706d72cc04475cf565b8bc4601ba16baacc572d4,true
Pd111,acetaldehyde,pbe_d3,CH3CHO_Pd111,,false,ok,NSW=0 complex; converged relaxed references; matching composition,-0.46794571,/pscratch/sd/j/jcho5/VASP/dft_jobs/CH3CHO_Pd111/singlepoint/PBE_D3,0,/pscratch/sd/j/jcho5/VASP/completion_runs/matched_potential_slabs_20260915/slab/Pd111_0333765c8d/pbe_d3,/pscratch/sd/j/jcho5/VASP/vasp_mol/CH3CHO/PBE_D3,-232.66933241,-193.0631217,-39.138265,500,500,converged,503f7ee66613ca163932b3bc706d72cc04475cf565b8bc4601ba16baacc572d4,true
Pd111,acetaldehyde,r2scan,CH3CHO_Pd111,,false,reference_unavailable,No converged relaxed references with matching functional/composition,,/pscratch/sd/j/jcho5/VASP/dft_jobs/CH3CHO_Pd111/singlepoint/r2scan,0,,/pscratch/sd/j/jcho5/VASP/vasp_mol/CH3CHO/r2scan,-857.59002511,,-41.67478097,,500,converged,503f7ee66613ca163932b3bc706d72cc04475cf565b8bc4601ba16baacc572d4,false
Pd111,acetaldehyde,beef_vdw,CH3CHO_Pd111,,false,ok,NSW=0 complex; converged relaxed references; matching composition,-0.31978807,/pscratch/sd/j/jcho5/VASP/dft_jobs/CH3CHO_Pd111/singlepoint/beef_vdw,0,/pscratch/sd/j/jcho5/VASP/completion_runs/matched_potential_slabs_20260915/slab/Pd111_f1f527eac1/beef_vdw,/pscratch/sd/j/jcho5/VASP/vasp_mol/CH3CHO/beef_vdw,-90.6477193,-55.45440448,-34.87352675,500,500,converged,503f7ee66613ca163932b3bc706d72cc04475cf565b8bc4601ba16baacc572d4,true
Pt100,acetaldehyde,pbe,CH3CHO_Pt100,,false,potential_mismatch,Complex and reference PAW potential identities differ or are missing; energy retained only as diagnostic,-0.63546626,/pscratch/sd/j/jcho5/VASP/dft_jobs/CH3CHO_Pt100/singlepoint/PBE,0,/pscratch/sd/j/jcho5/VASP/vasp_slab/Pt100/PBE,/pscratch/sd/j/jcho5/VASP/vasp_mol/CH3CHO/PBE,-242.77201073,-203.0271286,-39.10941587,1000,500,converged,8aa4c35f71ad228ca5bc824cf36da4ef8ffd3de68df2e1eca2c4112cb77fb979,false
Pt100,acetaldehyde,pbe_d3,CH3CHO_Pt100,,false,potential_mismatch,Complex and reference PAW potential identities differ or are missing; energy retained only as diagnostic,-1.06752141,/pscratch/sd/j/jcho5/VASP/dft_jobs/CH3CHO_Pt100/singlepoint/PBE_D3,0,/pscratch/sd/j/jcho5/VASP/vasp_slab/Pt100/PBE_D3,/pscratch/sd/j/jcho5/VASP/vasp_mol/CH3CHO/PBE_D3,-262.24146166,-222.03567525,-39.138265,1000,500,converged,8aa4c35f71ad228ca5bc824cf36da4ef8ffd3de68df2e1eca2c4112cb77fb979,false
Pt100,acetaldehyde,r2scan,CH3CHO_Pt100,,false,potential_mismatch,Complex and reference PAW potential identities differ or are missing; energy retained only as diagnostic,-1.00540369,/pscratch/sd/j/jcho5/VASP/dft_jobs/CH3CHO_Pt100/singlepoint/r2scan,0,/pscratch/sd/j/jcho5/VASP/vasp_slab/Pt100/r2scan,/pscratch/sd/j/jcho5/VASP/vasp_mol/CH3CHO/r2scan,-1878.37154364,-1835.69135898,-41.67478097,1000,500,converged,8aa4c35f71ad228ca5bc824cf36da4ef8ffd3de68df2e1eca2c4112cb77fb979,false
Pt100,acetaldehyde,beef_vdw,CH3CHO_Pt100,,false,potential_mismatch,Complex and reference PAW potential identities differ or are missing; energy retained only as diagnostic,-34.12691252,/pscratch/sd/j/jcho5/VASP/dft_jobs/CH3CHO_Pt100/singlepoint/beef_vdw,0,/pscratch/sd/j/jcho5/VASP/vasp_slab/Pt100/beef_vdw,/pscratch/sd/j/jcho5/VASP/vasp_mol/CH3CHO/beef_vdw,-129.04373873,-60.04329946,-34.87352675,1000,500,converged,8aa4c35f71ad228ca5bc824cf36da4ef8ffd3de68df2e1eca2c4112cb77fb979,false
Pt110,acetaldehyde,pbe,CH3CHO_Pt110,,false,potential_mismatch,Complex and reference PAW potential identities differ or are missing; energy retained only as diagnostic,-0.62156992,/pscratch/sd/j/jcho5/VASP/dft_jobs/CH3CHO_Pt110/singlepoint/PBE,0,/pscratch/sd/j/jcho5/VASP/vasp_slab/Pt110/PBE,/pscratch/sd/j/jcho5/VASP/vasp_mol/CH3CHO/PBE,-168.03194901,-128.30096322,-39.10941587,1000,500,converged,04ab41e036fe968a17c7d4d425d2abdd1f646dba10b5e20d750e898e586299f4,false
Pt110,acetaldehyde,pbe_d3,CH3CHO_Pt110,,false,potential_mismatch,Complex and reference PAW potential identities differ or are missing; energy retained only as diagnostic,-1.05629776,/pscratch/sd/j/jcho5/VASP/dft_jobs/CH3CHO_Pt110/singlepoint/PBE_D3,0,/pscratch/sd/j/jcho5/VASP/vasp_slab/Pt110/PBE_D3,/pscratch/sd/j/jcho5/VASP/vasp_mol/CH3CHO/PBE_D3,-178.76771045,-138.57314769,-39.138265,1000,500,converged,04ab41e036fe968a17c7d4d425d2abdd1f646dba10b5e20d750e898e586299f4,false
Pt110,acetaldehyde,r2scan,CH3CHO_Pt110,,false,potential_mismatch,Complex and reference PAW potential identities differ or are missing; energy retained only as diagnostic,-0.93653386,/pscratch/sd/j/jcho5/VASP/dft_jobs/CH3CHO_Pt110/singlepoint/r2scan,0,/pscratch/sd/j/jcho5/VASP/vasp_slab/Pt110/r2scan,/pscratch/sd/j/jcho5/VASP/vasp_mol/CH3CHO/r2scan,-1258.69762188,-1216.08630705,-41.67478097,1000,500,converged,04ab41e036fe968a17c7d4d425d2abdd1f646dba10b5e20d750e898e586299f4,false
Pt110,acetaldehyde,beef_vdw,CH3CHO_Pt110,,false,potential_mismatch,Complex and reference PAW potential identities differ or are missing; energy retained only as diagnostic,-23.13575408,/pscratch/sd/j/jcho5/VASP/dft_jobs/CH3CHO_Pt110/singlepoint/beef_vdw,0,/pscratch/sd/j/jcho5/VASP/vasp_slab/Pt110/beef_vdw,/pscratch/sd/j/jcho5/VASP/vasp_mol/CH3CHO/beef_vdw,-90.68884949,-32.67956866,-34.87352675,1000,500,converged,04ab41e036fe968a17c7d4d425d2abdd1f646dba10b5e20d750e898e586299f4,false
Pt111,acetaldehyde,pbe,CH3CHO_Pt111_top,top,false,ok,NSW=0 complex; converged relaxed references; matching composition,-0.04528847,/pscratch/sd/j/jcho5/VASP/dft_jobs/CH3CHO_Pt111_top/singlepoint/PBE,0,/pscratch/sd/j/jcho5/VASP/completion_runs/matched_potential_slabs_20260915/slab/Pt111_ac28ddddd3/pbe,/pscratch/sd/j/jcho5/VASP/vasp_mol/CH3CHO/PBE,-247.85062758,-208.69592324,-39.10941587,500,500,converged,e601445bc25adb842f62c627317aa08b671dcf512e990f18deddcb68ccb637b3,true
Pt111,acetaldehyde,pbe_d3,CH3CHO_Pt111_top,top,false,ok,NSW=0 complex; converged relaxed references; matching composition,-0.46743026,/pscratch/sd/j/jcho5/VASP/dft_jobs/CH3CHO_Pt111_top/singlepoint/PBE_D3,0,/pscratch/sd/j/jcho5/VASP/completion_runs/matched_potential_slabs_20260915/slab/Pt111_c3286ec1f4/pbe_d3,/pscratch/sd/j/jcho5/VASP/vasp_mol/CH3CHO/PBE_D3,-268.20246224,-228.59676698,-39.138265,500,500,converged,e601445bc25adb842f62c627317aa08b671dcf512e990f18deddcb68ccb637b3,true
Pt111,acetaldehyde,r2scan,CH3CHO_Pt111_top,top,false,reference_unavailable,No converged relaxed references with matching functional/composition,,/pscratch/sd/j/jcho5/VASP/dft_jobs/CH3CHO_Pt111_top/singlepoint/r2scan,0,,/pscratch/sd/j/jcho5/VASP/vasp_mol/CH3CHO/r2scan,-1883.57693833,,-41.67478097,,500,converged,e601445bc25adb842f62c627317aa08b671dcf512e990f18deddcb68ccb637b3,false
Pt111,acetaldehyde,beef_vdw,CH3CHO_Pt111_top,top,false,reference_unavailable,No converged relaxed references with matching functional/composition,,/pscratch/sd/j/jcho5/VASP/dft_jobs/CH3CHO_Pt111_top/singlepoint/beef_vdw,0,,/pscratch/sd/j/jcho5/VASP/vasp_mol/CH3CHO/beef_vdw,-133.42740453,,-34.87352675,,500,converged,e601445bc25adb842f62c627317aa08b671dcf512e990f18deddcb68ccb637b3,false
Rh100,acetaldehyde,pbe,CH3CHO_Rh100,,false,potential_mismatch,Complex and reference PAW potential identities differ or are missing; energy retained only as diagnostic,-0.7010055,/pscratch/sd/j/jcho5/VASP/dft_jobs/CH3CHO_Rh100/singlepoint/PBE,0,/pscratch/sd/j/jcho5/VASP/vasp_slab/Rh100/PBE,/pscratch/sd/j/jcho5/VASP/vasp_mol/CH3CHO/PBE,-282.08676144,-242.27634007,-39.10941587,1000,500,converged,11c73c76ae338fea2d4d6e6de6e8b2c7300760eb7cb9f12f6b14b7b64c8cc193,false
Rh100,acetaldehyde,pbe_d3,CH3CHO_Rh100,,false,potential_mismatch,Complex and reference PAW potential identities differ or are missing; energy retained only as diagnostic,-1.06437909,/pscratch/sd/j/jcho5/VASP/dft_jobs/CH3CHO_Rh100/singlepoint/PBE_D3,0,/pscratch/sd/j/jcho5/VASP/vasp_slab/Rh100/PBE_D3,/pscratch/sd/j/jcho5/VASP/vasp_mol/CH3CHO/PBE_D3,-296.27808468,-256.07544059,-39.138265,1000,500,converged,11c73c76ae338fea2d4d6e6de6e8b2c7300760eb7cb9f12f6b14b7b64c8cc193,false
Rh100,acetaldehyde,r2scan,CH3CHO_Rh100,,false,ok,NSW=0 complex; converged relaxed references; matching composition,-0.52416606,/pscratch/sd/j/jcho5/VASP/dft_jobs/CH3CHO_Rh100/singlepoint/r2scan,0,/pscratch/sd/j/jcho5/VASP/completion_runs/matched_potential_slabs_20260915/slab/Rh100_84c2195556/r2scan,/pscratch/sd/j/jcho5/VASP/vasp_mol/CH3CHO/r2scan,-890.57661211,-848.37766508,-41.67478097,500,500,converged,11c73c76ae338fea2d4d6e6de6e8b2c7300760eb7cb9f12f6b14b7b64c8cc193,true
Rh100,acetaldehyde,beef_vdw,CH3CHO_Rh100,,false,ok,NSW=0 complex; converged relaxed references; matching composition,-0.54634171,/pscratch/sd/j/jcho5/VASP/dft_jobs/CH3CHO_Rh100/singlepoint/beef_vdw,0,/pscratch/sd/j/jcho5/VASP/completion_runs/matched_potential_slabs_20260915/slab/Rh100_b2891dc541/beef_vdw,/pscratch/sd/j/jcho5/VASP/vasp_mol/CH3CHO/beef_vdw,-165.91330476,-130.4934363,-34.87352675,500,500,converged,11c73c76ae338fea2d4d6e6de6e8b2c7300760eb7cb9f12f6b14b7b64c8cc193,true
Rh110,acetaldehyde,pbe,CH3CHO_Rh110,,false,potential_mismatch,Complex and reference PAW potential identities differ or are missing; energy retained only as diagnostic,-1.21576702,/pscratch/sd/j/jcho5/VASP/dft_jobs/CH3CHO_Rh110/singlepoint/PBE,0,/pscratch/sd/j/jcho5/VASP/vasp_slab/Rh110/PBE,/pscratch/sd/j/jcho5/VASP/vasp_mol/CH3CHO/PBE,-193.38314219,-153.0579593,-39.10941587,1000,500,converged,266274ae34dea4dab00f377b48c92a6617cde715adfe1e6bbfc65e9c03c8a6ea,false
Rh110,acetaldehyde,pbe_d3,CH3CHO_Rh110,,false,potential_mismatch,Complex and reference PAW potential identities differ or are missing; energy retained only as diagnostic,-1.6873387,/pscratch/sd/j/jcho5/VASP/dft_jobs/CH3CHO_Rh110/singlepoint/PBE_D3,0,/pscratch/sd/j/jcho5/VASP/vasp_slab/Rh110/PBE_D3,/pscratch/sd/j/jcho5/VASP/vasp_mol/CH3CHO/PBE_D3,-201.31380277,-160.48819907,-39.138265,1000,500,converged,266274ae34dea4dab00f377b48c92a6617cde715adfe1e6bbfc65e9c03c8a6ea,false
Rh110,acetaldehyde,r2scan,CH3CHO_Rh110,,false,ok,NSW=0 complex; converged relaxed references; matching composition,-1.07589573,/pscratch/sd/j/jcho5/VASP/dft_jobs/CH3CHO_Rh110/singlepoint/r2scan,0,/pscratch/sd/j/jcho5/VASP/completion_runs/matched_potential_slabs_20260915/slab/Rh110_43367cbc6c/r2scan,/pscratch/sd/j/jcho5/VASP/vasp_mol/CH3CHO/r2scan,-601.07966726,-558.32899056,-41.67478097,500,500,converged,266274ae34dea4dab00f377b48c92a6617cde715adfe1e6bbfc65e9c03c8a6ea,true
Rh110,acetaldehyde,beef_vdw,CH3CHO_Rh110,,false,ok,NSW=0 complex; converged relaxed references; matching composition,-1.1271323,/pscratch/sd/j/jcho5/VASP/dft_jobs/CH3CHO_Rh110/singlepoint/beef_vdw,0,/pscratch/sd/j/jcho5/VASP/completion_runs/matched_potential_slabs_20260915/slab/Rh110_a6be9fa2b9/beef_vdw,/pscratch/sd/j/jcho5/VASP/vasp_mol/CH3CHO/beef_vdw,-114.69314781,-78.69248876,-34.87352675,500,500,converged,266274ae34dea4dab00f377b48c92a6617cde715adfe1e6bbfc65e9c03c8a6ea,true
Rh111,acetaldehyde,pbe,CH3CHO_Rh111,,false,potential_mismatch,Complex and reference PAW potential identities differ or are missing; energy retained only as diagnostic,-0.88737946,/pscratch/sd/j/jcho5/VASP/dft_jobs/CH3CHO_Rh111/singlepoint/PBE,0,/pscratch/sd/j/jcho5/VASP/vasp_slab/Rh111/PBE,/pscratch/sd/j/jcho5/VASP/vasp_mol/CH3CHO/PBE,-479.14673822,-439.14994289,-39.10941587,1000,500,converged,ab1fa00b9c700ec311e51ab2ed1e87ca9a1bde27ee5fef2e9a72f00d69d23294,false
Rh111,acetaldehyde,pbe_d3,CH3CHO_Rh111,,false,potential_mismatch,Complex and reference PAW potential identities differ or are missing; energy retained only as diagnostic,-1.07260376,/pscratch/sd/j/jcho5/VASP/dft_jobs/CH3CHO_Rh111/singlepoint/PBE_D3,0,/pscratch/sd/j/jcho5/VASP/vasp_slab/Rh111/PBE_D3,/pscratch/sd/j/jcho5/VASP/vasp_mol/CH3CHO/PBE_D3,-505.47228929,-465.26142053,-39.138265,1000,500,converged,ab1fa00b9c700ec311e51ab2ed1e87ca9a1bde27ee5fef2e9a72f00d69d23294,false
Rh111,acetaldehyde,r2scan,CH3CHO_Rh111,,false,potential_mismatch,Complex and reference PAW potential identities differ or are missing; energy retained only as diagnostic,-1.10670724,/pscratch/sd/j/jcho5/VASP/dft_jobs/CH3CHO_Rh111/singlepoint/r2scan,0,/pscratch/sd/j/jcho5/VASP/vasp_slab/Rh111/r2scan,/pscratch/sd/j/jcho5/VASP/vasp_mol/CH3CHO/r2scan,-1559.67140136,-1516.88991315,-41.67478097,1000,500,converged,ab1fa00b9c700ec311e51ab2ed1e87ca9a1bde27ee5fef2e9a72f00d69d23294,false
Rh111,acetaldehyde,beef_vdw,CH3CHO_Rh111,,false,ok,NSW=0 complex; converged relaxed references; matching composition,-0.52138302,/pscratch/sd/j/jcho5/VASP/dft_jobs/CH3CHO_Rh111/singlepoint/beef_vdw,0,/pscratch/sd/j/jcho5/VASP/completion_runs/matched_potential_slabs_20260915/slab/Rh111_f89b45c425/beef_vdw,/pscratch/sd/j/jcho5/VASP/vasp_mol/CH3CHO/beef_vdw,-275.07971027,-239.6848005,-34.87352675,500,500,converged,ab1fa00b9c700ec311e51ab2ed1e87ca9a1bde27ee5fef2e9a72f00d69d23294,true
Ag100,acetic_acid,pbe,CH3COOH_Ag100,,false,reference_unavailable,No converged relaxed references with matching functional/composition,,/pscratch/sd/j/jcho5/VASP/dft_jobs/CH3COOH_Ag100/singlepoint/PBE,0,/pscratch/sd/j/jcho5/VASP/vasp_slab/Ag100/PBE,,-137.69421795,-90.12407184,,1000,,converged,4b295c4598bddf9a67bbabf7be70d3b0828c6ffe4bc531e6339676d1011bf849,false
Ag100,acetic_acid,pbe_d3,CH3COOH_Ag100,,false,reference_unavailable,No converged relaxed references with matching functional/composition,,/pscratch/sd/j/jcho5/VASP/dft_jobs/CH3COOH_Ag100/singlepoint/PBE_D3,0,/pscratch/sd/j/jcho5/VASP/vasp_slab/Ag100/PBE_D3,,-150.25945901,-102.4003605,,1000,,converged,4b295c4598bddf9a67bbabf7be70d3b0828c6ffe4bc531e6339676d1011bf849,false
Ag100,acetic_acid,r2scan,CH3COOH_Ag100,,false,potential_mismatch,Complex and reference PAW potential identities differ or are missing; energy retained only as diagnostic,-1.35820213,/pscratch/sd/j/jcho5/VASP/dft_jobs/CH3COOH_Ag100/singlepoint/r2scan,0,/pscratch/sd/j/jcho5/VASP/vasp_slab/Ag100/r2scan,/pscratch/sd/j/jcho5/VASP/vasp_mol/CH3COOH/r2scan,-810.77273568,-759.06403021,-50.35050334,1000,500,converged,4b295c4598bddf9a67bbabf7be70d3b0828c6ffe4bc531e6339676d1011bf849,false
Ag100,acetic_acid,beef_vdw,CH3COOH_Ag100,,false,potential_mismatch,Complex and reference PAW potential identities differ or are missing; energy retained only as diagnostic,-25.21866407,/pscratch/sd/j/jcho5/VASP/dft_jobs/CH3COOH_Ag100/singlepoint/beef_vdw,0,/pscratch/sd/j/jcho5/VASP/vasp_slab/Ag100/beef_vdw,/pscratch/sd/j/jcho5/VASP/vasp_mol/CH3COOH/beef_vdw,-7.75531624,58.04168493,-40.5783371,1000,500,converged,4b295c4598bddf9a67bbabf7be70d3b0828c6ffe4bc531e6339676d1011bf849,false
Ag110,acetic_acid,pbe,CH3COOH_Ag110,,false,reference_unavailable,No converged relaxed references with matching functional/composition,,/pscratch/sd/j/jcho5/VASP/dft_jobs/CH3COOH_Ag110/singlepoint/PBE,0,/pscratch/sd/j/jcho5/VASP/vasp_slab/Ag110/PBE,,-104.72813733,-57.34530434,,1000,,converged,97aec4be549ce4acfd914dbac1d0d5c0c1c4c5015cab8e81b746172f2fb23416,false
Ag110,acetic_acid,pbe_d3,CH3COOH_Ag110,,false,reference_unavailable,No converged relaxed references with matching functional/composition,,/pscratch/sd/j/jcho5/VASP/dft_jobs/CH3COOH_Ag110/singlepoint/PBE_D3,0,/pscratch/sd/j/jcho5/VASP/vasp_slab/Ag110/PBE_D3,,-111.82564363,-64.0841207,,1000,,converged,97aec4be549ce4acfd914dbac1d0d5c0c1c4c5015cab8e81b746172f2fb23416,false
Ag110,acetic_acid,r2scan,CH3COOH_Ag110,,false,potential_mismatch,Complex and reference PAW potential identities differ or are missing; energy retained only as diagnostic,-1.08314496,/pscratch/sd/j/jcho5/VASP/dft_jobs/CH3COOH_Ag110/singlepoint/r2scan,0,/pscratch/sd/j/jcho5/VASP/vasp_slab/Ag110/r2scan,/pscratch/sd/j/jcho5/VASP/vasp_mol/CH3COOH/r2scan,-554.11388634,-502.68023804,-50.35050334,1000,500,converged,97aec4be549ce4acfd914dbac1d0d5c0c1c4c5015cab8e81b746172f2fb23416,false
Ag110,acetic_acid,beef_vdw,CH3COOH_Ag110,,false,potential_mismatch,Complex and reference PAW potential identities differ or are missing; energy retained only as diagnostic,-16.92526923,/pscratch/sd/j/jcho5/VASP/dft_jobs/CH3COOH_Ag110/singlepoint/beef_vdw,0,/pscratch/sd/j/jcho5/VASP/vasp_slab/Ag110/beef_vdw,/pscratch/sd/j/jcho5/VASP/vasp_mol/CH3COOH/beef_vdw,-15.89220264,41.61140369,-40.5783371,1000,500,converged,97aec4be549ce4acfd914dbac1d0d5c0c1c4c5015cab8e81b746172f2fb23416,false
Ag111,acetic_acid,pbe,CH3COOH_Ag111,,false,reference_unavailable,No converged relaxed references with matching functional/composition,,/pscratch/sd/j/jcho5/VASP/dft_jobs/CH3COOH_Ag111/singlepoint/PBE,0,/pscratch/sd/j/jcho5/VASP/completion_runs/matched_potential_slabs_20260915/slab/Ag111_61964c781c/pbe,,-139.08595092,-92.25124769,,500,,converged,c467bf1b416db5993b0093d133b691a6109c915a124295157a863afc71277104,false
Ag111,acetic_acid,pbe_d3,CH3COOH_Ag111,,false,reference_unavailable,No converged relaxed references with matching functional/composition,,/pscratch/sd/j/jcho5/VASP/dft_jobs/CH3COOH_Ag111/singlepoint/PBE_D3,0,/pscratch/sd/j/jcho5/VASP/completion_runs/matched_potential_slabs_20260915/slab/Ag111_71d4cd48c4/pbe_d3,,-152.25857612,-105.22691834,,500,,converged,c467bf1b416db5993b0093d133b691a6109c915a124295157a863afc71277104,false
Ag111,acetic_acid,r2scan,CH3COOH_Ag111,,false,ok,NSW=0 complex; converged relaxed references; matching composition,-0.10731258,/pscratch/sd/j/jcho5/VASP/dft_jobs/CH3COOH_Ag111/singlepoint/r2scan,0,/pscratch/sd/j/jcho5/VASP/completion_runs/matched_potential_slabs_20260915/slab/Ag111_f9365ca685/r2scan,/pscratch/sd/j/jcho5/VASP/vasp_mol/CH3COOH/r2scan,-812.50486753,-762.04705161,-50.35050334,500,500,converged,c467bf1b416db5993b0093d133b691a6109c915a124295157a863afc71277104,true
Ag111,acetic_acid,beef_vdw,CH3COOH_Ag111,,false,ok,NSW=0 complex; converged relaxed references; matching composition,-0.39888864,/pscratch/sd/j/jcho5/VASP/dft_jobs/CH3COOH_Ag111/singlepoint/beef_vdw,0,/pscratch/sd/j/jcho5/VASP/completion_runs/matched_potential_slabs_20260915/slab/Ag111_35207ad13f/beef_vdw,/pscratch/sd/j/jcho5/VASP/vasp_mol/CH3COOH/beef_vdw,-8.9834889,31.99373684,-40.5783371,500,500,converged,c467bf1b416db5993b0093d133b691a6109c915a124295157a863afc71277104,true
Au100,acetic_acid,pbe,CH3COOH_Au100,,false,reference_unavailable,No converged relaxed references with matching functional/composition,,/pscratch/sd/j/jcho5/VASP/dft_jobs/CH3COOH_Au100/singlepoint/PBE,0,,,-238.70445081,,,,,converged,0524d00c9f78f6403e2af6b9a4e7a4af01eb64ffd4c78bf857deec132f56e813,false
Au100,acetic_acid,pbe_d3,CH3COOH_Au100,,false,reference_unavailable,No converged relaxed references with matching functional/composition,,/pscratch/sd/j/jcho5/VASP/dft_jobs/CH3COOH_Au100/singlepoint/PBE_D3,0,,,-269.1449244,,,,,converged,0524d00c9f78f6403e2af6b9a4e7a4af01eb64ffd4c78bf857deec132f56e813,false
Au100,acetic_acid,r2scan,CH3COOH_Au100,,false,reference_unavailable,No converged relaxed references with matching functional/composition,,/pscratch/sd/j/jcho5/VASP/dft_jobs/CH3COOH_Au100/singlepoint/r2scan,0,,/pscratch/sd/j/jcho5/VASP/vasp_mol/CH3COOH/r2scan,-3271.44345472,,-50.35050334,,500,converged,0524d00c9f78f6403e2af6b9a4e7a4af01eb64ffd4c78bf857deec132f56e813,false
Au100,acetic_acid,beef_vdw,CH3COOH_Au100,,false,reference_unavailable,No converged relaxed references with matching functional/composition,,/pscratch/sd/j/jcho5/VASP/dft_jobs/CH3COOH_Au100/singlepoint/beef_vdw,0,,/pscratch/sd/j/jcho5/VASP/vasp_mol/CH3COOH/beef_vdw,-35.76012667,,-40.5783371,,500,converged,0524d00c9f78f6403e2af6b9a4e7a4af01eb64ffd4c78bf857deec132f56e813,false
Au110,acetic_acid,pbe,CH3COOH_Au110,,false,reference_unavailable,No converged relaxed references with matching functional/composition,,/pscratch/sd/j/jcho5/VASP/dft_jobs/CH3COOH_Au110/singlepoint/PBE,0,,,-231.23035844,,,,,converged,ee4db27fcf57bf05373acffd90044562953ba822ccb5cbb2e027a01ab236b735,false
Au110,acetic_acid,pbe_d3,CH3COOH_Au110,,false,reference_unavailable,No converged relaxed references with matching functional/composition,,/pscratch/sd/j/jcho5/VASP/dft_jobs/CH3COOH_Au110/singlepoint/PBE_D3,0,,,-256.6294654,,,,,converged,ee4db27fcf57bf05373acffd90044562953ba822ccb5cbb2e027a01ab236b735,false
Au110,acetic_acid,r2scan,CH3COOH_Au110,,false,reference_unavailable,No converged relaxed references with matching functional/composition,,/pscratch/sd/j/jcho5/VASP/dft_jobs/CH3COOH_Au110/singlepoint/r2scan,0,,/pscratch/sd/j/jcho5/VASP/vasp_mol/CH3COOH/r2scan,-3262.4282434,,-50.35050334,,500,converged,ee4db27fcf57bf05373acffd90044562953ba822ccb5cbb2e027a01ab236b735,false
Au110,acetic_acid,beef_vdw,CH3COOH_Au110,,false,reference_unavailable,No converged relaxed references with matching functional/composition,,/pscratch/sd/j/jcho5/VASP/dft_jobs/CH3COOH_Au110/singlepoint/beef_vdw,0,,/pscratch/sd/j/jcho5/VASP/vasp_mol/CH3COOH/beef_vdw,-27.7280601,,-40.5783371,,500,converged,ee4db27fcf57bf05373acffd90044562953ba822ccb5cbb2e027a01ab236b735,false
Au111,acetic_acid,pbe,CH3COOH_Au111,,false,reference_unavailable,No converged relaxed references with matching functional/composition,,/pscratch/sd/j/jcho5/VASP/dft_jobs/CH3COOH_Au111/singlepoint/PBE,0,,,-157.01816677,,,,,converged,665d74d60939a02dd34cd0849af4be525c5d36439fcce28ada0c6b986382b823,false
Au111,acetic_acid,pbe_d3,CH3COOH_Au111,,false,reference_unavailable,No converged relaxed references with matching functional/composition,,/pscratch/sd/j/jcho5/VASP/dft_jobs/CH3COOH_Au111/singlepoint/PBE_D3,0,,,-174.98444278,,,,,converged,665d74d60939a02dd34cd0849af4be525c5d36439fcce28ada0c6b986382b823,false
Au111,acetic_acid,r2scan,CH3COOH_Au111,,false,reference_unavailable,No converged relaxed references with matching functional/composition,,/pscratch/sd/j/jcho5/VASP/dft_jobs/CH3COOH_Au111/singlepoint/r2scan,0,,/pscratch/sd/j/jcho5/VASP/vasp_mol/CH3COOH/r2scan,-1864.93746291,,-50.35050334,,500,converged,665d74d60939a02dd34cd0849af4be525c5d36439fcce28ada0c6b986382b823,false
Au111,acetic_acid,beef_vdw,CH3COOH_Au111,,false,reference_unavailable,No converged relaxed references with matching functional/composition,,/pscratch/sd/j/jcho5/VASP/dft_jobs/CH3COOH_Au111/singlepoint/beef_vdw,0,,/pscratch/sd/j/jcho5/VASP/vasp_mol/CH3COOH/beef_vdw,-40.06692932,,-40.5783371,,500,converged,665d74d60939a02dd34cd0849af4be525c5d36439fcce28ada0c6b986382b823,false
Cu100,acetic_acid,pbe,CH3COOH_Cu100,,false,reference_unavailable,No converged relaxed references with matching functional/composition,,/pscratch/sd/j/jcho5/VASP/dft_jobs/CH3COOH_Cu100/singlepoint/PBE,0,/pscratch/sd/j/jcho5/VASP/vasp_slab/Cu100/PBE,,-266.80293541,-219.76682164,,1000,,converged,e91f8be70859b4b811bdd6d8d830fc4592648b4f3bb507d28918911d410c8129,false
Cu100,acetic_acid,pbe_d3,CH3COOH_Cu100,,false,reference_unavailable,No converged relaxed references with matching functional/composition,,/pscratch/sd/j/jcho5/VASP/dft_jobs/CH3COOH_Cu100/singlepoint/PBE_D3,0,/pscratch/sd/j/jcho5/VASP/vasp_slab/Cu100/PBE_D3,,-288.24304829,-240.84053253,,1000,,converged,e91f8be70859b4b811bdd6d8d830fc4592648b4f3bb507d28918911d410c8129,false
Cu100,acetic_acid,r2scan,CH3COOH_Cu100,,false,ok,NSW=0 complex; converged relaxed references; matching composition,-0.29733999,/pscratch/sd/j/jcho5/VASP/dft_jobs/CH3COOH_Cu100/singlepoint/r2scan,0,/pscratch/sd/j/jcho5/VASP/vasp_slab/Cu100/r2scan,/pscratch/sd/j/jcho5/VASP/vasp_mol/CH3COOH/r2scan,-720.96433734,-670.31649401,-50.35050334,1000,500,converged,e91f8be70859b4b811bdd6d8d830fc4592648b4f3bb507d28918911d410c8129,true
Cu100,acetic_acid,beef_vdw,CH3COOH_Cu100,,false,ok,NSW=0 complex; converged relaxed references; matching composition,-0.46328224,/pscratch/sd/j/jcho5/VASP/dft_jobs/CH3COOH_Cu100/singlepoint/beef_vdw,0,/pscratch/sd/j/jcho5/VASP/completion_runs/site_gapfill_20260914/slab/C2H4_Cu100/beef_vdw,/pscratch/sd/j/jcho5/VASP/vasp_mol/CH3COOH/beef_vdw,-51.61794194,-10.5763226,-40.5783371,1000,500,converged,e91f8be70859b4b811bdd6d8d830fc4592648b4f3bb507d28918911d410c8129,true
Cu110,acetic_acid,pbe,CH3COOH_Cu110,,false,reference_unavailable,No converged relaxed references with matching functional/composition,,/pscratch/sd/j/jcho5/VASP/dft_jobs/CH3COOH_Cu110/singlepoint/PBE,0,/pscratch/sd/j/jcho5/VASP/vasp_slab/Cu110/PBE,,-126.40961154,-79.75003338,,1000,,converged,482a652b1c5e21565c3b4a7ab182e5f1ea6efe07fdb02a224c3995de9f4821a9,false
Cu110,acetic_acid,pbe_d3,CH3COOH_Cu110,,false,reference_unavailable,No converged relaxed references with matching functional/composition,,/pscratch/sd/j/jcho5/VASP/dft_jobs/CH3COOH_Cu110/singlepoint/PBE_D3,0,/pscratch/sd/j/jcho5/VASP/vasp_slab/Cu110/PBE_D3,,-133.22769989,-86.08497244,,1000,,converged,482a652b1c5e21565c3b4a7ab182e5f1ea6efe07fdb02a224c3995de9f4821a9,false
Cu110,acetic_acid,r2scan,CH3COOH_Cu110,,false,potential_mismatch,Complex and reference PAW potential identities differ or are missing; energy retained only as diagnostic,-0.15222791,/pscratch/sd/j/jcho5/VASP/dft_jobs/CH3COOH_Cu110/singlepoint/r2scan,0,/pscratch/sd/j/jcho5/VASP/vasp_slab/Cu110/r2scan,/pscratch/sd/j/jcho5/VASP/vasp_mol/CH3COOH/r2scan,-298.53522685,-248.0324956,-50.35050334,1000,500,converged,482a652b1c5e21565c3b4a7ab182e5f1ea6efe07fdb02a224c3995de9f4821a9,false
Cu110,acetic_acid,beef_vdw,CH3COOH_Cu110,,false,potential_mismatch,Complex and reference PAW potential identities differ or are missing; energy retained only as diagnostic,-31.314433,/pscratch/sd/j/jcho5/VASP/dft_jobs/CH3COOH_Cu110/singlepoint/beef_vdw,0,/pscratch/sd/j/jcho5/VASP/vasp_slab/Cu110/beef_vdw,/pscratch/sd/j/jcho5/VASP/vasp_mol/CH3COOH/beef_vdw,-41.90757937,29.98519073,-40.5783371,1000,500,converged,482a652b1c5e21565c3b4a7ab182e5f1ea6efe07fdb02a224c3995de9f4821a9,false
Cu111,acetic_acid,pbe,CH3COOH_Cu111,,false,reference_unavailable,No converged relaxed references with matching functional/composition,,/pscratch/sd/j/jcho5/VASP/dft_jobs/CH3COOH_Cu111/singlepoint/PBE,0,/pscratch/sd/j/jcho5/VASP/completion_runs/matched_potential_slabs_20260915/slab/Cu111_28f90def6e/pbe,,-271.059101,-224.08285313,,500,,converged,706369b145cfd7d17408e7cd838ce7b89f687ef37ef8a1e928f9159bf235acda,false
Cu111,acetic_acid,pbe_d3,CH3COOH_Cu111,,false,reference_unavailable,No converged relaxed references with matching functional/composition,,/pscratch/sd/j/jcho5/VASP/dft_jobs/CH3COOH_Cu111/singlepoint/PBE_D3,0,/pscratch/sd/j/jcho5/VASP/completion_runs/matched_potential_slabs_20260915/slab/Cu111_6058af94f0/pbe_d3,,-293.87913017,-246.56952283,,500,,converged,706369b145cfd7d17408e7cd838ce7b89f687ef37ef8a1e928f9159bf235acda,false
Cu111,acetic_acid,r2scan,CH3COOH_Cu111,,false,ok,NSW=0 complex; converged relaxed references; matching composition,-0.24733098,/pscratch/sd/j/jcho5/VASP/dft_jobs/CH3COOH_Cu111/singlepoint/r2scan,0,/pscratch/sd/j/jcho5/VASP/completion_runs/matched_potential_slabs_20260915/slab/Cu111_96724abedd/r2scan,/pscratch/sd/j/jcho5/VASP/vasp_mol/CH3COOH/r2scan,-726.0280515,-675.43021718,-50.35050334,500,500,converged,706369b145cfd7d17408e7cd838ce7b89f687ef37ef8a1e928f9159bf235acda,true
Cu111,acetic_acid,beef_vdw,CH3COOH_Cu111,,false,ok,NSW=0 complex; converged relaxed references; matching composition,-0.4182261,/pscratch/sd/j/jcho5/VASP/dft_jobs/CH3COOH_Cu111/singlepoint/beef_vdw,0,/pscratch/sd/j/jcho5/VASP/completion_runs/matched_potential_slabs_20260915/slab/Cu111_11f50e50d8/beef_vdw,/pscratch/sd/j/jcho5/VASP/vasp_mol/CH3COOH/beef_vdw,-55.59650635,-14.59994315,-40.5783371,500,500,converged,706369b145cfd7d17408e7cd838ce7b89f687ef37ef8a1e928f9159bf235acda,true
Ir100,acetic_acid,pbe,CH3COOH_Ir100,,false,reference_unavailable,No converged relaxed references with matching functional/composition,,/pscratch/sd/j/jcho5/VASP/dft_jobs/CH3COOH_Ir100/singlepoint/PBE,0,/pscratch/sd/j/jcho5/VASP/vasp_slab/Ir100/PBE,,-341.69690703,-294.40101414,,1000,,converged,85bf32a4f36219d6b54144f7cf3b4bab93adc6084e767355bea80b2ca2df6eae,false
Ir100,acetic_acid,pbe_d3,CH3COOH_Ir100,,false,reference_unavailable,No converged relaxed references with matching functional/composition,,/pscratch/sd/j/jcho5/VASP/dft_jobs/CH3COOH_Ir100/singlepoint/PBE_D3,0,/pscratch/sd/j/jcho5/VASP/vasp_slab/Ir100/PBE_D3,,-359.38128918,-311.60244978,,1000,,converged,85bf32a4f36219d6b54144f7cf3b4bab93adc6084e767355bea80b2ca2df6eae,false
Ir100,acetic_acid,r2scan,CH3COOH_Ir100,,false,ok,NSW=0 complex; converged relaxed references; matching composition,-0.83450576,/pscratch/sd/j/jcho5/VASP/dft_jobs/CH3COOH_Ir100/singlepoint/r2scan,0,/pscratch/sd/j/jcho5/VASP/completion_runs/site_gapfill_20260914/slab/C2H4_Ir100/r2scan,/pscratch/sd/j/jcho5/VASP/vasp_mol/CH3COOH/r2scan,-1909.85049385,-1858.66548475,-50.35050334,1000,500,converged,85bf32a4f36219d6b54144f7cf3b4bab93adc6084e767355bea80b2ca2df6eae,true
Ir100,acetic_acid,beef_vdw,CH3COOH_Ir100,,false,ok,NSW=0 complex; converged relaxed references; matching composition,-0.65166612,/pscratch/sd/j/jcho5/VASP/dft_jobs/CH3COOH_Ir100/singlepoint/beef_vdw,0,/pscratch/sd/j/jcho5/VASP/vasp_slab/Ir100/beef_vdw,/pscratch/sd/j/jcho5/VASP/vasp_mol/CH3COOH/beef_vdw,-224.24756981,-183.01756659,-40.5783371,1000,500,converged,85bf32a4f36219d6b54144f7cf3b4bab93adc6084e767355bea80b2ca2df6eae,true
Ir110,acetic_acid,pbe,CH3COOH_Ir110,,false,reference_unavailable,No converged relaxed references with matching functional/composition,,/pscratch/sd/j/jcho5/VASP/dft_jobs/CH3COOH_Ir110/singlepoint/PBE,0,/pscratch/sd/j/jcho5/VASP/vasp_slab/Ir110/PBE,,-233.31168058,-185.79278571,,1000,,converged,874cf47bc346ec6b583dd4fa6a5fbe4443dbb0496cf6c21cd640a17813911598,false
Ir110,acetic_acid,pbe_d3,CH3COOH_Ir110,,false,reference_unavailable,No converged relaxed references with matching functional/composition,,/pscratch/sd/j/jcho5/VASP/dft_jobs/CH3COOH_Ir110/singlepoint/PBE_D3,0,/pscratch/sd/j/jcho5/VASP/vasp_slab/Ir110/PBE_D3,,-243.08996781,-195.1382215,,1000,,converged,874cf47bc346ec6b583dd4fa6a5fbe4443dbb0496cf6c21cd640a17813911598,false
Ir110,acetic_acid,r2scan,CH3COOH_Ir110,,false,ok,NSW=0 complex; converged relaxed references; matching composition,-0.85642516,/pscratch/sd/j/jcho5/VASP/dft_jobs/CH3COOH_Ir110/singlepoint/r2scan,0,/pscratch/sd/j/jcho5/VASP/vasp_slab/Ir110/r2scan,/pscratch/sd/j/jcho5/VASP/vasp_mol/CH3COOH/r2scan,-1279.88368017,-1228.67675167,-50.35050334,1000,500,converged,874cf47bc346ec6b583dd4fa6a5fbe4443dbb0496cf6c21cd640a17813911598,true
Ir110,acetic_acid,beef_vdw,CH3COOH_Ir110,,false,ok,NSW=0 complex; converged relaxed references; matching composition,-1.01664711,/pscratch/sd/j/jcho5/VASP/dft_jobs/CH3COOH_Ir110/singlepoint/beef_vdw,0,/pscratch/sd/j/jcho5/VASP/vasp_slab/Ir110/beef_vdw,/pscratch/sd/j/jcho5/VASP/vasp_mol/CH3COOH/beef_vdw,-152.84748175,-111.25249754,-40.5783371,1000,500,converged,874cf47bc346ec6b583dd4fa6a5fbe4443dbb0496cf6c21cd640a17813911598,true
Ir111,acetic_acid,pbe,CH3COOH_Ir111,,false,reference_unavailable,No converged relaxed references with matching functional/composition,,/pscratch/sd/j/jcho5/VASP/dft_jobs/CH3COOH_Ir111/singlepoint/PBE,0,/pscratch/sd/j/jcho5/VASP/vasp_slab/Ir111/PBE,,-585.39437142,-538.3119429,,1000,,converged,86cbaac5f74fe8c0068508ad7b69a9a54edfcaa3a3eddd2bc112c07bc93199e2,false
Ir111,acetic_acid,pbe_d3,CH3COOH_Ir111,,false,reference_unavailable,No converged relaxed references with matching functional/composition,,/pscratch/sd/j/jcho5/VASP/dft_jobs/CH3COOH_Ir111/singlepoint/PBE_D3,0,/pscratch/sd/j/jcho5/VASP/vasp_slab/Ir111/PBE_D3,,-618.16009462,-570.78304395,,1000,,converged,86cbaac5f74fe8c0068508ad7b69a9a54edfcaa3a3eddd2bc112c07bc93199e2,false
Ir111,acetic_acid,r2scan,CH3COOH_Ir111,,false,ok,NSW=0 complex; converged relaxed references; matching composition,-0.40921434,/pscratch/sd/j/jcho5/VASP/dft_jobs/CH3COOH_Ir111/singlepoint/r2scan,0,/pscratch/sd/j/jcho5/VASP/vasp_slab/Ir111/r2scan,/pscratch/sd/j/jcho5/VASP/vasp_mol/CH3COOH/r2scan,-3371.44285977,-3320.68314209,-50.35050334,1000,500,converged,86cbaac5f74fe8c0068508ad7b69a9a54edfcaa3a3eddd2bc112c07bc93199e2,true
Ir111,acetic_acid,beef_vdw,CH3COOH_Ir111,,false,ok,NSW=0 complex; converged relaxed references; matching composition,-0.59820043,/pscratch/sd/j/jcho5/VASP/dft_jobs/CH3COOH_Ir111/singlepoint/beef_vdw,0,/pscratch/sd/j/jcho5/VASP/vasp_slab/Ir111/beef_vdw,/pscratch/sd/j/jcho5/VASP/vasp_mol/CH3COOH/beef_vdw,-380.66350745,-339.48696992,-40.5783371,1000,500,converged,86cbaac5f74fe8c0068508ad7b69a9a54edfcaa3a3eddd2bc112c07bc93199e2,true
Pd100,acetic_acid,pbe,CH3COOH_Pd100,,false,reference_unavailable,No converged relaxed references with matching functional/composition,,/pscratch/sd/j/jcho5/VASP/dft_jobs/CH3COOH_Pd100/singlepoint/PBE,0,/pscratch/sd/j/jcho5/VASP/vasp_slab/Pd100/PBE,,-222.63666338,-175.30179252,,1000,,converged,a0b086ec285a9d1ce5754e4b9d9151db64cffd687fa1acac11162ea4de824357,false
Pd100,acetic_acid,pbe_d3,CH3COOH_Pd100,,false,reference_unavailable,No converged relaxed references with matching functional/composition,,/pscratch/sd/j/jcho5/VASP/dft_jobs/CH3COOH_Pd100/singlepoint/PBE_D3,0,/pscratch/sd/j/jcho5/VASP/vasp_slab/Pd100/PBE_D3,,-237.1581038,-189.46040681,,1000,,converged,a0b086ec285a9d1ce5754e4b9d9151db64cffd687fa1acac11162ea4de824357,false
Pd100,acetic_acid,r2scan,CH3COOH_Pd100,,false,ok,NSW=0 complex; converged relaxed references; matching composition,-0.55018729,/pscratch/sd/j/jcho5/VASP/dft_jobs/CH3COOH_Pd100/singlepoint/r2scan,0,/pscratch/sd/j/jcho5/VASP/completion_runs/matched_potential_slabs_20260915/slab/Pd100_25986b23a9/r2scan,/pscratch/sd/j/jcho5/VASP/vasp_mol/CH3COOH/r2scan,-863.36982386,-812.46913323,-50.35050334,500,500,converged,a0b086ec285a9d1ce5754e4b9d9151db64cffd687fa1acac11162ea4de824357,true
Pd100,acetic_acid,beef_vdw,CH3COOH_Pd100,,false,ok,NSW=0 complex; converged relaxed references; matching composition,-0.60518939,/pscratch/sd/j/jcho5/VASP/dft_jobs/CH3COOH_Pd100/singlepoint/beef_vdw,0,/pscratch/sd/j/jcho5/VASP/completion_runs/matched_potential_slabs_20260915/slab/Pd100_b7d9b89afa/beef_vdw,/pscratch/sd/j/jcho5/VASP/vasp_mol/CH3COOH/beef_vdw,-94.35307656,-53.16955007,-40.5783371,500,500,converged,a0b086ec285a9d1ce5754e4b9d9151db64cffd687fa1acac11162ea4de824357,true
Pd110,acetic_acid,pbe,CH3COOH_Pd110,,false,reference_unavailable,No converged relaxed references with matching functional/composition,,/pscratch/sd/j/jcho5/VASP/dft_jobs/CH3COOH_Pd110/singlepoint/PBE,0,/pscratch/sd/j/jcho5/VASP/vasp_slab/Pd110/PBE,,-158.14614789,-110.83417945,,1000,,converged,5e877507573176c6e4b8222569c08b218bfc0d764bbec714710f368d7c0cb4ef,false
Pd110,acetic_acid,pbe_d3,CH3COOH_Pd110,,false,reference_unavailable,No converged relaxed references with matching functional/composition,,/pscratch/sd/j/jcho5/VASP/dft_jobs/CH3COOH_Pd110/singlepoint/PBE_D3,0,/pscratch/sd/j/jcho5/VASP/vasp_slab/Pd110/PBE_D3,,-166.25295896,-118.52313405,,1000,,converged,5e877507573176c6e4b8222569c08b218bfc0d764bbec714710f368d7c0cb4ef,false
Pd110,acetic_acid,r2scan,CH3COOH_Pd110,,false,ok,NSW=0 complex; converged relaxed references; matching composition,-0.65684806,/pscratch/sd/j/jcho5/VASP/dft_jobs/CH3COOH_Pd110/singlepoint/r2scan,0,/pscratch/sd/j/jcho5/VASP/completion_runs/matched_potential_slabs_20260915/slab/Pd110_2eb6224610/r2scan,/pscratch/sd/j/jcho5/VASP/vasp_mol/CH3COOH/r2scan,-586.04132405,-535.03397265,-50.35050334,500,500,converged,5e877507573176c6e4b8222569c08b218bfc0d764bbec714710f368d7c0cb4ef,true
Pd110,acetic_acid,beef_vdw,CH3COOH_Pd110,,false,ok,NSW=0 complex; converged relaxed references; matching composition,-0.68968675,/pscratch/sd/j/jcho5/VASP/dft_jobs/CH3COOH_Pd110/singlepoint/beef_vdw,0,/pscratch/sd/j/jcho5/VASP/completion_runs/matched_potential_slabs_20260915/slab/Pd110_7655ac7da9/beef_vdw,/pscratch/sd/j/jcho5/VASP/vasp_mol/CH3COOH/beef_vdw,-70.62831102,-29.36028717,-40.5783371,500,500,converged,5e877507573176c6e4b8222569c08b218bfc0d764bbec714710f368d7c0cb4ef,true
Pd111,acetic_acid,pbe,CH3COOH_Pd111,,false,reference_unavailable,No converged relaxed references with matching functional/composition,,/pscratch/sd/j/jcho5/VASP/dft_jobs/CH3COOH_Pd111/singlepoint/PBE,0,/pscratch/sd/j/jcho5/VASP/completion_runs/matched_potential_slabs_20260915/slab/Pd111_ffc3f47166/pbe,,-225.17343796,-178.12969903,,500,,converged,520b1a009561c79483399e0e19e0b3dae6a17c02f5a31812a485b862e01daf5b,false
Pd111,acetic_acid,pbe_d3,CH3COOH_Pd111,,false,reference_unavailable,No converged relaxed references with matching functional/composition,,/pscratch/sd/j/jcho5/VASP/dft_jobs/CH3COOH_Pd111/singlepoint/PBE_D3,0,/pscratch/sd/j/jcho5/VASP/completion_runs/matched_potential_slabs_20260915/slab/Pd111_0333765c8d/pbe_d3,,-240.48040687,-193.0631217,,500,,converged,520b1a009561c79483399e0e19e0b3dae6a17c02f5a31812a485b862e01daf5b,false
Pd111,acetic_acid,r2scan,CH3COOH_Pd111,,false,reference_unavailable,No converged relaxed references with matching functional/composition,,/pscratch/sd/j/jcho5/VASP/dft_jobs/CH3COOH_Pd111/singlepoint/r2scan,0,,/pscratch/sd/j/jcho5/VASP/vasp_mol/CH3COOH/r2scan,-866.43841132,,-50.35050334,,500,converged,520b1a009561c79483399e0e19e0b3dae6a17c02f5a31812a485b862e01daf5b,false
Pd111,acetic_acid,beef_vdw,CH3COOH_Pd111,,false,ok,NSW=0 complex; converged relaxed references; matching composition,-0.50607815,/pscratch/sd/j/jcho5/VASP/dft_jobs/CH3COOH_Pd111/singlepoint/beef_vdw,0,/pscratch/sd/j/jcho5/VASP/completion_runs/matched_potential_slabs_20260915/slab/Pd111_f1f527eac1/beef_vdw,/pscratch/sd/j/jcho5/VASP/vasp_mol/CH3COOH/beef_vdw,-96.53881973,-55.45440448,-40.5783371,500,500,converged,520b1a009561c79483399e0e19e0b3dae6a17c02f5a31812a485b862e01daf5b,true
Pt100,acetic_acid,pbe,CH3COOH_Pt100,,false,reference_unavailable,No converged relaxed references with matching functional/composition,,/pscratch/sd/j/jcho5/VASP/dft_jobs/CH3COOH_Pt100/singlepoint/PBE,0,/pscratch/sd/j/jcho5/VASP/vasp_slab/Pt100/PBE,,-250.66032441,-203.0271286,,1000,,converged,45d47400b37146b3aa3bd090fc0ff8836c79df134113b657b87644629e475823,false
Pt100,acetic_acid,pbe_d3,CH3COOH_Pt100,,false,reference_unavailable,No converged relaxed references with matching functional/composition,,/pscratch/sd/j/jcho5/VASP/dft_jobs/CH3COOH_Pt100/singlepoint/PBE_D3,0,/pscratch/sd/j/jcho5/VASP/vasp_slab/Pt100/PBE_D3,,-270.11818698,-222.03567525,,1000,,converged,45d47400b37146b3aa3bd090fc0ff8836c79df134113b657b87644629e475823,false
Pt100,acetic_acid,r2scan,CH3COOH_Pt100,,false,potential_mismatch,Complex and reference PAW potential identities differ or are missing; energy retained only as diagnostic,-1.34425974,/pscratch/sd/j/jcho5/VASP/dft_jobs/CH3COOH_Pt100/singlepoint/r2scan,0,/pscratch/sd/j/jcho5/VASP/vasp_slab/Pt100/r2scan,/pscratch/sd/j/jcho5/VASP/vasp_mol/CH3COOH/r2scan,-1887.38612206,-1835.69135898,-50.35050334,1000,500,converged,45d47400b37146b3aa3bd090fc0ff8836c79df134113b657b87644629e475823,false
Pt100,acetic_acid,beef_vdw,CH3COOH_Pt100,,false,potential_mismatch,Complex and reference PAW potential identities differ or are missing; energy retained only as diagnostic,-34.3943924,/pscratch/sd/j/jcho5/VASP/dft_jobs/CH3COOH_Pt100/singlepoint/beef_vdw,0,/pscratch/sd/j/jcho5/VASP/vasp_slab/Pt100/beef_vdw,/pscratch/sd/j/jcho5/VASP/vasp_mol/CH3COOH/beef_vdw,-135.01602896,-60.04329946,-40.5783371,1000,500,converged,45d47400b37146b3aa3bd090fc0ff8836c79df134113b657b87644629e475823,false
Pt110,acetic_acid,pbe,CH3COOH_Pt110,,false,reference_unavailable,No converged relaxed references with matching functional/composition,,/pscratch/sd/j/jcho5/VASP/dft_jobs/CH3COOH_Pt110/singlepoint/PBE,0,/pscratch/sd/j/jcho5/VASP/vasp_slab/Pt110/PBE,,-175.84609683,-128.30096322,,1000,,converged,7f2328a40364343d80196dfa650ca1ec94243cdab70cd91bb3311c12d7fdd281,false
Pt110,acetic_acid,pbe_d3,CH3COOH_Pt110,,false,reference_unavailable,No converged relaxed references with matching functional/composition,,/pscratch/sd/j/jcho5/VASP/dft_jobs/CH3COOH_Pt110/singlepoint/PBE_D3,0,/pscratch/sd/j/jcho5/VASP/vasp_slab/Pt110/PBE_D3,,-186.66442034,-138.57314769,,1000,,converged,7f2328a40364343d80196dfa650ca1ec94243cdab70cd91bb3311c12d7fdd281,false
Pt110,acetic_acid,r2scan,CH3COOH_Pt110,,false,potential_mismatch,Complex and reference PAW potential identities differ or are missing; energy retained only as diagnostic,-1.11653053,/pscratch/sd/j/jcho5/VASP/dft_jobs/CH3COOH_Pt110/singlepoint/r2scan,0,/pscratch/sd/j/jcho5/VASP/vasp_slab/Pt110/r2scan,/pscratch/sd/j/jcho5/VASP/vasp_mol/CH3COOH/r2scan,-1267.55334092,-1216.08630705,-50.35050334,1000,500,converged,7f2328a40364343d80196dfa650ca1ec94243cdab70cd91bb3311c12d7fdd281,false
Pt110,acetic_acid,beef_vdw,CH3COOH_Pt110,,false,potential_mismatch,Complex and reference PAW potential identities differ or are missing; energy retained only as diagnostic,-23.33277108,/pscratch/sd/j/jcho5/VASP/dft_jobs/CH3COOH_Pt110/singlepoint/beef_vdw,0,/pscratch/sd/j/jcho5/VASP/vasp_slab/Pt110/beef_vdw,/pscratch/sd/j/jcho5/VASP/vasp_mol/CH3COOH/beef_vdw,-96.59067684,-32.67956866,-40.5783371,1000,500,converged,7f2328a40364343d80196dfa650ca1ec94243cdab70cd91bb3311c12d7fdd281,false
Pt111,acetic_acid,pbe,CH3COOH_Pt111_top,top,false,reference_unavailable,No converged relaxed references with matching functional/composition,,/pscratch/sd/j/jcho5/VASP/dft_jobs/CH3COOH_Pt111_top/singlepoint/PBE,0,/pscratch/sd/j/jcho5/VASP/completion_runs/matched_potential_slabs_20260915/slab/Pt111_ac28ddddd3/pbe,,-255.69976365,-208.69592324,,500,,converged,abab1209af77740d5519c72a7266205a0ead4a1aba4e8cc12a8476f2093de9bd,false
Pt111,acetic_acid,pbe_d3,CH3COOH_Pt111_top,top,false,reference_unavailable,No converged relaxed references with matching functional/composition,,/pscratch/sd/j/jcho5/VASP/dft_jobs/CH3COOH_Pt111_top/singlepoint/PBE_D3,0,/pscratch/sd/j/jcho5/VASP/completion_runs/matched_potential_slabs_20260915/slab/Pt111_c3286ec1f4/pbe_d3,,-276.03160236,-228.59676698,,500,,converged,abab1209af77740d5519c72a7266205a0ead4a1aba4e8cc12a8476f2093de9bd,false
Pt111,acetic_acid,r2scan,CH3COOH_Pt111_top,top,false,reference_unavailable,No converged relaxed references with matching functional/composition,,/pscratch/sd/j/jcho5/VASP/dft_jobs/CH3COOH_Pt111_top/singlepoint/r2scan,0,,/pscratch/sd/j/jcho5/VASP/vasp_mol/CH3COOH/r2scan,-1892.55898962,,-50.35050334,,500,converged,abab1209af77740d5519c72a7266205a0ead4a1aba4e8cc12a8476f2093de9bd,false
Pt111,acetic_acid,beef_vdw,CH3COOH_Pt111_top,top,false,complex_unconverged,electronic_unconverged,,/pscratch/sd/j/jcho5/VASP/dft_jobs/CH3COOH_Pt111_top/singlepoint/beef_vdw,0,,/pscratch/sd/j/jcho5/VASP/vasp_mol/CH3COOH/beef_vdw,-139.36746981,,-40.5783371,,500,electronic_unconverged,abab1209af77740d5519c72a7266205a0ead4a1aba4e8cc12a8476f2093de9bd,false
Rh100,acetic_acid,pbe,CH3COOH_Rh100,,false,reference_unavailable,No converged relaxed references with matching functional/composition,,/pscratch/sd/j/jcho5/VASP/dft_jobs/CH3COOH_Rh100/singlepoint/PBE,0,/pscratch/sd/j/jcho5/VASP/vasp_slab/Rh100/PBE,,-289.92788006,-242.27634007,,1000,,converged,b8695d85fdeae8f9facb74c4ab0bbe48452b089f0dce7c465dd3a8f6e3af3dde,false
Rh100,acetic_acid,pbe_d3,CH3COOH_Rh100,,false,reference_unavailable,No converged relaxed references with matching functional/composition,,/pscratch/sd/j/jcho5/VASP/dft_jobs/CH3COOH_Rh100/singlepoint/PBE_D3,0,/pscratch/sd/j/jcho5/VASP/vasp_slab/Rh100/PBE_D3,,-304.14279773,-256.07544059,,1000,,converged,b8695d85fdeae8f9facb74c4ab0bbe48452b089f0dce7c465dd3a8f6e3af3dde,false
Rh100,acetic_acid,r2scan,CH3COOH_Rh100,,false,ok,NSW=0 complex; converged relaxed references; matching composition,-0.7270115,/pscratch/sd/j/jcho5/VASP/dft_jobs/CH3COOH_Rh100/singlepoint/r2scan,0,/pscratch/sd/j/jcho5/VASP/completion_runs/matched_potential_slabs_20260915/slab/Rh100_84c2195556/r2scan,/pscratch/sd/j/jcho5/VASP/vasp_mol/CH3COOH/r2scan,-899.45517992,-848.37766508,-50.35050334,500,500,converged,b8695d85fdeae8f9facb74c4ab0bbe48452b089f0dce7c465dd3a8f6e3af3dde,true
Rh100,acetic_acid,beef_vdw,CH3COOH_Rh100,,false,complex_unconverged,electronic_unconverged,,/pscratch/sd/j/jcho5/VASP/dft_jobs/CH3COOH_Rh100/singlepoint/beef_vdw,0,/pscratch/sd/j/jcho5/VASP/completion_runs/matched_potential_slabs_20260915/slab/Rh100_b2891dc541/beef_vdw,/pscratch/sd/j/jcho5/VASP/vasp_mol/CH3COOH/beef_vdw,-170.71230033,-130.4934363,-40.5783371,500,500,electronic_unconverged,b8695d85fdeae8f9facb74c4ab0bbe48452b089f0dce7c465dd3a8f6e3af3dde,false
Rh110,acetic_acid,pbe,CH3COOH_Rh110,,false,reference_unavailable,No converged relaxed references with matching functional/composition,,/pscratch/sd/j/jcho5/VASP/dft_jobs/CH3COOH_Rh110/singlepoint/PBE,0,/pscratch/sd/j/jcho5/VASP/vasp_slab/Rh110/PBE,,-200.70002246,-153.0579593,,1000,,converged,0a79ea0d33d46074d9919fbe73392c9f860ec16d450d0d966a4169b46cd2e222,false
Rh110,acetic_acid,pbe_d3,CH3COOH_Rh110,,false,reference_unavailable,No converged relaxed references with matching functional/composition,,/pscratch/sd/j/jcho5/VASP/dft_jobs/CH3COOH_Rh110/singlepoint/PBE_D3,0,/pscratch/sd/j/jcho5/VASP/vasp_slab/Rh110/PBE_D3,,-208.58167107,-160.48819907,,1000,,converged,0a79ea0d33d46074d9919fbe73392c9f860ec16d450d0d966a4169b46cd2e222,false
Rh110,acetic_acid,r2scan,CH3COOH_Rh110,,false,ok,NSW=0 complex; converged relaxed references; matching composition,-0.68093485,/pscratch/sd/j/jcho5/VASP/dft_jobs/CH3COOH_Rh110/singlepoint/r2scan,0,/pscratch/sd/j/jcho5/VASP/completion_runs/matched_potential_slabs_20260915/slab/Rh110_43367cbc6c/r2scan,/pscratch/sd/j/jcho5/VASP/vasp_mol/CH3COOH/r2scan,-609.36042875,-558.32899056,-50.35050334,500,500,converged,0a79ea0d33d46074d9919fbe73392c9f860ec16d450d0d966a4169b46cd2e222,true
Rh110,acetic_acid,beef_vdw,CH3COOH_Rh110,,false,ok,NSW=0 complex; converged relaxed references; matching composition,-0.82748905,/pscratch/sd/j/jcho5/VASP/dft_jobs/CH3COOH_Rh110/singlepoint/beef_vdw,0,/pscratch/sd/j/jcho5/VASP/completion_runs/matched_potential_slabs_20260915/slab/Rh110_a6be9fa2b9/beef_vdw,/pscratch/sd/j/jcho5/VASP/vasp_mol/CH3COOH/beef_vdw,-120.09831491,-78.69248876,-40.5783371,500,500,converged,0a79ea0d33d46074d9919fbe73392c9f860ec16d450d0d966a4169b46cd2e222,true
Rh111,acetic_acid,pbe,CH3COOH_Rh111,,false,reference_unavailable,No converged relaxed references with matching functional/composition,,/pscratch/sd/j/jcho5/VASP/dft_jobs/CH3COOH_Rh111/singlepoint/PBE,0,/pscratch/sd/j/jcho5/VASP/vasp_slab/Rh111/PBE,,-486.94731552,-439.14994289,,1000,,converged,73bb26bd9111d56ed046a16432cfff92118a0698119ef5b1a2ecc4d8cfe6e6a0,false
Rh111,acetic_acid,pbe_d3,CH3COOH_Rh111,,false,reference_unavailable,No converged relaxed references with matching functional/composition,,/pscratch/sd/j/jcho5/VASP/dft_jobs/CH3COOH_Rh111/singlepoint/PBE_D3,0,/pscratch/sd/j/jcho5/VASP/vasp_slab/Rh111/PBE_D3,,-513.30779223,-465.26142053,,1000,,converged,73bb26bd9111d56ed046a16432cfff92118a0698119ef5b1a2ecc4d8cfe6e6a0,false
Rh111,acetic_acid,r2scan,CH3COOH_Rh111,,false,potential_mismatch,Complex and reference PAW potential identities differ or are missing; energy retained only as diagnostic,-1.28338307,/pscratch/sd/j/jcho5/VASP/dft_jobs/CH3COOH_Rh111/singlepoint/r2scan,0,/pscratch/sd/j/jcho5/VASP/vasp_slab/Rh111/r2scan,/pscratch/sd/j/jcho5/VASP/vasp_mol/CH3COOH/r2scan,-1568.52379956,-1516.88991315,-50.35050334,1000,500,converged,73bb26bd9111d56ed046a16432cfff92118a0698119ef5b1a2ecc4d8cfe6e6a0,false
Rh111,acetic_acid,beef_vdw,CH3COOH_Rh111,,false,ok,NSW=0 complex; converged relaxed references; matching composition,-0.65809054,/pscratch/sd/j/jcho5/VASP/dft_jobs/CH3COOH_Rh111/singlepoint/beef_vdw,0,/pscratch/sd/j/jcho5/VASP/completion_runs/matched_potential_slabs_20260915/slab/Rh111_f89b45c425/beef_vdw,/pscratch/sd/j/jcho5/VASP/vasp_mol/CH3COOH/beef_vdw,-280.92122814,-239.6848005,-40.5783371,500,500,converged,73bb26bd9111d56ed046a16432cfff92118a0698119ef5b1a2ecc4d8cfe6e6a0,true
Ag100,DME,pbe,CH3OCH3_Ag100,,false,potential_mismatch,Complex and reference PAW potential identities differ or are missing; energy retained only as diagnostic,-0.72949841,/pscratch/sd/j/jcho5/VASP/dft_jobs/CH3OCH3_Ag100/singlepoint/PBE,0,/pscratch/sd/j/jcho5/VASP/vasp_slab/Ag100/PBE,/pscratch/sd/j/jcho5/VASP/completion_runs/dme_references_davidson_20260915/molecule/DME/PBE,-137.23125214,-90.12407184,-46.37768189,1000,500,converged,92f653bc3da47f396ee40c32b4a22223bb9520cd9d99f88b98b91e1b1b5c33a2,false
Ag100,DME,pbe_d3,CH3OCH3_Ag100,,false,potential_mismatch,Complex and reference PAW potential identities differ or are missing; energy retained only as diagnostic,-0.95664831,/pscratch/sd/j/jcho5/VASP/dft_jobs/CH3OCH3_Ag100/singlepoint/PBE_D3,0,/pscratch/sd/j/jcho5/VASP/vasp_slab/Ag100/PBE_D3,/pscratch/sd/j/jcho5/VASP/completion_runs/dme_references_davidson_20260915/molecule/DME/PBE_D3,-149.78052743,-102.4003605,-46.42351862,1000,500,converged,92f653bc3da47f396ee40c32b4a22223bb9520cd9d99f88b98b91e1b1b5c33a2,false
Ag100,DME,r2scan,CH3OCH3_Ag100,,false,potential_mismatch,Complex and reference PAW potential identities differ or are missing; energy retained only as diagnostic,-1.2288311,/pscratch/sd/j/jcho5/VASP/dft_jobs/CH3OCH3_Ag100/singlepoint/r2scan,0,/pscratch/sd/j/jcho5/VASP/vasp_slab/Ag100/r2scan,/pscratch/sd/j/jcho5/VASP/vasp_mol/CH3OCH3/r2scan,-809.43345058,-759.06403021,-49.14058927,1000,500,converged,92f653bc3da47f396ee40c32b4a22223bb9520cd9d99f88b98b91e1b1b5c33a2,false
Ag100,DME,beef_vdw,CH3OCH3_Ag100,,false,potential_mismatch,Complex and reference PAW potential identities differ or are missing; energy retained only as diagnostic,-25.18966691,/pscratch/sd/j/jcho5/VASP/dft_jobs/CH3OCH3_Ag100/singlepoint/beef_vdw,0,/pscratch/sd/j/jcho5/VASP/vasp_slab/Ag100/beef_vdw,/pscratch/sd/j/jcho5/VASP/vasp_mol/CH3OCH3/beef_vdw,-9.44111127,58.04168493,-42.29312929,1000,500,converged,92f653bc3da47f396ee40c32b4a22223bb9520cd9d99f88b98b91e1b1b5c33a2,false
Ag110,DME,pbe,CH3OCH3_Ag110,,false,potential_mismatch,Complex and reference PAW potential identities differ or are missing; energy retained only as diagnostic,-0.54294323,/pscratch/sd/j/jcho5/VASP/dft_jobs/CH3OCH3_Ag110/singlepoint/PBE,0,/pscratch/sd/j/jcho5/VASP/vasp_slab/Ag110/PBE,/pscratch/sd/j/jcho5/VASP/completion_runs/dme_references_davidson_20260915/molecule/DME/PBE,-104.26592946,-57.34530434,-46.37768189,1000,500,converged,ed82ec88eaf7a3f1c12aed00340a7e8ef892ee043f9f36d816826279b82f990f,false
Ag110,DME,pbe_d3,CH3OCH3_Ag110,,false,potential_mismatch,Complex and reference PAW potential identities differ or are missing; energy retained only as diagnostic,-0.83724539,/pscratch/sd/j/jcho5/VASP/dft_jobs/CH3OCH3_Ag110/singlepoint/PBE_D3,0,/pscratch/sd/j/jcho5/VASP/vasp_slab/Ag110/PBE_D3,/pscratch/sd/j/jcho5/VASP/completion_runs/dme_references_davidson_20260915/molecule/DME/PBE_D3,-111.34488471,-64.0841207,-46.42351862,1000,500,converged,ed82ec88eaf7a3f1c12aed00340a7e8ef892ee043f9f36d816826279b82f990f,false
Ag110,DME,r2scan,CH3OCH3_Ag110,,false,potential_mismatch,Complex and reference PAW potential identities differ or are missing; energy retained only as diagnostic,-0.94755321,/pscratch/sd/j/jcho5/VASP/dft_jobs/CH3OCH3_Ag110/singlepoint/r2scan,0,/pscratch/sd/j/jcho5/VASP/vasp_slab/Ag110/r2scan,/pscratch/sd/j/jcho5/VASP/vasp_mol/CH3OCH3/r2scan,-552.76838052,-502.68023804,-49.14058927,1000,500,converged,ed82ec88eaf7a3f1c12aed00340a7e8ef892ee043f9f36d816826279b82f990f,false
Ag110,DME,beef_vdw,CH3OCH3_Ag110,,false,potential_mismatch,Complex and reference PAW potential identities differ or are missing; energy retained only as diagnostic,-16.89922738,/pscratch/sd/j/jcho5/VASP/dft_jobs/CH3OCH3_Ag110/singlepoint/beef_vdw,0,/pscratch/sd/j/jcho5/VASP/vasp_slab/Ag110/beef_vdw,/pscratch/sd/j/jcho5/VASP/vasp_mol/CH3OCH3/beef_vdw,-17.58095298,41.61140369,-42.29312929,1000,500,converged,ed82ec88eaf7a3f1c12aed00340a7e8ef892ee043f9f36d816826279b82f990f,false
Ag111,DME,pbe,CH3OCH3_Ag111,,false,ok,NSW=0 complex; converged relaxed references; matching composition,-0.0169844,/pscratch/sd/j/jcho5/VASP/dft_jobs/CH3OCH3_Ag111/singlepoint/PBE,0,/pscratch/sd/j/jcho5/VASP/completion_runs/matched_potential_slabs_20260915/slab/Ag111_61964c781c/pbe,/pscratch/sd/j/jcho5/VASP/completion_runs/dme_references_davidson_20260915/molecule/DME/PBE,-138.64591398,-92.25124769,-46.37768189,500,500,converged,43a8a689db50587a08cdecc9f8e33bd31a754112fdc533b23d16836213d6b1b0,true
Ag111,DME,pbe_d3,CH3OCH3_Ag111,,false,ok,NSW=0 complex; converged relaxed references; matching composition,-0.08376782,/pscratch/sd/j/jcho5/VASP/dft_jobs/CH3OCH3_Ag111/singlepoint/PBE_D3,0,/pscratch/sd/j/jcho5/VASP/completion_runs/matched_potential_slabs_20260915/slab/Ag111_71d4cd48c4/pbe_d3,/pscratch/sd/j/jcho5/VASP/completion_runs/dme_references_davidson_20260915/molecule/DME/PBE_D3,-151.73420478,-105.22691834,-46.42351862,500,500,converged,43a8a689db50587a08cdecc9f8e33bd31a754112fdc533b23d16836213d6b1b0,true
Ag111,DME,r2scan,CH3OCH3_Ag111,,false,ok,NSW=0 complex; converged relaxed references; matching composition,0.06449857,/pscratch/sd/j/jcho5/VASP/dft_jobs/CH3OCH3_Ag111/singlepoint/r2scan,0,/pscratch/sd/j/jcho5/VASP/completion_runs/matched_potential_slabs_20260915/slab/Ag111_f9365ca685/r2scan,/pscratch/sd/j/jcho5/VASP/vasp_mol/CH3OCH3/r2scan,-811.12314231,-762.04705161,-49.14058927,500,500,converged,43a8a689db50587a08cdecc9f8e33bd31a754112fdc533b23d16836213d6b1b0,true
Ag111,DME,beef_vdw,CH3OCH3_Ag111,,false,ok,NSW=0 complex; converged relaxed references; matching composition,-0.34510285,/pscratch/sd/j/jcho5/VASP/dft_jobs/CH3OCH3_Ag111/singlepoint/beef_vdw,0,/pscratch/sd/j/jcho5/VASP/completion_runs/matched_potential_slabs_20260915/slab/Ag111_35207ad13f/beef_vdw,/pscratch/sd/j/jcho5/VASP/vasp_mol/CH3OCH3/beef_vdw,-10.6444953,31.99373684,-42.29312929,500,500,converged,43a8a689db50587a08cdecc9f8e33bd31a754112fdc533b23d16836213d6b1b0,true
Au100,DME,pbe,CH3OCH3_Au100,,false,reference_unavailable,No converged relaxed references with matching functional/composition,,/pscratch/sd/j/jcho5/VASP/dft_jobs/CH3OCH3_Au100/singlepoint/PBE,0,,/pscratch/sd/j/jcho5/VASP/completion_runs/dme_references_davidson_20260915/molecule/DME/PBE,-238.28522047,,-46.37768189,,500,converged,595006efff5bc7db8ba18006d702be24d9fdaf9677523eefed3a953cd18f1f87,false
Au100,DME,pbe_d3,CH3OCH3_Au100,,false,reference_unavailable,No converged relaxed references with matching functional/composition,,/pscratch/sd/j/jcho5/VASP/dft_jobs/CH3OCH3_Au100/singlepoint/PBE_D3,0,,/pscratch/sd/j/jcho5/VASP/completion_runs/dme_references_davidson_20260915/molecule/DME/PBE_D3,-268.70581262,,-46.42351862,,500,converged,595006efff5bc7db8ba18006d702be24d9fdaf9677523eefed3a953cd18f1f87,false
Au100,DME,r2scan,CH3OCH3_Au100,,false,reference_unavailable,No converged relaxed references with matching functional/composition,,/pscratch/sd/j/jcho5/VASP/dft_jobs/CH3OCH3_Au100/singlepoint/r2scan,0,,/pscratch/sd/j/jcho5/VASP/vasp_mol/CH3OCH3/r2scan,-3270.12523987,,-49.14058927,,500,converged,595006efff5bc7db8ba18006d702be24d9fdaf9677523eefed3a953cd18f1f87,false
Au100,DME,beef_vdw,CH3OCH3_Au100,,false,reference_unavailable,No converged relaxed references with matching functional/composition,,/pscratch/sd/j/jcho5/VASP/dft_jobs/CH3OCH3_Au100/singlepoint/beef_vdw,0,,/pscratch/sd/j/jcho5/VASP/vasp_mol/CH3OCH3/beef_vdw,-37.50796922,,-42.29312929,,500,converged,595006efff5bc7db8ba18006d702be24d9fdaf9677523eefed3a953cd18f1f87,false
Au110,DME,pbe,CH3OCH3_Au110,,false,reference_unavailable,No converged relaxed references with matching functional/composition,,/pscratch/sd/j/jcho5/VASP/dft_jobs/CH3OCH3_Au110/singlepoint/PBE,0,,/pscratch/sd/j/jcho5/VASP/completion_runs/dme_references_davidson_20260915/molecule/DME/PBE,-230.7775942,,-46.37768189,,500,converged,f265eda2880d6cf77057a8fc3cf9aeff64b56845a53579e1cddc44505cef6973,false
Au110,DME,pbe_d3,CH3OCH3_Au110,,false,reference_unavailable,No converged relaxed references with matching functional/composition,,/pscratch/sd/j/jcho5/VASP/dft_jobs/CH3OCH3_Au110/singlepoint/PBE_D3,0,,/pscratch/sd/j/jcho5/VASP/completion_runs/dme_references_davidson_20260915/molecule/DME/PBE_D3,-256.15396621,,-46.42351862,,500,converged,f265eda2880d6cf77057a8fc3cf9aeff64b56845a53579e1cddc44505cef6973,false
Au110,DME,r2scan,CH3OCH3_Au110,,false,reference_unavailable,No converged relaxed references with matching functional/composition,,/pscratch/sd/j/jcho5/VASP/dft_jobs/CH3OCH3_Au110/singlepoint/r2scan,0,,/pscratch/sd/j/jcho5/VASP/vasp_mol/CH3OCH3/r2scan,-3261.08358378,,-49.14058927,,500,converged,f265eda2880d6cf77057a8fc3cf9aeff64b56845a53579e1cddc44505cef6973,false
Au110,DME,beef_vdw,CH3OCH3_Au110,,false,reference_unavailable,No converged relaxed references with matching functional/composition,,/pscratch/sd/j/jcho5/VASP/dft_jobs/CH3OCH3_Au110/singlepoint/beef_vdw,0,,/pscratch/sd/j/jcho5/VASP/vasp_mol/CH3OCH3/beef_vdw,-29.4462754,,-42.29312929,,500,converged,f265eda2880d6cf77057a8fc3cf9aeff64b56845a53579e1cddc44505cef6973,false
Au111,DME,pbe,CH3OCH3_Au111,,false,reference_unavailable,No converged relaxed references with matching functional/composition,,/pscratch/sd/j/jcho5/VASP/dft_jobs/CH3OCH3_Au111/singlepoint/PBE,0,,/pscratch/sd/j/jcho5/VASP/completion_runs/dme_references_davidson_20260915/molecule/DME/PBE,-156.58580237,,-46.37768189,,500,converged,0caa3078862cd5b81518d7a40e7ae79c43bde4eb1353f5a63d8fa4ac2e31a735,false
Au111,DME,pbe_d3,CH3OCH3_Au111,,false,reference_unavailable,No converged relaxed references with matching functional/composition,,/pscratch/sd/j/jcho5/VASP/dft_jobs/CH3OCH3_Au111/singlepoint/PBE_D3,0,,/pscratch/sd/j/jcho5/VASP/completion_runs/dme_references_davidson_20260915/molecule/DME/PBE_D3,-174.47216475,,-46.42351862,,500,converged,0caa3078862cd5b81518d7a40e7ae79c43bde4eb1353f5a63d8fa4ac2e31a735,false
Au111,DME,r2scan,CH3OCH3_Au111,,false,reference_unavailable,No converged relaxed references with matching functional/composition,,/pscratch/sd/j/jcho5/VASP/dft_jobs/CH3OCH3_Au111/singlepoint/r2scan,0,,/pscratch/sd/j/jcho5/VASP/vasp_mol/CH3OCH3/r2scan,-1863.57938165,,-49.14058927,,500,converged,0caa3078862cd5b81518d7a40e7ae79c43bde4eb1353f5a63d8fa4ac2e31a735,false
Au111,DME,beef_vdw,CH3OCH3_Au111,,false,reference_unavailable,No converged relaxed references with matching functional/composition,,/pscratch/sd/j/jcho5/VASP/dft_jobs/CH3OCH3_Au111/singlepoint/beef_vdw,0,,/pscratch/sd/j/jcho5/VASP/vasp_mol/CH3OCH3/beef_vdw,-41.74885633,,-42.29312929,,500,converged,0caa3078862cd5b81518d7a40e7ae79c43bde4eb1353f5a63d8fa4ac2e31a735,false
Cu100,DME,pbe,CH3OCH3_Cu100,,false,ok,NSW=0 complex; converged relaxed references; matching composition,-0.13396879,/pscratch/sd/j/jcho5/VASP/dft_jobs/CH3OCH3_Cu100/singlepoint/PBE,0,/pscratch/sd/j/jcho5/VASP/vasp_slab/Cu100/PBE,/pscratch/sd/j/jcho5/VASP/completion_runs/dme_references_davidson_20260915/molecule/DME/PBE,-266.27847232,-219.76682164,-46.37768189,1000,500,converged,d50138e59e9cdaaf8a9a69f9b521efc4577c852ffbbd8d9d5a6fdb54ef8b129b,true
Cu100,DME,pbe_d3,CH3OCH3_Cu100,,false,ok,NSW=0 complex; converged relaxed references; matching composition,-0.43964251,/pscratch/sd/j/jcho5/VASP/dft_jobs/CH3OCH3_Cu100/singlepoint/PBE_D3,0,/pscratch/sd/j/jcho5/VASP/vasp_slab/Cu100/PBE_D3,/pscratch/sd/j/jcho5/VASP/completion_runs/dme_references_davidson_20260915/molecule/DME/PBE_D3,-287.70369366,-240.84053253,-46.42351862,1000,500,converged,d50138e59e9cdaaf8a9a69f9b521efc4577c852ffbbd8d9d5a6fdb54ef8b129b,true
Cu100,DME,r2scan,CH3OCH3_Cu100,,false,ok,NSW=0 complex; converged relaxed references; matching composition,-0.04250435,/pscratch/sd/j/jcho5/VASP/dft_jobs/CH3OCH3_Cu100/singlepoint/r2scan,0,/pscratch/sd/j/jcho5/VASP/vasp_slab/Cu100/r2scan,/pscratch/sd/j/jcho5/VASP/vasp_mol/CH3OCH3/r2scan,-719.49958763,-670.31649401,-49.14058927,1000,500,converged,d50138e59e9cdaaf8a9a69f9b521efc4577c852ffbbd8d9d5a6fdb54ef8b129b,true
Cu100,DME,beef_vdw,CH3OCH3_Cu100,,false,ok,NSW=0 complex; converged relaxed references; matching composition,-0.41529782,/pscratch/sd/j/jcho5/VASP/dft_jobs/CH3OCH3_Cu100/singlepoint/beef_vdw,0,/pscratch/sd/j/jcho5/VASP/completion_runs/site_gapfill_20260914/slab/C2H4_Cu100/beef_vdw,/pscratch/sd/j/jcho5/VASP/vasp_mol/CH3OCH3/beef_vdw,-53.28474971,-10.5763226,-42.29312929,1000,500,converged,d50138e59e9cdaaf8a9a69f9b521efc4577c852ffbbd8d9d5a6fdb54ef8b129b,true
Cu110,DME,pbe,CH3OCH3_Cu110,,false,potential_mismatch,Complex and reference PAW potential identities differ or are missing; energy retained only as diagnostic,0.28311427,/pscratch/sd/j/jcho5/VASP/dft_jobs/CH3OCH3_Cu110/singlepoint/PBE,0,/pscratch/sd/j/jcho5/VASP/vasp_slab/Cu110/PBE,/pscratch/sd/j/jcho5/VASP/completion_runs/dme_references_davidson_20260915/molecule/DME/PBE,-125.844601,-79.75003338,-46.37768189,1000,500,converged,66280da04831889405187d4e4b39a9446623ad7cb390391347f31a3db558e34a,false
Cu110,DME,pbe_d3,CH3OCH3_Cu110,,false,potential_mismatch,Complex and reference PAW potential identities differ or are missing; energy retained only as diagnostic,-0.1747244,/pscratch/sd/j/jcho5/VASP/dft_jobs/CH3OCH3_Cu110/singlepoint/PBE_D3,0,/pscratch/sd/j/jcho5/VASP/vasp_slab/Cu110/PBE_D3,/pscratch/sd/j/jcho5/VASP/completion_runs/dme_references_davidson_20260915/molecule/DME/PBE_D3,-132.68321546,-86.08497244,-46.42351862,1000,500,converged,66280da04831889405187d4e4b39a9446623ad7cb390391347f31a3db558e34a,false
Cu110,DME,r2scan,CH3OCH3_Cu110,,false,potential_mismatch,Complex and reference PAW potential identities differ or are missing; energy retained only as diagnostic,0.0961706,/pscratch/sd/j/jcho5/VASP/dft_jobs/CH3OCH3_Cu110/singlepoint/r2scan,0,/pscratch/sd/j/jcho5/VASP/vasp_slab/Cu110/r2scan,/pscratch/sd/j/jcho5/VASP/vasp_mol/CH3OCH3/r2scan,-297.07691427,-248.0324956,-49.14058927,1000,500,converged,66280da04831889405187d4e4b39a9446623ad7cb390391347f31a3db558e34a,false
Cu110,DME,beef_vdw,CH3OCH3_Cu110,,false,potential_mismatch,Complex and reference PAW potential identities differ or are missing; energy retained only as diagnostic,-31.24475886,/pscratch/sd/j/jcho5/VASP/dft_jobs/CH3OCH3_Cu110/singlepoint/beef_vdw,0,/pscratch/sd/j/jcho5/VASP/vasp_slab/Cu110/beef_vdw,/pscratch/sd/j/jcho5/VASP/vasp_mol/CH3OCH3/beef_vdw,-43.55269742,29.98519073,-42.29312929,1000,500,converged,66280da04831889405187d4e4b39a9446623ad7cb390391347f31a3db558e34a,false
Cu111,DME,pbe,CH3OCH3_Cu111,,false,ok,NSW=0 complex; converged relaxed references; matching composition,-0.04658144,/pscratch/sd/j/jcho5/VASP/dft_jobs/CH3OCH3_Cu111/singlepoint/PBE,0,/pscratch/sd/j/jcho5/VASP/completion_runs/matched_potential_slabs_20260915/slab/Cu111_28f90def6e/pbe,/pscratch/sd/j/jcho5/VASP/completion_runs/dme_references_davidson_20260915/molecule/DME/PBE,-270.50711646,-224.08285313,-46.37768189,500,500,converged,833d893580df78db15b19f8e3f9b0b515ab13c8a095cc0916c5abf55a2211420,true
Cu111,DME,pbe_d3,CH3OCH3_Cu111,,false,ok,NSW=0 complex; converged relaxed references; matching composition,-0.2164471,/pscratch/sd/j/jcho5/VASP/dft_jobs/CH3OCH3_Cu111/singlepoint/PBE_D3,0,/pscratch/sd/j/jcho5/VASP/completion_runs/matched_potential_slabs_20260915/slab/Cu111_6058af94f0/pbe_d3,/pscratch/sd/j/jcho5/VASP/completion_runs/dme_references_davidson_20260915/molecule/DME/PBE_D3,-293.20948855,-246.56952283,-46.42351862,500,500,converged,833d893580df78db15b19f8e3f9b0b515ab13c8a095cc0916c5abf55a2211420,true
Cu111,DME,r2scan,CH3OCH3_Cu111,,false,ok,NSW=0 complex; converged relaxed references; matching composition,0.10400366,/pscratch/sd/j/jcho5/VASP/dft_jobs/CH3OCH3_Cu111/singlepoint/r2scan,0,/pscratch/sd/j/jcho5/VASP/completion_runs/matched_potential_slabs_20260915/slab/Cu111_96724abedd/r2scan,/pscratch/sd/j/jcho5/VASP/vasp_mol/CH3OCH3/r2scan,-724.46680279,-675.43021718,-49.14058927,500,500,converged,833d893580df78db15b19f8e3f9b0b515ab13c8a095cc0916c5abf55a2211420,true
Cu111,DME,beef_vdw,CH3OCH3_Cu111,,false,ok,NSW=0 complex; converged relaxed references; matching composition,-0.30721077,/pscratch/sd/j/jcho5/VASP/dft_jobs/CH3OCH3_Cu111/singlepoint/beef_vdw,0,/pscratch/sd/j/jcho5/VASP/completion_runs/matched_potential_slabs_20260915/slab/Cu111_11f50e50d8/beef_vdw,/pscratch/sd/j/jcho5/VASP/vasp_mol/CH3OCH3/beef_vdw,-57.20028321,-14.59994315,-42.29312929,500,500,converged,833d893580df78db15b19f8e3f9b0b515ab13c8a095cc0916c5abf55a2211420,true
Ir100,DME,pbe,CH3OCH3_Ir100,,false,ok,NSW=0 complex; converged relaxed references; matching composition,-0.30723141,/pscratch/sd/j/jcho5/VASP/dft_jobs/CH3OCH3_Ir100/singlepoint/PBE,0,/pscratch/sd/j/jcho5/VASP/vasp_slab/Ir100/PBE,/pscratch/sd/j/jcho5/VASP/completion_runs/dme_references_davidson_20260915/molecule/DME/PBE,-341.08592744,-294.40101414,-46.37768189,1000,500,converged,2432fea7a890183a238fbfd447f26ca7ca0e1c1c5c4c16fdd21df358fa55f1b9,true
Ir100,DME,pbe_d3,CH3OCH3_Ir100,,false,ok,NSW=0 complex; converged relaxed references; matching composition,-0.83829914,/pscratch/sd/j/jcho5/VASP/dft_jobs/CH3OCH3_Ir100/singlepoint/PBE_D3,0,/pscratch/sd/j/jcho5/VASP/vasp_slab/Ir100/PBE_D3,/pscratch/sd/j/jcho5/VASP/completion_runs/dme_references_davidson_20260915/molecule/DME/PBE_D3,-358.86426754,-311.60244978,-46.42351862,1000,500,converged,2432fea7a890183a238fbfd447f26ca7ca0e1c1c5c4c16fdd21df358fa55f1b9,true
Ir100,DME,r2scan,CH3OCH3_Ir100,,false,ok,NSW=0 complex; converged relaxed references; matching composition,-0.62889232,/pscratch/sd/j/jcho5/VASP/dft_jobs/CH3OCH3_Ir100/singlepoint/r2scan,0,/pscratch/sd/j/jcho5/VASP/completion_runs/site_gapfill_20260914/slab/C2H4_Ir100/r2scan,/pscratch/sd/j/jcho5/VASP/vasp_mol/CH3OCH3/r2scan,-1908.43496634,-1858.66548475,-49.14058927,1000,500,converged,2432fea7a890183a238fbfd447f26ca7ca0e1c1c5c4c16fdd21df358fa55f1b9,true
Ir100,DME,beef_vdw,CH3OCH3_Ir100,,false,ok,NSW=0 complex; converged relaxed references; matching composition,-0.61456426,/pscratch/sd/j/jcho5/VASP/dft_jobs/CH3OCH3_Ir100/singlepoint/beef_vdw,0,/pscratch/sd/j/jcho5/VASP/vasp_slab/Ir100/beef_vdw,/pscratch/sd/j/jcho5/VASP/vasp_mol/CH3OCH3/beef_vdw,-225.92526014,-183.01756659,-42.29312929,1000,500,converged,2432fea7a890183a238fbfd447f26ca7ca0e1c1c5c4c16fdd21df358fa55f1b9,true
Ir110,DME,pbe,CH3OCH3_Ir110,,false,ok,NSW=0 complex; converged relaxed references; matching composition,-0.49595715,/pscratch/sd/j/jcho5/VASP/dft_jobs/CH3OCH3_Ir110/singlepoint/PBE,0,/pscratch/sd/j/jcho5/VASP/vasp_slab/Ir110/PBE,/pscratch/sd/j/jcho5/VASP/completion_runs/dme_references_davidson_20260915/molecule/DME/PBE,-232.66642475,-185.79278571,-46.37768189,1000,500,converged,4c39719603e0622211cced715d55634f016e0884a54023a146a49b3636683923,true
Ir110,DME,pbe_d3,CH3OCH3_Ir110,,false,ok,NSW=0 complex; converged relaxed references; matching composition,-1.01034103,/pscratch/sd/j/jcho5/VASP/dft_jobs/CH3OCH3_Ir110/singlepoint/PBE_D3,0,/pscratch/sd/j/jcho5/VASP/vasp_slab/Ir110/PBE_D3,/pscratch/sd/j/jcho5/VASP/completion_runs/dme_references_davidson_20260915/molecule/DME/PBE_D3,-242.57208115,-195.1382215,-46.42351862,1000,500,converged,4c39719603e0622211cced715d55634f016e0884a54023a146a49b3636683923,true
Ir110,DME,r2scan,CH3OCH3_Ir110,,false,ok,NSW=0 complex; converged relaxed references; matching composition,-0.69526785,/pscratch/sd/j/jcho5/VASP/dft_jobs/CH3OCH3_Ir110/singlepoint/r2scan,0,/pscratch/sd/j/jcho5/VASP/vasp_slab/Ir110/r2scan,/pscratch/sd/j/jcho5/VASP/vasp_mol/CH3OCH3/r2scan,-1278.51260879,-1228.67675167,-49.14058927,1000,500,converged,4c39719603e0622211cced715d55634f016e0884a54023a146a49b3636683923,true
Ir110,DME,beef_vdw,CH3OCH3_Ir110,,false,ok,NSW=0 complex; converged relaxed references; matching composition,-0.89116866,/pscratch/sd/j/jcho5/VASP/dft_jobs/CH3OCH3_Ir110/singlepoint/beef_vdw,0,/pscratch/sd/j/jcho5/VASP/vasp_slab/Ir110/beef_vdw,/pscratch/sd/j/jcho5/VASP/vasp_mol/CH3OCH3/beef_vdw,-154.43679549,-111.25249754,-42.29312929,1000,500,converged,4c39719603e0622211cced715d55634f016e0884a54023a146a49b3636683923,true
Ir111,DME,pbe,CH3OCH3_Ir111,,false,ok,NSW=0 complex; converged relaxed references; matching composition,-0.16653728,/pscratch/sd/j/jcho5/VASP/dft_jobs/CH3OCH3_Ir111/singlepoint/PBE,0,/pscratch/sd/j/jcho5/VASP/vasp_slab/Ir111/PBE,/pscratch/sd/j/jcho5/VASP/completion_runs/dme_references_davidson_20260915/molecule/DME/PBE,-584.85616207,-538.3119429,-46.37768189,1000,500,converged,087a1f19fa07298ba9145a269cb8c3df827b2a74096e78d9b1f11e57ae636ba4,true
Ir111,DME,pbe_d3,CH3OCH3_Ir111,,false,ok,NSW=0 complex; converged relaxed references; matching composition,-0.53503094,/pscratch/sd/j/jcho5/VASP/dft_jobs/CH3OCH3_Ir111/singlepoint/PBE_D3,0,/pscratch/sd/j/jcho5/VASP/vasp_slab/Ir111/PBE_D3,/pscratch/sd/j/jcho5/VASP/completion_runs/dme_references_davidson_20260915/molecule/DME/PBE_D3,-617.74159351,-570.78304395,-46.42351862,1000,500,converged,087a1f19fa07298ba9145a269cb8c3df827b2a74096e78d9b1f11e57ae636ba4,true
Ir111,DME,r2scan,CH3OCH3_Ir111,,false,ok,NSW=0 complex; converged relaxed references; matching composition,-0.28281186,/pscratch/sd/j/jcho5/VASP/dft_jobs/CH3OCH3_Ir111/singlepoint/r2scan,0,/pscratch/sd/j/jcho5/VASP/vasp_slab/Ir111/r2scan,/pscratch/sd/j/jcho5/VASP/vasp_mol/CH3OCH3/r2scan,-3370.10654322,-3320.68314209,-49.14058927,1000,500,converged,087a1f19fa07298ba9145a269cb8c3df827b2a74096e78d9b1f11e57ae636ba4,true
Ir111,DME,beef_vdw,CH3OCH3_Ir111,,false,ok,NSW=0 complex; converged relaxed references; matching composition,-0.58705258,/pscratch/sd/j/jcho5/VASP/dft_jobs/CH3OCH3_Ir111/singlepoint/beef_vdw,0,/pscratch/sd/j/jcho5/VASP/vasp_slab/Ir111/beef_vdw,/pscratch/sd/j/jcho5/VASP/vasp_mol/CH3OCH3/beef_vdw,-382.36715179,-339.48696992,-42.29312929,1000,500,converged,087a1f19fa07298ba9145a269cb8c3df827b2a74096e78d9b1f11e57ae636ba4,true
Pd100,DME,pbe,CH3OCH3_Pd100,,false,potential_mismatch,Complex and reference PAW potential identities differ or are missing; energy retained only as diagnostic,-0.31054726,/pscratch/sd/j/jcho5/VASP/dft_jobs/CH3OCH3_Pd100/singlepoint/PBE,0,/pscratch/sd/j/jcho5/VASP/vasp_slab/Pd100/PBE,/pscratch/sd/j/jcho5/VASP/completion_runs/dme_references_davidson_20260915/molecule/DME/PBE,-221.99002167,-175.30179252,-46.37768189,1000,500,converged,ab91c4baa9fa4d12d9b24bade030a8e1daf8a8428dfb7f0381571c1fba8197ae,false
Pd100,DME,pbe_d3,CH3OCH3_Pd100,,false,potential_mismatch,Complex and reference PAW potential identities differ or are missing; energy retained only as diagnostic,-0.76416275,/pscratch/sd/j/jcho5/VASP/dft_jobs/CH3OCH3_Pd100/singlepoint/PBE_D3,0,/pscratch/sd/j/jcho5/VASP/vasp_slab/Pd100/PBE_D3,/pscratch/sd/j/jcho5/VASP/completion_runs/dme_references_davidson_20260915/molecule/DME/PBE_D3,-236.64808818,-189.46040681,-46.42351862,1000,500,converged,ab91c4baa9fa4d12d9b24bade030a8e1daf8a8428dfb7f0381571c1fba8197ae,false
Pd100,DME,r2scan,CH3OCH3_Pd100,,false,ok,NSW=0 complex; converged relaxed references; matching composition,-0.37293964,/pscratch/sd/j/jcho5/VASP/dft_jobs/CH3OCH3_Pd100/singlepoint/r2scan,0,/pscratch/sd/j/jcho5/VASP/completion_runs/matched_potential_slabs_20260915/slab/Pd100_25986b23a9/r2scan,/pscratch/sd/j/jcho5/VASP/vasp_mol/CH3OCH3/r2scan,-861.98266214,-812.46913323,-49.14058927,500,500,converged,ab91c4baa9fa4d12d9b24bade030a8e1daf8a8428dfb7f0381571c1fba8197ae,true
Pd100,DME,beef_vdw,CH3OCH3_Pd100,,false,ok,NSW=0 complex; converged relaxed references; matching composition,-0.44700684,/pscratch/sd/j/jcho5/VASP/dft_jobs/CH3OCH3_Pd100/singlepoint/beef_vdw,0,/pscratch/sd/j/jcho5/VASP/completion_runs/matched_potential_slabs_20260915/slab/Pd100_b7d9b89afa/beef_vdw,/pscratch/sd/j/jcho5/VASP/vasp_mol/CH3OCH3/beef_vdw,-95.9096862,-53.16955007,-42.29312929,500,500,converged,ab91c4baa9fa4d12d9b24bade030a8e1daf8a8428dfb7f0381571c1fba8197ae,true
Pd110,DME,pbe,CH3OCH3_Pd110,,false,potential_mismatch,Complex and reference PAW potential identities differ or are missing; energy retained only as diagnostic,-0.33259143,/pscratch/sd/j/jcho5/VASP/dft_jobs/CH3OCH3_Pd110/singlepoint/PBE,0,/pscratch/sd/j/jcho5/VASP/vasp_slab/Pd110/PBE,/pscratch/sd/j/jcho5/VASP/completion_runs/dme_references_davidson_20260915/molecule/DME/PBE,-157.54445277,-110.83417945,-46.37768189,1000,500,converged,d900f587effab3c3d3340f171d1645979a32eaad9871329953c667850b9f287c,false
Pd110,DME,pbe_d3,CH3OCH3_Pd110,,false,potential_mismatch,Complex and reference PAW potential identities differ or are missing; energy retained only as diagnostic,-0.82039592,/pscratch/sd/j/jcho5/VASP/dft_jobs/CH3OCH3_Pd110/singlepoint/PBE_D3,0,/pscratch/sd/j/jcho5/VASP/vasp_slab/Pd110/PBE_D3,/pscratch/sd/j/jcho5/VASP/completion_runs/dme_references_davidson_20260915/molecule/DME/PBE_D3,-165.76704859,-118.52313405,-46.42351862,1000,500,converged,d900f587effab3c3d3340f171d1645979a32eaad9871329953c667850b9f287c,false
Pd110,DME,r2scan,CH3OCH3_Pd110,,false,ok,NSW=0 complex; converged relaxed references; matching composition,-0.50666817,/pscratch/sd/j/jcho5/VASP/dft_jobs/CH3OCH3_Pd110/singlepoint/r2scan,0,/pscratch/sd/j/jcho5/VASP/completion_runs/matched_potential_slabs_20260915/slab/Pd110_2eb6224610/r2scan,/pscratch/sd/j/jcho5/VASP/vasp_mol/CH3OCH3/r2scan,-584.68123009,-535.03397265,-49.14058927,500,500,converged,d900f587effab3c3d3340f171d1645979a32eaad9871329953c667850b9f287c,true
Pd110,DME,beef_vdw,CH3OCH3_Pd110,,false,ok,NSW=0 complex; converged relaxed references; matching composition,-0.55484809,/pscratch/sd/j/jcho5/VASP/dft_jobs/CH3OCH3_Pd110/singlepoint/beef_vdw,0,/pscratch/sd/j/jcho5/VASP/completion_runs/matched_potential_slabs_20260915/slab/Pd110_7655ac7da9/beef_vdw,/pscratch/sd/j/jcho5/VASP/vasp_mol/CH3OCH3/beef_vdw,-72.20826455,-29.36028717,-42.29312929,500,500,converged,d900f587effab3c3d3340f171d1645979a32eaad9871329953c667850b9f287c,true
Pd111,DME,pbe,CH3OCH3_Pd111,,false,ok,NSW=0 complex; converged relaxed references; matching composition,-0.11867137,/pscratch/sd/j/jcho5/VASP/dft_jobs/CH3OCH3_Pd111/singlepoint/PBE,0,/pscratch/sd/j/jcho5/VASP/completion_runs/matched_potential_slabs_20260915/slab/Pd111_ffc3f47166/pbe,/pscratch/sd/j/jcho5/VASP/completion_runs/dme_references_davidson_20260915/molecule/DME/PBE,-224.62605229,-178.12969903,-46.37768189,500,500,converged,49d0968d76c6c5c489c14f94034431c700412aeb21d5aa33f99dd25ceb258944,true
Pd111,DME,pbe_d3,CH3OCH3_Pd111,,false,ok,NSW=0 complex; converged relaxed references; matching composition,-0.5606786,/pscratch/sd/j/jcho5/VASP/dft_jobs/CH3OCH3_Pd111/singlepoint/PBE_D3,0,/pscratch/sd/j/jcho5/VASP/completion_runs/matched_potential_slabs_20260915/slab/Pd111_0333765c8d/pbe_d3,/pscratch/sd/j/jcho5/VASP/completion_runs/dme_references_davidson_20260915/molecule/DME/PBE_D3,-240.04731892,-193.0631217,-46.42351862,500,500,converged,49d0968d76c6c5c489c14f94034431c700412aeb21d5aa33f99dd25ceb258944,true
Pd111,DME,r2scan,CH3OCH3_Pd111,,false,reference_unavailable,No converged relaxed references with matching functional/composition,,/pscratch/sd/j/jcho5/VASP/dft_jobs/CH3OCH3_Pd111/singlepoint/r2scan,0,,/pscratch/sd/j/jcho5/VASP/vasp_mol/CH3OCH3/r2scan,-865.12249146,,-49.14058927,,500,converged,49d0968d76c6c5c489c14f94034431c700412aeb21d5aa33f99dd25ceb258944,false
Pd111,DME,beef_vdw,CH3OCH3_Pd111,,false,ok,NSW=0 complex; converged relaxed references; matching composition,-0.45915779,/pscratch/sd/j/jcho5/VASP/dft_jobs/CH3OCH3_Pd111/singlepoint/beef_vdw,0,/pscratch/sd/j/jcho5/VASP/completion_runs/matched_potential_slabs_20260915/slab/Pd111_f1f527eac1/beef_vdw,/pscratch/sd/j/jcho5/VASP/vasp_mol/CH3OCH3/beef_vdw,-98.20669156,-55.45440448,-42.29312929,500,500,converged,49d0968d76c6c5c489c14f94034431c700412aeb21d5aa33f99dd25ceb258944,true
Pt100,DME,pbe,CH3OCH3_Pt100,,false,potential_mismatch,Complex and reference PAW potential identities differ or are missing; energy retained only as diagnostic,-0.63513,/pscratch/sd/j/jcho5/VASP/dft_jobs/CH3OCH3_Pt100/singlepoint/PBE,0,/pscratch/sd/j/jcho5/VASP/vasp_slab/Pt100/PBE,/pscratch/sd/j/jcho5/VASP/completion_runs/dme_references_davidson_20260915/molecule/DME/PBE,-250.03994049,-203.0271286,-46.37768189,1000,500,converged,9eb01909ecdcd579a041c99f108499583cbec17b808de52c8b79ee32f365070e,false
Pt100,DME,pbe_d3,CH3OCH3_Pt100,,false,potential_mismatch,Complex and reference PAW potential identities differ or are missing; energy retained only as diagnostic,-1.18584605,/pscratch/sd/j/jcho5/VASP/dft_jobs/CH3OCH3_Pt100/singlepoint/PBE_D3,0,/pscratch/sd/j/jcho5/VASP/vasp_slab/Pt100/PBE_D3,/pscratch/sd/j/jcho5/VASP/completion_runs/dme_references_davidson_20260915/molecule/DME/PBE_D3,-269.64503992,-222.03567525,-46.42351862,1000,500,converged,9eb01909ecdcd579a041c99f108499583cbec17b808de52c8b79ee32f365070e,false
Pt100,DME,r2scan,CH3OCH3_Pt100,,false,potential_mismatch,Complex and reference PAW potential identities differ or are missing; energy retained only as diagnostic,-1.16011469,/pscratch/sd/j/jcho5/VASP/dft_jobs/CH3OCH3_Pt100/singlepoint/r2scan,0,/pscratch/sd/j/jcho5/VASP/vasp_slab/Pt100/r2scan,/pscratch/sd/j/jcho5/VASP/vasp_mol/CH3OCH3/r2scan,-1885.99206294,-1835.69135898,-49.14058927,1000,500,converged,9eb01909ecdcd579a041c99f108499583cbec17b808de52c8b79ee32f365070e,false
Pt100,DME,beef_vdw,CH3OCH3_Pt100,,false,potential_mismatch,Complex and reference PAW potential identities differ or are missing; energy retained only as diagnostic,-34.3205486,/pscratch/sd/j/jcho5/VASP/dft_jobs/CH3OCH3_Pt100/singlepoint/beef_vdw,0,/pscratch/sd/j/jcho5/VASP/vasp_slab/Pt100/beef_vdw,/pscratch/sd/j/jcho5/VASP/vasp_mol/CH3OCH3/beef_vdw,-136.65697735,-60.04329946,-42.29312929,1000,500,converged,9eb01909ecdcd579a041c99f108499583cbec17b808de52c8b79ee32f365070e,false
Pt110,DME,pbe,CH3OCH3_Pt110,,false,potential_mismatch,Complex and reference PAW potential identities differ or are missing; energy retained only as diagnostic,-0.60267227,/pscratch/sd/j/jcho5/VASP/dft_jobs/CH3OCH3_Pt110/singlepoint/PBE,0,/pscratch/sd/j/jcho5/VASP/vasp_slab/Pt110/PBE,/pscratch/sd/j/jcho5/VASP/completion_runs/dme_references_davidson_20260915/molecule/DME/PBE,-175.28131738,-128.30096322,-46.37768189,1000,500,converged,b0690f10ac711f259fb7ecae34e01d4b00d1b7b3fbd7baa5f2366573c9ce5f54,false
Pt110,DME,pbe_d3,CH3OCH3_Pt110,,false,potential_mismatch,Complex and reference PAW potential identities differ or are missing; energy retained only as diagnostic,-1.23148258,/pscratch/sd/j/jcho5/VASP/dft_jobs/CH3OCH3_Pt110/singlepoint/PBE_D3,0,/pscratch/sd/j/jcho5/VASP/vasp_slab/Pt110/PBE_D3,/pscratch/sd/j/jcho5/VASP/completion_runs/dme_references_davidson_20260915/molecule/DME/PBE_D3,-186.22814889,-138.57314769,-46.42351862,1000,500,converged,b0690f10ac711f259fb7ecae34e01d4b00d1b7b3fbd7baa5f2366573c9ce5f54,false
Pt110,DME,r2scan,CH3OCH3_Pt110,,false,potential_mismatch,Complex and reference PAW potential identities differ or are missing; energy retained only as diagnostic,-0.98026857,/pscratch/sd/j/jcho5/VASP/dft_jobs/CH3OCH3_Pt110/singlepoint/r2scan,0,/pscratch/sd/j/jcho5/VASP/vasp_slab/Pt110/r2scan,/pscratch/sd/j/jcho5/VASP/vasp_mol/CH3OCH3/r2scan,-1266.20716489,-1216.08630705,-49.14058927,1000,500,converged,b0690f10ac711f259fb7ecae34e01d4b00d1b7b3fbd7baa5f2366573c9ce5f54,false
Pt110,DME,beef_vdw,CH3OCH3_Pt110,,false,potential_mismatch,Complex and reference PAW potential identities differ or are missing; energy retained only as diagnostic,-23.25618684,/pscratch/sd/j/jcho5/VASP/dft_jobs/CH3OCH3_Pt110/singlepoint/beef_vdw,0,/pscratch/sd/j/jcho5/VASP/vasp_slab/Pt110/beef_vdw,/pscratch/sd/j/jcho5/VASP/vasp_mol/CH3OCH3/beef_vdw,-98.22888479,-32.67956866,-42.29312929,1000,500,converged,b0690f10ac711f259fb7ecae34e01d4b00d1b7b3fbd7baa5f2366573c9ce5f54,false
Rh100,DME,pbe,CH3OCH3_Rh100,,false,potential_mismatch,Complex and reference PAW potential identities differ or are missing; energy retained only as diagnostic,-0.60058257,/pscratch/sd/j/jcho5/VASP/dft_jobs/CH3OCH3_Rh100/singlepoint/PBE,0,/pscratch/sd/j/jcho5/VASP/vasp_slab/Rh100/PBE,/pscratch/sd/j/jcho5/VASP/completion_runs/dme_references_davidson_20260915/molecule/DME/PBE,-289.25460453,-242.27634007,-46.37768189,1000,500,converged,455bd3866fa46e90bb3bdb6aee1d2498f14f09221f7e2891c77af4d213d4152c,false
Rh100,DME,pbe_d3,CH3OCH3_Rh100,,false,potential_mismatch,Complex and reference PAW potential identities differ or are missing; energy retained only as diagnostic,-1.06909558,/pscratch/sd/j/jcho5/VASP/dft_jobs/CH3OCH3_Rh100/singlepoint/PBE_D3,0,/pscratch/sd/j/jcho5/VASP/vasp_slab/Rh100/PBE_D3,/pscratch/sd/j/jcho5/VASP/completion_runs/dme_references_davidson_20260915/molecule/DME/PBE_D3,-303.56805479,-256.07544059,-46.42351862,1000,500,converged,455bd3866fa46e90bb3bdb6aee1d2498f14f09221f7e2891c77af4d213d4152c,false
Rh100,DME,r2scan,CH3OCH3_Rh100,,false,ok,NSW=0 complex; converged relaxed references; matching composition,-0.47310716,/pscratch/sd/j/jcho5/VASP/dft_jobs/CH3OCH3_Rh100/singlepoint/r2scan,0,/pscratch/sd/j/jcho5/VASP/completion_runs/matched_potential_slabs_20260915/slab/Rh100_84c2195556/r2scan,/pscratch/sd/j/jcho5/VASP/vasp_mol/CH3OCH3/r2scan,-897.99136151,-848.37766508,-49.14058927,500,500,converged,455bd3866fa46e90bb3bdb6aee1d2498f14f09221f7e2891c77af4d213d4152c,true
Rh100,DME,beef_vdw,CH3OCH3_Rh100,,false,complex_unconverged,electronic_unconverged,,/pscratch/sd/j/jcho5/VASP/dft_jobs/CH3OCH3_Rh100/singlepoint/beef_vdw,0,/pscratch/sd/j/jcho5/VASP/completion_runs/matched_potential_slabs_20260915/slab/Rh100_b2891dc541/beef_vdw,/pscratch/sd/j/jcho5/VASP/vasp_mol/CH3OCH3/beef_vdw,-172.40543028,-130.4934363,-42.29312929,500,500,electronic_unconverged,455bd3866fa46e90bb3bdb6aee1d2498f14f09221f7e2891c77af4d213d4152c,false
Rh110,DME,pbe,CH3OCH3_Rh110,,false,potential_mismatch,Complex and reference PAW potential identities differ or are missing; energy retained only as diagnostic,-0.61641523,/pscratch/sd/j/jcho5/VASP/dft_jobs/CH3OCH3_Rh110/singlepoint/PBE,0,/pscratch/sd/j/jcho5/VASP/vasp_slab/Rh110/PBE,/pscratch/sd/j/jcho5/VASP/completion_runs/dme_references_davidson_20260915/molecule/DME/PBE,-200.05205642,-153.0579593,-46.37768189,1000,500,converged,75d71d2756f3a13d581e7b8e3242d6eb7a344031fce6e22b6c1f3295752bb7ab,false
Rh110,DME,pbe_d3,CH3OCH3_Rh110,,false,potential_mismatch,Complex and reference PAW potential identities differ or are missing; energy retained only as diagnostic,-1.13499984,/pscratch/sd/j/jcho5/VASP/dft_jobs/CH3OCH3_Rh110/singlepoint/PBE_D3,0,/pscratch/sd/j/jcho5/VASP/vasp_slab/Rh110/PBE_D3,/pscratch/sd/j/jcho5/VASP/completion_runs/dme_references_davidson_20260915/molecule/DME/PBE_D3,-208.04671753,-160.48819907,-46.42351862,1000,500,converged,75d71d2756f3a13d581e7b8e3242d6eb7a344031fce6e22b6c1f3295752bb7ab,false
Rh110,DME,r2scan,CH3OCH3_Rh110,,false,ok,NSW=0 complex; converged relaxed references; matching composition,-0.45040694,/pscratch/sd/j/jcho5/VASP/dft_jobs/CH3OCH3_Rh110/singlepoint/r2scan,0,/pscratch/sd/j/jcho5/VASP/completion_runs/matched_potential_slabs_20260915/slab/Rh110_43367cbc6c/r2scan,/pscratch/sd/j/jcho5/VASP/vasp_mol/CH3OCH3/r2scan,-607.91998677,-558.32899056,-49.14058927,500,500,converged,75d71d2756f3a13d581e7b8e3242d6eb7a344031fce6e22b6c1f3295752bb7ab,true
Rh110,DME,beef_vdw,CH3OCH3_Rh110,,false,ok,NSW=0 complex; converged relaxed references; matching composition,-0.66415433,/pscratch/sd/j/jcho5/VASP/dft_jobs/CH3OCH3_Rh110/singlepoint/beef_vdw,0,/pscratch/sd/j/jcho5/VASP/completion_runs/matched_potential_slabs_20260915/slab/Rh110_a6be9fa2b9/beef_vdw,/pscratch/sd/j/jcho5/VASP/vasp_mol/CH3OCH3/beef_vdw,-121.64977238,-78.69248876,-42.29312929,500,500,converged,75d71d2756f3a13d581e7b8e3242d6eb7a344031fce6e22b6c1f3295752bb7ab,true
Rh111,DME,pbe,CH3OCH3_Rh111,,false,potential_mismatch,Complex and reference PAW potential identities differ or are missing; energy retained only as diagnostic,-0.83265029,/pscratch/sd/j/jcho5/VASP/dft_jobs/CH3OCH3_Rh111/singlepoint/PBE,0,/pscratch/sd/j/jcho5/VASP/vasp_slab/Rh111/PBE,/pscratch/sd/j/jcho5/VASP/completion_runs/dme_references_davidson_20260915/molecule/DME/PBE,-486.36027507,-439.14994289,-46.37768189,1000,500,converged,7ec8c752ea72b276b947a16472bc4ffc3c4133187b15a7bb125e9a8a55979feb,false
Rh111,DME,pbe_d3,CH3OCH3_Rh111,,false,potential_mismatch,Complex and reference PAW potential identities differ or are missing; energy retained only as diagnostic,-1.14127235,/pscratch/sd/j/jcho5/VASP/dft_jobs/CH3OCH3_Rh111/singlepoint/PBE_D3,0,/pscratch/sd/j/jcho5/VASP/vasp_slab/Rh111/PBE_D3,/pscratch/sd/j/jcho5/VASP/completion_runs/dme_references_davidson_20260915/molecule/DME/PBE_D3,-512.8262115,-465.26142053,-46.42351862,1000,500,converged,7ec8c752ea72b276b947a16472bc4ffc3c4133187b15a7bb125e9a8a55979feb,false
Rh111,DME,r2scan,CH3OCH3_Rh111,,false,potential_mismatch,Complex and reference PAW potential identities differ or are missing; energy retained only as diagnostic,-1.1232631,/pscratch/sd/j/jcho5/VASP/dft_jobs/CH3OCH3_Rh111/singlepoint/r2scan,0,/pscratch/sd/j/jcho5/VASP/vasp_slab/Rh111/r2scan,/pscratch/sd/j/jcho5/VASP/vasp_mol/CH3OCH3/r2scan,-1567.15376552,-1516.88991315,-49.14058927,1000,500,converged,7ec8c752ea72b276b947a16472bc4ffc3c4133187b15a7bb125e9a8a55979feb,false
Rh111,DME,beef_vdw,CH3OCH3_Rh111,,false,ok,NSW=0 complex; converged relaxed references; matching composition,-0.58359626,/pscratch/sd/j/jcho5/VASP/dft_jobs/CH3OCH3_Rh111/singlepoint/beef_vdw,0,/pscratch/sd/j/jcho5/VASP/completion_runs/matched_potential_slabs_20260915/slab/Rh111_f89b45c425/beef_vdw,/pscratch/sd/j/jcho5/VASP/vasp_mol/CH3OCH3/beef_vdw,-282.56152605,-239.6848005,-42.29312929,500,500,converged,7ec8c752ea72b276b947a16472bc4ffc3c4133187b15a7bb125e9a8a55979feb,true
Ag100,methanol,pbe,CH3OH_Ag100,,false,potential_mismatch,Complex and reference PAW potential identities differ or are missing; energy retained only as diagnostic,-0.77725977,/pscratch/sd/j/jcho5/VASP/dft_jobs/CH3OH_Ag100/singlepoint/PBE,0,/pscratch/sd/j/jcho5/VASP/vasp_slab/Ag100/PBE,/pscratch/sd/j/jcho5/VASP/vasp_mol/CH3OH/PBE,-121.10990396,-90.12407184,-30.20857235,1000,500,converged,122d6c1eebe4044eeca63b850098b7e234afcb459178a4294bd7e3d2efc956fb,false
Ag100,methanol,pbe_d3,CH3OH_Ag100,,false,potential_mismatch,Complex and reference PAW potential identities differ or are missing; energy retained only as diagnostic,-0.92340523,/pscratch/sd/j/jcho5/VASP/dft_jobs/CH3OH_Ag100/singlepoint/PBE_D3,0,/pscratch/sd/j/jcho5/VASP/vasp_slab/Ag100/PBE_D3,/pscratch/sd/j/jcho5/VASP/vasp_mol/CH3OH/PBE_D3,-133.54739106,-102.4003605,-30.22362533,1000,500,converged,122d6c1eebe4044eeca63b850098b7e234afcb459178a4294bd7e3d2efc956fb,false
Ag100,methanol,r2scan,CH3OH_Ag100,,false,potential_mismatch,Complex and reference PAW potential identities differ or are missing; energy retained only as diagnostic,-1.26690503,/pscratch/sd/j/jcho5/VASP/dft_jobs/CH3OH_Ag100/singlepoint/r2scan,0,/pscratch/sd/j/jcho5/VASP/vasp_slab/Ag100/r2scan,/pscratch/sd/j/jcho5/VASP/vasp_mol/CH3OH/r2scan,-792.46746378,-759.06403021,-32.13652854,1000,500,converged,122d6c1eebe4044eeca63b850098b7e234afcb459178a4294bd7e3d2efc956fb,false
Ag100,methanol,beef_vdw,CH3OH_Ag100,,false,potential_mismatch,Complex and reference PAW potential identities differ or are missing; energy retained only as diagnostic,-25.13911669,/pscratch/sd/j/jcho5/VASP/dft_jobs/CH3OH_Ag100/singlepoint/beef_vdw,0,/pscratch/sd/j/jcho5/VASP/vasp_slab/Ag100/beef_vdw,/pscratch/sd/j/jcho5/VASP/vasp_mol/CH3OH/beef_vdw,5.60852189,58.04168493,-27.29404635,1000,500,converged,122d6c1eebe4044eeca63b850098b7e234afcb459178a4294bd7e3d2efc956fb,false
Ag110,methanol,pbe,CH3OH_Ag110,,false,potential_mismatch,Complex and reference PAW potential identities differ or are missing; energy retained only as diagnostic,-0.61579865,/pscratch/sd/j/jcho5/VASP/dft_jobs/CH3OH_Ag110/singlepoint/PBE,0,/pscratch/sd/j/jcho5/VASP/vasp_slab/Ag110/PBE,/pscratch/sd/j/jcho5/VASP/vasp_mol/CH3OH/PBE,-88.16967534,-57.34530434,-30.20857235,1000,500,converged,10b2ac2b2129c24189053cf4edd60d214eb8c421f72c60a6b2f3c8ed6bfa627a,false
Ag110,methanol,pbe_d3,CH3OH_Ag110,,false,potential_mismatch,Complex and reference PAW potential identities differ or are missing; energy retained only as diagnostic,-0.82558336,/pscratch/sd/j/jcho5/VASP/dft_jobs/CH3OH_Ag110/singlepoint/PBE_D3,0,/pscratch/sd/j/jcho5/VASP/vasp_slab/Ag110/PBE_D3,/pscratch/sd/j/jcho5/VASP/vasp_mol/CH3OH/PBE_D3,-95.13332939,-64.0841207,-30.22362533,1000,500,converged,10b2ac2b2129c24189053cf4edd60d214eb8c421f72c60a6b2f3c8ed6bfa627a,false
Ag110,methanol,r2scan,CH3OH_Ag110,,false,potential_mismatch,Complex and reference PAW potential identities differ or are missing; energy retained only as diagnostic,-1.0108719,/pscratch/sd/j/jcho5/VASP/dft_jobs/CH3OH_Ag110/singlepoint/r2scan,0,/pscratch/sd/j/jcho5/VASP/vasp_slab/Ag110/r2scan,/pscratch/sd/j/jcho5/VASP/vasp_mol/CH3OH/r2scan,-535.82763848,-502.68023804,-32.13652854,1000,500,converged,10b2ac2b2129c24189053cf4edd60d214eb8c421f72c60a6b2f3c8ed6bfa627a,false
Ag110,methanol,beef_vdw,CH3OH_Ag110,,false,potential_mismatch,Complex and reference PAW potential identities differ or are missing; energy retained only as diagnostic,-16.85381134,/pscratch/sd/j/jcho5/VASP/dft_jobs/CH3OH_Ag110/singlepoint/beef_vdw,0,/pscratch/sd/j/jcho5/VASP/vasp_slab/Ag110/beef_vdw,/pscratch/sd/j/jcho5/VASP/vasp_mol/CH3OH/beef_vdw,-2.536454,41.61140369,-27.29404635,1000,500,converged,10b2ac2b2129c24189053cf4edd60d214eb8c421f72c60a6b2f3c8ed6bfa627a,false
Ag111,methanol,pbe,CH3OH_Ag111,,false,ok,NSW=0 complex; converged relaxed references; matching composition,-0.06762335,/pscratch/sd/j/jcho5/VASP/dft_jobs/CH3OH_Ag111/singlepoint/PBE,0,/pscratch/sd/j/jcho5/VASP/completion_runs/matched_potential_slabs_20260915/slab/Ag111_61964c781c/pbe,/pscratch/sd/j/jcho5/VASP/vasp_mol/CH3OH/PBE,-122.52744339,-92.25124769,-30.20857235,500,500,converged,29a964ec43113aab8655878849b9cb1bbcbb7023f0cbc4ee5de6f648f525f684,true
Ag111,methanol,pbe_d3,CH3OH_Ag111,,false,ok,NSW=0 complex; converged relaxed references; matching composition,-0.13552366,/pscratch/sd/j/jcho5/VASP/dft_jobs/CH3OH_Ag111/singlepoint/PBE_D3,0,/pscratch/sd/j/jcho5/VASP/completion_runs/matched_potential_slabs_20260915/slab/Ag111_71d4cd48c4/pbe_d3,/pscratch/sd/j/jcho5/VASP/vasp_mol/CH3OH/PBE_D3,-135.58606733,-105.22691834,-30.22362533,500,500,converged,29a964ec43113aab8655878849b9cb1bbcbb7023f0cbc4ee5de6f648f525f684,true
Ag111,methanol,r2scan,CH3OH_Ag111,,false,ok,NSW=0 complex; converged relaxed references; matching composition,-0.04580978,/pscratch/sd/j/jcho5/VASP/dft_jobs/CH3OH_Ag111/singlepoint/r2scan,0,/pscratch/sd/j/jcho5/VASP/completion_runs/matched_potential_slabs_20260915/slab/Ag111_f9365ca685/r2scan,/pscratch/sd/j/jcho5/VASP/vasp_mol/CH3OH/r2scan,-794.22938993,-762.04705161,-32.13652854,500,500,converged,29a964ec43113aab8655878849b9cb1bbcbb7023f0cbc4ee5de6f648f525f684,true
Ag111,methanol,beef_vdw,CH3OH_Ag111,,false,ok,NSW=0 complex; converged relaxed references; matching composition,-0.3310836,/pscratch/sd/j/jcho5/VASP/dft_jobs/CH3OH_Ag111/singlepoint/beef_vdw,0,/pscratch/sd/j/jcho5/VASP/completion_runs/matched_potential_slabs_20260915/slab/Ag111_35207ad13f/beef_vdw,/pscratch/sd/j/jcho5/VASP/vasp_mol/CH3OH/beef_vdw,4.36860689,31.99373684,-27.29404635,500,500,converged,29a964ec43113aab8655878849b9cb1bbcbb7023f0cbc4ee5de6f648f525f684,true
Au100,methanol,pbe,CH3OH_Au100,,false,reference_unavailable,No converged relaxed references with matching functional/composition,,/pscratch/sd/j/jcho5/VASP/dft_jobs/CH3OH_Au100/singlepoint/PBE,0,,/pscratch/sd/j/jcho5/VASP/vasp_mol/CH3OH/PBE,-222.15061256,,-30.20857235,,500,converged,36ba757ab1a511385da4fa963bd189fcf3e0fa0b170d3982f49894751e058752,false
Au100,methanol,pbe_d3,CH3OH_Au100,,false,reference_unavailable,No converged relaxed references with matching functional/composition,,/pscratch/sd/j/jcho5/VASP/dft_jobs/CH3OH_Au100/singlepoint/PBE_D3,0,,/pscratch/sd/j/jcho5/VASP/vasp_mol/CH3OH/PBE_D3,-252.44867145,,-30.22362533,,500,converged,36ba757ab1a511385da4fa963bd189fcf3e0fa0b170d3982f49894751e058752,false
Au100,methanol,r2scan,CH3OH_Au100,,false,reference_unavailable,No converged relaxed references with matching functional/composition,,/pscratch/sd/j/jcho5/VASP/dft_jobs/CH3OH_Au100/singlepoint/r2scan,0,,/pscratch/sd/j/jcho5/VASP/vasp_mol/CH3OH/r2scan,-3253.13904314,,-32.13652854,,500,converged,36ba757ab1a511385da4fa963bd189fcf3e0fa0b170d3982f49894751e058752,false
Au100,methanol,beef_vdw,CH3OH_Au100,,false,reference_unavailable,No converged relaxed references with matching functional/composition,,/pscratch/sd/j/jcho5/VASP/dft_jobs/CH3OH_Au100/singlepoint/beef_vdw,0,,/pscratch/sd/j/jcho5/VASP/vasp_mol/CH3OH/beef_vdw,-22.43598582,,-27.29404635,,500,converged,36ba757ab1a511385da4fa963bd189fcf3e0fa0b170d3982f49894751e058752,false
Au110,methanol,pbe,CH3OH_Au110,,false,reference_unavailable,No converged relaxed references with matching functional/composition,,/pscratch/sd/j/jcho5/VASP/dft_jobs/CH3OH_Au110/singlepoint/PBE,0,,/pscratch/sd/j/jcho5/VASP/vasp_mol/CH3OH/PBE,-214.69842056,,-30.20857235,,500,converged,65590431e5c0ee6f420095327add8eedc1ac5289fb80a04ea11da967c1470348,false
Au110,methanol,pbe_d3,CH3OH_Au110,,false,reference_unavailable,No converged relaxed references with matching functional/composition,,/pscratch/sd/j/jcho5/VASP/dft_jobs/CH3OH_Au110/singlepoint/PBE_D3,0,,/pscratch/sd/j/jcho5/VASP/vasp_mol/CH3OH/PBE_D3,-240.03543968,,-30.22362533,,500,converged,65590431e5c0ee6f420095327add8eedc1ac5289fb80a04ea11da967c1470348,false
Au110,methanol,r2scan,CH3OH_Au110,,false,reference_unavailable,No converged relaxed references with matching functional/composition,,/pscratch/sd/j/jcho5/VASP/dft_jobs/CH3OH_Au110/singlepoint/r2scan,0,,/pscratch/sd/j/jcho5/VASP/vasp_mol/CH3OH/r2scan,-3244.19410861,,-32.13652854,,500,converged,65590431e5c0ee6f420095327add8eedc1ac5289fb80a04ea11da967c1470348,false
Au110,methanol,beef_vdw,CH3OH_Au110,,false,reference_unavailable,No converged relaxed references with matching functional/composition,,/pscratch/sd/j/jcho5/VASP/dft_jobs/CH3OH_Au110/singlepoint/beef_vdw,0,,/pscratch/sd/j/jcho5/VASP/vasp_mol/CH3OH/beef_vdw,-14.43617271,,-27.29404635,,500,converged,65590431e5c0ee6f420095327add8eedc1ac5289fb80a04ea11da967c1470348,false
Au111,methanol,pbe,CH3OH_Au111,,false,reference_unavailable,No converged relaxed references with matching functional/composition,,/pscratch/sd/j/jcho5/VASP/dft_jobs/CH3OH_Au111/singlepoint/PBE,0,,/pscratch/sd/j/jcho5/VASP/vasp_mol/CH3OH/PBE,-140.42588363,,-30.20857235,,500,converged,104d7488bc0a0e4af647da9ebe44898c32ece0be941f4baa67cea498a8a32bf1,false
Au111,methanol,pbe_d3,CH3OH_Au111,,false,reference_unavailable,No converged relaxed references with matching functional/composition,,/pscratch/sd/j/jcho5/VASP/dft_jobs/CH3OH_Au111/singlepoint/PBE_D3,0,,/pscratch/sd/j/jcho5/VASP/vasp_mol/CH3OH/PBE_D3,-158.25041372,,-30.22362533,,500,converged,104d7488bc0a0e4af647da9ebe44898c32ece0be941f4baa67cea498a8a32bf1,false
Au111,methanol,r2scan,CH3OH_Au111,,false,reference_unavailable,No converged relaxed references with matching functional/composition,,/pscratch/sd/j/jcho5/VASP/dft_jobs/CH3OH_Au111/singlepoint/r2scan,0,,/pscratch/sd/j/jcho5/VASP/vasp_mol/CH3OH/r2scan,-1846.58801623,,-32.13652854,,500,converged,104d7488bc0a0e4af647da9ebe44898c32ece0be941f4baa67cea498a8a32bf1,false
Au111,methanol,beef_vdw,CH3OH_Au111,,false,reference_unavailable,No converged relaxed references with matching functional/composition,,/pscratch/sd/j/jcho5/VASP/dft_jobs/CH3OH_Au111/singlepoint/beef_vdw,0,,/pscratch/sd/j/jcho5/VASP/vasp_mol/CH3OH/beef_vdw,-26.6723421,,-27.29404635,,500,converged,104d7488bc0a0e4af647da9ebe44898c32ece0be941f4baa67cea498a8a32bf1,false
Cu100,methanol,pbe,CH3OH_Cu100,,false,ok,NSW=0 complex; converged relaxed references; matching composition,-0.2298652,/pscratch/sd/j/jcho5/VASP/dft_jobs/CH3OH_Cu100/singlepoint/PBE,0,/pscratch/sd/j/jcho5/VASP/vasp_slab/Cu100/PBE,/pscratch/sd/j/jcho5/VASP/vasp_mol/CH3OH/PBE,-250.20525919,-219.76682164,-30.20857235,1000,500,converged,eb6af690454aaf8a47a7c22578e5b782963a8eb92d682c1f657404104c8acfe0,true
Cu100,methanol,pbe_d3,CH3OH_Cu100,,false,ok,NSW=0 complex; converged relaxed references; matching composition,-0.47944267,/pscratch/sd/j/jcho5/VASP/dft_jobs/CH3OH_Cu100/singlepoint/PBE_D3,0,/pscratch/sd/j/jcho5/VASP/vasp_slab/Cu100/PBE_D3,/pscratch/sd/j/jcho5/VASP/vasp_mol/CH3OH/PBE_D3,-271.54360053,-240.84053253,-30.22362533,1000,500,converged,eb6af690454aaf8a47a7c22578e5b782963a8eb92d682c1f657404104c8acfe0,true
Cu100,methanol,r2scan,CH3OH_Cu100,,false,ok,NSW=0 complex; converged relaxed references; matching composition,-0.19145568,/pscratch/sd/j/jcho5/VASP/dft_jobs/CH3OH_Cu100/singlepoint/r2scan,0,/pscratch/sd/j/jcho5/VASP/vasp_slab/Cu100/r2scan,/pscratch/sd/j/jcho5/VASP/vasp_mol/CH3OH/r2scan,-702.64447823,-670.31649401,-32.13652854,1000,500,converged,eb6af690454aaf8a47a7c22578e5b782963a8eb92d682c1f657404104c8acfe0,true
Cu100,methanol,beef_vdw,CH3OH_Cu100,,false,ok,NSW=0 complex; converged relaxed references; matching composition,-0.37693556,/pscratch/sd/j/jcho5/VASP/dft_jobs/CH3OH_Cu100/singlepoint/beef_vdw,0,/pscratch/sd/j/jcho5/VASP/completion_runs/site_gapfill_20260914/slab/C2H4_Cu100/beef_vdw,/pscratch/sd/j/jcho5/VASP/vasp_mol/CH3OH/beef_vdw,-38.24730451,-10.5763226,-27.29404635,1000,500,converged,eb6af690454aaf8a47a7c22578e5b782963a8eb92d682c1f657404104c8acfe0,true
Cu110,methanol,pbe,CH3OH_Cu110,,false,potential_mismatch,Complex and reference PAW potential identities differ or are missing; energy retained only as diagnostic,0.15285484,/pscratch/sd/j/jcho5/VASP/dft_jobs/CH3OH_Cu110/singlepoint/PBE,0,/pscratch/sd/j/jcho5/VASP/vasp_slab/Cu110/PBE,/pscratch/sd/j/jcho5/VASP/vasp_mol/CH3OH/PBE,-109.80575089,-79.75003338,-30.20857235,1000,500,converged,1cf4098af91d6e8dbd982a203d6dfeca9e5b09bc6d1b6a8163c1fa4f99b21104,false
Cu110,methanol,pbe_d3,CH3OH_Cu110,,false,potential_mismatch,Complex and reference PAW potential identities differ or are missing; energy retained only as diagnostic,-0.18556714,/pscratch/sd/j/jcho5/VASP/dft_jobs/CH3OH_Cu110/singlepoint/PBE_D3,0,/pscratch/sd/j/jcho5/VASP/vasp_slab/Cu110/PBE_D3,/pscratch/sd/j/jcho5/VASP/vasp_mol/CH3OH/PBE_D3,-116.49416491,-86.08497244,-30.22362533,1000,500,converged,1cf4098af91d6e8dbd982a203d6dfeca9e5b09bc6d1b6a8163c1fa4f99b21104,false
Cu110,methanol,r2scan,CH3OH_Cu110,,false,potential_mismatch,Complex and reference PAW potential identities differ or are missing; energy retained only as diagnostic,-0.0452351,/pscratch/sd/j/jcho5/VASP/dft_jobs/CH3OH_Cu110/singlepoint/r2scan,0,/pscratch/sd/j/jcho5/VASP/vasp_slab/Cu110/r2scan,/pscratch/sd/j/jcho5/VASP/vasp_mol/CH3OH/r2scan,-280.21425924,-248.0324956,-32.13652854,1000,500,converged,1cf4098af91d6e8dbd982a203d6dfeca9e5b09bc6d1b6a8163c1fa4f99b21104,false
Cu110,methanol,beef_vdw,CH3OH_Cu110,,false,potential_mismatch,Complex and reference PAW potential identities differ or are missing; energy retained only as diagnostic,-31.20058549,/pscratch/sd/j/jcho5/VASP/dft_jobs/CH3OH_Cu110/singlepoint/beef_vdw,0,/pscratch/sd/j/jcho5/VASP/vasp_slab/Cu110/beef_vdw,/pscratch/sd/j/jcho5/VASP/vasp_mol/CH3OH/beef_vdw,-28.50944111,29.98519073,-27.29404635,1000,500,converged,1cf4098af91d6e8dbd982a203d6dfeca9e5b09bc6d1b6a8163c1fa4f99b21104,false
Cu111,methanol,pbe,CH3OH_Cu111_top,top,false,ok,NSW=0 complex; converged relaxed references; matching composition,-0.1548648,/pscratch/sd/j/jcho5/VASP/dft_jobs/CH3OH_Cu111_top/singlepoint/PBE,0,/pscratch/sd/j/jcho5/VASP/completion_runs/matched_potential_slabs_20260915/slab/Cu111_28f90def6e/pbe,/pscratch/sd/j/jcho5/VASP/vasp_mol/CH3OH/PBE,-254.44629028,-224.08285313,-30.20857235,500,500,converged,1fe3189213f78be76acec873a0b34583e4471a3d0f91c399557a5e046c5c2952,true
Cu111,methanol,pbe_d3,CH3OH_Cu111_top,top,false,ok,NSW=0 complex; converged relaxed references; matching composition,-0.36909233,/pscratch/sd/j/jcho5/VASP/dft_jobs/CH3OH_Cu111_top/singlepoint/PBE_D3,0,/pscratch/sd/j/jcho5/VASP/completion_runs/matched_potential_slabs_20260915/slab/Cu111_6058af94f0/pbe_d3,/pscratch/sd/j/jcho5/VASP/vasp_mol/CH3OH/PBE_D3,-277.16224049,-246.56952283,-30.22362533,500,500,converged,1fe3189213f78be76acec873a0b34583e4471a3d0f91c399557a5e046c5c2952,true
Cu111,methanol,r2scan,CH3OH_Cu111_top,top,false,ok,NSW=0 complex; converged relaxed references; matching composition,-0.11400296,/pscratch/sd/j/jcho5/VASP/dft_jobs/CH3OH_Cu111_top/singlepoint/r2scan,0,/pscratch/sd/j/jcho5/VASP/completion_runs/matched_potential_slabs_20260915/slab/Cu111_96724abedd/r2scan,/pscratch/sd/j/jcho5/VASP/vasp_mol/CH3OH/r2scan,-707.68074868,-675.43021718,-32.13652854,500,500,converged,1fe3189213f78be76acec873a0b34583e4471a3d0f91c399557a5e046c5c2952,true
Cu111,methanol,beef_vdw,CH3OH_Cu111_top,top,false,ok,NSW=0 complex; converged relaxed references; matching composition,-0.336281,/pscratch/sd/j/jcho5/VASP/dft_jobs/CH3OH_Cu111_top/singlepoint/beef_vdw,0,/pscratch/sd/j/jcho5/VASP/completion_runs/matched_potential_slabs_20260915/slab/Cu111_11f50e50d8/beef_vdw,/pscratch/sd/j/jcho5/VASP/vasp_mol/CH3OH/beef_vdw,-42.2302705,-14.59994315,-27.29404635,500,500,converged,1fe3189213f78be76acec873a0b34583e4471a3d0f91c399557a5e046c5c2952,true
Ir100,methanol,pbe,CH3OH_Ir100,,false,ok,NSW=0 complex; converged relaxed references; matching composition,-0.46603831,/pscratch/sd/j/jcho5/VASP/dft_jobs/CH3OH_Ir100/singlepoint/PBE,0,/pscratch/sd/j/jcho5/VASP/vasp_slab/Ir100/PBE,/pscratch/sd/j/jcho5/VASP/vasp_mol/CH3OH/PBE,-325.0756248,-294.40101414,-30.20857235,1000,500,converged,eb17b3a352c824e8eb8e6cd55fde9a1b7285cc2f518fac8ac60c4447418546d8,true
Ir100,methanol,pbe_d3,CH3OH_Ir100,,false,ok,NSW=0 complex; converged relaxed references; matching composition,-0.83610527,/pscratch/sd/j/jcho5/VASP/dft_jobs/CH3OH_Ir100/singlepoint/PBE_D3,0,/pscratch/sd/j/jcho5/VASP/vasp_slab/Ir100/PBE_D3,/pscratch/sd/j/jcho5/VASP/vasp_mol/CH3OH/PBE_D3,-342.66218038,-311.60244978,-30.22362533,1000,500,converged,eb17b3a352c824e8eb8e6cd55fde9a1b7285cc2f518fac8ac60c4447418546d8,true
Ir100,methanol,r2scan,CH3OH_Ir100,,false,ok,NSW=0 complex; converged relaxed references; matching composition,-0.72898703,/pscratch/sd/j/jcho5/VASP/dft_jobs/CH3OH_Ir100/singlepoint/r2scan,0,/pscratch/sd/j/jcho5/VASP/completion_runs/site_gapfill_20260914/slab/C2H4_Ir100/r2scan,/pscratch/sd/j/jcho5/VASP/vasp_mol/CH3OH/r2scan,-1891.53100032,-1858.66548475,-32.13652854,1000,500,converged,eb17b3a352c824e8eb8e6cd55fde9a1b7285cc2f518fac8ac60c4447418546d8,true
Ir100,methanol,beef_vdw,CH3OH_Ir100,,false,ok,NSW=0 complex; converged relaxed references; matching composition,-0.59489061,/pscratch/sd/j/jcho5/VASP/dft_jobs/CH3OH_Ir100/singlepoint/beef_vdw,0,/pscratch/sd/j/jcho5/VASP/vasp_slab/Ir100/beef_vdw,/pscratch/sd/j/jcho5/VASP/vasp_mol/CH3OH/beef_vdw,-210.90650355,-183.01756659,-27.29404635,1000,500,converged,eb17b3a352c824e8eb8e6cd55fde9a1b7285cc2f518fac8ac60c4447418546d8,true
Ir110,methanol,pbe,CH3OH_Ir110,,false,ok,NSW=0 complex; converged relaxed references; matching composition,-0.60744007,/pscratch/sd/j/jcho5/VASP/dft_jobs/CH3OH_Ir110/singlepoint/PBE,0,/pscratch/sd/j/jcho5/VASP/vasp_slab/Ir110/PBE,/pscratch/sd/j/jcho5/VASP/vasp_mol/CH3OH/PBE,-216.60879813,-185.79278571,-30.20857235,1000,500,converged,1760cb9cd8dd0df64e5a2c51fda21d4c1e7c83bcdf46917b0c7c0034820001f6,true
Ir110,methanol,pbe_d3,CH3OH_Ir110,,false,ok,NSW=0 complex; converged relaxed references; matching composition,-0.95409422,/pscratch/sd/j/jcho5/VASP/dft_jobs/CH3OH_Ir110/singlepoint/PBE_D3,0,/pscratch/sd/j/jcho5/VASP/vasp_slab/Ir110/PBE_D3,/pscratch/sd/j/jcho5/VASP/vasp_mol/CH3OH/PBE_D3,-226.31594105,-195.1382215,-30.22362533,1000,500,converged,1760cb9cd8dd0df64e5a2c51fda21d4c1e7c83bcdf46917b0c7c0034820001f6,true
Ir110,methanol,r2scan,CH3OH_Ir110,,false,ok,NSW=0 complex; converged relaxed references; matching composition,-0.67609826,/pscratch/sd/j/jcho5/VASP/dft_jobs/CH3OH_Ir110/singlepoint/r2scan,0,/pscratch/sd/j/jcho5/VASP/vasp_slab/Ir110/r2scan,/pscratch/sd/j/jcho5/VASP/vasp_mol/CH3OH/r2scan,-1261.48937847,-1228.67675167,-32.13652854,1000,500,converged,1760cb9cd8dd0df64e5a2c51fda21d4c1e7c83bcdf46917b0c7c0034820001f6,true
Ir110,methanol,beef_vdw,CH3OH_Ir110,,false,ok,NSW=0 complex; converged relaxed references; matching composition,-0.81303628,/pscratch/sd/j/jcho5/VASP/dft_jobs/CH3OH_Ir110/singlepoint/beef_vdw,0,/pscratch/sd/j/jcho5/VASP/vasp_slab/Ir110/beef_vdw,/pscratch/sd/j/jcho5/VASP/vasp_mol/CH3OH/beef_vdw,-139.35958017,-111.25249754,-27.29404635,1000,500,converged,1760cb9cd8dd0df64e5a2c51fda21d4c1e7c83bcdf46917b0c7c0034820001f6,true
Ir111,methanol,pbe,CH3OH_Ir111,,false,ok,NSW=0 complex; converged relaxed references; matching composition,-0.29621644,/pscratch/sd/j/jcho5/VASP/dft_jobs/CH3OH_Ir111/singlepoint/PBE,0,/pscratch/sd/j/jcho5/VASP/vasp_slab/Ir111/PBE,/pscratch/sd/j/jcho5/VASP/vasp_mol/CH3OH/PBE,-568.81673169,-538.3119429,-30.20857235,1000,500,converged,66817dd66c3a6bee103c7cfa068f97ee24eb85cd72fda4072c52dc00a9c6a5f6,true
Ir111,methanol,pbe_d3,CH3OH_Ir111,,false,ok,NSW=0 complex; converged relaxed references; matching composition,-0.49606017,/pscratch/sd/j/jcho5/VASP/dft_jobs/CH3OH_Ir111/singlepoint/PBE_D3,0,/pscratch/sd/j/jcho5/VASP/vasp_slab/Ir111/PBE_D3,/pscratch/sd/j/jcho5/VASP/vasp_mol/CH3OH/PBE_D3,-601.50272945,-570.78304395,-30.22362533,1000,500,converged,66817dd66c3a6bee103c7cfa068f97ee24eb85cd72fda4072c52dc00a9c6a5f6,true
Ir111,methanol,r2scan,CH3OH_Ir111,,false,ok,NSW=0 complex; converged relaxed references; matching composition,-0.35369974,/pscratch/sd/j/jcho5/VASP/dft_jobs/CH3OH_Ir111/singlepoint/r2scan,0,/pscratch/sd/j/jcho5/VASP/vasp_slab/Ir111/r2scan,/pscratch/sd/j/jcho5/VASP/vasp_mol/CH3OH/r2scan,-3353.17337037,-3320.68314209,-32.13652854,1000,500,converged,66817dd66c3a6bee103c7cfa068f97ee24eb85cd72fda4072c52dc00a9c6a5f6,true
Ir111,methanol,beef_vdw,CH3OH_Ir111,,false,ok,NSW=0 complex; converged relaxed references; matching composition,-0.55218589,/pscratch/sd/j/jcho5/VASP/dft_jobs/CH3OH_Ir111/singlepoint/beef_vdw,0,/pscratch/sd/j/jcho5/VASP/vasp_slab/Ir111/beef_vdw,/pscratch/sd/j/jcho5/VASP/vasp_mol/CH3OH/beef_vdw,-367.33320216,-339.48696992,-27.29404635,1000,500,converged,66817dd66c3a6bee103c7cfa068f97ee24eb85cd72fda4072c52dc00a9c6a5f6,true
Pd100,methanol,pbe,CH3OH_Pd100,,false,potential_mismatch,Complex and reference PAW potential identities differ or are missing; energy retained only as diagnostic,-0.40821989,/pscratch/sd/j/jcho5/VASP/dft_jobs/CH3OH_Pd100/singlepoint/PBE,0,/pscratch/sd/j/jcho5/VASP/vasp_slab/Pd100/PBE,/pscratch/sd/j/jcho5/VASP/vasp_mol/CH3OH/PBE,-205.91858476,-175.30179252,-30.20857235,1000,500,converged,93719902cdc655bbd68874b13f3b9cad20dd79a43a22d9d877310160989908cf,false
Pd100,methanol,pbe_d3,CH3OH_Pd100,,false,potential_mismatch,Complex and reference PAW potential identities differ or are missing; energy retained only as diagnostic,-0.70537158,/pscratch/sd/j/jcho5/VASP/dft_jobs/CH3OH_Pd100/singlepoint/PBE_D3,0,/pscratch/sd/j/jcho5/VASP/vasp_slab/Pd100/PBE_D3,/pscratch/sd/j/jcho5/VASP/vasp_mol/CH3OH/PBE_D3,-220.38940372,-189.46040681,-30.22362533,1000,500,converged,93719902cdc655bbd68874b13f3b9cad20dd79a43a22d9d877310160989908cf,false
Pd100,methanol,r2scan,CH3OH_Pd100,,false,ok,NSW=0 complex; converged relaxed references; matching composition,-0.38910644,/pscratch/sd/j/jcho5/VASP/dft_jobs/CH3OH_Pd100/singlepoint/r2scan,0,/pscratch/sd/j/jcho5/VASP/completion_runs/matched_potential_slabs_20260915/slab/Pd100_25986b23a9/r2scan,/pscratch/sd/j/jcho5/VASP/vasp_mol/CH3OH/r2scan,-844.99476821,-812.46913323,-32.13652854,500,500,converged,93719902cdc655bbd68874b13f3b9cad20dd79a43a22d9d877310160989908cf,true
Pd100,methanol,beef_vdw,CH3OH_Pd100,,false,ok,NSW=0 complex; converged relaxed references; matching composition,-0.38772863,/pscratch/sd/j/jcho5/VASP/dft_jobs/CH3OH_Pd100/singlepoint/beef_vdw,0,/pscratch/sd/j/jcho5/VASP/completion_runs/matched_potential_slabs_20260915/slab/Pd100_b7d9b89afa/beef_vdw,/pscratch/sd/j/jcho5/VASP/vasp_mol/CH3OH/beef_vdw,-80.85132505,-53.16955007,-27.29404635,500,500,converged,93719902cdc655bbd68874b13f3b9cad20dd79a43a22d9d877310160989908cf,true
Pd110,methanol,pbe,CH3OH_Pd110,,false,potential_mismatch,Complex and reference PAW potential identities differ or are missing; energy retained only as diagnostic,-0.47445989,/pscratch/sd/j/jcho5/VASP/dft_jobs/CH3OH_Pd110/singlepoint/PBE,0,/pscratch/sd/j/jcho5/VASP/vasp_slab/Pd110/PBE,/pscratch/sd/j/jcho5/VASP/vasp_mol/CH3OH/PBE,-141.51721169,-110.83417945,-30.20857235,1000,500,converged,2c178729b5f572f264b7fd78ec4c7d0eb0f39c035fff428891daad494d596259,false
Pd110,methanol,pbe_d3,CH3OH_Pd110,,false,potential_mismatch,Complex and reference PAW potential identities differ or are missing; energy retained only as diagnostic,-0.80952787,/pscratch/sd/j/jcho5/VASP/dft_jobs/CH3OH_Pd110/singlepoint/PBE_D3,0,/pscratch/sd/j/jcho5/VASP/vasp_slab/Pd110/PBE_D3,/pscratch/sd/j/jcho5/VASP/vasp_mol/CH3OH/PBE_D3,-149.55628725,-118.52313405,-30.22362533,1000,500,converged,2c178729b5f572f264b7fd78ec4c7d0eb0f39c035fff428891daad494d596259,false
Pd110,methanol,r2scan,CH3OH_Pd110,,false,ok,NSW=0 complex; converged relaxed references; matching composition,-0.56576027,/pscratch/sd/j/jcho5/VASP/dft_jobs/CH3OH_Pd110/singlepoint/r2scan,0,/pscratch/sd/j/jcho5/VASP/completion_runs/matched_potential_slabs_20260915/slab/Pd110_2eb6224610/r2scan,/pscratch/sd/j/jcho5/VASP/vasp_mol/CH3OH/r2scan,-567.73626146,-535.03397265,-32.13652854,500,500,converged,2c178729b5f572f264b7fd78ec4c7d0eb0f39c035fff428891daad494d596259,true
Pd110,methanol,beef_vdw,CH3OH_Pd110,,false,ok,NSW=0 complex; converged relaxed references; matching composition,-0.54123174,/pscratch/sd/j/jcho5/VASP/dft_jobs/CH3OH_Pd110/singlepoint/beef_vdw,0,/pscratch/sd/j/jcho5/VASP/completion_runs/matched_potential_slabs_20260915/slab/Pd110_7655ac7da9/beef_vdw,/pscratch/sd/j/jcho5/VASP/vasp_mol/CH3OH/beef_vdw,-57.19556526,-29.36028717,-27.29404635,500,500,converged,2c178729b5f572f264b7fd78ec4c7d0eb0f39c035fff428891daad494d596259,true
Pd111,methanol,pbe,CH3OH_Pd111,,false,ok,NSW=0 complex; converged relaxed references; matching composition,-0.19037023,/pscratch/sd/j/jcho5/VASP/dft_jobs/CH3OH_Pd111/singlepoint/PBE,0,/pscratch/sd/j/jcho5/VASP/completion_runs/matched_potential_slabs_20260915/slab/Pd111_ffc3f47166/pbe,/pscratch/sd/j/jcho5/VASP/vasp_mol/CH3OH/PBE,-208.52864161,-178.12969903,-30.20857235,500,500,converged,c5e32f975b47bb56fdc27e40b72f78420fd029b7270200ca68cf2d26f7b674ec,true
Pd111,methanol,pbe_d3,CH3OH_Pd111,,false,ok,NSW=0 complex; converged relaxed references; matching composition,-0.49660466,/pscratch/sd/j/jcho5/VASP/dft_jobs/CH3OH_Pd111/singlepoint/PBE_D3,0,/pscratch/sd/j/jcho5/VASP/completion_runs/matched_potential_slabs_20260915/slab/Pd111_0333765c8d/pbe_d3,/pscratch/sd/j/jcho5/VASP/vasp_mol/CH3OH/PBE_D3,-223.78335169,-193.0631217,-30.22362533,500,500,converged,c5e32f975b47bb56fdc27e40b72f78420fd029b7270200ca68cf2d26f7b674ec,true
Pd111,methanol,r2scan,CH3OH_Pd111,,false,reference_unavailable,No converged relaxed references with matching functional/composition,,/pscratch/sd/j/jcho5/VASP/dft_jobs/CH3OH_Pd111/singlepoint/r2scan,0,,/pscratch/sd/j/jcho5/VASP/vasp_mol/CH3OH/r2scan,-848.12964194,,-32.13652854,,500,converged,c5e32f975b47bb56fdc27e40b72f78420fd029b7270200ca68cf2d26f7b674ec,false
Pd111,methanol,beef_vdw,CH3OH_Pd111,,false,ok,NSW=0 complex; converged relaxed references; matching composition,-0.36177024,/pscratch/sd/j/jcho5/VASP/dft_jobs/CH3OH_Pd111/singlepoint/beef_vdw,0,/pscratch/sd/j/jcho5/VASP/completion_runs/matched_potential_slabs_20260915/slab/Pd111_f1f527eac1/beef_vdw,/pscratch/sd/j/jcho5/VASP/vasp_mol/CH3OH/beef_vdw,-83.11022107,-55.45440448,-27.29404635,500,500,converged,c5e32f975b47bb56fdc27e40b72f78420fd029b7270200ca68cf2d26f7b674ec,true
Pt100,methanol,pbe,CH3OH_Pt100,,false,potential_mismatch,Complex and reference PAW potential identities differ or are missing; energy retained only as diagnostic,-0.73645956,/pscratch/sd/j/jcho5/VASP/dft_jobs/CH3OH_Pt100/singlepoint/PBE,0,/pscratch/sd/j/jcho5/VASP/vasp_slab/Pt100/PBE,/pscratch/sd/j/jcho5/VASP/vasp_mol/CH3OH/PBE,-233.97216051,-203.0271286,-30.20857235,1000,500,converged,64f170de2f0710c7558ee078cf73e77ca8112ac01808c28891c6af869976444c,false
Pt100,methanol,pbe_d3,CH3OH_Pt100,,false,potential_mismatch,Complex and reference PAW potential identities differ or are missing; energy retained only as diagnostic,-1.10309426,/pscratch/sd/j/jcho5/VASP/dft_jobs/CH3OH_Pt100/singlepoint/PBE_D3,0,/pscratch/sd/j/jcho5/VASP/vasp_slab/Pt100/PBE_D3,/pscratch/sd/j/jcho5/VASP/vasp_mol/CH3OH/PBE_D3,-253.36239484,-222.03567525,-30.22362533,1000,500,converged,64f170de2f0710c7558ee078cf73e77ca8112ac01808c28891c6af869976444c,false
Pt100,methanol,r2scan,CH3OH_Pt100,,false,potential_mismatch,Complex and reference PAW potential identities differ or are missing; energy retained only as diagnostic,-1.19267819,/pscratch/sd/j/jcho5/VASP/dft_jobs/CH3OH_Pt100/singlepoint/r2scan,0,/pscratch/sd/j/jcho5/VASP/vasp_slab/Pt100/r2scan,/pscratch/sd/j/jcho5/VASP/vasp_mol/CH3OH/r2scan,-1869.02056571,-1835.69135898,-32.13652854,1000,500,converged,64f170de2f0710c7558ee078cf73e77ca8112ac01808c28891c6af869976444c,false
Pt100,methanol,beef_vdw,CH3OH_Pt100,,false,potential_mismatch,Complex and reference PAW potential identities differ or are missing; energy retained only as diagnostic,-34.2309747,/pscratch/sd/j/jcho5/VASP/dft_jobs/CH3OH_Pt100/singlepoint/beef_vdw,0,/pscratch/sd/j/jcho5/VASP/vasp_slab/Pt100/beef_vdw,/pscratch/sd/j/jcho5/VASP/vasp_mol/CH3OH/beef_vdw,-121.56832051,-60.04329946,-27.29404635,1000,500,converged,64f170de2f0710c7558ee078cf73e77ca8112ac01808c28891c6af869976444c,false
Pt110,methanol,pbe,CH3OH_Pt110,,false,potential_mismatch,Complex and reference PAW potential identities differ or are missing; energy retained only as diagnostic,-0.71405695,/pscratch/sd/j/jcho5/VASP/dft_jobs/CH3OH_Pt110/singlepoint/PBE,0,/pscratch/sd/j/jcho5/VASP/vasp_slab/Pt110/PBE,/pscratch/sd/j/jcho5/VASP/vasp_mol/CH3OH/PBE,-159.22359252,-128.30096322,-30.20857235,1000,500,converged,38f88d80231a7015089b417596804fe6c92f70e8c3167dccce61a0d466d08b6e,false
Pt110,methanol,pbe_d3,CH3OH_Pt110,,false,potential_mismatch,Complex and reference PAW potential identities differ or are missing; energy retained only as diagnostic,-1.15494426,/pscratch/sd/j/jcho5/VASP/dft_jobs/CH3OH_Pt110/singlepoint/PBE_D3,0,/pscratch/sd/j/jcho5/VASP/vasp_slab/Pt110/PBE_D3,/pscratch/sd/j/jcho5/VASP/vasp_mol/CH3OH/PBE_D3,-169.95171728,-138.57314769,-30.22362533,1000,500,converged,38f88d80231a7015089b417596804fe6c92f70e8c3167dccce61a0d466d08b6e,false
Pt110,methanol,r2scan,CH3OH_Pt110,,false,potential_mismatch,Complex and reference PAW potential identities differ or are missing; energy retained only as diagnostic,-1.01787512,/pscratch/sd/j/jcho5/VASP/dft_jobs/CH3OH_Pt110/singlepoint/r2scan,0,/pscratch/sd/j/jcho5/VASP/vasp_slab/Pt110/r2scan,/pscratch/sd/j/jcho5/VASP/vasp_mol/CH3OH/r2scan,-1249.24071071,-1216.08630705,-32.13652854,1000,500,converged,38f88d80231a7015089b417596804fe6c92f70e8c3167dccce61a0d466d08b6e,false
Pt110,methanol,beef_vdw,CH3OH_Pt110,,false,potential_mismatch,Complex and reference PAW potential identities differ or are missing; energy retained only as diagnostic,-23.18244541,/pscratch/sd/j/jcho5/VASP/dft_jobs/CH3OH_Pt110/singlepoint/beef_vdw,0,/pscratch/sd/j/jcho5/VASP/vasp_slab/Pt110/beef_vdw,/pscratch/sd/j/jcho5/VASP/vasp_mol/CH3OH/beef_vdw,-83.15606042,-32.67956866,-27.29404635,1000,500,converged,38f88d80231a7015089b417596804fe6c92f70e8c3167dccce61a0d466d08b6e,false
Pt111,methanol,pbe,CH3OH_Pt111,,false,ok,NSW=0 complex; converged relaxed references; matching composition,-0.16966499,/pscratch/sd/j/jcho5/VASP/dft_jobs/CH3OH_Pt111/singlepoint/PBE,0,/pscratch/sd/j/jcho5/VASP/completion_runs/matched_potential_slabs_20260915/slab/Pt111_ac28ddddd3/pbe,/pscratch/sd/j/jcho5/VASP/vasp_mol/CH3OH/PBE,-239.07416058,-208.69592324,-30.20857235,500,500,converged,f9434083245dc5a81195d81475ccc8a51f914e2da94ed60dd732955848e84fe5,true
Pt111,methanol,pbe_d3,CH3OH_Pt111,,false,ok,NSW=0 complex; converged relaxed references; matching composition,-0.51215475,/pscratch/sd/j/jcho5/VASP/dft_jobs/CH3OH_Pt111/singlepoint/PBE_D3,0,/pscratch/sd/j/jcho5/VASP/completion_runs/matched_potential_slabs_20260915/slab/Pt111_c3286ec1f4/pbe_d3,/pscratch/sd/j/jcho5/VASP/vasp_mol/CH3OH/PBE_D3,-259.33254706,-228.59676698,-30.22362533,500,500,converged,f9434083245dc5a81195d81475ccc8a51f914e2da94ed60dd732955848e84fe5,true
Pt111,methanol,r2scan,CH3OH_Pt111,,false,reference_unavailable,No converged relaxed references with matching functional/composition,,/pscratch/sd/j/jcho5/VASP/dft_jobs/CH3OH_Pt111/singlepoint/r2scan,0,,/pscratch/sd/j/jcho5/VASP/vasp_mol/CH3OH/r2scan,-1874.23406889,,-32.13652854,,500,converged,f9434083245dc5a81195d81475ccc8a51f914e2da94ed60dd732955848e84fe5,false
Pt111,methanol,beef_vdw,CH3OH_Pt111,,false,complex_unconverged,electronic_unconverged,,/pscratch/sd/j/jcho5/VASP/dft_jobs/CH3OH_Pt111/singlepoint/beef_vdw,0,,/pscratch/sd/j/jcho5/VASP/vasp_mol/CH3OH/beef_vdw,-125.99650872,,-27.29404635,,500,electronic_unconverged,f9434083245dc5a81195d81475ccc8a51f914e2da94ed60dd732955848e84fe5,false
Rh100,methanol,pbe,CH3OH_Rh100,,false,complex_unconverged,electronic_unconverged,,/pscratch/sd/j/jcho5/VASP/dft_jobs/CH3OH_Rh100/singlepoint/PBE,0,/pscratch/sd/j/jcho5/VASP/vasp_slab/Rh100/PBE,/pscratch/sd/j/jcho5/VASP/vasp_mol/CH3OH/PBE,-272.74653282,-242.27634007,-30.20857235,1000,500,electronic_unconverged,9812607f108fb4e8fa38db46b9760cd64c987641d555a43082af5bbbe0dbe402,false
Rh100,methanol,pbe_d3,CH3OH_Rh100,,false,complex_unconverged,electronic_unconverged,,/pscratch/sd/j/jcho5/VASP/dft_jobs/CH3OH_Rh100/singlepoint/PBE_D3,0,/pscratch/sd/j/jcho5/VASP/vasp_slab/Rh100/PBE_D3,/pscratch/sd/j/jcho5/VASP/vasp_mol/CH3OH/PBE_D3,-286.74146273,-256.07544059,-30.22362533,1000,500,electronic_unconverged,9812607f108fb4e8fa38db46b9760cd64c987641d555a43082af5bbbe0dbe402,false
Rh100,methanol,r2scan,CH3OH_Rh100,,false,ok,NSW=0 complex; converged relaxed references; matching composition,-0.53307634,/pscratch/sd/j/jcho5/VASP/dft_jobs/CH3OH_Rh100/singlepoint/r2scan,0,/pscratch/sd/j/jcho5/VASP/completion_runs/matched_potential_slabs_20260915/slab/Rh100_84c2195556/r2scan,/pscratch/sd/j/jcho5/VASP/vasp_mol/CH3OH/r2scan,-881.04726996,-848.37766508,-32.13652854,500,500,converged,9812607f108fb4e8fa38db46b9760cd64c987641d555a43082af5bbbe0dbe402,true
Rh100,methanol,beef_vdw,CH3OH_Rh100,,false,ok,NSW=0 complex; converged relaxed references; matching composition,-0.56534902,/pscratch/sd/j/jcho5/VASP/dft_jobs/CH3OH_Rh100/singlepoint/beef_vdw,0,/pscratch/sd/j/jcho5/VASP/completion_runs/matched_potential_slabs_20260915/slab/Rh100_b2891dc541/beef_vdw,/pscratch/sd/j/jcho5/VASP/vasp_mol/CH3OH/beef_vdw,-158.35283167,-130.4934363,-27.29404635,500,500,converged,9812607f108fb4e8fa38db46b9760cd64c987641d555a43082af5bbbe0dbe402,true
Rh110,methanol,pbe,CH3OH_Rh110,,false,potential_mismatch,Complex and reference PAW potential identities differ or are missing; energy retained only as diagnostic,-0.7393523,/pscratch/sd/j/jcho5/VASP/dft_jobs/CH3OH_Rh110/singlepoint/PBE,0,/pscratch/sd/j/jcho5/VASP/vasp_slab/Rh110/PBE,/pscratch/sd/j/jcho5/VASP/vasp_mol/CH3OH/PBE,-184.00588395,-153.0579593,-30.20857235,1000,500,converged,26e8f00513466521a0cbe8c70fe5279ff815dd1ed53c28106ab72a5b646f9a60,false
Rh110,methanol,pbe_d3,CH3OH_Rh110,,false,potential_mismatch,Complex and reference PAW potential identities differ or are missing; energy retained only as diagnostic,-1.08715052,/pscratch/sd/j/jcho5/VASP/dft_jobs/CH3OH_Rh110/singlepoint/PBE_D3,0,/pscratch/sd/j/jcho5/VASP/vasp_slab/Rh110/PBE_D3,/pscratch/sd/j/jcho5/VASP/vasp_mol/CH3OH/PBE_D3,-191.79897492,-160.48819907,-30.22362533,1000,500,converged,26e8f00513466521a0cbe8c70fe5279ff815dd1ed53c28106ab72a5b646f9a60,false
Rh110,methanol,r2scan,CH3OH_Rh110,,false,ok,NSW=0 complex; converged relaxed references; matching composition,-0.48940749,/pscratch/sd/j/jcho5/VASP/dft_jobs/CH3OH_Rh110/singlepoint/r2scan,0,/pscratch/sd/j/jcho5/VASP/completion_runs/matched_potential_slabs_20260915/slab/Rh110_43367cbc6c/r2scan,/pscratch/sd/j/jcho5/VASP/vasp_mol/CH3OH/r2scan,-590.95492659,-558.32899056,-32.13652854,500,500,converged,26e8f00513466521a0cbe8c70fe5279ff815dd1ed53c28106ab72a5b646f9a60,true
Rh110,methanol,beef_vdw,CH3OH_Rh110,,false,ok,NSW=0 complex; converged relaxed references; matching composition,-0.63022777,/pscratch/sd/j/jcho5/VASP/dft_jobs/CH3OH_Rh110/singlepoint/beef_vdw,0,/pscratch/sd/j/jcho5/VASP/completion_runs/matched_potential_slabs_20260915/slab/Rh110_a6be9fa2b9/beef_vdw,/pscratch/sd/j/jcho5/VASP/vasp_mol/CH3OH/beef_vdw,-106.61676288,-78.69248876,-27.29404635,500,500,converged,26e8f00513466521a0cbe8c70fe5279ff815dd1ed53c28106ab72a5b646f9a60,true
Rh111,methanol,pbe,CH3OH_Rh111,,false,potential_mismatch,Complex and reference PAW potential identities differ or are missing; energy retained only as diagnostic,-0.94823051,/pscratch/sd/j/jcho5/VASP/dft_jobs/CH3OH_Rh111/singlepoint/PBE,0,/pscratch/sd/j/jcho5/VASP/vasp_slab/Rh111/PBE,/pscratch/sd/j/jcho5/VASP/vasp_mol/CH3OH/PBE,-470.30674575,-439.14994289,-30.20857235,1000,500,converged,f065d1780eacda48fcc37389bb85a882624f775df2dcde3892e642751852eb4a,false
Rh111,methanol,pbe_d3,CH3OH_Rh111,,false,potential_mismatch,Complex and reference PAW potential identities differ or are missing; energy retained only as diagnostic,-1.09423021,/pscratch/sd/j/jcho5/VASP/dft_jobs/CH3OH_Rh111/singlepoint/PBE_D3,0,/pscratch/sd/j/jcho5/VASP/vasp_slab/Rh111/PBE_D3,/pscratch/sd/j/jcho5/VASP/vasp_mol/CH3OH/PBE_D3,-496.57927607,-465.26142053,-30.22362533,1000,500,converged,f065d1780eacda48fcc37389bb85a882624f775df2dcde3892e642751852eb4a,false
Rh111,methanol,r2scan,CH3OH_Rh111,,false,potential_mismatch,Complex and reference PAW potential identities differ or are missing; energy retained only as diagnostic,-1.15453183,/pscratch/sd/j/jcho5/VASP/dft_jobs/CH3OH_Rh111/singlepoint/r2scan,0,/pscratch/sd/j/jcho5/VASP/vasp_slab/Rh111/r2scan,/pscratch/sd/j/jcho5/VASP/vasp_mol/CH3OH/r2scan,-1550.18097352,-1516.88991315,-32.13652854,1000,500,converged,f065d1780eacda48fcc37389bb85a882624f775df2dcde3892e642751852eb4a,false
Rh111,methanol,beef_vdw,CH3OH_Rh111,,false,ok,NSW=0 complex; converged relaxed references; matching composition,-0.54585306,/pscratch/sd/j/jcho5/VASP/dft_jobs/CH3OH_Rh111/singlepoint/beef_vdw,0,/pscratch/sd/j/jcho5/VASP/completion_runs/matched_potential_slabs_20260915/slab/Rh111_f89b45c425/beef_vdw,/pscratch/sd/j/jcho5/VASP/vasp_mol/CH3OH/beef_vdw,-267.52469991,-239.6848005,-27.29404635,500,500,converged,f065d1780eacda48fcc37389bb85a882624f775df2dcde3892e642751852eb4a,true
Ag100,methoxy,pbe,CH3O_Ag100,,false,reference_unavailable,No converged relaxed references with matching functional/composition,,/pscratch/sd/j/jcho5/VASP/dft_jobs/CH3O_Ag100/singlepoint/PBE,0,/pscratch/sd/j/jcho5/VASP/vasp_slab/Ag100/PBE,,-117.34852365,-90.12407184,,1000,,converged,00c1062afa6e042bbe667a7514996730d4cd24ce9bd3a473dabc31fc17d451c5,false
Ag100,methoxy,pbe_d3,CH3O_Ag100,,false,reference_unavailable,No converged relaxed references with matching functional/composition,,/pscratch/sd/j/jcho5/VASP/dft_jobs/CH3O_Ag100/singlepoint/PBE_D3,0,/pscratch/sd/j/jcho5/VASP/vasp_slab/Ag100/PBE_D3,,-129.85002019,-102.4003605,,1000,,converged,00c1062afa6e042bbe667a7514996730d4cd24ce9bd3a473dabc31fc17d451c5,false
Ag100,methoxy,r2scan,CH3O_Ag100,,false,reference_unavailable,No converged relaxed references with matching functional/composition,,/pscratch/sd/j/jcho5/VASP/dft_jobs/CH3O_Ag100/singlepoint/r2scan,0,/pscratch/sd/j/jcho5/VASP/vasp_slab/Ag100/r2scan,,-788.85490242,-759.06403021,,1000,,converged,00c1062afa6e042bbe667a7514996730d4cd24ce9bd3a473dabc31fc17d451c5,false
Ag100,methoxy,beef_vdw,CH3O_Ag100,,false,reference_unavailable,No converged relaxed references with matching functional/composition,,/pscratch/sd/j/jcho5/VASP/dft_jobs/CH3O_Ag100/singlepoint/beef_vdw,0,/pscratch/sd/j/jcho5/VASP/vasp_slab/Ag100/beef_vdw,,9.38333592,58.04168493,,1000,,converged,00c1062afa6e042bbe667a7514996730d4cd24ce9bd3a473dabc31fc17d451c5,false
Ag110,methoxy,pbe,CH3O_Ag110,,false,reference_unavailable,No converged relaxed references with matching functional/composition,,/pscratch/sd/j/jcho5/VASP/dft_jobs/CH3O_Ag110/singlepoint/PBE,0,/pscratch/sd/j/jcho5/VASP/vasp_slab/Ag110/PBE,,-84.12439615,-57.34530434,,1000,,converged,2685e2f2fa3a53fe2d2db119f65ab1e2a622d4c15aa90b4a7986e840e21424b2,false
Ag110,methoxy,pbe_d3,CH3O_Ag110,,false,reference_unavailable,No converged relaxed references with matching functional/composition,,/pscratch/sd/j/jcho5/VASP/dft_jobs/CH3O_Ag110/singlepoint/PBE_D3,0,/pscratch/sd/j/jcho5/VASP/vasp_slab/Ag110/PBE_D3,,-91.11190494,-64.0841207,,1000,,converged,2685e2f2fa3a53fe2d2db119f65ab1e2a622d4c15aa90b4a7986e840e21424b2,false
Ag110,methoxy,r2scan,CH3O_Ag110,,false,reference_unavailable,No converged relaxed references with matching functional/composition,,/pscratch/sd/j/jcho5/VASP/dft_jobs/CH3O_Ag110/singlepoint/r2scan,0,/pscratch/sd/j/jcho5/VASP/vasp_slab/Ag110/r2scan,,-531.85788799,-502.68023804,,1000,,converged,2685e2f2fa3a53fe2d2db119f65ab1e2a622d4c15aa90b4a7986e840e21424b2,false
Ag110,methoxy,beef_vdw,CH3O_Ag110,,false,reference_unavailable,No converged relaxed references with matching functional/composition,,/pscratch/sd/j/jcho5/VASP/dft_jobs/CH3O_Ag110/singlepoint/beef_vdw,0,/pscratch/sd/j/jcho5/VASP/vasp_slab/Ag110/beef_vdw,,1.57730486,41.61140369,,1000,,converged,2685e2f2fa3a53fe2d2db119f65ab1e2a622d4c15aa90b4a7986e840e21424b2,false
Ag111,methoxy,pbe,CH3O_Ag111,,false,reference_unavailable,No converged relaxed references with matching functional/composition,,/pscratch/sd/j/jcho5/VASP/dft_jobs/CH3O_Ag111/singlepoint/PBE,0,/pscratch/sd/j/jcho5/VASP/completion_runs/matched_potential_slabs_20260915/slab/Ag111_61964c781c/pbe,,-118.39519388,-92.25124769,,500,,converged,6b91722ae9dc03f1af91638977366a4b61d175d27d7add157440182dd65b3452,false
Ag111,methoxy,pbe_d3,CH3O_Ag111,,false,reference_unavailable,No converged relaxed references with matching functional/composition,,/pscratch/sd/j/jcho5/VASP/dft_jobs/CH3O_Ag111/singlepoint/PBE_D3,0,/pscratch/sd/j/jcho5/VASP/completion_runs/matched_potential_slabs_20260915/slab/Ag111_71d4cd48c4/pbe_d3,,-131.49971234,-105.22691834,,500,,converged,6b91722ae9dc03f1af91638977366a4b61d175d27d7add157440182dd65b3452,false
Ag111,methoxy,r2scan,CH3O_Ag111,,false,reference_unavailable,No converged relaxed references with matching functional/composition,,/pscratch/sd/j/jcho5/VASP/dft_jobs/CH3O_Ag111/singlepoint/r2scan,0,/pscratch/sd/j/jcho5/VASP/completion_runs/matched_potential_slabs_20260915/slab/Ag111_f9365ca685/r2scan,,-790.245945,-762.04705161,,500,,converged,6b91722ae9dc03f1af91638977366a4b61d175d27d7add157440182dd65b3452,false
Ag111,methoxy,beef_vdw,CH3O_Ag111,,false,reference_unavailable,No converged relaxed references with matching functional/composition,,/pscratch/sd/j/jcho5/VASP/dft_jobs/CH3O_Ag111/singlepoint/beef_vdw,0,/pscratch/sd/j/jcho5/VASP/completion_runs/matched_potential_slabs_20260915/slab/Ag111_35207ad13f/beef_vdw,,8.52580827,31.99373684,,500,,converged,6b91722ae9dc03f1af91638977366a4b61d175d27d7add157440182dd65b3452,false
Au100,methoxy,pbe,CH3O_Au100,,false,reference_unavailable,No converged relaxed references with matching functional/composition,,/pscratch/sd/j/jcho5/VASP/dft_jobs/CH3O_Au100/singlepoint/PBE,0,/pscratch/sd/j/jcho5/VASP/vasp_slab/Au100/PBE,,-134.15858406,-108.11108078,,1000,,converged,58df2b50a69d3125dfe43d6d906033d920c41f52bfccba4c3c7e259a9e6f1bd4,false
Au100,methoxy,pbe_d3,CH3O_Au100,,false,reference_unavailable,No converged relaxed references with matching functional/composition,,/pscratch/sd/j/jcho5/VASP/dft_jobs/CH3O_Au100/singlepoint/PBE_D3,0,/pscratch/sd/j/jcho5/VASP/vasp_slab/Au100/PBE_D3,,-151.45450306,-125.13314995,,1000,,converged,58df2b50a69d3125dfe43d6d906033d920c41f52bfccba4c3c7e259a9e6f1bd4,false
Au100,methoxy,r2scan,CH3O_Au100,,false,reference_unavailable,No converged relaxed references with matching functional/composition,,/pscratch/sd/j/jcho5/VASP/dft_jobs/CH3O_Au100/singlepoint/r2scan,0,/pscratch/sd/j/jcho5/VASP/vasp_slab/Au100/r2scan,,-1840.1347129,-1812.10460465,,1000,,converged,58df2b50a69d3125dfe43d6d906033d920c41f52bfccba4c3c7e259a9e6f1bd4,false
Au100,methoxy,beef_vdw,CH3O_Au100,,false,reference_unavailable,No converged relaxed references with matching functional/composition,,/pscratch/sd/j/jcho5/VASP/dft_jobs/CH3O_Au100/singlepoint/beef_vdw,0,/pscratch/sd/j/jcho5/VASP/vasp_slab/Au100/beef_vdw,,-20.57578125,2.61952143,,1000,,converged,58df2b50a69d3125dfe43d6d906033d920c41f52bfccba4c3c7e259a9e6f1bd4,false
Au110,methoxy,pbe,CH3O_Au110,,false,reference_unavailable,No converged relaxed references with matching functional/composition,,/pscratch/sd/j/jcho5/VASP/dft_jobs/CH3O_Au110/singlepoint/PBE,0,/pscratch/sd/j/jcho5/VASP/vasp_slab/Au110/PBE,,-95.72176919,-69.78140854,,1000,,converged,6b718b407c08809a014e6b5cde82dee306d7af820efab2783a326217fb12be45,false
Au110,methoxy,pbe_d3,CH3O_Au110,,false,reference_unavailable,No converged relaxed references with matching functional/composition,,/pscratch/sd/j/jcho5/VASP/dft_jobs/CH3O_Au110/singlepoint/PBE_D3,0,/pscratch/sd/j/jcho5/VASP/vasp_slab/Au110/PBE_D3,,-105.41021149,-79.18212693,,1000,,converged,6b718b407c08809a014e6b5cde82dee306d7af820efab2783a326217fb12be45,false
Au110,methoxy,r2scan,CH3O_Au110,,false,reference_unavailable,No converged relaxed references with matching functional/composition,,/pscratch/sd/j/jcho5/VASP/dft_jobs/CH3O_Au110/singlepoint/r2scan,0,/pscratch/sd/j/jcho5/VASP/vasp_slab/Au110/r2scan,,-1233.03167098,-1205.07970007,,1000,,converged,6b718b407c08809a014e6b5cde82dee306d7af820efab2783a326217fb12be45,false
Au110,methoxy,beef_vdw,CH3O_Au110,,false,reference_unavailable,No converged relaxed references with matching functional/composition,,/pscratch/sd/j/jcho5/VASP/dft_jobs/CH3O_Au110/singlepoint/beef_vdw,0,/pscratch/sd/j/jcho5/VASP/vasp_slab/Au110/beef_vdw,,-18.74946978,4.35535241,,1000,,converged,6b718b407c08809a014e6b5cde82dee306d7af820efab2783a326217fb12be45,false
Au111,methoxy,pbe,CH3O_Au111,,false,reference_unavailable,No converged relaxed references with matching functional/composition,,/pscratch/sd/j/jcho5/VASP/dft_jobs/CH3O_Au111/singlepoint/PBE,0,,,-135.77561105,,,,,converged,69d025e86076217d2f0138eb5d9a6225798c24a5a42ef3500f43cd858ab1c440,false
Au111,methoxy,pbe_d3,CH3O_Au111,,false,reference_unavailable,No converged relaxed references with matching functional/composition,,/pscratch/sd/j/jcho5/VASP/dft_jobs/CH3O_Au111/singlepoint/PBE_D3,0,,,-153.70943388,,,,,converged,69d025e86076217d2f0138eb5d9a6225798c24a5a42ef3500f43cd858ab1c440,false
Au111,methoxy,r2scan,CH3O_Au111,,false,reference_unavailable,No converged relaxed references with matching functional/composition,,/pscratch/sd/j/jcho5/VASP/dft_jobs/CH3O_Au111/singlepoint/r2scan,0,,,-1841.97959225,,,,,converged,69d025e86076217d2f0138eb5d9a6225798c24a5a42ef3500f43cd858ab1c440,false
Au111,methoxy,beef_vdw,CH3O_Au111,,false,reference_unavailable,No converged relaxed references with matching functional/composition,,/pscratch/sd/j/jcho5/VASP/dft_jobs/CH3O_Au111/singlepoint/beef_vdw,0,,,-21.97505564,,,,,converged,69d025e86076217d2f0138eb5d9a6225798c24a5a42ef3500f43cd858ab1c440,false
Cu111,methoxy,pbe,CH3O_Cu111_fcc,fcc,false,reference_unavailable,No converged relaxed references with matching functional/composition,,/pscratch/sd/j/jcho5/VASP/dft_jobs/CH3O_Cu111_fcc/singlepoint/PBE,0,/pscratch/sd/j/jcho5/VASP/completion_runs/matched_potential_slabs_20260915/slab/Cu111_28f90def6e/pbe,,-250.81023092,-224.08285313,,500,,converged,b5550efb25d6a20ae960aeaf91fdb6ca7b00da62bbf71e5d42b5996a8887d416,false
Cu111,methoxy,pbe_d3,CH3O_Cu111_fcc,fcc,false,reference_unavailable,No converged relaxed references with matching functional/composition,,/pscratch/sd/j/jcho5/VASP/dft_jobs/CH3O_Cu111_fcc/singlepoint/PBE_D3,0,/pscratch/sd/j/jcho5/VASP/completion_runs/matched_potential_slabs_20260915/slab/Cu111_6058af94f0/pbe_d3,,-273.56013965,-246.56952283,,500,,converged,b5550efb25d6a20ae960aeaf91fdb6ca7b00da62bbf71e5d42b5996a8887d416,false
Cu111,methoxy,r2scan,CH3O_Cu111_fcc,fcc,false,reference_unavailable,No converged relaxed references with matching functional/composition,,/pscratch/sd/j/jcho5/VASP/dft_jobs/CH3O_Cu111_fcc/singlepoint/r2scan,0,/pscratch/sd/j/jcho5/VASP/completion_runs/matched_potential_slabs_20260915/slab/Cu111_96724abedd/r2scan,,-704.22419885,-675.43021718,,500,,converged,b5550efb25d6a20ae960aeaf91fdb6ca7b00da62bbf71e5d42b5996a8887d416,false
Cu111,methoxy,beef_vdw,CH3O_Cu111_fcc,fcc,false,reference_unavailable,No converged relaxed references with matching functional/composition,,/pscratch/sd/j/jcho5/VASP/dft_jobs/CH3O_Cu111_fcc/singlepoint/beef_vdw,0,/pscratch/sd/j/jcho5/VASP/completion_runs/matched_potential_slabs_20260915/slab/Cu111_11f50e50d8/beef_vdw,,-38.51444523,-14.59994315,,500,,converged,b5550efb25d6a20ae960aeaf91fdb6ca7b00da62bbf71e5d42b5996a8887d416,false
Ir100,methoxy,pbe,CH3O_Ir100,,false,reference_unavailable,No converged relaxed references with matching functional/composition,,/pscratch/sd/j/jcho5/VASP/dft_jobs/CH3O_Ir100/singlepoint/PBE,0,/pscratch/sd/j/jcho5/VASP/vasp_slab/Ir100/PBE,,-321.52464915,-294.40101414,,1000,,converged,d2f262b5d2003a4deb4bc41f9c832a3b828908960bfbad63716da8e85d377f8c,false
Ir100,methoxy,pbe_d3,CH3O_Ir100,,false,reference_unavailable,No converged relaxed references with matching functional/composition,,/pscratch/sd/j/jcho5/VASP/dft_jobs/CH3O_Ir100/singlepoint/PBE_D3,0,/pscratch/sd/j/jcho5/VASP/vasp_slab/Ir100/PBE_D3,,-339.07929518,-311.60244978,,1000,,converged,d2f262b5d2003a4deb4bc41f9c832a3b828908960bfbad63716da8e85d377f8c,false
Ir100,methoxy,r2scan,CH3O_Ir100,,false,reference_unavailable,No converged relaxed references with matching functional/composition,,/pscratch/sd/j/jcho5/VASP/dft_jobs/CH3O_Ir100/singlepoint/r2scan,0,/pscratch/sd/j/jcho5/VASP/completion_runs/site_gapfill_20260914/slab/C2H4_Ir100/r2scan,,-1887.96569706,-1858.66548475,,1000,,converged,d2f262b5d2003a4deb4bc41f9c832a3b828908960bfbad63716da8e85d377f8c,false
Ir100,methoxy,beef_vdw,CH3O_Ir100,,false,reference_unavailable,No converged relaxed references with matching functional/composition,,/pscratch/sd/j/jcho5/VASP/dft_jobs/CH3O_Ir100/singlepoint/beef_vdw,0,/pscratch/sd/j/jcho5/VASP/vasp_slab/Ir100/beef_vdw,,-207.29656213,-183.01756659,,1000,,converged,d2f262b5d2003a4deb4bc41f9c832a3b828908960bfbad63716da8e85d377f8c,false
Ir110,methoxy,pbe,CH3O_Ir110,,false,reference_unavailable,No converged relaxed references with matching functional/composition,,/pscratch/sd/j/jcho5/VASP/dft_jobs/CH3O_Ir110/singlepoint/PBE,0,/pscratch/sd/j/jcho5/VASP/vasp_slab/Ir110/PBE,,-213.02874005,-185.79278571,,1000,,converged,86a1e2660a6df7d4652d1f80e196e053ef49982dceb0836f5e2e70b641c2d512,false
Ir110,methoxy,pbe_d3,CH3O_Ir110,,false,reference_unavailable,No converged relaxed references with matching functional/composition,,/pscratch/sd/j/jcho5/VASP/dft_jobs/CH3O_Ir110/singlepoint/PBE_D3,0,/pscratch/sd/j/jcho5/VASP/vasp_slab/Ir110/PBE_D3,,-222.71235688,-195.1382215,,1000,,converged,86a1e2660a6df7d4652d1f80e196e053ef49982dceb0836f5e2e70b641c2d512,false
Ir110,methoxy,r2scan,CH3O_Ir110,,false,complex_unconverged,electronic_unconverged,,/pscratch/sd/j/jcho5/VASP/dft_jobs/CH3O_Ir110/singlepoint/r2scan,0,/pscratch/sd/j/jcho5/VASP/vasp_slab/Ir110/r2scan,,-1257.75450795,-1228.67675167,,1000,,electronic_unconverged,86a1e2660a6df7d4652d1f80e196e053ef49982dceb0836f5e2e70b641c2d512,false
Ir110,methoxy,beef_vdw,CH3O_Ir110,,false,reference_unavailable,No converged relaxed references with matching functional/composition,,/pscratch/sd/j/jcho5/VASP/dft_jobs/CH3O_Ir110/singlepoint/beef_vdw,0,/pscratch/sd/j/jcho5/VASP/vasp_slab/Ir110/beef_vdw,,-135.70415977,-111.25249754,,1000,,converged,86a1e2660a6df7d4652d1f80e196e053ef49982dceb0836f5e2e70b641c2d512,false
Ir111,methoxy,pbe,CH3O_Ir111,,false,reference_unavailable,No converged relaxed references with matching functional/composition,,/pscratch/sd/j/jcho5/VASP/dft_jobs/CH3O_Ir111/singlepoint/PBE,0,/pscratch/sd/j/jcho5/VASP/vasp_slab/Ir111/PBE,,-564.61373372,-538.3119429,,1000,,converged,9e47a557354febe1e8870e04dfd07b13c2e10e5374b3749692d145d2388a3968,false
Ir111,methoxy,pbe_d3,CH3O_Ir111,,false,reference_unavailable,No converged relaxed references with matching functional/composition,,/pscratch/sd/j/jcho5/VASP/dft_jobs/CH3O_Ir111/singlepoint/PBE_D3,0,/pscratch/sd/j/jcho5/VASP/vasp_slab/Ir111/PBE_D3,,-597.25368314,-570.78304395,,1000,,converged,9e47a557354febe1e8870e04dfd07b13c2e10e5374b3749692d145d2388a3968,false
Ir111,methoxy,r2scan,CH3O_Ir111,,false,reference_unavailable,No converged relaxed references with matching functional/composition,,/pscratch/sd/j/jcho5/VASP/dft_jobs/CH3O_Ir111/singlepoint/r2scan,0,/pscratch/sd/j/jcho5/VASP/vasp_slab/Ir111/r2scan,,-3348.84589046,-3320.68314209,,1000,,converged,9e47a557354febe1e8870e04dfd07b13c2e10e5374b3749692d145d2388a3968,false
Ir111,methoxy,beef_vdw,CH3O_Ir111,,false,reference_unavailable,No converged relaxed references with matching functional/composition,,/pscratch/sd/j/jcho5/VASP/dft_jobs/CH3O_Ir111/singlepoint/beef_vdw,0,/pscratch/sd/j/jcho5/VASP/vasp_slab/Ir111/beef_vdw,,-363.07152846,-339.48696992,,1000,,converged,9e47a557354febe1e8870e04dfd07b13c2e10e5374b3749692d145d2388a3968,false
Rh100,methoxy,pbe,CH3O_Rh100,,false,complex_unconverged,electronic_unconverged,,/pscratch/sd/j/jcho5/VASP/dft_jobs/CH3O_Rh100/singlepoint/PBE,0,/pscratch/sd/j/jcho5/VASP/vasp_slab/Rh100/PBE,,-269.58503624,-242.27634007,,1000,,electronic_unconverged,ccca73b0f1b4579716d01feee99514c3ff29f478db7b52820bff29467f132b38,false
Rh100,methoxy,pbe_d3,CH3O_Rh100,,false,complex_unconverged,electronic_unconverged,,/pscratch/sd/j/jcho5/VASP/dft_jobs/CH3O_Rh100/singlepoint/PBE_D3,0,/pscratch/sd/j/jcho5/VASP/vasp_slab/Rh100/PBE_D3,,-283.70058315,-256.07544059,,1000,,electronic_unconverged,ccca73b0f1b4579716d01feee99514c3ff29f478db7b52820bff29467f132b38,false
Rh100,methoxy,r2scan,CH3O_Rh100,,false,reference_unavailable,No converged relaxed references with matching functional/composition,,/pscratch/sd/j/jcho5/VASP/dft_jobs/CH3O_Rh100/singlepoint/r2scan,0,/pscratch/sd/j/jcho5/VASP/completion_runs/matched_potential_slabs_20260915/slab/Rh100_84c2195556/r2scan,,-877.47387997,-848.37766508,,500,,converged,ccca73b0f1b4579716d01feee99514c3ff29f478db7b52820bff29467f132b38,false
Rh100,methoxy,beef_vdw,CH3O_Rh100,,false,reference_unavailable,No converged relaxed references with matching functional/composition,,/pscratch/sd/j/jcho5/VASP/dft_jobs/CH3O_Rh100/singlepoint/beef_vdw,0,/pscratch/sd/j/jcho5/VASP/completion_runs/matched_potential_slabs_20260915/slab/Rh100_b2891dc541/beef_vdw,,-154.58131696,-130.4934363,,500,,converged,ccca73b0f1b4579716d01feee99514c3ff29f478db7b52820bff29467f132b38,false
Rh110,methoxy,pbe,CH3O_Rh110,,false,reference_unavailable,No converged relaxed references with matching functional/composition,,/pscratch/sd/j/jcho5/VASP/dft_jobs/CH3O_Rh110/singlepoint/PBE,0,/pscratch/sd/j/jcho5/VASP/vasp_slab/Rh110/PBE,,-180.41659666,-153.0579593,,1000,,converged,ce733ea94dcfcceffea9f2096109db55605bc0e16d92d7166fe3c5d462f66cab,false
Rh110,methoxy,pbe_d3,CH3O_Rh110,,false,reference_unavailable,No converged relaxed references with matching functional/composition,,/pscratch/sd/j/jcho5/VASP/dft_jobs/CH3O_Rh110/singlepoint/PBE_D3,0,/pscratch/sd/j/jcho5/VASP/vasp_slab/Rh110/PBE_D3,,-188.17505607,-160.48819907,,1000,,converged,ce733ea94dcfcceffea9f2096109db55605bc0e16d92d7166fe3c5d462f66cab,false
Rh110,methoxy,r2scan,CH3O_Rh110,,false,reference_unavailable,No converged relaxed references with matching functional/composition,,/pscratch/sd/j/jcho5/VASP/dft_jobs/CH3O_Rh110/singlepoint/r2scan,0,/pscratch/sd/j/jcho5/VASP/completion_runs/matched_potential_slabs_20260915/slab/Rh110_43367cbc6c/r2scan,,-587.27020694,-558.32899056,,500,,converged,ce733ea94dcfcceffea9f2096109db55605bc0e16d92d7166fe3c5d462f66cab,false
Rh110,methoxy,beef_vdw,CH3O_Rh110,,false,reference_unavailable,No converged relaxed references with matching functional/composition,,/pscratch/sd/j/jcho5/VASP/dft_jobs/CH3O_Rh110/singlepoint/beef_vdw,0,/pscratch/sd/j/jcho5/VASP/completion_runs/matched_potential_slabs_20260915/slab/Rh110_a6be9fa2b9/beef_vdw,,-102.93183499,-78.69248876,,500,,converged,ce733ea94dcfcceffea9f2096109db55605bc0e16d92d7166fe3c5d462f66cab,false
Rh111,methoxy,pbe,CH3O_Rh111,,false,reference_unavailable,No converged relaxed references with matching functional/composition,,/pscratch/sd/j/jcho5/VASP/dft_jobs/CH3O_Rh111/singlepoint/PBE,0,/pscratch/sd/j/jcho5/VASP/vasp_slab/Rh111/PBE,,-466.53848328,-439.14994289,,1000,,converged,a95086b433d5cf36d810f284f45999b25bbd3b07d07b81c3b917b69952971409,false
Rh111,methoxy,pbe_d3,CH3O_Rh111,,false,reference_unavailable,No converged relaxed references with matching functional/composition,,/pscratch/sd/j/jcho5/VASP/dft_jobs/CH3O_Rh111/singlepoint/PBE_D3,0,/pscratch/sd/j/jcho5/VASP/vasp_slab/Rh111/PBE_D3,,-492.75834513,-465.26142053,,1000,,converged,a95086b433d5cf36d810f284f45999b25bbd3b07d07b81c3b917b69952971409,false
Rh111,methoxy,r2scan,CH3O_Rh111,,false,reference_unavailable,No converged relaxed references with matching functional/composition,,/pscratch/sd/j/jcho5/VASP/dft_jobs/CH3O_Rh111/singlepoint/r2scan,0,/pscratch/sd/j/jcho5/VASP/vasp_slab/Rh111/r2scan,,-1546.46497481,-1516.88991315,,1000,,converged,a95086b433d5cf36d810f284f45999b25bbd3b07d07b81c3b917b69952971409,false
Rh111,methoxy,beef_vdw,CH3O_Rh111,,false,reference_unavailable,No converged relaxed references with matching functional/composition,,/pscratch/sd/j/jcho5/VASP/dft_jobs/CH3O_Rh111/singlepoint/beef_vdw,0,/pscratch/sd/j/jcho5/VASP/completion_runs/matched_potential_slabs_20260915/slab/Rh111_f89b45c425/beef_vdw,,-263.69822043,-239.6848005,,500,,converged,a95086b433d5cf36d810f284f45999b25bbd3b07d07b81c3b917b69952971409,false
Ag100,CH3,pbe,CH3_Ag100,,false,potential_mismatch,Complex and reference PAW potential identities differ or are missing; energy retained only as diagnostic,-1.83899986,/pscratch/sd/j/jcho5/VASP/dft_jobs/CH3_Ag100/singlepoint/PBE,0,/pscratch/sd/j/jcho5/VASP/vasp_slab/Ag100/PBE,/pscratch/sd/j/jcho5/VASP/vasp_mol/CH3/PBE,-110.15571116,-90.12407184,-18.19263946,1000,500,converged,4e49e2fe7c10f952976426783658b45b71586dcae858a2a8a9a92f51216a97ed,false
Ag100,CH3,pbe_d3,CH3_Ag100,,false,potential_mismatch,Complex and reference PAW potential identities differ or are missing; energy retained only as diagnostic,-1.98716752,/pscratch/sd/j/jcho5/VASP/dft_jobs/CH3_Ag100/singlepoint/PBE_D3,0,/pscratch/sd/j/jcho5/VASP/vasp_slab/Ag100/PBE_D3,/pscratch/sd/j/jcho5/VASP/vasp_mol/CH3/PBE_D3,-122.58167716,-102.4003605,-18.19414914,1000,500,converged,4e49e2fe7c10f952976426783658b45b71586dcae858a2a8a9a92f51216a97ed,false
Ag100,CH3,r2scan,CH3_Ag100,,false,potential_mismatch,Complex and reference PAW potential identities differ or are missing; energy retained only as diagnostic,-2.23863537,/pscratch/sd/j/jcho5/VASP/dft_jobs/CH3_Ag100/singlepoint/r2scan,0,/pscratch/sd/j/jcho5/VASP/vasp_slab/Ag100/r2scan,/pscratch/sd/j/jcho5/VASP/vasp_mol/CH3/r2scan,-780.53353344,-759.06403021,-19.23086786,1000,500,converged,40d4fa1b72dfadcd2a188bf66e5f217a5ed5acb84d7edf9dcd1a886d73ffeb28,false
Ag100,CH3,beef_vdw,CH3_Ag100,,false,potential_mismatch,Complex and reference PAW potential identities differ or are missing; energy retained only as diagnostic,-25.98909413,/pscratch/sd/j/jcho5/VASP/dft_jobs/CH3_Ag100/singlepoint/beef_vdw,0,/pscratch/sd/j/jcho5/VASP/vasp_slab/Ag100/beef_vdw,/pscratch/sd/j/jcho5/VASP/vasp_mol/CH3/beef_vdw,14.93500362,58.04168493,-17.11758718,1000,500,converged,4e49e2fe7c10f952976426783658b45b71586dcae858a2a8a9a92f51216a97ed,false
Ag110,CH3,pbe,CH3_Ag110,,false,potential_mismatch,Complex and reference PAW potential identities differ or are missing; energy retained only as diagnostic,-1.58261425,/pscratch/sd/j/jcho5/VASP/dft_jobs/CH3_Ag110/singlepoint/PBE,0,/pscratch/sd/j/jcho5/VASP/vasp_slab/Ag110/PBE,/pscratch/sd/j/jcho5/VASP/vasp_mol/CH3/PBE,-77.12055805,-57.34530434,-18.19263946,1000,500,converged,97db7ee298ea37f303b8aed6dda27ba55158ce23ceb9188c1a1a9444a21e5575,false
Ag110,CH3,pbe_d3,CH3_Ag110,,false,potential_mismatch,Complex and reference PAW potential identities differ or are missing; energy retained only as diagnostic,-1.76284351,/pscratch/sd/j/jcho5/VASP/dft_jobs/CH3_Ag110/singlepoint/PBE_D3,0,/pscratch/sd/j/jcho5/VASP/vasp_slab/Ag110/PBE_D3,/pscratch/sd/j/jcho5/VASP/vasp_mol/CH3/PBE_D3,-84.04111335,-64.0841207,-18.19414914,1000,500,converged,97db7ee298ea37f303b8aed6dda27ba55158ce23ceb9188c1a1a9444a21e5575,false
Ag110,CH3,r2scan,CH3_Ag110,,false,potential_mismatch,Complex and reference PAW potential identities differ or are missing; energy retained only as diagnostic,-1.79332696,/pscratch/sd/j/jcho5/VASP/dft_jobs/CH3_Ag110/singlepoint/r2scan,0,/pscratch/sd/j/jcho5/VASP/vasp_slab/Ag110/r2scan,/pscratch/sd/j/jcho5/VASP/vasp_mol/CH3/r2scan,-523.70443286,-502.68023804,-19.23086786,1000,500,converged,97db7ee298ea37f303b8aed6dda27ba55158ce23ceb9188c1a1a9444a21e5575,false
Ag110,CH3,beef_vdw,CH3_Ag110,,false,potential_mismatch,Complex and reference PAW potential identities differ or are missing; energy retained only as diagnostic,-17.60510918,/pscratch/sd/j/jcho5/VASP/dft_jobs/CH3_Ag110/singlepoint/beef_vdw,0,/pscratch/sd/j/jcho5/VASP/vasp_slab/Ag110/beef_vdw,/pscratch/sd/j/jcho5/VASP/vasp_mol/CH3/beef_vdw,6.88870733,41.61140369,-17.11758718,1000,500,converged,97db7ee298ea37f303b8aed6dda27ba55158ce23ceb9188c1a1a9444a21e5575,false
Ag111,CH3,pbe,CH3_Ag111,,false,ok,NSW=0 complex; converged relaxed references; matching composition,-0.75854395,/pscratch/sd/j/jcho5/VASP/dft_jobs/CH3_Ag111/singlepoint/PBE,0,/pscratch/sd/j/jcho5/VASP/completion_runs/matched_potential_slabs_20260915/slab/Ag111_61964c781c/pbe,/pscratch/sd/j/jcho5/VASP/vasp_mol/CH3/PBE,-111.2024311,-92.25124769,-18.19263946,500,500,converged,e25214c2ccd481f9fce9c7bc437789de71c66cf7c040874cde14aac94180ac75,true
Ag111,CH3,pbe_d3,CH3_Ag111,,false,ok,NSW=0 complex; converged relaxed references; matching composition,-0.86271422,/pscratch/sd/j/jcho5/VASP/dft_jobs/CH3_Ag111/singlepoint/PBE_D3,0,/pscratch/sd/j/jcho5/VASP/completion_runs/matched_potential_slabs_20260915/slab/Ag111_71d4cd48c4/pbe_d3,/pscratch/sd/j/jcho5/VASP/vasp_mol/CH3/PBE_D3,-124.2837817,-105.22691834,-18.19414914,500,500,converged,e25214c2ccd481f9fce9c7bc437789de71c66cf7c040874cde14aac94180ac75,true
Ag111,CH3,r2scan,CH3_Ag111,,false,ok,NSW=0 complex; converged relaxed references; matching composition,-0.60221478,/pscratch/sd/j/jcho5/VASP/dft_jobs/CH3_Ag111/singlepoint/r2scan,0,/pscratch/sd/j/jcho5/VASP/completion_runs/matched_potential_slabs_20260915/slab/Ag111_f9365ca685/r2scan,/pscratch/sd/j/jcho5/VASP/vasp_mol/CH3/r2scan,-781.88013425,-762.04705161,-19.23086786,500,500,converged,e25214c2ccd481f9fce9c7bc437789de71c66cf7c040874cde14aac94180ac75,true
Ag111,CH3,beef_vdw,CH3_Ag111,,false,ok,NSW=0 complex; converged relaxed references; matching composition,-0.83249641,/pscratch/sd/j/jcho5/VASP/dft_jobs/CH3_Ag111/singlepoint/beef_vdw,0,/pscratch/sd/j/jcho5/VASP/completion_runs/matched_potential_slabs_20260915/slab/Ag111_35207ad13f/beef_vdw,/pscratch/sd/j/jcho5/VASP/vasp_mol/CH3/beef_vdw,14.04365325,31.99373684,-17.11758718,500,500,converged,e25214c2ccd481f9fce9c7bc437789de71c66cf7c040874cde14aac94180ac75,true
Au100,CH3,pbe,CH3_Au100,,false,reference_unavailable,No converged relaxed references with matching functional/composition,,/pscratch/sd/j/jcho5/VASP/dft_jobs/CH3_Au100/singlepoint/PBE,0,,/pscratch/sd/j/jcho5/VASP/vasp_mol/CH3/PBE,-211.43303175,,-18.19263946,,500,converged,b6fb97c96c5e43d6421931d194be2895ae29189abd80fb0fef489da8ace3dad9,false
Au100,CH3,pbe_d3,CH3_Au100,,false,reference_unavailable,No converged relaxed references with matching functional/composition,,/pscratch/sd/j/jcho5/VASP/dft_jobs/CH3_Au100/singlepoint/PBE_D3,0,,/pscratch/sd/j/jcho5/VASP/vasp_mol/CH3/PBE_D3,-241.76436451,,-18.19414914,,500,converged,b6fb97c96c5e43d6421931d194be2895ae29189abd80fb0fef489da8ace3dad9,false
Au100,CH3,r2scan,CH3_Au100,,false,reference_unavailable,No converged relaxed references with matching functional/composition,,/pscratch/sd/j/jcho5/VASP/dft_jobs/CH3_Au100/singlepoint/r2scan,0,,/pscratch/sd/j/jcho5/VASP/vasp_mol/CH3/r2scan,-3241.41930212,,-19.23086786,,500,converged,b6fb97c96c5e43d6421931d194be2895ae29189abd80fb0fef489da8ace3dad9,false
Au100,CH3,beef_vdw,CH3_Au100,,false,reference_unavailable,No converged relaxed references with matching functional/composition,,/pscratch/sd/j/jcho5/VASP/dft_jobs/CH3_Au100/singlepoint/beef_vdw,0,,/pscratch/sd/j/jcho5/VASP/vasp_mol/CH3/beef_vdw,-13.26624464,,-17.11758718,,500,converged,b6fb97c96c5e43d6421931d194be2895ae29189abd80fb0fef489da8ace3dad9,false
Au110,CH3,pbe,CH3_Au110,,false,reference_unavailable,No converged relaxed references with matching functional/composition,,/pscratch/sd/j/jcho5/VASP/dft_jobs/CH3_Au110/singlepoint/PBE,0,,/pscratch/sd/j/jcho5/VASP/vasp_mol/CH3/PBE,-203.91576171,,-18.19263946,,500,converged,e85d5b268fac5e9a3a688c4363281042844bff2cc095b4aa5091b45b77bba33b,false
Au110,CH3,pbe_d3,CH3_Au110,,false,reference_unavailable,No converged relaxed references with matching functional/composition,,/pscratch/sd/j/jcho5/VASP/dft_jobs/CH3_Au110/singlepoint/PBE_D3,0,,/pscratch/sd/j/jcho5/VASP/vasp_mol/CH3/PBE_D3,-229.16955911,,-18.19414914,,500,converged,e85d5b268fac5e9a3a688c4363281042844bff2cc095b4aa5091b45b77bba33b,false
Au110,CH3,r2scan,CH3_Au110,,false,reference_unavailable,No converged relaxed references with matching functional/composition,,/pscratch/sd/j/jcho5/VASP/dft_jobs/CH3_Au110/singlepoint/r2scan,0,,/pscratch/sd/j/jcho5/VASP/vasp_mol/CH3/r2scan,-3232.32876586,,-19.23086786,,500,converged,e85d5b268fac5e9a3a688c4363281042844bff2cc095b4aa5091b45b77bba33b,false
Au110,CH3,beef_vdw,CH3_Au110,,false,reference_unavailable,No converged relaxed references with matching functional/composition,,/pscratch/sd/j/jcho5/VASP/dft_jobs/CH3_Au110/singlepoint/beef_vdw,0,,/pscratch/sd/j/jcho5/VASP/vasp_mol/CH3/beef_vdw,-5.24952672,,-17.11758718,,500,converged,e85d5b268fac5e9a3a688c4363281042844bff2cc095b4aa5091b45b77bba33b,false
Au111,CH3,pbe,CH3_Au111,,false,reference_unavailable,No converged relaxed references with matching functional/composition,,/pscratch/sd/j/jcho5/VASP/dft_jobs/CH3_Au111/singlepoint/PBE,0,,/pscratch/sd/j/jcho5/VASP/vasp_mol/CH3/PBE,-129.70392795,,-18.19263946,,500,converged,14a1d3bfae8f097f4f4317c83694b7f0e283a18c4119e0b5ff4ae8dd3beb6e5a,false
Au111,CH3,pbe_d3,CH3_Au111,,false,reference_unavailable,No converged relaxed references with matching functional/composition,,/pscratch/sd/j/jcho5/VASP/dft_jobs/CH3_Au111/singlepoint/PBE_D3,0,,/pscratch/sd/j/jcho5/VASP/vasp_mol/CH3/PBE_D3,-147.58958494,,-18.19414914,,500,converged,14a1d3bfae8f097f4f4317c83694b7f0e283a18c4119e0b5ff4ae8dd3beb6e5a,false
Au111,CH3,r2scan,CH3_Au111,,false,reference_unavailable,No converged relaxed references with matching functional/composition,,/pscratch/sd/j/jcho5/VASP/dft_jobs/CH3_Au111/singlepoint/r2scan,0,,/pscratch/sd/j/jcho5/VASP/vasp_mol/CH3/r2scan,-1834.91516435,,-19.23086786,,500,converged,14a1d3bfae8f097f4f4317c83694b7f0e283a18c4119e0b5ff4ae8dd3beb6e5a,false
Au111,CH3,beef_vdw,CH3_Au111,,false,reference_unavailable,No converged relaxed references with matching functional/composition,,/pscratch/sd/j/jcho5/VASP/dft_jobs/CH3_Au111/singlepoint/beef_vdw,0,,/pscratch/sd/j/jcho5/VASP/vasp_mol/CH3/beef_vdw,-17.56342205,,-17.11758718,,500,converged,14a1d3bfae8f097f4f4317c83694b7f0e283a18c4119e0b5ff4ae8dd3beb6e5a,false
Cu100,CH3,pbe,CH3_Cu100,,false,ok,NSW=0 complex; converged relaxed references; matching composition,-1.24883748,/pscratch/sd/j/jcho5/VASP/dft_jobs/CH3_Cu100/singlepoint/PBE,0,/pscratch/sd/j/jcho5/VASP/vasp_slab/Cu100/PBE,/pscratch/sd/j/jcho5/VASP/vasp_mol/CH3/PBE,-239.20829858,-219.76682164,-18.19263946,1000,500,converged,3b3ced64bef122d1c6a61562257c0f26b6a6b3722021876ebedc48ed1196408d,true
Cu100,CH3,pbe_d3,CH3_Cu100,,false,ok,NSW=0 complex; converged relaxed references; matching composition,-1.51007698,/pscratch/sd/j/jcho5/VASP/dft_jobs/CH3_Cu100/singlepoint/PBE_D3,0,/pscratch/sd/j/jcho5/VASP/vasp_slab/Cu100/PBE_D3,/pscratch/sd/j/jcho5/VASP/vasp_mol/CH3/PBE_D3,-260.54475865,-240.84053253,-18.19414914,1000,500,converged,3b3ced64bef122d1c6a61562257c0f26b6a6b3722021876ebedc48ed1196408d,true
Cu100,CH3,r2scan,CH3_Cu100,,false,ok,NSW=0 complex; converged relaxed references; matching composition,-0.99767026,/pscratch/sd/j/jcho5/VASP/dft_jobs/CH3_Cu100/singlepoint/r2scan,0,/pscratch/sd/j/jcho5/VASP/vasp_slab/Cu100/r2scan,/pscratch/sd/j/jcho5/VASP/vasp_mol/CH3/r2scan,-690.54503213,-670.31649401,-19.23086786,1000,500,converged,3b3ced64bef122d1c6a61562257c0f26b6a6b3722021876ebedc48ed1196408d,true
Cu100,CH3,beef_vdw,CH3_Cu100,,false,ok,NSW=0 complex; converged relaxed references; matching composition,-1.23069857,/pscratch/sd/j/jcho5/VASP/dft_jobs/CH3_Cu100/singlepoint/beef_vdw,0,/pscratch/sd/j/jcho5/VASP/completion_runs/site_gapfill_20260914/slab/C2H4_Cu100/beef_vdw,/pscratch/sd/j/jcho5/VASP/vasp_mol/CH3/beef_vdw,-28.92460835,-10.5763226,-17.11758718,1000,500,converged,3b3ced64bef122d1c6a61562257c0f26b6a6b3722021876ebedc48ed1196408d,true
Cu110,CH3,pbe,CH3_Cu110,,false,potential_mismatch,Complex and reference PAW potential identities differ or are missing; energy retained only as diagnostic,-1.20801524,/pscratch/sd/j/jcho5/VASP/dft_jobs/CH3_Cu110/singlepoint/PBE,0,/pscratch/sd/j/jcho5/VASP/vasp_slab/Cu110/PBE,/pscratch/sd/j/jcho5/VASP/vasp_mol/CH3/PBE,-99.15068808,-79.75003338,-18.19263946,1000,500,converged,5bcfbfdbdb1c83cd73643c2cc1e76692ee88823e62916ab5809b43433519fd21,false
Cu110,CH3,pbe_d3,CH3_Cu110,,false,potential_mismatch,Complex and reference PAW potential identities differ or are missing; energy retained only as diagnostic,-1.56302187,/pscratch/sd/j/jcho5/VASP/dft_jobs/CH3_Cu110/singlepoint/PBE_D3,0,/pscratch/sd/j/jcho5/VASP/vasp_slab/Cu110/PBE_D3,/pscratch/sd/j/jcho5/VASP/vasp_mol/CH3/PBE_D3,-105.84214345,-86.08497244,-18.19414914,1000,500,converged,5bcfbfdbdb1c83cd73643c2cc1e76692ee88823e62916ab5809b43433519fd21,false
Cu110,CH3,r2scan,CH3_Cu110,,false,potential_mismatch,Complex and reference PAW potential identities differ or are missing; energy retained only as diagnostic,-1.27550039,/pscratch/sd/j/jcho5/VASP/dft_jobs/CH3_Cu110/singlepoint/r2scan,0,/pscratch/sd/j/jcho5/VASP/vasp_slab/Cu110/r2scan,/pscratch/sd/j/jcho5/VASP/vasp_mol/CH3/r2scan,-268.53886385,-248.0324956,-19.23086786,1000,500,converged,5bcfbfdbdb1c83cd73643c2cc1e76692ee88823e62916ab5809b43433519fd21,false
Cu110,CH3,beef_vdw,CH3_Cu110,,false,potential_mismatch,Complex and reference PAW potential identities differ or are missing; energy retained only as diagnostic,-32.34102279,/pscratch/sd/j/jcho5/VASP/dft_jobs/CH3_Cu110/singlepoint/beef_vdw,0,/pscratch/sd/j/jcho5/VASP/vasp_slab/Cu110/beef_vdw,/pscratch/sd/j/jcho5/VASP/vasp_mol/CH3/beef_vdw,-19.47341924,29.98519073,-17.11758718,1000,500,converged,5bcfbfdbdb1c83cd73643c2cc1e76692ee88823e62916ab5809b43433519fd21,false
Cu111,CH3,pbe,CH3_Cu111,,false,ok,NSW=0 complex; converged relaxed references; matching composition,-1.27166795,/pscratch/sd/j/jcho5/VASP/dft_jobs/CH3_Cu111/singlepoint/PBE,0,/pscratch/sd/j/jcho5/VASP/completion_runs/matched_potential_slabs_20260915/slab/Cu111_28f90def6e/pbe,/pscratch/sd/j/jcho5/VASP/vasp_mol/CH3/PBE,-243.54716054,-224.08285313,-18.19263946,500,500,converged,4b9cfdad6e102a611b5876e926328745bf57f13a8239a70531b9eef636128c89,true
Cu111,CH3,pbe_d3,CH3_Cu111,,false,ok,NSW=0 complex; converged relaxed references; matching composition,-1.55176133,/pscratch/sd/j/jcho5/VASP/dft_jobs/CH3_Cu111/singlepoint/PBE_D3,0,/pscratch/sd/j/jcho5/VASP/completion_runs/matched_potential_slabs_20260915/slab/Cu111_6058af94f0/pbe_d3,/pscratch/sd/j/jcho5/VASP/vasp_mol/CH3/PBE_D3,-266.3154333,-246.56952283,-18.19414914,500,500,converged,4b9cfdad6e102a611b5876e926328745bf57f13a8239a70531b9eef636128c89,true
Cu111,CH3,r2scan,CH3_Cu111,,false,ok,NSW=0 complex; converged relaxed references; matching composition,-1.07573463,/pscratch/sd/j/jcho5/VASP/dft_jobs/CH3_Cu111/singlepoint/r2scan,0,/pscratch/sd/j/jcho5/VASP/completion_runs/matched_potential_slabs_20260915/slab/Cu111_96724abedd/r2scan,/pscratch/sd/j/jcho5/VASP/vasp_mol/CH3/r2scan,-695.73681967,-675.43021718,-19.23086786,500,500,converged,4b9cfdad6e102a611b5876e926328745bf57f13a8239a70531b9eef636128c89,true
Cu111,CH3,beef_vdw,CH3_Cu111,,false,ok,NSW=0 complex; converged relaxed references; matching composition,-1.25799547,/pscratch/sd/j/jcho5/VASP/dft_jobs/CH3_Cu111/singlepoint/beef_vdw,0,/pscratch/sd/j/jcho5/VASP/completion_runs/matched_potential_slabs_20260915/slab/Cu111_11f50e50d8/beef_vdw,/pscratch/sd/j/jcho5/VASP/vasp_mol/CH3/beef_vdw,-32.9755258,-14.59994315,-17.11758718,500,500,converged,4b9cfdad6e102a611b5876e926328745bf57f13a8239a70531b9eef636128c89,true
Ir100,CH3,pbe,CH3_Ir100,,false,ok,NSW=0 complex; converged relaxed references; matching composition,-2.08026576,/pscratch/sd/j/jcho5/VASP/dft_jobs/CH3_Ir100/singlepoint/PBE,0,/pscratch/sd/j/jcho5/VASP/vasp_slab/Ir100/PBE,/pscratch/sd/j/jcho5/VASP/vasp_mol/CH3/PBE,-314.67391936,-294.40101414,-18.19263946,1000,500,converged,96e56a4143bfc8a480b15abb7207805d78a33edb72215c70107246a77abc86c4,true
Ir100,CH3,pbe_d3,CH3_Ir100,,false,ok,NSW=0 complex; converged relaxed references; matching composition,-2.36483493,/pscratch/sd/j/jcho5/VASP/dft_jobs/CH3_Ir100/singlepoint/PBE_D3,0,/pscratch/sd/j/jcho5/VASP/vasp_slab/Ir100/PBE_D3,/pscratch/sd/j/jcho5/VASP/vasp_mol/CH3/PBE_D3,-332.16143385,-311.60244978,-18.19414914,1000,500,converged,96e56a4143bfc8a480b15abb7207805d78a33edb72215c70107246a77abc86c4,true
Ir100,CH3,r2scan,CH3_Ir100,,false,ok,NSW=0 complex; converged relaxed references; matching composition,-2.10055061,/pscratch/sd/j/jcho5/VASP/dft_jobs/CH3_Ir100/singlepoint/r2scan,0,/pscratch/sd/j/jcho5/VASP/completion_runs/site_gapfill_20260914/slab/C2H4_Ir100/r2scan,/pscratch/sd/j/jcho5/VASP/vasp_mol/CH3/r2scan,-1879.99690322,-1858.66548475,-19.23086786,1000,500,converged,96e56a4143bfc8a480b15abb7207805d78a33edb72215c70107246a77abc86c4,true
Ir100,CH3,beef_vdw,CH3_Ir100,,false,ok,NSW=0 complex; converged relaxed references; matching composition,-2.10056053,/pscratch/sd/j/jcho5/VASP/dft_jobs/CH3_Ir100/singlepoint/beef_vdw,0,/pscratch/sd/j/jcho5/VASP/vasp_slab/Ir100/beef_vdw,/pscratch/sd/j/jcho5/VASP/vasp_mol/CH3/beef_vdw,-202.2357143,-183.01756659,-17.11758718,1000,500,converged,96e56a4143bfc8a480b15abb7207805d78a33edb72215c70107246a77abc86c4,true
Ir110,CH3,pbe,CH3_Ir110,,false,ok,NSW=0 complex; converged relaxed references; matching composition,-2.28394882,/pscratch/sd/j/jcho5/VASP/dft_jobs/CH3_Ir110/singlepoint/PBE,0,/pscratch/sd/j/jcho5/VASP/vasp_slab/Ir110/PBE,/pscratch/sd/j/jcho5/VASP/vasp_mol/CH3/PBE,-206.26937399,-185.79278571,-18.19263946,1000,500,converged,968bcaf16a937e9e23fdef8b09a715e4f60c068debb072358b69cd985f726b69,true
Ir110,CH3,pbe_d3,CH3_Ir110,,false,ok,NSW=0 complex; converged relaxed references; matching composition,-2.50487477,/pscratch/sd/j/jcho5/VASP/dft_jobs/CH3_Ir110/singlepoint/PBE_D3,0,/pscratch/sd/j/jcho5/VASP/vasp_slab/Ir110/PBE_D3,/pscratch/sd/j/jcho5/VASP/vasp_mol/CH3/PBE_D3,-215.83724541,-195.1382215,-18.19414914,1000,500,converged,968bcaf16a937e9e23fdef8b09a715e4f60c068debb072358b69cd985f726b69,true
Ir110,CH3,r2scan,CH3_Ir110,,false,ok,NSW=0 complex; converged relaxed references; matching composition,-2.18059187,/pscratch/sd/j/jcho5/VASP/dft_jobs/CH3_Ir110/singlepoint/r2scan,0,/pscratch/sd/j/jcho5/VASP/vasp_slab/Ir110/r2scan,/pscratch/sd/j/jcho5/VASP/vasp_mol/CH3/r2scan,-1250.0882114,-1228.67675167,-19.23086786,1000,500,converged,968bcaf16a937e9e23fdef8b09a715e4f60c068debb072358b69cd985f726b69,true
Ir110,CH3,beef_vdw,CH3_Ir110,,false,ok,NSW=0 complex; converged relaxed references; matching composition,-2.35102682,/pscratch/sd/j/jcho5/VASP/dft_jobs/CH3_Ir110/singlepoint/beef_vdw,0,/pscratch/sd/j/jcho5/VASP/vasp_slab/Ir110/beef_vdw,/pscratch/sd/j/jcho5/VASP/vasp_mol/CH3/beef_vdw,-130.72111154,-111.25249754,-17.11758718,1000,500,converged,968bcaf16a937e9e23fdef8b09a715e4f60c068debb072358b69cd985f726b69,true
Ir111,CH3,pbe,CH3_Ir111,,false,ok,NSW=0 complex; converged relaxed references; matching composition,-1.79643634,/pscratch/sd/j/jcho5/VASP/dft_jobs/CH3_Ir111/singlepoint/PBE,0,/pscratch/sd/j/jcho5/VASP/vasp_slab/Ir111/PBE,/pscratch/sd/j/jcho5/VASP/vasp_mol/CH3/PBE,-558.3010187,-538.3119429,-18.19263946,1000,500,converged,938987643ac41fe15d084a03aee83b8f7ddb192b3135c4b128380c780b1d38e6,true
Ir111,CH3,pbe_d3,CH3_Ir111,,false,ok,NSW=0 complex; converged relaxed references; matching composition,-1.90996866,/pscratch/sd/j/jcho5/VASP/dft_jobs/CH3_Ir111/singlepoint/PBE_D3,0,/pscratch/sd/j/jcho5/VASP/vasp_slab/Ir111/PBE_D3,/pscratch/sd/j/jcho5/VASP/vasp_mol/CH3/PBE_D3,-590.88716175,-570.78304395,-18.19414914,1000,500,converged,938987643ac41fe15d084a03aee83b8f7ddb192b3135c4b128380c780b1d38e6,true
Ir111,CH3,r2scan,CH3_Ir111,,false,ok,NSW=0 complex; converged relaxed references; matching composition,-1.60703633,/pscratch/sd/j/jcho5/VASP/dft_jobs/CH3_Ir111/singlepoint/r2scan,0,/pscratch/sd/j/jcho5/VASP/vasp_slab/Ir111/r2scan,/pscratch/sd/j/jcho5/VASP/vasp_mol/CH3/r2scan,-3341.52104628,-3320.68314209,-19.23086786,1000,500,converged,938987643ac41fe15d084a03aee83b8f7ddb192b3135c4b128380c780b1d38e6,true
Ir111,CH3,beef_vdw,CH3_Ir111,,false,ok,NSW=0 complex; converged relaxed references; matching composition,-1.90929114,/pscratch/sd/j/jcho5/VASP/dft_jobs/CH3_Ir111/singlepoint/beef_vdw,0,/pscratch/sd/j/jcho5/VASP/vasp_slab/Ir111/beef_vdw,/pscratch/sd/j/jcho5/VASP/vasp_mol/CH3/beef_vdw,-358.51384824,-339.48696992,-17.11758718,1000,500,converged,938987643ac41fe15d084a03aee83b8f7ddb192b3135c4b128380c780b1d38e6,true
Pd100,CH3,pbe,CH3_Pd100,,false,potential_mismatch,Complex and reference PAW potential identities differ or are missing; energy retained only as diagnostic,-1.92018818,/pscratch/sd/j/jcho5/VASP/dft_jobs/CH3_Pd100/singlepoint/PBE,0,/pscratch/sd/j/jcho5/VASP/vasp_slab/Pd100/PBE,/pscratch/sd/j/jcho5/VASP/vasp_mol/CH3/PBE,-195.41462016,-175.30179252,-18.19263946,1000,500,converged,75b64a34b04a9513299e8a32d970193d92b5187ada38b18b2e9eb31c0e3e1c7b,false
Pd100,CH3,pbe_d3,CH3_Pd100,,false,potential_mismatch,Complex and reference PAW potential identities differ or are missing; energy retained only as diagnostic,-2.13090603,/pscratch/sd/j/jcho5/VASP/dft_jobs/CH3_Pd100/singlepoint/PBE_D3,0,/pscratch/sd/j/jcho5/VASP/vasp_slab/Pd100/PBE_D3,/pscratch/sd/j/jcho5/VASP/vasp_mol/CH3/PBE_D3,-209.78546198,-189.46040681,-18.19414914,1000,500,converged,75b64a34b04a9513299e8a32d970193d92b5187ada38b18b2e9eb31c0e3e1c7b,false
Pd100,CH3,r2scan,CH3_Pd100,,false,ok,NSW=0 complex; converged relaxed references; matching composition,-1.70562172,/pscratch/sd/j/jcho5/VASP/dft_jobs/CH3_Pd100/singlepoint/r2scan,0,/pscratch/sd/j/jcho5/VASP/completion_runs/matched_potential_slabs_20260915/slab/Pd100_25986b23a9/r2scan,/pscratch/sd/j/jcho5/VASP/vasp_mol/CH3/r2scan,-833.40562281,-812.46913323,-19.23086786,500,500,converged,75b64a34b04a9513299e8a32d970193d92b5187ada38b18b2e9eb31c0e3e1c7b,true
Pd100,CH3,beef_vdw,CH3_Pd100,,false,ok,NSW=0 complex; converged relaxed references; matching composition,-1.71733077,/pscratch/sd/j/jcho5/VASP/dft_jobs/CH3_Pd100/singlepoint/beef_vdw,0,/pscratch/sd/j/jcho5/VASP/completion_runs/matched_potential_slabs_20260915/slab/Pd100_b7d9b89afa/beef_vdw,/pscratch/sd/j/jcho5/VASP/vasp_mol/CH3/beef_vdw,-72.00446802,-53.16955007,-17.11758718,500,500,converged,75b64a34b04a9513299e8a32d970193d92b5187ada38b18b2e9eb31c0e3e1c7b,true
Pd110,CH3,pbe,CH3_Pd110,,false,potential_mismatch,Complex and reference PAW potential identities differ or are missing; energy retained only as diagnostic,-2.00547715,/pscratch/sd/j/jcho5/VASP/dft_jobs/CH3_Pd110/singlepoint/PBE,0,/pscratch/sd/j/jcho5/VASP/vasp_slab/Pd110/PBE,/pscratch/sd/j/jcho5/VASP/vasp_mol/CH3/PBE,-131.03229606,-110.83417945,-18.19263946,1000,500,converged,5e2e744c8d23748ce59b00ffc8d26b00c297b34e8e715ec8d177afa4f2ae21ed,false
Pd110,CH3,pbe_d3,CH3_Pd110,,false,potential_mismatch,Complex and reference PAW potential identities differ or are missing; energy retained only as diagnostic,-2.22567528,/pscratch/sd/j/jcho5/VASP/dft_jobs/CH3_Pd110/singlepoint/PBE_D3,0,/pscratch/sd/j/jcho5/VASP/vasp_slab/Pd110/PBE_D3,/pscratch/sd/j/jcho5/VASP/vasp_mol/CH3/PBE_D3,-138.94295847,-118.52313405,-18.19414914,1000,500,converged,5e2e744c8d23748ce59b00ffc8d26b00c297b34e8e715ec8d177afa4f2ae21ed,false
Pd110,CH3,r2scan,CH3_Pd110,,false,ok,NSW=0 complex; converged relaxed references; matching composition,-1.81418584,/pscratch/sd/j/jcho5/VASP/dft_jobs/CH3_Pd110/singlepoint/r2scan,0,/pscratch/sd/j/jcho5/VASP/completion_runs/matched_potential_slabs_20260915/slab/Pd110_2eb6224610/r2scan,/pscratch/sd/j/jcho5/VASP/vasp_mol/CH3/r2scan,-556.07902635,-535.03397265,-19.23086786,500,500,converged,5e2e744c8d23748ce59b00ffc8d26b00c297b34e8e715ec8d177afa4f2ae21ed,true
Pd110,CH3,beef_vdw,CH3_Pd110,,false,ok,NSW=0 complex; converged relaxed references; matching composition,-1.90833591,/pscratch/sd/j/jcho5/VASP/dft_jobs/CH3_Pd110/singlepoint/beef_vdw,0,/pscratch/sd/j/jcho5/VASP/completion_runs/matched_potential_slabs_20260915/slab/Pd110_7655ac7da9/beef_vdw,/pscratch/sd/j/jcho5/VASP/vasp_mol/CH3/beef_vdw,-48.38621026,-29.36028717,-17.11758718,500,500,converged,5e2e744c8d23748ce59b00ffc8d26b00c297b34e8e715ec8d177afa4f2ae21ed,true
Pd111,CH3,pbe,CH3_Pd111,,false,ok,NSW=0 complex; converged relaxed references; matching composition,-1.73396341,/pscratch/sd/j/jcho5/VASP/dft_jobs/CH3_Pd111/singlepoint/PBE,0,/pscratch/sd/j/jcho5/VASP/completion_runs/matched_potential_slabs_20260915/slab/Pd111_ffc3f47166/pbe,/pscratch/sd/j/jcho5/VASP/vasp_mol/CH3/PBE,-198.0563019,-178.12969903,-18.19263946,500,500,converged,11354bc3a045603bdbc75c38f41ba00bf4fb1bb44c72435a96b116601ae45a9c,true
Pd111,CH3,pbe_d3,CH3_Pd111,,false,ok,NSW=0 complex; converged relaxed references; matching composition,-1.92658216,/pscratch/sd/j/jcho5/VASP/dft_jobs/CH3_Pd111/singlepoint/PBE_D3,0,/pscratch/sd/j/jcho5/VASP/completion_runs/matched_potential_slabs_20260915/slab/Pd111_0333765c8d/pbe_d3,/pscratch/sd/j/jcho5/VASP/vasp_mol/CH3/PBE_D3,-213.183853,-193.0631217,-18.19414914,500,500,converged,11354bc3a045603bdbc75c38f41ba00bf4fb1bb44c72435a96b116601ae45a9c,true
Pd111,CH3,r2scan,CH3_Pd111,,false,reference_unavailable,No converged relaxed references with matching functional/composition,,/pscratch/sd/j/jcho5/VASP/dft_jobs/CH3_Pd111/singlepoint/r2scan,0,,/pscratch/sd/j/jcho5/VASP/vasp_mol/CH3/r2scan,-836.49145323,,-19.23086786,,500,converged,11354bc3a045603bdbc75c38f41ba00bf4fb1bb44c72435a96b116601ae45a9c,false
Pd111,CH3,beef_vdw,CH3_Pd111,,false,ok,NSW=0 complex; converged relaxed references; matching composition,-1.73480276,/pscratch/sd/j/jcho5/VASP/dft_jobs/CH3_Pd111/singlepoint/beef_vdw,0,/pscratch/sd/j/jcho5/VASP/completion_runs/matched_potential_slabs_20260915/slab/Pd111_f1f527eac1/beef_vdw,/pscratch/sd/j/jcho5/VASP/vasp_mol/CH3/beef_vdw,-74.30679442,-55.45440448,-17.11758718,500,500,converged,11354bc3a045603bdbc75c38f41ba00bf4fb1bb44c72435a96b116601ae45a9c,true
Pt100,CH3,pbe,CH3_Pt100,,false,potential_mismatch,Complex and reference PAW potential identities differ or are missing; energy retained only as diagnostic,-2.54170573,/pscratch/sd/j/jcho5/VASP/dft_jobs/CH3_Pt100/singlepoint/PBE,0,/pscratch/sd/j/jcho5/VASP/vasp_slab/Pt100/PBE,/pscratch/sd/j/jcho5/VASP/vasp_mol/CH3/PBE,-223.76147379,-203.0271286,-18.19263946,1000,500,converged,ba4e7088c73a354575fafe819092e816249c9e545c4a554406e259fd729d85a2,false
Pt100,CH3,pbe_d3,CH3_Pt100,,false,potential_mismatch,Complex and reference PAW potential identities differ or are missing; energy retained only as diagnostic,-2.79561179,/pscratch/sd/j/jcho5/VASP/dft_jobs/CH3_Pt100/singlepoint/PBE_D3,0,/pscratch/sd/j/jcho5/VASP/vasp_slab/Pt100/PBE_D3,/pscratch/sd/j/jcho5/VASP/vasp_mol/CH3/PBE_D3,-243.02543618,-222.03567525,-18.19414914,1000,500,converged,ba4e7088c73a354575fafe819092e816249c9e545c4a554406e259fd729d85a2,false
Pt100,CH3,r2scan,CH3_Pt100,,false,potential_mismatch,Complex and reference PAW potential identities differ or are missing; energy retained only as diagnostic,-2.77178219,/pscratch/sd/j/jcho5/VASP/dft_jobs/CH3_Pt100/singlepoint/r2scan,0,/pscratch/sd/j/jcho5/VASP/vasp_slab/Pt100/r2scan,/pscratch/sd/j/jcho5/VASP/vasp_mol/CH3/r2scan,-1857.69400903,-1835.69135898,-19.23086786,1000,500,converged,ba4e7088c73a354575fafe819092e816249c9e545c4a554406e259fd729d85a2,false
Pt100,CH3,beef_vdw,CH3_Pt100,,false,potential_mismatch,Complex and reference PAW potential identities differ or are missing; energy retained only as diagnostic,-35.90795193,/pscratch/sd/j/jcho5/VASP/dft_jobs/CH3_Pt100/singlepoint/beef_vdw,0,/pscratch/sd/j/jcho5/VASP/vasp_slab/Pt100/beef_vdw,/pscratch/sd/j/jcho5/VASP/vasp_mol/CH3/beef_vdw,-113.06883857,-60.04329946,-17.11758718,1000,500,converged,ba4e7088c73a354575fafe819092e816249c9e545c4a554406e259fd729d85a2,false
Pt110,CH3,pbe,CH3_Pt110,,false,potential_mismatch,Complex and reference PAW potential identities differ or are missing; energy retained only as diagnostic,-2.54699591,/pscratch/sd/j/jcho5/VASP/dft_jobs/CH3_Pt110/singlepoint/PBE,0,/pscratch/sd/j/jcho5/VASP/vasp_slab/Pt110/PBE,/pscratch/sd/j/jcho5/VASP/vasp_mol/CH3/PBE,-149.04059859,-128.30096322,-18.19263946,1000,500,converged,3bed7b3a3953c992292a66db4b27907a07c209eb7df388c02979b987bdbbfdc4,false
Pt110,CH3,pbe_d3,CH3_Pt110,,false,potential_mismatch,Complex and reference PAW potential identities differ or are missing; energy retained only as diagnostic,-2.84562507,/pscratch/sd/j/jcho5/VASP/dft_jobs/CH3_Pt110/singlepoint/PBE_D3,0,/pscratch/sd/j/jcho5/VASP/vasp_slab/Pt110/PBE_D3,/pscratch/sd/j/jcho5/VASP/vasp_mol/CH3/PBE_D3,-159.6129219,-138.57314769,-18.19414914,1000,500,converged,3bed7b3a3953c992292a66db4b27907a07c209eb7df388c02979b987bdbbfdc4,false
Pt110,CH3,r2scan,CH3_Pt110,,false,potential_mismatch,Complex and reference PAW potential identities differ or are missing; energy retained only as diagnostic,-2.54811454,/pscratch/sd/j/jcho5/VASP/dft_jobs/CH3_Pt110/singlepoint/r2scan,0,/pscratch/sd/j/jcho5/VASP/vasp_slab/Pt110/r2scan,/pscratch/sd/j/jcho5/VASP/vasp_mol/CH3/r2scan,-1237.86528945,-1216.08630705,-19.23086786,1000,500,converged,3bed7b3a3953c992292a66db4b27907a07c209eb7df388c02979b987bdbbfdc4,false
Pt110,CH3,beef_vdw,CH3_Pt110,,false,potential_mismatch,Complex and reference PAW potential identities differ or are missing; energy retained only as diagnostic,-24.8940331,/pscratch/sd/j/jcho5/VASP/dft_jobs/CH3_Pt110/singlepoint/beef_vdw,0,/pscratch/sd/j/jcho5/VASP/vasp_slab/Pt110/beef_vdw,/pscratch/sd/j/jcho5/VASP/vasp_mol/CH3/beef_vdw,-74.69118894,-32.67956866,-17.11758718,1000,500,converged,3bed7b3a3953c992292a66db4b27907a07c209eb7df388c02979b987bdbbfdc4,false
Pt111,CH3,pbe,CH3_Pt111_top,top,false,ok,NSW=0 complex; converged relaxed references; matching composition,-1.90624625,/pscratch/sd/j/jcho5/VASP/dft_jobs/CH3_Pt111_top/singlepoint/PBE,0,/pscratch/sd/j/jcho5/VASP/completion_runs/matched_potential_slabs_20260915/slab/Pt111_ac28ddddd3/pbe,/pscratch/sd/j/jcho5/VASP/vasp_mol/CH3/PBE,-228.79480895,-208.69592324,-18.19263946,500,500,converged,31cab427724f7d740ca709189a231a173692449f1c107c627b2f6f927684b6a1,true
Pt111,CH3,pbe_d3,CH3_Pt111_top,top,false,ok,NSW=0 complex; converged relaxed references; matching composition,-2.11285805,/pscratch/sd/j/jcho5/VASP/dft_jobs/CH3_Pt111_top/singlepoint/PBE_D3,0,/pscratch/sd/j/jcho5/VASP/completion_runs/matched_potential_slabs_20260915/slab/Pt111_c3286ec1f4/pbe_d3,/pscratch/sd/j/jcho5/VASP/vasp_mol/CH3/PBE_D3,-248.90377417,-228.59676698,-18.19414914,500,500,converged,31cab427724f7d740ca709189a231a173692449f1c107c627b2f6f927684b6a1,true
Pt111,CH3,r2scan,CH3_Pt111_top,top,false,reference_unavailable,No converged relaxed references with matching functional/composition,,/pscratch/sd/j/jcho5/VASP/dft_jobs/CH3_Pt111_top/singlepoint/r2scan,0,,/pscratch/sd/j/jcho5/VASP/vasp_mol/CH3/r2scan,-1862.84200667,,-19.23086786,,500,converged,31cab427724f7d740ca709189a231a173692449f1c107c627b2f6f927684b6a1,false
Pt111,CH3,beef_vdw,CH3_Pt111_top,top,false,reference_unavailable,No converged relaxed references with matching functional/composition,,/pscratch/sd/j/jcho5/VASP/dft_jobs/CH3_Pt111_top/singlepoint/beef_vdw,0,,/pscratch/sd/j/jcho5/VASP/vasp_mol/CH3/beef_vdw,-117.64794542,,-17.11758718,,500,converged,31cab427724f7d740ca709189a231a173692449f1c107c627b2f6f927684b6a1,false
Rh100,CH3,pbe,CH3_Rh100,,false,complex_unconverged,electronic_unconverged,,/pscratch/sd/j/jcho5/VASP/dft_jobs/CH3_Rh100/singlepoint/PBE,0,/pscratch/sd/j/jcho5/VASP/vasp_slab/Rh100/PBE,/pscratch/sd/j/jcho5/VASP/vasp_mol/CH3/PBE,-262.36015436,-242.27634007,-18.19263946,1000,500,electronic_unconverged,9a53d6b969e84eb11181b14340652fb0e4bba5260e32fde0eda55277a4846a1d,false
Rh100,CH3,pbe_d3,CH3_Rh100,,false,complex_unconverged,electronic_unconverged,,/pscratch/sd/j/jcho5/VASP/dft_jobs/CH3_Rh100/singlepoint/PBE_D3,0,/pscratch/sd/j/jcho5/VASP/vasp_slab/Rh100/PBE_D3,/pscratch/sd/j/jcho5/VASP/vasp_mol/CH3/PBE_D3,-276.4827577,-256.07544059,-18.19414914,1000,500,electronic_unconverged,9a53d6b969e84eb11181b14340652fb0e4bba5260e32fde0eda55277a4846a1d,false
Rh100,CH3,r2scan,CH3_Rh100,,false,ok,NSW=0 complex; converged relaxed references; matching composition,-1.84342015,/pscratch/sd/j/jcho5/VASP/dft_jobs/CH3_Rh100/singlepoint/r2scan,0,/pscratch/sd/j/jcho5/VASP/completion_runs/matched_potential_slabs_20260915/slab/Rh100_84c2195556/r2scan,/pscratch/sd/j/jcho5/VASP/vasp_mol/CH3/r2scan,-869.45195309,-848.37766508,-19.23086786,500,500,converged,9a53d6b969e84eb11181b14340652fb0e4bba5260e32fde0eda55277a4846a1d,true
Rh100,CH3,beef_vdw,CH3_Rh100,,false,complex_unconverged,electronic_unconverged,,/pscratch/sd/j/jcho5/VASP/dft_jobs/CH3_Rh100/singlepoint/beef_vdw,0,/pscratch/sd/j/jcho5/VASP/completion_runs/matched_potential_slabs_20260915/slab/Rh100_b2891dc541/beef_vdw,/pscratch/sd/j/jcho5/VASP/vasp_mol/CH3/beef_vdw,-148.55226561,-130.4934363,-17.11758718,500,500,electronic_unconverged,9a53d6b969e84eb11181b14340652fb0e4bba5260e32fde0eda55277a4846a1d,false
Rh110,CH3,pbe,CH3_Rh110,,false,potential_mismatch,Complex and reference PAW potential identities differ or are missing; energy retained only as diagnostic,-2.2158328,/pscratch/sd/j/jcho5/VASP/dft_jobs/CH3_Rh110/singlepoint/PBE,0,/pscratch/sd/j/jcho5/VASP/vasp_slab/Rh110/PBE,/pscratch/sd/j/jcho5/VASP/vasp_mol/CH3/PBE,-173.46643156,-153.0579593,-18.19263946,1000,500,converged,ee3bca89bdd2d2672819f7a5a39f9a22d7d45c51dbf4a17d8f87b3e4a01963f2,false
Rh110,CH3,pbe_d3,CH3_Rh110,,false,potential_mismatch,Complex and reference PAW potential identities differ or are missing; energy retained only as diagnostic,-2.45609217,/pscratch/sd/j/jcho5/VASP/dft_jobs/CH3_Rh110/singlepoint/PBE_D3,0,/pscratch/sd/j/jcho5/VASP/vasp_slab/Rh110/PBE_D3,/pscratch/sd/j/jcho5/VASP/vasp_mol/CH3/PBE_D3,-181.13844038,-160.48819907,-18.19414914,1000,500,converged,ee3bca89bdd2d2672819f7a5a39f9a22d7d45c51dbf4a17d8f87b3e4a01963f2,false
Rh110,CH3,r2scan,CH3_Rh110,,false,ok,NSW=0 complex; converged relaxed references; matching composition,-1.79221586,/pscratch/sd/j/jcho5/VASP/dft_jobs/CH3_Rh110/singlepoint/r2scan,0,/pscratch/sd/j/jcho5/VASP/completion_runs/matched_potential_slabs_20260915/slab/Rh110_43367cbc6c/r2scan,/pscratch/sd/j/jcho5/VASP/vasp_mol/CH3/r2scan,-579.35207428,-558.32899056,-19.23086786,500,500,converged,ee3bca89bdd2d2672819f7a5a39f9a22d7d45c51dbf4a17d8f87b3e4a01963f2,true
Rh110,CH3,beef_vdw,CH3_Rh110,,false,ok,NSW=0 complex; converged relaxed references; matching composition,-1.99562194,/pscratch/sd/j/jcho5/VASP/dft_jobs/CH3_Rh110/singlepoint/beef_vdw,0,/pscratch/sd/j/jcho5/VASP/completion_runs/matched_potential_slabs_20260915/slab/Rh110_a6be9fa2b9/beef_vdw,/pscratch/sd/j/jcho5/VASP/vasp_mol/CH3/beef_vdw,-97.80569788,-78.69248876,-17.11758718,500,500,converged,ee3bca89bdd2d2672819f7a5a39f9a22d7d45c51dbf4a17d8f87b3e4a01963f2,true
Rh111,CH3,pbe,CH3_Rh111,,false,potential_mismatch,Complex and reference PAW potential identities differ or are missing; energy retained only as diagnostic,-2.34650722,/pscratch/sd/j/jcho5/VASP/dft_jobs/CH3_Rh111/singlepoint/PBE,0,/pscratch/sd/j/jcho5/VASP/vasp_slab/Rh111/PBE,/pscratch/sd/j/jcho5/VASP/vasp_mol/CH3/PBE,-459.68908957,-439.14994289,-18.19263946,1000,500,converged,2468335192540204d11b9a3b1e30687a5dfb3d116637b09ee3cb4e4b65666620,false
Rh111,CH3,pbe_d3,CH3_Rh111,,false,potential_mismatch,Complex and reference PAW potential identities differ or are missing; energy retained only as diagnostic,-2.40148632,/pscratch/sd/j/jcho5/VASP/dft_jobs/CH3_Rh111/singlepoint/PBE_D3,0,/pscratch/sd/j/jcho5/VASP/vasp_slab/Rh111/PBE_D3,/pscratch/sd/j/jcho5/VASP/vasp_mol/CH3/PBE_D3,-485.85705599,-465.26142053,-18.19414914,1000,500,converged,2468335192540204d11b9a3b1e30687a5dfb3d116637b09ee3cb4e4b65666620,false
Rh111,CH3,r2scan,CH3_Rh111,,false,potential_mismatch,Complex and reference PAW potential identities differ or are missing; energy retained only as diagnostic,-2.3010304,/pscratch/sd/j/jcho5/VASP/dft_jobs/CH3_Rh111/singlepoint/r2scan,0,/pscratch/sd/j/jcho5/VASP/vasp_slab/Rh111/r2scan,/pscratch/sd/j/jcho5/VASP/vasp_mol/CH3/r2scan,-1538.42181141,-1516.88991315,-19.23086786,1000,500,converged,2468335192540204d11b9a3b1e30687a5dfb3d116637b09ee3cb4e4b65666620,false
Rh111,CH3,beef_vdw,CH3_Rh111,,false,ok,NSW=0 complex; converged relaxed references; matching composition,-1.80012423,/pscratch/sd/j/jcho5/VASP/dft_jobs/CH3_Rh111/singlepoint/beef_vdw,0,/pscratch/sd/j/jcho5/VASP/completion_runs/matched_potential_slabs_20260915/slab/Rh111_f89b45c425/beef_vdw,/pscratch/sd/j/jcho5/VASP/vasp_mol/CH3/beef_vdw,-258.60251191,-239.6848005,-17.11758718,500,500,converged,2468335192540204d11b9a3b1e30687a5dfb3d116637b09ee3cb4e4b65666620,true
Ag100,methane,pbe,CH4_Ag100,,false,potential_mismatch,Complex and reference PAW potential identities differ or are missing; energy retained only as diagnostic,-0.62950002,/pscratch/sd/j/jcho5/VASP/dft_jobs/CH4_Ag100/singlepoint/PBE,0,/pscratch/sd/j/jcho5/VASP/vasp_slab/Ag100/PBE,/pscratch/sd/j/jcho5/VASP/vasp_mol/CH4/PBE,-114.78917518,-90.12407184,-24.03560332,1000,500,converged,0bd796058535d51b0047a08c4c3849aa68e707714ca78e70862e483fce265aa8,false
Ag100,methane,pbe_d3,CH4_Ag100,,false,potential_mismatch,Complex and reference PAW potential identities differ or are missing; energy retained only as diagnostic,-0.70095769,/pscratch/sd/j/jcho5/VASP/dft_jobs/CH4_Ag100/singlepoint/PBE_D3,0,/pscratch/sd/j/jcho5/VASP/vasp_slab/Ag100/PBE_D3,/pscratch/sd/j/jcho5/VASP/vasp_mol/CH4/PBE_D3,-127.13895408,-102.4003605,-24.03763589,1000,500,converged,0bd796058535d51b0047a08c4c3849aa68e707714ca78e70862e483fce265aa8,false
Ag100,methane,r2scan,CH4_Ag100,,false,potential_mismatch,Complex and reference PAW potential identities differ or are missing; energy retained only as diagnostic,-1.05659659,/pscratch/sd/j/jcho5/VASP/dft_jobs/CH4_Ag100/singlepoint/r2scan,0,/pscratch/sd/j/jcho5/VASP/vasp_slab/Ag100/r2scan,/pscratch/sd/j/jcho5/VASP/vasp_mol/CH4/r2scan,-785.10852997,-759.06403021,-24.98790317,1000,500,converged,0bd796058535d51b0047a08c4c3849aa68e707714ca78e70862e483fce265aa8,false
Ag100,methane,beef_vdw,CH4_Ag100,,false,potential_mismatch,Complex and reference PAW potential identities differ or are missing; energy retained only as diagnostic,-24.94443438,/pscratch/sd/j/jcho5/VASP/dft_jobs/CH4_Ag100/singlepoint/beef_vdw,0,/pscratch/sd/j/jcho5/VASP/vasp_slab/Ag100/beef_vdw,/pscratch/sd/j/jcho5/VASP/vasp_mol/CH4/beef_vdw,10.11151454,58.04168493,-22.98573601,1000,500,converged,0bd796058535d51b0047a08c4c3849aa68e707714ca78e70862e483fce265aa8,false
Ag110,methane,pbe,CH4_Ag110,,false,potential_mismatch,Complex and reference PAW potential identities differ or are missing; energy retained only as diagnostic,-0.39028059,/pscratch/sd/j/jcho5/VASP/dft_jobs/CH4_Ag110/singlepoint/PBE,0,/pscratch/sd/j/jcho5/VASP/vasp_slab/Ag110/PBE,/pscratch/sd/j/jcho5/VASP/vasp_mol/CH4/PBE,-81.77118825,-57.34530434,-24.03560332,1000,500,converged,db0b337a7c978ad9a8ab658ebe4def5abb92a6a55e61666b17af67165a951bf8,false
Ag110,methane,pbe_d3,CH4_Ag110,,false,potential_mismatch,Complex and reference PAW potential identities differ or are missing; energy retained only as diagnostic,-0.53173275,/pscratch/sd/j/jcho5/VASP/dft_jobs/CH4_Ag110/singlepoint/PBE_D3,0,/pscratch/sd/j/jcho5/VASP/vasp_slab/Ag110/PBE_D3,/pscratch/sd/j/jcho5/VASP/vasp_mol/CH4/PBE_D3,-88.65348934,-64.0841207,-24.03763589,1000,500,converged,db0b337a7c978ad9a8ab658ebe4def5abb92a6a55e61666b17af67165a951bf8,false
Ag110,methane,r2scan,CH4_Ag110,,false,potential_mismatch,Complex and reference PAW potential identities differ or are missing; energy retained only as diagnostic,-0.71311149,/pscratch/sd/j/jcho5/VASP/dft_jobs/CH4_Ag110/singlepoint/r2scan,0,/pscratch/sd/j/jcho5/VASP/vasp_slab/Ag110/r2scan,/pscratch/sd/j/jcho5/VASP/vasp_mol/CH4/r2scan,-528.3812527,-502.68023804,-24.98790317,1000,500,converged,db0b337a7c978ad9a8ab658ebe4def5abb92a6a55e61666b17af67165a951bf8,false
Ag110,methane,beef_vdw,CH4_Ag110,,false,potential_mismatch,Complex and reference PAW potential identities differ or are missing; energy retained only as diagnostic,-16.58408877,/pscratch/sd/j/jcho5/VASP/dft_jobs/CH4_Ag110/singlepoint/beef_vdw,0,/pscratch/sd/j/jcho5/VASP/vasp_slab/Ag110/beef_vdw,/pscratch/sd/j/jcho5/VASP/vasp_mol/CH4/beef_vdw,2.04157891,41.61140369,-22.98573601,1000,500,converged,db0b337a7c978ad9a8ab658ebe4def5abb92a6a55e61666b17af67165a951bf8,false
Ag111,methane,pbe,CH4_Ag111,,false,ok,NSW=0 complex; converged relaxed references; matching composition,0.02704344,/pscratch/sd/j/jcho5/VASP/dft_jobs/CH4_Ag111/singlepoint/PBE,0,/pscratch/sd/j/jcho5/VASP/completion_runs/matched_potential_slabs_20260915/slab/Ag111_61964c781c/pbe,/pscratch/sd/j/jcho5/VASP/vasp_mol/CH4/PBE,-116.25980757,-92.25124769,-24.03560332,500,500,converged,8b298523ac7373686de57b3d19a00a1148a3de8d8dc3985bcac4d8fd42776463,true
Ag111,methane,pbe_d3,CH4_Ag111,,false,ok,NSW=0 complex; converged relaxed references; matching composition,0.03882573,/pscratch/sd/j/jcho5/VASP/dft_jobs/CH4_Ag111/singlepoint/PBE_D3,0,/pscratch/sd/j/jcho5/VASP/completion_runs/matched_potential_slabs_20260915/slab/Ag111_71d4cd48c4/pbe_d3,/pscratch/sd/j/jcho5/VASP/vasp_mol/CH4/PBE_D3,-129.2257285,-105.22691834,-24.03763589,500,500,converged,8b298523ac7373686de57b3d19a00a1148a3de8d8dc3985bcac4d8fd42776463,true
Ag111,methane,r2scan,CH4_Ag111,,false,ok,NSW=0 complex; converged relaxed references; matching composition,0.1234577,/pscratch/sd/j/jcho5/VASP/dft_jobs/CH4_Ag111/singlepoint/r2scan,0,/pscratch/sd/j/jcho5/VASP/completion_runs/matched_potential_slabs_20260915/slab/Ag111_f9365ca685/r2scan,/pscratch/sd/j/jcho5/VASP/vasp_mol/CH4/r2scan,-786.91149708,-762.04705161,-24.98790317,500,500,converged,8b298523ac7373686de57b3d19a00a1148a3de8d8dc3985bcac4d8fd42776463,true
Ag111,methane,beef_vdw,CH4_Ag111,,false,ok,NSW=0 complex; converged relaxed references; matching composition,-0.19177726,/pscratch/sd/j/jcho5/VASP/dft_jobs/CH4_Ag111/singlepoint/beef_vdw,0,/pscratch/sd/j/jcho5/VASP/completion_runs/matched_potential_slabs_20260915/slab/Ag111_35207ad13f/beef_vdw,/pscratch/sd/j/jcho5/VASP/vasp_mol/CH4/beef_vdw,8.81622357,31.99373684,-22.98573601,500,500,converged,8b298523ac7373686de57b3d19a00a1148a3de8d8dc3985bcac4d8fd42776463,true
Au100,methane,pbe,CH4_Au100,,false,reference_unavailable,No converged relaxed references with matching functional/composition,,/pscratch/sd/j/jcho5/VASP/dft_jobs/CH4_Au100/singlepoint/PBE,0,,/pscratch/sd/j/jcho5/VASP/vasp_mol/CH4/PBE,-215.83782309,,-24.03560332,,500,converged,c3bd71dc1eb9a573909b845050f3d049c27ca2b1e54ec80c7ea1d03efb99ca9f,false
Au100,methane,pbe_d3,CH4_Au100,,false,reference_unavailable,No converged relaxed references with matching functional/composition,,/pscratch/sd/j/jcho5/VASP/dft_jobs/CH4_Au100/singlepoint/PBE_D3,0,,/pscratch/sd/j/jcho5/VASP/vasp_mol/CH4/PBE_D3,-246.08357167,,-24.03763589,,500,converged,c3bd71dc1eb9a573909b845050f3d049c27ca2b1e54ec80c7ea1d03efb99ca9f,false
Au100,methane,r2scan,CH4_Au100,,false,reference_unavailable,No converged relaxed references with matching functional/composition,,/pscratch/sd/j/jcho5/VASP/dft_jobs/CH4_Au100/singlepoint/r2scan,0,,/pscratch/sd/j/jcho5/VASP/vasp_mol/CH4/r2scan,-3245.82846245,,-24.98790317,,500,converged,c3bd71dc1eb9a573909b845050f3d049c27ca2b1e54ec80c7ea1d03efb99ca9f,false
Au100,methane,beef_vdw,CH4_Au100,,false,reference_unavailable,No converged relaxed references with matching functional/composition,,/pscratch/sd/j/jcho5/VASP/dft_jobs/CH4_Au100/singlepoint/beef_vdw,0,,/pscratch/sd/j/jcho5/VASP/vasp_mol/CH4/beef_vdw,-17.94903349,,-22.98573601,,500,converged,c3bd71dc1eb9a573909b845050f3d049c27ca2b1e54ec80c7ea1d03efb99ca9f,false
Au110,methane,pbe,CH4_Au110,,false,reference_unavailable,No converged relaxed references with matching functional/composition,,/pscratch/sd/j/jcho5/VASP/dft_jobs/CH4_Au110/singlepoint/PBE,0,,/pscratch/sd/j/jcho5/VASP/vasp_mol/CH4/PBE,-208.26482673,,-24.03560332,,500,converged,e99cf16f1471ecb014f307b504083b5681e2af2cb4e16cd8811a7746a437cf23,false
Au110,methane,pbe_d3,CH4_Au110,,false,reference_unavailable,No converged relaxed references with matching functional/composition,,/pscratch/sd/j/jcho5/VASP/dft_jobs/CH4_Au110/singlepoint/PBE_D3,0,,/pscratch/sd/j/jcho5/VASP/vasp_mol/CH4/PBE_D3,-233.48504073,,-24.03763589,,500,converged,e99cf16f1471ecb014f307b504083b5681e2af2cb4e16cd8811a7746a437cf23,false
Au110,methane,r2scan,CH4_Au110,,false,reference_unavailable,No converged relaxed references with matching functional/composition,,/pscratch/sd/j/jcho5/VASP/dft_jobs/CH4_Au110/singlepoint/r2scan,0,,/pscratch/sd/j/jcho5/VASP/vasp_mol/CH4/r2scan,-3236.72206892,,-24.98790317,,500,converged,e99cf16f1471ecb014f307b504083b5681e2af2cb4e16cd8811a7746a437cf23,false
Au110,methane,beef_vdw,CH4_Au110,,false,reference_unavailable,No converged relaxed references with matching functional/composition,,/pscratch/sd/j/jcho5/VASP/dft_jobs/CH4_Au110/singlepoint/beef_vdw,0,,/pscratch/sd/j/jcho5/VASP/vasp_mol/CH4/beef_vdw,-9.82420609,,-22.98573601,,500,converged,e99cf16f1471ecb014f307b504083b5681e2af2cb4e16cd8811a7746a437cf23,false
Au111,methane,pbe,CH4_Au111,,false,reference_unavailable,No converged relaxed references with matching functional/composition,,/pscratch/sd/j/jcho5/VASP/dft_jobs/CH4_Au111/singlepoint/PBE,0,,/pscratch/sd/j/jcho5/VASP/vasp_mol/CH4/PBE,-134.18481644,,-24.03560332,,500,converged,d077f4192efa8376ab68ce74a7a2f6f447cdbf69e0809363ca003a38ed8abb21,false
Au111,methane,pbe_d3,CH4_Au111,,false,reference_unavailable,No converged relaxed references with matching functional/composition,,/pscratch/sd/j/jcho5/VASP/dft_jobs/CH4_Au111/singlepoint/PBE_D3,0,,/pscratch/sd/j/jcho5/VASP/vasp_mol/CH4/PBE_D3,-151.96718421,,-24.03763589,,500,converged,d077f4192efa8376ab68ce74a7a2f6f447cdbf69e0809363ca003a38ed8abb21,false
Au111,methane,r2scan,CH4_Au111,,false,reference_unavailable,No converged relaxed references with matching functional/composition,,/pscratch/sd/j/jcho5/VASP/dft_jobs/CH4_Au111/singlepoint/r2scan,0,,/pscratch/sd/j/jcho5/VASP/vasp_mol/CH4/r2scan,-1839.37192955,,-24.98790317,,500,converged,d077f4192efa8376ab68ce74a7a2f6f447cdbf69e0809363ca003a38ed8abb21,false
Au111,methane,beef_vdw,CH4_Au111,,false,reference_unavailable,No converged relaxed references with matching functional/composition,,/pscratch/sd/j/jcho5/VASP/dft_jobs/CH4_Au111/singlepoint/beef_vdw,0,,/pscratch/sd/j/jcho5/VASP/vasp_mol/CH4/beef_vdw,-22.27334726,,-22.98573601,,500,converged,d077f4192efa8376ab68ce74a7a2f6f447cdbf69e0809363ca003a38ed8abb21,false
Cu100,methane,pbe,CH4_Cu100,,false,ok,NSW=0 complex; converged relaxed references; matching composition,-0.00246394,/pscratch/sd/j/jcho5/VASP/dft_jobs/CH4_Cu100/singlepoint/PBE,0,/pscratch/sd/j/jcho5/VASP/vasp_slab/Cu100/PBE,/pscratch/sd/j/jcho5/VASP/vasp_mol/CH4/PBE,-243.8048889,-219.76682164,-24.03560332,1000,500,converged,08eb9036a34b51d53784e82622bec9b9fe4dddb51aa9d855ee5ab17cf2fa4f08,true
Cu100,methane,pbe_d3,CH4_Cu100,,false,ok,NSW=0 complex; converged relaxed references; matching composition,-0.1631897,/pscratch/sd/j/jcho5/VASP/dft_jobs/CH4_Cu100/singlepoint/PBE_D3,0,/pscratch/sd/j/jcho5/VASP/vasp_slab/Cu100/PBE_D3,/pscratch/sd/j/jcho5/VASP/vasp_mol/CH4/PBE_D3,-265.04135812,-240.84053253,-24.03763589,1000,500,converged,08eb9036a34b51d53784e82622bec9b9fe4dddb51aa9d855ee5ab17cf2fa4f08,true
Cu100,methane,r2scan,CH4_Cu100,,false,ok,NSW=0 complex; converged relaxed references; matching composition,0.14656638,/pscratch/sd/j/jcho5/VASP/dft_jobs/CH4_Cu100/singlepoint/r2scan,0,/pscratch/sd/j/jcho5/VASP/vasp_slab/Cu100/r2scan,/pscratch/sd/j/jcho5/VASP/vasp_mol/CH4/r2scan,-695.1578308,-670.31649401,-24.98790317,1000,500,converged,08eb9036a34b51d53784e82622bec9b9fe4dddb51aa9d855ee5ab17cf2fa4f08,true
Cu100,methane,beef_vdw,CH4_Cu100,,false,ok,NSW=0 complex; converged relaxed references; matching composition,-0.11764413,/pscratch/sd/j/jcho5/VASP/dft_jobs/CH4_Cu100/singlepoint/beef_vdw,0,/pscratch/sd/j/jcho5/VASP/completion_runs/site_gapfill_20260914/slab/C2H4_Cu100/beef_vdw,/pscratch/sd/j/jcho5/VASP/vasp_mol/CH4/beef_vdw,-33.67970274,-10.5763226,-22.98573601,1000,500,converged,08eb9036a34b51d53784e82622bec9b9fe4dddb51aa9d855ee5ab17cf2fa4f08,true
Cu110,methane,pbe,CH4_Cu110,,false,potential_mismatch,Complex and reference PAW potential identities differ or are missing; energy retained only as diagnostic,0.50046403,/pscratch/sd/j/jcho5/VASP/dft_jobs/CH4_Cu110/singlepoint/PBE,0,/pscratch/sd/j/jcho5/VASP/vasp_slab/Cu110/PBE,/pscratch/sd/j/jcho5/VASP/vasp_mol/CH4/PBE,-103.28517267,-79.75003338,-24.03560332,1000,500,converged,562730ae20fbfe6a387e772368ad2443eb578913fcc390f6405d7cd8d486274e,false
Cu110,methane,pbe_d3,CH4_Cu110,,false,potential_mismatch,Complex and reference PAW potential identities differ or are missing; energy retained only as diagnostic,0.29922629,/pscratch/sd/j/jcho5/VASP/dft_jobs/CH4_Cu110/singlepoint/PBE_D3,0,/pscratch/sd/j/jcho5/VASP/vasp_slab/Cu110/PBE_D3,/pscratch/sd/j/jcho5/VASP/vasp_mol/CH4/PBE_D3,-109.82338204,-86.08497244,-24.03763589,1000,500,converged,562730ae20fbfe6a387e772368ad2443eb578913fcc390f6405d7cd8d486274e,false
Cu110,methane,r2scan,CH4_Cu110,,false,potential_mismatch,Complex and reference PAW potential identities differ or are missing; energy retained only as diagnostic,0.45858713,/pscratch/sd/j/jcho5/VASP/dft_jobs/CH4_Cu110/singlepoint/r2scan,0,/pscratch/sd/j/jcho5/VASP/vasp_slab/Cu110/r2scan,/pscratch/sd/j/jcho5/VASP/vasp_mol/CH4/r2scan,-272.56181164,-248.0324956,-24.98790317,1000,500,converged,562730ae20fbfe6a387e772368ad2443eb578913fcc390f6405d7cd8d486274e,false
Cu110,methane,beef_vdw,CH4_Cu110,,false,potential_mismatch,Complex and reference PAW potential identities differ or are missing; energy retained only as diagnostic,-30.82562475,/pscratch/sd/j/jcho5/VASP/dft_jobs/CH4_Cu110/singlepoint/beef_vdw,0,/pscratch/sd/j/jcho5/VASP/vasp_slab/Cu110/beef_vdw,/pscratch/sd/j/jcho5/VASP/vasp_mol/CH4/beef_vdw,-23.82617003,29.98519073,-22.98573601,1000,500,converged,562730ae20fbfe6a387e772368ad2443eb578913fcc390f6405d7cd8d486274e,false
Cu111,methane,pbe,CH4_Cu111,,false,ok,NSW=0 complex; converged relaxed references; matching composition,-0.00295517,/pscratch/sd/j/jcho5/VASP/dft_jobs/CH4_Cu111/singlepoint/PBE,0,/pscratch/sd/j/jcho5/VASP/completion_runs/matched_potential_slabs_20260915/slab/Cu111_28f90def6e/pbe,/pscratch/sd/j/jcho5/VASP/vasp_mol/CH4/PBE,-248.12141162,-224.08285313,-24.03560332,500,500,converged,c3dd514c68cfc36b5cd6e41097e9aa62789496db93f5b600c4033d1cef10d85e,true
Cu111,methane,pbe_d3,CH4_Cu111,,false,ok,NSW=0 complex; converged relaxed references; matching composition,-0.1109521,/pscratch/sd/j/jcho5/VASP/dft_jobs/CH4_Cu111/singlepoint/PBE_D3,0,/pscratch/sd/j/jcho5/VASP/completion_runs/matched_potential_slabs_20260915/slab/Cu111_6058af94f0/pbe_d3,/pscratch/sd/j/jcho5/VASP/vasp_mol/CH4/PBE_D3,-270.71811082,-246.56952283,-24.03763589,500,500,converged,c3dd514c68cfc36b5cd6e41097e9aa62789496db93f5b600c4033d1cef10d85e,true
Cu111,methane,r2scan,CH4_Cu111,,false,ok,NSW=0 complex; converged relaxed references; matching composition,0.15234749,/pscratch/sd/j/jcho5/VASP/dft_jobs/CH4_Cu111/singlepoint/r2scan,0,/pscratch/sd/j/jcho5/VASP/completion_runs/matched_potential_slabs_20260915/slab/Cu111_96724abedd/r2scan,/pscratch/sd/j/jcho5/VASP/vasp_mol/CH4/r2scan,-700.26577286,-675.43021718,-24.98790317,500,500,converged,c3dd514c68cfc36b5cd6e41097e9aa62789496db93f5b600c4033d1cef10d85e,true
Cu111,methane,beef_vdw,CH4_Cu111,,false,ok,NSW=0 complex; converged relaxed references; matching composition,-0.13548807,/pscratch/sd/j/jcho5/VASP/dft_jobs/CH4_Cu111/singlepoint/beef_vdw,0,/pscratch/sd/j/jcho5/VASP/completion_runs/matched_potential_slabs_20260915/slab/Cu111_11f50e50d8/beef_vdw,/pscratch/sd/j/jcho5/VASP/vasp_mol/CH4/beef_vdw,-37.72116723,-14.59994315,-22.98573601,500,500,converged,c3dd514c68cfc36b5cd6e41097e9aa62789496db93f5b600c4033d1cef10d85e,true
Ir100,methane,pbe,CH4_Ir100,,false,ok,NSW=0 complex; converged relaxed references; matching composition,0.12309211,/pscratch/sd/j/jcho5/VASP/dft_jobs/CH4_Ir100/singlepoint/PBE,0,/pscratch/sd/j/jcho5/VASP/vasp_slab/Ir100/PBE,/pscratch/sd/j/jcho5/VASP/vasp_mol/CH4/PBE,-318.31352535,-294.40101414,-24.03560332,1000,500,converged,cffc2a5913484def3923cec490dab32e78f72dd2bb5a8534a2c03fcd8dfebac9,true
Ir100,methane,pbe_d3,CH4_Ir100,,false,ok,NSW=0 complex; converged relaxed references; matching composition,-0.12608391,/pscratch/sd/j/jcho5/VASP/dft_jobs/CH4_Ir100/singlepoint/PBE_D3,0,/pscratch/sd/j/jcho5/VASP/vasp_slab/Ir100/PBE_D3,/pscratch/sd/j/jcho5/VASP/vasp_mol/CH4/PBE_D3,-335.76616958,-311.60244978,-24.03763589,1000,500,converged,cffc2a5913484def3923cec490dab32e78f72dd2bb5a8534a2c03fcd8dfebac9,true
Ir100,methane,r2scan,CH4_Ir100,,false,complex_unconverged,electronic_unconverged,,/pscratch/sd/j/jcho5/VASP/dft_jobs/CH4_Ir100/singlepoint/r2scan,0,/pscratch/sd/j/jcho5/VASP/completion_runs/site_gapfill_20260914/slab/C2H4_Ir100/r2scan,/pscratch/sd/j/jcho5/VASP/vasp_mol/CH4/r2scan,-1883.50240077,-1858.66548475,-24.98790317,1000,500,electronic_unconverged,cffc2a5913484def3923cec490dab32e78f72dd2bb5a8534a2c03fcd8dfebac9,false
Ir100,methane,beef_vdw,CH4_Ir100,,false,ok,NSW=0 complex; converged relaxed references; matching composition,-0.04043284,/pscratch/sd/j/jcho5/VASP/dft_jobs/CH4_Ir100/singlepoint/beef_vdw,0,/pscratch/sd/j/jcho5/VASP/vasp_slab/Ir100/beef_vdw,/pscratch/sd/j/jcho5/VASP/vasp_mol/CH4/beef_vdw,-206.04373544,-183.01756659,-22.98573601,1000,500,converged,cffc2a5913484def3923cec490dab32e78f72dd2bb5a8534a2c03fcd8dfebac9,true
Ir110,methane,pbe,CH4_Ir110,,false,ok,NSW=0 complex; converged relaxed references; matching composition,0.02473465,/pscratch/sd/j/jcho5/VASP/dft_jobs/CH4_Ir110/singlepoint/PBE,0,/pscratch/sd/j/jcho5/VASP/vasp_slab/Ir110/PBE,/pscratch/sd/j/jcho5/VASP/vasp_mol/CH4/PBE,-209.80365438,-185.79278571,-24.03560332,1000,500,converged,e4e085b7dcda9549a889a2106e2c98afd293f4c0809b653988cc1fa6235e1173,true
Ir110,methane,pbe_d3,CH4_Ir110,,false,ok,NSW=0 complex; converged relaxed references; matching composition,-0.15448124,/pscratch/sd/j/jcho5/VASP/dft_jobs/CH4_Ir110/singlepoint/PBE_D3,0,/pscratch/sd/j/jcho5/VASP/vasp_slab/Ir110/PBE_D3,/pscratch/sd/j/jcho5/VASP/vasp_mol/CH4/PBE_D3,-219.33033863,-195.1382215,-24.03763589,1000,500,converged,e4e085b7dcda9549a889a2106e2c98afd293f4c0809b653988cc1fa6235e1173,true
Ir110,methane,r2scan,CH4_Ir110,,false,ok,NSW=0 complex; converged relaxed references; matching composition,-0.01482713,/pscratch/sd/j/jcho5/VASP/dft_jobs/CH4_Ir110/singlepoint/r2scan,0,/pscratch/sd/j/jcho5/VASP/vasp_slab/Ir110/r2scan,/pscratch/sd/j/jcho5/VASP/vasp_mol/CH4/r2scan,-1253.67948197,-1228.67675167,-24.98790317,1000,500,converged,e4e085b7dcda9549a889a2106e2c98afd293f4c0809b653988cc1fa6235e1173,true
Ir110,methane,beef_vdw,CH4_Ir110,,false,ok,NSW=0 complex; converged relaxed references; matching composition,-0.19827344,/pscratch/sd/j/jcho5/VASP/dft_jobs/CH4_Ir110/singlepoint/beef_vdw,0,/pscratch/sd/j/jcho5/VASP/vasp_slab/Ir110/beef_vdw,/pscratch/sd/j/jcho5/VASP/vasp_mol/CH4/beef_vdw,-134.43650699,-111.25249754,-22.98573601,1000,500,converged,e4e085b7dcda9549a889a2106e2c98afd293f4c0809b653988cc1fa6235e1173,true
Ir111,methane,pbe,CH4_Ir111,,false,ok,NSW=0 complex; converged relaxed references; matching composition,0.09639814,/pscratch/sd/j/jcho5/VASP/dft_jobs/CH4_Ir111/singlepoint/PBE,0,/pscratch/sd/j/jcho5/VASP/vasp_slab/Ir111/PBE,/pscratch/sd/j/jcho5/VASP/vasp_mol/CH4/PBE,-562.25114808,-538.3119429,-24.03560332,1000,500,converged,08b9cf4f2f8be2f82ba7284f923d2e355137e1441c6d367fc0a6c33d22cc2c89,true
Ir111,methane,pbe_d3,CH4_Ir111,,false,ok,NSW=0 complex; converged relaxed references; matching composition,0.03089303,/pscratch/sd/j/jcho5/VASP/dft_jobs/CH4_Ir111/singlepoint/PBE_D3,0,/pscratch/sd/j/jcho5/VASP/vasp_slab/Ir111/PBE_D3,/pscratch/sd/j/jcho5/VASP/vasp_mol/CH4/PBE_D3,-594.78978681,-570.78304395,-24.03763589,1000,500,converged,08b9cf4f2f8be2f82ba7284f923d2e355137e1441c6d367fc0a6c33d22cc2c89,true
Ir111,methane,r2scan,CH4_Ir111,,false,ok,NSW=0 complex; converged relaxed references; matching composition,0.18288162,/pscratch/sd/j/jcho5/VASP/dft_jobs/CH4_Ir111/singlepoint/r2scan,0,/pscratch/sd/j/jcho5/VASP/vasp_slab/Ir111/r2scan,/pscratch/sd/j/jcho5/VASP/vasp_mol/CH4/r2scan,-3345.48816364,-3320.68314209,-24.98790317,1000,500,converged,08b9cf4f2f8be2f82ba7284f923d2e355137e1441c6d367fc0a6c33d22cc2c89,true
Ir111,methane,beef_vdw,CH4_Ir111,,false,ok,NSW=0 complex; converged relaxed references; matching composition,-0.15009521,/pscratch/sd/j/jcho5/VASP/dft_jobs/CH4_Ir111/singlepoint/beef_vdw,0,/pscratch/sd/j/jcho5/VASP/vasp_slab/Ir111/beef_vdw,/pscratch/sd/j/jcho5/VASP/vasp_mol/CH4/beef_vdw,-362.62280114,-339.48696992,-22.98573601,1000,500,converged,08b9cf4f2f8be2f82ba7284f923d2e355137e1441c6d367fc0a6c33d22cc2c89,true
Pd100,methane,pbe,CH4_Pd100,,false,potential_mismatch,Complex and reference PAW potential identities differ or are missing; energy retained only as diagnostic,-0.13021116,/pscratch/sd/j/jcho5/VASP/dft_jobs/CH4_Pd100/singlepoint/PBE,0,/pscratch/sd/j/jcho5/VASP/vasp_slab/Pd100/PBE,/pscratch/sd/j/jcho5/VASP/vasp_mol/CH4/PBE,-199.467607,-175.30179252,-24.03560332,1000,500,converged,d9ac651a8904e7737f43fc5be0cc70795a2e2a01d79fd91ae08c73637a1b580d,false
Pd100,methane,pbe_d3,CH4_Pd100,,false,potential_mismatch,Complex and reference PAW potential identities differ or are missing; energy retained only as diagnostic,-0.31616342,/pscratch/sd/j/jcho5/VASP/dft_jobs/CH4_Pd100/singlepoint/PBE_D3,0,/pscratch/sd/j/jcho5/VASP/vasp_slab/Pd100/PBE_D3,/pscratch/sd/j/jcho5/VASP/vasp_mol/CH4/PBE_D3,-213.81420612,-189.46040681,-24.03763589,1000,500,converged,d9ac651a8904e7737f43fc5be0cc70795a2e2a01d79fd91ae08c73637a1b580d,false
Pd100,methane,r2scan,CH4_Pd100,,false,ok,NSW=0 complex; converged relaxed references; matching composition,-0.03246171,/pscratch/sd/j/jcho5/VASP/dft_jobs/CH4_Pd100/singlepoint/r2scan,0,/pscratch/sd/j/jcho5/VASP/completion_runs/matched_potential_slabs_20260915/slab/Pd100_25986b23a9/r2scan,/pscratch/sd/j/jcho5/VASP/vasp_mol/CH4/r2scan,-837.48949811,-812.46913323,-24.98790317,500,500,converged,d9ac651a8904e7737f43fc5be0cc70795a2e2a01d79fd91ae08c73637a1b580d,true
Pd100,methane,beef_vdw,CH4_Pd100,,false,ok,NSW=0 complex; converged relaxed references; matching composition,-0.09744018,/pscratch/sd/j/jcho5/VASP/dft_jobs/CH4_Pd100/singlepoint/beef_vdw,0,/pscratch/sd/j/jcho5/VASP/completion_runs/matched_potential_slabs_20260915/slab/Pd100_b7d9b89afa/beef_vdw,/pscratch/sd/j/jcho5/VASP/vasp_mol/CH4/beef_vdw,-76.25272626,-53.16955007,-22.98573601,500,500,converged,d9ac651a8904e7737f43fc5be0cc70795a2e2a01d79fd91ae08c73637a1b580d,true
Pd110,methane,pbe,CH4_Pd110,,false,potential_mismatch,Complex and reference PAW potential identities differ or are missing; energy retained only as diagnostic,-0.08610872,/pscratch/sd/j/jcho5/VASP/dft_jobs/CH4_Pd110/singlepoint/PBE,0,/pscratch/sd/j/jcho5/VASP/vasp_slab/Pd110/PBE,/pscratch/sd/j/jcho5/VASP/vasp_mol/CH4/PBE,-134.95589149,-110.83417945,-24.03560332,1000,500,converged,e4a4fad4b84cbe929d14c85205983dc6b74cc5544f98d76f8fd509b9c97600ff,false
Pd110,methane,pbe_d3,CH4_Pd110,,false,potential_mismatch,Complex and reference PAW potential identities differ or are missing; energy retained only as diagnostic,-0.30559903,/pscratch/sd/j/jcho5/VASP/dft_jobs/CH4_Pd110/singlepoint/PBE_D3,0,/pscratch/sd/j/jcho5/VASP/vasp_slab/Pd110/PBE_D3,/pscratch/sd/j/jcho5/VASP/vasp_mol/CH4/PBE_D3,-142.86636897,-118.52313405,-24.03763589,1000,500,converged,e4a4fad4b84cbe929d14c85205983dc6b74cc5544f98d76f8fd509b9c97600ff,false
Pd110,methane,r2scan,CH4_Pd110,,false,ok,NSW=0 complex; converged relaxed references; matching composition,-0.06255482,/pscratch/sd/j/jcho5/VASP/dft_jobs/CH4_Pd110/singlepoint/r2scan,0,/pscratch/sd/j/jcho5/VASP/completion_runs/matched_potential_slabs_20260915/slab/Pd110_2eb6224610/r2scan,/pscratch/sd/j/jcho5/VASP/vasp_mol/CH4/r2scan,-560.08443064,-535.03397265,-24.98790317,500,500,converged,e4a4fad4b84cbe929d14c85205983dc6b74cc5544f98d76f8fd509b9c97600ff,true
Pd110,methane,beef_vdw,CH4_Pd110,,false,ok,NSW=0 complex; converged relaxed references; matching composition,-0.11350863,/pscratch/sd/j/jcho5/VASP/dft_jobs/CH4_Pd110/singlepoint/beef_vdw,0,/pscratch/sd/j/jcho5/VASP/completion_runs/matched_potential_slabs_20260915/slab/Pd110_7655ac7da9/beef_vdw,/pscratch/sd/j/jcho5/VASP/vasp_mol/CH4/beef_vdw,-52.45953181,-29.36028717,-22.98573601,500,500,converged,e4a4fad4b84cbe929d14c85205983dc6b74cc5544f98d76f8fd509b9c97600ff,true
Pd111,methane,pbe,CH4_Pd111,,false,ok,NSW=0 complex; converged relaxed references; matching composition,0.07233383,/pscratch/sd/j/jcho5/VASP/dft_jobs/CH4_Pd111/singlepoint/PBE,0,/pscratch/sd/j/jcho5/VASP/completion_runs/matched_potential_slabs_20260915/slab/Pd111_ffc3f47166/pbe,/pscratch/sd/j/jcho5/VASP/vasp_mol/CH4/PBE,-202.09296852,-178.12969903,-24.03560332,500,500,converged,b0fef02ad25716c463ed0198b6d63d23c24dc1207142a234ddfed4645a7da1da,true
Pd111,methane,pbe_d3,CH4_Pd111,,false,ok,NSW=0 complex; converged relaxed references; matching composition,-0.11774968,/pscratch/sd/j/jcho5/VASP/dft_jobs/CH4_Pd111/singlepoint/PBE_D3,0,/pscratch/sd/j/jcho5/VASP/completion_runs/matched_potential_slabs_20260915/slab/Pd111_0333765c8d/pbe_d3,/pscratch/sd/j/jcho5/VASP/vasp_mol/CH4/PBE_D3,-217.21850727,-193.0631217,-24.03763589,500,500,converged,b0fef02ad25716c463ed0198b6d63d23c24dc1207142a234ddfed4645a7da1da,true
Pd111,methane,r2scan,CH4_Pd111,,false,reference_unavailable,No converged relaxed references with matching functional/composition,,/pscratch/sd/j/jcho5/VASP/dft_jobs/CH4_Pd111/singlepoint/r2scan,0,,/pscratch/sd/j/jcho5/VASP/vasp_mol/CH4/r2scan,-840.60902707,,-24.98790317,,500,converged,b0fef02ad25716c463ed0198b6d63d23c24dc1207142a234ddfed4645a7da1da,false
Pd111,methane,beef_vdw,CH4_Pd111,,false,ok,NSW=0 complex; converged relaxed references; matching composition,-0.07866341,/pscratch/sd/j/jcho5/VASP/dft_jobs/CH4_Pd111/singlepoint/beef_vdw,0,/pscratch/sd/j/jcho5/VASP/completion_runs/matched_potential_slabs_20260915/slab/Pd111_f1f527eac1/beef_vdw,/pscratch/sd/j/jcho5/VASP/vasp_mol/CH4/beef_vdw,-78.5188039,-55.45440448,-22.98573601,500,500,converged,b0fef02ad25716c463ed0198b6d63d23c24dc1207142a234ddfed4645a7da1da,true
Pt100,methane,pbe,CH4_Pt100,,false,potential_mismatch,Complex and reference PAW potential identities differ or are missing; energy retained only as diagnostic,-0.41274416,/pscratch/sd/j/jcho5/VASP/dft_jobs/CH4_Pt100/singlepoint/PBE,0,/pscratch/sd/j/jcho5/VASP/vasp_slab/Pt100/PBE,/pscratch/sd/j/jcho5/VASP/vasp_mol/CH4/PBE,-227.47547608,-203.0271286,-24.03560332,1000,500,converged,00caa269922beadb04850477de60c1b960f2c178523b658784fccccb393257a1,false
Pt100,methane,pbe_d3,CH4_Pt100,,false,potential_mismatch,Complex and reference PAW potential identities differ or are missing; energy retained only as diagnostic,-0.65366102,/pscratch/sd/j/jcho5/VASP/dft_jobs/CH4_Pt100/singlepoint/PBE_D3,0,/pscratch/sd/j/jcho5/VASP/vasp_slab/Pt100/PBE_D3,/pscratch/sd/j/jcho5/VASP/vasp_mol/CH4/PBE_D3,-246.72697216,-222.03567525,-24.03763589,1000,500,converged,00caa269922beadb04850477de60c1b960f2c178523b658784fccccb393257a1,false
Pt100,methane,r2scan,CH4_Pt100,,false,potential_mismatch,Complex and reference PAW potential identities differ or are missing; energy retained only as diagnostic,-0.75728652,/pscratch/sd/j/jcho5/VASP/dft_jobs/CH4_Pt100/singlepoint/r2scan,0,/pscratch/sd/j/jcho5/VASP/vasp_slab/Pt100/r2scan,/pscratch/sd/j/jcho5/VASP/vasp_mol/CH4/r2scan,-1861.43654867,-1835.69135898,-24.98790317,1000,500,converged,00caa269922beadb04850477de60c1b960f2c178523b658784fccccb393257a1,false
Pt100,methane,beef_vdw,CH4_Pt100,,false,potential_mismatch,Complex and reference PAW potential identities differ or are missing; energy retained only as diagnostic,-33.92151909,/pscratch/sd/j/jcho5/VASP/dft_jobs/CH4_Pt100/singlepoint/beef_vdw,0,/pscratch/sd/j/jcho5/VASP/vasp_slab/Pt100/beef_vdw,/pscratch/sd/j/jcho5/VASP/vasp_mol/CH4/beef_vdw,-116.95055456,-60.04329946,-22.98573601,1000,500,converged,00caa269922beadb04850477de60c1b960f2c178523b658784fccccb393257a1,false
Pt110,methane,pbe,CH4_Pt110,,false,potential_mismatch,Complex and reference PAW potential identities differ or are missing; energy retained only as diagnostic,-0.21736207,/pscratch/sd/j/jcho5/VASP/dft_jobs/CH4_Pt110/singlepoint/PBE,0,/pscratch/sd/j/jcho5/VASP/vasp_slab/Pt110/PBE,/pscratch/sd/j/jcho5/VASP/vasp_mol/CH4/PBE,-152.55392861,-128.30096322,-24.03560332,1000,500,converged,1c65247e0477f2c1713b95a59a6d62a08564d953072bc8a5fb4be1511d948cb5,false
Pt110,methane,pbe_d3,CH4_Pt110,,false,potential_mismatch,Complex and reference PAW potential identities differ or are missing; energy retained only as diagnostic,-0.51433293,/pscratch/sd/j/jcho5/VASP/dft_jobs/CH4_Pt110/singlepoint/PBE_D3,0,/pscratch/sd/j/jcho5/VASP/vasp_slab/Pt110/PBE_D3,/pscratch/sd/j/jcho5/VASP/vasp_mol/CH4/PBE_D3,-163.12511651,-138.57314769,-24.03763589,1000,500,converged,1c65247e0477f2c1713b95a59a6d62a08564d953072bc8a5fb4be1511d948cb5,false
Pt110,methane,r2scan,CH4_Pt110,,false,potential_mismatch,Complex and reference PAW potential identities differ or are missing; energy retained only as diagnostic,-0.40036656,/pscratch/sd/j/jcho5/VASP/dft_jobs/CH4_Pt110/singlepoint/r2scan,0,/pscratch/sd/j/jcho5/VASP/vasp_slab/Pt110/r2scan,/pscratch/sd/j/jcho5/VASP/vasp_mol/CH4/r2scan,-1241.47457678,-1216.08630705,-24.98790317,1000,500,converged,1c65247e0477f2c1713b95a59a6d62a08564d953072bc8a5fb4be1511d948cb5,false
Pt110,methane,beef_vdw,CH4_Pt110,,false,potential_mismatch,Complex and reference PAW potential identities differ or are missing; energy retained only as diagnostic,-22.71278038,/pscratch/sd/j/jcho5/VASP/dft_jobs/CH4_Pt110/singlepoint/beef_vdw,0,/pscratch/sd/j/jcho5/VASP/vasp_slab/Pt110/beef_vdw,/pscratch/sd/j/jcho5/VASP/vasp_mol/CH4/beef_vdw,-78.37808505,-32.67956866,-22.98573601,1000,500,converged,1c65247e0477f2c1713b95a59a6d62a08564d953072bc8a5fb4be1511d948cb5,false
Pt111,methane,pbe,CH4_Pt111_top,top,false,ok,NSW=0 complex; converged relaxed references; matching composition,0.09014076,/pscratch/sd/j/jcho5/VASP/dft_jobs/CH4_Pt111_top/singlepoint/PBE,0,/pscratch/sd/j/jcho5/VASP/completion_runs/matched_potential_slabs_20260915/slab/Pt111_ac28ddddd3/pbe,/pscratch/sd/j/jcho5/VASP/vasp_mol/CH4/PBE,-232.6413858,-208.69592324,-24.03560332,500,500,converged,c882ca8d73ad2e33e4ea2fb738be702b482a15d77551667127edcf8327dd97c6,true
Pt111,methane,pbe_d3,CH4_Pt111_top,top,false,ok,NSW=0 complex; converged relaxed references; matching composition,-0.09487895,/pscratch/sd/j/jcho5/VASP/dft_jobs/CH4_Pt111_top/singlepoint/PBE_D3,0,/pscratch/sd/j/jcho5/VASP/completion_runs/matched_potential_slabs_20260915/slab/Pt111_c3286ec1f4/pbe_d3,/pscratch/sd/j/jcho5/VASP/vasp_mol/CH4/PBE_D3,-252.72928182,-228.59676698,-24.03763589,500,500,converged,c882ca8d73ad2e33e4ea2fb738be702b482a15d77551667127edcf8327dd97c6,true
Pt111,methane,r2scan,CH4_Pt111_top,top,false,reference_unavailable,No converged relaxed references with matching functional/composition,,/pscratch/sd/j/jcho5/VASP/dft_jobs/CH4_Pt111_top/singlepoint/r2scan,0,,/pscratch/sd/j/jcho5/VASP/vasp_mol/CH4/r2scan,-1866.67578802,,-24.98790317,,500,converged,c882ca8d73ad2e33e4ea2fb738be702b482a15d77551667127edcf8327dd97c6,false
Pt111,methane,beef_vdw,CH4_Pt111_top,top,false,complex_unconverged,electronic_unconverged,,/pscratch/sd/j/jcho5/VASP/dft_jobs/CH4_Pt111_top/singlepoint/beef_vdw,0,,/pscratch/sd/j/jcho5/VASP/vasp_mol/CH4/beef_vdw,-121.38275654,,-22.98573601,,500,electronic_unconverged,c882ca8d73ad2e33e4ea2fb738be702b482a15d77551667127edcf8327dd97c6,false
Rh100,methane,pbe,CH4_Rh100,,false,potential_mismatch,Complex and reference PAW potential identities differ or are missing; energy retained only as diagnostic,-0.14609939,/pscratch/sd/j/jcho5/VASP/dft_jobs/CH4_Rh100/singlepoint/PBE,0,/pscratch/sd/j/jcho5/VASP/vasp_slab/Rh100/PBE,/pscratch/sd/j/jcho5/VASP/vasp_mol/CH4/PBE,-266.45804278,-242.27634007,-24.03560332,1000,500,converged,ec612747bfeb71e4fcb32ba7be1e8ef5faf72decba53c44e727c64d5c206a26b,false
Rh100,methane,pbe_d3,CH4_Rh100,,false,potential_mismatch,Complex and reference PAW potential identities differ or are missing; energy retained only as diagnostic,-0.35751959,/pscratch/sd/j/jcho5/VASP/dft_jobs/CH4_Rh100/singlepoint/PBE_D3,0,/pscratch/sd/j/jcho5/VASP/vasp_slab/Rh100/PBE_D3,/pscratch/sd/j/jcho5/VASP/vasp_mol/CH4/PBE_D3,-280.47059607,-256.07544059,-24.03763589,1000,500,converged,ec612747bfeb71e4fcb32ba7be1e8ef5faf72decba53c44e727c64d5c206a26b,false
Rh100,methane,r2scan,CH4_Rh100,,false,ok,NSW=0 complex; converged relaxed references; matching composition,-0.07946626,/pscratch/sd/j/jcho5/VASP/dft_jobs/CH4_Rh100/singlepoint/r2scan,0,/pscratch/sd/j/jcho5/VASP/completion_runs/matched_potential_slabs_20260915/slab/Rh100_84c2195556/r2scan,/pscratch/sd/j/jcho5/VASP/vasp_mol/CH4/r2scan,-873.44503451,-848.37766508,-24.98790317,500,500,converged,ec612747bfeb71e4fcb32ba7be1e8ef5faf72decba53c44e727c64d5c206a26b,true
Rh100,methane,beef_vdw,CH4_Rh100,,false,complex_unconverged,electronic_unconverged,,/pscratch/sd/j/jcho5/VASP/dft_jobs/CH4_Rh100/singlepoint/beef_vdw,0,/pscratch/sd/j/jcho5/VASP/completion_runs/matched_potential_slabs_20260915/slab/Rh100_b2891dc541/beef_vdw,/pscratch/sd/j/jcho5/VASP/vasp_mol/CH4/beef_vdw,-153.32941847,-130.4934363,-22.98573601,500,500,electronic_unconverged,ec612747bfeb71e4fcb32ba7be1e8ef5faf72decba53c44e727c64d5c206a26b,false
Rh110,methane,pbe,CH4_Rh110,,false,potential_mismatch,Complex and reference PAW potential identities differ or are missing; energy retained only as diagnostic,-0.2522684,/pscratch/sd/j/jcho5/VASP/dft_jobs/CH4_Rh110/singlepoint/PBE,0,/pscratch/sd/j/jcho5/VASP/vasp_slab/Rh110/PBE,/pscratch/sd/j/jcho5/VASP/vasp_mol/CH4/PBE,-177.34583102,-153.0579593,-24.03560332,1000,500,converged,2567539af9a03e1af2c76d34590fd61d2df07ce9302fb2394c3807d554a35743,false
Rh110,methane,pbe_d3,CH4_Rh110,,false,potential_mismatch,Complex and reference PAW potential identities differ or are missing; energy retained only as diagnostic,-0.51563504,/pscratch/sd/j/jcho5/VASP/dft_jobs/CH4_Rh110/singlepoint/PBE_D3,0,/pscratch/sd/j/jcho5/VASP/vasp_slab/Rh110/PBE_D3,/pscratch/sd/j/jcho5/VASP/vasp_mol/CH4/PBE_D3,-185.04147,-160.48819907,-24.03763589,1000,500,converged,2567539af9a03e1af2c76d34590fd61d2df07ce9302fb2394c3807d554a35743,false
Rh110,methane,r2scan,CH4_Rh110,,false,ok,NSW=0 complex; converged relaxed references; matching composition,0.00825089,/pscratch/sd/j/jcho5/VASP/dft_jobs/CH4_Rh110/singlepoint/r2scan,0,/pscratch/sd/j/jcho5/VASP/completion_runs/matched_potential_slabs_20260915/slab/Rh110_43367cbc6c/r2scan,/pscratch/sd/j/jcho5/VASP/vasp_mol/CH4/r2scan,-583.30864284,-558.32899056,-24.98790317,500,500,converged,2567539af9a03e1af2c76d34590fd61d2df07ce9302fb2394c3807d554a35743,true
Rh110,methane,beef_vdw,CH4_Rh110,,false,ok,NSW=0 complex; converged relaxed references; matching composition,-0.09359845,/pscratch/sd/j/jcho5/VASP/dft_jobs/CH4_Rh110/singlepoint/beef_vdw,0,/pscratch/sd/j/jcho5/VASP/completion_runs/matched_potential_slabs_20260915/slab/Rh110_a6be9fa2b9/beef_vdw,/pscratch/sd/j/jcho5/VASP/vasp_mol/CH4/beef_vdw,-101.77182322,-78.69248876,-22.98573601,500,500,converged,2567539af9a03e1af2c76d34590fd61d2df07ce9302fb2394c3807d554a35743,true
Rh111,methane,pbe,CH4_Rh111,,false,potential_mismatch,Complex and reference PAW potential identities differ or are missing; energy retained only as diagnostic,-0.56420577,/pscratch/sd/j/jcho5/VASP/dft_jobs/CH4_Rh111/singlepoint/PBE,0,/pscratch/sd/j/jcho5/VASP/vasp_slab/Rh111/PBE,/pscratch/sd/j/jcho5/VASP/vasp_mol/CH4/PBE,-463.74975198,-439.14994289,-24.03560332,1000,500,converged,f640733c53f971a106b11b04b3a59e5f8e9f8ad8b4c58aeeab0d1c8b574ca361,false
Rh111,methane,pbe_d3,CH4_Rh111,,false,potential_mismatch,Complex and reference PAW potential identities differ or are missing; energy retained only as diagnostic,-0.61331421,/pscratch/sd/j/jcho5/VASP/dft_jobs/CH4_Rh111/singlepoint/PBE_D3,0,/pscratch/sd/j/jcho5/VASP/vasp_slab/Rh111/PBE_D3,/pscratch/sd/j/jcho5/VASP/vasp_mol/CH4/PBE_D3,-489.91237063,-465.26142053,-24.03763589,1000,500,converged,f640733c53f971a106b11b04b3a59e5f8e9f8ad8b4c58aeeab0d1c8b574ca361,false
Rh111,methane,r2scan,CH4_Rh111,,false,potential_mismatch,Complex and reference PAW potential identities differ or are missing; energy retained only as diagnostic,-0.65876229,/pscratch/sd/j/jcho5/VASP/dft_jobs/CH4_Rh111/singlepoint/r2scan,0,/pscratch/sd/j/jcho5/VASP/vasp_slab/Rh111/r2scan,/pscratch/sd/j/jcho5/VASP/vasp_mol/CH4/r2scan,-1542.53657861,-1516.88991315,-24.98790317,1000,500,converged,f640733c53f971a106b11b04b3a59e5f8e9f8ad8b4c58aeeab0d1c8b574ca361,false
Rh111,methane,beef_vdw,CH4_Rh111,,false,ok,NSW=0 complex; converged relaxed references; matching composition,-0.13596978,/pscratch/sd/j/jcho5/VASP/dft_jobs/CH4_Rh111/singlepoint/beef_vdw,0,/pscratch/sd/j/jcho5/VASP/completion_runs/matched_potential_slabs_20260915/slab/Rh111_f89b45c425/beef_vdw,/pscratch/sd/j/jcho5/VASP/vasp_mol/CH4/beef_vdw,-262.80650629,-239.6848005,-22.98573601,500,500,converged,f640733c53f971a106b11b04b3a59e5f8e9f8ad8b4c58aeeab0d1c8b574ca361,true
Ag100,CO2,pbe,CO2_Ag100,,false,ok,NSW=0 complex; converged relaxed references; matching composition,-0.01743287,/pscratch/sd/j/jcho5/VASP/dft_jobs/CO2_Ag100/singlepoint/PBE,0,/pscratch/sd/j/jcho5/VASP/completion_runs/matched_potential_slabs_20260915/slab/Ag100_03d62237d7/pbe,/pscratch/sd/j/jcho5/VASP/vasp_mol/CO2/PBE,-183.16623831,-160.18861022,-22.96019522,500,500,converged,d770885c8ebd7c07083d85e6face9d8f0d0038139013be28789d95620b1a4268,true
Ag100,CO2,pbe_d3,CO2_Ag100,,false,reference_unavailable,No converged relaxed references with matching functional/composition,,/pscratch/sd/j/jcho5/VASP/dft_jobs/CO2_Ag100/singlepoint/PBE_D3,0,/pscratch/sd/j/jcho5/VASP/completion_runs/matched_potential_slabs_20260915/slab/Ag100_ea6fd71f0d/pbe_d3,,-205.04564748,-182.11563628,,500,,converged,d770885c8ebd7c07083d85e6face9d8f0d0038139013be28789d95620b1a4268,false
Ag100,CO2,r2scan,CO2_Ag100,,false,ok,NSW=0 complex; converged relaxed references; matching composition,0.12299383,/pscratch/sd/j/jcho5/VASP/dft_jobs/CO2_Ag100/singlepoint/r2scan,0,/pscratch/sd/j/jcho5/VASP/completion_runs/matched_potential_slabs_20260915/slab/Ag100_40d6d8753e/r2scan,/pscratch/sd/j/jcho5/VASP/vasp_mol/CO2/r2scan,-1375.59643375,-1350.1504287,-25.56899888,500,500,converged,d770885c8ebd7c07083d85e6face9d8f0d0038139013be28789d95620b1a4268,true
Ag100,CO2,beef_vdw,CO2_Ag100,,false,ok,NSW=0 complex; converged relaxed references; matching composition,-0.15433353,/pscratch/sd/j/jcho5/VASP/dft_jobs/CO2_Ag100/singlepoint/beef_vdw,0,/pscratch/sd/j/jcho5/VASP/completion_runs/matched_potential_slabs_20260915/slab/Ag100_bdf57ab72d/beef_vdw,/pscratch/sd/j/jcho5/VASP/vasp_mol/CO2/beef_vdw,42.21929028,60.29424863,-17.92062482,500,500,converged,d770885c8ebd7c07083d85e6face9d8f0d0038139013be28789d95620b1a4268,true
Ag110,CO2,pbe,CO2_Ag110,,false,potential_mismatch,Complex and reference PAW potential identities differ or are missing; energy retained only as diagnostic,-0.42141044,/pscratch/sd/j/jcho5/VASP/dft_jobs/CO2_Ag110/singlepoint/PBE,0,/pscratch/sd/j/jcho5/VASP/vasp_slab/Ag110/PBE,/pscratch/sd/j/jcho5/VASP/vasp_mol/CO2/PBE,-80.72691,-57.34530434,-22.96019522,1000,500,converged,3b85edf186e4acbcecc43df08a2482f8877abf6b21685aae034488c12bffd7de,false
Ag110,CO2,pbe_d3,CO2_Ag110,,false,reference_unavailable,No converged relaxed references with matching functional/composition,,/pscratch/sd/j/jcho5/VASP/dft_jobs/CO2_Ag110/singlepoint/PBE_D3,0,/pscratch/sd/j/jcho5/VASP/vasp_slab/Ag110/PBE_D3,,-87.67336907,-64.0841207,,1000,,converged,3b85edf186e4acbcecc43df08a2482f8877abf6b21685aae034488c12bffd7de,false
Ag110,CO2,r2scan,CO2_Ag110,,false,potential_mismatch,Complex and reference PAW potential identities differ or are missing; energy retained only as diagnostic,-0.7686467,/pscratch/sd/j/jcho5/VASP/dft_jobs/CO2_Ag110/singlepoint/r2scan,0,/pscratch/sd/j/jcho5/VASP/vasp_slab/Ag110/r2scan,/pscratch/sd/j/jcho5/VASP/vasp_mol/CO2/r2scan,-529.01788362,-502.68023804,-25.56899888,1000,500,converged,3b85edf186e4acbcecc43df08a2482f8877abf6b21685aae034488c12bffd7de,false
Ag110,CO2,beef_vdw,CO2_Ag110,,false,potential_mismatch,Complex and reference PAW potential identities differ or are missing; energy retained only as diagnostic,-16.69013584,/pscratch/sd/j/jcho5/VASP/dft_jobs/CO2_Ag110/singlepoint/beef_vdw,0,/pscratch/sd/j/jcho5/VASP/vasp_slab/Ag110/beef_vdw,/pscratch/sd/j/jcho5/VASP/vasp_mol/CO2/beef_vdw,7.00064303,41.61140369,-17.92062482,1000,500,converged,3b85edf186e4acbcecc43df08a2482f8877abf6b21685aae034488c12bffd7de,false
Ag111,CO2,pbe,CO2_Ag111,,false,potential_mismatch,Complex and reference PAW potential identities differ or are missing; energy retained only as diagnostic,-1.21576631,/pscratch/sd/j/jcho5/VASP/dft_jobs/CO2_Ag111/singlepoint/PBE,0,/pscratch/sd/j/jcho5/VASP/vasp_slab/Ag111/PBE,/pscratch/sd/j/jcho5/VASP/vasp_mol/CO2/PBE,-186.25485543,-162.0788939,-22.96019522,1000,500,converged,fef3f79470d24a4f389c8633c523f0e8707550bab303ea3710277420ab6112e6,false
Ag111,CO2,pbe_d3,CO2_Ag111,,false,reference_unavailable,No converged relaxed references with matching functional/composition,,/pscratch/sd/j/jcho5/VASP/dft_jobs/CO2_Ag111/singlepoint/PBE_D3,0,/pscratch/sd/j/jcho5/VASP/vasp_slab/Ag111/PBE_D3,,-209.22003001,-184.95063009,,1000,,converged,fef3f79470d24a4f389c8633c523f0e8707550bab303ea3710277420ab6112e6,false
Ag111,CO2,r2scan,CO2_Ag111,,false,potential_mismatch,Complex and reference PAW potential identities differ or are missing; energy retained only as diagnostic,-2.08552882,/pscratch/sd/j/jcho5/VASP/dft_jobs/CO2_Ag111/singlepoint/r2scan,0,/pscratch/sd/j/jcho5/VASP/vasp_slab/Ag111/r2scan,/pscratch/sd/j/jcho5/VASP/vasp_mol/CO2/r2scan,-1379.43737731,-1351.78284961,-25.56899888,1000,500,converged,fef3f79470d24a4f389c8633c523f0e8707550bab303ea3710277420ab6112e6,false
Ag111,CO2,beef_vdw,CO2_Ag111,,false,potential_mismatch,Complex and reference PAW potential identities differ or are missing; energy retained only as diagnostic,-44.39439595,/pscratch/sd/j/jcho5/VASP/dft_jobs/CO2_Ag111/singlepoint/beef_vdw,0,/pscratch/sd/j/jcho5/VASP/vasp_slab/Ag111/beef_vdw,/pscratch/sd/j/jcho5/VASP/vasp_mol/CO2/beef_vdw,39.38494924,101.69997001,-17.92062482,1000,500,converged,fef3f79470d24a4f389c8633c523f0e8707550bab303ea3710277420ab6112e6,false
Au100,CO2,pbe,CO2_Au100,,false,reference_unavailable,No converged relaxed references with matching functional/composition,,/pscratch/sd/j/jcho5/VASP/dft_jobs/CO2_Au100/singlepoint/PBE,0,,/pscratch/sd/j/jcho5/VASP/vasp_mol/CO2/PBE,-214.786199,,-22.96019522,,500,converged,02e8d7f8be3767386416f91da6b2dc6af3604114c75d3c97d96a18c4025f6e40,false
Au100,CO2,pbe_d3,CO2_Au100,,false,reference_unavailable,No converged relaxed references with matching functional/composition,,/pscratch/sd/j/jcho5/VASP/dft_jobs/CO2_Au100/singlepoint/PBE_D3,0,,,-245.03762736,,,,,converged,02e8d7f8be3767386416f91da6b2dc6af3604114c75d3c97d96a18c4025f6e40,false
Au100,CO2,r2scan,CO2_Au100,,false,reference_unavailable,No converged relaxed references with matching functional/composition,,/pscratch/sd/j/jcho5/VASP/dft_jobs/CO2_Au100/singlepoint/r2scan,0,,/pscratch/sd/j/jcho5/VASP/vasp_mol/CO2/r2scan,-3246.43444678,,-25.56899888,,500,converged,02e8d7f8be3767386416f91da6b2dc6af3604114c75d3c97d96a18c4025f6e40,false
Au100,CO2,beef_vdw,CO2_Au100,,false,reference_unavailable,No converged relaxed references with matching functional/composition,,/pscratch/sd/j/jcho5/VASP/dft_jobs/CO2_Au100/singlepoint/beef_vdw,0,,/pscratch/sd/j/jcho5/VASP/vasp_mol/CO2/beef_vdw,-12.93444574,,-17.92062482,,500,converged,02e8d7f8be3767386416f91da6b2dc6af3604114c75d3c97d96a18c4025f6e40,false
Au110,CO2,pbe,CO2_Au110,,false,reference_unavailable,No converged relaxed references with matching functional/composition,,/pscratch/sd/j/jcho5/VASP/dft_jobs/CO2_Au110/singlepoint/PBE,0,,/pscratch/sd/j/jcho5/VASP/vasp_mol/CO2/PBE,-207.2345567,,-22.96019522,,500,converged,0a83efad3e07f779509d5bc72c54879c51ab24fb5dc31846afe6d7eaf1458e96,false
Au110,CO2,pbe_d3,CO2_Au110,,false,reference_unavailable,No converged relaxed references with matching functional/composition,,/pscratch/sd/j/jcho5/VASP/dft_jobs/CO2_Au110/singlepoint/PBE_D3,0,,,-232.4642229,,,,,converged,0a83efad3e07f779509d5bc72c54879c51ab24fb5dc31846afe6d7eaf1458e96,false
Au110,CO2,r2scan,CO2_Au110,,false,reference_unavailable,No converged relaxed references with matching functional/composition,,/pscratch/sd/j/jcho5/VASP/dft_jobs/CO2_Au110/singlepoint/r2scan,0,,/pscratch/sd/j/jcho5/VASP/vasp_mol/CO2/r2scan,-3237.32967473,,-25.56899888,,500,converged,0a83efad3e07f779509d5bc72c54879c51ab24fb5dc31846afe6d7eaf1458e96,false
Au110,CO2,beef_vdw,CO2_Au110,,false,reference_unavailable,No converged relaxed references with matching functional/composition,,/pscratch/sd/j/jcho5/VASP/dft_jobs/CO2_Au110/singlepoint/beef_vdw,0,,/pscratch/sd/j/jcho5/VASP/vasp_mol/CO2/beef_vdw,-4.88187831,,-17.92062482,,500,converged,0a83efad3e07f779509d5bc72c54879c51ab24fb5dc31846afe6d7eaf1458e96,false
Au111,CO2,pbe,CO2_Au111,,false,ok,NSW=0 complex; converged relaxed references; matching composition,0.00379225,/pscratch/sd/j/jcho5/VASP/dft_jobs/CO2_Au111/singlepoint/PBE,0,/pscratch/sd/j/jcho5/VASP/vasp_slab/Au111/PBE,/pscratch/sd/j/jcho5/VASP/vasp_mol/CO2/PBE,-219.19230006,-196.23589709,-22.96019522,1000,500,converged,83125f0585db283bbfdfdbb9da1c9b023abb93a7efca9a1f23b0d6cac4dffd7c,true
Au111,CO2,pbe_d3,CO2_Au111,,false,reference_unavailable,No converged relaxed references with matching functional/composition,,/pscratch/sd/j/jcho5/VASP/dft_jobs/CO2_Au111/singlepoint/PBE_D3,0,/pscratch/sd/j/jcho5/VASP/vasp_slab/Au111/PBE_D3,,-250.62851189,-227.75033058,,1000,,converged,83125f0585db283bbfdfdbb9da1c9b023abb93a7efca9a1f23b0d6cac4dffd7c,false
Au111,CO2,r2scan,CO2_Au111,,false,ok,NSW=0 complex; converged relaxed references; matching composition,0.12382745,/pscratch/sd/j/jcho5/VASP/dft_jobs/CO2_Au111/singlepoint/r2scan,0,/pscratch/sd/j/jcho5/VASP/vasp_slab/Au111/r2scan,/pscratch/sd/j/jcho5/VASP/vasp_mol/CO2/r2scan,-3251.53442062,-3226.08924919,-25.56899888,1000,500,converged,83125f0585db283bbfdfdbb9da1c9b023abb93a7efca9a1f23b0d6cac4dffd7c,true
Au111,CO2,beef_vdw,CO2_Au111,,false,ok,NSW=0 complex; converged relaxed references; matching composition,-0.18607244,/pscratch/sd/j/jcho5/VASP/dft_jobs/CO2_Au111/singlepoint/beef_vdw,0,/pscratch/sd/j/jcho5/VASP/vasp_slab/Au111/beef_vdw,/pscratch/sd/j/jcho5/VASP/vasp_mol/CO2/beef_vdw,-16.87960891,1.22708835,-17.92062482,1000,500,converged,83125f0585db283bbfdfdbb9da1c9b023abb93a7efca9a1f23b0d6cac4dffd7c,true
Cu100,CO2,pbe,CO2_Cu100,,false,ok,NSW=0 complex; converged relaxed references; matching composition,-0.0188523,/pscratch/sd/j/jcho5/VASP/dft_jobs/CO2_Cu100/singlepoint/PBE,0,/pscratch/sd/j/jcho5/VASP/vasp_slab/Cu100/PBE,/pscratch/sd/j/jcho5/VASP/vasp_mol/CO2/PBE,-242.74586916,-219.76682164,-22.96019522,1000,500,converged,dca760f8d669f2f350a25caa2a7b5bf00495f465d6f2d8e0ff4da1834facf9f5,true
Cu100,CO2,pbe_d3,CO2_Cu100,,false,reference_unavailable,No converged relaxed references with matching functional/composition,,/pscratch/sd/j/jcho5/VASP/dft_jobs/CO2_Cu100/singlepoint/PBE_D3,0,/pscratch/sd/j/jcho5/VASP/vasp_slab/Cu100/PBE_D3,,-263.96396658,-240.84053253,,1000,,converged,dca760f8d669f2f350a25caa2a7b5bf00495f465d6f2d8e0ff4da1834facf9f5,false
Cu100,CO2,r2scan,CO2_Cu100,,false,ok,NSW=0 complex; converged relaxed references; matching composition,0.12150457,/pscratch/sd/j/jcho5/VASP/dft_jobs/CO2_Cu100/singlepoint/r2scan,0,/pscratch/sd/j/jcho5/VASP/vasp_slab/Cu100/r2scan,/pscratch/sd/j/jcho5/VASP/vasp_mol/CO2/r2scan,-695.76398832,-670.31649401,-25.56899888,1000,500,converged,dca760f8d669f2f350a25caa2a7b5bf00495f465d6f2d8e0ff4da1834facf9f5,true
Cu100,CO2,beef_vdw,CO2_Cu100,,false,ok,NSW=0 complex; converged relaxed references; matching composition,-0.16463912,/pscratch/sd/j/jcho5/VASP/dft_jobs/CO2_Cu100/singlepoint/beef_vdw,0,/pscratch/sd/j/jcho5/VASP/completion_runs/site_gapfill_20260914/slab/C2H4_Cu100/beef_vdw,/pscratch/sd/j/jcho5/VASP/vasp_mol/CO2/beef_vdw,-28.66158654,-10.5763226,-17.92062482,1000,500,converged,dca760f8d669f2f350a25caa2a7b5bf00495f465d6f2d8e0ff4da1834facf9f5,true
Cu110,CO2,pbe,CO2_Cu110,,false,potential_mismatch,Complex and reference PAW potential identities differ or are missing; energy retained only as diagnostic,0.46728558,/pscratch/sd/j/jcho5/VASP/dft_jobs/CO2_Cu110/singlepoint/PBE,0,/pscratch/sd/j/jcho5/VASP/vasp_slab/Cu110/PBE,/pscratch/sd/j/jcho5/VASP/vasp_mol/CO2/PBE,-102.24294302,-79.75003338,-22.96019522,1000,500,converged,6c7ed8e6a8407c0f1b1334e90af7da01f080009e201d897394fedae306c8ef5d,false
Cu110,CO2,pbe_d3,CO2_Cu110,,false,reference_unavailable,No converged relaxed references with matching functional/composition,,/pscratch/sd/j/jcho5/VASP/dft_jobs/CO2_Cu110/singlepoint/PBE_D3,0,/pscratch/sd/j/jcho5/VASP/vasp_slab/Cu110/PBE_D3,,-108.78044203,-86.08497244,,1000,,converged,6c7ed8e6a8407c0f1b1334e90af7da01f080009e201d897394fedae306c8ef5d,false
Cu110,CO2,r2scan,CO2_Cu110,,false,potential_mismatch,Complex and reference PAW potential identities differ or are missing; energy retained only as diagnostic,0.41493013,/pscratch/sd/j/jcho5/VASP/dft_jobs/CO2_Cu110/singlepoint/r2scan,0,/pscratch/sd/j/jcho5/VASP/vasp_slab/Cu110/r2scan,/pscratch/sd/j/jcho5/VASP/vasp_mol/CO2/r2scan,-273.18656435,-248.0324956,-25.56899888,1000,500,converged,6c7ed8e6a8407c0f1b1334e90af7da01f080009e201d897394fedae306c8ef5d,false
Cu110,CO2,beef_vdw,CO2_Cu110,,false,potential_mismatch,Complex and reference PAW potential identities differ or are missing; energy retained only as diagnostic,-30.90981024,/pscratch/sd/j/jcho5/VASP/dft_jobs/CO2_Cu110/singlepoint/beef_vdw,0,/pscratch/sd/j/jcho5/VASP/vasp_slab/Cu110/beef_vdw,/pscratch/sd/j/jcho5/VASP/vasp_mol/CO2/beef_vdw,-18.84524433,29.98519073,-17.92062482,1000,500,converged,6c7ed8e6a8407c0f1b1334e90af7da01f080009e201d897394fedae306c8ef5d,false
Cu111,CO2,pbe,CO2_Cu111_top,top,false,ok,NSW=0 complex; converged relaxed references; matching composition,-0.00874943,/pscratch/sd/j/jcho5/VASP/dft_jobs/CO2_Cu111_top/singlepoint/PBE,0,/pscratch/sd/j/jcho5/VASP/completion_runs/matched_potential_slabs_20260915/slab/Cu111_28f90def6e/pbe,/pscratch/sd/j/jcho5/VASP/vasp_mol/CO2/PBE,-247.05179778,-224.08285313,-22.96019522,500,500,converged,4a4f9bb529edb467f2c4e355e9bb323accc4fe3aa68971144d82bb16cef93367,true
Cu111,CO2,pbe_d3,CO2_Cu111_top,top,false,reference_unavailable,No converged relaxed references with matching functional/composition,,/pscratch/sd/j/jcho5/VASP/dft_jobs/CO2_Cu111_top/singlepoint/PBE_D3,0,/pscratch/sd/j/jcho5/VASP/completion_runs/matched_potential_slabs_20260915/slab/Cu111_6058af94f0/pbe_d3,,-269.61862141,-246.56952283,,500,,converged,4a4f9bb529edb467f2c4e355e9bb323accc4fe3aa68971144d82bb16cef93367,false
Cu111,CO2,r2scan,CO2_Cu111_top,top,false,ok,NSW=0 complex; converged relaxed references; matching composition,0.15463463,/pscratch/sd/j/jcho5/VASP/dft_jobs/CO2_Cu111_top/singlepoint/r2scan,0,/pscratch/sd/j/jcho5/VASP/completion_runs/matched_potential_slabs_20260915/slab/Cu111_96724abedd/r2scan,/pscratch/sd/j/jcho5/VASP/vasp_mol/CO2/r2scan,-700.84458143,-675.43021718,-25.56899888,500,500,converged,4a4f9bb529edb467f2c4e355e9bb323accc4fe3aa68971144d82bb16cef93367,true
Cu111,CO2,beef_vdw,CO2_Cu111_top,top,false,ok,NSW=0 complex; converged relaxed references; matching composition,-0.16919604,/pscratch/sd/j/jcho5/VASP/dft_jobs/CO2_Cu111_top/singlepoint/beef_vdw,0,/pscratch/sd/j/jcho5/VASP/completion_runs/matched_potential_slabs_20260915/slab/Cu111_11f50e50d8/beef_vdw,/pscratch/sd/j/jcho5/VASP/vasp_mol/CO2/beef_vdw,-32.68976401,-14.59994315,-17.92062482,500,500,converged,4a4f9bb529edb467f2c4e355e9bb323accc4fe3aa68971144d82bb16cef93367,true
Ir100,CO2,pbe,CO2_Ir100,,false,ok,NSW=0 complex; converged relaxed references; matching composition,0.03559969,/pscratch/sd/j/jcho5/VASP/dft_jobs/CO2_Ir100/singlepoint/PBE,0,/pscratch/sd/j/jcho5/VASP/vasp_slab/Ir100/PBE,/pscratch/sd/j/jcho5/VASP/vasp_mol/CO2/PBE,-317.32560967,-294.40101414,-22.96019522,1000,500,converged,21af76ae5f0699476c97f5c036b6ec3b24374c30ab440c2f210a945b903dbbfd,true
Ir100,CO2,pbe_d3,CO2_Ir100,,false,reference_unavailable,No converged relaxed references with matching functional/composition,,/pscratch/sd/j/jcho5/VASP/dft_jobs/CO2_Ir100/singlepoint/PBE_D3,0,/pscratch/sd/j/jcho5/VASP/vasp_slab/Ir100/PBE_D3,,-334.75663661,-311.60244978,,1000,,converged,21af76ae5f0699476c97f5c036b6ec3b24374c30ab440c2f210a945b903dbbfd,false
Ir100,CO2,r2scan,CO2_Ir100,,false,complex_unconverged,electronic_unconverged,,/pscratch/sd/j/jcho5/VASP/dft_jobs/CO2_Ir100/singlepoint/r2scan,0,/pscratch/sd/j/jcho5/VASP/completion_runs/site_gapfill_20260914/slab/C2H4_Ir100/r2scan,/pscratch/sd/j/jcho5/VASP/vasp_mol/CO2/r2scan,-1884.17441816,-1858.66548475,-25.56899888,1000,500,electronic_unconverged,21af76ae5f0699476c97f5c036b6ec3b24374c30ab440c2f210a945b903dbbfd,false
Ir100,CO2,beef_vdw,CO2_Ir100,,false,complex_unconverged,electronic_unconverged,,/pscratch/sd/j/jcho5/VASP/dft_jobs/CO2_Ir100/singlepoint/beef_vdw,0,/pscratch/sd/j/jcho5/VASP/vasp_slab/Ir100/beef_vdw,/pscratch/sd/j/jcho5/VASP/vasp_mol/CO2/beef_vdw,-198.88811329,-183.01756659,-17.92062482,1000,500,electronic_unconverged,21af76ae5f0699476c97f5c036b6ec3b24374c30ab440c2f210a945b903dbbfd,false
Ir110,CO2,pbe,CO2_Ir110,,false,ok,NSW=0 complex; converged relaxed references; matching composition,0.01425373,/pscratch/sd/j/jcho5/VASP/dft_jobs/CO2_Ir110/singlepoint/PBE,0,/pscratch/sd/j/jcho5/VASP/vasp_slab/Ir110/PBE,/pscratch/sd/j/jcho5/VASP/vasp_mol/CO2/PBE,-208.7387272,-185.79278571,-22.96019522,1000,500,converged,325e95ec5357282e102689393fb883d26d177b1a26a3915b5823abf7b8c01093,true
Ir110,CO2,pbe_d3,CO2_Ir110,,false,reference_unavailable,No converged relaxed references with matching functional/composition,,/pscratch/sd/j/jcho5/VASP/dft_jobs/CO2_Ir110/singlepoint/PBE_D3,0,/pscratch/sd/j/jcho5/VASP/vasp_slab/Ir110/PBE_D3,,-218.28329558,-195.1382215,,1000,,converged,325e95ec5357282e102689393fb883d26d177b1a26a3915b5823abf7b8c01093,false
Ir110,CO2,r2scan,CO2_Ir110,,false,ok,NSW=0 complex; converged relaxed references; matching composition,-0.05939664,/pscratch/sd/j/jcho5/VASP/dft_jobs/CO2_Ir110/singlepoint/r2scan,0,/pscratch/sd/j/jcho5/VASP/vasp_slab/Ir110/r2scan,/pscratch/sd/j/jcho5/VASP/vasp_mol/CO2/r2scan,-1254.30514719,-1228.67675167,-25.56899888,1000,500,converged,325e95ec5357282e102689393fb883d26d177b1a26a3915b5823abf7b8c01093,true
Ir110,CO2,beef_vdw,CO2_Ir110,,false,ok,NSW=0 complex; converged relaxed references; matching composition,-0.26628873,/pscratch/sd/j/jcho5/VASP/dft_jobs/CO2_Ir110/singlepoint/beef_vdw,0,/pscratch/sd/j/jcho5/VASP/vasp_slab/Ir110/beef_vdw,/pscratch/sd/j/jcho5/VASP/vasp_mol/CO2/beef_vdw,-129.43941109,-111.25249754,-17.92062482,1000,500,converged,325e95ec5357282e102689393fb883d26d177b1a26a3915b5823abf7b8c01093,true
Ir111,CO2,pbe,CO2_Ir111,,false,ok,NSW=0 complex; converged relaxed references; matching composition,0.04658465,/pscratch/sd/j/jcho5/VASP/dft_jobs/CO2_Ir111/singlepoint/PBE,0,/pscratch/sd/j/jcho5/VASP/vasp_slab/Ir111/PBE,/pscratch/sd/j/jcho5/VASP/vasp_mol/CO2/PBE,-561.22555347,-538.3119429,-22.96019522,1000,500,converged,8aa9edc17024a337dcf02bac5883c7ab2f8af41dcae250dcece588b1f9cac280,true
Ir111,CO2,pbe_d3,CO2_Ir111,,false,reference_unavailable,No converged relaxed references with matching functional/composition,,/pscratch/sd/j/jcho5/VASP/dft_jobs/CO2_Ir111/singlepoint/PBE_D3,0,/pscratch/sd/j/jcho5/VASP/vasp_slab/Ir111/PBE_D3,,-593.74431361,-570.78304395,,1000,,converged,8aa9edc17024a337dcf02bac5883c7ab2f8af41dcae250dcece588b1f9cac280,false
Ir111,CO2,r2scan,CO2_Ir111,,false,ok,NSW=0 complex; converged relaxed references; matching composition,0.14610648,/pscratch/sd/j/jcho5/VASP/dft_jobs/CO2_Ir111/singlepoint/r2scan,0,/pscratch/sd/j/jcho5/VASP/vasp_slab/Ir111/r2scan,/pscratch/sd/j/jcho5/VASP/vasp_mol/CO2/r2scan,-3346.10603449,-3320.68314209,-25.56899888,1000,500,converged,8aa9edc17024a337dcf02bac5883c7ab2f8af41dcae250dcece588b1f9cac280,true
Ir111,CO2,beef_vdw,CO2_Ir111,,false,ok,NSW=0 complex; converged relaxed references; matching composition,-0.24536332,/pscratch/sd/j/jcho5/VASP/dft_jobs/CO2_Ir111/singlepoint/beef_vdw,0,/pscratch/sd/j/jcho5/VASP/vasp_slab/Ir111/beef_vdw,/pscratch/sd/j/jcho5/VASP/vasp_mol/CO2/beef_vdw,-357.65295806,-339.48696992,-17.92062482,1000,500,converged,8aa9edc17024a337dcf02bac5883c7ab2f8af41dcae250dcece588b1f9cac280,true
Pd100,CO2,pbe,CO2_Pd100,,false,reference_unavailable,No converged relaxed references with matching functional/composition,,/pscratch/sd/j/jcho5/VASP/dft_jobs/CO2_Pd100/singlepoint/PBE,0,,/pscratch/sd/j/jcho5/VASP/vasp_mol/CO2/PBE,-334.68203392,,-22.96019522,,500,converged,85493bd2ee1a3390c7efd9fd5d7e49f6289b87691e6c1dde6f78198d4ae1a91a,false
Pd100,CO2,pbe_d3,CO2_Pd100,,false,reference_unavailable,No converged relaxed references with matching functional/composition,,/pscratch/sd/j/jcho5/VASP/dft_jobs/CO2_Pd100/singlepoint/PBE_D3,0,,,-359.97768245,,,,,converged,85493bd2ee1a3390c7efd9fd5d7e49f6289b87691e6c1dde6f78198d4ae1a91a,false
Pd100,CO2,r2scan,CO2_Pd100,,false,reference_unavailable,No converged relaxed references with matching functional/composition,,/pscratch/sd/j/jcho5/VASP/dft_jobs/CO2_Pd100/singlepoint/r2scan,0,,/pscratch/sd/j/jcho5/VASP/vasp_mol/CO2/r2scan,-1469.71047721,,-25.56899888,,500,converged,85493bd2ee1a3390c7efd9fd5d7e49f6289b87691e6c1dde6f78198d4ae1a91a,false
Pd100,CO2,beef_vdw,CO2_Pd100,,false,reference_unavailable,No converged relaxed references with matching functional/composition,,/pscratch/sd/j/jcho5/VASP/dft_jobs/CO2_Pd100/singlepoint/beef_vdw,0,,/pscratch/sd/j/jcho5/VASP/vasp_mol/CO2/beef_vdw,-112.20383097,,-17.92062482,,500,converged,85493bd2ee1a3390c7efd9fd5d7e49f6289b87691e6c1dde6f78198d4ae1a91a,false
Pd110,CO2,pbe,CO2_Pd110,,false,potential_mismatch,Complex and reference PAW potential identities differ or are missing; energy retained only as diagnostic,-0.13008669,/pscratch/sd/j/jcho5/VASP/dft_jobs/CO2_Pd110/singlepoint/PBE,0,/pscratch/sd/j/jcho5/VASP/vasp_slab/Pd110/PBE,/pscratch/sd/j/jcho5/VASP/vasp_mol/CO2/PBE,-133.92446136,-110.83417945,-22.96019522,1000,500,converged,54fe0e70e6932166fc9420ff4ed9254479f429b8a7748a66d37b4c5f0ca87baa,false
Pd110,CO2,pbe_d3,CO2_Pd110,,false,reference_unavailable,No converged relaxed references with matching functional/composition,,/pscratch/sd/j/jcho5/VASP/dft_jobs/CO2_Pd110/singlepoint/PBE_D3,0,/pscratch/sd/j/jcho5/VASP/vasp_slab/Pd110/PBE_D3,,-141.85423306,-118.52313405,,1000,,converged,54fe0e70e6932166fc9420ff4ed9254479f429b8a7748a66d37b4c5f0ca87baa,false
Pd110,CO2,r2scan,CO2_Pd110,,false,ok,NSW=0 complex; converged relaxed references; matching composition,-0.08088278,/pscratch/sd/j/jcho5/VASP/dft_jobs/CO2_Pd110/singlepoint/r2scan,0,/pscratch/sd/j/jcho5/VASP/completion_runs/matched_potential_slabs_20260915/slab/Pd110_2eb6224610/r2scan,/pscratch/sd/j/jcho5/VASP/vasp_mol/CO2/r2scan,-560.68385431,-535.03397265,-25.56899888,500,500,converged,54fe0e70e6932166fc9420ff4ed9254479f429b8a7748a66d37b4c5f0ca87baa,true
Pd110,CO2,beef_vdw,CO2_Pd110,,false,ok,NSW=0 complex; converged relaxed references; matching composition,-0.25838171,/pscratch/sd/j/jcho5/VASP/dft_jobs/CO2_Pd110/singlepoint/beef_vdw,0,/pscratch/sd/j/jcho5/VASP/completion_runs/matched_potential_slabs_20260915/slab/Pd110_7655ac7da9/beef_vdw,/pscratch/sd/j/jcho5/VASP/vasp_mol/CO2/beef_vdw,-47.5392937,-29.36028717,-17.92062482,500,500,converged,54fe0e70e6932166fc9420ff4ed9254479f429b8a7748a66d37b4c5f0ca87baa,true
Pd111,CO2,pbe,CO2_Pd111,,false,potential_mismatch,Complex and reference PAW potential identities differ or are missing; energy retained only as diagnostic,-0.34927232,/pscratch/sd/j/jcho5/VASP/dft_jobs/CO2_Pd111/singlepoint/PBE,0,/pscratch/sd/j/jcho5/VASP/vasp_slab/Pd111/PBE,/pscratch/sd/j/jcho5/VASP/vasp_mol/CO2/PBE,-339.29823148,-315.98876394,-22.96019522,1000,500,converged,a1f677ee463c38c6c723d8a6fcb5c78bf5e74c5d4eedeca3fd671c298aac14fc,false
Pd111,CO2,pbe_d3,CO2_Pd111,,false,reference_unavailable,No converged relaxed references with matching functional/composition,,/pscratch/sd/j/jcho5/VASP/dft_jobs/CO2_Pd111/singlepoint/PBE_D3,0,/pscratch/sd/j/jcho5/VASP/vasp_slab/Pd111/PBE_D3,,-365.9767161,-342.57605593,,1000,,converged,a1f677ee463c38c6c723d8a6fcb5c78bf5e74c5d4eedeca3fd671c298aac14fc,false
Pd111,CO2,r2scan,CO2_Pd111,,false,potential_mismatch,Complex and reference PAW potential identities differ or are missing; energy retained only as diagnostic,-0.5010465,/pscratch/sd/j/jcho5/VASP/dft_jobs/CO2_Pd111/singlepoint/r2scan,0,/pscratch/sd/j/jcho5/VASP/vasp_slab/Pd111/r2scan,/pscratch/sd/j/jcho5/VASP/vasp_mol/CO2/r2scan,-1475.18653761,-1449.11649223,-25.56899888,1000,500,converged,a1f677ee463c38c6c723d8a6fcb5c78bf5e74c5d4eedeca3fd671c298aac14fc,false
Pd111,CO2,beef_vdw,CO2_Pd111,,false,potential_mismatch,Complex and reference PAW potential identities differ or are missing; energy retained only as diagnostic,-31.86124871,/pscratch/sd/j/jcho5/VASP/dft_jobs/CO2_Pd111/singlepoint/beef_vdw,0,/pscratch/sd/j/jcho5/VASP/vasp_slab/Pd111/beef_vdw,/pscratch/sd/j/jcho5/VASP/vasp_mol/CO2/beef_vdw,-116.22635131,-66.44447778,-17.92062482,1000,500,converged,a1f677ee463c38c6c723d8a6fcb5c78bf5e74c5d4eedeca3fd671c298aac14fc,false
Pt100,CO2,pbe,CO2_Pt100,,false,ok,NSW=0 complex; converged relaxed references; matching composition,0.00818286,/pscratch/sd/j/jcho5/VASP/dft_jobs/CO2_Pt100/singlepoint/PBE,0,/pscratch/sd/j/jcho5/VASP/completion_runs/matched_potential_slabs_20260915/slab/Pt100_a49f22e12a/pbe,/pscratch/sd/j/jcho5/VASP/vasp_mol/CO2/PBE,-386.08853165,-363.13651929,-22.96019522,500,500,converged,038008960038567c4fcc24afd0ff5712f4402d1c76339be9554c2591c435ee0d,true
Pt100,CO2,pbe_d3,CO2_Pt100,,false,reference_unavailable,No converged relaxed references with matching functional/composition,,/pscratch/sd/j/jcho5/VASP/dft_jobs/CO2_Pt100/singlepoint/PBE_D3,0,/pscratch/sd/j/jcho5/VASP/completion_runs/matched_potential_slabs_20260915/slab/Pt100_3c53559c7d/pbe_d3,,-420.0454782,-396.9349694,,500,,converged,038008960038567c4fcc24afd0ff5712f4402d1c76339be9554c2591c435ee0d,false
Pt100,CO2,r2scan,CO2_Pt100,,false,ok,NSW=0 complex; converged relaxed references; matching composition,-0.0135543,/pscratch/sd/j/jcho5/VASP/dft_jobs/CO2_Pt100/singlepoint/r2scan,0,/pscratch/sd/j/jcho5/VASP/completion_runs/matched_potential_slabs_20260915/slab/Pt100_d508ddc3d6/r2scan,/pscratch/sd/j/jcho5/VASP/vasp_mol/CO2/r2scan,-3291.69241584,-3266.10986266,-25.56899888,500,500,converged,038008960038567c4fcc24afd0ff5712f4402d1c76339be9554c2591c435ee0d,true
Pt100,CO2,beef_vdw,CO2_Pt100,,false,ok,NSW=0 complex; converged relaxed references; matching composition,-0.11506589,/pscratch/sd/j/jcho5/VASP/dft_jobs/CO2_Pt100/singlepoint/beef_vdw,0,/pscratch/sd/j/jcho5/VASP/completion_runs/matched_potential_slabs_20260915/slab/Pt100_529df1e123/beef_vdw,/pscratch/sd/j/jcho5/VASP/vasp_mol/CO2/beef_vdw,-186.17428375,-168.13859304,-17.92062482,500,500,converged,038008960038567c4fcc24afd0ff5712f4402d1c76339be9554c2591c435ee0d,true
Pt110,CO2,pbe,CO2_Pt110,,false,potential_mismatch,Complex and reference PAW potential identities differ or are missing; energy retained only as diagnostic,-0.27804201,/pscratch/sd/j/jcho5/VASP/dft_jobs/CO2_Pt110/singlepoint/PBE,0,/pscratch/sd/j/jcho5/VASP/vasp_slab/Pt110/PBE,/pscratch/sd/j/jcho5/VASP/vasp_mol/CO2/PBE,-151.53920045,-128.30096322,-22.96019522,1000,500,converged,690ea5abc87d86ce23408b8434015f854b1894c0822f83ecc31273800719ab79,false
Pt110,CO2,pbe_d3,CO2_Pt110,,false,reference_unavailable,No converged relaxed references with matching functional/composition,,/pscratch/sd/j/jcho5/VASP/dft_jobs/CO2_Pt110/singlepoint/PBE_D3,0,/pscratch/sd/j/jcho5/VASP/vasp_slab/Pt110/PBE_D3,,-162.08088059,-138.57314769,,1000,,converged,690ea5abc87d86ce23408b8434015f854b1894c0822f83ecc31273800719ab79,false
Pt110,CO2,r2scan,CO2_Pt110,,false,potential_mismatch,Complex and reference PAW potential identities differ or are missing; energy retained only as diagnostic,-0.41238217,/pscratch/sd/j/jcho5/VASP/dft_jobs/CO2_Pt110/singlepoint/r2scan,0,/pscratch/sd/j/jcho5/VASP/vasp_slab/Pt110/r2scan,/pscratch/sd/j/jcho5/VASP/vasp_mol/CO2/r2scan,-1242.0676881,-1216.08630705,-25.56899888,1000,500,converged,690ea5abc87d86ce23408b8434015f854b1894c0822f83ecc31273800719ab79,false
Pt110,CO2,beef_vdw,CO2_Pt110,,false,potential_mismatch,Complex and reference PAW potential identities differ or are missing; energy retained only as diagnostic,-22.81922048,/pscratch/sd/j/jcho5/VASP/dft_jobs/CO2_Pt110/singlepoint/beef_vdw,0,/pscratch/sd/j/jcho5/VASP/vasp_slab/Pt110/beef_vdw,/pscratch/sd/j/jcho5/VASP/vasp_mol/CO2/beef_vdw,-73.41941396,-32.67956866,-17.92062482,1000,500,converged,690ea5abc87d86ce23408b8434015f854b1894c0822f83ecc31273800719ab79,false
Pt111,CO2,pbe,CO2_Pt111,,false,potential_mismatch,Complex and reference PAW potential identities differ or are missing; energy retained only as diagnostic,-0.81155849,/pscratch/sd/j/jcho5/VASP/dft_jobs/CO2_Pt111/singlepoint/PBE,0,/pscratch/sd/j/jcho5/VASP/vasp_slab/Pt111/PBE,/pscratch/sd/j/jcho5/VASP/vasp_mol/CO2/PBE,-394.56250673,-370.79075302,-22.96019522,1000,500,converged,8cd489ebf1be8c456a975cf9cbedb591a56e7b31ea07a141b8c03b77e7f8be1a,false
Pt111,CO2,pbe_d3,CO2_Pt111,,false,reference_unavailable,No converged relaxed references with matching functional/composition,,/pscratch/sd/j/jcho5/VASP/dft_jobs/CO2_Pt111/singlepoint/PBE_D3,0,/pscratch/sd/j/jcho5/VASP/vasp_slab/Pt111/PBE_D3,,-430.00831141,-406.07924489,,1000,,converged,8cd489ebf1be8c456a975cf9cbedb591a56e7b31ea07a141b8c03b77e7f8be1a,false
Pt111,CO2,r2scan,CO2_Pt111,,false,potential_mismatch,Complex and reference PAW potential identities differ or are missing; energy retained only as diagnostic,-1.15934305,/pscratch/sd/j/jcho5/VASP/dft_jobs/CO2_Pt111/singlepoint/r2scan,0,/pscratch/sd/j/jcho5/VASP/vasp_slab/Pt111/r2scan,/pscratch/sd/j/jcho5/VASP/vasp_mol/CO2/r2scan,-3300.69876834,-3273.97042641,-25.56899888,1000,500,converged,8cd489ebf1be8c456a975cf9cbedb591a56e7b31ea07a141b8c03b77e7f8be1a,false
Pt111,CO2,beef_vdw,CO2_Pt111,,false,potential_mismatch,Complex and reference PAW potential identities differ or are missing; energy retained only as diagnostic,-60.34659157,/pscratch/sd/j/jcho5/VASP/dft_jobs/CO2_Pt111/singlepoint/beef_vdw,0,/pscratch/sd/j/jcho5/VASP/vasp_slab/Pt111/beef_vdw,/pscratch/sd/j/jcho5/VASP/vasp_mol/CO2/beef_vdw,-193.98626998,-115.71905359,-17.92062482,1000,500,converged,8cd489ebf1be8c456a975cf9cbedb591a56e7b31ea07a141b8c03b77e7f8be1a,false
Rh100,CO2,pbe,CO2_Rh100,,false,potential_mismatch,Complex and reference PAW potential identities differ or are missing; energy retained only as diagnostic,-0.25479741,/pscratch/sd/j/jcho5/VASP/dft_jobs/CO2_Rh100/singlepoint/PBE,0,/pscratch/sd/j/jcho5/VASP/vasp_slab/Rh100/PBE,/pscratch/sd/j/jcho5/VASP/vasp_mol/CO2/PBE,-265.4913327,-242.27634007,-22.96019522,1000,500,converged,63a43ab15587eedf32a7b921af05027b80c361e15d30b6c146bac70fd0ad403f,false
Rh100,CO2,pbe_d3,CO2_Rh100,,false,reference_unavailable,No converged relaxed references with matching functional/composition,,/pscratch/sd/j/jcho5/VASP/dft_jobs/CO2_Rh100/singlepoint/PBE_D3,0,/pscratch/sd/j/jcho5/VASP/vasp_slab/Rh100/PBE_D3,,-279.53269341,-256.07544059,,1000,,converged,63a43ab15587eedf32a7b921af05027b80c361e15d30b6c146bac70fd0ad403f,false
Rh100,CO2,r2scan,CO2_Rh100,,false,ok,NSW=0 complex; converged relaxed references; matching composition,-0.07398348,/pscratch/sd/j/jcho5/VASP/dft_jobs/CO2_Rh100/singlepoint/r2scan,0,/pscratch/sd/j/jcho5/VASP/completion_runs/matched_potential_slabs_20260915/slab/Rh100_84c2195556/r2scan,/pscratch/sd/j/jcho5/VASP/vasp_mol/CO2/r2scan,-874.02064744,-848.37766508,-25.56899888,500,500,converged,63a43ab15587eedf32a7b921af05027b80c361e15d30b6c146bac70fd0ad403f,true
Rh100,CO2,beef_vdw,CO2_Rh100,,false,complex_unconverged,electronic_unconverged,,/pscratch/sd/j/jcho5/VASP/dft_jobs/CO2_Rh100/singlepoint/beef_vdw,0,/pscratch/sd/j/jcho5/VASP/completion_runs/matched_potential_slabs_20260915/slab/Rh100_b2891dc541/beef_vdw,/pscratch/sd/j/jcho5/VASP/vasp_mol/CO2/beef_vdw,-147.95499529,-130.4934363,-17.92062482,500,500,electronic_unconverged,63a43ab15587eedf32a7b921af05027b80c361e15d30b6c146bac70fd0ad403f,false
Rh110,CO2,pbe,CO2_Rh110,,false,potential_mismatch,Complex and reference PAW potential identities differ or are missing; energy retained only as diagnostic,-0.19871481,/pscratch/sd/j/jcho5/VASP/dft_jobs/CO2_Rh110/singlepoint/PBE,0,/pscratch/sd/j/jcho5/VASP/vasp_slab/Rh110/PBE,/pscratch/sd/j/jcho5/VASP/vasp_mol/CO2/PBE,-176.21686933,-153.0579593,-22.96019522,1000,500,converged,fa512abc0f4ae6ce0949cbc7bc7e5a6d3edd90a8b567d45e57c53c2e14a2a3ee,false
Rh110,CO2,pbe_d3,CO2_Rh110,,false,reference_unavailable,No converged relaxed references with matching functional/composition,,/pscratch/sd/j/jcho5/VASP/dft_jobs/CO2_Rh110/singlepoint/PBE_D3,0,/pscratch/sd/j/jcho5/VASP/vasp_slab/Rh110/PBE_D3,,-183.89841951,-160.48819907,,1000,,converged,fa512abc0f4ae6ce0949cbc7bc7e5a6d3edd90a8b567d45e57c53c2e14a2a3ee,false
Rh110,CO2,r2scan,CO2_Rh110,,false,ok,NSW=0 complex; converged relaxed references; matching composition,0.01829732,/pscratch/sd/j/jcho5/VASP/dft_jobs/CO2_Rh110/singlepoint/r2scan,0,/pscratch/sd/j/jcho5/VASP/completion_runs/matched_potential_slabs_20260915/slab/Rh110_43367cbc6c/r2scan,/pscratch/sd/j/jcho5/VASP/vasp_mol/CO2/r2scan,-583.87969212,-558.32899056,-25.56899888,500,500,converged,fa512abc0f4ae6ce0949cbc7bc7e5a6d3edd90a8b567d45e57c53c2e14a2a3ee,true
Rh110,CO2,beef_vdw,CO2_Rh110,,false,ok,NSW=0 complex; converged relaxed references; matching composition,-0.15012079,/pscratch/sd/j/jcho5/VASP/dft_jobs/CO2_Rh110/singlepoint/beef_vdw,0,/pscratch/sd/j/jcho5/VASP/completion_runs/matched_potential_slabs_20260915/slab/Rh110_a6be9fa2b9/beef_vdw,/pscratch/sd/j/jcho5/VASP/vasp_mol/CO2/beef_vdw,-96.76323437,-78.69248876,-17.92062482,500,500,converged,fa512abc0f4ae6ce0949cbc7bc7e5a6d3edd90a8b567d45e57c53c2e14a2a3ee,true
Rh111,CO2,pbe,CO2_Rh111,,false,potential_mismatch,Complex and reference PAW potential identities differ or are missing; energy retained only as diagnostic,-0.56593212,/pscratch/sd/j/jcho5/VASP/dft_jobs/CO2_Rh111/singlepoint/PBE,0,/pscratch/sd/j/jcho5/VASP/vasp_slab/Rh111/PBE,/pscratch/sd/j/jcho5/VASP/vasp_mol/CO2/PBE,-462.67607023,-439.14994289,-22.96019522,1000,500,converged,a40cb7d91aee7eae4144335f2f19e1d35d3ddcaaa27527aae02e68677f7c250d,false
Rh111,CO2,pbe_d3,CO2_Rh111,,false,reference_unavailable,No converged relaxed references with matching functional/composition,,/pscratch/sd/j/jcho5/VASP/dft_jobs/CO2_Rh111/singlepoint/PBE_D3,0,/pscratch/sd/j/jcho5/VASP/vasp_slab/Rh111/PBE_D3,,-488.86134242,-465.26142053,,1000,,converged,a40cb7d91aee7eae4144335f2f19e1d35d3ddcaaa27527aae02e68677f7c250d,false
Rh111,CO2,r2scan,CO2_Rh111,,false,potential_mismatch,Complex and reference PAW potential identities differ or are missing; energy retained only as diagnostic,-0.67753122,/pscratch/sd/j/jcho5/VASP/dft_jobs/CO2_Rh111/singlepoint/r2scan,0,/pscratch/sd/j/jcho5/VASP/vasp_slab/Rh111/r2scan,/pscratch/sd/j/jcho5/VASP/vasp_mol/CO2/r2scan,-1543.13644325,-1516.88991315,-25.56899888,1000,500,converged,a40cb7d91aee7eae4144335f2f19e1d35d3ddcaaa27527aae02e68677f7c250d,false
Rh111,CO2,beef_vdw,CO2_Rh111,,false,ok,NSW=0 complex; converged relaxed references; matching composition,-0.19626186,/pscratch/sd/j/jcho5/VASP/dft_jobs/CO2_Rh111/singlepoint/beef_vdw,0,/pscratch/sd/j/jcho5/VASP/completion_runs/matched_potential_slabs_20260915/slab/Rh111_f89b45c425/beef_vdw,/pscratch/sd/j/jcho5/VASP/vasp_mol/CO2/beef_vdw,-257.80168718,-239.6848005,-17.92062482,500,500,converged,a40cb7d91aee7eae4144335f2f19e1d35d3ddcaaa27527aae02e68677f7c250d,true
Ag100,CO,pbe,CO_Ag100,,false,potential_mismatch,Complex and reference PAW potential identities differ or are missing; energy retained only as diagnostic,-0.95876764,/pscratch/sd/j/jcho5/VASP/dft_jobs/CO_Ag100/singlepoint/PBE,0,/pscratch/sd/j/jcho5/VASP/vasp_slab/Ag100/PBE,/pscratch/sd/j/jcho5/VASP/vasp_mol/CO/PBE,-105.86322185,-90.12407184,-14.78038237,1000,500,converged,b2dd59a0cf60da1d3f0b5594a451deddd3decb6cd1e410ef47b3d30539035635,false
Ag100,CO,pbe_d3,CO_Ag100,,false,potential_mismatch,Complex and reference PAW potential identities differ or are missing; energy retained only as diagnostic,-1.08702564,/pscratch/sd/j/jcho5/VASP/dft_jobs/CO_Ag100/singlepoint/PBE_D3,0,/pscratch/sd/j/jcho5/VASP/vasp_slab/Ag100/PBE_D3,/pscratch/sd/j/jcho5/VASP/vasp_mol/CO/PBE_D3,-118.26778204,-102.4003605,-14.7803959,1000,500,converged,b2dd59a0cf60da1d3f0b5594a451deddd3decb6cd1e410ef47b3d30539035635,false
Ag100,CO,r2scan,CO_Ag100,,false,potential_mismatch,Complex and reference PAW potential identities differ or are missing; energy retained only as diagnostic,-1.39949615,/pscratch/sd/j/jcho5/VASP/dft_jobs/CO_Ag100/singlepoint/r2scan,0,/pscratch/sd/j/jcho5/VASP/vasp_slab/Ag100/r2scan,/pscratch/sd/j/jcho5/VASP/vasp_mol/CO/r2scan,-776.94360112,-759.06403021,-16.48007476,1000,500,converged,b2dd59a0cf60da1d3f0b5594a451deddd3decb6cd1e410ef47b3d30539035635,false
Ag100,CO,beef_vdw,CO_Ag100,,false,potential_mismatch,Complex and reference PAW potential identities differ or are missing; energy retained only as diagnostic,-25.04349134,/pscratch/sd/j/jcho5/VASP/dft_jobs/CO_Ag100/singlepoint/beef_vdw,0,/pscratch/sd/j/jcho5/VASP/vasp_slab/Ag100/beef_vdw,/pscratch/sd/j/jcho5/VASP/vasp_mol/CO/beef_vdw,21.26501728,58.04168493,-11.73317631,1000,500,converged,b2dd59a0cf60da1d3f0b5594a451deddd3decb6cd1e410ef47b3d30539035635,false
Ag110,CO,pbe,CO_Ag110,,false,potential_mismatch,Complex and reference PAW potential identities differ or are missing; energy retained only as diagnostic,-0.73657097,/pscratch/sd/j/jcho5/VASP/dft_jobs/CO_Ag110/singlepoint/PBE,0,/pscratch/sd/j/jcho5/VASP/vasp_slab/Ag110/PBE,/pscratch/sd/j/jcho5/VASP/vasp_mol/CO/PBE,-72.86225768,-57.34530434,-14.78038237,1000,500,converged,05a63356f9e5317f16f0a0217320ddaa15b761eb330f78f04909854287938a77,false
Ag110,CO,pbe_d3,CO_Ag110,,false,potential_mismatch,Complex and reference PAW potential identities differ or are missing; energy retained only as diagnostic,-0.90907212,/pscratch/sd/j/jcho5/VASP/dft_jobs/CO_Ag110/singlepoint/PBE_D3,0,/pscratch/sd/j/jcho5/VASP/vasp_slab/Ag110/PBE_D3,/pscratch/sd/j/jcho5/VASP/vasp_mol/CO/PBE_D3,-79.77358872,-64.0841207,-14.7803959,1000,500,converged,05a63356f9e5317f16f0a0217320ddaa15b761eb330f78f04909854287938a77,false
Ag110,CO,r2scan,CO_Ag110,,false,potential_mismatch,Complex and reference PAW potential identities differ or are missing; energy retained only as diagnostic,-1.03939748,/pscratch/sd/j/jcho5/VASP/dft_jobs/CO_Ag110/singlepoint/r2scan,0,/pscratch/sd/j/jcho5/VASP/vasp_slab/Ag110/r2scan,/pscratch/sd/j/jcho5/VASP/vasp_mol/CO/r2scan,-520.19971028,-502.68023804,-16.48007476,1000,500,converged,05a63356f9e5317f16f0a0217320ddaa15b761eb330f78f04909854287938a77,false
Ag110,CO,beef_vdw,CO_Ag110,,false,potential_mismatch,Complex and reference PAW potential identities differ or are missing; energy retained only as diagnostic,-16.72114183,/pscratch/sd/j/jcho5/VASP/dft_jobs/CO_Ag110/singlepoint/beef_vdw,0,/pscratch/sd/j/jcho5/VASP/vasp_slab/Ag110/beef_vdw,/pscratch/sd/j/jcho5/VASP/vasp_mol/CO/beef_vdw,13.15708555,41.61140369,-11.73317631,1000,500,converged,05a63356f9e5317f16f0a0217320ddaa15b761eb330f78f04909854287938a77,false
Ag111,CO,pbe,CO_Ag111,,false,ok,NSW=0 complex; converged relaxed references; matching composition,0.12138742,/pscratch/sd/j/jcho5/VASP/dft_jobs/CO_Ag111/singlepoint/PBE,0,/pscratch/sd/j/jcho5/VASP/completion_runs/matched_potential_slabs_20260915/slab/Ag111_61964c781c/pbe,/pscratch/sd/j/jcho5/VASP/vasp_mol/CO/PBE,-106.91024264,-92.25124769,-14.78038237,500,500,converged,4b75d1752267e7f4fdb334979d5176371a4c34f6372600fd2116974c188db96b,true
Ag111,CO,pbe_d3,CO_Ag111,,false,ok,NSW=0 complex; converged relaxed references; matching composition,0.06889426,/pscratch/sd/j/jcho5/VASP/dft_jobs/CO_Ag111/singlepoint/PBE_D3,0,/pscratch/sd/j/jcho5/VASP/completion_runs/matched_potential_slabs_20260915/slab/Ag111_71d4cd48c4/pbe_d3,/pscratch/sd/j/jcho5/VASP/vasp_mol/CO/PBE_D3,-119.93841998,-105.22691834,-14.7803959,500,500,converged,4b75d1752267e7f4fdb334979d5176371a4c34f6372600fd2116974c188db96b,true
Ag111,CO,r2scan,CO_Ag111,,false,ok,NSW=0 complex; converged relaxed references; matching composition,0.19953436,/pscratch/sd/j/jcho5/VASP/dft_jobs/CO_Ag111/singlepoint/r2scan,0,/pscratch/sd/j/jcho5/VASP/completion_runs/matched_potential_slabs_20260915/slab/Ag111_f9365ca685/r2scan,/pscratch/sd/j/jcho5/VASP/vasp_mol/CO/r2scan,-778.32759201,-762.04705161,-16.48007476,500,500,converged,4b75d1752267e7f4fdb334979d5176371a4c34f6372600fd2116974c188db96b,true
Ag111,CO,beef_vdw,CO_Ag111,,false,ok,NSW=0 complex; converged relaxed references; matching composition,0.15201183,/pscratch/sd/j/jcho5/VASP/dft_jobs/CO_Ag111/singlepoint/beef_vdw,0,/pscratch/sd/j/jcho5/VASP/completion_runs/matched_potential_slabs_20260915/slab/Ag111_35207ad13f/beef_vdw,/pscratch/sd/j/jcho5/VASP/vasp_mol/CO/beef_vdw,20.41257236,31.99373684,-11.73317631,500,500,converged,4b75d1752267e7f4fdb334979d5176371a4c34f6372600fd2116974c188db96b,true
Au100,CO,pbe,CO_Au100,,false,reference_unavailable,No converged relaxed references with matching functional/composition,,/pscratch/sd/j/jcho5/VASP/dft_jobs/CO_Au100/singlepoint/PBE,0,,/pscratch/sd/j/jcho5/VASP/vasp_mol/CO/PBE,-207.20234853,,-14.78038237,,500,converged,d36a1a5913a4bfe552207774bad7c6fb24bbab0f97a767ea8ca54305b810b281,false
Au100,CO,pbe_d3,CO_Au100,,false,reference_unavailable,No converged relaxed references with matching functional/composition,,/pscratch/sd/j/jcho5/VASP/dft_jobs/CO_Au100/singlepoint/PBE_D3,0,,/pscratch/sd/j/jcho5/VASP/vasp_mol/CO/PBE_D3,-237.51733284,,-14.7803959,,500,converged,d36a1a5913a4bfe552207774bad7c6fb24bbab0f97a767ea8ca54305b810b281,false
Au100,CO,r2scan,CO_Au100,,false,reference_unavailable,No converged relaxed references with matching functional/composition,,/pscratch/sd/j/jcho5/VASP/dft_jobs/CO_Au100/singlepoint/r2scan,0,,/pscratch/sd/j/jcho5/VASP/vasp_mol/CO/r2scan,-3237.94468852,,-16.48007476,,500,converged,d36a1a5913a4bfe552207774bad7c6fb24bbab0f97a767ea8ca54305b810b281,false
Au100,CO,beef_vdw,CO_Au100,,false,reference_unavailable,No converged relaxed references with matching functional/composition,,/pscratch/sd/j/jcho5/VASP/dft_jobs/CO_Au100/singlepoint/beef_vdw,0,,/pscratch/sd/j/jcho5/VASP/vasp_mol/CO/beef_vdw,-6.90549069,,-11.73317631,,500,converged,d36a1a5913a4bfe552207774bad7c6fb24bbab0f97a767ea8ca54305b810b281,false
Au110,CO,pbe,CO_Au110,,false,reference_unavailable,No converged relaxed references with matching functional/composition,,/pscratch/sd/j/jcho5/VASP/dft_jobs/CO_Au110/singlepoint/PBE,0,,/pscratch/sd/j/jcho5/VASP/vasp_mol/CO/PBE,-199.80659801,,-14.78038237,,500,converged,f6e8d1bc8b6017393a31aca53c8d92e3ac3148535b8855e00abdffd8ea5f2f2b,false
Au110,CO,pbe_d3,CO_Au110,,false,reference_unavailable,No converged relaxed references with matching functional/composition,,/pscratch/sd/j/jcho5/VASP/dft_jobs/CO_Au110/singlepoint/PBE_D3,0,,/pscratch/sd/j/jcho5/VASP/vasp_mol/CO/PBE_D3,-225.03965163,,-14.7803959,,500,converged,f6e8d1bc8b6017393a31aca53c8d92e3ac3148535b8855e00abdffd8ea5f2f2b,false
Au110,CO,r2scan,CO_Au110,,false,reference_unavailable,No converged relaxed references with matching functional/composition,,/pscratch/sd/j/jcho5/VASP/dft_jobs/CO_Au110/singlepoint/r2scan,0,,/pscratch/sd/j/jcho5/VASP/vasp_mol/CO/r2scan,-3228.94875617,,-16.48007476,,500,converged,f6e8d1bc8b6017393a31aca53c8d92e3ac3148535b8855e00abdffd8ea5f2f2b,false
Au110,CO,beef_vdw,CO_Au110,,false,reference_unavailable,No converged relaxed references with matching functional/composition,,/pscratch/sd/j/jcho5/VASP/dft_jobs/CO_Au110/singlepoint/beef_vdw,0,,/pscratch/sd/j/jcho5/VASP/vasp_mol/CO/beef_vdw,1.00891745,,-11.73317631,,500,converged,f6e8d1bc8b6017393a31aca53c8d92e3ac3148535b8855e00abdffd8ea5f2f2b,false
Au111,CO,pbe,CO_Au111,,false,reference_unavailable,No converged relaxed references with matching functional/composition,,/pscratch/sd/j/jcho5/VASP/dft_jobs/CO_Au111/singlepoint/PBE,0,,/pscratch/sd/j/jcho5/VASP/vasp_mol/CO/PBE,-125.12969266,,-14.78038237,,500,converged,fe1bcf36a9d6167009460f8096ef318b5f82ebdef89cd8e9eeb30800d7c32dd7,false
Au111,CO,pbe_d3,CO_Au111,,false,reference_unavailable,No converged relaxed references with matching functional/composition,,/pscratch/sd/j/jcho5/VASP/dft_jobs/CO_Au111/singlepoint/PBE_D3,0,,/pscratch/sd/j/jcho5/VASP/vasp_mol/CO/PBE_D3,-142.96089529,,-14.7803959,,500,converged,fe1bcf36a9d6167009460f8096ef318b5f82ebdef89cd8e9eeb30800d7c32dd7,false
Au111,CO,r2scan,CO_Au111,,false,reference_unavailable,No converged relaxed references with matching functional/composition,,/pscratch/sd/j/jcho5/VASP/dft_jobs/CO_Au111/singlepoint/r2scan,0,,/pscratch/sd/j/jcho5/VASP/vasp_mol/CO/r2scan,-1831.06644655,,-16.48007476,,500,converged,fe1bcf36a9d6167009460f8096ef318b5f82ebdef89cd8e9eeb30800d7c32dd7,false
Au111,CO,beef_vdw,CO_Au111,,false,reference_unavailable,No converged relaxed references with matching functional/composition,,/pscratch/sd/j/jcho5/VASP/dft_jobs/CO_Au111/singlepoint/beef_vdw,0,,/pscratch/sd/j/jcho5/VASP/vasp_mol/CO/beef_vdw,-10.79221209,,-11.73317631,,500,converged,fe1bcf36a9d6167009460f8096ef318b5f82ebdef89cd8e9eeb30800d7c32dd7,false
Cu100,CO,pbe,CO_Cu100,,false,ok,NSW=0 complex; converged relaxed references; matching composition,-0.77452017,/pscratch/sd/j/jcho5/VASP/dft_jobs/CO_Cu100/singlepoint/PBE,0,/pscratch/sd/j/jcho5/VASP/vasp_slab/Cu100/PBE,/pscratch/sd/j/jcho5/VASP/vasp_mol/CO/PBE,-235.32172418,-219.76682164,-14.78038237,1000,500,converged,85e536b36c498dd5b1a5e342ae538ac7fc20ebe5ad28ce2105d57d98af15d6ee,true
Cu100,CO,pbe_d3,CO_Cu100,,false,ok,NSW=0 complex; converged relaxed references; matching composition,-0.91223213,/pscratch/sd/j/jcho5/VASP/dft_jobs/CO_Cu100/singlepoint/PBE_D3,0,/pscratch/sd/j/jcho5/VASP/vasp_slab/Cu100/PBE_D3,/pscratch/sd/j/jcho5/VASP/vasp_mol/CO/PBE_D3,-256.53316056,-240.84053253,-14.7803959,1000,500,converged,85e536b36c498dd5b1a5e342ae538ac7fc20ebe5ad28ce2105d57d98af15d6ee,true
Cu100,CO,r2scan,CO_Cu100,,false,ok,NSW=0 complex; converged relaxed references; matching composition,-0.64311535,/pscratch/sd/j/jcho5/VASP/dft_jobs/CO_Cu100/singlepoint/r2scan,0,/pscratch/sd/j/jcho5/VASP/vasp_slab/Cu100/r2scan,/pscratch/sd/j/jcho5/VASP/vasp_mol/CO/r2scan,-687.43968412,-670.31649401,-16.48007476,1000,500,converged,85e536b36c498dd5b1a5e342ae538ac7fc20ebe5ad28ce2105d57d98af15d6ee,true
Cu100,CO,beef_vdw,CO_Cu100,,false,ok,NSW=0 complex; converged relaxed references; matching composition,-0.6197797,/pscratch/sd/j/jcho5/VASP/dft_jobs/CO_Cu100/singlepoint/beef_vdw,0,/pscratch/sd/j/jcho5/VASP/completion_runs/site_gapfill_20260914/slab/C2H4_Cu100/beef_vdw,/pscratch/sd/j/jcho5/VASP/vasp_mol/CO/beef_vdw,-22.92927861,-10.5763226,-11.73317631,1000,500,converged,85e536b36c498dd5b1a5e342ae538ac7fc20ebe5ad28ce2105d57d98af15d6ee,true
Cu110,CO,pbe,CO_Cu110,,false,potential_mismatch,Complex and reference PAW potential identities differ or are missing; energy retained only as diagnostic,-0.47513488,/pscratch/sd/j/jcho5/VASP/dft_jobs/CO_Cu110/singlepoint/PBE,0,/pscratch/sd/j/jcho5/VASP/vasp_slab/Cu110/PBE,/pscratch/sd/j/jcho5/VASP/vasp_mol/CO/PBE,-95.00555063,-79.75003338,-14.78038237,1000,500,converged,44641c6470122050b702d03f279a36fb68e1a4c5796f23779331f4cd734b6814,false
Cu110,CO,pbe_d3,CO_Cu110,,false,potential_mismatch,Complex and reference PAW potential identities differ or are missing; energy retained only as diagnostic,-0.70331591,/pscratch/sd/j/jcho5/VASP/dft_jobs/CO_Cu110/singlepoint/PBE_D3,0,/pscratch/sd/j/jcho5/VASP/vasp_slab/Cu110/PBE_D3,/pscratch/sd/j/jcho5/VASP/vasp_mol/CO/PBE_D3,-101.56868425,-86.08497244,-14.7803959,1000,500,converged,44641c6470122050b702d03f279a36fb68e1a4c5796f23779331f4cd734b6814,false
Cu110,CO,r2scan,CO_Cu110,,false,potential_mismatch,Complex and reference PAW potential identities differ or are missing; energy retained only as diagnostic,-0.60251646,/pscratch/sd/j/jcho5/VASP/dft_jobs/CO_Cu110/singlepoint/r2scan,0,/pscratch/sd/j/jcho5/VASP/vasp_slab/Cu110/r2scan,/pscratch/sd/j/jcho5/VASP/vasp_mol/CO/r2scan,-265.11508682,-248.0324956,-16.48007476,1000,500,converged,44641c6470122050b702d03f279a36fb68e1a4c5796f23779331f4cd734b6814,false
Cu110,CO,beef_vdw,CO_Cu110,,false,potential_mismatch,Complex and reference PAW potential identities differ or are missing; energy retained only as diagnostic,-31.51480864,/pscratch/sd/j/jcho5/VASP/dft_jobs/CO_Cu110/singlepoint/beef_vdw,0,/pscratch/sd/j/jcho5/VASP/vasp_slab/Cu110/beef_vdw,/pscratch/sd/j/jcho5/VASP/vasp_mol/CO/beef_vdw,-13.26279422,29.98519073,-11.73317631,1000,500,converged,44641c6470122050b702d03f279a36fb68e1a4c5796f23779331f4cd734b6814,false
Cu111,CO,pbe,CO_Cu111_atop,atop,false,ok,NSW=0 complex; converged relaxed references; matching composition,-0.91604543,/pscratch/sd/j/jcho5/VASP/dft_jobs/CO_Cu111_atop/singlepoint/PBE,0,/pscratch/sd/j/jcho5/VASP/completion_runs/matched_potential_slabs_20260915/slab/Cu111_28f90def6e/pbe,/pscratch/sd/j/jcho5/VASP/vasp_mol/CO/PBE,-239.77928093,-224.08285313,-14.78038237,500,500,converged,51b3711ef91ddaa422c0d45c39a0799139a77bbb6307347519fa2c55d99628e2,true
Cu111,CO,pbe_d3,CO_Cu111_atop,atop,false,ok,NSW=0 complex; converged relaxed references; matching composition,-1.01509134,/pscratch/sd/j/jcho5/VASP/dft_jobs/CO_Cu111_atop/singlepoint/PBE_D3,0,/pscratch/sd/j/jcho5/VASP/completion_runs/matched_potential_slabs_20260915/slab/Cu111_6058af94f0/pbe_d3,/pscratch/sd/j/jcho5/VASP/vasp_mol/CO/PBE_D3,-262.36501007,-246.56952283,-14.7803959,500,500,converged,51b3711ef91ddaa422c0d45c39a0799139a77bbb6307347519fa2c55d99628e2,true
Cu111,CO,r2scan,CO_Cu111_atop,atop,false,ok,NSW=0 complex; converged relaxed references; matching composition,-0.83265767,/pscratch/sd/j/jcho5/VASP/dft_jobs/CO_Cu111_atop/singlepoint/r2scan,0,/pscratch/sd/j/jcho5/VASP/completion_runs/matched_potential_slabs_20260915/slab/Cu111_96724abedd/r2scan,/pscratch/sd/j/jcho5/VASP/vasp_mol/CO/r2scan,-692.74294961,-675.43021718,-16.48007476,500,500,converged,51b3711ef91ddaa422c0d45c39a0799139a77bbb6307347519fa2c55d99628e2,true
Cu111,CO,beef_vdw,CO_Cu111_atop,atop,false,ok,NSW=0 complex; converged relaxed references; matching composition,-0.73744902,/pscratch/sd/j/jcho5/VASP/dft_jobs/CO_Cu111_atop/singlepoint/beef_vdw,0,/pscratch/sd/j/jcho5/VASP/completion_runs/matched_potential_slabs_20260915/slab/Cu111_11f50e50d8/beef_vdw,/pscratch/sd/j/jcho5/VASP/vasp_mol/CO/beef_vdw,-27.07056848,-14.59994315,-11.73317631,500,500,converged,51b3711ef91ddaa422c0d45c39a0799139a77bbb6307347519fa2c55d99628e2,true
Ir100,CO,pbe,CO_Ir100,,false,ok,NSW=0 complex; converged relaxed references; matching composition,-2.15746482,/pscratch/sd/j/jcho5/VASP/dft_jobs/CO_Ir100/singlepoint/PBE,0,/pscratch/sd/j/jcho5/VASP/vasp_slab/Ir100/PBE,/pscratch/sd/j/jcho5/VASP/vasp_mol/CO/PBE,-311.33886133,-294.40101414,-14.78038237,1000,500,converged,2f63c30f7c96e1b2e326e10ffade80aa1bdbcd62c74b4e2e26661e44aa988442,true
Ir100,CO,pbe_d3,CO_Ir100,,false,ok,NSW=0 complex; converged relaxed references; matching composition,-2.39443964,/pscratch/sd/j/jcho5/VASP/dft_jobs/CO_Ir100/singlepoint/PBE_D3,0,/pscratch/sd/j/jcho5/VASP/vasp_slab/Ir100/PBE_D3,/pscratch/sd/j/jcho5/VASP/vasp_mol/CO/PBE_D3,-328.77728532,-311.60244978,-14.7803959,1000,500,converged,2f63c30f7c96e1b2e326e10ffade80aa1bdbcd62c74b4e2e26661e44aa988442,true
Ir100,CO,r2scan,CO_Ir100,,false,ok,NSW=0 complex; converged relaxed references; matching composition,-2.2770301,/pscratch/sd/j/jcho5/VASP/dft_jobs/CO_Ir100/singlepoint/r2scan,0,/pscratch/sd/j/jcho5/VASP/completion_runs/site_gapfill_20260914/slab/C2H4_Ir100/r2scan,/pscratch/sd/j/jcho5/VASP/vasp_mol/CO/r2scan,-1877.42258961,-1858.66548475,-16.48007476,1000,500,converged,2f63c30f7c96e1b2e326e10ffade80aa1bdbcd62c74b4e2e26661e44aa988442,true
Ir100,CO,beef_vdw,CO_Ir100,,false,ok,NSW=0 complex; converged relaxed references; matching composition,-2.00209591,/pscratch/sd/j/jcho5/VASP/dft_jobs/CO_Ir100/singlepoint/beef_vdw,0,/pscratch/sd/j/jcho5/VASP/vasp_slab/Ir100/beef_vdw,/pscratch/sd/j/jcho5/VASP/vasp_mol/CO/beef_vdw,-196.75283881,-183.01756659,-11.73317631,1000,500,converged,2f63c30f7c96e1b2e326e10ffade80aa1bdbcd62c74b4e2e26661e44aa988442,true
Ir110,CO,pbe,CO_Ir110,,false,ok,NSW=0 complex; converged relaxed references; matching composition,-2.15307618,/pscratch/sd/j/jcho5/VASP/dft_jobs/CO_Ir110/singlepoint/PBE,0,/pscratch/sd/j/jcho5/VASP/vasp_slab/Ir110/PBE,/pscratch/sd/j/jcho5/VASP/vasp_mol/CO/PBE,-202.72624426,-185.79278571,-14.78038237,1000,500,converged,a88cd9877dbf5be4dbf24581e86072570057d68e2d0892082728133d35eba9d1,true
Ir110,CO,pbe_d3,CO_Ir110,,false,ok,NSW=0 complex; converged relaxed references; matching composition,-2.35561234,/pscratch/sd/j/jcho5/VASP/dft_jobs/CO_Ir110/singlepoint/PBE_D3,0,/pscratch/sd/j/jcho5/VASP/vasp_slab/Ir110/PBE_D3,/pscratch/sd/j/jcho5/VASP/vasp_mol/CO/PBE_D3,-212.27422974,-195.1382215,-14.7803959,1000,500,converged,a88cd9877dbf5be4dbf24581e86072570057d68e2d0892082728133d35eba9d1,true
Ir110,CO,r2scan,CO_Ir110,,false,ok,NSW=0 complex; converged relaxed references; matching composition,-1.94153454,/pscratch/sd/j/jcho5/VASP/dft_jobs/CO_Ir110/singlepoint/r2scan,0,/pscratch/sd/j/jcho5/VASP/vasp_slab/Ir110/r2scan,/pscratch/sd/j/jcho5/VASP/vasp_mol/CO/r2scan,-1247.09836097,-1228.67675167,-16.48007476,1000,500,converged,a88cd9877dbf5be4dbf24581e86072570057d68e2d0892082728133d35eba9d1,true
Ir110,CO,beef_vdw,CO_Ir110,,false,ok,NSW=0 complex; converged relaxed references; matching composition,-2.0493515,/pscratch/sd/j/jcho5/VASP/dft_jobs/CO_Ir110/singlepoint/beef_vdw,0,/pscratch/sd/j/jcho5/VASP/vasp_slab/Ir110/beef_vdw,/pscratch/sd/j/jcho5/VASP/vasp_mol/CO/beef_vdw,-125.03502535,-111.25249754,-11.73317631,1000,500,converged,a88cd9877dbf5be4dbf24581e86072570057d68e2d0892082728133d35eba9d1,true
Ir111,CO,pbe,CO_Ir111,,false,ok,NSW=0 complex; converged relaxed references; matching composition,-1.53175888,/pscratch/sd/j/jcho5/VASP/dft_jobs/CO_Ir111/singlepoint/PBE,0,/pscratch/sd/j/jcho5/VASP/vasp_slab/Ir111/PBE,/pscratch/sd/j/jcho5/VASP/vasp_mol/CO/PBE,-554.62408415,-538.3119429,-14.78038237,1000,500,converged,0fc4e5997b9148862b4fff9066fb93d6280f9b3109c564ac93a549147ccc2e4f,true
Ir111,CO,pbe_d3,CO_Ir111,,false,ok,NSW=0 complex; converged relaxed references; matching composition,-1.5570883,/pscratch/sd/j/jcho5/VASP/dft_jobs/CO_Ir111/singlepoint/PBE_D3,0,/pscratch/sd/j/jcho5/VASP/vasp_slab/Ir111/PBE_D3,/pscratch/sd/j/jcho5/VASP/vasp_mol/CO/PBE_D3,-587.12052815,-570.78304395,-14.7803959,1000,500,converged,0fc4e5997b9148862b4fff9066fb93d6280f9b3109c564ac93a549147ccc2e4f,true
Ir111,CO,r2scan,CO_Ir111,,false,ok,NSW=0 complex; converged relaxed references; matching composition,-1.39459851,/pscratch/sd/j/jcho5/VASP/dft_jobs/CO_Ir111/singlepoint/r2scan,0,/pscratch/sd/j/jcho5/VASP/vasp_slab/Ir111/r2scan,/pscratch/sd/j/jcho5/VASP/vasp_mol/CO/r2scan,-3338.55781536,-3320.68314209,-16.48007476,1000,500,converged,0fc4e5997b9148862b4fff9066fb93d6280f9b3109c564ac93a549147ccc2e4f,true
Ir111,CO,beef_vdw,CO_Ir111,,false,ok,NSW=0 complex; converged relaxed references; matching composition,-1.49268401,/pscratch/sd/j/jcho5/VASP/dft_jobs/CO_Ir111/singlepoint/beef_vdw,0,/pscratch/sd/j/jcho5/VASP/vasp_slab/Ir111/beef_vdw,/pscratch/sd/j/jcho5/VASP/vasp_mol/CO/beef_vdw,-352.71283024,-339.48696992,-11.73317631,1000,500,converged,0fc4e5997b9148862b4fff9066fb93d6280f9b3109c564ac93a549147ccc2e4f,true
Pd100,CO,pbe,CO_Pd100,,false,potential_mismatch,Complex and reference PAW potential identities differ or are missing; energy retained only as diagnostic,-2.06785364,/pscratch/sd/j/jcho5/VASP/dft_jobs/CO_Pd100/singlepoint/PBE,0,/pscratch/sd/j/jcho5/VASP/vasp_slab/Pd100/PBE,/pscratch/sd/j/jcho5/VASP/vasp_mol/CO/PBE,-192.15002853,-175.30179252,-14.78038237,1000,500,converged,82ec298647e6a0c28e00fd42a372ddc5406d66abaac88a5a36ac228b24d375a5,false
Pd100,CO,pbe_d3,CO_Pd100,,false,potential_mismatch,Complex and reference PAW potential identities differ or are missing; energy retained only as diagnostic,-2.23943486,/pscratch/sd/j/jcho5/VASP/dft_jobs/CO_Pd100/singlepoint/PBE_D3,0,/pscratch/sd/j/jcho5/VASP/vasp_slab/Pd100/PBE_D3,/pscratch/sd/j/jcho5/VASP/vasp_mol/CO/PBE_D3,-206.48023757,-189.46040681,-14.7803959,1000,500,converged,82ec298647e6a0c28e00fd42a372ddc5406d66abaac88a5a36ac228b24d375a5,false
Pd100,CO,r2scan,CO_Pd100,,false,ok,NSW=0 complex; converged relaxed references; matching composition,-1.95895544,/pscratch/sd/j/jcho5/VASP/dft_jobs/CO_Pd100/singlepoint/r2scan,0,/pscratch/sd/j/jcho5/VASP/completion_runs/matched_potential_slabs_20260915/slab/Pd100_25986b23a9/r2scan,/pscratch/sd/j/jcho5/VASP/vasp_mol/CO/r2scan,-830.90816343,-812.46913323,-16.48007476,500,500,converged,82ec298647e6a0c28e00fd42a372ddc5406d66abaac88a5a36ac228b24d375a5,true
Pd100,CO,beef_vdw,CO_Pd100,,false,ok,NSW=0 complex; converged relaxed references; matching composition,-1.71241143,/pscratch/sd/j/jcho5/VASP/dft_jobs/CO_Pd100/singlepoint/beef_vdw,0,/pscratch/sd/j/jcho5/VASP/completion_runs/matched_potential_slabs_20260915/slab/Pd100_b7d9b89afa/beef_vdw,/pscratch/sd/j/jcho5/VASP/vasp_mol/CO/beef_vdw,-66.61513781,-53.16955007,-11.73317631,500,500,converged,82ec298647e6a0c28e00fd42a372ddc5406d66abaac88a5a36ac228b24d375a5,true
Pd110,CO,pbe,CO_Pd110,,false,potential_mismatch,Complex and reference PAW potential identities differ or are missing; energy retained only as diagnostic,-2.13362062,/pscratch/sd/j/jcho5/VASP/dft_jobs/CO_Pd110/singlepoint/PBE,0,/pscratch/sd/j/jcho5/VASP/vasp_slab/Pd110/PBE,/pscratch/sd/j/jcho5/VASP/vasp_mol/CO/PBE,-127.74818244,-110.83417945,-14.78038237,1000,500,converged,261a6024c3f438cb208f41ff28d1879acb8a7ccb378f43781c1532a51298800e,false
Pd110,CO,pbe_d3,CO_Pd110,,false,potential_mismatch,Complex and reference PAW potential identities differ or are missing; energy retained only as diagnostic,-2.34352245,/pscratch/sd/j/jcho5/VASP/dft_jobs/CO_Pd110/singlepoint/PBE_D3,0,/pscratch/sd/j/jcho5/VASP/vasp_slab/Pd110/PBE_D3,/pscratch/sd/j/jcho5/VASP/vasp_mol/CO/PBE_D3,-135.6470524,-118.52313405,-14.7803959,1000,500,converged,261a6024c3f438cb208f41ff28d1879acb8a7ccb378f43781c1532a51298800e,false
Pd110,CO,r2scan,CO_Pd110,,false,ok,NSW=0 complex; converged relaxed references; matching composition,-2.04857329,/pscratch/sd/j/jcho5/VASP/dft_jobs/CO_Pd110/singlepoint/r2scan,0,/pscratch/sd/j/jcho5/VASP/completion_runs/matched_potential_slabs_20260915/slab/Pd110_2eb6224610/r2scan,/pscratch/sd/j/jcho5/VASP/vasp_mol/CO/r2scan,-553.5626207,-535.03397265,-16.48007476,500,500,converged,261a6024c3f438cb208f41ff28d1879acb8a7ccb378f43781c1532a51298800e,true
Pd110,CO,beef_vdw,CO_Pd110,,false,ok,NSW=0 complex; converged relaxed references; matching composition,-1.85724076,/pscratch/sd/j/jcho5/VASP/dft_jobs/CO_Pd110/singlepoint/beef_vdw,0,/pscratch/sd/j/jcho5/VASP/completion_runs/matched_potential_slabs_20260915/slab/Pd110_7655ac7da9/beef_vdw,/pscratch/sd/j/jcho5/VASP/vasp_mol/CO/beef_vdw,-42.95070424,-29.36028717,-11.73317631,500,500,converged,261a6024c3f438cb208f41ff28d1879acb8a7ccb378f43781c1532a51298800e,true
Pd111,CO,pbe,CO_Pd111_fcc,fcc,false,ok,NSW=0 complex; converged relaxed references; matching composition,-1.99739205,/pscratch/sd/j/jcho5/VASP/dft_jobs/CO_Pd111_fcc/singlepoint/PBE,0,/pscratch/sd/j/jcho5/VASP/completion_runs/matched_potential_slabs_20260915/slab/Pd111_ffc3f47166/pbe,/pscratch/sd/j/jcho5/VASP/vasp_mol/CO/PBE,-194.90747345,-178.12969903,-14.78038237,500,500,converged,6a163cbe3c940b2d80609873efbbf03dd88b53da53c94a179e4661bafbd41327,true
Pd111,CO,pbe_d3,CO_Pd111_fcc,fcc,false,ok,NSW=0 complex; converged relaxed references; matching composition,-2.14699158,/pscratch/sd/j/jcho5/VASP/dft_jobs/CO_Pd111_fcc/singlepoint/PBE_D3,0,/pscratch/sd/j/jcho5/VASP/completion_runs/matched_potential_slabs_20260915/slab/Pd111_0333765c8d/pbe_d3,/pscratch/sd/j/jcho5/VASP/vasp_mol/CO/PBE_D3,-209.99050918,-193.0631217,-14.7803959,500,500,converged,6a163cbe3c940b2d80609873efbbf03dd88b53da53c94a179e4661bafbd41327,true
Pd111,CO,r2scan,CO_Pd111_fcc,fcc,false,reference_unavailable,No converged relaxed references with matching functional/composition,,/pscratch/sd/j/jcho5/VASP/dft_jobs/CO_Pd111_fcc/singlepoint/r2scan,0,,/pscratch/sd/j/jcho5/VASP/vasp_mol/CO/r2scan,-834.09726751,,-16.48007476,,500,converged,6a163cbe3c940b2d80609873efbbf03dd88b53da53c94a179e4661bafbd41327,false
Pd111,CO,beef_vdw,CO_Pd111_fcc,fcc,false,ok,NSW=0 complex; converged relaxed references; matching composition,-1.80330185,/pscratch/sd/j/jcho5/VASP/dft_jobs/CO_Pd111_fcc/singlepoint/beef_vdw,0,/pscratch/sd/j/jcho5/VASP/completion_runs/matched_potential_slabs_20260915/slab/Pd111_f1f527eac1/beef_vdw,/pscratch/sd/j/jcho5/VASP/vasp_mol/CO/beef_vdw,-68.99088264,-55.45440448,-11.73317631,500,500,converged,6a163cbe3c940b2d80609873efbbf03dd88b53da53c94a179e4661bafbd41327,true
Pt100,CO,pbe,CO_Pt100,,false,potential_mismatch,Complex and reference PAW potential identities differ or are missing; energy retained only as diagnostic,-2.48207699,/pscratch/sd/j/jcho5/VASP/dft_jobs/CO_Pt100/singlepoint/PBE,0,/pscratch/sd/j/jcho5/VASP/vasp_slab/Pt100/PBE,/pscratch/sd/j/jcho5/VASP/vasp_mol/CO/PBE,-220.28958796,-203.0271286,-14.78038237,1000,500,converged,85351c904de6c97a5a1ec0a05e40d4f0d3f1810321faf031d9b39ed04b1ed69a,false
Pt100,CO,pbe_d3,CO_Pt100,,false,potential_mismatch,Complex and reference PAW potential identities differ or are missing; energy retained only as diagnostic,-2.71835447,/pscratch/sd/j/jcho5/VASP/dft_jobs/CO_Pt100/singlepoint/PBE_D3,0,/pscratch/sd/j/jcho5/VASP/vasp_slab/Pt100/PBE_D3,/pscratch/sd/j/jcho5/VASP/vasp_mol/CO/PBE_D3,-239.53442562,-222.03567525,-14.7803959,1000,500,converged,85351c904de6c97a5a1ec0a05e40d4f0d3f1810321faf031d9b39ed04b1ed69a,false
Pt100,CO,r2scan,CO_Pt100,,false,potential_mismatch,Complex and reference PAW potential identities differ or are missing; energy retained only as diagnostic,-2.81583493,/pscratch/sd/j/jcho5/VASP/dft_jobs/CO_Pt100/singlepoint/r2scan,0,/pscratch/sd/j/jcho5/VASP/vasp_slab/Pt100/r2scan,/pscratch/sd/j/jcho5/VASP/vasp_mol/CO/r2scan,-1854.98726867,-1835.69135898,-16.48007476,1000,500,converged,85351c904de6c97a5a1ec0a05e40d4f0d3f1810321faf031d9b39ed04b1ed69a,false
Pt100,CO,beef_vdw,CO_Pt100,,false,potential_mismatch,Complex and reference PAW potential identities differ or are missing; energy retained only as diagnostic,-35.67465483,/pscratch/sd/j/jcho5/VASP/dft_jobs/CO_Pt100/singlepoint/beef_vdw,0,/pscratch/sd/j/jcho5/VASP/vasp_slab/Pt100/beef_vdw,/pscratch/sd/j/jcho5/VASP/vasp_mol/CO/beef_vdw,-107.4511306,-60.04329946,-11.73317631,1000,500,converged,85351c904de6c97a5a1ec0a05e40d4f0d3f1810321faf031d9b39ed04b1ed69a,false
Pt110,CO,pbe,CO_Pt110,,false,potential_mismatch,Complex and reference PAW potential identities differ or are missing; energy retained only as diagnostic,-2.50730614,/pscratch/sd/j/jcho5/VASP/dft_jobs/CO_Pt110/singlepoint/PBE,0,/pscratch/sd/j/jcho5/VASP/vasp_slab/Pt110/PBE,/pscratch/sd/j/jcho5/VASP/vasp_mol/CO/PBE,-145.58865173,-128.30096322,-14.78038237,1000,500,converged,5e3793517d21fc7604b8cb5fca74c6024bc548228e5b694768373fe6f4c53f72,false
Pt110,CO,pbe_d3,CO_Pt110,,false,potential_mismatch,Complex and reference PAW potential identities differ or are missing; energy retained only as diagnostic,-2.8006539,/pscratch/sd/j/jcho5/VASP/dft_jobs/CO_Pt110/singlepoint/PBE_D3,0,/pscratch/sd/j/jcho5/VASP/vasp_slab/Pt110/PBE_D3,/pscratch/sd/j/jcho5/VASP/vasp_mol/CO/PBE_D3,-156.15419749,-138.57314769,-14.7803959,1000,500,converged,5e3793517d21fc7604b8cb5fca74c6024bc548228e5b694768373fe6f4c53f72,false
Pt110,CO,r2scan,CO_Pt110,,false,potential_mismatch,Complex and reference PAW potential identities differ or are missing; energy retained only as diagnostic,-2.66988483,/pscratch/sd/j/jcho5/VASP/dft_jobs/CO_Pt110/singlepoint/r2scan,0,/pscratch/sd/j/jcho5/VASP/vasp_slab/Pt110/r2scan,/pscratch/sd/j/jcho5/VASP/vasp_mol/CO/r2scan,-1235.23626664,-1216.08630705,-16.48007476,1000,500,converged,5e3793517d21fc7604b8cb5fca74c6024bc548228e5b694768373fe6f4c53f72,false
Pt110,CO,beef_vdw,CO_Pt110,,false,potential_mismatch,Complex and reference PAW potential identities differ or are missing; energy retained only as diagnostic,-24.67733296,/pscratch/sd/j/jcho5/VASP/dft_jobs/CO_Pt110/singlepoint/beef_vdw,0,/pscratch/sd/j/jcho5/VASP/vasp_slab/Pt110/beef_vdw,/pscratch/sd/j/jcho5/VASP/vasp_mol/CO/beef_vdw,-69.09007793,-32.67956866,-11.73317631,1000,500,converged,5e3793517d21fc7604b8cb5fca74c6024bc548228e5b694768373fe6f4c53f72,false
Pt111,CO,pbe,CO_Pt111_atop,atop,false,ok,NSW=0 complex; converged relaxed references; matching composition,-1.60986557,/pscratch/sd/j/jcho5/VASP/dft_jobs/CO_Pt111_atop/singlepoint/PBE,0,/pscratch/sd/j/jcho5/VASP/completion_runs/matched_potential_slabs_20260915/slab/Pt111_ac28ddddd3/pbe,/pscratch/sd/j/jcho5/VASP/vasp_mol/CO/PBE,-225.08617118,-208.69592324,-14.78038237,500,500,converged,64e941a4a7acd83b64fd862a599539326c42414cd426331fdc2fdd65f398d2d0,true
Pt111,CO,pbe_d3,CO_Pt111_atop,atop,false,ok,NSW=0 complex; converged relaxed references; matching composition,-1.76507566,/pscratch/sd/j/jcho5/VASP/dft_jobs/CO_Pt111_atop/singlepoint/PBE_D3,0,/pscratch/sd/j/jcho5/VASP/completion_runs/matched_potential_slabs_20260915/slab/Pt111_c3286ec1f4/pbe_d3,/pscratch/sd/j/jcho5/VASP/vasp_mol/CO/PBE_D3,-245.14223854,-228.59676698,-14.7803959,500,500,converged,64e941a4a7acd83b64fd862a599539326c42414cd426331fdc2fdd65f398d2d0,true
Pt111,CO,r2scan,CO_Pt111_atop,atop,false,reference_unavailable,No converged relaxed references with matching functional/composition,,/pscratch/sd/j/jcho5/VASP/dft_jobs/CO_Pt111_atop/singlepoint/r2scan,0,,/pscratch/sd/j/jcho5/VASP/vasp_mol/CO/r2scan,-1859.92038107,,-16.48007476,,500,converged,64e941a4a7acd83b64fd862a599539326c42414cd426331fdc2fdd65f398d2d0,false
Pt111,CO,beef_vdw,CO_Pt111_atop,atop,false,reference_unavailable,No converged relaxed references with matching functional/composition,,/pscratch/sd/j/jcho5/VASP/dft_jobs/CO_Pt111_atop/singlepoint/beef_vdw,0,,/pscratch/sd/j/jcho5/VASP/vasp_mol/CO/beef_vdw,-111.78607841,,-11.73317631,,500,converged,64e941a4a7acd83b64fd862a599539326c42414cd426331fdc2fdd65f398d2d0,false
Rh100,CO,pbe,CO_Rh100,,false,potential_mismatch,Complex and reference PAW potential identities differ or are missing; energy retained only as diagnostic,-2.36976846,/pscratch/sd/j/jcho5/VASP/dft_jobs/CO_Rh100/singlepoint/PBE,0,/pscratch/sd/j/jcho5/VASP/vasp_slab/Rh100/PBE,/pscratch/sd/j/jcho5/VASP/vasp_mol/CO/PBE,-259.4264909,-242.27634007,-14.78038237,1000,500,converged,3eeaa6d2abfec4fd3ac0a936f4050daa6688f315d38207ef6be57a52d907dcd7,false
Rh100,CO,pbe_d3,CO_Rh100,,false,complex_unconverged,electronic_unconverged,,/pscratch/sd/j/jcho5/VASP/dft_jobs/CO_Rh100/singlepoint/PBE_D3,0,/pscratch/sd/j/jcho5/VASP/vasp_slab/Rh100/PBE_D3,/pscratch/sd/j/jcho5/VASP/vasp_mol/CO/PBE_D3,-273.43455603,-256.07544059,-14.7803959,1000,500,electronic_unconverged,3eeaa6d2abfec4fd3ac0a936f4050daa6688f315d38207ef6be57a52d907dcd7,false
Rh100,CO,r2scan,CO_Rh100,,false,ok,NSW=0 complex; converged relaxed references; matching composition,-2.13174779,/pscratch/sd/j/jcho5/VASP/dft_jobs/CO_Rh100/singlepoint/r2scan,0,/pscratch/sd/j/jcho5/VASP/completion_runs/matched_potential_slabs_20260915/slab/Rh100_84c2195556/r2scan,/pscratch/sd/j/jcho5/VASP/vasp_mol/CO/r2scan,-866.98948763,-848.37766508,-16.48007476,500,500,converged,3eeaa6d2abfec4fd3ac0a936f4050daa6688f315d38207ef6be57a52d907dcd7,true
Rh100,CO,beef_vdw,CO_Rh100,,false,complex_unconverged,electronic_unconverged,,/pscratch/sd/j/jcho5/VASP/dft_jobs/CO_Rh100/singlepoint/beef_vdw,0,/pscratch/sd/j/jcho5/VASP/completion_runs/matched_potential_slabs_20260915/slab/Rh100_b2891dc541/beef_vdw,/pscratch/sd/j/jcho5/VASP/vasp_mol/CO/beef_vdw,-143.74941893,-130.4934363,-11.73317631,500,500,electronic_unconverged,3eeaa6d2abfec4fd3ac0a936f4050daa6688f315d38207ef6be57a52d907dcd7,false
Rh110,CO,pbe,CO_Rh110,,false,potential_mismatch,Complex and reference PAW potential identities differ or are missing; energy retained only as diagnostic,-2.21208985,/pscratch/sd/j/jcho5/VASP/dft_jobs/CO_Rh110/singlepoint/PBE,0,/pscratch/sd/j/jcho5/VASP/vasp_slab/Rh110/PBE,/pscratch/sd/j/jcho5/VASP/vasp_mol/CO/PBE,-170.05043152,-153.0579593,-14.78038237,1000,500,converged,7ad18b9558f0cafc8710a6f1ee8265c014a33d0bc614275ccd5883ee15b31555,false
Rh110,CO,pbe_d3,CO_Rh110,,false,potential_mismatch,Complex and reference PAW potential identities differ or are missing; energy retained only as diagnostic,-2.44668006,/pscratch/sd/j/jcho5/VASP/dft_jobs/CO_Rh110/singlepoint/PBE_D3,0,/pscratch/sd/j/jcho5/VASP/vasp_slab/Rh110/PBE_D3,/pscratch/sd/j/jcho5/VASP/vasp_mol/CO/PBE_D3,-177.71527503,-160.48819907,-14.7803959,1000,500,converged,7ad18b9558f0cafc8710a6f1ee8265c014a33d0bc614275ccd5883ee15b31555,false
Rh110,CO,r2scan,CO_Rh110,,false,ok,NSW=0 complex; converged relaxed references; matching composition,-1.77094049,/pscratch/sd/j/jcho5/VASP/dft_jobs/CO_Rh110/singlepoint/r2scan,0,/pscratch/sd/j/jcho5/VASP/completion_runs/matched_potential_slabs_20260915/slab/Rh110_43367cbc6c/r2scan,/pscratch/sd/j/jcho5/VASP/vasp_mol/CO/r2scan,-576.58000581,-558.32899056,-16.48007476,500,500,converged,7ad18b9558f0cafc8710a6f1ee8265c014a33d0bc614275ccd5883ee15b31555,true
Rh110,CO,beef_vdw,CO_Rh110,,false,ok,NSW=0 complex; converged relaxed references; matching composition,-1.81280711,/pscratch/sd/j/jcho5/VASP/dft_jobs/CO_Rh110/singlepoint/beef_vdw,0,/pscratch/sd/j/jcho5/VASP/completion_runs/matched_potential_slabs_20260915/slab/Rh110_a6be9fa2b9/beef_vdw,/pscratch/sd/j/jcho5/VASP/vasp_mol/CO/beef_vdw,-92.23847218,-78.69248876,-11.73317631,500,500,converged,7ad18b9558f0cafc8710a6f1ee8265c014a33d0bc614275ccd5883ee15b31555,true
Rh111,CO,pbe,CO_Rh111,,false,potential_mismatch,Complex and reference PAW potential identities differ or are missing; energy retained only as diagnostic,-2.57050436,/pscratch/sd/j/jcho5/VASP/dft_jobs/CO_Rh111/singlepoint/PBE,0,/pscratch/sd/j/jcho5/VASP/vasp_slab/Rh111/PBE,/pscratch/sd/j/jcho5/VASP/vasp_mol/CO/PBE,-456.50082962,-439.14994289,-14.78038237,1000,500,converged,d4a8b3cf06f9433d956fc1322d8499e3a4fe87da37419c445bd1440c7be73b8f,false
Rh111,CO,pbe_d3,CO_Rh111,,false,potential_mismatch,Complex and reference PAW potential identities differ or are missing; energy retained only as diagnostic,-2.56972815,/pscratch/sd/j/jcho5/VASP/dft_jobs/CO_Rh111/singlepoint/PBE_D3,0,/pscratch/sd/j/jcho5/VASP/vasp_slab/Rh111/PBE_D3,/pscratch/sd/j/jcho5/VASP/vasp_mol/CO/PBE_D3,-482.61154458,-465.26142053,-14.7803959,1000,500,converged,d4a8b3cf06f9433d956fc1322d8499e3a4fe87da37419c445bd1440c7be73b8f,false
Rh111,CO,r2scan,CO_Rh111,,false,potential_mismatch,Complex and reference PAW potential identities differ or are missing; energy retained only as diagnostic,-2.6423919,/pscratch/sd/j/jcho5/VASP/dft_jobs/CO_Rh111/singlepoint/r2scan,0,/pscratch/sd/j/jcho5/VASP/vasp_slab/Rh111/r2scan,/pscratch/sd/j/jcho5/VASP/vasp_mol/CO/r2scan,-1536.01237981,-1516.88991315,-16.48007476,1000,500,converged,d4a8b3cf06f9433d956fc1322d8499e3a4fe87da37419c445bd1440c7be73b8f,false
Rh111,CO,beef_vdw,CO_Rh111,,false,ok,NSW=0 complex; converged relaxed references; matching composition,-1.8474971,/pscratch/sd/j/jcho5/VASP/dft_jobs/CO_Rh111/singlepoint/beef_vdw,0,/pscratch/sd/j/jcho5/VASP/completion_runs/matched_potential_slabs_20260915/slab/Rh111_f89b45c425/beef_vdw,/pscratch/sd/j/jcho5/VASP/vasp_mol/CO/beef_vdw,-253.26547391,-239.6848005,-11.73317631,500,500,converged,d4a8b3cf06f9433d956fc1322d8499e3a4fe87da37419c445bd1440c7be73b8f,true
Pt111,DME,pbe,DME_Pt111_top,top,false,ok,NSW=0 complex; converged relaxed references; matching composition,-0.07393861,/pscratch/sd/j/jcho5/VASP/dft_jobs/DME_Pt111_top/singlepoint/PBE,0,/pscratch/sd/j/jcho5/VASP/completion_runs/matched_potential_slabs_20260915/slab/Pt111_ac28ddddd3/pbe,/pscratch/sd/j/jcho5/VASP/completion_runs/dme_references_davidson_20260915/molecule/DME/PBE,-255.14754374,-208.69592324,-46.37768189,500,500,converged,b9d3fbad7299de87a19b6ec465197dc0ec3a84cf0621a41f43aef95d847bfea0,true
Pt111,DME,pbe_d3,DME_Pt111_top,top,false,ok,NSW=0 complex; converged relaxed references; matching composition,-0.62568377,/pscratch/sd/j/jcho5/VASP/dft_jobs/DME_Pt111_top/singlepoint/PBE_D3,0,/pscratch/sd/j/jcho5/VASP/completion_runs/matched_potential_slabs_20260915/slab/Pt111_c3286ec1f4/pbe_d3,/pscratch/sd/j/jcho5/VASP/completion_runs/dme_references_davidson_20260915/molecule/DME/PBE_D3,-275.64596937,-228.59676698,-46.42351862,500,500,converged,b9d3fbad7299de87a19b6ec465197dc0ec3a84cf0621a41f43aef95d847bfea0,true
Pt111,DME,r2scan,DME_Pt111_top,top,false,reference_unavailable,No converged relaxed references with matching functional/composition,,/pscratch/sd/j/jcho5/VASP/dft_jobs/DME_Pt111_top/singlepoint/r2scan,0,,/pscratch/sd/j/jcho5/VASP/vasp_mol/DME/r2scan,-1891.20002,,-49.14058927,,500,converged,b9d3fbad7299de87a19b6ec465197dc0ec3a84cf0621a41f43aef95d847bfea0,false
Pt111,DME,beef_vdw,DME_Pt111_top,top,false,reference_unavailable,No converged relaxed references with matching functional/composition,,/pscratch/sd/j/jcho5/VASP/dft_jobs/DME_Pt111_top/singlepoint/beef_vdw,0,,/pscratch/sd/j/jcho5/VASP/vasp_mol/DME/beef_vdw,-141.06479475,,-42.29312929,,500,converged,b9d3fbad7299de87a19b6ec465197dc0ec3a84cf0621a41f43aef95d847bfea0,false
Ag100,formaldehyde,pbe,H2CO_Ag100,,false,potential_mismatch,Complex and reference PAW potential identities differ or are missing; energy retained only as diagnostic,-0.70405943,/pscratch/sd/j/jcho5/VASP/dft_jobs/H2CO_Ag100/singlepoint/PBE,0,/pscratch/sd/j/jcho5/VASP/vasp_slab/Ag100/PBE,/pscratch/sd/j/jcho5/VASP/vasp_mol/H2CO/PBE,-112.9583725,-90.12407184,-22.13024123,1000,500,converged,7a7afc86f34fa2605179343e038d7ff999159bf6abe0bf16c75e19fe40aa0f6a,false
Ag100,formaldehyde,pbe_d3,H2CO_Ag100,,false,potential_mismatch,Complex and reference PAW potential identities differ or are missing; energy retained only as diagnostic,-0.8203331,/pscratch/sd/j/jcho5/VASP/dft_jobs/H2CO_Ag100/singlepoint/PBE_D3,0,/pscratch/sd/j/jcho5/VASP/vasp_slab/Ag100/PBE_D3,/pscratch/sd/j/jcho5/VASP/vasp_mol/H2CO/PBE_D3,-125.35620519,-102.4003605,-22.13551159,1000,500,converged,7a7afc86f34fa2605179343e038d7ff999159bf6abe0bf16c75e19fe40aa0f6a,false
Ag100,formaldehyde,r2scan,H2CO_Ag100,,false,potential_mismatch,Complex and reference PAW potential identities differ or are missing; energy retained only as diagnostic,-1.18194997,/pscratch/sd/j/jcho5/VASP/dft_jobs/H2CO_Ag100/singlepoint/r2scan,0,/pscratch/sd/j/jcho5/VASP/vasp_slab/Ag100/r2scan,/pscratch/sd/j/jcho5/VASP/vasp_mol/H2CO/r2scan,-784.11346663,-759.06403021,-23.86748645,1000,500,converged,7a7afc86f34fa2605179343e038d7ff999159bf6abe0bf16c75e19fe40aa0f6a,false
Ag100,formaldehyde,beef_vdw,H2CO_Ag100,,false,potential_mismatch,Complex and reference PAW potential identities differ or are missing; energy retained only as diagnostic,-25.03843649,/pscratch/sd/j/jcho5/VASP/dft_jobs/H2CO_Ag100/singlepoint/beef_vdw,0,/pscratch/sd/j/jcho5/VASP/vasp_slab/Ag100/beef_vdw,/pscratch/sd/j/jcho5/VASP/vasp_mol/H2CO/beef_vdw,13.85635585,58.04168493,-19.14689259,1000,500,converged,7a7afc86f34fa2605179343e038d7ff999159bf6abe0bf16c75e19fe40aa0f6a,false
Ag110,formaldehyde,pbe,H2CO_Ag110,,false,potential_mismatch,Complex and reference PAW potential identities differ or are missing; energy retained only as diagnostic,-0.5076471,/pscratch/sd/j/jcho5/VASP/dft_jobs/H2CO_Ag110/singlepoint/PBE,0,/pscratch/sd/j/jcho5/VASP/vasp_slab/Ag110/PBE,/pscratch/sd/j/jcho5/VASP/vasp_mol/H2CO/PBE,-79.98319267,-57.34530434,-22.13024123,1000,500,converged,f86182148360a42ee034a31a31ea9b651ac0b5fa188a50ebd655a2a1a08dee1d,false
Ag110,formaldehyde,pbe_d3,H2CO_Ag110,,false,potential_mismatch,Complex and reference PAW potential identities differ or are missing; energy retained only as diagnostic,-0.73305099,/pscratch/sd/j/jcho5/VASP/dft_jobs/H2CO_Ag110/singlepoint/PBE_D3,0,/pscratch/sd/j/jcho5/VASP/vasp_slab/Ag110/PBE_D3,/pscratch/sd/j/jcho5/VASP/vasp_mol/H2CO/PBE_D3,-86.95268328,-64.0841207,-22.13551159,1000,500,converged,f86182148360a42ee034a31a31ea9b651ac0b5fa188a50ebd655a2a1a08dee1d,false
Ag110,formaldehyde,r2scan,H2CO_Ag110,,false,potential_mismatch,Complex and reference PAW potential identities differ or are missing; energy retained only as diagnostic,-0.92350837,/pscratch/sd/j/jcho5/VASP/dft_jobs/H2CO_Ag110/singlepoint/r2scan,0,/pscratch/sd/j/jcho5/VASP/vasp_slab/Ag110/r2scan,/pscratch/sd/j/jcho5/VASP/vasp_mol/H2CO/r2scan,-527.47123286,-502.68023804,-23.86748645,1000,500,converged,f86182148360a42ee034a31a31ea9b651ac0b5fa188a50ebd655a2a1a08dee1d,false
Ag110,formaldehyde,beef_vdw,H2CO_Ag110,,false,potential_mismatch,Complex and reference PAW potential identities differ or are missing; energy retained only as diagnostic,-16.72114906,/pscratch/sd/j/jcho5/VASP/dft_jobs/H2CO_Ag110/singlepoint/beef_vdw,0,/pscratch/sd/j/jcho5/VASP/vasp_slab/Ag110/beef_vdw,/pscratch/sd/j/jcho5/VASP/vasp_mol/H2CO/beef_vdw,5.74336204,41.61140369,-19.14689259,1000,500,converged,f86182148360a42ee034a31a31ea9b651ac0b5fa188a50ebd655a2a1a08dee1d,false
Ag111,formaldehyde,pbe,H2CO_Ag111,,false,ok,NSW=0 complex; converged relaxed references; matching composition,0.01454826,/pscratch/sd/j/jcho5/VASP/dft_jobs/H2CO_Ag111/singlepoint/PBE,0,/pscratch/sd/j/jcho5/VASP/completion_runs/matched_potential_slabs_20260915/slab/Ag111_61964c781c/pbe,/pscratch/sd/j/jcho5/VASP/vasp_mol/H2CO/PBE,-114.36694066,-92.25124769,-22.13024123,500,500,converged,46a10d4186edaa5b498e454b4b72446bb1a4b8c499452b703534bc1144137e50,true
Ag111,formaldehyde,pbe_d3,H2CO_Ag111,,false,ok,NSW=0 complex; converged relaxed references; matching composition,0.01571395,/pscratch/sd/j/jcho5/VASP/dft_jobs/H2CO_Ag111/singlepoint/PBE_D3,0,/pscratch/sd/j/jcho5/VASP/completion_runs/matched_potential_slabs_20260915/slab/Ag111_71d4cd48c4/pbe_d3,/pscratch/sd/j/jcho5/VASP/vasp_mol/H2CO/PBE_D3,-127.34671598,-105.22691834,-22.13551159,500,500,converged,46a10d4186edaa5b498e454b4b72446bb1a4b8c499452b703534bc1144137e50,true
Ag111,formaldehyde,r2scan,H2CO_Ag111,,false,ok,NSW=0 complex; converged relaxed references; matching composition,0.08751338,/pscratch/sd/j/jcho5/VASP/dft_jobs/H2CO_Ag111/singlepoint/r2scan,0,/pscratch/sd/j/jcho5/VASP/completion_runs/matched_potential_slabs_20260915/slab/Ag111_f9365ca685/r2scan,/pscratch/sd/j/jcho5/VASP/vasp_mol/H2CO/r2scan,-785.82702468,-762.04705161,-23.86748645,500,500,converged,46a10d4186edaa5b498e454b4b72446bb1a4b8c499452b703534bc1144137e50,true
Ag111,formaldehyde,beef_vdw,H2CO_Ag111,,false,ok,NSW=0 complex; converged relaxed references; matching composition,-0.21443467,/pscratch/sd/j/jcho5/VASP/dft_jobs/H2CO_Ag111/singlepoint/beef_vdw,0,/pscratch/sd/j/jcho5/VASP/completion_runs/matched_potential_slabs_20260915/slab/Ag111_35207ad13f/beef_vdw,/pscratch/sd/j/jcho5/VASP/vasp_mol/H2CO/beef_vdw,12.63240958,31.99373684,-19.14689259,500,500,converged,46a10d4186edaa5b498e454b4b72446bb1a4b8c499452b703534bc1144137e50,true
Au100,formaldehyde,pbe,H2CO_Au100,,false,reference_unavailable,No converged relaxed references with matching functional/composition,,/pscratch/sd/j/jcho5/VASP/dft_jobs/H2CO_Au100/singlepoint/PBE,0,,/pscratch/sd/j/jcho5/VASP/vasp_mol/H2CO/PBE,-214.03546009,,-22.13024123,,500,converged,9278bf2506d989fbae668d771e9bca4a1e825ce726a2ff380951341ff8405376,false
Au100,formaldehyde,pbe_d3,H2CO_Au100,,false,reference_unavailable,No converged relaxed references with matching functional/composition,,/pscratch/sd/j/jcho5/VASP/dft_jobs/H2CO_Au100/singlepoint/PBE_D3,0,,/pscratch/sd/j/jcho5/VASP/vasp_mol/H2CO/PBE_D3,-244.30569733,,-22.13551159,,500,converged,9278bf2506d989fbae668d771e9bca4a1e825ce726a2ff380951341ff8405376,false
Au100,formaldehyde,r2scan,H2CO_Au100,,false,reference_unavailable,No converged relaxed references with matching functional/composition,,/pscratch/sd/j/jcho5/VASP/dft_jobs/H2CO_Au100/singlepoint/r2scan,0,,/pscratch/sd/j/jcho5/VASP/vasp_mol/H2CO/r2scan,-3244.83151541,,-23.86748645,,500,converged,9278bf2506d989fbae668d771e9bca4a1e825ce726a2ff380951341ff8405376,false
Au100,formaldehyde,beef_vdw,H2CO_Au100,,false,reference_unavailable,No converged relaxed references with matching functional/composition,,/pscratch/sd/j/jcho5/VASP/dft_jobs/H2CO_Au100/singlepoint/beef_vdw,0,,/pscratch/sd/j/jcho5/VASP/vasp_mol/H2CO/beef_vdw,-14.20953503,,-19.14689259,,500,converged,9278bf2506d989fbae668d771e9bca4a1e825ce726a2ff380951341ff8405376,false
Au110,formaldehyde,pbe,H2CO_Au110,,false,reference_unavailable,No converged relaxed references with matching functional/composition,,/pscratch/sd/j/jcho5/VASP/dft_jobs/H2CO_Au110/singlepoint/PBE,0,,/pscratch/sd/j/jcho5/VASP/vasp_mol/H2CO/PBE,-206.53971195,,-22.13024123,,500,converged,48e5eadf01a78c28a2ee9480017719e603e05de0b91c95e5f5e0bc3c5fc82476,false
Au110,formaldehyde,pbe_d3,H2CO_Au110,,false,reference_unavailable,No converged relaxed references with matching functional/composition,,/pscratch/sd/j/jcho5/VASP/dft_jobs/H2CO_Au110/singlepoint/PBE_D3,0,,/pscratch/sd/j/jcho5/VASP/vasp_mol/H2CO/PBE_D3,-231.80428309,,-22.13551159,,500,converged,48e5eadf01a78c28a2ee9480017719e603e05de0b91c95e5f5e0bc3c5fc82476,false
Au110,formaldehyde,r2scan,H2CO_Au110,,false,reference_unavailable,No converged relaxed references with matching functional/composition,,/pscratch/sd/j/jcho5/VASP/dft_jobs/H2CO_Au110/singlepoint/r2scan,0,,/pscratch/sd/j/jcho5/VASP/vasp_mol/H2CO/r2scan,-3235.79524775,,-23.86748645,,500,converged,48e5eadf01a78c28a2ee9480017719e603e05de0b91c95e5f5e0bc3c5fc82476,false
Au110,formaldehyde,beef_vdw,H2CO_Au110,,false,reference_unavailable,No converged relaxed references with matching functional/composition,,/pscratch/sd/j/jcho5/VASP/dft_jobs/H2CO_Au110/singlepoint/beef_vdw,0,,/pscratch/sd/j/jcho5/VASP/vasp_mol/H2CO/beef_vdw,-6.16738336,,-19.14689259,,500,converged,48e5eadf01a78c28a2ee9480017719e603e05de0b91c95e5f5e0bc3c5fc82476,false
Au111,formaldehyde,pbe,H2CO_Au111,,false,reference_unavailable,No converged relaxed references with matching functional/composition,,/pscratch/sd/j/jcho5/VASP/dft_jobs/H2CO_Au111/singlepoint/PBE,0,,/pscratch/sd/j/jcho5/VASP/vasp_mol/H2CO/PBE,-132.36052934,,-22.13024123,,500,converged,a17320a9aff9148d2685a9e666d4c5e0f9333fde0041d014a8524f516ffd314b,false
Au111,formaldehyde,pbe_d3,H2CO_Au111,,false,reference_unavailable,No converged relaxed references with matching functional/composition,,/pscratch/sd/j/jcho5/VASP/dft_jobs/H2CO_Au111/singlepoint/PBE_D3,0,,/pscratch/sd/j/jcho5/VASP/vasp_mol/H2CO/PBE_D3,-150.15081893,,-22.13551159,,500,converged,a17320a9aff9148d2685a9e666d4c5e0f9333fde0041d014a8524f516ffd314b,false
Au111,formaldehyde,r2scan,H2CO_Au111,,false,reference_unavailable,No converged relaxed references with matching functional/composition,,/pscratch/sd/j/jcho5/VASP/dft_jobs/H2CO_Au111/singlepoint/r2scan,0,,/pscratch/sd/j/jcho5/VASP/vasp_mol/H2CO/r2scan,-1838.33940568,,-23.86748645,,500,converged,a17320a9aff9148d2685a9e666d4c5e0f9333fde0041d014a8524f516ffd314b,false
Au111,formaldehyde,beef_vdw,H2CO_Au111,,false,reference_unavailable,No converged relaxed references with matching functional/composition,,/pscratch/sd/j/jcho5/VASP/dft_jobs/H2CO_Au111/singlepoint/beef_vdw,0,,/pscratch/sd/j/jcho5/VASP/vasp_mol/H2CO/beef_vdw,-18.51286681,,-19.14689259,,500,converged,a17320a9aff9148d2685a9e666d4c5e0f9333fde0041d014a8524f516ffd314b,false
Cu100,formaldehyde,pbe,H2CO_Cu100,,false,ok,NSW=0 complex; converged relaxed references; matching composition,-0.1252045,/pscratch/sd/j/jcho5/VASP/dft_jobs/H2CO_Cu100/singlepoint/PBE,0,/pscratch/sd/j/jcho5/VASP/vasp_slab/Cu100/PBE,/pscratch/sd/j/jcho5/VASP/vasp_mol/H2CO/PBE,-242.02226737,-219.76682164,-22.13024123,1000,500,converged,c61753179b5e9479fd43d3dad78604baf402c045544628c2d99679f5c87de3e3,true
Cu100,formaldehyde,pbe_d3,H2CO_Cu100,,false,ok,NSW=0 complex; converged relaxed references; matching composition,-0.3317577,/pscratch/sd/j/jcho5/VASP/dft_jobs/H2CO_Cu100/singlepoint/PBE_D3,0,/pscratch/sd/j/jcho5/VASP/vasp_slab/Cu100/PBE_D3,/pscratch/sd/j/jcho5/VASP/vasp_mol/H2CO/PBE_D3,-263.30780182,-240.84053253,-22.13551159,1000,500,converged,c61753179b5e9479fd43d3dad78604baf402c045544628c2d99679f5c87de3e3,true
Cu100,formaldehyde,r2scan,H2CO_Cu100,,false,ok,NSW=0 complex; converged relaxed references; matching composition,-0.08859861,/pscratch/sd/j/jcho5/VASP/dft_jobs/H2CO_Cu100/singlepoint/r2scan,0,/pscratch/sd/j/jcho5/VASP/vasp_slab/Cu100/r2scan,/pscratch/sd/j/jcho5/VASP/vasp_mol/H2CO/r2scan,-694.27257907,-670.31649401,-23.86748645,1000,500,converged,c61753179b5e9479fd43d3dad78604baf402c045544628c2d99679f5c87de3e3,true
Cu100,formaldehyde,beef_vdw,H2CO_Cu100,,false,ok,NSW=0 complex; converged relaxed references; matching composition,-0.22109434,/pscratch/sd/j/jcho5/VASP/dft_jobs/H2CO_Cu100/singlepoint/beef_vdw,0,/pscratch/sd/j/jcho5/VASP/completion_runs/site_gapfill_20260914/slab/C2H4_Cu100/beef_vdw,/pscratch/sd/j/jcho5/VASP/vasp_mol/H2CO/beef_vdw,-29.94430953,-10.5763226,-19.14689259,1000,500,converged,c61753179b5e9479fd43d3dad78604baf402c045544628c2d99679f5c87de3e3,true
Cu110,formaldehyde,pbe,H2CO_Cu110,,false,potential_mismatch,Complex and reference PAW potential identities differ or are missing; energy retained only as diagnostic,0.29352166,/pscratch/sd/j/jcho5/VASP/dft_jobs/H2CO_Cu110/singlepoint/PBE,0,/pscratch/sd/j/jcho5/VASP/vasp_slab/Cu110/PBE,/pscratch/sd/j/jcho5/VASP/vasp_mol/H2CO/PBE,-101.58675295,-79.75003338,-22.13024123,1000,500,converged,1485ec5f0198e20809b080afb7a109ff3a0f0bbcee5cba9c6dff099a255f90e9,false
Cu110,formaldehyde,pbe_d3,H2CO_Cu110,,false,potential_mismatch,Complex and reference PAW potential identities differ or are missing; energy retained only as diagnostic,-0.00144608,/pscratch/sd/j/jcho5/VASP/dft_jobs/H2CO_Cu110/singlepoint/PBE_D3,0,/pscratch/sd/j/jcho5/VASP/vasp_slab/Cu110/PBE_D3,/pscratch/sd/j/jcho5/VASP/vasp_mol/H2CO/PBE_D3,-108.22193011,-86.08497244,-22.13551159,1000,500,converged,1485ec5f0198e20809b080afb7a109ff3a0f0bbcee5cba9c6dff099a255f90e9,false
Cu110,formaldehyde,r2scan,H2CO_Cu110,,false,potential_mismatch,Complex and reference PAW potential identities differ or are missing; energy retained only as diagnostic,0.09443349,/pscratch/sd/j/jcho5/VASP/dft_jobs/H2CO_Cu110/singlepoint/r2scan,0,/pscratch/sd/j/jcho5/VASP/vasp_slab/Cu110/r2scan,/pscratch/sd/j/jcho5/VASP/vasp_mol/H2CO/r2scan,-271.80554856,-248.0324956,-23.86748645,1000,500,converged,1485ec5f0198e20809b080afb7a109ff3a0f0bbcee5cba9c6dff099a255f90e9,false
Cu110,formaldehyde,beef_vdw,H2CO_Cu110,,false,potential_mismatch,Complex and reference PAW potential identities differ or are missing; energy retained only as diagnostic,-30.99906694,/pscratch/sd/j/jcho5/VASP/dft_jobs/H2CO_Cu110/singlepoint/beef_vdw,0,/pscratch/sd/j/jcho5/VASP/vasp_slab/Cu110/beef_vdw,/pscratch/sd/j/jcho5/VASP/vasp_mol/H2CO/beef_vdw,-20.1607688,29.98519073,-19.14689259,1000,500,converged,1485ec5f0198e20809b080afb7a109ff3a0f0bbcee5cba9c6dff099a255f90e9,false
Cu111,formaldehyde,pbe,H2CO_Cu111,,false,ok,NSW=0 complex; converged relaxed references; matching composition,-0.0683469,/pscratch/sd/j/jcho5/VASP/dft_jobs/H2CO_Cu111/singlepoint/PBE,0,/pscratch/sd/j/jcho5/VASP/completion_runs/matched_potential_slabs_20260915/slab/Cu111_28f90def6e/pbe,/pscratch/sd/j/jcho5/VASP/vasp_mol/H2CO/PBE,-246.28144126,-224.08285313,-22.13024123,500,500,converged,ceb3e989f17800abf79215a501c5b2d2af92216d268a9ec28edc80c71e6e1279,true
Cu111,formaldehyde,pbe_d3,H2CO_Cu111,,false,ok,NSW=0 complex; converged relaxed references; matching composition,-0.18060774,/pscratch/sd/j/jcho5/VASP/dft_jobs/H2CO_Cu111/singlepoint/PBE_D3,0,/pscratch/sd/j/jcho5/VASP/completion_runs/matched_potential_slabs_20260915/slab/Cu111_6058af94f0/pbe_d3,/pscratch/sd/j/jcho5/VASP/vasp_mol/H2CO/PBE_D3,-268.88564216,-246.56952283,-22.13551159,500,500,converged,ceb3e989f17800abf79215a501c5b2d2af92216d268a9ec28edc80c71e6e1279,true
Cu111,formaldehyde,r2scan,H2CO_Cu111,,false,ok,NSW=0 complex; converged relaxed references; matching composition,0.04595148,/pscratch/sd/j/jcho5/VASP/dft_jobs/H2CO_Cu111/singlepoint/r2scan,0,/pscratch/sd/j/jcho5/VASP/completion_runs/matched_potential_slabs_20260915/slab/Cu111_96724abedd/r2scan,/pscratch/sd/j/jcho5/VASP/vasp_mol/H2CO/r2scan,-699.25175215,-675.43021718,-23.86748645,500,500,converged,ceb3e989f17800abf79215a501c5b2d2af92216d268a9ec28edc80c71e6e1279,true
Cu111,formaldehyde,beef_vdw,H2CO_Cu111,,false,ok,NSW=0 complex; converged relaxed references; matching composition,-0.23003801,/pscratch/sd/j/jcho5/VASP/dft_jobs/H2CO_Cu111/singlepoint/beef_vdw,0,/pscratch/sd/j/jcho5/VASP/completion_runs/matched_potential_slabs_20260915/slab/Cu111_11f50e50d8/beef_vdw,/pscratch/sd/j/jcho5/VASP/vasp_mol/H2CO/beef_vdw,-33.97687375,-14.59994315,-19.14689259,500,500,converged,ceb3e989f17800abf79215a501c5b2d2af92216d268a9ec28edc80c71e6e1279,true
Ir100,formaldehyde,pbe,H2CO_Ir100,,false,ok,NSW=0 complex; converged relaxed references; matching composition,-1.20864388,/pscratch/sd/j/jcho5/VASP/dft_jobs/H2CO_Ir100/singlepoint/PBE,0,/pscratch/sd/j/jcho5/VASP/vasp_slab/Ir100/PBE,/pscratch/sd/j/jcho5/VASP/vasp_mol/H2CO/PBE,-317.73989925,-294.40101414,-22.13024123,1000,500,converged,75e809c0a1189f6f6d60384f45523d191dac829133c350a924869a7270550c02,true
Ir100,formaldehyde,pbe_d3,H2CO_Ir100,,false,ok,NSW=0 complex; converged relaxed references; matching composition,-1.5390001,/pscratch/sd/j/jcho5/VASP/dft_jobs/H2CO_Ir100/singlepoint/PBE_D3,0,/pscratch/sd/j/jcho5/VASP/vasp_slab/Ir100/PBE_D3,/pscratch/sd/j/jcho5/VASP/vasp_mol/H2CO/PBE_D3,-335.27696147,-311.60244978,-22.13551159,1000,500,converged,75e809c0a1189f6f6d60384f45523d191dac829133c350a924869a7270550c02,true
Ir100,formaldehyde,r2scan,H2CO_Ir100,,false,ok,NSW=0 complex; converged relaxed references; matching composition,-1.49204063,/pscratch/sd/j/jcho5/VASP/dft_jobs/H2CO_Ir100/singlepoint/r2scan,0,/pscratch/sd/j/jcho5/VASP/completion_runs/site_gapfill_20260914/slab/C2H4_Ir100/r2scan,/pscratch/sd/j/jcho5/VASP/vasp_mol/H2CO/r2scan,-1884.02501183,-1858.66548475,-23.86748645,1000,500,converged,75e809c0a1189f6f6d60384f45523d191dac829133c350a924869a7270550c02,true
Ir100,formaldehyde,beef_vdw,H2CO_Ir100,,false,complex_unconverged,electronic_unconverged,,/pscratch/sd/j/jcho5/VASP/dft_jobs/H2CO_Ir100/singlepoint/beef_vdw,0,/pscratch/sd/j/jcho5/VASP/vasp_slab/Ir100/beef_vdw,/pscratch/sd/j/jcho5/VASP/vasp_mol/H2CO/beef_vdw,-198.66696738,-183.01756659,-19.14689259,1000,500,electronic_unconverged,75e809c0a1189f6f6d60384f45523d191dac829133c350a924869a7270550c02,false
Ir110,formaldehyde,pbe,H2CO_Ir110,,false,complex_unconverged,electronic_unconverged,,/pscratch/sd/j/jcho5/VASP/dft_jobs/H2CO_Ir110/singlepoint/PBE,0,/pscratch/sd/j/jcho5/VASP/vasp_slab/Ir110/PBE,/pscratch/sd/j/jcho5/VASP/vasp_mol/H2CO/PBE,-209.58469266,-185.79278571,-22.13024123,1000,500,electronic_unconverged,9ee46eb2e2eb59ab5562fadd02190d2593a087d988ed4323a7c2de28e146dd69,false
Ir110,formaldehyde,pbe_d3,H2CO_Ir110,,false,complex_unconverged,electronic_unconverged,,/pscratch/sd/j/jcho5/VASP/dft_jobs/H2CO_Ir110/singlepoint/PBE_D3,0,/pscratch/sd/j/jcho5/VASP/vasp_slab/Ir110/PBE_D3,/pscratch/sd/j/jcho5/VASP/vasp_mol/H2CO/PBE_D3,-219.22978229,-195.1382215,-22.13551159,1000,500,electronic_unconverged,9ee46eb2e2eb59ab5562fadd02190d2593a087d988ed4323a7c2de28e146dd69,false
Ir110,formaldehyde,r2scan,H2CO_Ir110,,false,ok,NSW=0 complex; converged relaxed references; matching composition,-1.70111068,/pscratch/sd/j/jcho5/VASP/dft_jobs/H2CO_Ir110/singlepoint/r2scan,0,/pscratch/sd/j/jcho5/VASP/vasp_slab/Ir110/r2scan,/pscratch/sd/j/jcho5/VASP/vasp_mol/H2CO/r2scan,-1254.2453488,-1228.67675167,-23.86748645,1000,500,converged,9ee46eb2e2eb59ab5562fadd02190d2593a087d988ed4323a7c2de28e146dd69,true
Ir110,formaldehyde,beef_vdw,H2CO_Ir110,,false,ok,NSW=0 complex; converged relaxed references; matching composition,-1.66812451,/pscratch/sd/j/jcho5/VASP/dft_jobs/H2CO_Ir110/singlepoint/beef_vdw,0,/pscratch/sd/j/jcho5/VASP/vasp_slab/Ir110/beef_vdw,/pscratch/sd/j/jcho5/VASP/vasp_mol/H2CO/beef_vdw,-132.06751464,-111.25249754,-19.14689259,1000,500,converged,9ee46eb2e2eb59ab5562fadd02190d2593a087d988ed4323a7c2de28e146dd69,true
Ir111,formaldehyde,pbe,H2CO_Ir111,,false,ok,NSW=0 complex; converged relaxed references; matching composition,-0.22111016,/pscratch/sd/j/jcho5/VASP/dft_jobs/H2CO_Ir111/singlepoint/PBE,0,/pscratch/sd/j/jcho5/VASP/vasp_slab/Ir111/PBE,/pscratch/sd/j/jcho5/VASP/vasp_mol/H2CO/PBE,-560.66329429,-538.3119429,-22.13024123,1000,500,converged,f7c68e31851aacdd0006272265c6e71e0ed57685de7fac3938d92323555600fb,true
Ir111,formaldehyde,pbe_d3,H2CO_Ir111,,false,ok,NSW=0 complex; converged relaxed references; matching composition,-0.33927872,/pscratch/sd/j/jcho5/VASP/dft_jobs/H2CO_Ir111/singlepoint/PBE_D3,0,/pscratch/sd/j/jcho5/VASP/vasp_slab/Ir111/PBE_D3,/pscratch/sd/j/jcho5/VASP/vasp_mol/H2CO/PBE_D3,-593.25783426,-570.78304395,-22.13551159,1000,500,converged,f7c68e31851aacdd0006272265c6e71e0ed57685de7fac3938d92323555600fb,true
Ir111,formaldehyde,r2scan,H2CO_Ir111,,false,ok,NSW=0 complex; converged relaxed references; matching composition,-0.25691338,/pscratch/sd/j/jcho5/VASP/dft_jobs/H2CO_Ir111/singlepoint/r2scan,0,/pscratch/sd/j/jcho5/VASP/vasp_slab/Ir111/r2scan,/pscratch/sd/j/jcho5/VASP/vasp_mol/H2CO/r2scan,-3344.80754192,-3320.68314209,-23.86748645,1000,500,converged,f7c68e31851aacdd0006272265c6e71e0ed57685de7fac3938d92323555600fb,true
Ir111,formaldehyde,beef_vdw,H2CO_Ir111,,false,ok,NSW=0 complex; converged relaxed references; matching composition,-0.41431549,/pscratch/sd/j/jcho5/VASP/dft_jobs/H2CO_Ir111/singlepoint/beef_vdw,0,/pscratch/sd/j/jcho5/VASP/vasp_slab/Ir111/beef_vdw,/pscratch/sd/j/jcho5/VASP/vasp_mol/H2CO/beef_vdw,-359.048178,-339.48696992,-19.14689259,1000,500,converged,f7c68e31851aacdd0006272265c6e71e0ed57685de7fac3938d92323555600fb,true
Pd100,formaldehyde,pbe,H2CO_Pd100,,false,potential_mismatch,Complex and reference PAW potential identities differ or are missing; energy retained only as diagnostic,-0.71017139,/pscratch/sd/j/jcho5/VASP/dft_jobs/H2CO_Pd100/singlepoint/PBE,0,/pscratch/sd/j/jcho5/VASP/vasp_slab/Pd100/PBE,/pscratch/sd/j/jcho5/VASP/vasp_mol/H2CO/PBE,-198.14220514,-175.30179252,-22.13024123,1000,500,converged,58668ad97307f941721334a1178597c5c3ceccaed6a31b0e6c68dca7b65e5189,false
Pd100,formaldehyde,pbe_d3,H2CO_Pd100,,false,potential_mismatch,Complex and reference PAW potential identities differ or are missing; energy retained only as diagnostic,-0.98267226,/pscratch/sd/j/jcho5/VASP/dft_jobs/H2CO_Pd100/singlepoint/PBE_D3,0,/pscratch/sd/j/jcho5/VASP/vasp_slab/Pd100/PBE_D3,/pscratch/sd/j/jcho5/VASP/vasp_mol/H2CO/PBE_D3,-212.57859066,-189.46040681,-22.13551159,1000,500,converged,58668ad97307f941721334a1178597c5c3ceccaed6a31b0e6c68dca7b65e5189,false
Pd100,formaldehyde,r2scan,H2CO_Pd100,,false,ok,NSW=0 complex; converged relaxed references; matching composition,-0.78554698,/pscratch/sd/j/jcho5/VASP/dft_jobs/H2CO_Pd100/singlepoint/r2scan,0,/pscratch/sd/j/jcho5/VASP/completion_runs/matched_potential_slabs_20260915/slab/Pd100_25986b23a9/r2scan,/pscratch/sd/j/jcho5/VASP/vasp_mol/H2CO/r2scan,-837.12216666,-812.46913323,-23.86748645,500,500,converged,58668ad97307f941721334a1178597c5c3ceccaed6a31b0e6c68dca7b65e5189,true
Pd100,formaldehyde,beef_vdw,H2CO_Pd100,,false,ok,NSW=0 complex; converged relaxed references; matching composition,-0.38181194,/pscratch/sd/j/jcho5/VASP/dft_jobs/H2CO_Pd100/singlepoint/beef_vdw,0,/pscratch/sd/j/jcho5/VASP/completion_runs/matched_potential_slabs_20260915/slab/Pd100_b7d9b89afa/beef_vdw,/pscratch/sd/j/jcho5/VASP/vasp_mol/H2CO/beef_vdw,-72.6982546,-53.16955007,-19.14689259,500,500,converged,58668ad97307f941721334a1178597c5c3ceccaed6a31b0e6c68dca7b65e5189,true
Pd110,formaldehyde,pbe,H2CO_Pd110,,false,potential_mismatch,Complex and reference PAW potential identities differ or are missing; energy retained only as diagnostic,-0.82392277,/pscratch/sd/j/jcho5/VASP/dft_jobs/H2CO_Pd110/singlepoint/PBE,0,/pscratch/sd/j/jcho5/VASP/vasp_slab/Pd110/PBE,/pscratch/sd/j/jcho5/VASP/vasp_mol/H2CO/PBE,-133.78834345,-110.83417945,-22.13024123,1000,500,converged,42f9f8786c1522f3d5b21f1da64646daff4ca8a79b62631ee9f9b4c6b894012c,false
Pd110,formaldehyde,pbe_d3,H2CO_Pd110,,false,potential_mismatch,Complex and reference PAW potential identities differ or are missing; energy retained only as diagnostic,-1.14145076,/pscratch/sd/j/jcho5/VASP/dft_jobs/H2CO_Pd110/singlepoint/PBE_D3,0,/pscratch/sd/j/jcho5/VASP/vasp_slab/Pd110/PBE_D3,/pscratch/sd/j/jcho5/VASP/vasp_mol/H2CO/PBE_D3,-141.8000964,-118.52313405,-22.13551159,1000,500,converged,42f9f8786c1522f3d5b21f1da64646daff4ca8a79b62631ee9f9b4c6b894012c,false
Pd110,formaldehyde,r2scan,H2CO_Pd110,,false,ok,NSW=0 complex; converged relaxed references; matching composition,-0.90072359,/pscratch/sd/j/jcho5/VASP/dft_jobs/H2CO_Pd110/singlepoint/r2scan,0,/pscratch/sd/j/jcho5/VASP/completion_runs/matched_potential_slabs_20260915/slab/Pd110_2eb6224610/r2scan,/pscratch/sd/j/jcho5/VASP/vasp_mol/H2CO/r2scan,-559.80218269,-535.03397265,-23.86748645,500,500,converged,42f9f8786c1522f3d5b21f1da64646daff4ca8a79b62631ee9f9b4c6b894012c,true
Pd110,formaldehyde,beef_vdw,H2CO_Pd110,,false,ok,NSW=0 complex; converged relaxed references; matching composition,-0.70650766,/pscratch/sd/j/jcho5/VASP/dft_jobs/H2CO_Pd110/singlepoint/beef_vdw,0,/pscratch/sd/j/jcho5/VASP/completion_runs/matched_potential_slabs_20260915/slab/Pd110_7655ac7da9/beef_vdw,/pscratch/sd/j/jcho5/VASP/vasp_mol/H2CO/beef_vdw,-49.21368742,-29.36028717,-19.14689259,500,500,converged,42f9f8786c1522f3d5b21f1da64646daff4ca8a79b62631ee9f9b4c6b894012c,true
Pd111,formaldehyde,pbe,H2CO_Pd111,,false,ok,NSW=0 complex; converged relaxed references; matching composition,-0.11627958,/pscratch/sd/j/jcho5/VASP/dft_jobs/H2CO_Pd111/singlepoint/PBE,0,/pscratch/sd/j/jcho5/VASP/completion_runs/matched_potential_slabs_20260915/slab/Pd111_ffc3f47166/pbe,/pscratch/sd/j/jcho5/VASP/vasp_mol/H2CO/PBE,-200.37621984,-178.12969903,-22.13024123,500,500,converged,2dbc149bf84f333d1a7f6e43f1927f3cfd8916c0c0ea177d69b040f82f2be4b6,true
Pd111,formaldehyde,pbe_d3,H2CO_Pd111,,false,ok,NSW=0 complex; converged relaxed references; matching composition,-0.32994318,/pscratch/sd/j/jcho5/VASP/dft_jobs/H2CO_Pd111/singlepoint/PBE_D3,0,/pscratch/sd/j/jcho5/VASP/completion_runs/matched_potential_slabs_20260915/slab/Pd111_0333765c8d/pbe_d3,/pscratch/sd/j/jcho5/VASP/vasp_mol/H2CO/PBE_D3,-215.52857647,-193.0631217,-22.13551159,500,500,converged,2dbc149bf84f333d1a7f6e43f1927f3cfd8916c0c0ea177d69b040f82f2be4b6,true
Pd111,formaldehyde,r2scan,H2CO_Pd111,,false,reference_unavailable,No converged relaxed references with matching functional/composition,,/pscratch/sd/j/jcho5/VASP/dft_jobs/H2CO_Pd111/singlepoint/r2scan,0,,/pscratch/sd/j/jcho5/VASP/vasp_mol/H2CO/r2scan,-839.74895905,,-23.86748645,,500,converged,2dbc149bf84f333d1a7f6e43f1927f3cfd8916c0c0ea177d69b040f82f2be4b6,false
Pd111,formaldehyde,beef_vdw,H2CO_Pd111,,false,ok,NSW=0 complex; converged relaxed references; matching composition,-0.23669811,/pscratch/sd/j/jcho5/VASP/dft_jobs/H2CO_Pd111/singlepoint/beef_vdw,0,/pscratch/sd/j/jcho5/VASP/completion_runs/matched_potential_slabs_20260915/slab/Pd111_f1f527eac1/beef_vdw,/pscratch/sd/j/jcho5/VASP/vasp_mol/H2CO/beef_vdw,-74.83799518,-55.45440448,-19.14689259,500,500,converged,2dbc149bf84f333d1a7f6e43f1927f3cfd8916c0c0ea177d69b040f82f2be4b6,true
Pt100,formaldehyde,pbe,H2CO_Pt100,,false,potential_mismatch,Complex and reference PAW potential identities differ or are missing; energy retained only as diagnostic,-1.14713608,/pscratch/sd/j/jcho5/VASP/dft_jobs/H2CO_Pt100/singlepoint/PBE,0,/pscratch/sd/j/jcho5/VASP/vasp_slab/Pt100/PBE,/pscratch/sd/j/jcho5/VASP/vasp_mol/H2CO/PBE,-226.30450591,-203.0271286,-22.13024123,1000,500,converged,7504e150f4c394480ba009f62e9d2f3686a7b214c683a40b1eba2ecacf51651e,false
Pt100,formaldehyde,pbe_d3,H2CO_Pt100,,false,potential_mismatch,Complex and reference PAW potential identities differ or are missing; energy retained only as diagnostic,-1.46725736,/pscratch/sd/j/jcho5/VASP/dft_jobs/H2CO_Pt100/singlepoint/PBE_D3,0,/pscratch/sd/j/jcho5/VASP/vasp_slab/Pt100/PBE_D3,/pscratch/sd/j/jcho5/VASP/vasp_mol/H2CO/PBE_D3,-245.6384442,-222.03567525,-22.13551159,1000,500,converged,7504e150f4c394480ba009f62e9d2f3686a7b214c683a40b1eba2ecacf51651e,false
Pt100,formaldehyde,r2scan,H2CO_Pt100,,false,potential_mismatch,Complex and reference PAW potential identities differ or are missing; energy retained only as diagnostic,-1.61904984,/pscratch/sd/j/jcho5/VASP/dft_jobs/H2CO_Pt100/singlepoint/r2scan,0,/pscratch/sd/j/jcho5/VASP/vasp_slab/Pt100/r2scan,/pscratch/sd/j/jcho5/VASP/vasp_mol/H2CO/r2scan,-1861.17789527,-1835.69135898,-23.86748645,1000,500,converged,7504e150f4c394480ba009f62e9d2f3686a7b214c683a40b1eba2ecacf51651e,false
Pt100,formaldehyde,beef_vdw,H2CO_Pt100,,false,potential_mismatch,Complex and reference PAW potential identities differ or are missing; energy retained only as diagnostic,-34.46759673,/pscratch/sd/j/jcho5/VASP/dft_jobs/H2CO_Pt100/singlepoint/beef_vdw,0,/pscratch/sd/j/jcho5/VASP/vasp_slab/Pt100/beef_vdw,/pscratch/sd/j/jcho5/VASP/vasp_mol/H2CO/beef_vdw,-113.65778878,-60.04329946,-19.14689259,1000,500,converged,7504e150f4c394480ba009f62e9d2f3686a7b214c683a40b1eba2ecacf51651e,false
Pt110,formaldehyde,pbe,H2CO_Pt110,,false,potential_mismatch,Complex and reference PAW potential identities differ or are missing; energy retained only as diagnostic,-1.34930273,/pscratch/sd/j/jcho5/VASP/dft_jobs/H2CO_Pt110/singlepoint/PBE,0,/pscratch/sd/j/jcho5/VASP/vasp_slab/Pt110/PBE,/pscratch/sd/j/jcho5/VASP/vasp_mol/H2CO/PBE,-151.78050718,-128.30096322,-22.13024123,1000,500,converged,03dd76bd79a42cbdec4dac87382d6bb8a478188ba84e5c9ac3d9e8adf87435ea,false
Pt110,formaldehyde,pbe_d3,H2CO_Pt110,,false,potential_mismatch,Complex and reference PAW potential identities differ or are missing; energy retained only as diagnostic,-1.78566544,/pscratch/sd/j/jcho5/VASP/dft_jobs/H2CO_Pt110/singlepoint/PBE_D3,0,/pscratch/sd/j/jcho5/VASP/vasp_slab/Pt110/PBE_D3,/pscratch/sd/j/jcho5/VASP/vasp_mol/H2CO/PBE_D3,-162.49432472,-138.57314769,-22.13551159,1000,500,converged,03dd76bd79a42cbdec4dac87382d6bb8a478188ba84e5c9ac3d9e8adf87435ea,false
Pt110,formaldehyde,r2scan,H2CO_Pt110,,false,potential_mismatch,Complex and reference PAW potential identities differ or are missing; energy retained only as diagnostic,-1.65250096,/pscratch/sd/j/jcho5/VASP/dft_jobs/H2CO_Pt110/singlepoint/r2scan,0,/pscratch/sd/j/jcho5/VASP/vasp_slab/Pt110/r2scan,/pscratch/sd/j/jcho5/VASP/vasp_mol/H2CO/r2scan,-1241.60629446,-1216.08630705,-23.86748645,1000,500,converged,03dd76bd79a42cbdec4dac87382d6bb8a478188ba84e5c9ac3d9e8adf87435ea,false
Pt110,formaldehyde,beef_vdw,H2CO_Pt110,,false,potential_mismatch,Complex and reference PAW potential identities differ or are missing; energy retained only as diagnostic,-23.63772167,/pscratch/sd/j/jcho5/VASP/dft_jobs/H2CO_Pt110/singlepoint/beef_vdw,0,/pscratch/sd/j/jcho5/VASP/vasp_slab/Pt110/beef_vdw,/pscratch/sd/j/jcho5/VASP/vasp_mol/H2CO/beef_vdw,-75.46418292,-32.67956866,-19.14689259,1000,500,converged,03dd76bd79a42cbdec4dac87382d6bb8a478188ba84e5c9ac3d9e8adf87435ea,false
Pt111,formaldehyde,pbe,H2CO_Pt111_top,top,false,ok,NSW=0 complex; converged relaxed references; matching composition,0.1243117,/pscratch/sd/j/jcho5/VASP/dft_jobs/H2CO_Pt111_top/singlepoint/PBE,0,/pscratch/sd/j/jcho5/VASP/completion_runs/matched_potential_slabs_20260915/slab/Pt111_ac28ddddd3/pbe,/pscratch/sd/j/jcho5/VASP/vasp_mol/H2CO/PBE,-230.70185277,-208.69592324,-22.13024123,500,500,converged,c4d4449ad24afea883397b48caf8e6aa6dd47fd1eed259b3f2301048eeaed676,true
Pt111,formaldehyde,pbe_d3,H2CO_Pt111_top,top,false,ok,NSW=0 complex; converged relaxed references; matching composition,-0.15335024,/pscratch/sd/j/jcho5/VASP/dft_jobs/H2CO_Pt111_top/singlepoint/PBE_D3,0,/pscratch/sd/j/jcho5/VASP/completion_runs/matched_potential_slabs_20260915/slab/Pt111_c3286ec1f4/pbe_d3,/pscratch/sd/j/jcho5/VASP/vasp_mol/H2CO/PBE_D3,-250.88562881,-228.59676698,-22.13551159,500,500,converged,c4d4449ad24afea883397b48caf8e6aa6dd47fd1eed259b3f2301048eeaed676,true
Pt111,formaldehyde,r2scan,H2CO_Pt111_top,top,false,reference_unavailable,No converged relaxed references with matching functional/composition,,/pscratch/sd/j/jcho5/VASP/dft_jobs/H2CO_Pt111_top/singlepoint/r2scan,0,,/pscratch/sd/j/jcho5/VASP/vasp_mol/H2CO/r2scan,-1865.58188816,,-23.86748645,,500,converged,c4d4449ad24afea883397b48caf8e6aa6dd47fd1eed259b3f2301048eeaed676,false
Pt111,formaldehyde,beef_vdw,H2CO_Pt111_top,top,false,complex_unconverged,electronic_unconverged,,/pscratch/sd/j/jcho5/VASP/dft_jobs/H2CO_Pt111_top/singlepoint/beef_vdw,0,,/pscratch/sd/j/jcho5/VASP/vasp_mol/H2CO/beef_vdw,-117.36039436,,-19.14689259,,500,electronic_unconverged,c4d4449ad24afea883397b48caf8e6aa6dd47fd1eed259b3f2301048eeaed676,false
Rh100,formaldehyde,pbe,H2CO_Rh100,,false,potential_mismatch,Complex and reference PAW potential identities differ or are missing; energy retained only as diagnostic,-1.32586984,/pscratch/sd/j/jcho5/VASP/dft_jobs/H2CO_Rh100/singlepoint/PBE,0,/pscratch/sd/j/jcho5/VASP/vasp_slab/Rh100/PBE,/pscratch/sd/j/jcho5/VASP/vasp_mol/H2CO/PBE,-265.73245114,-242.27634007,-22.13024123,1000,500,converged,e4c7ad26f8857f102aba6e922da60ab254c20f83493f1f042109e96cbb646102,false
Rh100,formaldehyde,pbe_d3,H2CO_Rh100,,false,potential_mismatch,Complex and reference PAW potential identities differ or are missing; energy retained only as diagnostic,-1.61719719,/pscratch/sd/j/jcho5/VASP/dft_jobs/H2CO_Rh100/singlepoint/PBE_D3,0,/pscratch/sd/j/jcho5/VASP/vasp_slab/Rh100/PBE_D3,/pscratch/sd/j/jcho5/VASP/vasp_mol/H2CO/PBE_D3,-279.82814937,-256.07544059,-22.13551159,1000,500,converged,e4c7ad26f8857f102aba6e922da60ab254c20f83493f1f042109e96cbb646102,false
Rh100,formaldehyde,r2scan,H2CO_Rh100,,false,ok,NSW=0 complex; converged relaxed references; matching composition,-1.21025468,/pscratch/sd/j/jcho5/VASP/dft_jobs/H2CO_Rh100/singlepoint/r2scan,0,/pscratch/sd/j/jcho5/VASP/completion_runs/matched_potential_slabs_20260915/slab/Rh100_84c2195556/r2scan,/pscratch/sd/j/jcho5/VASP/vasp_mol/H2CO/r2scan,-873.45540621,-848.37766508,-23.86748645,500,500,converged,e4c7ad26f8857f102aba6e922da60ab254c20f83493f1f042109e96cbb646102,true
Rh100,formaldehyde,beef_vdw,H2CO_Rh100,,false,ok,NSW=0 complex; converged relaxed references; matching composition,-0.95103751,/pscratch/sd/j/jcho5/VASP/dft_jobs/H2CO_Rh100/singlepoint/beef_vdw,0,/pscratch/sd/j/jcho5/VASP/completion_runs/matched_potential_slabs_20260915/slab/Rh100_b2891dc541/beef_vdw,/pscratch/sd/j/jcho5/VASP/vasp_mol/H2CO/beef_vdw,-150.5913664,-130.4934363,-19.14689259,500,500,converged,e4c7ad26f8857f102aba6e922da60ab254c20f83493f1f042109e96cbb646102,true
Rh110,formaldehyde,pbe,H2CO_Rh110,,false,potential_mismatch,Complex and reference PAW potential identities differ or are missing; energy retained only as diagnostic,-1.79518376,/pscratch/sd/j/jcho5/VASP/dft_jobs/H2CO_Rh110/singlepoint/PBE,0,/pscratch/sd/j/jcho5/VASP/vasp_slab/Rh110/PBE,/pscratch/sd/j/jcho5/VASP/vasp_mol/H2CO/PBE,-176.98338429,-153.0579593,-22.13024123,1000,500,converged,7afb0364cee09e0e462884b02e49d2ad13258bafe0dc397730697d5311de862b,false
Rh110,formaldehyde,pbe_d3,H2CO_Rh110,,false,potential_mismatch,Complex and reference PAW potential identities differ or are missing; energy retained only as diagnostic,-2.15254924,/pscratch/sd/j/jcho5/VASP/dft_jobs/H2CO_Rh110/singlepoint/PBE_D3,0,/pscratch/sd/j/jcho5/VASP/vasp_slab/Rh110/PBE_D3,/pscratch/sd/j/jcho5/VASP/vasp_mol/H2CO/PBE_D3,-184.7762599,-160.48819907,-22.13551159,1000,500,converged,7afb0364cee09e0e462884b02e49d2ad13258bafe0dc397730697d5311de862b,false
Rh110,formaldehyde,r2scan,H2CO_Rh110,,false,ok,NSW=0 complex; converged relaxed references; matching composition,-1.5348312,/pscratch/sd/j/jcho5/VASP/dft_jobs/H2CO_Rh110/singlepoint/r2scan,0,/pscratch/sd/j/jcho5/VASP/completion_runs/matched_potential_slabs_20260915/slab/Rh110_43367cbc6c/r2scan,/pscratch/sd/j/jcho5/VASP/vasp_mol/H2CO/r2scan,-583.73130821,-558.32899056,-23.86748645,500,500,converged,7afb0364cee09e0e462884b02e49d2ad13258bafe0dc397730697d5311de862b,true
Rh110,formaldehyde,beef_vdw,H2CO_Rh110,,false,ok,NSW=0 complex; converged relaxed references; matching composition,-1.40083367,/pscratch/sd/j/jcho5/VASP/dft_jobs/H2CO_Rh110/singlepoint/beef_vdw,0,/pscratch/sd/j/jcho5/VASP/completion_runs/matched_potential_slabs_20260915/slab/Rh110_a6be9fa2b9/beef_vdw,/pscratch/sd/j/jcho5/VASP/vasp_mol/H2CO/beef_vdw,-99.24021502,-78.69248876,-19.14689259,500,500,converged,7afb0364cee09e0e462884b02e49d2ad13258bafe0dc397730697d5311de862b,true
Rh111,formaldehyde,pbe,H2CO_Rh111,,false,potential_mismatch,Complex and reference PAW potential identities differ or are missing; energy retained only as diagnostic,-1.24147022,/pscratch/sd/j/jcho5/VASP/dft_jobs/H2CO_Rh111/singlepoint/PBE,0,/pscratch/sd/j/jcho5/VASP/vasp_slab/Rh111/PBE,/pscratch/sd/j/jcho5/VASP/vasp_mol/H2CO/PBE,-462.52165434,-439.14994289,-22.13024123,1000,500,converged,0a025983ab2523f741b010ea59edfea38d73fb1587ff049c823a417753a01e01,false
Rh111,formaldehyde,pbe_d3,H2CO_Rh111,,false,potential_mismatch,Complex and reference PAW potential identities differ or are missing; energy retained only as diagnostic,-1.34161804,/pscratch/sd/j/jcho5/VASP/dft_jobs/H2CO_Rh111/singlepoint/PBE_D3,0,/pscratch/sd/j/jcho5/VASP/vasp_slab/Rh111/PBE_D3,/pscratch/sd/j/jcho5/VASP/vasp_mol/H2CO/PBE_D3,-488.73855016,-465.26142053,-22.13551159,1000,500,converged,0a025983ab2523f741b010ea59edfea38d73fb1587ff049c823a417753a01e01,false
Rh111,formaldehyde,r2scan,H2CO_Rh111,,false,potential_mismatch,Complex and reference PAW potential identities differ or are missing; energy retained only as diagnostic,-1.49492051,/pscratch/sd/j/jcho5/VASP/dft_jobs/H2CO_Rh111/singlepoint/r2scan,0,/pscratch/sd/j/jcho5/VASP/vasp_slab/Rh111/r2scan,/pscratch/sd/j/jcho5/VASP/vasp_mol/H2CO/r2scan,-1542.25232011,-1516.88991315,-23.86748645,1000,500,converged,0a025983ab2523f741b010ea59edfea38d73fb1587ff049c823a417753a01e01,false
Rh111,formaldehyde,beef_vdw,H2CO_Rh111,,false,ok,NSW=0 complex; converged relaxed references; matching composition,-0.69440593,/pscratch/sd/j/jcho5/VASP/dft_jobs/H2CO_Rh111/singlepoint/beef_vdw,0,/pscratch/sd/j/jcho5/VASP/completion_runs/matched_potential_slabs_20260915/slab/Rh111_f89b45c425/beef_vdw,/pscratch/sd/j/jcho5/VASP/vasp_mol/H2CO/beef_vdw,-259.52609902,-239.6848005,-19.14689259,500,500,converged,0a025983ab2523f741b010ea59edfea38d73fb1587ff049c823a417753a01e01,true
Ag100,H2O,pbe,H2O_Ag100,,false,potential_mismatch,Complex and reference PAW potential identities differ or are missing; energy retained only as diagnostic,-0.7895441,/pscratch/sd/j/jcho5/VASP/dft_jobs/H2O_Ag100/singlepoint/PBE,0,/pscratch/sd/j/jcho5/VASP/vasp_slab/Ag100/PBE,/pscratch/sd/j/jcho5/VASP/vasp_mol/H2O/PBE,-105.13139111,-90.12407184,-14.21777517,1000,500,converged,e866e420061034527f3812060ee5715b47d79033f4b4e69c02fe6b4265b8a785,false
Ag100,H2O,pbe_d3,H2O_Ag100,,false,potential_mismatch,Complex and reference PAW potential identities differ or are missing; energy retained only as diagnostic,-0.87509553,/pscratch/sd/j/jcho5/VASP/dft_jobs/H2O_Ag100/singlepoint/PBE_D3,0,/pscratch/sd/j/jcho5/VASP/vasp_slab/Ag100/PBE_D3,/pscratch/sd/j/jcho5/VASP/vasp_mol/H2O/PBE_D3,-117.49334381,-102.4003605,-14.21788778,1000,500,converged,e866e420061034527f3812060ee5715b47d79033f4b4e69c02fe6b4265b8a785,false
Ag100,H2O,r2scan,H2O_Ag100,,false,potential_mismatch,Complex and reference PAW potential identities differ or are missing; energy retained only as diagnostic,-1.2488625,/pscratch/sd/j/jcho5/VASP/dft_jobs/H2O_Ag100/singlepoint/r2scan,0,/pscratch/sd/j/jcho5/VASP/vasp_slab/Ag100/r2scan,/pscratch/sd/j/jcho5/VASP/vasp_mol/H2O/r2scan,-775.64531211,-759.06403021,-15.3324194,1000,500,converged,e866e420061034527f3812060ee5715b47d79033f4b4e69c02fe6b4265b8a785,false
Ag100,H2O,beef_vdw,H2O_Ag100,,false,potential_mismatch,Complex and reference PAW potential identities differ or are missing; energy retained only as diagnostic,-25.0415054,/pscratch/sd/j/jcho5/VASP/dft_jobs/H2O_Ag100/singlepoint/beef_vdw,0,/pscratch/sd/j/jcho5/VASP/vasp_slab/Ag100/beef_vdw,/pscratch/sd/j/jcho5/VASP/vasp_mol/H2O/beef_vdw,20.49686272,58.04168493,-12.50331681,1000,500,converged,e866e420061034527f3812060ee5715b47d79033f4b4e69c02fe6b4265b8a785,false
Ag110,H2O,pbe,H2O_Ag110,,false,potential_mismatch,Complex and reference PAW potential identities differ or are missing; energy retained only as diagnostic,-0.6439307,/pscratch/sd/j/jcho5/VASP/dft_jobs/H2O_Ag110/singlepoint/PBE,0,/pscratch/sd/j/jcho5/VASP/vasp_slab/Ag110/PBE,/pscratch/sd/j/jcho5/VASP/vasp_mol/H2O/PBE,-72.20701021,-57.34530434,-14.21777517,1000,500,converged,7407192e5e0df422e0bbeb9331aeb52cb41abc9847b16eb319aab80c54db473f,false
Ag110,H2O,pbe_d3,H2O_Ag110,,false,potential_mismatch,Complex and reference PAW potential identities differ or are missing; energy retained only as diagnostic,-0.818837,/pscratch/sd/j/jcho5/VASP/dft_jobs/H2O_Ag110/singlepoint/PBE_D3,0,/pscratch/sd/j/jcho5/VASP/vasp_slab/Ag110/PBE_D3,/pscratch/sd/j/jcho5/VASP/vasp_mol/H2O/PBE_D3,-79.12084548,-64.0841207,-14.21788778,1000,500,converged,7407192e5e0df422e0bbeb9331aeb52cb41abc9847b16eb319aab80c54db473f,false
Ag110,H2O,r2scan,H2O_Ag110,,false,potential_mismatch,Complex and reference PAW potential identities differ or are missing; energy retained only as diagnostic,-1.02077575,/pscratch/sd/j/jcho5/VASP/dft_jobs/H2O_Ag110/singlepoint/r2scan,0,/pscratch/sd/j/jcho5/VASP/vasp_slab/Ag110/r2scan,/pscratch/sd/j/jcho5/VASP/vasp_mol/H2O/r2scan,-519.03343319,-502.68023804,-15.3324194,1000,500,converged,7407192e5e0df422e0bbeb9331aeb52cb41abc9847b16eb319aab80c54db473f,false
Ag110,H2O,beef_vdw,H2O_Ag110,,false,potential_mismatch,Complex and reference PAW potential identities differ or are missing; energy retained only as diagnostic,-16.76922237,/pscratch/sd/j/jcho5/VASP/dft_jobs/H2O_Ag110/singlepoint/beef_vdw,0,/pscratch/sd/j/jcho5/VASP/vasp_slab/Ag110/beef_vdw,/pscratch/sd/j/jcho5/VASP/vasp_mol/H2O/beef_vdw,12.33886451,41.61140369,-12.50331681,1000,500,converged,7407192e5e0df422e0bbeb9331aeb52cb41abc9847b16eb319aab80c54db473f,false
Ag111,H2O,pbe,H2O_Ag111,,false,ok,NSW=0 complex; converged relaxed references; matching composition,-0.0533727,/pscratch/sd/j/jcho5/VASP/dft_jobs/H2O_Ag111/singlepoint/PBE,0,/pscratch/sd/j/jcho5/VASP/completion_runs/matched_potential_slabs_20260915/slab/Ag111_61964c781c/pbe,/pscratch/sd/j/jcho5/VASP/vasp_mol/H2O/PBE,-106.52239556,-92.25124769,-14.21777517,500,500,converged,8055779aa39d283cd2c747c6a722ffd99f904dea610528928d60d28e15340cfe,true
Ag111,H2O,pbe_d3,H2O_Ag111,,false,ok,NSW=0 complex; converged relaxed references; matching composition,-0.05343391,/pscratch/sd/j/jcho5/VASP/dft_jobs/H2O_Ag111/singlepoint/PBE_D3,0,/pscratch/sd/j/jcho5/VASP/completion_runs/matched_potential_slabs_20260915/slab/Ag111_71d4cd48c4/pbe_d3,/pscratch/sd/j/jcho5/VASP/vasp_mol/H2O/PBE_D3,-119.49824003,-105.22691834,-14.21788778,500,500,converged,8055779aa39d283cd2c747c6a722ffd99f904dea610528928d60d28e15340cfe,true
Ag111,H2O,r2scan,H2O_Ag111,,false,ok,NSW=0 complex; converged relaxed references; matching composition,0.01589815,/pscratch/sd/j/jcho5/VASP/dft_jobs/H2O_Ag111/singlepoint/r2scan,0,/pscratch/sd/j/jcho5/VASP/completion_runs/matched_potential_slabs_20260915/slab/Ag111_f9365ca685/r2scan,/pscratch/sd/j/jcho5/VASP/vasp_mol/H2O/r2scan,-777.36357286,-762.04705161,-15.3324194,500,500,converged,8055779aa39d283cd2c747c6a722ffd99f904dea610528928d60d28e15340cfe,true
Ag111,H2O,beef_vdw,H2O_Ag111,,false,ok,NSW=0 complex; converged relaxed references; matching composition,-0.20230538,/pscratch/sd/j/jcho5/VASP/dft_jobs/H2O_Ag111/singlepoint/beef_vdw,0,/pscratch/sd/j/jcho5/VASP/completion_runs/matched_potential_slabs_20260915/slab/Ag111_35207ad13f/beef_vdw,/pscratch/sd/j/jcho5/VASP/vasp_mol/H2O/beef_vdw,19.28811465,31.99373684,-12.50331681,500,500,converged,8055779aa39d283cd2c747c6a722ffd99f904dea610528928d60d28e15340cfe,true
Au100,H2O,pbe,H2O_Au100,,false,reference_unavailable,No converged relaxed references with matching functional/composition,,/pscratch/sd/j/jcho5/VASP/dft_jobs/H2O_Au100/singlepoint/PBE,0,,/pscratch/sd/j/jcho5/VASP/vasp_mol/H2O/PBE,-206.09298315,,-14.21777517,,500,converged,47087d22a1a15f9385ac8b5c912f8356a1b0b456d8dfb8cd3f1cfbc07ef6f9b6,false
Au100,H2O,pbe_d3,H2O_Au100,,false,reference_unavailable,No converged relaxed references with matching functional/composition,,/pscratch/sd/j/jcho5/VASP/dft_jobs/H2O_Au100/singlepoint/PBE_D3,0,,/pscratch/sd/j/jcho5/VASP/vasp_mol/H2O/PBE_D3,-236.31834502,,-14.21788778,,500,converged,47087d22a1a15f9385ac8b5c912f8356a1b0b456d8dfb8cd3f1cfbc07ef6f9b6,false
Au100,H2O,r2scan,H2O_Au100,,false,reference_unavailable,No converged relaxed references with matching functional/composition,,/pscratch/sd/j/jcho5/VASP/dft_jobs/H2O_Au100/singlepoint/r2scan,0,,/pscratch/sd/j/jcho5/VASP/vasp_mol/H2O/r2scan,-3236.24576736,,-15.3324194,,500,converged,47087d22a1a15f9385ac8b5c912f8356a1b0b456d8dfb8cd3f1cfbc07ef6f9b6,false
Au100,H2O,beef_vdw,H2O_Au100,,false,reference_unavailable,No converged relaxed references with matching functional/composition,,/pscratch/sd/j/jcho5/VASP/dft_jobs/H2O_Au100/singlepoint/beef_vdw,0,,/pscratch/sd/j/jcho5/VASP/vasp_mol/H2O/beef_vdw,-7.46129518,,-12.50331681,,500,converged,47087d22a1a15f9385ac8b5c912f8356a1b0b456d8dfb8cd3f1cfbc07ef6f9b6,false
Au110,H2O,pbe,H2O_Au110,,false,reference_unavailable,No converged relaxed references with matching functional/composition,,/pscratch/sd/j/jcho5/VASP/dft_jobs/H2O_Au110/singlepoint/PBE,0,,/pscratch/sd/j/jcho5/VASP/vasp_mol/H2O/PBE,-198.61714979,,-14.21777517,,500,converged,b9c9c2f8421057639c50f915b30f126500ea7d292a04f754f744c1417b97cf62,false
Au110,H2O,pbe_d3,H2O_Au110,,false,reference_unavailable,No converged relaxed references with matching functional/composition,,/pscratch/sd/j/jcho5/VASP/dft_jobs/H2O_Au110/singlepoint/PBE_D3,0,,/pscratch/sd/j/jcho5/VASP/vasp_mol/H2O/PBE_D3,-223.84395962,,-14.21788778,,500,converged,b9c9c2f8421057639c50f915b30f126500ea7d292a04f754f744c1417b97cf62,false
Au110,H2O,r2scan,H2O_Au110,,false,reference_unavailable,No converged relaxed references with matching functional/composition,,/pscratch/sd/j/jcho5/VASP/dft_jobs/H2O_Au110/singlepoint/r2scan,0,,/pscratch/sd/j/jcho5/VASP/vasp_mol/H2O/r2scan,-3227.23824176,,-15.3324194,,500,converged,b9c9c2f8421057639c50f915b30f126500ea7d292a04f754f744c1417b97cf62,false
Au110,H2O,beef_vdw,H2O_Au110,,false,reference_unavailable,No converged relaxed references with matching functional/composition,,/pscratch/sd/j/jcho5/VASP/dft_jobs/H2O_Au110/singlepoint/beef_vdw,0,,/pscratch/sd/j/jcho5/VASP/vasp_mol/H2O/beef_vdw,0.54947119,,-12.50331681,,500,converged,b9c9c2f8421057639c50f915b30f126500ea7d292a04f754f744c1417b97cf62,false
Au111,H2O,pbe,H2O_Au111,,false,reference_unavailable,No converged relaxed references with matching functional/composition,,/pscratch/sd/j/jcho5/VASP/dft_jobs/H2O_Au111/singlepoint/PBE,0,,/pscratch/sd/j/jcho5/VASP/vasp_mol/H2O/PBE,-124.42031033,,-14.21777517,,500,converged,fe00ec5af517ffce69f993357c6c1c4cb8993b4f0f2e791a8570e73c87d71352,false
Au111,H2O,pbe_d3,H2O_Au111,,false,reference_unavailable,No converged relaxed references with matching functional/composition,,/pscratch/sd/j/jcho5/VASP/dft_jobs/H2O_Au111/singlepoint/PBE_D3,0,,/pscratch/sd/j/jcho5/VASP/vasp_mol/H2O/PBE_D3,-142.16866245,,-14.21788778,,500,converged,fe00ec5af517ffce69f993357c6c1c4cb8993b4f0f2e791a8570e73c87d71352,false
Au111,H2O,r2scan,H2O_Au111,,false,reference_unavailable,No converged relaxed references with matching functional/composition,,/pscratch/sd/j/jcho5/VASP/dft_jobs/H2O_Au111/singlepoint/r2scan,0,,/pscratch/sd/j/jcho5/VASP/vasp_mol/H2O/r2scan,-1829.77158246,,-15.3324194,,500,converged,fe00ec5af517ffce69f993357c6c1c4cb8993b4f0f2e791a8570e73c87d71352,false
Au111,H2O,beef_vdw,H2O_Au111,,false,reference_unavailable,No converged relaxed references with matching functional/composition,,/pscratch/sd/j/jcho5/VASP/dft_jobs/H2O_Au111/singlepoint/beef_vdw,0,,/pscratch/sd/j/jcho5/VASP/vasp_mol/H2O/beef_vdw,-11.75474608,,-12.50331681,,500,converged,fe00ec5af517ffce69f993357c6c1c4cb8993b4f0f2e791a8570e73c87d71352,false
Cu100,H2O,pbe,H2O_Cu100,,false,ok,NSW=0 complex; converged relaxed references; matching composition,-0.22711798,/pscratch/sd/j/jcho5/VASP/dft_jobs/H2O_Cu100/singlepoint/PBE,0,/pscratch/sd/j/jcho5/VASP/vasp_slab/Cu100/PBE,/pscratch/sd/j/jcho5/VASP/vasp_mol/H2O/PBE,-234.21171479,-219.76682164,-14.21777517,1000,500,converged,81d2d101e602b472102cc48080ce2b478c28d7b797b75c992f210a3578fd7a32,true
Cu100,H2O,pbe_d3,H2O_Cu100,,false,ok,NSW=0 complex; converged relaxed references; matching composition,-0.39509325,/pscratch/sd/j/jcho5/VASP/dft_jobs/H2O_Cu100/singlepoint/PBE_D3,0,/pscratch/sd/j/jcho5/VASP/vasp_slab/Cu100/PBE_D3,/pscratch/sd/j/jcho5/VASP/vasp_mol/H2O/PBE_D3,-255.45351356,-240.84053253,-14.21788778,1000,500,converged,81d2d101e602b472102cc48080ce2b478c28d7b797b75c992f210a3578fd7a32,true
Cu100,H2O,r2scan,H2O_Cu100,,false,ok,NSW=0 complex; converged relaxed references; matching composition,-0.15442478,/pscratch/sd/j/jcho5/VASP/dft_jobs/H2O_Cu100/singlepoint/r2scan,0,/pscratch/sd/j/jcho5/VASP/vasp_slab/Cu100/r2scan,/pscratch/sd/j/jcho5/VASP/vasp_mol/H2O/r2scan,-685.80333819,-670.31649401,-15.3324194,1000,500,converged,81d2d101e602b472102cc48080ce2b478c28d7b797b75c992f210a3578fd7a32,true
Cu100,H2O,beef_vdw,H2O_Cu100,,false,ok,NSW=0 complex; converged relaxed references; matching composition,-0.25060617,/pscratch/sd/j/jcho5/VASP/dft_jobs/H2O_Cu100/singlepoint/beef_vdw,0,/pscratch/sd/j/jcho5/VASP/completion_runs/site_gapfill_20260914/slab/C2H4_Cu100/beef_vdw,/pscratch/sd/j/jcho5/VASP/vasp_mol/H2O/beef_vdw,-23.33024558,-10.5763226,-12.50331681,1000,500,converged,81d2d101e602b472102cc48080ce2b478c28d7b797b75c992f210a3578fd7a32,true
Cu110,H2O,pbe,H2O_Cu110,,false,potential_mismatch,Complex and reference PAW potential identities differ or are missing; energy retained only as diagnostic,0.17916555,/pscratch/sd/j/jcho5/VASP/dft_jobs/H2O_Cu110/singlepoint/PBE,0,/pscratch/sd/j/jcho5/VASP/vasp_slab/Cu110/PBE,/pscratch/sd/j/jcho5/VASP/vasp_mol/H2O/PBE,-93.788643,-79.75003338,-14.21777517,1000,500,converged,6d09c9cfec8d9c734c3a30c9183a0f33e189440f82c50a7155d8faf134b292a4,false
Cu110,H2O,pbe_d3,H2O_Cu110,,false,potential_mismatch,Complex and reference PAW potential identities differ or are missing; energy retained only as diagnostic,-0.05016448,/pscratch/sd/j/jcho5/VASP/dft_jobs/H2O_Cu110/singlepoint/PBE_D3,0,/pscratch/sd/j/jcho5/VASP/vasp_slab/Cu110/PBE_D3,/pscratch/sd/j/jcho5/VASP/vasp_mol/H2O/PBE_D3,-100.3530247,-86.08497244,-14.21788778,1000,500,converged,6d09c9cfec8d9c734c3a30c9183a0f33e189440f82c50a7155d8faf134b292a4,false
Cu110,H2O,r2scan,H2O_Cu110,,false,potential_mismatch,Complex and reference PAW potential identities differ or are missing; energy retained only as diagnostic,0.01669434,/pscratch/sd/j/jcho5/VASP/dft_jobs/H2O_Cu110/singlepoint/r2scan,0,/pscratch/sd/j/jcho5/VASP/vasp_slab/Cu110/r2scan,/pscratch/sd/j/jcho5/VASP/vasp_mol/H2O/r2scan,-263.34822066,-248.0324956,-15.3324194,1000,500,converged,6d09c9cfec8d9c734c3a30c9183a0f33e189440f82c50a7155d8faf134b292a4,false
Cu110,H2O,beef_vdw,H2O_Cu110,,false,potential_mismatch,Complex and reference PAW potential identities differ or are missing; energy retained only as diagnostic,-31.0483887,/pscratch/sd/j/jcho5/VASP/dft_jobs/H2O_Cu110/singlepoint/beef_vdw,0,/pscratch/sd/j/jcho5/VASP/vasp_slab/Cu110/beef_vdw,/pscratch/sd/j/jcho5/VASP/vasp_mol/H2O/beef_vdw,-13.56651478,29.98519073,-12.50331681,1000,500,converged,6d09c9cfec8d9c734c3a30c9183a0f33e189440f82c50a7155d8faf134b292a4,false
Cu111,H2O,pbe,H2O_Cu111,,false,ok,NSW=0 complex; converged relaxed references; matching composition,-0.05968903,/pscratch/sd/j/jcho5/VASP/dft_jobs/H2O_Cu111/singlepoint/PBE,0,/pscratch/sd/j/jcho5/VASP/completion_runs/matched_potential_slabs_20260915/slab/Cu111_28f90def6e/pbe,/pscratch/sd/j/jcho5/VASP/vasp_mol/H2O/PBE,-238.36031733,-224.08285313,-14.21777517,500,500,converged,39f46b3c56dfe187c44ec94727c793369ef20697c9abe9ed4ea5a87bf9ec1cb8,true
Cu111,H2O,pbe_d3,H2O_Cu111,,false,ok,NSW=0 complex; converged relaxed references; matching composition,-0.17547923,/pscratch/sd/j/jcho5/VASP/dft_jobs/H2O_Cu111/singlepoint/PBE_D3,0,/pscratch/sd/j/jcho5/VASP/completion_runs/matched_potential_slabs_20260915/slab/Cu111_6058af94f0/pbe_d3,/pscratch/sd/j/jcho5/VASP/vasp_mol/H2O/PBE_D3,-260.96288984,-246.56952283,-14.21788778,500,500,converged,39f46b3c56dfe187c44ec94727c793369ef20697c9abe9ed4ea5a87bf9ec1cb8,true
Cu111,H2O,r2scan,H2O_Cu111,,false,ok,NSW=0 complex; converged relaxed references; matching composition,0.08301769,/pscratch/sd/j/jcho5/VASP/dft_jobs/H2O_Cu111/singlepoint/r2scan,0,/pscratch/sd/j/jcho5/VASP/completion_runs/matched_potential_slabs_20260915/slab/Cu111_96724abedd/r2scan,/pscratch/sd/j/jcho5/VASP/vasp_mol/H2O/r2scan,-690.67961889,-675.43021718,-15.3324194,500,500,converged,39f46b3c56dfe187c44ec94727c793369ef20697c9abe9ed4ea5a87bf9ec1cb8,true
Cu111,H2O,beef_vdw,H2O_Cu111,,false,ok,NSW=0 complex; converged relaxed references; matching composition,-0.11192136,/pscratch/sd/j/jcho5/VASP/dft_jobs/H2O_Cu111/singlepoint/beef_vdw,0,/pscratch/sd/j/jcho5/VASP/completion_runs/matched_potential_slabs_20260915/slab/Cu111_11f50e50d8/beef_vdw,/pscratch/sd/j/jcho5/VASP/vasp_mol/H2O/beef_vdw,-27.21518132,-14.59994315,-12.50331681,500,500,converged,39f46b3c56dfe187c44ec94727c793369ef20697c9abe9ed4ea5a87bf9ec1cb8,true
Ir100,H2O,pbe,H2O_Ir100,,false,ok,NSW=0 complex; converged relaxed references; matching composition,-0.41349575,/pscratch/sd/j/jcho5/VASP/dft_jobs/H2O_Ir100/singlepoint/PBE,0,/pscratch/sd/j/jcho5/VASP/vasp_slab/Ir100/PBE,/pscratch/sd/j/jcho5/VASP/vasp_mol/H2O/PBE,-309.03228506,-294.40101414,-14.21777517,1000,500,converged,561392de9eebcb437ea8851589ee1ed5db8b5fb87c1be92b603f074f28ffe002,true
Ir100,H2O,pbe_d3,H2O_Ir100,,false,ok,NSW=0 complex; converged relaxed references; matching composition,-0.61948326,/pscratch/sd/j/jcho5/VASP/dft_jobs/H2O_Ir100/singlepoint/PBE_D3,0,/pscratch/sd/j/jcho5/VASP/vasp_slab/Ir100/PBE_D3,/pscratch/sd/j/jcho5/VASP/vasp_mol/H2O/PBE_D3,-326.43982082,-311.60244978,-14.21788778,1000,500,converged,561392de9eebcb437ea8851589ee1ed5db8b5fb87c1be92b603f074f28ffe002,true
Ir100,H2O,r2scan,H2O_Ir100,,false,ok,NSW=0 complex; converged relaxed references; matching composition,-0.5963342,/pscratch/sd/j/jcho5/VASP/dft_jobs/H2O_Ir100/singlepoint/r2scan,0,/pscratch/sd/j/jcho5/VASP/completion_runs/site_gapfill_20260914/slab/C2H4_Ir100/r2scan,/pscratch/sd/j/jcho5/VASP/vasp_mol/H2O/r2scan,-1874.59423835,-1858.66548475,-15.3324194,1000,500,converged,561392de9eebcb437ea8851589ee1ed5db8b5fb87c1be92b603f074f28ffe002,true
Ir100,H2O,beef_vdw,H2O_Ir100,,false,ok,NSW=0 complex; converged relaxed references; matching composition,-0.37824473,/pscratch/sd/j/jcho5/VASP/dft_jobs/H2O_Ir100/singlepoint/beef_vdw,0,/pscratch/sd/j/jcho5/VASP/vasp_slab/Ir100/beef_vdw,/pscratch/sd/j/jcho5/VASP/vasp_mol/H2O/beef_vdw,-195.89912813,-183.01756659,-12.50331681,1000,500,converged,561392de9eebcb437ea8851589ee1ed5db8b5fb87c1be92b603f074f28ffe002,true
Ir110,H2O,pbe,H2O_Ir110,,false,ok,NSW=0 complex; converged relaxed references; matching composition,-0.54753202,/pscratch/sd/j/jcho5/VASP/dft_jobs/H2O_Ir110/singlepoint/PBE,0,/pscratch/sd/j/jcho5/VASP/vasp_slab/Ir110/PBE,/pscratch/sd/j/jcho5/VASP/vasp_mol/H2O/PBE,-200.5580929,-185.79278571,-14.21777517,1000,500,converged,033af92dd97a00e8a8e71ab4db776fd5b3a3bf23e7a050a9e4f4dcc3952490ac,true
Ir110,H2O,pbe_d3,H2O_Ir110,,false,ok,NSW=0 complex; converged relaxed references; matching composition,-0.75146265,/pscratch/sd/j/jcho5/VASP/dft_jobs/H2O_Ir110/singlepoint/PBE_D3,0,/pscratch/sd/j/jcho5/VASP/vasp_slab/Ir110/PBE_D3,/pscratch/sd/j/jcho5/VASP/vasp_mol/H2O/PBE_D3,-210.10757193,-195.1382215,-14.21788778,1000,500,converged,033af92dd97a00e8a8e71ab4db776fd5b3a3bf23e7a050a9e4f4dcc3952490ac,true
Ir110,H2O,r2scan,H2O_Ir110,,false,ok,NSW=0 complex; converged relaxed references; matching composition,-0.5886448,/pscratch/sd/j/jcho5/VASP/dft_jobs/H2O_Ir110/singlepoint/r2scan,0,/pscratch/sd/j/jcho5/VASP/vasp_slab/Ir110/r2scan,/pscratch/sd/j/jcho5/VASP/vasp_mol/H2O/r2scan,-1244.59781587,-1228.67675167,-15.3324194,1000,500,converged,033af92dd97a00e8a8e71ab4db776fd5b3a3bf23e7a050a9e4f4dcc3952490ac,true
Ir110,H2O,beef_vdw,H2O_Ir110,,false,ok,NSW=0 complex; converged relaxed references; matching composition,-0.59914013,/pscratch/sd/j/jcho5/VASP/dft_jobs/H2O_Ir110/singlepoint/beef_vdw,0,/pscratch/sd/j/jcho5/VASP/vasp_slab/Ir110/beef_vdw,/pscratch/sd/j/jcho5/VASP/vasp_mol/H2O/beef_vdw,-124.35495448,-111.25249754,-12.50331681,1000,500,converged,033af92dd97a00e8a8e71ab4db776fd5b3a3bf23e7a050a9e4f4dcc3952490ac,true
Ir111,H2O,pbe,H2O_Ir111,,false,ok,NSW=0 complex; converged relaxed references; matching composition,-0.25754896,/pscratch/sd/j/jcho5/VASP/dft_jobs/H2O_Ir111/singlepoint/PBE,0,/pscratch/sd/j/jcho5/VASP/vasp_slab/Ir111/PBE,/pscratch/sd/j/jcho5/VASP/vasp_mol/H2O/PBE,-552.78726703,-538.3119429,-14.21777517,1000,500,converged,1af109e0f77eb4cdbd4c7aae76856598d7f8d179b2b1bc5b070f14b49fd72323,true
Ir111,H2O,pbe_d3,H2O_Ir111,,false,ok,NSW=0 complex; converged relaxed references; matching composition,-0.29557049,/pscratch/sd/j/jcho5/VASP/dft_jobs/H2O_Ir111/singlepoint/PBE_D3,0,/pscratch/sd/j/jcho5/VASP/vasp_slab/Ir111/PBE_D3,/pscratch/sd/j/jcho5/VASP/vasp_mol/H2O/PBE_D3,-585.29650222,-570.78304395,-14.21788778,1000,500,converged,1af109e0f77eb4cdbd4c7aae76856598d7f8d179b2b1bc5b070f14b49fd72323,true
Ir111,H2O,r2scan,H2O_Ir111,,false,ok,NSW=0 complex; converged relaxed references; matching composition,-0.25349886,/pscratch/sd/j/jcho5/VASP/dft_jobs/H2O_Ir111/singlepoint/r2scan,0,/pscratch/sd/j/jcho5/VASP/vasp_slab/Ir111/r2scan,/pscratch/sd/j/jcho5/VASP/vasp_mol/H2O/r2scan,-3336.26906035,-3320.68314209,-15.3324194,1000,500,converged,1af109e0f77eb4cdbd4c7aae76856598d7f8d179b2b1bc5b070f14b49fd72323,true
Ir111,H2O,beef_vdw,H2O_Ir111,,false,ok,NSW=0 complex; converged relaxed references; matching composition,-0.35655901,/pscratch/sd/j/jcho5/VASP/dft_jobs/H2O_Ir111/singlepoint/beef_vdw,0,/pscratch/sd/j/jcho5/VASP/vasp_slab/Ir111/beef_vdw,/pscratch/sd/j/jcho5/VASP/vasp_mol/H2O/beef_vdw,-352.34684574,-339.48696992,-12.50331681,1000,500,converged,1af109e0f77eb4cdbd4c7aae76856598d7f8d179b2b1bc5b070f14b49fd72323,true
Pd100,H2O,pbe,H2O_Pd100,,false,potential_mismatch,Complex and reference PAW potential identities differ or are missing; energy retained only as diagnostic,-0.41824298,/pscratch/sd/j/jcho5/VASP/dft_jobs/H2O_Pd100/singlepoint/PBE,0,/pscratch/sd/j/jcho5/VASP/vasp_slab/Pd100/PBE,/pscratch/sd/j/jcho5/VASP/vasp_mol/H2O/PBE,-189.93781067,-175.30179252,-14.21777517,1000,500,converged,63dc2d3a30a658a3c0621794dfa230d10aed2fe629dba4987a54ed7db5f0c202,false
Pd100,H2O,pbe_d3,H2O_Pd100,,false,potential_mismatch,Complex and reference PAW potential identities differ or are missing; energy retained only as diagnostic,-0.56245188,/pscratch/sd/j/jcho5/VASP/dft_jobs/H2O_Pd100/singlepoint/PBE_D3,0,/pscratch/sd/j/jcho5/VASP/vasp_slab/Pd100/PBE_D3,/pscratch/sd/j/jcho5/VASP/vasp_mol/H2O/PBE_D3,-204.24074647,-189.46040681,-14.21788778,1000,500,converged,63dc2d3a30a658a3c0621794dfa230d10aed2fe629dba4987a54ed7db5f0c202,false
Pd100,H2O,r2scan,H2O_Pd100,,false,ok,NSW=0 complex; converged relaxed references; matching composition,-0.31588847,/pscratch/sd/j/jcho5/VASP/dft_jobs/H2O_Pd100/singlepoint/r2scan,0,/pscratch/sd/j/jcho5/VASP/completion_runs/matched_potential_slabs_20260915/slab/Pd100_25986b23a9/r2scan,/pscratch/sd/j/jcho5/VASP/vasp_mol/H2O/r2scan,-828.1174411,-812.46913323,-15.3324194,500,500,converged,63dc2d3a30a658a3c0621794dfa230d10aed2fe629dba4987a54ed7db5f0c202,true
Pd100,H2O,beef_vdw,H2O_Pd100,,false,ok,NSW=0 complex; converged relaxed references; matching composition,-0.25090488,/pscratch/sd/j/jcho5/VASP/dft_jobs/H2O_Pd100/singlepoint/beef_vdw,0,/pscratch/sd/j/jcho5/VASP/completion_runs/matched_potential_slabs_20260915/slab/Pd100_b7d9b89afa/beef_vdw,/pscratch/sd/j/jcho5/VASP/vasp_mol/H2O/beef_vdw,-65.92377176,-53.16955007,-12.50331681,500,500,converged,63dc2d3a30a658a3c0621794dfa230d10aed2fe629dba4987a54ed7db5f0c202,true
Pd110,H2O,pbe,H2O_Pd110,,false,potential_mismatch,Complex and reference PAW potential identities differ or are missing; energy retained only as diagnostic,-0.45779615,/pscratch/sd/j/jcho5/VASP/dft_jobs/H2O_Pd110/singlepoint/PBE,0,/pscratch/sd/j/jcho5/VASP/vasp_slab/Pd110/PBE,/pscratch/sd/j/jcho5/VASP/vasp_mol/H2O/PBE,-125.50975077,-110.83417945,-14.21777517,1000,500,converged,1fee14a9dbe75e121bf11c8b9017d63b49d953d3aa72cc962a0502281b7e5332,false
Pd110,H2O,pbe_d3,H2O_Pd110,,false,potential_mismatch,Complex and reference PAW potential identities differ or are missing; energy retained only as diagnostic,-0.66344433,/pscratch/sd/j/jcho5/VASP/dft_jobs/H2O_Pd110/singlepoint/PBE_D3,0,/pscratch/sd/j/jcho5/VASP/vasp_slab/Pd110/PBE_D3,/pscratch/sd/j/jcho5/VASP/vasp_mol/H2O/PBE_D3,-133.40446616,-118.52313405,-14.21788778,1000,500,converged,1fee14a9dbe75e121bf11c8b9017d63b49d953d3aa72cc962a0502281b7e5332,false
Pd110,H2O,r2scan,H2O_Pd110,,false,ok,NSW=0 complex; converged relaxed references; matching composition,-0.47680006,/pscratch/sd/j/jcho5/VASP/dft_jobs/H2O_Pd110/singlepoint/r2scan,0,/pscratch/sd/j/jcho5/VASP/completion_runs/matched_potential_slabs_20260915/slab/Pd110_2eb6224610/r2scan,/pscratch/sd/j/jcho5/VASP/vasp_mol/H2O/r2scan,-550.84319211,-535.03397265,-15.3324194,500,500,converged,1fee14a9dbe75e121bf11c8b9017d63b49d953d3aa72cc962a0502281b7e5332,true
Pd110,H2O,beef_vdw,H2O_Pd110,,false,ok,NSW=0 complex; converged relaxed references; matching composition,-0.38864473,/pscratch/sd/j/jcho5/VASP/dft_jobs/H2O_Pd110/singlepoint/beef_vdw,0,/pscratch/sd/j/jcho5/VASP/completion_runs/matched_potential_slabs_20260915/slab/Pd110_7655ac7da9/beef_vdw,/pscratch/sd/j/jcho5/VASP/vasp_mol/H2O/beef_vdw,-42.25224871,-29.36028717,-12.50331681,500,500,converged,1fee14a9dbe75e121bf11c8b9017d63b49d953d3aa72cc962a0502281b7e5332,true
Pd111,H2O,pbe,H2O_Pd111,,false,ok,NSW=0 complex; converged relaxed references; matching composition,-0.21576306,/pscratch/sd/j/jcho5/VASP/dft_jobs/H2O_Pd111/singlepoint/PBE,0,/pscratch/sd/j/jcho5/VASP/completion_runs/matched_potential_slabs_20260915/slab/Pd111_ffc3f47166/pbe,/pscratch/sd/j/jcho5/VASP/vasp_mol/H2O/PBE,-192.56323726,-178.12969903,-14.21777517,500,500,converged,6fc41e6d41126710dde024a1bfdc3100d5f0db96fdaa6fff531a97194b590c55,true
Pd111,H2O,pbe_d3,H2O_Pd111,,false,ok,NSW=0 complex; converged relaxed references; matching composition,-0.35578754,/pscratch/sd/j/jcho5/VASP/dft_jobs/H2O_Pd111/singlepoint/PBE_D3,0,/pscratch/sd/j/jcho5/VASP/completion_runs/matched_potential_slabs_20260915/slab/Pd111_0333765c8d/pbe_d3,/pscratch/sd/j/jcho5/VASP/vasp_mol/H2O/PBE_D3,-207.63679702,-193.0631217,-14.21788778,500,500,converged,6fc41e6d41126710dde024a1bfdc3100d5f0db96fdaa6fff531a97194b590c55,true
Pd111,H2O,r2scan,H2O_Pd111,,false,reference_unavailable,No converged relaxed references with matching functional/composition,,/pscratch/sd/j/jcho5/VASP/dft_jobs/H2O_Pd111/singlepoint/r2scan,0,,/pscratch/sd/j/jcho5/VASP/vasp_mol/H2O/r2scan,-831.26289601,,-15.3324194,,500,converged,6fc41e6d41126710dde024a1bfdc3100d5f0db96fdaa6fff531a97194b590c55,false
Pd111,H2O,beef_vdw,H2O_Pd111,,false,ok,NSW=0 complex; converged relaxed references; matching composition,-0.24922601,/pscratch/sd/j/jcho5/VASP/dft_jobs/H2O_Pd111/singlepoint/beef_vdw,0,/pscratch/sd/j/jcho5/VASP/completion_runs/matched_potential_slabs_20260915/slab/Pd111_f1f527eac1/beef_vdw,/pscratch/sd/j/jcho5/VASP/vasp_mol/H2O/beef_vdw,-68.2069473,-55.45440448,-12.50331681,500,500,converged,6fc41e6d41126710dde024a1bfdc3100d5f0db96fdaa6fff531a97194b590c55,true
Pt100,H2O,pbe,H2O_Pt100,,false,potential_mismatch,Complex and reference PAW potential identities differ or are missing; energy retained only as diagnostic,-0.72242799,/pscratch/sd/j/jcho5/VASP/dft_jobs/H2O_Pt100/singlepoint/PBE,0,/pscratch/sd/j/jcho5/VASP/vasp_slab/Pt100/PBE,/pscratch/sd/j/jcho5/VASP/vasp_mol/H2O/PBE,-217.96733176,-203.0271286,-14.21777517,1000,500,converged,18d55c4087c43abcb85d8078f49950043c549f76b1ec5b521290fdbe42178aeb,false
Pt100,H2O,pbe_d3,H2O_Pt100,,false,potential_mismatch,Complex and reference PAW potential identities differ or are missing; energy retained only as diagnostic,-0.90085361,/pscratch/sd/j/jcho5/VASP/dft_jobs/H2O_Pt100/singlepoint/PBE_D3,0,/pscratch/sd/j/jcho5/VASP/vasp_slab/Pt100/PBE_D3,/pscratch/sd/j/jcho5/VASP/vasp_mol/H2O/PBE_D3,-237.15441664,-222.03567525,-14.21788778,1000,500,converged,18d55c4087c43abcb85d8078f49950043c549f76b1ec5b521290fdbe42178aeb,false
Pt100,H2O,r2scan,H2O_Pt100,,false,potential_mismatch,Complex and reference PAW potential identities differ or are missing; energy retained only as diagnostic,-1.09037545,/pscratch/sd/j/jcho5/VASP/dft_jobs/H2O_Pt100/singlepoint/r2scan,0,/pscratch/sd/j/jcho5/VASP/vasp_slab/Pt100/r2scan,/pscratch/sd/j/jcho5/VASP/vasp_mol/H2O/r2scan,-1852.11415383,-1835.69135898,-15.3324194,1000,500,converged,18d55c4087c43abcb85d8078f49950043c549f76b1ec5b521290fdbe42178aeb,false
Pt100,H2O,beef_vdw,H2O_Pt100,,false,potential_mismatch,Complex and reference PAW potential identities differ or are missing; energy retained only as diagnostic,-34.06321182,/pscratch/sd/j/jcho5/VASP/dft_jobs/H2O_Pt100/singlepoint/beef_vdw,0,/pscratch/sd/j/jcho5/VASP/vasp_slab/Pt100/beef_vdw,/pscratch/sd/j/jcho5/VASP/vasp_mol/H2O/beef_vdw,-106.60982809,-60.04329946,-12.50331681,1000,500,converged,18d55c4087c43abcb85d8078f49950043c549f76b1ec5b521290fdbe42178aeb,false
Pt110,H2O,pbe,H2O_Pt110,,false,potential_mismatch,Complex and reference PAW potential identities differ or are missing; energy retained only as diagnostic,-0.66555829,/pscratch/sd/j/jcho5/VASP/dft_jobs/H2O_Pt110/singlepoint/PBE,0,/pscratch/sd/j/jcho5/VASP/vasp_slab/Pt110/PBE,/pscratch/sd/j/jcho5/VASP/vasp_mol/H2O/PBE,-143.18429668,-128.30096322,-14.21777517,1000,500,converged,bf886acec9e4b61ef170efcb65f106986809d1e14bf66e2be9d6a1b7dda9e152,false
Pt110,H2O,pbe_d3,H2O_Pt110,,false,potential_mismatch,Complex and reference PAW potential identities differ or are missing; energy retained only as diagnostic,-0.9445541,/pscratch/sd/j/jcho5/VASP/dft_jobs/H2O_Pt110/singlepoint/PBE_D3,0,/pscratch/sd/j/jcho5/VASP/vasp_slab/Pt110/PBE_D3,/pscratch/sd/j/jcho5/VASP/vasp_mol/H2O/PBE_D3,-153.73558957,-138.57314769,-14.21788778,1000,500,converged,bf886acec9e4b61ef170efcb65f106986809d1e14bf66e2be9d6a1b7dda9e152,false
Pt110,H2O,r2scan,H2O_Pt110,,false,potential_mismatch,Complex and reference PAW potential identities differ or are missing; energy retained only as diagnostic,-0.90018904,/pscratch/sd/j/jcho5/VASP/dft_jobs/H2O_Pt110/singlepoint/r2scan,0,/pscratch/sd/j/jcho5/VASP/vasp_slab/Pt110/r2scan,/pscratch/sd/j/jcho5/VASP/vasp_mol/H2O/r2scan,-1232.31891549,-1216.08630705,-15.3324194,1000,500,converged,bf886acec9e4b61ef170efcb65f106986809d1e14bf66e2be9d6a1b7dda9e152,false
Pt110,H2O,beef_vdw,H2O_Pt110,,false,potential_mismatch,Complex and reference PAW potential identities differ or are missing; energy retained only as diagnostic,-22.97668071,/pscratch/sd/j/jcho5/VASP/dft_jobs/H2O_Pt110/singlepoint/beef_vdw,0,/pscratch/sd/j/jcho5/VASP/vasp_slab/Pt110/beef_vdw,/pscratch/sd/j/jcho5/VASP/vasp_mol/H2O/beef_vdw,-68.15956618,-32.67956866,-12.50331681,1000,500,converged,bf886acec9e4b61ef170efcb65f106986809d1e14bf66e2be9d6a1b7dda9e152,false
Pt111,H2O,pbe,H2O_Pt111_top,top,false,ok,NSW=0 complex; converged relaxed references; matching composition,-0.16146018,/pscratch/sd/j/jcho5/VASP/dft_jobs/H2O_Pt111_top/singlepoint/PBE,0,/pscratch/sd/j/jcho5/VASP/completion_runs/matched_potential_slabs_20260915/slab/Pt111_ac28ddddd3/pbe,/pscratch/sd/j/jcho5/VASP/vasp_mol/H2O/PBE,-223.07515859,-208.69592324,-14.21777517,500,500,converged,b44bb47b2a3f813ef1f6dacf1d5d7fe1112e7829fa3fb9385a2252285c185c88,true
Pt111,H2O,pbe_d3,H2O_Pt111_top,top,false,ok,NSW=0 complex; converged relaxed references; matching composition,-0.30431985,/pscratch/sd/j/jcho5/VASP/dft_jobs/H2O_Pt111_top/singlepoint/PBE_D3,0,/pscratch/sd/j/jcho5/VASP/completion_runs/matched_potential_slabs_20260915/slab/Pt111_c3286ec1f4/pbe_d3,/pscratch/sd/j/jcho5/VASP/vasp_mol/H2O/PBE_D3,-243.11897461,-228.59676698,-14.21788778,500,500,converged,b44bb47b2a3f813ef1f6dacf1d5d7fe1112e7829fa3fb9385a2252285c185c88,true
Pt111,H2O,r2scan,H2O_Pt111_top,top,false,reference_unavailable,No converged relaxed references with matching functional/composition,,/pscratch/sd/j/jcho5/VASP/dft_jobs/H2O_Pt111_top/singlepoint/r2scan,0,,/pscratch/sd/j/jcho5/VASP/vasp_mol/H2O/r2scan,-1857.34174478,,-15.3324194,,500,converged,b44bb47b2a3f813ef1f6dacf1d5d7fe1112e7829fa3fb9385a2252285c185c88,false
Pt111,H2O,beef_vdw,H2O_Pt111_top,top,false,reference_unavailable,No converged relaxed references with matching functional/composition,,/pscratch/sd/j/jcho5/VASP/dft_jobs/H2O_Pt111_top/singlepoint/beef_vdw,0,,/pscratch/sd/j/jcho5/VASP/vasp_mol/H2O/beef_vdw,-111.04847891,,-12.50331681,,500,converged,b44bb47b2a3f813ef1f6dacf1d5d7fe1112e7829fa3fb9385a2252285c185c88,false
Rh100,H2O,pbe,H2O_Rh100,,false,potential_mismatch,Complex and reference PAW potential identities differ or are missing; energy retained only as diagnostic,-0.68471183,/pscratch/sd/j/jcho5/VASP/dft_jobs/H2O_Rh100/singlepoint/PBE,0,/pscratch/sd/j/jcho5/VASP/vasp_slab/Rh100/PBE,/pscratch/sd/j/jcho5/VASP/vasp_mol/H2O/PBE,-257.17882707,-242.27634007,-14.21777517,1000,500,converged,9aae0c633ab9195bd24acedd081eb28599d074b827d79b7e7a0f15e36263410a,false
Rh100,H2O,pbe_d3,H2O_Rh100,,false,potential_mismatch,Complex and reference PAW potential identities differ or are missing; energy retained only as diagnostic,-0.86493564,/pscratch/sd/j/jcho5/VASP/dft_jobs/H2O_Rh100/singlepoint/PBE_D3,0,/pscratch/sd/j/jcho5/VASP/vasp_slab/Rh100/PBE_D3,/pscratch/sd/j/jcho5/VASP/vasp_mol/H2O/PBE_D3,-271.15826401,-256.07544059,-14.21788778,1000,500,converged,9aae0c633ab9195bd24acedd081eb28599d074b827d79b7e7a0f15e36263410a,false
Rh100,H2O,r2scan,H2O_Rh100,,false,ok,NSW=0 complex; converged relaxed references; matching composition,-0.43418307,/pscratch/sd/j/jcho5/VASP/dft_jobs/H2O_Rh100/singlepoint/r2scan,0,/pscratch/sd/j/jcho5/VASP/completion_runs/matched_potential_slabs_20260915/slab/Rh100_84c2195556/r2scan,/pscratch/sd/j/jcho5/VASP/vasp_mol/H2O/r2scan,-864.14426755,-848.37766508,-15.3324194,500,500,converged,9aae0c633ab9195bd24acedd081eb28599d074b827d79b7e7a0f15e36263410a,true
Rh100,H2O,beef_vdw,H2O_Rh100,,false,complex_unconverged,electronic_unconverged,,/pscratch/sd/j/jcho5/VASP/dft_jobs/H2O_Rh100/singlepoint/beef_vdw,0,/pscratch/sd/j/jcho5/VASP/completion_runs/matched_potential_slabs_20260915/slab/Rh100_b2891dc541/beef_vdw,/pscratch/sd/j/jcho5/VASP/vasp_mol/H2O/beef_vdw,-143.25870119,-130.4934363,-12.50331681,500,500,electronic_unconverged,9aae0c633ab9195bd24acedd081eb28599d074b827d79b7e7a0f15e36263410a,false
Rh110,H2O,pbe,H2O_Rh110,,false,potential_mismatch,Complex and reference PAW potential identities differ or are missing; energy retained only as diagnostic,-0.70157165,/pscratch/sd/j/jcho5/VASP/dft_jobs/H2O_Rh110/singlepoint/PBE,0,/pscratch/sd/j/jcho5/VASP/vasp_slab/Rh110/PBE,/pscratch/sd/j/jcho5/VASP/vasp_mol/H2O/PBE,-167.97730612,-153.0579593,-14.21777517,1000,500,converged,cf10f87d6194878cb1c50dec447c54381b596ba6f42edafecdfbae6bd5c58f4a,false
Rh110,H2O,pbe_d3,H2O_Rh110,,false,potential_mismatch,Complex and reference PAW potential identities differ or are missing; energy retained only as diagnostic,-0.92322154,/pscratch/sd/j/jcho5/VASP/dft_jobs/H2O_Rh110/singlepoint/PBE_D3,0,/pscratch/sd/j/jcho5/VASP/vasp_slab/Rh110/PBE_D3,/pscratch/sd/j/jcho5/VASP/vasp_mol/H2O/PBE_D3,-175.62930839,-160.48819907,-14.21788778,1000,500,converged,cf10f87d6194878cb1c50dec447c54381b596ba6f42edafecdfbae6bd5c58f4a,false
Rh110,H2O,r2scan,H2O_Rh110,,false,ok,NSW=0 complex; converged relaxed references; matching composition,-0.39315044,/pscratch/sd/j/jcho5/VASP/dft_jobs/H2O_Rh110/singlepoint/r2scan,0,/pscratch/sd/j/jcho5/VASP/completion_runs/matched_potential_slabs_20260915/slab/Rh110_43367cbc6c/r2scan,/pscratch/sd/j/jcho5/VASP/vasp_mol/H2O/r2scan,-574.0545604,-558.32899056,-15.3324194,500,500,converged,cf10f87d6194878cb1c50dec447c54381b596ba6f42edafecdfbae6bd5c58f4a,true
Rh110,H2O,beef_vdw,H2O_Rh110,,false,ok,NSW=0 complex; converged relaxed references; matching composition,-0.43969456,/pscratch/sd/j/jcho5/VASP/dft_jobs/H2O_Rh110/singlepoint/beef_vdw,0,/pscratch/sd/j/jcho5/VASP/completion_runs/matched_potential_slabs_20260915/slab/Rh110_a6be9fa2b9/beef_vdw,/pscratch/sd/j/jcho5/VASP/vasp_mol/H2O/beef_vdw,-91.63550013,-78.69248876,-12.50331681,500,500,converged,cf10f87d6194878cb1c50dec447c54381b596ba6f42edafecdfbae6bd5c58f4a,true
Rh111,H2O,pbe,H2O_Rh111,,false,potential_mismatch,Complex and reference PAW potential identities differ or are missing; energy retained only as diagnostic,-0.91970384,/pscratch/sd/j/jcho5/VASP/dft_jobs/H2O_Rh111/singlepoint/PBE,0,/pscratch/sd/j/jcho5/VASP/vasp_slab/Rh111/PBE,/pscratch/sd/j/jcho5/VASP/vasp_mol/H2O/PBE,-454.2874219,-439.14994289,-14.21777517,1000,500,converged,19ad4cdef7a03e99dbf8ec46e07a6d5f3d34c4a337f8c5f126bdc2e33e034869,false
Rh111,H2O,pbe_d3,H2O_Rh111,,false,potential_mismatch,Complex and reference PAW potential identities differ or are missing; energy retained only as diagnostic,-0.93085219,/pscratch/sd/j/jcho5/VASP/dft_jobs/H2O_Rh111/singlepoint/PBE_D3,0,/pscratch/sd/j/jcho5/VASP/vasp_slab/Rh111/PBE_D3,/pscratch/sd/j/jcho5/VASP/vasp_mol/H2O/PBE_D3,-480.4101605,-465.26142053,-14.21788778,1000,500,converged,19ad4cdef7a03e99dbf8ec46e07a6d5f3d34c4a337f8c5f126bdc2e33e034869,false
Rh111,H2O,r2scan,H2O_Rh111,,false,potential_mismatch,Complex and reference PAW potential identities differ or are missing; energy retained only as diagnostic,-1.07229594,/pscratch/sd/j/jcho5/VASP/dft_jobs/H2O_Rh111/singlepoint/r2scan,0,/pscratch/sd/j/jcho5/VASP/vasp_slab/Rh111/r2scan,/pscratch/sd/j/jcho5/VASP/vasp_mol/H2O/r2scan,-1533.29462849,-1516.88991315,-15.3324194,1000,500,converged,19ad4cdef7a03e99dbf8ec46e07a6d5f3d34c4a337f8c5f126bdc2e33e034869,false
Rh111,H2O,beef_vdw,H2O_Rh111,,false,ok,NSW=0 complex; converged relaxed references; matching composition,-0.36343999,/pscratch/sd/j/jcho5/VASP/dft_jobs/H2O_Rh111/singlepoint/beef_vdw,0,/pscratch/sd/j/jcho5/VASP/completion_runs/matched_potential_slabs_20260915/slab/Rh111_f89b45c425/beef_vdw,/pscratch/sd/j/jcho5/VASP/vasp_mol/H2O/beef_vdw,-252.5515573,-239.6848005,-12.50331681,500,500,converged,19ad4cdef7a03e99dbf8ec46e07a6d5f3d34c4a337f8c5f126bdc2e33e034869,true
Ag100,H2S,pbe,H2S_Ag100,,false,potential_mismatch,Complex and reference PAW potential identities differ or are missing; energy retained only as diagnostic,-0.78559815,/pscratch/sd/j/jcho5/VASP/dft_jobs/H2S_Ag100/singlepoint/PBE,0,/pscratch/sd/j/jcho5/VASP/vasp_slab/Ag100/PBE,/pscratch/sd/j/jcho5/VASP/vasp_mol/H2S/PBE,-102.10876468,-90.12407184,-11.19909469,1000,500,converged,0f29dcbe3298412dee34cae84b50caafa5716f0b85a8cc1f7934b9b0e5cf6c0f,false
Ag100,H2S,pbe_d3,H2S_Ag100,,false,potential_mismatch,Complex and reference PAW potential identities differ or are missing; energy retained only as diagnostic,-1.00199941,/pscratch/sd/j/jcho5/VASP/dft_jobs/H2S_Ag100/singlepoint/PBE_D3,0,/pscratch/sd/j/jcho5/VASP/vasp_slab/Ag100/PBE_D3,/pscratch/sd/j/jcho5/VASP/vasp_mol/H2S/PBE_D3,-114.60212642,-102.4003605,-11.19976651,1000,500,converged,0f29dcbe3298412dee34cae84b50caafa5716f0b85a8cc1f7934b9b0e5cf6c0f,false
Ag100,H2S,r2scan,H2S_Ag100,,false,potential_mismatch,Complex and reference PAW potential identities differ or are missing; energy retained only as diagnostic,-1.25069377,/pscratch/sd/j/jcho5/VASP/dft_jobs/H2S_Ag100/singlepoint/r2scan,0,/pscratch/sd/j/jcho5/VASP/vasp_slab/Ag100/r2scan,/pscratch/sd/j/jcho5/VASP/vasp_mol/H2S/r2scan,-775.54087508,-759.06403021,-15.2261511,1000,500,converged,0f29dcbe3298412dee34cae84b50caafa5716f0b85a8cc1f7934b9b0e5cf6c0f,false
Ag100,H2S,beef_vdw,H2S_Ag100,,false,potential_mismatch,Complex and reference PAW potential identities differ or are missing; energy retained only as diagnostic,-25.10295488,/pscratch/sd/j/jcho5/VASP/dft_jobs/H2S_Ag100/singlepoint/beef_vdw,0,/pscratch/sd/j/jcho5/VASP/vasp_slab/Ag100/beef_vdw,/pscratch/sd/j/jcho5/VASP/vasp_mol/H2S/beef_vdw,23.3245538,58.04168493,-9.61417625,1000,500,converged,0f29dcbe3298412dee34cae84b50caafa5716f0b85a8cc1f7934b9b0e5cf6c0f,false
Ag110,H2S,pbe,H2S_Ag110,,false,potential_mismatch,Complex and reference PAW potential identities differ or are missing; energy retained only as diagnostic,-0.60922151,/pscratch/sd/j/jcho5/VASP/dft_jobs/H2S_Ag110/singlepoint/PBE,0,/pscratch/sd/j/jcho5/VASP/vasp_slab/Ag110/PBE,/pscratch/sd/j/jcho5/VASP/vasp_mol/H2S/PBE,-69.15362054,-57.34530434,-11.19909469,1000,500,converged,11271fee6766fd0da97e40c9c4f37267905332273c5a0636425e192d344eda70,false
Ag110,H2S,pbe_d3,H2S_Ag110,,false,potential_mismatch,Complex and reference PAW potential identities differ or are missing; energy retained only as diagnostic,-0.92583657,/pscratch/sd/j/jcho5/VASP/dft_jobs/H2S_Ag110/singlepoint/PBE_D3,0,/pscratch/sd/j/jcho5/VASP/vasp_slab/Ag110/PBE_D3,/pscratch/sd/j/jcho5/VASP/vasp_mol/H2S/PBE_D3,-76.20972378,-64.0841207,-11.19976651,1000,500,converged,11271fee6766fd0da97e40c9c4f37267905332273c5a0636425e192d344eda70,false
Ag110,H2S,r2scan,H2S_Ag110,,false,potential_mismatch,Complex and reference PAW potential identities differ or are missing; energy retained only as diagnostic,-0.99179557,/pscratch/sd/j/jcho5/VASP/dft_jobs/H2S_Ag110/singlepoint/r2scan,0,/pscratch/sd/j/jcho5/VASP/vasp_slab/Ag110/r2scan,/pscratch/sd/j/jcho5/VASP/vasp_mol/H2S/r2scan,-518.89818471,-502.68023804,-15.2261511,1000,500,converged,11271fee6766fd0da97e40c9c4f37267905332273c5a0636425e192d344eda70,false
Ag110,H2S,beef_vdw,H2S_Ag110,,false,potential_mismatch,Complex and reference PAW potential identities differ or are missing; energy retained only as diagnostic,-16.79254942,/pscratch/sd/j/jcho5/VASP/dft_jobs/H2S_Ag110/singlepoint/beef_vdw,0,/pscratch/sd/j/jcho5/VASP/vasp_slab/Ag110/beef_vdw,/pscratch/sd/j/jcho5/VASP/vasp_mol/H2S/beef_vdw,15.20467802,41.61140369,-9.61417625,1000,500,converged,11271fee6766fd0da97e40c9c4f37267905332273c5a0636425e192d344eda70,false
Ag111,H2S,pbe,H2S_Ag111,,false,ok,NSW=0 complex; converged relaxed references; matching composition,-0.03638793,/pscratch/sd/j/jcho5/VASP/dft_jobs/H2S_Ag111/singlepoint/PBE,0,/pscratch/sd/j/jcho5/VASP/completion_runs/matched_potential_slabs_20260915/slab/Ag111_61964c781c/pbe,/pscratch/sd/j/jcho5/VASP/vasp_mol/H2S/PBE,-103.48673031,-92.25124769,-11.19909469,500,500,converged,33ff2e2a4e90c5acb6757bec028b0984510f2187ed8a72ded410314bcab09c76,true
Ag111,H2S,pbe_d3,H2S_Ag111,,false,ok,NSW=0 complex; converged relaxed references; matching composition,-0.16495791,/pscratch/sd/j/jcho5/VASP/dft_jobs/H2S_Ag111/singlepoint/PBE_D3,0,/pscratch/sd/j/jcho5/VASP/completion_runs/matched_potential_slabs_20260915/slab/Ag111_71d4cd48c4/pbe_d3,/pscratch/sd/j/jcho5/VASP/vasp_mol/H2S/PBE_D3,-116.59164276,-105.22691834,-11.19976651,500,500,converged,33ff2e2a4e90c5acb6757bec028b0984510f2187ed8a72ded410314bcab09c76,true
Ag111,H2S,r2scan,H2S_Ag111,,false,ok,NSW=0 complex; converged relaxed references; matching composition,0.004143,/pscratch/sd/j/jcho5/VASP/dft_jobs/H2S_Ag111/singlepoint/r2scan,0,/pscratch/sd/j/jcho5/VASP/completion_runs/matched_potential_slabs_20260915/slab/Ag111_f9365ca685/r2scan,/pscratch/sd/j/jcho5/VASP/vasp_mol/H2S/r2scan,-777.26905971,-762.04705161,-15.2261511,500,500,converged,33ff2e2a4e90c5acb6757bec028b0984510f2187ed8a72ded410314bcab09c76,true
Ag111,H2S,beef_vdw,H2S_Ag111,,false,ok,NSW=0 complex; converged relaxed references; matching composition,-0.25993242,/pscratch/sd/j/jcho5/VASP/dft_jobs/H2S_Ag111/singlepoint/beef_vdw,0,/pscratch/sd/j/jcho5/VASP/completion_runs/matched_potential_slabs_20260915/slab/Ag111_35207ad13f/beef_vdw,/pscratch/sd/j/jcho5/VASP/vasp_mol/H2S/beef_vdw,22.11962817,31.99373684,-9.61417625,500,500,converged,33ff2e2a4e90c5acb6757bec028b0984510f2187ed8a72ded410314bcab09c76,true
Au100,H2S,pbe,H2S_Au100,,false,reference_unavailable,No converged relaxed references with matching functional/composition,,/pscratch/sd/j/jcho5/VASP/dft_jobs/H2S_Au100/singlepoint/PBE,0,,/pscratch/sd/j/jcho5/VASP/vasp_mol/H2S/PBE,-203.10631618,,-11.19909469,,500,converged,5ebc941340c4174ea76f1446f24162b3eb406bf3648701d45e3cd4611245e577,false
Au100,H2S,pbe_d3,H2S_Au100,,false,reference_unavailable,No converged relaxed references with matching functional/composition,,/pscratch/sd/j/jcho5/VASP/dft_jobs/H2S_Au100/singlepoint/PBE_D3,0,,/pscratch/sd/j/jcho5/VASP/vasp_mol/H2S/PBE_D3,-233.50416873,,-11.19976651,,500,converged,5ebc941340c4174ea76f1446f24162b3eb406bf3648701d45e3cd4611245e577,false
Au100,H2S,r2scan,H2S_Au100,,false,reference_unavailable,No converged relaxed references with matching functional/composition,,/pscratch/sd/j/jcho5/VASP/dft_jobs/H2S_Au100/singlepoint/r2scan,0,,/pscratch/sd/j/jcho5/VASP/vasp_mol/H2S/r2scan,-3236.2143381,,-15.2261511,,500,converged,5ebc941340c4174ea76f1446f24162b3eb406bf3648701d45e3cd4611245e577,false
Au100,H2S,beef_vdw,H2S_Au100,,false,reference_unavailable,No converged relaxed references with matching functional/composition,,/pscratch/sd/j/jcho5/VASP/dft_jobs/H2S_Au100/singlepoint/beef_vdw,0,,/pscratch/sd/j/jcho5/VASP/vasp_mol/H2S/beef_vdw,-4.65215786,,-9.61417625,,500,converged,5ebc941340c4174ea76f1446f24162b3eb406bf3648701d45e3cd4611245e577,false
Au110,H2S,pbe,H2S_Au110,,false,reference_unavailable,No converged relaxed references with matching functional/composition,,/pscratch/sd/j/jcho5/VASP/dft_jobs/H2S_Au110/singlepoint/PBE,0,,/pscratch/sd/j/jcho5/VASP/vasp_mol/H2S/PBE,-195.7873092,,-11.19909469,,500,converged,b61faa1c85851b4c2293f73bf39cd438fe6dd5b894cf33a2fd77b5bc51bcfa00,false
Au110,H2S,pbe_d3,H2S_Au110,,false,reference_unavailable,No converged relaxed references with matching functional/composition,,/pscratch/sd/j/jcho5/VASP/dft_jobs/H2S_Au110/singlepoint/PBE_D3,0,,/pscratch/sd/j/jcho5/VASP/vasp_mol/H2S/PBE_D3,-221.1797421,,-11.19976651,,500,converged,b61faa1c85851b4c2293f73bf39cd438fe6dd5b894cf33a2fd77b5bc51bcfa00,false
Au110,H2S,r2scan,H2S_Au110,,false,reference_unavailable,No converged relaxed references with matching functional/composition,,/pscratch/sd/j/jcho5/VASP/dft_jobs/H2S_Au110/singlepoint/r2scan,0,,/pscratch/sd/j/jcho5/VASP/vasp_mol/H2S/r2scan,-3227.34903905,,-15.2261511,,500,converged,b61faa1c85851b4c2293f73bf39cd438fe6dd5b894cf33a2fd77b5bc51bcfa00,false
Au110,H2S,beef_vdw,H2S_Au110,,false,reference_unavailable,No converged relaxed references with matching functional/composition,,/pscratch/sd/j/jcho5/VASP/dft_jobs/H2S_Au110/singlepoint/beef_vdw,0,,/pscratch/sd/j/jcho5/VASP/vasp_mol/H2S/beef_vdw,3.22824527,,-9.61417625,,500,converged,b61faa1c85851b4c2293f73bf39cd438fe6dd5b894cf33a2fd77b5bc51bcfa00,false
Au111,H2S,pbe,H2S_Au111,,false,reference_unavailable,No converged relaxed references with matching functional/composition,,/pscratch/sd/j/jcho5/VASP/dft_jobs/H2S_Au111/singlepoint/PBE,0,,/pscratch/sd/j/jcho5/VASP/vasp_mol/H2S/PBE,-121.41030955,,-11.19909469,,500,converged,5783b6a25631864560c86624ded23d6d0e455aef79a9b53b6c327500c00bdcbe,false
Au111,H2S,pbe_d3,H2S_Au111,,false,reference_unavailable,No converged relaxed references with matching functional/composition,,/pscratch/sd/j/jcho5/VASP/dft_jobs/H2S_Au111/singlepoint/PBE_D3,0,,/pscratch/sd/j/jcho5/VASP/vasp_mol/H2S/PBE_D3,-139.30959598,,-11.19976651,,500,converged,5783b6a25631864560c86624ded23d6d0e455aef79a9b53b6c327500c00bdcbe,false
Au111,H2S,r2scan,H2S_Au111,,false,reference_unavailable,No converged relaxed references with matching functional/composition,,/pscratch/sd/j/jcho5/VASP/dft_jobs/H2S_Au111/singlepoint/r2scan,0,,/pscratch/sd/j/jcho5/VASP/vasp_mol/H2S/r2scan,-1829.70339146,,-15.2261511,,500,converged,5783b6a25631864560c86624ded23d6d0e455aef79a9b53b6c327500c00bdcbe,false
Au111,H2S,beef_vdw,H2S_Au111,,false,reference_unavailable,No converged relaxed references with matching functional/composition,,/pscratch/sd/j/jcho5/VASP/dft_jobs/H2S_Au111/singlepoint/beef_vdw,0,,/pscratch/sd/j/jcho5/VASP/vasp_mol/H2S/beef_vdw,-8.96466876,,-9.61417625,,500,converged,5783b6a25631864560c86624ded23d6d0e455aef79a9b53b6c327500c00bdcbe,false
Cu100,H2S,pbe,H2S_Cu100,,false,ok,NSW=0 complex; converged relaxed references; matching composition,-0.24310706,/pscratch/sd/j/jcho5/VASP/dft_jobs/H2S_Cu100/singlepoint/PBE,0,/pscratch/sd/j/jcho5/VASP/vasp_slab/Cu100/PBE,/pscratch/sd/j/jcho5/VASP/vasp_mol/H2S/PBE,-231.20902339,-219.76682164,-11.19909469,1000,500,converged,f73facf97ad581c1efa9f6aa109fd746106dd753c52a5b05b95d24268680a9aa,true
Cu100,H2S,pbe_d3,H2S_Cu100,,false,ok,NSW=0 complex; converged relaxed references; matching composition,-0.58129743,/pscratch/sd/j/jcho5/VASP/dft_jobs/H2S_Cu100/singlepoint/PBE_D3,0,/pscratch/sd/j/jcho5/VASP/vasp_slab/Cu100/PBE_D3,/pscratch/sd/j/jcho5/VASP/vasp_mol/H2S/PBE_D3,-252.62159647,-240.84053253,-11.19976651,1000,500,converged,f73facf97ad581c1efa9f6aa109fd746106dd753c52a5b05b95d24268680a9aa,true
Cu100,H2S,r2scan,H2S_Cu100,,false,ok,NSW=0 complex; converged relaxed references; matching composition,-0.11161561,/pscratch/sd/j/jcho5/VASP/dft_jobs/H2S_Cu100/singlepoint/r2scan,0,/pscratch/sd/j/jcho5/VASP/vasp_slab/Cu100/r2scan,/pscratch/sd/j/jcho5/VASP/vasp_mol/H2S/r2scan,-685.65426072,-670.31649401,-15.2261511,1000,500,converged,f73facf97ad581c1efa9f6aa109fd746106dd753c52a5b05b95d24268680a9aa,true
Cu100,H2S,beef_vdw,H2S_Cu100,,false,ok,NSW=0 complex; converged relaxed references; matching composition,-0.3407799,/pscratch/sd/j/jcho5/VASP/dft_jobs/H2S_Cu100/singlepoint/beef_vdw,0,/pscratch/sd/j/jcho5/VASP/completion_runs/site_gapfill_20260914/slab/C2H4_Cu100/beef_vdw,/pscratch/sd/j/jcho5/VASP/vasp_mol/H2S/beef_vdw,-20.53127875,-10.5763226,-9.61417625,1000,500,converged,f73facf97ad581c1efa9f6aa109fd746106dd753c52a5b05b95d24268680a9aa,true
Cu110,H2S,pbe,H2S_Cu110,,false,potential_mismatch,Complex and reference PAW potential identities differ or are missing; energy retained only as diagnostic,0.12580437,/pscratch/sd/j/jcho5/VASP/dft_jobs/H2S_Cu110/singlepoint/PBE,0,/pscratch/sd/j/jcho5/VASP/vasp_slab/Cu110/PBE,/pscratch/sd/j/jcho5/VASP/vasp_mol/H2S/PBE,-90.8233237,-79.75003338,-11.19909469,1000,500,converged,faa1eec7f29b8ce81ee161fc6dc62271ea9b74c560dc5bd636eea282fc535c4e,false
Cu110,H2S,pbe_d3,H2S_Cu110,,false,potential_mismatch,Complex and reference PAW potential identities differ or are missing; energy retained only as diagnostic,-0.33367297,/pscratch/sd/j/jcho5/VASP/dft_jobs/H2S_Cu110/singlepoint/PBE_D3,0,/pscratch/sd/j/jcho5/VASP/vasp_slab/Cu110/PBE_D3,/pscratch/sd/j/jcho5/VASP/vasp_mol/H2S/PBE_D3,-97.61841192,-86.08497244,-11.19976651,1000,500,converged,faa1eec7f29b8ce81ee161fc6dc62271ea9b74c560dc5bd636eea282fc535c4e,false
Cu110,H2S,r2scan,H2S_Cu110,,false,potential_mismatch,Complex and reference PAW potential identities differ or are missing; energy retained only as diagnostic,-0.03055169,/pscratch/sd/j/jcho5/VASP/dft_jobs/H2S_Cu110/singlepoint/r2scan,0,/pscratch/sd/j/jcho5/VASP/vasp_slab/Cu110/r2scan,/pscratch/sd/j/jcho5/VASP/vasp_mol/H2S/r2scan,-263.28919839,-248.0324956,-15.2261511,1000,500,converged,faa1eec7f29b8ce81ee161fc6dc62271ea9b74c560dc5bd636eea282fc535c4e,false
Cu110,H2S,beef_vdw,H2S_Cu110,,false,potential_mismatch,Complex and reference PAW potential identities differ or are missing; energy retained only as diagnostic,-31.1460815,/pscratch/sd/j/jcho5/VASP/dft_jobs/H2S_Cu110/singlepoint/beef_vdw,0,/pscratch/sd/j/jcho5/VASP/vasp_slab/Cu110/beef_vdw,/pscratch/sd/j/jcho5/VASP/vasp_mol/H2S/beef_vdw,-10.77506702,29.98519073,-9.61417625,1000,500,converged,faa1eec7f29b8ce81ee161fc6dc62271ea9b74c560dc5bd636eea282fc535c4e,false
Cu111,H2S,pbe,H2S_Cu111,,false,ok,NSW=0 complex; converged relaxed references; matching composition,-0.06379553,/pscratch/sd/j/jcho5/VASP/dft_jobs/H2S_Cu111/singlepoint/PBE,0,/pscratch/sd/j/jcho5/VASP/completion_runs/matched_potential_slabs_20260915/slab/Cu111_28f90def6e/pbe,/pscratch/sd/j/jcho5/VASP/vasp_mol/H2S/PBE,-235.34574335,-224.08285313,-11.19909469,500,500,converged,8f11c969c221dc1514e8343832ebfa05a695c2918c1640f8fd34810984297650,true
Cu111,H2S,pbe_d3,H2S_Cu111,,false,ok,NSW=0 complex; converged relaxed references; matching composition,-0.33390637,/pscratch/sd/j/jcho5/VASP/dft_jobs/H2S_Cu111/singlepoint/PBE_D3,0,/pscratch/sd/j/jcho5/VASP/completion_runs/matched_potential_slabs_20260915/slab/Cu111_6058af94f0/pbe_d3,/pscratch/sd/j/jcho5/VASP/vasp_mol/H2S/PBE_D3,-258.10319571,-246.56952283,-11.19976651,500,500,converged,8f11c969c221dc1514e8343832ebfa05a695c2918c1640f8fd34810984297650,true
Cu111,H2S,r2scan,H2S_Cu111,,false,ok,NSW=0 complex; converged relaxed references; matching composition,0.05749916,/pscratch/sd/j/jcho5/VASP/dft_jobs/H2S_Cu111/singlepoint/r2scan,0,/pscratch/sd/j/jcho5/VASP/completion_runs/matched_potential_slabs_20260915/slab/Cu111_96724abedd/r2scan,/pscratch/sd/j/jcho5/VASP/vasp_mol/H2S/r2scan,-690.59886912,-675.43021718,-15.2261511,500,500,converged,8f11c969c221dc1514e8343832ebfa05a695c2918c1640f8fd34810984297650,true
Cu111,H2S,beef_vdw,H2S_Cu111,,false,ok,NSW=0 complex; converged relaxed references; matching composition,-0.20028996,/pscratch/sd/j/jcho5/VASP/dft_jobs/H2S_Cu111/singlepoint/beef_vdw,0,/pscratch/sd/j/jcho5/VASP/completion_runs/matched_potential_slabs_20260915/slab/Cu111_11f50e50d8/beef_vdw,/pscratch/sd/j/jcho5/VASP/vasp_mol/H2S/beef_vdw,-24.41440936,-14.59994315,-9.61417625,500,500,converged,8f11c969c221dc1514e8343832ebfa05a695c2918c1640f8fd34810984297650,true
Ir100,H2S,pbe,H2S_Ir100,,false,ok,NSW=0 complex; converged relaxed references; matching composition,-2.52847488,/pscratch/sd/j/jcho5/VASP/dft_jobs/H2S_Ir100/singlepoint/PBE,0,/pscratch/sd/j/jcho5/VASP/vasp_slab/Ir100/PBE,/pscratch/sd/j/jcho5/VASP/vasp_mol/H2S/PBE,-308.12858371,-294.40101414,-11.19909469,1000,500,converged,3a38b3473f6e34e21d488ccfb9d8f6f12d9c7dc52dfaa0f4c8d472cc116e7ace,true
Ir100,H2S,pbe_d3,H2S_Ir100,,false,ok,NSW=0 complex; converged relaxed references; matching composition,-2.99609815,/pscratch/sd/j/jcho5/VASP/dft_jobs/H2S_Ir100/singlepoint/PBE_D3,0,/pscratch/sd/j/jcho5/VASP/vasp_slab/Ir100/PBE_D3,/pscratch/sd/j/jcho5/VASP/vasp_mol/H2S/PBE_D3,-325.79831444,-311.60244978,-11.19976651,1000,500,converged,3a38b3473f6e34e21d488ccfb9d8f6f12d9c7dc52dfaa0f4c8d472cc116e7ace,true
Ir100,H2S,r2scan,H2S_Ir100,,false,ok,NSW=0 complex; converged relaxed references; matching composition,-2.88812127,/pscratch/sd/j/jcho5/VASP/dft_jobs/H2S_Ir100/singlepoint/r2scan,0,/pscratch/sd/j/jcho5/VASP/completion_runs/site_gapfill_20260914/slab/C2H4_Ir100/r2scan,/pscratch/sd/j/jcho5/VASP/vasp_mol/H2S/r2scan,-1876.77975712,-1858.66548475,-15.2261511,1000,500,converged,3a38b3473f6e34e21d488ccfb9d8f6f12d9c7dc52dfaa0f4c8d472cc116e7ace,true
Ir100,H2S,beef_vdw,H2S_Ir100,,false,ok,NSW=0 complex; converged relaxed references; matching composition,-2.45910654,/pscratch/sd/j/jcho5/VASP/dft_jobs/H2S_Ir100/singlepoint/beef_vdw,0,/pscratch/sd/j/jcho5/VASP/vasp_slab/Ir100/beef_vdw,/pscratch/sd/j/jcho5/VASP/vasp_mol/H2S/beef_vdw,-195.09084938,-183.01756659,-9.61417625,1000,500,converged,3a38b3473f6e34e21d488ccfb9d8f6f12d9c7dc52dfaa0f4c8d472cc116e7ace,true
Ir110,H2S,pbe,H2S_Ir110,,false,ok,NSW=0 complex; converged relaxed references; matching composition,-2.6286016,/pscratch/sd/j/jcho5/VASP/dft_jobs/H2S_Ir110/singlepoint/PBE,0,/pscratch/sd/j/jcho5/VASP/vasp_slab/Ir110/PBE,/pscratch/sd/j/jcho5/VASP/vasp_mol/H2S/PBE,-199.620482,-185.79278571,-11.19909469,1000,500,converged,6fb23db982465af09304cd75e3d1fc15e4eb7d81502fe85fa4c63927be3f4e46,true
Ir110,H2S,pbe_d3,H2S_Ir110,,false,ok,NSW=0 complex; converged relaxed references; matching composition,-3.03571524,/pscratch/sd/j/jcho5/VASP/dft_jobs/H2S_Ir110/singlepoint/PBE_D3,0,/pscratch/sd/j/jcho5/VASP/vasp_slab/Ir110/PBE_D3,/pscratch/sd/j/jcho5/VASP/vasp_mol/H2S/PBE_D3,-209.37370325,-195.1382215,-11.19976651,1000,500,converged,6fb23db982465af09304cd75e3d1fc15e4eb7d81502fe85fa4c63927be3f4e46,true
Ir110,H2S,r2scan,H2S_Ir110,,false,ok,NSW=0 complex; converged relaxed references; matching composition,-2.61769293,/pscratch/sd/j/jcho5/VASP/dft_jobs/H2S_Ir110/singlepoint/r2scan,0,/pscratch/sd/j/jcho5/VASP/vasp_slab/Ir110/r2scan,/pscratch/sd/j/jcho5/VASP/vasp_mol/H2S/r2scan,-1246.5205957,-1228.67675167,-15.2261511,1000,500,converged,6fb23db982465af09304cd75e3d1fc15e4eb7d81502fe85fa4c63927be3f4e46,true
Ir110,H2S,beef_vdw,H2S_Ir110,,false,ok,NSW=0 complex; converged relaxed references; matching composition,-2.66724344,/pscratch/sd/j/jcho5/VASP/dft_jobs/H2S_Ir110/singlepoint/beef_vdw,0,/pscratch/sd/j/jcho5/VASP/vasp_slab/Ir110/beef_vdw,/pscratch/sd/j/jcho5/VASP/vasp_mol/H2S/beef_vdw,-123.53391723,-111.25249754,-9.61417625,1000,500,converged,6fb23db982465af09304cd75e3d1fc15e4eb7d81502fe85fa4c63927be3f4e46,true
Ir111,H2S,pbe,H2S_Ir111,,false,ok,NSW=0 complex; converged relaxed references; matching composition,-0.67359452,/pscratch/sd/j/jcho5/VASP/dft_jobs/H2S_Ir111/singlepoint/PBE,0,/pscratch/sd/j/jcho5/VASP/vasp_slab/Ir111/PBE,/pscratch/sd/j/jcho5/VASP/vasp_mol/H2S/PBE,-550.18463211,-538.3119429,-11.19909469,1000,500,converged,72a7019abf3a8cf4556f272952978ed0ce9f4a5ae095120f4298685604ce9992,true
Ir111,H2S,pbe_d3,H2S_Ir111,,false,ok,NSW=0 complex; converged relaxed references; matching composition,-0.90489088,/pscratch/sd/j/jcho5/VASP/dft_jobs/H2S_Ir111/singlepoint/PBE_D3,0,/pscratch/sd/j/jcho5/VASP/vasp_slab/Ir111/PBE_D3,/pscratch/sd/j/jcho5/VASP/vasp_mol/H2S/PBE_D3,-582.88770134,-570.78304395,-11.19976651,1000,500,converged,72a7019abf3a8cf4556f272952978ed0ce9f4a5ae095120f4298685604ce9992,true
Ir111,H2S,r2scan,H2S_Ir111,,false,ok,NSW=0 complex; converged relaxed references; matching composition,-0.68506087,/pscratch/sd/j/jcho5/VASP/dft_jobs/H2S_Ir111/singlepoint/r2scan,0,/pscratch/sd/j/jcho5/VASP/vasp_slab/Ir111/r2scan,/pscratch/sd/j/jcho5/VASP/vasp_mol/H2S/r2scan,-3336.59435406,-3320.68314209,-15.2261511,1000,500,converged,72a7019abf3a8cf4556f272952978ed0ce9f4a5ae095120f4298685604ce9992,true
Ir111,H2S,beef_vdw,H2S_Ir111,,false,ok,NSW=0 complex; converged relaxed references; matching composition,-0.84153663,/pscratch/sd/j/jcho5/VASP/dft_jobs/H2S_Ir111/singlepoint/beef_vdw,0,/pscratch/sd/j/jcho5/VASP/vasp_slab/Ir111/beef_vdw,/pscratch/sd/j/jcho5/VASP/vasp_mol/H2S/beef_vdw,-349.9426828,-339.48696992,-9.61417625,1000,500,converged,72a7019abf3a8cf4556f272952978ed0ce9f4a5ae095120f4298685604ce9992,true
Pd100,H2S,pbe,H2S_Pd100,,false,potential_mismatch,Complex and reference PAW potential identities differ or are missing; energy retained only as diagnostic,-0.90856072,/pscratch/sd/j/jcho5/VASP/dft_jobs/H2S_Pd100/singlepoint/PBE,0,/pscratch/sd/j/jcho5/VASP/vasp_slab/Pd100/PBE,/pscratch/sd/j/jcho5/VASP/vasp_mol/H2S/PBE,-187.40944793,-175.30179252,-11.19909469,1000,500,converged,6891bc9df3854ec94a7f5800885e3784edc457942b9f399dbdd0261c54ab9e60,false
Pd100,H2S,pbe_d3,H2S_Pd100,,false,potential_mismatch,Complex and reference PAW potential identities differ or are missing; energy retained only as diagnostic,-1.26399529,/pscratch/sd/j/jcho5/VASP/dft_jobs/H2S_Pd100/singlepoint/PBE_D3,0,/pscratch/sd/j/jcho5/VASP/vasp_slab/Pd100/PBE_D3,/pscratch/sd/j/jcho5/VASP/vasp_mol/H2S/PBE_D3,-201.92416861,-189.46040681,-11.19976651,1000,500,converged,6891bc9df3854ec94a7f5800885e3784edc457942b9f399dbdd0261c54ab9e60,false
Pd100,H2S,r2scan,H2S_Pd100,,false,ok,NSW=0 complex; converged relaxed references; matching composition,-0.84409418,/pscratch/sd/j/jcho5/VASP/dft_jobs/H2S_Pd100/singlepoint/r2scan,0,/pscratch/sd/j/jcho5/VASP/completion_runs/matched_potential_slabs_20260915/slab/Pd100_25986b23a9/r2scan,/pscratch/sd/j/jcho5/VASP/vasp_mol/H2S/r2scan,-828.53937851,-812.46913323,-15.2261511,500,500,converged,6891bc9df3854ec94a7f5800885e3784edc457942b9f399dbdd0261c54ab9e60,true
Pd100,H2S,beef_vdw,H2S_Pd100,,false,ok,NSW=0 complex; converged relaxed references; matching composition,-0.62021642,/pscratch/sd/j/jcho5/VASP/dft_jobs/H2S_Pd100/singlepoint/beef_vdw,0,/pscratch/sd/j/jcho5/VASP/completion_runs/matched_potential_slabs_20260915/slab/Pd100_b7d9b89afa/beef_vdw,/pscratch/sd/j/jcho5/VASP/vasp_mol/H2S/beef_vdw,-63.40394274,-53.16955007,-9.61417625,500,500,converged,6891bc9df3854ec94a7f5800885e3784edc457942b9f399dbdd0261c54ab9e60,true
Pd110,H2S,pbe,H2S_Pd110,,false,potential_mismatch,Complex and reference PAW potential identities differ or are missing; energy retained only as diagnostic,-1.01234348,/pscratch/sd/j/jcho5/VASP/dft_jobs/H2S_Pd110/singlepoint/PBE,0,/pscratch/sd/j/jcho5/VASP/vasp_slab/Pd110/PBE,/pscratch/sd/j/jcho5/VASP/vasp_mol/H2S/PBE,-123.04561762,-110.83417945,-11.19909469,1000,500,converged,eb70c7578e447f642a5abfade97b09181f9c117e94b754f7273916607b7fce8f,false
Pd110,H2S,pbe_d3,H2S_Pd110,,false,potential_mismatch,Complex and reference PAW potential identities differ or are missing; energy retained only as diagnostic,-1.43319781,/pscratch/sd/j/jcho5/VASP/dft_jobs/H2S_Pd110/singlepoint/PBE_D3,0,/pscratch/sd/j/jcho5/VASP/vasp_slab/Pd110/PBE_D3,/pscratch/sd/j/jcho5/VASP/vasp_mol/H2S/PBE_D3,-131.15609837,-118.52313405,-11.19976651,1000,500,converged,eb70c7578e447f642a5abfade97b09181f9c117e94b754f7273916607b7fce8f,false
Pd110,H2S,r2scan,H2S_Pd110,,false,ok,NSW=0 complex; converged relaxed references; matching composition,-0.98484371,/pscratch/sd/j/jcho5/VASP/dft_jobs/H2S_Pd110/singlepoint/r2scan,0,/pscratch/sd/j/jcho5/VASP/completion_runs/matched_potential_slabs_20260915/slab/Pd110_2eb6224610/r2scan,/pscratch/sd/j/jcho5/VASP/vasp_mol/H2S/r2scan,-551.24496746,-535.03397265,-15.2261511,500,500,converged,eb70c7578e447f642a5abfade97b09181f9c117e94b754f7273916607b7fce8f,true
Pd110,H2S,beef_vdw,H2S_Pd110,,false,ok,NSW=0 complex; converged relaxed references; matching composition,-0.9191751,/pscratch/sd/j/jcho5/VASP/dft_jobs/H2S_Pd110/singlepoint/beef_vdw,0,/pscratch/sd/j/jcho5/VASP/completion_runs/matched_potential_slabs_20260915/slab/Pd110_7655ac7da9/beef_vdw,/pscratch/sd/j/jcho5/VASP/vasp_mol/H2S/beef_vdw,-39.89363852,-29.36028717,-9.61417625,500,500,converged,eb70c7578e447f642a5abfade97b09181f9c117e94b754f7273916607b7fce8f,true
Pd111,H2S,pbe,H2S_Pd111,,false,ok,NSW=0 complex; converged relaxed references; matching composition,-0.58179715,/pscratch/sd/j/jcho5/VASP/dft_jobs/H2S_Pd111/singlepoint/PBE,0,/pscratch/sd/j/jcho5/VASP/completion_runs/matched_potential_slabs_20260915/slab/Pd111_ffc3f47166/pbe,/pscratch/sd/j/jcho5/VASP/vasp_mol/H2S/PBE,-189.91059087,-178.12969903,-11.19909469,500,500,converged,b0617fdd948b83972c6d6a353378d9a10cd32b30b9b1fe6acf0a9fbbafd90781,true
Pd111,H2S,pbe_d3,H2S_Pd111,,false,ok,NSW=0 complex; converged relaxed references; matching composition,-0.92195179,/pscratch/sd/j/jcho5/VASP/dft_jobs/H2S_Pd111/singlepoint/PBE_D3,0,/pscratch/sd/j/jcho5/VASP/completion_runs/matched_potential_slabs_20260915/slab/Pd111_0333765c8d/pbe_d3,/pscratch/sd/j/jcho5/VASP/vasp_mol/H2S/PBE_D3,-205.18484,-193.0631217,-11.19976651,500,500,converged,b0617fdd948b83972c6d6a353378d9a10cd32b30b9b1fe6acf0a9fbbafd90781,true
Pd111,H2S,r2scan,H2S_Pd111,,false,reference_unavailable,No converged relaxed references with matching functional/composition,,/pscratch/sd/j/jcho5/VASP/dft_jobs/H2S_Pd111/singlepoint/r2scan,0,,/pscratch/sd/j/jcho5/VASP/vasp_mol/H2S/r2scan,-831.44619185,,-15.2261511,,500,converged,b0617fdd948b83972c6d6a353378d9a10cd32b30b9b1fe6acf0a9fbbafd90781,false
Pd111,H2S,beef_vdw,H2S_Pd111,,false,ok,NSW=0 complex; converged relaxed references; matching composition,-0.54322971,/pscratch/sd/j/jcho5/VASP/dft_jobs/H2S_Pd111/singlepoint/beef_vdw,0,/pscratch/sd/j/jcho5/VASP/completion_runs/matched_potential_slabs_20260915/slab/Pd111_f1f527eac1/beef_vdw,/pscratch/sd/j/jcho5/VASP/vasp_mol/H2S/beef_vdw,-65.61181044,-55.45440448,-9.61417625,500,500,converged,b0617fdd948b83972c6d6a353378d9a10cd32b30b9b1fe6acf0a9fbbafd90781,true
Pt100,H2S,pbe,H2S_Pt100,,false,potential_mismatch,Complex and reference PAW potential identities differ or are missing; energy retained only as diagnostic,-1.3525317,/pscratch/sd/j/jcho5/VASP/dft_jobs/H2S_Pt100/singlepoint/PBE,0,/pscratch/sd/j/jcho5/VASP/vasp_slab/Pt100/PBE,/pscratch/sd/j/jcho5/VASP/vasp_mol/H2S/PBE,-215.57875499,-203.0271286,-11.19909469,1000,500,converged,63ca2d98b7f5f757205c6fa977a3e2d3b60712ba260792bc4a840020cde1b859,false
Pt100,H2S,pbe_d3,H2S_Pt100,,false,potential_mismatch,Complex and reference PAW potential identities differ or are missing; energy retained only as diagnostic,-1.73183736,/pscratch/sd/j/jcho5/VASP/dft_jobs/H2S_Pt100/singlepoint/PBE_D3,0,/pscratch/sd/j/jcho5/VASP/vasp_slab/Pt100/PBE_D3,/pscratch/sd/j/jcho5/VASP/vasp_mol/H2S/PBE_D3,-234.96727912,-222.03567525,-11.19976651,1000,500,converged,63ca2d98b7f5f757205c6fa977a3e2d3b60712ba260792bc4a840020cde1b859,false
Pt100,H2S,r2scan,H2S_Pt100,,false,potential_mismatch,Complex and reference PAW potential identities differ or are missing; energy retained only as diagnostic,-1.75369235,/pscratch/sd/j/jcho5/VASP/dft_jobs/H2S_Pt100/singlepoint/r2scan,0,/pscratch/sd/j/jcho5/VASP/vasp_slab/Pt100/r2scan,/pscratch/sd/j/jcho5/VASP/vasp_mol/H2S/r2scan,-1852.67120243,-1835.69135898,-15.2261511,1000,500,converged,63ca2d98b7f5f757205c6fa977a3e2d3b60712ba260792bc4a840020cde1b859,false
Pt100,H2S,beef_vdw,H2S_Pt100,,false,potential_mismatch,Complex and reference PAW potential identities differ or are missing; energy retained only as diagnostic,-34.74531558,/pscratch/sd/j/jcho5/VASP/dft_jobs/H2S_Pt100/singlepoint/beef_vdw,0,/pscratch/sd/j/jcho5/VASP/vasp_slab/Pt100/beef_vdw,/pscratch/sd/j/jcho5/VASP/vasp_mol/H2S/beef_vdw,-104.40279129,-60.04329946,-9.61417625,1000,500,converged,63ca2d98b7f5f757205c6fa977a3e2d3b60712ba260792bc4a840020cde1b859,false
Pt110,H2S,pbe,H2S_Pt110,,false,potential_mismatch,Complex and reference PAW potential identities differ or are missing; energy retained only as diagnostic,-2.40813882,/pscratch/sd/j/jcho5/VASP/dft_jobs/H2S_Pt110/singlepoint/PBE,0,/pscratch/sd/j/jcho5/VASP/vasp_slab/Pt110/PBE,/pscratch/sd/j/jcho5/VASP/vasp_mol/H2S/PBE,-141.90819673,-128.30096322,-11.19909469,1000,500,converged,5db0063ce67ec592e657b45694bba5cb1f7b5e7fc4e61e9a6e1942bcfa377da5,false
Pt110,H2S,pbe_d3,H2S_Pt110,,false,potential_mismatch,Complex and reference PAW potential identities differ or are missing; energy retained only as diagnostic,-2.91062705,/pscratch/sd/j/jcho5/VASP/dft_jobs/H2S_Pt110/singlepoint/PBE_D3,0,/pscratch/sd/j/jcho5/VASP/vasp_slab/Pt110/PBE_D3,/pscratch/sd/j/jcho5/VASP/vasp_mol/H2S/PBE_D3,-152.68354125,-138.57314769,-11.19976651,1000,500,converged,5db0063ce67ec592e657b45694bba5cb1f7b5e7fc4e61e9a6e1942bcfa377da5,false
Pt110,H2S,r2scan,H2S_Pt110,,false,potential_mismatch,Complex and reference PAW potential identities differ or are missing; energy retained only as diagnostic,-2.76453427,/pscratch/sd/j/jcho5/VASP/dft_jobs/H2S_Pt110/singlepoint/r2scan,0,/pscratch/sd/j/jcho5/VASP/vasp_slab/Pt110/r2scan,/pscratch/sd/j/jcho5/VASP/vasp_mol/H2S/r2scan,-1234.07699242,-1216.08630705,-15.2261511,1000,500,converged,5db0063ce67ec592e657b45694bba5cb1f7b5e7fc4e61e9a6e1942bcfa377da5,false
Pt110,H2S,beef_vdw,H2S_Pt110,,false,potential_mismatch,Complex and reference PAW potential identities differ or are missing; energy retained only as diagnostic,-24.67407552,/pscratch/sd/j/jcho5/VASP/dft_jobs/H2S_Pt110/singlepoint/beef_vdw,0,/pscratch/sd/j/jcho5/VASP/vasp_slab/Pt110/beef_vdw,/pscratch/sd/j/jcho5/VASP/vasp_mol/H2S/beef_vdw,-66.96782043,-32.67956866,-9.61417625,1000,500,converged,5db0063ce67ec592e657b45694bba5cb1f7b5e7fc4e61e9a6e1942bcfa377da5,false
Pt111,H2S,pbe,H2S_Pt111_top,top,false,ok,NSW=0 complex; converged relaxed references; matching composition,-0.63127191,/pscratch/sd/j/jcho5/VASP/dft_jobs/H2S_Pt111_top/singlepoint/PBE,0,/pscratch/sd/j/jcho5/VASP/completion_runs/matched_potential_slabs_20260915/slab/Pt111_ac28ddddd3/pbe,/pscratch/sd/j/jcho5/VASP/vasp_mol/H2S/PBE,-220.52628984,-208.69592324,-11.19909469,500,500,converged,f734fc56dd75093064c1e06f811107e0b0d5aea01ab6c60c13b8514be7b55288,true
Pt111,H2S,pbe_d3,H2S_Pt111_top,top,false,ok,NSW=0 complex; converged relaxed references; matching composition,-1.00354077,/pscratch/sd/j/jcho5/VASP/dft_jobs/H2S_Pt111_top/singlepoint/PBE_D3,0,/pscratch/sd/j/jcho5/VASP/completion_runs/matched_potential_slabs_20260915/slab/Pt111_c3286ec1f4/pbe_d3,/pscratch/sd/j/jcho5/VASP/vasp_mol/H2S/PBE_D3,-240.80007426,-228.59676698,-11.19976651,500,500,converged,f734fc56dd75093064c1e06f811107e0b0d5aea01ab6c60c13b8514be7b55288,true
Pt111,H2S,r2scan,H2S_Pt111_top,top,false,reference_unavailable,No converged relaxed references with matching functional/composition,,/pscratch/sd/j/jcho5/VASP/dft_jobs/H2S_Pt111_top/singlepoint/r2scan,0,,/pscratch/sd/j/jcho5/VASP/vasp_mol/H2S/r2scan,-1857.77582957,,-15.2261511,,500,converged,f734fc56dd75093064c1e06f811107e0b0d5aea01ab6c60c13b8514be7b55288,false
Pt111,H2S,beef_vdw,H2S_Pt111_top,top,false,complex_unconverged,electronic_unconverged,,/pscratch/sd/j/jcho5/VASP/dft_jobs/H2S_Pt111_top/singlepoint/beef_vdw,0,,/pscratch/sd/j/jcho5/VASP/vasp_mol/H2S/beef_vdw,-108.68434855,,-9.61417625,,500,electronic_unconverged,f734fc56dd75093064c1e06f811107e0b0d5aea01ab6c60c13b8514be7b55288,false
Rh100,H2S,pbe,H2S_Rh100,,false,potential_mismatch,Complex and reference PAW potential identities differ or are missing; energy retained only as diagnostic,-4.00180107,/pscratch/sd/j/jcho5/VASP/dft_jobs/H2S_Rh100/singlepoint/PBE,0,/pscratch/sd/j/jcho5/VASP/vasp_slab/Rh100/PBE,/pscratch/sd/j/jcho5/VASP/vasp_mol/H2S/PBE,-257.47723583,-242.27634007,-11.19909469,1000,500,converged,e0523a1750c6f8451443f93498c2d752a3ea4c6b7f7425047efbe7969fa6a48f,false
Rh100,H2S,pbe_d3,H2S_Rh100,,false,potential_mismatch,Complex and reference PAW potential identities differ or are missing; energy retained only as diagnostic,-4.44418587,/pscratch/sd/j/jcho5/VASP/dft_jobs/H2S_Rh100/singlepoint/PBE_D3,0,/pscratch/sd/j/jcho5/VASP/vasp_slab/Rh100/PBE_D3,/pscratch/sd/j/jcho5/VASP/vasp_mol/H2S/PBE_D3,-271.71939297,-256.07544059,-11.19976651,1000,500,converged,e0523a1750c6f8451443f93498c2d752a3ea4c6b7f7425047efbe7969fa6a48f,false
Rh100,H2S,r2scan,H2S_Rh100,,false,ok,NSW=0 complex; converged relaxed references; matching composition,-3.96856618,/pscratch/sd/j/jcho5/VASP/dft_jobs/H2S_Rh100/singlepoint/r2scan,0,/pscratch/sd/j/jcho5/VASP/completion_runs/matched_potential_slabs_20260915/slab/Rh100_84c2195556/r2scan,/pscratch/sd/j/jcho5/VASP/vasp_mol/H2S/r2scan,-867.57238236,-848.37766508,-15.2261511,500,500,converged,e0523a1750c6f8451443f93498c2d752a3ea4c6b7f7425047efbe7969fa6a48f,true
Rh100,H2S,beef_vdw,H2S_Rh100,,false,ok,NSW=0 complex; converged relaxed references; matching composition,-3.39810489,/pscratch/sd/j/jcho5/VASP/dft_jobs/H2S_Rh100/singlepoint/beef_vdw,0,/pscratch/sd/j/jcho5/VASP/completion_runs/matched_potential_slabs_20260915/slab/Rh100_b2891dc541/beef_vdw,/pscratch/sd/j/jcho5/VASP/vasp_mol/H2S/beef_vdw,-143.50571744,-130.4934363,-9.61417625,500,500,converged,e0523a1750c6f8451443f93498c2d752a3ea4c6b7f7425047efbe7969fa6a48f,true
Rh110,H2S,pbe,H2S_Rh110,,false,potential_mismatch,Complex and reference PAW potential identities differ or are missing; energy retained only as diagnostic,-2.11922575,/pscratch/sd/j/jcho5/VASP/dft_jobs/H2S_Rh110/singlepoint/PBE,0,/pscratch/sd/j/jcho5/VASP/vasp_slab/Rh110/PBE,/pscratch/sd/j/jcho5/VASP/vasp_mol/H2S/PBE,-166.37627974,-153.0579593,-11.19909469,1000,500,converged,f2bc7d5c5b80e0ed950e6aac52c912e6ccb7e8acdc2b9eb41bf0a912ea29c3c8,false
Rh110,H2S,pbe_d3,H2S_Rh110,,false,potential_mismatch,Complex and reference PAW potential identities differ or are missing; energy retained only as diagnostic,-2.53712072,/pscratch/sd/j/jcho5/VASP/dft_jobs/H2S_Rh110/singlepoint/PBE_D3,0,/pscratch/sd/j/jcho5/VASP/vasp_slab/Rh110/PBE_D3,/pscratch/sd/j/jcho5/VASP/vasp_mol/H2S/PBE_D3,-174.2250863,-160.48819907,-11.19976651,1000,500,converged,f2bc7d5c5b80e0ed950e6aac52c912e6ccb7e8acdc2b9eb41bf0a912ea29c3c8,false
Rh110,H2S,r2scan,H2S_Rh110,,false,ok,NSW=0 complex; converged relaxed references; matching composition,-1.66470814,/pscratch/sd/j/jcho5/VASP/dft_jobs/H2S_Rh110/singlepoint/r2scan,0,/pscratch/sd/j/jcho5/VASP/completion_runs/matched_potential_slabs_20260915/slab/Rh110_43367cbc6c/r2scan,/pscratch/sd/j/jcho5/VASP/vasp_mol/H2S/r2scan,-575.2198498,-558.32899056,-15.2261511,500,500,converged,f2bc7d5c5b80e0ed950e6aac52c912e6ccb7e8acdc2b9eb41bf0a912ea29c3c8,true
Rh110,H2S,beef_vdw,H2S_Rh110,,false,ok,NSW=0 complex; converged relaxed references; matching composition,-1.82017559,/pscratch/sd/j/jcho5/VASP/dft_jobs/H2S_Rh110/singlepoint/beef_vdw,0,/pscratch/sd/j/jcho5/VASP/completion_runs/matched_potential_slabs_20260915/slab/Rh110_a6be9fa2b9/beef_vdw,/pscratch/sd/j/jcho5/VASP/vasp_mol/H2S/beef_vdw,-90.1268406,-78.69248876,-9.61417625,500,500,converged,f2bc7d5c5b80e0ed950e6aac52c912e6ccb7e8acdc2b9eb41bf0a912ea29c3c8,true
Rh111,H2S,pbe,H2S_Rh111,,false,potential_mismatch,Complex and reference PAW potential identities differ or are missing; energy retained only as diagnostic,-1.33996965,/pscratch/sd/j/jcho5/VASP/dft_jobs/H2S_Rh111/singlepoint/PBE,0,/pscratch/sd/j/jcho5/VASP/vasp_slab/Rh111/PBE,/pscratch/sd/j/jcho5/VASP/vasp_mol/H2S/PBE,-451.68900723,-439.14994289,-11.19909469,1000,500,converged,62bcdbce22b93aaffcbf97f26414f69642adc7820d2ca8fe35bfdb493a965e93,false
Rh111,H2S,pbe_d3,H2S_Rh111,,false,potential_mismatch,Complex and reference PAW potential identities differ or are missing; energy retained only as diagnostic,-1.51673374,/pscratch/sd/j/jcho5/VASP/dft_jobs/H2S_Rh111/singlepoint/PBE_D3,0,/pscratch/sd/j/jcho5/VASP/vasp_slab/Rh111/PBE_D3,/pscratch/sd/j/jcho5/VASP/vasp_mol/H2S/PBE_D3,-477.97792078,-465.26142053,-11.19976651,1000,500,converged,62bcdbce22b93aaffcbf97f26414f69642adc7820d2ca8fe35bfdb493a965e93,false
Rh111,H2S,r2scan,H2S_Rh111,,false,potential_mismatch,Complex and reference PAW potential identities differ or are missing; energy retained only as diagnostic,-1.47591523,/pscratch/sd/j/jcho5/VASP/dft_jobs/H2S_Rh111/singlepoint/r2scan,0,/pscratch/sd/j/jcho5/VASP/vasp_slab/Rh111/r2scan,/pscratch/sd/j/jcho5/VASP/vasp_mol/H2S/r2scan,-1533.59197948,-1516.88991315,-15.2261511,1000,500,converged,62bcdbce22b93aaffcbf97f26414f69642adc7820d2ca8fe35bfdb493a965e93,false
Rh111,H2S,beef_vdw,H2S_Rh111,,false,ok,NSW=0 complex; converged relaxed references; matching composition,-0.83486675,/pscratch/sd/j/jcho5/VASP/dft_jobs/H2S_Rh111/singlepoint/beef_vdw,0,/pscratch/sd/j/jcho5/VASP/completion_runs/matched_potential_slabs_20260915/slab/Rh111_f89b45c425/beef_vdw,/pscratch/sd/j/jcho5/VASP/vasp_mol/H2S/beef_vdw,-250.1338435,-239.6848005,-9.61417625,500,500,converged,62bcdbce22b93aaffcbf97f26414f69642adc7820d2ca8fe35bfdb493a965e93,true
Ag100,HCN,pbe,HCN_Ag100,,false,reference_unavailable,No converged relaxed references with matching functional/composition,,/pscratch/sd/j/jcho5/VASP/dft_jobs/HCN_Ag100/singlepoint/PBE,0,/pscratch/sd/j/jcho5/VASP/vasp_slab/Ag100/PBE,,-110.51473081,-90.12407184,,1000,,converged,f1c601ce0b8877fd68d91151891cb549592cb78683cd4a69ab95c2b75f03004d,false
Ag100,HCN,pbe_d3,HCN_Ag100,,false,reference_unavailable,No converged relaxed references with matching functional/composition,,/pscratch/sd/j/jcho5/VASP/dft_jobs/HCN_Ag100/singlepoint/PBE_D3,0,/pscratch/sd/j/jcho5/VASP/vasp_slab/Ag100/PBE_D3,,-122.90292149,-102.4003605,,1000,,converged,f1c601ce0b8877fd68d91151891cb549592cb78683cd4a69ab95c2b75f03004d,false
Ag100,HCN,r2scan,HCN_Ag100,,false,reference_unavailable,No converged relaxed references with matching functional/composition,,/pscratch/sd/j/jcho5/VASP/dft_jobs/HCN_Ag100/singlepoint/r2scan,0,/pscratch/sd/j/jcho5/VASP/vasp_slab/Ag100/r2scan,,-781.41617355,-759.06403021,,1000,,converged,f1c601ce0b8877fd68d91151891cb549592cb78683cd4a69ab95c2b75f03004d,false
Ag100,HCN,beef_vdw,HCN_Ag100,,false,reference_unavailable,No converged relaxed references with matching functional/composition,,/pscratch/sd/j/jcho5/VASP/dft_jobs/HCN_Ag100/singlepoint/beef_vdw,0,/pscratch/sd/j/jcho5/VASP/vasp_slab/Ag100/beef_vdw,,16.16530719,58.04168493,,1000,,converged,f1c601ce0b8877fd68d91151891cb549592cb78683cd4a69ab95c2b75f03004d,false
Ag110,HCN,pbe,HCN_Ag110,,false,reference_unavailable,No converged relaxed references with matching functional/composition,,/pscratch/sd/j/jcho5/VASP/dft_jobs/HCN_Ag110/singlepoint/PBE,0,/pscratch/sd/j/jcho5/VASP/vasp_slab/Ag110/PBE,,-77.50469422,-57.34530434,,1000,,converged,3de141b07f468a47ab87b20ffa5aa2a222bba17110c521f4c90e2ad17056a0f0,false
Ag110,HCN,pbe_d3,HCN_Ag110,,false,reference_unavailable,No converged relaxed references with matching functional/composition,,/pscratch/sd/j/jcho5/VASP/dft_jobs/HCN_Ag110/singlepoint/PBE_D3,0,/pscratch/sd/j/jcho5/VASP/vasp_slab/Ag110/PBE_D3,,-84.42728638,-64.0841207,,1000,,converged,3de141b07f468a47ab87b20ffa5aa2a222bba17110c521f4c90e2ad17056a0f0,false
Ag110,HCN,r2scan,HCN_Ag110,,false,reference_unavailable,No converged relaxed references with matching functional/composition,,/pscratch/sd/j/jcho5/VASP/dft_jobs/HCN_Ag110/singlepoint/r2scan,0,/pscratch/sd/j/jcho5/VASP/vasp_slab/Ag110/r2scan,,-524.71728321,-502.68023804,,1000,,converged,3de141b07f468a47ab87b20ffa5aa2a222bba17110c521f4c90e2ad17056a0f0,false
Ag110,HCN,beef_vdw,HCN_Ag110,,false,reference_unavailable,No converged relaxed references with matching functional/composition,,/pscratch/sd/j/jcho5/VASP/dft_jobs/HCN_Ag110/singlepoint/beef_vdw,0,/pscratch/sd/j/jcho5/VASP/vasp_slab/Ag110/beef_vdw,,8.07414586,41.61140369,,1000,,converged,3de141b07f468a47ab87b20ffa5aa2a222bba17110c521f4c90e2ad17056a0f0,false
Ag111,HCN,pbe,HCN_Ag111,,false,reference_unavailable,No converged relaxed references with matching functional/composition,,/pscratch/sd/j/jcho5/VASP/dft_jobs/HCN_Ag111/singlepoint/PBE,0,/pscratch/sd/j/jcho5/VASP/completion_runs/matched_potential_slabs_20260915/slab/Ag111_61964c781c/pbe,,-111.93325362,-92.25124769,,500,,converged,317610787219fcf669b994e2ce795e3a2453a5e46a7d9d42a175008e29a2971d,false
Ag111,HCN,pbe_d3,HCN_Ag111,,false,reference_unavailable,No converged relaxed references with matching functional/composition,,/pscratch/sd/j/jcho5/VASP/dft_jobs/HCN_Ag111/singlepoint/PBE_D3,0,/pscratch/sd/j/jcho5/VASP/completion_runs/matched_potential_slabs_20260915/slab/Ag111_71d4cd48c4/pbe_d3,,-124.89702449,-105.22691834,,500,,converged,317610787219fcf669b994e2ce795e3a2453a5e46a7d9d42a175008e29a2971d,false
Ag111,HCN,r2scan,HCN_Ag111,,false,reference_unavailable,No converged relaxed references with matching functional/composition,,/pscratch/sd/j/jcho5/VASP/dft_jobs/HCN_Ag111/singlepoint/r2scan,0,/pscratch/sd/j/jcho5/VASP/completion_runs/matched_potential_slabs_20260915/slab/Ag111_f9365ca685/r2scan,,-783.11876236,-762.04705161,,500,,converged,317610787219fcf669b994e2ce795e3a2453a5e46a7d9d42a175008e29a2971d,false
Ag111,HCN,beef_vdw,HCN_Ag111,,false,reference_unavailable,No converged relaxed references with matching functional/composition,,/pscratch/sd/j/jcho5/VASP/dft_jobs/HCN_Ag111/singlepoint/beef_vdw,0,/pscratch/sd/j/jcho5/VASP/completion_runs/matched_potential_slabs_20260915/slab/Ag111_35207ad13f/beef_vdw,,14.90140746,31.99373684,,500,,converged,317610787219fcf669b994e2ce795e3a2453a5e46a7d9d42a175008e29a2971d,false
Au100,HCN,pbe,HCN_Au100,,false,reference_unavailable,No converged relaxed references with matching functional/composition,,/pscratch/sd/j/jcho5/VASP/dft_jobs/HCN_Au100/singlepoint/PBE,0,/pscratch/sd/j/jcho5/VASP/vasp_slab/Au100/PBE,,-127.79359992,-108.11108078,,1000,,converged,f80005bd55e94e715ddccd5762584c00e482bafef4dd420e72dd4a2ed958859f,false
Au100,HCN,pbe_d3,HCN_Au100,,false,reference_unavailable,No converged relaxed references with matching functional/composition,,/pscratch/sd/j/jcho5/VASP/dft_jobs/HCN_Au100/singlepoint/PBE_D3,0,/pscratch/sd/j/jcho5/VASP/vasp_slab/Au100/PBE_D3,,-144.8872902,-125.13314995,,1000,,converged,f80005bd55e94e715ddccd5762584c00e482bafef4dd420e72dd4a2ed958859f,false
Au100,HCN,r2scan,HCN_Au100,,false,reference_unavailable,No converged relaxed references with matching functional/composition,,/pscratch/sd/j/jcho5/VASP/dft_jobs/HCN_Au100/singlepoint/r2scan,0,/pscratch/sd/j/jcho5/VASP/vasp_slab/Au100/r2scan,,-1833.20192664,-1812.10460465,,1000,,converged,f80005bd55e94e715ddccd5762584c00e482bafef4dd420e72dd4a2ed958859f,false
Au100,HCN,beef_vdw,HCN_Au100,,false,reference_unavailable,No converged relaxed references with matching functional/composition,,/pscratch/sd/j/jcho5/VASP/dft_jobs/HCN_Au100/singlepoint/beef_vdw,0,/pscratch/sd/j/jcho5/VASP/vasp_slab/Au100/beef_vdw,,-14.4196443,2.61952143,,1000,,converged,f80005bd55e94e715ddccd5762584c00e482bafef4dd420e72dd4a2ed958859f,false
Au110,HCN,pbe,HCN_Au110,,false,reference_unavailable,No converged relaxed references with matching functional/composition,,/pscratch/sd/j/jcho5/VASP/dft_jobs/HCN_Au110/singlepoint/PBE,0,/pscratch/sd/j/jcho5/VASP/vasp_slab/Au110/PBE,,-89.54482829,-69.78140854,,1000,,converged,74733b3796f0bb2a30a995dfd63e4c95f7ac13b3542eaf0885507881297e657b,false
Au110,HCN,pbe_d3,HCN_Au110,,false,reference_unavailable,No converged relaxed references with matching functional/composition,,/pscratch/sd/j/jcho5/VASP/dft_jobs/HCN_Au110/singlepoint/PBE_D3,0,/pscratch/sd/j/jcho5/VASP/vasp_slab/Au110/PBE_D3,,-99.11374309,-79.18212693,,1000,,converged,74733b3796f0bb2a30a995dfd63e4c95f7ac13b3542eaf0885507881297e657b,false
Au110,HCN,r2scan,HCN_Au110,,false,reference_unavailable,No converged relaxed references with matching functional/composition,,/pscratch/sd/j/jcho5/VASP/dft_jobs/HCN_Au110/singlepoint/r2scan,0,/pscratch/sd/j/jcho5/VASP/vasp_slab/Au110/r2scan,,-1226.33290108,-1205.07970007,,1000,,converged,74733b3796f0bb2a30a995dfd63e4c95f7ac13b3542eaf0885507881297e657b,false
Au110,HCN,beef_vdw,HCN_Au110,,false,reference_unavailable,No converged relaxed references with matching functional/composition,,/pscratch/sd/j/jcho5/VASP/dft_jobs/HCN_Au110/singlepoint/beef_vdw,0,/pscratch/sd/j/jcho5/VASP/vasp_slab/Au110/beef_vdw,,-12.75232262,4.35535241,,1000,,converged,74733b3796f0bb2a30a995dfd63e4c95f7ac13b3542eaf0885507881297e657b,false
Au111,HCN,pbe,HCN_Au111,,false,reference_unavailable,No converged relaxed references with matching functional/composition,,/pscratch/sd/j/jcho5/VASP/dft_jobs/HCN_Au111/singlepoint/PBE,0,,,-129.83423033,,,,,converged,dafbbb6c45566e4cffc70d78be614995311ce1e51ba13339d75013fcc07f7a41,false
Au111,HCN,pbe_d3,HCN_Au111,,false,reference_unavailable,No converged relaxed references with matching functional/composition,,/pscratch/sd/j/jcho5/VASP/dft_jobs/HCN_Au111/singlepoint/PBE_D3,0,,,-147.58486629,,,,,converged,dafbbb6c45566e4cffc70d78be614995311ce1e51ba13339d75013fcc07f7a41,false
Au111,HCN,r2scan,HCN_Au111,,false,reference_unavailable,No converged relaxed references with matching functional/composition,,/pscratch/sd/j/jcho5/VASP/dft_jobs/HCN_Au111/singlepoint/r2scan,0,,,-1835.53016222,,,,,converged,dafbbb6c45566e4cffc70d78be614995311ce1e51ba13339d75013fcc07f7a41,false
Au111,HCN,beef_vdw,HCN_Au111,,false,reference_unavailable,No converged relaxed references with matching functional/composition,,/pscratch/sd/j/jcho5/VASP/dft_jobs/HCN_Au111/singlepoint/beef_vdw,0,,,-16.13784021,,,,,converged,dafbbb6c45566e4cffc70d78be614995311ce1e51ba13339d75013fcc07f7a41,false
Ir100,HCN,pbe,HCN_Ir100,,false,reference_unavailable,No converged relaxed references with matching functional/composition,,/pscratch/sd/j/jcho5/VASP/dft_jobs/HCN_Ir100/singlepoint/PBE,0,/pscratch/sd/j/jcho5/VASP/vasp_slab/Ir100/PBE,,-315.07880453,-294.40101414,,1000,,converged,7aa02182bbc4fb60d7c1bf623199a617ace8dc7c0299cb497ae377a1d03184ee,false
Ir100,HCN,pbe_d3,HCN_Ir100,,false,reference_unavailable,No converged relaxed references with matching functional/composition,,/pscratch/sd/j/jcho5/VASP/dft_jobs/HCN_Ir100/singlepoint/PBE_D3,0,/pscratch/sd/j/jcho5/VASP/vasp_slab/Ir100/PBE_D3,,-332.54803959,-311.60244978,,1000,,converged,7aa02182bbc4fb60d7c1bf623199a617ace8dc7c0299cb497ae377a1d03184ee,false
Ir100,HCN,r2scan,HCN_Ir100,,false,reference_unavailable,No converged relaxed references with matching functional/composition,,/pscratch/sd/j/jcho5/VASP/dft_jobs/HCN_Ir100/singlepoint/r2scan,0,/pscratch/sd/j/jcho5/VASP/completion_runs/site_gapfill_20260914/slab/C2H4_Ir100/r2scan,,-1880.9902402,-1858.66548475,,1000,,converged,7aa02182bbc4fb60d7c1bf623199a617ace8dc7c0299cb497ae377a1d03184ee,false
Ir100,HCN,beef_vdw,HCN_Ir100,,false,reference_unavailable,No converged relaxed references with matching functional/composition,,/pscratch/sd/j/jcho5/VASP/dft_jobs/HCN_Ir100/singlepoint/beef_vdw,0,/pscratch/sd/j/jcho5/VASP/vasp_slab/Ir100/beef_vdw,,-200.8795091,-183.01756659,,1000,,converged,7aa02182bbc4fb60d7c1bf623199a617ace8dc7c0299cb497ae377a1d03184ee,false
Ir110,HCN,pbe,HCN_Ir110,,false,reference_unavailable,No converged relaxed references with matching functional/composition,,/pscratch/sd/j/jcho5/VASP/dft_jobs/HCN_Ir110/singlepoint/PBE,0,/pscratch/sd/j/jcho5/VASP/vasp_slab/Ir110/PBE,,-207.35459007,-185.79278571,,1000,,converged,d2b1f8f1b65e16e12dacae1739bbea8c0e1bd388fd4ca35445a18ed477c69c15,false
Ir110,HCN,pbe_d3,HCN_Ir110,,false,reference_unavailable,No converged relaxed references with matching functional/composition,,/pscratch/sd/j/jcho5/VASP/dft_jobs/HCN_Ir110/singlepoint/PBE_D3,0,/pscratch/sd/j/jcho5/VASP/vasp_slab/Ir110/PBE_D3,,-216.9812544,-195.1382215,,1000,,converged,d2b1f8f1b65e16e12dacae1739bbea8c0e1bd388fd4ca35445a18ed477c69c15,false
Ir110,HCN,r2scan,HCN_Ir110,,false,reference_unavailable,No converged relaxed references with matching functional/composition,,/pscratch/sd/j/jcho5/VASP/dft_jobs/HCN_Ir110/singlepoint/r2scan,0,/pscratch/sd/j/jcho5/VASP/vasp_slab/Ir110/r2scan,,-1251.72679401,-1228.67675167,,1000,,converged,d2b1f8f1b65e16e12dacae1739bbea8c0e1bd388fd4ca35445a18ed477c69c15,false
Ir110,HCN,beef_vdw,HCN_Ir110,,false,reference_unavailable,No converged relaxed references with matching functional/composition,,/pscratch/sd/j/jcho5/VASP/dft_jobs/HCN_Ir110/singlepoint/beef_vdw,0,/pscratch/sd/j/jcho5/VASP/vasp_slab/Ir110/beef_vdw,,-130.01239169,-111.25249754,,1000,,converged,d2b1f8f1b65e16e12dacae1739bbea8c0e1bd388fd4ca35445a18ed477c69c15,false
Ir111,HCN,pbe,HCN_Ir111,,false,reference_unavailable,No converged relaxed references with matching functional/composition,,/pscratch/sd/j/jcho5/VASP/dft_jobs/HCN_Ir111/singlepoint/PBE,0,/pscratch/sd/j/jcho5/VASP/vasp_slab/Ir111/PBE,,-558.67049687,-538.3119429,,1000,,converged,7442a9214ef7b1de08944da9743e84934f9db3eda7fb31f4f28ddeb0b83ae659,false
Ir111,HCN,pbe_d3,HCN_Ir111,,false,reference_unavailable,No converged relaxed references with matching functional/composition,,/pscratch/sd/j/jcho5/VASP/dft_jobs/HCN_Ir111/singlepoint/PBE_D3,0,/pscratch/sd/j/jcho5/VASP/vasp_slab/Ir111/PBE_D3,,-591.23190228,-570.78304395,,1000,,converged,7442a9214ef7b1de08944da9743e84934f9db3eda7fb31f4f28ddeb0b83ae659,false
Ir111,HCN,r2scan,HCN_Ir111,,false,reference_unavailable,No converged relaxed references with matching functional/composition,,/pscratch/sd/j/jcho5/VASP/dft_jobs/HCN_Ir111/singlepoint/r2scan,0,/pscratch/sd/j/jcho5/VASP/vasp_slab/Ir111/r2scan,,-3342.50447513,-3320.68314209,,1000,,converged,7442a9214ef7b1de08944da9743e84934f9db3eda7fb31f4f28ddeb0b83ae659,false
Ir111,HCN,beef_vdw,HCN_Ir111,,false,reference_unavailable,No converged relaxed references with matching functional/composition,,/pscratch/sd/j/jcho5/VASP/dft_jobs/HCN_Ir111/singlepoint/beef_vdw,0,/pscratch/sd/j/jcho5/VASP/vasp_slab/Ir111/beef_vdw,,-357.14313445,-339.48696992,,1000,,converged,7442a9214ef7b1de08944da9743e84934f9db3eda7fb31f4f28ddeb0b83ae659,false
Pt111,HCN,pbe,HCN_Pt111_top,top,false,reference_unavailable,No converged relaxed references with matching functional/composition,,/pscratch/sd/j/jcho5/VASP/dft_jobs/HCN_Pt111_top/singlepoint/PBE,0,/pscratch/sd/j/jcho5/VASP/completion_runs/matched_potential_slabs_20260915/slab/Pt111_ac28ddddd3/pbe,,-228.73210784,-208.69592324,,500,,converged,f59c906486b7220f84abc233d5e11404c53a65fd4156331344dad9578ee9e098,false
Pt111,HCN,pbe_d3,HCN_Pt111_top,top,false,reference_unavailable,No converged relaxed references with matching functional/composition,,/pscratch/sd/j/jcho5/VASP/dft_jobs/HCN_Pt111_top/singlepoint/PBE_D3,0,/pscratch/sd/j/jcho5/VASP/completion_runs/matched_potential_slabs_20260915/slab/Pt111_c3286ec1f4/pbe_d3,,-248.82405952,-228.59676698,,500,,converged,f59c906486b7220f84abc233d5e11404c53a65fd4156331344dad9578ee9e098,false
Pt111,HCN,r2scan,HCN_Pt111_top,top,false,reference_unavailable,No converged relaxed references with matching functional/composition,,/pscratch/sd/j/jcho5/VASP/dft_jobs/HCN_Pt111_top/singlepoint/r2scan,0,,,-1863.37498709,,,,,converged,f59c906486b7220f84abc233d5e11404c53a65fd4156331344dad9578ee9e098,false
Pt111,HCN,beef_vdw,HCN_Pt111_top,top,false,complex_unconverged,electronic_unconverged,,/pscratch/sd/j/jcho5/VASP/dft_jobs/HCN_Pt111_top/singlepoint/beef_vdw,0,,,-115.59802061,,,,,electronic_unconverged,f59c906486b7220f84abc233d5e11404c53a65fd4156331344dad9578ee9e098,false
Rh100,HCN,pbe,HCN_Rh100,,false,reference_unavailable,No converged relaxed references with matching functional/composition,,/pscratch/sd/j/jcho5/VASP/dft_jobs/HCN_Rh100/singlepoint/PBE,0,/pscratch/sd/j/jcho5/VASP/vasp_slab/Rh100/PBE,,-263.53177098,-242.27634007,,1000,,converged,b4a8d9e65ede979da290b3d0822859d7deefd6b7bab3ef2f33f9a2b494fe40d0,false
Rh100,HCN,pbe_d3,HCN_Rh100,,false,reference_unavailable,No converged relaxed references with matching functional/composition,,/pscratch/sd/j/jcho5/VASP/dft_jobs/HCN_Rh100/singlepoint/PBE_D3,0,/pscratch/sd/j/jcho5/VASP/vasp_slab/Rh100/PBE_D3,,-277.61872432,-256.07544059,,1000,,converged,b4a8d9e65ede979da290b3d0822859d7deefd6b7bab3ef2f33f9a2b494fe40d0,false
Rh100,HCN,r2scan,HCN_Rh100,,false,reference_unavailable,No converged relaxed references with matching functional/composition,,/pscratch/sd/j/jcho5/VASP/dft_jobs/HCN_Rh100/singlepoint/r2scan,0,/pscratch/sd/j/jcho5/VASP/completion_runs/matched_potential_slabs_20260915/slab/Rh100_84c2195556/r2scan,,-870.93170031,-848.37766508,,500,,converged,b4a8d9e65ede979da290b3d0822859d7deefd6b7bab3ef2f33f9a2b494fe40d0,false
Rh100,HCN,beef_vdw,HCN_Rh100,,false,reference_unavailable,No converged relaxed references with matching functional/composition,,/pscratch/sd/j/jcho5/VASP/dft_jobs/HCN_Rh100/singlepoint/beef_vdw,0,/pscratch/sd/j/jcho5/VASP/completion_runs/matched_potential_slabs_20260915/slab/Rh100_b2891dc541/beef_vdw,,-148.55682123,-130.4934363,,500,,converged,b4a8d9e65ede979da290b3d0822859d7deefd6b7bab3ef2f33f9a2b494fe40d0,false
Rh110,HCN,pbe,HCN_Rh110,,false,reference_unavailable,No converged relaxed references with matching functional/composition,,/pscratch/sd/j/jcho5/VASP/dft_jobs/HCN_Rh110/singlepoint/PBE,0,/pscratch/sd/j/jcho5/VASP/vasp_slab/Rh110/PBE,,-174.42675935,-153.0579593,,1000,,converged,89244c0e9c863a17e05c8cd43c6973df0d293035dc7a1727174f160c6967c2ac,false
Rh110,HCN,pbe_d3,HCN_Rh110,,false,reference_unavailable,No converged relaxed references with matching functional/composition,,/pscratch/sd/j/jcho5/VASP/dft_jobs/HCN_Rh110/singlepoint/PBE_D3,0,/pscratch/sd/j/jcho5/VASP/vasp_slab/Rh110/PBE_D3,,-182.15227288,-160.48819907,,1000,,converged,89244c0e9c863a17e05c8cd43c6973df0d293035dc7a1727174f160c6967c2ac,false
Rh110,HCN,r2scan,HCN_Rh110,,false,reference_unavailable,No converged relaxed references with matching functional/composition,,/pscratch/sd/j/jcho5/VASP/dft_jobs/HCN_Rh110/singlepoint/r2scan,0,/pscratch/sd/j/jcho5/VASP/completion_runs/matched_potential_slabs_20260915/slab/Rh110_43367cbc6c/r2scan,,-580.82452739,-558.32899056,,500,,converged,89244c0e9c863a17e05c8cd43c6973df0d293035dc7a1727174f160c6967c2ac,false
Rh110,HCN,beef_vdw,HCN_Rh110,,false,reference_unavailable,No converged relaxed references with matching functional/composition,,/pscratch/sd/j/jcho5/VASP/dft_jobs/HCN_Rh110/singlepoint/beef_vdw,0,/pscratch/sd/j/jcho5/VASP/completion_runs/matched_potential_slabs_20260915/slab/Rh110_a6be9fa2b9/beef_vdw,,-96.98292423,-78.69248876,,500,,converged,89244c0e9c863a17e05c8cd43c6973df0d293035dc7a1727174f160c6967c2ac,false
Rh111,HCN,pbe,HCN_Rh111,,false,reference_unavailable,No converged relaxed references with matching functional/composition,,/pscratch/sd/j/jcho5/VASP/dft_jobs/HCN_Rh111/singlepoint/PBE,0,/pscratch/sd/j/jcho5/VASP/vasp_slab/Rh111/PBE,,-460.1820719,-439.14994289,,1000,,converged,6df38afc06f59a0e58e3ab270b6235adcef6e065cf535fe06db56cb3424b61ca,false
Rh111,HCN,pbe_d3,HCN_Rh111,,false,reference_unavailable,No converged relaxed references with matching functional/composition,,/pscratch/sd/j/jcho5/VASP/dft_jobs/HCN_Rh111/singlepoint/PBE_D3,0,/pscratch/sd/j/jcho5/VASP/vasp_slab/Rh111/PBE_D3,,-486.34835426,-465.26142053,,1000,,converged,6df38afc06f59a0e58e3ab270b6235adcef6e065cf535fe06db56cb3424b61ca,false
Rh111,HCN,r2scan,HCN_Rh111,,false,reference_unavailable,No converged relaxed references with matching functional/composition,,/pscratch/sd/j/jcho5/VASP/dft_jobs/HCN_Rh111/singlepoint/r2scan,0,/pscratch/sd/j/jcho5/VASP/vasp_slab/Rh111/r2scan,,-1539.53429228,-1516.88991315,,1000,,converged,6df38afc06f59a0e58e3ab270b6235adcef6e065cf535fe06db56cb3424b61ca,false
Rh111,HCN,beef_vdw,HCN_Rh111,,false,reference_unavailable,No converged relaxed references with matching functional/composition,,/pscratch/sd/j/jcho5/VASP/dft_jobs/HCN_Rh111/singlepoint/beef_vdw,0,/pscratch/sd/j/jcho5/VASP/completion_runs/matched_potential_slabs_20260915/slab/Rh111_f89b45c425/beef_vdw,,-257.35148156,-239.6848005,,500,,converged,6df38afc06f59a0e58e3ab270b6235adcef6e065cf535fe06db56cb3424b61ca,false
Ag100,formic_acid,pbe,HCOOH_Ag100,,false,potential_mismatch,Complex and reference PAW potential identities differ or are missing; energy retained only as diagnostic,-0.81300195,/pscratch/sd/j/jcho5/VASP/dft_jobs/HCOOH_Ag100/singlepoint/PBE,0,/pscratch/sd/j/jcho5/VASP/vasp_slab/Ag100/PBE,/pscratch/sd/j/jcho5/VASP/vasp_mol/HCOOH/PBE,-120.81686814,-90.12407184,-29.87979435,1000,500,converged,90c82691fc9ed7e8abbc472770e65d7e813408a607034762994577cf56e5374a,false
Ag100,formic_acid,pbe_d3,HCOOH_Ag100,,false,potential_mismatch,Complex and reference PAW potential identities differ or are missing; energy retained only as diagnostic,-1.02526841,/pscratch/sd/j/jcho5/VASP/dft_jobs/HCOOH_Ag100/singlepoint/PBE_D3,0,/pscratch/sd/j/jcho5/VASP/vasp_slab/Ag100/PBE_D3,/pscratch/sd/j/jcho5/VASP/vasp_mol/HCOOH/PBE_D3,-133.31922429,-102.4003605,-29.89359538,1000,500,converged,90c82691fc9ed7e8abbc472770e65d7e813408a607034762994577cf56e5374a,false
Ag100,formic_acid,r2scan,HCOOH_Ag100,,false,potential_mismatch,Complex and reference PAW potential identities differ or are missing; energy retained only as diagnostic,-1.32128822,/pscratch/sd/j/jcho5/VASP/dft_jobs/HCOOH_Ag100/singlepoint/r2scan,0,/pscratch/sd/j/jcho5/VASP/vasp_slab/Ag100/r2scan,/pscratch/sd/j/jcho5/VASP/vasp_mol/HCOOH/r2scan,-793.01922003,-759.06403021,-32.6339016,1000,500,converged,90c82691fc9ed7e8abbc472770e65d7e813408a607034762994577cf56e5374a,false
Ag100,formic_acid,beef_vdw,HCOOH_Ag100,,false,potential_mismatch,Complex and reference PAW potential identities differ or are missing; energy retained only as diagnostic,-25.16298745,/pscratch/sd/j/jcho5/VASP/dft_jobs/HCOOH_Ag100/singlepoint/beef_vdw,0,/pscratch/sd/j/jcho5/VASP/vasp_slab/Ag100/beef_vdw,/pscratch/sd/j/jcho5/VASP/vasp_mol/HCOOH/beef_vdw,7.92645216,58.04168493,-24.95224532,1000,500,converged,90c82691fc9ed7e8abbc472770e65d7e813408a607034762994577cf56e5374a,false
Ag110,formic_acid,pbe,HCOOH_Ag110,,false,potential_mismatch,Complex and reference PAW potential identities differ or are missing; energy retained only as diagnostic,-0.6200227,/pscratch/sd/j/jcho5/VASP/dft_jobs/HCOOH_Ag110/singlepoint/PBE,0,/pscratch/sd/j/jcho5/VASP/vasp_slab/Ag110/PBE,/pscratch/sd/j/jcho5/VASP/vasp_mol/HCOOH/PBE,-87.84512139,-57.34530434,-29.87979435,1000,500,converged,5118787c4a4cb6477b5d2c3c4aac1695bbd8a62081591b6220e6a58de493c698,false
Ag110,formic_acid,pbe_d3,HCOOH_Ag110,,false,potential_mismatch,Complex and reference PAW potential identities differ or are missing; energy retained only as diagnostic,-0.905424,/pscratch/sd/j/jcho5/VASP/dft_jobs/HCOOH_Ag110/singlepoint/PBE_D3,0,/pscratch/sd/j/jcho5/VASP/vasp_slab/Ag110/PBE_D3,/pscratch/sd/j/jcho5/VASP/vasp_mol/HCOOH/PBE_D3,-94.88314008,-64.0841207,-29.89359538,1000,500,converged,5118787c4a4cb6477b5d2c3c4aac1695bbd8a62081591b6220e6a58de493c698,false
Ag110,formic_acid,r2scan,HCOOH_Ag110,,false,potential_mismatch,Complex and reference PAW potential identities differ or are missing; energy retained only as diagnostic,-1.04437822,/pscratch/sd/j/jcho5/VASP/dft_jobs/HCOOH_Ag110/singlepoint/r2scan,0,/pscratch/sd/j/jcho5/VASP/vasp_slab/Ag110/r2scan,/pscratch/sd/j/jcho5/VASP/vasp_mol/HCOOH/r2scan,-536.35851786,-502.68023804,-32.6339016,1000,500,converged,5118787c4a4cb6477b5d2c3c4aac1695bbd8a62081591b6220e6a58de493c698,false
Ag110,formic_acid,beef_vdw,HCOOH_Ag110,,false,potential_mismatch,Complex and reference PAW potential identities differ or are missing; energy retained only as diagnostic,-16.86777236,/pscratch/sd/j/jcho5/VASP/dft_jobs/HCOOH_Ag110/singlepoint/beef_vdw,0,/pscratch/sd/j/jcho5/VASP/vasp_slab/Ag110/beef_vdw,/pscratch/sd/j/jcho5/VASP/vasp_mol/HCOOH/beef_vdw,-0.20861399,41.61140369,-24.95224532,1000,500,converged,5118787c4a4cb6477b5d2c3c4aac1695bbd8a62081591b6220e6a58de493c698,false
Ag111,formic_acid,pbe,HCOOH_Ag111,,false,ok,NSW=0 complex; converged relaxed references; matching composition,-0.08143403,/pscratch/sd/j/jcho5/VASP/dft_jobs/HCOOH_Ag111/singlepoint/PBE,0,/pscratch/sd/j/jcho5/VASP/completion_runs/matched_potential_slabs_20260915/slab/Ag111_61964c781c/pbe,/pscratch/sd/j/jcho5/VASP/vasp_mol/HCOOH/PBE,-122.21247607,-92.25124769,-29.87979435,500,500,converged,36ab84ea66a5c3264c8b616840b8766b19090c9c5807d1b43287336a67ffc866,true
Ag111,formic_acid,pbe_d3,HCOOH_Ag111,,false,ok,NSW=0 complex; converged relaxed references; matching composition,-0.18505208,/pscratch/sd/j/jcho5/VASP/dft_jobs/HCOOH_Ag111/singlepoint/PBE_D3,0,/pscratch/sd/j/jcho5/VASP/completion_runs/matched_potential_slabs_20260915/slab/Ag111_71d4cd48c4/pbe_d3,/pscratch/sd/j/jcho5/VASP/vasp_mol/HCOOH/PBE_D3,-135.3055658,-105.22691834,-29.89359538,500,500,converged,36ab84ea66a5c3264c8b616840b8766b19090c9c5807d1b43287336a67ffc866,true
Ag111,formic_acid,r2scan,HCOOH_Ag111,,false,ok,NSW=0 complex; converged relaxed references; matching composition,-0.04831106,/pscratch/sd/j/jcho5/VASP/dft_jobs/HCOOH_Ag111/singlepoint/r2scan,0,/pscratch/sd/j/jcho5/VASP/completion_runs/matched_potential_slabs_20260915/slab/Ag111_f9365ca685/r2scan,/pscratch/sd/j/jcho5/VASP/vasp_mol/HCOOH/r2scan,-794.72926427,-762.04705161,-32.6339016,500,500,converged,36ab84ea66a5c3264c8b616840b8766b19090c9c5807d1b43287336a67ffc866,true
Ag111,formic_acid,beef_vdw,HCOOH_Ag111,,false,ok,NSW=0 complex; converged relaxed references; matching composition,-0.34624073,/pscratch/sd/j/jcho5/VASP/dft_jobs/HCOOH_Ag111/singlepoint/beef_vdw,0,/pscratch/sd/j/jcho5/VASP/completion_runs/matched_potential_slabs_20260915/slab/Ag111_35207ad13f/beef_vdw,/pscratch/sd/j/jcho5/VASP/vasp_mol/HCOOH/beef_vdw,6.69525079,31.99373684,-24.95224532,500,500,converged,36ab84ea66a5c3264c8b616840b8766b19090c9c5807d1b43287336a67ffc866,true
Au100,formic_acid,pbe,HCOOH_Au100,,false,reference_unavailable,No converged relaxed references with matching functional/composition,,/pscratch/sd/j/jcho5/VASP/dft_jobs/HCOOH_Au100/singlepoint/PBE,0,,/pscratch/sd/j/jcho5/VASP/vasp_mol/HCOOH/PBE,-221.80368293,,-29.87979435,,500,converged,e0843839f649abcc529facc683916dd464b971088494d8d02f1d7391f8ee9db6,false
Au100,formic_acid,pbe_d3,HCOOH_Au100,,false,reference_unavailable,No converged relaxed references with matching functional/composition,,/pscratch/sd/j/jcho5/VASP/dft_jobs/HCOOH_Au100/singlepoint/PBE_D3,0,,/pscratch/sd/j/jcho5/VASP/vasp_mol/HCOOH/PBE_D3,-252.13823453,,-29.89359538,,500,converged,e0843839f649abcc529facc683916dd464b971088494d8d02f1d7391f8ee9db6,false
Au100,formic_acid,r2scan,HCOOH_Au100,,false,reference_unavailable,No converged relaxed references with matching functional/composition,,/pscratch/sd/j/jcho5/VASP/dft_jobs/HCOOH_Au100/singlepoint/r2scan,0,,/pscratch/sd/j/jcho5/VASP/vasp_mol/HCOOH/r2scan,-3253.62810337,,-32.6339016,,500,converged,e0843839f649abcc529facc683916dd464b971088494d8d02f1d7391f8ee9db6,false
Au100,formic_acid,beef_vdw,HCOOH_Au100,,false,reference_unavailable,No converged relaxed references with matching functional/composition,,/pscratch/sd/j/jcho5/VASP/dft_jobs/HCOOH_Au100/singlepoint/beef_vdw,0,,/pscratch/sd/j/jcho5/VASP/vasp_mol/HCOOH/beef_vdw,-20.05741546,,-24.95224532,,500,converged,e0843839f649abcc529facc683916dd464b971088494d8d02f1d7391f8ee9db6,false
Au110,formic_acid,pbe,HCOOH_Au110,,false,reference_unavailable,No converged relaxed references with matching functional/composition,,/pscratch/sd/j/jcho5/VASP/dft_jobs/HCOOH_Au110/singlepoint/PBE,0,,/pscratch/sd/j/jcho5/VASP/vasp_mol/HCOOH/PBE,-214.30542508,,-29.87979435,,500,converged,3aea0847f25761a1185e69c77baed3c837725208953051ed6c4bb9c48854b0f6,false
Au110,formic_acid,pbe_d3,HCOOH_Au110,,false,reference_unavailable,No converged relaxed references with matching functional/composition,,/pscratch/sd/j/jcho5/VASP/dft_jobs/HCOOH_Au110/singlepoint/PBE_D3,0,,/pscratch/sd/j/jcho5/VASP/vasp_mol/HCOOH/PBE_D3,-239.66014722,,-29.89359538,,500,converged,3aea0847f25761a1185e69c77baed3c837725208953051ed6c4bb9c48854b0f6,false
Au110,formic_acid,r2scan,HCOOH_Au110,,false,reference_unavailable,No converged relaxed references with matching functional/composition,,/pscratch/sd/j/jcho5/VASP/dft_jobs/HCOOH_Au110/singlepoint/r2scan,0,,/pscratch/sd/j/jcho5/VASP/vasp_mol/HCOOH/r2scan,-3244.63185025,,-32.6339016,,500,converged,3aea0847f25761a1185e69c77baed3c837725208953051ed6c4bb9c48854b0f6,false
Au110,formic_acid,beef_vdw,HCOOH_Au110,,false,reference_unavailable,No converged relaxed references with matching functional/composition,,/pscratch/sd/j/jcho5/VASP/dft_jobs/HCOOH_Au110/singlepoint/beef_vdw,0,,/pscratch/sd/j/jcho5/VASP/vasp_mol/HCOOH/beef_vdw,-12.03370098,,-24.95224532,,500,converged,3aea0847f25761a1185e69c77baed3c837725208953051ed6c4bb9c48854b0f6,false
Au111,formic_acid,pbe,HCOOH_Au111,,false,reference_unavailable,No converged relaxed references with matching functional/composition,,/pscratch/sd/j/jcho5/VASP/dft_jobs/HCOOH_Au111/singlepoint/PBE,0,,/pscratch/sd/j/jcho5/VASP/vasp_mol/HCOOH/PBE,-140.13707054,,-29.87979435,,500,converged,5f857f2977bb13c3b78127b455ba5da0c166f5522f0c53518dd7df4977cf237c,false
Au111,formic_acid,pbe_d3,HCOOH_Au111,,false,reference_unavailable,No converged relaxed references with matching functional/composition,,/pscratch/sd/j/jcho5/VASP/dft_jobs/HCOOH_Au111/singlepoint/PBE_D3,0,,/pscratch/sd/j/jcho5/VASP/vasp_mol/HCOOH/PBE_D3,-158.01155665,,-29.89359538,,500,converged,5f857f2977bb13c3b78127b455ba5da0c166f5522f0c53518dd7df4977cf237c,false
Au111,formic_acid,r2scan,HCOOH_Au111,,false,reference_unavailable,No converged relaxed references with matching functional/composition,,/pscratch/sd/j/jcho5/VASP/dft_jobs/HCOOH_Au111/singlepoint/r2scan,0,,/pscratch/sd/j/jcho5/VASP/vasp_mol/HCOOH/r2scan,-1847.15809538,,-32.6339016,,500,converged,5f857f2977bb13c3b78127b455ba5da0c166f5522f0c53518dd7df4977cf237c,false
Au111,formic_acid,beef_vdw,HCOOH_Au111,,false,reference_unavailable,No converged relaxed references with matching functional/composition,,/pscratch/sd/j/jcho5/VASP/dft_jobs/HCOOH_Au111/singlepoint/beef_vdw,0,,/pscratch/sd/j/jcho5/VASP/vasp_mol/HCOOH/beef_vdw,-24.37923834,,-24.95224532,,500,converged,5f857f2977bb13c3b78127b455ba5da0c166f5522f0c53518dd7df4977cf237c,false
Cu100,formic_acid,pbe,HCOOH_Cu100,,false,ok,NSW=0 complex; converged relaxed references; matching composition,-0.24979087,/pscratch/sd/j/jcho5/VASP/dft_jobs/HCOOH_Cu100/singlepoint/PBE,0,/pscratch/sd/j/jcho5/VASP/vasp_slab/Cu100/PBE,/pscratch/sd/j/jcho5/VASP/vasp_mol/HCOOH/PBE,-249.89640686,-219.76682164,-29.87979435,1000,500,converged,75e6d4b7e83b533bf3ca9040a247b6a378a31e64ea5355f884cd620e8eb78960,true
Cu100,formic_acid,pbe_d3,HCOOH_Cu100,,false,ok,NSW=0 complex; converged relaxed references; matching composition,-0.50561814,/pscratch/sd/j/jcho5/VASP/dft_jobs/HCOOH_Cu100/singlepoint/PBE_D3,0,/pscratch/sd/j/jcho5/VASP/vasp_slab/Cu100/PBE_D3,/pscratch/sd/j/jcho5/VASP/vasp_mol/HCOOH/PBE_D3,-271.23974605,-240.84053253,-29.89359538,1000,500,converged,75e6d4b7e83b533bf3ca9040a247b6a378a31e64ea5355f884cd620e8eb78960,true
Cu100,formic_acid,r2scan,HCOOH_Cu100,,false,ok,NSW=0 complex; converged relaxed references; matching composition,-0.20582107,/pscratch/sd/j/jcho5/VASP/dft_jobs/HCOOH_Cu100/singlepoint/r2scan,0,/pscratch/sd/j/jcho5/VASP/vasp_slab/Cu100/r2scan,/pscratch/sd/j/jcho5/VASP/vasp_mol/HCOOH/r2scan,-703.15621668,-670.31649401,-32.6339016,1000,500,converged,75e6d4b7e83b533bf3ca9040a247b6a378a31e64ea5355f884cd620e8eb78960,true
Cu100,formic_acid,beef_vdw,HCOOH_Cu100,,false,ok,NSW=0 complex; converged relaxed references; matching composition,-0.37594821,/pscratch/sd/j/jcho5/VASP/dft_jobs/HCOOH_Cu100/singlepoint/beef_vdw,0,/pscratch/sd/j/jcho5/VASP/completion_runs/site_gapfill_20260914/slab/C2H4_Cu100/beef_vdw,/pscratch/sd/j/jcho5/VASP/vasp_mol/HCOOH/beef_vdw,-35.90451613,-10.5763226,-24.95224532,1000,500,converged,75e6d4b7e83b533bf3ca9040a247b6a378a31e64ea5355f884cd620e8eb78960,true
Cu110,formic_acid,pbe,HCOOH_Cu110,,false,potential_mismatch,Complex and reference PAW potential identities differ or are missing; energy retained only as diagnostic,0.1126504,/pscratch/sd/j/jcho5/VASP/dft_jobs/HCOOH_Cu110/singlepoint/PBE,0,/pscratch/sd/j/jcho5/VASP/vasp_slab/Cu110/PBE,/pscratch/sd/j/jcho5/VASP/vasp_mol/HCOOH/PBE,-109.51717733,-79.75003338,-29.87979435,1000,500,converged,5aead61fdc37071dc572988f53a5ca407bc57dd7cc4dd23fb4f2dd7b77dcfe84,false
Cu110,formic_acid,pbe_d3,HCOOH_Cu110,,false,potential_mismatch,Complex and reference PAW potential identities differ or are missing; energy retained only as diagnostic,-0.27914962,/pscratch/sd/j/jcho5/VASP/dft_jobs/HCOOH_Cu110/singlepoint/PBE_D3,0,/pscratch/sd/j/jcho5/VASP/vasp_slab/Cu110/PBE_D3,/pscratch/sd/j/jcho5/VASP/vasp_mol/HCOOH/PBE_D3,-116.25771744,-86.08497244,-29.89359538,1000,500,converged,5aead61fdc37071dc572988f53a5ca407bc57dd7cc4dd23fb4f2dd7b77dcfe84,false
Cu110,formic_acid,r2scan,HCOOH_Cu110,,false,potential_mismatch,Complex and reference PAW potential identities differ or are missing; energy retained only as diagnostic,-0.11107478,/pscratch/sd/j/jcho5/VASP/dft_jobs/HCOOH_Cu110/singlepoint/r2scan,0,/pscratch/sd/j/jcho5/VASP/vasp_slab/Cu110/r2scan,/pscratch/sd/j/jcho5/VASP/vasp_mol/HCOOH/r2scan,-280.77747198,-248.0324956,-32.6339016,1000,500,converged,5aead61fdc37071dc572988f53a5ca407bc57dd7cc4dd23fb4f2dd7b77dcfe84,false
Cu110,formic_acid,beef_vdw,HCOOH_Cu110,,false,potential_mismatch,Complex and reference PAW potential identities differ or are missing; energy retained only as diagnostic,-31.20762999,/pscratch/sd/j/jcho5/VASP/dft_jobs/HCOOH_Cu110/singlepoint/beef_vdw,0,/pscratch/sd/j/jcho5/VASP/vasp_slab/Cu110/beef_vdw,/pscratch/sd/j/jcho5/VASP/vasp_mol/HCOOH/beef_vdw,-26.17468458,29.98519073,-24.95224532,1000,500,converged,5aead61fdc37071dc572988f53a5ca407bc57dd7cc4dd23fb4f2dd7b77dcfe84,false
Cu111,formic_acid,pbe,HCOOH_Cu111_top,top,false,ok,NSW=0 complex; converged relaxed references; matching composition,-0.12762866,/pscratch/sd/j/jcho5/VASP/dft_jobs/HCOOH_Cu111_top/singlepoint/PBE,0,/pscratch/sd/j/jcho5/VASP/completion_runs/matched_potential_slabs_20260915/slab/Cu111_28f90def6e/pbe,/pscratch/sd/j/jcho5/VASP/vasp_mol/HCOOH/PBE,-254.09027614,-224.08285313,-29.87979435,500,500,converged,3502542ad23fa21bffd6f20c7dadaf548883d2524752de2a8b8259bd8ed8a6c6,true
Cu111,formic_acid,pbe_d3,HCOOH_Cu111_top,top,false,ok,NSW=0 complex; converged relaxed references; matching composition,-0.33046614,/pscratch/sd/j/jcho5/VASP/dft_jobs/HCOOH_Cu111_top/singlepoint/PBE_D3,0,/pscratch/sd/j/jcho5/VASP/completion_runs/matched_potential_slabs_20260915/slab/Cu111_6058af94f0/pbe_d3,/pscratch/sd/j/jcho5/VASP/vasp_mol/HCOOH/PBE_D3,-276.79358435,-246.56952283,-29.89359538,500,500,converged,3502542ad23fa21bffd6f20c7dadaf548883d2524752de2a8b8259bd8ed8a6c6,true
Cu111,formic_acid,r2scan,HCOOH_Cu111_top,top,false,ok,NSW=0 complex; converged relaxed references; matching composition,-0.01720029,/pscratch/sd/j/jcho5/VASP/dft_jobs/HCOOH_Cu111_top/singlepoint/r2scan,0,/pscratch/sd/j/jcho5/VASP/completion_runs/matched_potential_slabs_20260915/slab/Cu111_96724abedd/r2scan,/pscratch/sd/j/jcho5/VASP/vasp_mol/HCOOH/r2scan,-708.08131907,-675.43021718,-32.6339016,500,500,converged,3502542ad23fa21bffd6f20c7dadaf548883d2524752de2a8b8259bd8ed8a6c6,true
Cu111,formic_acid,beef_vdw,HCOOH_Cu111_top,top,false,ok,NSW=0 complex; converged relaxed references; matching composition,-0.30283602,/pscratch/sd/j/jcho5/VASP/dft_jobs/HCOOH_Cu111_top/singlepoint/beef_vdw,0,/pscratch/sd/j/jcho5/VASP/completion_runs/matched_potential_slabs_20260915/slab/Cu111_11f50e50d8/beef_vdw,/pscratch/sd/j/jcho5/VASP/vasp_mol/HCOOH/beef_vdw,-39.85502449,-14.59994315,-24.95224532,500,500,converged,3502542ad23fa21bffd6f20c7dadaf548883d2524752de2a8b8259bd8ed8a6c6,true
Ir100,formic_acid,pbe,HCOOH_Ir100,,false,ok,NSW=0 complex; converged relaxed references; matching composition,-0.44082209,/pscratch/sd/j/jcho5/VASP/dft_jobs/HCOOH_Ir100/singlepoint/PBE,0,/pscratch/sd/j/jcho5/VASP/vasp_slab/Ir100/PBE,/pscratch/sd/j/jcho5/VASP/vasp_mol/HCOOH/PBE,-324.72163058,-294.40101414,-29.87979435,1000,500,converged,eb3af251f03c3e8fb0250c0f231935e21668adf900385aec4e50a9fb7ecc2567,true
Ir100,formic_acid,pbe_d3,HCOOH_Ir100,,false,ok,NSW=0 complex; converged relaxed references; matching composition,-0.8255191,/pscratch/sd/j/jcho5/VASP/dft_jobs/HCOOH_Ir100/singlepoint/PBE_D3,0,/pscratch/sd/j/jcho5/VASP/vasp_slab/Ir100/PBE_D3,/pscratch/sd/j/jcho5/VASP/vasp_mol/HCOOH/PBE_D3,-342.32156426,-311.60244978,-29.89359538,1000,500,converged,eb3af251f03c3e8fb0250c0f231935e21668adf900385aec4e50a9fb7ecc2567,true
Ir100,formic_acid,r2scan,HCOOH_Ir100,,false,ok,NSW=0 complex; converged relaxed references; matching composition,-0.69157955,/pscratch/sd/j/jcho5/VASP/dft_jobs/HCOOH_Ir100/singlepoint/r2scan,0,/pscratch/sd/j/jcho5/VASP/completion_runs/site_gapfill_20260914/slab/C2H4_Ir100/r2scan,/pscratch/sd/j/jcho5/VASP/vasp_mol/HCOOH/r2scan,-1891.9909659,-1858.66548475,-32.6339016,1000,500,converged,eb3af251f03c3e8fb0250c0f231935e21668adf900385aec4e50a9fb7ecc2567,true
Ir100,formic_acid,beef_vdw,HCOOH_Ir100,,false,ok,NSW=0 complex; converged relaxed references; matching composition,-0.46762815,/pscratch/sd/j/jcho5/VASP/dft_jobs/HCOOH_Ir100/singlepoint/beef_vdw,0,/pscratch/sd/j/jcho5/VASP/vasp_slab/Ir100/beef_vdw,/pscratch/sd/j/jcho5/VASP/vasp_mol/HCOOH/beef_vdw,-208.43744006,-183.01756659,-24.95224532,1000,500,converged,eb3af251f03c3e8fb0250c0f231935e21668adf900385aec4e50a9fb7ecc2567,true
Ir110,formic_acid,pbe,HCOOH_Ir110,,false,ok,NSW=0 complex; converged relaxed references; matching composition,-0.5166825,/pscratch/sd/j/jcho5/VASP/dft_jobs/HCOOH_Ir110/singlepoint/PBE,0,/pscratch/sd/j/jcho5/VASP/vasp_slab/Ir110/PBE,/pscratch/sd/j/jcho5/VASP/vasp_mol/HCOOH/PBE,-216.18926256,-185.79278571,-29.87979435,1000,500,converged,4c16df2c114d8f701ad99729077f68e29786335e89cb9e5e50ecef8bb2cd7f65,true
Ir110,formic_acid,pbe_d3,HCOOH_Ir110,,false,ok,NSW=0 complex; converged relaxed references; matching composition,-0.87186128,/pscratch/sd/j/jcho5/VASP/dft_jobs/HCOOH_Ir110/singlepoint/PBE_D3,0,/pscratch/sd/j/jcho5/VASP/vasp_slab/Ir110/PBE_D3,/pscratch/sd/j/jcho5/VASP/vasp_mol/HCOOH/PBE_D3,-225.90367816,-195.1382215,-29.89359538,1000,500,converged,4c16df2c114d8f701ad99729077f68e29786335e89cb9e5e50ecef8bb2cd7f65,true
Ir110,formic_acid,r2scan,HCOOH_Ir110,,false,ok,NSW=0 complex; converged relaxed references; matching composition,-0.61151464,/pscratch/sd/j/jcho5/VASP/dft_jobs/HCOOH_Ir110/singlepoint/r2scan,0,/pscratch/sd/j/jcho5/VASP/vasp_slab/Ir110/r2scan,/pscratch/sd/j/jcho5/VASP/vasp_mol/HCOOH/r2scan,-1261.92216791,-1228.67675167,-32.6339016,1000,500,converged,4c16df2c114d8f701ad99729077f68e29786335e89cb9e5e50ecef8bb2cd7f65,true
Ir110,formic_acid,beef_vdw,HCOOH_Ir110,,false,ok,NSW=0 complex; converged relaxed references; matching composition,-0.64704828,/pscratch/sd/j/jcho5/VASP/dft_jobs/HCOOH_Ir110/singlepoint/beef_vdw,0,/pscratch/sd/j/jcho5/VASP/vasp_slab/Ir110/beef_vdw,/pscratch/sd/j/jcho5/VASP/vasp_mol/HCOOH/beef_vdw,-136.85179114,-111.25249754,-24.95224532,1000,500,converged,4c16df2c114d8f701ad99729077f68e29786335e89cb9e5e50ecef8bb2cd7f65,true
Ir111,formic_acid,pbe,HCOOH_Ir111,,false,ok,NSW=0 complex; converged relaxed references; matching composition,-0.13938862,/pscratch/sd/j/jcho5/VASP/dft_jobs/HCOOH_Ir111/singlepoint/PBE,0,/pscratch/sd/j/jcho5/VASP/vasp_slab/Ir111/PBE,/pscratch/sd/j/jcho5/VASP/vasp_mol/HCOOH/PBE,-568.33112587,-538.3119429,-29.87979435,1000,500,converged,a12da690ad19c5a60990e46c655a0163de0456902a7d70557a3bccc0a84ab2df,true
Ir111,formic_acid,pbe_d3,HCOOH_Ir111,,false,ok,NSW=0 complex; converged relaxed references; matching composition,-0.34985568,/pscratch/sd/j/jcho5/VASP/dft_jobs/HCOOH_Ir111/singlepoint/PBE_D3,0,/pscratch/sd/j/jcho5/VASP/vasp_slab/Ir111/PBE_D3,/pscratch/sd/j/jcho5/VASP/vasp_mol/HCOOH/PBE_D3,-601.02649501,-570.78304395,-29.89359538,1000,500,converged,a12da690ad19c5a60990e46c655a0163de0456902a7d70557a3bccc0a84ab2df,true
Ir111,formic_acid,r2scan,HCOOH_Ir111,,false,ok,NSW=0 complex; converged relaxed references; matching composition,-0.19287838,/pscratch/sd/j/jcho5/VASP/dft_jobs/HCOOH_Ir111/singlepoint/r2scan,0,/pscratch/sd/j/jcho5/VASP/vasp_slab/Ir111/r2scan,/pscratch/sd/j/jcho5/VASP/vasp_mol/HCOOH/r2scan,-3353.50992207,-3320.68314209,-32.6339016,1000,500,converged,a12da690ad19c5a60990e46c655a0163de0456902a7d70557a3bccc0a84ab2df,true
Ir111,formic_acid,beef_vdw,HCOOH_Ir111,,false,ok,NSW=0 complex; converged relaxed references; matching composition,-0.31051896,/pscratch/sd/j/jcho5/VASP/dft_jobs/HCOOH_Ir111/singlepoint/beef_vdw,0,/pscratch/sd/j/jcho5/VASP/vasp_slab/Ir111/beef_vdw,/pscratch/sd/j/jcho5/VASP/vasp_mol/HCOOH/beef_vdw,-364.7497342,-339.48696992,-24.95224532,1000,500,converged,a12da690ad19c5a60990e46c655a0163de0456902a7d70557a3bccc0a84ab2df,true
Pd100,formic_acid,pbe,HCOOH_Pd100,,false,potential_mismatch,Complex and reference PAW potential identities differ or are missing; energy retained only as diagnostic,-0.5799619,/pscratch/sd/j/jcho5/VASP/dft_jobs/HCOOH_Pd100/singlepoint/PBE,0,/pscratch/sd/j/jcho5/VASP/vasp_slab/Pd100/PBE,/pscratch/sd/j/jcho5/VASP/vasp_mol/HCOOH/PBE,-205.76154877,-175.30179252,-29.87979435,1000,500,converged,efb23febc6c1e1d303330a49fc75fed19f4ebcd5a6323b9a32e9714f667b3510,false
Pd100,formic_acid,pbe_d3,HCOOH_Pd100,,false,potential_mismatch,Complex and reference PAW potential identities differ or are missing; energy retained only as diagnostic,-0.86357021,/pscratch/sd/j/jcho5/VASP/dft_jobs/HCOOH_Pd100/singlepoint/PBE_D3,0,/pscratch/sd/j/jcho5/VASP/vasp_slab/Pd100/PBE_D3,/pscratch/sd/j/jcho5/VASP/vasp_mol/HCOOH/PBE_D3,-220.2175724,-189.46040681,-29.89359538,1000,500,converged,efb23febc6c1e1d303330a49fc75fed19f4ebcd5a6323b9a32e9714f667b3510,false
Pd100,formic_acid,r2scan,HCOOH_Pd100,,false,ok,NSW=0 complex; converged relaxed references; matching composition,-0.52708926,/pscratch/sd/j/jcho5/VASP/dft_jobs/HCOOH_Pd100/singlepoint/r2scan,0,/pscratch/sd/j/jcho5/VASP/completion_runs/matched_potential_slabs_20260915/slab/Pd100_25986b23a9/r2scan,/pscratch/sd/j/jcho5/VASP/vasp_mol/HCOOH/r2scan,-845.63012409,-812.46913323,-32.6339016,500,500,converged,efb23febc6c1e1d303330a49fc75fed19f4ebcd5a6323b9a32e9714f667b3510,true
Pd100,formic_acid,beef_vdw,HCOOH_Pd100,,false,ok,NSW=0 complex; converged relaxed references; matching composition,-0.53897525,/pscratch/sd/j/jcho5/VASP/dft_jobs/HCOOH_Pd100/singlepoint/beef_vdw,0,/pscratch/sd/j/jcho5/VASP/completion_runs/matched_potential_slabs_20260915/slab/Pd100_b7d9b89afa/beef_vdw,/pscratch/sd/j/jcho5/VASP/vasp_mol/HCOOH/beef_vdw,-78.66077064,-53.16955007,-24.95224532,500,500,converged,efb23febc6c1e1d303330a49fc75fed19f4ebcd5a6323b9a32e9714f667b3510,true
Pd110,formic_acid,pbe,HCOOH_Pd110,,false,potential_mismatch,Complex and reference PAW potential identities differ or are missing; energy retained only as diagnostic,-0.56101508,/pscratch/sd/j/jcho5/VASP/dft_jobs/HCOOH_Pd110/singlepoint/PBE,0,/pscratch/sd/j/jcho5/VASP/vasp_slab/Pd110/PBE,/pscratch/sd/j/jcho5/VASP/vasp_mol/HCOOH/PBE,-141.27498888,-110.83417945,-29.87979435,1000,500,converged,1814cb0110b337885f01158386007d49592d0f88c2908d56c2a58d4106c1872c,false
Pd110,formic_acid,pbe_d3,HCOOH_Pd110,,false,potential_mismatch,Complex and reference PAW potential identities differ or are missing; energy retained only as diagnostic,-0.91538588,/pscratch/sd/j/jcho5/VASP/dft_jobs/HCOOH_Pd110/singlepoint/PBE_D3,0,/pscratch/sd/j/jcho5/VASP/vasp_slab/Pd110/PBE_D3,/pscratch/sd/j/jcho5/VASP/vasp_mol/HCOOH/PBE_D3,-149.33211531,-118.52313405,-29.89359538,1000,500,converged,1814cb0110b337885f01158386007d49592d0f88c2908d56c2a58d4106c1872c,false
Pd110,formic_acid,r2scan,HCOOH_Pd110,,false,ok,NSW=0 complex; converged relaxed references; matching composition,-0.64287213,/pscratch/sd/j/jcho5/VASP/dft_jobs/HCOOH_Pd110/singlepoint/r2scan,0,/pscratch/sd/j/jcho5/VASP/completion_runs/matched_potential_slabs_20260915/slab/Pd110_2eb6224610/r2scan,/pscratch/sd/j/jcho5/VASP/vasp_mol/HCOOH/r2scan,-568.31074638,-535.03397265,-32.6339016,500,500,converged,1814cb0110b337885f01158386007d49592d0f88c2908d56c2a58d4106c1872c,true
Pd110,formic_acid,beef_vdw,HCOOH_Pd110,,false,ok,NSW=0 complex; converged relaxed references; matching composition,-0.60690622,/pscratch/sd/j/jcho5/VASP/dft_jobs/HCOOH_Pd110/singlepoint/beef_vdw,0,/pscratch/sd/j/jcho5/VASP/completion_runs/matched_potential_slabs_20260915/slab/Pd110_7655ac7da9/beef_vdw,/pscratch/sd/j/jcho5/VASP/vasp_mol/HCOOH/beef_vdw,-54.91943871,-29.36028717,-24.95224532,500,500,converged,1814cb0110b337885f01158386007d49592d0f88c2908d56c2a58d4106c1872c,true
Pd111,formic_acid,pbe,HCOOH_Pd111,,false,ok,NSW=0 complex; converged relaxed references; matching composition,-0.30871665,/pscratch/sd/j/jcho5/VASP/dft_jobs/HCOOH_Pd111/singlepoint/PBE,0,/pscratch/sd/j/jcho5/VASP/completion_runs/matched_potential_slabs_20260915/slab/Pd111_ffc3f47166/pbe,/pscratch/sd/j/jcho5/VASP/vasp_mol/HCOOH/PBE,-208.31821003,-178.12969903,-29.87979435,500,500,converged,d8e63bd0aab2bf094ec0d05f61bcad6f29888dfd090dab57d3259f5f967118b1,true
Pd111,formic_acid,pbe_d3,HCOOH_Pd111,,false,ok,NSW=0 complex; converged relaxed references; matching composition,-0.60536594,/pscratch/sd/j/jcho5/VASP/dft_jobs/HCOOH_Pd111/singlepoint/PBE_D3,0,/pscratch/sd/j/jcho5/VASP/completion_runs/matched_potential_slabs_20260915/slab/Pd111_0333765c8d/pbe_d3,/pscratch/sd/j/jcho5/VASP/vasp_mol/HCOOH/PBE_D3,-223.56208302,-193.0631217,-29.89359538,500,500,converged,d8e63bd0aab2bf094ec0d05f61bcad6f29888dfd090dab57d3259f5f967118b1,true
Pd111,formic_acid,r2scan,HCOOH_Pd111,,false,reference_unavailable,No converged relaxed references with matching functional/composition,,/pscratch/sd/j/jcho5/VASP/dft_jobs/HCOOH_Pd111/singlepoint/r2scan,0,,/pscratch/sd/j/jcho5/VASP/vasp_mol/HCOOH/r2scan,-848.71329787,,-32.6339016,,500,converged,d8e63bd0aab2bf094ec0d05f61bcad6f29888dfd090dab57d3259f5f967118b1,false
Pd111,formic_acid,beef_vdw,HCOOH_Pd111,,false,ok,NSW=0 complex; converged relaxed references; matching composition,-0.44241341,/pscratch/sd/j/jcho5/VASP/dft_jobs/HCOOH_Pd111/singlepoint/beef_vdw,0,/pscratch/sd/j/jcho5/VASP/completion_runs/matched_potential_slabs_20260915/slab/Pd111_f1f527eac1/beef_vdw,/pscratch/sd/j/jcho5/VASP/vasp_mol/HCOOH/beef_vdw,-80.84906321,-55.45440448,-24.95224532,500,500,converged,d8e63bd0aab2bf094ec0d05f61bcad6f29888dfd090dab57d3259f5f967118b1,true
Pt100,formic_acid,pbe,HCOOH_Pt100,,false,potential_mismatch,Complex and reference PAW potential identities differ or are missing; energy retained only as diagnostic,-0.85037042,/pscratch/sd/j/jcho5/VASP/dft_jobs/HCOOH_Pt100/singlepoint/PBE,0,/pscratch/sd/j/jcho5/VASP/vasp_slab/Pt100/PBE,/pscratch/sd/j/jcho5/VASP/vasp_mol/HCOOH/PBE,-233.75729337,-203.0271286,-29.87979435,1000,500,converged,6cefc7015a33df4105b7a4419fae37cdd38c78a1938c70b98ea09ad67dfb899b,false
Pt100,formic_acid,pbe_d3,HCOOH_Pt100,,false,potential_mismatch,Complex and reference PAW potential identities differ or are missing; energy retained only as diagnostic,-1.19589368,/pscratch/sd/j/jcho5/VASP/dft_jobs/HCOOH_Pt100/singlepoint/PBE_D3,0,/pscratch/sd/j/jcho5/VASP/vasp_slab/Pt100/PBE_D3,/pscratch/sd/j/jcho5/VASP/vasp_mol/HCOOH/PBE_D3,-253.12516431,-222.03567525,-29.89359538,1000,500,converged,6cefc7015a33df4105b7a4419fae37cdd38c78a1938c70b98ea09ad67dfb899b,false
Pt100,formic_acid,r2scan,HCOOH_Pt100,,false,potential_mismatch,Complex and reference PAW potential identities differ or are missing; energy retained only as diagnostic,-1.27008707,/pscratch/sd/j/jcho5/VASP/dft_jobs/HCOOH_Pt100/singlepoint/r2scan,0,/pscratch/sd/j/jcho5/VASP/vasp_slab/Pt100/r2scan,/pscratch/sd/j/jcho5/VASP/vasp_mol/HCOOH/r2scan,-1869.59534765,-1835.69135898,-32.6339016,1000,500,converged,6cefc7015a33df4105b7a4419fae37cdd38c78a1938c70b98ea09ad67dfb899b,false
Pt100,formic_acid,beef_vdw,HCOOH_Pt100,,false,potential_mismatch,Complex and reference PAW potential identities differ or are missing; energy retained only as diagnostic,-34.27300193,/pscratch/sd/j/jcho5/VASP/dft_jobs/HCOOH_Pt100/singlepoint/beef_vdw,0,/pscratch/sd/j/jcho5/VASP/vasp_slab/Pt100/beef_vdw,/pscratch/sd/j/jcho5/VASP/vasp_mol/HCOOH/beef_vdw,-119.26854671,-60.04329946,-24.95224532,1000,500,converged,6cefc7015a33df4105b7a4419fae37cdd38c78a1938c70b98ea09ad67dfb899b,false
Pt110,formic_acid,pbe,HCOOH_Pt110,,false,potential_mismatch,Complex and reference PAW potential identities differ or are missing; energy retained only as diagnostic,-0.74812993,/pscratch/sd/j/jcho5/VASP/dft_jobs/HCOOH_Pt110/singlepoint/PBE,0,/pscratch/sd/j/jcho5/VASP/vasp_slab/Pt110/PBE,/pscratch/sd/j/jcho5/VASP/vasp_mol/HCOOH/PBE,-158.9288875,-128.30096322,-29.87979435,1000,500,converged,d5a6dc9e2c9a6d83ff7a1cdd486d0231cddeb57695dd56833c46b319408fdd09,false
Pt110,formic_acid,pbe_d3,HCOOH_Pt110,,false,potential_mismatch,Complex and reference PAW potential identities differ or are missing; energy retained only as diagnostic,-1.20759693,/pscratch/sd/j/jcho5/VASP/dft_jobs/HCOOH_Pt110/singlepoint/PBE_D3,0,/pscratch/sd/j/jcho5/VASP/vasp_slab/Pt110/PBE_D3,/pscratch/sd/j/jcho5/VASP/vasp_mol/HCOOH/PBE_D3,-169.67434,-138.57314769,-29.89359538,1000,500,converged,d5a6dc9e2c9a6d83ff7a1cdd486d0231cddeb57695dd56833c46b319408fdd09,false
Pt110,formic_acid,r2scan,HCOOH_Pt110,,false,potential_mismatch,Complex and reference PAW potential identities differ or are missing; energy retained only as diagnostic,-1.05679338,/pscratch/sd/j/jcho5/VASP/dft_jobs/HCOOH_Pt110/singlepoint/r2scan,0,/pscratch/sd/j/jcho5/VASP/vasp_slab/Pt110/r2scan,/pscratch/sd/j/jcho5/VASP/vasp_mol/HCOOH/r2scan,-1249.77700203,-1216.08630705,-32.6339016,1000,500,converged,d5a6dc9e2c9a6d83ff7a1cdd486d0231cddeb57695dd56833c46b319408fdd09,false
Pt110,formic_acid,beef_vdw,HCOOH_Pt110,,false,potential_mismatch,Complex and reference PAW potential identities differ or are missing; energy retained only as diagnostic,-23.1754263,/pscratch/sd/j/jcho5/VASP/dft_jobs/HCOOH_Pt110/singlepoint/beef_vdw,0,/pscratch/sd/j/jcho5/VASP/vasp_slab/Pt110/beef_vdw,/pscratch/sd/j/jcho5/VASP/vasp_mol/HCOOH/beef_vdw,-80.80724028,-32.67956866,-24.95224532,1000,500,converged,d5a6dc9e2c9a6d83ff7a1cdd486d0231cddeb57695dd56833c46b319408fdd09,false
Pt111,formic_acid,pbe,HCOOH_Pt111,,false,ok,NSW=0 complex; converged relaxed references; matching composition,-0.19142365,/pscratch/sd/j/jcho5/VASP/dft_jobs/HCOOH_Pt111/singlepoint/PBE,0,/pscratch/sd/j/jcho5/VASP/completion_runs/matched_potential_slabs_20260915/slab/Pt111_ac28ddddd3/pbe,/pscratch/sd/j/jcho5/VASP/vasp_mol/HCOOH/PBE,-238.76714124,-208.69592324,-29.87979435,500,500,converged,b28a69aa3e3de178f9316a1bcb86074c02f54c06b091e596661f51b295519c6c,true
Pt111,formic_acid,pbe_d3,HCOOH_Pt111,,false,ok,NSW=0 complex; converged relaxed references; matching composition,-0.54327788,/pscratch/sd/j/jcho5/VASP/dft_jobs/HCOOH_Pt111/singlepoint/PBE_D3,0,/pscratch/sd/j/jcho5/VASP/completion_runs/matched_potential_slabs_20260915/slab/Pt111_c3286ec1f4/pbe_d3,/pscratch/sd/j/jcho5/VASP/vasp_mol/HCOOH/PBE_D3,-259.03364024,-228.59676698,-29.89359538,500,500,converged,b28a69aa3e3de178f9316a1bcb86074c02f54c06b091e596661f51b295519c6c,true
Pt111,formic_acid,r2scan,HCOOH_Pt111,,false,reference_unavailable,No converged relaxed references with matching functional/composition,,/pscratch/sd/j/jcho5/VASP/dft_jobs/HCOOH_Pt111/singlepoint/r2scan,0,,/pscratch/sd/j/jcho5/VASP/vasp_mol/HCOOH/r2scan,-1874.76718981,,-32.6339016,,500,converged,b28a69aa3e3de178f9316a1bcb86074c02f54c06b091e596661f51b295519c6c,false
Pt111,formic_acid,beef_vdw,HCOOH_Pt111,,false,complex_unconverged,electronic_unconverged,,/pscratch/sd/j/jcho5/VASP/dft_jobs/HCOOH_Pt111/singlepoint/beef_vdw,0,,/pscratch/sd/j/jcho5/VASP/vasp_mol/HCOOH/beef_vdw,-123.52890982,,-24.95224532,,500,electronic_unconverged,b28a69aa3e3de178f9316a1bcb86074c02f54c06b091e596661f51b295519c6c,false
Rh100,formic_acid,pbe,HCOOH_Rh100,,false,potential_mismatch,Complex and reference PAW potential identities differ or are missing; energy retained only as diagnostic,-0.81446228,/pscratch/sd/j/jcho5/VASP/dft_jobs/HCOOH_Rh100/singlepoint/PBE,0,/pscratch/sd/j/jcho5/VASP/vasp_slab/Rh100/PBE,/pscratch/sd/j/jcho5/VASP/vasp_mol/HCOOH/PBE,-272.9705967,-242.27634007,-29.87979435,1000,500,converged,8a596187ef03243380ce0ee1711a2d31763593a2356444ff5d5074a57562b881,false
Rh100,formic_acid,pbe_d3,HCOOH_Rh100,,false,potential_mismatch,Complex and reference PAW potential identities differ or are missing; energy retained only as diagnostic,-1.14890037,/pscratch/sd/j/jcho5/VASP/dft_jobs/HCOOH_Rh100/singlepoint/PBE_D3,0,/pscratch/sd/j/jcho5/VASP/vasp_slab/Rh100/PBE_D3,/pscratch/sd/j/jcho5/VASP/vasp_mol/HCOOH/PBE_D3,-287.11793634,-256.07544059,-29.89359538,1000,500,converged,8a596187ef03243380ce0ee1711a2d31763593a2356444ff5d5074a57562b881,false
Rh100,formic_acid,r2scan,HCOOH_Rh100,,false,ok,NSW=0 complex; converged relaxed references; matching composition,-0.63539991,/pscratch/sd/j/jcho5/VASP/dft_jobs/HCOOH_Rh100/singlepoint/r2scan,0,/pscratch/sd/j/jcho5/VASP/completion_runs/matched_potential_slabs_20260915/slab/Rh100_84c2195556/r2scan,/pscratch/sd/j/jcho5/VASP/vasp_mol/HCOOH/r2scan,-881.64696659,-848.37766508,-32.6339016,500,500,converged,8a596187ef03243380ce0ee1711a2d31763593a2356444ff5d5074a57562b881,true
Rh100,formic_acid,beef_vdw,HCOOH_Rh100,,false,ok,NSW=0 complex; converged relaxed references; matching composition,-0.53647882,/pscratch/sd/j/jcho5/VASP/dft_jobs/HCOOH_Rh100/singlepoint/beef_vdw,0,/pscratch/sd/j/jcho5/VASP/completion_runs/matched_potential_slabs_20260915/slab/Rh100_b2891dc541/beef_vdw,/pscratch/sd/j/jcho5/VASP/vasp_mol/HCOOH/beef_vdw,-155.98216044,-130.4934363,-24.95224532,500,500,converged,8a596187ef03243380ce0ee1711a2d31763593a2356444ff5d5074a57562b881,true
Rh110,formic_acid,pbe,HCOOH_Rh110,,false,potential_mismatch,Complex and reference PAW potential identities differ or are missing; energy retained only as diagnostic,-0.75636561,/pscratch/sd/j/jcho5/VASP/dft_jobs/HCOOH_Rh110/singlepoint/PBE,0,/pscratch/sd/j/jcho5/VASP/vasp_slab/Rh110/PBE,/pscratch/sd/j/jcho5/VASP/vasp_mol/HCOOH/PBE,-183.69411926,-153.0579593,-29.87979435,1000,500,converged,957f20ea3e14ac595ac4e8ed19bfc80e8d44b77f4e50c5e80322cf51484e0f25,false
Rh110,formic_acid,pbe_d3,HCOOH_Rh110,,false,potential_mismatch,Complex and reference PAW potential identities differ or are missing; energy retained only as diagnostic,-1.10421881,/pscratch/sd/j/jcho5/VASP/dft_jobs/HCOOH_Rh110/singlepoint/PBE_D3,0,/pscratch/sd/j/jcho5/VASP/vasp_slab/Rh110/PBE_D3,/pscratch/sd/j/jcho5/VASP/vasp_mol/HCOOH/PBE_D3,-191.48601326,-160.48819907,-29.89359538,1000,500,converged,957f20ea3e14ac595ac4e8ed19bfc80e8d44b77f4e50c5e80322cf51484e0f25,false
Rh110,formic_acid,r2scan,HCOOH_Rh110,,false,ok,NSW=0 complex; converged relaxed references; matching composition,-0.48679308,/pscratch/sd/j/jcho5/VASP/dft_jobs/HCOOH_Rh110/singlepoint/r2scan,0,/pscratch/sd/j/jcho5/VASP/completion_runs/matched_potential_slabs_20260915/slab/Rh110_43367cbc6c/r2scan,/pscratch/sd/j/jcho5/VASP/vasp_mol/HCOOH/r2scan,-591.44968524,-558.32899056,-32.6339016,500,500,converged,957f20ea3e14ac595ac4e8ed19bfc80e8d44b77f4e50c5e80322cf51484e0f25,true
Rh110,formic_acid,beef_vdw,HCOOH_Rh110,,false,ok,NSW=0 complex; converged relaxed references; matching composition,-0.59230618,/pscratch/sd/j/jcho5/VASP/dft_jobs/HCOOH_Rh110/singlepoint/beef_vdw,0,/pscratch/sd/j/jcho5/VASP/completion_runs/matched_potential_slabs_20260915/slab/Rh110_a6be9fa2b9/beef_vdw,/pscratch/sd/j/jcho5/VASP/vasp_mol/HCOOH/beef_vdw,-104.23704026,-78.69248876,-24.95224532,500,500,converged,957f20ea3e14ac595ac4e8ed19bfc80e8d44b77f4e50c5e80322cf51484e0f25,true
Rh111,formic_acid,pbe,HCOOH_Rh111,,false,potential_mismatch,Complex and reference PAW potential identities differ or are missing; energy retained only as diagnostic,-0.97266862,/pscratch/sd/j/jcho5/VASP/dft_jobs/HCOOH_Rh111/singlepoint/PBE,0,/pscratch/sd/j/jcho5/VASP/vasp_slab/Rh111/PBE,/pscratch/sd/j/jcho5/VASP/vasp_mol/HCOOH/PBE,-470.00240586,-439.14994289,-29.87979435,1000,500,converged,514bf6fdc1728531a8aab4a282842a3f626d733d4d08b6a578220ecc0987eae4,false
Rh111,formic_acid,pbe_d3,HCOOH_Rh111,,false,potential_mismatch,Complex and reference PAW potential identities differ or are missing; energy retained only as diagnostic,-1.1146086,/pscratch/sd/j/jcho5/VASP/dft_jobs/HCOOH_Rh111/singlepoint/PBE_D3,0,/pscratch/sd/j/jcho5/VASP/vasp_slab/Rh111/PBE_D3,/pscratch/sd/j/jcho5/VASP/vasp_mol/HCOOH/PBE_D3,-496.26962451,-465.26142053,-29.89359538,1000,500,converged,514bf6fdc1728531a8aab4a282842a3f626d733d4d08b6a578220ecc0987eae4,false
Rh111,formic_acid,r2scan,HCOOH_Rh111,,false,potential_mismatch,Complex and reference PAW potential identities differ or are missing; energy retained only as diagnostic,-1.1686628,/pscratch/sd/j/jcho5/VASP/dft_jobs/HCOOH_Rh111/singlepoint/r2scan,0,/pscratch/sd/j/jcho5/VASP/vasp_slab/Rh111/r2scan,/pscratch/sd/j/jcho5/VASP/vasp_mol/HCOOH/r2scan,-1550.69247755,-1516.88991315,-32.6339016,1000,500,converged,514bf6fdc1728531a8aab4a282842a3f626d733d4d08b6a578220ecc0987eae4,false
Rh111,formic_acid,beef_vdw,HCOOH_Rh111,,false,ok,NSW=0 complex; converged relaxed references; matching composition,-0.52084385,/pscratch/sd/j/jcho5/VASP/dft_jobs/HCOOH_Rh111/singlepoint/beef_vdw,0,/pscratch/sd/j/jcho5/VASP/completion_runs/matched_potential_slabs_20260915/slab/Rh111_f89b45c425/beef_vdw,/pscratch/sd/j/jcho5/VASP/vasp_mol/HCOOH/beef_vdw,-265.15788967,-239.6848005,-24.95224532,500,500,converged,514bf6fdc1728531a8aab4a282842a3f626d733d4d08b6a578220ecc0987eae4,true
Ag100,H,pbe,H_Ag100,,false,reference_unavailable,No converged relaxed references with matching functional/composition,,/pscratch/sd/j/jcho5/VASP/dft_jobs/H_Ag100/singlepoint/PBE,0,/pscratch/sd/j/jcho5/VASP/vasp_slab/Ag100/PBE,,-93.65806839,-90.12407184,,1000,,converged,ef90a7657d56d029add37cb54bc0d8d59f00901ae1de849cbe80483f4eeea94e,false
Ag100,H,pbe_d3,H_Ag100,,false,reference_unavailable,No converged relaxed references with matching functional/composition,,/pscratch/sd/j/jcho5/VASP/dft_jobs/H_Ag100/singlepoint/PBE_D3,0,/pscratch/sd/j/jcho5/VASP/vasp_slab/Ag100/PBE_D3,,-105.90466905,-102.4003605,,1000,,converged,ef90a7657d56d029add37cb54bc0d8d59f00901ae1de849cbe80483f4eeea94e,false
Ag100,H,r2scan,H_Ag100,,false,reference_unavailable,No converged relaxed references with matching functional/composition,,/pscratch/sd/j/jcho5/VASP/dft_jobs/H_Ag100/singlepoint/r2scan,0,/pscratch/sd/j/jcho5/VASP/vasp_slab/Ag100/r2scan,,-763.08385783,-759.06403021,,1000,,converged,ef90a7657d56d029add37cb54bc0d8d59f00901ae1de849cbe80483f4eeea94e,false
Ag100,H,beef_vdw,H_Ag100,,false,reference_unavailable,No converged relaxed references with matching functional/composition,,/pscratch/sd/j/jcho5/VASP/dft_jobs/H_Ag100/singlepoint/beef_vdw,0,/pscratch/sd/j/jcho5/VASP/vasp_slab/Ag100/beef_vdw,,30.33749938,58.04168493,,1000,,converged,ef90a7657d56d029add37cb54bc0d8d59f00901ae1de849cbe80483f4eeea94e,false
Ag110,H,pbe,H_Ag110,,false,reference_unavailable,No converged relaxed references with matching functional/composition,,/pscratch/sd/j/jcho5/VASP/dft_jobs/H_Ag110/singlepoint/PBE,0,/pscratch/sd/j/jcho5/VASP/vasp_slab/Ag110/PBE,,-60.57436989,-57.34530434,,1000,,converged,ce23f20d62726190400956d93032bdc6f794808887d35fc12e11bebc73c246cb,false
Ag110,H,pbe_d3,H_Ag110,,false,reference_unavailable,No converged relaxed references with matching functional/composition,,/pscratch/sd/j/jcho5/VASP/dft_jobs/H_Ag110/singlepoint/PBE_D3,0,/pscratch/sd/j/jcho5/VASP/vasp_slab/Ag110/PBE_D3,,-67.35077855,-64.0841207,,1000,,converged,ce23f20d62726190400956d93032bdc6f794808887d35fc12e11bebc73c246cb,false
Ag110,H,r2scan,H_Ag110,,false,reference_unavailable,No converged relaxed references with matching functional/composition,,/pscratch/sd/j/jcho5/VASP/dft_jobs/H_Ag110/singlepoint/r2scan,0,/pscratch/sd/j/jcho5/VASP/vasp_slab/Ag110/r2scan,,-506.31964634,-502.68023804,,1000,,converged,ce23f20d62726190400956d93032bdc6f794808887d35fc12e11bebc73c246cb,false
Ag110,H,beef_vdw,H_Ag110,,false,reference_unavailable,No converged relaxed references with matching functional/composition,,/pscratch/sd/j/jcho5/VASP/dft_jobs/H_Ag110/singlepoint/beef_vdw,0,/pscratch/sd/j/jcho5/VASP/vasp_slab/Ag110/beef_vdw,,22.33094928,41.61140369,,1000,,converged,ce23f20d62726190400956d93032bdc6f794808887d35fc12e11bebc73c246cb,false
Ag111,H,pbe,H_Ag111,,false,reference_unavailable,No converged relaxed references with matching functional/composition,,/pscratch/sd/j/jcho5/VASP/dft_jobs/H_Ag111/singlepoint/PBE,0,/pscratch/sd/j/jcho5/VASP/completion_runs/matched_potential_slabs_20260915/slab/Ag111_61964c781c/pbe,,-95.22638112,-92.25124769,,500,,converged,60b70606d58b05503f7aa1096aca7c31c4441ff66faab37543180f0bec649916,false
Ag111,H,pbe_d3,H_Ag111,,false,reference_unavailable,No converged relaxed references with matching functional/composition,,/pscratch/sd/j/jcho5/VASP/dft_jobs/H_Ag111/singlepoint/PBE_D3,0,/pscratch/sd/j/jcho5/VASP/completion_runs/matched_potential_slabs_20260915/slab/Ag111_71d4cd48c4/pbe_d3,,-108.08880638,-105.22691834,,500,,converged,60b70606d58b05503f7aa1096aca7c31c4441ff66faab37543180f0bec649916,false
Ag111,H,r2scan,H_Ag111,,false,reference_unavailable,No converged relaxed references with matching functional/composition,,/pscratch/sd/j/jcho5/VASP/dft_jobs/H_Ag111/singlepoint/r2scan,0,/pscratch/sd/j/jcho5/VASP/completion_runs/matched_potential_slabs_20260915/slab/Ag111_f9365ca685/r2scan,,-765.00709176,-762.04705161,,500,,converged,60b70606d58b05503f7aa1096aca7c31c4441ff66faab37543180f0bec649916,false
Ag111,H,beef_vdw,H_Ag111,,false,reference_unavailable,No converged relaxed references with matching functional/composition,,/pscratch/sd/j/jcho5/VASP/dft_jobs/H_Ag111/singlepoint/beef_vdw,0,/pscratch/sd/j/jcho5/VASP/completion_runs/matched_potential_slabs_20260915/slab/Ag111_35207ad13f/beef_vdw,,29.03132678,31.99373684,,500,,converged,60b70606d58b05503f7aa1096aca7c31c4441ff66faab37543180f0bec649916,false
Au100,H,pbe,H_Au100,,false,reference_unavailable,No converged relaxed references with matching functional/composition,,/pscratch/sd/j/jcho5/VASP/dft_jobs/H_Au100/singlepoint/PBE,0,/pscratch/sd/j/jcho5/VASP/vasp_slab/Au100/PBE,,-111.38543594,-108.11108078,,1000,,converged,37397c59b3f62b570cfeee1622486192f8ef48f01ca7402b4644280c12652599,false
Au100,H,pbe_d3,H_Au100,,false,reference_unavailable,No converged relaxed references with matching functional/composition,,/pscratch/sd/j/jcho5/VASP/dft_jobs/H_Au100/singlepoint/PBE_D3,0,/pscratch/sd/j/jcho5/VASP/vasp_slab/Au100/PBE_D3,,-128.36555332,-125.13314995,,1000,,converged,37397c59b3f62b570cfeee1622486192f8ef48f01ca7402b4644280c12652599,false
Au100,H,r2scan,H_Au100,,false,reference_unavailable,No converged relaxed references with matching functional/composition,,/pscratch/sd/j/jcho5/VASP/dft_jobs/H_Au100/singlepoint/r2scan,0,/pscratch/sd/j/jcho5/VASP/vasp_slab/Au100/r2scan,,-1815.37401423,-1812.10460465,,1000,,converged,37397c59b3f62b570cfeee1622486192f8ef48f01ca7402b4644280c12652599,false
Au100,H,beef_vdw,H_Au100,,false,reference_unavailable,No converged relaxed references with matching functional/composition,,/pscratch/sd/j/jcho5/VASP/dft_jobs/H_Au100/singlepoint/beef_vdw,0,/pscratch/sd/j/jcho5/VASP/vasp_slab/Au100/beef_vdw,,-0.60747598,2.61952143,,1000,,converged,37397c59b3f62b570cfeee1622486192f8ef48f01ca7402b4644280c12652599,false
Au110,H,pbe,H_Au110,,false,reference_unavailable,No converged relaxed references with matching functional/composition,,/pscratch/sd/j/jcho5/VASP/dft_jobs/H_Au110/singlepoint/PBE,0,/pscratch/sd/j/jcho5/VASP/vasp_slab/Au110/PBE,,-72.97519806,-69.78140854,,1000,,converged,a35d7fe73330d5ffa2fa7e4eb8c5e7f8a1076ea366b0bc834bc51d3990458dfe,false
Au110,H,pbe_d3,H_Au110,,false,reference_unavailable,No converged relaxed references with matching functional/composition,,/pscratch/sd/j/jcho5/VASP/dft_jobs/H_Au110/singlepoint/PBE_D3,0,/pscratch/sd/j/jcho5/VASP/vasp_slab/Au110/PBE_D3,,-82.42612994,-79.18212693,,1000,,converged,a35d7fe73330d5ffa2fa7e4eb8c5e7f8a1076ea366b0bc834bc51d3990458dfe,false
Au110,H,r2scan,H_Au110,,false,reference_unavailable,No converged relaxed references with matching functional/composition,,/pscratch/sd/j/jcho5/VASP/dft_jobs/H_Au110/singlepoint/r2scan,0,/pscratch/sd/j/jcho5/VASP/vasp_slab/Au110/r2scan,,-1208.35995377,-1205.07970007,,1000,,converged,a35d7fe73330d5ffa2fa7e4eb8c5e7f8a1076ea366b0bc834bc51d3990458dfe,false
Au110,H,beef_vdw,H_Au110,,false,reference_unavailable,No converged relaxed references with matching functional/composition,,/pscratch/sd/j/jcho5/VASP/dft_jobs/H_Au110/singlepoint/beef_vdw,0,/pscratch/sd/j/jcho5/VASP/vasp_slab/Au110/beef_vdw,,1.2322376,4.35535241,,1000,,converged,a35d7fe73330d5ffa2fa7e4eb8c5e7f8a1076ea366b0bc834bc51d3990458dfe,false
Au111,H,pbe,H_Au111,,false,reference_unavailable,No converged relaxed references with matching functional/composition,,/pscratch/sd/j/jcho5/VASP/dft_jobs/H_Au111/singlepoint/PBE,0,,,-113.23793619,,,,,converged,2dbc4f264186f9750af135648f46a3335cf78b5bab598e995bc3e36761ec6783,false
Au111,H,pbe_d3,H_Au111,,false,reference_unavailable,No converged relaxed references with matching functional/composition,,/pscratch/sd/j/jcho5/VASP/dft_jobs/H_Au111/singlepoint/PBE_D3,0,,,-130.88790195,,,,,converged,2dbc4f264186f9750af135648f46a3335cf78b5bab598e995bc3e36761ec6783,false
Au111,H,r2scan,H_Au111,,false,reference_unavailable,No converged relaxed references with matching functional/composition,,/pscratch/sd/j/jcho5/VASP/dft_jobs/H_Au111/singlepoint/r2scan,0,,,-1817.54544251,,,,,converged,2dbc4f264186f9750af135648f46a3335cf78b5bab598e995bc3e36761ec6783,false
Au111,H,beef_vdw,H_Au111,,false,reference_unavailable,No converged relaxed references with matching functional/composition,,/pscratch/sd/j/jcho5/VASP/dft_jobs/H_Au111/singlepoint/beef_vdw,0,,,-2.13794271,,,,,converged,2dbc4f264186f9750af135648f46a3335cf78b5bab598e995bc3e36761ec6783,false
Ir100,H,pbe,H_Ir100,,false,reference_unavailable,No converged relaxed references with matching functional/composition,,/pscratch/sd/j/jcho5/VASP/dft_jobs/H_Ir100/singlepoint/PBE,0,/pscratch/sd/j/jcho5/VASP/vasp_slab/Ir100/PBE,,-298.34252204,-294.40101414,,1000,,converged,28d72abfc86bd4f90d488c457f5cb3d7a43295548496db97c0e85d34cbbad4d2,false
Ir100,H,pbe_d3,H_Ir100,,false,reference_unavailable,No converged relaxed references with matching functional/composition,,/pscratch/sd/j/jcho5/VASP/dft_jobs/H_Ir100/singlepoint/PBE_D3,0,/pscratch/sd/j/jcho5/VASP/vasp_slab/Ir100/PBE_D3,,-315.60165092,-311.60244978,,1000,,converged,28d72abfc86bd4f90d488c457f5cb3d7a43295548496db97c0e85d34cbbad4d2,false
Ir100,H,r2scan,H_Ir100,,false,reference_unavailable,No converged relaxed references with matching functional/composition,,/pscratch/sd/j/jcho5/VASP/dft_jobs/H_Ir100/singlepoint/r2scan,0,/pscratch/sd/j/jcho5/VASP/completion_runs/site_gapfill_20260914/slab/C2H4_Ir100/r2scan,,-1862.77080929,-1858.66548475,,1000,,converged,28d72abfc86bd4f90d488c457f5cb3d7a43295548496db97c0e85d34cbbad4d2,false
Ir100,H,beef_vdw,H_Ir100,,false,reference_unavailable,No converged relaxed references with matching functional/composition,,/pscratch/sd/j/jcho5/VASP/dft_jobs/H_Ir100/singlepoint/beef_vdw,0,/pscratch/sd/j/jcho5/VASP/vasp_slab/Ir100/beef_vdw,,-186.91460692,-183.01756659,,1000,,converged,28d72abfc86bd4f90d488c457f5cb3d7a43295548496db97c0e85d34cbbad4d2,false
Ir110,H,pbe,H_Ir110,,false,reference_unavailable,No converged relaxed references with matching functional/composition,,/pscratch/sd/j/jcho5/VASP/dft_jobs/H_Ir110/singlepoint/PBE,0,/pscratch/sd/j/jcho5/VASP/vasp_slab/Ir110/PBE,,-189.75869874,-185.79278571,,1000,,converged,34b1c1bdb90f0042ef8c3f7cc14d6ee61e059fd1df25892024b885127f2b9af9,false
Ir110,H,pbe_d3,H_Ir110,,false,reference_unavailable,No converged relaxed references with matching functional/composition,,/pscratch/sd/j/jcho5/VASP/dft_jobs/H_Ir110/singlepoint/PBE_D3,0,/pscratch/sd/j/jcho5/VASP/vasp_slab/Ir110/PBE_D3,,-199.12237057,-195.1382215,,1000,,converged,34b1c1bdb90f0042ef8c3f7cc14d6ee61e059fd1df25892024b885127f2b9af9,false
Ir110,H,r2scan,H_Ir110,,false,reference_unavailable,No converged relaxed references with matching functional/composition,,/pscratch/sd/j/jcho5/VASP/dft_jobs/H_Ir110/singlepoint/r2scan,0,/pscratch/sd/j/jcho5/VASP/vasp_slab/Ir110/r2scan,,-1232.70642397,-1228.67675167,,1000,,converged,34b1c1bdb90f0042ef8c3f7cc14d6ee61e059fd1df25892024b885127f2b9af9,false
Ir110,H,beef_vdw,H_Ir110,,false,reference_unavailable,No converged relaxed references with matching functional/composition,,/pscratch/sd/j/jcho5/VASP/dft_jobs/H_Ir110/singlepoint/beef_vdw,0,/pscratch/sd/j/jcho5/VASP/vasp_slab/Ir110/beef_vdw,,-115.25209583,-111.25249754,,1000,,converged,34b1c1bdb90f0042ef8c3f7cc14d6ee61e059fd1df25892024b885127f2b9af9,false
Ir111,H,pbe,H_Ir111,,false,reference_unavailable,No converged relaxed references with matching functional/composition,,/pscratch/sd/j/jcho5/VASP/dft_jobs/H_Ir111/singlepoint/PBE,0,/pscratch/sd/j/jcho5/VASP/vasp_slab/Ir111/PBE,,-542.02999186,-538.3119429,,1000,,converged,a9c2d8aa1e007fd9687176eb9b7fa1f65ebdfc2615d0c6ef6c0c25f655498192,false
Ir111,H,pbe_d3,H_Ir111,,false,reference_unavailable,No converged relaxed references with matching functional/composition,,/pscratch/sd/j/jcho5/VASP/dft_jobs/H_Ir111/singlepoint/PBE_D3,0,/pscratch/sd/j/jcho5/VASP/vasp_slab/Ir111/PBE_D3,,-574.35750833,-570.78304395,,1000,,converged,a9c2d8aa1e007fd9687176eb9b7fa1f65ebdfc2615d0c6ef6c0c25f655498192,false
Ir111,H,r2scan,H_Ir111,,false,reference_unavailable,No converged relaxed references with matching functional/composition,,/pscratch/sd/j/jcho5/VASP/dft_jobs/H_Ir111/singlepoint/r2scan,0,/pscratch/sd/j/jcho5/VASP/vasp_slab/Ir111/r2scan,,-3324.34788252,-3320.68314209,,1000,,converged,a9c2d8aa1e007fd9687176eb9b7fa1f65ebdfc2615d0c6ef6c0c25f655498192,false
Ir111,H,beef_vdw,H_Ir111,,false,reference_unavailable,No converged relaxed references with matching functional/composition,,/pscratch/sd/j/jcho5/VASP/dft_jobs/H_Ir111/singlepoint/beef_vdw,0,/pscratch/sd/j/jcho5/VASP/vasp_slab/Ir111/beef_vdw,,-343.26117653,-339.48696992,,1000,,converged,a9c2d8aa1e007fd9687176eb9b7fa1f65ebdfc2615d0c6ef6c0c25f655498192,false
Pt111,H,pbe,H_Pt111_fcc,fcc,false,reference_unavailable,No converged relaxed references with matching functional/composition,,/pscratch/sd/j/jcho5/VASP/dft_jobs/H_Pt111_fcc/singlepoint/PBE,0,/pscratch/sd/j/jcho5/VASP/completion_runs/matched_potential_slabs_20260915/slab/Pt111_ac28ddddd3/pbe,,-212.42446816,-208.69592324,,500,,converged,fc1e96d80aa167f38a2739fbfb7411917b14a6f756eed34389199a048b49834e,false
Pt111,H,pbe_d3,H_Pt111_fcc,fcc,false,reference_unavailable,No converged relaxed references with matching functional/composition,,/pscratch/sd/j/jcho5/VASP/dft_jobs/H_Pt111_fcc/singlepoint/PBE_D3,0,/pscratch/sd/j/jcho5/VASP/completion_runs/matched_potential_slabs_20260915/slab/Pt111_c3286ec1f4/pbe_d3,,-232.2595464,-228.59676698,,500,,converged,fc1e96d80aa167f38a2739fbfb7411917b14a6f756eed34389199a048b49834e,false
Pt111,H,r2scan,H_Pt111_fcc,fcc,false,reference_unavailable,No converged relaxed references with matching functional/composition,,/pscratch/sd/j/jcho5/VASP/dft_jobs/H_Pt111_fcc/singlepoint/r2scan,0,,,-1845.5787849,,,,,converged,fc1e96d80aa167f38a2739fbfb7411917b14a6f756eed34389199a048b49834e,false
Pt111,H,beef_vdw,H_Pt111_fcc,fcc,false,reference_unavailable,No converged relaxed references with matching functional/composition,,/pscratch/sd/j/jcho5/VASP/dft_jobs/H_Pt111_fcc/singlepoint/beef_vdw,0,,,-102.27774312,,,,,converged,fc1e96d80aa167f38a2739fbfb7411917b14a6f756eed34389199a048b49834e,false
Rh100,H,pbe,H_Rh100,,false,complex_unconverged,electronic_unconverged,,/pscratch/sd/j/jcho5/VASP/dft_jobs/H_Rh100/singlepoint/PBE,0,/pscratch/sd/j/jcho5/VASP/vasp_slab/Rh100/PBE,,-246.03698921,-242.27634007,,1000,,electronic_unconverged,28d47c9234849bc550708069368d08c4608a28084b20054f3f16c1f8ccf5acee,false
Rh100,H,pbe_d3,H_Rh100,,false,complex_unconverged,electronic_unconverged,,/pscratch/sd/j/jcho5/VASP/dft_jobs/H_Rh100/singlepoint/PBE_D3,0,/pscratch/sd/j/jcho5/VASP/vasp_slab/Rh100/PBE_D3,,-259.48450099,-256.07544059,,1000,,electronic_unconverged,28d47c9234849bc550708069368d08c4608a28084b20054f3f16c1f8ccf5acee,false
Rh100,H,r2scan,H_Rh100,,false,reference_unavailable,No converged relaxed references with matching functional/composition,,/pscratch/sd/j/jcho5/VASP/dft_jobs/H_Rh100/singlepoint/r2scan,0,/pscratch/sd/j/jcho5/VASP/completion_runs/matched_potential_slabs_20260915/slab/Rh100_84c2195556/r2scan,,-852.14006366,-848.37766508,,500,,converged,28d47c9234849bc550708069368d08c4608a28084b20054f3f16c1f8ccf5acee,false
Rh100,H,beef_vdw,H_Rh100,,false,complex_unconverged,electronic_unconverged,,/pscratch/sd/j/jcho5/VASP/dft_jobs/H_Rh100/singlepoint/beef_vdw,0,/pscratch/sd/j/jcho5/VASP/completion_runs/matched_potential_slabs_20260915/slab/Rh100_b2891dc541/beef_vdw,,-123.07162331,-130.4934363,,500,,electronic_unconverged,28d47c9234849bc550708069368d08c4608a28084b20054f3f16c1f8ccf5acee,false
Rh110,H,pbe,H_Rh110,,false,reference_unavailable,No converged relaxed references with matching functional/composition,,/pscratch/sd/j/jcho5/VASP/dft_jobs/H_Rh110/singlepoint/PBE,0,/pscratch/sd/j/jcho5/VASP/vasp_slab/Rh110/PBE,,-156.84120023,-153.0579593,,1000,,converged,591e3821aff3aa904907245b32160d04625c308e3a083781ad19fbb314040033,false
Rh110,H,pbe_d3,H_Rh110,,false,reference_unavailable,No converged relaxed references with matching functional/composition,,/pscratch/sd/j/jcho5/VASP/dft_jobs/H_Rh110/singlepoint/PBE_D3,0,/pscratch/sd/j/jcho5/VASP/vasp_slab/Rh110/PBE_D3,,-164.33045389,-160.48819907,,1000,,converged,591e3821aff3aa904907245b32160d04625c308e3a083781ad19fbb314040033,false
Rh110,H,r2scan,H_Rh110,,false,reference_unavailable,No converged relaxed references with matching functional/composition,,/pscratch/sd/j/jcho5/VASP/dft_jobs/H_Rh110/singlepoint/r2scan,0,/pscratch/sd/j/jcho5/VASP/completion_runs/matched_potential_slabs_20260915/slab/Rh110_43367cbc6c/r2scan,,-561.85548321,-558.32899056,,500,,converged,591e3821aff3aa904907245b32160d04625c308e3a083781ad19fbb314040033,false
Rh110,H,beef_vdw,H_Rh110,,false,reference_unavailable,No converged relaxed references with matching functional/composition,,/pscratch/sd/j/jcho5/VASP/dft_jobs/H_Rh110/singlepoint/beef_vdw,0,/pscratch/sd/j/jcho5/VASP/completion_runs/matched_potential_slabs_20260915/slab/Rh110_a6be9fa2b9/beef_vdw,,-82.24808891,-78.69248876,,500,,converged,591e3821aff3aa904907245b32160d04625c308e3a083781ad19fbb314040033,false
Rh111,H,pbe,H_Rh111,,false,reference_unavailable,No converged relaxed references with matching functional/composition,,/pscratch/sd/j/jcho5/VASP/dft_jobs/H_Rh111/singlepoint/PBE,0,/pscratch/sd/j/jcho5/VASP/vasp_slab/Rh111/PBE,,-443.28307162,-439.14994289,,1000,,converged,ecff4df832d1e6f566e611c0c6731f95ac8e4cf89d91a727aa126c0896aee7eb,false
Rh111,H,pbe_d3,H_Rh111,,false,reference_unavailable,No converged relaxed references with matching functional/composition,,/pscratch/sd/j/jcho5/VASP/dft_jobs/H_Rh111/singlepoint/PBE_D3,0,/pscratch/sd/j/jcho5/VASP/vasp_slab/Rh111/PBE_D3,,-469.22776875,-465.26142053,,1000,,converged,ecff4df832d1e6f566e611c0c6731f95ac8e4cf89d91a727aa126c0896aee7eb,false
Rh111,H,r2scan,H_Rh111,,false,reference_unavailable,No converged relaxed references with matching functional/composition,,/pscratch/sd/j/jcho5/VASP/dft_jobs/H_Rh111/singlepoint/r2scan,0,/pscratch/sd/j/jcho5/VASP/vasp_slab/Rh111/r2scan,,-1521.1103009,-1516.88991315,,1000,,converged,ecff4df832d1e6f566e611c0c6731f95ac8e4cf89d91a727aa126c0896aee7eb,false
Rh111,H,beef_vdw,H_Rh111,,false,reference_unavailable,No converged relaxed references with matching functional/composition,,/pscratch/sd/j/jcho5/VASP/dft_jobs/H_Rh111/singlepoint/beef_vdw,0,/pscratch/sd/j/jcho5/VASP/completion_runs/matched_potential_slabs_20260915/slab/Rh111_f89b45c425/beef_vdw,,-243.2314768,-239.6848005,,500,,converged,ecff4df832d1e6f566e611c0c6731f95ac8e4cf89d91a727aa126c0896aee7eb,false
Ag100,N2,pbe,N2_Ag100,,false,potential_mismatch,Complex and reference PAW potential identities differ or are missing; energy retained only as diagnostic,-0.62958673,/pscratch/sd/j/jcho5/VASP/dft_jobs/N2_Ag100/singlepoint/PBE,0,/pscratch/sd/j/jcho5/VASP/vasp_slab/Ag100/PBE,/pscratch/sd/j/jcho5/VASP/vasp_mol/N2/PBE,-107.38168348,-90.12407184,-16.62802491,1000,500,converged,e66185075b31dbc60ce383210dae2b9f525f2d9e1e320730c7d766fa5cd2c4cc,false
Ag100,N2,pbe_d3,N2_Ag100,,false,potential_mismatch,Complex and reference PAW potential identities differ or are missing; energy retained only as diagnostic,-0.62360809,/pscratch/sd/j/jcho5/VASP/dft_jobs/N2_Ag100/singlepoint/PBE_D3,0,/pscratch/sd/j/jcho5/VASP/vasp_slab/Ag100/PBE_D3,/pscratch/sd/j/jcho5/VASP/vasp_mol/N2/PBE_D3,-119.65200209,-102.4003605,-16.6280335,1000,500,converged,e66185075b31dbc60ce383210dae2b9f525f2d9e1e320730c7d766fa5cd2c4cc,false
Ag100,N2,r2scan,N2_Ag100,,false,potential_mismatch,Complex and reference PAW potential identities differ or are missing; energy retained only as diagnostic,-1.02017047,/pscratch/sd/j/jcho5/VASP/dft_jobs/N2_Ag100/singlepoint/r2scan,0,/pscratch/sd/j/jcho5/VASP/vasp_slab/Ag100/r2scan,/pscratch/sd/j/jcho5/VASP/vasp_mol/N2/r2scan,-778.27839464,-759.06403021,-18.19419396,1000,500,converged,e66185075b31dbc60ce383210dae2b9f525f2d9e1e320730c7d766fa5cd2c4cc,false
Ag100,N2,beef_vdw,N2_Ag100,,false,complex_unconverged,Missing/nonfinite final TOTEN,,/pscratch/sd/j/jcho5/VASP/dft_jobs/N2_Ag100/singlepoint/beef_vdw,0,/pscratch/sd/j/jcho5/VASP/vasp_slab/Ag100/beef_vdw,/pscratch/sd/j/jcho5/VASP/vasp_mol/N2/beef_vdw,,58.04168493,-13.56332745,1000,500,invalid,e66185075b31dbc60ce383210dae2b9f525f2d9e1e320730c7d766fa5cd2c4cc,false
Ag110,N2,pbe,N2_Ag110,,false,potential_mismatch,Complex and reference PAW potential identities differ or are missing; energy retained only as diagnostic,-0.39544956,/pscratch/sd/j/jcho5/VASP/dft_jobs/N2_Ag110/singlepoint/PBE,0,/pscratch/sd/j/jcho5/VASP/vasp_slab/Ag110/PBE,/pscratch/sd/j/jcho5/VASP/vasp_mol/N2/PBE,-74.36877881,-57.34530434,-16.62802491,1000,500,converged,9688f265f885368f3afc357965d4d0d681917e6adeaf9ed9247ca340c5d69fa7,false
Ag110,N2,pbe_d3,N2_Ag110,,false,potential_mismatch,Complex and reference PAW potential identities differ or are missing; energy retained only as diagnostic,-0.44962521,/pscratch/sd/j/jcho5/VASP/dft_jobs/N2_Ag110/singlepoint/PBE_D3,0,/pscratch/sd/j/jcho5/VASP/vasp_slab/Ag110/PBE_D3,/pscratch/sd/j/jcho5/VASP/vasp_mol/N2/PBE_D3,-81.16177941,-64.0841207,-16.6280335,1000,500,converged,9688f265f885368f3afc357965d4d0d681917e6adeaf9ed9247ca340c5d69fa7,false
Ag110,N2,r2scan,N2_Ag110,,false,potential_mismatch,Complex and reference PAW potential identities differ or are missing; energy retained only as diagnostic,-0.67152333,/pscratch/sd/j/jcho5/VASP/dft_jobs/N2_Ag110/singlepoint/r2scan,0,/pscratch/sd/j/jcho5/VASP/vasp_slab/Ag110/r2scan,/pscratch/sd/j/jcho5/VASP/vasp_mol/N2/r2scan,-521.54595533,-502.68023804,-18.19419396,1000,500,converged,9688f265f885368f3afc357965d4d0d681917e6adeaf9ed9247ca340c5d69fa7,false
Ag110,N2,beef_vdw,N2_Ag110,,false,potential_mismatch,Complex and reference PAW potential identities differ or are missing; energy retained only as diagnostic,-16.52603686,/pscratch/sd/j/jcho5/VASP/dft_jobs/N2_Ag110/singlepoint/beef_vdw,0,/pscratch/sd/j/jcho5/VASP/vasp_slab/Ag110/beef_vdw,/pscratch/sd/j/jcho5/VASP/vasp_mol/N2/beef_vdw,11.52203938,41.61140369,-13.56332745,1000,500,converged,9688f265f885368f3afc357965d4d0d681917e6adeaf9ed9247ca340c5d69fa7,false
Ag111,N2,pbe,N2_Ag111,,false,ok,NSW=0 complex; converged relaxed references; matching composition,0.02775773,/pscratch/sd/j/jcho5/VASP/dft_jobs/N2_Ag111/singlepoint/PBE,0,/pscratch/sd/j/jcho5/VASP/completion_runs/matched_potential_slabs_20260915/slab/Ag111_61964c781c/pbe,/pscratch/sd/j/jcho5/VASP/vasp_mol/N2/PBE,-108.85151487,-92.25124769,-16.62802491,500,500,converged,4a8ed7d5573ef9d725af31da94590bf4ddaf27d8031ed11113f3feb567b21aac,true
Ag111,N2,pbe_d3,N2_Ag111,,false,ok,NSW=0 complex; converged relaxed references; matching composition,0.12747936,/pscratch/sd/j/jcho5/VASP/dft_jobs/N2_Ag111/singlepoint/PBE_D3,0,/pscratch/sd/j/jcho5/VASP/completion_runs/matched_potential_slabs_20260915/slab/Ag111_71d4cd48c4/pbe_d3,/pscratch/sd/j/jcho5/VASP/vasp_mol/N2/PBE_D3,-121.72747248,-105.22691834,-16.6280335,500,500,converged,4a8ed7d5573ef9d725af31da94590bf4ddaf27d8031ed11113f3feb567b21aac,true
Ag111,N2,r2scan,N2_Ag111,,false,ok,NSW=0 complex; converged relaxed references; matching composition,0.1582401,/pscratch/sd/j/jcho5/VASP/dft_jobs/N2_Ag111/singlepoint/r2scan,0,/pscratch/sd/j/jcho5/VASP/completion_runs/matched_potential_slabs_20260915/slab/Ag111_f9365ca685/r2scan,/pscratch/sd/j/jcho5/VASP/vasp_mol/N2/r2scan,-780.08300547,-762.04705161,-18.19419396,500,500,converged,4a8ed7d5573ef9d725af31da94590bf4ddaf27d8031ed11113f3feb567b21aac,true
Ag111,N2,beef_vdw,N2_Ag111,,false,ok,NSW=0 complex; converged relaxed references; matching composition,-0.11132013,/pscratch/sd/j/jcho5/VASP/dft_jobs/N2_Ag111/singlepoint/beef_vdw,0,/pscratch/sd/j/jcho5/VASP/completion_runs/matched_potential_slabs_20260915/slab/Ag111_35207ad13f/beef_vdw,/pscratch/sd/j/jcho5/VASP/vasp_mol/N2/beef_vdw,18.31908926,31.99373684,-13.56332745,500,500,converged,4a8ed7d5573ef9d725af31da94590bf4ddaf27d8031ed11113f3feb567b21aac,true
Au100,N2,pbe,N2_Au100,,false,reference_unavailable,No converged relaxed references with matching functional/composition,,/pscratch/sd/j/jcho5/VASP/dft_jobs/N2_Au100/singlepoint/PBE,0,,/pscratch/sd/j/jcho5/VASP/vasp_mol/N2/PBE,-208.44907713,,-16.62802491,,500,converged,4e23c607295213f0ba2678229a0291949fcaea06cff9ba5ba816d53d0b14e5e8,false
Au100,N2,pbe_d3,N2_Au100,,false,reference_unavailable,No converged relaxed references with matching functional/composition,,/pscratch/sd/j/jcho5/VASP/dft_jobs/N2_Au100/singlepoint/PBE_D3,0,,/pscratch/sd/j/jcho5/VASP/vasp_mol/N2/PBE_D3,-238.58479405,,-16.6280335,,500,converged,4e23c607295213f0ba2678229a0291949fcaea06cff9ba5ba816d53d0b14e5e8,false
Au100,N2,r2scan,N2_Au100,,false,reference_unavailable,No converged relaxed references with matching functional/composition,,/pscratch/sd/j/jcho5/VASP/dft_jobs/N2_Au100/singlepoint/r2scan,0,,/pscratch/sd/j/jcho5/VASP/vasp_mol/N2/r2scan,-3238.99647784,,-18.19419396,,500,converged,4e23c607295213f0ba2678229a0291949fcaea06cff9ba5ba816d53d0b14e5e8,false
Au100,N2,beef_vdw,N2_Au100,,false,reference_unavailable,No converged relaxed references with matching functional/composition,,/pscratch/sd/j/jcho5/VASP/dft_jobs/N2_Au100/singlepoint/beef_vdw,0,,/pscratch/sd/j/jcho5/VASP/vasp_mol/N2/beef_vdw,-8.48172464,,-13.56332745,,500,converged,4e23c607295213f0ba2678229a0291949fcaea06cff9ba5ba816d53d0b14e5e8,false
Au110,N2,pbe,N2_Au110,,false,reference_unavailable,No converged relaxed references with matching functional/composition,,/pscratch/sd/j/jcho5/VASP/dft_jobs/N2_Au110/singlepoint/PBE,0,,/pscratch/sd/j/jcho5/VASP/vasp_mol/N2/PBE,-200.88830608,,-16.62802491,,500,converged,2cd8a44e9c6de9f4053273a2516c4320f7628c0b1bb3c4d0c38c63b6820ef6da,false
Au110,N2,pbe_d3,N2_Au110,,false,reference_unavailable,No converged relaxed references with matching functional/composition,,/pscratch/sd/j/jcho5/VASP/dft_jobs/N2_Au110/singlepoint/PBE_D3,0,,/pscratch/sd/j/jcho5/VASP/vasp_mol/N2/PBE_D3,-225.99228769,,-16.6280335,,500,converged,2cd8a44e9c6de9f4053273a2516c4320f7628c0b1bb3c4d0c38c63b6820ef6da,false
Au110,N2,r2scan,N2_Au110,,false,reference_unavailable,No converged relaxed references with matching functional/composition,,/pscratch/sd/j/jcho5/VASP/dft_jobs/N2_Au110/singlepoint/r2scan,0,,/pscratch/sd/j/jcho5/VASP/vasp_mol/N2/r2scan,-3229.87901753,,-18.19419396,,500,converged,2cd8a44e9c6de9f4053273a2516c4320f7628c0b1bb3c4d0c38c63b6820ef6da,false
Au110,N2,beef_vdw,N2_Au110,,false,reference_unavailable,No converged relaxed references with matching functional/composition,,/pscratch/sd/j/jcho5/VASP/dft_jobs/N2_Au110/singlepoint/beef_vdw,0,,/pscratch/sd/j/jcho5/VASP/vasp_mol/N2/beef_vdw,-0.40213366,,-13.56332745,,500,converged,2cd8a44e9c6de9f4053273a2516c4320f7628c0b1bb3c4d0c38c63b6820ef6da,false
Au111,N2,pbe,N2_Au111,,false,reference_unavailable,No converged relaxed references with matching functional/composition,,/pscratch/sd/j/jcho5/VASP/dft_jobs/N2_Au111/singlepoint/PBE,0,,/pscratch/sd/j/jcho5/VASP/vasp_mol/N2/PBE,-126.78623537,,-16.62802491,,500,converged,c9b3cd3133b3a9c54ceb9351232f7cfaac4a2438f4ae0bffd87c28a3fea1b9d9,false
Au111,N2,pbe_d3,N2_Au111,,false,reference_unavailable,No converged relaxed references with matching functional/composition,,/pscratch/sd/j/jcho5/VASP/dft_jobs/N2_Au111/singlepoint/PBE_D3,0,,/pscratch/sd/j/jcho5/VASP/vasp_mol/N2/PBE_D3,-144.45147999,,-16.6280335,,500,converged,c9b3cd3133b3a9c54ceb9351232f7cfaac4a2438f4ae0bffd87c28a3fea1b9d9,false
Au111,N2,r2scan,N2_Au111,,false,reference_unavailable,No converged relaxed references with matching functional/composition,,/pscratch/sd/j/jcho5/VASP/dft_jobs/N2_Au111/singlepoint/r2scan,0,,/pscratch/sd/j/jcho5/VASP/vasp_mol/N2/r2scan,-1832.53446496,,-18.19419396,,500,converged,c9b3cd3133b3a9c54ceb9351232f7cfaac4a2438f4ae0bffd87c28a3fea1b9d9,false
Au111,N2,beef_vdw,N2_Au111,,false,reference_unavailable,No converged relaxed references with matching functional/composition,,/pscratch/sd/j/jcho5/VASP/dft_jobs/N2_Au111/singlepoint/beef_vdw,0,,/pscratch/sd/j/jcho5/VASP/vasp_mol/N2/beef_vdw,-12.78285657,,-13.56332745,,500,converged,c9b3cd3133b3a9c54ceb9351232f7cfaac4a2438f4ae0bffd87c28a3fea1b9d9,false
Cu100,N2,pbe,N2_Cu100,,false,ok,NSW=0 complex; converged relaxed references; matching composition,-0.00331322,/pscratch/sd/j/jcho5/VASP/dft_jobs/N2_Cu100/singlepoint/PBE,0,/pscratch/sd/j/jcho5/VASP/vasp_slab/Cu100/PBE,/pscratch/sd/j/jcho5/VASP/vasp_mol/N2/PBE,-236.39815977,-219.76682164,-16.62802491,1000,500,converged,673feba9f79264ecd60578ce2c3724c589b62983fa0a5801bc3b5a654ab32662,true
Cu100,N2,pbe_d3,N2_Cu100,,false,ok,NSW=0 complex; converged relaxed references; matching composition,-0.05445591,/pscratch/sd/j/jcho5/VASP/dft_jobs/N2_Cu100/singlepoint/PBE_D3,0,/pscratch/sd/j/jcho5/VASP/vasp_slab/Cu100/PBE_D3,/pscratch/sd/j/jcho5/VASP/vasp_mol/N2/PBE_D3,-257.52302194,-240.84053253,-16.6280335,1000,500,converged,673feba9f79264ecd60578ce2c3724c589b62983fa0a5801bc3b5a654ab32662,true
Cu100,N2,r2scan,N2_Cu100,,false,ok,NSW=0 complex; converged relaxed references; matching composition,0.18133689,/pscratch/sd/j/jcho5/VASP/dft_jobs/N2_Cu100/singlepoint/r2scan,0,/pscratch/sd/j/jcho5/VASP/vasp_slab/Cu100/r2scan,/pscratch/sd/j/jcho5/VASP/vasp_mol/N2/r2scan,-688.32935108,-670.31649401,-18.19419396,1000,500,converged,673feba9f79264ecd60578ce2c3724c589b62983fa0a5801bc3b5a654ab32662,true
Cu100,N2,beef_vdw,N2_Cu100,,false,ok,NSW=0 complex; converged relaxed references; matching composition,-0.05488214,/pscratch/sd/j/jcho5/VASP/dft_jobs/N2_Cu100/singlepoint/beef_vdw,0,/pscratch/sd/j/jcho5/VASP/completion_runs/site_gapfill_20260914/slab/C2H4_Cu100/beef_vdw,/pscratch/sd/j/jcho5/VASP/vasp_mol/N2/beef_vdw,-24.19453219,-10.5763226,-13.56332745,1000,500,converged,673feba9f79264ecd60578ce2c3724c589b62983fa0a5801bc3b5a654ab32662,true
Cu110,N2,pbe,N2_Cu110,,false,potential_mismatch,Complex and reference PAW potential identities differ or are missing; energy retained only as diagnostic,0.37293348,/pscratch/sd/j/jcho5/VASP/dft_jobs/N2_Cu110/singlepoint/PBE,0,/pscratch/sd/j/jcho5/VASP/vasp_slab/Cu110/PBE,/pscratch/sd/j/jcho5/VASP/vasp_mol/N2/PBE,-96.00512481,-79.75003338,-16.62802491,1000,500,converged,7eec7cb54f49655fdb3fc965e1b513df1bcda5e8287246ef945da880b8dc4f2d,false
Cu110,N2,pbe_d3,N2_Cu110,,false,potential_mismatch,Complex and reference PAW potential identities differ or are missing; energy retained only as diagnostic,0.12555251,/pscratch/sd/j/jcho5/VASP/dft_jobs/N2_Cu110/singlepoint/PBE_D3,0,/pscratch/sd/j/jcho5/VASP/vasp_slab/Cu110/PBE_D3,/pscratch/sd/j/jcho5/VASP/vasp_mol/N2/PBE_D3,-102.58745343,-86.08497244,-16.6280335,1000,500,converged,7eec7cb54f49655fdb3fc965e1b513df1bcda5e8287246ef945da880b8dc4f2d,false
Cu110,N2,r2scan,N2_Cu110,,false,potential_mismatch,Complex and reference PAW potential identities differ or are missing; energy retained only as diagnostic,0.32989938,/pscratch/sd/j/jcho5/VASP/dft_jobs/N2_Cu110/singlepoint/r2scan,0,/pscratch/sd/j/jcho5/VASP/vasp_slab/Cu110/r2scan,/pscratch/sd/j/jcho5/VASP/vasp_mol/N2/r2scan,-265.89679018,-248.0324956,-18.19419396,1000,500,converged,7eec7cb54f49655fdb3fc965e1b513df1bcda5e8287246ef945da880b8dc4f2d,false
Cu110,N2,beef_vdw,N2_Cu110,,false,potential_mismatch,Complex and reference PAW potential identities differ or are missing; energy retained only as diagnostic,-30.79823865,/pscratch/sd/j/jcho5/VASP/dft_jobs/N2_Cu110/singlepoint/beef_vdw,0,/pscratch/sd/j/jcho5/VASP/vasp_slab/Cu110/beef_vdw,/pscratch/sd/j/jcho5/VASP/vasp_mol/N2/beef_vdw,-14.37637537,29.98519073,-13.56332745,1000,500,converged,7eec7cb54f49655fdb3fc965e1b513df1bcda5e8287246ef945da880b8dc4f2d,false
Cu111,N2,pbe,N2_Cu111,,false,ok,NSW=0 complex; converged relaxed references; matching composition,0.00193646,/pscratch/sd/j/jcho5/VASP/dft_jobs/N2_Cu111/singlepoint/PBE,0,/pscratch/sd/j/jcho5/VASP/completion_runs/matched_potential_slabs_20260915/slab/Cu111_28f90def6e/pbe,/pscratch/sd/j/jcho5/VASP/vasp_mol/N2/PBE,-240.70894158,-224.08285313,-16.62802491,500,500,converged,82cb5bf858bc34b89dfaf614e24c07202236c4bb3074de8d5bdb57d2c4800ba0,true
Cu111,N2,pbe_d3,N2_Cu111,,false,ok,NSW=0 complex; converged relaxed references; matching composition,0.01549006,/pscratch/sd/j/jcho5/VASP/dft_jobs/N2_Cu111/singlepoint/PBE_D3,0,/pscratch/sd/j/jcho5/VASP/completion_runs/matched_potential_slabs_20260915/slab/Cu111_6058af94f0/pbe_d3,/pscratch/sd/j/jcho5/VASP/vasp_mol/N2/PBE_D3,-263.18206627,-246.56952283,-16.6280335,500,500,converged,82cb5bf858bc34b89dfaf614e24c07202236c4bb3074de8d5bdb57d2c4800ba0,true
Cu111,N2,r2scan,N2_Cu111,,false,ok,NSW=0 complex; converged relaxed references; matching composition,0.20254814,/pscratch/sd/j/jcho5/VASP/dft_jobs/N2_Cu111/singlepoint/r2scan,0,/pscratch/sd/j/jcho5/VASP/completion_runs/matched_potential_slabs_20260915/slab/Cu111_96724abedd/r2scan,/pscratch/sd/j/jcho5/VASP/vasp_mol/N2/r2scan,-693.421863,-675.43021718,-18.19419396,500,500,converged,82cb5bf858bc34b89dfaf614e24c07202236c4bb3074de8d5bdb57d2c4800ba0,true
Cu111,N2,beef_vdw,N2_Cu111,,false,ok,NSW=0 complex; converged relaxed references; matching composition,-0.05704813,/pscratch/sd/j/jcho5/VASP/dft_jobs/N2_Cu111/singlepoint/beef_vdw,0,/pscratch/sd/j/jcho5/VASP/completion_runs/matched_potential_slabs_20260915/slab/Cu111_11f50e50d8/beef_vdw,/pscratch/sd/j/jcho5/VASP/vasp_mol/N2/beef_vdw,-28.22031873,-14.59994315,-13.56332745,500,500,converged,82cb5bf858bc34b89dfaf614e24c07202236c4bb3074de8d5bdb57d2c4800ba0,true
Ir100,N2,pbe,N2_Ir100,,false,ok,NSW=0 complex; converged relaxed references; matching composition,-0.74653628,/pscratch/sd/j/jcho5/VASP/dft_jobs/N2_Ir100/singlepoint/PBE,0,/pscratch/sd/j/jcho5/VASP/vasp_slab/Ir100/PBE,/pscratch/sd/j/jcho5/VASP/vasp_mol/N2/PBE,-311.77557533,-294.40101414,-16.62802491,1000,500,converged,4e3132be57f60a27a47572bd676e3157ba3ef18a9f53a2dd8a24275333eb0db8,true
Ir100,N2,pbe_d3,N2_Ir100,,false,ok,NSW=0 complex; converged relaxed references; matching composition,-0.98582786,/pscratch/sd/j/jcho5/VASP/dft_jobs/N2_Ir100/singlepoint/PBE_D3,0,/pscratch/sd/j/jcho5/VASP/vasp_slab/Ir100/PBE_D3,/pscratch/sd/j/jcho5/VASP/vasp_mol/N2/PBE_D3,-329.21631114,-311.60244978,-16.6280335,1000,500,converged,4e3132be57f60a27a47572bd676e3157ba3ef18a9f53a2dd8a24275333eb0db8,true
Ir100,N2,r2scan,N2_Ir100,,false,ok,NSW=0 complex; converged relaxed references; matching composition,-0.86933032,/pscratch/sd/j/jcho5/VASP/dft_jobs/N2_Ir100/singlepoint/r2scan,0,/pscratch/sd/j/jcho5/VASP/completion_runs/site_gapfill_20260914/slab/C2H4_Ir100/r2scan,/pscratch/sd/j/jcho5/VASP/vasp_mol/N2/r2scan,-1877.72900903,-1858.66548475,-18.19419396,1000,500,converged,4e3132be57f60a27a47572bd676e3157ba3ef18a9f53a2dd8a24275333eb0db8,true
Ir100,N2,beef_vdw,N2_Ir100,,false,ok,NSW=0 complex; converged relaxed references; matching composition,-0.69047165,/pscratch/sd/j/jcho5/VASP/dft_jobs/N2_Ir100/singlepoint/beef_vdw,0,/pscratch/sd/j/jcho5/VASP/vasp_slab/Ir100/beef_vdw,/pscratch/sd/j/jcho5/VASP/vasp_mol/N2/beef_vdw,-197.27136569,-183.01756659,-13.56332745,1000,500,converged,4e3132be57f60a27a47572bd676e3157ba3ef18a9f53a2dd8a24275333eb0db8,true
Ir110,N2,pbe,N2_Ir110,,false,ok,NSW=0 complex; converged relaxed references; matching composition,-1.02221322,/pscratch/sd/j/jcho5/VASP/dft_jobs/N2_Ir110/singlepoint/PBE,0,/pscratch/sd/j/jcho5/VASP/vasp_slab/Ir110/PBE,/pscratch/sd/j/jcho5/VASP/vasp_mol/N2/PBE,-203.44302384,-185.79278571,-16.62802491,1000,500,converged,2326caeb9440b00461141b4eb94de9e37431385b2f1b799aeb9d932e9fb4a686,true
Ir110,N2,pbe_d3,N2_Ir110,,false,ok,NSW=0 complex; converged relaxed references; matching composition,-1.22373351,/pscratch/sd/j/jcho5/VASP/dft_jobs/N2_Ir110/singlepoint/PBE_D3,0,/pscratch/sd/j/jcho5/VASP/vasp_slab/Ir110/PBE_D3,/pscratch/sd/j/jcho5/VASP/vasp_mol/N2/PBE_D3,-212.98998851,-195.1382215,-16.6280335,1000,500,converged,2326caeb9440b00461141b4eb94de9e37431385b2f1b799aeb9d932e9fb4a686,true
Ir110,N2,r2scan,N2_Ir110,,false,ok,NSW=0 complex; converged relaxed references; matching composition,-0.97809859,/pscratch/sd/j/jcho5/VASP/dft_jobs/N2_Ir110/singlepoint/r2scan,0,/pscratch/sd/j/jcho5/VASP/vasp_slab/Ir110/r2scan,/pscratch/sd/j/jcho5/VASP/vasp_mol/N2/r2scan,-1247.84904422,-1228.67675167,-18.19419396,1000,500,converged,2326caeb9440b00461141b4eb94de9e37431385b2f1b799aeb9d932e9fb4a686,true
Ir110,N2,beef_vdw,N2_Ir110,,false,ok,NSW=0 complex; converged relaxed references; matching composition,-1.03456527,/pscratch/sd/j/jcho5/VASP/dft_jobs/N2_Ir110/singlepoint/beef_vdw,0,/pscratch/sd/j/jcho5/VASP/vasp_slab/Ir110/beef_vdw,/pscratch/sd/j/jcho5/VASP/vasp_mol/N2/beef_vdw,-125.85039026,-111.25249754,-13.56332745,1000,500,converged,2326caeb9440b00461141b4eb94de9e37431385b2f1b799aeb9d932e9fb4a686,true
Ir111,N2,pbe,N2_Ir111,,false,ok,NSW=0 complex; converged relaxed references; matching composition,-0.33032854,/pscratch/sd/j/jcho5/VASP/dft_jobs/N2_Ir111/singlepoint/PBE,0,/pscratch/sd/j/jcho5/VASP/vasp_slab/Ir111/PBE,/pscratch/sd/j/jcho5/VASP/vasp_mol/N2/PBE,-555.27029635,-538.3119429,-16.62802491,1000,500,converged,59be5216005ce85f8a0a18eab294d12fc4d5a769b3e28628ceabfbd22f820296,true
Ir111,N2,pbe_d3,N2_Ir111,,false,ok,NSW=0 complex; converged relaxed references; matching composition,-0.39859868,/pscratch/sd/j/jcho5/VASP/dft_jobs/N2_Ir111/singlepoint/PBE_D3,0,/pscratch/sd/j/jcho5/VASP/vasp_slab/Ir111/PBE_D3,/pscratch/sd/j/jcho5/VASP/vasp_mol/N2/PBE_D3,-587.80967613,-570.78304395,-16.6280335,1000,500,converged,59be5216005ce85f8a0a18eab294d12fc4d5a769b3e28628ceabfbd22f820296,true
Ir111,N2,r2scan,N2_Ir111,,false,ok,NSW=0 complex; converged relaxed references; matching composition,-0.27451831,/pscratch/sd/j/jcho5/VASP/dft_jobs/N2_Ir111/singlepoint/r2scan,0,/pscratch/sd/j/jcho5/VASP/vasp_slab/Ir111/r2scan,/pscratch/sd/j/jcho5/VASP/vasp_mol/N2/r2scan,-3339.15185436,-3320.68314209,-18.19419396,1000,500,converged,59be5216005ce85f8a0a18eab294d12fc4d5a769b3e28628ceabfbd22f820296,true
Ir111,N2,beef_vdw,N2_Ir111,,false,ok,NSW=0 complex; converged relaxed references; matching composition,-0.39413564,/pscratch/sd/j/jcho5/VASP/dft_jobs/N2_Ir111/singlepoint/beef_vdw,0,/pscratch/sd/j/jcho5/VASP/vasp_slab/Ir111/beef_vdw,/pscratch/sd/j/jcho5/VASP/vasp_mol/N2/beef_vdw,-353.44443301,-339.48696992,-13.56332745,1000,500,converged,59be5216005ce85f8a0a18eab294d12fc4d5a769b3e28628ceabfbd22f820296,true
Pd100,N2,pbe,N2_Pd100,,false,potential_mismatch,Complex and reference PAW potential identities differ or are missing; energy retained only as diagnostic,-0.49403863,/pscratch/sd/j/jcho5/VASP/dft_jobs/N2_Pd100/singlepoint/PBE,0,/pscratch/sd/j/jcho5/VASP/vasp_slab/Pd100/PBE,/pscratch/sd/j/jcho5/VASP/vasp_mol/N2/PBE,-192.42385606,-175.30179252,-16.62802491,1000,500,converged,fdf82c70a8ecfa824796ec0e6a0408c2872b5da004eb7f1d69967ff93c82b848,false
Pd100,N2,pbe_d3,N2_Pd100,,false,potential_mismatch,Complex and reference PAW potential identities differ or are missing; energy retained only as diagnostic,-0.67581219,/pscratch/sd/j/jcho5/VASP/dft_jobs/N2_Pd100/singlepoint/PBE_D3,0,/pscratch/sd/j/jcho5/VASP/vasp_slab/Pd100/PBE_D3,/pscratch/sd/j/jcho5/VASP/vasp_mol/N2/PBE_D3,-206.7642525,-189.46040681,-16.6280335,1000,500,converged,fdf82c70a8ecfa824796ec0e6a0408c2872b5da004eb7f1d69967ff93c82b848,false
Pd100,N2,r2scan,N2_Pd100,,false,ok,NSW=0 complex; converged relaxed references; matching composition,-0.35872429,/pscratch/sd/j/jcho5/VASP/dft_jobs/N2_Pd100/singlepoint/r2scan,0,/pscratch/sd/j/jcho5/VASP/completion_runs/matched_potential_slabs_20260915/slab/Pd100_25986b23a9/r2scan,/pscratch/sd/j/jcho5/VASP/vasp_mol/N2/r2scan,-831.02205148,-812.46913323,-18.19419396,500,500,converged,fdf82c70a8ecfa824796ec0e6a0408c2872b5da004eb7f1d69967ff93c82b848,true
Pd100,N2,beef_vdw,N2_Pd100,,false,ok,NSW=0 complex; converged relaxed references; matching composition,-0.28136601,/pscratch/sd/j/jcho5/VASP/dft_jobs/N2_Pd100/singlepoint/beef_vdw,0,/pscratch/sd/j/jcho5/VASP/completion_runs/matched_potential_slabs_20260915/slab/Pd100_b7d9b89afa/beef_vdw,/pscratch/sd/j/jcho5/VASP/vasp_mol/N2/beef_vdw,-67.01424353,-53.16955007,-13.56332745,500,500,converged,fdf82c70a8ecfa824796ec0e6a0408c2872b5da004eb7f1d69967ff93c82b848,true
Pd110,N2,pbe,N2_Pd110,,false,potential_mismatch,Complex and reference PAW potential identities differ or are missing; energy retained only as diagnostic,-0.52888809,/pscratch/sd/j/jcho5/VASP/dft_jobs/N2_Pd110/singlepoint/PBE,0,/pscratch/sd/j/jcho5/VASP/vasp_slab/Pd110/PBE,/pscratch/sd/j/jcho5/VASP/vasp_mol/N2/PBE,-127.99109245,-110.83417945,-16.62802491,1000,500,converged,38806c5e82c116a5ac6f317df06e94fed3cb3bfb2d6cf519c07ddc60b0b29374,false
Pd110,N2,pbe_d3,N2_Pd110,,false,potential_mismatch,Complex and reference PAW potential identities differ or are missing; energy retained only as diagnostic,-0.72583007,/pscratch/sd/j/jcho5/VASP/dft_jobs/N2_Pd110/singlepoint/PBE_D3,0,/pscratch/sd/j/jcho5/VASP/vasp_slab/Pd110/PBE_D3,/pscratch/sd/j/jcho5/VASP/vasp_mol/N2/PBE_D3,-135.87699762,-118.52313405,-16.6280335,1000,500,converged,38806c5e82c116a5ac6f317df06e94fed3cb3bfb2d6cf519c07ddc60b0b29374,false
Pd110,N2,r2scan,N2_Pd110,,false,complex_unconverged,electronic_unconverged,,/pscratch/sd/j/jcho5/VASP/dft_jobs/N2_Pd110/singlepoint/r2scan,0,/pscratch/sd/j/jcho5/VASP/completion_runs/matched_potential_slabs_20260915/slab/Pd110_2eb6224610/r2scan,/pscratch/sd/j/jcho5/VASP/vasp_mol/N2/r2scan,-553.59947422,-535.03397265,-18.19419396,500,500,electronic_unconverged,38806c5e82c116a5ac6f317df06e94fed3cb3bfb2d6cf519c07ddc60b0b29374,false
Pd110,N2,beef_vdw,N2_Pd110,,false,ok,NSW=0 complex; converged relaxed references; matching composition,-0.398346,/pscratch/sd/j/jcho5/VASP/dft_jobs/N2_Pd110/singlepoint/beef_vdw,0,/pscratch/sd/j/jcho5/VASP/completion_runs/matched_potential_slabs_20260915/slab/Pd110_7655ac7da9/beef_vdw,/pscratch/sd/j/jcho5/VASP/vasp_mol/N2/beef_vdw,-43.32196062,-29.36028717,-13.56332745,500,500,converged,38806c5e82c116a5ac6f317df06e94fed3cb3bfb2d6cf519c07ddc60b0b29374,true
Pd111,N2,pbe,N2_Pd111,,false,ok,NSW=0 complex; converged relaxed references; matching composition,-0.16196974,/pscratch/sd/j/jcho5/VASP/dft_jobs/N2_Pd111/singlepoint/PBE,0,/pscratch/sd/j/jcho5/VASP/completion_runs/matched_potential_slabs_20260915/slab/Pd111_ffc3f47166/pbe,/pscratch/sd/j/jcho5/VASP/vasp_mol/N2/PBE,-194.91969368,-178.12969903,-16.62802491,500,500,converged,8ca1c620923c65721524d2c4e5527fb0f0b867d5dd2e36eba33c9c89df1fc2a3,true
Pd111,N2,pbe_d3,N2_Pd111,,false,ok,NSW=0 complex; converged relaxed references; matching composition,-0.34690113,/pscratch/sd/j/jcho5/VASP/dft_jobs/N2_Pd111/singlepoint/PBE_D3,0,/pscratch/sd/j/jcho5/VASP/completion_runs/matched_potential_slabs_20260915/slab/Pd111_0333765c8d/pbe_d3,/pscratch/sd/j/jcho5/VASP/vasp_mol/N2/PBE_D3,-210.03805633,-193.0631217,-16.6280335,500,500,converged,8ca1c620923c65721524d2c4e5527fb0f0b867d5dd2e36eba33c9c89df1fc2a3,true
Pd111,N2,r2scan,N2_Pd111,,false,reference_unavailable,No converged relaxed references with matching functional/composition,,/pscratch/sd/j/jcho5/VASP/dft_jobs/N2_Pd111/singlepoint/r2scan,0,,/pscratch/sd/j/jcho5/VASP/vasp_mol/N2/r2scan,-834.0106797,,-18.19419396,,500,converged,8ca1c620923c65721524d2c4e5527fb0f0b867d5dd2e36eba33c9c89df1fc2a3,false
Pd111,N2,beef_vdw,N2_Pd111,,false,ok,NSW=0 complex; converged relaxed references; matching composition,-0.13425859,/pscratch/sd/j/jcho5/VASP/dft_jobs/N2_Pd111/singlepoint/beef_vdw,0,/pscratch/sd/j/jcho5/VASP/completion_runs/matched_potential_slabs_20260915/slab/Pd111_f1f527eac1/beef_vdw,/pscratch/sd/j/jcho5/VASP/vasp_mol/N2/beef_vdw,-69.15199052,-55.45440448,-13.56332745,500,500,converged,8ca1c620923c65721524d2c4e5527fb0f0b867d5dd2e36eba33c9c89df1fc2a3,true
Pt100,N2,pbe,N2_Pt100,,false,potential_mismatch,Complex and reference PAW potential identities differ or are missing; energy retained only as diagnostic,-0.78910169,/pscratch/sd/j/jcho5/VASP/dft_jobs/N2_Pt100/singlepoint/PBE,0,/pscratch/sd/j/jcho5/VASP/vasp_slab/Pt100/PBE,/pscratch/sd/j/jcho5/VASP/vasp_mol/N2/PBE,-220.4442552,-203.0271286,-16.62802491,1000,500,converged,fedda3585232137149e6adcc5295bae9dc4e95db33a1babf65bfdfc63b7baeb1,false
Pt100,N2,pbe_d3,N2_Pt100,,false,potential_mismatch,Complex and reference PAW potential identities differ or are missing; energy retained only as diagnostic,-0.98622313,/pscratch/sd/j/jcho5/VASP/dft_jobs/N2_Pt100/singlepoint/PBE_D3,0,/pscratch/sd/j/jcho5/VASP/vasp_slab/Pt100/PBE_D3,/pscratch/sd/j/jcho5/VASP/vasp_mol/N2/PBE_D3,-239.64993188,-222.03567525,-16.6280335,1000,500,converged,fedda3585232137149e6adcc5295bae9dc4e95db33a1babf65bfdfc63b7baeb1,false
Pt100,N2,r2scan,N2_Pt100,,false,potential_mismatch,Complex and reference PAW potential identities differ or are missing; energy retained only as diagnostic,-1.10884729,/pscratch/sd/j/jcho5/VASP/dft_jobs/N2_Pt100/singlepoint/r2scan,0,/pscratch/sd/j/jcho5/VASP/vasp_slab/Pt100/r2scan,/pscratch/sd/j/jcho5/VASP/vasp_mol/N2/r2scan,-1854.99440023,-1835.69135898,-18.19419396,1000,500,converged,fedda3585232137149e6adcc5295bae9dc4e95db33a1babf65bfdfc63b7baeb1,false
Pt100,N2,beef_vdw,N2_Pt100,,false,potential_mismatch,Complex and reference PAW potential identities differ or are missing; energy retained only as diagnostic,-34.07535112,/pscratch/sd/j/jcho5/VASP/dft_jobs/N2_Pt100/singlepoint/beef_vdw,0,/pscratch/sd/j/jcho5/VASP/vasp_slab/Pt100/beef_vdw,/pscratch/sd/j/jcho5/VASP/vasp_mol/N2/beef_vdw,-107.68197803,-60.04329946,-13.56332745,1000,500,converged,fedda3585232137149e6adcc5295bae9dc4e95db33a1babf65bfdfc63b7baeb1,false
Pt110,N2,pbe,N2_Pt110,,false,potential_mismatch,Complex and reference PAW potential identities differ or are missing; energy retained only as diagnostic,-0.79710652,/pscratch/sd/j/jcho5/VASP/dft_jobs/N2_Pt110/singlepoint/PBE,0,/pscratch/sd/j/jcho5/VASP/vasp_slab/Pt110/PBE,/pscratch/sd/j/jcho5/VASP/vasp_mol/N2/PBE,-145.72609465,-128.30096322,-16.62802491,1000,500,converged,a5ea792bea607caadc3bd0a15dac519ab79f174ba835a78fa1684ea5d2f1692b,false
Pt110,N2,pbe_d3,N2_Pt110,,false,potential_mismatch,Complex and reference PAW potential identities differ or are missing; energy retained only as diagnostic,-1.05676243,/pscratch/sd/j/jcho5/VASP/dft_jobs/N2_Pt110/singlepoint/PBE_D3,0,/pscratch/sd/j/jcho5/VASP/vasp_slab/Pt110/PBE_D3,/pscratch/sd/j/jcho5/VASP/vasp_mol/N2/PBE_D3,-156.25794362,-138.57314769,-16.6280335,1000,500,converged,a5ea792bea607caadc3bd0a15dac519ab79f174ba835a78fa1684ea5d2f1692b,false
Pt110,N2,r2scan,N2_Pt110,,false,potential_mismatch,Complex and reference PAW potential identities differ or are missing; energy retained only as diagnostic,-0.97300069,/pscratch/sd/j/jcho5/VASP/dft_jobs/N2_Pt110/singlepoint/r2scan,0,/pscratch/sd/j/jcho5/VASP/vasp_slab/Pt110/r2scan,/pscratch/sd/j/jcho5/VASP/vasp_mol/N2/r2scan,-1235.2535017,-1216.08630705,-18.19419396,1000,500,converged,a5ea792bea607caadc3bd0a15dac519ab79f174ba835a78fa1684ea5d2f1692b,false
Pt110,N2,beef_vdw,N2_Pt110,,false,potential_mismatch,Complex and reference PAW potential identities differ or are missing; energy retained only as diagnostic,-22.99122139,/pscratch/sd/j/jcho5/VASP/dft_jobs/N2_Pt110/singlepoint/beef_vdw,0,/pscratch/sd/j/jcho5/VASP/vasp_slab/Pt110/beef_vdw,/pscratch/sd/j/jcho5/VASP/vasp_mol/N2/beef_vdw,-69.2341175,-32.67956866,-13.56332745,1000,500,converged,a5ea792bea607caadc3bd0a15dac519ab79f174ba835a78fa1684ea5d2f1692b,false
Pt111,N2,pbe,N2_Pt111_top,top,false,ok,NSW=0 complex; converged relaxed references; matching composition,-0.02750012,/pscratch/sd/j/jcho5/VASP/dft_jobs/N2_Pt111_top/singlepoint/PBE,0,/pscratch/sd/j/jcho5/VASP/completion_runs/matched_potential_slabs_20260915/slab/Pt111_ac28ddddd3/pbe,/pscratch/sd/j/jcho5/VASP/vasp_mol/N2/PBE,-225.35144827,-208.69592324,-16.62802491,500,500,converged,ad36b31388905294acfe0efe6d5e4d1575861c0e6c8acca993995fc94cae7d95,true
Pt111,N2,pbe_d3,N2_Pt111_top,top,false,ok,NSW=0 complex; converged relaxed references; matching composition,-0.16812012,/pscratch/sd/j/jcho5/VASP/dft_jobs/N2_Pt111_top/singlepoint/PBE_D3,0,/pscratch/sd/j/jcho5/VASP/completion_runs/matched_potential_slabs_20260915/slab/Pt111_c3286ec1f4/pbe_d3,/pscratch/sd/j/jcho5/VASP/vasp_mol/N2/PBE_D3,-245.3929206,-228.59676698,-16.6280335,500,500,converged,ad36b31388905294acfe0efe6d5e4d1575861c0e6c8acca993995fc94cae7d95,true
Pt111,N2,r2scan,N2_Pt111_top,top,false,reference_unavailable,No converged relaxed references with matching functional/composition,,/pscratch/sd/j/jcho5/VASP/dft_jobs/N2_Pt111_top/singlepoint/r2scan,0,,/pscratch/sd/j/jcho5/VASP/vasp_mol/N2/r2scan,-1860.02928049,,-18.19419396,,500,converged,ad36b31388905294acfe0efe6d5e4d1575861c0e6c8acca993995fc94cae7d95,false
Pt111,N2,beef_vdw,N2_Pt111_top,top,false,reference_unavailable,No converged relaxed references with matching functional/composition,,/pscratch/sd/j/jcho5/VASP/dft_jobs/N2_Pt111_top/singlepoint/beef_vdw,0,,/pscratch/sd/j/jcho5/VASP/vasp_mol/N2/beef_vdw,-111.93517382,,-13.56332745,,500,converged,ad36b31388905294acfe0efe6d5e4d1575861c0e6c8acca993995fc94cae7d95,false
Rh100,N2,pbe,N2_Rh100,,false,complex_unconverged,electronic_unconverged,,/pscratch/sd/j/jcho5/VASP/dft_jobs/N2_Rh100/singlepoint/PBE,0,/pscratch/sd/j/jcho5/VASP/vasp_slab/Rh100/PBE,/pscratch/sd/j/jcho5/VASP/vasp_mol/N2/PBE,-259.67226504,-242.27634007,-16.62802491,1000,500,electronic_unconverged,013422ce8fa6ac4341f657510d062006b387a417d249b27fcf57540a153974f7,false
Rh100,N2,pbe_d3,N2_Rh100,,false,complex_unconverged,electronic_unconverged,,/pscratch/sd/j/jcho5/VASP/dft_jobs/N2_Rh100/singlepoint/PBE_D3,0,/pscratch/sd/j/jcho5/VASP/vasp_slab/Rh100/PBE_D3,/pscratch/sd/j/jcho5/VASP/vasp_mol/N2/PBE_D3,-273.906041,-256.07544059,-16.6280335,1000,500,electronic_unconverged,013422ce8fa6ac4341f657510d062006b387a417d249b27fcf57540a153974f7,false
Rh100,N2,r2scan,N2_Rh100,,false,ok,NSW=0 complex; converged relaxed references; matching composition,-0.74281825,/pscratch/sd/j/jcho5/VASP/dft_jobs/N2_Rh100/singlepoint/r2scan,0,/pscratch/sd/j/jcho5/VASP/completion_runs/matched_potential_slabs_20260915/slab/Rh100_84c2195556/r2scan,/pscratch/sd/j/jcho5/VASP/vasp_mol/N2/r2scan,-867.31467729,-848.37766508,-18.19419396,500,500,converged,013422ce8fa6ac4341f657510d062006b387a417d249b27fcf57540a153974f7,true
Rh100,N2,beef_vdw,N2_Rh100,,false,complex_unconverged,electronic_unconverged,,/pscratch/sd/j/jcho5/VASP/dft_jobs/N2_Rh100/singlepoint/beef_vdw,0,/pscratch/sd/j/jcho5/VASP/completion_runs/matched_potential_slabs_20260915/slab/Rh100_b2891dc541/beef_vdw,/pscratch/sd/j/jcho5/VASP/vasp_mol/N2/beef_vdw,-143.23041834,-130.4934363,-13.56332745,500,500,electronic_unconverged,013422ce8fa6ac4341f657510d062006b387a417d249b27fcf57540a153974f7,false
Rh110,N2,pbe,N2_Rh110,,false,potential_mismatch,Complex and reference PAW potential identities differ or are missing; energy retained only as diagnostic,-1.0386503,/pscratch/sd/j/jcho5/VASP/dft_jobs/N2_Rh110/singlepoint/PBE,0,/pscratch/sd/j/jcho5/VASP/vasp_slab/Rh110/PBE,/pscratch/sd/j/jcho5/VASP/vasp_mol/N2/PBE,-170.72463451,-153.0579593,-16.62802491,1000,500,converged,9ccda3cc414a05a69562669070d57ae9ebac06031df4a0a7decc02ed24665f63,false
Rh110,N2,pbe_d3,N2_Rh110,,false,complex_unconverged,electronic_unconverged,,/pscratch/sd/j/jcho5/VASP/dft_jobs/N2_Rh110/singlepoint/PBE_D3,0,/pscratch/sd/j/jcho5/VASP/vasp_slab/Rh110/PBE_D3,/pscratch/sd/j/jcho5/VASP/vasp_mol/N2/PBE_D3,-178.38018569,-160.48819907,-16.6280335,1000,500,electronic_unconverged,9ccda3cc414a05a69562669070d57ae9ebac06031df4a0a7decc02ed24665f63,false
Rh110,N2,r2scan,N2_Rh110,,false,ok,NSW=0 complex; converged relaxed references; matching composition,-0.63973811,/pscratch/sd/j/jcho5/VASP/dft_jobs/N2_Rh110/singlepoint/r2scan,0,/pscratch/sd/j/jcho5/VASP/completion_runs/matched_potential_slabs_20260915/slab/Rh110_43367cbc6c/r2scan,/pscratch/sd/j/jcho5/VASP/vasp_mol/N2/r2scan,-577.16292263,-558.32899056,-18.19419396,500,500,converged,9ccda3cc414a05a69562669070d57ae9ebac06031df4a0a7decc02ed24665f63,true
Rh110,N2,beef_vdw,N2_Rh110,,false,ok,NSW=0 complex; converged relaxed references; matching composition,-0.72923055,/pscratch/sd/j/jcho5/VASP/dft_jobs/N2_Rh110/singlepoint/beef_vdw,0,/pscratch/sd/j/jcho5/VASP/completion_runs/matched_potential_slabs_20260915/slab/Rh110_a6be9fa2b9/beef_vdw,/pscratch/sd/j/jcho5/VASP/vasp_mol/N2/beef_vdw,-92.98504676,-78.69248876,-13.56332745,500,500,converged,9ccda3cc414a05a69562669070d57ae9ebac06031df4a0a7decc02ed24665f63,true
Rh111,N2,pbe,N2_Rh111,,false,potential_mismatch,Complex and reference PAW potential identities differ or are missing; energy retained only as diagnostic,-1.09724283,/pscratch/sd/j/jcho5/VASP/dft_jobs/N2_Rh111/singlepoint/PBE,0,/pscratch/sd/j/jcho5/VASP/vasp_slab/Rh111/PBE,/pscratch/sd/j/jcho5/VASP/vasp_mol/N2/PBE,-456.87521063,-439.14994289,-16.62802491,1000,500,converged,d34d1fc26f795a0fcb18f0c7ed77417b35efd1d4b9fb979d4bbe5217c7e3df50,false
Rh111,N2,pbe_d3,N2_Rh111,,false,potential_mismatch,Complex and reference PAW potential identities differ or are missing; energy retained only as diagnostic,-1.13099567,/pscratch/sd/j/jcho5/VASP/dft_jobs/N2_Rh111/singlepoint/PBE_D3,0,/pscratch/sd/j/jcho5/VASP/vasp_slab/Rh111/PBE_D3,/pscratch/sd/j/jcho5/VASP/vasp_mol/N2/PBE_D3,-483.0204497,-465.26142053,-16.6280335,1000,500,converged,d34d1fc26f795a0fcb18f0c7ed77417b35efd1d4b9fb979d4bbe5217c7e3df50,false
Rh111,N2,r2scan,N2_Rh111,,false,potential_mismatch,Complex and reference PAW potential identities differ or are missing; energy retained only as diagnostic,-1.19951448,/pscratch/sd/j/jcho5/VASP/dft_jobs/N2_Rh111/singlepoint/r2scan,0,/pscratch/sd/j/jcho5/VASP/vasp_slab/Rh111/r2scan,/pscratch/sd/j/jcho5/VASP/vasp_mol/N2/r2scan,-1536.28362159,-1516.88991315,-18.19419396,1000,500,converged,d34d1fc26f795a0fcb18f0c7ed77417b35efd1d4b9fb979d4bbe5217c7e3df50,false
Rh111,N2,beef_vdw,N2_Rh111,,false,ok,NSW=0 complex; converged relaxed references; matching composition,-0.50200578,/pscratch/sd/j/jcho5/VASP/dft_jobs/N2_Rh111/singlepoint/beef_vdw,0,/pscratch/sd/j/jcho5/VASP/completion_runs/matched_potential_slabs_20260915/slab/Rh111_f89b45c425/beef_vdw,/pscratch/sd/j/jcho5/VASP/vasp_mol/N2/beef_vdw,-253.75013373,-239.6848005,-13.56332745,500,500,converged,d34d1fc26f795a0fcb18f0c7ed77417b35efd1d4b9fb979d4bbe5217c7e3df50,true
Ag100,NH3,pbe,NH3_Ag100,,false,potential_mismatch,Complex and reference PAW potential identities differ or are missing; energy retained only as diagnostic,-1.03559971,/pscratch/sd/j/jcho5/VASP/dft_jobs/NH3_Ag100/singlepoint/PBE,0,/pscratch/sd/j/jcho5/VASP/vasp_slab/Ag100/PBE,/pscratch/sd/j/jcho5/VASP/vasp_mol/NH3/PBE,-110.69487255,-90.12407184,-19.535201,1000,500,converged,485be320b04894ac3e8ceb05d72601ed31dcf45e6c32c76595cc5475ba8003b7,false
Ag100,NH3,pbe_d3,NH3_Ag100,,false,potential_mismatch,Complex and reference PAW potential identities differ or are missing; energy retained only as diagnostic,-1.15807812,/pscratch/sd/j/jcho5/VASP/dft_jobs/NH3_Ag100/singlepoint/PBE_D3,0,/pscratch/sd/j/jcho5/VASP/vasp_slab/Ag100/PBE_D3,/pscratch/sd/j/jcho5/VASP/vasp_mol/NH3/PBE_D3,-123.09414177,-102.4003605,-19.53570315,1000,500,converged,485be320b04894ac3e8ceb05d72601ed31dcf45e6c32c76595cc5475ba8003b7,false
Ag100,NH3,r2scan,NH3_Ag100,,false,potential_mismatch,Complex and reference PAW potential identities differ or are missing; energy retained only as diagnostic,-1.50350691,/pscratch/sd/j/jcho5/VASP/dft_jobs/NH3_Ag100/singlepoint/r2scan,0,/pscratch/sd/j/jcho5/VASP/vasp_slab/Ag100/r2scan,/pscratch/sd/j/jcho5/VASP/vasp_mol/NH3/r2scan,-781.08588446,-759.06403021,-20.51834734,1000,500,converged,485be320b04894ac3e8ceb05d72601ed31dcf45e6c32c76595cc5475ba8003b7,false
Ag100,NH3,beef_vdw,NH3_Ag100,,false,potential_mismatch,Complex and reference PAW potential identities differ or are missing; energy retained only as diagnostic,-25.29333196,/pscratch/sd/j/jcho5/VASP/dft_jobs/NH3_Ag100/singlepoint/beef_vdw,0,/pscratch/sd/j/jcho5/VASP/vasp_slab/Ag100/beef_vdw,/pscratch/sd/j/jcho5/VASP/vasp_mol/NH3/beef_vdw,14.61087555,58.04168493,-18.13747742,1000,500,converged,485be320b04894ac3e8ceb05d72601ed31dcf45e6c32c76595cc5475ba8003b7,false
Ag110,NH3,pbe,NH3_Ag110,,false,potential_mismatch,Complex and reference PAW potential identities differ or are missing; energy retained only as diagnostic,-0.82715072,/pscratch/sd/j/jcho5/VASP/dft_jobs/NH3_Ag110/singlepoint/PBE,0,/pscratch/sd/j/jcho5/VASP/vasp_slab/Ag110/PBE,/pscratch/sd/j/jcho5/VASP/vasp_mol/NH3/PBE,-77.70765606,-57.34530434,-19.535201,1000,500,converged,5760f884acb7844958b825940a55701d6f11f22946ef8de9f5020cc69a50e888,false
Ag110,NH3,pbe_d3,NH3_Ag110,,false,potential_mismatch,Complex and reference PAW potential identities differ or are missing; energy retained only as diagnostic,-0.99861564,/pscratch/sd/j/jcho5/VASP/dft_jobs/NH3_Ag110/singlepoint/PBE_D3,0,/pscratch/sd/j/jcho5/VASP/vasp_slab/Ag110/PBE_D3,/pscratch/sd/j/jcho5/VASP/vasp_mol/NH3/PBE_D3,-84.61843949,-64.0841207,-19.53570315,1000,500,converged,5760f884acb7844958b825940a55701d6f11f22946ef8de9f5020cc69a50e888,false
Ag110,NH3,r2scan,NH3_Ag110,,false,potential_mismatch,Complex and reference PAW potential identities differ or are missing; energy retained only as diagnostic,-1.20184044,/pscratch/sd/j/jcho5/VASP/dft_jobs/NH3_Ag110/singlepoint/r2scan,0,/pscratch/sd/j/jcho5/VASP/vasp_slab/Ag110/r2scan,/pscratch/sd/j/jcho5/VASP/vasp_mol/NH3/r2scan,-524.40042582,-502.68023804,-20.51834734,1000,500,converged,5760f884acb7844958b825940a55701d6f11f22946ef8de9f5020cc69a50e888,false
Ag110,NH3,beef_vdw,NH3_Ag110,,false,potential_mismatch,Complex and reference PAW potential identities differ or are missing; energy retained only as diagnostic,-16.94875274,/pscratch/sd/j/jcho5/VASP/dft_jobs/NH3_Ag110/singlepoint/beef_vdw,0,/pscratch/sd/j/jcho5/VASP/vasp_slab/Ag110/beef_vdw,/pscratch/sd/j/jcho5/VASP/vasp_mol/NH3/beef_vdw,6.52517353,41.61140369,-18.13747742,1000,500,converged,5760f884acb7844958b825940a55701d6f11f22946ef8de9f5020cc69a50e888,false
Ag111,NH3,pbe,NH3_Ag111,,false,ok,NSW=0 complex; converged relaxed references; matching composition,-0.24937706,/pscratch/sd/j/jcho5/VASP/dft_jobs/NH3_Ag111/singlepoint/PBE,0,/pscratch/sd/j/jcho5/VASP/completion_runs/matched_potential_slabs_20260915/slab/Ag111_61964c781c/pbe,/pscratch/sd/j/jcho5/VASP/vasp_mol/NH3/PBE,-112.03582575,-92.25124769,-19.535201,500,500,converged,70d0bbbd8892861b3a0ba4b17b4388327eb6aaf82552b84af94b2fd388058c3e,true
Ag111,NH3,pbe_d3,NH3_Ag111,,false,ok,NSW=0 complex; converged relaxed references; matching composition,-0.29839885,/pscratch/sd/j/jcho5/VASP/dft_jobs/NH3_Ag111/singlepoint/PBE_D3,0,/pscratch/sd/j/jcho5/VASP/completion_runs/matched_potential_slabs_20260915/slab/Ag111_71d4cd48c4/pbe_d3,/pscratch/sd/j/jcho5/VASP/vasp_mol/NH3/PBE_D3,-125.06102034,-105.22691834,-19.53570315,500,500,converged,70d0bbbd8892861b3a0ba4b17b4388327eb6aaf82552b84af94b2fd388058c3e,true
Ag111,NH3,r2scan,NH3_Ag111,,false,ok,NSW=0 complex; converged relaxed references; matching composition,-0.22614704,/pscratch/sd/j/jcho5/VASP/dft_jobs/NH3_Ag111/singlepoint/r2scan,0,/pscratch/sd/j/jcho5/VASP/completion_runs/matched_potential_slabs_20260915/slab/Ag111_f9365ca685/r2scan,/pscratch/sd/j/jcho5/VASP/vasp_mol/NH3/r2scan,-782.79154599,-762.04705161,-20.51834734,500,500,converged,70d0bbbd8892861b3a0ba4b17b4388327eb6aaf82552b84af94b2fd388058c3e,true
Ag111,NH3,beef_vdw,NH3_Ag111,,false,ok,NSW=0 complex; converged relaxed references; matching composition,-0.41673043,/pscratch/sd/j/jcho5/VASP/dft_jobs/NH3_Ag111/singlepoint/beef_vdw,0,/pscratch/sd/j/jcho5/VASP/completion_runs/matched_potential_slabs_20260915/slab/Ag111_35207ad13f/beef_vdw,/pscratch/sd/j/jcho5/VASP/vasp_mol/NH3/beef_vdw,13.43952899,31.99373684,-18.13747742,500,500,converged,70d0bbbd8892861b3a0ba4b17b4388327eb6aaf82552b84af94b2fd388058c3e,true
Au100,NH3,pbe,NH3_Au100,,false,reference_unavailable,No converged relaxed references with matching functional/composition,,/pscratch/sd/j/jcho5/VASP/dft_jobs/NH3_Au100/singlepoint/PBE,0,,/pscratch/sd/j/jcho5/VASP/vasp_mol/NH3/PBE,-211.80165281,,-19.535201,,500,converged,34566cbbe91babb71198c4e827c4c7606d588ede8387f6380a4aa4fea8df3b97,false
Au100,NH3,pbe_d3,NH3_Au100,,false,reference_unavailable,No converged relaxed references with matching functional/composition,,/pscratch/sd/j/jcho5/VASP/dft_jobs/NH3_Au100/singlepoint/PBE_D3,0,,/pscratch/sd/j/jcho5/VASP/vasp_mol/NH3/PBE_D3,-242.10595455,,-19.53570315,,500,converged,34566cbbe91babb71198c4e827c4c7606d588ede8387f6380a4aa4fea8df3b97,false
Au100,NH3,r2scan,NH3_Au100,,false,reference_unavailable,No converged relaxed references with matching functional/composition,,/pscratch/sd/j/jcho5/VASP/dft_jobs/NH3_Au100/singlepoint/r2scan,0,,/pscratch/sd/j/jcho5/VASP/vasp_mol/NH3/r2scan,-3241.881607,,-20.51834734,,500,converged,34566cbbe91babb71198c4e827c4c7606d588ede8387f6380a4aa4fea8df3b97,false
Au100,NH3,beef_vdw,NH3_Au100,,false,reference_unavailable,No converged relaxed references with matching functional/composition,,/pscratch/sd/j/jcho5/VASP/dft_jobs/NH3_Au100/singlepoint/beef_vdw,0,,/pscratch/sd/j/jcho5/VASP/vasp_mol/NH3/beef_vdw,-13.44253267,,-18.13747742,,500,converged,34566cbbe91babb71198c4e827c4c7606d588ede8387f6380a4aa4fea8df3b97,false
Au110,NH3,pbe,NH3_Au110,,false,reference_unavailable,No converged relaxed references with matching functional/composition,,/pscratch/sd/j/jcho5/VASP/dft_jobs/NH3_Au110/singlepoint/PBE,0,,/pscratch/sd/j/jcho5/VASP/vasp_mol/NH3/PBE,-204.35795064,,-19.535201,,500,converged,01afbc72172c38aaf074cc5a02ecde32e1b7877ff1e225e6edf74173d74587f6,false
Au110,NH3,pbe_d3,NH3_Au110,,false,reference_unavailable,No converged relaxed references with matching functional/composition,,/pscratch/sd/j/jcho5/VASP/dft_jobs/NH3_Au110/singlepoint/PBE_D3,0,,/pscratch/sd/j/jcho5/VASP/vasp_mol/NH3/PBE_D3,-229.63579366,,-19.53570315,,500,converged,01afbc72172c38aaf074cc5a02ecde32e1b7877ff1e225e6edf74173d74587f6,false
Au110,NH3,r2scan,NH3_Au110,,false,reference_unavailable,No converged relaxed references with matching functional/composition,,/pscratch/sd/j/jcho5/VASP/dft_jobs/NH3_Au110/singlepoint/r2scan,0,,/pscratch/sd/j/jcho5/VASP/vasp_mol/NH3/r2scan,-3232.88312239,,-20.51834734,,500,converged,01afbc72172c38aaf074cc5a02ecde32e1b7877ff1e225e6edf74173d74587f6,false
Au110,NH3,beef_vdw,NH3_Au110,,false,reference_unavailable,No converged relaxed references with matching functional/composition,,/pscratch/sd/j/jcho5/VASP/dft_jobs/NH3_Au110/singlepoint/beef_vdw,0,,/pscratch/sd/j/jcho5/VASP/vasp_mol/NH3/beef_vdw,-5.4497922,,-18.13747742,,500,converged,01afbc72172c38aaf074cc5a02ecde32e1b7877ff1e225e6edf74173d74587f6,false
Au111,NH3,pbe,NH3_Au111,,false,reference_unavailable,No converged relaxed references with matching functional/composition,,/pscratch/sd/j/jcho5/VASP/dft_jobs/NH3_Au111/singlepoint/PBE,0,,/pscratch/sd/j/jcho5/VASP/vasp_mol/NH3/PBE,-129.7534059,,-19.535201,,500,converged,d3ef12d5ca5680dae1ff113919b385d1428bcb4b378712cb19d065a306543706,false
Au111,NH3,pbe_d3,NH3_Au111,,false,reference_unavailable,No converged relaxed references with matching functional/composition,,/pscratch/sd/j/jcho5/VASP/dft_jobs/NH3_Au111/singlepoint/PBE_D3,0,,/pscratch/sd/j/jcho5/VASP/vasp_mol/NH3/PBE_D3,-147.56064974,,-19.53570315,,500,converged,d3ef12d5ca5680dae1ff113919b385d1428bcb4b378712cb19d065a306543706,false
Au111,NH3,r2scan,NH3_Au111,,false,reference_unavailable,No converged relaxed references with matching functional/composition,,/pscratch/sd/j/jcho5/VASP/dft_jobs/NH3_Au111/singlepoint/r2scan,0,,/pscratch/sd/j/jcho5/VASP/vasp_mol/NH3/r2scan,-1834.98601361,,-20.51834734,,500,converged,d3ef12d5ca5680dae1ff113919b385d1428bcb4b378712cb19d065a306543706,false
Au111,NH3,beef_vdw,NH3_Au111,,false,reference_unavailable,No converged relaxed references with matching functional/composition,,/pscratch/sd/j/jcho5/VASP/dft_jobs/NH3_Au111/singlepoint/beef_vdw,0,,/pscratch/sd/j/jcho5/VASP/vasp_mol/NH3/beef_vdw,-17.43455745,,-18.13747742,,500,converged,d3ef12d5ca5680dae1ff113919b385d1428bcb4b378712cb19d065a306543706,false
Cu100,NH3,pbe,NH3_Cu100,,false,ok,NSW=0 complex; converged relaxed references; matching composition,-0.55646846,/pscratch/sd/j/jcho5/VASP/dft_jobs/NH3_Cu100/singlepoint/PBE,0,/pscratch/sd/j/jcho5/VASP/vasp_slab/Cu100/PBE,/pscratch/sd/j/jcho5/VASP/vasp_mol/NH3/PBE,-239.8584911,-219.76682164,-19.535201,1000,500,converged,053af7c1e27e0c48d1ebd7192f5310ef26989cbcd68be1901fe66349bfcc6c2e,true
Cu100,NH3,pbe_d3,NH3_Cu100,,false,ok,NSW=0 complex; converged relaxed references; matching composition,-0.82986439,/pscratch/sd/j/jcho5/VASP/dft_jobs/NH3_Cu100/singlepoint/PBE_D3,0,/pscratch/sd/j/jcho5/VASP/vasp_slab/Cu100/PBE_D3,/pscratch/sd/j/jcho5/VASP/vasp_mol/NH3/PBE_D3,-261.20610007,-240.84053253,-19.53570315,1000,500,converged,053af7c1e27e0c48d1ebd7192f5310ef26989cbcd68be1901fe66349bfcc6c2e,true
Cu100,NH3,r2scan,NH3_Cu100,,false,ok,NSW=0 complex; converged relaxed references; matching composition,-0.49880591,/pscratch/sd/j/jcho5/VASP/dft_jobs/NH3_Cu100/singlepoint/r2scan,0,/pscratch/sd/j/jcho5/VASP/vasp_slab/Cu100/r2scan,/pscratch/sd/j/jcho5/VASP/vasp_mol/NH3/r2scan,-691.33364726,-670.31649401,-20.51834734,1000,500,converged,053af7c1e27e0c48d1ebd7192f5310ef26989cbcd68be1901fe66349bfcc6c2e,true
Cu100,NH3,beef_vdw,NH3_Cu100,,false,complex_unconverged,electronic_unconverged,,/pscratch/sd/j/jcho5/VASP/dft_jobs/NH3_Cu100/singlepoint/beef_vdw,0,/pscratch/sd/j/jcho5/VASP/completion_runs/site_gapfill_20260914/slab/C2H4_Cu100/beef_vdw,/pscratch/sd/j/jcho5/VASP/vasp_mol/NH3/beef_vdw,-13.48932207,-10.5763226,-18.13747742,1000,500,electronic_unconverged,053af7c1e27e0c48d1ebd7192f5310ef26989cbcd68be1901fe66349bfcc6c2e,false
Cu110,NH3,pbe,NH3_Cu110,,false,potential_mismatch,Complex and reference PAW potential identities differ or are missing; energy retained only as diagnostic,-0.13737729,/pscratch/sd/j/jcho5/VASP/dft_jobs/NH3_Cu110/singlepoint/PBE,0,/pscratch/sd/j/jcho5/VASP/vasp_slab/Cu110/PBE,/pscratch/sd/j/jcho5/VASP/vasp_mol/NH3/PBE,-99.42261167,-79.75003338,-19.535201,1000,500,converged,d827d02f029919d46f4efdd55895a19574eca41e934187990ccd88b4f9b1f1f1,false
Cu110,NH3,pbe_d3,NH3_Cu110,,false,potential_mismatch,Complex and reference PAW potential identities differ or are missing; energy retained only as diagnostic,-0.461923,/pscratch/sd/j/jcho5/VASP/dft_jobs/NH3_Cu110/singlepoint/PBE_D3,0,/pscratch/sd/j/jcho5/VASP/vasp_slab/Cu110/PBE_D3,/pscratch/sd/j/jcho5/VASP/vasp_mol/NH3/PBE_D3,-106.08259859,-86.08497244,-19.53570315,1000,500,converged,d827d02f029919d46f4efdd55895a19574eca41e934187990ccd88b4f9b1f1f1,false
Cu110,NH3,r2scan,NH3_Cu110,,false,potential_mismatch,Complex and reference PAW potential identities differ or are missing; energy retained only as diagnostic,-0.29855803,/pscratch/sd/j/jcho5/VASP/dft_jobs/NH3_Cu110/singlepoint/r2scan,0,/pscratch/sd/j/jcho5/VASP/vasp_slab/Cu110/r2scan,/pscratch/sd/j/jcho5/VASP/vasp_mol/NH3/r2scan,-268.84940097,-248.0324956,-20.51834734,1000,500,converged,d827d02f029919d46f4efdd55895a19574eca41e934187990ccd88b4f9b1f1f1,false
Cu110,NH3,beef_vdw,NH3_Cu110,,false,potential_mismatch,Complex and reference PAW potential identities differ or are missing; energy retained only as diagnostic,-31.36756507,/pscratch/sd/j/jcho5/VASP/dft_jobs/NH3_Cu110/singlepoint/beef_vdw,0,/pscratch/sd/j/jcho5/VASP/vasp_slab/Cu110/beef_vdw,/pscratch/sd/j/jcho5/VASP/vasp_mol/NH3/beef_vdw,-19.51985176,29.98519073,-18.13747742,1000,500,converged,d827d02f029919d46f4efdd55895a19574eca41e934187990ccd88b4f9b1f1f1,false
Cu111,NH3,pbe,NH3_Cu111,,false,ok,NSW=0 complex; converged relaxed references; matching composition,-0.48773619,/pscratch/sd/j/jcho5/VASP/dft_jobs/NH3_Cu111/singlepoint/PBE,0,/pscratch/sd/j/jcho5/VASP/completion_runs/matched_potential_slabs_20260915/slab/Cu111_28f90def6e/pbe,/pscratch/sd/j/jcho5/VASP/vasp_mol/NH3/PBE,-244.10579032,-224.08285313,-19.535201,500,500,converged,96f22f4470fb90788abcfb575be6d43f5847b362ba9439112766b69591cb46d8,true
Cu111,NH3,pbe_d3,NH3_Cu111,,false,ok,NSW=0 complex; converged relaxed references; matching composition,-0.75030522,/pscratch/sd/j/jcho5/VASP/dft_jobs/NH3_Cu111/singlepoint/PBE_D3,0,/pscratch/sd/j/jcho5/VASP/completion_runs/matched_potential_slabs_20260915/slab/Cu111_6058af94f0/pbe_d3,/pscratch/sd/j/jcho5/VASP/vasp_mol/NH3/PBE_D3,-266.8555312,-246.56952283,-19.53570315,500,500,converged,96f22f4470fb90788abcfb575be6d43f5847b362ba9439112766b69591cb46d8,true
Cu111,NH3,r2scan,NH3_Cu111,,false,ok,NSW=0 complex; converged relaxed references; matching composition,-0.45584146,/pscratch/sd/j/jcho5/VASP/dft_jobs/NH3_Cu111/singlepoint/r2scan,0,/pscratch/sd/j/jcho5/VASP/completion_runs/matched_potential_slabs_20260915/slab/Cu111_96724abedd/r2scan,/pscratch/sd/j/jcho5/VASP/vasp_mol/NH3/r2scan,-696.40440598,-675.43021718,-20.51834734,500,500,converged,96f22f4470fb90788abcfb575be6d43f5847b362ba9439112766b69591cb46d8,true
Cu111,NH3,beef_vdw,NH3_Cu111,,false,ok,NSW=0 complex; converged relaxed references; matching composition,-0.52120069,/pscratch/sd/j/jcho5/VASP/dft_jobs/NH3_Cu111/singlepoint/beef_vdw,0,/pscratch/sd/j/jcho5/VASP/completion_runs/matched_potential_slabs_20260915/slab/Cu111_11f50e50d8/beef_vdw,/pscratch/sd/j/jcho5/VASP/vasp_mol/NH3/beef_vdw,-33.25862126,-14.59994315,-18.13747742,500,500,converged,96f22f4470fb90788abcfb575be6d43f5847b362ba9439112766b69591cb46d8,true
Ir100,NH3,pbe,NH3_Ir100,,false,ok,NSW=0 complex; converged relaxed references; matching composition,-1.21027134,/pscratch/sd/j/jcho5/VASP/dft_jobs/NH3_Ir100/singlepoint/PBE,0,/pscratch/sd/j/jcho5/VASP/vasp_slab/Ir100/PBE,/pscratch/sd/j/jcho5/VASP/vasp_mol/NH3/PBE,-315.14648648,-294.40101414,-19.535201,1000,500,converged,c21cb60603c7bb1a55c794763674db136bd12875cce37c7afd8f7a16d171d2e6,true
Ir100,NH3,pbe_d3,NH3_Ir100,,false,ok,NSW=0 complex; converged relaxed references; matching composition,-1.5086897,/pscratch/sd/j/jcho5/VASP/dft_jobs/NH3_Ir100/singlepoint/PBE_D3,0,/pscratch/sd/j/jcho5/VASP/vasp_slab/Ir100/PBE_D3,/pscratch/sd/j/jcho5/VASP/vasp_mol/NH3/PBE_D3,-332.64684263,-311.60244978,-19.53570315,1000,500,converged,c21cb60603c7bb1a55c794763674db136bd12875cce37c7afd8f7a16d171d2e6,true
Ir100,NH3,r2scan,NH3_Ir100,,false,ok,NSW=0 complex; converged relaxed references; matching composition,-1.41592856,/pscratch/sd/j/jcho5/VASP/dft_jobs/NH3_Ir100/singlepoint/r2scan,0,/pscratch/sd/j/jcho5/VASP/completion_runs/site_gapfill_20260914/slab/C2H4_Ir100/r2scan,/pscratch/sd/j/jcho5/VASP/vasp_mol/NH3/r2scan,-1880.59976065,-1858.66548475,-20.51834734,1000,500,converged,c21cb60603c7bb1a55c794763674db136bd12875cce37c7afd8f7a16d171d2e6,true
Ir100,NH3,beef_vdw,NH3_Ir100,,false,ok,NSW=0 complex; converged relaxed references; matching composition,-1.18237606,/pscratch/sd/j/jcho5/VASP/dft_jobs/NH3_Ir100/singlepoint/beef_vdw,0,/pscratch/sd/j/jcho5/VASP/vasp_slab/Ir100/beef_vdw,/pscratch/sd/j/jcho5/VASP/vasp_mol/NH3/beef_vdw,-202.33742007,-183.01756659,-18.13747742,1000,500,converged,c21cb60603c7bb1a55c794763674db136bd12875cce37c7afd8f7a16d171d2e6,true
Ir110,NH3,pbe,NH3_Ir110,,false,ok,NSW=0 complex; converged relaxed references; matching composition,-1.152968,/pscratch/sd/j/jcho5/VASP/dft_jobs/NH3_Ir110/singlepoint/PBE,0,/pscratch/sd/j/jcho5/VASP/vasp_slab/Ir110/PBE,/pscratch/sd/j/jcho5/VASP/vasp_mol/NH3/PBE,-206.48095471,-185.79278571,-19.535201,1000,500,converged,be86a440ec88df736f9e6e1b3c76a572376e493b3ccafad53a3cd2c977cf9d27,true
Ir110,NH3,pbe_d3,NH3_Ir110,,false,ok,NSW=0 complex; converged relaxed references; matching composition,-1.42074267,/pscratch/sd/j/jcho5/VASP/dft_jobs/NH3_Ir110/singlepoint/PBE_D3,0,/pscratch/sd/j/jcho5/VASP/vasp_slab/Ir110/PBE_D3,/pscratch/sd/j/jcho5/VASP/vasp_mol/NH3/PBE_D3,-216.09466732,-195.1382215,-19.53570315,1000,500,converged,be86a440ec88df736f9e6e1b3c76a572376e493b3ccafad53a3cd2c977cf9d27,true
Ir110,NH3,r2scan,NH3_Ir110,,false,ok,NSW=0 complex; converged relaxed references; matching composition,-1.19496738,/pscratch/sd/j/jcho5/VASP/dft_jobs/NH3_Ir110/singlepoint/r2scan,0,/pscratch/sd/j/jcho5/VASP/vasp_slab/Ir110/r2scan,/pscratch/sd/j/jcho5/VASP/vasp_mol/NH3/r2scan,-1250.39006639,-1228.67675167,-20.51834734,1000,500,converged,be86a440ec88df736f9e6e1b3c76a572376e493b3ccafad53a3cd2c977cf9d27,true
Ir110,NH3,beef_vdw,NH3_Ir110,,false,ok,NSW=0 complex; converged relaxed references; matching composition,-1.2188212,/pscratch/sd/j/jcho5/VASP/dft_jobs/NH3_Ir110/singlepoint/beef_vdw,0,/pscratch/sd/j/jcho5/VASP/vasp_slab/Ir110/beef_vdw,/pscratch/sd/j/jcho5/VASP/vasp_mol/NH3/beef_vdw,-130.60879616,-111.25249754,-18.13747742,1000,500,converged,be86a440ec88df736f9e6e1b3c76a572376e493b3ccafad53a3cd2c977cf9d27,true
Ir111,NH3,pbe,NH3_Ir111,,false,ok,NSW=0 complex; converged relaxed references; matching composition,-0.93990692,/pscratch/sd/j/jcho5/VASP/dft_jobs/NH3_Ir111/singlepoint/PBE,0,/pscratch/sd/j/jcho5/VASP/vasp_slab/Ir111/PBE,/pscratch/sd/j/jcho5/VASP/vasp_mol/NH3/PBE,-558.78705082,-538.3119429,-19.535201,1000,500,converged,529e380ddaac82a89fd042f480f90805a34640860c3af8298cc09c3a3fcdf9a9,true
Ir111,NH3,pbe_d3,NH3_Ir111,,false,ok,NSW=0 complex; converged relaxed references; matching composition,-1.05853721,/pscratch/sd/j/jcho5/VASP/dft_jobs/NH3_Ir111/singlepoint/PBE_D3,0,/pscratch/sd/j/jcho5/VASP/vasp_slab/Ir111/PBE_D3,/pscratch/sd/j/jcho5/VASP/vasp_mol/NH3/PBE_D3,-591.37728431,-570.78304395,-19.53570315,1000,500,converged,529e380ddaac82a89fd042f480f90805a34640860c3af8298cc09c3a3fcdf9a9,true
Ir111,NH3,r2scan,NH3_Ir111,,false,ok,NSW=0 complex; converged relaxed references; matching composition,-0.93806648,/pscratch/sd/j/jcho5/VASP/dft_jobs/NH3_Ir111/singlepoint/r2scan,0,/pscratch/sd/j/jcho5/VASP/vasp_slab/Ir111/r2scan,/pscratch/sd/j/jcho5/VASP/vasp_mol/NH3/r2scan,-3342.13955591,-3320.68314209,-20.51834734,1000,500,converged,529e380ddaac82a89fd042f480f90805a34640860c3af8298cc09c3a3fcdf9a9,true
Ir111,NH3,beef_vdw,NH3_Ir111,,false,ok,NSW=0 complex; converged relaxed references; matching composition,-1.0349227,/pscratch/sd/j/jcho5/VASP/dft_jobs/NH3_Ir111/singlepoint/beef_vdw,0,/pscratch/sd/j/jcho5/VASP/vasp_slab/Ir111/beef_vdw,/pscratch/sd/j/jcho5/VASP/vasp_mol/NH3/beef_vdw,-358.65937004,-339.48696992,-18.13747742,1000,500,converged,529e380ddaac82a89fd042f480f90805a34640860c3af8298cc09c3a3fcdf9a9,true
Pd100,NH3,pbe,NH3_Pd100,,false,potential_mismatch,Complex and reference PAW potential identities differ or are missing; energy retained only as diagnostic,-0.93133477,/pscratch/sd/j/jcho5/VASP/dft_jobs/NH3_Pd100/singlepoint/PBE,0,/pscratch/sd/j/jcho5/VASP/vasp_slab/Pd100/PBE,/pscratch/sd/j/jcho5/VASP/vasp_mol/NH3/PBE,-195.76832829,-175.30179252,-19.535201,1000,500,converged,3c56386d4621ba8402a636f0f6185ef3bb920dbb9380fb4c3b9aa9b2d8f5c28f,false
Pd100,NH3,pbe_d3,NH3_Pd100,,false,potential_mismatch,Complex and reference PAW potential identities differ or are missing; energy retained only as diagnostic,-1.13636268,/pscratch/sd/j/jcho5/VASP/dft_jobs/NH3_Pd100/singlepoint/PBE_D3,0,/pscratch/sd/j/jcho5/VASP/vasp_slab/Pd100/PBE_D3,/pscratch/sd/j/jcho5/VASP/vasp_mol/NH3/PBE_D3,-210.13247264,-189.46040681,-19.53570315,1000,500,converged,3c56386d4621ba8402a636f0f6185ef3bb920dbb9380fb4c3b9aa9b2d8f5c28f,false
Pd100,NH3,r2scan,NH3_Pd100,,false,ok,NSW=0 complex; converged relaxed references; matching composition,-0.83571188,/pscratch/sd/j/jcho5/VASP/dft_jobs/NH3_Pd100/singlepoint/r2scan,0,/pscratch/sd/j/jcho5/VASP/completion_runs/matched_potential_slabs_20260915/slab/Pd100_25986b23a9/r2scan,/pscratch/sd/j/jcho5/VASP/vasp_mol/NH3/r2scan,-833.82319245,-812.46913323,-20.51834734,500,500,converged,3c56386d4621ba8402a636f0f6185ef3bb920dbb9380fb4c3b9aa9b2d8f5c28f,true
Pd100,NH3,beef_vdw,NH3_Pd100,,false,ok,NSW=0 complex; converged relaxed references; matching composition,-0.75652703,/pscratch/sd/j/jcho5/VASP/dft_jobs/NH3_Pd100/singlepoint/beef_vdw,0,/pscratch/sd/j/jcho5/VASP/completion_runs/matched_potential_slabs_20260915/slab/Pd100_b7d9b89afa/beef_vdw,/pscratch/sd/j/jcho5/VASP/vasp_mol/NH3/beef_vdw,-72.06355452,-53.16955007,-18.13747742,500,500,converged,3c56386d4621ba8402a636f0f6185ef3bb920dbb9380fb4c3b9aa9b2d8f5c28f,true
Pd110,NH3,pbe,NH3_Pd110,,false,potential_mismatch,Complex and reference PAW potential identities differ or are missing; energy retained only as diagnostic,-0.90547293,/pscratch/sd/j/jcho5/VASP/dft_jobs/NH3_Pd110/singlepoint/PBE,0,/pscratch/sd/j/jcho5/VASP/vasp_slab/Pd110/PBE,/pscratch/sd/j/jcho5/VASP/vasp_mol/NH3/PBE,-131.27485338,-110.83417945,-19.535201,1000,500,converged,ab7e18792228b8f5a29718a9b41c95cc9357508508d332b0851c464a6e3b6620,false
Pd110,NH3,pbe_d3,NH3_Pd110,,false,potential_mismatch,Complex and reference PAW potential identities differ or are missing; energy retained only as diagnostic,-1.14918921,/pscratch/sd/j/jcho5/VASP/dft_jobs/NH3_Pd110/singlepoint/PBE_D3,0,/pscratch/sd/j/jcho5/VASP/vasp_slab/Pd110/PBE_D3,/pscratch/sd/j/jcho5/VASP/vasp_mol/NH3/PBE_D3,-139.20802641,-118.52313405,-19.53570315,1000,500,converged,ab7e18792228b8f5a29718a9b41c95cc9357508508d332b0851c464a6e3b6620,false
Pd110,NH3,r2scan,NH3_Pd110,,false,ok,NSW=0 complex; converged relaxed references; matching composition,-0.81322729,/pscratch/sd/j/jcho5/VASP/dft_jobs/NH3_Pd110/singlepoint/r2scan,0,/pscratch/sd/j/jcho5/VASP/completion_runs/matched_potential_slabs_20260915/slab/Pd110_2eb6224610/r2scan,/pscratch/sd/j/jcho5/VASP/vasp_mol/NH3/r2scan,-556.36554728,-535.03397265,-20.51834734,500,500,converged,ab7e18792228b8f5a29718a9b41c95cc9357508508d332b0851c464a6e3b6620,true
Pd110,NH3,beef_vdw,NH3_Pd110,,false,ok,NSW=0 complex; converged relaxed references; matching composition,-0.83096152,/pscratch/sd/j/jcho5/VASP/dft_jobs/NH3_Pd110/singlepoint/beef_vdw,0,/pscratch/sd/j/jcho5/VASP/completion_runs/matched_potential_slabs_20260915/slab/Pd110_7655ac7da9/beef_vdw,/pscratch/sd/j/jcho5/VASP/vasp_mol/NH3/beef_vdw,-48.32872611,-29.36028717,-18.13747742,500,500,converged,ab7e18792228b8f5a29718a9b41c95cc9357508508d332b0851c464a6e3b6620,true
Pd111,NH3,pbe,NH3_Pd111,,false,ok,NSW=0 complex; converged relaxed references; matching composition,-0.68591577,/pscratch/sd/j/jcho5/VASP/dft_jobs/NH3_Pd111/singlepoint/PBE,0,/pscratch/sd/j/jcho5/VASP/completion_runs/matched_potential_slabs_20260915/slab/Pd111_ffc3f47166/pbe,/pscratch/sd/j/jcho5/VASP/vasp_mol/NH3/PBE,-198.3508158,-178.12969903,-19.535201,500,500,converged,874f0bf4c038c97e328d1cb6743af081277f54039f003dffe9ac11c44019eaf1,true
Pd111,NH3,pbe_d3,NH3_Pd111,,false,ok,NSW=0 complex; converged relaxed references; matching composition,-0.89336816,/pscratch/sd/j/jcho5/VASP/dft_jobs/NH3_Pd111/singlepoint/PBE_D3,0,/pscratch/sd/j/jcho5/VASP/completion_runs/matched_potential_slabs_20260915/slab/Pd111_0333765c8d/pbe_d3,/pscratch/sd/j/jcho5/VASP/vasp_mol/NH3/PBE_D3,-213.49219301,-193.0631217,-19.53570315,500,500,converged,874f0bf4c038c97e328d1cb6743af081277f54039f003dffe9ac11c44019eaf1,true
Pd111,NH3,r2scan,NH3_Pd111,,false,reference_unavailable,No converged relaxed references with matching functional/composition,,/pscratch/sd/j/jcho5/VASP/dft_jobs/NH3_Pd111/singlepoint/r2scan,0,,/pscratch/sd/j/jcho5/VASP/vasp_mol/NH3/r2scan,-836.87569492,,-20.51834734,,500,converged,874f0bf4c038c97e328d1cb6743af081277f54039f003dffe9ac11c44019eaf1,false
Pd111,NH3,beef_vdw,NH3_Pd111,,false,ok,NSW=0 complex; converged relaxed references; matching composition,-0.67302853,/pscratch/sd/j/jcho5/VASP/dft_jobs/NH3_Pd111/singlepoint/beef_vdw,0,/pscratch/sd/j/jcho5/VASP/completion_runs/matched_potential_slabs_20260915/slab/Pd111_f1f527eac1/beef_vdw,/pscratch/sd/j/jcho5/VASP/vasp_mol/NH3/beef_vdw,-74.26491043,-55.45440448,-18.13747742,500,500,converged,874f0bf4c038c97e328d1cb6743af081277f54039f003dffe9ac11c44019eaf1,true
Pt100,NH3,pbe,NH3_Pt100,,false,potential_mismatch,Complex and reference PAW potential identities differ or are missing; energy retained only as diagnostic,-1.41597909,/pscratch/sd/j/jcho5/VASP/dft_jobs/NH3_Pt100/singlepoint/PBE,0,/pscratch/sd/j/jcho5/VASP/vasp_slab/Pt100/PBE,/pscratch/sd/j/jcho5/VASP/vasp_mol/NH3/PBE,-223.97830869,-203.0271286,-19.535201,1000,500,converged,3458d7b970fc34f1e643487b3d20950d87fcfdbadb81a05a4d0a501394653def,false
Pt100,NH3,pbe_d3,NH3_Pt100,,false,potential_mismatch,Complex and reference PAW potential identities differ or are missing; energy retained only as diagnostic,-1.66595207,/pscratch/sd/j/jcho5/VASP/dft_jobs/NH3_Pt100/singlepoint/PBE_D3,0,/pscratch/sd/j/jcho5/VASP/vasp_slab/Pt100/PBE_D3,/pscratch/sd/j/jcho5/VASP/vasp_mol/NH3/PBE_D3,-243.23733047,-222.03567525,-19.53570315,1000,500,converged,3458d7b970fc34f1e643487b3d20950d87fcfdbadb81a05a4d0a501394653def,false
Pt100,NH3,r2scan,NH3_Pt100,,false,potential_mismatch,Complex and reference PAW potential identities differ or are missing; energy retained only as diagnostic,-1.80908329,/pscratch/sd/j/jcho5/VASP/dft_jobs/NH3_Pt100/singlepoint/r2scan,0,/pscratch/sd/j/jcho5/VASP/vasp_slab/Pt100/r2scan,/pscratch/sd/j/jcho5/VASP/vasp_mol/NH3/r2scan,-1858.01878961,-1835.69135898,-20.51834734,1000,500,converged,3458d7b970fc34f1e643487b3d20950d87fcfdbadb81a05a4d0a501394653def,false
Pt100,NH3,beef_vdw,NH3_Pt100,,false,potential_mismatch,Complex and reference PAW potential identities differ or are missing; energy retained only as diagnostic,-34.74005392,/pscratch/sd/j/jcho5/VASP/dft_jobs/NH3_Pt100/singlepoint/beef_vdw,0,/pscratch/sd/j/jcho5/VASP/vasp_slab/Pt100/beef_vdw,/pscratch/sd/j/jcho5/VASP/vasp_mol/NH3/beef_vdw,-112.9208308,-60.04329946,-18.13747742,1000,500,converged,3458d7b970fc34f1e643487b3d20950d87fcfdbadb81a05a4d0a501394653def,false
Pt110,NH3,pbe,NH3_Pt110,,false,potential_mismatch,Complex and reference PAW potential identities differ or are missing; energy retained only as diagnostic,-1.32721305,/pscratch/sd/j/jcho5/VASP/dft_jobs/NH3_Pt110/singlepoint/PBE,0,/pscratch/sd/j/jcho5/VASP/vasp_slab/Pt110/PBE,/pscratch/sd/j/jcho5/VASP/vasp_mol/NH3/PBE,-149.16337727,-128.30096322,-19.535201,1000,500,converged,ef093e269ca3ae7390811b26a2188ce622f0a0a5bc5ab50abcbfd02975e2dbec,false
Pt110,NH3,pbe_d3,NH3_Pt110,,false,potential_mismatch,Complex and reference PAW potential identities differ or are missing; energy retained only as diagnostic,-1.66542381,/pscratch/sd/j/jcho5/VASP/dft_jobs/NH3_Pt110/singlepoint/PBE_D3,0,/pscratch/sd/j/jcho5/VASP/vasp_slab/Pt110/PBE_D3,/pscratch/sd/j/jcho5/VASP/vasp_mol/NH3/PBE_D3,-159.77427465,-138.57314769,-19.53570315,1000,500,converged,ef093e269ca3ae7390811b26a2188ce622f0a0a5bc5ab50abcbfd02975e2dbec,false
Pt110,NH3,r2scan,NH3_Pt110,,false,potential_mismatch,Complex and reference PAW potential identities differ or are missing; energy retained only as diagnostic,-1.52212158,/pscratch/sd/j/jcho5/VASP/dft_jobs/NH3_Pt110/singlepoint/r2scan,0,/pscratch/sd/j/jcho5/VASP/vasp_slab/Pt110/r2scan,/pscratch/sd/j/jcho5/VASP/vasp_mol/NH3/r2scan,-1238.12677597,-1216.08630705,-20.51834734,1000,500,converged,ef093e269ca3ae7390811b26a2188ce622f0a0a5bc5ab50abcbfd02975e2dbec,false
Pt110,NH3,beef_vdw,NH3_Pt110,,false,potential_mismatch,Complex and reference PAW potential identities differ or are missing; energy retained only as diagnostic,-23.64696726,/pscratch/sd/j/jcho5/VASP/dft_jobs/NH3_Pt110/singlepoint/beef_vdw,0,/pscratch/sd/j/jcho5/VASP/vasp_slab/Pt110/beef_vdw,/pscratch/sd/j/jcho5/VASP/vasp_mol/NH3/beef_vdw,-74.46401334,-32.67956866,-18.13747742,1000,500,converged,ef093e269ca3ae7390811b26a2188ce622f0a0a5bc5ab50abcbfd02975e2dbec,false
Pt111,NH3,pbe,NH3_Pt111_top,top,false,ok,NSW=0 complex; converged relaxed references; matching composition,-0.76634229,/pscratch/sd/j/jcho5/VASP/dft_jobs/NH3_Pt111_top/singlepoint/PBE,0,/pscratch/sd/j/jcho5/VASP/completion_runs/matched_potential_slabs_20260915/slab/Pt111_ac28ddddd3/pbe,/pscratch/sd/j/jcho5/VASP/vasp_mol/NH3/PBE,-228.99746653,-208.69592324,-19.535201,500,500,converged,cd16efa35a0d113796f4c37d336dcac1e37f51d878e247f00fb605ba719b51ad,true
Pt111,NH3,pbe_d3,NH3_Pt111_top,top,false,ok,NSW=0 complex; converged relaxed references; matching composition,-0.99128561,/pscratch/sd/j/jcho5/VASP/dft_jobs/NH3_Pt111_top/singlepoint/PBE_D3,0,/pscratch/sd/j/jcho5/VASP/completion_runs/matched_potential_slabs_20260915/slab/Pt111_c3286ec1f4/pbe_d3,/pscratch/sd/j/jcho5/VASP/vasp_mol/NH3/PBE_D3,-249.12375574,-228.59676698,-19.53570315,500,500,converged,cd16efa35a0d113796f4c37d336dcac1e37f51d878e247f00fb605ba719b51ad,true
Pt111,NH3,r2scan,NH3_Pt111_top,top,false,reference_unavailable,No converged relaxed references with matching functional/composition,,/pscratch/sd/j/jcho5/VASP/dft_jobs/NH3_Pt111_top/singlepoint/r2scan,0,,/pscratch/sd/j/jcho5/VASP/vasp_mol/NH3/r2scan,-1863.20176604,,-20.51834734,,500,converged,cd16efa35a0d113796f4c37d336dcac1e37f51d878e247f00fb605ba719b51ad,false
Pt111,NH3,beef_vdw,NH3_Pt111_top,top,false,complex_unconverged,electronic_unconverged,,/pscratch/sd/j/jcho5/VASP/dft_jobs/NH3_Pt111_top/singlepoint/beef_vdw,0,,/pscratch/sd/j/jcho5/VASP/vasp_mol/NH3/beef_vdw,-117.26342633,,-18.13747742,,500,electronic_unconverged,cd16efa35a0d113796f4c37d336dcac1e37f51d878e247f00fb605ba719b51ad,false
Rh100,NH3,pbe,NH3_Rh100,,false,complex_unconverged,electronic_unconverged,,/pscratch/sd/j/jcho5/VASP/dft_jobs/NH3_Rh100/singlepoint/PBE,0,/pscratch/sd/j/jcho5/VASP/vasp_slab/Rh100/PBE,/pscratch/sd/j/jcho5/VASP/vasp_mol/NH3/PBE,-262.93998541,-242.27634007,-19.535201,1000,500,electronic_unconverged,7dfd3eec9d9c2327f26c8514abebb2e66b0c3b08e7d3d40f409f81e0b68da1a2,false
Rh100,NH3,pbe_d3,NH3_Rh100,,false,complex_unconverged,electronic_unconverged,,/pscratch/sd/j/jcho5/VASP/dft_jobs/NH3_Rh100/singlepoint/PBE_D3,0,/pscratch/sd/j/jcho5/VASP/vasp_slab/Rh100/PBE_D3,/pscratch/sd/j/jcho5/VASP/vasp_mol/NH3/PBE_D3,-276.98577579,-256.07544059,-19.53570315,1000,500,electronic_unconverged,7dfd3eec9d9c2327f26c8514abebb2e66b0c3b08e7d3d40f409f81e0b68da1a2,false
Rh100,NH3,r2scan,NH3_Rh100,,false,ok,NSW=0 complex; converged relaxed references; matching composition,-1.02571127,/pscratch/sd/j/jcho5/VASP/dft_jobs/NH3_Rh100/singlepoint/r2scan,0,/pscratch/sd/j/jcho5/VASP/completion_runs/matched_potential_slabs_20260915/slab/Rh100_84c2195556/r2scan,/pscratch/sd/j/jcho5/VASP/vasp_mol/NH3/r2scan,-869.92172369,-848.37766508,-20.51834734,500,500,converged,7dfd3eec9d9c2327f26c8514abebb2e66b0c3b08e7d3d40f409f81e0b68da1a2,true
Rh100,NH3,beef_vdw,NH3_Rh100,,false,complex_unconverged,electronic_unconverged,,/pscratch/sd/j/jcho5/VASP/dft_jobs/NH3_Rh100/singlepoint/beef_vdw,0,/pscratch/sd/j/jcho5/VASP/completion_runs/matched_potential_slabs_20260915/slab/Rh100_b2891dc541/beef_vdw,/pscratch/sd/j/jcho5/VASP/vasp_mol/NH3/beef_vdw,-131.53221322,-130.4934363,-18.13747742,500,500,electronic_unconverged,7dfd3eec9d9c2327f26c8514abebb2e66b0c3b08e7d3d40f409f81e0b68da1a2,false
Rh110,NH3,pbe,NH3_Rh110,,false,potential_mismatch,Complex and reference PAW potential identities differ or are missing; energy retained only as diagnostic,-1.16679231,/pscratch/sd/j/jcho5/VASP/dft_jobs/NH3_Rh110/singlepoint/PBE,0,/pscratch/sd/j/jcho5/VASP/vasp_slab/Rh110/PBE,/pscratch/sd/j/jcho5/VASP/vasp_mol/NH3/PBE,-173.75995261,-153.0579593,-19.535201,1000,500,converged,241088a0898456937b89f6830b4a72ff8ab697209631f7edfc2d99de8ee53c21,false
Rh110,NH3,pbe_d3,NH3_Rh110,,false,potential_mismatch,Complex and reference PAW potential identities differ or are missing; energy retained only as diagnostic,-1.4425443,/pscratch/sd/j/jcho5/VASP/dft_jobs/NH3_Rh110/singlepoint/PBE_D3,0,/pscratch/sd/j/jcho5/VASP/vasp_slab/Rh110/PBE_D3,/pscratch/sd/j/jcho5/VASP/vasp_mol/NH3/PBE_D3,-181.46644652,-160.48819907,-19.53570315,1000,500,converged,241088a0898456937b89f6830b4a72ff8ab697209631f7edfc2d99de8ee53c21,false
Rh110,NH3,r2scan,NH3_Rh110,,false,ok,NSW=0 complex; converged relaxed references; matching composition,-0.84172531,/pscratch/sd/j/jcho5/VASP/dft_jobs/NH3_Rh110/singlepoint/r2scan,0,/pscratch/sd/j/jcho5/VASP/completion_runs/matched_potential_slabs_20260915/slab/Rh110_43367cbc6c/r2scan,/pscratch/sd/j/jcho5/VASP/vasp_mol/NH3/r2scan,-579.68906321,-558.32899056,-20.51834734,500,500,converged,241088a0898456937b89f6830b4a72ff8ab697209631f7edfc2d99de8ee53c21,true
Rh110,NH3,beef_vdw,NH3_Rh110,,false,ok,NSW=0 complex; converged relaxed references; matching composition,-0.91728893,/pscratch/sd/j/jcho5/VASP/dft_jobs/NH3_Rh110/singlepoint/beef_vdw,0,/pscratch/sd/j/jcho5/VASP/completion_runs/matched_potential_slabs_20260915/slab/Rh110_a6be9fa2b9/beef_vdw,/pscratch/sd/j/jcho5/VASP/vasp_mol/NH3/beef_vdw,-97.74725511,-78.69248876,-18.13747742,500,500,converged,241088a0898456937b89f6830b4a72ff8ab697209631f7edfc2d99de8ee53c21,true
Rh111,NH3,pbe,NH3_Rh111,,false,potential_mismatch,Complex and reference PAW potential identities differ or are missing; energy retained only as diagnostic,-1.49132973,/pscratch/sd/j/jcho5/VASP/dft_jobs/NH3_Rh111/singlepoint/PBE,0,/pscratch/sd/j/jcho5/VASP/vasp_slab/Rh111/PBE,/pscratch/sd/j/jcho5/VASP/vasp_mol/NH3/PBE,-460.17647362,-439.14994289,-19.535201,1000,500,converged,30c6c8af0e33fec0835f8cf04209631d765daba2f14d0303b2a997d709bd5238,false
Rh111,NH3,pbe_d3,NH3_Rh111,,false,potential_mismatch,Complex and reference PAW potential identities differ or are missing; energy retained only as diagnostic,-1.55986589,/pscratch/sd/j/jcho5/VASP/dft_jobs/NH3_Rh111/singlepoint/PBE_D3,0,/pscratch/sd/j/jcho5/VASP/vasp_slab/Rh111/PBE_D3,/pscratch/sd/j/jcho5/VASP/vasp_mol/NH3/PBE_D3,-486.35698957,-465.26142053,-19.53570315,1000,500,converged,30c6c8af0e33fec0835f8cf04209631d765daba2f14d0303b2a997d709bd5238,false
Rh111,NH3,r2scan,NH3_Rh111,,false,potential_mismatch,Complex and reference PAW potential identities differ or are missing; energy retained only as diagnostic,-1.62707791,/pscratch/sd/j/jcho5/VASP/dft_jobs/NH3_Rh111/singlepoint/r2scan,0,/pscratch/sd/j/jcho5/VASP/vasp_slab/Rh111/r2scan,/pscratch/sd/j/jcho5/VASP/vasp_mol/NH3/r2scan,-1539.0353384,-1516.88991315,-20.51834734,1000,500,converged,30c6c8af0e33fec0835f8cf04209631d765daba2f14d0303b2a997d709bd5238,false
Rh111,NH3,beef_vdw,NH3_Rh111,,false,ok,NSW=0 complex; converged relaxed references; matching composition,-0.93164242,/pscratch/sd/j/jcho5/VASP/dft_jobs/NH3_Rh111/singlepoint/beef_vdw,0,/pscratch/sd/j/jcho5/VASP/completion_runs/matched_potential_slabs_20260915/slab/Rh111_f89b45c425/beef_vdw,/pscratch/sd/j/jcho5/VASP/vasp_mol/NH3/beef_vdw,-258.75392034,-239.6848005,-18.13747742,500,500,converged,30c6c8af0e33fec0835f8cf04209631d765daba2f14d0303b2a997d709bd5238,true
Ag100,NO,pbe,NO_Ag100,,false,potential_mismatch,Complex and reference PAW potential identities differ or are missing; energy retained only as diagnostic,-1.52213093,/pscratch/sd/j/jcho5/VASP/dft_jobs/NO_Ag100/singlepoint/PBE,0,/pscratch/sd/j/jcho5/VASP/vasp_slab/Ag100/PBE,/pscratch/sd/j/jcho5/VASP/vasp_mol/NO/PBE,-103.59237662,-90.12407184,-11.94617385,1000,500,converged,4f89e1ebefa21ba15a2756c705105fc27264fda1c2d58c12264e21dc557c2c5b,false
Ag100,NO,pbe_d3,NO_Ag100,,false,potential_mismatch,Complex and reference PAW potential identities differ or are missing; energy retained only as diagnostic,-1.67253854,/pscratch/sd/j/jcho5/VASP/dft_jobs/NO_Ag100/singlepoint/PBE_D3,0,/pscratch/sd/j/jcho5/VASP/vasp_slab/Ag100/PBE_D3,/pscratch/sd/j/jcho5/VASP/vasp_mol/NO/PBE_D3,-116.01908838,-102.4003605,-11.94618934,1000,500,converged,4f89e1ebefa21ba15a2756c705105fc27264fda1c2d58c12264e21dc557c2c5b,false
Ag100,NO,r2scan,NO_Ag100,,false,reference_unavailable,No converged relaxed references with matching functional/composition,,/pscratch/sd/j/jcho5/VASP/dft_jobs/NO_Ag100/singlepoint/r2scan,0,/pscratch/sd/j/jcho5/VASP/vasp_slab/Ag100/r2scan,,-774.7539813,-759.06403021,,1000,,converged,4f89e1ebefa21ba15a2756c705105fc27264fda1c2d58c12264e21dc557c2c5b,false
Ag100,NO,beef_vdw,NO_Ag100,,false,potential_mismatch,Complex and reference PAW potential identities differ or are missing; energy retained only as diagnostic,-32.39137281,/pscratch/sd/j/jcho5/VASP/dft_jobs/NO_Ag100/singlepoint/beef_vdw,0,/pscratch/sd/j/jcho5/VASP/vasp_slab/Ag100/beef_vdw,/pscratch/sd/j/jcho5/VASP/vasp_mol/NO/beef_vdw,23.6835193,58.04168493,-1.96679282,1000,500,converged,4f89e1ebefa21ba15a2756c705105fc27264fda1c2d58c12264e21dc557c2c5b,false
Ag110,NO,pbe,NO_Ag110,,false,potential_mismatch,Complex and reference PAW potential identities differ or are missing; energy retained only as diagnostic,-1.21975399,/pscratch/sd/j/jcho5/VASP/dft_jobs/NO_Ag110/singlepoint/PBE,0,/pscratch/sd/j/jcho5/VASP/vasp_slab/Ag110/PBE,/pscratch/sd/j/jcho5/VASP/vasp_mol/NO/PBE,-70.51123218,-57.34530434,-11.94617385,1000,500,converged,965e47d64e16f8167b0fede4ac041cdee6da1419917d21d4e761cb627c25c225,false
Ag110,NO,pbe_d3,NO_Ag110,,false,potential_mismatch,Complex and reference PAW potential identities differ or are missing; energy retained only as diagnostic,-1.44545597,/pscratch/sd/j/jcho5/VASP/dft_jobs/NO_Ag110/singlepoint/PBE_D3,0,/pscratch/sd/j/jcho5/VASP/vasp_slab/Ag110/PBE_D3,/pscratch/sd/j/jcho5/VASP/vasp_mol/NO/PBE_D3,-77.47576601,-64.0841207,-11.94618934,1000,500,converged,965e47d64e16f8167b0fede4ac041cdee6da1419917d21d4e761cb627c25c225,false
Ag110,NO,r2scan,NO_Ag110,,false,reference_unavailable,No converged relaxed references with matching functional/composition,,/pscratch/sd/j/jcho5/VASP/dft_jobs/NO_Ag110/singlepoint/r2scan,0,/pscratch/sd/j/jcho5/VASP/vasp_slab/Ag110/r2scan,,-517.98682388,-502.68023804,,1000,,converged,965e47d64e16f8167b0fede4ac041cdee6da1419917d21d4e761cb627c25c225,false
Ag110,NO,beef_vdw,NO_Ag110,,false,potential_mismatch,Complex and reference PAW potential identities differ or are missing; energy retained only as diagnostic,-23.9731343,/pscratch/sd/j/jcho5/VASP/dft_jobs/NO_Ag110/singlepoint/beef_vdw,0,/pscratch/sd/j/jcho5/VASP/vasp_slab/Ag110/beef_vdw,/pscratch/sd/j/jcho5/VASP/vasp_mol/NO/beef_vdw,15.67147657,41.61140369,-1.96679282,1000,500,converged,965e47d64e16f8167b0fede4ac041cdee6da1419917d21d4e761cb627c25c225,false
Ag111,NO,pbe,NO_Ag111,,false,ok,NSW=0 complex; converged relaxed references; matching composition,-0.49493075,/pscratch/sd/j/jcho5/VASP/dft_jobs/NO_Ag111/singlepoint/PBE,0,/pscratch/sd/j/jcho5/VASP/completion_runs/matched_potential_slabs_20260915/slab/Ag111_61964c781c/pbe,/pscratch/sd/j/jcho5/VASP/vasp_mol/NO/PBE,-104.69235229,-92.25124769,-11.94617385,500,500,converged,218566367b667ae56d07b6d1d82ff65397525652bb49d8e31640b275466a19c4,true
Ag111,NO,pbe_d3,NO_Ag111,,false,ok,NSW=0 complex; converged relaxed references; matching composition,-0.56797797,/pscratch/sd/j/jcho5/VASP/dft_jobs/NO_Ag111/singlepoint/PBE_D3,0,/pscratch/sd/j/jcho5/VASP/completion_runs/matched_potential_slabs_20260915/slab/Ag111_71d4cd48c4/pbe_d3,/pscratch/sd/j/jcho5/VASP/vasp_mol/NO/PBE_D3,-117.74108565,-105.22691834,-11.94618934,500,500,converged,218566367b667ae56d07b6d1d82ff65397525652bb49d8e31640b275466a19c4,true
Ag111,NO,r2scan,NO_Ag111,,false,reference_unavailable,No converged relaxed references with matching functional/composition,,/pscratch/sd/j/jcho5/VASP/dft_jobs/NO_Ag111/singlepoint/r2scan,0,/pscratch/sd/j/jcho5/VASP/completion_runs/matched_potential_slabs_20260915/slab/Ag111_f9365ca685/r2scan,,-776.17231345,-762.04705161,,500,,converged,218566367b667ae56d07b6d1d82ff65397525652bb49d8e31640b275466a19c4,false
Ag111,NO,beef_vdw,NO_Ag111,,false,energy_review,"|E_ads| > 5 eV; recorded for review, not a convergence failure",-7.28443019,/pscratch/sd/j/jcho5/VASP/dft_jobs/NO_Ag111/singlepoint/beef_vdw,0,/pscratch/sd/j/jcho5/VASP/completion_runs/matched_potential_slabs_20260915/slab/Ag111_35207ad13f/beef_vdw,/pscratch/sd/j/jcho5/VASP/vasp_mol/NO/beef_vdw,22.74251383,31.99373684,-1.96679282,500,500,converged,218566367b667ae56d07b6d1d82ff65397525652bb49d8e31640b275466a19c4,false
Au100,NO,pbe,NO_Au100,,false,reference_unavailable,No converged relaxed references with matching functional/composition,,/pscratch/sd/j/jcho5/VASP/dft_jobs/NO_Au100/singlepoint/PBE,0,,/pscratch/sd/j/jcho5/VASP/vasp_mol/NO/PBE,-204.51077664,,-11.94617385,,500,converged,f2b57c5a4e69a21fac8720b7b48125ba0a92986c8d1861f0638ee7a476e68693,false
Au100,NO,pbe_d3,NO_Au100,,false,reference_unavailable,No converged relaxed references with matching functional/composition,,/pscratch/sd/j/jcho5/VASP/dft_jobs/NO_Au100/singlepoint/PBE_D3,0,,/pscratch/sd/j/jcho5/VASP/vasp_mol/NO/PBE_D3,-234.80710413,,-11.94618934,,500,converged,f2b57c5a4e69a21fac8720b7b48125ba0a92986c8d1861f0638ee7a476e68693,false
Au100,NO,r2scan,NO_Au100,,false,reference_unavailable,No converged relaxed references with matching functional/composition,,/pscratch/sd/j/jcho5/VASP/dft_jobs/NO_Au100/singlepoint/r2scan,0,,,-3235.20595253,,,,,converged,f2b57c5a4e69a21fac8720b7b48125ba0a92986c8d1861f0638ee7a476e68693,false
Au100,NO,beef_vdw,NO_Au100,,false,reference_unavailable,No converged relaxed references with matching functional/composition,,/pscratch/sd/j/jcho5/VASP/dft_jobs/NO_Au100/singlepoint/beef_vdw,0,,/pscratch/sd/j/jcho5/VASP/vasp_mol/NO/beef_vdw,-4.10750334,,-1.96679282,,500,converged,f2b57c5a4e69a21fac8720b7b48125ba0a92986c8d1861f0638ee7a476e68693,false
Au110,NO,pbe,NO_Au110,,false,reference_unavailable,No converged relaxed references with matching functional/composition,,/pscratch/sd/j/jcho5/VASP/dft_jobs/NO_Au110/singlepoint/PBE,0,,/pscratch/sd/j/jcho5/VASP/vasp_mol/NO/PBE,-197.10837551,,-11.94617385,,500,converged,350e4a007f465e3868fcf2aafba3e76539fcb49d2a247103963abaef7256a531,false
Au110,NO,pbe_d3,NO_Au110,,false,reference_unavailable,No converged relaxed references with matching functional/composition,,/pscratch/sd/j/jcho5/VASP/dft_jobs/NO_Au110/singlepoint/PBE_D3,0,,/pscratch/sd/j/jcho5/VASP/vasp_mol/NO/PBE_D3,-222.36573137,,-11.94618934,,500,converged,350e4a007f465e3868fcf2aafba3e76539fcb49d2a247103963abaef7256a531,false
Au110,NO,r2scan,NO_Au110,,false,reference_unavailable,No converged relaxed references with matching functional/composition,,/pscratch/sd/j/jcho5/VASP/dft_jobs/NO_Au110/singlepoint/r2scan,0,,,-3226.22804243,,,,,converged,350e4a007f465e3868fcf2aafba3e76539fcb49d2a247103963abaef7256a531,false
Au110,NO,beef_vdw,NO_Au110,,false,reference_unavailable,No converged relaxed references with matching functional/composition,,/pscratch/sd/j/jcho5/VASP/dft_jobs/NO_Au110/singlepoint/beef_vdw,0,,/pscratch/sd/j/jcho5/VASP/vasp_mol/NO/beef_vdw,3.80411539,,-1.96679282,,500,converged,350e4a007f465e3868fcf2aafba3e76539fcb49d2a247103963abaef7256a531,false
Au111,NO,pbe,NO_Au111,,false,reference_unavailable,No converged relaxed references with matching functional/composition,,/pscratch/sd/j/jcho5/VASP/dft_jobs/NO_Au111/singlepoint/PBE,0,,/pscratch/sd/j/jcho5/VASP/vasp_mol/NO/PBE,-122.8014279,,-11.94617385,,500,converged,ce19932ad89aeeb841d6756f5e1e7208596a29c1ca475b467eba37ad39501f93,false
Au111,NO,pbe_d3,NO_Au111,,false,reference_unavailable,No converged relaxed references with matching functional/composition,,/pscratch/sd/j/jcho5/VASP/dft_jobs/NO_Au111/singlepoint/PBE_D3,0,,/pscratch/sd/j/jcho5/VASP/vasp_mol/NO/PBE_D3,-140.61619232,,-11.94618934,,500,converged,ce19932ad89aeeb841d6756f5e1e7208596a29c1ca475b467eba37ad39501f93,false
Au111,NO,r2scan,NO_Au111,,false,reference_unavailable,No converged relaxed references with matching functional/composition,,/pscratch/sd/j/jcho5/VASP/dft_jobs/NO_Au111/singlepoint/r2scan,0,,,-1828.70102048,,,,,converged,ce19932ad89aeeb841d6756f5e1e7208596a29c1ca475b467eba37ad39501f93,false
Au111,NO,beef_vdw,NO_Au111,,false,reference_unavailable,No converged relaxed references with matching functional/composition,,/pscratch/sd/j/jcho5/VASP/dft_jobs/NO_Au111/singlepoint/beef_vdw,0,,/pscratch/sd/j/jcho5/VASP/vasp_mol/NO/beef_vdw,-8.43036846,,-1.96679282,,500,converged,ce19932ad89aeeb841d6756f5e1e7208596a29c1ca475b467eba37ad39501f93,false
Cu100,NO,pbe,NO_Cu100,,false,ok,NSW=0 complex; converged relaxed references; matching composition,-1.76422037,/pscratch/sd/j/jcho5/VASP/dft_jobs/NO_Cu100/singlepoint/PBE,0,/pscratch/sd/j/jcho5/VASP/vasp_slab/Cu100/PBE,/pscratch/sd/j/jcho5/VASP/vasp_mol/NO/PBE,-233.47721586,-219.76682164,-11.94617385,1000,500,converged,f39e24e9e3dfe2b307276ce53e16d24c5d6c972508bbb80745ca196c15fdb630,true
Cu100,NO,pbe_d3,NO_Cu100,,false,ok,NSW=0 complex; converged relaxed references; matching composition,-1.88441001,/pscratch/sd/j/jcho5/VASP/dft_jobs/NO_Cu100/singlepoint/PBE_D3,0,/pscratch/sd/j/jcho5/VASP/vasp_slab/Cu100/PBE_D3,/pscratch/sd/j/jcho5/VASP/vasp_mol/NO/PBE_D3,-254.67113188,-240.84053253,-11.94618934,1000,500,converged,f39e24e9e3dfe2b307276ce53e16d24c5d6c972508bbb80745ca196c15fdb630,true
Cu100,NO,r2scan,NO_Cu100,,false,reference_unavailable,No converged relaxed references with matching functional/composition,,/pscratch/sd/j/jcho5/VASP/dft_jobs/NO_Cu100/singlepoint/r2scan,0,/pscratch/sd/j/jcho5/VASP/vasp_slab/Cu100/r2scan,,-685.63331415,-670.31649401,,1000,,converged,f39e24e9e3dfe2b307276ce53e16d24c5d6c972508bbb80745ca196c15fdb630,false
Cu100,NO,beef_vdw,NO_Cu100,,false,energy_review,"|E_ads| > 5 eV; recorded for review, not a convergence failure",-8.28125214,/pscratch/sd/j/jcho5/VASP/dft_jobs/NO_Cu100/singlepoint/beef_vdw,0,/pscratch/sd/j/jcho5/VASP/completion_runs/site_gapfill_20260914/slab/C2H4_Cu100/beef_vdw,/pscratch/sd/j/jcho5/VASP/vasp_mol/NO/beef_vdw,-20.82436756,-10.5763226,-1.96679282,1000,500,converged,f39e24e9e3dfe2b307276ce53e16d24c5d6c972508bbb80745ca196c15fdb630,false
Cu110,NO,pbe,NO_Cu110,,false,potential_mismatch,Complex and reference PAW potential identities differ or are missing; energy retained only as diagnostic,-1.02185164,/pscratch/sd/j/jcho5/VASP/dft_jobs/NO_Cu110/singlepoint/PBE,0,/pscratch/sd/j/jcho5/VASP/vasp_slab/Cu110/PBE,/pscratch/sd/j/jcho5/VASP/vasp_mol/NO/PBE,-92.71805887,-79.75003338,-11.94617385,1000,500,converged,987508215ab0b0c1f4dcae60f6185fc233e37d22e7e87abfc8fe2d71abc6f6a0,false
Cu110,NO,pbe_d3,NO_Cu110,,false,potential_mismatch,Complex and reference PAW potential identities differ or are missing; energy retained only as diagnostic,-1.24980491,/pscratch/sd/j/jcho5/VASP/dft_jobs/NO_Cu110/singlepoint/PBE_D3,0,/pscratch/sd/j/jcho5/VASP/vasp_slab/Cu110/PBE_D3,/pscratch/sd/j/jcho5/VASP/vasp_mol/NO/PBE_D3,-99.28096669,-86.08497244,-11.94618934,1000,500,converged,987508215ab0b0c1f4dcae60f6185fc233e37d22e7e87abfc8fe2d71abc6f6a0,false
Cu110,NO,r2scan,NO_Cu110,,false,reference_unavailable,No converged relaxed references with matching functional/composition,,/pscratch/sd/j/jcho5/VASP/dft_jobs/NO_Cu110/singlepoint/r2scan,0,/pscratch/sd/j/jcho5/VASP/vasp_slab/Cu110/r2scan,,-262.80146551,-248.0324956,,1000,,converged,987508215ab0b0c1f4dcae60f6185fc233e37d22e7e87abfc8fe2d71abc6f6a0,false
Cu110,NO,beef_vdw,NO_Cu110,,false,potential_mismatch,Complex and reference PAW potential identities differ or are missing; energy retained only as diagnostic,-38.7095785,/pscratch/sd/j/jcho5/VASP/dft_jobs/NO_Cu110/singlepoint/beef_vdw,0,/pscratch/sd/j/jcho5/VASP/vasp_slab/Cu110/beef_vdw,/pscratch/sd/j/jcho5/VASP/vasp_mol/NO/beef_vdw,-10.69118059,29.98519073,-1.96679282,1000,500,converged,987508215ab0b0c1f4dcae60f6185fc233e37d22e7e87abfc8fe2d71abc6f6a0,false
Cu111,NO,pbe,NO_Cu111,,false,ok,NSW=0 complex; converged relaxed references; matching composition,-1.54704808,/pscratch/sd/j/jcho5/VASP/dft_jobs/NO_Cu111/singlepoint/PBE,0,/pscratch/sd/j/jcho5/VASP/completion_runs/matched_potential_slabs_20260915/slab/Cu111_28f90def6e/pbe,/pscratch/sd/j/jcho5/VASP/vasp_mol/NO/PBE,-237.57607506,-224.08285313,-11.94617385,500,500,converged,f9ceb8f01e1d703bd01457b9a40b0ac30fb463d11733e82c935557ca4321cbd3,true
Cu111,NO,pbe_d3,NO_Cu111,,false,ok,NSW=0 complex; converged relaxed references; matching composition,-1.67799132,/pscratch/sd/j/jcho5/VASP/dft_jobs/NO_Cu111/singlepoint/PBE_D3,0,/pscratch/sd/j/jcho5/VASP/completion_runs/matched_potential_slabs_20260915/slab/Cu111_6058af94f0/pbe_d3,/pscratch/sd/j/jcho5/VASP/vasp_mol/NO/PBE_D3,-260.19370349,-246.56952283,-11.94618934,500,500,converged,f9ceb8f01e1d703bd01457b9a40b0ac30fb463d11733e82c935557ca4321cbd3,true
Cu111,NO,r2scan,NO_Cu111,,false,reference_unavailable,No converged relaxed references with matching functional/composition,,/pscratch/sd/j/jcho5/VASP/dft_jobs/NO_Cu111/singlepoint/r2scan,0,/pscratch/sd/j/jcho5/VASP/completion_runs/matched_potential_slabs_20260915/slab/Cu111_96724abedd/r2scan,,-690.55970351,-675.43021718,,500,,converged,f9ceb8f01e1d703bd01457b9a40b0ac30fb463d11733e82c935557ca4321cbd3,false
Cu111,NO,beef_vdw,NO_Cu111,,false,energy_review,"|E_ads| > 5 eV; recorded for review, not a convergence failure",-8.04420273,/pscratch/sd/j/jcho5/VASP/dft_jobs/NO_Cu111/singlepoint/beef_vdw,0,/pscratch/sd/j/jcho5/VASP/completion_runs/matched_potential_slabs_20260915/slab/Cu111_11f50e50d8/beef_vdw,/pscratch/sd/j/jcho5/VASP/vasp_mol/NO/beef_vdw,-24.6109387,-14.59994315,-1.96679282,500,500,converged,f9ceb8f01e1d703bd01457b9a40b0ac30fb463d11733e82c935557ca4321cbd3,false
Ir100,NO,pbe,NO_Ir100,,false,ok,NSW=0 complex; converged relaxed references; matching composition,-2.99852035,/pscratch/sd/j/jcho5/VASP/dft_jobs/NO_Ir100/singlepoint/PBE,0,/pscratch/sd/j/jcho5/VASP/vasp_slab/Ir100/PBE,/pscratch/sd/j/jcho5/VASP/vasp_mol/NO/PBE,-309.34570834,-294.40101414,-11.94617385,1000,500,converged,573e7f6e4a3bdd01635fc7e090fbffb768e37b3cca6e58cad72d27830a32ead6,true
Ir100,NO,pbe_d3,NO_Ir100,,false,ok,NSW=0 complex; converged relaxed references; matching composition,-3.21820796,/pscratch/sd/j/jcho5/VASP/dft_jobs/NO_Ir100/singlepoint/PBE_D3,0,/pscratch/sd/j/jcho5/VASP/vasp_slab/Ir100/PBE_D3,/pscratch/sd/j/jcho5/VASP/vasp_mol/NO/PBE_D3,-326.76684708,-311.60244978,-11.94618934,1000,500,converged,573e7f6e4a3bdd01635fc7e090fbffb768e37b3cca6e58cad72d27830a32ead6,true
Ir100,NO,r2scan,NO_Ir100,,false,reference_unavailable,No converged relaxed references with matching functional/composition,,/pscratch/sd/j/jcho5/VASP/dft_jobs/NO_Ir100/singlepoint/r2scan,0,/pscratch/sd/j/jcho5/VASP/completion_runs/site_gapfill_20260914/slab/C2H4_Ir100/r2scan,,-1875.42625661,-1858.66548475,,1000,,converged,573e7f6e4a3bdd01635fc7e090fbffb768e37b3cca6e58cad72d27830a32ead6,false
Ir100,NO,beef_vdw,NO_Ir100,,false,energy_review,"|E_ads| > 5 eV; recorded for review, not a convergence failure",-9.48400293,/pscratch/sd/j/jcho5/VASP/dft_jobs/NO_Ir100/singlepoint/beef_vdw,0,/pscratch/sd/j/jcho5/VASP/vasp_slab/Ir100/beef_vdw,/pscratch/sd/j/jcho5/VASP/vasp_mol/NO/beef_vdw,-194.46836234,-183.01756659,-1.96679282,1000,500,converged,573e7f6e4a3bdd01635fc7e090fbffb768e37b3cca6e58cad72d27830a32ead6,false
Ir110,NO,pbe,NO_Ir110,,false,ok,NSW=0 complex; converged relaxed references; matching composition,-3.17848161,/pscratch/sd/j/jcho5/VASP/dft_jobs/NO_Ir110/singlepoint/PBE,0,/pscratch/sd/j/jcho5/VASP/vasp_slab/Ir110/PBE,/pscratch/sd/j/jcho5/VASP/vasp_mol/NO/PBE,-200.91744117,-185.79278571,-11.94617385,1000,500,converged,07497f959a524d2de49c4d2fc3783a7e8b6fe5aa7ca40890cd28123e46c7a162,true
Ir110,NO,pbe_d3,NO_Ir110,,false,ok,NSW=0 complex; converged relaxed references; matching composition,-3.36537516,/pscratch/sd/j/jcho5/VASP/dft_jobs/NO_Ir110/singlepoint/PBE_D3,0,/pscratch/sd/j/jcho5/VASP/vasp_slab/Ir110/PBE_D3,/pscratch/sd/j/jcho5/VASP/vasp_mol/NO/PBE_D3,-210.449786,-195.1382215,-11.94618934,1000,500,converged,07497f959a524d2de49c4d2fc3783a7e8b6fe5aa7ca40890cd28123e46c7a162,true
Ir110,NO,r2scan,NO_Ir110,,false,reference_unavailable,No converged relaxed references with matching functional/composition,,/pscratch/sd/j/jcho5/VASP/dft_jobs/NO_Ir110/singlepoint/r2scan,0,/pscratch/sd/j/jcho5/VASP/vasp_slab/Ir110/r2scan,,-1245.2195982,-1228.67675167,,1000,,converged,07497f959a524d2de49c4d2fc3783a7e8b6fe5aa7ca40890cd28123e46c7a162,false
Ir110,NO,beef_vdw,NO_Ir110,,false,energy_review,"|E_ads| > 5 eV; recorded for review, not a convergence failure",-9.72522873,/pscratch/sd/j/jcho5/VASP/dft_jobs/NO_Ir110/singlepoint/beef_vdw,0,/pscratch/sd/j/jcho5/VASP/vasp_slab/Ir110/beef_vdw,/pscratch/sd/j/jcho5/VASP/vasp_mol/NO/beef_vdw,-122.94451909,-111.25249754,-1.96679282,1000,500,converged,07497f959a524d2de49c4d2fc3783a7e8b6fe5aa7ca40890cd28123e46c7a162,false
Ir111,NO,pbe,NO_Ir111,,false,ok,NSW=0 complex; converged relaxed references; matching composition,-2.17715663,/pscratch/sd/j/jcho5/VASP/dft_jobs/NO_Ir111/singlepoint/PBE,0,/pscratch/sd/j/jcho5/VASP/vasp_slab/Ir111/PBE,/pscratch/sd/j/jcho5/VASP/vasp_mol/NO/PBE,-552.43527338,-538.3119429,-11.94617385,1000,500,converged,2630347ff4d638d54a00b9c9d1d11e47d61a50125bbc59ce43ef6c8af0449f2b,true
Ir111,NO,pbe_d3,NO_Ir111,,false,ok,NSW=0 complex; converged relaxed references; matching composition,-2.21602287,/pscratch/sd/j/jcho5/VASP/dft_jobs/NO_Ir111/singlepoint/PBE_D3,0,/pscratch/sd/j/jcho5/VASP/vasp_slab/Ir111/PBE_D3,/pscratch/sd/j/jcho5/VASP/vasp_mol/NO/PBE_D3,-584.94525616,-570.78304395,-11.94618934,1000,500,converged,2630347ff4d638d54a00b9c9d1d11e47d61a50125bbc59ce43ef6c8af0449f2b,true
Ir111,NO,r2scan,NO_Ir111,,false,reference_unavailable,No converged relaxed references with matching functional/composition,,/pscratch/sd/j/jcho5/VASP/dft_jobs/NO_Ir111/singlepoint/r2scan,0,/pscratch/sd/j/jcho5/VASP/vasp_slab/Ir111/r2scan,,-3336.40795323,-3320.68314209,,1000,,converged,2630347ff4d638d54a00b9c9d1d11e47d61a50125bbc59ce43ef6c8af0449f2b,false
Ir111,NO,beef_vdw,NO_Ir111,,false,energy_review,"|E_ads| > 5 eV; recorded for review, not a convergence failure",-8.80208925,/pscratch/sd/j/jcho5/VASP/dft_jobs/NO_Ir111/singlepoint/beef_vdw,0,/pscratch/sd/j/jcho5/VASP/vasp_slab/Ir111/beef_vdw,/pscratch/sd/j/jcho5/VASP/vasp_mol/NO/beef_vdw,-350.25585199,-339.48696992,-1.96679282,1000,500,converged,2630347ff4d638d54a00b9c9d1d11e47d61a50125bbc59ce43ef6c8af0449f2b,false
Pd100,NO,pbe,NO_Pd100,,false,potential_mismatch,Complex and reference PAW potential identities differ or are missing; energy retained only as diagnostic,-2.61092555,/pscratch/sd/j/jcho5/VASP/dft_jobs/NO_Pd100/singlepoint/PBE,0,/pscratch/sd/j/jcho5/VASP/vasp_slab/Pd100/PBE,/pscratch/sd/j/jcho5/VASP/vasp_mol/NO/PBE,-189.85889192,-175.30179252,-11.94617385,1000,500,converged,8c25ac96e9ff6858b1345aa9afd73b080a13137dabbdd683696efdf2211489de,false
Pd100,NO,pbe_d3,NO_Pd100,,false,potential_mismatch,Complex and reference PAW potential identities differ or are missing; energy retained only as diagnostic,-2.77600103,/pscratch/sd/j/jcho5/VASP/dft_jobs/NO_Pd100/singlepoint/PBE_D3,0,/pscratch/sd/j/jcho5/VASP/vasp_slab/Pd100/PBE_D3,/pscratch/sd/j/jcho5/VASP/vasp_mol/NO/PBE_D3,-204.18259718,-189.46040681,-11.94618934,1000,500,converged,8c25ac96e9ff6858b1345aa9afd73b080a13137dabbdd683696efdf2211489de,false
Pd100,NO,r2scan,NO_Pd100,,false,reference_unavailable,No converged relaxed references with matching functional/composition,,/pscratch/sd/j/jcho5/VASP/dft_jobs/NO_Pd100/singlepoint/r2scan,0,/pscratch/sd/j/jcho5/VASP/completion_runs/matched_potential_slabs_20260915/slab/Pd100_25986b23a9/r2scan,,-828.54949917,-812.46913323,,500,,converged,8c25ac96e9ff6858b1345aa9afd73b080a13137dabbdd683696efdf2211489de,false
Pd100,NO,beef_vdw,NO_Pd100,,false,energy_review,"|E_ads| > 5 eV; recorded for review, not a convergence failure",-8.89411104,/pscratch/sd/j/jcho5/VASP/dft_jobs/NO_Pd100/singlepoint/beef_vdw,0,/pscratch/sd/j/jcho5/VASP/completion_runs/matched_potential_slabs_20260915/slab/Pd100_b7d9b89afa/beef_vdw,/pscratch/sd/j/jcho5/VASP/vasp_mol/NO/beef_vdw,-64.03045393,-53.16955007,-1.96679282,500,500,converged,8c25ac96e9ff6858b1345aa9afd73b080a13137dabbdd683696efdf2211489de,false
Pd110,NO,pbe,NO_Pd110,,false,potential_mismatch,Complex and reference PAW potential identities differ or are missing; energy retained only as diagnostic,-2.77040356,/pscratch/sd/j/jcho5/VASP/dft_jobs/NO_Pd110/singlepoint/PBE,0,/pscratch/sd/j/jcho5/VASP/vasp_slab/Pd110/PBE,/pscratch/sd/j/jcho5/VASP/vasp_mol/NO/PBE,-125.55075686,-110.83417945,-11.94617385,1000,500,converged,45ed806f386e7a73013a8ce368d1bd3b925c162a453d3848a6ed38d19355b1e6,false
Pd110,NO,pbe_d3,NO_Pd110,,false,potential_mismatch,Complex and reference PAW potential identities differ or are missing; energy retained only as diagnostic,-2.95855731,/pscratch/sd/j/jcho5/VASP/dft_jobs/NO_Pd110/singlepoint/PBE_D3,0,/pscratch/sd/j/jcho5/VASP/vasp_slab/Pd110/PBE_D3,/pscratch/sd/j/jcho5/VASP/vasp_mol/NO/PBE_D3,-133.4278807,-118.52313405,-11.94618934,1000,500,converged,45ed806f386e7a73013a8ce368d1bd3b925c162a453d3848a6ed38d19355b1e6,false
Pd110,NO,r2scan,NO_Pd110,,false,reference_unavailable,No converged relaxed references with matching functional/composition,,/pscratch/sd/j/jcho5/VASP/dft_jobs/NO_Pd110/singlepoint/r2scan,0,/pscratch/sd/j/jcho5/VASP/completion_runs/matched_potential_slabs_20260915/slab/Pd110_2eb6224610/r2scan,,-551.26831604,-535.03397265,,500,,converged,45ed806f386e7a73013a8ce368d1bd3b925c162a453d3848a6ed38d19355b1e6,false
Pd110,NO,beef_vdw,NO_Pd110,,false,energy_review,"|E_ads| > 5 eV; recorded for review, not a convergence failure",-9.12680745,/pscratch/sd/j/jcho5/VASP/dft_jobs/NO_Pd110/singlepoint/beef_vdw,0,/pscratch/sd/j/jcho5/VASP/completion_runs/matched_potential_slabs_20260915/slab/Pd110_7655ac7da9/beef_vdw,/pscratch/sd/j/jcho5/VASP/vasp_mol/NO/beef_vdw,-40.45388744,-29.36028717,-1.96679282,500,500,converged,45ed806f386e7a73013a8ce368d1bd3b925c162a453d3848a6ed38d19355b1e6,false
Pd111,NO,pbe,NO_Pd111,,false,ok,NSW=0 complex; converged relaxed references; matching composition,-2.5739191,/pscratch/sd/j/jcho5/VASP/dft_jobs/NO_Pd111/singlepoint/PBE,0,/pscratch/sd/j/jcho5/VASP/completion_runs/matched_potential_slabs_20260915/slab/Pd111_ffc3f47166/pbe,/pscratch/sd/j/jcho5/VASP/vasp_mol/NO/PBE,-192.64979198,-178.12969903,-11.94617385,500,500,converged,c961f74d284d3cb70421a787b3393a3971364d91cbe1a8a5afde15b63a3b3072,true
Pd111,NO,pbe_d3,NO_Pd111,,false,ok,NSW=0 complex; converged relaxed references; matching composition,-2.73561537,/pscratch/sd/j/jcho5/VASP/dft_jobs/NO_Pd111/singlepoint/PBE_D3,0,/pscratch/sd/j/jcho5/VASP/completion_runs/matched_potential_slabs_20260915/slab/Pd111_0333765c8d/pbe_d3,/pscratch/sd/j/jcho5/VASP/vasp_mol/NO/PBE_D3,-207.74492641,-193.0631217,-11.94618934,500,500,converged,c961f74d284d3cb70421a787b3393a3971364d91cbe1a8a5afde15b63a3b3072,true
Pd111,NO,r2scan,NO_Pd111,,false,reference_unavailable,No converged relaxed references with matching functional/composition,,/pscratch/sd/j/jcho5/VASP/dft_jobs/NO_Pd111/singlepoint/r2scan,0,,,-831.8317728,,,,,converged,c961f74d284d3cb70421a787b3393a3971364d91cbe1a8a5afde15b63a3b3072,false
Pd111,NO,beef_vdw,NO_Pd111,,false,energy_review,"|E_ads| > 5 eV; recorded for review, not a convergence failure",-9.04680132,/pscratch/sd/j/jcho5/VASP/dft_jobs/NO_Pd111/singlepoint/beef_vdw,0,/pscratch/sd/j/jcho5/VASP/completion_runs/matched_potential_slabs_20260915/slab/Pd111_f1f527eac1/beef_vdw,/pscratch/sd/j/jcho5/VASP/vasp_mol/NO/beef_vdw,-66.46799862,-55.45440448,-1.96679282,500,500,converged,c961f74d284d3cb70421a787b3393a3971364d91cbe1a8a5afde15b63a3b3072,false
Pt100,NO,pbe,NO_Pt100,,false,potential_mismatch,Complex and reference PAW potential identities differ or are missing; energy retained only as diagnostic,-2.97213064,/pscratch/sd/j/jcho5/VASP/dft_jobs/NO_Pt100/singlepoint/PBE,0,/pscratch/sd/j/jcho5/VASP/vasp_slab/Pt100/PBE,/pscratch/sd/j/jcho5/VASP/vasp_mol/NO/PBE,-217.94543309,-203.0271286,-11.94617385,1000,500,converged,252a2212711ea3c4f25a28cb0afb4b9da990d440a9fdb13ff08c7bd5827799c7,false
Pt100,NO,pbe_d3,NO_Pt100,,false,potential_mismatch,Complex and reference PAW potential identities differ or are missing; energy retained only as diagnostic,-3.14818814,/pscratch/sd/j/jcho5/VASP/dft_jobs/NO_Pt100/singlepoint/PBE_D3,0,/pscratch/sd/j/jcho5/VASP/vasp_slab/Pt100/PBE_D3,/pscratch/sd/j/jcho5/VASP/vasp_mol/NO/PBE_D3,-237.13005273,-222.03567525,-11.94618934,1000,500,converged,252a2212711ea3c4f25a28cb0afb4b9da990d440a9fdb13ff08c7bd5827799c7,false
Pt100,NO,r2scan,NO_Pt100,,false,reference_unavailable,No converged relaxed references with matching functional/composition,,/pscratch/sd/j/jcho5/VASP/dft_jobs/NO_Pt100/singlepoint/r2scan,0,/pscratch/sd/j/jcho5/VASP/vasp_slab/Pt100/r2scan,,-1852.62587507,-1835.69135898,,1000,,converged,252a2212711ea3c4f25a28cb0afb4b9da990d440a9fdb13ff08c7bd5827799c7,false
Pt100,NO,beef_vdw,NO_Pt100,,false,potential_mismatch,Complex and reference PAW potential identities differ or are missing; energy retained only as diagnostic,-42.80009214,/pscratch/sd/j/jcho5/VASP/dft_jobs/NO_Pt100/singlepoint/beef_vdw,0,/pscratch/sd/j/jcho5/VASP/vasp_slab/Pt100/beef_vdw,/pscratch/sd/j/jcho5/VASP/vasp_mol/NO/beef_vdw,-104.81018442,-60.04329946,-1.96679282,1000,500,converged,252a2212711ea3c4f25a28cb0afb4b9da990d440a9fdb13ff08c7bd5827799c7,false
Pt110,NO,pbe,NO_Pt110,,false,potential_mismatch,Complex and reference PAW potential identities differ or are missing; energy retained only as diagnostic,-2.61324368,/pscratch/sd/j/jcho5/VASP/dft_jobs/NO_Pt110/singlepoint/PBE,0,/pscratch/sd/j/jcho5/VASP/vasp_slab/Pt110/PBE,/pscratch/sd/j/jcho5/VASP/vasp_mol/NO/PBE,-142.86038075,-128.30096322,-11.94617385,1000,500,converged,c6ddde4d2b11e15eaed17ae9605a96165fc9de812850346ff50d2b3d66084f97,false
Pt110,NO,pbe_d3,NO_Pt110,,false,potential_mismatch,Complex and reference PAW potential identities differ or are missing; energy retained only as diagnostic,-2.86133488,/pscratch/sd/j/jcho5/VASP/dft_jobs/NO_Pt110/singlepoint/PBE_D3,0,/pscratch/sd/j/jcho5/VASP/vasp_slab/Pt110/PBE_D3,/pscratch/sd/j/jcho5/VASP/vasp_mol/NO/PBE_D3,-153.38067191,-138.57314769,-11.94618934,1000,500,converged,c6ddde4d2b11e15eaed17ae9605a96165fc9de812850346ff50d2b3d66084f97,false
Pt110,NO,r2scan,NO_Pt110,,false,reference_unavailable,No converged relaxed references with matching functional/composition,,/pscratch/sd/j/jcho5/VASP/dft_jobs/NO_Pt110/singlepoint/r2scan,0,/pscratch/sd/j/jcho5/VASP/vasp_slab/Pt110/r2scan,,-1232.44128563,-1216.08630705,,1000,,converged,c6ddde4d2b11e15eaed17ae9605a96165fc9de812850346ff50d2b3d66084f97,false
Pt110,NO,beef_vdw,NO_Pt110,,false,potential_mismatch,Complex and reference PAW potential identities differ or are missing; energy retained only as diagnostic,-31.48933696,/pscratch/sd/j/jcho5/VASP/dft_jobs/NO_Pt110/singlepoint/beef_vdw,0,/pscratch/sd/j/jcho5/VASP/vasp_slab/Pt110/beef_vdw,/pscratch/sd/j/jcho5/VASP/vasp_mol/NO/beef_vdw,-66.13569844,-32.67956866,-1.96679282,1000,500,converged,c6ddde4d2b11e15eaed17ae9605a96165fc9de812850346ff50d2b3d66084f97,false
Pt111,NO,pbe,NO_Pt111_fcc,fcc,false,ok,NSW=0 complex; converged relaxed references; matching composition,-1.93040017,/pscratch/sd/j/jcho5/VASP/dft_jobs/NO_Pt111_fcc/singlepoint/PBE,0,/pscratch/sd/j/jcho5/VASP/completion_runs/matched_potential_slabs_20260915/slab/Pt111_ac28ddddd3/pbe,/pscratch/sd/j/jcho5/VASP/vasp_mol/NO/PBE,-222.57249726,-208.69592324,-11.94617385,500,500,converged,fb7abad78996720bcee5ecf5453c784fa09d6ba7a1a82ec2916e8dc5655da6e0,true
Pt111,NO,pbe_d3,NO_Pt111_fcc,fcc,false,ok,NSW=0 complex; converged relaxed references; matching composition,-2.06721659,/pscratch/sd/j/jcho5/VASP/dft_jobs/NO_Pt111_fcc/singlepoint/PBE_D3,0,/pscratch/sd/j/jcho5/VASP/completion_runs/matched_potential_slabs_20260915/slab/Pt111_c3286ec1f4/pbe_d3,/pscratch/sd/j/jcho5/VASP/vasp_mol/NO/PBE_D3,-242.61017291,-228.59676698,-11.94618934,500,500,converged,fb7abad78996720bcee5ecf5453c784fa09d6ba7a1a82ec2916e8dc5655da6e0,true
Pt111,NO,r2scan,NO_Pt111_fcc,fcc,false,reference_unavailable,No converged relaxed references with matching functional/composition,,/pscratch/sd/j/jcho5/VASP/dft_jobs/NO_Pt111_fcc/singlepoint/r2scan,0,,,-1857.47703411,,,,,converged,fb7abad78996720bcee5ecf5453c784fa09d6ba7a1a82ec2916e8dc5655da6e0,false
Pt111,NO,beef_vdw,NO_Pt111_fcc,fcc,false,reference_unavailable,No converged relaxed references with matching functional/composition,,/pscratch/sd/j/jcho5/VASP/dft_jobs/NO_Pt111_fcc/singlepoint/beef_vdw,0,,/pscratch/sd/j/jcho5/VASP/vasp_mol/NO/beef_vdw,-109.00677905,,-1.96679282,,500,converged,fb7abad78996720bcee5ecf5453c784fa09d6ba7a1a82ec2916e8dc5655da6e0,false
Rh100,NO,pbe,NO_Rh100,,false,potential_mismatch,Complex and reference PAW potential identities differ or are missing; energy retained only as diagnostic,-3.30031883,/pscratch/sd/j/jcho5/VASP/dft_jobs/NO_Rh100/singlepoint/PBE,0,/pscratch/sd/j/jcho5/VASP/vasp_slab/Rh100/PBE,/pscratch/sd/j/jcho5/VASP/vasp_mol/NO/PBE,-257.52283275,-242.27634007,-11.94617385,1000,500,converged,70a895b7dbb017b87b9632703375c55b1dcbb3ae4ad4c9a6f6b307c7d5e2a303,false
Rh100,NO,pbe_d3,NO_Rh100,,false,potential_mismatch,Complex and reference PAW potential identities differ or are missing; energy retained only as diagnostic,-3.49313502,/pscratch/sd/j/jcho5/VASP/dft_jobs/NO_Rh100/singlepoint/PBE_D3,0,/pscratch/sd/j/jcho5/VASP/vasp_slab/Rh100/PBE_D3,/pscratch/sd/j/jcho5/VASP/vasp_mol/NO/PBE_D3,-271.51476495,-256.07544059,-11.94618934,1000,500,converged,70a895b7dbb017b87b9632703375c55b1dcbb3ae4ad4c9a6f6b307c7d5e2a303,false
Rh100,NO,r2scan,NO_Rh100,,false,reference_unavailable,No converged relaxed references with matching functional/composition,,/pscratch/sd/j/jcho5/VASP/dft_jobs/NO_Rh100/singlepoint/r2scan,0,/pscratch/sd/j/jcho5/VASP/completion_runs/matched_potential_slabs_20260915/slab/Rh100_84c2195556/r2scan,,-865.03169355,-848.37766508,,500,,converged,70a895b7dbb017b87b9632703375c55b1dcbb3ae4ad4c9a6f6b307c7d5e2a303,false
Rh100,NO,beef_vdw,NO_Rh100,,false,energy_review,"|E_ads| > 5 eV; recorded for review, not a convergence failure",-9.44836245,/pscratch/sd/j/jcho5/VASP/dft_jobs/NO_Rh100/singlepoint/beef_vdw,0,/pscratch/sd/j/jcho5/VASP/completion_runs/matched_potential_slabs_20260915/slab/Rh100_b2891dc541/beef_vdw,/pscratch/sd/j/jcho5/VASP/vasp_mol/NO/beef_vdw,-141.90859157,-130.4934363,-1.96679282,500,500,converged,70a895b7dbb017b87b9632703375c55b1dcbb3ae4ad4c9a6f6b307c7d5e2a303,false
Rh110,NO,pbe,NO_Rh110,,false,potential_mismatch,Complex and reference PAW potential identities differ or are missing; energy retained only as diagnostic,-3.33484516,/pscratch/sd/j/jcho5/VASP/dft_jobs/NO_Rh110/singlepoint/PBE,0,/pscratch/sd/j/jcho5/VASP/vasp_slab/Rh110/PBE,/pscratch/sd/j/jcho5/VASP/vasp_mol/NO/PBE,-168.33897831,-153.0579593,-11.94617385,1000,500,converged,ef900e29e7bd487dbcc1001dcdc3b1edb3ca262bbf8a34cd5f9c4c430086667f,false
Rh110,NO,pbe_d3,NO_Rh110,,false,potential_mismatch,Complex and reference PAW potential identities differ or are missing; energy retained only as diagnostic,-3.55289716,/pscratch/sd/j/jcho5/VASP/dft_jobs/NO_Rh110/singlepoint/PBE_D3,0,/pscratch/sd/j/jcho5/VASP/vasp_slab/Rh110/PBE_D3,/pscratch/sd/j/jcho5/VASP/vasp_mol/NO/PBE_D3,-175.98728557,-160.48819907,-11.94618934,1000,500,converged,ef900e29e7bd487dbcc1001dcdc3b1edb3ca262bbf8a34cd5f9c4c430086667f,false
Rh110,NO,r2scan,NO_Rh110,,false,reference_unavailable,No converged relaxed references with matching functional/composition,,/pscratch/sd/j/jcho5/VASP/dft_jobs/NO_Rh110/singlepoint/r2scan,0,/pscratch/sd/j/jcho5/VASP/completion_runs/matched_potential_slabs_20260915/slab/Rh110_43367cbc6c/r2scan,,-574.78364939,-558.32899056,,500,,converged,ef900e29e7bd487dbcc1001dcdc3b1edb3ca262bbf8a34cd5f9c4c430086667f,false
Rh110,NO,beef_vdw,NO_Rh110,,false,energy_review,"|E_ads| > 5 eV; recorded for review, not a convergence failure",-9.51931109,/pscratch/sd/j/jcho5/VASP/dft_jobs/NO_Rh110/singlepoint/beef_vdw,0,/pscratch/sd/j/jcho5/VASP/completion_runs/matched_potential_slabs_20260915/slab/Rh110_a6be9fa2b9/beef_vdw,/pscratch/sd/j/jcho5/VASP/vasp_mol/NO/beef_vdw,-90.17859267,-78.69248876,-1.96679282,500,500,converged,ef900e29e7bd487dbcc1001dcdc3b1edb3ca262bbf8a34cd5f9c4c430086667f,false
Rh111,NO,pbe,NO_Rh111,,false,potential_mismatch,Complex and reference PAW potential identities differ or are missing; energy retained only as diagnostic,-3.41377028,/pscratch/sd/j/jcho5/VASP/dft_jobs/NO_Rh111/singlepoint/PBE,0,/pscratch/sd/j/jcho5/VASP/vasp_slab/Rh111/PBE,/pscratch/sd/j/jcho5/VASP/vasp_mol/NO/PBE,-454.50988702,-439.14994289,-11.94617385,1000,500,converged,ee38a21adea539392a462db091484f0f15eb4b5340322e875915ffa264eb6ca2,false
Rh111,NO,pbe_d3,NO_Rh111,,false,potential_mismatch,Complex and reference PAW potential identities differ or are missing; energy retained only as diagnostic,-3.42241519,/pscratch/sd/j/jcho5/VASP/dft_jobs/NO_Rh111/singlepoint/PBE_D3,0,/pscratch/sd/j/jcho5/VASP/vasp_slab/Rh111/PBE_D3,/pscratch/sd/j/jcho5/VASP/vasp_mol/NO/PBE_D3,-480.63002506,-465.26142053,-11.94618934,1000,500,converged,ee38a21adea539392a462db091484f0f15eb4b5340322e875915ffa264eb6ca2,false
Rh111,NO,r2scan,NO_Rh111,,false,reference_unavailable,No converged relaxed references with matching functional/composition,,/pscratch/sd/j/jcho5/VASP/dft_jobs/NO_Rh111/singlepoint/r2scan,0,/pscratch/sd/j/jcho5/VASP/vasp_slab/Rh111/r2scan,,-1534.06279097,-1516.88991315,,1000,,converged,ee38a21adea539392a462db091484f0f15eb4b5340322e875915ffa264eb6ca2,false
Rh111,NO,beef_vdw,NO_Rh111,,false,energy_review,"|E_ads| > 5 eV; recorded for review, not a convergence failure",-9.35498625,/pscratch/sd/j/jcho5/VASP/dft_jobs/NO_Rh111/singlepoint/beef_vdw,0,/pscratch/sd/j/jcho5/VASP/completion_runs/matched_potential_slabs_20260915/slab/Rh111_f89b45c425/beef_vdw,/pscratch/sd/j/jcho5/VASP/vasp_mol/NO/beef_vdw,-251.00657957,-239.6848005,-1.96679282,500,500,converged,ee38a21adea539392a462db091484f0f15eb4b5340322e875915ffa264eb6ca2,false
Ag100,OH,pbe,OH_Ag100,,false,reference_unavailable,No converged relaxed references with matching functional/composition,,/pscratch/sd/j/jcho5/VASP/dft_jobs/OH_Ag100/singlepoint/PBE,0,/pscratch/sd/j/jcho5/VASP/vasp_slab/Ag100/PBE,,-101.22940743,-90.12407184,,1000,,converged,e61942c0c81a012d3269ebf047a9966b13ba0adc669164c15d9423cb853319f2,false
Ag100,OH,pbe_d3,OH_Ag100,,false,reference_unavailable,No converged relaxed references with matching functional/composition,,/pscratch/sd/j/jcho5/VASP/dft_jobs/OH_Ag100/singlepoint/PBE_D3,0,/pscratch/sd/j/jcho5/VASP/vasp_slab/Ag100/PBE_D3,,-113.58263323,-102.4003605,,1000,,converged,e61942c0c81a012d3269ebf047a9966b13ba0adc669164c15d9423cb853319f2,false
Ag100,OH,r2scan,OH_Ag100,,false,reference_unavailable,No converged relaxed references with matching functional/composition,,/pscratch/sd/j/jcho5/VASP/dft_jobs/OH_Ag100/singlepoint/r2scan,0,/pscratch/sd/j/jcho5/VASP/vasp_slab/Ag100/r2scan,,-771.80281319,-759.06403021,,1000,,converged,e61942c0c81a012d3269ebf047a9966b13ba0adc669164c15d9423cb853319f2,false
Ag100,OH,beef_vdw,OH_Ag100,,false,reference_unavailable,No converged relaxed references with matching functional/composition,,/pscratch/sd/j/jcho5/VASP/dft_jobs/OH_Ag100/singlepoint/beef_vdw,0,/pscratch/sd/j/jcho5/VASP/vasp_slab/Ag100/beef_vdw,,24.48273329,58.04168493,,1000,,converged,e61942c0c81a012d3269ebf047a9966b13ba0adc669164c15d9423cb853319f2,false
Ag110,OH,pbe,OH_Ag110,,false,reference_unavailable,No converged relaxed references with matching functional/composition,,/pscratch/sd/j/jcho5/VASP/dft_jobs/OH_Ag110/singlepoint/PBE,0,/pscratch/sd/j/jcho5/VASP/vasp_slab/Ag110/PBE,,-68.18571507,-57.34530434,,1000,,converged,8f40ad2b9ff042c3af12f0dba1b5e24f15a20bda4074901d76dbdfb18a822b3e,false
Ag110,OH,pbe_d3,OH_Ag110,,false,reference_unavailable,No converged relaxed references with matching functional/composition,,/pscratch/sd/j/jcho5/VASP/dft_jobs/OH_Ag110/singlepoint/PBE_D3,0,/pscratch/sd/j/jcho5/VASP/vasp_slab/Ag110/PBE_D3,,-75.0340575,-64.0841207,,1000,,converged,8f40ad2b9ff042c3af12f0dba1b5e24f15a20bda4074901d76dbdfb18a822b3e,false
Ag110,OH,r2scan,OH_Ag110,,false,reference_unavailable,No converged relaxed references with matching functional/composition,,/pscratch/sd/j/jcho5/VASP/dft_jobs/OH_Ag110/singlepoint/r2scan,0,/pscratch/sd/j/jcho5/VASP/vasp_slab/Ag110/r2scan,,-515.0428387,-502.68023804,,1000,,converged,8f40ad2b9ff042c3af12f0dba1b5e24f15a20bda4074901d76dbdfb18a822b3e,false
Ag110,OH,beef_vdw,OH_Ag110,,false,reference_unavailable,No converged relaxed references with matching functional/composition,,/pscratch/sd/j/jcho5/VASP/dft_jobs/OH_Ag110/singlepoint/beef_vdw,0,/pscratch/sd/j/jcho5/VASP/vasp_slab/Ag110/beef_vdw,,16.44644128,41.61140369,,1000,,converged,8f40ad2b9ff042c3af12f0dba1b5e24f15a20bda4074901d76dbdfb18a822b3e,false
Ag111,OH,pbe,OH_Ag111,,false,reference_unavailable,No converged relaxed references with matching functional/composition,,/pscratch/sd/j/jcho5/VASP/dft_jobs/OH_Ag111/singlepoint/PBE,0,/pscratch/sd/j/jcho5/VASP/completion_runs/matched_potential_slabs_20260915/slab/Ag111_61964c781c/pbe,,-102.2570293,-92.25124769,,500,,converged,7f822114ef6cb5f2d93b282f19a64a57720019b17cb139921938f96951047f91,false
Ag111,OH,pbe_d3,OH_Ag111,,false,reference_unavailable,No converged relaxed references with matching functional/composition,,/pscratch/sd/j/jcho5/VASP/dft_jobs/OH_Ag111/singlepoint/PBE_D3,0,/pscratch/sd/j/jcho5/VASP/completion_runs/matched_potential_slabs_20260915/slab/Ag111_71d4cd48c4/pbe_d3,,-115.23390973,-105.22691834,,500,,converged,7f822114ef6cb5f2d93b282f19a64a57720019b17cb139921938f96951047f91,false
Ag111,OH,r2scan,OH_Ag111,,false,reference_unavailable,No converged relaxed references with matching functional/composition,,/pscratch/sd/j/jcho5/VASP/dft_jobs/OH_Ag111/singlepoint/r2scan,0,/pscratch/sd/j/jcho5/VASP/completion_runs/matched_potential_slabs_20260915/slab/Ag111_f9365ca685/r2scan,,-773.21691926,-762.04705161,,500,,converged,7f822114ef6cb5f2d93b282f19a64a57720019b17cb139921938f96951047f91,false
Ag111,OH,beef_vdw,OH_Ag111,,false,reference_unavailable,No converged relaxed references with matching functional/composition,,/pscratch/sd/j/jcho5/VASP/dft_jobs/OH_Ag111/singlepoint/beef_vdw,0,/pscratch/sd/j/jcho5/VASP/completion_runs/matched_potential_slabs_20260915/slab/Ag111_35207ad13f/beef_vdw,,23.58698628,31.99373684,,500,,converged,7f822114ef6cb5f2d93b282f19a64a57720019b17cb139921938f96951047f91,false
Au100,OH,pbe,OH_Au100,,false,reference_unavailable,No converged relaxed references with matching functional/composition,,/pscratch/sd/j/jcho5/VASP/dft_jobs/OH_Au100/singlepoint/PBE,0,/pscratch/sd/j/jcho5/VASP/vasp_slab/Au100/PBE,,-118.18735767,-108.11108078,,1000,,converged,9e6f791043e34323faaeb344172253c8bfd7314d8099e6c606aa936e66e8297a,false
Au100,OH,pbe_d3,OH_Au100,,false,reference_unavailable,No converged relaxed references with matching functional/composition,,/pscratch/sd/j/jcho5/VASP/dft_jobs/OH_Au100/singlepoint/PBE_D3,0,/pscratch/sd/j/jcho5/VASP/vasp_slab/Au100/PBE_D3,,-135.30999062,-125.13314995,,1000,,converged,9e6f791043e34323faaeb344172253c8bfd7314d8099e6c606aa936e66e8297a,false
Au100,OH,r2scan,OH_Au100,,false,reference_unavailable,No converged relaxed references with matching functional/composition,,/pscratch/sd/j/jcho5/VASP/dft_jobs/OH_Au100/singlepoint/r2scan,0,/pscratch/sd/j/jcho5/VASP/vasp_slab/Au100/r2scan,,-1823.27393299,-1812.10460465,,1000,,converged,9e6f791043e34323faaeb344172253c8bfd7314d8099e6c606aa936e66e8297a,false
Au100,OH,beef_vdw,OH_Au100,,false,reference_unavailable,No converged relaxed references with matching functional/composition,,/pscratch/sd/j/jcho5/VASP/dft_jobs/OH_Au100/singlepoint/beef_vdw,0,/pscratch/sd/j/jcho5/VASP/vasp_slab/Au100/beef_vdw,,-5.65393928,2.61952143,,1000,,converged,9e6f791043e34323faaeb344172253c8bfd7314d8099e6c606aa936e66e8297a,false
Au110,OH,pbe,OH_Au110,,false,reference_unavailable,No converged relaxed references with matching functional/composition,,/pscratch/sd/j/jcho5/VASP/dft_jobs/OH_Au110/singlepoint/PBE,0,/pscratch/sd/j/jcho5/VASP/vasp_slab/Au110/PBE,,-79.76415715,-69.78140854,,1000,,converged,9e482f1f4027732384630e652ac8d21ba030ff3dd59f4aca28c487f76de24812,false
Au110,OH,pbe_d3,OH_Au110,,false,reference_unavailable,No converged relaxed references with matching functional/composition,,/pscratch/sd/j/jcho5/VASP/dft_jobs/OH_Au110/singlepoint/PBE_D3,0,/pscratch/sd/j/jcho5/VASP/vasp_slab/Au110/PBE_D3,,-89.30744777,-79.18212693,,1000,,converged,9e482f1f4027732384630e652ac8d21ba030ff3dd59f4aca28c487f76de24812,false
Au110,OH,r2scan,OH_Au110,,false,reference_unavailable,No converged relaxed references with matching functional/composition,,/pscratch/sd/j/jcho5/VASP/dft_jobs/OH_Au110/singlepoint/r2scan,0,/pscratch/sd/j/jcho5/VASP/vasp_slab/Au110/r2scan,,-1216.20711756,-1205.07970007,,1000,,converged,9e482f1f4027732384630e652ac8d21ba030ff3dd59f4aca28c487f76de24812,false
Au110,OH,beef_vdw,OH_Au110,,false,reference_unavailable,No converged relaxed references with matching functional/composition,,/pscratch/sd/j/jcho5/VASP/dft_jobs/OH_Au110/singlepoint/beef_vdw,0,/pscratch/sd/j/jcho5/VASP/vasp_slab/Au110/beef_vdw,,-3.83842825,4.35535241,,1000,,converged,9e482f1f4027732384630e652ac8d21ba030ff3dd59f4aca28c487f76de24812,false
Au111,OH,pbe,OH_Au111,,false,reference_unavailable,No converged relaxed references with matching functional/composition,,/pscratch/sd/j/jcho5/VASP/dft_jobs/OH_Au111/singlepoint/PBE,0,,,-119.7423966,,,,,converged,04962b932f75492e394bf6c41ffc3599966cddf6052a9e3ad0336e9725d83259,false
Au111,OH,pbe_d3,OH_Au111,,false,reference_unavailable,No converged relaxed references with matching functional/composition,,/pscratch/sd/j/jcho5/VASP/dft_jobs/OH_Au111/singlepoint/PBE_D3,0,,,-137.53643049,,,,,converged,04962b932f75492e394bf6c41ffc3599966cddf6052a9e3ad0336e9725d83259,false
Au111,OH,r2scan,OH_Au111,,false,reference_unavailable,No converged relaxed references with matching functional/composition,,/pscratch/sd/j/jcho5/VASP/dft_jobs/OH_Au111/singlepoint/r2scan,0,,,-1825.10693566,,,,,converged,04962b932f75492e394bf6c41ffc3599966cddf6052a9e3ad0336e9725d83259,false
Au111,OH,beef_vdw,OH_Au111,,false,reference_unavailable,No converged relaxed references with matching functional/composition,,/pscratch/sd/j/jcho5/VASP/dft_jobs/OH_Au111/singlepoint/beef_vdw,0,,,-6.96842228,,,,,converged,04962b932f75492e394bf6c41ffc3599966cddf6052a9e3ad0336e9725d83259,false
Ir100,OH,pbe,OH_Ir100,,false,reference_unavailable,No converged relaxed references with matching functional/composition,,/pscratch/sd/j/jcho5/VASP/dft_jobs/OH_Ir100/singlepoint/PBE,0,/pscratch/sd/j/jcho5/VASP/vasp_slab/Ir100/PBE,,-304.96285206,-294.40101414,,1000,,converged,54ea7f7fe7f0c8ceea869b77444d3915608efa1db8b02a9af6176f5bf170a45d,false
Ir100,OH,pbe_d3,OH_Ir100,,false,reference_unavailable,No converged relaxed references with matching functional/composition,,/pscratch/sd/j/jcho5/VASP/dft_jobs/OH_Ir100/singlepoint/PBE_D3,0,/pscratch/sd/j/jcho5/VASP/vasp_slab/Ir100/PBE_D3,,-322.32644243,-311.60244978,,1000,,converged,54ea7f7fe7f0c8ceea869b77444d3915608efa1db8b02a9af6176f5bf170a45d,false
Ir100,OH,r2scan,OH_Ir100,,false,complex_unconverged,electronic_unconverged,,/pscratch/sd/j/jcho5/VASP/dft_jobs/OH_Ir100/singlepoint/r2scan,0,/pscratch/sd/j/jcho5/VASP/completion_runs/site_gapfill_20260914/slab/C2H4_Ir100/r2scan,,-1870.37890908,-1858.66548475,,1000,,electronic_unconverged,54ea7f7fe7f0c8ceea869b77444d3915608efa1db8b02a9af6176f5bf170a45d,false
Ir100,OH,beef_vdw,OH_Ir100,,false,reference_unavailable,No converged relaxed references with matching functional/composition,,/pscratch/sd/j/jcho5/VASP/dft_jobs/OH_Ir100/singlepoint/beef_vdw,0,/pscratch/sd/j/jcho5/VASP/vasp_slab/Ir100/beef_vdw,,-191.80076823,-183.01756659,,1000,,converged,54ea7f7fe7f0c8ceea869b77444d3915608efa1db8b02a9af6176f5bf170a45d,false
Ir110,OH,pbe,OH_Ir110,,false,reference_unavailable,No converged relaxed references with matching functional/composition,,/pscratch/sd/j/jcho5/VASP/dft_jobs/OH_Ir110/singlepoint/PBE,0,/pscratch/sd/j/jcho5/VASP/vasp_slab/Ir110/PBE,,-196.79191533,-185.79278571,,1000,,converged,fbc96971b64667ae52c86849ac26cf5eb0f0012aa86cb3bfaefac181407aa63e,false
Ir110,OH,pbe_d3,OH_Ir110,,false,reference_unavailable,No converged relaxed references with matching functional/composition,,/pscratch/sd/j/jcho5/VASP/dft_jobs/OH_Ir110/singlepoint/PBE_D3,0,/pscratch/sd/j/jcho5/VASP/vasp_slab/Ir110/PBE_D3,,-206.25548506,-195.1382215,,1000,,converged,fbc96971b64667ae52c86849ac26cf5eb0f0012aa86cb3bfaefac181407aa63e,false
Ir110,OH,r2scan,OH_Ir110,,false,reference_unavailable,No converged relaxed references with matching functional/composition,,/pscratch/sd/j/jcho5/VASP/dft_jobs/OH_Ir110/singlepoint/r2scan,0,/pscratch/sd/j/jcho5/VASP/vasp_slab/Ir110/r2scan,,-1240.77485736,-1228.67675167,,1000,,converged,fbc96971b64667ae52c86849ac26cf5eb0f0012aa86cb3bfaefac181407aa63e,false
Ir110,OH,beef_vdw,OH_Ir110,,false,reference_unavailable,No converged relaxed references with matching functional/composition,,/pscratch/sd/j/jcho5/VASP/dft_jobs/OH_Ir110/singlepoint/beef_vdw,0,/pscratch/sd/j/jcho5/VASP/vasp_slab/Ir110/beef_vdw,,-120.53004866,-111.25249754,,1000,,converged,fbc96971b64667ae52c86849ac26cf5eb0f0012aa86cb3bfaefac181407aa63e,false
Ir111,OH,pbe,OH_Ir111,,false,reference_unavailable,No converged relaxed references with matching functional/composition,,/pscratch/sd/j/jcho5/VASP/dft_jobs/OH_Ir111/singlepoint/PBE,0,/pscratch/sd/j/jcho5/VASP/vasp_slab/Ir111/PBE,,-548.48353424,-538.3119429,,1000,,converged,7154343884eff94cae5f88cccbee9381ce7507eea526480ae5f7d11cb4d563b7,false
Ir111,OH,pbe_d3,OH_Ir111,,false,reference_unavailable,No converged relaxed references with matching functional/composition,,/pscratch/sd/j/jcho5/VASP/dft_jobs/OH_Ir111/singlepoint/PBE_D3,0,/pscratch/sd/j/jcho5/VASP/vasp_slab/Ir111/PBE_D3,,-580.94054199,-570.78304395,,1000,,converged,7154343884eff94cae5f88cccbee9381ce7507eea526480ae5f7d11cb4d563b7,false
Ir111,OH,r2scan,OH_Ir111,,false,reference_unavailable,No converged relaxed references with matching functional/composition,,/pscratch/sd/j/jcho5/VASP/dft_jobs/OH_Ir111/singlepoint/r2scan,0,/pscratch/sd/j/jcho5/VASP/vasp_slab/Ir111/r2scan,,-3331.84592663,-3320.68314209,,1000,,converged,7154343884eff94cae5f88cccbee9381ce7507eea526480ae5f7d11cb4d563b7,false
Ir111,OH,beef_vdw,OH_Ir111,,false,reference_unavailable,No converged relaxed references with matching functional/composition,,/pscratch/sd/j/jcho5/VASP/dft_jobs/OH_Ir111/singlepoint/beef_vdw,0,/pscratch/sd/j/jcho5/VASP/vasp_slab/Ir111/beef_vdw,,-348.00134969,-339.48696992,,1000,,converged,7154343884eff94cae5f88cccbee9381ce7507eea526480ae5f7d11cb4d563b7,false
Pt111,OH,pbe,OH_Pt111_top,top,false,reference_unavailable,No converged relaxed references with matching functional/composition,,/pscratch/sd/j/jcho5/VASP/dft_jobs/OH_Pt111_top/singlepoint/PBE,0,/pscratch/sd/j/jcho5/VASP/completion_runs/matched_potential_slabs_20260915/slab/Pt111_ac28ddddd3/pbe,,-218.47695826,-208.69592324,,500,,converged,576755d8fc2044ad4df913b2026256e8ebcb4dcfa2b67d595c2c7a7abb690111,false
Pt111,OH,pbe_d3,OH_Pt111_top,top,false,reference_unavailable,No converged relaxed references with matching functional/composition,,/pscratch/sd/j/jcho5/VASP/dft_jobs/OH_Pt111_top/singlepoint/PBE_D3,0,/pscratch/sd/j/jcho5/VASP/completion_runs/matched_potential_slabs_20260915/slab/Pt111_c3286ec1f4/pbe_d3,,-238.47712642,-228.59676698,,500,,converged,576755d8fc2044ad4df913b2026256e8ebcb4dcfa2b67d595c2c7a7abb690111,false
Pt111,OH,r2scan,OH_Pt111_top,top,false,reference_unavailable,No converged relaxed references with matching functional/composition,,/pscratch/sd/j/jcho5/VASP/dft_jobs/OH_Pt111_top/singlepoint/r2scan,0,,,-1852.68647089,,,,,converged,576755d8fc2044ad4df913b2026256e8ebcb4dcfa2b67d595c2c7a7abb690111,false
Pt111,OH,beef_vdw,OH_Pt111_top,top,false,reference_unavailable,No converged relaxed references with matching functional/composition,,/pscratch/sd/j/jcho5/VASP/dft_jobs/OH_Pt111_top/singlepoint/beef_vdw,0,,,-106.43510669,,,,,converged,576755d8fc2044ad4df913b2026256e8ebcb4dcfa2b67d595c2c7a7abb690111,false
Rh100,OH,pbe,OH_Rh100,,false,complex_unconverged,electronic_unconverged,,/pscratch/sd/j/jcho5/VASP/dft_jobs/OH_Rh100/singlepoint/PBE,0,/pscratch/sd/j/jcho5/VASP/vasp_slab/Rh100/PBE,,-252.52768161,-242.27634007,,1000,,electronic_unconverged,240d0573bbabe642a498627007094a55e0173cf3e86c257657020b07bef098a0,false
Rh100,OH,pbe_d3,OH_Rh100,,false,complex_unconverged,electronic_unconverged,,/pscratch/sd/j/jcho5/VASP/dft_jobs/OH_Rh100/singlepoint/PBE_D3,0,/pscratch/sd/j/jcho5/VASP/vasp_slab/Rh100/PBE_D3,,-266.46541775,-256.07544059,,1000,,electronic_unconverged,240d0573bbabe642a498627007094a55e0173cf3e86c257657020b07bef098a0,false
Rh100,OH,r2scan,OH_Rh100,,false,reference_unavailable,No converged relaxed references with matching functional/composition,,/pscratch/sd/j/jcho5/VASP/dft_jobs/OH_Rh100/singlepoint/r2scan,0,/pscratch/sd/j/jcho5/VASP/completion_runs/matched_potential_slabs_20260915/slab/Rh100_84c2195556/r2scan,,-859.99242484,-848.37766508,,500,,converged,240d0573bbabe642a498627007094a55e0173cf3e86c257657020b07bef098a0,false
Rh100,OH,beef_vdw,OH_Rh100,,false,complex_unconverged,electronic_unconverged,,/pscratch/sd/j/jcho5/VASP/dft_jobs/OH_Rh100/singlepoint/beef_vdw,0,/pscratch/sd/j/jcho5/VASP/completion_runs/matched_potential_slabs_20260915/slab/Rh100_b2891dc541/beef_vdw,,-138.95059428,-130.4934363,,500,,electronic_unconverged,240d0573bbabe642a498627007094a55e0173cf3e86c257657020b07bef098a0,false
Rh110,OH,pbe,OH_Rh110,,false,reference_unavailable,No converged relaxed references with matching functional/composition,,/pscratch/sd/j/jcho5/VASP/dft_jobs/OH_Rh110/singlepoint/PBE,0,/pscratch/sd/j/jcho5/VASP/vasp_slab/Rh110/PBE,,-164.0317338,-153.0579593,,1000,,converged,0f54d989bf13fb0027abecb145c5714afc3c28839456955e14f82a74c38c3eb6,false
Rh110,OH,pbe_d3,OH_Rh110,,false,reference_unavailable,No converged relaxed references with matching functional/composition,,/pscratch/sd/j/jcho5/VASP/dft_jobs/OH_Rh110/singlepoint/PBE_D3,0,/pscratch/sd/j/jcho5/VASP/vasp_slab/Rh110/PBE_D3,,-171.61333298,-160.48819907,,1000,,converged,0f54d989bf13fb0027abecb145c5714afc3c28839456955e14f82a74c38c3eb6,false
Rh110,OH,r2scan,OH_Rh110,,false,reference_unavailable,No converged relaxed references with matching functional/composition,,/pscratch/sd/j/jcho5/VASP/dft_jobs/OH_Rh110/singlepoint/r2scan,0,/pscratch/sd/j/jcho5/VASP/completion_runs/matched_potential_slabs_20260915/slab/Rh110_43367cbc6c/r2scan,,-570.0754182,-558.32899056,,500,,converged,0f54d989bf13fb0027abecb145c5714afc3c28839456955e14f82a74c38c3eb6,false
Rh110,OH,beef_vdw,OH_Rh110,,false,reference_unavailable,No converged relaxed references with matching functional/composition,,/pscratch/sd/j/jcho5/VASP/dft_jobs/OH_Rh110/singlepoint/beef_vdw,0,/pscratch/sd/j/jcho5/VASP/completion_runs/matched_potential_slabs_20260915/slab/Rh110_a6be9fa2b9/beef_vdw,,-87.64660324,-78.69248876,,500,,converged,0f54d989bf13fb0027abecb145c5714afc3c28839456955e14f82a74c38c3eb6,false
Rh111,OH,pbe,OH_Rh111,,false,reference_unavailable,No converged relaxed references with matching functional/composition,,/pscratch/sd/j/jcho5/VASP/dft_jobs/OH_Rh111/singlepoint/PBE,0,/pscratch/sd/j/jcho5/VASP/vasp_slab/Rh111/PBE,,-450.03954935,-439.14994289,,1000,,converged,e3802740dfcbd949da61cedc1a4c6a77d3644e46979b5acc531182f8d5f2385b,false
Rh111,OH,pbe_d3,OH_Rh111,,false,reference_unavailable,No converged relaxed references with matching functional/composition,,/pscratch/sd/j/jcho5/VASP/dft_jobs/OH_Rh111/singlepoint/PBE_D3,0,/pscratch/sd/j/jcho5/VASP/vasp_slab/Rh111/PBE_D3,,-476.10426671,-465.26142053,,1000,,converged,e3802740dfcbd949da61cedc1a4c6a77d3644e46979b5acc531182f8d5f2385b,false
Rh111,OH,r2scan,OH_Rh111,,false,reference_unavailable,No converged relaxed references with matching functional/composition,,/pscratch/sd/j/jcho5/VASP/dft_jobs/OH_Rh111/singlepoint/r2scan,0,/pscratch/sd/j/jcho5/VASP/vasp_slab/Rh111/r2scan,,-1528.93428822,-1516.88991315,,1000,,converged,e3802740dfcbd949da61cedc1a4c6a77d3644e46979b5acc531182f8d5f2385b,false
Rh111,OH,beef_vdw,OH_Rh111,,false,reference_unavailable,No converged relaxed references with matching functional/composition,,/pscratch/sd/j/jcho5/VASP/dft_jobs/OH_Rh111/singlepoint/beef_vdw,0,/pscratch/sd/j/jcho5/VASP/completion_runs/matched_potential_slabs_20260915/slab/Rh111_f89b45c425/beef_vdw,,-248.26471283,-239.6848005,,500,,converged,e3802740dfcbd949da61cedc1a4c6a77d3644e46979b5acc531182f8d5f2385b,false
Ag100,O,pbe,O_Ag100,,false,reference_unavailable,No converged relaxed references with matching functional/composition,,/pscratch/sd/j/jcho5/VASP/dft_jobs/O_Ag100/singlepoint/PBE,0,/pscratch/sd/j/jcho5/VASP/vasp_slab/Ag100/PBE,,-96.88090594,-90.12407184,,1000,,converged,48ce4b96bf3f85111035073b39964c4e26dabd013fe4e8251e1f5a0bd7777b4d,false
Ag100,O,pbe_d3,O_Ag100,,false,reference_unavailable,No converged relaxed references with matching functional/composition,,/pscratch/sd/j/jcho5/VASP/dft_jobs/O_Ag100/singlepoint/PBE_D3,0,/pscratch/sd/j/jcho5/VASP/vasp_slab/Ag100/PBE_D3,,-109.18979499,-102.4003605,,1000,,converged,48ce4b96bf3f85111035073b39964c4e26dabd013fe4e8251e1f5a0bd7777b4d,false
Ag100,O,r2scan,O_Ag100,,false,reference_unavailable,No converged relaxed references with matching functional/composition,,/pscratch/sd/j/jcho5/VASP/dft_jobs/O_Ag100/singlepoint/r2scan,0,/pscratch/sd/j/jcho5/VASP/vasp_slab/Ag100/r2scan,,-767.41935709,-759.06403021,,1000,,converged,48ce4b96bf3f85111035073b39964c4e26dabd013fe4e8251e1f5a0bd7777b4d,false
Ag100,O,beef_vdw,O_Ag100,,false,reference_unavailable,No converged relaxed references with matching functional/composition,,/pscratch/sd/j/jcho5/VASP/dft_jobs/O_Ag100/singlepoint/beef_vdw,0,/pscratch/sd/j/jcho5/VASP/vasp_slab/Ag100/beef_vdw,,28.94293823,58.04168493,,1000,,converged,48ce4b96bf3f85111035073b39964c4e26dabd013fe4e8251e1f5a0bd7777b4d,false
Ag110,O,pbe,O_Ag110,,false,reference_unavailable,No converged relaxed references with matching functional/composition,,/pscratch/sd/j/jcho5/VASP/dft_jobs/O_Ag110/singlepoint/PBE,0,/pscratch/sd/j/jcho5/VASP/vasp_slab/Ag110/PBE,,-62.8194866,-57.34530434,,1000,,converged,49eb18c300550f7ba81d120bb3634adaaa1c55d3c65c4759e3a3da6eca577abc,false
Ag110,O,pbe_d3,O_Ag110,,false,reference_unavailable,No converged relaxed references with matching functional/composition,,/pscratch/sd/j/jcho5/VASP/dft_jobs/O_Ag110/singlepoint/PBE_D3,0,/pscratch/sd/j/jcho5/VASP/vasp_slab/Ag110/PBE_D3,,-69.65823708,-64.0841207,,1000,,converged,49eb18c300550f7ba81d120bb3634adaaa1c55d3c65c4759e3a3da6eca577abc,false
Ag110,O,r2scan,O_Ag110,,false,reference_unavailable,No converged relaxed references with matching functional/composition,,/pscratch/sd/j/jcho5/VASP/dft_jobs/O_Ag110/singlepoint/r2scan,0,/pscratch/sd/j/jcho5/VASP/vasp_slab/Ag110/r2scan,,-509.52116337,-502.68023804,,1000,,converged,49eb18c300550f7ba81d120bb3634adaaa1c55d3c65c4759e3a3da6eca577abc,false
Ag110,O,beef_vdw,O_Ag110,,false,reference_unavailable,No converged relaxed references with matching functional/composition,,/pscratch/sd/j/jcho5/VASP/dft_jobs/O_Ag110/singlepoint/beef_vdw,0,/pscratch/sd/j/jcho5/VASP/vasp_slab/Ag110/beef_vdw,,21.97836188,41.61140369,,1000,,converged,49eb18c300550f7ba81d120bb3634adaaa1c55d3c65c4759e3a3da6eca577abc,false
Ag111,O,pbe,O_Ag111,,false,reference_unavailable,No converged relaxed references with matching functional/composition,,/pscratch/sd/j/jcho5/VASP/dft_jobs/O_Ag111/singlepoint/PBE,0,/pscratch/sd/j/jcho5/VASP/completion_runs/matched_potential_slabs_20260915/slab/Ag111_61964c781c/pbe,,-97.42947265,-92.25124769,,500,,converged,53b3e3e06d0a8a594586580a70e480b3a79f4a3dfdd3fe52ca4b63e344ad0a43,false
Ag111,O,pbe_d3,O_Ag111,,false,reference_unavailable,No converged relaxed references with matching functional/composition,,/pscratch/sd/j/jcho5/VASP/dft_jobs/O_Ag111/singlepoint/PBE_D3,0,/pscratch/sd/j/jcho5/VASP/completion_runs/matched_potential_slabs_20260915/slab/Ag111_71d4cd48c4/pbe_d3,,-110.36168161,-105.22691834,,500,,converged,53b3e3e06d0a8a594586580a70e480b3a79f4a3dfdd3fe52ca4b63e344ad0a43,false
Ag111,O,r2scan,O_Ag111,,false,reference_unavailable,No converged relaxed references with matching functional/composition,,/pscratch/sd/j/jcho5/VASP/dft_jobs/O_Ag111/singlepoint/r2scan,0,/pscratch/sd/j/jcho5/VASP/completion_runs/matched_potential_slabs_20260915/slab/Ag111_f9365ca685/r2scan,,-768.28392641,-762.04705161,,500,,converged,53b3e3e06d0a8a594586580a70e480b3a79f4a3dfdd3fe52ca4b63e344ad0a43,false
Ag111,O,beef_vdw,O_Ag111,,false,reference_unavailable,No converged relaxed references with matching functional/composition,,/pscratch/sd/j/jcho5/VASP/dft_jobs/O_Ag111/singlepoint/beef_vdw,0,/pscratch/sd/j/jcho5/VASP/completion_runs/matched_potential_slabs_20260915/slab/Ag111_35207ad13f/beef_vdw,,28.5721061,31.99373684,,500,,converged,53b3e3e06d0a8a594586580a70e480b3a79f4a3dfdd3fe52ca4b63e344ad0a43,false
Au100,O,pbe,O_Au100,,false,reference_unavailable,No converged relaxed references with matching functional/composition,,/pscratch/sd/j/jcho5/VASP/dft_jobs/O_Au100/singlepoint/PBE,0,/pscratch/sd/j/jcho5/VASP/vasp_slab/Au100/PBE,,-113.1289625,-108.11108078,,1000,,converged,1f3309032c7083a5c48d81c2426fd8d88c312c448aa5087c212275c95b8d2929,false
Au100,O,pbe_d3,O_Au100,,false,reference_unavailable,No converged relaxed references with matching functional/composition,,/pscratch/sd/j/jcho5/VASP/dft_jobs/O_Au100/singlepoint/PBE_D3,0,/pscratch/sd/j/jcho5/VASP/vasp_slab/Au100/PBE_D3,,-130.21044219,-125.13314995,,1000,,converged,1f3309032c7083a5c48d81c2426fd8d88c312c448aa5087c212275c95b8d2929,false
Au100,O,r2scan,O_Au100,,false,reference_unavailable,No converged relaxed references with matching functional/composition,,/pscratch/sd/j/jcho5/VASP/dft_jobs/O_Au100/singlepoint/r2scan,0,/pscratch/sd/j/jcho5/VASP/vasp_slab/Au100/r2scan,,-1818.08515386,-1812.10460465,,1000,,converged,1f3309032c7083a5c48d81c2426fd8d88c312c448aa5087c212275c95b8d2929,false
Au100,O,beef_vdw,O_Au100,,false,reference_unavailable,No converged relaxed references with matching functional/composition,,/pscratch/sd/j/jcho5/VASP/dft_jobs/O_Au100/singlepoint/beef_vdw,0,/pscratch/sd/j/jcho5/VASP/vasp_slab/Au100/beef_vdw,,-0.45681943,2.61952143,,1000,,converged,1f3309032c7083a5c48d81c2426fd8d88c312c448aa5087c212275c95b8d2929,false
Au110,O,pbe,O_Au110,,false,reference_unavailable,No converged relaxed references with matching functional/composition,,/pscratch/sd/j/jcho5/VASP/dft_jobs/O_Au110/singlepoint/PBE,0,/pscratch/sd/j/jcho5/VASP/vasp_slab/Au110/PBE,,-74.63459203,-69.78140854,,1000,,converged,1e16b987b16506cd2a92f74530aa4d46e4b0ef835e28f84de31771a6d761f120,false
Au110,O,pbe_d3,O_Au110,,false,reference_unavailable,No converged relaxed references with matching functional/composition,,/pscratch/sd/j/jcho5/VASP/dft_jobs/O_Au110/singlepoint/PBE_D3,0,/pscratch/sd/j/jcho5/VASP/vasp_slab/Au110/PBE_D3,,-84.14225954,-79.18212693,,1000,,converged,1e16b987b16506cd2a92f74530aa4d46e4b0ef835e28f84de31771a6d761f120,false
Au110,O,r2scan,O_Au110,,false,reference_unavailable,No converged relaxed references with matching functional/composition,,/pscratch/sd/j/jcho5/VASP/dft_jobs/O_Au110/singlepoint/r2scan,0,/pscratch/sd/j/jcho5/VASP/vasp_slab/Au110/r2scan,,-1210.9245161,-1205.07970007,,1000,,converged,1e16b987b16506cd2a92f74530aa4d46e4b0ef835e28f84de31771a6d761f120,false
Au110,O,beef_vdw,O_Au110,,false,reference_unavailable,No converged relaxed references with matching functional/composition,,/pscratch/sd/j/jcho5/VASP/dft_jobs/O_Au110/singlepoint/beef_vdw,0,/pscratch/sd/j/jcho5/VASP/vasp_slab/Au110/beef_vdw,,1.44410975,4.35535241,,1000,,converged,1e16b987b16506cd2a92f74530aa4d46e4b0ef835e28f84de31771a6d761f120,false
Au111,O,pbe,O_Au111,,false,reference_unavailable,No converged relaxed references with matching functional/composition,,/pscratch/sd/j/jcho5/VASP/dft_jobs/O_Au111/singlepoint/PBE,0,,,-115.074226,,,,,converged,100f13aab761d5a589218b930e3a960424c7814d35821d63881feba50f47132c,false
Au111,O,pbe_d3,O_Au111,,false,reference_unavailable,No converged relaxed references with matching functional/composition,,/pscratch/sd/j/jcho5/VASP/dft_jobs/O_Au111/singlepoint/PBE_D3,0,,,-132.81467772,,,,,converged,100f13aab761d5a589218b930e3a960424c7814d35821d63881feba50f47132c,false
Au111,O,r2scan,O_Au111,,false,reference_unavailable,No converged relaxed references with matching functional/composition,,/pscratch/sd/j/jcho5/VASP/dft_jobs/O_Au111/singlepoint/r2scan,0,,,-1820.40085269,,,,,converged,100f13aab761d5a589218b930e3a960424c7814d35821d63881feba50f47132c,false
Au111,O,beef_vdw,O_Au111,,false,reference_unavailable,No converged relaxed references with matching functional/composition,,/pscratch/sd/j/jcho5/VASP/dft_jobs/O_Au111/singlepoint/beef_vdw,0,,,-2.09479179,,,,,converged,100f13aab761d5a589218b930e3a960424c7814d35821d63881feba50f47132c,false
Ir100,O,pbe,O_Ir100,,false,reference_unavailable,No converged relaxed references with matching functional/composition,,/pscratch/sd/j/jcho5/VASP/dft_jobs/O_Ir100/singlepoint/PBE,0,/pscratch/sd/j/jcho5/VASP/vasp_slab/Ir100/PBE,,-300.68145855,-294.40101414,,1000,,converged,08d72699df9477804a3975ea0b75b1a61d51c6d34a36dc89566cd3ae28da9daa,false
Ir100,O,pbe_d3,O_Ir100,,false,reference_unavailable,No converged relaxed references with matching functional/composition,,/pscratch/sd/j/jcho5/VASP/dft_jobs/O_Ir100/singlepoint/PBE_D3,0,/pscratch/sd/j/jcho5/VASP/vasp_slab/Ir100/PBE_D3,,-317.99850033,-311.60244978,,1000,,converged,08d72699df9477804a3975ea0b75b1a61d51c6d34a36dc89566cd3ae28da9daa,false
Ir100,O,r2scan,O_Ir100,,false,reference_unavailable,No converged relaxed references with matching functional/composition,,/pscratch/sd/j/jcho5/VASP/dft_jobs/O_Ir100/singlepoint/r2scan,0,/pscratch/sd/j/jcho5/VASP/completion_runs/site_gapfill_20260914/slab/C2H4_Ir100/r2scan,,-1865.94917212,-1858.66548475,,1000,,converged,08d72699df9477804a3975ea0b75b1a61d51c6d34a36dc89566cd3ae28da9daa,false
Ir100,O,beef_vdw,O_Ir100,,false,reference_unavailable,No converged relaxed references with matching functional/composition,,/pscratch/sd/j/jcho5/VASP/dft_jobs/O_Ir100/singlepoint/beef_vdw,0,/pscratch/sd/j/jcho5/VASP/vasp_slab/Ir100/beef_vdw,,-187.43427735,-183.01756659,,1000,,converged,08d72699df9477804a3975ea0b75b1a61d51c6d34a36dc89566cd3ae28da9daa,false
Ir110,O,pbe,O_Ir110,,false,reference_unavailable,No converged relaxed references with matching functional/composition,,/pscratch/sd/j/jcho5/VASP/dft_jobs/O_Ir110/singlepoint/PBE,0,/pscratch/sd/j/jcho5/VASP/vasp_slab/Ir110/PBE,,-192.61868962,-185.79278571,,1000,,converged,aba2610016b64bb523d5596e117800f7a59976d879844eba4ffc9b52f3f0f1bf,false
Ir110,O,pbe_d3,O_Ir110,,false,reference_unavailable,No converged relaxed references with matching functional/composition,,/pscratch/sd/j/jcho5/VASP/dft_jobs/O_Ir110/singlepoint/PBE_D3,0,/pscratch/sd/j/jcho5/VASP/vasp_slab/Ir110/PBE_D3,,-202.03521022,-195.1382215,,1000,,converged,aba2610016b64bb523d5596e117800f7a59976d879844eba4ffc9b52f3f0f1bf,false
Ir110,O,r2scan,O_Ir110,,false,reference_unavailable,No converged relaxed references with matching functional/composition,,/pscratch/sd/j/jcho5/VASP/dft_jobs/O_Ir110/singlepoint/r2scan,0,/pscratch/sd/j/jcho5/VASP/vasp_slab/Ir110/r2scan,,-1236.27554191,-1228.67675167,,1000,,converged,aba2610016b64bb523d5596e117800f7a59976d879844eba4ffc9b52f3f0f1bf,false
Ir110,O,beef_vdw,O_Ir110,,false,reference_unavailable,No converged relaxed references with matching functional/composition,,/pscratch/sd/j/jcho5/VASP/dft_jobs/O_Ir110/singlepoint/beef_vdw,0,/pscratch/sd/j/jcho5/VASP/vasp_slab/Ir110/beef_vdw,,-116.28675147,-111.25249754,,1000,,converged,aba2610016b64bb523d5596e117800f7a59976d879844eba4ffc9b52f3f0f1bf,false
Ir111,O,pbe,O_Ir111,,false,reference_unavailable,No converged relaxed references with matching functional/composition,,/pscratch/sd/j/jcho5/VASP/dft_jobs/O_Ir111/singlepoint/PBE,0,/pscratch/sd/j/jcho5/VASP/vasp_slab/Ir111/PBE,,-543.70588996,-538.3119429,,1000,,converged,791ffee2018555ccc95fad33fa4c66af58cbd137a18b658c0c852833f6b3e226,false
Ir111,O,pbe_d3,O_Ir111,,false,reference_unavailable,No converged relaxed references with matching functional/composition,,/pscratch/sd/j/jcho5/VASP/dft_jobs/O_Ir111/singlepoint/PBE_D3,0,/pscratch/sd/j/jcho5/VASP/vasp_slab/Ir111/PBE_D3,,-576.03958473,-570.78304395,,1000,,converged,791ffee2018555ccc95fad33fa4c66af58cbd137a18b658c0c852833f6b3e226,false
Ir111,O,r2scan,O_Ir111,,false,reference_unavailable,No converged relaxed references with matching functional/composition,,/pscratch/sd/j/jcho5/VASP/dft_jobs/O_Ir111/singlepoint/r2scan,0,/pscratch/sd/j/jcho5/VASP/vasp_slab/Ir111/r2scan,,-3326.95317001,-3320.68314209,,1000,,converged,791ffee2018555ccc95fad33fa4c66af58cbd137a18b658c0c852833f6b3e226,false
Ir111,O,beef_vdw,O_Ir111,,false,reference_unavailable,No converged relaxed references with matching functional/composition,,/pscratch/sd/j/jcho5/VASP/dft_jobs/O_Ir111/singlepoint/beef_vdw,0,/pscratch/sd/j/jcho5/VASP/vasp_slab/Ir111/beef_vdw,,-343.18449686,-339.48696992,,1000,,converged,791ffee2018555ccc95fad33fa4c66af58cbd137a18b658c0c852833f6b3e226,false
Pt111,O,pbe,O_Pt111_fcc,fcc,false,reference_unavailable,No converged relaxed references with matching functional/composition,,/pscratch/sd/j/jcho5/VASP/dft_jobs/O_Pt111_fcc/singlepoint/PBE,0,/pscratch/sd/j/jcho5/VASP/completion_runs/matched_potential_slabs_20260915/slab/Pt111_ac28ddddd3/pbe,,-213.30094983,-208.69592324,,500,,converged,3f06d7f162bed90e91656d3c62b17490d2f568a513e1716a5d5d04cebf9cc4f9,false
Pt111,O,pbe_d3,O_Pt111_fcc,fcc,false,reference_unavailable,No converged relaxed references with matching functional/composition,,/pscratch/sd/j/jcho5/VASP/dft_jobs/O_Pt111_fcc/singlepoint/PBE_D3,0,/pscratch/sd/j/jcho5/VASP/completion_runs/matched_potential_slabs_20260915/slab/Pt111_c3286ec1f4/pbe_d3,,-233.23124189,-228.59676698,,500,,converged,3f06d7f162bed90e91656d3c62b17490d2f568a513e1716a5d5d04cebf9cc4f9,false
Pt111,O,r2scan,O_Pt111_fcc,fcc,false,reference_unavailable,No converged relaxed references with matching functional/composition,,/pscratch/sd/j/jcho5/VASP/dft_jobs/O_Pt111_fcc/singlepoint/r2scan,0,,,-1847.45553299,,,,,converged,3f06d7f162bed90e91656d3c62b17490d2f568a513e1716a5d5d04cebf9cc4f9,false
Pt111,O,beef_vdw,O_Pt111_fcc,fcc,false,reference_unavailable,No converged relaxed references with matching functional/composition,,/pscratch/sd/j/jcho5/VASP/dft_jobs/O_Pt111_fcc/singlepoint/beef_vdw,0,,,-101.39022524,,,,,converged,3f06d7f162bed90e91656d3c62b17490d2f568a513e1716a5d5d04cebf9cc4f9,false
Rh100,O,pbe,O_Rh100,,false,reference_unavailable,No converged relaxed references with matching functional/composition,,/pscratch/sd/j/jcho5/VASP/dft_jobs/O_Rh100/singlepoint/PBE,0,/pscratch/sd/j/jcho5/VASP/vasp_slab/Rh100/PBE,,-248.5054304,-242.27634007,,1000,,converged,bccc3ccf3239096f2171371922fee81c9ee29f92448a6d9a5ed720f678b80ca6,false
Rh100,O,pbe_d3,O_Rh100,,false,reference_unavailable,No converged relaxed references with matching functional/composition,,/pscratch/sd/j/jcho5/VASP/dft_jobs/O_Rh100/singlepoint/PBE_D3,0,/pscratch/sd/j/jcho5/VASP/vasp_slab/Rh100/PBE_D3,,-262.40693302,-256.07544059,,1000,,converged,bccc3ccf3239096f2171371922fee81c9ee29f92448a6d9a5ed720f678b80ca6,false
Rh100,O,r2scan,O_Rh100,,false,reference_unavailable,No converged relaxed references with matching functional/composition,,/pscratch/sd/j/jcho5/VASP/dft_jobs/O_Rh100/singlepoint/r2scan,0,/pscratch/sd/j/jcho5/VASP/completion_runs/matched_potential_slabs_20260915/slab/Rh100_84c2195556/r2scan,,-855.3141769,-848.37766508,,500,,converged,bccc3ccf3239096f2171371922fee81c9ee29f92448a6d9a5ed720f678b80ca6,false
Rh100,O,beef_vdw,O_Rh100,,false,complex_unconverged,electronic_unconverged,,/pscratch/sd/j/jcho5/VASP/dft_jobs/O_Rh100/singlepoint/beef_vdw,0,/pscratch/sd/j/jcho5/VASP/completion_runs/matched_potential_slabs_20260915/slab/Rh100_b2891dc541/beef_vdw,,-134.49801816,-130.4934363,,500,,electronic_unconverged,bccc3ccf3239096f2171371922fee81c9ee29f92448a6d9a5ed720f678b80ca6,false
Rh110,O,pbe,O_Rh110,,false,reference_unavailable,No converged relaxed references with matching functional/composition,,/pscratch/sd/j/jcho5/VASP/dft_jobs/O_Rh110/singlepoint/PBE,0,/pscratch/sd/j/jcho5/VASP/vasp_slab/Rh110/PBE,,-159.58408677,-153.0579593,,1000,,converged,0875d09c195b126e92877ff3ff24fdeeb85957b9c7b783340963a1a2d75f9acc,false
Rh110,O,pbe_d3,O_Rh110,,false,reference_unavailable,No converged relaxed references with matching functional/composition,,/pscratch/sd/j/jcho5/VASP/dft_jobs/O_Rh110/singlepoint/PBE_D3,0,/pscratch/sd/j/jcho5/VASP/vasp_slab/Rh110/PBE_D3,,-167.12838336,-160.48819907,,1000,,converged,0875d09c195b126e92877ff3ff24fdeeb85957b9c7b783340963a1a2d75f9acc,false
Rh110,O,r2scan,O_Rh110,,false,reference_unavailable,No converged relaxed references with matching functional/composition,,/pscratch/sd/j/jcho5/VASP/dft_jobs/O_Rh110/singlepoint/r2scan,0,/pscratch/sd/j/jcho5/VASP/completion_runs/matched_potential_slabs_20260915/slab/Rh110_43367cbc6c/r2scan,,-565.49062468,-558.32899056,,500,,converged,0875d09c195b126e92877ff3ff24fdeeb85957b9c7b783340963a1a2d75f9acc,false
Rh110,O,beef_vdw,O_Rh110,,false,reference_unavailable,No converged relaxed references with matching functional/composition,,/pscratch/sd/j/jcho5/VASP/dft_jobs/O_Rh110/singlepoint/beef_vdw,0,/pscratch/sd/j/jcho5/VASP/completion_runs/matched_potential_slabs_20260915/slab/Rh110_a6be9fa2b9/beef_vdw,,-83.11914873,-78.69248876,,500,,converged,0875d09c195b126e92877ff3ff24fdeeb85957b9c7b783340963a1a2d75f9acc,false
Rh111,O,pbe,O_Rh111,,false,reference_unavailable,No converged relaxed references with matching functional/composition,,/pscratch/sd/j/jcho5/VASP/dft_jobs/O_Rh111/singlepoint/PBE,0,/pscratch/sd/j/jcho5/VASP/vasp_slab/Rh111/PBE,,-445.30668874,-439.14994289,,1000,,converged,4c30341200b3ac6a99ed71b680448bc6b018f30ee9b28ccf93afe71a6d128d71,false
Rh111,O,pbe_d3,O_Rh111,,false,reference_unavailable,No converged relaxed references with matching functional/composition,,/pscratch/sd/j/jcho5/VASP/dft_jobs/O_Rh111/singlepoint/PBE_D3,0,/pscratch/sd/j/jcho5/VASP/vasp_slab/Rh111/PBE_D3,,-471.28145825,-465.26142053,,1000,,converged,4c30341200b3ac6a99ed71b680448bc6b018f30ee9b28ccf93afe71a6d128d71,false
Rh111,O,r2scan,O_Rh111,,false,complex_unconverged,electronic_unconverged,,/pscratch/sd/j/jcho5/VASP/dft_jobs/O_Rh111/singlepoint/r2scan,0,/pscratch/sd/j/jcho5/VASP/vasp_slab/Rh111/r2scan,,-1524.1088758,-1516.88991315,,1000,,electronic_unconverged,4c30341200b3ac6a99ed71b680448bc6b018f30ee9b28ccf93afe71a6d128d71,false
Rh111,O,beef_vdw,O_Rh111,,false,reference_unavailable,No converged relaxed references with matching functional/composition,,/pscratch/sd/j/jcho5/VASP/dft_jobs/O_Rh111/singlepoint/beef_vdw,0,/pscratch/sd/j/jcho5/VASP/completion_runs/matched_potential_slabs_20260915/slab/Rh111_f89b45c425/beef_vdw,,-243.47123848,-239.6848005,,500,,converged,4c30341200b3ac6a99ed71b680448bc6b018f30ee9b28ccf93afe71a6d128d71,false
Ag100,SO2,pbe,SO2_Ag100,,false,potential_mismatch,Complex and reference PAW potential identities differ or are missing; energy retained only as diagnostic,-1.28013458,/pscratch/sd/j/jcho5/VASP/dft_jobs/SO2_Ag100/singlepoint/PBE,0,/pscratch/sd/j/jcho5/VASP/vasp_slab/Ag100/PBE,/pscratch/sd/j/jcho5/VASP/vasp_mol/SO2/PBE,-108.44565437,-90.12407184,-17.04144795,1000,500,converged,8a7b29fe429edcb94462bdacaad582da04f920f9754a27c51cd6e36b6325d9be,false
Ag100,SO2,pbe_d3,SO2_Ag100,,false,potential_mismatch,Complex and reference PAW potential identities differ or are missing; energy retained only as diagnostic,-1.655818,/pscratch/sd/j/jcho5/VASP/dft_jobs/SO2_Ag100/singlepoint/PBE_D3,0,/pscratch/sd/j/jcho5/VASP/vasp_slab/Ag100/PBE_D3,/pscratch/sd/j/jcho5/VASP/vasp_mol/SO2/PBE_D3,-121.10127014,-102.4003605,-17.04509164,1000,500,converged,8a7b29fe429edcb94462bdacaad582da04f920f9754a27c51cd6e36b6325d9be,false
Ag100,SO2,r2scan,SO2_Ag100,,false,potential_mismatch,Complex and reference PAW potential identities differ or are missing; energy retained only as diagnostic,-2.00714353,/pscratch/sd/j/jcho5/VASP/dft_jobs/SO2_Ag100/singlepoint/r2scan,0,/pscratch/sd/j/jcho5/VASP/vasp_slab/Ag100/r2scan,/pscratch/sd/j/jcho5/VASP/vasp_mol/SO2/r2scan,-783.93174271,-759.06403021,-22.86056897,1000,500,converged,8a7b29fe429edcb94462bdacaad582da04f920f9754a27c51cd6e36b6325d9be,false
Ag100,SO2,beef_vdw,SO2_Ag100,,false,potential_mismatch,Complex and reference PAW potential identities differ or are missing; energy retained only as diagnostic,-25.64173573,/pscratch/sd/j/jcho5/VASP/dft_jobs/SO2_Ag100/singlepoint/beef_vdw,0,/pscratch/sd/j/jcho5/VASP/vasp_slab/Ag100/beef_vdw,/pscratch/sd/j/jcho5/VASP/vasp_mol/SO2/beef_vdw,20.72908914,58.04168493,-11.67086006,1000,500,converged,8a7b29fe429edcb94462bdacaad582da04f920f9754a27c51cd6e36b6325d9be,false
Ag110,SO2,pbe,SO2_Ag110,,false,potential_mismatch,Complex and reference PAW potential identities differ or are missing; energy retained only as diagnostic,-0.92412794,/pscratch/sd/j/jcho5/VASP/dft_jobs/SO2_Ag110/singlepoint/PBE,0,/pscratch/sd/j/jcho5/VASP/vasp_slab/Ag110/PBE,/pscratch/sd/j/jcho5/VASP/vasp_mol/SO2/PBE,-75.31088023,-57.34530434,-17.04144795,1000,500,converged,59f8ff7da29616dc41416b7076d56c1e153483860abff1e7a0c8f0643e06c0ce,false
Ag110,SO2,pbe_d3,SO2_Ag110,,false,potential_mismatch,Complex and reference PAW potential identities differ or are missing; energy retained only as diagnostic,-1.38645461,/pscratch/sd/j/jcho5/VASP/dft_jobs/SO2_Ag110/singlepoint/PBE_D3,0,/pscratch/sd/j/jcho5/VASP/vasp_slab/Ag110/PBE_D3,/pscratch/sd/j/jcho5/VASP/vasp_mol/SO2/PBE_D3,-82.51566695,-64.0841207,-17.04509164,1000,500,converged,59f8ff7da29616dc41416b7076d56c1e153483860abff1e7a0c8f0643e06c0ce,false
Ag110,SO2,r2scan,SO2_Ag110,,false,potential_mismatch,Complex and reference PAW potential identities differ or are missing; energy retained only as diagnostic,-1.59941582,/pscratch/sd/j/jcho5/VASP/dft_jobs/SO2_Ag110/singlepoint/r2scan,0,/pscratch/sd/j/jcho5/VASP/vasp_slab/Ag110/r2scan,/pscratch/sd/j/jcho5/VASP/vasp_mol/SO2/r2scan,-527.14022283,-502.68023804,-22.86056897,1000,500,converged,59f8ff7da29616dc41416b7076d56c1e153483860abff1e7a0c8f0643e06c0ce,false
Ag110,SO2,beef_vdw,SO2_Ag110,,false,potential_mismatch,Complex and reference PAW potential identities differ or are missing; energy retained only as diagnostic,-17.16170797,/pscratch/sd/j/jcho5/VASP/dft_jobs/SO2_Ag110/singlepoint/beef_vdw,0,/pscratch/sd/j/jcho5/VASP/vasp_slab/Ag110/beef_vdw,/pscratch/sd/j/jcho5/VASP/vasp_mol/SO2/beef_vdw,12.77883566,41.61140369,-11.67086006,1000,500,converged,59f8ff7da29616dc41416b7076d56c1e153483860abff1e7a0c8f0643e06c0ce,false
Ag111,SO2,pbe,SO2_Ag111,,false,ok,NSW=0 complex; converged relaxed references; matching composition,-0.00361,/pscratch/sd/j/jcho5/VASP/dft_jobs/SO2_Ag111/singlepoint/PBE,0,/pscratch/sd/j/jcho5/VASP/completion_runs/matched_potential_slabs_20260915/slab/Ag111_61964c781c/pbe,/pscratch/sd/j/jcho5/VASP/vasp_mol/SO2/PBE,-109.29630564,-92.25124769,-17.04144795,500,500,converged,102e6430882dc1f1c72b73b36db22982f4d28b12bfd4498d259d1e08a0d5f0a2,true
Ag111,SO2,pbe_d3,SO2_Ag111,,false,ok,NSW=0 complex; converged relaxed references; matching composition,-0.27178303,/pscratch/sd/j/jcho5/VASP/dft_jobs/SO2_Ag111/singlepoint/PBE_D3,0,/pscratch/sd/j/jcho5/VASP/completion_runs/matched_potential_slabs_20260915/slab/Ag111_71d4cd48c4/pbe_d3,/pscratch/sd/j/jcho5/VASP/vasp_mol/SO2/PBE_D3,-122.54379301,-105.22691834,-17.04509164,500,500,converged,102e6430882dc1f1c72b73b36db22982f4d28b12bfd4498d259d1e08a0d5f0a2,true
Ag111,SO2,r2scan,SO2_Ag111,,false,ok,NSW=0 complex; converged relaxed references; matching composition,-0.07029532,/pscratch/sd/j/jcho5/VASP/dft_jobs/SO2_Ag111/singlepoint/r2scan,0,/pscratch/sd/j/jcho5/VASP/completion_runs/matched_potential_slabs_20260915/slab/Ag111_f9365ca685/r2scan,/pscratch/sd/j/jcho5/VASP/vasp_mol/SO2/r2scan,-784.9779159,-762.04705161,-22.86056897,500,500,converged,102e6430882dc1f1c72b73b36db22982f4d28b12bfd4498d259d1e08a0d5f0a2,true
Ag111,SO2,beef_vdw,SO2_Ag111,,false,ok,NSW=0 complex; converged relaxed references; matching composition,-0.36310415,/pscratch/sd/j/jcho5/VASP/dft_jobs/SO2_Ag111/singlepoint/beef_vdw,0,/pscratch/sd/j/jcho5/VASP/completion_runs/matched_potential_slabs_20260915/slab/Ag111_35207ad13f/beef_vdw,/pscratch/sd/j/jcho5/VASP/vasp_mol/SO2/beef_vdw,19.95977263,31.99373684,-11.67086006,500,500,converged,102e6430882dc1f1c72b73b36db22982f4d28b12bfd4498d259d1e08a0d5f0a2,true
Au100,SO2,pbe,SO2_Au100,,false,reference_unavailable,No converged relaxed references with matching functional/composition,,/pscratch/sd/j/jcho5/VASP/dft_jobs/SO2_Au100/singlepoint/PBE,0,,/pscratch/sd/j/jcho5/VASP/vasp_mol/SO2/PBE,-208.96646041,,-17.04144795,,500,converged,b9128b78d23943aeb36943d6b72bad517937417d6abe1c10cd04542c5eb650bd,false
Au100,SO2,pbe_d3,SO2_Au100,,false,reference_unavailable,No converged relaxed references with matching functional/composition,,/pscratch/sd/j/jcho5/VASP/dft_jobs/SO2_Au100/singlepoint/PBE_D3,0,,/pscratch/sd/j/jcho5/VASP/vasp_mol/SO2/PBE_D3,-239.500965,,-17.04509164,,500,converged,b9128b78d23943aeb36943d6b72bad517937417d6abe1c10cd04542c5eb650bd,false
Au100,SO2,r2scan,SO2_Au100,,false,reference_unavailable,No converged relaxed references with matching functional/composition,,/pscratch/sd/j/jcho5/VASP/dft_jobs/SO2_Au100/singlepoint/r2scan,0,,/pscratch/sd/j/jcho5/VASP/vasp_mol/SO2/r2scan,-3243.98303729,,-22.86056897,,500,converged,b9128b78d23943aeb36943d6b72bad517937417d6abe1c10cd04542c5eb650bd,false
Au100,SO2,beef_vdw,SO2_Au100,,false,reference_unavailable,No converged relaxed references with matching functional/composition,,/pscratch/sd/j/jcho5/VASP/dft_jobs/SO2_Au100/singlepoint/beef_vdw,0,,/pscratch/sd/j/jcho5/VASP/vasp_mol/SO2/beef_vdw,-6.78219342,,-11.67086006,,500,converged,b9128b78d23943aeb36943d6b72bad517937417d6abe1c10cd04542c5eb650bd,false
Au110,SO2,pbe,SO2_Au110,,false,reference_unavailable,No converged relaxed references with matching functional/composition,,/pscratch/sd/j/jcho5/VASP/dft_jobs/SO2_Au110/singlepoint/PBE,0,,/pscratch/sd/j/jcho5/VASP/vasp_mol/SO2/PBE,-201.56950893,,-17.04144795,,500,converged,80c13314ec2122d5c5757ff293299fbd6e3691c4e333be726d0e94f5c1baa594,false
Au110,SO2,pbe_d3,SO2_Au110,,false,reference_unavailable,No converged relaxed references with matching functional/composition,,/pscratch/sd/j/jcho5/VASP/dft_jobs/SO2_Au110/singlepoint/PBE_D3,0,,/pscratch/sd/j/jcho5/VASP/vasp_mol/SO2/PBE_D3,-227.08696062,,-17.04509164,,500,converged,80c13314ec2122d5c5757ff293299fbd6e3691c4e333be726d0e94f5c1baa594,false
Au110,SO2,r2scan,SO2_Au110,,false,reference_unavailable,No converged relaxed references with matching functional/composition,,/pscratch/sd/j/jcho5/VASP/dft_jobs/SO2_Au110/singlepoint/r2scan,0,,/pscratch/sd/j/jcho5/VASP/vasp_mol/SO2/r2scan,-3235.06149727,,-22.86056897,,500,converged,80c13314ec2122d5c5757ff293299fbd6e3691c4e333be726d0e94f5c1baa594,false
Au110,SO2,beef_vdw,SO2_Au110,,false,reference_unavailable,No converged relaxed references with matching functional/composition,,/pscratch/sd/j/jcho5/VASP/dft_jobs/SO2_Au110/singlepoint/beef_vdw,0,,/pscratch/sd/j/jcho5/VASP/vasp_mol/SO2/beef_vdw,1.1376602,,-11.67086006,,500,converged,80c13314ec2122d5c5757ff293299fbd6e3691c4e333be726d0e94f5c1baa594,false
Au111,SO2,pbe,SO2_Au111,,false,reference_unavailable,No converged relaxed references with matching functional/composition,,/pscratch/sd/j/jcho5/VASP/dft_jobs/SO2_Au111/singlepoint/PBE,0,,/pscratch/sd/j/jcho5/VASP/vasp_mol/SO2/PBE,-127.26425202,,-17.04144795,,500,converged,7a140ba4dbc40f2f93dccf3fe3b617db237f95adaa3d69a5505bd94cdce7054c,false
Au111,SO2,pbe_d3,SO2_Au111,,false,reference_unavailable,No converged relaxed references with matching functional/composition,,/pscratch/sd/j/jcho5/VASP/dft_jobs/SO2_Au111/singlepoint/PBE_D3,0,,/pscratch/sd/j/jcho5/VASP/vasp_mol/SO2/PBE_D3,-145.19025494,,-17.04509164,,500,converged,7a140ba4dbc40f2f93dccf3fe3b617db237f95adaa3d69a5505bd94cdce7054c,false
Au111,SO2,r2scan,SO2_Au111,,false,reference_unavailable,No converged relaxed references with matching functional/composition,,/pscratch/sd/j/jcho5/VASP/dft_jobs/SO2_Au111/singlepoint/r2scan,0,,/pscratch/sd/j/jcho5/VASP/vasp_mol/SO2/r2scan,-1837.3576461,,-22.86056897,,500,converged,7a140ba4dbc40f2f93dccf3fe3b617db237f95adaa3d69a5505bd94cdce7054c,false
Au111,SO2,beef_vdw,SO2_Au111,,false,reference_unavailable,No converged relaxed references with matching functional/composition,,/pscratch/sd/j/jcho5/VASP/dft_jobs/SO2_Au111/singlepoint/beef_vdw,0,,/pscratch/sd/j/jcho5/VASP/vasp_mol/SO2/beef_vdw,-11.11778827,,-11.67086006,,500,converged,7a140ba4dbc40f2f93dccf3fe3b617db237f95adaa3d69a5505bd94cdce7054c,false
Cu100,SO2,pbe,SO2_Cu100,,false,ok,NSW=0 complex; converged relaxed references; matching composition,-0.78799002,/pscratch/sd/j/jcho5/VASP/dft_jobs/SO2_Cu100/singlepoint/PBE,0,/pscratch/sd/j/jcho5/VASP/vasp_slab/Cu100/PBE,/pscratch/sd/j/jcho5/VASP/vasp_mol/SO2/PBE,-237.59625961,-219.76682164,-17.04144795,1000,500,converged,3fe69e9b6b3be6e5171aa31ff04716ff8595d215bf91b8218613d4a2e50a548f,true
Cu100,SO2,pbe_d3,SO2_Cu100,,false,ok,NSW=0 complex; converged relaxed references; matching composition,-1.17922655,/pscratch/sd/j/jcho5/VASP/dft_jobs/SO2_Cu100/singlepoint/PBE_D3,0,/pscratch/sd/j/jcho5/VASP/vasp_slab/Cu100/PBE_D3,/pscratch/sd/j/jcho5/VASP/vasp_mol/SO2/PBE_D3,-259.06485072,-240.84053253,-17.04509164,1000,500,converged,3fe69e9b6b3be6e5171aa31ff04716ff8595d215bf91b8218613d4a2e50a548f,true
Cu100,SO2,r2scan,SO2_Cu100,,false,ok,NSW=0 complex; converged relaxed references; matching composition,-1.06796654,/pscratch/sd/j/jcho5/VASP/dft_jobs/SO2_Cu100/singlepoint/r2scan,0,/pscratch/sd/j/jcho5/VASP/vasp_slab/Cu100/r2scan,/pscratch/sd/j/jcho5/VASP/vasp_mol/SO2/r2scan,-694.24502952,-670.31649401,-22.86056897,1000,500,converged,3fe69e9b6b3be6e5171aa31ff04716ff8595d215bf91b8218613d4a2e50a548f,true
Cu100,SO2,beef_vdw,SO2_Cu100,,false,ok,NSW=0 complex; converged relaxed references; matching composition,-0.90467915,/pscratch/sd/j/jcho5/VASP/dft_jobs/SO2_Cu100/singlepoint/beef_vdw,0,/pscratch/sd/j/jcho5/VASP/completion_runs/site_gapfill_20260914/slab/C2H4_Cu100/beef_vdw,/pscratch/sd/j/jcho5/VASP/vasp_mol/SO2/beef_vdw,-23.15186181,-10.5763226,-11.67086006,1000,500,converged,3fe69e9b6b3be6e5171aa31ff04716ff8595d215bf91b8218613d4a2e50a548f,true
Cu110,SO2,pbe,SO2_Cu110,,false,potential_mismatch,Complex and reference PAW potential identities differ or are missing; energy retained only as diagnostic,-0.64610518,/pscratch/sd/j/jcho5/VASP/dft_jobs/SO2_Cu110/singlepoint/PBE,0,/pscratch/sd/j/jcho5/VASP/vasp_slab/Cu110/PBE,/pscratch/sd/j/jcho5/VASP/vasp_mol/SO2/PBE,-97.43758651,-79.75003338,-17.04144795,1000,500,converged,ae791cd4f903355ce0e8cc76e936b908eee4b0c0c35d39237ff8bfd19ba6406c,false
Cu110,SO2,pbe_d3,SO2_Cu110,,false,potential_mismatch,Complex and reference PAW potential identities differ or are missing; energy retained only as diagnostic,-1.15587784,/pscratch/sd/j/jcho5/VASP/dft_jobs/SO2_Cu110/singlepoint/PBE_D3,0,/pscratch/sd/j/jcho5/VASP/vasp_slab/Cu110/PBE_D3,/pscratch/sd/j/jcho5/VASP/vasp_mol/SO2/PBE_D3,-104.28594192,-86.08497244,-17.04509164,1000,500,converged,ae791cd4f903355ce0e8cc76e936b908eee4b0c0c35d39237ff8bfd19ba6406c,false
Cu110,SO2,r2scan,SO2_Cu110,,false,potential_mismatch,Complex and reference PAW potential identities differ or are missing; energy retained only as diagnostic,-1.19932558,/pscratch/sd/j/jcho5/VASP/dft_jobs/SO2_Cu110/singlepoint/r2scan,0,/pscratch/sd/j/jcho5/VASP/vasp_slab/Cu110/r2scan,/pscratch/sd/j/jcho5/VASP/vasp_mol/SO2/r2scan,-272.09239015,-248.0324956,-22.86056897,1000,500,converged,ae791cd4f903355ce0e8cc76e936b908eee4b0c0c35d39237ff8bfd19ba6406c,false
Cu110,SO2,beef_vdw,SO2_Cu110,,false,potential_mismatch,Complex and reference PAW potential identities differ or are missing; energy retained only as diagnostic,-31.96032453,/pscratch/sd/j/jcho5/VASP/dft_jobs/SO2_Cu110/singlepoint/beef_vdw,0,/pscratch/sd/j/jcho5/VASP/vasp_slab/Cu110/beef_vdw,/pscratch/sd/j/jcho5/VASP/vasp_mol/SO2/beef_vdw,-13.64599386,29.98519073,-11.67086006,1000,500,converged,ae791cd4f903355ce0e8cc76e936b908eee4b0c0c35d39237ff8bfd19ba6406c,false
Cu111,SO2,pbe,SO2_Cu111,,false,ok,NSW=0 complex; converged relaxed references; matching composition,-0.52005,/pscratch/sd/j/jcho5/VASP/dft_jobs/SO2_Cu111/singlepoint/PBE,0,/pscratch/sd/j/jcho5/VASP/completion_runs/matched_potential_slabs_20260915/slab/Cu111_28f90def6e/pbe,/pscratch/sd/j/jcho5/VASP/vasp_mol/SO2/PBE,-241.64435108,-224.08285313,-17.04144795,500,500,converged,2f6280e1875de731752bcd29eef66b0758b8b226b7ba932026687873da45955a,true
Cu111,SO2,pbe_d3,SO2_Cu111,,false,ok,NSW=0 complex; converged relaxed references; matching composition,-0.92477809,/pscratch/sd/j/jcho5/VASP/dft_jobs/SO2_Cu111/singlepoint/PBE_D3,0,/pscratch/sd/j/jcho5/VASP/completion_runs/matched_potential_slabs_20260915/slab/Cu111_6058af94f0/pbe_d3,/pscratch/sd/j/jcho5/VASP/vasp_mol/SO2/PBE_D3,-264.53939256,-246.56952283,-17.04509164,500,500,converged,2f6280e1875de731752bcd29eef66b0758b8b226b7ba932026687873da45955a,true
Cu111,SO2,r2scan,SO2_Cu111,,false,ok,NSW=0 complex; converged relaxed references; matching composition,-0.80648685,/pscratch/sd/j/jcho5/VASP/dft_jobs/SO2_Cu111/singlepoint/r2scan,0,/pscratch/sd/j/jcho5/VASP/completion_runs/matched_potential_slabs_20260915/slab/Cu111_96724abedd/r2scan,/pscratch/sd/j/jcho5/VASP/vasp_mol/SO2/r2scan,-699.097273,-675.43021718,-22.86056897,500,500,converged,2f6280e1875de731752bcd29eef66b0758b8b226b7ba932026687873da45955a,true
Cu111,SO2,beef_vdw,SO2_Cu111,,false,ok,NSW=0 complex; converged relaxed references; matching composition,-0.66605053,/pscratch/sd/j/jcho5/VASP/dft_jobs/SO2_Cu111/singlepoint/beef_vdw,0,/pscratch/sd/j/jcho5/VASP/completion_runs/matched_potential_slabs_20260915/slab/Cu111_11f50e50d8/beef_vdw,/pscratch/sd/j/jcho5/VASP/vasp_mol/SO2/beef_vdw,-26.93685374,-14.59994315,-11.67086006,500,500,converged,2f6280e1875de731752bcd29eef66b0758b8b226b7ba932026687873da45955a,true
Ir100,SO2,pbe,SO2_Ir100,,false,ok,NSW=0 complex; converged relaxed references; matching composition,-2.1281236,/pscratch/sd/j/jcho5/VASP/dft_jobs/SO2_Ir100/singlepoint/PBE,0,/pscratch/sd/j/jcho5/VASP/vasp_slab/Ir100/PBE,/pscratch/sd/j/jcho5/VASP/vasp_mol/SO2/PBE,-313.57058569,-294.40101414,-17.04144795,1000,500,converged,fd85f6a418309b7d802bf4816862966714d88d5b850f729e42a7a17f705b0a7e,true
Ir100,SO2,pbe_d3,SO2_Ir100,,false,ok,NSW=0 complex; converged relaxed references; matching composition,-2.66146397,/pscratch/sd/j/jcho5/VASP/dft_jobs/SO2_Ir100/singlepoint/PBE_D3,0,/pscratch/sd/j/jcho5/VASP/vasp_slab/Ir100/PBE_D3,/pscratch/sd/j/jcho5/VASP/vasp_mol/SO2/PBE_D3,-331.30900539,-311.60244978,-17.04509164,1000,500,converged,fd85f6a418309b7d802bf4816862966714d88d5b850f729e42a7a17f705b0a7e,true
Ir100,SO2,r2scan,SO2_Ir100,,false,ok,NSW=0 complex; converged relaxed references; matching composition,-2.68003519,/pscratch/sd/j/jcho5/VASP/dft_jobs/SO2_Ir100/singlepoint/r2scan,0,/pscratch/sd/j/jcho5/VASP/completion_runs/site_gapfill_20260914/slab/C2H4_Ir100/r2scan,/pscratch/sd/j/jcho5/VASP/vasp_mol/SO2/r2scan,-1884.20608891,-1858.66548475,-22.86056897,1000,500,converged,fd85f6a418309b7d802bf4816862966714d88d5b850f729e42a7a17f705b0a7e,true
Ir100,SO2,beef_vdw,SO2_Ir100,,false,ok,NSW=0 complex; converged relaxed references; matching composition,-2.08802381,/pscratch/sd/j/jcho5/VASP/dft_jobs/SO2_Ir100/singlepoint/beef_vdw,0,/pscratch/sd/j/jcho5/VASP/vasp_slab/Ir100/beef_vdw,/pscratch/sd/j/jcho5/VASP/vasp_mol/SO2/beef_vdw,-196.77645046,-183.01756659,-11.67086006,1000,500,converged,fd85f6a418309b7d802bf4816862966714d88d5b850f729e42a7a17f705b0a7e,true
Ir110,SO2,pbe,SO2_Ir110,,false,ok,NSW=0 complex; converged relaxed references; matching composition,-2.27528667,/pscratch/sd/j/jcho5/VASP/dft_jobs/SO2_Ir110/singlepoint/PBE,0,/pscratch/sd/j/jcho5/VASP/vasp_slab/Ir110/PBE,/pscratch/sd/j/jcho5/VASP/vasp_mol/SO2/PBE,-205.10952033,-185.79278571,-17.04144795,1000,500,converged,21131e0de634d0938652d877e019f986f70c400dbf8bb96ddfae3b84213c3298,true
Ir110,SO2,pbe_d3,SO2_Ir110,,false,ok,NSW=0 complex; converged relaxed references; matching composition,-2.78678317,/pscratch/sd/j/jcho5/VASP/dft_jobs/SO2_Ir110/singlepoint/PBE_D3,0,/pscratch/sd/j/jcho5/VASP/vasp_slab/Ir110/PBE_D3,/pscratch/sd/j/jcho5/VASP/vasp_mol/SO2/PBE_D3,-214.97009631,-195.1382215,-17.04509164,1000,500,converged,21131e0de634d0938652d877e019f986f70c400dbf8bb96ddfae3b84213c3298,true
Ir110,SO2,r2scan,SO2_Ir110,,false,ok,NSW=0 complex; converged relaxed references; matching composition,-2.50243768,/pscratch/sd/j/jcho5/VASP/dft_jobs/SO2_Ir110/singlepoint/r2scan,0,/pscratch/sd/j/jcho5/VASP/vasp_slab/Ir110/r2scan,/pscratch/sd/j/jcho5/VASP/vasp_mol/SO2/r2scan,-1254.03975832,-1228.67675167,-22.86056897,1000,500,converged,21131e0de634d0938652d877e019f986f70c400dbf8bb96ddfae3b84213c3298,true
Ir110,SO2,beef_vdw,SO2_Ir110,,false,ok,NSW=0 complex; converged relaxed references; matching composition,-2.40644069,/pscratch/sd/j/jcho5/VASP/dft_jobs/SO2_Ir110/singlepoint/beef_vdw,0,/pscratch/sd/j/jcho5/VASP/vasp_slab/Ir110/beef_vdw,/pscratch/sd/j/jcho5/VASP/vasp_mol/SO2/beef_vdw,-125.32979829,-111.25249754,-11.67086006,1000,500,converged,21131e0de634d0938652d877e019f986f70c400dbf8bb96ddfae3b84213c3298,true
Ir111,SO2,pbe,SO2_Ir111,,false,ok,NSW=0 complex; converged relaxed references; matching composition,-0.99736542,/pscratch/sd/j/jcho5/VASP/dft_jobs/SO2_Ir111/singlepoint/PBE,0,/pscratch/sd/j/jcho5/VASP/vasp_slab/Ir111/PBE,/pscratch/sd/j/jcho5/VASP/vasp_mol/SO2/PBE,-556.35075627,-538.3119429,-17.04144795,1000,500,converged,2d56f421411554fbf6ccf04df1a43f6b74081a21eca75a558d32bdcc272408c1,true
Ir111,SO2,pbe_d3,SO2_Ir111,,false,ok,NSW=0 complex; converged relaxed references; matching composition,-1.34011303,/pscratch/sd/j/jcho5/VASP/dft_jobs/SO2_Ir111/singlepoint/PBE_D3,0,/pscratch/sd/j/jcho5/VASP/vasp_slab/Ir111/PBE_D3,/pscratch/sd/j/jcho5/VASP/vasp_mol/SO2/PBE_D3,-589.16824862,-570.78304395,-17.04509164,1000,500,converged,2d56f421411554fbf6ccf04df1a43f6b74081a21eca75a558d32bdcc272408c1,true
Ir111,SO2,r2scan,SO2_Ir111,,false,ok,NSW=0 complex; converged relaxed references; matching composition,-1.26724951,/pscratch/sd/j/jcho5/VASP/dft_jobs/SO2_Ir111/singlepoint/r2scan,0,/pscratch/sd/j/jcho5/VASP/vasp_slab/Ir111/r2scan,/pscratch/sd/j/jcho5/VASP/vasp_mol/SO2/r2scan,-3344.81096057,-3320.68314209,-22.86056897,1000,500,converged,2d56f421411554fbf6ccf04df1a43f6b74081a21eca75a558d32bdcc272408c1,true
Ir111,SO2,beef_vdw,SO2_Ir111,,false,ok,NSW=0 complex; converged relaxed references; matching composition,-1.21702612,/pscratch/sd/j/jcho5/VASP/dft_jobs/SO2_Ir111/singlepoint/beef_vdw,0,/pscratch/sd/j/jcho5/VASP/vasp_slab/Ir111/beef_vdw,/pscratch/sd/j/jcho5/VASP/vasp_mol/SO2/beef_vdw,-352.3748561,-339.48696992,-11.67086006,1000,500,converged,2d56f421411554fbf6ccf04df1a43f6b74081a21eca75a558d32bdcc272408c1,true
Pd100,SO2,pbe,SO2_Pd100,,false,potential_mismatch,Complex and reference PAW potential identities differ or are missing; energy retained only as diagnostic,-1.49297308,/pscratch/sd/j/jcho5/VASP/dft_jobs/SO2_Pd100/singlepoint/PBE,0,/pscratch/sd/j/jcho5/VASP/vasp_slab/Pd100/PBE,/pscratch/sd/j/jcho5/VASP/vasp_mol/SO2/PBE,-193.83621355,-175.30179252,-17.04144795,1000,500,converged,938c26cc8b47ebe0adf9e7323942d1b0d4a6e94a03351989ccac8ddbdb763997,false
Pd100,SO2,pbe_d3,SO2_Pd100,,false,potential_mismatch,Complex and reference PAW potential identities differ or are missing; energy retained only as diagnostic,-1.9790333,/pscratch/sd/j/jcho5/VASP/dft_jobs/SO2_Pd100/singlepoint/PBE_D3,0,/pscratch/sd/j/jcho5/VASP/vasp_slab/Pd100/PBE_D3,/pscratch/sd/j/jcho5/VASP/vasp_mol/SO2/PBE_D3,-208.48453175,-189.46040681,-17.04509164,1000,500,converged,938c26cc8b47ebe0adf9e7323942d1b0d4a6e94a03351989ccac8ddbdb763997,false
Pd100,SO2,r2scan,SO2_Pd100,,false,ok,NSW=0 complex; converged relaxed references; matching composition,-1.74165176,/pscratch/sd/j/jcho5/VASP/dft_jobs/SO2_Pd100/singlepoint/r2scan,0,/pscratch/sd/j/jcho5/VASP/completion_runs/matched_potential_slabs_20260915/slab/Pd100_25986b23a9/r2scan,/pscratch/sd/j/jcho5/VASP/vasp_mol/SO2/r2scan,-837.07135396,-812.46913323,-22.86056897,500,500,converged,938c26cc8b47ebe0adf9e7323942d1b0d4a6e94a03351989ccac8ddbdb763997,true
Pd100,SO2,beef_vdw,SO2_Pd100,,false,ok,NSW=0 complex; converged relaxed references; matching composition,-1.31025942,/pscratch/sd/j/jcho5/VASP/dft_jobs/SO2_Pd100/singlepoint/beef_vdw,0,/pscratch/sd/j/jcho5/VASP/completion_runs/matched_potential_slabs_20260915/slab/Pd100_b7d9b89afa/beef_vdw,/pscratch/sd/j/jcho5/VASP/vasp_mol/SO2/beef_vdw,-66.15066955,-53.16955007,-11.67086006,500,500,converged,938c26cc8b47ebe0adf9e7323942d1b0d4a6e94a03351989ccac8ddbdb763997,true
Pd110,SO2,pbe,SO2_Pd110,,false,potential_mismatch,Complex and reference PAW potential identities differ or are missing; energy retained only as diagnostic,-1.62718106,/pscratch/sd/j/jcho5/VASP/dft_jobs/SO2_Pd110/singlepoint/PBE,0,/pscratch/sd/j/jcho5/VASP/vasp_slab/Pd110/PBE,/pscratch/sd/j/jcho5/VASP/vasp_mol/SO2/PBE,-129.50280846,-110.83417945,-17.04144795,1000,500,converged,fa4445990c9839ee0032865fedbbf125a40d80f6c9aab53d072924d99ca118d3,false
Pd110,SO2,pbe_d3,SO2_Pd110,,false,potential_mismatch,Complex and reference PAW potential identities differ or are missing; energy retained only as diagnostic,-2.16484564,/pscratch/sd/j/jcho5/VASP/dft_jobs/SO2_Pd110/singlepoint/PBE_D3,0,/pscratch/sd/j/jcho5/VASP/vasp_slab/Pd110/PBE_D3,/pscratch/sd/j/jcho5/VASP/vasp_mol/SO2/PBE_D3,-137.73307133,-118.52313405,-17.04509164,1000,500,converged,fa4445990c9839ee0032865fedbbf125a40d80f6c9aab53d072924d99ca118d3,false
Pd110,SO2,r2scan,SO2_Pd110,,false,ok,NSW=0 complex; converged relaxed references; matching composition,-1.89819077,/pscratch/sd/j/jcho5/VASP/dft_jobs/SO2_Pd110/singlepoint/r2scan,0,/pscratch/sd/j/jcho5/VASP/completion_runs/matched_potential_slabs_20260915/slab/Pd110_2eb6224610/r2scan,/pscratch/sd/j/jcho5/VASP/vasp_mol/SO2/r2scan,-559.79273239,-535.03397265,-22.86056897,500,500,converged,fa4445990c9839ee0032865fedbbf125a40d80f6c9aab53d072924d99ca118d3,true
Pd110,SO2,beef_vdw,SO2_Pd110,,false,ok,NSW=0 complex; converged relaxed references; matching composition,-1.65543304,/pscratch/sd/j/jcho5/VASP/dft_jobs/SO2_Pd110/singlepoint/beef_vdw,0,/pscratch/sd/j/jcho5/VASP/completion_runs/matched_potential_slabs_20260915/slab/Pd110_7655ac7da9/beef_vdw,/pscratch/sd/j/jcho5/VASP/vasp_mol/SO2/beef_vdw,-42.68658027,-29.36028717,-11.67086006,500,500,converged,fa4445990c9839ee0032865fedbbf125a40d80f6c9aab53d072924d99ca118d3,true
Pd111,SO2,pbe,SO2_Pd111,,false,ok,NSW=0 complex; converged relaxed references; matching composition,-1.02359245,/pscratch/sd/j/jcho5/VASP/dft_jobs/SO2_Pd111/singlepoint/PBE,0,/pscratch/sd/j/jcho5/VASP/completion_runs/matched_potential_slabs_20260915/slab/Pd111_ffc3f47166/pbe,/pscratch/sd/j/jcho5/VASP/vasp_mol/SO2/PBE,-196.19473943,-178.12969903,-17.04144795,500,500,converged,c9432196d4d80bb28ee83950ff4e198f297c4ad011f428ed2fb449b3d4fcd98c,true
Pd111,SO2,pbe_d3,SO2_Pd111,,false,ok,NSW=0 complex; converged relaxed references; matching composition,-1.5014564,/pscratch/sd/j/jcho5/VASP/dft_jobs/SO2_Pd111/singlepoint/PBE_D3,0,/pscratch/sd/j/jcho5/VASP/completion_runs/matched_potential_slabs_20260915/slab/Pd111_0333765c8d/pbe_d3,/pscratch/sd/j/jcho5/VASP/vasp_mol/SO2/PBE_D3,-211.60966974,-193.0631217,-17.04509164,500,500,converged,c9432196d4d80bb28ee83950ff4e198f297c4ad011f428ed2fb449b3d4fcd98c,true
Pd111,SO2,r2scan,SO2_Pd111,,false,reference_unavailable,No converged relaxed references with matching functional/composition,,/pscratch/sd/j/jcho5/VASP/dft_jobs/SO2_Pd111/singlepoint/r2scan,0,,/pscratch/sd/j/jcho5/VASP/vasp_mol/SO2/r2scan,-839.7934265,,-22.86056897,,500,converged,c9432196d4d80bb28ee83950ff4e198f297c4ad011f428ed2fb449b3d4fcd98c,false
Pd111,SO2,beef_vdw,SO2_Pd111,,false,ok,NSW=0 complex; converged relaxed references; matching composition,-1.09319499,/pscratch/sd/j/jcho5/VASP/dft_jobs/SO2_Pd111/singlepoint/beef_vdw,0,/pscratch/sd/j/jcho5/VASP/completion_runs/matched_potential_slabs_20260915/slab/Pd111_f1f527eac1/beef_vdw,/pscratch/sd/j/jcho5/VASP/vasp_mol/SO2/beef_vdw,-68.21845953,-55.45440448,-11.67086006,500,500,converged,c9432196d4d80bb28ee83950ff4e198f297c4ad011f428ed2fb449b3d4fcd98c,true
Pt100,SO2,pbe,SO2_Pt100,,false,potential_mismatch,Complex and reference PAW potential identities differ or are missing; energy retained only as diagnostic,-1.69410608,/pscratch/sd/j/jcho5/VASP/dft_jobs/SO2_Pt100/singlepoint/PBE,0,/pscratch/sd/j/jcho5/VASP/vasp_slab/Pt100/PBE,/pscratch/sd/j/jcho5/VASP/vasp_mol/SO2/PBE,-221.76268263,-203.0271286,-17.04144795,1000,500,converged,7cbe9b4e5b6d60342aa5d71349a19c89ad9f907500b0bb29d64e2c60ea8d228d,false
Pt100,SO2,pbe_d3,SO2_Pt100,,false,potential_mismatch,Complex and reference PAW potential identities differ or are missing; energy retained only as diagnostic,-2.25041448,/pscratch/sd/j/jcho5/VASP/dft_jobs/SO2_Pt100/singlepoint/PBE_D3,0,/pscratch/sd/j/jcho5/VASP/vasp_slab/Pt100/PBE_D3,/pscratch/sd/j/jcho5/VASP/vasp_mol/SO2/PBE_D3,-241.33118137,-222.03567525,-17.04509164,1000,500,converged,7cbe9b4e5b6d60342aa5d71349a19c89ad9f907500b0bb29d64e2c60ea8d228d,false
Pt100,SO2,r2scan,SO2_Pt100,,false,potential_mismatch,Complex and reference PAW potential identities differ or are missing; energy retained only as diagnostic,-2.30279326,/pscratch/sd/j/jcho5/VASP/dft_jobs/SO2_Pt100/singlepoint/r2scan,0,/pscratch/sd/j/jcho5/VASP/vasp_slab/Pt100/r2scan,/pscratch/sd/j/jcho5/VASP/vasp_mol/SO2/r2scan,-1860.85472121,-1835.69135898,-22.86056897,1000,500,converged,7cbe9b4e5b6d60342aa5d71349a19c89ad9f907500b0bb29d64e2c60ea8d228d,false
Pt100,SO2,beef_vdw,SO2_Pt100,,false,potential_mismatch,Complex and reference PAW potential identities differ or are missing; energy retained only as diagnostic,-35.15254883,/pscratch/sd/j/jcho5/VASP/dft_jobs/SO2_Pt100/singlepoint/beef_vdw,0,/pscratch/sd/j/jcho5/VASP/vasp_slab/Pt100/beef_vdw,/pscratch/sd/j/jcho5/VASP/vasp_mol/SO2/beef_vdw,-106.86670835,-60.04329946,-11.67086006,1000,500,converged,7cbe9b4e5b6d60342aa5d71349a19c89ad9f907500b0bb29d64e2c60ea8d228d,false
Pt110,SO2,pbe,SO2_Pt110,,false,potential_mismatch,Complex and reference PAW potential identities differ or are missing; energy retained only as diagnostic,-1.76593046,/pscratch/sd/j/jcho5/VASP/dft_jobs/SO2_Pt110/singlepoint/PBE,0,/pscratch/sd/j/jcho5/VASP/vasp_slab/Pt110/PBE,/pscratch/sd/j/jcho5/VASP/vasp_mol/SO2/PBE,-147.10834163,-128.30096322,-17.04144795,1000,500,converged,6b7d8c67430d25b7fc92a77663a015c81b7a922f598ff94f118a6b577b97a451,false
Pt110,SO2,pbe_d3,SO2_Pt110,,false,potential_mismatch,Complex and reference PAW potential identities differ or are missing; energy retained only as diagnostic,-2.36768368,/pscratch/sd/j/jcho5/VASP/dft_jobs/SO2_Pt110/singlepoint/PBE_D3,0,/pscratch/sd/j/jcho5/VASP/vasp_slab/Pt110/PBE_D3,/pscratch/sd/j/jcho5/VASP/vasp_mol/SO2/PBE_D3,-157.98592301,-138.57314769,-17.04509164,1000,500,converged,6b7d8c67430d25b7fc92a77663a015c81b7a922f598ff94f118a6b577b97a451,false
Pt110,SO2,r2scan,SO2_Pt110,,false,potential_mismatch,Complex and reference PAW potential identities differ or are missing; energy retained only as diagnostic,-2.23367164,/pscratch/sd/j/jcho5/VASP/dft_jobs/SO2_Pt110/singlepoint/r2scan,0,/pscratch/sd/j/jcho5/VASP/vasp_slab/Pt110/r2scan,/pscratch/sd/j/jcho5/VASP/vasp_mol/SO2/r2scan,-1241.18054766,-1216.08630705,-22.86056897,1000,500,converged,6b7d8c67430d25b7fc92a77663a015c81b7a922f598ff94f118a6b577b97a451,false
Pt110,SO2,beef_vdw,SO2_Pt110,,false,complex_unconverged,electronic_unconverged,,/pscratch/sd/j/jcho5/VASP/dft_jobs/SO2_Pt110/singlepoint/beef_vdw,0,/pscratch/sd/j/jcho5/VASP/vasp_slab/Pt110/beef_vdw,/pscratch/sd/j/jcho5/VASP/vasp_mol/SO2/beef_vdw,-68.51217687,-32.67956866,-11.67086006,1000,500,electronic_unconverged,6b7d8c67430d25b7fc92a77663a015c81b7a922f598ff94f118a6b577b97a451,false
Pt111,SO2,pbe,SO2_Pt111_top,top,false,ok,NSW=0 complex; converged relaxed references; matching composition,-0.7270851,/pscratch/sd/j/jcho5/VASP/dft_jobs/SO2_Pt111_top/singlepoint/PBE,0,/pscratch/sd/j/jcho5/VASP/completion_runs/matched_potential_slabs_20260915/slab/Pt111_ac28ddddd3/pbe,/pscratch/sd/j/jcho5/VASP/vasp_mol/SO2/PBE,-226.46445629,-208.69592324,-17.04144795,500,500,converged,a878505e030e3f0095f47f8a31ebb8d6b464730d2d965f68b053db259d5ef3a6,true
Pt111,SO2,pbe_d3,SO2_Pt111_top,top,false,ok,NSW=0 complex; converged relaxed references; matching composition,-1.1963723,/pscratch/sd/j/jcho5/VASP/dft_jobs/SO2_Pt111_top/singlepoint/PBE_D3,0,/pscratch/sd/j/jcho5/VASP/completion_runs/matched_potential_slabs_20260915/slab/Pt111_c3286ec1f4/pbe_d3,/pscratch/sd/j/jcho5/VASP/vasp_mol/SO2/PBE_D3,-246.83823092,-228.59676698,-17.04509164,500,500,converged,a878505e030e3f0095f47f8a31ebb8d6b464730d2d965f68b053db259d5ef3a6,true
Pt111,SO2,r2scan,SO2_Pt111_top,top,false,reference_unavailable,No converged relaxed references with matching functional/composition,,/pscratch/sd/j/jcho5/VASP/dft_jobs/SO2_Pt111_top/singlepoint/r2scan,0,,/pscratch/sd/j/jcho5/VASP/vasp_mol/SO2/r2scan,-1865.71972711,,-22.86056897,,500,converged,a878505e030e3f0095f47f8a31ebb8d6b464730d2d965f68b053db259d5ef3a6,false
Pt111,SO2,beef_vdw,SO2_Pt111_top,top,false,reference_unavailable,No converged relaxed references with matching functional/composition,,/pscratch/sd/j/jcho5/VASP/dft_jobs/SO2_Pt111_top/singlepoint/beef_vdw,0,,/pscratch/sd/j/jcho5/VASP/vasp_mol/SO2/beef_vdw,-111.11627776,,-11.67086006,,500,converged,a878505e030e3f0095f47f8a31ebb8d6b464730d2d965f68b053db259d5ef3a6,false
Rh100,SO2,pbe,SO2_Rh100,,false,potential_mismatch,Complex and reference PAW potential identities differ or are missing; energy retained only as diagnostic,-2.39490024,/pscratch/sd/j/jcho5/VASP/dft_jobs/SO2_Rh100/singlepoint/PBE,0,/pscratch/sd/j/jcho5/VASP/vasp_slab/Rh100/PBE,/pscratch/sd/j/jcho5/VASP/vasp_mol/SO2/PBE,-261.71268826,-242.27634007,-17.04144795,1000,500,converged,1e35c259ca070e7f23f9f7ab635764025091c7d1496d1467a7062dc1e2d63c28,false
Rh100,SO2,pbe_d3,SO2_Rh100,,false,potential_mismatch,Complex and reference PAW potential identities differ or are missing; energy retained only as diagnostic,-2.87937725,/pscratch/sd/j/jcho5/VASP/dft_jobs/SO2_Rh100/singlepoint/PBE_D3,0,/pscratch/sd/j/jcho5/VASP/vasp_slab/Rh100/PBE_D3,/pscratch/sd/j/jcho5/VASP/vasp_mol/SO2/PBE_D3,-275.99990948,-256.07544059,-17.04509164,1000,500,converged,1e35c259ca070e7f23f9f7ab635764025091c7d1496d1467a7062dc1e2d63c28,false
Rh100,SO2,r2scan,SO2_Rh100,,false,ok,NSW=0 complex; converged relaxed references; matching composition,-2.42355146,/pscratch/sd/j/jcho5/VASP/dft_jobs/SO2_Rh100/singlepoint/r2scan,0,/pscratch/sd/j/jcho5/VASP/completion_runs/matched_potential_slabs_20260915/slab/Rh100_84c2195556/r2scan,/pscratch/sd/j/jcho5/VASP/vasp_mol/SO2/r2scan,-873.66178551,-848.37766508,-22.86056897,500,500,converged,1e35c259ca070e7f23f9f7ab635764025091c7d1496d1467a7062dc1e2d63c28,true
Rh100,SO2,beef_vdw,SO2_Rh100,,false,ok,NSW=0 complex; converged relaxed references; matching composition,-2.04465979,/pscratch/sd/j/jcho5/VASP/dft_jobs/SO2_Rh100/singlepoint/beef_vdw,0,/pscratch/sd/j/jcho5/VASP/completion_runs/matched_potential_slabs_20260915/slab/Rh100_b2891dc541/beef_vdw,/pscratch/sd/j/jcho5/VASP/vasp_mol/SO2/beef_vdw,-144.20895615,-130.4934363,-11.67086006,500,500,converged,1e35c259ca070e7f23f9f7ab635764025091c7d1496d1467a7062dc1e2d63c28,true
Rh110,SO2,pbe,SO2_Rh110,,false,potential_mismatch,Complex and reference PAW potential identities differ or are missing; energy retained only as diagnostic,-2.30185603,/pscratch/sd/j/jcho5/VASP/dft_jobs/SO2_Rh110/singlepoint/PBE,0,/pscratch/sd/j/jcho5/VASP/vasp_slab/Rh110/PBE,/pscratch/sd/j/jcho5/VASP/vasp_mol/SO2/PBE,-172.40126328,-153.0579593,-17.04144795,1000,500,converged,cdf1d3b21f3a3365b7ee8d812cb4ed2b0fcc8366e796d3d6284a13be88c03269,false
Rh110,SO2,pbe_d3,SO2_Rh110,,false,potential_mismatch,Complex and reference PAW potential identities differ or are missing; energy retained only as diagnostic,-2.82143571,/pscratch/sd/j/jcho5/VASP/dft_jobs/SO2_Rh110/singlepoint/PBE_D3,0,/pscratch/sd/j/jcho5/VASP/vasp_slab/Rh110/PBE_D3,/pscratch/sd/j/jcho5/VASP/vasp_mol/SO2/PBE_D3,-180.35472642,-160.48819907,-17.04509164,1000,500,converged,cdf1d3b21f3a3365b7ee8d812cb4ed2b0fcc8366e796d3d6284a13be88c03269,false
Rh110,SO2,r2scan,SO2_Rh110,,false,ok,NSW=0 complex; converged relaxed references; matching composition,-2.11789387,/pscratch/sd/j/jcho5/VASP/dft_jobs/SO2_Rh110/singlepoint/r2scan,0,/pscratch/sd/j/jcho5/VASP/completion_runs/matched_potential_slabs_20260915/slab/Rh110_43367cbc6c/r2scan,/pscratch/sd/j/jcho5/VASP/vasp_mol/SO2/r2scan,-583.3074534,-558.32899056,-22.86056897,500,500,converged,cdf1d3b21f3a3365b7ee8d812cb4ed2b0fcc8366e796d3d6284a13be88c03269,true
Rh110,SO2,beef_vdw,SO2_Rh110,,false,ok,NSW=0 complex; converged relaxed references; matching composition,-2.10561578,/pscratch/sd/j/jcho5/VASP/dft_jobs/SO2_Rh110/singlepoint/beef_vdw,0,/pscratch/sd/j/jcho5/VASP/completion_runs/matched_potential_slabs_20260915/slab/Rh110_a6be9fa2b9/beef_vdw,/pscratch/sd/j/jcho5/VASP/vasp_mol/SO2/beef_vdw,-92.4689646,-78.69248876,-11.67086006,500,500,converged,cdf1d3b21f3a3365b7ee8d812cb4ed2b0fcc8366e796d3d6284a13be88c03269,true
Rh111,SO2,pbe,SO2_Rh111,,false,potential_mismatch,Complex and reference PAW potential identities differ or are missing; energy retained only as diagnostic,-2.08028989,/pscratch/sd/j/jcho5/VASP/dft_jobs/SO2_Rh111/singlepoint/PBE,0,/pscratch/sd/j/jcho5/VASP/vasp_slab/Rh111/PBE,/pscratch/sd/j/jcho5/VASP/vasp_mol/SO2/PBE,-458.27168073,-439.14994289,-17.04144795,1000,500,converged,4f6170e78be0d0b39b2d5145ed0e2419ebfcf52800503bcacbd628c74b545b73,false
Rh111,SO2,pbe_d3,SO2_Rh111,,false,potential_mismatch,Complex and reference PAW potential identities differ or are missing; energy retained only as diagnostic,-2.37008,/pscratch/sd/j/jcho5/VASP/dft_jobs/SO2_Rh111/singlepoint/PBE_D3,0,/pscratch/sd/j/jcho5/VASP/vasp_slab/Rh111/PBE_D3,/pscratch/sd/j/jcho5/VASP/vasp_mol/SO2/PBE_D3,-484.67659217,-465.26142053,-17.04509164,1000,500,converged,4f6170e78be0d0b39b2d5145ed0e2419ebfcf52800503bcacbd628c74b545b73,false
Rh111,SO2,r2scan,SO2_Rh111,,false,potential_mismatch,Complex and reference PAW potential identities differ or are missing; energy retained only as diagnostic,-2.51944542,/pscratch/sd/j/jcho5/VASP/dft_jobs/SO2_Rh111/singlepoint/r2scan,0,/pscratch/sd/j/jcho5/VASP/vasp_slab/Rh111/r2scan,/pscratch/sd/j/jcho5/VASP/vasp_mol/SO2/r2scan,-1542.26992754,-1516.88991315,-22.86056897,1000,500,converged,4f6170e78be0d0b39b2d5145ed0e2419ebfcf52800503bcacbd628c74b545b73,false
Rh111,SO2,beef_vdw,SO2_Rh111,,false,ok,NSW=0 complex; converged relaxed references; matching composition,-1.59808123,/pscratch/sd/j/jcho5/VASP/dft_jobs/SO2_Rh111/singlepoint/beef_vdw,0,/pscratch/sd/j/jcho5/VASP/completion_runs/matched_potential_slabs_20260915/slab/Rh111_f89b45c425/beef_vdw,/pscratch/sd/j/jcho5/VASP/vasp_mol/SO2/beef_vdw,-252.95374179,-239.6848005,-11.67086006,500,500,converged,4f6170e78be0d0b39b2d5145ed0e2419ebfcf52800503bcacbd628c74b545b73,true
