functional,system,surface,molecule,source_dir,E_slab_mol,E_slab,E_mol,E_ads,status,note,convergence,publishable,complex_outcar,slab_outcar,molecule_outcar
pbe,C2H2_Ag100,Ag100,C2H2,dft_jobs,,-90.12407184,,,error,slab+mol: OUTCAR not found: dft_jobs/C2H2_Ag100/PBE/OUTCAR; mol: OUTCAR not found: vasp_mol/C2H2/PBE/OUTCAR,complex: missing; slab: converged; molecule: missing,false,dft_jobs/C2H2_Ag100/PBE/OUTCAR,vasp_slab/Ag100/PBE/OUTCAR,vasp_mol/C2H2/PBE/OUTCAR
pbe,C2H2_Ag110,Ag110,C2H2,dft_jobs,,-57.34530434,,,error,slab+mol: OUTCAR not found: dft_jobs/C2H2_Ag110/PBE/OUTCAR; mol: OUTCAR not found: vasp_mol/C2H2/PBE/OUTCAR,complex: missing; slab: converged; molecule: missing,false,dft_jobs/C2H2_Ag110/PBE/OUTCAR,vasp_slab/Ag110/PBE/OUTCAR,vasp_mol/C2H2/PBE/OUTCAR
pbe,C2H2_Ag111,Ag111,C2H2,dft_jobs,,-162.0788939,,,error,slab+mol: OUTCAR not found: dft_jobs/C2H2_Ag111/PBE/OUTCAR; mol: OUTCAR not found: vasp_mol/C2H2/PBE/OUTCAR,complex: missing; slab: converged; molecule: missing,false,dft_jobs/C2H2_Ag111/PBE/OUTCAR,vasp_slab/Ag111/PBE/OUTCAR,vasp_mol/C2H2/PBE/OUTCAR
pbe,C2H2_Au100,Au100,C2H2,dft_jobs,,-108.11108078,,,error,slab+mol: OUTCAR not found: dft_jobs/C2H2_Au100/PBE/OUTCAR; mol: OUTCAR not found: vasp_mol/C2H2/PBE/OUTCAR,complex: missing; slab: converged; molecule: missing,false,dft_jobs/C2H2_Au100/PBE/OUTCAR,vasp_slab/Au100/PBE/OUTCAR,vasp_mol/C2H2/PBE/OUTCAR
pbe,C2H2_Au110,Au110,C2H2,dft_jobs,,-69.78140854,,,error,slab+mol: OUTCAR not found: dft_jobs/C2H2_Au110/PBE/OUTCAR; mol: OUTCAR not found: vasp_mol/C2H2/PBE/OUTCAR,complex: missing; slab: converged; molecule: missing,false,dft_jobs/C2H2_Au110/PBE/OUTCAR,vasp_slab/Au110/PBE/OUTCAR,vasp_mol/C2H2/PBE/OUTCAR
pbe,C2H2_Au111,Au111,C2H2,dft_jobs,,-196.23589709,,,error,slab+mol: OUTCAR not found: dft_jobs/C2H2_Au111/PBE/OUTCAR; mol: OUTCAR not found: vasp_mol/C2H2/PBE/OUTCAR,complex: missing; slab: converged; molecule: missing,false,dft_jobs/C2H2_Au111/PBE/OUTCAR,vasp_slab/Au111/PBE/OUTCAR,vasp_mol/C2H2/PBE/OUTCAR
pbe,C2H2_Ir100,Ir100,C2H2,dft_jobs,,-294.40101414,,,error,slab+mol: OUTCAR not found: dft_jobs/C2H2_Ir100/PBE/OUTCAR; mol: OUTCAR not found: vasp_mol/C2H2/PBE/OUTCAR,complex: missing; slab: converged; molecule: missing,false,dft_jobs/C2H2_Ir100/PBE/OUTCAR,vasp_slab/Ir100/PBE/OUTCAR,vasp_mol/C2H2/PBE/OUTCAR
pbe,C2H2_Ir110,Ir110,C2H2,dft_jobs,,-185.79278571,,,error,slab+mol: OUTCAR not found: dft_jobs/C2H2_Ir110/PBE/OUTCAR; mol: OUTCAR not found: vasp_mol/C2H2/PBE/OUTCAR,complex: missing; slab: converged; molecule: missing,false,dft_jobs/C2H2_Ir110/PBE/OUTCAR,vasp_slab/Ir110/PBE/OUTCAR,vasp_mol/C2H2/PBE/OUTCAR
pbe,C2H2_Ir111,Ir111,C2H2,dft_jobs,,-538.3119429,,,error,slab+mol: OUTCAR not found: dft_jobs/C2H2_Ir111/PBE/OUTCAR; mol: OUTCAR not found: vasp_mol/C2H2/PBE/OUTCAR,complex: missing; slab: converged; molecule: missing,false,dft_jobs/C2H2_Ir111/PBE/OUTCAR,vasp_slab/Ir111/PBE/OUTCAR,vasp_mol/C2H2/PBE/OUTCAR
pbe,C2H2_Pd111_bri,Pd111,C2H2,dft_jobs,,-315.98876394,,,error,slab+mol: OUTCAR not found: dft_jobs/C2H2_Pd111_bri/PBE/OUTCAR; mol: OUTCAR not found: vasp_mol/C2H2/PBE/OUTCAR,complex: missing; slab: converged; molecule: missing,false,dft_jobs/C2H2_Pd111_bri/PBE/OUTCAR,vasp_slab/Pd111/PBE/OUTCAR,vasp_mol/C2H2/PBE/OUTCAR
pbe,C2H2_Rh100,Rh100,C2H2,dft_jobs,,-242.27634007,,,error,slab+mol: OUTCAR not found: dft_jobs/C2H2_Rh100/PBE/OUTCAR; mol: OUTCAR not found: vasp_mol/C2H2/PBE/OUTCAR,complex: missing; slab: converged; molecule: missing,false,dft_jobs/C2H2_Rh100/PBE/OUTCAR,vasp_slab/Rh100/PBE/OUTCAR,vasp_mol/C2H2/PBE/OUTCAR
pbe,C2H2_Rh110,Rh110,C2H2,dft_jobs,,-153.0579593,,,error,slab+mol: OUTCAR not found: dft_jobs/C2H2_Rh110/PBE/OUTCAR; mol: OUTCAR not found: vasp_mol/C2H2/PBE/OUTCAR,complex: missing; slab: converged; molecule: missing,false,dft_jobs/C2H2_Rh110/PBE/OUTCAR,vasp_slab/Rh110/PBE/OUTCAR,vasp_mol/C2H2/PBE/OUTCAR
pbe,C2H2_Rh111,Rh111,C2H2,dft_jobs,,-439.14994289,,,error,slab+mol: OUTCAR not found: dft_jobs/C2H2_Rh111/PBE/OUTCAR; mol: OUTCAR not found: vasp_mol/C2H2/PBE/OUTCAR,complex: missing; slab: converged; molecule: missing,false,dft_jobs/C2H2_Rh111/PBE/OUTCAR,vasp_slab/Rh111/PBE/OUTCAR,vasp_mol/C2H2/PBE/OUTCAR
pbe,C2H4_Ag100,Ag100,C2H4,dft_jobs,-122.77670481,-90.12407184,-31.970644,-0.681988969999999,ok,,complex: converged; slab: converged; molecule: converged,true,dft_jobs/C2H4_Ag100/PBE/OUTCAR,vasp_slab/Ag100/PBE/OUTCAR,vasp_mol/C2H4/PBE/OUTCAR
pbe,C2H4_Ag110,Ag110,C2H4,dft_jobs,-89.91124787,-57.34530434,-31.970644,-0.5952995299999984,ok,,complex: converged; slab: converged; molecule: converged,true,dft_jobs/C2H4_Ag110/PBE/OUTCAR,vasp_slab/Ag110/PBE/OUTCAR,vasp_mol/C2H4/PBE/OUTCAR
pbe,C2H4_Ag111,Ag111,C2H4,dft_jobs,-124.25344798,-162.0788939,-31.970644,,slab_mismatch,"slab size mismatch: job has 36 Ag, reference has 64 Ag",complex: converged; slab: converged; molecule: converged,false,dft_jobs/C2H4_Ag111/PBE/OUTCAR,vasp_slab/Ag111/PBE/OUTCAR,vasp_mol/C2H4/PBE/OUTCAR
pbe,C2H4_Au100,Au100,C2H4,dft_jobs,-223.85770427,-108.11108078,-31.970644,,slab_mismatch,"slab size mismatch: job has 64 Au, reference has 36 Au",complex: converged; slab: converged; molecule: converged,false,dft_jobs/C2H4_Au100/PBE/OUTCAR,vasp_slab/Au100/PBE/OUTCAR,vasp_mol/C2H4/PBE/OUTCAR
pbe,C2H4_Au110,Au110,C2H4,dft_jobs,-216.52491749,-69.78140854,-31.970644,,slab_mismatch,"slab size mismatch: job has 64 Au, reference has 24 Au",complex: converged; slab: converged; molecule: converged,false,dft_jobs/C2H4_Au110/PBE/OUTCAR,vasp_slab/Au110/PBE/OUTCAR,vasp_mol/C2H4/PBE/OUTCAR
pbe,C2H4_Au111,Au111,C2H4,dft_jobs,-142.28313168,-196.23589709,-31.970644,,slab_mismatch,"slab size mismatch: job has 36 Au, reference has 64 Au",complex: converged; slab: converged; molecule: converged,false,dft_jobs/C2H4_Au111/PBE/OUTCAR,vasp_slab/Au111/PBE/OUTCAR,vasp_mol/C2H4/PBE/OUTCAR
pbe,C2H4_Cu100,Cu100,C2H4,dft_jobs,-251.90974275,-219.76682164,-31.970644,-0.17227711000000312,ok,,complex: converged; slab: converged; molecule: converged,true,dft_jobs/C2H4_Cu100/PBE/OUTCAR,vasp_slab/Cu100/PBE/OUTCAR,vasp_mol/C2H4/PBE/OUTCAR
pbe,C2H4_Cu110,Cu110,C2H4,dft_jobs,-111.68807136,-79.75003338,-31.970644,0.032606020000010005,ok,,complex: converged; slab: converged; molecule: converged,true,dft_jobs/C2H4_Cu110/PBE/OUTCAR,vasp_slab/Cu110/PBE/OUTCAR,vasp_mol/C2H4/PBE/OUTCAR
pbe,C2H4_Cu111,Cu111,C2H4,dft_jobs,-256.09967859,-225.69788512,-31.970644,1.5688505299999989,ok,,complex: converged; slab: converged; molecule: converged,true,dft_jobs/C2H4_Cu111/PBE/OUTCAR,vasp_slab/Cu111/PBE/OUTCAR,vasp_mol/C2H4/PBE/OUTCAR
pbe,C2H4_Ir100,Ir100,C2H4,dft_jobs,-327.77829821,-294.40101414,-31.970644,-1.40664007000003,ok,,complex: converged; slab: converged; molecule: converged,true,dft_jobs/C2H4_Ir100/PBE/OUTCAR,vasp_slab/Ir100/PBE/OUTCAR,vasp_mol/C2H4/PBE/OUTCAR
pbe,C2H4_Ir110,Ir110,C2H4,dft_jobs,-219.56715357,-185.79278571,-31.970644,-1.8037238599999839,ok,,complex: converged; slab: converged; molecule: converged,true,dft_jobs/C2H4_Ir110/PBE/OUTCAR,vasp_slab/Ir110/PBE/OUTCAR,vasp_mol/C2H4/PBE/OUTCAR
pbe,C2H4_Ir111,Ir111,C2H4,dft_jobs,-571.07619916,-538.3119429,-31.970644,-0.7936122600000246,ok,,complex: converged; slab: converged; molecule: converged,true,dft_jobs/C2H4_Ir111/PBE/OUTCAR,vasp_slab/Ir111/PBE/OUTCAR,vasp_mol/C2H4/PBE/OUTCAR
pbe,C2H4_Pd100,Pd100,C2H4,dft_jobs,-208.3253476,-175.30179252,-31.970644,-1.0529110799999941,ok,,complex: converged; slab: converged; molecule: converged,true,dft_jobs/C2H4_Pd100/PBE/OUTCAR,vasp_slab/Pd100/PBE/OUTCAR,vasp_mol/C2H4/PBE/OUTCAR
pbe,C2H4_Pd110,Pd110,C2H4,dft_jobs,-143.88069052,-110.83417945,-31.970644,-1.0758670700000081,ok,,complex: converged; slab: converged; molecule: converged,true,dft_jobs/C2H4_Pd110/PBE/OUTCAR,vasp_slab/Pd110/PBE/OUTCAR,vasp_mol/C2H4/PBE/OUTCAR
pbe,C2H4_Pd111,Pd111,C2H4,dft_jobs,-210.78454392,-315.98876394,-31.970644,,slab_mismatch,"slab size mismatch: job has 36 Pd, reference has 64 Pd",complex: converged; slab: converged; molecule: converged,false,dft_jobs/C2H4_Pd111/PBE/OUTCAR,vasp_slab/Pd111/PBE/OUTCAR,vasp_mol/C2H4/PBE/OUTCAR
pbe,C2H4_Pt100,Pt100,C2H4,dft_jobs,-236.56705004,-203.0271286,-31.970644,-1.5692774400000005,ok,,complex: converged; slab: converged; molecule: converged,true,dft_jobs/C2H4_Pt100/PBE/OUTCAR,vasp_slab/Pt100/PBE/OUTCAR,vasp_mol/C2H4/PBE/OUTCAR
pbe,C2H4_Pt110,Pt110,C2H4,dft_jobs,-161.89584929,-128.30096322,-31.970644,-1.624242070000001,ok,,complex: converged; slab: converged; molecule: converged,true,dft_jobs/C2H4_Pt110/PBE/OUTCAR,vasp_slab/Pt110/PBE/OUTCAR,vasp_mol/C2H4/PBE/OUTCAR
pbe,C2H4_Pt111_bri,Pt111,C2H4,dft_jobs,,-370.79075302,-31.970644,,error,slab+mol: OUTCAR not found: dft_jobs/C2H4_Pt111_bri/PBE/OUTCAR,complex: missing; slab: converged; molecule: converged,false,dft_jobs/C2H4_Pt111_bri/PBE/OUTCAR,vasp_slab/Pt111/PBE/OUTCAR,vasp_mol/C2H4/PBE/OUTCAR
pbe,C2H4_Rh100,Rh100,C2H4,dft_jobs,-275.74829231,-242.27634007,-31.970644,-1.5013082400000073,ok,,complex: converged; slab: converged; molecule: converged,true,dft_jobs/C2H4_Rh100/PBE/OUTCAR,vasp_slab/Rh100/PBE/OUTCAR,vasp_mol/C2H4/PBE/OUTCAR
pbe,C2H4_Rh110,Rh110,C2H4,dft_jobs,-186.49862591,-153.0579593,-31.970644,-1.4700226099999938,ok,,complex: converged; slab: converged; molecule: converged,true,dft_jobs/C2H4_Rh110/PBE/OUTCAR,vasp_slab/Rh110/PBE/OUTCAR,vasp_mol/C2H4/PBE/OUTCAR
pbe,C2H4_Rh111,Rh111,C2H4,dft_jobs,-472.72388206,-439.14994289,-31.970644,-1.6032951700000169,ok,,complex: converged; slab: converged; molecule: converged,true,dft_jobs/C2H4_Rh111/PBE/OUTCAR,vasp_slab/Rh111/PBE/OUTCAR,vasp_mol/C2H4/PBE/OUTCAR
pbe,C2H5OH_Pt111_top,Pt111,C2H5OH,dft_jobs,,-370.79075302,-46.87586241,,error,slab+mol: OUTCAR not found: dft_jobs/C2H5OH_Pt111_top/PBE/OUTCAR,complex: missing; slab: converged; molecule: converged,false,dft_jobs/C2H5OH_Pt111_top/PBE/OUTCAR,vasp_slab/Pt111/PBE/OUTCAR,vasp_mol/CH3CH2OH/PBE/OUTCAR
pbe,C2H6_Ag100,Ag100,C2H6,dft_jobs,-200.71161601,-90.12407184,-40.49961679,,slab_mismatch,"slab size mismatch: job has 64 Ag, reference has 36 Ag",complex: converged; slab: converged; molecule: converged,false,dft_jobs/C2H6_Ag100/PBE/OUTCAR,vasp_slab/Ag100/PBE/OUTCAR,vasp_mol/C2H6/PBE/OUTCAR
pbe,C2H6_Ag110,Ag110,C2H6,dft_jobs,-98.25936337,-57.34530434,-40.49961679,-0.41444224000000673,ok,,complex: converged; slab: converged; molecule: converged,true,dft_jobs/C2H6_Ag110/PBE/OUTCAR,vasp_slab/Ag110/PBE/OUTCAR,vasp_mol/C2H6/PBE/OUTCAR
pbe,C2H6_Ag111,Ag111,C2H6,dft_jobs,-203.7994658,-162.0788939,-40.49961679,-1.2209551100000127,ok,,complex: converged; slab: converged; molecule: converged,true,dft_jobs/C2H6_Ag111/PBE/OUTCAR,vasp_slab/Ag111/PBE/OUTCAR,vasp_mol/C2H6/PBE/OUTCAR
pbe,C2H6_Au100,Au100,C2H6,dft_jobs,-232.35026109,-108.11108078,-40.49961679,,slab_mismatch,"slab size mismatch: job has 64 Au, reference has 36 Au",complex: converged; slab: converged; molecule: converged,false,dft_jobs/C2H6_Au100/PBE/OUTCAR,vasp_slab/Au100/PBE/OUTCAR,vasp_mol/C2H6/PBE/OUTCAR
pbe,C2H6_Au110,Au110,C2H6,dft_jobs,-224.75625869,-69.78140854,-40.49961679,,slab_mismatch,"slab size mismatch: job has 64 Au, reference has 24 Au",complex: converged; slab: converged; molecule: converged,false,dft_jobs/C2H6_Au110/PBE/OUTCAR,vasp_slab/Au110/PBE/OUTCAR,vasp_mol/C2H6/PBE/OUTCAR
pbe,C2H6_Au111,Au111,C2H6,dft_jobs,-150.79175248,-196.23589709,-40.49961679,,slab_mismatch,"slab size mismatch: job has 36 Au, reference has 64 Au",complex: converged; slab: converged; molecule: converged,false,dft_jobs/C2H6_Au111/PBE/OUTCAR,vasp_slab/Au111/PBE/OUTCAR,vasp_mol/C2H6/PBE/OUTCAR
pbe,C2H6_Cu100,Cu100,C2H6,dft_jobs,-260.28042256,-219.76682164,-40.49961679,-0.013984129999990103,ok,,complex: converged; slab: converged; molecule: converged,true,dft_jobs/C2H6_Cu100/PBE/OUTCAR,vasp_slab/Cu100/PBE/OUTCAR,vasp_mol/C2H6/PBE/OUTCAR
pbe,C2H6_Cu110,Cu110,C2H6,dft_jobs,-119.77277123,-79.75003338,-40.49961679,0.47687893999999886,ok,,complex: converged; slab: converged; molecule: converged,true,dft_jobs/C2H6_Cu110/PBE/OUTCAR,vasp_slab/Cu110/PBE/OUTCAR,vasp_mol/C2H6/PBE/OUTCAR
pbe,C2H6_Cu111,Cu111,C2H6,dft_jobs,-264.60444187,-225.69788512,-40.49961679,1.5930600399999761,ok,,complex: converged; slab: converged; molecule: converged,true,dft_jobs/C2H6_Cu111/PBE/OUTCAR,vasp_slab/Cu111/PBE/OUTCAR,vasp_mol/C2H6/PBE/OUTCAR
pbe,C2H6_Ir100,Ir100,C2H6,dft_jobs,-334.90333223,-294.40101414,-40.49961679,-0.0027013000000195575,ok,,complex: converged; slab: converged; molecule: converged,true,dft_jobs/C2H6_Ir100/PBE/OUTCAR,vasp_slab/Ir100/PBE/OUTCAR,vasp_mol/C2H6/PBE/OUTCAR
pbe,C2H6_Ir110,Ir110,C2H6,dft_jobs,-226.37183085,-185.79278571,-40.49961679,-0.0794283500000077,ok,,complex: converged; slab: converged; molecule: converged,true,dft_jobs/C2H6_Ir110/PBE/OUTCAR,vasp_slab/Ir110/PBE/OUTCAR,vasp_mol/C2H6/PBE/OUTCAR
pbe,C2H6_Ir111,Ir111,C2H6,dft_jobs,-578.8162701,-538.3119429,-40.49961679,-0.004710410000036802,ok,,complex: converged; slab: converged; molecule: converged,true,dft_jobs/C2H6_Ir111/PBE/OUTCAR,vasp_slab/Ir111/PBE/OUTCAR,vasp_mol/C2H6/PBE/OUTCAR
pbe,C2H6_Pd100,Pd100,C2H6,dft_jobs,-352.25532969,-175.30179252,-40.49961679,,slab_mismatch,"slab size mismatch: job has 64 Pd, reference has 36 Pd",complex: converged; slab: converged; molecule: converged,false,dft_jobs/C2H6_Pd100/PBE/OUTCAR,vasp_slab/Pd100/PBE/OUTCAR,vasp_mol/C2H6/PBE/OUTCAR
pbe,C2H6_Pd110,Pd110,C2H6,dft_jobs,-339.75800758,-110.83417945,-40.49961679,,slab_mismatch,"slab size mismatch: job has 64 Pd, reference has 24 Pd",complex: converged; slab: converged; molecule: converged,false,dft_jobs/C2H6_Pd110/PBE/OUTCAR,vasp_slab/Pd110/PBE/OUTCAR,vasp_mol/C2H6/PBE/OUTCAR
pbe,C2H6_Pd111,Pd111,C2H6,dft_jobs,-356.88643908,-315.98876394,-40.49961679,-0.39805834999999234,ok,,complex: converged; slab: converged; molecule: converged,true,dft_jobs/C2H6_Pd111/PBE/OUTCAR,vasp_slab/Pd111/PBE/OUTCAR,vasp_mol/C2H6/PBE/OUTCAR
pbe,C2H6_Pt100,Pt100,C2H6,dft_jobs,-403.64532931,-203.0271286,-40.49961679,,slab_mismatch,"slab size mismatch: job has 64 Pt, reference has 36 Pt",complex: converged; slab: converged; molecule: converged,false,dft_jobs/C2H6_Pt100/PBE/OUTCAR,vasp_slab/Pt100/PBE/OUTCAR,vasp_mol/C2H6/PBE/OUTCAR
pbe,C2H6_Pt110,Pt110,C2H6,dft_jobs,-389.84132884,-128.30096322,-40.49961679,,slab_mismatch,"slab size mismatch: job has 64 Pt, reference has 24 Pt",complex: converged; slab: converged; molecule: converged,false,dft_jobs/C2H6_Pt110/PBE/OUTCAR,vasp_slab/Pt110/PBE/OUTCAR,vasp_mol/C2H6/PBE/OUTCAR
pbe,C2H6_Rh100,Rh100,C2H6,dft_jobs,-283.14920643,-242.27634007,-40.49961679,-0.3732495699999916,ok,,complex: converged; slab: converged; molecule: converged,true,dft_jobs/C2H6_Rh100/PBE/OUTCAR,vasp_slab/Rh100/PBE/OUTCAR,vasp_mol/C2H6/PBE/OUTCAR
pbe,C2H6_Rh110,Rh110,C2H6,dft_jobs,-193.83985312,-153.0579593,-40.49961679,-0.28227702999999593,ok,,complex: converged; slab: converged; molecule: converged,true,dft_jobs/C2H6_Rh110/PBE/OUTCAR,vasp_slab/Rh110/PBE/OUTCAR,vasp_mol/C2H6/PBE/OUTCAR
pbe,C2H6_Rh111,Rh111,C2H6,dft_jobs,-480.35170229,-439.14994289,-40.49961679,-0.702142610000017,ok,,complex: converged; slab: converged; molecule: converged,true,dft_jobs/C2H6_Rh111/PBE/OUTCAR,vasp_slab/Rh111/PBE/OUTCAR,vasp_mol/C2H6/PBE/OUTCAR
pbe,CH3CH2OH_Ag100,Ag100,CH3CH2OH,dft_jobs,-207.21851899,-90.12407184,-46.87586241,,slab_mismatch,"slab size mismatch: job has 64 Ag, reference has 36 Ag",complex: converged; slab: converged; molecule: converged,false,dft_jobs/CH3CH2OH_Ag100/PBE/OUTCAR,vasp_slab/Ag100/PBE/OUTCAR,vasp_mol/CH3CH2OH/PBE/OUTCAR
pbe,CH3CH2OH_Ag110,Ag110,CH3CH2OH,dft_jobs,-199.95685537,-57.34530434,-46.87586241,,slab_mismatch,"slab size mismatch: job has 64 Ag, reference has 24 Ag",complex: converged; slab: converged; molecule: converged,false,dft_jobs/CH3CH2OH_Ag110/PBE/OUTCAR,vasp_slab/Ag110/PBE/OUTCAR,vasp_mol/CH3CH2OH/PBE/OUTCAR
pbe,CH3CH2OH_Ag111,Ag111,CH3CH2OH,dft_jobs,-210.27166512,-162.0788939,-46.87586241,-1.316908809999994,ok,,complex: converged; slab: converged; molecule: converged,true,dft_jobs/CH3CH2OH_Ag111/PBE/OUTCAR,vasp_slab/Ag111/PBE/OUTCAR,vasp_mol/CH3CH2OH/PBE/OUTCAR
pbe,CH3CH2OH_Au100,Au100,CH3CH2OH,dft_jobs,-238.8220547,-108.11108078,-46.87586241,,slab_mismatch,"slab size mismatch: job has 64 Au, reference has 36 Au",complex: converged; slab: converged; molecule: converged,false,dft_jobs/CH3CH2OH_Au100/PBE/OUTCAR,vasp_slab/Au100/PBE/OUTCAR,vasp_mol/CH3CH2OH/PBE/OUTCAR
pbe,CH3CH2OH_Au110,Au110,CH3CH2OH,dft_jobs,-231.32789408,-69.78140854,-46.87586241,,slab_mismatch,"slab size mismatch: job has 64 Au, reference has 24 Au",complex: converged; slab: converged; molecule: converged,false,dft_jobs/CH3CH2OH_Au110/PBE/OUTCAR,vasp_slab/Au110/PBE/OUTCAR,vasp_mol/CH3CH2OH/PBE/OUTCAR
pbe,CH3CH2OH_Au111,Au111,CH3CH2OH,dft_jobs,-157.21583872,-196.23589709,-46.87586241,,slab_mismatch,"slab size mismatch: job has 36 Au, reference has 64 Au",complex: converged; slab: converged; molecule: converged,false,dft_jobs/CH3CH2OH_Au111/PBE/OUTCAR,vasp_slab/Au111/PBE/OUTCAR,vasp_mol/CH3CH2OH/PBE/OUTCAR
pbe,CH3CH2OH_Cu100,Cu100,CH3CH2OH,dft_jobs,-266.87995185,-219.76682164,-46.87586241,-0.23726780000000502,ok,,complex: converged; slab: converged; molecule: converged,true,dft_jobs/CH3CH2OH_Cu100/PBE/OUTCAR,vasp_slab/Cu100/PBE/OUTCAR,vasp_mol/CH3CH2OH/PBE/OUTCAR
pbe,CH3CH2OH_Cu110,Cu110,CH3CH2OH,dft_jobs,-256.84761617,-79.75003338,-46.87586241,,slab_mismatch,"slab size mismatch: job has 64 Cu, reference has 24 Cu",complex: converged; slab: converged; molecule: converged,false,dft_jobs/CH3CH2OH_Cu110/PBE/OUTCAR,vasp_slab/Cu110/PBE/OUTCAR,vasp_mol/CH3CH2OH/PBE/OUTCAR
pbe,CH3CH2OH_Cu111,Cu111,CH3CH2OH,dft_jobs,-271.08108247,-225.69788512,-46.87586241,1.492665059999986,ok,,complex: converged; slab: converged; molecule: converged,true,dft_jobs/CH3CH2OH_Cu111/PBE/OUTCAR,vasp_slab/Cu111/PBE/OUTCAR,vasp_mol/CH3CH2OH/PBE/OUTCAR
pbe,CH3CH2OH_Ir100,Ir100,CH3CH2OH,dft_jobs,-341.81019805,-294.40101414,-46.87586241,-0.5333215000000209,ok,,complex: converged; slab: converged; molecule: converged,true,dft_jobs/CH3CH2OH_Ir100/PBE/OUTCAR,vasp_slab/Ir100/PBE/OUTCAR,vasp_mol/CH3CH2OH/PBE/OUTCAR
pbe,CH3CH2OH_Ir110,Ir110,CH3CH2OH,dft_jobs,-233.36916289,-185.79278571,-46.87586241,-0.7005147700000052,ok,,complex: converged; slab: converged; molecule: converged,true,dft_jobs/CH3CH2OH_Ir110/PBE/OUTCAR,vasp_slab/Ir110/PBE/OUTCAR,vasp_mol/CH3CH2OH/PBE/OUTCAR
pbe,CH3CH2OH_Ir111,Ir111,CH3CH2OH,dft_jobs,-585.52231184,-538.3119429,-46.87586241,-0.3345065300000769,ok,,complex: converged; slab: converged; molecule: converged,true,dft_jobs/CH3CH2OH_Ir111/PBE/OUTCAR,vasp_slab/Ir111/PBE/OUTCAR,vasp_mol/CH3CH2OH/PBE/OUTCAR
pbe,CH3CH2OH_Pd100,Pd100,CH3CH2OH,dft_jobs,-358.86121569,-175.30179252,-46.87586241,,slab_mismatch,"slab size mismatch: job has 64 Pd, reference has 36 Pd",complex: converged; slab: converged; molecule: converged,false,dft_jobs/CH3CH2OH_Pd100/PBE/OUTCAR,vasp_slab/Pd100/PBE/OUTCAR,vasp_mol/CH3CH2OH/PBE/OUTCAR
pbe,CH3CH2OH_Pd110,Pd110,CH3CH2OH,dft_jobs,-346.51947675,-110.83417945,-46.87586241,,slab_mismatch,"slab size mismatch: job has 64 Pd, reference has 24 Pd",complex: converged; slab: converged; molecule: converged,false,dft_jobs/CH3CH2OH_Pd110/PBE/OUTCAR,vasp_slab/Pd110/PBE/OUTCAR,vasp_mol/CH3CH2OH/PBE/OUTCAR
pbe,CH3CH2OH_Pd111,Pd111,CH3CH2OH,dft_jobs,-363.50730647,-315.98876394,-46.87586241,-0.6426801199999872,ok,,complex: converged; slab: converged; molecule: converged,true,dft_jobs/CH3CH2OH_Pd111/PBE/OUTCAR,vasp_slab/Pd111/PBE/OUTCAR,vasp_mol/CH3CH2OH/PBE/OUTCAR
pbe,CH3CH2OH_Pt100,Pt100,CH3CH2OH,dft_jobs,-410.37570826,-203.0271286,-46.87586241,,slab_mismatch,"slab size mismatch: job has 64 Pt, reference has 36 Pt",complex: converged; slab: converged; molecule: converged,false,dft_jobs/CH3CH2OH_Pt100/PBE/OUTCAR,vasp_slab/Pt100/PBE/OUTCAR,vasp_mol/CH3CH2OH/PBE/OUTCAR
pbe,CH3CH2OH_Pt110,Pt110,CH3CH2OH,dft_jobs,-396.62838933,-128.30096322,-46.87586241,,slab_mismatch,"slab size mismatch: job has 64 Pt, reference has 24 Pt",complex: converged; slab: converged; molecule: converged,false,dft_jobs/CH3CH2OH_Pt110/PBE/OUTCAR,vasp_slab/Pt110/PBE/OUTCAR,vasp_mol/CH3CH2OH/PBE/OUTCAR
pbe,CH3CH2OH_Rh100,Rh100,CH3CH2OH,dft_jobs,-289.92782254,-242.27634007,-46.87586241,-0.7756200600000156,ok,,complex: converged; slab: converged; molecule: converged,true,dft_jobs/CH3CH2OH_Rh100/PBE/OUTCAR,vasp_slab/Rh100/PBE/OUTCAR,vasp_mol/CH3CH2OH/PBE/OUTCAR
pbe,CH3CH2OH_Rh110,Rh110,CH3CH2OH,dft_jobs,-200.81889658,-153.0579593,-46.87586241,-0.885074870000004,ok,,complex: converged; slab: converged; molecule: converged,true,dft_jobs/CH3CH2OH_Rh110/PBE/OUTCAR,vasp_slab/Rh110/PBE/OUTCAR,vasp_mol/CH3CH2OH/PBE/OUTCAR
pbe,CH3CH2OH_Rh111,Rh111,CH3CH2OH,dft_jobs,-487.07322499,-439.14994289,-46.87586241,-1.0474196900000479,ok,,complex: converged; slab: converged; molecule: converged,true,dft_jobs/CH3CH2OH_Rh111/PBE/OUTCAR,vasp_slab/Rh111/PBE/OUTCAR,vasp_mol/CH3CH2OH/PBE/OUTCAR
pbe,CH3CHO_Ag100,Ag100,CH3CHO,dft_jobs,-129.95219691,-90.12407184,-39.10941587,-0.7187091999999993,ok,,complex: converged; slab: converged; molecule: converged,true,dft_jobs/CH3CHO_Ag100/PBE/OUTCAR,vasp_slab/Ag100/PBE/OUTCAR,vasp_mol/CH3CHO/PBE/OUTCAR
pbe,CH3CHO_Ag110,Ag110,CH3CHO,dft_jobs,-96.96590691,-57.34530434,-39.10941587,-0.5111867000000032,ok,,complex: converged; slab: converged; molecule: converged,true,dft_jobs/CH3CHO_Ag110/PBE/OUTCAR,vasp_slab/Ag110/PBE/OUTCAR,vasp_mol/CH3CHO/PBE/OUTCAR
pbe,CH3CHO_Ag111,Ag111,CH3CHO,dft_jobs,-131.38533012,-162.0788939,-39.10941587,,slab_mismatch,"slab size mismatch: job has 36 Ag, reference has 64 Ag",complex: converged; slab: converged; molecule: converged,false,dft_jobs/CH3CHO_Ag111/PBE/OUTCAR,vasp_slab/Ag111/PBE/OUTCAR,vasp_mol/CH3CHO/PBE/OUTCAR
pbe,CH3CHO_Au100,Au100,CH3CHO,dft_jobs,-231.03476385,-108.11108078,-39.10941587,,slab_mismatch,"slab size mismatch: job has 64 Au, reference has 36 Au",complex: converged; slab: converged; molecule: converged,false,dft_jobs/CH3CHO_Au100/PBE/OUTCAR,vasp_slab/Au100/PBE/OUTCAR,vasp_mol/CH3CHO/PBE/OUTCAR
pbe,CH3CHO_Au110,Au110,CH3CHO,dft_jobs,-223.5306294,-69.78140854,-39.10941587,,slab_mismatch,"slab size mismatch: job has 64 Au, reference has 24 Au",complex: converged; slab: converged; molecule: converged,false,dft_jobs/CH3CHO_Au110/PBE/OUTCAR,vasp_slab/Au110/PBE/OUTCAR,vasp_mol/CH3CHO/PBE/OUTCAR
pbe,CH3CHO_Au111,Au111,CH3CHO,dft_jobs,-149.43850653,-196.23589709,-39.10941587,,slab_mismatch,"slab size mismatch: job has 36 Au, reference has 64 Au",complex: converged; slab: converged; molecule: converged,false,dft_jobs/CH3CHO_Au111/PBE/OUTCAR,vasp_slab/Au111/PBE/OUTCAR,vasp_mol/CH3CHO/PBE/OUTCAR
pbe,CH3CHO_Cu100,Cu100,CH3CHO,dft_jobs,-259.08479067,-219.76682164,-39.10941587,-0.20855316000002944,ok,,complex: converged; slab: converged; molecule: converged,true,dft_jobs/CH3CHO_Cu100/PBE/OUTCAR,vasp_slab/Cu100/PBE/OUTCAR,vasp_mol/CH3CHO/PBE/OUTCAR
pbe,CH3CHO_Cu110,Cu110,CH3CHO,dft_jobs,-118.61976517,-79.75003338,-39.10941587,0.23968408000001062,ok,,complex: converged; slab: converged; molecule: converged,true,dft_jobs/CH3CHO_Cu110/PBE/OUTCAR,vasp_slab/Cu110/PBE/OUTCAR,vasp_mol/CH3CHO/PBE/OUTCAR
pbe,CH3CHO_Cu111,Cu111,CH3CHO,dft_jobs,-263.35615569,-225.69788512,-39.10941587,1.4511453000000145,ok,,complex: converged; slab: converged; molecule: converged,true,dft_jobs/CH3CHO_Cu111/PBE/OUTCAR,vasp_slab/Cu111/PBE/OUTCAR,vasp_mol/CH3CHO/PBE/OUTCAR
pbe,CH3CHO_Ir100,Ir100,CH3CHO,dft_jobs,-334.09612538,-294.40101414,-39.10941587,-0.5856953700000176,ok,,complex: converged; slab: converged; molecule: converged,true,dft_jobs/CH3CHO_Ir100/PBE/OUTCAR,vasp_slab/Ir100/PBE/OUTCAR,vasp_mol/CH3CHO/PBE/OUTCAR
pbe,CH3CHO_Ir110,Ir110,CH3CHO,dft_jobs,-225.68991863,-185.79278571,-39.10941587,-0.7877170499999906,ok,,complex: converged; slab: converged; molecule: converged,true,dft_jobs/CH3CHO_Ir110/PBE/OUTCAR,vasp_slab/Ir110/PBE/OUTCAR,vasp_mol/CH3CHO/PBE/OUTCAR
pbe,CH3CHO_Ir111,Ir111,CH3CHO,dft_jobs,-577.77525132,-538.3119429,-39.10941587,-0.35389255000009,ok,,complex: converged; slab: converged; molecule: converged,true,dft_jobs/CH3CHO_Ir111/PBE/OUTCAR,vasp_slab/Ir111/PBE/OUTCAR,vasp_mol/CH3CHO/PBE/OUTCAR
pbe,CH3CHO_Pd100,Pd100,CH3CHO,dft_jobs,-214.84477505,-175.30179252,-39.10941587,-0.4335666600000181,ok,,complex: converged; slab: converged; molecule: converged,true,dft_jobs/CH3CHO_Pd100/PBE/OUTCAR,vasp_slab/Pd100/PBE/OUTCAR,vasp_mol/CH3CHO/PBE/OUTCAR
pbe,CH3CHO_Pd110,Pd110,CH3CHO,dft_jobs,-150.33856737,-110.83417945,-39.10941587,-0.3949720499999998,ok,,complex: converged; slab: converged; molecule: converged,true,dft_jobs/CH3CHO_Pd110/PBE/OUTCAR,vasp_slab/Pd110/PBE/OUTCAR,vasp_mol/CH3CHO/PBE/OUTCAR
pbe,CH3CHO_Pd111,Pd111,CH3CHO,dft_jobs,-217.4020701,-315.98876394,-39.10941587,,slab_mismatch,"slab size mismatch: job has 36 Pd, reference has 64 Pd",complex: converged; slab: converged; molecule: converged,false,dft_jobs/CH3CHO_Pd111/PBE/OUTCAR,vasp_slab/Pd111/PBE/OUTCAR,vasp_mol/CH3CHO/PBE/OUTCAR
pbe,CH3CHO_Pt100,Pt100,CH3CHO,dft_jobs,-242.84763045,-203.0271286,-39.10941587,-0.71108598,ok,,complex: converged; slab: converged; molecule: converged,true,dft_jobs/CH3CHO_Pt100/PBE/OUTCAR,vasp_slab/Pt100/PBE/OUTCAR,vasp_mol/CH3CHO/PBE/OUTCAR
pbe,CH3CHO_Pt110,Pt110,CH3CHO,dft_jobs,-168.13737512,-128.30096322,-39.10941587,-0.7269960300000022,ok,,complex: converged; slab: converged; molecule: converged,true,dft_jobs/CH3CHO_Pt110/PBE/OUTCAR,vasp_slab/Pt110/PBE/OUTCAR,vasp_mol/CH3CHO/PBE/OUTCAR
pbe,CH3CHO_Pt111_top,Pt111,CH3CHO,dft_jobs,,-370.79075302,-39.10941587,,error,slab+mol: OUTCAR not found: dft_jobs/CH3CHO_Pt111_top/PBE/OUTCAR,complex: missing; slab: converged; molecule: converged,false,dft_jobs/CH3CHO_Pt111_top/PBE/OUTCAR,vasp_slab/Pt111/PBE/OUTCAR,vasp_mol/CH3CHO/PBE/OUTCAR
pbe,CH3CHO_Rh100,Rh100,CH3CHO,dft_jobs,-282.16167955,-242.27634007,-39.10941587,-0.7759236099999711,ok,,complex: converged; slab: converged; molecule: converged,true,dft_jobs/CH3CHO_Rh100/PBE/OUTCAR,vasp_slab/Rh100/PBE/OUTCAR,vasp_mol/CH3CHO/PBE/OUTCAR
pbe,CH3CHO_Rh110,Rh110,CH3CHO,dft_jobs,-193.45155265,-153.0579593,-39.10941587,-1.2841774800000039,ok,,complex: converged; slab: converged; molecule: converged,true,dft_jobs/CH3CHO_Rh110/PBE/OUTCAR,vasp_slab/Rh110/PBE/OUTCAR,vasp_mol/CH3CHO/PBE/OUTCAR
pbe,CH3CHO_Rh111,Rh111,CH3CHO,dft_jobs,-479.2632062,-439.14994289,-39.10941587,-1.0038474400000368,ok,,complex: converged; slab: converged; molecule: converged,true,dft_jobs/CH3CHO_Rh111/PBE/OUTCAR,vasp_slab/Rh111/PBE/OUTCAR,vasp_mol/CH3CHO/PBE/OUTCAR
pbe,CH3COOH_Ag100,Ag100,CH3COOH,dft_jobs,-137.71122653,-90.12407184,-21.02186634,,bad_reference,implausible E_ads=-26.565 eV (|E_ads| > 5.0 eV),complex: converged; slab: converged; molecule: unfinished,false,dft_jobs/CH3COOH_Ag100/PBE/OUTCAR,vasp_slab/Ag100/PBE/OUTCAR,vasp_mol/CH3COOH/PBE/OUTCAR
pbe,CH3COOH_Ag110,Ag110,CH3COOH,dft_jobs,-104.73884778,-57.34530434,-21.02186634,,bad_reference,implausible E_ads=-26.372 eV (|E_ads| > 5.0 eV),complex: converged; slab: converged; molecule: unfinished,false,dft_jobs/CH3COOH_Ag110/PBE/OUTCAR,vasp_slab/Ag110/PBE/OUTCAR,vasp_mol/CH3COOH/PBE/OUTCAR
pbe,CH3COOH_Ag111,Ag111,CH3COOH,dft_jobs,-139.12518205,-162.0788939,-21.02186634,,slab_mismatch,"slab size mismatch: job has 36 Ag, reference has 64 Ag",complex: converged; slab: converged; molecule: unfinished,false,dft_jobs/CH3COOH_Ag111/PBE/OUTCAR,vasp_slab/Ag111/PBE/OUTCAR,vasp_mol/CH3COOH/PBE/OUTCAR
pbe,CH3COOH_Au100,Au100,CH3COOH,dft_jobs,-238.73000486,-108.11108078,-21.02186634,,slab_mismatch,"slab size mismatch: job has 64 Au, reference has 36 Au",complex: converged; slab: converged; molecule: unfinished,false,dft_jobs/CH3COOH_Au100/PBE/OUTCAR,vasp_slab/Au100/PBE/OUTCAR,vasp_mol/CH3COOH/PBE/OUTCAR
pbe,CH3COOH_Au110,Au110,CH3COOH,dft_jobs,-231.24138408,-69.78140854,-21.02186634,,slab_mismatch,"slab size mismatch: job has 64 Au, reference has 24 Au",complex: converged; slab: converged; molecule: unfinished,false,dft_jobs/CH3COOH_Au110/PBE/OUTCAR,vasp_slab/Au110/PBE/OUTCAR,vasp_mol/CH3COOH/PBE/OUTCAR
pbe,CH3COOH_Au111,Au111,CH3COOH,dft_jobs,-157.12704227,-196.23589709,-21.02186634,,slab_mismatch,"slab size mismatch: job has 36 Au, reference has 64 Au",complex: converged; slab: converged; molecule: unfinished,false,dft_jobs/CH3COOH_Au111/PBE/OUTCAR,vasp_slab/Au111/PBE/OUTCAR,vasp_mol/CH3COOH/PBE/OUTCAR
pbe,CH3COOH_Cu100,Cu100,CH3COOH,dft_jobs,-266.82366743,-219.76682164,-21.02186634,,bad_reference,implausible E_ads=-26.035 eV (|E_ads| > 5.0 eV),complex: converged; slab: converged; molecule: unfinished,false,dft_jobs/CH3COOH_Cu100/PBE/OUTCAR,vasp_slab/Cu100/PBE/OUTCAR,vasp_mol/CH3COOH/PBE/OUTCAR
pbe,CH3COOH_Cu110,Cu110,CH3COOH,dft_jobs,-126.42552785,-79.75003338,-21.02186634,,bad_reference,implausible E_ads=-25.654 eV (|E_ads| > 5.0 eV),complex: converged; slab: converged; molecule: unfinished,false,dft_jobs/CH3COOH_Cu110/PBE/OUTCAR,vasp_slab/Cu110/PBE/OUTCAR,vasp_mol/CH3COOH/PBE/OUTCAR
pbe,CH3COOH_Cu111,Cu111,CH3COOH,dft_jobs,-271.08230881,-225.69788512,-21.02186634,,bad_reference,implausible E_ads=-24.363 eV (|E_ads| > 5.0 eV),complex: converged; slab: converged; molecule: unfinished,false,dft_jobs/CH3COOH_Cu111/PBE/OUTCAR,vasp_slab/Cu111/PBE/OUTCAR,vasp_mol/CH3COOH/PBE/OUTCAR
pbe,CH3COOH_Ir100,Ir100,CH3COOH,dft_jobs,-341.85022975,-294.40101414,-21.02186634,,bad_reference,implausible E_ads=-26.427 eV (|E_ads| > 5.0 eV),complex: converged; slab: converged; molecule: unfinished,false,dft_jobs/CH3COOH_Ir100/PBE/OUTCAR,vasp_slab/Ir100/PBE/OUTCAR,vasp_mol/CH3COOH/PBE/OUTCAR
pbe,CH3COOH_Ir110,Ir110,CH3COOH,dft_jobs,-233.43873226,-185.79278571,-21.02186634,,bad_reference,implausible E_ads=-26.624 eV (|E_ads| > 5.0 eV),complex: converged; slab: converged; molecule: unfinished,false,dft_jobs/CH3COOH_Ir110/PBE/OUTCAR,vasp_slab/Ir110/PBE/OUTCAR,vasp_mol/CH3COOH/PBE/OUTCAR
pbe,CH3COOH_Ir111,Ir111,CH3COOH,dft_jobs,-585.45138675,-538.3119429,-21.02186634,,bad_reference,implausible E_ads=-26.118 eV (|E_ads| > 5.0 eV),complex: converged; slab: converged; molecule: unfinished,false,dft_jobs/CH3COOH_Ir111/PBE/OUTCAR,vasp_slab/Ir111/PBE/OUTCAR,vasp_mol/CH3COOH/PBE/OUTCAR
pbe,CH3COOH_Pd100,Pd100,CH3COOH,dft_jobs,-222.64637354,-175.30179252,-21.02186634,,bad_reference,implausible E_ads=-26.323 eV (|E_ads| > 5.0 eV),complex: converged; slab: converged; molecule: unfinished,false,dft_jobs/CH3COOH_Pd100/PBE/OUTCAR,vasp_slab/Pd100/PBE/OUTCAR,vasp_mol/CH3COOH/PBE/OUTCAR
pbe,CH3COOH_Pd110,Pd110,CH3COOH,dft_jobs,-158.16834115,-110.83417945,-21.02186634,,bad_reference,implausible E_ads=-26.312 eV (|E_ads| > 5.0 eV),complex: converged; slab: converged; molecule: unfinished,false,dft_jobs/CH3COOH_Pd110/PBE/OUTCAR,vasp_slab/Pd110/PBE/OUTCAR,vasp_mol/CH3COOH/PBE/OUTCAR
pbe,CH3COOH_Pd111,Pd111,CH3COOH,dft_jobs,-225.1920728,-315.98876394,-21.02186634,,slab_mismatch,"slab size mismatch: job has 36 Pd, reference has 64 Pd",complex: converged; slab: converged; molecule: unfinished,false,dft_jobs/CH3COOH_Pd111/PBE/OUTCAR,vasp_slab/Pd111/PBE/OUTCAR,vasp_mol/CH3COOH/PBE/OUTCAR
pbe,CH3COOH_Pt100,Pt100,CH3COOH,dft_jobs,-250.6941284,-203.0271286,-21.02186634,,bad_reference,implausible E_ads=-26.645 eV (|E_ads| > 5.0 eV),complex: converged; slab: converged; molecule: unfinished,false,dft_jobs/CH3COOH_Pt100/PBE/OUTCAR,vasp_slab/Pt100/PBE/OUTCAR,vasp_mol/CH3COOH/PBE/OUTCAR
pbe,CH3COOH_Pt110,Pt110,CH3COOH,dft_jobs,-175.93596145,-128.30096322,-21.02186634,,bad_reference,implausible E_ads=-26.613 eV (|E_ads| > 5.0 eV),complex: converged; slab: converged; molecule: unfinished,false,dft_jobs/CH3COOH_Pt110/PBE/OUTCAR,vasp_slab/Pt110/PBE/OUTCAR,vasp_mol/CH3COOH/PBE/OUTCAR
pbe,CH3COOH_Pt111_top,Pt111,CH3COOH,dft_jobs,,-370.79075302,-21.02186634,,error,slab+mol: OUTCAR not found: dft_jobs/CH3COOH_Pt111_top/PBE/OUTCAR,complex: missing; slab: converged; molecule: unfinished,false,dft_jobs/CH3COOH_Pt111_top/PBE/OUTCAR,vasp_slab/Pt111/PBE/OUTCAR,vasp_mol/CH3COOH/PBE/OUTCAR
pbe,CH3COOH_Rh100,Rh100,CH3COOH,dft_jobs,-289.98703424,-242.27634007,-21.02186634,,bad_reference,implausible E_ads=-26.689 eV (|E_ads| > 5.0 eV),complex: converged; slab: converged; molecule: unfinished,false,dft_jobs/CH3COOH_Rh100/PBE/OUTCAR,vasp_slab/Rh100/PBE/OUTCAR,vasp_mol/CH3COOH/PBE/OUTCAR
pbe,CH3COOH_Rh110,Rh110,CH3COOH,dft_jobs,-200.84144882,-153.0579593,-21.02186634,,bad_reference,implausible E_ads=-26.762 eV (|E_ads| > 5.0 eV),complex: converged; slab: converged; molecule: unfinished,false,dft_jobs/CH3COOH_Rh110/PBE/OUTCAR,vasp_slab/Rh110/PBE/OUTCAR,vasp_mol/CH3COOH/PBE/OUTCAR
pbe,CH3COOH_Rh111,Rh111,CH3COOH,dft_jobs,-487.05017887,-439.14994289,-21.02186634,,bad_reference,implausible E_ads=-26.878 eV (|E_ads| > 5.0 eV),complex: converged; slab: converged; molecule: unfinished,false,dft_jobs/CH3COOH_Rh111/PBE/OUTCAR,vasp_slab/Rh111/PBE/OUTCAR,vasp_mol/CH3COOH/PBE/OUTCAR
pbe,CH3OCH3_Ag100,Ag100,CH3OCH3,dft_jobs,-137.23932483,-90.12407184,-41.77152124,,bad_reference,implausible E_ads=-5.344 eV (|E_ads| > 5.0 eV),complex: converged; slab: converged; molecule: unfinished,false,dft_jobs/CH3OCH3_Ag100/PBE/OUTCAR,vasp_slab/Ag100/PBE/OUTCAR,vasp_mol/CH3OCH3/PBE/OUTCAR
pbe,CH3OCH3_Ag110,Ag110,CH3OCH3,dft_jobs,-104.27691644,-57.34530434,-41.77152124,,bad_reference,implausible E_ads=-5.160 eV (|E_ads| > 5.0 eV),complex: converged; slab: converged; molecule: unfinished,false,dft_jobs/CH3OCH3_Ag110/PBE/OUTCAR,vasp_slab/Ag110/PBE/OUTCAR,vasp_mol/CH3OCH3/PBE/OUTCAR
pbe,CH3OCH3_Ag111,Ag111,CH3OCH3,dft_jobs,-138.67977025,-162.0788939,-41.77152124,,slab_mismatch,"slab size mismatch: job has 36 Ag, reference has 64 Ag",complex: converged; slab: converged; molecule: unfinished,false,dft_jobs/CH3OCH3_Ag111/PBE/OUTCAR,vasp_slab/Ag111/PBE/OUTCAR,vasp_mol/CH3OCH3/PBE/OUTCAR
pbe,CH3OCH3_Au100,Au100,CH3OCH3,dft_jobs,-238.30316464,-108.11108078,-41.77152124,,slab_mismatch,"slab size mismatch: job has 64 Au, reference has 36 Au",complex: converged; slab: converged; molecule: unfinished,false,dft_jobs/CH3OCH3_Au100/PBE/OUTCAR,vasp_slab/Au100/PBE/OUTCAR,vasp_mol/CH3OCH3/PBE/OUTCAR
pbe,CH3OCH3_Au110,Au110,CH3OCH3,dft_jobs,-230.78470437,-69.78140854,-41.77152124,,slab_mismatch,"slab size mismatch: job has 64 Au, reference has 24 Au",complex: converged; slab: converged; molecule: unfinished,false,dft_jobs/CH3OCH3_Au110/PBE/OUTCAR,vasp_slab/Au110/PBE/OUTCAR,vasp_mol/CH3OCH3/PBE/OUTCAR
pbe,CH3OCH3_Au111,Au111,CH3OCH3,dft_jobs,-156.701821,-196.23589709,-41.77152124,,slab_mismatch,"slab size mismatch: job has 36 Au, reference has 64 Au",complex: converged; slab: converged; molecule: unfinished,false,dft_jobs/CH3OCH3_Au111/PBE/OUTCAR,vasp_slab/Au111/PBE/OUTCAR,vasp_mol/CH3OCH3/PBE/OUTCAR
pbe,CH3OCH3_Cu100,Cu100,CH3OCH3,dft_jobs,-266.29411626,-219.76682164,-41.77152124,-4.755773380000022,ok,,complex: converged; slab: converged; molecule: unfinished,false,dft_jobs/CH3OCH3_Cu100/PBE/OUTCAR,vasp_slab/Cu100/PBE/OUTCAR,vasp_mol/CH3OCH3/PBE/OUTCAR
pbe,CH3OCH3_Cu110,Cu110,CH3OCH3,dft_jobs,-125.85882762,-79.75003338,-41.77152124,-4.337272999999996,ok,,complex: converged; slab: converged; molecule: unfinished,false,dft_jobs/CH3OCH3_Cu110/PBE/OUTCAR,vasp_slab/Cu110/PBE/OUTCAR,vasp_mol/CH3OCH3/PBE/OUTCAR
pbe,CH3OCH3_Cu111,Cu111,CH3OCH3,dft_jobs,-270.52867103,-225.69788512,-41.77152124,-3.0592646700000046,ok,,complex: converged; slab: converged; molecule: unfinished,false,dft_jobs/CH3OCH3_Cu111/PBE/OUTCAR,vasp_slab/Cu111/PBE/OUTCAR,vasp_mol/CH3OCH3/PBE/OUTCAR
pbe,CH3OCH3_Ir100,Ir100,CH3OCH3,dft_jobs,-341.13732792,-294.40101414,-41.77152124,-4.964792540000047,ok,,complex: converged; slab: converged; molecule: unfinished,false,dft_jobs/CH3OCH3_Ir100/PBE/OUTCAR,vasp_slab/Ir100/PBE/OUTCAR,vasp_mol/CH3OCH3/PBE/OUTCAR
pbe,CH3OCH3_Ir110,Ir110,CH3OCH3,dft_jobs,-232.72504105,-185.79278571,-41.77152124,,bad_reference,implausible E_ads=-5.161 eV (|E_ads| > 5.0 eV),complex: converged; slab: converged; molecule: unfinished,false,dft_jobs/CH3OCH3_Ir110/PBE/OUTCAR,vasp_slab/Ir110/PBE/OUTCAR,vasp_mol/CH3OCH3/PBE/OUTCAR
pbe,CH3OCH3_Ir111,Ir111,CH3OCH3,dft_jobs,-584.89735193,-538.3119429,-41.77152124,-4.813887790000052,ok,,complex: converged; slab: converged; molecule: unfinished,false,dft_jobs/CH3OCH3_Ir111/PBE/OUTCAR,vasp_slab/Ir111/PBE/OUTCAR,vasp_mol/CH3OCH3/PBE/OUTCAR
pbe,CH3OCH3_Pd100,Pd100,CH3OCH3,dft_jobs,-222.05417189,-175.30179252,-41.77152124,-4.980858130000001,ok,,complex: converged; slab: converged; molecule: unfinished,false,dft_jobs/CH3OCH3_Pd100/PBE/OUTCAR,vasp_slab/Pd100/PBE/OUTCAR,vasp_mol/CH3OCH3/PBE/OUTCAR
pbe,CH3OCH3_Pd110,Pd110,CH3OCH3,dft_jobs,-157.59847337,-110.83417945,-41.77152124,-4.992772680000002,ok,,complex: converged; slab: converged; molecule: unfinished,false,dft_jobs/CH3OCH3_Pd110/PBE/OUTCAR,vasp_slab/Pd110/PBE/OUTCAR,vasp_mol/CH3OCH3/PBE/OUTCAR
pbe,CH3OCH3_Pd111,Pd111,CH3OCH3,dft_jobs,-224.66288728,-315.98876394,-41.77152124,,slab_mismatch,"slab size mismatch: job has 36 Pd, reference has 64 Pd",complex: converged; slab: converged; molecule: unfinished,false,dft_jobs/CH3OCH3_Pd111/PBE/OUTCAR,vasp_slab/Pd111/PBE/OUTCAR,vasp_mol/CH3OCH3/PBE/OUTCAR
pbe,CH3OCH3_Pt100,Pt100,CH3OCH3,dft_jobs,-250.08654213,-203.0271286,-41.77152124,,bad_reference,implausible E_ads=-5.288 eV (|E_ads| > 5.0 eV),complex: converged; slab: converged; molecule: unfinished,false,dft_jobs/CH3OCH3_Pt100/PBE/OUTCAR,vasp_slab/Pt100/PBE/OUTCAR,vasp_mol/CH3OCH3/PBE/OUTCAR
pbe,CH3OCH3_Pt110,Pt110,CH3OCH3,dft_jobs,-175.35913586,-128.30096322,-41.77152124,,bad_reference,implausible E_ads=-5.287 eV (|E_ads| > 5.0 eV),complex: converged; slab: converged; molecule: unfinished,false,dft_jobs/CH3OCH3_Pt110/PBE/OUTCAR,vasp_slab/Pt110/PBE/OUTCAR,vasp_mol/CH3OCH3/PBE/OUTCAR
pbe,CH3OCH3_Rh100,Rh100,CH3OCH3,dft_jobs,-289.33259092,-242.27634007,-41.77152124,,bad_reference,implausible E_ads=-5.285 eV (|E_ads| > 5.0 eV),complex: converged; slab: converged; molecule: unfinished,false,dft_jobs/CH3OCH3_Rh100/PBE/OUTCAR,vasp_slab/Rh100/PBE/OUTCAR,vasp_mol/CH3OCH3/PBE/OUTCAR
pbe,CH3OCH3_Rh110,Rh110,CH3OCH3,dft_jobs,-200.19035345,-153.0579593,-41.77152124,,bad_reference,implausible E_ads=-5.361 eV (|E_ads| > 5.0 eV),complex: converged; slab: converged; molecule: unfinished,false,dft_jobs/CH3OCH3_Rh110/PBE/OUTCAR,vasp_slab/Rh110/PBE/OUTCAR,vasp_mol/CH3OCH3/PBE/OUTCAR
pbe,CH3OCH3_Rh111,Rh111,CH3OCH3,dft_jobs,-486.46409643,-439.14994289,-41.77152124,,bad_reference,implausible E_ads=-5.543 eV (|E_ads| > 5.0 eV),complex: converged; slab: converged; molecule: unfinished,false,dft_jobs/CH3OCH3_Rh111/PBE/OUTCAR,vasp_slab/Rh111/PBE/OUTCAR,vasp_mol/CH3OCH3/PBE/OUTCAR
pbe,CH3OH_Ag100,Ag100,CH3OH,dft_jobs,-121.12194024,-90.12407184,-30.20857235,-0.7892960500000008,ok,,complex: converged; slab: converged; molecule: converged,true,dft_jobs/CH3OH_Ag100/PBE/OUTCAR,vasp_slab/Ag100/PBE/OUTCAR,vasp_mol/CH3OH/PBE/OUTCAR
pbe,CH3OH_Ag110,Ag110,CH3OH,dft_jobs,-88.17873903,-57.34530434,-30.20857235,-0.6248623400000035,ok,,complex: converged; slab: converged; molecule: converged,true,dft_jobs/CH3OH_Ag110/PBE/OUTCAR,vasp_slab/Ag110/PBE/OUTCAR,vasp_mol/CH3OH/PBE/OUTCAR
pbe,CH3OH_Ag111,Ag111,CH3OH,dft_jobs,-122.55732472,-162.0788939,-30.20857235,,slab_mismatch,"slab size mismatch: job has 36 Ag, reference has 64 Ag",complex: converged; slab: converged; molecule: converged,false,dft_jobs/CH3OH_Ag111/PBE/OUTCAR,vasp_slab/Ag111/PBE/OUTCAR,vasp_mol/CH3OH/PBE/OUTCAR
pbe,CH3OH_Au100,Au100,CH3OH,dft_jobs,-222.17049212,-108.11108078,-30.20857235,,slab_mismatch,"slab size mismatch: job has 64 Au, reference has 36 Au",complex: converged; slab: converged; molecule: converged,false,dft_jobs/CH3OH_Au100/PBE/OUTCAR,vasp_slab/Au100/PBE/OUTCAR,vasp_mol/CH3OH/PBE/OUTCAR
pbe,CH3OH_Au110,Au110,CH3OH,dft_jobs,-214.70546478,-69.78140854,-30.20857235,,slab_mismatch,"slab size mismatch: job has 64 Au, reference has 24 Au",complex: converged; slab: converged; molecule: converged,false,dft_jobs/CH3OH_Au110/PBE/OUTCAR,vasp_slab/Au110/PBE/OUTCAR,vasp_mol/CH3OH/PBE/OUTCAR
pbe,CH3OH_Au111,Au111,CH3OH,dft_jobs,-140.54652971,-196.23589709,-30.20857235,,slab_mismatch,"slab size mismatch: job has 36 Au, reference has 64 Au",complex: converged; slab: converged; molecule: converged,false,dft_jobs/CH3OH_Au111/PBE/OUTCAR,vasp_slab/Au111/PBE/OUTCAR,vasp_mol/CH3OH/PBE/OUTCAR
pbe,CH3OH_Cu100,Cu100,CH3OH,dft_jobs,-250.22262482,-219.76682164,-30.20857235,-0.247230830000003,ok,,complex: converged; slab: converged; molecule: converged,true,dft_jobs/CH3OH_Cu100/PBE/OUTCAR,vasp_slab/Cu100/PBE/OUTCAR,vasp_mol/CH3OH/PBE/OUTCAR
pbe,CH3OH_Cu110,Cu110,CH3OH,dft_jobs,-109.82102103,-79.75003338,-30.20857235,0.13758470000000855,ok,,complex: converged; slab: converged; molecule: converged,true,dft_jobs/CH3OH_Cu110/PBE/OUTCAR,vasp_slab/Cu110/PBE/OUTCAR,vasp_mol/CH3OH/PBE/OUTCAR
pbe,CH3OH_Cu111_top,Cu111,CH3OH,dft_jobs,,-225.69788512,-30.20857235,,error,slab+mol: OUTCAR not found: dft_jobs/CH3OH_Cu111_top/PBE/OUTCAR,complex: missing; slab: converged; molecule: converged,false,dft_jobs/CH3OH_Cu111_top/PBE/OUTCAR,vasp_slab/Cu111/PBE/OUTCAR,vasp_mol/CH3OH/PBE/OUTCAR
pbe,CH3OH_Ir100,Ir100,CH3OH,dft_jobs,-325.14490932,-294.40101414,-30.20857235,-0.5353228300000374,ok,,complex: converged; slab: converged; molecule: converged,true,dft_jobs/CH3OH_Ir100/PBE/OUTCAR,vasp_slab/Ir100/PBE/OUTCAR,vasp_mol/CH3OH/PBE/OUTCAR
pbe,CH3OH_Ir110,Ir110,CH3OH,dft_jobs,-216.6846824,-185.79278571,-30.20857235,-0.6833243400000093,ok,,complex: converged; slab: converged; molecule: converged,true,dft_jobs/CH3OH_Ir110/PBE/OUTCAR,vasp_slab/Ir110/PBE/OUTCAR,vasp_mol/CH3OH/PBE/OUTCAR
pbe,CH3OH_Ir111,Ir111,CH3OH,dft_jobs,-568.86454504,-538.3119429,-30.20857235,-0.34402979000008926,ok,,complex: converged; slab: converged; molecule: converged,true,dft_jobs/CH3OH_Ir111/PBE/OUTCAR,vasp_slab/Ir111/PBE/OUTCAR,vasp_mol/CH3OH/PBE/OUTCAR
pbe,CH3OH_Pd100,Pd100,CH3OH,dft_jobs,-205.95413353,-175.30179252,-30.20857235,-0.44376866000001414,ok,,complex: converged; slab: converged; molecule: converged,true,dft_jobs/CH3OH_Pd100/PBE/OUTCAR,vasp_slab/Pd100/PBE/OUTCAR,vasp_mol/CH3OH/PBE/OUTCAR
pbe,CH3OH_Pd110,Pd110,CH3OH,dft_jobs,-141.54524089,-110.83417945,-30.20857235,-0.5024890900000081,ok,,complex: converged; slab: converged; molecule: converged,true,dft_jobs/CH3OH_Pd110/PBE/OUTCAR,vasp_slab/Pd110/PBE/OUTCAR,vasp_mol/CH3OH/PBE/OUTCAR
pbe,CH3OH_Pd111,Pd111,CH3OH,dft_jobs,-208.56738436,-315.98876394,-30.20857235,,slab_mismatch,"slab size mismatch: job has 36 Pd, reference has 64 Pd",complex: converged; slab: converged; molecule: converged,false,dft_jobs/CH3OH_Pd111/PBE/OUTCAR,vasp_slab/Pd111/PBE/OUTCAR,vasp_mol/CH3OH/PBE/OUTCAR
pbe,CH3OH_Pt100,Pt100,CH3OH,dft_jobs,-234.01062009,-203.0271286,-30.20857235,-0.7749191400000051,ok,,complex: converged; slab: converged; molecule: converged,true,dft_jobs/CH3OH_Pt100/PBE/OUTCAR,vasp_slab/Pt100/PBE/OUTCAR,vasp_mol/CH3OH/PBE/OUTCAR
pbe,CH3OH_Pt110,Pt110,CH3OH,dft_jobs,-159.29726181,-128.30096322,-30.20857235,-0.7877262400000085,ok,,complex: converged; slab: converged; molecule: converged,true,dft_jobs/CH3OH_Pt110/PBE/OUTCAR,vasp_slab/Pt110/PBE/OUTCAR,vasp_mol/CH3OH/PBE/OUTCAR
pbe,CH3OH_Pt111,Pt111,CH3OH,dft_jobs,-239.11831435,-370.79075302,-30.20857235,,slab_mismatch,"slab size mismatch: job has 36 Pt, reference has 64 Pt",complex: converged; slab: converged; molecule: converged,false,dft_jobs/CH3OH_Pt111/PBE/OUTCAR,vasp_slab/Pt111/PBE/OUTCAR,vasp_mol/CH3OH/PBE/OUTCAR
pbe,CH3OH_Rh100,Rh100,CH3OH,dft_jobs,-273.25587242,-242.27634007,-30.20857235,-0.7709599999999988,ok,,complex: converged; slab: converged; molecule: converged,true,dft_jobs/CH3OH_Rh100/PBE/OUTCAR,vasp_slab/Rh100/PBE/OUTCAR,vasp_mol/CH3OH/PBE/OUTCAR
pbe,CH3OH_Rh110,Rh110,CH3OH,dft_jobs,-184.13396266,-153.0579593,-30.20857235,-0.8674310100000149,ok,,complex: converged; slab: converged; molecule: converged,true,dft_jobs/CH3OH_Rh110/PBE/OUTCAR,vasp_slab/Rh110/PBE/OUTCAR,vasp_mol/CH3OH/PBE/OUTCAR
pbe,CH3OH_Rh111,Rh111,CH3OH,dft_jobs,,-439.14994289,-30.20857235,,error,slab+mol: OUTCAR not found: dft_jobs/CH3OH_Rh111/PBE/OUTCAR,complex: missing; slab: converged; molecule: converged,false,dft_jobs/CH3OH_Rh111/PBE/OUTCAR,vasp_slab/Rh111/PBE/OUTCAR,vasp_mol/CH3OH/PBE/OUTCAR
pbe,CH3O_Ag100,Ag100,CH3O,dft_jobs,,-90.12407184,,,error,slab+mol: OUTCAR not found: dft_jobs/CH3O_Ag100/PBE/OUTCAR; mol: OUTCAR not found: vasp_mol/CH3O/PBE/OUTCAR,complex: missing; slab: converged; molecule: missing,false,dft_jobs/CH3O_Ag100/PBE/OUTCAR,vasp_slab/Ag100/PBE/OUTCAR,vasp_mol/CH3O/PBE/OUTCAR
pbe,CH3O_Ag110,Ag110,CH3O,dft_jobs,,-57.34530434,,,error,slab+mol: OUTCAR not found: dft_jobs/CH3O_Ag110/PBE/OUTCAR; mol: OUTCAR not found: vasp_mol/CH3O/PBE/OUTCAR,complex: missing; slab: converged; molecule: missing,false,dft_jobs/CH3O_Ag110/PBE/OUTCAR,vasp_slab/Ag110/PBE/OUTCAR,vasp_mol/CH3O/PBE/OUTCAR
pbe,CH3O_Ag111,Ag111,CH3O,dft_jobs,,-162.0788939,,,error,slab+mol: OUTCAR not found: dft_jobs/CH3O_Ag111/PBE/OUTCAR; mol: OUTCAR not found: vasp_mol/CH3O/PBE/OUTCAR,complex: missing; slab: converged; molecule: missing,false,dft_jobs/CH3O_Ag111/PBE/OUTCAR,vasp_slab/Ag111/PBE/OUTCAR,vasp_mol/CH3O/PBE/OUTCAR
pbe,CH3O_Au100,Au100,CH3O,dft_jobs,,-108.11108078,,,error,slab+mol: OUTCAR not found: dft_jobs/CH3O_Au100/PBE/OUTCAR; mol: OUTCAR not found: vasp_mol/CH3O/PBE/OUTCAR,complex: missing; slab: converged; molecule: missing,false,dft_jobs/CH3O_Au100/PBE/OUTCAR,vasp_slab/Au100/PBE/OUTCAR,vasp_mol/CH3O/PBE/OUTCAR
pbe,CH3O_Au110,Au110,CH3O,dft_jobs,,-69.78140854,,,error,slab+mol: OUTCAR not found: dft_jobs/CH3O_Au110/PBE/OUTCAR; mol: OUTCAR not found: vasp_mol/CH3O/PBE/OUTCAR,complex: missing; slab: converged; molecule: missing,false,dft_jobs/CH3O_Au110/PBE/OUTCAR,vasp_slab/Au110/PBE/OUTCAR,vasp_mol/CH3O/PBE/OUTCAR
pbe,CH3O_Au111,Au111,CH3O,dft_jobs,,-196.23589709,,,error,slab+mol: OUTCAR not found: dft_jobs/CH3O_Au111/PBE/OUTCAR; mol: OUTCAR not found: vasp_mol/CH3O/PBE/OUTCAR,complex: missing; slab: converged; molecule: missing,false,dft_jobs/CH3O_Au111/PBE/OUTCAR,vasp_slab/Au111/PBE/OUTCAR,vasp_mol/CH3O/PBE/OUTCAR
pbe,CH3O_Cu111_fcc,Cu111,CH3O,dft_jobs,,-225.69788512,,,error,slab+mol: OUTCAR not found: dft_jobs/CH3O_Cu111_fcc/PBE/OUTCAR; mol: OUTCAR not found: vasp_mol/CH3O/PBE/OUTCAR,complex: missing; slab: converged; molecule: missing,false,dft_jobs/CH3O_Cu111_fcc/PBE/OUTCAR,vasp_slab/Cu111/PBE/OUTCAR,vasp_mol/CH3O/PBE/OUTCAR
pbe,CH3O_Ir100,Ir100,CH3O,dft_jobs,,-294.40101414,,,error,slab+mol: OUTCAR not found: dft_jobs/CH3O_Ir100/PBE/OUTCAR; mol: OUTCAR not found: vasp_mol/CH3O/PBE/OUTCAR,complex: missing; slab: converged; molecule: missing,false,dft_jobs/CH3O_Ir100/PBE/OUTCAR,vasp_slab/Ir100/PBE/OUTCAR,vasp_mol/CH3O/PBE/OUTCAR
pbe,CH3O_Ir110,Ir110,CH3O,dft_jobs,,-185.79278571,,,error,slab+mol: OUTCAR not found: dft_jobs/CH3O_Ir110/PBE/OUTCAR; mol: OUTCAR not found: vasp_mol/CH3O/PBE/OUTCAR,complex: missing; slab: converged; molecule: missing,false,dft_jobs/CH3O_Ir110/PBE/OUTCAR,vasp_slab/Ir110/PBE/OUTCAR,vasp_mol/CH3O/PBE/OUTCAR
pbe,CH3O_Ir111,Ir111,CH3O,dft_jobs,,-538.3119429,,,error,slab+mol: OUTCAR not found: dft_jobs/CH3O_Ir111/PBE/OUTCAR; mol: OUTCAR not found: vasp_mol/CH3O/PBE/OUTCAR,complex: missing; slab: converged; molecule: missing,false,dft_jobs/CH3O_Ir111/PBE/OUTCAR,vasp_slab/Ir111/PBE/OUTCAR,vasp_mol/CH3O/PBE/OUTCAR
pbe,CH3O_Rh100,Rh100,CH3O,dft_jobs,,-242.27634007,,,error,slab+mol: OUTCAR not found: dft_jobs/CH3O_Rh100/PBE/OUTCAR; mol: OUTCAR not found: vasp_mol/CH3O/PBE/OUTCAR,complex: missing; slab: converged; molecule: missing,false,dft_jobs/CH3O_Rh100/PBE/OUTCAR,vasp_slab/Rh100/PBE/OUTCAR,vasp_mol/CH3O/PBE/OUTCAR
pbe,CH3O_Rh110,Rh110,CH3O,dft_jobs,,-153.0579593,,,error,slab+mol: OUTCAR not found: dft_jobs/CH3O_Rh110/PBE/OUTCAR; mol: OUTCAR not found: vasp_mol/CH3O/PBE/OUTCAR,complex: missing; slab: converged; molecule: missing,false,dft_jobs/CH3O_Rh110/PBE/OUTCAR,vasp_slab/Rh110/PBE/OUTCAR,vasp_mol/CH3O/PBE/OUTCAR
pbe,CH3O_Rh111,Rh111,CH3O,dft_jobs,,-439.14994289,,,error,slab+mol: OUTCAR not found: dft_jobs/CH3O_Rh111/PBE/OUTCAR; mol: OUTCAR not found: vasp_mol/CH3O/PBE/OUTCAR,complex: missing; slab: converged; molecule: missing,false,dft_jobs/CH3O_Rh111/PBE/OUTCAR,vasp_slab/Rh111/PBE/OUTCAR,vasp_mol/CH3O/PBE/OUTCAR
pbe,CH3_Ag100,Ag100,CH3,dft_jobs,-110.17337859,-90.12407184,-18.19263946,-1.8566672900000007,ok,,complex: converged; slab: converged; molecule: converged,true,dft_jobs/CH3_Ag100/PBE/OUTCAR,vasp_slab/Ag100/PBE/OUTCAR,vasp_mol/CH3/PBE/OUTCAR
pbe,CH3_Ag110,Ag110,CH3,dft_jobs,-77.13254787,-57.34530434,-18.19263946,-1.594604069999999,ok,,complex: converged; slab: converged; molecule: converged,true,dft_jobs/CH3_Ag110/PBE/OUTCAR,vasp_slab/Ag110/PBE/OUTCAR,vasp_mol/CH3/PBE/OUTCAR
pbe,CH3_Ag111,Ag111,CH3,dft_jobs,-111.22886988,-162.0788939,-18.19263946,,slab_mismatch,"slab size mismatch: job has 36 Ag, reference has 64 Ag",complex: converged; slab: converged; molecule: converged,false,dft_jobs/CH3_Ag111/PBE/OUTCAR,vasp_slab/Ag111/PBE/OUTCAR,vasp_mol/CH3/PBE/OUTCAR
pbe,CH3_Au100,Au100,CH3,dft_jobs,-211.47721279,-108.11108078,-18.19263946,,slab_mismatch,"slab size mismatch: job has 64 Au, reference has 36 Au",complex: converged; slab: converged; molecule: converged,false,dft_jobs/CH3_Au100/PBE/OUTCAR,vasp_slab/Au100/PBE/OUTCAR,vasp_mol/CH3/PBE/OUTCAR
pbe,CH3_Au110,Au110,CH3,dft_jobs,-203.94507083,-69.78140854,-18.19263946,,slab_mismatch,"slab size mismatch: job has 64 Au, reference has 24 Au",complex: converged; slab: converged; molecule: converged,false,dft_jobs/CH3_Au110/PBE/OUTCAR,vasp_slab/Au110/PBE/OUTCAR,vasp_mol/CH3/PBE/OUTCAR
pbe,CH3_Au111,Au111,CH3,dft_jobs,-129.75013838,-196.23589709,-18.19263946,,slab_mismatch,"slab size mismatch: job has 36 Au, reference has 64 Au",complex: converged; slab: converged; molecule: converged,false,dft_jobs/CH3_Au111/PBE/OUTCAR,vasp_slab/Au111/PBE/OUTCAR,vasp_mol/CH3/PBE/OUTCAR
pbe,CH3_Cu100,Cu100,CH3,dft_jobs,-239.2140364,-219.76682164,-18.19263946,-1.2545753000000097,ok,,complex: converged; slab: converged; molecule: converged,true,dft_jobs/CH3_Cu100/PBE/OUTCAR,vasp_slab/Cu100/PBE/OUTCAR,vasp_mol/CH3/PBE/OUTCAR
pbe,CH3_Cu110,Cu110,CH3,dft_jobs,-99.15872299,-79.75003338,-18.19263946,-1.2160501499999974,ok,,complex: converged; slab: converged; molecule: converged,true,dft_jobs/CH3_Cu110/PBE/OUTCAR,vasp_slab/Cu110/PBE/OUTCAR,vasp_mol/CH3/PBE/OUTCAR
pbe,CH3_Cu111,Cu111,CH3,dft_jobs,-243.57787788,-225.69788512,-18.19263946,0.3126467000000055,ok,,complex: converged; slab: converged; molecule: converged,true,dft_jobs/CH3_Cu111/PBE/OUTCAR,vasp_slab/Cu111/PBE/OUTCAR,vasp_mol/CH3/PBE/OUTCAR
pbe,CH3_Ir100,Ir100,CH3,dft_jobs,-314.77468403,-294.40101414,-18.19263946,-2.181030430000032,ok,,complex: converged; slab: converged; molecule: converged,true,dft_jobs/CH3_Ir100/PBE/OUTCAR,vasp_slab/Ir100/PBE/OUTCAR,vasp_mol/CH3/PBE/OUTCAR
pbe,CH3_Ir110,Ir110,CH3,dft_jobs,-206.36295387,-185.79278571,-18.19263946,-2.37752870000001,ok,,complex: converged; slab: converged; molecule: converged,true,dft_jobs/CH3_Ir110/PBE/OUTCAR,vasp_slab/Ir110/PBE/OUTCAR,vasp_mol/CH3/PBE/OUTCAR
pbe,CH3_Ir111,Ir111,CH3,dft_jobs,-558.34258546,-538.3119429,-18.19263946,-1.8380031000000479,ok,,complex: converged; slab: converged; molecule: converged,true,dft_jobs/CH3_Ir111/PBE/OUTCAR,vasp_slab/Ir111/PBE/OUTCAR,vasp_mol/CH3/PBE/OUTCAR
pbe,CH3_Pd100,Pd100,CH3,dft_jobs,-195.43915218,-175.30179252,-18.19263946,-1.9447202000000168,ok,,complex: converged; slab: converged; molecule: converged,true,dft_jobs/CH3_Pd100/PBE/OUTCAR,vasp_slab/Pd100/PBE/OUTCAR,vasp_mol/CH3/PBE/OUTCAR
pbe,CH3_Pd110,Pd110,CH3,dft_jobs,-131.05075687,-110.83417945,-18.19263946,-2.0239379599999943,ok,,complex: converged; slab: converged; molecule: converged,true,dft_jobs/CH3_Pd110/PBE/OUTCAR,vasp_slab/Pd110/PBE/OUTCAR,vasp_mol/CH3/PBE/OUTCAR
pbe,CH3_Pd111,Pd111,CH3,dft_jobs,-198.07064911,-315.98876394,-18.19263946,,slab_mismatch,"slab size mismatch: job has 36 Pd, reference has 64 Pd",complex: converged; slab: converged; molecule: converged,false,dft_jobs/CH3_Pd111/PBE/OUTCAR,vasp_slab/Pd111/PBE/OUTCAR,vasp_mol/CH3/PBE/OUTCAR
pbe,CH3_Pt100,Pt100,CH3,dft_jobs,-223.77878787,-203.0271286,-18.19263946,-2.559019810000006,ok,,complex: converged; slab: converged; molecule: converged,true,dft_jobs/CH3_Pt100/PBE/OUTCAR,vasp_slab/Pt100/PBE/OUTCAR,vasp_mol/CH3/PBE/OUTCAR
pbe,CH3_Pt110,Pt110,CH3,dft_jobs,-149.09026565,-128.30096322,-18.19263946,-2.5966629699999935,ok,,complex: converged; slab: converged; molecule: converged,true,dft_jobs/CH3_Pt110/PBE/OUTCAR,vasp_slab/Pt110/PBE/OUTCAR,vasp_mol/CH3/PBE/OUTCAR
pbe,CH3_Pt111_top,Pt111,CH3,dft_jobs,,-370.79075302,-18.19263946,,error,slab+mol: OUTCAR not found: dft_jobs/CH3_Pt111_top/PBE/OUTCAR,complex: missing; slab: converged; molecule: converged,false,dft_jobs/CH3_Pt111_top/PBE/OUTCAR,vasp_slab/Pt111/PBE/OUTCAR,vasp_mol/CH3/PBE/OUTCAR
pbe,CH3_Rh100,Rh100,CH3,dft_jobs,-262.72082558,-242.27634007,-18.19263946,-2.251846049999994,ok,,complex: converged; slab: converged; molecule: converged,true,dft_jobs/CH3_Rh100/PBE/OUTCAR,vasp_slab/Rh100/PBE/OUTCAR,vasp_mol/CH3/PBE/OUTCAR
pbe,CH3_Rh110,Rh110,CH3,dft_jobs,-173.50038791,-153.0579593,-18.19263946,-2.2497891500000087,ok,,complex: converged; slab: converged; molecule: converged,true,dft_jobs/CH3_Rh110/PBE/OUTCAR,vasp_slab/Rh110/PBE/OUTCAR,vasp_mol/CH3/PBE/OUTCAR
pbe,CH3_Rh111,Rh111,CH3,dft_jobs,-459.78315337,-439.14994289,-18.19263946,-2.4405710200000037,ok,,complex: converged; slab: converged; molecule: converged,true,dft_jobs/CH3_Rh111/PBE/OUTCAR,vasp_slab/Rh111/PBE/OUTCAR,vasp_mol/CH3/PBE/OUTCAR
pbe,CH4_Ag100,Ag100,CH4,dft_jobs,-114.79588288,-90.12407184,-24.03560332,-0.6362077199999945,ok,,complex: converged; slab: converged; molecule: converged,true,dft_jobs/CH4_Ag100/PBE/OUTCAR,vasp_slab/Ag100/PBE/OUTCAR,vasp_mol/CH4/PBE/OUTCAR
pbe,CH4_Ag110,Ag110,CH4,dft_jobs,-81.7736252,-57.34530434,-24.03560332,-0.3927175399999996,ok,,complex: converged; slab: converged; molecule: converged,true,dft_jobs/CH4_Ag110/PBE/OUTCAR,vasp_slab/Ag110/PBE/OUTCAR,vasp_mol/CH4/PBE/OUTCAR
pbe,CH4_Ag111,Ag111,CH4,dft_jobs,-116.29776145,-162.0788939,-24.03560332,,slab_mismatch,"slab size mismatch: job has 36 Ag, reference has 64 Ag",complex: converged; slab: converged; molecule: converged,false,dft_jobs/CH4_Ag111/PBE/OUTCAR,vasp_slab/Ag111/PBE/OUTCAR,vasp_mol/CH4/PBE/OUTCAR
pbe,CH4_Au100,Au100,CH4,dft_jobs,-215.85771594,-108.11108078,-24.03560332,,slab_mismatch,"slab size mismatch: job has 64 Au, reference has 36 Au",complex: converged; slab: converged; molecule: converged,false,dft_jobs/CH4_Au100/PBE/OUTCAR,vasp_slab/Au100/PBE/OUTCAR,vasp_mol/CH4/PBE/OUTCAR
pbe,CH4_Au110,Au110,CH4,dft_jobs,-208.27347971,-69.78140854,-24.03560332,,slab_mismatch,"slab size mismatch: job has 64 Au, reference has 24 Au",complex: unfinished; slab: converged; molecule: converged,false,dft_jobs/CH4_Au110/PBE/OUTCAR,vasp_slab/Au110/PBE/OUTCAR,vasp_mol/CH4/PBE/OUTCAR
pbe,CH4_Au111,Au111,CH4,dft_jobs,-134.31815866,-196.23589709,-24.03560332,,slab_mismatch,"slab size mismatch: job has 36 Au, reference has 64 Au",complex: converged; slab: converged; molecule: converged,false,dft_jobs/CH4_Au111/PBE/OUTCAR,vasp_slab/Au111/PBE/OUTCAR,vasp_mol/CH4/PBE/OUTCAR
pbe,CH4_Cu100,Cu100,CH4,dft_jobs,-243.81825878,-219.76682164,-24.03560332,-0.01583382000001876,ok,,complex: converged; slab: converged; molecule: converged,true,dft_jobs/CH4_Cu100/PBE/OUTCAR,vasp_slab/Cu100/PBE/OUTCAR,vasp_mol/CH4/PBE/OUTCAR
pbe,CH4_Cu110,Cu110,CH4,dft_jobs,-103.29062147,-79.75003338,-24.03560332,0.4950152299999999,ok,,complex: converged; slab: converged; molecule: converged,true,dft_jobs/CH4_Cu110/PBE/OUTCAR,vasp_slab/Cu110/PBE/OUTCAR,vasp_mol/CH4/PBE/OUTCAR
pbe,CH4_Cu111,Cu111,CH4,dft_jobs,-248.1301839,-225.69788512,-24.03560332,1.6033045400000034,ok,,complex: converged; slab: converged; molecule: converged,true,dft_jobs/CH4_Cu111/PBE/OUTCAR,vasp_slab/Cu111/PBE/OUTCAR,vasp_mol/CH4/PBE/OUTCAR
pbe,CH4_Ir100,Ir100,CH4,dft_jobs,-318.43681999,-294.40101414,-24.03560332,-0.00020253000003123134,ok,,complex: converged; slab: converged; molecule: converged,true,dft_jobs/CH4_Ir100/PBE/OUTCAR,vasp_slab/Ir100/PBE/OUTCAR,vasp_mol/CH4/PBE/OUTCAR
pbe,CH4_Ir110,Ir110,CH4,dft_jobs,-209.85419128,-185.79278571,-24.03560332,-0.025802250000005245,ok,,complex: converged; slab: converged; molecule: converged,true,dft_jobs/CH4_Ir110/PBE/OUTCAR,vasp_slab/Ir110/PBE/OUTCAR,vasp_mol/CH4/PBE/OUTCAR
pbe,CH4_Ir111,Ir111,CH4,dft_jobs,-562.34799937,-538.3119429,-24.03560332,-0.0004531500000624078,ok,,complex: converged; slab: converged; molecule: converged,true,dft_jobs/CH4_Ir111/PBE/OUTCAR,vasp_slab/Ir111/PBE/OUTCAR,vasp_mol/CH4/PBE/OUTCAR
pbe,CH4_Pd100,Pd100,CH4,dft_jobs,-199.52056549,-175.30179252,-24.03560332,-0.18316965000000351,ok,,complex: converged; slab: converged; molecule: converged,true,dft_jobs/CH4_Pd100/PBE/OUTCAR,vasp_slab/Pd100/PBE/OUTCAR,vasp_mol/CH4/PBE/OUTCAR
pbe,CH4_Pd110,Pd110,CH4,dft_jobs,-134.9731954,-110.83417945,-24.03560332,-0.10341263000001533,ok,,complex: converged; slab: converged; molecule: converged,true,dft_jobs/CH4_Pd110/PBE/OUTCAR,vasp_slab/Pd110/PBE/OUTCAR,vasp_mol/CH4/PBE/OUTCAR
pbe,CH4_Pd111,Pd111,CH4,dft_jobs,-202.18486812,-315.98876394,-24.03560332,,slab_mismatch,"slab size mismatch: job has 36 Pd, reference has 64 Pd",complex: converged; slab: converged; molecule: converged,false,dft_jobs/CH4_Pd111/PBE/OUTCAR,vasp_slab/Pd111/PBE/OUTCAR,vasp_mol/CH4/PBE/OUTCAR
pbe,CH4_Pt100,Pt100,CH4,dft_jobs,-227.57287042,-203.0271286,-24.03560332,-0.5101384999999894,ok,,complex: converged; slab: converged; molecule: converged,true,dft_jobs/CH4_Pt100/PBE/OUTCAR,vasp_slab/Pt100/PBE/OUTCAR,vasp_mol/CH4/PBE/OUTCAR
pbe,CH4_Pt110,Pt110,CH4,dft_jobs,-152.61806828,-128.30096322,-24.03560332,-0.28150173999998884,ok,,complex: converged; slab: converged; molecule: converged,true,dft_jobs/CH4_Pt110/PBE/OUTCAR,vasp_slab/Pt110/PBE/OUTCAR,vasp_mol/CH4/PBE/OUTCAR
pbe,CH4_Pt111_top,Pt111,CH4,dft_jobs,,-370.79075302,-24.03560332,,error,slab+mol: OUTCAR not found: dft_jobs/CH4_Pt111_top/PBE/OUTCAR,complex: missing; slab: converged; molecule: converged,false,dft_jobs/CH4_Pt111_top/PBE/OUTCAR,vasp_slab/Pt111/PBE/OUTCAR,vasp_mol/CH4/PBE/OUTCAR
pbe,CH4_Rh100,Rh100,CH4,dft_jobs,-266.71548855,-242.27634007,-24.03560332,-0.40354515999997176,ok,,complex: converged; slab: converged; molecule: converged,true,dft_jobs/CH4_Rh100/PBE/OUTCAR,vasp_slab/Rh100/PBE/OUTCAR,vasp_mol/CH4/PBE/OUTCAR
pbe,CH4_Rh110,Rh110,CH4,dft_jobs,-177.49051948,-153.0579593,-24.03560332,-0.39695685999999597,ok,,complex: converged; slab: converged; molecule: converged,true,dft_jobs/CH4_Rh110/PBE/OUTCAR,vasp_slab/Rh110/PBE/OUTCAR,vasp_mol/CH4/PBE/OUTCAR
pbe,CH4_Rh111,Rh111,CH4,dft_jobs,-463.84103739,-439.14994289,-24.03560332,-0.6554911800000198,ok,,complex: converged; slab: converged; molecule: converged,true,dft_jobs/CH4_Rh111/PBE/OUTCAR,vasp_slab/Rh111/PBE/OUTCAR,vasp_mol/CH4/PBE/OUTCAR
pbe,CO2_Ag100,Ag100,CO2,dft_jobs,-183.1747216,-90.12407184,-22.96019522,,slab_mismatch,"slab size mismatch: job has 64 Ag, reference has 36 Ag",complex: converged; slab: converged; molecule: converged,false,dft_jobs/CO2_Ag100/PBE/OUTCAR,vasp_slab/Ag100/PBE/OUTCAR,vasp_mol/CO2/PBE/OUTCAR
pbe,CO2_Ag110,Ag110,CO2,dft_jobs,-80.72981872,-57.34530434,-22.96019522,-0.4243191599999996,ok,,complex: converged; slab: converged; molecule: converged,true,dft_jobs/CO2_Ag110/PBE/OUTCAR,vasp_slab/Ag110/PBE/OUTCAR,vasp_mol/CO2/PBE/OUTCAR
pbe,CO2_Ag111,Ag111,CO2,dft_jobs,-186.27410853,-162.0788939,-22.96019522,-1.2350194100000103,ok,,complex: converged; slab: converged; molecule: converged,true,dft_jobs/CO2_Ag111/PBE/OUTCAR,vasp_slab/Ag111/PBE/OUTCAR,vasp_mol/CO2/PBE/OUTCAR
pbe,CO2_Au100,Au100,CO2,dft_jobs,-214.80248945,-108.11108078,-22.96019522,,slab_mismatch,"slab size mismatch: job has 64 Au, reference has 36 Au",complex: converged; slab: converged; molecule: converged,false,dft_jobs/CO2_Au100/PBE/OUTCAR,vasp_slab/Au100/PBE/OUTCAR,vasp_mol/CO2/PBE/OUTCAR
pbe,CO2_Au110,Au110,CO2,dft_jobs,-207.23788519,-69.78140854,-22.96019522,,slab_mismatch,"slab size mismatch: job has 64 Au, reference has 24 Au",complex: converged; slab: converged; molecule: converged,false,dft_jobs/CO2_Au110/PBE/OUTCAR,vasp_slab/Au110/PBE/OUTCAR,vasp_mol/CO2/PBE/OUTCAR
pbe,CO2_Au111,Au111,CO2,dft_jobs,-219.21998837,-196.23589709,-22.96019522,-0.023896060000001995,ok,,complex: converged; slab: converged; molecule: converged,true,dft_jobs/CO2_Au111/PBE/OUTCAR,vasp_slab/Au111/PBE/OUTCAR,vasp_mol/CO2/PBE/OUTCAR
pbe,CO2_Cu100,Cu100,CO2,dft_jobs,-242.75918483,-219.76682164,-22.96019522,-0.03216797000002103,ok,,complex: converged; slab: converged; molecule: converged,true,dft_jobs/CO2_Cu100/PBE/OUTCAR,vasp_slab/Cu100/PBE/OUTCAR,vasp_mol/CO2/PBE/OUTCAR
pbe,CO2_Cu110,Cu110,CO2,dft_jobs,-102.24865151,-79.75003338,-22.96019522,0.46157709000000224,ok,,complex: converged; slab: converged; molecule: converged,true,dft_jobs/CO2_Cu110/PBE/OUTCAR,vasp_slab/Cu110/PBE/OUTCAR,vasp_mol/CO2/PBE/OUTCAR
pbe,CO2_Cu111_top,Cu111,CO2,dft_jobs,,-225.69788512,-22.96019522,,error,slab+mol: OUTCAR not found: dft_jobs/CO2_Cu111_top/PBE/OUTCAR,complex: missing; slab: converged; molecule: converged,false,dft_jobs/CO2_Cu111_top/PBE/OUTCAR,vasp_slab/Cu111/PBE/OUTCAR,vasp_mol/CO2/PBE/OUTCAR
pbe,CO2_Ir100,Ir100,CO2,dft_jobs,-317.38503332,-294.40101414,-22.96019522,-0.023823960000019184,ok,,complex: converged; slab: converged; molecule: converged,true,dft_jobs/CO2_Ir100/PBE/OUTCAR,vasp_slab/Ir100/PBE/OUTCAR,vasp_mol/CO2/PBE/OUTCAR
pbe,CO2_Ir110,Ir110,CO2,dft_jobs,-208.79397183,-185.79278571,-22.96019522,-0.04099090000000061,ok,,complex: converged; slab: converged; molecule: converged,true,dft_jobs/CO2_Ir110/PBE/OUTCAR,vasp_slab/Ir110/PBE/OUTCAR,vasp_mol/CO2/PBE/OUTCAR
pbe,CO2_Ir111,Ir111,CO2,dft_jobs,-561.27783619,-538.3119429,-22.96019522,-0.0056980700000544005,ok,,complex: converged; slab: converged; molecule: converged,true,dft_jobs/CO2_Ir111/PBE/OUTCAR,vasp_slab/Ir111/PBE/OUTCAR,vasp_mol/CO2/PBE/OUTCAR
pbe,CO2_Pd100,Pd100,CO2,dft_jobs,-334.69213218,-175.30179252,-22.96019522,,slab_mismatch,"slab size mismatch: job has 64 Pd, reference has 36 Pd",complex: converged; slab: converged; molecule: converged,false,dft_jobs/CO2_Pd100/PBE/OUTCAR,vasp_slab/Pd100/PBE/OUTCAR,vasp_mol/CO2/PBE/OUTCAR
pbe,CO2_Pd110,Pd110,CO2,dft_jobs,-133.93743955,-110.83417945,-22.96019522,-0.14306488000000073,ok,,complex: converged; slab: converged; molecule: converged,true,dft_jobs/CO2_Pd110/PBE/OUTCAR,vasp_slab/Pd110/PBE/OUTCAR,vasp_mol/CO2/PBE/OUTCAR
pbe,CO2_Pd111,Pd111,CO2,dft_jobs,-339.33586393,-315.98876394,-22.96019522,-0.38690477000000456,ok,,complex: converged; slab: converged; molecule: converged,true,dft_jobs/CO2_Pd111/PBE/OUTCAR,vasp_slab/Pd111/PBE/OUTCAR,vasp_mol/CO2/PBE/OUTCAR
pbe,CO2_Pt100,Pt100,CO2,dft_jobs,-386.10726351,-203.0271286,-22.96019522,,slab_mismatch,"slab size mismatch: job has 64 Pt, reference has 36 Pt",complex: converged; slab: converged; molecule: converged,false,dft_jobs/CO2_Pt100/PBE/OUTCAR,vasp_slab/Pt100/PBE/OUTCAR,vasp_mol/CO2/PBE/OUTCAR
pbe,CO2_Pt110,Pt110,CO2,dft_jobs,-151.58470474,-128.30096322,-22.96019522,-0.3235463000000074,ok,,complex: converged; slab: converged; molecule: converged,true,dft_jobs/CO2_Pt110/PBE/OUTCAR,vasp_slab/Pt110/PBE/OUTCAR,vasp_mol/CO2/PBE/OUTCAR
pbe,CO2_Pt111,Pt111,CO2,dft_jobs,-394.6261397,-370.79075302,-22.96019522,-0.8751914599999999,ok,,complex: converged; slab: converged; molecule: converged,true,dft_jobs/CO2_Pt111/PBE/OUTCAR,vasp_slab/Pt111/PBE/OUTCAR,vasp_mol/CO2/PBE/OUTCAR
pbe,CO2_Rh100,Rh100,CO2,dft_jobs,-265.60198013,-242.27634007,-22.96019522,-0.36544484000001276,ok,,complex: converged; slab: converged; molecule: converged,true,dft_jobs/CO2_Rh100/PBE/OUTCAR,vasp_slab/Rh100/PBE/OUTCAR,vasp_mol/CO2/PBE/OUTCAR
pbe,CO2_Rh110,Rh110,CO2,dft_jobs,-176.38573305,-153.0579593,-22.96019522,-0.3675785300000065,ok,,complex: converged; slab: converged; molecule: converged,true,dft_jobs/CO2_Rh110/PBE/OUTCAR,vasp_slab/Rh110/PBE/OUTCAR,vasp_mol/CO2/PBE/OUTCAR
pbe,CO2_Rh111,Rh111,CO2,dft_jobs,-462.81977174,-439.14994289,-22.96019522,-0.7096336300000452,ok,,complex: converged; slab: converged; molecule: converged,true,dft_jobs/CO2_Rh111/PBE/OUTCAR,vasp_slab/Rh111/PBE/OUTCAR,vasp_mol/CO2/PBE/OUTCAR
pbe,CO_Ag100,Ag100,CO,dft_jobs,-105.88027358,-90.12407184,-14.78038237,-0.9758193699999946,ok,,complex: converged; slab: converged; molecule: converged,true,dft_jobs/CO_Ag100/PBE/OUTCAR,vasp_slab/Ag100/PBE/OUTCAR,vasp_mol/CO/PBE/OUTCAR
pbe,CO_Ag110,Ag110,CO,dft_jobs,-72.88021277,-57.34530434,-14.78038237,-0.7545260600000017,ok,,complex: converged; slab: converged; molecule: converged,true,dft_jobs/CO_Ag110/PBE/OUTCAR,vasp_slab/Ag110/PBE/OUTCAR,vasp_mol/CO/PBE/OUTCAR
pbe,CO_Ag111,Ag111,CO,dft_jobs,-106.9317711,-162.0788939,-14.78038237,,slab_mismatch,"slab size mismatch: job has 36 Ag, reference has 64 Ag",complex: converged; slab: converged; molecule: converged,false,dft_jobs/CO_Ag111/PBE/OUTCAR,vasp_slab/Ag111/PBE/OUTCAR,vasp_mol/CO/PBE/OUTCAR
pbe,CO_Au100,Au100,CO,dft_jobs,-207.25299932,-108.11108078,-14.78038237,,slab_mismatch,"slab size mismatch: job has 64 Au, reference has 36 Au",complex: converged; slab: converged; molecule: converged,false,dft_jobs/CO_Au100/PBE/OUTCAR,vasp_slab/Au100/PBE/OUTCAR,vasp_mol/CO/PBE/OUTCAR
pbe,CO_Au110,Au110,CO,dft_jobs,-199.83138717,-69.78140854,-14.78038237,,slab_mismatch,"slab size mismatch: job has 64 Au, reference has 24 Au",complex: unfinished; slab: converged; molecule: converged,false,dft_jobs/CO_Au110/PBE/OUTCAR,vasp_slab/Au110/PBE/OUTCAR,vasp_mol/CO/PBE/OUTCAR
pbe,CO_Au111,Au111,CO,dft_jobs,-125.18516883,-196.23589709,-14.78038237,,slab_mismatch,"slab size mismatch: job has 36 Au, reference has 64 Au",complex: converged; slab: converged; molecule: converged,false,dft_jobs/CO_Au111/PBE/OUTCAR,vasp_slab/Au111/PBE/OUTCAR,vasp_mol/CO/PBE/OUTCAR
pbe,CO_Cu100,Cu100,CO,dft_jobs,-235.32801353,-219.76682164,-14.78038237,-0.7808095200000036,ok,,complex: converged; slab: converged; molecule: converged,true,dft_jobs/CO_Cu100/PBE/OUTCAR,vasp_slab/Cu100/PBE/OUTCAR,vasp_mol/CO/PBE/OUTCAR
pbe,CO_Cu110,Cu110,CO,dft_jobs,-95.01555774,-79.75003338,-14.78038237,-0.4851419900000007,ok,,complex: converged; slab: converged; molecule: converged,true,dft_jobs/CO_Cu110/PBE/OUTCAR,vasp_slab/Cu110/PBE/OUTCAR,vasp_mol/CO/PBE/OUTCAR
pbe,CO_Cu111_atop,Cu111,CO,dft_jobs,,-225.69788512,-14.78038237,,error,slab+mol: OUTCAR not found: dft_jobs/CO_Cu111_atop/PBE/OUTCAR,complex: missing; slab: converged; molecule: converged,false,dft_jobs/CO_Cu111_atop/PBE/OUTCAR,vasp_slab/Cu111/PBE/OUTCAR,vasp_mol/CO/PBE/OUTCAR
pbe,CO_Ir100,Ir100,CO,dft_jobs,-311.41342908,-294.40101414,-14.78038237,-2.232032570000042,ok,,complex: converged; slab: converged; molecule: converged,true,dft_jobs/CO_Ir100/PBE/OUTCAR,vasp_slab/Ir100/PBE/OUTCAR,vasp_mol/CO/PBE/OUTCAR
pbe,CO_Ir110,Ir110,CO,dft_jobs,-202.89496341,-185.79278571,-14.78038237,-2.3217953299999987,ok,,complex: converged; slab: converged; molecule: converged,true,dft_jobs/CO_Ir110/PBE/OUTCAR,vasp_slab/Ir110/PBE/OUTCAR,vasp_mol/CO/PBE/OUTCAR
pbe,CO_Ir111,Ir111,CO,dft_jobs,-554.70324049,-538.3119429,-14.78038237,-1.610915220000022,ok,,complex: converged; slab: converged; molecule: converged,true,dft_jobs/CO_Ir111/PBE/OUTCAR,vasp_slab/Ir111/PBE/OUTCAR,vasp_mol/CO/PBE/OUTCAR
pbe,CO_Pd100,Pd100,CO,dft_jobs,-192.16618579,-175.30179252,-14.78038237,-2.084010899999994,ok,,complex: converged; slab: converged; molecule: converged,true,dft_jobs/CO_Pd100/PBE/OUTCAR,vasp_slab/Pd100/PBE/OUTCAR,vasp_mol/CO/PBE/OUTCAR
pbe,CO_Pd110,Pd110,CO,dft_jobs,-127.77706647,-110.83417945,-14.78038237,-2.1625046500000007,ok,,complex: converged; slab: converged; molecule: converged,true,dft_jobs/CO_Pd110/PBE/OUTCAR,vasp_slab/Pd110/PBE/OUTCAR,vasp_mol/CO/PBE/OUTCAR
pbe,CO_Pd111_fcc,Pd111,CO,dft_jobs,,-315.98876394,-14.78038237,,error,slab+mol: OUTCAR not found: dft_jobs/CO_Pd111_fcc/PBE/OUTCAR,complex: missing; slab: converged; molecule: converged,false,dft_jobs/CO_Pd111_fcc/PBE/OUTCAR,vasp_slab/Pd111/PBE/OUTCAR,vasp_mol/CO/PBE/OUTCAR
pbe,CO_Pt100,Pt100,CO,dft_jobs,-220.33433463,-203.0271286,-14.78038237,-2.5268236600000034,ok,,complex: converged; slab: converged; molecule: converged,true,dft_jobs/CO_Pt100/PBE/OUTCAR,vasp_slab/Pt100/PBE/OUTCAR,vasp_mol/CO/PBE/OUTCAR
pbe,CO_Pt110,Pt110,CO,dft_jobs,-145.67569963,-128.30096322,-14.78038237,-2.594354039999997,ok,,complex: converged; slab: converged; molecule: converged,true,dft_jobs/CO_Pt110/PBE/OUTCAR,vasp_slab/Pt110/PBE/OUTCAR,vasp_mol/CO/PBE/OUTCAR
pbe,CO_Pt111_atop,Pt111,CO,dft_jobs,,-370.79075302,-14.78038237,,error,slab+mol: OUTCAR not found: dft_jobs/CO_Pt111_atop/PBE/OUTCAR,complex: missing; slab: converged; molecule: converged,false,dft_jobs/CO_Pt111_atop/PBE/OUTCAR,vasp_slab/Pt111/PBE/OUTCAR,vasp_mol/CO/PBE/OUTCAR
pbe,CO_Rh100,Rh100,CO,dft_jobs,-259.49959516,-242.27634007,-14.78038237,-2.4428727200000093,ok,,complex: converged; slab: converged; molecule: converged,true,dft_jobs/CO_Rh100/PBE/OUTCAR,vasp_slab/Rh100/PBE/OUTCAR,vasp_mol/CO/PBE/OUTCAR
pbe,CO_Rh110,Rh110,CO,dft_jobs,-170.17651374,-153.0579593,-14.78038237,-2.338172069999997,ok,,complex: converged; slab: converged; molecule: converged,true,dft_jobs/CO_Rh110/PBE/OUTCAR,vasp_slab/Rh110/PBE/OUTCAR,vasp_mol/CO/PBE/OUTCAR
pbe,CO_Rh111,Rh111,CO,dft_jobs,-456.64015146,-439.14994289,-14.78038237,-2.70982620000005,ok,,complex: converged; slab: converged; molecule: converged,true,dft_jobs/CO_Rh111/PBE/OUTCAR,vasp_slab/Rh111/PBE/OUTCAR,vasp_mol/CO/PBE/OUTCAR
pbe,DME_Pt111_top,Pt111,DME,dft_jobs,,-370.79075302,-41.77152124,,error,slab+mol: OUTCAR not found: dft_jobs/DME_Pt111_top/PBE/OUTCAR,complex: missing; slab: converged; molecule: unfinished,false,dft_jobs/DME_Pt111_top/PBE/OUTCAR,vasp_slab/Pt111/PBE/OUTCAR,vasp_mol/DME/PBE/OUTCAR
pbe,H2CO_Ag100,Ag100,H2CO,dft_jobs,-112.97318216,-90.12407184,-22.13024123,-0.7188690899999948,ok,,complex: converged; slab: converged; molecule: converged,true,dft_jobs/H2CO_Ag100/PBE/OUTCAR,vasp_slab/Ag100/PBE/OUTCAR,vasp_mol/H2CO/PBE/OUTCAR
pbe,H2CO_Ag110,Ag110,H2CO,dft_jobs,-80.0094048,-57.34530434,-22.13024123,-0.5338592300000009,ok,,complex: converged; slab: converged; molecule: converged,true,dft_jobs/H2CO_Ag110/PBE/OUTCAR,vasp_slab/Ag110/PBE/OUTCAR,vasp_mol/H2CO/PBE/OUTCAR
pbe,H2CO_Ag111,Ag111,H2CO,dft_jobs,-114.41029852,-162.0788939,-22.13024123,,slab_mismatch,"slab size mismatch: job has 36 Ag, reference has 64 Ag",complex: converged; slab: converged; molecule: converged,false,dft_jobs/H2CO_Ag111/PBE/OUTCAR,vasp_slab/Ag111/PBE/OUTCAR,vasp_mol/H2CO/PBE/OUTCAR
pbe,H2CO_Au100,Au100,H2CO,dft_jobs,-214.05378832,-108.11108078,-22.13024123,,slab_mismatch,"slab size mismatch: job has 64 Au, reference has 36 Au",complex: converged; slab: converged; molecule: converged,false,dft_jobs/H2CO_Au100/PBE/OUTCAR,vasp_slab/Au100/PBE/OUTCAR,vasp_mol/H2CO/PBE/OUTCAR
pbe,H2CO_Au110,Au110,H2CO,dft_jobs,-206.55195238,-69.78140854,-22.13024123,,slab_mismatch,"slab size mismatch: job has 64 Au, reference has 24 Au",complex: converged; slab: converged; molecule: converged,false,dft_jobs/H2CO_Au110/PBE/OUTCAR,vasp_slab/Au110/PBE/OUTCAR,vasp_mol/H2CO/PBE/OUTCAR
pbe,H2CO_Au111,Au111,H2CO,dft_jobs,-132.47637204,-196.23589709,-22.13024123,,slab_mismatch,"slab size mismatch: job has 36 Au, reference has 64 Au",complex: converged; slab: converged; molecule: converged,false,dft_jobs/H2CO_Au111/PBE/OUTCAR,vasp_slab/Au111/PBE/OUTCAR,vasp_mol/H2CO/PBE/OUTCAR
pbe,H2CO_Cu100,Cu100,H2CO,dft_jobs,-242.06458238,-219.76682164,-22.13024123,-0.16751951000000176,ok,,complex: converged; slab: converged; molecule: converged,true,dft_jobs/H2CO_Cu100/PBE/OUTCAR,vasp_slab/Cu100/PBE/OUTCAR,vasp_mol/H2CO/PBE/OUTCAR
pbe,H2CO_Cu110,Cu110,H2CO,dft_jobs,-101.63251429,-79.75003338,-22.13024123,0.24776032000000114,ok,,complex: converged; slab: converged; molecule: converged,true,dft_jobs/H2CO_Cu110/PBE/OUTCAR,vasp_slab/Cu110/PBE/OUTCAR,vasp_mol/H2CO/PBE/OUTCAR
pbe,H2CO_Cu111,Cu111,H2CO,dft_jobs,-246.30443872,-225.69788512,-22.13024123,1.523687629999987,ok,,complex: converged; slab: converged; molecule: converged,true,dft_jobs/H2CO_Cu111/PBE/OUTCAR,vasp_slab/Cu111/PBE/OUTCAR,vasp_mol/H2CO/PBE/OUTCAR
pbe,H2CO_Ir100,Ir100,H2CO,dft_jobs,-317.85140551,-294.40101414,-22.13024123,-1.3201501400000346,ok,,complex: converged; slab: converged; molecule: converged,true,dft_jobs/H2CO_Ir100/PBE/OUTCAR,vasp_slab/Ir100/PBE/OUTCAR,vasp_mol/H2CO/PBE/OUTCAR
pbe,H2CO_Ir110,Ir110,H2CO,dft_jobs,-209.78319294,-185.79278571,-22.13024123,-1.8601659999999889,ok,,complex: converged; slab: converged; molecule: converged,true,dft_jobs/H2CO_Ir110/PBE/OUTCAR,vasp_slab/Ir110/PBE/OUTCAR,vasp_mol/H2CO/PBE/OUTCAR
pbe,H2CO_Ir111,Ir111,H2CO,dft_jobs,-560.71544101,-538.3119429,-22.13024123,-0.2732568799999875,ok,,complex: converged; slab: converged; molecule: converged,true,dft_jobs/H2CO_Ir111/PBE/OUTCAR,vasp_slab/Ir111/PBE/OUTCAR,vasp_mol/H2CO/PBE/OUTCAR
pbe,H2CO_Pd100,Pd100,H2CO,dft_jobs,-198.17871304,-175.30179252,-22.13024123,-0.7466792899999994,ok,,complex: converged; slab: converged; molecule: converged,true,dft_jobs/H2CO_Pd100/PBE/OUTCAR,vasp_slab/Pd100/PBE/OUTCAR,vasp_mol/H2CO/PBE/OUTCAR
pbe,H2CO_Pd110,Pd110,H2CO,dft_jobs,-133.8903629,-110.83417945,-22.13024123,-0.9259422200000209,ok,,complex: converged; slab: converged; molecule: converged,true,dft_jobs/H2CO_Pd110/PBE/OUTCAR,vasp_slab/Pd110/PBE/OUTCAR,vasp_mol/H2CO/PBE/OUTCAR
pbe,H2CO_Pd111,Pd111,H2CO,dft_jobs,-200.4173469,-315.98876394,-22.13024123,,slab_mismatch,"slab size mismatch: job has 36 Pd, reference has 64 Pd",complex: converged; slab: converged; molecule: converged,false,dft_jobs/H2CO_Pd111/PBE/OUTCAR,vasp_slab/Pd111/PBE/OUTCAR,vasp_mol/H2CO/PBE/OUTCAR
pbe,H2CO_Pt100,Pt100,H2CO,dft_jobs,-226.35414894,-203.0271286,-22.13024123,-1.1967791099999907,ok,,complex: converged; slab: converged; molecule: converged,true,dft_jobs/H2CO_Pt100/PBE/OUTCAR,vasp_slab/Pt100/PBE/OUTCAR,vasp_mol/H2CO/PBE/OUTCAR
pbe,H2CO_Pt110,Pt110,H2CO,dft_jobs,-151.85608974,-128.30096322,-22.13024123,-1.4248852899999882,ok,,complex: converged; slab: converged; molecule: converged,true,dft_jobs/H2CO_Pt110/PBE/OUTCAR,vasp_slab/Pt110/PBE/OUTCAR,vasp_mol/H2CO/PBE/OUTCAR
pbe,H2CO_Pt111_top,Pt111,H2CO,dft_jobs,,-370.79075302,-22.13024123,,error,slab+mol: OUTCAR not found: dft_jobs/H2CO_Pt111_top/PBE/OUTCAR,complex: missing; slab: converged; molecule: converged,false,dft_jobs/H2CO_Pt111_top/PBE/OUTCAR,vasp_slab/Pt111/PBE/OUTCAR,vasp_mol/H2CO/PBE/OUTCAR
pbe,H2CO_Rh100,Rh100,H2CO,dft_jobs,-265.8068481,-242.27634007,-22.13024123,-1.400266800000022,ok,,complex: converged; slab: converged; molecule: converged,true,dft_jobs/H2CO_Rh100/PBE/OUTCAR,vasp_slab/Rh100/PBE/OUTCAR,vasp_mol/H2CO/PBE/OUTCAR
pbe,H2CO_Rh110,Rh110,H2CO,dft_jobs,-177.08396554,-153.0579593,-22.13024123,-1.8957650100000158,ok,,complex: converged; slab: converged; molecule: converged,true,dft_jobs/H2CO_Rh110/PBE/OUTCAR,vasp_slab/Rh110/PBE/OUTCAR,vasp_mol/H2CO/PBE/OUTCAR
pbe,H2CO_Rh111,Rh111,H2CO,dft_jobs,-462.83440808,-439.14994289,-22.13024123,-1.5542239600000265,ok,,complex: converged; slab: converged; molecule: converged,true,dft_jobs/H2CO_Rh111/PBE/OUTCAR,vasp_slab/Rh111/PBE/OUTCAR,vasp_mol/H2CO/PBE/OUTCAR
pbe,H2O_Ag100,Ag100,H2O,dft_jobs,-105.15626672,-90.12407184,-14.21777517,-0.8144197100000063,ok,,complex: converged; slab: converged; molecule: converged,true,dft_jobs/H2O_Ag100/PBE/OUTCAR,vasp_slab/Ag100/PBE/OUTCAR,vasp_mol/H2O/PBE/OUTCAR
pbe,H2O_Ag110,Ag110,H2O,dft_jobs,-72.21235692,-57.34530434,-14.21777517,-0.6492774100000069,ok,,complex: converged; slab: converged; molecule: converged,true,dft_jobs/H2O_Ag110/PBE/OUTCAR,vasp_slab/Ag110/PBE/OUTCAR,vasp_mol/H2O/PBE/OUTCAR
pbe,H2O_Ag111,Ag111,H2O,dft_jobs,-106.5764953,-162.0788939,-14.21777517,,slab_mismatch,"slab size mismatch: job has 36 Ag, reference has 64 Ag",complex: converged; slab: converged; molecule: converged,false,dft_jobs/H2O_Ag111/PBE/OUTCAR,vasp_slab/Ag111/PBE/OUTCAR,vasp_mol/H2O/PBE/OUTCAR
pbe,H2O_Au100,Au100,H2O,dft_jobs,-206.10995865,-108.11108078,-14.21777517,,slab_mismatch,"slab size mismatch: job has 64 Au, reference has 36 Au",complex: converged; slab: converged; molecule: converged,false,dft_jobs/H2O_Au100/PBE/OUTCAR,vasp_slab/Au100/PBE/OUTCAR,vasp_mol/H2O/PBE/OUTCAR
pbe,H2O_Au110,Au110,H2O,dft_jobs,-198.68074357,-69.78140854,-14.21777517,,slab_mismatch,"slab size mismatch: job has 64 Au, reference has 24 Au",complex: converged; slab: converged; molecule: converged,false,dft_jobs/H2O_Au110/PBE/OUTCAR,vasp_slab/Au110/PBE/OUTCAR,vasp_mol/H2O/PBE/OUTCAR
pbe,H2O_Au111,Au111,H2O,dft_jobs,-124.53684584,-196.23589709,-14.21777517,,slab_mismatch,"slab size mismatch: job has 36 Au, reference has 64 Au",complex: converged; slab: converged; molecule: converged,false,dft_jobs/H2O_Au111/PBE/OUTCAR,vasp_slab/Au111/PBE/OUTCAR,vasp_mol/H2O/PBE/OUTCAR
pbe,H2O_Cu100,Cu100,H2O,dft_jobs,-234.23066468,-219.76682164,-14.21777517,-0.24606787000000097,ok,,complex: converged; slab: converged; molecule: converged,true,dft_jobs/H2O_Cu100/PBE/OUTCAR,vasp_slab/Cu100/PBE/OUTCAR,vasp_mol/H2O/PBE/OUTCAR
pbe,H2O_Cu110,Cu110,H2O,dft_jobs,-93.80675605,-79.75003338,-14.21777517,0.16105250000000026,ok,,complex: converged; slab: converged; molecule: converged,true,dft_jobs/H2O_Cu110/PBE/OUTCAR,vasp_slab/Cu110/PBE/OUTCAR,vasp_mol/H2O/PBE/OUTCAR
pbe,H2O_Cu111,Cu111,H2O,dft_jobs,-238.36885731,-225.69788512,-14.21777517,1.5468029799999847,ok,,complex: converged; slab: converged; molecule: converged,true,dft_jobs/H2O_Cu111/PBE/OUTCAR,vasp_slab/Cu111/PBE/OUTCAR,vasp_mol/H2O/PBE/OUTCAR
pbe,H2O_Ir100,Ir100,H2O,dft_jobs,-309.10640827,-294.40101414,-14.21777517,-0.4876189600000025,ok,,complex: converged; slab: converged; molecule: converged,true,dft_jobs/H2O_Ir100/PBE/OUTCAR,vasp_slab/Ir100/PBE/OUTCAR,vasp_mol/H2O/PBE/OUTCAR
pbe,H2O_Ir110,Ir110,H2O,dft_jobs,-200.62224101,-185.79278571,-14.21777517,-0.611680130000007,ok,,complex: converged; slab: converged; molecule: converged,true,dft_jobs/H2O_Ir110/PBE/OUTCAR,vasp_slab/Ir110/PBE/OUTCAR,vasp_mol/H2O/PBE/OUTCAR
pbe,H2O_Ir111,Ir111,H2O,dft_jobs,-552.84064095,-538.3119429,-14.21777517,-0.31092288000000323,ok,,complex: converged; slab: converged; molecule: converged,true,dft_jobs/H2O_Ir111/PBE/OUTCAR,vasp_slab/Ir111/PBE/OUTCAR,vasp_mol/H2O/PBE/OUTCAR
pbe,H2O_Pd100,Pd100,H2O,dft_jobs,-189.95582603,-175.30179252,-14.21777517,-0.4362583400000055,ok,,complex: converged; slab: converged; molecule: converged,true,dft_jobs/H2O_Pd100/PBE/OUTCAR,vasp_slab/Pd100/PBE/OUTCAR,vasp_mol/H2O/PBE/OUTCAR
pbe,H2O_Pd110,Pd110,H2O,dft_jobs,-125.53502345,-110.83417945,-14.21777517,-0.4830688300000041,ok,,complex: converged; slab: converged; molecule: converged,true,dft_jobs/H2O_Pd110/PBE/OUTCAR,vasp_slab/Pd110/PBE/OUTCAR,vasp_mol/H2O/PBE/OUTCAR
pbe,H2O_Pd111,Pd111,H2O,dft_jobs,-192.57923782,-315.98876394,-14.21777517,,slab_mismatch,"slab size mismatch: job has 36 Pd, reference has 64 Pd",complex: converged; slab: converged; molecule: converged,false,dft_jobs/H2O_Pd111/PBE/OUTCAR,vasp_slab/Pd111/PBE/OUTCAR,vasp_mol/H2O/PBE/OUTCAR
pbe,H2O_Pt100,Pt100,H2O,dft_jobs,-217.99418482,-203.0271286,-14.21777517,-0.7492810499999898,ok,,complex: converged; slab: converged; molecule: converged,true,dft_jobs/H2O_Pt100/PBE/OUTCAR,vasp_slab/Pt100/PBE/OUTCAR,vasp_mol/H2O/PBE/OUTCAR
pbe,H2O_Pt110,Pt110,H2O,dft_jobs,-143.25327126,-128.30096322,-14.21777517,-0.7345328699999918,ok,,complex: converged; slab: converged; molecule: converged,true,dft_jobs/H2O_Pt110/PBE/OUTCAR,vasp_slab/Pt110/PBE/OUTCAR,vasp_mol/H2O/PBE/OUTCAR
pbe,H2O_Pt111_top,Pt111,H2O,dft_jobs,,-370.79075302,-14.21777517,,error,slab+mol: OUTCAR not found: dft_jobs/H2O_Pt111_top/PBE/OUTCAR,complex: missing; slab: converged; molecule: converged,false,dft_jobs/H2O_Pt111_top/PBE/OUTCAR,vasp_slab/Pt111/PBE/OUTCAR,vasp_mol/H2O/PBE/OUTCAR
pbe,H2O_Rh100,Rh100,H2O,dft_jobs,-257.23796396,-242.27634007,-14.21777517,-0.743848719999999,ok,,complex: converged; slab: converged; molecule: converged,true,dft_jobs/H2O_Rh100/PBE/OUTCAR,vasp_slab/Rh100/PBE/OUTCAR,vasp_mol/H2O/PBE/OUTCAR
pbe,H2O_Rh110,Rh110,H2O,dft_jobs,-168.1018058,-153.0579593,-14.21777517,-0.8260713300000013,ok,,complex: converged; slab: converged; molecule: converged,true,dft_jobs/H2O_Rh110/PBE/OUTCAR,vasp_slab/Rh110/PBE/OUTCAR,vasp_mol/H2O/PBE/OUTCAR
pbe,H2O_Rh111,Rh111,H2O,dft_jobs,-454.39882686,-439.14994289,-14.21777517,-1.031108800000009,ok,,complex: converged; slab: converged; molecule: converged,true,dft_jobs/H2O_Rh111/PBE/OUTCAR,vasp_slab/Rh111/PBE/OUTCAR,vasp_mol/H2O/PBE/OUTCAR
pbe,H2S_Ag100,Ag100,H2S,dft_jobs,-102.16570481,-90.12407184,-11.19909469,-0.8425382799999941,ok,,complex: converged; slab: converged; molecule: converged,true,dft_jobs/H2S_Ag100/PBE/OUTCAR,vasp_slab/Ag100/PBE/OUTCAR,vasp_mol/H2S/PBE/OUTCAR
pbe,H2S_Ag110,Ag110,H2S,dft_jobs,-69.17302917,-57.34530434,-11.19909469,-0.6286301400000074,ok,,complex: converged; slab: converged; molecule: converged,true,dft_jobs/H2S_Ag110/PBE/OUTCAR,vasp_slab/Ag110/PBE/OUTCAR,vasp_mol/H2S/PBE/OUTCAR
pbe,H2S_Ag111,Ag111,H2S,dft_jobs,-103.55721243,-162.0788939,-11.19909469,,slab_mismatch,"slab size mismatch: job has 36 Ag, reference has 64 Ag",complex: converged; slab: converged; molecule: converged,false,dft_jobs/H2S_Ag111/PBE/OUTCAR,vasp_slab/Ag111/PBE/OUTCAR,vasp_mol/H2S/PBE/OUTCAR
pbe,H2S_Au100,Au100,H2S,dft_jobs,-203.30034566,-108.11108078,-11.19909469,,slab_mismatch,"slab size mismatch: job has 64 Au, reference has 36 Au",complex: converged; slab: converged; molecule: converged,false,dft_jobs/H2S_Au100/PBE/OUTCAR,vasp_slab/Au100/PBE/OUTCAR,vasp_mol/H2S/PBE/OUTCAR
pbe,H2S_Au110,Au110,H2S,dft_jobs,-195.87173141,-69.78140854,-11.19909469,,slab_mismatch,"slab size mismatch: job has 64 Au, reference has 24 Au",complex: converged; slab: converged; molecule: converged,false,dft_jobs/H2S_Au110/PBE/OUTCAR,vasp_slab/Au110/PBE/OUTCAR,vasp_mol/H2S/PBE/OUTCAR
pbe,H2S_Au111,Au111,H2S,dft_jobs,-121.62140562,-196.23589709,-11.19909469,,slab_mismatch,"slab size mismatch: job has 36 Au, reference has 64 Au",complex: converged; slab: converged; molecule: converged,false,dft_jobs/H2S_Au111/PBE/OUTCAR,vasp_slab/Au111/PBE/OUTCAR,vasp_mol/H2S/PBE/OUTCAR
pbe,H2S_Cu100,Cu100,H2S,dft_jobs,-231.23729502,-219.76682164,-11.19909469,-0.2713786900000148,ok,,complex: converged; slab: converged; molecule: converged,true,dft_jobs/H2S_Cu100/PBE/OUTCAR,vasp_slab/Cu100/PBE/OUTCAR,vasp_mol/H2S/PBE/OUTCAR
pbe,H2S_Cu110,Cu110,H2S,dft_jobs,-90.84747508,-79.75003338,-11.19909469,0.10165299000001049,ok,,complex: converged; slab: converged; molecule: converged,true,dft_jobs/H2S_Cu110/PBE/OUTCAR,vasp_slab/Cu110/PBE/OUTCAR,vasp_mol/H2S/PBE/OUTCAR
pbe,H2S_Cu111,Cu111,H2S,dft_jobs,-235.53078925,-225.69788512,-11.19909469,1.366190559999998,ok,,complex: converged; slab: converged; molecule: converged,true,dft_jobs/H2S_Cu111/PBE/OUTCAR,vasp_slab/Cu111/PBE/OUTCAR,vasp_mol/H2S/PBE/OUTCAR
pbe,H2S_Ir100,Ir100,H2S,dft_jobs,-308.2028347,-294.40101414,-11.19909469,-2.6027258700000093,ok,,complex: converged; slab: converged; molecule: converged,true,dft_jobs/H2S_Ir100/PBE/OUTCAR,vasp_slab/Ir100/PBE/OUTCAR,vasp_mol/H2S/PBE/OUTCAR
pbe,H2S_Ir110,Ir110,H2S,dft_jobs,-199.70413317,-185.79278571,-11.19909469,-2.712252770000001,ok,,complex: converged; slab: converged; molecule: converged,true,dft_jobs/H2S_Ir110/PBE/OUTCAR,vasp_slab/Ir110/PBE/OUTCAR,vasp_mol/H2S/PBE/OUTCAR
pbe,H2S_Ir111,Ir111,H2S,dft_jobs,-550.25316763,-538.3119429,-11.19909469,-0.7421300400000437,ok,,complex: converged; slab: converged; molecule: converged,true,dft_jobs/H2S_Ir111/PBE/OUTCAR,vasp_slab/Ir111/PBE/OUTCAR,vasp_mol/H2S/PBE/OUTCAR
pbe,H2S_Pd100,Pd100,H2S,dft_jobs,-187.43306544,-175.30179252,-11.19909469,-0.9321782300000141,ok,,complex: converged; slab: converged; molecule: converged,true,dft_jobs/H2S_Pd100/PBE/OUTCAR,vasp_slab/Pd100/PBE/OUTCAR,vasp_mol/H2S/PBE/OUTCAR
pbe,H2S_Pd110,Pd110,H2S,dft_jobs,-123.08411788,-110.83417945,-11.19909469,-1.0508437399999995,ok,,complex: converged; slab: converged; molecule: converged,true,dft_jobs/H2S_Pd110/PBE/OUTCAR,vasp_slab/Pd110/PBE/OUTCAR,vasp_mol/H2S/PBE/OUTCAR
pbe,H2S_Pd111,Pd111,H2S,dft_jobs,-189.92861109,-315.98876394,-11.19909469,,slab_mismatch,"slab size mismatch: job has 36 Pd, reference has 64 Pd",complex: converged; slab: converged; molecule: converged,false,dft_jobs/H2S_Pd111/PBE/OUTCAR,vasp_slab/Pd111/PBE/OUTCAR,vasp_mol/H2S/PBE/OUTCAR
pbe,H2S_Pt100,Pt100,H2S,dft_jobs,-215.61921114,-203.0271286,-11.19909469,-1.3929878500000061,ok,,complex: converged; slab: converged; molecule: converged,true,dft_jobs/H2S_Pt100/PBE/OUTCAR,vasp_slab/Pt100/PBE/OUTCAR,vasp_mol/H2S/PBE/OUTCAR
pbe,H2S_Pt110,Pt110,H2S,dft_jobs,-142.02050582,-128.30096322,-11.19909469,-2.5204479100000103,ok,,complex: converged; slab: converged; molecule: converged,true,dft_jobs/H2S_Pt110/PBE/OUTCAR,vasp_slab/Pt110/PBE/OUTCAR,vasp_mol/H2S/PBE/OUTCAR
pbe,H2S_Pt111_top,Pt111,H2S,dft_jobs,,-370.79075302,-11.19909469,,error,slab+mol: OUTCAR not found: dft_jobs/H2S_Pt111_top/PBE/OUTCAR,complex: missing; slab: converged; molecule: converged,false,dft_jobs/H2S_Pt111_top/PBE/OUTCAR,vasp_slab/Pt111/PBE/OUTCAR,vasp_mol/H2S/PBE/OUTCAR
pbe,H2S_Rh100,Rh100,H2S,dft_jobs,-257.5099613,-242.27634007,-11.19909469,-4.034526539999982,ok,,complex: converged; slab: converged; molecule: converged,true,dft_jobs/H2S_Rh100/PBE/OUTCAR,vasp_slab/Rh100/PBE/OUTCAR,vasp_mol/H2S/PBE/OUTCAR
pbe,H2S_Rh110,Rh110,H2S,dft_jobs,-166.46421729,-153.0579593,-11.19909469,-2.2071632999999995,ok,,complex: converged; slab: converged; molecule: converged,true,dft_jobs/H2S_Rh110/PBE/OUTCAR,vasp_slab/Rh110/PBE/OUTCAR,vasp_mol/H2S/PBE/OUTCAR
pbe,H2S_Rh111,Rh111,H2S,dft_jobs,-451.82135733,-439.14994289,-11.19909469,-1.4723197500000342,ok,,complex: converged; slab: converged; molecule: converged,true,dft_jobs/H2S_Rh111/PBE/OUTCAR,vasp_slab/Rh111/PBE/OUTCAR,vasp_mol/H2S/PBE/OUTCAR
pbe,HCN_Ag100,Ag100,HCN,dft_jobs,,-90.12407184,,,error,slab+mol: OUTCAR not found: dft_jobs/HCN_Ag100/PBE/OUTCAR; mol: OUTCAR not found: vasp_mol/HCN/PBE/OUTCAR,complex: missing; slab: converged; molecule: missing,false,dft_jobs/HCN_Ag100/PBE/OUTCAR,vasp_slab/Ag100/PBE/OUTCAR,vasp_mol/HCN/PBE/OUTCAR
pbe,HCN_Ag110,Ag110,HCN,dft_jobs,,-57.34530434,,,error,slab+mol: OUTCAR not found: dft_jobs/HCN_Ag110/PBE/OUTCAR; mol: OUTCAR not found: vasp_mol/HCN/PBE/OUTCAR,complex: missing; slab: converged; molecule: missing,false,dft_jobs/HCN_Ag110/PBE/OUTCAR,vasp_slab/Ag110/PBE/OUTCAR,vasp_mol/HCN/PBE/OUTCAR
pbe,HCN_Ag111,Ag111,HCN,dft_jobs,,-162.0788939,,,error,slab+mol: OUTCAR not found: dft_jobs/HCN_Ag111/PBE/OUTCAR; mol: OUTCAR not found: vasp_mol/HCN/PBE/OUTCAR,complex: missing; slab: converged; molecule: missing,false,dft_jobs/HCN_Ag111/PBE/OUTCAR,vasp_slab/Ag111/PBE/OUTCAR,vasp_mol/HCN/PBE/OUTCAR
pbe,HCN_Au100,Au100,HCN,dft_jobs,,-108.11108078,,,error,slab+mol: OUTCAR not found: dft_jobs/HCN_Au100/PBE/OUTCAR; mol: OUTCAR not found: vasp_mol/HCN/PBE/OUTCAR,complex: missing; slab: converged; molecule: missing,false,dft_jobs/HCN_Au100/PBE/OUTCAR,vasp_slab/Au100/PBE/OUTCAR,vasp_mol/HCN/PBE/OUTCAR
pbe,HCN_Au110,Au110,HCN,dft_jobs,,-69.78140854,,,error,slab+mol: OUTCAR not found: dft_jobs/HCN_Au110/PBE/OUTCAR; mol: OUTCAR not found: vasp_mol/HCN/PBE/OUTCAR,complex: missing; slab: converged; molecule: missing,false,dft_jobs/HCN_Au110/PBE/OUTCAR,vasp_slab/Au110/PBE/OUTCAR,vasp_mol/HCN/PBE/OUTCAR
pbe,HCN_Au111,Au111,HCN,dft_jobs,,-196.23589709,,,error,slab+mol: OUTCAR not found: dft_jobs/HCN_Au111/PBE/OUTCAR; mol: OUTCAR not found: vasp_mol/HCN/PBE/OUTCAR,complex: missing; slab: converged; molecule: missing,false,dft_jobs/HCN_Au111/PBE/OUTCAR,vasp_slab/Au111/PBE/OUTCAR,vasp_mol/HCN/PBE/OUTCAR
pbe,HCN_Ir100,Ir100,HCN,dft_jobs,,-294.40101414,,,error,slab+mol: OUTCAR not found: dft_jobs/HCN_Ir100/PBE/OUTCAR; mol: OUTCAR not found: vasp_mol/HCN/PBE/OUTCAR,complex: missing; slab: converged; molecule: missing,false,dft_jobs/HCN_Ir100/PBE/OUTCAR,vasp_slab/Ir100/PBE/OUTCAR,vasp_mol/HCN/PBE/OUTCAR
pbe,HCN_Ir110,Ir110,HCN,dft_jobs,,-185.79278571,,,error,slab+mol: OUTCAR not found: dft_jobs/HCN_Ir110/PBE/OUTCAR; mol: OUTCAR not found: vasp_mol/HCN/PBE/OUTCAR,complex: missing; slab: converged; molecule: missing,false,dft_jobs/HCN_Ir110/PBE/OUTCAR,vasp_slab/Ir110/PBE/OUTCAR,vasp_mol/HCN/PBE/OUTCAR
pbe,HCN_Ir111,Ir111,HCN,dft_jobs,,-538.3119429,,,error,slab+mol: OUTCAR not found: dft_jobs/HCN_Ir111/PBE/OUTCAR; mol: OUTCAR not found: vasp_mol/HCN/PBE/OUTCAR,complex: missing; slab: converged; molecule: missing,false,dft_jobs/HCN_Ir111/PBE/OUTCAR,vasp_slab/Ir111/PBE/OUTCAR,vasp_mol/HCN/PBE/OUTCAR
pbe,HCN_Pt111_top,Pt111,HCN,dft_jobs,,-370.79075302,,,error,slab+mol: OUTCAR not found: dft_jobs/HCN_Pt111_top/PBE/OUTCAR; mol: OUTCAR not found: vasp_mol/HCN/PBE/OUTCAR,complex: missing; slab: converged; molecule: missing,false,dft_jobs/HCN_Pt111_top/PBE/OUTCAR,vasp_slab/Pt111/PBE/OUTCAR,vasp_mol/HCN/PBE/OUTCAR
pbe,HCN_Rh100,Rh100,HCN,dft_jobs,,-242.27634007,,,error,slab+mol: OUTCAR not found: dft_jobs/HCN_Rh100/PBE/OUTCAR; mol: OUTCAR not found: vasp_mol/HCN/PBE/OUTCAR,complex: missing; slab: converged; molecule: missing,false,dft_jobs/HCN_Rh100/PBE/OUTCAR,vasp_slab/Rh100/PBE/OUTCAR,vasp_mol/HCN/PBE/OUTCAR
pbe,HCN_Rh110,Rh110,HCN,dft_jobs,,-153.0579593,,,error,slab+mol: OUTCAR not found: dft_jobs/HCN_Rh110/PBE/OUTCAR; mol: OUTCAR not found: vasp_mol/HCN/PBE/OUTCAR,complex: missing; slab: converged; molecule: missing,false,dft_jobs/HCN_Rh110/PBE/OUTCAR,vasp_slab/Rh110/PBE/OUTCAR,vasp_mol/HCN/PBE/OUTCAR
pbe,HCN_Rh111,Rh111,HCN,dft_jobs,,-439.14994289,,,error,slab+mol: OUTCAR not found: dft_jobs/HCN_Rh111/PBE/OUTCAR; mol: OUTCAR not found: vasp_mol/HCN/PBE/OUTCAR,complex: missing; slab: converged; molecule: missing,false,dft_jobs/HCN_Rh111/PBE/OUTCAR,vasp_slab/Rh111/PBE/OUTCAR,vasp_mol/HCN/PBE/OUTCAR
pbe,HCOOH_Ag100,Ag100,HCOOH,dft_jobs,-120.8370336,-90.12407184,-29.87979435,-0.8331674099999979,ok,,complex: converged; slab: converged; molecule: converged,true,dft_jobs/HCOOH_Ag100/PBE/OUTCAR,vasp_slab/Ag100/PBE/OUTCAR,vasp_mol/HCOOH/PBE/OUTCAR
pbe,HCOOH_Ag110,Ag110,HCOOH,dft_jobs,-87.85451267,-57.34530434,-29.87979435,-0.629413980000006,ok,,complex: converged; slab: converged; molecule: converged,true,dft_jobs/HCOOH_Ag110/PBE/OUTCAR,vasp_slab/Ag110/PBE/OUTCAR,vasp_mol/HCOOH/PBE/OUTCAR
pbe,HCOOH_Ag111,Ag111,HCOOH,dft_jobs,-122.25091803,-162.0788939,-29.87979435,,slab_mismatch,"slab size mismatch: job has 36 Ag, reference has 64 Ag",complex: converged; slab: converged; molecule: converged,false,dft_jobs/HCOOH_Ag111/PBE/OUTCAR,vasp_slab/Ag111/PBE/OUTCAR,vasp_mol/HCOOH/PBE/OUTCAR
pbe,HCOOH_Au100,Au100,HCOOH,dft_jobs,-221.84278625,-108.11108078,-29.87979435,,slab_mismatch,"slab size mismatch: job has 64 Au, reference has 36 Au",complex: converged; slab: converged; molecule: converged,false,dft_jobs/HCOOH_Au100/PBE/OUTCAR,vasp_slab/Au100/PBE/OUTCAR,vasp_mol/HCOOH/PBE/OUTCAR
pbe,HCOOH_Au110,Au110,HCOOH,dft_jobs,-214.33724726,-69.78140854,-29.87979435,,slab_mismatch,"slab size mismatch: job has 64 Au, reference has 24 Au",complex: converged; slab: converged; molecule: converged,false,dft_jobs/HCOOH_Au110/PBE/OUTCAR,vasp_slab/Au110/PBE/OUTCAR,vasp_mol/HCOOH/PBE/OUTCAR
pbe,HCOOH_Au111,Au111,HCOOH,dft_jobs,-140.25719733,-196.23589709,-29.87979435,,slab_mismatch,"slab size mismatch: job has 36 Au, reference has 64 Au",complex: converged; slab: converged; molecule: converged,false,dft_jobs/HCOOH_Au111/PBE/OUTCAR,vasp_slab/Au111/PBE/OUTCAR,vasp_mol/HCOOH/PBE/OUTCAR
pbe,HCOOH_Cu100,Cu100,HCOOH,dft_jobs,-249.92200309,-219.76682164,-29.87979435,-0.2753871000000139,ok,,complex: converged; slab: converged; molecule: converged,true,dft_jobs/HCOOH_Cu100/PBE/OUTCAR,vasp_slab/Cu100/PBE/OUTCAR,vasp_mol/HCOOH/PBE/OUTCAR
pbe,HCOOH_Cu110,Cu110,HCOOH,dft_jobs,-109.53957728,-79.75003338,-29.87979435,0.09025045000000276,ok,,complex: converged; slab: converged; molecule: converged,true,dft_jobs/HCOOH_Cu110/PBE/OUTCAR,vasp_slab/Cu110/PBE/OUTCAR,vasp_mol/HCOOH/PBE/OUTCAR
pbe,HCOOH_Cu111_top,Cu111,HCOOH,dft_jobs,,-225.69788512,-29.87979435,,error,slab+mol: OUTCAR not found: dft_jobs/HCOOH_Cu111_top/PBE/OUTCAR,complex: missing; slab: converged; molecule: converged,false,dft_jobs/HCOOH_Cu111_top/PBE/OUTCAR,vasp_slab/Cu111/PBE/OUTCAR,vasp_mol/HCOOH/PBE/OUTCAR
pbe,HCOOH_Ir100,Ir100,HCOOH,dft_jobs,-324.94116879,-294.40101414,-29.87979435,-0.6603603000000327,ok,,complex: converged; slab: converged; molecule: converged,true,dft_jobs/HCOOH_Ir100/PBE/OUTCAR,vasp_slab/Ir100/PBE/OUTCAR,vasp_mol/HCOOH/PBE/OUTCAR
pbe,HCOOH_Ir110,Ir110,HCOOH,dft_jobs,-216.53826495,-185.79278571,-29.87979435,-0.8656848900000078,ok,,complex: converged; slab: converged; molecule: converged,true,dft_jobs/HCOOH_Ir110/PBE/OUTCAR,vasp_slab/Ir110/PBE/OUTCAR,vasp_mol/HCOOH/PBE/OUTCAR
pbe,HCOOH_Ir111,Ir111,HCOOH,dft_jobs,-568.53891982,-538.3119429,-29.87979435,-0.3471825700000828,ok,,complex: converged; slab: converged; molecule: converged,true,dft_jobs/HCOOH_Ir111/PBE/OUTCAR,vasp_slab/Ir111/PBE/OUTCAR,vasp_mol/HCOOH/PBE/OUTCAR
pbe,HCOOH_Pd100,Pd100,HCOOH,dft_jobs,-205.7713936,-175.30179252,-29.87979435,-0.5898067300000172,ok,,complex: converged; slab: converged; molecule: converged,true,dft_jobs/HCOOH_Pd100/PBE/OUTCAR,vasp_slab/Pd100/PBE/OUTCAR,vasp_mol/HCOOH/PBE/OUTCAR
pbe,HCOOH_Pd110,Pd110,HCOOH,dft_jobs,-141.29859919,-110.83417945,-29.87979435,-0.58462539000001,ok,,complex: converged; slab: converged; molecule: converged,true,dft_jobs/HCOOH_Pd110/PBE/OUTCAR,vasp_slab/Pd110/PBE/OUTCAR,vasp_mol/HCOOH/PBE/OUTCAR
pbe,HCOOH_Pd111,Pd111,HCOOH,dft_jobs,-208.33535337,-315.98876394,-29.87979435,,slab_mismatch,"slab size mismatch: job has 36 Pd, reference has 64 Pd",complex: converged; slab: converged; molecule: converged,false,dft_jobs/HCOOH_Pd111/PBE/OUTCAR,vasp_slab/Pd111/PBE/OUTCAR,vasp_mol/HCOOH/PBE/OUTCAR
pbe,HCOOH_Pt100,Pt100,HCOOH,dft_jobs,-233.81742288,-203.0271286,-29.87979435,-0.910499930000011,ok,,complex: converged; slab: converged; molecule: converged,true,dft_jobs/HCOOH_Pt100/PBE/OUTCAR,vasp_slab/Pt100/PBE/OUTCAR,vasp_mol/HCOOH/PBE/OUTCAR
pbe,HCOOH_Pt110,Pt110,HCOOH,dft_jobs,-159.06788204,-128.30096322,-29.87979435,-0.8871244699999998,ok,,complex: converged; slab: converged; molecule: converged,true,dft_jobs/HCOOH_Pt110/PBE/OUTCAR,vasp_slab/Pt110/PBE/OUTCAR,vasp_mol/HCOOH/PBE/OUTCAR
pbe,HCOOH_Pt111,Pt111,HCOOH,dft_jobs,-238.84281991,-370.79075302,-29.87979435,,slab_mismatch,"slab size mismatch: job has 36 Pt, reference has 64 Pt",complex: converged; slab: converged; molecule: converged,false,dft_jobs/HCOOH_Pt111/PBE/OUTCAR,vasp_slab/Pt111/PBE/OUTCAR,vasp_mol/HCOOH/PBE/OUTCAR
pbe,HCOOH_Rh100,Rh100,HCOOH,dft_jobs,-273.07351558,-242.27634007,-29.87979435,-0.9173811599999873,ok,,complex: converged; slab: converged; molecule: converged,true,dft_jobs/HCOOH_Rh100/PBE/OUTCAR,vasp_slab/Rh100/PBE/OUTCAR,vasp_mol/HCOOH/PBE/OUTCAR
pbe,HCOOH_Rh110,Rh110,HCOOH,dft_jobs,-183.98521121,-153.0579593,-29.87979435,-1.0474575599999945,ok,,complex: converged; slab: converged; molecule: converged,true,dft_jobs/HCOOH_Rh110/PBE/OUTCAR,vasp_slab/Rh110/PBE/OUTCAR,vasp_mol/HCOOH/PBE/OUTCAR
pbe,HCOOH_Rh111,Rh111,HCOOH,dft_jobs,-470.13903578,-439.14994289,-29.87979435,-1.109298539999994,ok,,complex: converged; slab: converged; molecule: converged,true,dft_jobs/HCOOH_Rh111/PBE/OUTCAR,vasp_slab/Rh111/PBE/OUTCAR,vasp_mol/HCOOH/PBE/OUTCAR
pbe,H_Ag100,Ag100,H,dft_jobs,,-90.12407184,,,error,slab+mol: OUTCAR not found: dft_jobs/H_Ag100/PBE/OUTCAR; mol: OUTCAR not found: vasp_mol/H/PBE/OUTCAR,complex: missing; slab: converged; molecule: missing,false,dft_jobs/H_Ag100/PBE/OUTCAR,vasp_slab/Ag100/PBE/OUTCAR,vasp_mol/H/PBE/OUTCAR
pbe,H_Ag110,Ag110,H,dft_jobs,,-57.34530434,,,error,slab+mol: OUTCAR not found: dft_jobs/H_Ag110/PBE/OUTCAR; mol: OUTCAR not found: vasp_mol/H/PBE/OUTCAR,complex: missing; slab: converged; molecule: missing,false,dft_jobs/H_Ag110/PBE/OUTCAR,vasp_slab/Ag110/PBE/OUTCAR,vasp_mol/H/PBE/OUTCAR
pbe,H_Ag111,Ag111,H,dft_jobs,,-162.0788939,,,error,slab+mol: OUTCAR not found: dft_jobs/H_Ag111/PBE/OUTCAR; mol: OUTCAR not found: vasp_mol/H/PBE/OUTCAR,complex: missing; slab: converged; molecule: missing,false,dft_jobs/H_Ag111/PBE/OUTCAR,vasp_slab/Ag111/PBE/OUTCAR,vasp_mol/H/PBE/OUTCAR
pbe,H_Au100,Au100,H,dft_jobs,,-108.11108078,,,error,slab+mol: OUTCAR not found: dft_jobs/H_Au100/PBE/OUTCAR; mol: OUTCAR not found: vasp_mol/H/PBE/OUTCAR,complex: missing; slab: converged; molecule: missing,false,dft_jobs/H_Au100/PBE/OUTCAR,vasp_slab/Au100/PBE/OUTCAR,vasp_mol/H/PBE/OUTCAR
pbe,H_Au110,Au110,H,dft_jobs,,-69.78140854,,,error,slab+mol: OUTCAR not found: dft_jobs/H_Au110/PBE/OUTCAR; mol: OUTCAR not found: vasp_mol/H/PBE/OUTCAR,complex: missing; slab: converged; molecule: missing,false,dft_jobs/H_Au110/PBE/OUTCAR,vasp_slab/Au110/PBE/OUTCAR,vasp_mol/H/PBE/OUTCAR
pbe,H_Au111,Au111,H,dft_jobs,,-196.23589709,,,error,slab+mol: OUTCAR not found: dft_jobs/H_Au111/PBE/OUTCAR; mol: OUTCAR not found: vasp_mol/H/PBE/OUTCAR,complex: missing; slab: converged; molecule: missing,false,dft_jobs/H_Au111/PBE/OUTCAR,vasp_slab/Au111/PBE/OUTCAR,vasp_mol/H/PBE/OUTCAR
pbe,H_Ir100,Ir100,H,dft_jobs,,-294.40101414,,,error,slab+mol: OUTCAR not found: dft_jobs/H_Ir100/PBE/OUTCAR; mol: OUTCAR not found: vasp_mol/H/PBE/OUTCAR,complex: missing; slab: converged; molecule: missing,false,dft_jobs/H_Ir100/PBE/OUTCAR,vasp_slab/Ir100/PBE/OUTCAR,vasp_mol/H/PBE/OUTCAR
pbe,H_Ir110,Ir110,H,dft_jobs,,-185.79278571,,,error,slab+mol: OUTCAR not found: dft_jobs/H_Ir110/PBE/OUTCAR; mol: OUTCAR not found: vasp_mol/H/PBE/OUTCAR,complex: missing; slab: converged; molecule: missing,false,dft_jobs/H_Ir110/PBE/OUTCAR,vasp_slab/Ir110/PBE/OUTCAR,vasp_mol/H/PBE/OUTCAR
pbe,H_Ir111,Ir111,H,dft_jobs,,-538.3119429,,,error,slab+mol: OUTCAR not found: dft_jobs/H_Ir111/PBE/OUTCAR; mol: OUTCAR not found: vasp_mol/H/PBE/OUTCAR,complex: missing; slab: converged; molecule: missing,false,dft_jobs/H_Ir111/PBE/OUTCAR,vasp_slab/Ir111/PBE/OUTCAR,vasp_mol/H/PBE/OUTCAR
pbe,H_Pt111_fcc,Pt111,H,dft_jobs,,-370.79075302,,,error,slab+mol: OUTCAR not found: dft_jobs/H_Pt111_fcc/PBE/OUTCAR; mol: OUTCAR not found: vasp_mol/H/PBE/OUTCAR,complex: missing; slab: converged; molecule: missing,false,dft_jobs/H_Pt111_fcc/PBE/OUTCAR,vasp_slab/Pt111/PBE/OUTCAR,vasp_mol/H/PBE/OUTCAR
pbe,H_Rh100,Rh100,H,dft_jobs,,-242.27634007,,,error,slab+mol: OUTCAR not found: dft_jobs/H_Rh100/PBE/OUTCAR; mol: OUTCAR not found: vasp_mol/H/PBE/OUTCAR,complex: missing; slab: converged; molecule: missing,false,dft_jobs/H_Rh100/PBE/OUTCAR,vasp_slab/Rh100/PBE/OUTCAR,vasp_mol/H/PBE/OUTCAR
pbe,H_Rh110,Rh110,H,dft_jobs,,-153.0579593,,,error,slab+mol: OUTCAR not found: dft_jobs/H_Rh110/PBE/OUTCAR; mol: OUTCAR not found: vasp_mol/H/PBE/OUTCAR,complex: missing; slab: converged; molecule: missing,false,dft_jobs/H_Rh110/PBE/OUTCAR,vasp_slab/Rh110/PBE/OUTCAR,vasp_mol/H/PBE/OUTCAR
pbe,H_Rh111,Rh111,H,dft_jobs,,-439.14994289,,,error,slab+mol: OUTCAR not found: dft_jobs/H_Rh111/PBE/OUTCAR; mol: OUTCAR not found: vasp_mol/H/PBE/OUTCAR,complex: missing; slab: converged; molecule: missing,false,dft_jobs/H_Rh111/PBE/OUTCAR,vasp_slab/Rh111/PBE/OUTCAR,vasp_mol/H/PBE/OUTCAR
pbe,N2_Ag100,Ag100,N2,dft_jobs,-107.38939322,-90.12407184,-16.62802491,-0.6372964700000026,ok,,complex: unfinished; slab: converged; molecule: converged,false,dft_jobs/N2_Ag100/PBE/OUTCAR,vasp_slab/Ag100/PBE/OUTCAR,vasp_mol/N2/PBE/OUTCAR
pbe,N2_Ag110,Ag110,N2,dft_jobs,-74.36908494,-57.34530434,-16.62802491,-0.39575568999999433,ok,,complex: converged; slab: converged; molecule: converged,true,dft_jobs/N2_Ag110/PBE/OUTCAR,vasp_slab/Ag110/PBE/OUTCAR,vasp_mol/N2/PBE/OUTCAR
pbe,N2_Ag111,Ag111,N2,dft_jobs,-108.88664009,-162.0788939,-16.62802491,,slab_mismatch,"slab size mismatch: job has 36 Ag, reference has 64 Ag",complex: converged; slab: converged; molecule: converged,false,dft_jobs/N2_Ag111/PBE/OUTCAR,vasp_slab/Ag111/PBE/OUTCAR,vasp_mol/N2/PBE/OUTCAR
pbe,N2_Au100,Au100,N2,dft_jobs,-208.46384485,-108.11108078,-16.62802491,,slab_mismatch,"slab size mismatch: job has 64 Au, reference has 36 Au",complex: converged; slab: converged; molecule: converged,false,dft_jobs/N2_Au100/PBE/OUTCAR,vasp_slab/Au100/PBE/OUTCAR,vasp_mol/N2/PBE/OUTCAR
pbe,N2_Au110,Au110,N2,dft_jobs,-200.89319464,-69.78140854,-16.62802491,,slab_mismatch,"slab size mismatch: job has 64 Au, reference has 24 Au",complex: converged; slab: converged; molecule: converged,false,dft_jobs/N2_Au110/PBE/OUTCAR,vasp_slab/Au110/PBE/OUTCAR,vasp_mol/N2/PBE/OUTCAR
pbe,N2_Au111,Au111,N2,dft_jobs,-126.91323151,-196.23589709,-16.62802491,,slab_mismatch,"slab size mismatch: job has 36 Au, reference has 64 Au",complex: converged; slab: converged; molecule: converged,false,dft_jobs/N2_Au111/PBE/OUTCAR,vasp_slab/Au111/PBE/OUTCAR,vasp_mol/N2/PBE/OUTCAR
pbe,N2_Cu100,Cu100,N2,dft_jobs,-236.41247511,-219.76682164,-16.62802491,-0.017628560000012783,ok,,complex: converged; slab: converged; molecule: converged,true,dft_jobs/N2_Cu100/PBE/OUTCAR,vasp_slab/Cu100/PBE/OUTCAR,vasp_mol/N2/PBE/OUTCAR
pbe,N2_Cu110,Cu110,N2,dft_jobs,-96.02288351,-79.75003338,-16.62802491,0.3551747800000058,ok,,complex: converged; slab: converged; molecule: converged,true,dft_jobs/N2_Cu110/PBE/OUTCAR,vasp_slab/Cu110/PBE/OUTCAR,vasp_mol/N2/PBE/OUTCAR
pbe,N2_Cu111,Cu111,N2,dft_jobs,-240.72163897,-225.69788512,-16.62802491,1.6042710600000092,ok,,complex: converged; slab: converged; molecule: converged,true,dft_jobs/N2_Cu111/PBE/OUTCAR,vasp_slab/Cu111/PBE/OUTCAR,vasp_mol/N2/PBE/OUTCAR
pbe,N2_Ir100,Ir100,N2,dft_jobs,-311.83861459,-294.40101414,-16.62802491,-0.8095755400000471,ok,,complex: converged; slab: converged; molecule: converged,true,dft_jobs/N2_Ir100/PBE/OUTCAR,vasp_slab/Ir100/PBE/OUTCAR,vasp_mol/N2/PBE/OUTCAR
pbe,N2_Ir110,Ir110,N2,dft_jobs,-203.51998704,-185.79278571,-16.62802491,-1.099176419999985,ok,,complex: converged; slab: converged; molecule: converged,true,dft_jobs/N2_Ir110/PBE/OUTCAR,vasp_slab/Ir110/PBE/OUTCAR,vasp_mol/N2/PBE/OUTCAR
pbe,N2_Ir111,Ir111,N2,dft_jobs,-555.3328552,-538.3119429,-16.62802491,-0.39288739000007666,ok,,complex: converged; slab: converged; molecule: converged,true,dft_jobs/N2_Ir111/PBE/OUTCAR,vasp_slab/Ir111/PBE/OUTCAR,vasp_mol/N2/PBE/OUTCAR
pbe,N2_Pd100,Pd100,N2,dft_jobs,-192.44228027,-175.30179252,-16.62802491,-0.5124628400000049,ok,,complex: converged; slab: converged; molecule: converged,true,dft_jobs/N2_Pd100/PBE/OUTCAR,vasp_slab/Pd100/PBE/OUTCAR,vasp_mol/N2/PBE/OUTCAR
pbe,N2_Pd110,Pd110,N2,dft_jobs,-128.01084682,-110.83417945,-16.62802491,-0.5486424600000177,ok,,complex: converged; slab: converged; molecule: converged,true,dft_jobs/N2_Pd110/PBE/OUTCAR,vasp_slab/Pd110/PBE/OUTCAR,vasp_mol/N2/PBE/OUTCAR
pbe,N2_Pd111,Pd111,N2,dft_jobs,-194.93669993,-315.98876394,-16.62802491,,slab_mismatch,"slab size mismatch: job has 36 Pd, reference has 64 Pd",complex: converged; slab: converged; molecule: converged,false,dft_jobs/N2_Pd111/PBE/OUTCAR,vasp_slab/Pd111/PBE/OUTCAR,vasp_mol/N2/PBE/OUTCAR
pbe,N2_Pt100,Pt100,N2,dft_jobs,-220.48967703,-203.0271286,-16.62802491,-0.8345235199999976,ok,,complex: converged; slab: converged; molecule: converged,true,dft_jobs/N2_Pt100/PBE/OUTCAR,vasp_slab/Pt100/PBE/OUTCAR,vasp_mol/N2/PBE/OUTCAR
pbe,N2_Pt110,Pt110,N2,dft_jobs,-145.80472495,-128.30096322,-16.62802491,-0.8757368200000073,ok,,complex: converged; slab: converged; molecule: converged,true,dft_jobs/N2_Pt110/PBE/OUTCAR,vasp_slab/Pt110/PBE/OUTCAR,vasp_mol/N2/PBE/OUTCAR
pbe,N2_Pt111_top,Pt111,N2,dft_jobs,,-370.79075302,-16.62802491,,error,slab+mol: OUTCAR not found: dft_jobs/N2_Pt111_top/PBE/OUTCAR,complex: missing; slab: converged; molecule: converged,false,dft_jobs/N2_Pt111_top/PBE/OUTCAR,vasp_slab/Pt111/PBE/OUTCAR,vasp_mol/N2/PBE/OUTCAR
pbe,N2_Rh100,Rh100,N2,dft_jobs,-259.94264474,-242.27634007,-16.62802491,-1.0382797599999876,ok,,complex: converged; slab: converged; molecule: converged,true,dft_jobs/N2_Rh100/PBE/OUTCAR,vasp_slab/Rh100/PBE/OUTCAR,vasp_mol/N2/PBE/OUTCAR
pbe,N2_Rh110,Rh110,N2,dft_jobs,-170.86752238,-153.0579593,-16.62802491,-1.1815381700000032,ok,,complex: converged; slab: converged; molecule: converged,true,dft_jobs/N2_Rh110/PBE/OUTCAR,vasp_slab/Rh110/PBE/OUTCAR,vasp_mol/N2/PBE/OUTCAR
pbe,N2_Rh111,Rh111,N2,dft_jobs,-457.00309567,-439.14994289,-16.62802491,-1.2251278700000157,ok,,complex: converged; slab: converged; molecule: converged,true,dft_jobs/N2_Rh111/PBE/OUTCAR,vasp_slab/Rh111/PBE/OUTCAR,vasp_mol/N2/PBE/OUTCAR
pbe,NH3_Ag100,Ag100,NH3,dft_jobs,-110.71056485,-90.12407184,-19.535201,-1.0512920099999974,ok,,complex: unfinished; slab: converged; molecule: converged,false,dft_jobs/NH3_Ag100/PBE/OUTCAR,vasp_slab/Ag100/PBE/OUTCAR,vasp_mol/NH3/PBE/OUTCAR
pbe,NH3_Ag110,Ag110,NH3,dft_jobs,-77.71128234,-57.34530434,-19.535201,-0.8307769999999977,ok,,complex: converged; slab: converged; molecule: converged,true,dft_jobs/NH3_Ag110/PBE/OUTCAR,vasp_slab/Ag110/PBE/OUTCAR,vasp_mol/NH3/PBE/OUTCAR
pbe,NH3_Ag111,Ag111,NH3,dft_jobs,-112.06520892,-162.0788939,-19.535201,,slab_mismatch,"slab size mismatch: job has 36 Ag, reference has 64 Ag",complex: converged; slab: converged; molecule: converged,false,dft_jobs/NH3_Ag111/PBE/OUTCAR,vasp_slab/Ag111/PBE/OUTCAR,vasp_mol/NH3/PBE/OUTCAR
pbe,NH3_Au100,Au100,NH3,dft_jobs,-211.82508243,-108.11108078,-19.535201,,slab_mismatch,"slab size mismatch: job has 64 Au, reference has 36 Au",complex: converged; slab: converged; molecule: converged,false,dft_jobs/NH3_Au100/PBE/OUTCAR,vasp_slab/Au100/PBE/OUTCAR,vasp_mol/NH3/PBE/OUTCAR
pbe,NH3_Au110,Au110,NH3,dft_jobs,-204.36793459,-69.78140854,-19.535201,,slab_mismatch,"slab size mismatch: job has 64 Au, reference has 24 Au",complex: converged; slab: converged; molecule: converged,false,dft_jobs/NH3_Au110/PBE/OUTCAR,vasp_slab/Au110/PBE/OUTCAR,vasp_mol/NH3/PBE/OUTCAR
pbe,NH3_Au111,Au111,NH3,dft_jobs,-129.8701413,-196.23589709,-19.535201,,slab_mismatch,"slab size mismatch: job has 36 Au, reference has 64 Au",complex: converged; slab: converged; molecule: converged,false,dft_jobs/NH3_Au111/PBE/OUTCAR,vasp_slab/Au111/PBE/OUTCAR,vasp_mol/NH3/PBE/OUTCAR
pbe,NH3_Cu100,Cu100,NH3,dft_jobs,-239.87338332,-219.76682164,-19.535201,-0.571360679999998,ok,,complex: converged; slab: converged; molecule: converged,true,dft_jobs/NH3_Cu100/PBE/OUTCAR,vasp_slab/Cu100/PBE/OUTCAR,vasp_mol/NH3/PBE/OUTCAR
pbe,NH3_Cu110,Cu110,NH3,dft_jobs,-99.43350359,-79.75003338,-19.535201,-0.14826920999999516,ok,,complex: converged; slab: converged; molecule: converged,true,dft_jobs/NH3_Cu110/PBE/OUTCAR,vasp_slab/Cu110/PBE/OUTCAR,vasp_mol/NH3/PBE/OUTCAR
pbe,NH3_Cu111,Cu111,NH3,dft_jobs,-244.12885384,-225.69788512,-19.535201,1.1042322799999909,ok,,complex: converged; slab: converged; molecule: converged,true,dft_jobs/NH3_Cu111/PBE/OUTCAR,vasp_slab/Cu111/PBE/OUTCAR,vasp_mol/NH3/PBE/OUTCAR
pbe,NH3_Ir100,Ir100,NH3,dft_jobs,-315.22662141,-294.40101414,-19.535201,-1.2904062700000338,ok,,complex: converged; slab: converged; molecule: converged,true,dft_jobs/NH3_Ir100/PBE/OUTCAR,vasp_slab/Ir100/PBE/OUTCAR,vasp_mol/NH3/PBE/OUTCAR
pbe,NH3_Ir110,Ir110,NH3,dft_jobs,-206.54933923,-185.79278571,-19.535201,-1.2213525199999822,ok,,complex: converged; slab: converged; molecule: converged,true,dft_jobs/NH3_Ir110/PBE/OUTCAR,vasp_slab/Ir110/PBE/OUTCAR,vasp_mol/NH3/PBE/OUTCAR
pbe,NH3_Ir111,Ir111,NH3,dft_jobs,-558.83570391,-538.3119429,-19.535201,-0.9885600100000431,ok,,complex: converged; slab: converged; molecule: converged,true,dft_jobs/NH3_Ir111/PBE/OUTCAR,vasp_slab/Ir111/PBE/OUTCAR,vasp_mol/NH3/PBE/OUTCAR
pbe,NH3_Pd100,Pd100,NH3,dft_jobs,-195.79296319,-175.30179252,-19.535201,-0.9559696700000018,ok,,complex: converged; slab: converged; molecule: converged,true,dft_jobs/NH3_Pd100/PBE/OUTCAR,vasp_slab/Pd100/PBE/OUTCAR,vasp_mol/NH3/PBE/OUTCAR
pbe,NH3_Pd110,Pd110,NH3,dft_jobs,-131.29766718,-110.83417945,-19.535201,-0.9282867299999964,ok,,complex: converged; slab: converged; molecule: converged,true,dft_jobs/NH3_Pd110/PBE/OUTCAR,vasp_slab/Pd110/PBE/OUTCAR,vasp_mol/NH3/PBE/OUTCAR
pbe,NH3_Pd111,Pd111,NH3,dft_jobs,-198.36106038,-315.98876394,-19.535201,,slab_mismatch,"slab size mismatch: job has 36 Pd, reference has 64 Pd",complex: converged; slab: converged; molecule: converged,false,dft_jobs/NH3_Pd111/PBE/OUTCAR,vasp_slab/Pd111/PBE/OUTCAR,vasp_mol/NH3/PBE/OUTCAR
pbe,NH3_Pt100,Pt100,NH3,dft_jobs,-224.0261334,-203.0271286,-19.535201,-1.4638037999999938,ok,,complex: converged; slab: converged; molecule: converged,true,dft_jobs/NH3_Pt100/PBE/OUTCAR,vasp_slab/Pt100/PBE/OUTCAR,vasp_mol/NH3/PBE/OUTCAR
pbe,NH3_Pt110,Pt110,NH3,dft_jobs,-149.23151249,-128.30096322,-19.535201,-1.3953482699999995,ok,,complex: converged; slab: converged; molecule: converged,true,dft_jobs/NH3_Pt110/PBE/OUTCAR,vasp_slab/Pt110/PBE/OUTCAR,vasp_mol/NH3/PBE/OUTCAR
pbe,NH3_Pt111_top,Pt111,NH3,dft_jobs,,-370.79075302,-19.535201,,error,slab+mol: OUTCAR not found: dft_jobs/NH3_Pt111_top/PBE/OUTCAR,complex: missing; slab: converged; molecule: converged,false,dft_jobs/NH3_Pt111_top/PBE/OUTCAR,vasp_slab/Pt111/PBE/OUTCAR,vasp_mol/NH3/PBE/OUTCAR
pbe,NH3_Rh100,Rh100,NH3,dft_jobs,-263.15817404,-242.27634007,-19.535201,-1.3466329700000017,ok,,complex: converged; slab: converged; molecule: converged,true,dft_jobs/NH3_Rh100/PBE/OUTCAR,vasp_slab/Rh100/PBE/OUTCAR,vasp_mol/NH3/PBE/OUTCAR
pbe,NH3_Rh110,Rh110,NH3,dft_jobs,-173.86439155,-153.0579593,-19.535201,-1.2712312499999996,ok,,complex: converged; slab: converged; molecule: converged,true,dft_jobs/NH3_Rh110/PBE/OUTCAR,vasp_slab/Rh110/PBE/OUTCAR,vasp_mol/NH3/PBE/OUTCAR
pbe,NH3_Rh111,Rh111,NH3,dft_jobs,-460.28760632,-439.14994289,-19.535201,-1.6024624300000312,ok,,complex: converged; slab: converged; molecule: converged,true,dft_jobs/NH3_Rh111/PBE/OUTCAR,vasp_slab/Rh111/PBE/OUTCAR,vasp_mol/NH3/PBE/OUTCAR
pbe,NO_Ag100,Ag100,NO,dft_jobs,-103.66291636,-90.12407184,-11.94617385,-1.5926706699999986,ok,,complex: unfinished; slab: converged; molecule: converged,false,dft_jobs/NO_Ag100/PBE/OUTCAR,vasp_slab/Ag100/PBE/OUTCAR,vasp_mol/NO/PBE/OUTCAR
pbe,NO_Ag110,Ag110,NO,dft_jobs,-70.63500678,-57.34530434,-11.94617385,-1.34352859,ok,,complex: converged; slab: converged; molecule: converged,true,dft_jobs/NO_Ag110/PBE/OUTCAR,vasp_slab/Ag110/PBE/OUTCAR,vasp_mol/NO/PBE/OUTCAR
pbe,NO_Ag111,Ag111,NO,dft_jobs,-104.74540431,-162.0788939,-11.94617385,,slab_mismatch,"slab size mismatch: job has 36 Ag, reference has 64 Ag",complex: converged; slab: converged; molecule: converged,false,dft_jobs/NO_Ag111/PBE/OUTCAR,vasp_slab/Ag111/PBE/OUTCAR,vasp_mol/NO/PBE/OUTCAR
pbe,NO_Au100,Au100,NO,dft_jobs,-204.58798577,-108.11108078,-11.94617385,,slab_mismatch,"slab size mismatch: job has 64 Au, reference has 36 Au",complex: converged; slab: converged; molecule: converged,false,dft_jobs/NO_Au100/PBE/OUTCAR,vasp_slab/Au100/PBE/OUTCAR,vasp_mol/NO/PBE/OUTCAR
pbe,NO_Au110,Au110,NO,dft_jobs,-197.13918909,-69.78140854,-11.94617385,,slab_mismatch,"slab size mismatch: job has 64 Au, reference has 24 Au",complex: converged; slab: converged; molecule: converged,false,dft_jobs/NO_Au110/PBE/OUTCAR,vasp_slab/Au110/PBE/OUTCAR,vasp_mol/NO/PBE/OUTCAR
pbe,NO_Au111,Au111,NO,dft_jobs,-122.8822153,-196.23589709,-11.94617385,,slab_mismatch,"slab size mismatch: job has 36 Au, reference has 64 Au",complex: converged; slab: converged; molecule: converged,false,dft_jobs/NO_Au111/PBE/OUTCAR,vasp_slab/Au111/PBE/OUTCAR,vasp_mol/NO/PBE/OUTCAR
pbe,NO_Cu100,Cu100,NO,dft_jobs,-233.48212145,-219.76682164,-11.94617385,-1.7691259600000055,ok,,complex: converged; slab: converged; molecule: converged,true,dft_jobs/NO_Cu100/PBE/OUTCAR,vasp_slab/Cu100/PBE/OUTCAR,vasp_mol/NO/PBE/OUTCAR
pbe,NO_Cu110,Cu110,NO,dft_jobs,-92.71843728,-79.75003338,-11.94617385,-1.0222300499999992,ok,,complex: converged; slab: converged; molecule: converged,true,dft_jobs/NO_Cu110/PBE/OUTCAR,vasp_slab/Cu110/PBE/OUTCAR,vasp_mol/NO/PBE/OUTCAR
pbe,NO_Cu111,Cu111,NO,dft_jobs,-237.60868676,-225.69788512,-11.94617385,0.035372209999982474,ok,,complex: converged; slab: converged; molecule: converged,true,dft_jobs/NO_Cu111/PBE/OUTCAR,vasp_slab/Cu111/PBE/OUTCAR,vasp_mol/NO/PBE/OUTCAR
pbe,NO_Ir100,Ir100,NO,dft_jobs,-309.41373895,-294.40101414,-11.94617385,-3.0665509600000096,ok,,complex: converged; slab: converged; molecule: converged,true,dft_jobs/NO_Ir100/PBE/OUTCAR,vasp_slab/Ir100/PBE/OUTCAR,vasp_mol/NO/PBE/OUTCAR
pbe,NO_Ir110,Ir110,NO,dft_jobs,-200.99991137,-185.79278571,-11.94617385,-3.2609518100000034,ok,,complex: converged; slab: converged; molecule: converged,true,dft_jobs/NO_Ir110/PBE/OUTCAR,vasp_slab/Ir110/PBE/OUTCAR,vasp_mol/NO/PBE/OUTCAR
pbe,NO_Ir111,Ir111,NO,dft_jobs,-552.51075006,-538.3119429,-11.94617385,-2.252633310000002,ok,,complex: converged; slab: converged; molecule: converged,true,dft_jobs/NO_Ir111/PBE/OUTCAR,vasp_slab/Ir111/PBE/OUTCAR,vasp_mol/NO/PBE/OUTCAR
pbe,NO_Pd100,Pd100,NO,dft_jobs,-189.87398679,-175.30179252,-11.94617385,-2.626020420000012,ok,,complex: converged; slab: converged; molecule: converged,true,dft_jobs/NO_Pd100/PBE/OUTCAR,vasp_slab/Pd100/PBE/OUTCAR,vasp_mol/NO/PBE/OUTCAR
pbe,NO_Pd110,Pd110,NO,dft_jobs,-125.57549368,-110.83417945,-11.94617385,-2.795140380000001,ok,,complex: converged; slab: converged; molecule: converged,true,dft_jobs/NO_Pd110/PBE/OUTCAR,vasp_slab/Pd110/PBE/OUTCAR,vasp_mol/NO/PBE/OUTCAR
pbe,NO_Pd111,Pd111,NO,dft_jobs,-192.65759014,-315.98876394,-11.94617385,,slab_mismatch,"slab size mismatch: job has 36 Pd, reference has 64 Pd",complex: converged; slab: converged; molecule: converged,false,dft_jobs/NO_Pd111/PBE/OUTCAR,vasp_slab/Pd111/PBE/OUTCAR,vasp_mol/NO/PBE/OUTCAR
pbe,NO_Pt100,Pt100,NO,dft_jobs,-217.98509537,-203.0271286,-11.94617385,-3.0117929200000138,ok,,complex: converged; slab: converged; molecule: converged,true,dft_jobs/NO_Pt100/PBE/OUTCAR,vasp_slab/Pt100/PBE/OUTCAR,vasp_mol/NO/PBE/OUTCAR
pbe,NO_Pt110,Pt110,NO,dft_jobs,-142.93695423,-128.30096322,-11.94617385,-2.6898171599999987,ok,,complex: converged; slab: converged; molecule: converged,true,dft_jobs/NO_Pt110/PBE/OUTCAR,vasp_slab/Pt110/PBE/OUTCAR,vasp_mol/NO/PBE/OUTCAR
pbe,NO_Pt111_fcc,Pt111,NO,dft_jobs,,-370.79075302,-11.94617385,,error,slab+mol: OUTCAR not found: dft_jobs/NO_Pt111_fcc/PBE/OUTCAR,complex: missing; slab: converged; molecule: converged,false,dft_jobs/NO_Pt111_fcc/PBE/OUTCAR,vasp_slab/Pt111/PBE/OUTCAR,vasp_mol/NO/PBE/OUTCAR
pbe,NO_Rh100,Rh100,NO,dft_jobs,-257.56562846,-242.27634007,-11.94617385,-3.343114540000025,ok,,complex: converged; slab: converged; molecule: converged,true,dft_jobs/NO_Rh100/PBE/OUTCAR,vasp_slab/Rh100/PBE/OUTCAR,vasp_mol/NO/PBE/OUTCAR
pbe,NO_Rh110,Rh110,NO,dft_jobs,-168.41965108,-153.0579593,-11.94617385,-3.415517930000002,ok,,complex: converged; slab: converged; molecule: converged,true,dft_jobs/NO_Rh110/PBE/OUTCAR,vasp_slab/Rh110/PBE/OUTCAR,vasp_mol/NO/PBE/OUTCAR
pbe,NO_Rh111,Rh111,NO,dft_jobs,-454.65082291,-439.14994289,-11.94617385,-3.5547061700000118,ok,,complex: converged; slab: converged; molecule: converged,true,dft_jobs/NO_Rh111/PBE/OUTCAR,vasp_slab/Rh111/PBE/OUTCAR,vasp_mol/NO/PBE/OUTCAR
pbe,OH_Ag100,Ag100,OH,dft_jobs,,-90.12407184,,,error,slab+mol: OUTCAR not found: dft_jobs/OH_Ag100/PBE/OUTCAR; mol: OUTCAR not found: vasp_mol/OH/PBE/OUTCAR,complex: missing; slab: converged; molecule: missing,false,dft_jobs/OH_Ag100/PBE/OUTCAR,vasp_slab/Ag100/PBE/OUTCAR,vasp_mol/OH/PBE/OUTCAR
pbe,OH_Ag110,Ag110,OH,dft_jobs,,-57.34530434,,,error,slab+mol: OUTCAR not found: dft_jobs/OH_Ag110/PBE/OUTCAR; mol: OUTCAR not found: vasp_mol/OH/PBE/OUTCAR,complex: missing; slab: converged; molecule: missing,false,dft_jobs/OH_Ag110/PBE/OUTCAR,vasp_slab/Ag110/PBE/OUTCAR,vasp_mol/OH/PBE/OUTCAR
pbe,OH_Ag111,Ag111,OH,dft_jobs,,-162.0788939,,,error,slab+mol: OUTCAR not found: dft_jobs/OH_Ag111/PBE/OUTCAR; mol: OUTCAR not found: vasp_mol/OH/PBE/OUTCAR,complex: missing; slab: converged; molecule: missing,false,dft_jobs/OH_Ag111/PBE/OUTCAR,vasp_slab/Ag111/PBE/OUTCAR,vasp_mol/OH/PBE/OUTCAR
pbe,OH_Au100,Au100,OH,dft_jobs,,-108.11108078,,,error,slab+mol: OUTCAR not found: dft_jobs/OH_Au100/PBE/OUTCAR; mol: OUTCAR not found: vasp_mol/OH/PBE/OUTCAR,complex: missing; slab: converged; molecule: missing,false,dft_jobs/OH_Au100/PBE/OUTCAR,vasp_slab/Au100/PBE/OUTCAR,vasp_mol/OH/PBE/OUTCAR
pbe,OH_Au110,Au110,OH,dft_jobs,,-69.78140854,,,error,slab+mol: OUTCAR not found: dft_jobs/OH_Au110/PBE/OUTCAR; mol: OUTCAR not found: vasp_mol/OH/PBE/OUTCAR,complex: missing; slab: converged; molecule: missing,false,dft_jobs/OH_Au110/PBE/OUTCAR,vasp_slab/Au110/PBE/OUTCAR,vasp_mol/OH/PBE/OUTCAR
pbe,OH_Au111,Au111,OH,dft_jobs,,-196.23589709,,,error,slab+mol: OUTCAR not found: dft_jobs/OH_Au111/PBE/OUTCAR; mol: OUTCAR not found: vasp_mol/OH/PBE/OUTCAR,complex: missing; slab: converged; molecule: missing,false,dft_jobs/OH_Au111/PBE/OUTCAR,vasp_slab/Au111/PBE/OUTCAR,vasp_mol/OH/PBE/OUTCAR
pbe,OH_Ir100,Ir100,OH,dft_jobs,,-294.40101414,,,error,slab+mol: OUTCAR not found: dft_jobs/OH_Ir100/PBE/OUTCAR; mol: OUTCAR not found: vasp_mol/OH/PBE/OUTCAR,complex: missing; slab: converged; molecule: missing,false,dft_jobs/OH_Ir100/PBE/OUTCAR,vasp_slab/Ir100/PBE/OUTCAR,vasp_mol/OH/PBE/OUTCAR
pbe,OH_Ir110,Ir110,OH,dft_jobs,,-185.79278571,,,error,slab+mol: OUTCAR not found: dft_jobs/OH_Ir110/PBE/OUTCAR; mol: OUTCAR not found: vasp_mol/OH/PBE/OUTCAR,complex: missing; slab: converged; molecule: missing,false,dft_jobs/OH_Ir110/PBE/OUTCAR,vasp_slab/Ir110/PBE/OUTCAR,vasp_mol/OH/PBE/OUTCAR
pbe,OH_Ir111,Ir111,OH,dft_jobs,,-538.3119429,,,error,slab+mol: OUTCAR not found: dft_jobs/OH_Ir111/PBE/OUTCAR; mol: OUTCAR not found: vasp_mol/OH/PBE/OUTCAR,complex: missing; slab: converged; molecule: missing,false,dft_jobs/OH_Ir111/PBE/OUTCAR,vasp_slab/Ir111/PBE/OUTCAR,vasp_mol/OH/PBE/OUTCAR
pbe,OH_Pt111_top,Pt111,OH,dft_jobs,,-370.79075302,,,error,slab+mol: OUTCAR not found: dft_jobs/OH_Pt111_top/PBE/OUTCAR; mol: OUTCAR not found: vasp_mol/OH/PBE/OUTCAR,complex: missing; slab: converged; molecule: missing,false,dft_jobs/OH_Pt111_top/PBE/OUTCAR,vasp_slab/Pt111/PBE/OUTCAR,vasp_mol/OH/PBE/OUTCAR
pbe,OH_Rh100,Rh100,OH,dft_jobs,,-242.27634007,,,error,slab+mol: OUTCAR not found: dft_jobs/OH_Rh100/PBE/OUTCAR; mol: OUTCAR not found: vasp_mol/OH/PBE/OUTCAR,complex: missing; slab: converged; molecule: missing,false,dft_jobs/OH_Rh100/PBE/OUTCAR,vasp_slab/Rh100/PBE/OUTCAR,vasp_mol/OH/PBE/OUTCAR
pbe,OH_Rh110,Rh110,OH,dft_jobs,,-153.0579593,,,error,slab+mol: OUTCAR not found: dft_jobs/OH_Rh110/PBE/OUTCAR; mol: OUTCAR not found: vasp_mol/OH/PBE/OUTCAR,complex: missing; slab: converged; molecule: missing,false,dft_jobs/OH_Rh110/PBE/OUTCAR,vasp_slab/Rh110/PBE/OUTCAR,vasp_mol/OH/PBE/OUTCAR
pbe,OH_Rh111,Rh111,OH,dft_jobs,,-439.14994289,,,error,slab+mol: OUTCAR not found: dft_jobs/OH_Rh111/PBE/OUTCAR; mol: OUTCAR not found: vasp_mol/OH/PBE/OUTCAR,complex: missing; slab: converged; molecule: missing,false,dft_jobs/OH_Rh111/PBE/OUTCAR,vasp_slab/Rh111/PBE/OUTCAR,vasp_mol/OH/PBE/OUTCAR
pbe,O_Ag100,Ag100,O,dft_jobs,,-90.12407184,,,error,slab+mol: OUTCAR not found: dft_jobs/O_Ag100/PBE/OUTCAR; mol: OUTCAR not found: vasp_mol/O/PBE/OUTCAR,complex: missing; slab: converged; molecule: missing,false,dft_jobs/O_Ag100/PBE/OUTCAR,vasp_slab/Ag100/PBE/OUTCAR,vasp_mol/O/PBE/OUTCAR
pbe,O_Ag110,Ag110,O,dft_jobs,,-57.34530434,,,error,slab+mol: OUTCAR not found: dft_jobs/O_Ag110/PBE/OUTCAR; mol: OUTCAR not found: vasp_mol/O/PBE/OUTCAR,complex: missing; slab: converged; molecule: missing,false,dft_jobs/O_Ag110/PBE/OUTCAR,vasp_slab/Ag110/PBE/OUTCAR,vasp_mol/O/PBE/OUTCAR
pbe,O_Ag111,Ag111,O,dft_jobs,,-162.0788939,,,error,slab+mol: OUTCAR not found: dft_jobs/O_Ag111/PBE/OUTCAR; mol: OUTCAR not found: vasp_mol/O/PBE/OUTCAR,complex: missing; slab: converged; molecule: missing,false,dft_jobs/O_Ag111/PBE/OUTCAR,vasp_slab/Ag111/PBE/OUTCAR,vasp_mol/O/PBE/OUTCAR
pbe,O_Au100,Au100,O,dft_jobs,,-108.11108078,,,error,slab+mol: OUTCAR not found: dft_jobs/O_Au100/PBE/OUTCAR; mol: OUTCAR not found: vasp_mol/O/PBE/OUTCAR,complex: missing; slab: converged; molecule: missing,false,dft_jobs/O_Au100/PBE/OUTCAR,vasp_slab/Au100/PBE/OUTCAR,vasp_mol/O/PBE/OUTCAR
pbe,O_Au110,Au110,O,dft_jobs,,-69.78140854,,,error,slab+mol: OUTCAR not found: dft_jobs/O_Au110/PBE/OUTCAR; mol: OUTCAR not found: vasp_mol/O/PBE/OUTCAR,complex: missing; slab: converged; molecule: missing,false,dft_jobs/O_Au110/PBE/OUTCAR,vasp_slab/Au110/PBE/OUTCAR,vasp_mol/O/PBE/OUTCAR
pbe,O_Au111,Au111,O,dft_jobs,,-196.23589709,,,error,slab+mol: OUTCAR not found: dft_jobs/O_Au111/PBE/OUTCAR; mol: OUTCAR not found: vasp_mol/O/PBE/OUTCAR,complex: missing; slab: converged; molecule: missing,false,dft_jobs/O_Au111/PBE/OUTCAR,vasp_slab/Au111/PBE/OUTCAR,vasp_mol/O/PBE/OUTCAR
pbe,O_Ir100,Ir100,O,dft_jobs,,-294.40101414,,,error,slab+mol: OUTCAR not found: dft_jobs/O_Ir100/PBE/OUTCAR; mol: OUTCAR not found: vasp_mol/O/PBE/OUTCAR,complex: missing; slab: converged; molecule: missing,false,dft_jobs/O_Ir100/PBE/OUTCAR,vasp_slab/Ir100/PBE/OUTCAR,vasp_mol/O/PBE/OUTCAR
pbe,O_Ir110,Ir110,O,dft_jobs,,-185.79278571,,,error,slab+mol: OUTCAR not found: dft_jobs/O_Ir110/PBE/OUTCAR; mol: OUTCAR not found: vasp_mol/O/PBE/OUTCAR,complex: missing; slab: converged; molecule: missing,false,dft_jobs/O_Ir110/PBE/OUTCAR,vasp_slab/Ir110/PBE/OUTCAR,vasp_mol/O/PBE/OUTCAR
pbe,O_Ir111,Ir111,O,dft_jobs,,-538.3119429,,,error,slab+mol: OUTCAR not found: dft_jobs/O_Ir111/PBE/OUTCAR; mol: OUTCAR not found: vasp_mol/O/PBE/OUTCAR,complex: missing; slab: converged; molecule: missing,false,dft_jobs/O_Ir111/PBE/OUTCAR,vasp_slab/Ir111/PBE/OUTCAR,vasp_mol/O/PBE/OUTCAR
pbe,O_Pt111_fcc,Pt111,O,dft_jobs,,-370.79075302,,,error,slab+mol: OUTCAR not found: dft_jobs/O_Pt111_fcc/PBE/OUTCAR; mol: OUTCAR not found: vasp_mol/O/PBE/OUTCAR,complex: missing; slab: converged; molecule: missing,false,dft_jobs/O_Pt111_fcc/PBE/OUTCAR,vasp_slab/Pt111/PBE/OUTCAR,vasp_mol/O/PBE/OUTCAR
pbe,O_Rh100,Rh100,O,dft_jobs,,-242.27634007,,,error,slab+mol: OUTCAR not found: dft_jobs/O_Rh100/PBE/OUTCAR; mol: OUTCAR not found: vasp_mol/O/PBE/OUTCAR,complex: missing; slab: converged; molecule: missing,false,dft_jobs/O_Rh100/PBE/OUTCAR,vasp_slab/Rh100/PBE/OUTCAR,vasp_mol/O/PBE/OUTCAR
pbe,O_Rh110,Rh110,O,dft_jobs,,-153.0579593,,,error,slab+mol: OUTCAR not found: dft_jobs/O_Rh110/PBE/OUTCAR; mol: OUTCAR not found: vasp_mol/O/PBE/OUTCAR,complex: missing; slab: converged; molecule: missing,false,dft_jobs/O_Rh110/PBE/OUTCAR,vasp_slab/Rh110/PBE/OUTCAR,vasp_mol/O/PBE/OUTCAR
pbe,O_Rh111,Rh111,O,dft_jobs,,-439.14994289,,,error,slab+mol: OUTCAR not found: dft_jobs/O_Rh111/PBE/OUTCAR; mol: OUTCAR not found: vasp_mol/O/PBE/OUTCAR,complex: missing; slab: converged; molecule: missing,false,dft_jobs/O_Rh111/PBE/OUTCAR,vasp_slab/Rh111/PBE/OUTCAR,vasp_mol/O/PBE/OUTCAR
pbe,SO2_Ag100,Ag100,SO2,dft_jobs,-108.48945599,-90.12407184,-17.04144795,-1.3239361999999986,ok,,complex: converged; slab: converged; molecule: converged,true,dft_jobs/SO2_Ag100/PBE/OUTCAR,vasp_slab/Ag100/PBE/OUTCAR,vasp_mol/SO2/PBE/OUTCAR
pbe,SO2_Ag110,Ag110,SO2,dft_jobs,-75.33474241,-57.34530434,-17.04144795,-0.9479901200000072,ok,,complex: converged; slab: converged; molecule: converged,true,dft_jobs/SO2_Ag110/PBE/OUTCAR,vasp_slab/Ag110/PBE/OUTCAR,vasp_mol/SO2/PBE/OUTCAR
pbe,SO2_Ag111,Ag111,SO2,dft_jobs,-109.37297917,-162.0788939,-17.04144795,,slab_mismatch,"slab size mismatch: job has 36 Ag, reference has 64 Ag",complex: converged; slab: converged; molecule: converged,false,dft_jobs/SO2_Ag111/PBE/OUTCAR,vasp_slab/Ag111/PBE/OUTCAR,vasp_mol/SO2/PBE/OUTCAR
pbe,SO2_Au100,Au100,SO2,dft_jobs,-209.01642756,-108.11108078,-17.04144795,,slab_mismatch,"slab size mismatch: job has 64 Au, reference has 36 Au",complex: converged; slab: converged; molecule: converged,false,dft_jobs/SO2_Au100/PBE/OUTCAR,vasp_slab/Au100/PBE/OUTCAR,vasp_mol/SO2/PBE/OUTCAR
pbe,SO2_Au110,Au110,SO2,dft_jobs,-201.57952095,-69.78140854,-17.04144795,,slab_mismatch,"slab size mismatch: job has 64 Au, reference has 24 Au",complex: converged; slab: converged; molecule: converged,false,dft_jobs/SO2_Au110/PBE/OUTCAR,vasp_slab/Au110/PBE/OUTCAR,vasp_mol/SO2/PBE/OUTCAR
pbe,SO2_Au111,Au111,SO2,dft_jobs,-127.37340922,-196.23589709,-17.04144795,,slab_mismatch,"slab size mismatch: job has 36 Au, reference has 64 Au",complex: converged; slab: converged; molecule: converged,false,dft_jobs/SO2_Au111/PBE/OUTCAR,vasp_slab/Au111/PBE/OUTCAR,vasp_mol/SO2/PBE/OUTCAR
pbe,SO2_Cu100,Cu100,SO2,dft_jobs,-237.6251856,-219.76682164,-17.04144795,-0.8169160100000212,ok,,complex: converged; slab: converged; molecule: converged,true,dft_jobs/SO2_Cu100/PBE/OUTCAR,vasp_slab/Cu100/PBE/OUTCAR,vasp_mol/SO2/PBE/OUTCAR
pbe,SO2_Cu110,Cu110,SO2,dft_jobs,-97.44826194,-79.75003338,-17.04144795,-0.6567806099999913,ok,,complex: converged; slab: converged; molecule: converged,true,dft_jobs/SO2_Cu110/PBE/OUTCAR,vasp_slab/Cu110/PBE/OUTCAR,vasp_mol/SO2/PBE/OUTCAR
pbe,SO2_Cu111,Cu111,SO2,dft_jobs,-241.68467596,-225.69788512,-17.04144795,1.0546571100000008,ok,,complex: converged; slab: converged; molecule: converged,true,dft_jobs/SO2_Cu111/PBE/OUTCAR,vasp_slab/Cu111/PBE/OUTCAR,vasp_mol/SO2/PBE/OUTCAR
pbe,SO2_Ir100,Ir100,SO2,dft_jobs,-313.69645675,-294.40101414,-17.04144795,-2.2539946600000107,ok,,complex: converged; slab: converged; molecule: converged,true,dft_jobs/SO2_Ir100/PBE/OUTCAR,vasp_slab/Ir100/PBE/OUTCAR,vasp_mol/SO2/PBE/OUTCAR
pbe,SO2_Ir110,Ir110,SO2,dft_jobs,-205.21637771,-185.79278571,-17.04144795,-2.3821440499999866,ok,,complex: converged; slab: converged; molecule: converged,true,dft_jobs/SO2_Ir110/PBE/OUTCAR,vasp_slab/Ir110/PBE/OUTCAR,vasp_mol/SO2/PBE/OUTCAR
pbe,SO2_Ir111,Ir111,SO2,dft_jobs,-556.41404192,-538.3119429,-17.04144795,-1.060651070000084,ok,,complex: converged; slab: converged; molecule: converged,true,dft_jobs/SO2_Ir111/PBE/OUTCAR,vasp_slab/Ir111/PBE/OUTCAR,vasp_mol/SO2/PBE/OUTCAR
pbe,SO2_Pd100,Pd100,SO2,dft_jobs,-193.86524779,-175.30179252,-17.04144795,-1.5220073200000215,ok,,complex: converged; slab: converged; molecule: converged,true,dft_jobs/SO2_Pd100/PBE/OUTCAR,vasp_slab/Pd100/PBE/OUTCAR,vasp_mol/SO2/PBE/OUTCAR
pbe,SO2_Pd110,Pd110,SO2,dft_jobs,-129.57556602,-110.83417945,-17.04144795,-1.6999386200000046,ok,,complex: converged; slab: converged; molecule: converged,true,dft_jobs/SO2_Pd110/PBE/OUTCAR,vasp_slab/Pd110/PBE/OUTCAR,vasp_mol/SO2/PBE/OUTCAR
pbe,SO2_Pd111,Pd111,SO2,dft_jobs,-196.22056735,-315.98876394,-17.04144795,,slab_mismatch,"slab size mismatch: job has 36 Pd, reference has 64 Pd",complex: converged; slab: converged; molecule: converged,false,dft_jobs/SO2_Pd111/PBE/OUTCAR,vasp_slab/Pd111/PBE/OUTCAR,vasp_mol/SO2/PBE/OUTCAR
pbe,SO2_Pt100,Pt100,SO2,dft_jobs,-221.81296372,-203.0271286,-17.04144795,-1.744387170000003,ok,,complex: converged; slab: converged; molecule: converged,true,dft_jobs/SO2_Pt100/PBE/OUTCAR,vasp_slab/Pt100/PBE/OUTCAR,vasp_mol/SO2/PBE/OUTCAR
pbe,SO2_Pt110,Pt110,SO2,dft_jobs,-147.23091488,-128.30096322,-17.04144795,-1.888503710000002,ok,,complex: converged; slab: converged; molecule: converged,true,dft_jobs/SO2_Pt110/PBE/OUTCAR,vasp_slab/Pt110/PBE/OUTCAR,vasp_mol/SO2/PBE/OUTCAR
pbe,SO2_Pt111_top,Pt111,SO2,dft_jobs,,-370.79075302,-17.04144795,,error,slab+mol: OUTCAR not found: dft_jobs/SO2_Pt111_top/PBE/OUTCAR,complex: missing; slab: converged; molecule: converged,false,dft_jobs/SO2_Pt111_top/PBE/OUTCAR,vasp_slab/Pt111/PBE/OUTCAR,vasp_mol/SO2/PBE/OUTCAR
pbe,SO2_Rh100,Rh100,SO2,dft_jobs,-261.79455836,-242.27634007,-17.04144795,-2.4767703399999945,ok,,complex: converged; slab: converged; molecule: converged,true,dft_jobs/SO2_Rh100/PBE/OUTCAR,vasp_slab/Rh100/PBE/OUTCAR,vasp_mol/SO2/PBE/OUTCAR
pbe,SO2_Rh110,Rh110,SO2,dft_jobs,-172.47983132,-153.0579593,-17.04144795,-2.3804240699999966,ok,,complex: converged; slab: converged; molecule: converged,true,dft_jobs/SO2_Rh110/PBE/OUTCAR,vasp_slab/Rh110/PBE/OUTCAR,vasp_mol/SO2/PBE/OUTCAR
pbe,SO2_Rh111,Rh111,SO2,dft_jobs,-458.38672427,-439.14994289,-17.04144795,-2.1953334300000265,ok,,complex: converged; slab: converged; molecule: converged,true,dft_jobs/SO2_Rh111/PBE/OUTCAR,vasp_slab/Rh111/PBE/OUTCAR,vasp_mol/SO2/PBE/OUTCAR
pbe_d3,C2H2_Ag100,Ag100,C2H2,dft_jobs,,-102.4003605,,,error,slab+mol: OUTCAR not found: dft_jobs/C2H2_Ag100/PBE_D3/OUTCAR; mol: OUTCAR not found: vasp_mol/C2H2/PBE_D3/OUTCAR,complex: missing; slab: converged; molecule: missing,false,dft_jobs/C2H2_Ag100/PBE_D3/OUTCAR,vasp_slab/Ag100/PBE_D3/OUTCAR,vasp_mol/C2H2/PBE_D3/OUTCAR
pbe_d3,C2H2_Ag110,Ag110,C2H2,dft_jobs,,-64.0841207,,,error,slab+mol: OUTCAR not found: dft_jobs/C2H2_Ag110/PBE_D3/OUTCAR; mol: OUTCAR not found: vasp_mol/C2H2/PBE_D3/OUTCAR,complex: missing; slab: converged; molecule: missing,false,dft_jobs/C2H2_Ag110/PBE_D3/OUTCAR,vasp_slab/Ag110/PBE_D3/OUTCAR,vasp_mol/C2H2/PBE_D3/OUTCAR
pbe_d3,C2H2_Ag111,Ag111,C2H2,dft_jobs,,-184.95063009,,,error,slab+mol: OUTCAR not found: dft_jobs/C2H2_Ag111/PBE_D3/OUTCAR; mol: OUTCAR not found: vasp_mol/C2H2/PBE_D3/OUTCAR,complex: missing; slab: converged; molecule: missing,false,dft_jobs/C2H2_Ag111/PBE_D3/OUTCAR,vasp_slab/Ag111/PBE_D3/OUTCAR,vasp_mol/C2H2/PBE_D3/OUTCAR
pbe_d3,C2H2_Au100,Au100,C2H2,dft_jobs,,-125.13314995,,,error,slab+mol: OUTCAR not found: dft_jobs/C2H2_Au100/PBE_D3/OUTCAR; mol: OUTCAR not found: vasp_mol/C2H2/PBE_D3/OUTCAR,complex: missing; slab: converged; molecule: missing,false,dft_jobs/C2H2_Au100/PBE_D3/OUTCAR,vasp_slab/Au100/PBE_D3/OUTCAR,vasp_mol/C2H2/PBE_D3/OUTCAR
pbe_d3,C2H2_Au110,Au110,C2H2,dft_jobs,,-79.18212693,,,error,slab+mol: OUTCAR not found: dft_jobs/C2H2_Au110/PBE_D3/OUTCAR; mol: OUTCAR not found: vasp_mol/C2H2/PBE_D3/OUTCAR,complex: missing; slab: converged; molecule: missing,false,dft_jobs/C2H2_Au110/PBE_D3/OUTCAR,vasp_slab/Au110/PBE_D3/OUTCAR,vasp_mol/C2H2/PBE_D3/OUTCAR
pbe_d3,C2H2_Au111,Au111,C2H2,dft_jobs,,-227.75033058,,,error,slab+mol: OUTCAR not found: dft_jobs/C2H2_Au111/PBE_D3/OUTCAR; mol: OUTCAR not found: vasp_mol/C2H2/PBE_D3/OUTCAR,complex: missing; slab: converged; molecule: missing,false,dft_jobs/C2H2_Au111/PBE_D3/OUTCAR,vasp_slab/Au111/PBE_D3/OUTCAR,vasp_mol/C2H2/PBE_D3/OUTCAR
pbe_d3,C2H2_Ir100,Ir100,C2H2,dft_jobs,,-311.60244978,,,error,slab+mol: OUTCAR not found: dft_jobs/C2H2_Ir100/PBE_D3/OUTCAR; mol: OUTCAR not found: vasp_mol/C2H2/PBE_D3/OUTCAR,complex: missing; slab: converged; molecule: missing,false,dft_jobs/C2H2_Ir100/PBE_D3/OUTCAR,vasp_slab/Ir100/PBE_D3/OUTCAR,vasp_mol/C2H2/PBE_D3/OUTCAR
pbe_d3,C2H2_Ir110,Ir110,C2H2,dft_jobs,,-195.1382215,,,error,slab+mol: OUTCAR not found: dft_jobs/C2H2_Ir110/PBE_D3/OUTCAR; mol: OUTCAR not found: vasp_mol/C2H2/PBE_D3/OUTCAR,complex: missing; slab: converged; molecule: missing,false,dft_jobs/C2H2_Ir110/PBE_D3/OUTCAR,vasp_slab/Ir110/PBE_D3/OUTCAR,vasp_mol/C2H2/PBE_D3/OUTCAR
pbe_d3,C2H2_Ir111,Ir111,C2H2,dft_jobs,,-570.78304395,,,error,slab+mol: OUTCAR not found: dft_jobs/C2H2_Ir111/PBE_D3/OUTCAR; mol: OUTCAR not found: vasp_mol/C2H2/PBE_D3/OUTCAR,complex: missing; slab: converged; molecule: missing,false,dft_jobs/C2H2_Ir111/PBE_D3/OUTCAR,vasp_slab/Ir111/PBE_D3/OUTCAR,vasp_mol/C2H2/PBE_D3/OUTCAR
pbe_d3,C2H2_Pd111_bri,Pd111,C2H2,dft_jobs,,-342.57605593,,,error,slab+mol: OUTCAR not found: dft_jobs/C2H2_Pd111_bri/PBE_D3/OUTCAR; mol: OUTCAR not found: vasp_mol/C2H2/PBE_D3/OUTCAR,complex: missing; slab: converged; molecule: missing,false,dft_jobs/C2H2_Pd111_bri/PBE_D3/OUTCAR,vasp_slab/Pd111/PBE_D3/OUTCAR,vasp_mol/C2H2/PBE_D3/OUTCAR
pbe_d3,C2H2_Rh100,Rh100,C2H2,dft_jobs,,-256.07544059,,,error,slab+mol: OUTCAR not found: dft_jobs/C2H2_Rh100/PBE_D3/OUTCAR; mol: OUTCAR not found: vasp_mol/C2H2/PBE_D3/OUTCAR,complex: missing; slab: converged; molecule: missing,false,dft_jobs/C2H2_Rh100/PBE_D3/OUTCAR,vasp_slab/Rh100/PBE_D3/OUTCAR,vasp_mol/C2H2/PBE_D3/OUTCAR
pbe_d3,C2H2_Rh110,Rh110,C2H2,dft_jobs,,-160.48819907,,,error,slab+mol: OUTCAR not found: dft_jobs/C2H2_Rh110/PBE_D3/OUTCAR; mol: OUTCAR not found: vasp_mol/C2H2/PBE_D3/OUTCAR,complex: missing; slab: converged; molecule: missing,false,dft_jobs/C2H2_Rh110/PBE_D3/OUTCAR,vasp_slab/Rh110/PBE_D3/OUTCAR,vasp_mol/C2H2/PBE_D3/OUTCAR
pbe_d3,C2H2_Rh111,Rh111,C2H2,dft_jobs,,-465.26142053,,,error,slab+mol: OUTCAR not found: dft_jobs/C2H2_Rh111/PBE_D3/OUTCAR; mol: OUTCAR not found: vasp_mol/C2H2/PBE_D3/OUTCAR,complex: missing; slab: converged; molecule: missing,false,dft_jobs/C2H2_Rh111/PBE_D3/OUTCAR,vasp_slab/Rh111/PBE_D3/OUTCAR,vasp_mol/C2H2/PBE_D3/OUTCAR
pbe_d3,C2H4_Ag100,Ag100,C2H4,dft_jobs,-135.44229507,-102.4003605,-31.9831896,-1.0587449699999958,ok,,complex: converged; slab: converged; molecule: converged,true,dft_jobs/C2H4_Ag100/PBE_D3/OUTCAR,vasp_slab/Ag100/PBE_D3/OUTCAR,vasp_mol/C2H4/PBE_D3/OUTCAR
pbe_d3,C2H4_Ag110,Ag110,C2H4,dft_jobs,-96.98347897,-64.0841207,-31.9831896,-0.916168669999994,ok,,complex: converged; slab: converged; molecule: converged,true,dft_jobs/C2H4_Ag110/PBE_D3/OUTCAR,vasp_slab/Ag110/PBE_D3/OUTCAR,vasp_mol/C2H4/PBE_D3/OUTCAR
pbe_d3,C2H4_Ag111,Ag111,C2H4,dft_jobs,-137.58514407,-184.95063009,-31.9831896,,slab_mismatch,"slab size mismatch: job has 36 Ag, reference has 64 Ag",complex: converged; slab: converged; molecule: converged,false,dft_jobs/C2H4_Ag111/PBE_D3/OUTCAR,vasp_slab/Ag111/PBE_D3/OUTCAR,vasp_mol/C2H4/PBE_D3/OUTCAR
pbe_d3,C2H4_Au100,Au100,C2H4,dft_jobs,-254.63397656,-125.13314995,-31.9831896,,slab_mismatch,"slab size mismatch: job has 64 Au, reference has 36 Au",complex: converged; slab: converged; molecule: converged,false,dft_jobs/C2H4_Au100/PBE_D3/OUTCAR,vasp_slab/Au100/PBE_D3/OUTCAR,vasp_mol/C2H4/PBE_D3/OUTCAR
pbe_d3,C2H4_Au110,Au110,C2H4,dft_jobs,-241.95592936,-79.18212693,-31.9831896,,slab_mismatch,"slab size mismatch: job has 64 Au, reference has 24 Au",complex: converged; slab: converged; molecule: converged,false,dft_jobs/C2H4_Au110/PBE_D3/OUTCAR,vasp_slab/Au110/PBE_D3/OUTCAR,vasp_mol/C2H4/PBE_D3/OUTCAR
pbe_d3,C2H4_Au111,Au111,C2H4,dft_jobs,-160.53590972,-227.75033058,-31.9831896,,slab_mismatch,"slab size mismatch: job has 36 Au, reference has 64 Au",complex: converged; slab: converged; molecule: converged,false,dft_jobs/C2H4_Au111/PBE_D3/OUTCAR,vasp_slab/Au111/PBE_D3/OUTCAR,vasp_mol/C2H4/PBE_D3/OUTCAR
pbe_d3,C2H4_Cu100,Cu100,C2H4,dft_jobs,-273.55941407,-240.84053253,-31.9831896,-0.735691940000013,ok,,complex: converged; slab: converged; molecule: converged,true,dft_jobs/C2H4_Cu100/PBE_D3/OUTCAR,vasp_slab/Cu100/PBE_D3/OUTCAR,vasp_mol/C2H4/PBE_D3/OUTCAR
pbe_d3,C2H4_Cu110,Cu110,C2H4,dft_jobs,-118.58681852,-86.08497244,-31.9831896,-0.5186564799999935,ok,,complex: converged; slab: converged; molecule: converged,true,dft_jobs/C2H4_Cu110/PBE_D3/OUTCAR,vasp_slab/Cu110/PBE_D3/OUTCAR,vasp_mol/C2H4/PBE_D3/OUTCAR
pbe_d3,C2H4_Cu111,Cu111,C2H4,dft_jobs,-279.33741831,-248.13958402,-31.9831896,0.7853553100000248,ok,,complex: converged; slab: converged; molecule: converged,true,dft_jobs/C2H4_Cu111/PBE_D3/OUTCAR,vasp_slab/Cu111/PBE_D3/OUTCAR,vasp_mol/C2H4/PBE_D3/OUTCAR
pbe_d3,C2H4_Ir100,Ir100,C2H4,dft_jobs,-345.52222581,-311.60244978,-31.9831896,-1.9365864300000375,ok,,complex: converged; slab: converged; molecule: converged,true,dft_jobs/C2H4_Ir100/PBE_D3/OUTCAR,vasp_slab/Ir100/PBE_D3/OUTCAR,vasp_mol/C2H4/PBE_D3/OUTCAR
pbe_d3,C2H4_Ir110,Ir110,C2H4,dft_jobs,-229.3065049,-195.1382215,-31.9831896,-2.1850938000000077,ok,,complex: converged; slab: converged; molecule: converged,true,dft_jobs/C2H4_Ir110/PBE_D3/OUTCAR,vasp_slab/Ir110/PBE_D3/OUTCAR,vasp_mol/C2H4/PBE_D3/OUTCAR
pbe_d3,C2H4_Ir111,Ir111,C2H4,dft_jobs,-604.02795185,-570.78304395,-31.9831896,-1.2617183000000445,ok,,complex: converged; slab: converged; molecule: converged,true,dft_jobs/C2H4_Ir111/PBE_D3/OUTCAR,vasp_slab/Ir111/PBE_D3/OUTCAR,vasp_mol/C2H4/PBE_D3/OUTCAR
pbe_d3,C2H4_Pd100,Pd100,C2H4,dft_jobs,-222.92130961,-189.46040681,-31.9831896,-1.4777132000000144,ok,,complex: converged; slab: converged; molecule: converged,true,dft_jobs/C2H4_Pd100/PBE_D3/OUTCAR,vasp_slab/Pd100/PBE_D3/OUTCAR,vasp_mol/C2H4/PBE_D3/OUTCAR
pbe_d3,C2H4_Pd110,Pd110,C2H4,dft_jobs,-151.99760788,-118.52313405,-31.9831896,-1.4912842300000086,ok,,complex: converged; slab: converged; molecule: converged,true,dft_jobs/C2H4_Pd110/PBE_D3/OUTCAR,vasp_slab/Pd110/PBE_D3/OUTCAR,vasp_mol/C2H4/PBE_D3/OUTCAR
pbe_d3,C2H4_Pd111,Pd111,C2H4,dft_jobs,-226.15003446,-342.57605593,-31.9831896,,slab_mismatch,"slab size mismatch: job has 36 Pd, reference has 64 Pd",complex: converged; slab: converged; molecule: converged,false,dft_jobs/C2H4_Pd111/PBE_D3/OUTCAR,vasp_slab/Pd111/PBE_D3/OUTCAR,vasp_mol/C2H4/PBE_D3/OUTCAR
pbe_d3,C2H4_Pt100,Pt100,C2H4,dft_jobs,-256.12584977,-222.03567525,-31.9831896,-2.1069849200000057,ok,,complex: converged; slab: converged; molecule: converged,true,dft_jobs/C2H4_Pt100/PBE_D3/OUTCAR,vasp_slab/Pt100/PBE_D3/OUTCAR,vasp_mol/C2H4/PBE_D3/OUTCAR
pbe_d3,C2H4_Pt110,Pt110,C2H4,dft_jobs,-172.78491159,-138.57314769,-31.9831896,-2.2285742999999947,ok,,complex: converged; slab: converged; molecule: converged,true,dft_jobs/C2H4_Pt110/PBE_D3/OUTCAR,vasp_slab/Pt110/PBE_D3/OUTCAR,vasp_mol/C2H4/PBE_D3/OUTCAR
pbe_d3,C2H4_Pt111_bri,Pt111,C2H4,dft_jobs,,-406.07924489,-31.9831896,,error,slab+mol: OUTCAR not found: dft_jobs/C2H4_Pt111_bri/PBE_D3/OUTCAR,complex: missing; slab: converged; molecule: converged,false,dft_jobs/C2H4_Pt111_bri/PBE_D3/OUTCAR,vasp_slab/Pt111/PBE_D3/OUTCAR,vasp_mol/C2H4/PBE_D3/OUTCAR
pbe_d3,C2H4_Rh100,Rh100,C2H4,dft_jobs,-290.02714182,-256.07544059,-31.9831896,-1.9685116299999699,ok,,complex: converged; slab: converged; molecule: converged,true,dft_jobs/C2H4_Rh100/PBE_D3/OUTCAR,vasp_slab/Rh100/PBE_D3/OUTCAR,vasp_mol/C2H4/PBE_D3/OUTCAR
pbe_d3,C2H4_Rh110,Rh110,C2H4,dft_jobs,-194.34897439,-160.48819907,-31.9831896,-1.8775857199999884,ok,,complex: converged; slab: converged; molecule: converged,true,dft_jobs/C2H4_Rh110/PBE_D3/OUTCAR,vasp_slab/Rh110/PBE_D3/OUTCAR,vasp_mol/C2H4/PBE_D3/OUTCAR
pbe_d3,C2H4_Rh111,Rh111,C2H4,dft_jobs,-499.3061609,-465.26142053,-31.9831896,-2.06155077,ok,,complex: converged; slab: converged; molecule: converged,true,dft_jobs/C2H4_Rh111/PBE_D3/OUTCAR,vasp_slab/Rh111/PBE_D3/OUTCAR,vasp_mol/C2H4/PBE_D3/OUTCAR
pbe_d3,C2H5OH_Pt111_top,Pt111,C2H5OH,dft_jobs,,-406.07924489,-46.92296428,,error,slab+mol: OUTCAR not found: dft_jobs/C2H5OH_Pt111_top/PBE_D3/OUTCAR,complex: missing; slab: converged; molecule: converged,false,dft_jobs/C2H5OH_Pt111_top/PBE_D3/OUTCAR,vasp_slab/Pt111/PBE_D3/OUTCAR,vasp_mol/CH3CH2OH/PBE_D3/OUTCAR
pbe_d3,C2H6_Ag100,Ag100,C2H6,dft_jobs,-222.90219193,-102.4003605,-40.52607459,,slab_mismatch,"slab size mismatch: job has 64 Ag, reference has 36 Ag",complex: converged; slab: converged; molecule: converged,false,dft_jobs/C2H6_Ag100/PBE_D3/OUTCAR,vasp_slab/Ag100/PBE_D3/OUTCAR,vasp_mol/C2H6/PBE_D3/OUTCAR
pbe_d3,C2H6_Ag110,Ag110,C2H6,dft_jobs,-105.2128721,-64.0841207,-40.52607459,-0.6026768099999984,ok,,complex: converged; slab: converged; molecule: converged,true,dft_jobs/C2H6_Ag110/PBE_D3/OUTCAR,vasp_slab/Ag110/PBE_D3/OUTCAR,vasp_mol/C2H6/PBE_D3/OUTCAR
pbe_d3,C2H6_Ag111,Ag111,C2H6,dft_jobs,-226.9547727,-184.95063009,-40.52607459,-1.478068020000002,ok,,complex: converged; slab: converged; molecule: converged,true,dft_jobs/C2H6_Ag111/PBE_D3/OUTCAR,vasp_slab/Ag111/PBE_D3/OUTCAR,vasp_mol/C2H6/PBE_D3/OUTCAR
pbe_d3,C2H6_Au100,Au100,C2H6,dft_jobs,-262.99063109,-125.13314995,-40.52607459,,slab_mismatch,"slab size mismatch: job has 64 Au, reference has 36 Au",complex: converged; slab: converged; molecule: converged,false,dft_jobs/C2H6_Au100/PBE_D3/OUTCAR,vasp_slab/Au100/PBE_D3/OUTCAR,vasp_mol/C2H6/PBE_D3/OUTCAR
pbe_d3,C2H6_Au110,Au110,C2H6,dft_jobs,-250.1573032,-79.18212693,-40.52607459,,slab_mismatch,"slab size mismatch: job has 64 Au, reference has 24 Au",complex: converged; slab: converged; molecule: converged,false,dft_jobs/C2H6_Au110/PBE_D3/OUTCAR,vasp_slab/Au110/PBE_D3/OUTCAR,vasp_mol/C2H6/PBE_D3/OUTCAR
pbe_d3,C2H6_Au111,Au111,C2H6,dft_jobs,-168.91886768,-227.75033058,-40.52607459,,slab_mismatch,"slab size mismatch: job has 36 Au, reference has 64 Au",complex: converged; slab: converged; molecule: converged,false,dft_jobs/C2H6_Au111/PBE_D3/OUTCAR,vasp_slab/Au111/PBE_D3/OUTCAR,vasp_mol/C2H6/PBE_D3/OUTCAR
pbe_d3,C2H6_Cu100,Cu100,C2H6,dft_jobs,-281.73318166,-240.84053253,-40.52607459,-0.3665745400000233,ok,,complex: converged; slab: converged; molecule: converged,true,dft_jobs/C2H6_Cu100/PBE_D3/OUTCAR,vasp_slab/Cu100/PBE_D3/OUTCAR,vasp_mol/C2H6/PBE_D3/OUTCAR
pbe_d3,C2H6_Cu110,Cu110,C2H6,dft_jobs,-126.38583846,-86.08497244,-40.52607459,0.2252085699999995,ok,,complex: converged; slab: converged; molecule: converged,true,dft_jobs/C2H6_Cu110/PBE_D3/OUTCAR,vasp_slab/Cu110/PBE_D3/OUTCAR,vasp_mol/C2H6/PBE_D3/OUTCAR
pbe_d3,C2H6_Cu111,Cu111,C2H6,dft_jobs,-287.51650891,-248.13958402,-40.52607459,1.149149699999974,ok,,complex: converged; slab: converged; molecule: converged,true,dft_jobs/C2H6_Cu111/PBE_D3/OUTCAR,vasp_slab/Cu111/PBE_D3/OUTCAR,vasp_mol/C2H6/PBE_D3/OUTCAR
pbe_d3,C2H6_Ir100,Ir100,C2H6,dft_jobs,-352.51185905,-311.60244978,-40.52607459,-0.3833346800000257,ok,,complex: converged; slab: converged; molecule: converged,true,dft_jobs/C2H6_Ir100/PBE_D3/OUTCAR,vasp_slab/Ir100/PBE_D3/OUTCAR,vasp_mol/C2H6/PBE_D3/OUTCAR
pbe_d3,C2H6_Ir110,Ir110,C2H6,dft_jobs,-236.29580896,-195.1382215,-40.52607459,-0.6315128700000017,ok,,complex: converged; slab: converged; molecule: converged,true,dft_jobs/C2H6_Ir110/PBE_D3/OUTCAR,vasp_slab/Ir110/PBE_D3/OUTCAR,vasp_mol/C2H6/PBE_D3/OUTCAR
pbe_d3,C2H6_Ir111,Ir111,C2H6,dft_jobs,-611.65463304,-570.78304395,-40.52607459,-0.3455145000000428,ok,,complex: converged; slab: converged; molecule: converged,true,dft_jobs/C2H6_Ir111/PBE_D3/OUTCAR,vasp_slab/Ir111/PBE_D3/OUTCAR,vasp_mol/C2H6/PBE_D3/OUTCAR
pbe_d3,C2H6_Pd100,Pd100,C2H6,dft_jobs,-377.83798652,-189.46040681,-40.52607459,,slab_mismatch,"slab size mismatch: job has 64 Pd, reference has 36 Pd",complex: converged; slab: converged; molecule: converged,false,dft_jobs/C2H6_Pd100/PBE_D3/OUTCAR,vasp_slab/Pd100/PBE_D3/OUTCAR,vasp_mol/C2H6/PBE_D3/OUTCAR
pbe_d3,C2H6_Pd110,Pd110,C2H6,dft_jobs,-360.64399061,-118.52313405,-40.52607459,,slab_mismatch,"slab size mismatch: job has 64 Pd, reference has 24 Pd",complex: converged; slab: converged; molecule: converged,false,dft_jobs/C2H6_Pd110/PBE_D3/OUTCAR,vasp_slab/Pd110/PBE_D3/OUTCAR,vasp_mol/C2H6/PBE_D3/OUTCAR
pbe_d3,C2H6_Pd111,Pd111,C2H6,dft_jobs,-383.89404757,-342.57605593,-40.52607459,-0.7919170500000021,ok,,complex: converged; slab: converged; molecule: converged,true,dft_jobs/C2H6_Pd111/PBE_D3/OUTCAR,vasp_slab/Pd111/PBE_D3/OUTCAR,vasp_mol/C2H6/PBE_D3/OUTCAR
pbe_d3,C2H6_Pt100,Pt100,C2H6,dft_jobs,-437.9066358,-222.03567525,-40.52607459,,slab_mismatch,"slab size mismatch: job has 64 Pt, reference has 36 Pt",complex: converged; slab: converged; molecule: converged,false,dft_jobs/C2H6_Pt100/PBE_D3/OUTCAR,vasp_slab/Pt100/PBE_D3/OUTCAR,vasp_mol/C2H6/PBE_D3/OUTCAR
pbe_d3,C2H6_Pt110,Pt110,C2H6,dft_jobs,-417.75941463,-138.57314769,-40.52607459,,slab_mismatch,"slab size mismatch: job has 64 Pt, reference has 24 Pt",complex: converged; slab: converged; molecule: converged,false,dft_jobs/C2H6_Pt110/PBE_D3/OUTCAR,vasp_slab/Pt110/PBE_D3/OUTCAR,vasp_mol/C2H6/PBE_D3/OUTCAR
pbe_d3,C2H6_Rh100,Rh100,C2H6,dft_jobs,-297.35042636,-256.07544059,-40.52607459,-0.7489111799999435,ok,,complex: converged; slab: converged; molecule: converged,true,dft_jobs/C2H6_Rh100/PBE_D3/OUTCAR,vasp_slab/Rh100/PBE_D3/OUTCAR,vasp_mol/C2H6/PBE_D3/OUTCAR
pbe_d3,C2H6_Rh110,Rh110,C2H6,dft_jobs,-201.618055,-160.48819907,-40.52607459,-0.6037813399999905,ok,,complex: converged; slab: converged; molecule: converged,true,dft_jobs/C2H6_Rh110/PBE_D3/OUTCAR,vasp_slab/Rh110/PBE_D3/OUTCAR,vasp_mol/C2H6/PBE_D3/OUTCAR
pbe_d3,C2H6_Rh111,Rh111,C2H6,dft_jobs,-506.89658123,-465.26142053,-40.52607459,-1.1090861099999714,ok,,complex: converged; slab: converged; molecule: converged,true,dft_jobs/C2H6_Rh111/PBE_D3/OUTCAR,vasp_slab/Rh111/PBE_D3/OUTCAR,vasp_mol/C2H6/PBE_D3/OUTCAR
pbe_d3,CH3CH2OH_Ag100,Ag100,CH3CH2OH,dft_jobs,-229.48611171,-102.4003605,-46.92296428,,slab_mismatch,"slab size mismatch: job has 64 Ag, reference has 36 Ag",complex: converged; slab: converged; molecule: converged,false,dft_jobs/CH3CH2OH_Ag100/PBE_D3/OUTCAR,vasp_slab/Ag100/PBE_D3/OUTCAR,vasp_mol/CH3CH2OH/PBE_D3/OUTCAR
pbe_d3,CH3CH2OH_Ag110,Ag110,CH3CH2OH,dft_jobs,-218.32630865,-64.0841207,-46.92296428,,slab_mismatch,"slab size mismatch: job has 64 Ag, reference has 24 Ag",complex: converged; slab: converged; molecule: converged,false,dft_jobs/CH3CH2OH_Ag110/PBE_D3/OUTCAR,vasp_slab/Ag110/PBE_D3/OUTCAR,vasp_mol/CH3CH2OH/PBE_D3/OUTCAR
pbe_d3,CH3CH2OH_Ag111,Ag111,CH3CH2OH,dft_jobs,-233.52765497,-184.95063009,-46.92296428,-1.6540605999999798,ok,,complex: converged; slab: converged; molecule: converged,true,dft_jobs/CH3CH2OH_Ag111/PBE_D3/OUTCAR,vasp_slab/Ag111/PBE_D3/OUTCAR,vasp_mol/CH3CH2OH/PBE_D3/OUTCAR
pbe_d3,CH3CH2OH_Au100,Au100,CH3CH2OH,dft_jobs,-269.59620051,-125.13314995,-46.92296428,,slab_mismatch,"slab size mismatch: job has 64 Au, reference has 36 Au",complex: converged; slab: converged; molecule: converged,false,dft_jobs/CH3CH2OH_Au100/PBE_D3/OUTCAR,vasp_slab/Au100/PBE_D3/OUTCAR,vasp_mol/CH3CH2OH/PBE_D3/OUTCAR
pbe_d3,CH3CH2OH_Au110,Au110,CH3CH2OH,dft_jobs,-256.84395252,-79.18212693,-46.92296428,,slab_mismatch,"slab size mismatch: job has 64 Au, reference has 24 Au",complex: converged; slab: converged; molecule: converged,false,dft_jobs/CH3CH2OH_Au110/PBE_D3/OUTCAR,vasp_slab/Au110/PBE_D3/OUTCAR,vasp_mol/CH3CH2OH/PBE_D3/OUTCAR
pbe_d3,CH3CH2OH_Au111,Au111,CH3CH2OH,dft_jobs,-175.51666376,-227.75033058,-46.92296428,,slab_mismatch,"slab size mismatch: job has 36 Au, reference has 64 Au",complex: converged; slab: converged; molecule: converged,false,dft_jobs/CH3CH2OH_Au111/PBE_D3/OUTCAR,vasp_slab/Au111/PBE_D3/OUTCAR,vasp_mol/CH3CH2OH/PBE_D3/OUTCAR
pbe_d3,CH3CH2OH_Cu100,Cu100,CH3CH2OH,dft_jobs,-288.49117705,-240.84053253,-46.92296428,-0.7276802399999838,ok,,complex: converged; slab: converged; molecule: converged,true,dft_jobs/CH3CH2OH_Cu100/PBE_D3/OUTCAR,vasp_slab/Cu100/PBE_D3/OUTCAR,vasp_mol/CH3CH2OH/PBE_D3/OUTCAR
pbe_d3,CH3CH2OH_Cu110,Cu110,CH3CH2OH,dft_jobs,-274.35276638,-86.08497244,-46.92296428,,slab_mismatch,"slab size mismatch: job has 64 Cu, reference has 24 Cu",complex: converged; slab: converged; molecule: converged,false,dft_jobs/CH3CH2OH_Cu110/PBE_D3/OUTCAR,vasp_slab/Cu110/PBE_D3/OUTCAR,vasp_mol/CH3CH2OH/PBE_D3/OUTCAR
pbe_d3,CH3CH2OH_Cu111,Cu111,CH3CH2OH,dft_jobs,-294.13501142,-248.13958402,-46.92296428,0.927536879999991,ok,,complex: converged; slab: converged; molecule: converged,true,dft_jobs/CH3CH2OH_Cu111/PBE_D3/OUTCAR,vasp_slab/Cu111/PBE_D3/OUTCAR,vasp_mol/CH3CH2OH/PBE_D3/OUTCAR
pbe_d3,CH3CH2OH_Ir100,Ir100,CH3CH2OH,dft_jobs,-359.55680693,-311.60244978,-46.92296428,-1.031392870000019,ok,,complex: converged; slab: converged; molecule: converged,true,dft_jobs/CH3CH2OH_Ir100/PBE_D3/OUTCAR,vasp_slab/Ir100/PBE_D3/OUTCAR,vasp_mol/CH3CH2OH/PBE_D3/OUTCAR
pbe_d3,CH3CH2OH_Ir110,Ir110,CH3CH2OH,dft_jobs,-243.27222286,-195.1382215,-46.92296428,-1.2110370800000112,ok,,complex: converged; slab: converged; molecule: converged,true,dft_jobs/CH3CH2OH_Ir110/PBE_D3/OUTCAR,vasp_slab/Ir110/PBE_D3/OUTCAR,vasp_mol/CH3CH2OH/PBE_D3/OUTCAR
pbe_d3,CH3CH2OH_Ir111,Ir111,CH3CH2OH,dft_jobs,-618.57382231,-570.78304395,-46.92296428,-0.867814079999988,ok,,complex: converged; slab: converged; molecule: converged,true,dft_jobs/CH3CH2OH_Ir111/PBE_D3/OUTCAR,vasp_slab/Ir111/PBE_D3/OUTCAR,vasp_mol/CH3CH2OH/PBE_D3/OUTCAR
pbe_d3,CH3CH2OH_Pd100,Pd100,CH3CH2OH,dft_jobs,-384.55459194,-189.46040681,-46.92296428,,slab_mismatch,"slab size mismatch: job has 64 Pd, reference has 36 Pd",complex: converged; slab: converged; molecule: converged,false,dft_jobs/CH3CH2OH_Pd100/PBE_D3/OUTCAR,vasp_slab/Pd100/PBE_D3/OUTCAR,vasp_mol/CH3CH2OH/PBE_D3/OUTCAR
pbe_d3,CH3CH2OH_Pd110,Pd110,CH3CH2OH,dft_jobs,-367.55738914,-118.52313405,-46.92296428,,slab_mismatch,"slab size mismatch: job has 64 Pd, reference has 24 Pd",complex: converged; slab: converged; molecule: converged,false,dft_jobs/CH3CH2OH_Pd110/PBE_D3/OUTCAR,vasp_slab/Pd110/PBE_D3/OUTCAR,vasp_mol/CH3CH2OH/PBE_D3/OUTCAR
pbe_d3,CH3CH2OH_Pd111,Pd111,CH3CH2OH,dft_jobs,-390.64126629,-342.57605593,-46.92296428,-1.1422460799999783,ok,,complex: converged; slab: converged; molecule: converged,true,dft_jobs/CH3CH2OH_Pd111/PBE_D3/OUTCAR,vasp_slab/Pd111/PBE_D3/OUTCAR,vasp_mol/CH3CH2OH/PBE_D3/OUTCAR
pbe_d3,CH3CH2OH_Pt100,Pt100,CH3CH2OH,dft_jobs,-444.75096541,-222.03567525,-46.92296428,,slab_mismatch,"slab size mismatch: job has 64 Pt, reference has 36 Pt",complex: converged; slab: converged; molecule: converged,false,dft_jobs/CH3CH2OH_Pt100/PBE_D3/OUTCAR,vasp_slab/Pt100/PBE_D3/OUTCAR,vasp_mol/CH3CH2OH/PBE_D3/OUTCAR
pbe_d3,CH3CH2OH_Pt110,Pt110,CH3CH2OH,dft_jobs,-424.7370725,-138.57314769,-46.92296428,,slab_mismatch,"slab size mismatch: job has 64 Pt, reference has 24 Pt",complex: converged; slab: converged; molecule: converged,false,dft_jobs/CH3CH2OH_Pt110/PBE_D3/OUTCAR,vasp_slab/Pt110/PBE_D3/OUTCAR,vasp_mol/CH3CH2OH/PBE_D3/OUTCAR
pbe_d3,CH3CH2OH_Rh100,Rh100,CH3CH2OH,dft_jobs,-304.25259647,-256.07544059,-46.92296428,-1.2541915999999844,ok,,complex: converged; slab: converged; molecule: converged,true,dft_jobs/CH3CH2OH_Rh100/PBE_D3/OUTCAR,vasp_slab/Rh100/PBE_D3/OUTCAR,vasp_mol/CH3CH2OH/PBE_D3/OUTCAR
pbe_d3,CH3CH2OH_Rh110,Rh110,CH3CH2OH,dft_jobs,-208.8255151,-160.48819907,-46.92296428,-1.4143517499999803,ok,,complex: converged; slab: converged; molecule: converged,true,dft_jobs/CH3CH2OH_Rh110/PBE_D3/OUTCAR,vasp_slab/Rh110/PBE_D3/OUTCAR,vasp_mol/CH3CH2OH/PBE_D3/OUTCAR
pbe_d3,CH3CH2OH_Rh111,Rh111,CH3CH2OH,dft_jobs,-513.76401427,-465.26142053,-46.92296428,-1.5796294599999499,ok,,complex: converged; slab: converged; molecule: converged,true,dft_jobs/CH3CH2OH_Rh111/PBE_D3/OUTCAR,vasp_slab/Rh111/PBE_D3/OUTCAR,vasp_mol/CH3CH2OH/PBE_D3/OUTCAR
pbe_d3,CH3CHO_Ag100,Ag100,CH3CHO,dft_jobs,-142.56931121,-102.4003605,-39.138265,-1.030685709999993,ok,,complex: converged; slab: converged; molecule: converged,true,dft_jobs/CH3CHO_Ag100/PBE_D3/OUTCAR,vasp_slab/Ag100/PBE_D3/OUTCAR,vasp_mol/CH3CHO/PBE_D3/OUTCAR
pbe_d3,CH3CHO_Ag110,Ag110,CH3CHO,dft_jobs,-104.00717946,-64.0841207,-39.138265,-0.7847937600000066,ok,,complex: converged; slab: converged; molecule: converged,true,dft_jobs/CH3CHO_Ag110/PBE_D3/OUTCAR,vasp_slab/Ag110/PBE_D3/OUTCAR,vasp_mol/CH3CHO/PBE_D3/OUTCAR
pbe_d3,CH3CHO_Ag111,Ag111,CH3CHO,dft_jobs,-144.63251845,-184.95063009,-39.138265,,slab_mismatch,"slab size mismatch: job has 36 Ag, reference has 64 Ag",complex: converged; slab: converged; molecule: converged,false,dft_jobs/CH3CHO_Ag111/PBE_D3/OUTCAR,vasp_slab/Ag111/PBE_D3/OUTCAR,vasp_mol/CH3CHO/PBE_D3/OUTCAR
pbe_d3,CH3CHO_Au100,Au100,CH3CHO,dft_jobs,-261.70621117,-125.13314995,-39.138265,,slab_mismatch,"slab size mismatch: job has 64 Au, reference has 36 Au",complex: unfinished; slab: converged; molecule: converged,false,dft_jobs/CH3CHO_Au100/PBE_D3/OUTCAR,vasp_slab/Au100/PBE_D3/OUTCAR,vasp_mol/CH3CHO/PBE_D3/OUTCAR
pbe_d3,CH3CHO_Au110,Au110,CH3CHO,dft_jobs,-248.92769712,-79.18212693,-39.138265,,slab_mismatch,"slab size mismatch: job has 64 Au, reference has 24 Au",complex: converged; slab: converged; molecule: converged,false,dft_jobs/CH3CHO_Au110/PBE_D3/OUTCAR,vasp_slab/Au110/PBE_D3/OUTCAR,vasp_mol/CH3CHO/PBE_D3/OUTCAR
pbe_d3,CH3CHO_Au111,Au111,CH3CHO,dft_jobs,-167.64038393,-227.75033058,-39.138265,,slab_mismatch,"slab size mismatch: job has 36 Au, reference has 64 Au",complex: converged; slab: converged; molecule: converged,false,dft_jobs/CH3CHO_Au111/PBE_D3/OUTCAR,vasp_slab/Au111/PBE_D3/OUTCAR,vasp_mol/CH3CHO/PBE_D3/OUTCAR
pbe_d3,CH3CHO_Cu100,Cu100,CH3CHO,dft_jobs,-280.46628873,-240.84053253,-39.138265,-0.4874911999999867,ok,,complex: converged; slab: converged; molecule: converged,true,dft_jobs/CH3CHO_Cu100/PBE_D3/OUTCAR,vasp_slab/Cu100/PBE_D3/OUTCAR,vasp_mol/CH3CHO/PBE_D3/OUTCAR
pbe_d3,CH3CHO_Cu110,Cu110,CH3CHO,dft_jobs,-125.30095605,-86.08497244,-39.138265,-0.07771860999999802,ok,,complex: converged; slab: converged; molecule: converged,true,dft_jobs/CH3CHO_Cu110/PBE_D3/OUTCAR,vasp_slab/Cu110/PBE_D3/OUTCAR,vasp_mol/CH3CHO/PBE_D3/OUTCAR
pbe_d3,CH3CHO_Cu111,Cu111,CH3CHO,dft_jobs,-286.19225843,-248.13958402,-39.138265,1.0855905900000167,ok,,complex: converged; slab: converged; molecule: converged,true,dft_jobs/CH3CHO_Cu111/PBE_D3/OUTCAR,vasp_slab/Cu111/PBE_D3/OUTCAR,vasp_mol/CH3CHO/PBE_D3/OUTCAR
pbe_d3,CH3CHO_Ir100,Ir100,CH3CHO,dft_jobs,-351.68639974,-311.60244978,-39.138265,-0.9456849600000439,ok,,complex: converged; slab: converged; molecule: converged,true,dft_jobs/CH3CHO_Ir100/PBE_D3/OUTCAR,vasp_slab/Ir100/PBE_D3/OUTCAR,vasp_mol/CH3CHO/PBE_D3/OUTCAR
pbe_d3,CH3CHO_Ir110,Ir110,CH3CHO,dft_jobs,-235.39313527,-195.1382215,-39.138265,-1.1166487700000047,ok,,complex: converged; slab: converged; molecule: converged,true,dft_jobs/CH3CHO_Ir110/PBE_D3/OUTCAR,vasp_slab/Ir110/PBE_D3/OUTCAR,vasp_mol/CH3CHO/PBE_D3/OUTCAR
pbe_d3,CH3CHO_Ir111,Ir111,CH3CHO,dft_jobs,-610.64919032,-570.78304395,-39.138265,-0.7278813700000271,ok,,complex: converged; slab: converged; molecule: converged,true,dft_jobs/CH3CHO_Ir111/PBE_D3/OUTCAR,vasp_slab/Ir111/PBE_D3/OUTCAR,vasp_mol/CH3CHO/PBE_D3/OUTCAR
pbe_d3,CH3CHO_Pd100,Pd100,CH3CHO,dft_jobs,-229.43250793,-189.46040681,-39.138265,-0.8338361200000222,ok,,complex: converged; slab: converged; molecule: converged,true,dft_jobs/CH3CHO_Pd100/PBE_D3/OUTCAR,vasp_slab/Pd100/PBE_D3/OUTCAR,vasp_mol/CH3CHO/PBE_D3/OUTCAR
pbe_d3,CH3CHO_Pd110,Pd110,CH3CHO,dft_jobs,-158.48184194,-118.52313405,-39.138265,-0.8204428900000167,ok,,complex: converged; slab: converged; molecule: converged,true,dft_jobs/CH3CHO_Pd110/PBE_D3/OUTCAR,vasp_slab/Pd110/PBE_D3/OUTCAR,vasp_mol/CH3CHO/PBE_D3/OUTCAR
pbe_d3,CH3CHO_Pd111,Pd111,CH3CHO,dft_jobs,-232.78230461,-342.57605593,-39.138265,,slab_mismatch,"slab size mismatch: job has 36 Pd, reference has 64 Pd",complex: converged; slab: converged; molecule: converged,false,dft_jobs/CH3CHO_Pd111/PBE_D3/OUTCAR,vasp_slab/Pd111/PBE_D3/OUTCAR,vasp_mol/CH3CHO/PBE_D3/OUTCAR
pbe_d3,CH3CHO_Pt100,Pt100,CH3CHO,dft_jobs,-262.38240186,-222.03567525,-39.138265,-1.2084616100000218,ok,,complex: converged; slab: converged; molecule: converged,true,dft_jobs/CH3CHO_Pt100/PBE_D3/OUTCAR,vasp_slab/Pt100/PBE_D3/OUTCAR,vasp_mol/CH3CHO/PBE_D3/OUTCAR
pbe_d3,CH3CHO_Pt110,Pt110,CH3CHO,dft_jobs,-178.92767824,-138.57314769,-39.138265,-1.2162655499999957,ok,,complex: converged; slab: converged; molecule: converged,true,dft_jobs/CH3CHO_Pt110/PBE_D3/OUTCAR,vasp_slab/Pt110/PBE_D3/OUTCAR,vasp_mol/CH3CHO/PBE_D3/OUTCAR
pbe_d3,CH3CHO_Pt111_top,Pt111,CH3CHO,dft_jobs,,-406.07924489,-39.138265,,error,slab+mol: OUTCAR not found: dft_jobs/CH3CHO_Pt111_top/PBE_D3/OUTCAR,complex: missing; slab: converged; molecule: converged,false,dft_jobs/CH3CHO_Pt111_top/PBE_D3/OUTCAR,vasp_slab/Pt111/PBE_D3/OUTCAR,vasp_mol/CH3CHO/PBE_D3/OUTCAR
pbe_d3,CH3CHO_Rh100,Rh100,CH3CHO,dft_jobs,-296.37723123,-256.07544059,-39.138265,-1.1635256399999818,ok,,complex: converged; slab: converged; molecule: converged,true,dft_jobs/CH3CHO_Rh100/PBE_D3/OUTCAR,vasp_slab/Rh100/PBE_D3/OUTCAR,vasp_mol/CH3CHO/PBE_D3/OUTCAR
pbe_d3,CH3CHO_Rh110,Rh110,CH3CHO,dft_jobs,-201.37313114,-160.48819907,-39.138265,-1.7466670699999938,ok,,complex: converged; slab: converged; molecule: converged,true,dft_jobs/CH3CHO_Rh110/PBE_D3/OUTCAR,vasp_slab/Rh110/PBE_D3/OUTCAR,vasp_mol/CH3CHO/PBE_D3/OUTCAR
pbe_d3,CH3CHO_Rh111,Rh111,CH3CHO,dft_jobs,-505.84709607,-465.26142053,-39.138265,-1.4474105400000141,ok,,complex: converged; slab: converged; molecule: converged,true,dft_jobs/CH3CHO_Rh111/PBE_D3/OUTCAR,vasp_slab/Rh111/PBE_D3/OUTCAR,vasp_mol/CH3CHO/PBE_D3/OUTCAR
pbe_d3,CH3COOH_Ag100,Ag100,CH3COOH,dft_jobs,-150.37593456,-102.4003605,-40.14974853,,bad_reference,implausible E_ads=-7.826 eV (|E_ads| > 5.0 eV),complex: converged; slab: converged; molecule: unfinished,false,dft_jobs/CH3COOH_Ag100/PBE_D3/OUTCAR,vasp_slab/Ag100/PBE_D3/OUTCAR,vasp_mol/CH3COOH/PBE_D3/OUTCAR
pbe_d3,CH3COOH_Ag110,Ag110,CH3COOH,dft_jobs,-111.84621349,-64.0841207,-40.14974853,,bad_reference,implausible E_ads=-7.612 eV (|E_ads| > 5.0 eV),complex: converged; slab: converged; molecule: unfinished,false,dft_jobs/CH3COOH_Ag110/PBE_D3/OUTCAR,vasp_slab/Ag110/PBE_D3/OUTCAR,vasp_mol/CH3COOH/PBE_D3/OUTCAR
pbe_d3,CH3COOH_Ag111,Ag111,CH3COOH,dft_jobs,-152.4814979,-184.95063009,-40.14974853,,slab_mismatch,"slab size mismatch: job has 36 Ag, reference has 64 Ag",complex: converged; slab: converged; molecule: unfinished,false,dft_jobs/CH3COOH_Ag111/PBE_D3/OUTCAR,vasp_slab/Ag111/PBE_D3/OUTCAR,vasp_mol/CH3COOH/PBE_D3/OUTCAR
pbe_d3,CH3COOH_Au100,Au100,CH3COOH,dft_jobs,-269.46932924,-125.13314995,-40.14974853,,slab_mismatch,"slab size mismatch: job has 64 Au, reference has 36 Au",complex: converged; slab: converged; molecule: unfinished,false,dft_jobs/CH3COOH_Au100/PBE_D3/OUTCAR,vasp_slab/Au100/PBE_D3/OUTCAR,vasp_mol/CH3COOH/PBE_D3/OUTCAR
pbe_d3,CH3COOH_Au110,Au110,CH3COOH,dft_jobs,-256.70862425,-79.18212693,-40.14974853,,slab_mismatch,"slab size mismatch: job has 64 Au, reference has 24 Au",complex: converged; slab: converged; molecule: unfinished,false,dft_jobs/CH3COOH_Au110/PBE_D3/OUTCAR,vasp_slab/Au110/PBE_D3/OUTCAR,vasp_mol/CH3COOH/PBE_D3/OUTCAR
pbe_d3,CH3COOH_Au111,Au111,CH3COOH,dft_jobs,-175.38151541,-227.75033058,-40.14974853,,slab_mismatch,"slab size mismatch: job has 36 Au, reference has 64 Au",complex: converged; slab: converged; molecule: unfinished,false,dft_jobs/CH3COOH_Au111/PBE_D3/OUTCAR,vasp_slab/Au111/PBE_D3/OUTCAR,vasp_mol/CH3COOH/PBE_D3/OUTCAR
pbe_d3,CH3COOH_Cu100,Cu100,CH3COOH,dft_jobs,-288.3284598,-240.84053253,-40.14974853,,bad_reference,implausible E_ads=-7.338 eV (|E_ads| > 5.0 eV),complex: converged; slab: converged; molecule: unfinished,false,dft_jobs/CH3COOH_Cu100/PBE_D3/OUTCAR,vasp_slab/Cu100/PBE_D3/OUTCAR,vasp_mol/CH3COOH/PBE_D3/OUTCAR
pbe_d3,CH3COOH_Cu110,Cu110,CH3COOH,dft_jobs,-133.24198705,-86.08497244,-40.14974853,,bad_reference,implausible E_ads=-7.007 eV (|E_ads| > 5.0 eV),complex: converged; slab: converged; molecule: unfinished,false,dft_jobs/CH3COOH_Cu110/PBE_D3/OUTCAR,vasp_slab/Cu110/PBE_D3/OUTCAR,vasp_mol/CH3COOH/PBE_D3/OUTCAR
pbe_d3,CH3COOH_Cu111,Cu111,CH3COOH,dft_jobs,-294.02192538,-248.13958402,-40.14974853,,bad_reference,implausible E_ads=-5.733 eV (|E_ads| > 5.0 eV),complex: converged; slab: converged; molecule: unfinished,false,dft_jobs/CH3COOH_Cu111/PBE_D3/OUTCAR,vasp_slab/Cu111/PBE_D3/OUTCAR,vasp_mol/CH3COOH/PBE_D3/OUTCAR
pbe_d3,CH3COOH_Ir100,Ir100,CH3COOH,dft_jobs,-359.51491368,-311.60244978,-40.14974853,,bad_reference,implausible E_ads=-7.763 eV (|E_ads| > 5.0 eV),complex: converged; slab: converged; molecule: unfinished,false,dft_jobs/CH3COOH_Ir100/PBE_D3/OUTCAR,vasp_slab/Ir100/PBE_D3/OUTCAR,vasp_mol/CH3COOH/PBE_D3/OUTCAR
pbe_d3,CH3COOH_Ir110,Ir110,CH3COOH,dft_jobs,-243.26880811,-195.1382215,-40.14974853,,bad_reference,implausible E_ads=-7.981 eV (|E_ads| > 5.0 eV),complex: converged; slab: converged; molecule: unfinished,false,dft_jobs/CH3COOH_Ir110/PBE_D3/OUTCAR,vasp_slab/Ir110/PBE_D3/OUTCAR,vasp_mol/CH3COOH/PBE_D3/OUTCAR
pbe_d3,CH3COOH_Ir111,Ir111,CH3COOH,dft_jobs,-618.42283598,-570.78304395,-40.14974853,,bad_reference,implausible E_ads=-7.490 eV (|E_ads| > 5.0 eV),complex: converged; slab: converged; molecule: unfinished,false,dft_jobs/CH3COOH_Ir111/PBE_D3/OUTCAR,vasp_slab/Ir111/PBE_D3/OUTCAR,vasp_mol/CH3COOH/PBE_D3/OUTCAR
pbe_d3,CH3COOH_Pd100,Pd100,CH3COOH,dft_jobs,-237.26988036,-189.46040681,-40.14974853,,bad_reference,implausible E_ads=-7.660 eV (|E_ads| > 5.0 eV),complex: converged; slab: converged; molecule: unfinished,false,dft_jobs/CH3COOH_Pd100/PBE_D3/OUTCAR,vasp_slab/Pd100/PBE_D3/OUTCAR,vasp_mol/CH3COOH/PBE_D3/OUTCAR
pbe_d3,CH3COOH_Pd110,Pd110,CH3COOH,dft_jobs,-166.354556,-118.52313405,-40.14974853,,bad_reference,implausible E_ads=-7.682 eV (|E_ads| > 5.0 eV),complex: converged; slab: converged; molecule: unfinished,false,dft_jobs/CH3COOH_Pd110/PBE_D3/OUTCAR,vasp_slab/Pd110/PBE_D3/OUTCAR,vasp_mol/CH3COOH/PBE_D3/OUTCAR
pbe_d3,CH3COOH_Pd111,Pd111,CH3COOH,dft_jobs,-240.5927625,-342.57605593,-40.14974853,,slab_mismatch,"slab size mismatch: job has 36 Pd, reference has 64 Pd",complex: converged; slab: converged; molecule: unfinished,false,dft_jobs/CH3COOH_Pd111/PBE_D3/OUTCAR,vasp_slab/Pd111/PBE_D3/OUTCAR,vasp_mol/CH3COOH/PBE_D3/OUTCAR
pbe_d3,CH3COOH_Pt100,Pt100,CH3COOH,dft_jobs,-270.24133676,-222.03567525,-40.14974853,,bad_reference,implausible E_ads=-8.056 eV (|E_ads| > 5.0 eV),complex: converged; slab: converged; molecule: unfinished,false,dft_jobs/CH3COOH_Pt100/PBE_D3/OUTCAR,vasp_slab/Pt100/PBE_D3/OUTCAR,vasp_mol/CH3COOH/PBE_D3/OUTCAR
pbe_d3,CH3COOH_Pt110,Pt110,CH3COOH,dft_jobs,-186.81749742,-138.57314769,-40.14974853,,bad_reference,implausible E_ads=-8.095 eV (|E_ads| > 5.0 eV),complex: converged; slab: converged; molecule: unfinished,false,dft_jobs/CH3COOH_Pt110/PBE_D3/OUTCAR,vasp_slab/Pt110/PBE_D3/OUTCAR,vasp_mol/CH3COOH/PBE_D3/OUTCAR
pbe_d3,CH3COOH_Pt111_top,Pt111,CH3COOH,dft_jobs,,-406.07924489,-40.14974853,,error,slab+mol: OUTCAR not found: dft_jobs/CH3COOH_Pt111_top/PBE_D3/OUTCAR,complex: missing; slab: converged; molecule: unfinished,false,dft_jobs/CH3COOH_Pt111_top/PBE_D3/OUTCAR,vasp_slab/Pt111/PBE_D3/OUTCAR,vasp_mol/CH3COOH/PBE_D3/OUTCAR
pbe_d3,CH3COOH_Rh100,Rh100,CH3COOH,dft_jobs,-304.22799403,-256.07544059,-40.14974853,,bad_reference,implausible E_ads=-8.003 eV (|E_ads| > 5.0 eV),complex: converged; slab: converged; molecule: unfinished,false,dft_jobs/CH3COOH_Rh100/PBE_D3/OUTCAR,vasp_slab/Rh100/PBE_D3/OUTCAR,vasp_mol/CH3COOH/PBE_D3/OUTCAR
pbe_d3,CH3COOH_Rh110,Rh110,CH3COOH,dft_jobs,-208.78635517,-160.48819907,-40.14974853,,bad_reference,implausible E_ads=-8.148 eV (|E_ads| > 5.0 eV),complex: converged; slab: converged; molecule: unfinished,false,dft_jobs/CH3COOH_Rh110/PBE_D3/OUTCAR,vasp_slab/Rh110/PBE_D3/OUTCAR,vasp_mol/CH3COOH/PBE_D3/OUTCAR
pbe_d3,CH3COOH_Rh111,Rh111,CH3COOH,dft_jobs,-513.65881079,-465.26142053,-40.14974853,,bad_reference,implausible E_ads=-8.248 eV (|E_ads| > 5.0 eV),complex: converged; slab: converged; molecule: unfinished,false,dft_jobs/CH3COOH_Rh111/PBE_D3/OUTCAR,vasp_slab/Rh111/PBE_D3/OUTCAR,vasp_mol/CH3COOH/PBE_D3/OUTCAR
pbe_d3,CH3OCH3_Ag100,Ag100,CH3OCH3,dft_jobs,-149.94235253,-102.4003605,-9.14021893,,bad_reference,implausible E_ads=-38.402 eV (|E_ads| > 5.0 eV),complex: converged; slab: converged; molecule: unfinished,false,dft_jobs/CH3OCH3_Ag100/PBE_D3/OUTCAR,vasp_slab/Ag100/PBE_D3/OUTCAR,vasp_mol/CH3OCH3/PBE_D3/OUTCAR
pbe_d3,CH3OCH3_Ag110,Ag110,CH3OCH3,dft_jobs,-111.39257269,-64.0841207,-9.14021893,,bad_reference,implausible E_ads=-38.168 eV (|E_ads| > 5.0 eV),complex: converged; slab: converged; molecule: unfinished,false,dft_jobs/CH3OCH3_Ag110/PBE_D3/OUTCAR,vasp_slab/Ag110/PBE_D3/OUTCAR,vasp_mol/CH3OCH3/PBE_D3/OUTCAR
pbe_d3,CH3OCH3_Ag111,Ag111,CH3OCH3,dft_jobs,-151.91779488,-184.95063009,-9.14021893,,slab_mismatch,"slab size mismatch: job has 36 Ag, reference has 64 Ag",complex: converged; slab: converged; molecule: unfinished,false,dft_jobs/CH3OCH3_Ag111/PBE_D3/OUTCAR,vasp_slab/Ag111/PBE_D3/OUTCAR,vasp_mol/CH3OCH3/PBE_D3/OUTCAR
pbe_d3,CH3OCH3_Au100,Au100,CH3OCH3,dft_jobs,-269.08161081,-125.13314995,-9.14021893,,slab_mismatch,"slab size mismatch: job has 64 Au, reference has 36 Au",complex: converged; slab: converged; molecule: unfinished,false,dft_jobs/CH3OCH3_Au100/PBE_D3/OUTCAR,vasp_slab/Au100/PBE_D3/OUTCAR,vasp_mol/CH3OCH3/PBE_D3/OUTCAR
pbe_d3,CH3OCH3_Au110,Au110,CH3OCH3,dft_jobs,-256.27926279,-79.18212693,-9.14021893,,slab_mismatch,"slab size mismatch: job has 64 Au, reference has 24 Au",complex: converged; slab: converged; molecule: unfinished,false,dft_jobs/CH3OCH3_Au110/PBE_D3/OUTCAR,vasp_slab/Au110/PBE_D3/OUTCAR,vasp_mol/CH3OCH3/PBE_D3/OUTCAR
pbe_d3,CH3OCH3_Au111,Au111,CH3OCH3,dft_jobs,-175.0107406,-227.75033058,-9.14021893,,slab_mismatch,"slab size mismatch: job has 36 Au, reference has 64 Au",complex: converged; slab: converged; molecule: unfinished,false,dft_jobs/CH3OCH3_Au111/PBE_D3/OUTCAR,vasp_slab/Au111/PBE_D3/OUTCAR,vasp_mol/CH3OCH3/PBE_D3/OUTCAR
pbe_d3,CH3OCH3_Cu100,Cu100,CH3OCH3,dft_jobs,-287.91530644,-240.84053253,-9.14021893,,bad_reference,implausible E_ads=-37.935 eV (|E_ads| > 5.0 eV),complex: converged; slab: converged; molecule: unfinished,false,dft_jobs/CH3OCH3_Cu100/PBE_D3/OUTCAR,vasp_slab/Cu100/PBE_D3/OUTCAR,vasp_mol/CH3OCH3/PBE_D3/OUTCAR
pbe_d3,CH3OCH3_Cu110,Cu110,CH3OCH3,dft_jobs,-132.76163333,-86.08497244,-9.14021893,,bad_reference,implausible E_ads=-37.536 eV (|E_ads| > 5.0 eV),complex: converged; slab: converged; molecule: unfinished,false,dft_jobs/CH3OCH3_Cu110/PBE_D3/OUTCAR,vasp_slab/Cu110/PBE_D3/OUTCAR,vasp_mol/CH3OCH3/PBE_D3/OUTCAR
pbe_d3,CH3OCH3_Cu111,Cu111,CH3OCH3,dft_jobs,-293.63390068,-248.13958402,-9.14021893,,bad_reference,implausible E_ads=-36.354 eV (|E_ads| > 5.0 eV),complex: converged; slab: converged; molecule: unfinished,false,dft_jobs/CH3OCH3_Cu111/PBE_D3/OUTCAR,vasp_slab/Cu111/PBE_D3/OUTCAR,vasp_mol/CH3OCH3/PBE_D3/OUTCAR
pbe_d3,CH3OCH3_Ir100,Ir100,CH3OCH3,dft_jobs,-358.94122878,-311.60244978,-9.14021893,,bad_reference,implausible E_ads=-38.199 eV (|E_ads| > 5.0 eV),complex: converged; slab: converged; molecule: unfinished,false,dft_jobs/CH3OCH3_Ir100/PBE_D3/OUTCAR,vasp_slab/Ir100/PBE_D3/OUTCAR,vasp_mol/CH3OCH3/PBE_D3/OUTCAR
pbe_d3,CH3OCH3_Ir110,Ir110,CH3OCH3,dft_jobs,-242.68581318,-195.1382215,-9.14021893,,bad_reference,implausible E_ads=-38.407 eV (|E_ads| > 5.0 eV),complex: converged; slab: converged; molecule: unfinished,false,dft_jobs/CH3OCH3_Ir110/PBE_D3/OUTCAR,vasp_slab/Ir110/PBE_D3/OUTCAR,vasp_mol/CH3OCH3/PBE_D3/OUTCAR
pbe_d3,CH3OCH3_Ir111,Ir111,CH3OCH3,dft_jobs,-617.97506991,-570.78304395,-9.14021893,,bad_reference,implausible E_ads=-38.052 eV (|E_ads| > 5.0 eV),complex: converged; slab: converged; molecule: unfinished,false,dft_jobs/CH3OCH3_Ir111/PBE_D3/OUTCAR,vasp_slab/Ir111/PBE_D3/OUTCAR,vasp_mol/CH3OCH3/PBE_D3/OUTCAR
pbe_d3,CH3OCH3_Pd100,Pd100,CH3OCH3,dft_jobs,-236.76051565,-189.46040681,-9.14021893,,bad_reference,implausible E_ads=-38.160 eV (|E_ads| > 5.0 eV),complex: converged; slab: converged; molecule: unfinished,false,dft_jobs/CH3OCH3_Pd100/PBE_D3/OUTCAR,vasp_slab/Pd100/PBE_D3/OUTCAR,vasp_mol/CH3OCH3/PBE_D3/OUTCAR
pbe_d3,CH3OCH3_Pd110,Pd110,CH3OCH3,dft_jobs,-165.81866065,-118.52313405,-9.14021893,,bad_reference,implausible E_ads=-38.155 eV (|E_ads| > 5.0 eV),complex: converged; slab: converged; molecule: unfinished,false,dft_jobs/CH3OCH3_Pd110/PBE_D3/OUTCAR,vasp_slab/Pd110/PBE_D3/OUTCAR,vasp_mol/CH3OCH3/PBE_D3/OUTCAR
pbe_d3,CH3OCH3_Pd111,Pd111,CH3OCH3,dft_jobs,-240.15250006,-342.57605593,-9.14021893,,slab_mismatch,"slab size mismatch: job has 36 Pd, reference has 64 Pd",complex: converged; slab: converged; molecule: unfinished,false,dft_jobs/CH3OCH3_Pd111/PBE_D3/OUTCAR,vasp_slab/Pd111/PBE_D3/OUTCAR,vasp_mol/CH3OCH3/PBE_D3/OUTCAR
pbe_d3,CH3OCH3_Pt100,Pt100,CH3OCH3,dft_jobs,-269.76841244,-222.03567525,-9.14021893,,bad_reference,implausible E_ads=-38.593 eV (|E_ads| > 5.0 eV),complex: converged; slab: converged; molecule: unfinished,false,dft_jobs/CH3OCH3_Pt100/PBE_D3/OUTCAR,vasp_slab/Pt100/PBE_D3/OUTCAR,vasp_mol/CH3OCH3/PBE_D3/OUTCAR
pbe_d3,CH3OCH3_Pt110,Pt110,CH3OCH3,dft_jobs,-186.36364715,-138.57314769,-9.14021893,,bad_reference,implausible E_ads=-38.650 eV (|E_ads| > 5.0 eV),complex: converged; slab: converged; molecule: unfinished,false,dft_jobs/CH3OCH3_Pt110/PBE_D3/OUTCAR,vasp_slab/Pt110/PBE_D3/OUTCAR,vasp_mol/CH3OCH3/PBE_D3/OUTCAR
pbe_d3,CH3OCH3_Rh100,Rh100,CH3OCH3,dft_jobs,-303.67981864,-256.07544059,-9.14021893,,bad_reference,implausible E_ads=-38.464 eV (|E_ads| > 5.0 eV),complex: converged; slab: converged; molecule: unfinished,false,dft_jobs/CH3OCH3_Rh100/PBE_D3/OUTCAR,vasp_slab/Rh100/PBE_D3/OUTCAR,vasp_mol/CH3OCH3/PBE_D3/OUTCAR
pbe_d3,CH3OCH3_Rh110,Rh110,CH3OCH3,dft_jobs,-208.21852594,-160.48819907,-9.14021893,,bad_reference,implausible E_ads=-38.590 eV (|E_ads| > 5.0 eV),complex: converged; slab: converged; molecule: unfinished,false,dft_jobs/CH3OCH3_Rh110/PBE_D3/OUTCAR,vasp_slab/Rh110/PBE_D3/OUTCAR,vasp_mol/CH3OCH3/PBE_D3/OUTCAR
pbe_d3,CH3OCH3_Rh111,Rh111,CH3OCH3,dft_jobs,-513.17323013,-465.26142053,-9.14021893,,bad_reference,implausible E_ads=-38.772 eV (|E_ads| > 5.0 eV),complex: converged; slab: converged; molecule: unfinished,false,dft_jobs/CH3OCH3_Rh111/PBE_D3/OUTCAR,vasp_slab/Rh111/PBE_D3/OUTCAR,vasp_mol/CH3OCH3/PBE_D3/OUTCAR
pbe_d3,CH3OH_Ag100,Ag100,CH3OH,dft_jobs,-133.69984127,-102.4003605,-30.22362533,-1.0758554400000016,ok,,complex: converged; slab: converged; molecule: converged,true,dft_jobs/CH3OH_Ag100/PBE_D3/OUTCAR,vasp_slab/Ag100/PBE_D3/OUTCAR,vasp_mol/CH3OH/PBE_D3/OUTCAR
pbe_d3,CH3OH_Ag110,Ag110,CH3OH,dft_jobs,-95.1793866,-64.0841207,-30.22362533,-0.8716405700000003,ok,,complex: converged; slab: converged; molecule: converged,true,dft_jobs/CH3OH_Ag110/PBE_D3/OUTCAR,vasp_slab/Ag110/PBE_D3/OUTCAR,vasp_mol/CH3OH/PBE_D3/OUTCAR
pbe_d3,CH3OH_Ag111,Ag111,CH3OH,dft_jobs,-135.8285794,-184.95063009,-30.22362533,,slab_mismatch,"slab size mismatch: job has 36 Ag, reference has 64 Ag",complex: converged; slab: converged; molecule: converged,false,dft_jobs/CH3OH_Ag111/PBE_D3/OUTCAR,vasp_slab/Ag111/PBE_D3/OUTCAR,vasp_mol/CH3OH/PBE_D3/OUTCAR
pbe_d3,CH3OH_Au100,Au100,CH3OH,dft_jobs,-252.78752531,-125.13314995,-30.22362533,,slab_mismatch,"slab size mismatch: job has 64 Au, reference has 36 Au",complex: converged; slab: converged; molecule: converged,false,dft_jobs/CH3OH_Au100/PBE_D3/OUTCAR,vasp_slab/Au100/PBE_D3/OUTCAR,vasp_mol/CH3OH/PBE_D3/OUTCAR
pbe_d3,CH3OH_Au110,Au110,CH3OH,dft_jobs,-240.09491148,-79.18212693,-30.22362533,,slab_mismatch,"slab size mismatch: job has 64 Au, reference has 24 Au",complex: converged; slab: converged; molecule: converged,false,dft_jobs/CH3OH_Au110/PBE_D3/OUTCAR,vasp_slab/Au110/PBE_D3/OUTCAR,vasp_mol/CH3OH/PBE_D3/OUTCAR
pbe_d3,CH3OH_Au111,Au111,CH3OH,dft_jobs,-158.66257888,-227.75033058,-30.22362533,,slab_mismatch,"slab size mismatch: job has 36 Au, reference has 64 Au",complex: converged; slab: converged; molecule: converged,false,dft_jobs/CH3OH_Au111/PBE_D3/OUTCAR,vasp_slab/Au111/PBE_D3/OUTCAR,vasp_mol/CH3OH/PBE_D3/OUTCAR
pbe_d3,CH3OH_Cu100,Cu100,CH3OH,dft_jobs,-271.65483847,-240.84053253,-30.22362533,-0.5906806100000246,ok,,complex: converged; slab: converged; molecule: converged,true,dft_jobs/CH3OH_Cu100/PBE_D3/OUTCAR,vasp_slab/Cu100/PBE_D3/OUTCAR,vasp_mol/CH3OH/PBE_D3/OUTCAR
pbe_d3,CH3OH_Cu110,Cu110,CH3OH,dft_jobs,-116.54083959,-86.08497244,-30.22362533,-0.23224182000000226,ok,,complex: converged; slab: converged; molecule: converged,true,dft_jobs/CH3OH_Cu110/PBE_D3/OUTCAR,vasp_slab/Cu110/PBE_D3/OUTCAR,vasp_mol/CH3OH/PBE_D3/OUTCAR
pbe_d3,CH3OH_Cu111_top,Cu111,CH3OH,dft_jobs,,-248.13958402,-30.22362533,,error,slab+mol: OUTCAR not found: dft_jobs/CH3OH_Cu111_top/PBE_D3/OUTCAR,complex: missing; slab: converged; molecule: converged,false,dft_jobs/CH3OH_Cu111_top/PBE_D3/OUTCAR,vasp_slab/Cu111/PBE_D3/OUTCAR,vasp_mol/CH3OH/PBE_D3/OUTCAR
pbe_d3,CH3OH_Ir100,Ir100,CH3OH,dft_jobs,-342.73768652,-311.60244978,-30.22362533,-0.9116114100000381,ok,,complex: converged; slab: converged; molecule: converged,true,dft_jobs/CH3OH_Ir100/PBE_D3/OUTCAR,vasp_slab/Ir100/PBE_D3/OUTCAR,vasp_mol/CH3OH/PBE_D3/OUTCAR
pbe_d3,CH3OH_Ir110,Ir110,CH3OH,dft_jobs,-226.43894195,-195.1382215,-30.22362533,-1.0770951199999992,ok,,complex: converged; slab: converged; molecule: converged,true,dft_jobs/CH3OH_Ir110/PBE_D3/OUTCAR,vasp_slab/Ir110/PBE_D3/OUTCAR,vasp_mol/CH3OH/PBE_D3/OUTCAR
pbe_d3,CH3OH_Ir111,Ir111,CH3OH,dft_jobs,-601.76044274,-570.78304395,-30.22362533,-0.7537734600000512,ok,,complex: converged; slab: converged; molecule: converged,true,dft_jobs/CH3OH_Ir111/PBE_D3/OUTCAR,vasp_slab/Ir111/PBE_D3/OUTCAR,vasp_mol/CH3OH/PBE_D3/OUTCAR
pbe_d3,CH3OH_Pd100,Pd100,CH3OH,dft_jobs,-220.48401732,-189.46040681,-30.22362533,-0.7999851799999966,ok,,complex: converged; slab: converged; molecule: converged,true,dft_jobs/CH3OH_Pd100/PBE_D3/OUTCAR,vasp_slab/Pd100/PBE_D3/OUTCAR,vasp_mol/CH3OH/PBE_D3/OUTCAR
pbe_d3,CH3OH_Pd110,Pd110,CH3OH,dft_jobs,-149.60205218,-118.52313405,-30.22362533,-0.8552927999999902,ok,,complex: converged; slab: converged; molecule: converged,true,dft_jobs/CH3OH_Pd110/PBE_D3/OUTCAR,vasp_slab/Pd110/PBE_D3/OUTCAR,vasp_mol/CH3OH/PBE_D3/OUTCAR
pbe_d3,CH3OH_Pd111,Pd111,CH3OH,dft_jobs,-223.87855989,-342.57605593,-30.22362533,,slab_mismatch,"slab size mismatch: job has 36 Pd, reference has 64 Pd",complex: converged; slab: converged; molecule: converged,false,dft_jobs/CH3OH_Pd111/PBE_D3/OUTCAR,vasp_slab/Pd111/PBE_D3/OUTCAR,vasp_mol/CH3OH/PBE_D3/OUTCAR
pbe_d3,CH3OH_Pt100,Pt100,CH3OH,dft_jobs,-253.48402219,-222.03567525,-30.22362533,-1.2247216099999925,ok,,complex: converged; slab: converged; molecule: converged,true,dft_jobs/CH3OH_Pt100/PBE_D3/OUTCAR,vasp_slab/Pt100/PBE_D3/OUTCAR,vasp_mol/CH3OH/PBE_D3/OUTCAR
pbe_d3,CH3OH_Pt110,Pt110,CH3OH,dft_jobs,-170.06873961,-138.57314769,-30.22362533,-1.2719665899999804,ok,,complex: converged; slab: converged; molecule: converged,true,dft_jobs/CH3OH_Pt110/PBE_D3/OUTCAR,vasp_slab/Pt110/PBE_D3/OUTCAR,vasp_mol/CH3OH/PBE_D3/OUTCAR
pbe_d3,CH3OH_Pt111,Pt111,CH3OH,dft_jobs,-259.46634399,-406.07924489,-30.22362533,,slab_mismatch,"slab size mismatch: job has 36 Pt, reference has 64 Pt",complex: converged; slab: converged; molecule: converged,false,dft_jobs/CH3OH_Pt111/PBE_D3/OUTCAR,vasp_slab/Pt111/PBE_D3/OUTCAR,vasp_mol/CH3OH/PBE_D3/OUTCAR
pbe_d3,CH3OH_Rh100,Rh100,CH3OH,dft_jobs,-287.42114753,-256.07544059,-30.22362533,-1.122081609999956,ok,,complex: converged; slab: converged; molecule: converged,true,dft_jobs/CH3OH_Rh100/PBE_D3/OUTCAR,vasp_slab/Rh100/PBE_D3/OUTCAR,vasp_mol/CH3OH/PBE_D3/OUTCAR
pbe_d3,CH3OH_Rh110,Rh110,CH3OH,dft_jobs,-191.97240358,-160.48819907,-30.22362533,-1.2605791799999828,ok,,complex: converged; slab: converged; molecule: converged,true,dft_jobs/CH3OH_Rh110/PBE_D3/OUTCAR,vasp_slab/Rh110/PBE_D3/OUTCAR,vasp_mol/CH3OH/PBE_D3/OUTCAR
pbe_d3,CH3OH_Rh111,Rh111,CH3OH,dft_jobs,,-465.26142053,-30.22362533,,error,slab+mol: OUTCAR not found: dft_jobs/CH3OH_Rh111/PBE_D3/OUTCAR,complex: missing; slab: converged; molecule: converged,false,dft_jobs/CH3OH_Rh111/PBE_D3/OUTCAR,vasp_slab/Rh111/PBE_D3/OUTCAR,vasp_mol/CH3OH/PBE_D3/OUTCAR
pbe_d3,CH3O_Ag100,Ag100,CH3O,dft_jobs,,-102.4003605,,,error,slab+mol: OUTCAR not found: dft_jobs/CH3O_Ag100/PBE_D3/OUTCAR; mol: OUTCAR not found: vasp_mol/CH3O/PBE_D3/OUTCAR,complex: missing; slab: converged; molecule: missing,false,dft_jobs/CH3O_Ag100/PBE_D3/OUTCAR,vasp_slab/Ag100/PBE_D3/OUTCAR,vasp_mol/CH3O/PBE_D3/OUTCAR
pbe_d3,CH3O_Ag110,Ag110,CH3O,dft_jobs,,-64.0841207,,,error,slab+mol: OUTCAR not found: dft_jobs/CH3O_Ag110/PBE_D3/OUTCAR; mol: OUTCAR not found: vasp_mol/CH3O/PBE_D3/OUTCAR,complex: missing; slab: converged; molecule: missing,false,dft_jobs/CH3O_Ag110/PBE_D3/OUTCAR,vasp_slab/Ag110/PBE_D3/OUTCAR,vasp_mol/CH3O/PBE_D3/OUTCAR
pbe_d3,CH3O_Ag111,Ag111,CH3O,dft_jobs,,-184.95063009,,,error,slab+mol: OUTCAR not found: dft_jobs/CH3O_Ag111/PBE_D3/OUTCAR; mol: OUTCAR not found: vasp_mol/CH3O/PBE_D3/OUTCAR,complex: missing; slab: converged; molecule: missing,false,dft_jobs/CH3O_Ag111/PBE_D3/OUTCAR,vasp_slab/Ag111/PBE_D3/OUTCAR,vasp_mol/CH3O/PBE_D3/OUTCAR
pbe_d3,CH3O_Au100,Au100,CH3O,dft_jobs,,-125.13314995,,,error,slab+mol: OUTCAR not found: dft_jobs/CH3O_Au100/PBE_D3/OUTCAR; mol: OUTCAR not found: vasp_mol/CH3O/PBE_D3/OUTCAR,complex: missing; slab: converged; molecule: missing,false,dft_jobs/CH3O_Au100/PBE_D3/OUTCAR,vasp_slab/Au100/PBE_D3/OUTCAR,vasp_mol/CH3O/PBE_D3/OUTCAR
pbe_d3,CH3O_Au110,Au110,CH3O,dft_jobs,,-79.18212693,,,error,slab+mol: OUTCAR not found: dft_jobs/CH3O_Au110/PBE_D3/OUTCAR; mol: OUTCAR not found: vasp_mol/CH3O/PBE_D3/OUTCAR,complex: missing; slab: converged; molecule: missing,false,dft_jobs/CH3O_Au110/PBE_D3/OUTCAR,vasp_slab/Au110/PBE_D3/OUTCAR,vasp_mol/CH3O/PBE_D3/OUTCAR
pbe_d3,CH3O_Au111,Au111,CH3O,dft_jobs,,-227.75033058,,,error,slab+mol: OUTCAR not found: dft_jobs/CH3O_Au111/PBE_D3/OUTCAR; mol: OUTCAR not found: vasp_mol/CH3O/PBE_D3/OUTCAR,complex: missing; slab: converged; molecule: missing,false,dft_jobs/CH3O_Au111/PBE_D3/OUTCAR,vasp_slab/Au111/PBE_D3/OUTCAR,vasp_mol/CH3O/PBE_D3/OUTCAR
pbe_d3,CH3O_Cu111_fcc,Cu111,CH3O,dft_jobs,,-248.13958402,,,error,slab+mol: OUTCAR not found: dft_jobs/CH3O_Cu111_fcc/PBE_D3/OUTCAR; mol: OUTCAR not found: vasp_mol/CH3O/PBE_D3/OUTCAR,complex: missing; slab: converged; molecule: missing,false,dft_jobs/CH3O_Cu111_fcc/PBE_D3/OUTCAR,vasp_slab/Cu111/PBE_D3/OUTCAR,vasp_mol/CH3O/PBE_D3/OUTCAR
pbe_d3,CH3O_Ir100,Ir100,CH3O,dft_jobs,,-311.60244978,,,error,slab+mol: OUTCAR not found: dft_jobs/CH3O_Ir100/PBE_D3/OUTCAR; mol: OUTCAR not found: vasp_mol/CH3O/PBE_D3/OUTCAR,complex: missing; slab: converged; molecule: missing,false,dft_jobs/CH3O_Ir100/PBE_D3/OUTCAR,vasp_slab/Ir100/PBE_D3/OUTCAR,vasp_mol/CH3O/PBE_D3/OUTCAR
pbe_d3,CH3O_Ir110,Ir110,CH3O,dft_jobs,,-195.1382215,,,error,slab+mol: OUTCAR not found: dft_jobs/CH3O_Ir110/PBE_D3/OUTCAR; mol: OUTCAR not found: vasp_mol/CH3O/PBE_D3/OUTCAR,complex: missing; slab: converged; molecule: missing,false,dft_jobs/CH3O_Ir110/PBE_D3/OUTCAR,vasp_slab/Ir110/PBE_D3/OUTCAR,vasp_mol/CH3O/PBE_D3/OUTCAR
pbe_d3,CH3O_Ir111,Ir111,CH3O,dft_jobs,,-570.78304395,,,error,slab+mol: OUTCAR not found: dft_jobs/CH3O_Ir111/PBE_D3/OUTCAR; mol: OUTCAR not found: vasp_mol/CH3O/PBE_D3/OUTCAR,complex: missing; slab: converged; molecule: missing,false,dft_jobs/CH3O_Ir111/PBE_D3/OUTCAR,vasp_slab/Ir111/PBE_D3/OUTCAR,vasp_mol/CH3O/PBE_D3/OUTCAR
pbe_d3,CH3O_Rh100,Rh100,CH3O,dft_jobs,,-256.07544059,,,error,slab+mol: OUTCAR not found: dft_jobs/CH3O_Rh100/PBE_D3/OUTCAR; mol: OUTCAR not found: vasp_mol/CH3O/PBE_D3/OUTCAR,complex: missing; slab: converged; molecule: missing,false,dft_jobs/CH3O_Rh100/PBE_D3/OUTCAR,vasp_slab/Rh100/PBE_D3/OUTCAR,vasp_mol/CH3O/PBE_D3/OUTCAR
pbe_d3,CH3O_Rh110,Rh110,CH3O,dft_jobs,,-160.48819907,,,error,slab+mol: OUTCAR not found: dft_jobs/CH3O_Rh110/PBE_D3/OUTCAR; mol: OUTCAR not found: vasp_mol/CH3O/PBE_D3/OUTCAR,complex: missing; slab: converged; molecule: missing,false,dft_jobs/CH3O_Rh110/PBE_D3/OUTCAR,vasp_slab/Rh110/PBE_D3/OUTCAR,vasp_mol/CH3O/PBE_D3/OUTCAR
pbe_d3,CH3O_Rh111,Rh111,CH3O,dft_jobs,,-465.26142053,,,error,slab+mol: OUTCAR not found: dft_jobs/CH3O_Rh111/PBE_D3/OUTCAR; mol: OUTCAR not found: vasp_mol/CH3O/PBE_D3/OUTCAR,complex: missing; slab: converged; molecule: missing,false,dft_jobs/CH3O_Rh111/PBE_D3/OUTCAR,vasp_slab/Rh111/PBE_D3/OUTCAR,vasp_mol/CH3O/PBE_D3/OUTCAR
pbe_d3,CH3_Ag100,Ag100,CH3,dft_jobs,-122.6818747,-102.4003605,-18.19414914,-2.087365059999989,ok,,complex: converged; slab: converged; molecule: converged,true,dft_jobs/CH3_Ag100/PBE_D3/OUTCAR,vasp_slab/Ag100/PBE_D3/OUTCAR,vasp_mol/CH3/PBE_D3/OUTCAR
pbe_d3,CH3_Ag110,Ag110,CH3,dft_jobs,-84.07076198,-64.0841207,-18.19414914,-1.7924921400000002,ok,,complex: converged; slab: converged; molecule: converged,true,dft_jobs/CH3_Ag110/PBE_D3/OUTCAR,vasp_slab/Ag110/PBE_D3/OUTCAR,vasp_mol/CH3/PBE_D3/OUTCAR
pbe_d3,CH3_Ag111,Ag111,CH3,dft_jobs,-124.43327867,-184.95063009,-18.19414914,,slab_mismatch,"slab size mismatch: job has 36 Ag, reference has 64 Ag",complex: converged; slab: converged; molecule: converged,false,dft_jobs/CH3_Ag111/PBE_D3/OUTCAR,vasp_slab/Ag111/PBE_D3/OUTCAR,vasp_mol/CH3/PBE_D3/OUTCAR
pbe_d3,CH3_Au100,Au100,CH3,dft_jobs,-242.01716451,-125.13314995,-18.19414914,,slab_mismatch,"slab size mismatch: job has 64 Au, reference has 36 Au",complex: converged; slab: converged; molecule: converged,false,dft_jobs/CH3_Au100/PBE_D3/OUTCAR,vasp_slab/Au100/PBE_D3/OUTCAR,vasp_mol/CH3/PBE_D3/OUTCAR
pbe_d3,CH3_Au110,Au110,CH3,dft_jobs,-229.20832476,-79.18212693,-18.19414914,,slab_mismatch,"slab size mismatch: job has 64 Au, reference has 24 Au",complex: converged; slab: converged; molecule: converged,false,dft_jobs/CH3_Au110/PBE_D3/OUTCAR,vasp_slab/Au110/PBE_D3/OUTCAR,vasp_mol/CH3/PBE_D3/OUTCAR
pbe_d3,CH3_Au111,Au111,CH3,dft_jobs,-147.78022513,-227.75033058,-18.19414914,,slab_mismatch,"slab size mismatch: job has 36 Au, reference has 64 Au",complex: converged; slab: converged; molecule: converged,false,dft_jobs/CH3_Au111/PBE_D3/OUTCAR,vasp_slab/Au111/PBE_D3/OUTCAR,vasp_mol/CH3/PBE_D3/OUTCAR
pbe_d3,CH3_Cu100,Cu100,CH3,dft_jobs,-260.68105686,-240.84053253,-18.19414914,-1.6463751900000219,ok,,complex: converged; slab: converged; molecule: converged,true,dft_jobs/CH3_Cu100/PBE_D3/OUTCAR,vasp_slab/Cu100/PBE_D3/OUTCAR,vasp_mol/CH3/PBE_D3/OUTCAR
pbe_d3,CH3_Cu110,Cu110,CH3,dft_jobs,-105.84675177,-86.08497244,-18.19414914,-1.5676301899999956,ok,,complex: converged; slab: converged; molecule: converged,true,dft_jobs/CH3_Cu110/PBE_D3/OUTCAR,vasp_slab/Cu110/PBE_D3/OUTCAR,vasp_mol/CH3/PBE_D3/OUTCAR
pbe_d3,CH3_Cu111,Cu111,CH3,dft_jobs,-266.40975783,-248.13958402,-18.19414914,-0.07602466999998825,ok,,complex: converged; slab: converged; molecule: converged,true,dft_jobs/CH3_Cu111/PBE_D3/OUTCAR,vasp_slab/Cu111/PBE_D3/OUTCAR,vasp_mol/CH3/PBE_D3/OUTCAR
pbe_d3,CH3_Ir100,Ir100,CH3,dft_jobs,-332.25280166,-311.60244978,-18.19414914,-2.456202740000016,ok,,complex: converged; slab: converged; molecule: converged,true,dft_jobs/CH3_Ir100/PBE_D3/OUTCAR,vasp_slab/Ir100/PBE_D3/OUTCAR,vasp_mol/CH3/PBE_D3/OUTCAR
pbe_d3,CH3_Ir110,Ir110,CH3,dft_jobs,-215.95699413,-195.1382215,-18.19414914,-2.624623490000012,ok,,complex: converged; slab: converged; molecule: converged,true,dft_jobs/CH3_Ir110/PBE_D3/OUTCAR,vasp_slab/Ir110/PBE_D3/OUTCAR,vasp_mol/CH3/PBE_D3/OUTCAR
pbe_d3,CH3_Ir111,Ir111,CH3,dft_jobs,-591.11829905,-570.78304395,-18.19414914,-2.14110596000004,ok,,complex: converged; slab: converged; molecule: converged,true,dft_jobs/CH3_Ir111/PBE_D3/OUTCAR,vasp_slab/Ir111/PBE_D3/OUTCAR,vasp_mol/CH3/PBE_D3/OUTCAR
pbe_d3,CH3_Pd100,Pd100,CH3,dft_jobs,-209.85844645,-189.46040681,-18.19414914,-2.203890500000007,ok,,complex: converged; slab: converged; molecule: converged,true,dft_jobs/CH3_Pd100/PBE_D3/OUTCAR,vasp_slab/Pd100/PBE_D3/OUTCAR,vasp_mol/CH3/PBE_D3/OUTCAR
pbe_d3,CH3_Pd110,Pd110,CH3,dft_jobs,-138.98577168,-118.52313405,-18.19414914,-2.268488490000003,ok,,complex: converged; slab: converged; molecule: converged,true,dft_jobs/CH3_Pd110/PBE_D3/OUTCAR,vasp_slab/Pd110/PBE_D3/OUTCAR,vasp_mol/CH3/PBE_D3/OUTCAR
pbe_d3,CH3_Pd111,Pd111,CH3,dft_jobs,-213.25865393,-342.57605593,-18.19414914,,slab_mismatch,"slab size mismatch: job has 36 Pd, reference has 64 Pd",complex: converged; slab: converged; molecule: converged,false,dft_jobs/CH3_Pd111/PBE_D3/OUTCAR,vasp_slab/Pd111/PBE_D3/OUTCAR,vasp_mol/CH3/PBE_D3/OUTCAR
pbe_d3,CH3_Pt100,Pt100,CH3,dft_jobs,-243.14205416,-222.03567525,-18.19414914,-2.912229769999989,ok,,complex: converged; slab: converged; molecule: converged,true,dft_jobs/CH3_Pt100/PBE_D3/OUTCAR,vasp_slab/Pt100/PBE_D3/OUTCAR,vasp_mol/CH3/PBE_D3/OUTCAR
pbe_d3,CH3_Pt110,Pt110,CH3,dft_jobs,-159.71154418,-138.57314769,-18.19414914,-2.9442473499999906,ok,,complex: converged; slab: converged; molecule: converged,true,dft_jobs/CH3_Pt110/PBE_D3/OUTCAR,vasp_slab/Pt110/PBE_D3/OUTCAR,vasp_mol/CH3/PBE_D3/OUTCAR
pbe_d3,CH3_Pt111_top,Pt111,CH3,dft_jobs,,-406.07924489,-18.19414914,,error,slab+mol: OUTCAR not found: dft_jobs/CH3_Pt111_top/PBE_D3/OUTCAR,complex: missing; slab: converged; molecule: converged,false,dft_jobs/CH3_Pt111_top/PBE_D3/OUTCAR,vasp_slab/Pt111/PBE_D3/OUTCAR,vasp_mol/CH3/PBE_D3/OUTCAR
pbe_d3,CH3_Rh100,Rh100,CH3,dft_jobs,-276.79594345,-256.07544059,-18.19414914,-2.5263537199999533,ok,,complex: converged; slab: converged; molecule: converged,true,dft_jobs/CH3_Rh100/PBE_D3/OUTCAR,vasp_slab/Rh100/PBE_D3/OUTCAR,vasp_mol/CH3/PBE_D3/OUTCAR
pbe_d3,CH3_Rh110,Rh110,CH3,dft_jobs,-181.2540701,-160.48819907,-18.19414914,-2.571721889999999,ok,,complex: converged; slab: converged; molecule: converged,true,dft_jobs/CH3_Rh110/PBE_D3/OUTCAR,vasp_slab/Rh110/PBE_D3/OUTCAR,vasp_mol/CH3/PBE_D3/OUTCAR
pbe_d3,CH3_Rh111,Rh111,CH3,dft_jobs,-486.20097166,-465.26142053,-18.19414914,-2.7454019899999835,ok,,complex: converged; slab: converged; molecule: converged,true,dft_jobs/CH3_Rh111/PBE_D3/OUTCAR,vasp_slab/Rh111/PBE_D3/OUTCAR,vasp_mol/CH3/PBE_D3/OUTCAR
pbe_d3,CH4_Ag100,Ag100,CH4,dft_jobs,-127.23887281,-102.4003605,-24.03763589,-0.800876419999998,ok,,complex: converged; slab: converged; molecule: converged,true,dft_jobs/CH4_Ag100/PBE_D3/OUTCAR,vasp_slab/Ag100/PBE_D3/OUTCAR,vasp_mol/CH4/PBE_D3/OUTCAR
pbe_d3,CH4_Ag110,Ag110,CH4,dft_jobs,-88.6604245,-64.0841207,-24.03763589,-0.5386679100000045,ok,,complex: converged; slab: converged; molecule: converged,true,dft_jobs/CH4_Ag110/PBE_D3/OUTCAR,vasp_slab/Ag110/PBE_D3/OUTCAR,vasp_mol/CH4/PBE_D3/OUTCAR
pbe_d3,CH4_Ag111,Ag111,CH4,dft_jobs,-129.41587412,-184.95063009,-24.03763589,,slab_mismatch,"slab size mismatch: job has 36 Ag, reference has 64 Ag",complex: converged; slab: converged; molecule: converged,false,dft_jobs/CH4_Ag111/PBE_D3/OUTCAR,vasp_slab/Ag111/PBE_D3/OUTCAR,vasp_mol/CH4/PBE_D3/OUTCAR
pbe_d3,CH4_Au100,Au100,CH4,dft_jobs,-246.34542742,-125.13314995,-24.03763589,,slab_mismatch,"slab size mismatch: job has 64 Au, reference has 36 Au",complex: converged; slab: converged; molecule: converged,false,dft_jobs/CH4_Au100/PBE_D3/OUTCAR,vasp_slab/Au100/PBE_D3/OUTCAR,vasp_mol/CH4/PBE_D3/OUTCAR
pbe_d3,CH4_Au110,Au110,CH4,dft_jobs,-233.52525971,-79.18212693,-24.03763589,,slab_mismatch,"slab size mismatch: job has 64 Au, reference has 24 Au",complex: converged; slab: converged; molecule: converged,false,dft_jobs/CH4_Au110/PBE_D3/OUTCAR,vasp_slab/Au110/PBE_D3/OUTCAR,vasp_mol/CH4/PBE_D3/OUTCAR
pbe_d3,CH4_Au111,Au111,CH4,dft_jobs,-152.34104825,-227.75033058,-24.03763589,,slab_mismatch,"slab size mismatch: job has 36 Au, reference has 64 Au",complex: converged; slab: converged; molecule: converged,false,dft_jobs/CH4_Au111/PBE_D3/OUTCAR,vasp_slab/Au111/PBE_D3/OUTCAR,vasp_mol/CH4/PBE_D3/OUTCAR
pbe_d3,CH4_Cu100,Cu100,CH4,dft_jobs,-265.08787799,-240.84053253,-24.03763589,-0.20970956999999046,ok,,complex: converged; slab: converged; molecule: converged,true,dft_jobs/CH4_Cu100/PBE_D3/OUTCAR,vasp_slab/Cu100/PBE_D3/OUTCAR,vasp_mol/CH4/PBE_D3/OUTCAR
pbe_d3,CH4_Cu110,Cu110,CH4,dft_jobs,-109.82512979,-86.08497244,-24.03763589,0.2974785399999966,ok,,complex: converged; slab: converged; molecule: converged,true,dft_jobs/CH4_Cu110/PBE_D3/OUTCAR,vasp_slab/Cu110/PBE_D3/OUTCAR,vasp_mol/CH4/PBE_D3/OUTCAR
pbe_d3,CH4_Cu111,Cu111,CH4,dft_jobs,-270.88365328,-248.13958402,-24.03763589,1.2935666300000257,ok,,complex: converged; slab: converged; molecule: converged,true,dft_jobs/CH4_Cu111/PBE_D3/OUTCAR,vasp_slab/Cu111/PBE_D3/OUTCAR,vasp_mol/CH4/PBE_D3/OUTCAR
pbe_d3,CH4_Ir100,Ir100,CH4,dft_jobs,-335.83991841,-311.60244978,-24.03763589,-0.19983274000002282,ok,,complex: converged; slab: converged; molecule: converged,true,dft_jobs/CH4_Ir100/PBE_D3/OUTCAR,vasp_slab/Ir100/PBE_D3/OUTCAR,vasp_mol/CH4/PBE_D3/OUTCAR
pbe_d3,CH4_Ir110,Ir110,CH4,dft_jobs,-219.42228578,-195.1382215,-24.03763589,-0.24642839000002326,ok,,complex: converged; slab: converged; molecule: converged,true,dft_jobs/CH4_Ir110/PBE_D3/OUTCAR,vasp_slab/Ir110/PBE_D3/OUTCAR,vasp_mol/CH4/PBE_D3/OUTCAR
pbe_d3,CH4_Ir111,Ir111,CH4,dft_jobs,-595.0361289,-570.78304395,-24.03763589,-0.21544906000001518,ok,,complex: converged; slab: converged; molecule: converged,true,dft_jobs/CH4_Ir111/PBE_D3/OUTCAR,vasp_slab/Ir111/PBE_D3/OUTCAR,vasp_mol/CH4/PBE_D3/OUTCAR
pbe_d3,CH4_Pd100,Pd100,CH4,dft_jobs,-213.92059392,-189.46040681,-24.03763589,-0.4225512199999919,ok,,complex: converged; slab: converged; molecule: converged,true,dft_jobs/CH4_Pd100/PBE_D3/OUTCAR,vasp_slab/Pd100/PBE_D3/OUTCAR,vasp_mol/CH4/PBE_D3/OUTCAR
pbe_d3,CH4_Pd110,Pd110,CH4,dft_jobs,-142.91062298,-118.52313405,-24.03763589,-0.34985304000000284,ok,,complex: converged; slab: converged; molecule: converged,true,dft_jobs/CH4_Pd110/PBE_D3/OUTCAR,vasp_slab/Pd110/PBE_D3/OUTCAR,vasp_mol/CH4/PBE_D3/OUTCAR
pbe_d3,CH4_Pd111,Pd111,CH4,dft_jobs,-217.33327659,-342.57605593,-24.03763589,,slab_mismatch,"slab size mismatch: job has 36 Pd, reference has 64 Pd",complex: converged; slab: converged; molecule: converged,false,dft_jobs/CH4_Pd111/PBE_D3/OUTCAR,vasp_slab/Pd111/PBE_D3/OUTCAR,vasp_mol/CH4/PBE_D3/OUTCAR
pbe_d3,CH4_Pt100,Pt100,CH4,dft_jobs,-246.86898657,-222.03567525,-24.03763589,-0.7956754300000064,ok,,complex: converged; slab: converged; molecule: converged,true,dft_jobs/CH4_Pt100/PBE_D3/OUTCAR,vasp_slab/Pt100/PBE_D3/OUTCAR,vasp_mol/CH4/PBE_D3/OUTCAR
pbe_d3,CH4_Pt110,Pt110,CH4,dft_jobs,-163.2259514,-138.57314769,-24.03763589,-0.6151678199999999,ok,,complex: converged; slab: converged; molecule: converged,true,dft_jobs/CH4_Pt110/PBE_D3/OUTCAR,vasp_slab/Pt110/PBE_D3/OUTCAR,vasp_mol/CH4/PBE_D3/OUTCAR
pbe_d3,CH4_Pt111_top,Pt111,CH4,dft_jobs,,-406.07924489,-24.03763589,,error,slab+mol: OUTCAR not found: dft_jobs/CH4_Pt111_top/PBE_D3/OUTCAR,complex: missing; slab: converged; molecule: converged,false,dft_jobs/CH4_Pt111_top/PBE_D3/OUTCAR,vasp_slab/Pt111/PBE_D3/OUTCAR,vasp_mol/CH4/PBE_D3/OUTCAR
pbe_d3,CH4_Rh100,Rh100,CH4,dft_jobs,-280.68690635,-256.07544059,-24.03763589,-0.5738298699999866,ok,,complex: converged; slab: converged; molecule: converged,true,dft_jobs/CH4_Rh100/PBE_D3/OUTCAR,vasp_slab/Rh100/PBE_D3/OUTCAR,vasp_mol/CH4/PBE_D3/OUTCAR
pbe_d3,CH4_Rh110,Rh110,CH4,dft_jobs,-185.2342293,-160.48819907,-24.03763589,-0.7083943400000017,ok,,complex: converged; slab: converged; molecule: converged,true,dft_jobs/CH4_Rh110/PBE_D3/OUTCAR,vasp_slab/Rh110/PBE_D3/OUTCAR,vasp_mol/CH4/PBE_D3/OUTCAR
pbe_d3,CH4_Rh111,Rh111,CH4,dft_jobs,-490.24936877,-465.26142053,-24.03763589,-0.9503123499999795,ok,,complex: converged; slab: converged; molecule: converged,true,dft_jobs/CH4_Rh111/PBE_D3/OUTCAR,vasp_slab/Rh111/PBE_D3/OUTCAR,vasp_mol/CH4/PBE_D3/OUTCAR
pbe_d3,CO2_Ag100,Ag100,CO2,dft_jobs,-205.30233598,-102.4003605,10.96594248,,slab_mismatch,"slab size mismatch: job has 64 Ag, reference has 36 Ag",complex: converged; slab: converged; molecule: electronic_unconverged,false,dft_jobs/CO2_Ag100/PBE_D3/OUTCAR,vasp_slab/Ag100/PBE_D3/OUTCAR,vasp_mol/CO2/PBE_D3/OUTCAR
pbe_d3,CO2_Ag110,Ag110,CO2,dft_jobs,-87.68841642,-64.0841207,10.96594248,,bad_reference,non-physical total energy (>= 0): E_mol=10.96594248,complex: converged; slab: converged; molecule: electronic_unconverged,false,dft_jobs/CO2_Ag110/PBE_D3/OUTCAR,vasp_slab/Ag110/PBE_D3/OUTCAR,vasp_mol/CO2/PBE_D3/OUTCAR
pbe_d3,CO2_Ag111,Ag111,CO2,dft_jobs,-209.34935999,-184.95063009,10.96594248,,bad_reference,non-physical total energy (>= 0): E_mol=10.96594248,complex: converged; slab: converged; molecule: electronic_unconverged,false,dft_jobs/CO2_Ag111/PBE_D3/OUTCAR,vasp_slab/Ag111/PBE_D3/OUTCAR,vasp_mol/CO2/PBE_D3/OUTCAR
pbe_d3,CO2_Au100,Au100,CO2,dft_jobs,-245.31067191,-125.13314995,10.96594248,,slab_mismatch,"slab size mismatch: job has 64 Au, reference has 36 Au",complex: converged; slab: converged; molecule: electronic_unconverged,false,dft_jobs/CO2_Au100/PBE_D3/OUTCAR,vasp_slab/Au100/PBE_D3/OUTCAR,vasp_mol/CO2/PBE_D3/OUTCAR
pbe_d3,CO2_Au110,Au110,CO2,dft_jobs,-232.5385939,-79.18212693,10.96594248,,slab_mismatch,"slab size mismatch: job has 64 Au, reference has 24 Au",complex: converged; slab: converged; molecule: electronic_unconverged,false,dft_jobs/CO2_Au110/PBE_D3/OUTCAR,vasp_slab/Au110/PBE_D3/OUTCAR,vasp_mol/CO2/PBE_D3/OUTCAR
pbe_d3,CO2_Au111,Au111,CO2,dft_jobs,-250.93945205,-227.75033058,10.96594248,,bad_reference,non-physical total energy (>= 0): E_mol=10.96594248,complex: converged; slab: converged; molecule: electronic_unconverged,false,dft_jobs/CO2_Au111/PBE_D3/OUTCAR,vasp_slab/Au111/PBE_D3/OUTCAR,vasp_mol/CO2/PBE_D3/OUTCAR
pbe_d3,CO2_Cu100,Cu100,CO2,dft_jobs,-264.03006119,-240.84053253,10.96594248,,bad_reference,non-physical total energy (>= 0): E_mol=10.96594248,complex: converged; slab: converged; molecule: electronic_unconverged,false,dft_jobs/CO2_Cu100/PBE_D3/OUTCAR,vasp_slab/Cu100/PBE_D3/OUTCAR,vasp_mol/CO2/PBE_D3/OUTCAR
pbe_d3,CO2_Cu110,Cu110,CO2,dft_jobs,-108.8155975,-86.08497244,10.96594248,,bad_reference,non-physical total energy (>= 0): E_mol=10.96594248,complex: converged; slab: converged; molecule: electronic_unconverged,false,dft_jobs/CO2_Cu110/PBE_D3/OUTCAR,vasp_slab/Cu110/PBE_D3/OUTCAR,vasp_mol/CO2/PBE_D3/OUTCAR
pbe_d3,CO2_Cu111_top,Cu111,CO2,dft_jobs,,-248.13958402,10.96594248,,error,slab+mol: OUTCAR not found: dft_jobs/CO2_Cu111_top/PBE_D3/OUTCAR,complex: missing; slab: converged; molecule: electronic_unconverged,false,dft_jobs/CO2_Cu111_top/PBE_D3/OUTCAR,vasp_slab/Cu111/PBE_D3/OUTCAR,vasp_mol/CO2/PBE_D3/OUTCAR
pbe_d3,CO2_Ir100,Ir100,CO2,dft_jobs,-334.8172805,-311.60244978,10.96594248,,bad_reference,non-physical total energy (>= 0): E_mol=10.96594248,complex: converged; slab: converged; molecule: electronic_unconverged,false,dft_jobs/CO2_Ir100/PBE_D3/OUTCAR,vasp_slab/Ir100/PBE_D3/OUTCAR,vasp_mol/CO2/PBE_D3/OUTCAR
pbe_d3,CO2_Ir110,Ir110,CO2,dft_jobs,-218.39916706,-195.1382215,10.96594248,,bad_reference,non-physical total energy (>= 0): E_mol=10.96594248,complex: converged; slab: converged; molecule: electronic_unconverged,false,dft_jobs/CO2_Ir110/PBE_D3/OUTCAR,vasp_slab/Ir110/PBE_D3/OUTCAR,vasp_mol/CO2/PBE_D3/OUTCAR
pbe_d3,CO2_Ir111,Ir111,CO2,dft_jobs,-593.98544285,-570.78304395,10.96594248,,bad_reference,non-physical total energy (>= 0): E_mol=10.96594248,complex: converged; slab: converged; molecule: electronic_unconverged,false,dft_jobs/CO2_Ir111/PBE_D3/OUTCAR,vasp_slab/Ir111/PBE_D3/OUTCAR,vasp_mol/CO2/PBE_D3/OUTCAR
pbe_d3,CO2_Pd100,Pd100,CO2,dft_jobs,-360.14107614,-189.46040681,10.96594248,,slab_mismatch,"slab size mismatch: job has 64 Pd, reference has 36 Pd",complex: converged; slab: converged; molecule: electronic_unconverged,false,dft_jobs/CO2_Pd100/PBE_D3/OUTCAR,vasp_slab/Pd100/PBE_D3/OUTCAR,vasp_mol/CO2/PBE_D3/OUTCAR
pbe_d3,CO2_Pd110,Pd110,CO2,dft_jobs,-141.89071957,-118.52313405,10.96594248,,bad_reference,non-physical total energy (>= 0): E_mol=10.96594248,complex: converged; slab: converged; molecule: electronic_unconverged,false,dft_jobs/CO2_Pd110/PBE_D3/OUTCAR,vasp_slab/Pd110/PBE_D3/OUTCAR,vasp_mol/CO2/PBE_D3/OUTCAR
pbe_d3,CO2_Pd111,Pd111,CO2,dft_jobs,-366.1961103,-342.57605593,10.96594248,,bad_reference,non-physical total energy (>= 0): E_mol=10.96594248,complex: converged; slab: converged; molecule: electronic_unconverged,false,dft_jobs/CO2_Pd111/PBE_D3/OUTCAR,vasp_slab/Pd111/PBE_D3/OUTCAR,vasp_mol/CO2/PBE_D3/OUTCAR
pbe_d3,CO2_Pt100,Pt100,CO2,dft_jobs,-420.19225616,-222.03567525,10.96594248,,slab_mismatch,"slab size mismatch: job has 64 Pt, reference has 36 Pt",complex: converged; slab: converged; molecule: electronic_unconverged,false,dft_jobs/CO2_Pt100/PBE_D3/OUTCAR,vasp_slab/Pt100/PBE_D3/OUTCAR,vasp_mol/CO2/PBE_D3/OUTCAR
pbe_d3,CO2_Pt110,Pt110,CO2,dft_jobs,-162.18762649,-138.57314769,10.96594248,,bad_reference,non-physical total energy (>= 0): E_mol=10.96594248,complex: converged; slab: converged; molecule: electronic_unconverged,false,dft_jobs/CO2_Pt110/PBE_D3/OUTCAR,vasp_slab/Pt110/PBE_D3/OUTCAR,vasp_mol/CO2/PBE_D3/OUTCAR
pbe_d3,CO2_Pt111,Pt111,CO2,dft_jobs,-430.31789992,-406.07924489,10.96594248,,bad_reference,non-physical total energy (>= 0): E_mol=10.96594248,complex: converged; slab: converged; molecule: electronic_unconverged,false,dft_jobs/CO2_Pt111/PBE_D3/OUTCAR,vasp_slab/Pt111/PBE_D3/OUTCAR,vasp_mol/CO2/PBE_D3/OUTCAR
pbe_d3,CO2_Rh100,Rh100,CO2,dft_jobs,-279.63153622,-256.07544059,10.96594248,,bad_reference,non-physical total energy (>= 0): E_mol=10.96594248,complex: converged; slab: converged; molecule: electronic_unconverged,false,dft_jobs/CO2_Rh100/PBE_D3/OUTCAR,vasp_slab/Rh100/PBE_D3/OUTCAR,vasp_mol/CO2/PBE_D3/OUTCAR
pbe_d3,CO2_Rh110,Rh110,CO2,dft_jobs,-184.11817805,-160.48819907,10.96594248,,bad_reference,non-physical total energy (>= 0): E_mol=10.96594248,complex: converged; slab: converged; molecule: electronic_unconverged,false,dft_jobs/CO2_Rh110/PBE_D3/OUTCAR,vasp_slab/Rh110/PBE_D3/OUTCAR,vasp_mol/CO2/PBE_D3/OUTCAR
pbe_d3,CO2_Rh111,Rh111,CO2,dft_jobs,-489.2079041,-465.26142053,10.96594248,,bad_reference,non-physical total energy (>= 0): E_mol=10.96594248,complex: converged; slab: converged; molecule: electronic_unconverged,false,dft_jobs/CO2_Rh111/PBE_D3/OUTCAR,vasp_slab/Rh111/PBE_D3/OUTCAR,vasp_mol/CO2/PBE_D3/OUTCAR
pbe_d3,CO_Ag100,Ag100,CO,dft_jobs,-118.36428032,-102.4003605,-14.7803959,-1.1835239200000007,ok,,complex: converged; slab: converged; molecule: converged,true,dft_jobs/CO_Ag100/PBE_D3/OUTCAR,vasp_slab/Ag100/PBE_D3/OUTCAR,vasp_mol/CO/PBE_D3/OUTCAR
pbe_d3,CO_Ag110,Ag110,CO,dft_jobs,-79.8080172,-64.0841207,-14.7803959,-0.9435005999999948,ok,,complex: converged; slab: converged; molecule: converged,true,dft_jobs/CO_Ag110/PBE_D3/OUTCAR,vasp_slab/Ag110/PBE_D3/OUTCAR,vasp_mol/CO/PBE_D3/OUTCAR
pbe_d3,CO_Ag111,Ag111,CO,dft_jobs,-120.12734826,-184.95063009,-14.7803959,,slab_mismatch,"slab size mismatch: job has 36 Ag, reference has 64 Ag",complex: converged; slab: converged; molecule: converged,false,dft_jobs/CO_Ag111/PBE_D3/OUTCAR,vasp_slab/Ag111/PBE_D3/OUTCAR,vasp_mol/CO/PBE_D3/OUTCAR
pbe_d3,CO_Au100,Au100,CO,dft_jobs,-237.8233927,-125.13314995,-14.7803959,,slab_mismatch,"slab size mismatch: job has 64 Au, reference has 36 Au",complex: converged; slab: converged; molecule: converged,false,dft_jobs/CO_Au100/PBE_D3/OUTCAR,vasp_slab/Au100/PBE_D3/OUTCAR,vasp_mol/CO/PBE_D3/OUTCAR
pbe_d3,CO_Au110,Au110,CO,dft_jobs,-225.09607254,-79.18212693,-14.7803959,,slab_mismatch,"slab size mismatch: job has 64 Au, reference has 24 Au",complex: converged; slab: converged; molecule: converged,false,dft_jobs/CO_Au110/PBE_D3/OUTCAR,vasp_slab/Au110/PBE_D3/OUTCAR,vasp_mol/CO/PBE_D3/OUTCAR
pbe_d3,CO_Au111,Au111,CO,dft_jobs,-143.17515121,-227.75033058,-14.7803959,,slab_mismatch,"slab size mismatch: job has 36 Au, reference has 64 Au",complex: converged; slab: converged; molecule: converged,false,dft_jobs/CO_Au111/PBE_D3/OUTCAR,vasp_slab/Au111/PBE_D3/OUTCAR,vasp_mol/CO/PBE_D3/OUTCAR
pbe_d3,CO_Cu100,Cu100,CO,dft_jobs,-256.64842377,-240.84053253,-14.7803959,-1.0274953400000317,ok,,complex: converged; slab: converged; molecule: converged,true,dft_jobs/CO_Cu100/PBE_D3/OUTCAR,vasp_slab/Cu100/PBE_D3/OUTCAR,vasp_mol/CO/PBE_D3/OUTCAR
pbe_d3,CO_Cu110,Cu110,CO,dft_jobs,-101.57571883,-86.08497244,-14.7803959,-0.710350489999998,ok,,complex: converged; slab: converged; molecule: converged,true,dft_jobs/CO_Cu110/PBE_D3/OUTCAR,vasp_slab/Cu110/PBE_D3/OUTCAR,vasp_mol/CO/PBE_D3/OUTCAR
pbe_d3,CO_Cu111_atop,Cu111,CO,dft_jobs,,-248.13958402,-14.7803959,,error,slab+mol: OUTCAR not found: dft_jobs/CO_Cu111_atop/PBE_D3/OUTCAR,complex: missing; slab: converged; molecule: converged,false,dft_jobs/CO_Cu111_atop/PBE_D3/OUTCAR,vasp_slab/Cu111/PBE_D3/OUTCAR,vasp_mol/CO/PBE_D3/OUTCAR
pbe_d3,CO_Ir100,Ir100,CO,dft_jobs,-328.8710193,-311.60244978,-14.7803959,-2.488173620000028,ok,,complex: converged; slab: converged; molecule: converged,true,dft_jobs/CO_Ir100/PBE_D3/OUTCAR,vasp_slab/Ir100/PBE_D3/OUTCAR,vasp_mol/CO/PBE_D3/OUTCAR
pbe_d3,CO_Ir110,Ir110,CO,dft_jobs,-212.45081968,-195.1382215,-14.7803959,-2.532202280000009,ok,,complex: converged; slab: converged; molecule: converged,true,dft_jobs/CO_Ir110/PBE_D3/OUTCAR,vasp_slab/Ir110/PBE_D3/OUTCAR,vasp_mol/CO/PBE_D3/OUTCAR
pbe_d3,CO_Ir111,Ir111,CO,dft_jobs,-587.42220024,-570.78304395,-14.7803959,-1.8587603900000733,ok,,complex: converged; slab: converged; molecule: converged,true,dft_jobs/CO_Ir111/PBE_D3/OUTCAR,vasp_slab/Ir111/PBE_D3/OUTCAR,vasp_mol/CO/PBE_D3/OUTCAR
pbe_d3,CO_Pd100,Pd100,CO,dft_jobs,-206.57367182,-189.46040681,-14.7803959,-2.332869109999992,ok,,complex: converged; slab: converged; molecule: converged,true,dft_jobs/CO_Pd100/PBE_D3/OUTCAR,vasp_slab/Pd100/PBE_D3/OUTCAR,vasp_mol/CO/PBE_D3/OUTCAR
pbe_d3,CO_Pd110,Pd110,CO,dft_jobs,-135.67503716,-118.52313405,-14.7803959,-2.371507209999992,ok,,complex: converged; slab: converged; molecule: converged,true,dft_jobs/CO_Pd110/PBE_D3/OUTCAR,vasp_slab/Pd110/PBE_D3/OUTCAR,vasp_mol/CO/PBE_D3/OUTCAR
pbe_d3,CO_Pd111_fcc,Pd111,CO,dft_jobs,,-342.57605593,-14.7803959,,error,slab+mol: OUTCAR not found: dft_jobs/CO_Pd111_fcc/PBE_D3/OUTCAR,complex: missing; slab: converged; molecule: converged,false,dft_jobs/CO_Pd111_fcc/PBE_D3/OUTCAR,vasp_slab/Pd111/PBE_D3/OUTCAR,vasp_mol/CO/PBE_D3/OUTCAR
pbe_d3,CO_Pt100,Pt100,CO,dft_jobs,-239.66098457,-222.03567525,-14.7803959,-2.8449134200000135,ok,,complex: converged; slab: converged; molecule: converged,true,dft_jobs/CO_Pt100/PBE_D3/OUTCAR,vasp_slab/Pt100/PBE_D3/OUTCAR,vasp_mol/CO/PBE_D3/OUTCAR
pbe_d3,CO_Pt110,Pt110,CO,dft_jobs,-156.26010775,-138.57314769,-14.7803959,-2.9065641599999896,ok,,complex: converged; slab: converged; molecule: converged,true,dft_jobs/CO_Pt110/PBE_D3/OUTCAR,vasp_slab/Pt110/PBE_D3/OUTCAR,vasp_mol/CO/PBE_D3/OUTCAR
pbe_d3,CO_Pt111_atop,Pt111,CO,dft_jobs,,-406.07924489,-14.7803959,,error,slab+mol: OUTCAR not found: dft_jobs/CO_Pt111_atop/PBE_D3/OUTCAR,complex: missing; slab: converged; molecule: converged,false,dft_jobs/CO_Pt111_atop/PBE_D3/OUTCAR,vasp_slab/Pt111/PBE_D3/OUTCAR,vasp_mol/CO/PBE_D3/OUTCAR
pbe_d3,CO_Rh100,Rh100,CO,dft_jobs,-273.54226057,-256.07544059,-14.7803959,-2.686424079999968,ok,,complex: converged; slab: converged; molecule: converged,true,dft_jobs/CO_Rh100/PBE_D3/OUTCAR,vasp_slab/Rh100/PBE_D3/OUTCAR,vasp_mol/CO/PBE_D3/OUTCAR
pbe_d3,CO_Rh110,Rh110,CO,dft_jobs,-177.84894334,-160.48819907,-14.7803959,-2.5803483699999976,ok,,complex: converged; slab: converged; molecule: converged,true,dft_jobs/CO_Rh110/PBE_D3/OUTCAR,vasp_slab/Rh110/PBE_D3/OUTCAR,vasp_mol/CO/PBE_D3/OUTCAR
pbe_d3,CO_Rh111,Rh111,CO,dft_jobs,-483.02166619,-465.26142053,-14.7803959,-2.9798497600000093,ok,,complex: converged; slab: converged; molecule: converged,true,dft_jobs/CO_Rh111/PBE_D3/OUTCAR,vasp_slab/Rh111/PBE_D3/OUTCAR,vasp_mol/CO/PBE_D3/OUTCAR
pbe_d3,DME_Pt111_top,Pt111,DME,dft_jobs,,-406.07924489,-9.14021893,,error,slab+mol: OUTCAR not found: dft_jobs/DME_Pt111_top/PBE_D3/OUTCAR,complex: missing; slab: converged; molecule: unfinished,false,dft_jobs/DME_Pt111_top/PBE_D3/OUTCAR,vasp_slab/Pt111/PBE_D3/OUTCAR,vasp_mol/DME/PBE_D3/OUTCAR
pbe_d3,H2CO_Ag100,Ag100,H2CO,dft_jobs,-125.46767737,-102.4003605,-22.13551159,-0.931805279999999,ok,,complex: converged; slab: converged; molecule: converged,true,dft_jobs/H2CO_Ag100/PBE_D3/OUTCAR,vasp_slab/Ag100/PBE_D3/OUTCAR,vasp_mol/H2CO/PBE_D3/OUTCAR
pbe_d3,H2CO_Ag110,Ag110,H2CO,dft_jobs,-86.97896416,-64.0841207,-22.13551159,-0.759331870000004,ok,,complex: converged; slab: converged; molecule: converged,true,dft_jobs/H2CO_Ag110/PBE_D3/OUTCAR,vasp_slab/Ag110/PBE_D3/OUTCAR,vasp_mol/H2CO/PBE_D3/OUTCAR
pbe_d3,H2CO_Ag111,Ag111,H2CO,dft_jobs,-127.55068607,-184.95063009,-22.13551159,,slab_mismatch,"slab size mismatch: job has 36 Ag, reference has 64 Ag",complex: converged; slab: converged; molecule: converged,false,dft_jobs/H2CO_Ag111/PBE_D3/OUTCAR,vasp_slab/Ag111/PBE_D3/OUTCAR,vasp_mol/H2CO/PBE_D3/OUTCAR
pbe_d3,H2CO_Au100,Au100,H2CO,dft_jobs,-244.60627118,-125.13314995,-22.13551159,,slab_mismatch,"slab size mismatch: job has 64 Au, reference has 36 Au",complex: converged; slab: converged; molecule: converged,false,dft_jobs/H2CO_Au100/PBE_D3/OUTCAR,vasp_slab/Au100/PBE_D3/OUTCAR,vasp_mol/H2CO/PBE_D3/OUTCAR
pbe_d3,H2CO_Au110,Au110,H2CO,dft_jobs,-231.87164101,-79.18212693,-22.13551159,,slab_mismatch,"slab size mismatch: job has 64 Au, reference has 24 Au",complex: converged; slab: converged; molecule: converged,false,dft_jobs/H2CO_Au110/PBE_D3/OUTCAR,vasp_slab/Au110/PBE_D3/OUTCAR,vasp_mol/H2CO/PBE_D3/OUTCAR
pbe_d3,H2CO_Au111,Au111,H2CO,dft_jobs,-150.58092903,-227.75033058,-22.13551159,,slab_mismatch,"slab size mismatch: job has 36 Au, reference has 64 Au",complex: converged; slab: converged; molecule: converged,false,dft_jobs/H2CO_Au111/PBE_D3/OUTCAR,vasp_slab/Au111/PBE_D3/OUTCAR,vasp_mol/H2CO/PBE_D3/OUTCAR
pbe_d3,H2CO_Cu100,Cu100,H2CO,dft_jobs,-263.40989687,-240.84053253,-22.13551159,-0.4338527500000211,ok,,complex: converged; slab: converged; molecule: converged,true,dft_jobs/H2CO_Cu100/PBE_D3/OUTCAR,vasp_slab/Cu100/PBE_D3/OUTCAR,vasp_mol/H2CO/PBE_D3/OUTCAR
pbe_d3,H2CO_Cu110,Cu110,H2CO,dft_jobs,-108.2943747,-86.08497244,-22.13551159,-0.07389067000000438,ok,,complex: converged; slab: converged; molecule: converged,true,dft_jobs/H2CO_Cu110/PBE_D3/OUTCAR,vasp_slab/Cu110/PBE_D3/OUTCAR,vasp_mol/H2CO/PBE_D3/OUTCAR
pbe_d3,H2CO_Cu111,Cu111,H2CO,dft_jobs,-269.11109398,-248.13958402,-22.13551159,1.16400162999998,ok,,complex: converged; slab: converged; molecule: converged,true,dft_jobs/H2CO_Cu111/PBE_D3/OUTCAR,vasp_slab/Cu111/PBE_D3/OUTCAR,vasp_mol/H2CO/PBE_D3/OUTCAR
pbe_d3,H2CO_Ir100,Ir100,H2CO,dft_jobs,-335.39448143,-311.60244978,-22.13551159,-1.6565200600000125,ok,,complex: converged; slab: converged; molecule: converged,true,dft_jobs/H2CO_Ir100/PBE_D3/OUTCAR,vasp_slab/Ir100/PBE_D3/OUTCAR,vasp_mol/H2CO/PBE_D3/OUTCAR
pbe_d3,H2CO_Ir110,Ir110,H2CO,dft_jobs,-219.42946018,-195.1382215,-22.13551159,-2.1557270900000205,ok,,complex: converged; slab: converged; molecule: converged,true,dft_jobs/H2CO_Ir110/PBE_D3/OUTCAR,vasp_slab/Ir110/PBE_D3/OUTCAR,vasp_mol/H2CO/PBE_D3/OUTCAR
pbe_d3,H2CO_Ir111,Ir111,H2CO,dft_jobs,-593.51305233,-570.78304395,-22.13551159,-0.5944967900000719,ok,,complex: converged; slab: converged; molecule: converged,true,dft_jobs/H2CO_Ir111/PBE_D3/OUTCAR,vasp_slab/Ir111/PBE_D3/OUTCAR,vasp_mol/H2CO/PBE_D3/OUTCAR
pbe_d3,H2CO_Pd100,Pd100,H2CO,dft_jobs,-212.70612984,-189.46040681,-22.13551159,-1.1102114399999934,ok,,complex: converged; slab: converged; molecule: converged,true,dft_jobs/H2CO_Pd100/PBE_D3/OUTCAR,vasp_slab/Pd100/PBE_D3/OUTCAR,vasp_mol/H2CO/PBE_D3/OUTCAR
pbe_d3,H2CO_Pd110,Pd110,H2CO,dft_jobs,-141.89995636,-118.52313405,-22.13551159,-1.2413107200000084,ok,,complex: converged; slab: converged; molecule: converged,true,dft_jobs/H2CO_Pd110/PBE_D3/OUTCAR,vasp_slab/Pd110/PBE_D3/OUTCAR,vasp_mol/H2CO/PBE_D3/OUTCAR
pbe_d3,H2CO_Pd111,Pd111,H2CO,dft_jobs,-215.65049016,-342.57605593,-22.13551159,,slab_mismatch,"slab size mismatch: job has 36 Pd, reference has 64 Pd",complex: converged; slab: converged; molecule: converged,false,dft_jobs/H2CO_Pd111/PBE_D3/OUTCAR,vasp_slab/Pd111/PBE_D3/OUTCAR,vasp_mol/H2CO/PBE_D3/OUTCAR
pbe_d3,H2CO_Pt100,Pt100,H2CO,dft_jobs,-245.76271194,-222.03567525,-22.13551159,-1.5915251000000055,ok,,complex: converged; slab: converged; molecule: converged,true,dft_jobs/H2CO_Pt100/PBE_D3/OUTCAR,vasp_slab/Pt100/PBE_D3/OUTCAR,vasp_mol/H2CO/PBE_D3/OUTCAR
pbe_d3,H2CO_Pt110,Pt110,H2CO,dft_jobs,-162.59198423,-138.57314769,-22.13551159,-1.8833249499999951,ok,,complex: converged; slab: converged; molecule: converged,true,dft_jobs/H2CO_Pt110/PBE_D3/OUTCAR,vasp_slab/Pt110/PBE_D3/OUTCAR,vasp_mol/H2CO/PBE_D3/OUTCAR
pbe_d3,H2CO_Pt111_top,Pt111,H2CO,dft_jobs,,-406.07924489,-22.13551159,,error,slab+mol: OUTCAR not found: dft_jobs/H2CO_Pt111_top/PBE_D3/OUTCAR,complex: missing; slab: converged; molecule: converged,false,dft_jobs/H2CO_Pt111_top/PBE_D3/OUTCAR,vasp_slab/Pt111/PBE_D3/OUTCAR,vasp_mol/H2CO/PBE_D3/OUTCAR
pbe_d3,H2CO_Rh100,Rh100,H2CO,dft_jobs,-279.93728557,-256.07544059,-22.13551159,-1.7263333899999438,ok,,complex: converged; slab: converged; molecule: converged,true,dft_jobs/H2CO_Rh100/PBE_D3/OUTCAR,vasp_slab/Rh100/PBE_D3/OUTCAR,vasp_mol/H2CO/PBE_D3/OUTCAR
pbe_d3,H2CO_Rh110,Rh110,H2CO,dft_jobs,-184.9128011,-160.48819907,-22.13551159,-2.2890904399999883,ok,,complex: converged; slab: converged; molecule: converged,true,dft_jobs/H2CO_Rh110/PBE_D3/OUTCAR,vasp_slab/Rh110/PBE_D3/OUTCAR,vasp_mol/H2CO/PBE_D3/OUTCAR
pbe_d3,H2CO_Rh111,Rh111,H2CO,dft_jobs,-489.11618611,-465.26142053,-22.13551159,-1.7192539899999915,ok,,complex: converged; slab: converged; molecule: converged,true,dft_jobs/H2CO_Rh111/PBE_D3/OUTCAR,vasp_slab/Rh111/PBE_D3/OUTCAR,vasp_mol/H2CO/PBE_D3/OUTCAR
pbe_d3,H2O_Ag100,Ag100,H2O,dft_jobs,-117.61818094,-102.4003605,-14.21788778,-0.9999326599999971,ok,,complex: converged; slab: converged; molecule: converged,true,dft_jobs/H2O_Ag100/PBE_D3/OUTCAR,vasp_slab/Ag100/PBE_D3/OUTCAR,vasp_mol/H2O/PBE_D3/OUTCAR
pbe_d3,H2O_Ag110,Ag110,H2O,dft_jobs,-79.13361464,-64.0841207,-14.21788778,-0.8316061600000051,ok,,complex: converged; slab: converged; molecule: converged,true,dft_jobs/H2O_Ag110/PBE_D3/OUTCAR,vasp_slab/Ag110/PBE_D3/OUTCAR,vasp_mol/H2O/PBE_D3/OUTCAR
pbe_d3,H2O_Ag111,Ag111,H2O,dft_jobs,-119.74418584,-184.95063009,-14.21788778,,slab_mismatch,"slab size mismatch: job has 36 Ag, reference has 64 Ag",complex: converged; slab: converged; molecule: converged,false,dft_jobs/H2O_Ag111/PBE_D3/OUTCAR,vasp_slab/Ag111/PBE_D3/OUTCAR,vasp_mol/H2O/PBE_D3/OUTCAR
pbe_d3,H2O_Au100,Au100,H2O,dft_jobs,-236.62744843,-125.13314995,-14.21788778,,slab_mismatch,"slab size mismatch: job has 64 Au, reference has 36 Au",complex: converged; slab: converged; molecule: converged,false,dft_jobs/H2O_Au100/PBE_D3/OUTCAR,vasp_slab/Au100/PBE_D3/OUTCAR,vasp_mol/H2O/PBE_D3/OUTCAR
pbe_d3,H2O_Au110,Au110,H2O,dft_jobs,-223.95439068,-79.18212693,-14.21788778,,slab_mismatch,"slab size mismatch: job has 64 Au, reference has 24 Au",complex: converged; slab: converged; molecule: converged,false,dft_jobs/H2O_Au110/PBE_D3/OUTCAR,vasp_slab/Au110/PBE_D3/OUTCAR,vasp_mol/H2O/PBE_D3/OUTCAR
pbe_d3,H2O_Au111,Au111,H2O,dft_jobs,-142.62520781,-227.75033058,-14.21788778,,slab_mismatch,"slab size mismatch: job has 36 Au, reference has 64 Au",complex: converged; slab: converged; molecule: converged,false,dft_jobs/H2O_Au111/PBE_D3/OUTCAR,vasp_slab/Au111/PBE_D3/OUTCAR,vasp_mol/H2O/PBE_D3/OUTCAR
pbe_d3,H2O_Cu100,Cu100,H2O,dft_jobs,-255.53460107,-240.84053253,-14.21788778,-0.47618076000001786,ok,,complex: converged; slab: converged; molecule: converged,true,dft_jobs/H2O_Cu100/PBE_D3/OUTCAR,vasp_slab/Cu100/PBE_D3/OUTCAR,vasp_mol/H2O/PBE_D3/OUTCAR
pbe_d3,H2O_Cu110,Cu110,H2O,dft_jobs,-100.40512357,-86.08497244,-14.21788778,-0.10226334999999942,ok,,complex: converged; slab: converged; molecule: converged,true,dft_jobs/H2O_Cu110/PBE_D3/OUTCAR,vasp_slab/Cu110/PBE_D3/OUTCAR,vasp_mol/H2O/PBE_D3/OUTCAR
pbe_d3,H2O_Cu111,Cu111,H2O,dft_jobs,-261.19588701,-248.13958402,-14.21788778,1.1615847900000222,ok,,complex: converged; slab: converged; molecule: converged,true,dft_jobs/H2O_Cu111/PBE_D3/OUTCAR,vasp_slab/Cu111/PBE_D3/OUTCAR,vasp_mol/H2O/PBE_D3/OUTCAR
pbe_d3,H2O_Ir100,Ir100,H2O,dft_jobs,-326.52621927,-311.60244978,-14.21788778,-0.7058817100000407,ok,,complex: converged; slab: converged; molecule: converged,true,dft_jobs/H2O_Ir100/PBE_D3/OUTCAR,vasp_slab/Ir100/PBE_D3/OUTCAR,vasp_mol/H2O/PBE_D3/OUTCAR
pbe_d3,H2O_Ir110,Ir110,H2O,dft_jobs,-210.21538735,-195.1382215,-14.21788778,-0.8592780700000002,ok,,complex: converged; slab: converged; molecule: converged,true,dft_jobs/H2O_Ir110/PBE_D3/OUTCAR,vasp_slab/Ir110/PBE_D3/OUTCAR,vasp_mol/H2O/PBE_D3/OUTCAR
pbe_d3,H2O_Ir111,Ir111,H2O,dft_jobs,-585.55662745,-570.78304395,-14.21788778,-0.5556957199999726,ok,,complex: converged; slab: converged; molecule: converged,true,dft_jobs/H2O_Ir111/PBE_D3/OUTCAR,vasp_slab/Ir111/PBE_D3/OUTCAR,vasp_mol/H2O/PBE_D3/OUTCAR
pbe_d3,H2O_Pd100,Pd100,H2O,dft_jobs,-204.34247367,-189.46040681,-14.21788778,-0.6641790800000091,ok,,complex: converged; slab: converged; molecule: converged,true,dft_jobs/H2O_Pd100/PBE_D3/OUTCAR,vasp_slab/Pd100/PBE_D3/OUTCAR,vasp_mol/H2O/PBE_D3/OUTCAR
pbe_d3,H2O_Pd110,Pd110,H2O,dft_jobs,-133.45121839,-118.52313405,-14.21788778,-0.7101965600000124,ok,,complex: converged; slab: converged; molecule: converged,true,dft_jobs/H2O_Pd110/PBE_D3/OUTCAR,vasp_slab/Pd110/PBE_D3/OUTCAR,vasp_mol/H2O/PBE_D3/OUTCAR
pbe_d3,H2O_Pd111,Pd111,H2O,dft_jobs,-207.73009799,-342.57605593,-14.21788778,,slab_mismatch,"slab size mismatch: job has 36 Pd, reference has 64 Pd",complex: converged; slab: converged; molecule: converged,false,dft_jobs/H2O_Pd111/PBE_D3/OUTCAR,vasp_slab/Pd111/PBE_D3/OUTCAR,vasp_mol/H2O/PBE_D3/OUTCAR
pbe_d3,H2O_Pt100,Pt100,H2O,dft_jobs,-237.28446783,-222.03567525,-14.21788778,-1.0309048000000143,ok,,complex: converged; slab: converged; molecule: converged,true,dft_jobs/H2O_Pt100/PBE_D3/OUTCAR,vasp_slab/Pt100/PBE_D3/OUTCAR,vasp_mol/H2O/PBE_D3/OUTCAR
pbe_d3,H2O_Pt110,Pt110,H2O,dft_jobs,-153.83172093,-138.57314769,-14.21788778,-1.0406854599999757,ok,,complex: converged; slab: converged; molecule: converged,true,dft_jobs/H2O_Pt110/PBE_D3/OUTCAR,vasp_slab/Pt110/PBE_D3/OUTCAR,vasp_mol/H2O/PBE_D3/OUTCAR
pbe_d3,H2O_Pt111_top,Pt111,H2O,dft_jobs,,-406.07924489,-14.21788778,,error,slab+mol: OUTCAR not found: dft_jobs/H2O_Pt111_top/PBE_D3/OUTCAR,complex: missing; slab: converged; molecule: converged,false,dft_jobs/H2O_Pt111_top/PBE_D3/OUTCAR,vasp_slab/Pt111/PBE_D3/OUTCAR,vasp_mol/H2O/PBE_D3/OUTCAR
pbe_d3,H2O_Rh100,Rh100,H2O,dft_jobs,-271.26078389,-256.07544059,-14.21788778,-0.9674555199999997,ok,,complex: converged; slab: converged; molecule: converged,true,dft_jobs/H2O_Rh100/PBE_D3/OUTCAR,vasp_slab/Rh100/PBE_D3/OUTCAR,vasp_mol/H2O/PBE_D3/OUTCAR
pbe_d3,H2O_Rh110,Rh110,H2O,dft_jobs,-175.80361938,-160.48819907,-14.21788778,-1.0975325299999792,ok,,complex: converged; slab: converged; molecule: converged,true,dft_jobs/H2O_Rh110/PBE_D3/OUTCAR,vasp_slab/Rh110/PBE_D3/OUTCAR,vasp_mol/H2O/PBE_D3/OUTCAR
pbe_d3,H2O_Rh111,Rh111,H2O,dft_jobs,-480.76992589,-465.26142053,-14.21788778,-1.2906175800000153,ok,,complex: converged; slab: converged; molecule: converged,true,dft_jobs/H2O_Rh111/PBE_D3/OUTCAR,vasp_slab/Rh111/PBE_D3/OUTCAR,vasp_mol/H2O/PBE_D3/OUTCAR
pbe_d3,H2S_Ag100,Ag100,H2S,dft_jobs,-114.77306456,-102.4003605,-11.19976651,-1.1729375499999897,ok,,complex: converged; slab: converged; molecule: converged,true,dft_jobs/H2S_Ag100/PBE_D3/OUTCAR,vasp_slab/Ag100/PBE_D3/OUTCAR,vasp_mol/H2S/PBE_D3/OUTCAR
pbe_d3,H2S_Ag110,Ag110,H2S,dft_jobs,-76.24679915,-64.0841207,-11.19976651,-0.9629119400000015,ok,,complex: converged; slab: converged; molecule: converged,true,dft_jobs/H2S_Ag110/PBE_D3/OUTCAR,vasp_slab/Ag110/PBE_D3/OUTCAR,vasp_mol/H2S/PBE_D3/OUTCAR
pbe_d3,H2S_Ag111,Ag111,H2S,dft_jobs,-116.85519335,-184.95063009,-11.19976651,,slab_mismatch,"slab size mismatch: job has 36 Ag, reference has 64 Ag",complex: converged; slab: converged; molecule: converged,false,dft_jobs/H2S_Ag111/PBE_D3/OUTCAR,vasp_slab/Ag111/PBE_D3/OUTCAR,vasp_mol/H2S/PBE_D3/OUTCAR
pbe_d3,H2S_Au100,Au100,H2S,dft_jobs,-234.00087098,-125.13314995,-11.19976651,,slab_mismatch,"slab size mismatch: job has 64 Au, reference has 36 Au",complex: converged; slab: converged; molecule: converged,false,dft_jobs/H2S_Au100/PBE_D3/OUTCAR,vasp_slab/Au100/PBE_D3/OUTCAR,vasp_mol/H2S/PBE_D3/OUTCAR
pbe_d3,H2S_Au110,Au110,H2S,dft_jobs,-221.34295351,-79.18212693,-11.19976651,,slab_mismatch,"slab size mismatch: job has 64 Au, reference has 24 Au",complex: converged; slab: converged; molecule: converged,false,dft_jobs/H2S_Au110/PBE_D3/OUTCAR,vasp_slab/Au110/PBE_D3/OUTCAR,vasp_mol/H2S/PBE_D3/OUTCAR
pbe_d3,H2S_Au111,Au111,H2S,dft_jobs,-139.84628523,-227.75033058,-11.19976651,,slab_mismatch,"slab size mismatch: job has 36 Au, reference has 64 Au",complex: converged; slab: converged; molecule: converged,false,dft_jobs/H2S_Au111/PBE_D3/OUTCAR,vasp_slab/Au111/PBE_D3/OUTCAR,vasp_mol/H2S/PBE_D3/OUTCAR
pbe_d3,H2S_Cu100,Cu100,H2S,dft_jobs,-252.75926743,-240.84053253,-11.19976651,-0.7189683900000041,ok,,complex: converged; slab: converged; molecule: converged,true,dft_jobs/H2S_Cu100/PBE_D3/OUTCAR,vasp_slab/Cu100/PBE_D3/OUTCAR,vasp_mol/H2S/PBE_D3/OUTCAR
pbe_d3,H2S_Cu110,Cu110,H2S,dft_jobs,-97.64526647,-86.08497244,-11.19976651,-0.36052751999999444,ok,,complex: converged; slab: converged; molecule: converged,true,dft_jobs/H2S_Cu110/PBE_D3/OUTCAR,vasp_slab/Cu110/PBE_D3/OUTCAR,vasp_mol/H2S/PBE_D3/OUTCAR
pbe_d3,H2S_Cu111,Cu111,H2S,dft_jobs,-258.50872436,-248.13958402,-11.19976651,0.830626170000027,ok,,complex: converged; slab: converged; molecule: converged,true,dft_jobs/H2S_Cu111/PBE_D3/OUTCAR,vasp_slab/Cu111/PBE_D3/OUTCAR,vasp_mol/H2S/PBE_D3/OUTCAR
pbe_d3,H2S_Ir100,Ir100,H2S,dft_jobs,-325.8877586,-311.60244978,-11.19976651,-3.0855423100000117,ok,,complex: converged; slab: converged; molecule: converged,true,dft_jobs/H2S_Ir100/PBE_D3/OUTCAR,vasp_slab/Ir100/PBE_D3/OUTCAR,vasp_mol/H2S/PBE_D3/OUTCAR
pbe_d3,H2S_Ir110,Ir110,H2S,dft_jobs,-209.49929189,-195.1382215,-11.19976651,-3.161303880000009,ok,,complex: converged; slab: converged; molecule: converged,true,dft_jobs/H2S_Ir110/PBE_D3/OUTCAR,vasp_slab/Ir110/PBE_D3/OUTCAR,vasp_mol/H2S/PBE_D3/OUTCAR
pbe_d3,H2S_Ir111,Ir111,H2S,dft_jobs,-583.15509084,-570.78304395,-11.19976651,-1.1722803799999788,ok,,complex: converged; slab: converged; molecule: converged,true,dft_jobs/H2S_Ir111/PBE_D3/OUTCAR,vasp_slab/Ir111/PBE_D3/OUTCAR,vasp_mol/H2S/PBE_D3/OUTCAR
pbe_d3,H2S_Pd100,Pd100,H2S,dft_jobs,-202.02910614,-189.46040681,-11.19976651,-1.3689328200000155,ok,,complex: converged; slab: converged; molecule: converged,true,dft_jobs/H2S_Pd100/PBE_D3/OUTCAR,vasp_slab/Pd100/PBE_D3/OUTCAR,vasp_mol/H2S/PBE_D3/OUTCAR
pbe_d3,H2S_Pd110,Pd110,H2S,dft_jobs,-131.21883724,-118.52313405,-11.19976651,-1.4959366800000033,ok,,complex: converged; slab: converged; molecule: converged,true,dft_jobs/H2S_Pd110/PBE_D3/OUTCAR,vasp_slab/Pd110/PBE_D3/OUTCAR,vasp_mol/H2S/PBE_D3/OUTCAR
pbe_d3,H2S_Pd111,Pd111,H2S,dft_jobs,-205.29003969,-342.57605593,-11.19976651,,slab_mismatch,"slab size mismatch: job has 36 Pd, reference has 64 Pd",complex: converged; slab: converged; molecule: converged,false,dft_jobs/H2S_Pd111/PBE_D3/OUTCAR,vasp_slab/Pd111/PBE_D3/OUTCAR,vasp_mol/H2S/PBE_D3/OUTCAR
pbe_d3,H2S_Pt100,Pt100,H2S,dft_jobs,-235.10067088,-222.03567525,-11.19976651,-1.8652291199999986,ok,,complex: converged; slab: converged; molecule: converged,true,dft_jobs/H2S_Pt100/PBE_D3/OUTCAR,vasp_slab/Pt100/PBE_D3/OUTCAR,vasp_mol/H2S/PBE_D3/OUTCAR
pbe_d3,H2S_Pt110,Pt110,H2S,dft_jobs,-152.86592034,-138.57314769,-11.19976651,-3.0930061399999893,ok,,complex: converged; slab: converged; molecule: converged,true,dft_jobs/H2S_Pt110/PBE_D3/OUTCAR,vasp_slab/Pt110/PBE_D3/OUTCAR,vasp_mol/H2S/PBE_D3/OUTCAR
pbe_d3,H2S_Pt111_top,Pt111,H2S,dft_jobs,,-406.07924489,-11.19976651,,error,slab+mol: OUTCAR not found: dft_jobs/H2S_Pt111_top/PBE_D3/OUTCAR,complex: missing; slab: converged; molecule: converged,false,dft_jobs/H2S_Pt111_top/PBE_D3/OUTCAR,vasp_slab/Pt111/PBE_D3/OUTCAR,vasp_mol/H2S/PBE_D3/OUTCAR
pbe_d3,H2S_Rh100,Rh100,H2S,dft_jobs,-271.80039697,-256.07544059,-11.19976651,-4.525189869999981,ok,,complex: converged; slab: converged; molecule: converged,true,dft_jobs/H2S_Rh100/PBE_D3/OUTCAR,vasp_slab/Rh100/PBE_D3/OUTCAR,vasp_mol/H2S/PBE_D3/OUTCAR
pbe_d3,H2S_Rh110,Rh110,H2S,dft_jobs,-174.37126477,-160.48819907,-11.19976651,-2.683299190000003,ok,,complex: converged; slab: converged; molecule: converged,true,dft_jobs/H2S_Rh110/PBE_D3/OUTCAR,vasp_slab/Rh110/PBE_D3/OUTCAR,vasp_mol/H2S/PBE_D3/OUTCAR
pbe_d3,H2S_Rh111,Rh111,H2S,dft_jobs,-478.36222428,-465.26142053,-11.19976651,-1.9010372400000115,ok,,complex: converged; slab: converged; molecule: converged,true,dft_jobs/H2S_Rh111/PBE_D3/OUTCAR,vasp_slab/Rh111/PBE_D3/OUTCAR,vasp_mol/H2S/PBE_D3/OUTCAR
pbe_d3,HCN_Ag100,Ag100,HCN,dft_jobs,,-102.4003605,,,error,slab+mol: OUTCAR not found: dft_jobs/HCN_Ag100/PBE_D3/OUTCAR; mol: OUTCAR not found: vasp_mol/HCN/PBE_D3/OUTCAR,complex: missing; slab: converged; molecule: missing,false,dft_jobs/HCN_Ag100/PBE_D3/OUTCAR,vasp_slab/Ag100/PBE_D3/OUTCAR,vasp_mol/HCN/PBE_D3/OUTCAR
pbe_d3,HCN_Ag110,Ag110,HCN,dft_jobs,,-64.0841207,,,error,slab+mol: OUTCAR not found: dft_jobs/HCN_Ag110/PBE_D3/OUTCAR; mol: OUTCAR not found: vasp_mol/HCN/PBE_D3/OUTCAR,complex: missing; slab: converged; molecule: missing,false,dft_jobs/HCN_Ag110/PBE_D3/OUTCAR,vasp_slab/Ag110/PBE_D3/OUTCAR,vasp_mol/HCN/PBE_D3/OUTCAR
pbe_d3,HCN_Ag111,Ag111,HCN,dft_jobs,,-184.95063009,,,error,slab+mol: OUTCAR not found: dft_jobs/HCN_Ag111/PBE_D3/OUTCAR; mol: OUTCAR not found: vasp_mol/HCN/PBE_D3/OUTCAR,complex: missing; slab: converged; molecule: missing,false,dft_jobs/HCN_Ag111/PBE_D3/OUTCAR,vasp_slab/Ag111/PBE_D3/OUTCAR,vasp_mol/HCN/PBE_D3/OUTCAR
pbe_d3,HCN_Au100,Au100,HCN,dft_jobs,,-125.13314995,,,error,slab+mol: OUTCAR not found: dft_jobs/HCN_Au100/PBE_D3/OUTCAR; mol: OUTCAR not found: vasp_mol/HCN/PBE_D3/OUTCAR,complex: missing; slab: converged; molecule: missing,false,dft_jobs/HCN_Au100/PBE_D3/OUTCAR,vasp_slab/Au100/PBE_D3/OUTCAR,vasp_mol/HCN/PBE_D3/OUTCAR
pbe_d3,HCN_Au110,Au110,HCN,dft_jobs,,-79.18212693,,,error,slab+mol: OUTCAR not found: dft_jobs/HCN_Au110/PBE_D3/OUTCAR; mol: OUTCAR not found: vasp_mol/HCN/PBE_D3/OUTCAR,complex: missing; slab: converged; molecule: missing,false,dft_jobs/HCN_Au110/PBE_D3/OUTCAR,vasp_slab/Au110/PBE_D3/OUTCAR,vasp_mol/HCN/PBE_D3/OUTCAR
pbe_d3,HCN_Au111,Au111,HCN,dft_jobs,,-227.75033058,,,error,slab+mol: OUTCAR not found: dft_jobs/HCN_Au111/PBE_D3/OUTCAR; mol: OUTCAR not found: vasp_mol/HCN/PBE_D3/OUTCAR,complex: missing; slab: converged; molecule: missing,false,dft_jobs/HCN_Au111/PBE_D3/OUTCAR,vasp_slab/Au111/PBE_D3/OUTCAR,vasp_mol/HCN/PBE_D3/OUTCAR
pbe_d3,HCN_Ir100,Ir100,HCN,dft_jobs,,-311.60244978,,,error,slab+mol: OUTCAR not found: dft_jobs/HCN_Ir100/PBE_D3/OUTCAR; mol: OUTCAR not found: vasp_mol/HCN/PBE_D3/OUTCAR,complex: missing; slab: converged; molecule: missing,false,dft_jobs/HCN_Ir100/PBE_D3/OUTCAR,vasp_slab/Ir100/PBE_D3/OUTCAR,vasp_mol/HCN/PBE_D3/OUTCAR
pbe_d3,HCN_Ir110,Ir110,HCN,dft_jobs,,-195.1382215,,,error,slab+mol: OUTCAR not found: dft_jobs/HCN_Ir110/PBE_D3/OUTCAR; mol: OUTCAR not found: vasp_mol/HCN/PBE_D3/OUTCAR,complex: missing; slab: converged; molecule: missing,false,dft_jobs/HCN_Ir110/PBE_D3/OUTCAR,vasp_slab/Ir110/PBE_D3/OUTCAR,vasp_mol/HCN/PBE_D3/OUTCAR
pbe_d3,HCN_Ir111,Ir111,HCN,dft_jobs,,-570.78304395,,,error,slab+mol: OUTCAR not found: dft_jobs/HCN_Ir111/PBE_D3/OUTCAR; mol: OUTCAR not found: vasp_mol/HCN/PBE_D3/OUTCAR,complex: missing; slab: converged; molecule: missing,false,dft_jobs/HCN_Ir111/PBE_D3/OUTCAR,vasp_slab/Ir111/PBE_D3/OUTCAR,vasp_mol/HCN/PBE_D3/OUTCAR
pbe_d3,HCN_Pt111_top,Pt111,HCN,dft_jobs,,-406.07924489,,,error,slab+mol: OUTCAR not found: dft_jobs/HCN_Pt111_top/PBE_D3/OUTCAR; mol: OUTCAR not found: vasp_mol/HCN/PBE_D3/OUTCAR,complex: missing; slab: converged; molecule: missing,false,dft_jobs/HCN_Pt111_top/PBE_D3/OUTCAR,vasp_slab/Pt111/PBE_D3/OUTCAR,vasp_mol/HCN/PBE_D3/OUTCAR
pbe_d3,HCN_Rh100,Rh100,HCN,dft_jobs,,-256.07544059,,,error,slab+mol: OUTCAR not found: dft_jobs/HCN_Rh100/PBE_D3/OUTCAR; mol: OUTCAR not found: vasp_mol/HCN/PBE_D3/OUTCAR,complex: missing; slab: converged; molecule: missing,false,dft_jobs/HCN_Rh100/PBE_D3/OUTCAR,vasp_slab/Rh100/PBE_D3/OUTCAR,vasp_mol/HCN/PBE_D3/OUTCAR
pbe_d3,HCN_Rh110,Rh110,HCN,dft_jobs,,-160.48819907,,,error,slab+mol: OUTCAR not found: dft_jobs/HCN_Rh110/PBE_D3/OUTCAR; mol: OUTCAR not found: vasp_mol/HCN/PBE_D3/OUTCAR,complex: missing; slab: converged; molecule: missing,false,dft_jobs/HCN_Rh110/PBE_D3/OUTCAR,vasp_slab/Rh110/PBE_D3/OUTCAR,vasp_mol/HCN/PBE_D3/OUTCAR
pbe_d3,HCN_Rh111,Rh111,HCN,dft_jobs,,-465.26142053,,,error,slab+mol: OUTCAR not found: dft_jobs/HCN_Rh111/PBE_D3/OUTCAR; mol: OUTCAR not found: vasp_mol/HCN/PBE_D3/OUTCAR,complex: missing; slab: converged; molecule: missing,false,dft_jobs/HCN_Rh111/PBE_D3/OUTCAR,vasp_slab/Rh111/PBE_D3/OUTCAR,vasp_mol/HCN/PBE_D3/OUTCAR
pbe_d3,HCOOH_Ag100,Ag100,HCOOH,dft_jobs,-133.43918092,-102.4003605,-29.89359538,-1.1452250400000068,ok,,complex: converged; slab: converged; molecule: converged,true,dft_jobs/HCOOH_Ag100/PBE_D3/OUTCAR,vasp_slab/Ag100/PBE_D3/OUTCAR,vasp_mol/HCOOH/PBE_D3/OUTCAR
pbe_d3,HCOOH_Ag110,Ag110,HCOOH,dft_jobs,-94.90939287,-64.0841207,-29.89359538,-0.9316767900000045,ok,,complex: converged; slab: converged; molecule: converged,true,dft_jobs/HCOOH_Ag110/PBE_D3/OUTCAR,vasp_slab/Ag110/PBE_D3/OUTCAR,vasp_mol/HCOOH/PBE_D3/OUTCAR
pbe_d3,HCOOH_Ag111,Ag111,HCOOH,dft_jobs,-135.54581687,-184.95063009,-29.89359538,,slab_mismatch,"slab size mismatch: job has 36 Ag, reference has 64 Ag",complex: converged; slab: converged; molecule: converged,false,dft_jobs/HCOOH_Ag111/PBE_D3/OUTCAR,vasp_slab/Ag111/PBE_D3/OUTCAR,vasp_mol/HCOOH/PBE_D3/OUTCAR
pbe_d3,HCOOH_Au100,Au100,HCOOH,dft_jobs,-252.4955198,-125.13314995,-29.89359538,,slab_mismatch,"slab size mismatch: job has 64 Au, reference has 36 Au",complex: converged; slab: converged; molecule: converged,false,dft_jobs/HCOOH_Au100/PBE_D3/OUTCAR,vasp_slab/Au100/PBE_D3/OUTCAR,vasp_mol/HCOOH/PBE_D3/OUTCAR
pbe_d3,HCOOH_Au110,Au110,HCOOH,dft_jobs,-239.74340221,-79.18212693,-29.89359538,,slab_mismatch,"slab size mismatch: job has 64 Au, reference has 24 Au",complex: converged; slab: converged; molecule: converged,false,dft_jobs/HCOOH_Au110/PBE_D3/OUTCAR,vasp_slab/Au110/PBE_D3/OUTCAR,vasp_mol/HCOOH/PBE_D3/OUTCAR
pbe_d3,HCOOH_Au111,Au111,HCOOH,dft_jobs,-158.45560696,-227.75033058,-29.89359538,,slab_mismatch,"slab size mismatch: job has 36 Au, reference has 64 Au",complex: converged; slab: converged; molecule: converged,false,dft_jobs/HCOOH_Au111/PBE_D3/OUTCAR,vasp_slab/Au111/PBE_D3/OUTCAR,vasp_mol/HCOOH/PBE_D3/OUTCAR
pbe_d3,HCOOH_Cu100,Cu100,HCOOH,dft_jobs,-271.35694086,-240.84053253,-29.89359538,-0.6228129500000179,ok,,complex: converged; slab: converged; molecule: converged,true,dft_jobs/HCOOH_Cu100/PBE_D3/OUTCAR,vasp_slab/Cu100/PBE_D3/OUTCAR,vasp_mol/HCOOH/PBE_D3/OUTCAR
pbe_d3,HCOOH_Cu110,Cu110,HCOOH,dft_jobs,-116.28411838,-86.08497244,-29.89359538,-0.30555055999999325,ok,,complex: converged; slab: converged; molecule: converged,true,dft_jobs/HCOOH_Cu110/PBE_D3/OUTCAR,vasp_slab/Cu110/PBE_D3/OUTCAR,vasp_mol/HCOOH/PBE_D3/OUTCAR
pbe_d3,HCOOH_Cu111_top,Cu111,HCOOH,dft_jobs,,-248.13958402,-29.89359538,,error,slab+mol: OUTCAR not found: dft_jobs/HCOOH_Cu111_top/PBE_D3/OUTCAR,complex: missing; slab: converged; molecule: converged,false,dft_jobs/HCOOH_Cu111_top/PBE_D3/OUTCAR,vasp_slab/Cu111/PBE_D3/OUTCAR,vasp_mol/HCOOH/PBE_D3/OUTCAR
pbe_d3,HCOOH_Ir100,Ir100,HCOOH,dft_jobs,-342.52841898,-311.60244978,-29.89359538,-1.0323738200000534,ok,,complex: converged; slab: converged; molecule: converged,true,dft_jobs/HCOOH_Ir100/PBE_D3/OUTCAR,vasp_slab/Ir100/PBE_D3/OUTCAR,vasp_mol/HCOOH/PBE_D3/OUTCAR
pbe_d3,HCOOH_Ir110,Ir110,HCOOH,dft_jobs,-226.29797976,-195.1382215,-29.89359538,-1.2661628800000173,ok,,complex: converged; slab: converged; molecule: converged,true,dft_jobs/HCOOH_Ir110/PBE_D3/OUTCAR,vasp_slab/Ir110/PBE_D3/OUTCAR,vasp_mol/HCOOH/PBE_D3/OUTCAR
pbe_d3,HCOOH_Ir111,Ir111,HCOOH,dft_jobs,-601.42758148,-570.78304395,-29.89359538,-0.7509421499999789,ok,,complex: converged; slab: converged; molecule: converged,true,dft_jobs/HCOOH_Ir111/PBE_D3/OUTCAR,vasp_slab/Ir111/PBE_D3/OUTCAR,vasp_mol/HCOOH/PBE_D3/OUTCAR
pbe_d3,HCOOH_Pd100,Pd100,HCOOH,dft_jobs,-220.32052464,-189.46040681,-29.89359538,-0.9665224500000065,ok,,complex: converged; slab: converged; molecule: converged,true,dft_jobs/HCOOH_Pd100/PBE_D3/OUTCAR,vasp_slab/Pd100/PBE_D3/OUTCAR,vasp_mol/HCOOH/PBE_D3/OUTCAR
pbe_d3,HCOOH_Pd110,Pd110,HCOOH,dft_jobs,-149.39443521,-118.52313405,-29.89359538,-0.9777057800000151,ok,,complex: converged; slab: converged; molecule: converged,true,dft_jobs/HCOOH_Pd110/PBE_D3/OUTCAR,vasp_slab/Pd110/PBE_D3/OUTCAR,vasp_mol/HCOOH/PBE_D3/OUTCAR
pbe_d3,HCOOH_Pd111,Pd111,HCOOH,dft_jobs,-223.66147754,-342.57605593,-29.89359538,,slab_mismatch,"slab size mismatch: job has 36 Pd, reference has 64 Pd",complex: converged; slab: converged; molecule: converged,false,dft_jobs/HCOOH_Pd111/PBE_D3/OUTCAR,vasp_slab/Pd111/PBE_D3/OUTCAR,vasp_mol/HCOOH/PBE_D3/OUTCAR
pbe_d3,HCOOH_Pt100,Pt100,HCOOH,dft_jobs,-253.27659942,-222.03567525,-29.89359538,-1.3473287899999988,ok,,complex: converged; slab: converged; molecule: converged,true,dft_jobs/HCOOH_Pt100/PBE_D3/OUTCAR,vasp_slab/Pt100/PBE_D3/OUTCAR,vasp_mol/HCOOH/PBE_D3/OUTCAR
pbe_d3,HCOOH_Pt110,Pt110,HCOOH,dft_jobs,-169.82972507,-138.57314769,-29.89359538,-1.362981999999981,ok,,complex: converged; slab: converged; molecule: converged,true,dft_jobs/HCOOH_Pt110/PBE_D3/OUTCAR,vasp_slab/Pt110/PBE_D3/OUTCAR,vasp_mol/HCOOH/PBE_D3/OUTCAR
pbe_d3,HCOOH_Pt111,Pt111,HCOOH,dft_jobs,-259.19538627,-406.07924489,-29.89359538,,slab_mismatch,"slab size mismatch: job has 36 Pt, reference has 64 Pt",complex: converged; slab: converged; molecule: converged,false,dft_jobs/HCOOH_Pt111/PBE_D3/OUTCAR,vasp_slab/Pt111/PBE_D3/OUTCAR,vasp_mol/HCOOH/PBE_D3/OUTCAR
pbe_d3,HCOOH_Rh100,Rh100,HCOOH,dft_jobs,-287.23966399,-256.07544059,-29.89359538,-1.2706280199999682,ok,,complex: converged; slab: converged; molecule: converged,true,dft_jobs/HCOOH_Rh100/PBE_D3/OUTCAR,vasp_slab/Rh100/PBE_D3/OUTCAR,vasp_mol/HCOOH/PBE_D3/OUTCAR
pbe_d3,HCOOH_Rh110,Rh110,HCOOH,dft_jobs,-191.84399098,-160.48819907,-29.89359538,-1.4621965299999928,ok,,complex: converged; slab: converged; molecule: converged,true,dft_jobs/HCOOH_Rh110/PBE_D3/OUTCAR,vasp_slab/Rh110/PBE_D3/OUTCAR,vasp_mol/HCOOH/PBE_D3/OUTCAR
pbe_d3,HCOOH_Rh111,Rh111,HCOOH,dft_jobs,-496.67048373,-465.26142053,-29.89359538,-1.5154678199999907,ok,,complex: converged; slab: converged; molecule: converged,true,dft_jobs/HCOOH_Rh111/PBE_D3/OUTCAR,vasp_slab/Rh111/PBE_D3/OUTCAR,vasp_mol/HCOOH/PBE_D3/OUTCAR
pbe_d3,H_Ag100,Ag100,H,dft_jobs,,-102.4003605,,,error,slab+mol: OUTCAR not found: dft_jobs/H_Ag100/PBE_D3/OUTCAR; mol: OUTCAR not found: vasp_mol/H/PBE_D3/OUTCAR,complex: missing; slab: converged; molecule: missing,false,dft_jobs/H_Ag100/PBE_D3/OUTCAR,vasp_slab/Ag100/PBE_D3/OUTCAR,vasp_mol/H/PBE_D3/OUTCAR
pbe_d3,H_Ag110,Ag110,H,dft_jobs,,-64.0841207,,,error,slab+mol: OUTCAR not found: dft_jobs/H_Ag110/PBE_D3/OUTCAR; mol: OUTCAR not found: vasp_mol/H/PBE_D3/OUTCAR,complex: missing; slab: converged; molecule: missing,false,dft_jobs/H_Ag110/PBE_D3/OUTCAR,vasp_slab/Ag110/PBE_D3/OUTCAR,vasp_mol/H/PBE_D3/OUTCAR
pbe_d3,H_Ag111,Ag111,H,dft_jobs,,-184.95063009,,,error,slab+mol: OUTCAR not found: dft_jobs/H_Ag111/PBE_D3/OUTCAR; mol: OUTCAR not found: vasp_mol/H/PBE_D3/OUTCAR,complex: missing; slab: converged; molecule: missing,false,dft_jobs/H_Ag111/PBE_D3/OUTCAR,vasp_slab/Ag111/PBE_D3/OUTCAR,vasp_mol/H/PBE_D3/OUTCAR
pbe_d3,H_Au100,Au100,H,dft_jobs,,-125.13314995,,,error,slab+mol: OUTCAR not found: dft_jobs/H_Au100/PBE_D3/OUTCAR; mol: OUTCAR not found: vasp_mol/H/PBE_D3/OUTCAR,complex: missing; slab: converged; molecule: missing,false,dft_jobs/H_Au100/PBE_D3/OUTCAR,vasp_slab/Au100/PBE_D3/OUTCAR,vasp_mol/H/PBE_D3/OUTCAR
pbe_d3,H_Au110,Au110,H,dft_jobs,,-79.18212693,,,error,slab+mol: OUTCAR not found: dft_jobs/H_Au110/PBE_D3/OUTCAR; mol: OUTCAR not found: vasp_mol/H/PBE_D3/OUTCAR,complex: missing; slab: converged; molecule: missing,false,dft_jobs/H_Au110/PBE_D3/OUTCAR,vasp_slab/Au110/PBE_D3/OUTCAR,vasp_mol/H/PBE_D3/OUTCAR
pbe_d3,H_Au111,Au111,H,dft_jobs,,-227.75033058,,,error,slab+mol: OUTCAR not found: dft_jobs/H_Au111/PBE_D3/OUTCAR; mol: OUTCAR not found: vasp_mol/H/PBE_D3/OUTCAR,complex: missing; slab: converged; molecule: missing,false,dft_jobs/H_Au111/PBE_D3/OUTCAR,vasp_slab/Au111/PBE_D3/OUTCAR,vasp_mol/H/PBE_D3/OUTCAR
pbe_d3,H_Ir100,Ir100,H,dft_jobs,,-311.60244978,,,error,slab+mol: OUTCAR not found: dft_jobs/H_Ir100/PBE_D3/OUTCAR; mol: OUTCAR not found: vasp_mol/H/PBE_D3/OUTCAR,complex: missing; slab: converged; molecule: missing,false,dft_jobs/H_Ir100/PBE_D3/OUTCAR,vasp_slab/Ir100/PBE_D3/OUTCAR,vasp_mol/H/PBE_D3/OUTCAR
pbe_d3,H_Ir110,Ir110,H,dft_jobs,,-195.1382215,,,error,slab+mol: OUTCAR not found: dft_jobs/H_Ir110/PBE_D3/OUTCAR; mol: OUTCAR not found: vasp_mol/H/PBE_D3/OUTCAR,complex: missing; slab: converged; molecule: missing,false,dft_jobs/H_Ir110/PBE_D3/OUTCAR,vasp_slab/Ir110/PBE_D3/OUTCAR,vasp_mol/H/PBE_D3/OUTCAR
pbe_d3,H_Ir111,Ir111,H,dft_jobs,,-570.78304395,,,error,slab+mol: OUTCAR not found: dft_jobs/H_Ir111/PBE_D3/OUTCAR; mol: OUTCAR not found: vasp_mol/H/PBE_D3/OUTCAR,complex: missing; slab: converged; molecule: missing,false,dft_jobs/H_Ir111/PBE_D3/OUTCAR,vasp_slab/Ir111/PBE_D3/OUTCAR,vasp_mol/H/PBE_D3/OUTCAR
pbe_d3,H_Pt111_fcc,Pt111,H,dft_jobs,,-406.07924489,,,error,slab+mol: OUTCAR not found: dft_jobs/H_Pt111_fcc/PBE_D3/OUTCAR; mol: OUTCAR not found: vasp_mol/H/PBE_D3/OUTCAR,complex: missing; slab: converged; molecule: missing,false,dft_jobs/H_Pt111_fcc/PBE_D3/OUTCAR,vasp_slab/Pt111/PBE_D3/OUTCAR,vasp_mol/H/PBE_D3/OUTCAR
pbe_d3,H_Rh100,Rh100,H,dft_jobs,,-256.07544059,,,error,slab+mol: OUTCAR not found: dft_jobs/H_Rh100/PBE_D3/OUTCAR; mol: OUTCAR not found: vasp_mol/H/PBE_D3/OUTCAR,complex: missing; slab: converged; molecule: missing,false,dft_jobs/H_Rh100/PBE_D3/OUTCAR,vasp_slab/Rh100/PBE_D3/OUTCAR,vasp_mol/H/PBE_D3/OUTCAR
pbe_d3,H_Rh110,Rh110,H,dft_jobs,,-160.48819907,,,error,slab+mol: OUTCAR not found: dft_jobs/H_Rh110/PBE_D3/OUTCAR; mol: OUTCAR not found: vasp_mol/H/PBE_D3/OUTCAR,complex: missing; slab: converged; molecule: missing,false,dft_jobs/H_Rh110/PBE_D3/OUTCAR,vasp_slab/Rh110/PBE_D3/OUTCAR,vasp_mol/H/PBE_D3/OUTCAR
pbe_d3,H_Rh111,Rh111,H,dft_jobs,,-465.26142053,,,error,slab+mol: OUTCAR not found: dft_jobs/H_Rh111/PBE_D3/OUTCAR; mol: OUTCAR not found: vasp_mol/H/PBE_D3/OUTCAR,complex: missing; slab: converged; molecule: missing,false,dft_jobs/H_Rh111/PBE_D3/OUTCAR,vasp_slab/Rh111/PBE_D3/OUTCAR,vasp_mol/H/PBE_D3/OUTCAR
pbe_d3,N2_Ag100,Ag100,N2,dft_jobs,-119.74048553,-102.4003605,-16.6280335,-0.712091529999995,ok,,complex: unfinished; slab: converged; molecule: converged,false,dft_jobs/N2_Ag100/PBE_D3/OUTCAR,vasp_slab/Ag100/PBE_D3/OUTCAR,vasp_mol/N2/PBE_D3/OUTCAR
pbe_d3,N2_Ag110,Ag110,N2,dft_jobs,-81.1670674,-64.0841207,-16.6280335,-0.4549131999999929,ok,,complex: converged; slab: converged; molecule: converged,true,dft_jobs/N2_Ag110/PBE_D3/OUTCAR,vasp_slab/Ag110/PBE_D3/OUTCAR,vasp_mol/N2/PBE_D3/OUTCAR
pbe_d3,N2_Ag111,Ag111,N2,dft_jobs,-121.92564748,-184.95063009,-16.6280335,,slab_mismatch,"slab size mismatch: job has 36 Ag, reference has 64 Ag",complex: converged; slab: converged; molecule: converged,false,dft_jobs/N2_Ag111/PBE_D3/OUTCAR,vasp_slab/Ag111/PBE_D3/OUTCAR,vasp_mol/N2/PBE_D3/OUTCAR
pbe_d3,N2_Au100,Au100,N2,dft_jobs,-238.8351616,-125.13314995,-16.6280335,,slab_mismatch,"slab size mismatch: job has 64 Au, reference has 36 Au",complex: converged; slab: converged; molecule: converged,false,dft_jobs/N2_Au100/PBE_D3/OUTCAR,vasp_slab/Au100/PBE_D3/OUTCAR,vasp_mol/N2/PBE_D3/OUTCAR
pbe_d3,N2_Au110,Au110,N2,dft_jobs,-226.03340008,-79.18212693,-16.6280335,,slab_mismatch,"slab size mismatch: job has 64 Au, reference has 24 Au",complex: converged; slab: converged; molecule: converged,false,dft_jobs/N2_Au110/PBE_D3/OUTCAR,vasp_slab/Au110/PBE_D3/OUTCAR,vasp_mol/N2/PBE_D3/OUTCAR
pbe_d3,N2_Au111,Au111,N2,dft_jobs,-144.83308339,-227.75033058,-16.6280335,,slab_mismatch,"slab size mismatch: job has 36 Au, reference has 64 Au",complex: converged; slab: converged; molecule: converged,false,dft_jobs/N2_Au111/PBE_D3/OUTCAR,vasp_slab/Au111/PBE_D3/OUTCAR,vasp_mol/N2/PBE_D3/OUTCAR
pbe_d3,N2_Cu100,Cu100,N2,dft_jobs,-257.56799732,-240.84053253,-16.6280335,-0.0994312900000267,ok,,complex: converged; slab: converged; molecule: converged,true,dft_jobs/N2_Cu100/PBE_D3/OUTCAR,vasp_slab/Cu100/PBE_D3/OUTCAR,vasp_mol/N2/PBE_D3/OUTCAR
pbe_d3,N2_Cu110,Cu110,N2,dft_jobs,-102.59630252,-86.08497244,-16.6280335,0.11670342000000744,ok,,complex: converged; slab: converged; molecule: converged,true,dft_jobs/N2_Cu110/PBE_D3/OUTCAR,vasp_slab/Cu110/PBE_D3/OUTCAR,vasp_mol/N2/PBE_D3/OUTCAR
pbe_d3,N2_Cu111,Cu111,N2,dft_jobs,-263.28600449,-248.13958402,-16.6280335,1.4816130300000196,ok,,complex: converged; slab: converged; molecule: converged,true,dft_jobs/N2_Cu111/PBE_D3/OUTCAR,vasp_slab/Cu111/PBE_D3/OUTCAR,vasp_mol/N2/PBE_D3/OUTCAR
pbe_d3,N2_Ir100,Ir100,N2,dft_jobs,-329.28752319,-311.60244978,-16.6280335,-1.0570399100000287,ok,,complex: converged; slab: converged; molecule: converged,true,dft_jobs/N2_Ir100/PBE_D3/OUTCAR,vasp_slab/Ir100/PBE_D3/OUTCAR,vasp_mol/N2/PBE_D3/OUTCAR
pbe_d3,N2_Ir110,Ir110,N2,dft_jobs,-213.1059134,-195.1382215,-16.6280335,-1.3396584000000047,ok,,complex: converged; slab: converged; molecule: converged,true,dft_jobs/N2_Ir110/PBE_D3/OUTCAR,vasp_slab/Ir110/PBE_D3/OUTCAR,vasp_mol/N2/PBE_D3/OUTCAR
pbe_d3,N2_Ir111,Ir111,N2,dft_jobs,-588.08568428,-570.78304395,-16.6280335,-0.6746068300000303,ok,,complex: converged; slab: converged; molecule: converged,true,dft_jobs/N2_Ir111/PBE_D3/OUTCAR,vasp_slab/Ir111/PBE_D3/OUTCAR,vasp_mol/N2/PBE_D3/OUTCAR
pbe_d3,N2_Pd100,Pd100,N2,dft_jobs,-206.84615625,-189.46040681,-16.6280335,-0.7577159400000113,ok,,complex: converged; slab: converged; molecule: converged,true,dft_jobs/N2_Pd100/PBE_D3/OUTCAR,vasp_slab/Pd100/PBE_D3/OUTCAR,vasp_mol/N2/PBE_D3/OUTCAR
pbe_d3,N2_Pd110,Pd110,N2,dft_jobs,-135.92572399,-118.52313405,-16.6280335,-0.7745564399999978,ok,,complex: converged; slab: converged; molecule: converged,true,dft_jobs/N2_Pd110/PBE_D3/OUTCAR,vasp_slab/Pd110/PBE_D3/OUTCAR,vasp_mol/N2/PBE_D3/OUTCAR
pbe_d3,N2_Pd111,Pd111,N2,dft_jobs,-210.12318987,-342.57605593,-16.6280335,,slab_mismatch,"slab size mismatch: job has 36 Pd, reference has 64 Pd",complex: converged; slab: converged; molecule: converged,false,dft_jobs/N2_Pd111/PBE_D3/OUTCAR,vasp_slab/Pd111/PBE_D3/OUTCAR,vasp_mol/N2/PBE_D3/OUTCAR
pbe_d3,N2_Pt100,Pt100,N2,dft_jobs,-239.76696078,-222.03567525,-16.6280335,-1.1032520300000073,ok,,complex: converged; slab: converged; molecule: converged,true,dft_jobs/N2_Pt100/PBE_D3/OUTCAR,vasp_slab/Pt100/PBE_D3/OUTCAR,vasp_mol/N2/PBE_D3/OUTCAR
pbe_d3,N2_Pt110,Pt110,N2,dft_jobs,-156.38856939,-138.57314769,-16.6280335,-1.1873881999999725,ok,,complex: converged; slab: converged; molecule: converged,true,dft_jobs/N2_Pt110/PBE_D3/OUTCAR,vasp_slab/Pt110/PBE_D3/OUTCAR,vasp_mol/N2/PBE_D3/OUTCAR
pbe_d3,N2_Pt111_top,Pt111,N2,dft_jobs,,-406.07924489,-16.6280335,,error,slab+mol: OUTCAR not found: dft_jobs/N2_Pt111_top/PBE_D3/OUTCAR,complex: missing; slab: converged; molecule: converged,false,dft_jobs/N2_Pt111_top/PBE_D3/OUTCAR,vasp_slab/Pt111/PBE_D3/OUTCAR,vasp_mol/N2/PBE_D3/OUTCAR
pbe_d3,N2_Rh100,Rh100,N2,dft_jobs,-273.98052895,-256.07544059,-16.6280335,-1.2770548599999785,ok,,complex: converged; slab: converged; molecule: converged,true,dft_jobs/N2_Rh100/PBE_D3/OUTCAR,vasp_slab/Rh100/PBE_D3/OUTCAR,vasp_mol/N2/PBE_D3/OUTCAR
pbe_d3,N2_Rh110,Rh110,N2,dft_jobs,-178.57348024,-160.48819907,-16.6280335,-1.457247670000001,ok,,complex: converged; slab: converged; molecule: converged,true,dft_jobs/N2_Rh110/PBE_D3/OUTCAR,vasp_slab/Rh110/PBE_D3/OUTCAR,vasp_mol/N2/PBE_D3/OUTCAR
pbe_d3,N2_Rh111,Rh111,N2,dft_jobs,-483.40135798,-465.26142053,-16.6280335,-1.51190394999999,ok,,complex: converged; slab: converged; molecule: converged,true,dft_jobs/N2_Rh111/PBE_D3/OUTCAR,vasp_slab/Rh111/PBE_D3/OUTCAR,vasp_mol/N2/PBE_D3/OUTCAR
pbe_d3,NH3_Ag100,Ag100,NH3,dft_jobs,-123.21065033,-102.4003605,-19.53570315,-1.2745866800000023,ok,,complex: converged; slab: converged; molecule: converged,true,dft_jobs/NH3_Ag100/PBE_D3/OUTCAR,vasp_slab/Ag100/PBE_D3/OUTCAR,vasp_mol/NH3/PBE_D3/OUTCAR
pbe_d3,NH3_Ag110,Ag110,NH3,dft_jobs,-84.63521871,-64.0841207,-19.53570315,-1.0153948600000042,ok,,complex: converged; slab: converged; molecule: converged,true,dft_jobs/NH3_Ag110/PBE_D3/OUTCAR,vasp_slab/Ag110/PBE_D3/OUTCAR,vasp_mol/NH3/PBE_D3/OUTCAR
pbe_d3,NH3_Ag111,Ag111,NH3,dft_jobs,-125.28128503,-184.95063009,-19.53570315,,slab_mismatch,"slab size mismatch: job has 36 Ag, reference has 64 Ag",complex: converged; slab: converged; molecule: converged,false,dft_jobs/NH3_Ag111/PBE_D3/OUTCAR,vasp_slab/Ag111/PBE_D3/OUTCAR,vasp_mol/NH3/PBE_D3/OUTCAR
pbe_d3,NH3_Au100,Au100,NH3,dft_jobs,-242.38466703,-125.13314995,-19.53570315,,slab_mismatch,"slab size mismatch: job has 64 Au, reference has 36 Au",complex: converged; slab: converged; molecule: converged,false,dft_jobs/NH3_Au100/PBE_D3/OUTCAR,vasp_slab/Au100/PBE_D3/OUTCAR,vasp_mol/NH3/PBE_D3/OUTCAR
pbe_d3,NH3_Au110,Au110,NH3,dft_jobs,-229.68069577,-79.18212693,-19.53570315,,slab_mismatch,"slab size mismatch: job has 64 Au, reference has 24 Au",complex: converged; slab: converged; molecule: converged,false,dft_jobs/NH3_Au110/PBE_D3/OUTCAR,vasp_slab/Au110/PBE_D3/OUTCAR,vasp_mol/NH3/PBE_D3/OUTCAR
pbe_d3,NH3_Au111,Au111,NH3,dft_jobs,-147.94782272,-227.75033058,-19.53570315,,slab_mismatch,"slab size mismatch: job has 36 Au, reference has 64 Au",complex: converged; slab: converged; molecule: converged,false,dft_jobs/NH3_Au111/PBE_D3/OUTCAR,vasp_slab/Au111/PBE_D3/OUTCAR,vasp_mol/NH3/PBE_D3/OUTCAR
pbe_d3,NH3_Cu100,Cu100,NH3,dft_jobs,-261.2796594,-240.84053253,-19.53570315,-0.9034237200000241,ok,,complex: converged; slab: converged; molecule: converged,true,dft_jobs/NH3_Cu100/PBE_D3/OUTCAR,vasp_slab/Cu100/PBE_D3/OUTCAR,vasp_mol/NH3/PBE_D3/OUTCAR
pbe_d3,NH3_Cu110,Cu110,NH3,dft_jobs,-106.10031316,-86.08497244,-19.53570315,-0.47963756999999774,ok,,complex: converged; slab: converged; molecule: converged,true,dft_jobs/NH3_Cu110/PBE_D3/OUTCAR,vasp_slab/Cu110/PBE_D3/OUTCAR,vasp_mol/NH3/PBE_D3/OUTCAR
pbe_d3,NH3_Cu111,Cu111,NH3,dft_jobs,-266.97125374,-248.13958402,-19.53570315,0.704033429999992,ok,,complex: converged; slab: converged; molecule: converged,true,dft_jobs/NH3_Cu111/PBE_D3/OUTCAR,vasp_slab/Cu111/PBE_D3/OUTCAR,vasp_mol/NH3/PBE_D3/OUTCAR
pbe_d3,NH3_Ir100,Ir100,NH3,dft_jobs,-332.7230609,-311.60244978,-19.53570315,-1.5849079700000352,ok,,complex: converged; slab: converged; molecule: converged,true,dft_jobs/NH3_Ir100/PBE_D3/OUTCAR,vasp_slab/Ir100/PBE_D3/OUTCAR,vasp_mol/NH3/PBE_D3/OUTCAR
pbe_d3,NH3_Ir110,Ir110,NH3,dft_jobs,-216.18268508,-195.1382215,-19.53570315,-1.508760430000013,ok,,complex: converged; slab: converged; molecule: converged,true,dft_jobs/NH3_Ir110/PBE_D3/OUTCAR,vasp_slab/Ir110/PBE_D3/OUTCAR,vasp_mol/NH3/PBE_D3/OUTCAR
pbe_d3,NH3_Ir111,Ir111,NH3,dft_jobs,-591.63722475,-570.78304395,-19.53570315,-1.3184776499999948,ok,,complex: converged; slab: converged; molecule: converged,true,dft_jobs/NH3_Ir111/PBE_D3/OUTCAR,vasp_slab/Ir111/PBE_D3/OUTCAR,vasp_mol/NH3/PBE_D3/OUTCAR
pbe_d3,NH3_Pd100,Pd100,NH3,dft_jobs,-210.22725729,-189.46040681,-19.53570315,-1.2311473300000166,ok,,complex: converged; slab: converged; molecule: converged,true,dft_jobs/NH3_Pd100/PBE_D3/OUTCAR,vasp_slab/Pd100/PBE_D3/OUTCAR,vasp_mol/NH3/PBE_D3/OUTCAR
pbe_d3,NH3_Pd110,Pd110,NH3,dft_jobs,-139.26307409,-118.52313405,-19.53570315,-1.2042368900000078,ok,,complex: converged; slab: converged; molecule: converged,true,dft_jobs/NH3_Pd110/PBE_D3/OUTCAR,vasp_slab/Pd110/PBE_D3/OUTCAR,vasp_mol/NH3/PBE_D3/OUTCAR
pbe_d3,NH3_Pd111,Pd111,NH3,dft_jobs,-213.57790931,-342.57605593,-19.53570315,,slab_mismatch,"slab size mismatch: job has 36 Pd, reference has 64 Pd",complex: converged; slab: converged; molecule: converged,false,dft_jobs/NH3_Pd111/PBE_D3/OUTCAR,vasp_slab/Pd111/PBE_D3/OUTCAR,vasp_mol/NH3/PBE_D3/OUTCAR
pbe_d3,NH3_Pt100,Pt100,NH3,dft_jobs,-243.35723568,-222.03567525,-19.53570315,-1.7858572800000054,ok,,complex: converged; slab: converged; molecule: converged,true,dft_jobs/NH3_Pt100/PBE_D3/OUTCAR,vasp_slab/Pt100/PBE_D3/OUTCAR,vasp_mol/NH3/PBE_D3/OUTCAR
pbe_d3,NH3_Pt110,Pt110,NH3,dft_jobs,-159.88390704,-138.57314769,-19.53570315,-1.7750561999999839,ok,,complex: converged; slab: converged; molecule: converged,true,dft_jobs/NH3_Pt110/PBE_D3/OUTCAR,vasp_slab/Pt110/PBE_D3/OUTCAR,vasp_mol/NH3/PBE_D3/OUTCAR
pbe_d3,NH3_Pt111_top,Pt111,NH3,dft_jobs,,-406.07924489,-19.53570315,,error,slab+mol: OUTCAR not found: dft_jobs/NH3_Pt111_top/PBE_D3/OUTCAR,complex: missing; slab: converged; molecule: converged,false,dft_jobs/NH3_Pt111_top/PBE_D3/OUTCAR,vasp_slab/Pt111/PBE_D3/OUTCAR,vasp_mol/NH3/PBE_D3/OUTCAR
pbe_d3,NH3_Rh100,Rh100,NH3,dft_jobs,-277.24180596,-256.07544059,-19.53570315,-1.6306622199999943,ok,,complex: converged; slab: converged; molecule: converged,true,dft_jobs/NH3_Rh100/PBE_D3/OUTCAR,vasp_slab/Rh100/PBE_D3/OUTCAR,vasp_mol/NH3/PBE_D3/OUTCAR
pbe_d3,NH3_Rh110,Rh110,NH3,dft_jobs,-181.61240886,-160.48819907,-19.53570315,-1.5885066399999808,ok,,complex: converged; slab: converged; molecule: converged,true,dft_jobs/NH3_Rh110/PBE_D3/OUTCAR,vasp_slab/Rh110/PBE_D3/OUTCAR,vasp_mol/NH3/PBE_D3/OUTCAR
pbe_d3,NH3_Rh111,Rh111,NH3,dft_jobs,-486.72423526,-465.26142053,-19.53570315,-1.9271115799999912,ok,,complex: converged; slab: converged; molecule: converged,true,dft_jobs/NH3_Rh111/PBE_D3/OUTCAR,vasp_slab/Rh111/PBE_D3/OUTCAR,vasp_mol/NH3/PBE_D3/OUTCAR
pbe_d3,NO_Ag100,Ag100,NO,dft_jobs,-116.18531249,-102.4003605,-11.94618934,-1.838762649999996,ok,,complex: converged; slab: converged; molecule: converged,true,dft_jobs/NO_Ag100/PBE_D3/OUTCAR,vasp_slab/Ag100/PBE_D3/OUTCAR,vasp_mol/NO/PBE_D3/OUTCAR
pbe_d3,NO_Ag110,Ag110,NO,dft_jobs,-77.53616803,-64.0841207,-11.94618934,-1.505857989999999,ok,,complex: converged; slab: converged; molecule: converged,true,dft_jobs/NO_Ag110/PBE_D3/OUTCAR,vasp_slab/Ag110/PBE_D3/OUTCAR,vasp_mol/NO/PBE_D3/OUTCAR
pbe_d3,NO_Ag111,Ag111,NO,dft_jobs,-117.91934266,-184.95063009,-11.94618934,,slab_mismatch,"slab size mismatch: job has 36 Ag, reference has 64 Ag",complex: converged; slab: converged; molecule: converged,false,dft_jobs/NO_Ag111/PBE_D3/OUTCAR,vasp_slab/Ag111/PBE_D3/OUTCAR,vasp_mol/NO/PBE_D3/OUTCAR
pbe_d3,NO_Au100,Au100,NO,dft_jobs,-235.09912754,-125.13314995,-11.94618934,,slab_mismatch,"slab size mismatch: job has 64 Au, reference has 36 Au",complex: converged; slab: converged; molecule: converged,false,dft_jobs/NO_Au100/PBE_D3/OUTCAR,vasp_slab/Au100/PBE_D3/OUTCAR,vasp_mol/NO/PBE_D3/OUTCAR
pbe_d3,NO_Au110,Au110,NO,dft_jobs,-222.41346763,-79.18212693,-11.94618934,,slab_mismatch,"slab size mismatch: job has 64 Au, reference has 24 Au",complex: converged; slab: converged; molecule: converged,false,dft_jobs/NO_Au110/PBE_D3/OUTCAR,vasp_slab/Au110/PBE_D3/OUTCAR,vasp_mol/NO/PBE_D3/OUTCAR
pbe_d3,NO_Au111,Au111,NO,dft_jobs,-140.91304312,-227.75033058,-11.94618934,,slab_mismatch,"slab size mismatch: job has 36 Au, reference has 64 Au",complex: converged; slab: converged; molecule: converged,false,dft_jobs/NO_Au111/PBE_D3/OUTCAR,vasp_slab/Au111/PBE_D3/OUTCAR,vasp_mol/NO/PBE_D3/OUTCAR
pbe_d3,NO_Cu100,Cu100,NO,dft_jobs,-254.77489341,-240.84053253,-11.94618934,-1.988171540000014,ok,,complex: converged; slab: converged; molecule: converged,true,dft_jobs/NO_Cu100/PBE_D3/OUTCAR,vasp_slab/Cu100/PBE_D3/OUTCAR,vasp_mol/NO/PBE_D3/OUTCAR
pbe_d3,NO_Cu110,Cu110,NO,dft_jobs,-99.27143168,-86.08497244,-11.94618934,-1.2402699000000048,ok,,complex: converged; slab: converged; molecule: converged,true,dft_jobs/NO_Cu110/PBE_D3/OUTCAR,vasp_slab/Cu110/PBE_D3/OUTCAR,vasp_mol/NO/PBE_D3/OUTCAR
pbe_d3,NO_Cu111,Cu111,NO,dft_jobs,-260.29893863,-248.13958402,-11.94618934,-0.21316527000000818,ok,,complex: converged; slab: converged; molecule: converged,true,dft_jobs/NO_Cu111/PBE_D3/OUTCAR,vasp_slab/Cu111/PBE_D3/OUTCAR,vasp_mol/NO/PBE_D3/OUTCAR
pbe_d3,NO_Ir100,Ir100,NO,dft_jobs,-326.85787245,-311.60244978,-11.94618934,-3.30923333000003,ok,,complex: converged; slab: converged; molecule: converged,true,dft_jobs/NO_Ir100/PBE_D3/OUTCAR,vasp_slab/Ir100/PBE_D3/OUTCAR,vasp_mol/NO/PBE_D3/OUTCAR
pbe_d3,NO_Ir110,Ir110,NO,dft_jobs,-210.54788683,-195.1382215,-11.94618934,-3.463475990000024,ok,,complex: converged; slab: converged; molecule: converged,true,dft_jobs/NO_Ir110/PBE_D3/OUTCAR,vasp_slab/Ir110/PBE_D3/OUTCAR,vasp_mol/NO/PBE_D3/OUTCAR
pbe_d3,NO_Ir111,Ir111,NO,dft_jobs,-585.23715014,-570.78304395,-11.94618934,-2.5079168500000613,ok,,complex: converged; slab: converged; molecule: converged,true,dft_jobs/NO_Ir111/PBE_D3/OUTCAR,vasp_slab/Ir111/PBE_D3/OUTCAR,vasp_mol/NO/PBE_D3/OUTCAR
pbe_d3,NO_Pd100,Pd100,NO,dft_jobs,-204.28342476,-189.46040681,-11.94618934,-2.8768286100000076,ok,,complex: converged; slab: converged; molecule: converged,true,dft_jobs/NO_Pd100/PBE_D3/OUTCAR,vasp_slab/Pd100/PBE_D3/OUTCAR,vasp_mol/NO/PBE_D3/OUTCAR
pbe_d3,NO_Pd110,Pd110,NO,dft_jobs,-133.46979457,-118.52313405,-11.94618934,-3.000471180000009,ok,,complex: converged; slab: converged; molecule: converged,true,dft_jobs/NO_Pd110/PBE_D3/OUTCAR,vasp_slab/Pd110/PBE_D3/OUTCAR,vasp_mol/NO/PBE_D3/OUTCAR
pbe_d3,NO_Pd111,Pd111,NO,dft_jobs,-207.8263963,-342.57605593,-11.94618934,,slab_mismatch,"slab size mismatch: job has 36 Pd, reference has 64 Pd",complex: converged; slab: converged; molecule: converged,false,dft_jobs/NO_Pd111/PBE_D3/OUTCAR,vasp_slab/Pd111/PBE_D3/OUTCAR,vasp_mol/NO/PBE_D3/OUTCAR
pbe_d3,NO_Pt100,Pt100,NO,dft_jobs,-237.26747854,-222.03567525,-11.94618934,-3.285613950000016,ok,,complex: converged; slab: converged; molecule: converged,true,dft_jobs/NO_Pt100/PBE_D3/OUTCAR,vasp_slab/Pt100/PBE_D3/OUTCAR,vasp_mol/NO/PBE_D3/OUTCAR
pbe_d3,NO_Pt110,Pt110,NO,dft_jobs,-153.48349011,-138.57314769,-11.94618934,-2.964153079999978,ok,,complex: converged; slab: converged; molecule: converged,true,dft_jobs/NO_Pt110/PBE_D3/OUTCAR,vasp_slab/Pt110/PBE_D3/OUTCAR,vasp_mol/NO/PBE_D3/OUTCAR
pbe_d3,NO_Pt111_fcc,Pt111,NO,dft_jobs,,-406.07924489,-11.94618934,,error,slab+mol: OUTCAR not found: dft_jobs/NO_Pt111_fcc/PBE_D3/OUTCAR,complex: missing; slab: converged; molecule: converged,false,dft_jobs/NO_Pt111_fcc/PBE_D3/OUTCAR,vasp_slab/Pt111/PBE_D3/OUTCAR,vasp_mol/NO/PBE_D3/OUTCAR
pbe_d3,NO_Rh100,Rh100,NO,dft_jobs,-271.59757153,-256.07544059,-11.94618934,-3.575941599999954,ok,,complex: converged; slab: converged; molecule: converged,true,dft_jobs/NO_Rh100/PBE_D3/OUTCAR,vasp_slab/Rh100/PBE_D3/OUTCAR,vasp_mol/NO/PBE_D3/OUTCAR
pbe_d3,NO_Rh110,Rh110,NO,dft_jobs,-176.09960224,-160.48819907,-11.94618934,-3.6652138299999883,ok,,complex: converged; slab: converged; molecule: converged,true,dft_jobs/NO_Rh110/PBE_D3/OUTCAR,vasp_slab/Rh110/PBE_D3/OUTCAR,vasp_mol/NO/PBE_D3/OUTCAR
pbe_d3,NO_Rh111,Rh111,NO,dft_jobs,-481.04332305,-465.26142053,-11.94618934,-3.835713180000017,ok,,complex: converged; slab: converged; molecule: converged,true,dft_jobs/NO_Rh111/PBE_D3/OUTCAR,vasp_slab/Rh111/PBE_D3/OUTCAR,vasp_mol/NO/PBE_D3/OUTCAR
pbe_d3,OH_Ag100,Ag100,OH,dft_jobs,,-102.4003605,,,error,slab+mol: OUTCAR not found: dft_jobs/OH_Ag100/PBE_D3/OUTCAR; mol: OUTCAR not found: vasp_mol/OH/PBE_D3/OUTCAR,complex: missing; slab: converged; molecule: missing,false,dft_jobs/OH_Ag100/PBE_D3/OUTCAR,vasp_slab/Ag100/PBE_D3/OUTCAR,vasp_mol/OH/PBE_D3/OUTCAR
pbe_d3,OH_Ag110,Ag110,OH,dft_jobs,,-64.0841207,,,error,slab+mol: OUTCAR not found: dft_jobs/OH_Ag110/PBE_D3/OUTCAR; mol: OUTCAR not found: vasp_mol/OH/PBE_D3/OUTCAR,complex: missing; slab: converged; molecule: missing,false,dft_jobs/OH_Ag110/PBE_D3/OUTCAR,vasp_slab/Ag110/PBE_D3/OUTCAR,vasp_mol/OH/PBE_D3/OUTCAR
pbe_d3,OH_Ag111,Ag111,OH,dft_jobs,,-184.95063009,,,error,slab+mol: OUTCAR not found: dft_jobs/OH_Ag111/PBE_D3/OUTCAR; mol: OUTCAR not found: vasp_mol/OH/PBE_D3/OUTCAR,complex: missing; slab: converged; molecule: missing,false,dft_jobs/OH_Ag111/PBE_D3/OUTCAR,vasp_slab/Ag111/PBE_D3/OUTCAR,vasp_mol/OH/PBE_D3/OUTCAR
pbe_d3,OH_Au100,Au100,OH,dft_jobs,,-125.13314995,,,error,slab+mol: OUTCAR not found: dft_jobs/OH_Au100/PBE_D3/OUTCAR; mol: OUTCAR not found: vasp_mol/OH/PBE_D3/OUTCAR,complex: missing; slab: converged; molecule: missing,false,dft_jobs/OH_Au100/PBE_D3/OUTCAR,vasp_slab/Au100/PBE_D3/OUTCAR,vasp_mol/OH/PBE_D3/OUTCAR
pbe_d3,OH_Au110,Au110,OH,dft_jobs,,-79.18212693,,,error,slab+mol: OUTCAR not found: dft_jobs/OH_Au110/PBE_D3/OUTCAR; mol: OUTCAR not found: vasp_mol/OH/PBE_D3/OUTCAR,complex: missing; slab: converged; molecule: missing,false,dft_jobs/OH_Au110/PBE_D3/OUTCAR,vasp_slab/Au110/PBE_D3/OUTCAR,vasp_mol/OH/PBE_D3/OUTCAR
pbe_d3,OH_Au111,Au111,OH,dft_jobs,,-227.75033058,,,error,slab+mol: OUTCAR not found: dft_jobs/OH_Au111/PBE_D3/OUTCAR; mol: OUTCAR not found: vasp_mol/OH/PBE_D3/OUTCAR,complex: missing; slab: converged; molecule: missing,false,dft_jobs/OH_Au111/PBE_D3/OUTCAR,vasp_slab/Au111/PBE_D3/OUTCAR,vasp_mol/OH/PBE_D3/OUTCAR
pbe_d3,OH_Ir100,Ir100,OH,dft_jobs,,-311.60244978,,,error,slab+mol: OUTCAR not found: dft_jobs/OH_Ir100/PBE_D3/OUTCAR; mol: OUTCAR not found: vasp_mol/OH/PBE_D3/OUTCAR,complex: missing; slab: converged; molecule: missing,false,dft_jobs/OH_Ir100/PBE_D3/OUTCAR,vasp_slab/Ir100/PBE_D3/OUTCAR,vasp_mol/OH/PBE_D3/OUTCAR
pbe_d3,OH_Ir110,Ir110,OH,dft_jobs,,-195.1382215,,,error,slab+mol: OUTCAR not found: dft_jobs/OH_Ir110/PBE_D3/OUTCAR; mol: OUTCAR not found: vasp_mol/OH/PBE_D3/OUTCAR,complex: missing; slab: converged; molecule: missing,false,dft_jobs/OH_Ir110/PBE_D3/OUTCAR,vasp_slab/Ir110/PBE_D3/OUTCAR,vasp_mol/OH/PBE_D3/OUTCAR
pbe_d3,OH_Ir111,Ir111,OH,dft_jobs,,-570.78304395,,,error,slab+mol: OUTCAR not found: dft_jobs/OH_Ir111/PBE_D3/OUTCAR; mol: OUTCAR not found: vasp_mol/OH/PBE_D3/OUTCAR,complex: missing; slab: converged; molecule: missing,false,dft_jobs/OH_Ir111/PBE_D3/OUTCAR,vasp_slab/Ir111/PBE_D3/OUTCAR,vasp_mol/OH/PBE_D3/OUTCAR
pbe_d3,OH_Pt111_top,Pt111,OH,dft_jobs,,-406.07924489,,,error,slab+mol: OUTCAR not found: dft_jobs/OH_Pt111_top/PBE_D3/OUTCAR; mol: OUTCAR not found: vasp_mol/OH/PBE_D3/OUTCAR,complex: missing; slab: converged; molecule: missing,false,dft_jobs/OH_Pt111_top/PBE_D3/OUTCAR,vasp_slab/Pt111/PBE_D3/OUTCAR,vasp_mol/OH/PBE_D3/OUTCAR
pbe_d3,OH_Rh100,Rh100,OH,dft_jobs,,-256.07544059,,,error,slab+mol: OUTCAR not found: dft_jobs/OH_Rh100/PBE_D3/OUTCAR; mol: OUTCAR not found: vasp_mol/OH/PBE_D3/OUTCAR,complex: missing; slab: converged; molecule: missing,false,dft_jobs/OH_Rh100/PBE_D3/OUTCAR,vasp_slab/Rh100/PBE_D3/OUTCAR,vasp_mol/OH/PBE_D3/OUTCAR
pbe_d3,OH_Rh110,Rh110,OH,dft_jobs,,-160.48819907,,,error,slab+mol: OUTCAR not found: dft_jobs/OH_Rh110/PBE_D3/OUTCAR; mol: OUTCAR not found: vasp_mol/OH/PBE_D3/OUTCAR,complex: missing; slab: converged; molecule: missing,false,dft_jobs/OH_Rh110/PBE_D3/OUTCAR,vasp_slab/Rh110/PBE_D3/OUTCAR,vasp_mol/OH/PBE_D3/OUTCAR
pbe_d3,OH_Rh111,Rh111,OH,dft_jobs,,-465.26142053,,,error,slab+mol: OUTCAR not found: dft_jobs/OH_Rh111/PBE_D3/OUTCAR; mol: OUTCAR not found: vasp_mol/OH/PBE_D3/OUTCAR,complex: missing; slab: converged; molecule: missing,false,dft_jobs/OH_Rh111/PBE_D3/OUTCAR,vasp_slab/Rh111/PBE_D3/OUTCAR,vasp_mol/OH/PBE_D3/OUTCAR
pbe_d3,O_Ag100,Ag100,O,dft_jobs,,-102.4003605,,,error,slab+mol: OUTCAR not found: dft_jobs/O_Ag100/PBE_D3/OUTCAR; mol: OUTCAR not found: vasp_mol/O/PBE_D3/OUTCAR,complex: missing; slab: converged; molecule: missing,false,dft_jobs/O_Ag100/PBE_D3/OUTCAR,vasp_slab/Ag100/PBE_D3/OUTCAR,vasp_mol/O/PBE_D3/OUTCAR
pbe_d3,O_Ag110,Ag110,O,dft_jobs,,-64.0841207,,,error,slab+mol: OUTCAR not found: dft_jobs/O_Ag110/PBE_D3/OUTCAR; mol: OUTCAR not found: vasp_mol/O/PBE_D3/OUTCAR,complex: missing; slab: converged; molecule: missing,false,dft_jobs/O_Ag110/PBE_D3/OUTCAR,vasp_slab/Ag110/PBE_D3/OUTCAR,vasp_mol/O/PBE_D3/OUTCAR
pbe_d3,O_Ag111,Ag111,O,dft_jobs,,-184.95063009,,,error,slab+mol: OUTCAR not found: dft_jobs/O_Ag111/PBE_D3/OUTCAR; mol: OUTCAR not found: vasp_mol/O/PBE_D3/OUTCAR,complex: missing; slab: converged; molecule: missing,false,dft_jobs/O_Ag111/PBE_D3/OUTCAR,vasp_slab/Ag111/PBE_D3/OUTCAR,vasp_mol/O/PBE_D3/OUTCAR
pbe_d3,O_Au100,Au100,O,dft_jobs,,-125.13314995,,,error,slab+mol: OUTCAR not found: dft_jobs/O_Au100/PBE_D3/OUTCAR; mol: OUTCAR not found: vasp_mol/O/PBE_D3/OUTCAR,complex: missing; slab: converged; molecule: missing,false,dft_jobs/O_Au100/PBE_D3/OUTCAR,vasp_slab/Au100/PBE_D3/OUTCAR,vasp_mol/O/PBE_D3/OUTCAR
pbe_d3,O_Au110,Au110,O,dft_jobs,,-79.18212693,,,error,slab+mol: OUTCAR not found: dft_jobs/O_Au110/PBE_D3/OUTCAR; mol: OUTCAR not found: vasp_mol/O/PBE_D3/OUTCAR,complex: missing; slab: converged; molecule: missing,false,dft_jobs/O_Au110/PBE_D3/OUTCAR,vasp_slab/Au110/PBE_D3/OUTCAR,vasp_mol/O/PBE_D3/OUTCAR
pbe_d3,O_Au111,Au111,O,dft_jobs,,-227.75033058,,,error,slab+mol: OUTCAR not found: dft_jobs/O_Au111/PBE_D3/OUTCAR; mol: OUTCAR not found: vasp_mol/O/PBE_D3/OUTCAR,complex: missing; slab: converged; molecule: missing,false,dft_jobs/O_Au111/PBE_D3/OUTCAR,vasp_slab/Au111/PBE_D3/OUTCAR,vasp_mol/O/PBE_D3/OUTCAR
pbe_d3,O_Ir100,Ir100,O,dft_jobs,,-311.60244978,,,error,slab+mol: OUTCAR not found: dft_jobs/O_Ir100/PBE_D3/OUTCAR; mol: OUTCAR not found: vasp_mol/O/PBE_D3/OUTCAR,complex: missing; slab: converged; molecule: missing,false,dft_jobs/O_Ir100/PBE_D3/OUTCAR,vasp_slab/Ir100/PBE_D3/OUTCAR,vasp_mol/O/PBE_D3/OUTCAR
pbe_d3,O_Ir110,Ir110,O,dft_jobs,,-195.1382215,,,error,slab+mol: OUTCAR not found: dft_jobs/O_Ir110/PBE_D3/OUTCAR; mol: OUTCAR not found: vasp_mol/O/PBE_D3/OUTCAR,complex: missing; slab: converged; molecule: missing,false,dft_jobs/O_Ir110/PBE_D3/OUTCAR,vasp_slab/Ir110/PBE_D3/OUTCAR,vasp_mol/O/PBE_D3/OUTCAR
pbe_d3,O_Ir111,Ir111,O,dft_jobs,,-570.78304395,,,error,slab+mol: OUTCAR not found: dft_jobs/O_Ir111/PBE_D3/OUTCAR; mol: OUTCAR not found: vasp_mol/O/PBE_D3/OUTCAR,complex: missing; slab: converged; molecule: missing,false,dft_jobs/O_Ir111/PBE_D3/OUTCAR,vasp_slab/Ir111/PBE_D3/OUTCAR,vasp_mol/O/PBE_D3/OUTCAR
pbe_d3,O_Pt111_fcc,Pt111,O,dft_jobs,,-406.07924489,,,error,slab+mol: OUTCAR not found: dft_jobs/O_Pt111_fcc/PBE_D3/OUTCAR; mol: OUTCAR not found: vasp_mol/O/PBE_D3/OUTCAR,complex: missing; slab: converged; molecule: missing,false,dft_jobs/O_Pt111_fcc/PBE_D3/OUTCAR,vasp_slab/Pt111/PBE_D3/OUTCAR,vasp_mol/O/PBE_D3/OUTCAR
pbe_d3,O_Rh100,Rh100,O,dft_jobs,,-256.07544059,,,error,slab+mol: OUTCAR not found: dft_jobs/O_Rh100/PBE_D3/OUTCAR; mol: OUTCAR not found: vasp_mol/O/PBE_D3/OUTCAR,complex: missing; slab: converged; molecule: missing,false,dft_jobs/O_Rh100/PBE_D3/OUTCAR,vasp_slab/Rh100/PBE_D3/OUTCAR,vasp_mol/O/PBE_D3/OUTCAR
pbe_d3,O_Rh110,Rh110,O,dft_jobs,,-160.48819907,,,error,slab+mol: OUTCAR not found: dft_jobs/O_Rh110/PBE_D3/OUTCAR; mol: OUTCAR not found: vasp_mol/O/PBE_D3/OUTCAR,complex: missing; slab: converged; molecule: missing,false,dft_jobs/O_Rh110/PBE_D3/OUTCAR,vasp_slab/Rh110/PBE_D3/OUTCAR,vasp_mol/O/PBE_D3/OUTCAR
pbe_d3,O_Rh111,Rh111,O,dft_jobs,,-465.26142053,,,error,slab+mol: OUTCAR not found: dft_jobs/O_Rh111/PBE_D3/OUTCAR; mol: OUTCAR not found: vasp_mol/O/PBE_D3/OUTCAR,complex: missing; slab: converged; molecule: missing,false,dft_jobs/O_Rh111/PBE_D3/OUTCAR,vasp_slab/Rh111/PBE_D3/OUTCAR,vasp_mol/O/PBE_D3/OUTCAR
pbe_d3,SO2_Ag100,Ag100,SO2,dft_jobs,-121.27958567,-102.4003605,-17.04509164,-1.834133529999999,ok,,complex: converged; slab: converged; molecule: converged,true,dft_jobs/SO2_Ag100/PBE_D3/OUTCAR,vasp_slab/Ag100/PBE_D3/OUTCAR,vasp_mol/SO2/PBE_D3/OUTCAR
pbe_d3,SO2_Ag110,Ag110,SO2,dft_jobs,-82.58831667,-64.0841207,-17.04509164,-1.4591043299999988,ok,,complex: converged; slab: converged; molecule: converged,true,dft_jobs/SO2_Ag110/PBE_D3/OUTCAR,vasp_slab/Ag110/PBE_D3/OUTCAR,vasp_mol/SO2/PBE_D3/OUTCAR
pbe_d3,SO2_Ag111,Ag111,SO2,dft_jobs,-122.77716044,-184.95063009,-17.04509164,,slab_mismatch,"slab size mismatch: job has 36 Ag, reference has 64 Ag",complex: converged; slab: converged; molecule: converged,false,dft_jobs/SO2_Ag111/PBE_D3/OUTCAR,vasp_slab/Ag111/PBE_D3/OUTCAR,vasp_mol/SO2/PBE_D3/OUTCAR
pbe_d3,SO2_Au100,Au100,SO2,dft_jobs,-239.86519463,-125.13314995,-17.04509164,,slab_mismatch,"slab size mismatch: job has 64 Au, reference has 36 Au",complex: converged; slab: converged; molecule: converged,false,dft_jobs/SO2_Au100/PBE_D3/OUTCAR,vasp_slab/Au100/PBE_D3/OUTCAR,vasp_mol/SO2/PBE_D3/OUTCAR
pbe_d3,SO2_Au110,Au110,SO2,dft_jobs,-227.19333805,-79.18212693,-17.04509164,,slab_mismatch,"slab size mismatch: job has 64 Au, reference has 24 Au",complex: converged; slab: converged; molecule: converged,false,dft_jobs/SO2_Au110/PBE_D3/OUTCAR,vasp_slab/Au110/PBE_D3/OUTCAR,vasp_mol/SO2/PBE_D3/OUTCAR
pbe_d3,SO2_Au111,Au111,SO2,dft_jobs,-145.67721272,-227.75033058,-17.04509164,,slab_mismatch,"slab size mismatch: job has 36 Au, reference has 64 Au",complex: converged; slab: converged; molecule: converged,false,dft_jobs/SO2_Au111/PBE_D3/OUTCAR,vasp_slab/Au111/PBE_D3/OUTCAR,vasp_mol/SO2/PBE_D3/OUTCAR
pbe_d3,SO2_Cu100,Cu100,SO2,dft_jobs,-259.21507713,-240.84053253,-17.04509164,-1.3294529600000082,ok,,complex: converged; slab: converged; molecule: converged,true,dft_jobs/SO2_Cu100/PBE_D3/OUTCAR,vasp_slab/Cu100/PBE_D3/OUTCAR,vasp_mol/SO2/PBE_D3/OUTCAR
pbe_d3,SO2_Cu110,Cu110,SO2,dft_jobs,-104.31262472,-86.08497244,-17.04509164,-1.182560640000002,ok,,complex: converged; slab: converged; molecule: converged,true,dft_jobs/SO2_Cu110/PBE_D3/OUTCAR,vasp_slab/Cu110/PBE_D3/OUTCAR,vasp_mol/SO2/PBE_D3/OUTCAR
pbe_d3,SO2_Cu111,Cu111,SO2,dft_jobs,-264.65771299,-248.13958402,-17.04509164,0.5269626700000067,ok,,complex: converged; slab: converged; molecule: converged,true,dft_jobs/SO2_Cu111/PBE_D3/OUTCAR,vasp_slab/Cu111/PBE_D3/OUTCAR,vasp_mol/SO2/PBE_D3/OUTCAR
pbe_d3,SO2_Ir100,Ir100,SO2,dft_jobs,-331.43063673,-311.60244978,-17.04509164,-2.783095310000032,ok,,complex: converged; slab: converged; molecule: converged,true,dft_jobs/SO2_Ir100/PBE_D3/OUTCAR,vasp_slab/Ir100/PBE_D3/OUTCAR,vasp_mol/SO2/PBE_D3/OUTCAR
pbe_d3,SO2_Ir110,Ir110,SO2,dft_jobs,-215.09810448,-195.1382215,-17.04509164,-2.9147913400000043,ok,,complex: converged; slab: converged; molecule: converged,true,dft_jobs/SO2_Ir110/PBE_D3/OUTCAR,vasp_slab/Ir110/PBE_D3/OUTCAR,vasp_mol/SO2/PBE_D3/OUTCAR
pbe_d3,SO2_Ir111,Ir111,SO2,dft_jobs,-589.42881419,-570.78304395,-17.04509164,-1.6006786000000481,ok,,complex: converged; slab: converged; molecule: converged,true,dft_jobs/SO2_Ir111/PBE_D3/OUTCAR,vasp_slab/Ir111/PBE_D3/OUTCAR,vasp_mol/SO2/PBE_D3/OUTCAR
pbe_d3,SO2_Pd100,Pd100,SO2,dft_jobs,-208.58207168,-189.46040681,-17.04509164,-2.076573230000019,ok,,complex: converged; slab: converged; molecule: converged,true,dft_jobs/SO2_Pd100/PBE_D3/OUTCAR,vasp_slab/Pd100/PBE_D3/OUTCAR,vasp_mol/SO2/PBE_D3/OUTCAR
pbe_d3,SO2_Pd110,Pd110,SO2,dft_jobs,-137.81623104,-118.52313405,-17.04509164,-2.248005349999996,ok,,complex: converged; slab: converged; molecule: converged,true,dft_jobs/SO2_Pd110/PBE_D3/OUTCAR,vasp_slab/Pd110/PBE_D3/OUTCAR,vasp_mol/SO2/PBE_D3/OUTCAR
pbe_d3,SO2_Pd111,Pd111,SO2,dft_jobs,-211.73490715,-342.57605593,-17.04509164,,slab_mismatch,"slab size mismatch: job has 36 Pd, reference has 64 Pd",complex: converged; slab: converged; molecule: converged,false,dft_jobs/SO2_Pd111/PBE_D3/OUTCAR,vasp_slab/Pd111/PBE_D3/OUTCAR,vasp_mol/SO2/PBE_D3/OUTCAR
pbe_d3,SO2_Pt100,Pt100,SO2,dft_jobs,-241.47348519,-222.03567525,-17.04509164,-2.392718299999995,ok,,complex: converged; slab: converged; molecule: converged,true,dft_jobs/SO2_Pt100/PBE_D3/OUTCAR,vasp_slab/Pt100/PBE_D3/OUTCAR,vasp_mol/SO2/PBE_D3/OUTCAR
pbe_d3,SO2_Pt110,Pt110,SO2,dft_jobs,-158.13414294,-138.57314769,-17.04509164,-2.5159036099999916,ok,,complex: converged; slab: converged; molecule: converged,true,dft_jobs/SO2_Pt110/PBE_D3/OUTCAR,vasp_slab/Pt110/PBE_D3/OUTCAR,vasp_mol/SO2/PBE_D3/OUTCAR
pbe_d3,SO2_Pt111_top,Pt111,SO2,dft_jobs,,-406.07924489,-17.04509164,,error,slab+mol: OUTCAR not found: dft_jobs/SO2_Pt111_top/PBE_D3/OUTCAR,complex: missing; slab: converged; molecule: converged,false,dft_jobs/SO2_Pt111_top/PBE_D3/OUTCAR,vasp_slab/Pt111/PBE_D3/OUTCAR,vasp_mol/SO2/PBE_D3/OUTCAR
pbe_d3,SO2_Rh100,Rh100,SO2,dft_jobs,-276.10369338,-256.07544059,-17.04509164,-2.9831611499999546,ok,,complex: converged; slab: converged; molecule: converged,true,dft_jobs/SO2_Rh100/PBE_D3/OUTCAR,vasp_slab/Rh100/PBE_D3/OUTCAR,vasp_mol/SO2/PBE_D3/OUTCAR
pbe_d3,SO2_Rh110,Rh110,SO2,dft_jobs,-180.46417971,-160.48819907,-17.04509164,-2.93088899999999,ok,,complex: converged; slab: converged; molecule: converged,true,dft_jobs/SO2_Rh110/PBE_D3/OUTCAR,vasp_slab/Rh110/PBE_D3/OUTCAR,vasp_mol/SO2/PBE_D3/OUTCAR
pbe_d3,SO2_Rh111,Rh111,SO2,dft_jobs,-485.0509217,-465.26142053,-17.04509164,-2.744409529999995,ok,,complex: converged; slab: converged; molecule: converged,true,dft_jobs/SO2_Rh111/PBE_D3/OUTCAR,vasp_slab/Rh111/PBE_D3/OUTCAR,vasp_mol/SO2/PBE_D3/OUTCAR
r2scan,C2H2_Ag100,Ag100,C2H2,dft_jobs,,-759.06403021,,,error,slab+mol: OUTCAR not found: dft_jobs/C2H2_Ag100/r2scan/OUTCAR; mol: OUTCAR not found: vasp_mol/C2H2/r2scan/OUTCAR,complex: missing; slab: converged; molecule: missing,false,dft_jobs/C2H2_Ag100/r2scan/OUTCAR,vasp_slab/Ag100/r2scan/OUTCAR,vasp_mol/C2H2/r2scan/OUTCAR
r2scan,C2H2_Ag110,Ag110,C2H2,dft_jobs,,-502.68023804,,,error,slab+mol: OUTCAR not found: dft_jobs/C2H2_Ag110/r2scan/OUTCAR; mol: OUTCAR not found: vasp_mol/C2H2/r2scan/OUTCAR,complex: missing; slab: converged; molecule: missing,false,dft_jobs/C2H2_Ag110/r2scan/OUTCAR,vasp_slab/Ag110/r2scan/OUTCAR,vasp_mol/C2H2/r2scan/OUTCAR
r2scan,C2H2_Ag111,Ag111,C2H2,dft_jobs,,-1351.78284961,,,error,slab+mol: OUTCAR not found: dft_jobs/C2H2_Ag111/r2scan/OUTCAR; mol: OUTCAR not found: vasp_mol/C2H2/r2scan/OUTCAR,complex: missing; slab: converged; molecule: missing,false,dft_jobs/C2H2_Ag111/r2scan/OUTCAR,vasp_slab/Ag111/r2scan/OUTCAR,vasp_mol/C2H2/r2scan/OUTCAR
r2scan,C2H2_Au100,Au100,C2H2,dft_jobs,,-1812.10460465,,,error,slab+mol: OUTCAR not found: dft_jobs/C2H2_Au100/r2scan/OUTCAR; mol: OUTCAR not found: vasp_mol/C2H2/r2scan/OUTCAR,complex: missing; slab: converged; molecule: missing,false,dft_jobs/C2H2_Au100/r2scan/OUTCAR,vasp_slab/Au100/r2scan/OUTCAR,vasp_mol/C2H2/r2scan/OUTCAR
r2scan,C2H2_Au110,Au110,C2H2,dft_jobs,,-1205.07970007,,,error,slab+mol: OUTCAR not found: dft_jobs/C2H2_Au110/r2scan/OUTCAR; mol: OUTCAR not found: vasp_mol/C2H2/r2scan/OUTCAR,complex: missing; slab: converged; molecule: missing,false,dft_jobs/C2H2_Au110/r2scan/OUTCAR,vasp_slab/Au110/r2scan/OUTCAR,vasp_mol/C2H2/r2scan/OUTCAR
r2scan,C2H2_Au111,Au111,C2H2,dft_jobs,,-3226.08924919,,,error,slab+mol: OUTCAR not found: dft_jobs/C2H2_Au111/r2scan/OUTCAR; mol: OUTCAR not found: vasp_mol/C2H2/r2scan/OUTCAR,complex: missing; slab: converged; molecule: missing,false,dft_jobs/C2H2_Au111/r2scan/OUTCAR,vasp_slab/Au111/r2scan/OUTCAR,vasp_mol/C2H2/r2scan/OUTCAR
r2scan,C2H2_Ir100,Ir100,C2H2,dft_jobs,,-1858.5238611,,,error,slab+mol: OUTCAR not found: dft_jobs/C2H2_Ir100/r2scan/OUTCAR; mol: OUTCAR not found: vasp_mol/C2H2/r2scan/OUTCAR,complex: missing; slab: unfinished; molecule: missing,false,dft_jobs/C2H2_Ir100/r2scan/OUTCAR,vasp_slab/Ir100/r2scan/OUTCAR,vasp_mol/C2H2/r2scan/OUTCAR
r2scan,C2H2_Ir110,Ir110,C2H2,dft_jobs,,-1228.67675167,,,error,slab+mol: OUTCAR not found: dft_jobs/C2H2_Ir110/r2scan/OUTCAR; mol: OUTCAR not found: vasp_mol/C2H2/r2scan/OUTCAR,complex: missing; slab: converged; molecule: missing,false,dft_jobs/C2H2_Ir110/r2scan/OUTCAR,vasp_slab/Ir110/r2scan/OUTCAR,vasp_mol/C2H2/r2scan/OUTCAR
r2scan,C2H2_Ir111,Ir111,C2H2,dft_jobs,,-3320.68314209,,,error,slab+mol: OUTCAR not found: dft_jobs/C2H2_Ir111/r2scan/OUTCAR; mol: OUTCAR not found: vasp_mol/C2H2/r2scan/OUTCAR,complex: missing; slab: converged; molecule: missing,false,dft_jobs/C2H2_Ir111/r2scan/OUTCAR,vasp_slab/Ir111/r2scan/OUTCAR,vasp_mol/C2H2/r2scan/OUTCAR
r2scan,C2H2_Pd111_bri,Pd111,C2H2,dft_jobs,,-1449.11649223,,,error,slab+mol: OUTCAR not found: dft_jobs/C2H2_Pd111_bri/r2scan/OUTCAR; mol: OUTCAR not found: vasp_mol/C2H2/r2scan/OUTCAR,complex: missing; slab: converged; molecule: missing,false,dft_jobs/C2H2_Pd111_bri/r2scan/OUTCAR,vasp_slab/Pd111/r2scan/OUTCAR,vasp_mol/C2H2/r2scan/OUTCAR
r2scan,C2H2_Rh100,Rh100,C2H2,dft_jobs,,-847.91797961,,,error,slab+mol: OUTCAR not found: dft_jobs/C2H2_Rh100/r2scan/OUTCAR; mol: OUTCAR not found: vasp_mol/C2H2/r2scan/OUTCAR,complex: missing; slab: converged; molecule: missing,false,dft_jobs/C2H2_Rh100/r2scan/OUTCAR,vasp_slab/Rh100/r2scan/OUTCAR,vasp_mol/C2H2/r2scan/OUTCAR
r2scan,C2H2_Rh110,Rh110,C2H2,dft_jobs,,-558.01919395,,,error,slab+mol: OUTCAR not found: dft_jobs/C2H2_Rh110/r2scan/OUTCAR; mol: OUTCAR not found: vasp_mol/C2H2/r2scan/OUTCAR,complex: missing; slab: converged; molecule: missing,false,dft_jobs/C2H2_Rh110/r2scan/OUTCAR,vasp_slab/Rh110/r2scan/OUTCAR,vasp_mol/C2H2/r2scan/OUTCAR
r2scan,C2H2_Rh111,Rh111,C2H2,dft_jobs,,-1516.88991315,,,error,slab+mol: OUTCAR not found: dft_jobs/C2H2_Rh111/r2scan/OUTCAR; mol: OUTCAR not found: vasp_mol/C2H2/r2scan/OUTCAR,complex: missing; slab: converged; molecule: missing,false,dft_jobs/C2H2_Rh111/r2scan/OUTCAR,vasp_slab/Rh111/r2scan/OUTCAR,vasp_mol/C2H2/r2scan/OUTCAR
r2scan,C2H4_Ag100,Ag100,C2H4,dft_jobs,-793.8853655,-759.06403021,-33.54855876,-1.2727765299999803,ok,,complex: unfinished; slab: converged; molecule: converged,false,dft_jobs/C2H4_Ag100/r2scan/OUTCAR,vasp_slab/Ag100/r2scan/OUTCAR,vasp_mol/C2H4/r2scan/OUTCAR
r2scan,C2H4_Ag110,Ag110,C2H4,dft_jobs,-537.2784237,-502.68023804,-33.54855876,-1.0496268999999572,ok,,complex: unfinished; slab: converged; molecule: converged,false,dft_jobs/C2H4_Ag110/r2scan/OUTCAR,vasp_slab/Ag110/r2scan/OUTCAR,vasp_mol/C2H4/r2scan/OUTCAR
r2scan,C2H4_Ag111,Ag111,C2H4,dft_jobs,-795.69053943,-1351.78284961,-33.54855876,,slab_mismatch,"slab size mismatch: job has 36 Ag, reference has 64 Ag",complex: unfinished; slab: converged; molecule: converged,false,dft_jobs/C2H4_Ag111/r2scan/OUTCAR,vasp_slab/Ag111/r2scan/OUTCAR,vasp_mol/C2H4/r2scan/OUTCAR
r2scan,C2H4_Au100,Au100,C2H4,dft_jobs,-3254.63406398,-1812.10460465,-33.54855876,,slab_mismatch,"slab size mismatch: job has 64 Au, reference has 36 Au",complex: unfinished; slab: converged; molecule: converged,false,dft_jobs/C2H4_Au100/r2scan/OUTCAR,vasp_slab/Au100/r2scan/OUTCAR,vasp_mol/C2H4/r2scan/OUTCAR
r2scan,C2H4_Au110,Au110,C2H4,dft_jobs,-3245.7800614,-1205.07970007,-33.54855876,,slab_mismatch,"slab size mismatch: job has 64 Au, reference has 24 Au",complex: unfinished; slab: converged; molecule: converged,false,dft_jobs/C2H4_Au110/r2scan/OUTCAR,vasp_slab/Au110/r2scan/OUTCAR,vasp_mol/C2H4/r2scan/OUTCAR
r2scan,C2H4_Au111,Au111,C2H4,dft_jobs,-1848.187452,-3226.08924919,-33.54855876,,slab_mismatch,"slab size mismatch: job has 36 Au, reference has 64 Au",complex: unfinished; slab: converged; molecule: converged,false,dft_jobs/C2H4_Au111/r2scan/OUTCAR,vasp_slab/Au111/r2scan/OUTCAR,vasp_mol/C2H4/r2scan/OUTCAR
r2scan,C2H4_Cu100,Cu100,C2H4,dft_jobs,-704.29454283,-670.31649401,-33.54855876,-0.42949005999991385,ok,,complex: unfinished; slab: converged; molecule: converged,false,dft_jobs/C2H4_Cu100/r2scan/OUTCAR,vasp_slab/Cu100/r2scan/OUTCAR,vasp_mol/C2H4/r2scan/OUTCAR
r2scan,C2H4_Cu110,Cu110,C2H4,dft_jobs,-281.88001099,-248.0324956,-33.54855876,-0.2989566300000135,ok,,complex: converged; slab: converged; molecule: converged,true,dft_jobs/C2H4_Cu110/r2scan/OUTCAR,vasp_slab/Cu110/r2scan/OUTCAR,vasp_mol/C2H4/r2scan/OUTCAR
r2scan,C2H4_Cu111,Cu111,C2H4,dft_jobs,-709.09468766,-676.88050278,-33.54855876,1.3343738800000509,ok,,complex: unfinished; slab: converged; molecule: converged,false,dft_jobs/C2H4_Cu111/r2scan/OUTCAR,vasp_slab/Cu111/r2scan/OUTCAR,vasp_mol/C2H4/r2scan/OUTCAR
r2scan,C2H4_Ir100,Ir100,C2H4,dft_jobs,-1893.99473022,-1858.5238611,-33.54855876,-1.9223103600000897,ok,,complex: converged; slab: unfinished; molecule: converged,false,dft_jobs/C2H4_Ir100/r2scan/OUTCAR,vasp_slab/Ir100/r2scan/OUTCAR,vasp_mol/C2H4/r2scan/OUTCAR
r2scan,C2H4_Ir110,Ir110,C2H4,dft_jobs,-1264.10329273,-1228.67675167,-33.54855876,-1.8779823000000917,ok,,complex: converged; slab: converged; molecule: converged,true,dft_jobs/C2H4_Ir110/r2scan/OUTCAR,vasp_slab/Ir110/r2scan/OUTCAR,vasp_mol/C2H4/r2scan/OUTCAR
r2scan,C2H4_Ir111,Ir111,C2H4,dft_jobs,-3355.29231983,-3320.68314209,-33.54855876,-1.0606189800001786,ok,,complex: converged; slab: converged; molecule: converged,true,dft_jobs/C2H4_Ir111/r2scan/OUTCAR,vasp_slab/Ir111/r2scan/OUTCAR,vasp_mol/C2H4/r2scan/OUTCAR
r2scan,C2H4_Pd100,Pd100,C2H4,dft_jobs,-847.15439604,-812.2261307,-33.54855876,-1.3797065800000539,ok,,complex: converged; slab: converged; molecule: converged,true,dft_jobs/C2H4_Pd100/r2scan/OUTCAR,vasp_slab/Pd100/r2scan/OUTCAR,vasp_mol/C2H4/r2scan/OUTCAR
r2scan,C2H4_Pd110,Pd110,C2H4,dft_jobs,-569.75749213,-534.90205054,-33.54855876,-1.3068828299999424,ok,,complex: converged; slab: converged; molecule: converged,true,dft_jobs/C2H4_Pd110/r2scan/OUTCAR,vasp_slab/Pd110/r2scan/OUTCAR,vasp_mol/C2H4/r2scan/OUTCAR
r2scan,C2H4_Pd111,Pd111,C2H4,dft_jobs,-850.03910776,-1449.11649223,-33.54855876,,slab_mismatch,"slab size mismatch: job has 36 Pd, reference has 64 Pd",complex: unfinished; slab: converged; molecule: converged,false,dft_jobs/C2H4_Pd111/r2scan/OUTCAR,vasp_slab/Pd111/r2scan/OUTCAR,vasp_mol/C2H4/r2scan/OUTCAR
r2scan,C2H4_Pt100,Pt100,C2H4,dft_jobs,-1871.35771376,-1835.69135898,-33.54855876,-2.117796020000121,ok,,complex: converged; slab: converged; molecule: converged,true,dft_jobs/C2H4_Pt100/r2scan/OUTCAR,vasp_slab/Pt100/r2scan/OUTCAR,vasp_mol/C2H4/r2scan/OUTCAR
r2scan,C2H4_Pt110,Pt110,C2H4,dft_jobs,-1251.71847208,-1216.08630705,-33.54855876,-2.083606270000125,ok,,complex: converged; slab: converged; molecule: converged,true,dft_jobs/C2H4_Pt110/r2scan/OUTCAR,vasp_slab/Pt110/r2scan/OUTCAR,vasp_mol/C2H4/r2scan/OUTCAR
r2scan,C2H4_Pt111_bri,Pt111,C2H4,dft_jobs,,-3273.97042641,-33.54855876,,error,slab+mol: OUTCAR not found: dft_jobs/C2H4_Pt111_bri/r2scan/OUTCAR,complex: missing; slab: converged; molecule: converged,false,dft_jobs/C2H4_Pt111_bri/r2scan/OUTCAR,vasp_slab/Pt111/r2scan/OUTCAR,vasp_mol/C2H4/r2scan/OUTCAR
r2scan,C2H4_Rh100,Rh100,C2H4,dft_jobs,-883.26008799,-847.91797961,-33.54855876,-1.7935496200000145,ok,,complex: converged; slab: converged; molecule: converged,true,dft_jobs/C2H4_Rh100/r2scan/OUTCAR,vasp_slab/Rh100/r2scan/OUTCAR,vasp_mol/C2H4/r2scan/OUTCAR
r2scan,C2H4_Rh110,Rh110,C2H4,dft_jobs,-593.17105921,-558.01919395,-33.54855876,-1.6033064999999098,ok,,complex: converged; slab: converged; molecule: converged,true,dft_jobs/C2H4_Rh110/r2scan/OUTCAR,vasp_slab/Rh110/r2scan/OUTCAR,vasp_mol/C2H4/r2scan/OUTCAR
r2scan,C2H4_Rh111,Rh111,C2H4,dft_jobs,-1552.43705372,-1516.88991315,-33.54855876,-1.9985818100000117,ok,,complex: unfinished; slab: converged; molecule: converged,false,dft_jobs/C2H4_Rh111/r2scan/OUTCAR,vasp_slab/Rh111/r2scan/OUTCAR,vasp_mol/C2H4/r2scan/OUTCAR
r2scan,C2H5OH_Pt111_top,Pt111,C2H5OH,dft_jobs,,-3273.97042641,-49.63959258,,error,slab+mol: OUTCAR not found: dft_jobs/C2H5OH_Pt111_top/r2scan/OUTCAR,complex: missing; slab: converged; molecule: converged,false,dft_jobs/C2H5OH_Pt111_top/r2scan/OUTCAR,vasp_slab/Pt111/r2scan/OUTCAR,vasp_mol/CH3CH2OH/r2scan/OUTCAR
r2scan,C2H6_Ag100,Ag100,C2H6,dft_jobs,-1392.47565272,-759.06403021,-42.25569583,,slab_mismatch,"slab size mismatch: job has 64 Ag, reference has 36 Ag",complex: unfinished; slab: converged; molecule: converged,false,dft_jobs/C2H6_Ag100/r2scan/OUTCAR,vasp_slab/Ag100/r2scan/OUTCAR,vasp_mol/C2H6/r2scan/OUTCAR
r2scan,C2H6_Ag110,Ag110,C2H6,dft_jobs,-545.69198114,-502.68023804,-42.25569583,-0.756047270000046,ok,,complex: unfinished; slab: converged; molecule: converged,false,dft_jobs/C2H6_Ag110/r2scan/OUTCAR,vasp_slab/Ag110/r2scan/OUTCAR,vasp_mol/C2H6/r2scan/OUTCAR
r2scan,C2H6_Ag111,Ag111,C2H6,dft_jobs,-1396.20702255,-1351.78284961,-42.25569583,-2.1684771099998343,ok,,complex: converged; slab: converged; molecule: converged,true,dft_jobs/C2H6_Ag111/r2scan/OUTCAR,vasp_slab/Ag111/r2scan/OUTCAR,vasp_mol/C2H6/r2scan/OUTCAR
r2scan,C2H6_Au100,Au100,C2H6,dft_jobs,-3263.41971568,-1812.10460465,-42.25569583,,slab_mismatch,"slab size mismatch: job has 64 Au, reference has 36 Au",complex: converged; slab: converged; molecule: converged,false,dft_jobs/C2H6_Au100/r2scan/OUTCAR,vasp_slab/Au100/r2scan/OUTCAR,vasp_mol/C2H6/r2scan/OUTCAR
r2scan,C2H6_Au110,Au110,C2H6,dft_jobs,-3254.14289716,-1205.07970007,-42.25569583,,slab_mismatch,"slab size mismatch: job has 64 Au, reference has 24 Au",complex: unfinished; slab: converged; molecule: converged,false,dft_jobs/C2H6_Au110/r2scan/OUTCAR,vasp_slab/Au110/r2scan/OUTCAR,vasp_mol/C2H6/r2scan/OUTCAR
r2scan,C2H6_Au111,Au111,C2H6,dft_jobs,-1856.81672998,-3226.08924919,-42.25569583,,slab_mismatch,"slab size mismatch: job has 36 Au, reference has 64 Au",complex: unfinished; slab: converged; molecule: converged,false,dft_jobs/C2H6_Au111/r2scan/OUTCAR,vasp_slab/Au111/r2scan/OUTCAR,vasp_mol/C2H6/r2scan/OUTCAR
r2scan,C2H6_Cu100,Cu100,C2H6,dft_jobs,-712.56900355,-670.31649401,-42.25569583,0.00318628999999504,ok,,complex: unfinished; slab: converged; molecule: converged,false,dft_jobs/C2H6_Cu100/r2scan/OUTCAR,vasp_slab/Cu100/r2scan/OUTCAR,vasp_mol/C2H6/r2scan/OUTCAR
r2scan,C2H6_Cu110,Cu110,C2H6,dft_jobs,-289.90213909,-248.0324956,-42.25569583,0.3860523400000133,ok,,complex: converged; slab: converged; molecule: converged,true,dft_jobs/C2H6_Cu110/r2scan/OUTCAR,vasp_slab/Cu110/r2scan/OUTCAR,vasp_mol/C2H6/r2scan/OUTCAR
r2scan,C2H6_Cu111,Cu111,C2H6,dft_jobs,-717.77445678,-676.88050278,-42.25569583,1.3617418299999926,ok,,complex: converged; slab: converged; molecule: converged,true,dft_jobs/C2H6_Cu111/r2scan/OUTCAR,vasp_slab/Cu111/r2scan/OUTCAR,vasp_mol/C2H6/r2scan/OUTCAR
r2scan,C2H6_Ir100,Ir100,C2H6,dft_jobs,-1901.04162274,-1858.5238611,-42.25569583,-0.26206581000011653,ok,,complex: converged; slab: unfinished; molecule: converged,false,dft_jobs/C2H6_Ir100/r2scan/OUTCAR,vasp_slab/Ir100/r2scan/OUTCAR,vasp_mol/C2H6/r2scan/OUTCAR
r2scan,C2H6_Ir110,Ir110,C2H6,dft_jobs,-1271.11999584,-1228.67675167,-42.25569583,-0.18754834000007037,ok,,complex: converged; slab: converged; molecule: converged,true,dft_jobs/C2H6_Ir110/r2scan/OUTCAR,vasp_slab/Ir110/r2scan/OUTCAR,vasp_mol/C2H6/r2scan/OUTCAR
r2scan,C2H6_Ir111,Ir111,C2H6,dft_jobs,-3363.01165898,-3320.68314209,-42.25569583,-0.07282106000017308,ok,,complex: converged; slab: converged; molecule: converged,true,dft_jobs/C2H6_Ir111/r2scan/OUTCAR,vasp_slab/Ir111/r2scan/OUTCAR,vasp_mol/C2H6/r2scan/OUTCAR
r2scan,C2H6_Pd100,Pd100,C2H6,dft_jobs,-1486.58536473,-812.2261307,-42.25569583,,slab_mismatch,"slab size mismatch: job has 64 Pd, reference has 36 Pd",complex: converged; slab: converged; molecule: converged,false,dft_jobs/C2H6_Pd100/r2scan/OUTCAR,vasp_slab/Pd100/r2scan/OUTCAR,vasp_mol/C2H6/r2scan/OUTCAR
r2scan,C2H6_Pd110,Pd110,C2H6,dft_jobs,-1472.6629847,-534.90205054,-42.25569583,,slab_mismatch,"slab size mismatch: job has 64 Pd, reference has 24 Pd",complex: unfinished; slab: converged; molecule: converged,false,dft_jobs/C2H6_Pd110/r2scan/OUTCAR,vasp_slab/Pd110/r2scan/OUTCAR,vasp_mol/C2H6/r2scan/OUTCAR
r2scan,C2H6_Pd111,Pd111,C2H6,dft_jobs,-1492.04162716,-1449.11649223,-42.25569583,-0.6694391000000124,ok,,complex: unfinished; slab: converged; molecule: converged,false,dft_jobs/C2H6_Pd111/r2scan/OUTCAR,vasp_slab/Pd111/r2scan/OUTCAR,vasp_mol/C2H6/r2scan/OUTCAR
r2scan,C2H6_Pt100,Pt100,C2H6,dft_jobs,-3308.48681351,-1835.69135898,-42.25569583,,slab_mismatch,"slab size mismatch: job has 64 Pt, reference has 36 Pt",complex: unfinished; slab: converged; molecule: converged,false,dft_jobs/C2H6_Pt100/r2scan/OUTCAR,vasp_slab/Pt100/r2scan/OUTCAR,vasp_mol/C2H6/r2scan/OUTCAR
r2scan,C2H6_Pt110,Pt110,C2H6,dft_jobs,-3292.61531511,-1216.08630705,-42.25569583,,slab_mismatch,"slab size mismatch: job has 64 Pt, reference has 24 Pt",complex: unfinished; slab: converged; molecule: converged,false,dft_jobs/C2H6_Pt110/r2scan/OUTCAR,vasp_slab/Pt110/r2scan/OUTCAR,vasp_mol/C2H6/r2scan/OUTCAR
r2scan,C2H6_Rh100,Rh100,C2H6,dft_jobs,-890.80800628,-847.91797961,-42.25569583,-0.634330839999997,ok,,complex: converged; slab: converged; molecule: converged,true,dft_jobs/C2H6_Rh100/r2scan/OUTCAR,vasp_slab/Rh100/r2scan/OUTCAR,vasp_mol/C2H6/r2scan/OUTCAR
r2scan,C2H6_Rh110,Rh110,C2H6,dft_jobs,-600.71800987,-558.01919395,-42.25569583,-0.44312008999990127,ok,,complex: converged; slab: converged; molecule: converged,true,dft_jobs/C2H6_Rh110/r2scan/OUTCAR,vasp_slab/Rh110/r2scan/OUTCAR,vasp_mol/C2H6/r2scan/OUTCAR
r2scan,C2H6_Rh111,Rh111,C2H6,dft_jobs,-1559.96654957,-1516.88991315,-42.25569583,-0.820940590000113,ok,,complex: unfinished; slab: converged; molecule: converged,false,dft_jobs/C2H6_Rh111/r2scan/OUTCAR,vasp_slab/Rh111/r2scan/OUTCAR,vasp_mol/C2H6/r2scan/OUTCAR
r2scan,CH3CH2OH_Ag100,Ag100,CH3CH2OH,dft_jobs,-1399.95491206,-759.06403021,-49.63959258,,slab_mismatch,"slab size mismatch: job has 64 Ag, reference has 36 Ag",complex: unfinished; slab: converged; molecule: converged,false,dft_jobs/CH3CH2OH_Ag100/r2scan/OUTCAR,vasp_slab/Ag100/r2scan/OUTCAR,vasp_mol/CH3CH2OH/r2scan/OUTCAR
r2scan,CH3CH2OH_Ag110,Ag110,CH3CH2OH,dft_jobs,-1391.2235643,-502.68023804,-49.63959258,,slab_mismatch,"slab size mismatch: job has 64 Ag, reference has 24 Ag",complex: unfinished; slab: converged; molecule: converged,false,dft_jobs/CH3CH2OH_Ag110/r2scan/OUTCAR,vasp_slab/Ag110/r2scan/OUTCAR,vasp_mol/CH3CH2OH/r2scan/OUTCAR
r2scan,CH3CH2OH_Ag111,Ag111,CH3CH2OH,dft_jobs,-1403.71052878,-1351.78284961,-49.63959258,-2.2880865899999208,ok,,complex: unfinished; slab: converged; molecule: converged,false,dft_jobs/CH3CH2OH_Ag111/r2scan/OUTCAR,vasp_slab/Ag111/r2scan/OUTCAR,vasp_mol/CH3CH2OH/r2scan/OUTCAR
r2scan,CH3CH2OH_Au100,Au100,CH3CH2OH,dft_jobs,-3270.78272143,-1812.10460465,-49.63959258,,slab_mismatch,"slab size mismatch: job has 64 Au, reference has 36 Au",complex: unfinished; slab: converged; molecule: converged,false,dft_jobs/CH3CH2OH_Au100/r2scan/OUTCAR,vasp_slab/Au100/r2scan/OUTCAR,vasp_mol/CH3CH2OH/r2scan/OUTCAR
r2scan,CH3CH2OH_Au110,Au110,CH3CH2OH,dft_jobs,-3261.77244042,-1205.07970007,-49.63959258,,slab_mismatch,"slab size mismatch: job has 64 Au, reference has 24 Au",complex: unfinished; slab: converged; molecule: converged,false,dft_jobs/CH3CH2OH_Au110/r2scan/OUTCAR,vasp_slab/Au110/r2scan/OUTCAR,vasp_mol/CH3CH2OH/r2scan/OUTCAR
r2scan,CH3CH2OH_Au111,Au111,CH3CH2OH,dft_jobs,,-3226.08924919,-49.63959258,,error,"slab+mol: No 'free  energy   TOTEN' line found in dft_jobs/CH3CH2OH_Au111/r2scan/OUTCAR.
Check that the VASP job completed successfully.",complex: unfinished; slab: converged; molecule: converged,false,dft_jobs/CH3CH2OH_Au111/r2scan/OUTCAR,vasp_slab/Au111/r2scan/OUTCAR,vasp_mol/CH3CH2OH/r2scan/OUTCAR
r2scan,CH3CH2OH_Cu100,Cu100,CH3CH2OH,dft_jobs,-720.31510272,-670.31649401,-49.63959258,-0.35901612999998633,ok,,complex: unfinished; slab: converged; molecule: converged,false,dft_jobs/CH3CH2OH_Cu100/r2scan/OUTCAR,vasp_slab/Cu100/r2scan/OUTCAR,vasp_mol/CH3CH2OH/r2scan/OUTCAR
r2scan,CH3CH2OH_Cu110,Cu110,CH3CH2OH,dft_jobs,-708.74578478,-248.0324956,-49.63959258,,slab_mismatch,"slab size mismatch: job has 64 Cu, reference has 24 Cu",complex: unfinished; slab: converged; molecule: converged,false,dft_jobs/CH3CH2OH_Cu110/r2scan/OUTCAR,vasp_slab/Cu110/r2scan/OUTCAR,vasp_mol/CH3CH2OH/r2scan/OUTCAR
r2scan,CH3CH2OH_Cu111,Cu111,CH3CH2OH,dft_jobs,-725.31747717,-676.88050278,-49.63959258,1.2026181900000665,ok,,complex: unfinished; slab: converged; molecule: converged,false,dft_jobs/CH3CH2OH_Cu111/r2scan/OUTCAR,vasp_slab/Cu111/r2scan/OUTCAR,vasp_mol/CH3CH2OH/r2scan/OUTCAR
r2scan,CH3CH2OH_Ir100,Ir100,CH3CH2OH,dft_jobs,-1909.10780699,-1858.5238611,-49.63959258,-0.9443533099999968,ok,,complex: converged; slab: unfinished; molecule: converged,false,dft_jobs/CH3CH2OH_Ir100/r2scan/OUTCAR,vasp_slab/Ir100/r2scan/OUTCAR,vasp_mol/CH3CH2OH/r2scan/OUTCAR
r2scan,CH3CH2OH_Ir110,Ir110,CH3CH2OH,dft_jobs,-1279.19498832,-1228.67675167,-49.63959258,-0.878644070000064,ok,,complex: converged; slab: converged; molecule: converged,true,dft_jobs/CH3CH2OH_Ir110/r2scan/OUTCAR,vasp_slab/Ir110/r2scan/OUTCAR,vasp_mol/CH3CH2OH/r2scan/OUTCAR
r2scan,CH3CH2OH_Ir111,Ir111,CH3CH2OH,dft_jobs,-3370.92255436,-3320.68314209,-49.63959258,-0.5998196900002313,ok,,complex: converged; slab: converged; molecule: converged,true,dft_jobs/CH3CH2OH_Ir111/r2scan/OUTCAR,vasp_slab/Ir111/r2scan/OUTCAR,vasp_mol/CH3CH2OH/r2scan/OUTCAR
r2scan,CH3CH2OH_Pd100,Pd100,CH3CH2OH,dft_jobs,-1494.31023132,-812.2261307,-49.63959258,,slab_mismatch,"slab size mismatch: job has 64 Pd, reference has 36 Pd",complex: unfinished; slab: converged; molecule: converged,false,dft_jobs/CH3CH2OH_Pd100/r2scan/OUTCAR,vasp_slab/Pd100/r2scan/OUTCAR,vasp_mol/CH3CH2OH/r2scan/OUTCAR
r2scan,CH3CH2OH_Pd110,Pd110,CH3CH2OH,dft_jobs,-1480.56268349,-534.90205054,-49.63959258,,slab_mismatch,"slab size mismatch: job has 64 Pd, reference has 24 Pd",complex: unfinished; slab: converged; molecule: converged,false,dft_jobs/CH3CH2OH_Pd110/r2scan/OUTCAR,vasp_slab/Pd110/r2scan/OUTCAR,vasp_mol/CH3CH2OH/r2scan/OUTCAR
r2scan,CH3CH2OH_Pd111,Pd111,CH3CH2OH,dft_jobs,-1499.84309945,-1449.11649223,-49.63959258,-1.0870146400000067,ok,,complex: converged; slab: converged; molecule: converged,true,dft_jobs/CH3CH2OH_Pd111/r2scan/OUTCAR,vasp_slab/Pd111/r2scan/OUTCAR,vasp_mol/CH3CH2OH/r2scan/OUTCAR
r2scan,CH3CH2OH_Pt100,Pt100,CH3CH2OH,dft_jobs,-3316.35455221,-1835.69135898,-49.63959258,,slab_mismatch,"slab size mismatch: job has 64 Pt, reference has 36 Pt",complex: unfinished; slab: converged; molecule: converged,false,dft_jobs/CH3CH2OH_Pt100/r2scan/OUTCAR,vasp_slab/Pt100/r2scan/OUTCAR,vasp_mol/CH3CH2OH/r2scan/OUTCAR
r2scan,CH3CH2OH_Pt110,Pt110,CH3CH2OH,dft_jobs,-3300.61482423,-1216.08630705,-49.63959258,,slab_mismatch,"slab size mismatch: job has 64 Pt, reference has 24 Pt",complex: unfinished; slab: converged; molecule: converged,false,dft_jobs/CH3CH2OH_Pt110/r2scan/OUTCAR,vasp_slab/Pt110/r2scan/OUTCAR,vasp_mol/CH3CH2OH/r2scan/OUTCAR
r2scan,CH3CH2OH_Rh100,Rh100,CH3CH2OH,dft_jobs,-898.62024145,-847.91797961,-49.63959258,-1.062669260000007,ok,,complex: converged; slab: converged; molecule: converged,true,dft_jobs/CH3CH2OH_Rh100/r2scan/OUTCAR,vasp_slab/Rh100/r2scan/OUTCAR,vasp_mol/CH3CH2OH/r2scan/OUTCAR
r2scan,CH3CH2OH_Rh110,Rh110,CH3CH2OH,dft_jobs,-608.64188469,-558.01919395,-49.63959258,-0.9830981599999404,ok,,complex: converged; slab: converged; molecule: converged,true,dft_jobs/CH3CH2OH_Rh110/r2scan/OUTCAR,vasp_slab/Rh110/r2scan/OUTCAR,vasp_mol/CH3CH2OH/r2scan/OUTCAR
r2scan,CH3CH2OH_Rh111,Rh111,CH3CH2OH,dft_jobs,-1568.00860518,-1516.88991315,-49.63959258,-1.4790994499999215,ok,,complex: unfinished; slab: converged; molecule: converged,false,dft_jobs/CH3CH2OH_Rh111/r2scan/OUTCAR,vasp_slab/Rh111/r2scan/OUTCAR,vasp_mol/CH3CH2OH/r2scan/OUTCAR
r2scan,CH3CHO_Ag100,Ag100,CH3CHO,dft_jobs,-802.05470648,-759.06403021,-41.67478097,-1.315895299999994,ok,,complex: unfinished; slab: converged; molecule: converged,false,dft_jobs/CH3CHO_Ag100/r2scan/OUTCAR,vasp_slab/Ag100/r2scan/OUTCAR,vasp_mol/CH3CHO/r2scan/OUTCAR
r2scan,CH3CHO_Ag110,Ag110,CH3CHO,dft_jobs,-545.31137897,-502.68023804,-41.67478097,-0.9563599599999577,ok,,complex: converged; slab: converged; molecule: converged,true,dft_jobs/CH3CHO_Ag110/r2scan/OUTCAR,vasp_slab/Ag110/r2scan/OUTCAR,vasp_mol/CH3CHO/r2scan/OUTCAR
r2scan,CH3CHO_Ag111,Ag111,CH3CHO,dft_jobs,-803.83867948,-1351.78284961,-41.67478097,,slab_mismatch,"slab size mismatch: job has 36 Ag, reference has 64 Ag",complex: unfinished; slab: converged; molecule: converged,false,dft_jobs/CH3CHO_Ag111/r2scan/OUTCAR,vasp_slab/Ag111/r2scan/OUTCAR,vasp_mol/CH3CHO/r2scan/OUTCAR
r2scan,CH3CHO_Au100,Au100,CH3CHO,dft_jobs,-3262.78143133,-1812.10460465,-41.67478097,,slab_mismatch,"slab size mismatch: job has 64 Au, reference has 36 Au",complex: unfinished; slab: converged; molecule: converged,false,dft_jobs/CH3CHO_Au100/r2scan/OUTCAR,vasp_slab/Au100/r2scan/OUTCAR,vasp_mol/CH3CHO/r2scan/OUTCAR
r2scan,CH3CHO_Au110,Au110,CH3CHO,dft_jobs,-3253.72099465,-1205.07970007,-41.67478097,,slab_mismatch,"slab size mismatch: job has 64 Au, reference has 24 Au",complex: unfinished; slab: converged; molecule: converged,false,dft_jobs/CH3CHO_Au110/r2scan/OUTCAR,vasp_slab/Au110/r2scan/OUTCAR,vasp_mol/CH3CHO/r2scan/OUTCAR
r2scan,CH3CHO_Au111,Au111,CH3CHO,dft_jobs,-1856.26166793,-3226.08924919,-41.67478097,,slab_mismatch,"slab size mismatch: job has 36 Au, reference has 64 Au",complex: unfinished; slab: converged; molecule: converged,false,dft_jobs/CH3CHO_Au111/r2scan/OUTCAR,vasp_slab/Au111/r2scan/OUTCAR,vasp_mol/CH3CHO/r2scan/OUTCAR
r2scan,CH3CHO_Cu100,Cu100,CH3CHO,dft_jobs,-712.36081322,-670.31649401,-41.67478097,-0.36953823999991187,ok,,complex: unfinished; slab: converged; molecule: converged,false,dft_jobs/CH3CHO_Cu100/r2scan/OUTCAR,vasp_slab/Cu100/r2scan/OUTCAR,vasp_mol/CH3CHO/r2scan/OUTCAR
r2scan,CH3CHO_Cu110,Cu110,CH3CHO,dft_jobs,-289.71717357,-248.0324956,-41.67478097,-0.00989699999999516,ok,,complex: converged; slab: converged; molecule: converged,true,dft_jobs/CH3CHO_Cu110/r2scan/OUTCAR,vasp_slab/Cu110/r2scan/OUTCAR,vasp_mol/CH3CHO/r2scan/OUTCAR
r2scan,CH3CHO_Cu111,Cu111,CH3CHO,dft_jobs,-717.42565649,-676.88050278,-41.67478097,1.1296272599999782,ok,,complex: unfinished; slab: converged; molecule: converged,false,dft_jobs/CH3CHO_Cu111/r2scan/OUTCAR,vasp_slab/Cu111/r2scan/OUTCAR,vasp_mol/CH3CHO/r2scan/OUTCAR
r2scan,CH3CHO_Ir100,Ir100,CH3CHO,dft_jobs,-1901.1470735,-1858.5238611,-41.67478097,-0.9484314300000563,ok,,complex: converged; slab: unfinished; molecule: converged,false,dft_jobs/CH3CHO_Ir100/r2scan/OUTCAR,vasp_slab/Ir100/r2scan/OUTCAR,vasp_mol/CH3CHO/r2scan/OUTCAR
r2scan,CH3CHO_Ir110,Ir110,CH3CHO,dft_jobs,-1271.21949542,-1228.67675167,-41.67478097,-0.8679627799999992,ok,,complex: converged; slab: converged; molecule: converged,true,dft_jobs/CH3CHO_Ir110/r2scan/OUTCAR,vasp_slab/Ir110/r2scan/OUTCAR,vasp_mol/CH3CHO/r2scan/OUTCAR
r2scan,CH3CHO_Ir111,Ir111,CH3CHO,dft_jobs,-3362.9411006,-3320.68314209,-41.67478097,-0.5831775400002073,ok,,complex: converged; slab: converged; molecule: converged,true,dft_jobs/CH3CHO_Ir111/r2scan/OUTCAR,vasp_slab/Ir111/r2scan/OUTCAR,vasp_mol/CH3CHO/r2scan/OUTCAR
r2scan,CH3CHO_Pd100,Pd100,CH3CHO,dft_jobs,-854.58615789,-812.2261307,-41.67478097,-0.685246219999982,ok,,complex: converged; slab: converged; molecule: converged,true,dft_jobs/CH3CHO_Pd100/r2scan/OUTCAR,vasp_slab/Pd100/r2scan/OUTCAR,vasp_mol/CH3CHO/r2scan/OUTCAR
r2scan,CH3CHO_Pd110,Pd110,CH3CHO,dft_jobs,-577.24074311,-534.90205054,-41.67478097,-0.6639116000000342,ok,,complex: converged; slab: converged; molecule: converged,true,dft_jobs/CH3CHO_Pd110/r2scan/OUTCAR,vasp_slab/Pd110/r2scan/OUTCAR,vasp_mol/CH3CHO/r2scan/OUTCAR
r2scan,CH3CHO_Pd111,Pd111,CH3CHO,dft_jobs,-857.65811297,-1449.11649223,-41.67478097,,slab_mismatch,"slab size mismatch: job has 36 Pd, reference has 64 Pd",complex: converged; slab: converged; molecule: converged,false,dft_jobs/CH3CHO_Pd111/r2scan/OUTCAR,vasp_slab/Pd111/r2scan/OUTCAR,vasp_mol/CH3CHO/r2scan/OUTCAR
r2scan,CH3CHO_Pt100,Pt100,CH3CHO,dft_jobs,-1878.44358854,-1835.69135898,-41.67478097,-1.0774485900001594,ok,,complex: unfinished; slab: converged; molecule: converged,false,dft_jobs/CH3CHO_Pt100/r2scan/OUTCAR,vasp_slab/Pt100/r2scan/OUTCAR,vasp_mol/CH3CHO/r2scan/OUTCAR
r2scan,CH3CHO_Pt110,Pt110,CH3CHO,dft_jobs,-1258.88233472,-1216.08630705,-41.67478097,-1.1212467000000572,ok,,complex: converged; slab: converged; molecule: converged,true,dft_jobs/CH3CHO_Pt110/r2scan/OUTCAR,vasp_slab/Pt110/r2scan/OUTCAR,vasp_mol/CH3CHO/r2scan/OUTCAR
r2scan,CH3CHO_Pt111_top,Pt111,CH3CHO,dft_jobs,,-3273.97042641,-41.67478097,,error,slab+mol: OUTCAR not found: dft_jobs/CH3CHO_Pt111_top/r2scan/OUTCAR,complex: missing; slab: converged; molecule: converged,false,dft_jobs/CH3CHO_Pt111_top/r2scan/OUTCAR,vasp_slab/Pt111/r2scan/OUTCAR,vasp_mol/CH3CHO/r2scan/OUTCAR
r2scan,CH3CHO_Rh100,Rh100,CH3CHO,dft_jobs,-890.6125006,-847.91797961,-41.67478097,-1.0197400200000004,ok,,complex: converged; slab: converged; molecule: converged,true,dft_jobs/CH3CHO_Rh100/r2scan/OUTCAR,vasp_slab/Rh100/r2scan/OUTCAR,vasp_mol/CH3CHO/r2scan/OUTCAR
r2scan,CH3CHO_Rh110,Rh110,CH3CHO,dft_jobs,-601.1647582,-558.01919395,-41.67478097,-1.4707832800000062,ok,,complex: converged; slab: converged; molecule: converged,true,dft_jobs/CH3CHO_Rh110/r2scan/OUTCAR,vasp_slab/Rh110/r2scan/OUTCAR,vasp_mol/CH3CHO/r2scan/OUTCAR
r2scan,CH3CHO_Rh111,Rh111,CH3CHO,dft_jobs,-1559.90840962,-1516.88991315,-41.67478097,-1.343715499999945,ok,,complex: unfinished; slab: converged; molecule: converged,false,dft_jobs/CH3CHO_Rh111/r2scan/OUTCAR,vasp_slab/Rh111/r2scan/OUTCAR,vasp_mol/CH3CHO/r2scan/OUTCAR
r2scan,CH3COOH_Ag100,Ag100,CH3COOH,dft_jobs,-810.87894284,-759.06403021,-50.35050334,-1.4644092899999777,ok,,complex: converged; slab: converged; molecule: converged,true,dft_jobs/CH3COOH_Ag100/r2scan/OUTCAR,vasp_slab/Ag100/r2scan/OUTCAR,vasp_mol/CH3COOH/r2scan/OUTCAR
r2scan,CH3COOH_Ag110,Ag110,CH3COOH,dft_jobs,-554.15710103,-502.68023804,-50.35050334,-1.1263596500000261,ok,,complex: converged; slab: converged; molecule: converged,true,dft_jobs/CH3COOH_Ag110/r2scan/OUTCAR,vasp_slab/Ag110/r2scan/OUTCAR,vasp_mol/CH3COOH/r2scan/OUTCAR
r2scan,CH3COOH_Ag111,Ag111,CH3COOH,dft_jobs,-812.65731206,-1351.78284961,-50.35050334,,slab_mismatch,"slab size mismatch: job has 36 Ag, reference has 64 Ag",complex: unfinished; slab: converged; molecule: converged,false,dft_jobs/CH3COOH_Ag111/r2scan/OUTCAR,vasp_slab/Ag111/r2scan/OUTCAR,vasp_mol/CH3COOH/r2scan/OUTCAR
r2scan,CH3COOH_Au100,Au100,CH3COOH,dft_jobs,-3271.55418204,-1812.10460465,-50.35050334,,slab_mismatch,"slab size mismatch: job has 64 Au, reference has 36 Au",complex: unfinished; slab: converged; molecule: converged,false,dft_jobs/CH3COOH_Au100/r2scan/OUTCAR,vasp_slab/Au100/r2scan/OUTCAR,vasp_mol/CH3COOH/r2scan/OUTCAR
r2scan,CH3COOH_Au110,Au110,CH3COOH,dft_jobs,-3262.55383931,-1205.07970007,-50.35050334,,slab_mismatch,"slab size mismatch: job has 64 Au, reference has 24 Au",complex: unfinished; slab: converged; molecule: converged,false,dft_jobs/CH3COOH_Au110/r2scan/OUTCAR,vasp_slab/Au110/r2scan/OUTCAR,vasp_mol/CH3COOH/r2scan/OUTCAR
r2scan,CH3COOH_Au111,Au111,CH3COOH,dft_jobs,-1865.16837452,-3226.08924919,-50.35050334,,slab_mismatch,"slab size mismatch: job has 36 Au, reference has 64 Au",complex: unfinished; slab: converged; molecule: converged,false,dft_jobs/CH3COOH_Au111/r2scan/OUTCAR,vasp_slab/Au111/r2scan/OUTCAR,vasp_mol/CH3COOH/r2scan/OUTCAR
r2scan,CH3COOH_Cu100,Cu100,CH3COOH,dft_jobs,-721.13535832,-670.31649401,-50.35050334,-0.4683609699999778,ok,,complex: unfinished; slab: converged; molecule: converged,false,dft_jobs/CH3COOH_Cu100/r2scan/OUTCAR,vasp_slab/Cu100/r2scan/OUTCAR,vasp_mol/CH3COOH/r2scan/OUTCAR
r2scan,CH3COOH_Cu110,Cu110,CH3COOH,dft_jobs,-298.60716633,-248.0324956,-50.35050334,-0.22416738999997676,ok,,complex: converged; slab: converged; molecule: converged,true,dft_jobs/CH3COOH_Cu110/r2scan/OUTCAR,vasp_slab/Cu110/r2scan/OUTCAR,vasp_mol/CH3COOH/r2scan/OUTCAR
r2scan,CH3COOH_Cu111,Cu111,CH3COOH,dft_jobs,-726.24523735,-676.88050278,-50.35050334,0.9857687700000071,ok,,complex: unfinished; slab: converged; molecule: converged,false,dft_jobs/CH3COOH_Cu111/r2scan/OUTCAR,vasp_slab/Cu111/r2scan/OUTCAR,vasp_mol/CH3COOH/r2scan/OUTCAR
r2scan,CH3COOH_Ir100,Ir100,CH3COOH,dft_jobs,-1909.97276949,-1858.5238611,-50.35050334,-1.0984050500000393,ok,,complex: converged; slab: unfinished; molecule: converged,false,dft_jobs/CH3COOH_Ir100/r2scan/OUTCAR,vasp_slab/Ir100/r2scan/OUTCAR,vasp_mol/CH3COOH/r2scan/OUTCAR
r2scan,CH3COOH_Ir110,Ir110,CH3COOH,dft_jobs,-1280.11650183,-1228.67675167,-50.35050334,-1.0892468200001275,ok,,complex: converged; slab: converged; molecule: converged,true,dft_jobs/CH3COOH_Ir110/r2scan/OUTCAR,vasp_slab/Ir110/r2scan/OUTCAR,vasp_mol/CH3COOH/r2scan/OUTCAR
r2scan,CH3COOH_Ir111,Ir111,CH3COOH,dft_jobs,-3371.68175266,-3320.68314209,-50.35050334,-0.6481072299999795,ok,,complex: unfinished; slab: converged; molecule: converged,false,dft_jobs/CH3COOH_Ir111/r2scan/OUTCAR,vasp_slab/Ir111/r2scan/OUTCAR,vasp_mol/CH3COOH/r2scan/OUTCAR
r2scan,CH3COOH_Pd100,Pd100,CH3COOH,dft_jobs,-863.44706272,-812.2261307,-50.35050334,-0.8704286799999608,ok,,complex: converged; slab: converged; molecule: converged,true,dft_jobs/CH3COOH_Pd100/r2scan/OUTCAR,vasp_slab/Pd100/r2scan/OUTCAR,vasp_mol/CH3COOH/r2scan/OUTCAR
r2scan,CH3COOH_Pd110,Pd110,CH3COOH,dft_jobs,-586.13427861,-534.90205054,-50.35050334,-0.8817247300000162,ok,,complex: converged; slab: converged; molecule: converged,true,dft_jobs/CH3COOH_Pd110/r2scan/OUTCAR,vasp_slab/Pd110/r2scan/OUTCAR,vasp_mol/CH3COOH/r2scan/OUTCAR
r2scan,CH3COOH_Pd111,Pd111,CH3COOH,dft_jobs,-866.48624384,-1449.11649223,-50.35050334,,slab_mismatch,"slab size mismatch: job has 36 Pd, reference has 64 Pd",complex: unfinished; slab: converged; molecule: converged,false,dft_jobs/CH3COOH_Pd111/r2scan/OUTCAR,vasp_slab/Pd111/r2scan/OUTCAR,vasp_mol/CH3COOH/r2scan/OUTCAR
r2scan,CH3COOH_Pt100,Pt100,CH3COOH,dft_jobs,-1887.44732431,-1835.69135898,-50.35050334,-1.4054619900002052,ok,,complex: converged; slab: converged; molecule: converged,true,dft_jobs/CH3COOH_Pt100/r2scan/OUTCAR,vasp_slab/Pt100/r2scan/OUTCAR,vasp_mol/CH3COOH/r2scan/OUTCAR
r2scan,CH3COOH_Pt110,Pt110,CH3COOH,dft_jobs,-1267.75331521,-1216.08630705,-50.35050334,-1.31650482000002,ok,,complex: converged; slab: converged; molecule: converged,true,dft_jobs/CH3COOH_Pt110/r2scan/OUTCAR,vasp_slab/Pt110/r2scan/OUTCAR,vasp_mol/CH3COOH/r2scan/OUTCAR
r2scan,CH3COOH_Pt111_top,Pt111,CH3COOH,dft_jobs,,-3273.97042641,-50.35050334,,error,slab+mol: OUTCAR not found: dft_jobs/CH3COOH_Pt111_top/r2scan/OUTCAR,complex: missing; slab: converged; molecule: converged,false,dft_jobs/CH3COOH_Pt111_top/r2scan/OUTCAR,vasp_slab/Pt111/r2scan/OUTCAR,vasp_mol/CH3COOH/r2scan/OUTCAR
r2scan,CH3COOH_Rh100,Rh100,CH3COOH,dft_jobs,-899.48505712,-847.91797961,-50.35050334,-1.216574169999987,ok,,complex: converged; slab: converged; molecule: converged,true,dft_jobs/CH3COOH_Rh100/r2scan/OUTCAR,vasp_slab/Rh100/r2scan/OUTCAR,vasp_mol/CH3COOH/r2scan/OUTCAR
r2scan,CH3COOH_Rh110,Rh110,CH3COOH,dft_jobs,-609.49828175,-558.01919395,-50.35050334,-1.128584459999999,ok,,complex: converged; slab: converged; molecule: converged,true,dft_jobs/CH3COOH_Rh110/r2scan/OUTCAR,vasp_slab/Rh110/r2scan/OUTCAR,vasp_mol/CH3COOH/r2scan/OUTCAR
r2scan,CH3COOH_Rh111,Rh111,CH3COOH,dft_jobs,-1568.81423262,-1516.88991315,-50.35050334,-1.5738161299999973,ok,,complex: unfinished; slab: converged; molecule: converged,false,dft_jobs/CH3COOH_Rh111/r2scan/OUTCAR,vasp_slab/Rh111/r2scan/OUTCAR,vasp_mol/CH3COOH/r2scan/OUTCAR
r2scan,CH3OCH3_Ag100,Ag100,CH3OCH3,dft_jobs,-809.53737127,-759.06403021,-49.14058927,-1.3327517899999393,ok,,complex: unfinished; slab: converged; molecule: converged,false,dft_jobs/CH3OCH3_Ag100/r2scan/OUTCAR,vasp_slab/Ag100/r2scan/OUTCAR,vasp_mol/CH3OCH3/r2scan/OUTCAR
r2scan,CH3OCH3_Ag110,Ag110,CH3OCH3,dft_jobs,-552.83921813,-502.68023804,-49.14058927,-1.0183908199999436,ok,,complex: converged; slab: converged; molecule: converged,true,dft_jobs/CH3OCH3_Ag110/r2scan/OUTCAR,vasp_slab/Ag110/r2scan/OUTCAR,vasp_mol/CH3OCH3/r2scan/OUTCAR
r2scan,CH3OCH3_Ag111,Ag111,CH3OCH3,dft_jobs,-811.28489858,-1351.78284961,-49.14058927,,slab_mismatch,"slab size mismatch: job has 36 Ag, reference has 64 Ag",complex: converged; slab: converged; molecule: converged,false,dft_jobs/CH3OCH3_Ag111/r2scan/OUTCAR,vasp_slab/Ag111/r2scan/OUTCAR,vasp_mol/CH3OCH3/r2scan/OUTCAR
r2scan,CH3OCH3_Au100,Au100,CH3OCH3,dft_jobs,-3270.37889658,-1812.10460465,-49.14058927,,slab_mismatch,"slab size mismatch: job has 64 Au, reference has 36 Au",complex: unfinished; slab: converged; molecule: converged,false,dft_jobs/CH3OCH3_Au100/r2scan/OUTCAR,vasp_slab/Au100/r2scan/OUTCAR,vasp_mol/CH3OCH3/r2scan/OUTCAR
r2scan,CH3OCH3_Au110,Au110,CH3OCH3,dft_jobs,-3261.16510657,-1205.07970007,-49.14058927,,slab_mismatch,"slab size mismatch: job has 64 Au, reference has 24 Au",complex: unfinished; slab: converged; molecule: converged,false,dft_jobs/CH3OCH3_Au110/r2scan/OUTCAR,vasp_slab/Au110/r2scan/OUTCAR,vasp_mol/CH3OCH3/r2scan/OUTCAR
r2scan,CH3OCH3_Au111,Au111,CH3OCH3,dft_jobs,-1863.78818878,-3226.08924919,-49.14058927,,slab_mismatch,"slab size mismatch: job has 36 Au, reference has 64 Au",complex: unfinished; slab: converged; molecule: converged,false,dft_jobs/CH3OCH3_Au111/r2scan/OUTCAR,vasp_slab/Au111/r2scan/OUTCAR,vasp_mol/CH3OCH3/r2scan/OUTCAR
r2scan,CH3OCH3_Cu100,Cu100,CH3OCH3,dft_jobs,-719.68273681,-670.31649401,-49.14058927,-0.22565353000000954,ok,,complex: unfinished; slab: converged; molecule: converged,false,dft_jobs/CH3OCH3_Cu100/r2scan/OUTCAR,vasp_slab/Cu100/r2scan/OUTCAR,vasp_mol/CH3OCH3/r2scan/OUTCAR
r2scan,CH3OCH3_Cu110,Cu110,CH3OCH3,dft_jobs,-297.20154102,-248.0324956,-49.14058927,-0.028456149999975366,ok,,complex: converged; slab: converged; molecule: converged,true,dft_jobs/CH3OCH3_Cu110/r2scan/OUTCAR,vasp_slab/Cu110/r2scan/OUTCAR,vasp_mol/CH3OCH3/r2scan/OUTCAR
r2scan,CH3OCH3_Cu111,Cu111,CH3OCH3,dft_jobs,-724.6903231,-676.88050278,-49.14058927,1.330768950000028,ok,,complex: unfinished; slab: converged; molecule: converged,false,dft_jobs/CH3OCH3_Cu111/r2scan/OUTCAR,vasp_slab/Cu111/r2scan/OUTCAR,vasp_mol/CH3OCH3/r2scan/OUTCAR
r2scan,CH3OCH3_Ir100,Ir100,CH3OCH3,dft_jobs,-1908.49939949,-1858.5238611,-49.14058927,-0.8349491200001111,ok,,complex: converged; slab: unfinished; molecule: converged,false,dft_jobs/CH3OCH3_Ir100/r2scan/OUTCAR,vasp_slab/Ir100/r2scan/OUTCAR,vasp_mol/CH3OCH3/r2scan/OUTCAR
r2scan,CH3OCH3_Ir110,Ir110,CH3OCH3,dft_jobs,-1278.56864592,-1228.67675167,-49.14058927,-0.7513049800001781,ok,,complex: converged; slab: converged; molecule: converged,true,dft_jobs/CH3OCH3_Ir110/r2scan/OUTCAR,vasp_slab/Ir110/r2scan/OUTCAR,vasp_mol/CH3OCH3/r2scan/OUTCAR
r2scan,CH3OCH3_Ir111,Ir111,CH3OCH3,dft_jobs,-3370.31835107,-3320.68314209,-49.14058927,-0.49461971000024363,ok,,complex: unfinished; slab: converged; molecule: converged,false,dft_jobs/CH3OCH3_Ir111/r2scan/OUTCAR,vasp_slab/Ir111/r2scan/OUTCAR,vasp_mol/CH3OCH3/r2scan/OUTCAR
r2scan,CH3OCH3_Pd100,Pd100,CH3OCH3,dft_jobs,-862.05499225,-812.2261307,-49.14058927,-0.6882722800000565,ok,,complex: converged; slab: converged; molecule: converged,true,dft_jobs/CH3OCH3_Pd100/r2scan/OUTCAR,vasp_slab/Pd100/r2scan/OUTCAR,vasp_mol/CH3OCH3/r2scan/OUTCAR
r2scan,CH3OCH3_Pd110,Pd110,CH3OCH3,dft_jobs,-584.75335165,-534.90205054,-49.14058927,-0.710711840000009,ok,,complex: converged; slab: converged; molecule: converged,true,dft_jobs/CH3OCH3_Pd110/r2scan/OUTCAR,vasp_slab/Pd110/r2scan/OUTCAR,vasp_mol/CH3OCH3/r2scan/OUTCAR
r2scan,CH3OCH3_Pd111,Pd111,CH3OCH3,dft_jobs,-865.15822134,-1449.11649223,-49.14058927,,slab_mismatch,"slab size mismatch: job has 36 Pd, reference has 64 Pd",complex: unfinished; slab: converged; molecule: converged,false,dft_jobs/CH3OCH3_Pd111/r2scan/OUTCAR,vasp_slab/Pd111/r2scan/OUTCAR,vasp_mol/CH3OCH3/r2scan/OUTCAR
r2scan,CH3OCH3_Pt100,Pt100,CH3OCH3,dft_jobs,-1886.05231319,-1835.69135898,-49.14058927,-1.2203649400000458,ok,,complex: converged; slab: converged; molecule: converged,true,dft_jobs/CH3OCH3_Pt100/r2scan/OUTCAR,vasp_slab/Pt100/r2scan/OUTCAR,vasp_mol/CH3OCH3/r2scan/OUTCAR
r2scan,CH3OCH3_Pt110,Pt110,CH3OCH3,dft_jobs,-1266.36780149,-1216.08630705,-49.14058927,-1.1409051699999608,ok,,complex: unfinished; slab: converged; molecule: converged,false,dft_jobs/CH3OCH3_Pt110/r2scan/OUTCAR,vasp_slab/Pt110/r2scan/OUTCAR,vasp_mol/CH3OCH3/r2scan/OUTCAR
r2scan,CH3OCH3_Rh100,Rh100,CH3OCH3,dft_jobs,-898.02639895,-847.91797961,-49.14058927,-0.967830070000069,ok,,complex: converged; slab: converged; molecule: converged,true,dft_jobs/CH3OCH3_Rh100/r2scan/OUTCAR,vasp_slab/Rh100/r2scan/OUTCAR,vasp_mol/CH3OCH3/r2scan/OUTCAR
r2scan,CH3OCH3_Rh110,Rh110,CH3OCH3,dft_jobs,-608.0296351,-558.01919395,-49.14058927,-0.8698518799999064,ok,,complex: converged; slab: converged; molecule: converged,true,dft_jobs/CH3OCH3_Rh110/r2scan/OUTCAR,vasp_slab/Rh110/r2scan/OUTCAR,vasp_mol/CH3OCH3/r2scan/OUTCAR
r2scan,CH3OCH3_Rh111,Rh111,CH3OCH3,dft_jobs,-1567.43714953,-1516.88991315,-49.14058927,-1.406647109999959,ok,,complex: unfinished; slab: converged; molecule: converged,false,dft_jobs/CH3OCH3_Rh111/r2scan/OUTCAR,vasp_slab/Rh111/r2scan/OUTCAR,vasp_mol/CH3OCH3/r2scan/OUTCAR
r2scan,CH3OH_Ag100,Ag100,CH3OH,dft_jobs,-792.57639493,-759.06403021,-32.13652854,-1.3758361799999363,ok,,complex: unfinished; slab: converged; molecule: converged,false,dft_jobs/CH3OH_Ag100/r2scan/OUTCAR,vasp_slab/Ag100/r2scan/OUTCAR,vasp_mol/CH3OH/r2scan/OUTCAR
r2scan,CH3OH_Ag110,Ag110,CH3OH,dft_jobs,-535.88457698,-502.68023804,-32.13652854,-1.0678104000000133,ok,,complex: converged; slab: converged; molecule: converged,true,dft_jobs/CH3OH_Ag110/r2scan/OUTCAR,vasp_slab/Ag110/r2scan/OUTCAR,vasp_mol/CH3OH/r2scan/OUTCAR
r2scan,CH3OH_Ag111,Ag111,CH3OH,dft_jobs,-794.35829008,-1351.78284961,-32.13652854,,slab_mismatch,"slab size mismatch: job has 36 Ag, reference has 64 Ag",complex: unfinished; slab: converged; molecule: converged,false,dft_jobs/CH3OH_Ag111/r2scan/OUTCAR,vasp_slab/Ag111/r2scan/OUTCAR,vasp_mol/CH3OH/r2scan/OUTCAR
r2scan,CH3OH_Au100,Au100,CH3OH,dft_jobs,-3253.27796699,-1812.10460465,-32.13652854,,slab_mismatch,"slab size mismatch: job has 64 Au, reference has 36 Au",complex: unfinished; slab: converged; molecule: converged,false,dft_jobs/CH3OH_Au100/r2scan/OUTCAR,vasp_slab/Au100/r2scan/OUTCAR,vasp_mol/CH3OH/r2scan/OUTCAR
r2scan,CH3OH_Au110,Au110,CH3OH,dft_jobs,-3244.32512991,-1205.07970007,-32.13652854,,slab_mismatch,"slab size mismatch: job has 64 Au, reference has 24 Au",complex: unfinished; slab: converged; molecule: converged,false,dft_jobs/CH3OH_Au110/r2scan/OUTCAR,vasp_slab/Au110/r2scan/OUTCAR,vasp_mol/CH3OH/r2scan/OUTCAR
r2scan,CH3OH_Au111,Au111,CH3OH,dft_jobs,-1846.68397036,-3226.08924919,-32.13652854,,slab_mismatch,"slab size mismatch: job has 36 Au, reference has 64 Au",complex: unfinished; slab: converged; molecule: converged,false,dft_jobs/CH3OH_Au111/r2scan/OUTCAR,vasp_slab/Au111/r2scan/OUTCAR,vasp_mol/CH3OH/r2scan/OUTCAR
r2scan,CH3OH_Cu100,Cu100,CH3OH,dft_jobs,-702.77626691,-670.31649401,-32.13652854,-0.32324435999996126,ok,,complex: unfinished; slab: converged; molecule: converged,false,dft_jobs/CH3OH_Cu100/r2scan/OUTCAR,vasp_slab/Cu100/r2scan/OUTCAR,vasp_mol/CH3OH/r2scan/OUTCAR
r2scan,CH3OH_Cu110,Cu110,CH3OH,dft_jobs,-280.31676663,-248.0324956,-32.13652854,-0.14774249000001305,ok,,complex: unfinished; slab: converged; molecule: converged,false,dft_jobs/CH3OH_Cu110/r2scan/OUTCAR,vasp_slab/Cu110/r2scan/OUTCAR,vasp_mol/CH3OH/r2scan/OUTCAR
r2scan,CH3OH_Cu111_top,Cu111,CH3OH,dft_jobs,,-676.88050278,-32.13652854,,error,slab+mol: OUTCAR not found: dft_jobs/CH3OH_Cu111_top/r2scan/OUTCAR,complex: missing; slab: converged; molecule: converged,false,dft_jobs/CH3OH_Cu111_top/r2scan/OUTCAR,vasp_slab/Cu111/r2scan/OUTCAR,vasp_mol/CH3OH/r2scan/OUTCAR
r2scan,CH3OH_Ir100,Ir100,CH3OH,dft_jobs,-1891.5874466,-1858.5238611,-32.13652854,-0.9270569600000442,ok,,complex: converged; slab: unfinished; molecule: converged,false,dft_jobs/CH3OH_Ir100/r2scan/OUTCAR,vasp_slab/Ir100/r2scan/OUTCAR,vasp_mol/CH3OH/r2scan/OUTCAR
r2scan,CH3OH_Ir110,Ir110,CH3OH,dft_jobs,-1261.64133587,-1228.67675167,-32.13652854,-0.8280556599999898,ok,,complex: converged; slab: converged; molecule: converged,true,dft_jobs/CH3OH_Ir110/r2scan/OUTCAR,vasp_slab/Ir110/r2scan/OUTCAR,vasp_mol/CH3OH/r2scan/OUTCAR
r2scan,CH3OH_Ir111,Ir111,CH3OH,dft_jobs,-3353.40354299,-3320.68314209,-32.13652854,-0.5838723600001856,ok,,complex: unfinished; slab: converged; molecule: converged,false,dft_jobs/CH3OH_Ir111/r2scan/OUTCAR,vasp_slab/Ir111/r2scan/OUTCAR,vasp_mol/CH3OH/r2scan/OUTCAR
r2scan,CH3OH_Pd100,Pd100,CH3OH,dft_jobs,-845.05598592,-812.2261307,-32.13652854,-0.6933266800000126,ok,,complex: converged; slab: converged; molecule: converged,true,dft_jobs/CH3OH_Pd100/r2scan/OUTCAR,vasp_slab/Pd100/r2scan/OUTCAR,vasp_mol/CH3OH/r2scan/OUTCAR
r2scan,CH3OH_Pd110,Pd110,CH3OH,dft_jobs,-567.80278899,-534.90205054,-32.13652854,-0.7642099099999484,ok,,complex: converged; slab: converged; molecule: converged,true,dft_jobs/CH3OH_Pd110/r2scan/OUTCAR,vasp_slab/Pd110/r2scan/OUTCAR,vasp_mol/CH3OH/r2scan/OUTCAR
r2scan,CH3OH_Pd111,Pd111,CH3OH,dft_jobs,-848.18474998,-1449.11649223,-32.13652854,,slab_mismatch,"slab size mismatch: job has 36 Pd, reference has 64 Pd",complex: converged; slab: converged; molecule: converged,false,dft_jobs/CH3OH_Pd111/r2scan/OUTCAR,vasp_slab/Pd111/r2scan/OUTCAR,vasp_mol/CH3OH/r2scan/OUTCAR
r2scan,CH3OH_Pt100,Pt100,CH3OH,dft_jobs,-1869.0750709,-1835.69135898,-32.13652854,-1.2471833799999956,ok,,complex: converged; slab: converged; molecule: converged,true,dft_jobs/CH3OH_Pt100/r2scan/OUTCAR,vasp_slab/Pt100/r2scan/OUTCAR,vasp_mol/CH3OH/r2scan/OUTCAR
r2scan,CH3OH_Pt110,Pt110,CH3OH,dft_jobs,-1249.41674845,-1216.08630705,-32.13652854,-1.1939128599999265,ok,,complex: converged; slab: converged; molecule: converged,true,dft_jobs/CH3OH_Pt110/r2scan/OUTCAR,vasp_slab/Pt110/r2scan/OUTCAR,vasp_mol/CH3OH/r2scan/OUTCAR
r2scan,CH3OH_Pt111,Pt111,CH3OH,dft_jobs,-1874.29790732,-3273.97042641,-32.13652854,,slab_mismatch,"slab size mismatch: job has 36 Pt, reference has 64 Pt",complex: converged; slab: converged; molecule: converged,false,dft_jobs/CH3OH_Pt111/r2scan/OUTCAR,vasp_slab/Pt111/r2scan/OUTCAR,vasp_mol/CH3OH/r2scan/OUTCAR
r2scan,CH3OH_Rh100,Rh100,CH3OH,dft_jobs,-881.06647789,-847.91797961,-32.13652854,-1.011969740000012,ok,,complex: converged; slab: converged; molecule: converged,true,dft_jobs/CH3OH_Rh100/r2scan/OUTCAR,vasp_slab/Rh100/r2scan/OUTCAR,vasp_mol/CH3OH/r2scan/OUTCAR
r2scan,CH3OH_Rh110,Rh110,CH3OH,dft_jobs,-591.07587787,-558.01919395,-32.13652854,-0.9201553799999544,ok,,complex: converged; slab: converged; molecule: converged,true,dft_jobs/CH3OH_Rh110/r2scan/OUTCAR,vasp_slab/Rh110/r2scan/OUTCAR,vasp_mol/CH3OH/r2scan/OUTCAR
r2scan,CH3OH_Rh111,Rh111,CH3OH,dft_jobs,,-1516.88991315,-32.13652854,,error,slab+mol: OUTCAR not found: dft_jobs/CH3OH_Rh111/r2scan/OUTCAR,complex: missing; slab: converged; molecule: converged,false,dft_jobs/CH3OH_Rh111/r2scan/OUTCAR,vasp_slab/Rh111/r2scan/OUTCAR,vasp_mol/CH3OH/r2scan/OUTCAR
r2scan,CH3O_Ag100,Ag100,CH3O,dft_jobs,,-759.06403021,,,error,slab+mol: OUTCAR not found: dft_jobs/CH3O_Ag100/r2scan/OUTCAR; mol: OUTCAR not found: vasp_mol/CH3O/r2scan/OUTCAR,complex: missing; slab: converged; molecule: missing,false,dft_jobs/CH3O_Ag100/r2scan/OUTCAR,vasp_slab/Ag100/r2scan/OUTCAR,vasp_mol/CH3O/r2scan/OUTCAR
r2scan,CH3O_Ag110,Ag110,CH3O,dft_jobs,,-502.68023804,,,error,slab+mol: OUTCAR not found: dft_jobs/CH3O_Ag110/r2scan/OUTCAR; mol: OUTCAR not found: vasp_mol/CH3O/r2scan/OUTCAR,complex: missing; slab: converged; molecule: missing,false,dft_jobs/CH3O_Ag110/r2scan/OUTCAR,vasp_slab/Ag110/r2scan/OUTCAR,vasp_mol/CH3O/r2scan/OUTCAR
r2scan,CH3O_Ag111,Ag111,CH3O,dft_jobs,,-1351.78284961,,,error,slab+mol: OUTCAR not found: dft_jobs/CH3O_Ag111/r2scan/OUTCAR; mol: OUTCAR not found: vasp_mol/CH3O/r2scan/OUTCAR,complex: missing; slab: converged; molecule: missing,false,dft_jobs/CH3O_Ag111/r2scan/OUTCAR,vasp_slab/Ag111/r2scan/OUTCAR,vasp_mol/CH3O/r2scan/OUTCAR
r2scan,CH3O_Au100,Au100,CH3O,dft_jobs,,-1812.10460465,,,error,slab+mol: OUTCAR not found: dft_jobs/CH3O_Au100/r2scan/OUTCAR; mol: OUTCAR not found: vasp_mol/CH3O/r2scan/OUTCAR,complex: missing; slab: converged; molecule: missing,false,dft_jobs/CH3O_Au100/r2scan/OUTCAR,vasp_slab/Au100/r2scan/OUTCAR,vasp_mol/CH3O/r2scan/OUTCAR
r2scan,CH3O_Au110,Au110,CH3O,dft_jobs,,-1205.07970007,,,error,slab+mol: OUTCAR not found: dft_jobs/CH3O_Au110/r2scan/OUTCAR; mol: OUTCAR not found: vasp_mol/CH3O/r2scan/OUTCAR,complex: missing; slab: converged; molecule: missing,false,dft_jobs/CH3O_Au110/r2scan/OUTCAR,vasp_slab/Au110/r2scan/OUTCAR,vasp_mol/CH3O/r2scan/OUTCAR
r2scan,CH3O_Au111,Au111,CH3O,dft_jobs,,-3226.08924919,,,error,slab+mol: OUTCAR not found: dft_jobs/CH3O_Au111/r2scan/OUTCAR; mol: OUTCAR not found: vasp_mol/CH3O/r2scan/OUTCAR,complex: missing; slab: converged; molecule: missing,false,dft_jobs/CH3O_Au111/r2scan/OUTCAR,vasp_slab/Au111/r2scan/OUTCAR,vasp_mol/CH3O/r2scan/OUTCAR
r2scan,CH3O_Cu111_fcc,Cu111,CH3O,dft_jobs,,-676.88050278,,,error,slab+mol: OUTCAR not found: dft_jobs/CH3O_Cu111_fcc/r2scan/OUTCAR; mol: OUTCAR not found: vasp_mol/CH3O/r2scan/OUTCAR,complex: missing; slab: converged; molecule: missing,false,dft_jobs/CH3O_Cu111_fcc/r2scan/OUTCAR,vasp_slab/Cu111/r2scan/OUTCAR,vasp_mol/CH3O/r2scan/OUTCAR
r2scan,CH3O_Ir100,Ir100,CH3O,dft_jobs,,-1858.5238611,,,error,slab+mol: OUTCAR not found: dft_jobs/CH3O_Ir100/r2scan/OUTCAR; mol: OUTCAR not found: vasp_mol/CH3O/r2scan/OUTCAR,complex: missing; slab: unfinished; molecule: missing,false,dft_jobs/CH3O_Ir100/r2scan/OUTCAR,vasp_slab/Ir100/r2scan/OUTCAR,vasp_mol/CH3O/r2scan/OUTCAR
r2scan,CH3O_Ir110,Ir110,CH3O,dft_jobs,,-1228.67675167,,,error,slab+mol: OUTCAR not found: dft_jobs/CH3O_Ir110/r2scan/OUTCAR; mol: OUTCAR not found: vasp_mol/CH3O/r2scan/OUTCAR,complex: missing; slab: converged; molecule: missing,false,dft_jobs/CH3O_Ir110/r2scan/OUTCAR,vasp_slab/Ir110/r2scan/OUTCAR,vasp_mol/CH3O/r2scan/OUTCAR
r2scan,CH3O_Ir111,Ir111,CH3O,dft_jobs,,-3320.68314209,,,error,slab+mol: OUTCAR not found: dft_jobs/CH3O_Ir111/r2scan/OUTCAR; mol: OUTCAR not found: vasp_mol/CH3O/r2scan/OUTCAR,complex: missing; slab: converged; molecule: missing,false,dft_jobs/CH3O_Ir111/r2scan/OUTCAR,vasp_slab/Ir111/r2scan/OUTCAR,vasp_mol/CH3O/r2scan/OUTCAR
r2scan,CH3O_Rh100,Rh100,CH3O,dft_jobs,,-847.91797961,,,error,slab+mol: OUTCAR not found: dft_jobs/CH3O_Rh100/r2scan/OUTCAR; mol: OUTCAR not found: vasp_mol/CH3O/r2scan/OUTCAR,complex: missing; slab: converged; molecule: missing,false,dft_jobs/CH3O_Rh100/r2scan/OUTCAR,vasp_slab/Rh100/r2scan/OUTCAR,vasp_mol/CH3O/r2scan/OUTCAR
r2scan,CH3O_Rh110,Rh110,CH3O,dft_jobs,,-558.01919395,,,error,slab+mol: OUTCAR not found: dft_jobs/CH3O_Rh110/r2scan/OUTCAR; mol: OUTCAR not found: vasp_mol/CH3O/r2scan/OUTCAR,complex: missing; slab: converged; molecule: missing,false,dft_jobs/CH3O_Rh110/r2scan/OUTCAR,vasp_slab/Rh110/r2scan/OUTCAR,vasp_mol/CH3O/r2scan/OUTCAR
r2scan,CH3O_Rh111,Rh111,CH3O,dft_jobs,,-1516.88991315,,,error,slab+mol: OUTCAR not found: dft_jobs/CH3O_Rh111/r2scan/OUTCAR; mol: OUTCAR not found: vasp_mol/CH3O/r2scan/OUTCAR,complex: missing; slab: converged; molecule: missing,false,dft_jobs/CH3O_Rh111/r2scan/OUTCAR,vasp_slab/Rh111/r2scan/OUTCAR,vasp_mol/CH3O/r2scan/OUTCAR
r2scan,CH3_Ag100,Ag100,CH3,dft_jobs,-780.53316572,-759.06403021,-19.23086786,-2.238267650000001,ok,,complex: unfinished; slab: converged; molecule: converged,false,dft_jobs/CH3_Ag100/r2scan/OUTCAR,vasp_slab/Ag100/r2scan/OUTCAR,vasp_mol/CH3/r2scan/OUTCAR
r2scan,CH3_Ag110,Ag110,CH3,dft_jobs,-523.77188548,-502.68023804,-19.23086786,-1.860779580000031,ok,,complex: converged; slab: converged; molecule: converged,true,dft_jobs/CH3_Ag110/r2scan/OUTCAR,vasp_slab/Ag110/r2scan/OUTCAR,vasp_mol/CH3/r2scan/OUTCAR
r2scan,CH3_Ag111,Ag111,CH3,dft_jobs,-781.98952367,-1351.78284961,-19.23086786,,slab_mismatch,"slab size mismatch: job has 36 Ag, reference has 64 Ag",complex: unfinished; slab: converged; molecule: converged,false,dft_jobs/CH3_Ag111/r2scan/OUTCAR,vasp_slab/Ag111/r2scan/OUTCAR,vasp_mol/CH3/r2scan/OUTCAR
r2scan,CH3_Au100,Au100,CH3,dft_jobs,-3241.67589652,-1812.10460465,-19.23086786,,slab_mismatch,"slab size mismatch: job has 64 Au, reference has 36 Au",complex: converged; slab: converged; molecule: converged,false,dft_jobs/CH3_Au100/r2scan/OUTCAR,vasp_slab/Au100/r2scan/OUTCAR,vasp_mol/CH3/r2scan/OUTCAR
r2scan,CH3_Au110,Au110,CH3,dft_jobs,-3232.46752691,-1205.07970007,-19.23086786,,slab_mismatch,"slab size mismatch: job has 64 Au, reference has 24 Au",complex: unfinished; slab: converged; molecule: converged,false,dft_jobs/CH3_Au110/r2scan/OUTCAR,vasp_slab/Au110/r2scan/OUTCAR,vasp_mol/CH3/r2scan/OUTCAR
r2scan,CH3_Au111,Au111,CH3,dft_jobs,-1835.05905718,-3226.08924919,-19.23086786,,slab_mismatch,"slab size mismatch: job has 36 Au, reference has 64 Au",complex: converged; slab: converged; molecule: converged,false,dft_jobs/CH3_Au111/r2scan/OUTCAR,vasp_slab/Au111/r2scan/OUTCAR,vasp_mol/CH3/r2scan/OUTCAR
r2scan,CH3_Cu100,Cu100,CH3,dft_jobs,-690.85715097,-670.31649401,-19.23086786,-1.3097890999999784,ok,,complex: unfinished; slab: converged; molecule: converged,false,dft_jobs/CH3_Cu100/r2scan/OUTCAR,vasp_slab/Cu100/r2scan/OUTCAR,vasp_mol/CH3/r2scan/OUTCAR
r2scan,CH3_Cu110,Cu110,CH3,dft_jobs,-268.60531989,-248.0324956,-19.23086786,-1.3419564299999713,ok,,complex: converged; slab: converged; molecule: converged,true,dft_jobs/CH3_Cu110/r2scan/OUTCAR,vasp_slab/Cu110/r2scan/OUTCAR,vasp_mol/CH3/r2scan/OUTCAR
r2scan,CH3_Cu111,Cu111,CH3,dft_jobs,-695.92481238,-676.88050278,-19.23086786,0.18655825999998044,ok,,complex: unfinished; slab: converged; molecule: converged,false,dft_jobs/CH3_Cu111/r2scan/OUTCAR,vasp_slab/Cu111/r2scan/OUTCAR,vasp_mol/CH3/r2scan/OUTCAR
r2scan,CH3_Ir100,Ir100,CH3,dft_jobs,-1880.03985395,-1858.5238611,-19.23086786,-2.285124989999975,ok,,complex: converged; slab: unfinished; molecule: converged,false,dft_jobs/CH3_Ir100/r2scan/OUTCAR,vasp_slab/Ir100/r2scan/OUTCAR,vasp_mol/CH3/r2scan/OUTCAR
r2scan,CH3_Ir110,Ir110,CH3,dft_jobs,-1250.18176761,-1228.67675167,-19.23086786,-2.274148080000021,ok,,complex: converged; slab: converged; molecule: converged,true,dft_jobs/CH3_Ir110/r2scan/OUTCAR,vasp_slab/Ir110/r2scan/OUTCAR,vasp_mol/CH3/r2scan/OUTCAR
r2scan,CH3_Ir111,Ir111,CH3,dft_jobs,-3341.72085161,-3320.68314209,-19.23086786,-1.806841660000135,ok,,complex: converged; slab: converged; molecule: converged,true,dft_jobs/CH3_Ir111/r2scan/OUTCAR,vasp_slab/Ir111/r2scan/OUTCAR,vasp_mol/CH3/r2scan/OUTCAR
r2scan,CH3_Pd100,Pd100,CH3,dft_jobs,-833.4518509,-812.2261307,-19.23086786,-1.9948523399999551,ok,,complex: converged; slab: converged; molecule: converged,true,dft_jobs/CH3_Pd100/r2scan/OUTCAR,vasp_slab/Pd100/r2scan/OUTCAR,vasp_mol/CH3/r2scan/OUTCAR
r2scan,CH3_Pd110,Pd110,CH3,dft_jobs,-556.14155982,-534.90205054,-19.23086786,-2.008641419999993,ok,,complex: converged; slab: converged; molecule: converged,true,dft_jobs/CH3_Pd110/r2scan/OUTCAR,vasp_slab/Pd110/r2scan/OUTCAR,vasp_mol/CH3/r2scan/OUTCAR
r2scan,CH3_Pd111,Pd111,CH3,dft_jobs,-836.52449435,-1449.11649223,-19.23086786,,slab_mismatch,"slab size mismatch: job has 36 Pd, reference has 64 Pd",complex: unfinished; slab: converged; molecule: converged,false,dft_jobs/CH3_Pd111/r2scan/OUTCAR,vasp_slab/Pd111/r2scan/OUTCAR,vasp_mol/CH3/r2scan/OUTCAR
r2scan,CH3_Pt100,Pt100,CH3,dft_jobs,-1857.74171974,-1835.69135898,-19.23086786,-2.819492900000103,ok,,complex: converged; slab: converged; molecule: converged,true,dft_jobs/CH3_Pt100/r2scan/OUTCAR,vasp_slab/Pt100/r2scan/OUTCAR,vasp_mol/CH3/r2scan/OUTCAR
r2scan,CH3_Pt110,Pt110,CH3,dft_jobs,-1238.0491534,-1216.08630705,-19.23086786,-2.7319784900000634,ok,,complex: converged; slab: converged; molecule: converged,true,dft_jobs/CH3_Pt110/r2scan/OUTCAR,vasp_slab/Pt110/r2scan/OUTCAR,vasp_mol/CH3/r2scan/OUTCAR
r2scan,CH3_Pt111_top,Pt111,CH3,dft_jobs,,-3273.97042641,-19.23086786,,error,slab+mol: OUTCAR not found: dft_jobs/CH3_Pt111_top/r2scan/OUTCAR,complex: missing; slab: converged; molecule: converged,false,dft_jobs/CH3_Pt111_top/r2scan/OUTCAR,vasp_slab/Pt111/r2scan/OUTCAR,vasp_mol/CH3/r2scan/OUTCAR
r2scan,CH3_Rh100,Rh100,CH3,dft_jobs,-869.46240222,-847.91797961,-19.23086786,-2.3135547499999696,ok,,complex: converged; slab: converged; molecule: converged,true,dft_jobs/CH3_Rh100/r2scan/OUTCAR,vasp_slab/Rh100/r2scan/OUTCAR,vasp_mol/CH3/r2scan/OUTCAR
r2scan,CH3_Rh110,Rh110,CH3,dft_jobs,-579.43429863,-558.01919395,-19.23086786,-2.1842368199998994,ok,,complex: converged; slab: converged; molecule: converged,true,dft_jobs/CH3_Rh110/r2scan/OUTCAR,vasp_slab/Rh110/r2scan/OUTCAR,vasp_mol/CH3/r2scan/OUTCAR
r2scan,CH3_Rh111,Rh111,CH3,dft_jobs,-1538.70247887,-1516.88991315,-19.23086786,-2.581697860000066,ok,,complex: unfinished; slab: converged; molecule: converged,false,dft_jobs/CH3_Rh111/r2scan/OUTCAR,vasp_slab/Rh111/r2scan/OUTCAR,vasp_mol/CH3/r2scan/OUTCAR
r2scan,CH4_Ag100,Ag100,CH4,dft_jobs,-785.20097242,-759.06403021,-24.98790317,-1.1490390399999164,ok,,complex: converged; slab: converged; molecule: converged,true,dft_jobs/CH4_Ag100/r2scan/OUTCAR,vasp_slab/Ag100/r2scan/OUTCAR,vasp_mol/CH4/r2scan/OUTCAR
r2scan,CH4_Ag110,Ag110,CH4,dft_jobs,-528.41403703,-502.68023804,-24.98790317,-0.7458958200000261,ok,,complex: converged; slab: converged; molecule: converged,true,dft_jobs/CH4_Ag110/r2scan/OUTCAR,vasp_slab/Ag110/r2scan/OUTCAR,vasp_mol/CH4/r2scan/OUTCAR
r2scan,CH4_Ag111,Ag111,CH4,dft_jobs,-787.03035638,-1351.78284961,-24.98790317,,slab_mismatch,"slab size mismatch: job has 36 Ag, reference has 64 Ag",complex: unfinished; slab: converged; molecule: converged,false,dft_jobs/CH4_Ag111/r2scan/OUTCAR,vasp_slab/Ag111/r2scan/OUTCAR,vasp_mol/CH4/r2scan/OUTCAR
r2scan,CH4_Au100,Au100,CH4,dft_jobs,-3246.00626846,-1812.10460465,-24.98790317,,slab_mismatch,"slab size mismatch: job has 64 Au, reference has 36 Au",complex: unfinished; slab: converged; molecule: converged,false,dft_jobs/CH4_Au100/r2scan/OUTCAR,vasp_slab/Au100/r2scan/OUTCAR,vasp_mol/CH4/r2scan/OUTCAR
r2scan,CH4_Au110,Au110,CH4,dft_jobs,-3236.85331548,-1205.07970007,-24.98790317,,slab_mismatch,"slab size mismatch: job has 64 Au, reference has 24 Au",complex: unfinished; slab: converged; molecule: converged,false,dft_jobs/CH4_Au110/r2scan/OUTCAR,vasp_slab/Au110/r2scan/OUTCAR,vasp_mol/CH4/r2scan/OUTCAR
r2scan,CH4_Au111,Au111,CH4,dft_jobs,-1839.65851354,-3226.08924919,-24.98790317,,slab_mismatch,"slab size mismatch: job has 36 Au, reference has 64 Au",complex: unfinished; slab: converged; molecule: converged,false,dft_jobs/CH4_Au111/r2scan/OUTCAR,vasp_slab/Au111/r2scan/OUTCAR,vasp_mol/CH4/r2scan/OUTCAR
r2scan,CH4_Cu100,Cu100,CH4,dft_jobs,-695.33771515,-670.31649401,-24.98790317,-0.033317969999966834,ok,,complex: converged; slab: converged; molecule: converged,true,dft_jobs/CH4_Cu100/r2scan/OUTCAR,vasp_slab/Cu100/r2scan/OUTCAR,vasp_mol/CH4/r2scan/OUTCAR
r2scan,CH4_Cu110,Cu110,CH4,dft_jobs,-272.61536637,-248.0324956,-24.98790317,0.4050323999999996,ok,,complex: converged; slab: converged; molecule: converged,true,dft_jobs/CH4_Cu110/r2scan/OUTCAR,vasp_slab/Cu110/r2scan/OUTCAR,vasp_mol/CH4/r2scan/OUTCAR
r2scan,CH4_Cu111,Cu111,CH4,dft_jobs,-700.47799845,-676.88050278,-24.98790317,1.3904075000000553,ok,,complex: converged; slab: converged; molecule: converged,true,dft_jobs/CH4_Cu111/r2scan/OUTCAR,vasp_slab/Cu111/r2scan/OUTCAR,vasp_mol/CH4/r2scan/OUTCAR
r2scan,CH4_Ir100,Ir100,CH4,dft_jobs,-1883.63903572,-1858.5238611,-24.98790317,-0.12727145000006246,ok,,complex: unfinished; slab: unfinished; molecule: converged,false,dft_jobs/CH4_Ir100/r2scan/OUTCAR,vasp_slab/Ir100/r2scan/OUTCAR,vasp_mol/CH4/r2scan/OUTCAR
r2scan,CH4_Ir110,Ir110,CH4,dft_jobs,-1253.75928967,-1228.67675167,-24.98790317,-0.09463483000011408,ok,,complex: converged; slab: converged; molecule: converged,true,dft_jobs/CH4_Ir110/r2scan/OUTCAR,vasp_slab/Ir110/r2scan/OUTCAR,vasp_mol/CH4/r2scan/OUTCAR
r2scan,CH4_Ir111,Ir111,CH4,dft_jobs,-3345.71375964,-3320.68314209,-24.98790317,-0.04271437999998895,ok,,complex: converged; slab: converged; molecule: converged,true,dft_jobs/CH4_Ir111/r2scan/OUTCAR,vasp_slab/Ir111/r2scan/OUTCAR,vasp_mol/CH4/r2scan/OUTCAR
r2scan,CH4_Pd100,Pd100,CH4,dft_jobs,-837.5547103,-812.2261307,-24.98790317,-0.3406764300000127,ok,,complex: converged; slab: converged; molecule: converged,true,dft_jobs/CH4_Pd100/r2scan/OUTCAR,vasp_slab/Pd100/r2scan/OUTCAR,vasp_mol/CH4/r2scan/OUTCAR
r2scan,CH4_Pd110,Pd110,CH4,dft_jobs,-560.15300401,-534.90205054,-24.98790317,-0.26305030000001395,ok,,complex: converged; slab: converged; molecule: converged,true,dft_jobs/CH4_Pd110/r2scan/OUTCAR,vasp_slab/Pd110/r2scan/OUTCAR,vasp_mol/CH4/r2scan/OUTCAR
r2scan,CH4_Pd111,Pd111,CH4,dft_jobs,-840.67116521,-1449.11649223,-24.98790317,,slab_mismatch,"slab size mismatch: job has 36 Pd, reference has 64 Pd",complex: converged; slab: converged; molecule: converged,false,dft_jobs/CH4_Pd111/r2scan/OUTCAR,vasp_slab/Pd111/r2scan/OUTCAR,vasp_mol/CH4/r2scan/OUTCAR
r2scan,CH4_Pt100,Pt100,CH4,dft_jobs,-1861.50820985,-1835.69135898,-24.98790317,-0.8289477000000538,ok,,complex: converged; slab: converged; molecule: converged,true,dft_jobs/CH4_Pt100/r2scan/OUTCAR,vasp_slab/Pt100/r2scan/OUTCAR,vasp_mol/CH4/r2scan/OUTCAR
r2scan,CH4_Pt110,Pt110,CH4,dft_jobs,-1241.66789615,-1216.08630705,-24.98790317,-0.5936859299999746,ok,,complex: converged; slab: converged; molecule: converged,true,dft_jobs/CH4_Pt110/r2scan/OUTCAR,vasp_slab/Pt110/r2scan/OUTCAR,vasp_mol/CH4/r2scan/OUTCAR
r2scan,CH4_Pt111_top,Pt111,CH4,dft_jobs,,-3273.97042641,-24.98790317,,error,slab+mol: OUTCAR not found: dft_jobs/CH4_Pt111_top/r2scan/OUTCAR,complex: missing; slab: converged; molecule: converged,false,dft_jobs/CH4_Pt111_top/r2scan/OUTCAR,vasp_slab/Pt111/r2scan/OUTCAR,vasp_mol/CH4/r2scan/OUTCAR
r2scan,CH4_Rh100,Rh100,CH4,dft_jobs,-873.45123831,-847.91797961,-24.98790317,-0.5453555300000339,ok,,complex: converged; slab: converged; molecule: converged,true,dft_jobs/CH4_Rh100/r2scan/OUTCAR,vasp_slab/Rh100/r2scan/OUTCAR,vasp_mol/CH4/r2scan/OUTCAR
r2scan,CH4_Rh110,Rh110,CH4,dft_jobs,-583.43243168,-558.01919395,-24.98790317,-0.4253345599999925,ok,,complex: converged; slab: converged; molecule: converged,true,dft_jobs/CH4_Rh110/r2scan/OUTCAR,vasp_slab/Rh110/r2scan/OUTCAR,vasp_mol/CH4/r2scan/OUTCAR
r2scan,CH4_Rh111,Rh111,CH4,dft_jobs,-1542.81217036,-1516.88991315,-24.98790317,-0.9343540399999988,ok,,complex: unfinished; slab: converged; molecule: converged,false,dft_jobs/CH4_Rh111/r2scan/OUTCAR,vasp_slab/Rh111/r2scan/OUTCAR,vasp_mol/CH4/r2scan/OUTCAR
r2scan,CO2_Ag100,Ag100,CO2,dft_jobs,-1375.73530479,-759.06403021,-25.56899888,,slab_mismatch,"slab size mismatch: job has 64 Ag, reference has 36 Ag",complex: unfinished; slab: converged; molecule: converged,false,dft_jobs/CO2_Ag100/r2scan/OUTCAR,vasp_slab/Ag100/r2scan/OUTCAR,vasp_mol/CO2/r2scan/OUTCAR
r2scan,CO2_Ag110,Ag110,CO2,dft_jobs,-529.05086879,-502.68023804,-25.56899888,-0.8016318699999765,ok,,complex: converged; slab: converged; molecule: converged,true,dft_jobs/CO2_Ag110/r2scan/OUTCAR,vasp_slab/Ag110/r2scan/OUTCAR,vasp_mol/CO2/r2scan/OUTCAR
r2scan,CO2_Ag111,Ag111,CO2,dft_jobs,-1379.50900526,-1351.78284961,-25.56899888,-2.157156770000011,ok,,complex: unfinished; slab: converged; molecule: converged,false,dft_jobs/CO2_Ag111/r2scan/OUTCAR,vasp_slab/Ag111/r2scan/OUTCAR,vasp_mol/CO2/r2scan/OUTCAR
r2scan,CO2_Au100,Au100,CO2,dft_jobs,-3246.62341883,-1812.10460465,-25.56899888,,slab_mismatch,"slab size mismatch: job has 64 Au, reference has 36 Au",complex: unfinished; slab: converged; molecule: converged,false,dft_jobs/CO2_Au100/r2scan/OUTCAR,vasp_slab/Au100/r2scan/OUTCAR,vasp_mol/CO2/r2scan/OUTCAR
r2scan,CO2_Au110,Au110,CO2,dft_jobs,-3237.43945282,-1205.07970007,-25.56899888,,slab_mismatch,"slab size mismatch: job has 64 Au, reference has 24 Au",complex: unfinished; slab: converged; molecule: converged,false,dft_jobs/CO2_Au110/r2scan/OUTCAR,vasp_slab/Au110/r2scan/OUTCAR,vasp_mol/CO2/r2scan/OUTCAR
r2scan,CO2_Au111,Au111,CO2,dft_jobs,-3251.68377241,-3226.08924919,-25.56899888,-0.025524340000156798,ok,,complex: unfinished; slab: converged; molecule: converged,false,dft_jobs/CO2_Au111/r2scan/OUTCAR,vasp_slab/Au111/r2scan/OUTCAR,vasp_mol/CO2/r2scan/OUTCAR
r2scan,CO2_Cu100,Cu100,CO2,dft_jobs,-695.93405302,-670.31649401,-25.56899888,-0.04856012999992387,ok,,complex: unfinished; slab: converged; molecule: converged,false,dft_jobs/CO2_Cu100/r2scan/OUTCAR,vasp_slab/Cu100/r2scan/OUTCAR,vasp_mol/CO2/r2scan/OUTCAR
r2scan,CO2_Cu110,Cu110,CO2,dft_jobs,-273.26423947,-248.0324956,-25.56899888,0.33725500999999625,ok,,complex: unfinished; slab: converged; molecule: converged,false,dft_jobs/CO2_Cu110/r2scan/OUTCAR,vasp_slab/Cu110/r2scan/OUTCAR,vasp_mol/CO2/r2scan/OUTCAR
r2scan,CO2_Cu111_top,Cu111,CO2,dft_jobs,,-676.88050278,-25.56899888,,error,slab+mol: OUTCAR not found: dft_jobs/CO2_Cu111_top/r2scan/OUTCAR,complex: missing; slab: converged; molecule: converged,false,dft_jobs/CO2_Cu111_top/r2scan/OUTCAR,vasp_slab/Cu111/r2scan/OUTCAR,vasp_mol/CO2/r2scan/OUTCAR
r2scan,CO2_Ir100,Ir100,CO2,dft_jobs,-1884.33923346,-1858.5238611,-25.56899888,-0.2463734800000843,ok,,complex: converged; slab: unfinished; molecule: converged,false,dft_jobs/CO2_Ir100/r2scan/OUTCAR,vasp_slab/Ir100/r2scan/OUTCAR,vasp_mol/CO2/r2scan/OUTCAR
r2scan,CO2_Ir110,Ir110,CO2,dft_jobs,-1254.36536303,-1228.67675167,-25.56899888,-0.11961248000009661,ok,,complex: converged; slab: converged; molecule: converged,true,dft_jobs/CO2_Ir110/r2scan/OUTCAR,vasp_slab/Ir110/r2scan/OUTCAR,vasp_mol/CO2/r2scan/OUTCAR
r2scan,CO2_Ir111,Ir111,CO2,dft_jobs,-3346.33265752,-3320.68314209,-25.56899888,-0.08051655000006619,ok,,complex: converged; slab: converged; molecule: converged,true,dft_jobs/CO2_Ir111/r2scan/OUTCAR,vasp_slab/Ir111/r2scan/OUTCAR,vasp_mol/CO2/r2scan/OUTCAR
r2scan,CO2_Pd100,Pd100,CO2,dft_jobs,-1469.79270314,-812.2261307,-25.56899888,,slab_mismatch,"slab size mismatch: job has 64 Pd, reference has 36 Pd",complex: unfinished; slab: converged; molecule: converged,false,dft_jobs/CO2_Pd100/r2scan/OUTCAR,vasp_slab/Pd100/r2scan/OUTCAR,vasp_mol/CO2/r2scan/OUTCAR
r2scan,CO2_Pd110,Pd110,CO2,dft_jobs,-560.74878677,-534.90205054,-25.56899888,-0.2777373500000344,ok,,complex: converged; slab: converged; molecule: converged,true,dft_jobs/CO2_Pd110/r2scan/OUTCAR,vasp_slab/Pd110/r2scan/OUTCAR,vasp_mol/CO2/r2scan/OUTCAR
r2scan,CO2_Pd111,Pd111,CO2,dft_jobs,-1475.32701969,-1449.11649223,-25.56899888,-0.6415285800000952,ok,,complex: unfinished; slab: converged; molecule: converged,false,dft_jobs/CO2_Pd111/r2scan/OUTCAR,vasp_slab/Pd111/r2scan/OUTCAR,vasp_mol/CO2/r2scan/OUTCAR
r2scan,CO2_Pt100,Pt100,CO2,dft_jobs,-3291.76552198,-1835.69135898,-25.56899888,,slab_mismatch,"slab size mismatch: job has 64 Pt, reference has 36 Pt",complex: unfinished; slab: converged; molecule: converged,false,dft_jobs/CO2_Pt100/r2scan/OUTCAR,vasp_slab/Pt100/r2scan/OUTCAR,vasp_mol/CO2/r2scan/OUTCAR
r2scan,CO2_Pt110,Pt110,CO2,dft_jobs,-1242.25045584,-1216.08630705,-25.56899888,-0.5951499100001278,ok,,complex: converged; slab: converged; molecule: converged,true,dft_jobs/CO2_Pt110/r2scan/OUTCAR,vasp_slab/Pt110/r2scan/OUTCAR,vasp_mol/CO2/r2scan/OUTCAR
r2scan,CO2_Pt111,Pt111,CO2,dft_jobs,-3300.94138734,-3273.97042641,-25.56899888,-1.4019620499998204,ok,,complex: unfinished; slab: converged; molecule: converged,false,dft_jobs/CO2_Pt111/r2scan/OUTCAR,vasp_slab/Pt111/r2scan/OUTCAR,vasp_mol/CO2/r2scan/OUTCAR
r2scan,CO2_Rh100,Rh100,CO2,dft_jobs,-874.04444526,-847.91797961,-25.56899888,-0.5574667700000013,ok,,complex: converged; slab: converged; molecule: converged,true,dft_jobs/CO2_Rh100/r2scan/OUTCAR,vasp_slab/Rh100/r2scan/OUTCAR,vasp_mol/CO2/r2scan/OUTCAR
r2scan,CO2_Rh110,Rh110,CO2,dft_jobs,-584.03443263,-558.01919395,-25.56899888,-0.44623979999992613,ok,,complex: converged; slab: converged; molecule: converged,true,dft_jobs/CO2_Rh110/r2scan/OUTCAR,vasp_slab/Rh110/r2scan/OUTCAR,vasp_mol/CO2/r2scan/OUTCAR
r2scan,CO2_Rh111,Rh111,CO2,dft_jobs,-1543.24883435,-1516.88991315,-25.56899888,-0.7899223199999419,ok,,complex: unfinished; slab: converged; molecule: converged,false,dft_jobs/CO2_Rh111/r2scan/OUTCAR,vasp_slab/Rh111/r2scan/OUTCAR,vasp_mol/CO2/r2scan/OUTCAR
r2scan,CO_Ag100,Ag100,CO,dft_jobs,-777.01735524,-759.06403021,-16.48007476,-1.4732502699999728,ok,,complex: converged; slab: converged; molecule: converged,true,dft_jobs/CO_Ag100/r2scan/OUTCAR,vasp_slab/Ag100/r2scan/OUTCAR,vasp_mol/CO/r2scan/OUTCAR
r2scan,CO_Ag110,Ag110,CO,dft_jobs,-520.30338602,-502.68023804,-16.48007476,-1.1430732199999412,ok,,complex: converged; slab: converged; molecule: converged,true,dft_jobs/CO_Ag110/r2scan/OUTCAR,vasp_slab/Ag110/r2scan/OUTCAR,vasp_mol/CO/r2scan/OUTCAR
r2scan,CO_Ag111,Ag111,CO,dft_jobs,-778.47529206,-1351.78284961,-16.48007476,,slab_mismatch,"slab size mismatch: job has 36 Ag, reference has 64 Ag",complex: unfinished; slab: converged; molecule: converged,false,dft_jobs/CO_Ag111/r2scan/OUTCAR,vasp_slab/Ag111/r2scan/OUTCAR,vasp_mol/CO/r2scan/OUTCAR
r2scan,CO_Au100,Au100,CO,dft_jobs,-3238.22372665,-1812.10460465,-16.48007476,,slab_mismatch,"slab size mismatch: job has 64 Au, reference has 36 Au",complex: unfinished; slab: converged; molecule: converged,false,dft_jobs/CO_Au100/r2scan/OUTCAR,vasp_slab/Au100/r2scan/OUTCAR,vasp_mol/CO/r2scan/OUTCAR
r2scan,CO_Au110,Au110,CO,dft_jobs,-3229.02254019,-1205.07970007,-16.48007476,,slab_mismatch,"slab size mismatch: job has 64 Au, reference has 24 Au",complex: unfinished; slab: converged; molecule: converged,false,dft_jobs/CO_Au110/r2scan/OUTCAR,vasp_slab/Au110/r2scan/OUTCAR,vasp_mol/CO/r2scan/OUTCAR
r2scan,CO_Au111,Au111,CO,dft_jobs,-1831.20431236,-3226.08924919,-16.48007476,,slab_mismatch,"slab size mismatch: job has 36 Au, reference has 64 Au",complex: unfinished; slab: converged; molecule: converged,false,dft_jobs/CO_Au111/r2scan/OUTCAR,vasp_slab/Au111/r2scan/OUTCAR,vasp_mol/CO/r2scan/OUTCAR
r2scan,CO_Cu100,Cu100,CO,dft_jobs,-687.6148017,-670.31649401,-16.48007476,-0.8182329300000006,ok,,complex: unfinished; slab: converged; molecule: converged,false,dft_jobs/CO_Cu100/r2scan/OUTCAR,vasp_slab/Cu100/r2scan/OUTCAR,vasp_mol/CO/r2scan/OUTCAR
r2scan,CO_Cu110,Cu110,CO,dft_jobs,-265.18705442,-248.0324956,-16.48007476,-0.6744840599999762,ok,,complex: converged; slab: converged; molecule: converged,true,dft_jobs/CO_Cu110/r2scan/OUTCAR,vasp_slab/Cu110/r2scan/OUTCAR,vasp_mol/CO/r2scan/OUTCAR
r2scan,CO_Cu111_atop,Cu111,CO,dft_jobs,,-676.88050278,-16.48007476,,error,slab+mol: OUTCAR not found: dft_jobs/CO_Cu111_atop/r2scan/OUTCAR,complex: missing; slab: converged; molecule: converged,false,dft_jobs/CO_Cu111_atop/r2scan/OUTCAR,vasp_slab/Cu111/r2scan/OUTCAR,vasp_mol/CO/r2scan/OUTCAR
r2scan,CO_Ir100,Ir100,CO,dft_jobs,-1877.48744823,-1858.5238611,-16.48007476,-2.48351236999995,ok,,complex: converged; slab: unfinished; molecule: converged,false,dft_jobs/CO_Ir100/r2scan/OUTCAR,vasp_slab/Ir100/r2scan/OUTCAR,vasp_mol/CO/r2scan/OUTCAR
r2scan,CO_Ir110,Ir110,CO,dft_jobs,-1247.28244384,-1228.67675167,-16.48007476,-2.1256174100001104,ok,,complex: unfinished; slab: converged; molecule: converged,false,dft_jobs/CO_Ir110/r2scan/OUTCAR,vasp_slab/Ir110/r2scan/OUTCAR,vasp_mol/CO/r2scan/OUTCAR
r2scan,CO_Ir111,Ir111,CO,dft_jobs,-3338.83197323,-3320.68314209,-16.48007476,-1.6687563800003105,ok,,complex: unfinished; slab: converged; molecule: converged,false,dft_jobs/CO_Ir111/r2scan/OUTCAR,vasp_slab/Ir111/r2scan/OUTCAR,vasp_mol/CO/r2scan/OUTCAR
r2scan,CO_Pd100,Pd100,CO,dft_jobs,-830.96301597,-812.2261307,-16.48007476,-2.2568105100000153,ok,,complex: converged; slab: converged; molecule: converged,true,dft_jobs/CO_Pd100/r2scan/OUTCAR,vasp_slab/Pd100/r2scan/OUTCAR,vasp_mol/CO/r2scan/OUTCAR
r2scan,CO_Pd110,Pd110,CO,dft_jobs,-553.61226467,-534.90205054,-16.48007476,-2.2301393699999394,ok,,complex: converged; slab: converged; molecule: converged,true,dft_jobs/CO_Pd110/r2scan/OUTCAR,vasp_slab/Pd110/r2scan/OUTCAR,vasp_mol/CO/r2scan/OUTCAR
r2scan,CO_Pd111_fcc,Pd111,CO,dft_jobs,,-1449.11649223,-16.48007476,,error,slab+mol: OUTCAR not found: dft_jobs/CO_Pd111_fcc/r2scan/OUTCAR,complex: missing; slab: converged; molecule: converged,false,dft_jobs/CO_Pd111_fcc/r2scan/OUTCAR,vasp_slab/Pd111/r2scan/OUTCAR,vasp_mol/CO/r2scan/OUTCAR
r2scan,CO_Pt100,Pt100,CO,dft_jobs,-1855.06233986,-1835.69135898,-16.48007476,-2.8909061200001602,ok,,complex: converged; slab: converged; molecule: converged,true,dft_jobs/CO_Pt100/r2scan/OUTCAR,vasp_slab/Pt100/r2scan/OUTCAR,vasp_mol/CO/r2scan/OUTCAR
r2scan,CO_Pt110,Pt110,CO,dft_jobs,-1235.43473228,-1216.08630705,-16.48007476,-2.8683504699999745,ok,,complex: unfinished; slab: converged; molecule: converged,false,dft_jobs/CO_Pt110/r2scan/OUTCAR,vasp_slab/Pt110/r2scan/OUTCAR,vasp_mol/CO/r2scan/OUTCAR
r2scan,CO_Pt111_atop,Pt111,CO,dft_jobs,,-3273.97042641,-16.48007476,,error,slab+mol: OUTCAR not found: dft_jobs/CO_Pt111_atop/r2scan/OUTCAR,complex: missing; slab: converged; molecule: converged,false,dft_jobs/CO_Pt111_atop/r2scan/OUTCAR,vasp_slab/Pt111/r2scan/OUTCAR,vasp_mol/CO/r2scan/OUTCAR
r2scan,CO_Rh100,Rh100,CO,dft_jobs,-867.0128272,-847.91797961,-16.48007476,-2.6147728299999713,ok,,complex: converged; slab: converged; molecule: converged,true,dft_jobs/CO_Rh100/r2scan/OUTCAR,vasp_slab/Rh100/r2scan/OUTCAR,vasp_mol/CO/r2scan/OUTCAR
r2scan,CO_Rh110,Rh110,CO,dft_jobs,-576.67184695,-558.01919395,-16.48007476,-2.172578239999986,ok,,complex: converged; slab: converged; molecule: converged,true,dft_jobs/CO_Rh110/r2scan/OUTCAR,vasp_slab/Rh110/r2scan/OUTCAR,vasp_mol/CO/r2scan/OUTCAR
r2scan,CO_Rh111,Rh111,CO,dft_jobs,-1536.10193768,-1516.88991315,-16.48007476,-2.731949770000007,ok,,complex: unfinished; slab: converged; molecule: converged,false,dft_jobs/CO_Rh111/r2scan/OUTCAR,vasp_slab/Rh111/r2scan/OUTCAR,vasp_mol/CO/r2scan/OUTCAR
r2scan,DME_Pt111_top,Pt111,DME,dft_jobs,,-3273.97042641,-49.14058927,,error,slab+mol: OUTCAR not found: dft_jobs/DME_Pt111_top/r2scan/OUTCAR,complex: missing; slab: converged; molecule: converged,false,dft_jobs/DME_Pt111_top/r2scan/OUTCAR,vasp_slab/Pt111/r2scan/OUTCAR,vasp_mol/DME/r2scan/OUTCAR
r2scan,H2CO_Ag100,Ag100,H2CO,dft_jobs,-784.20870753,-759.06403021,-23.86748645,-1.277190869999913,ok,,complex: unfinished; slab: converged; molecule: converged,false,dft_jobs/H2CO_Ag100/r2scan/OUTCAR,vasp_slab/Ag100/r2scan/OUTCAR,vasp_mol/H2CO/r2scan/OUTCAR
r2scan,H2CO_Ag110,Ag110,H2CO,dft_jobs,-527.52167078,-502.68023804,-23.86748645,-0.9739462900000149,ok,,complex: converged; slab: converged; molecule: converged,true,dft_jobs/H2CO_Ag110/r2scan/OUTCAR,vasp_slab/Ag110/r2scan/OUTCAR,vasp_mol/H2CO/r2scan/OUTCAR
r2scan,H2CO_Ag111,Ag111,H2CO,dft_jobs,-785.99076598,-1351.78284961,-23.86748645,,slab_mismatch,"slab size mismatch: job has 36 Ag, reference has 64 Ag",complex: unfinished; slab: converged; molecule: converged,false,dft_jobs/H2CO_Ag111/r2scan/OUTCAR,vasp_slab/Ag111/r2scan/OUTCAR,vasp_mol/H2CO/r2scan/OUTCAR
r2scan,H2CO_Au100,Au100,H2CO,dft_jobs,-3245.09940837,-1812.10460465,-23.86748645,,slab_mismatch,"slab size mismatch: job has 64 Au, reference has 36 Au",complex: unfinished; slab: converged; molecule: converged,false,dft_jobs/H2CO_Au100/r2scan/OUTCAR,vasp_slab/Au100/r2scan/OUTCAR,vasp_mol/H2CO/r2scan/OUTCAR
r2scan,H2CO_Au110,Au110,H2CO,dft_jobs,-3235.92277743,-1205.07970007,-23.86748645,,slab_mismatch,"slab size mismatch: job has 64 Au, reference has 24 Au",complex: unfinished; slab: converged; molecule: converged,false,dft_jobs/H2CO_Au110/r2scan/OUTCAR,vasp_slab/Au110/r2scan/OUTCAR,vasp_mol/H2CO/r2scan/OUTCAR
r2scan,H2CO_Au111,Au111,H2CO,dft_jobs,-1838.41200463,-3226.08924919,-23.86748645,,slab_mismatch,"slab size mismatch: job has 36 Au, reference has 64 Au",complex: unfinished; slab: converged; molecule: converged,false,dft_jobs/H2CO_Au111/r2scan/OUTCAR,vasp_slab/Au111/r2scan/OUTCAR,vasp_mol/H2CO/r2scan/OUTCAR
r2scan,H2CO_Cu100,Cu100,H2CO,dft_jobs,-694.47910681,-670.31649401,-23.86748645,-0.2951263499999186,ok,,complex: unfinished; slab: converged; molecule: converged,false,dft_jobs/H2CO_Cu100/r2scan/OUTCAR,vasp_slab/Cu100/r2scan/OUTCAR,vasp_mol/H2CO/r2scan/OUTCAR
r2scan,H2CO_Cu110,Cu110,H2CO,dft_jobs,-271.87819542,-248.0324956,-23.86748645,0.021786630000008245,ok,,complex: converged; slab: converged; molecule: converged,true,dft_jobs/H2CO_Cu110/r2scan/OUTCAR,vasp_slab/Cu110/r2scan/OUTCAR,vasp_mol/H2CO/r2scan/OUTCAR
r2scan,H2CO_Cu111,Cu111,H2CO,dft_jobs,-699.46226435,-676.88050278,-23.86748645,1.2857248799999752,ok,,complex: unfinished; slab: converged; molecule: converged,false,dft_jobs/H2CO_Cu111/r2scan/OUTCAR,vasp_slab/Cu111/r2scan/OUTCAR,vasp_mol/H2CO/r2scan/OUTCAR
r2scan,H2CO_Ir100,Ir100,H2CO,dft_jobs,-1884.11810448,-1858.5238611,-23.86748645,-1.7267569300000787,ok,,complex: converged; slab: unfinished; molecule: converged,false,dft_jobs/H2CO_Ir100/r2scan/OUTCAR,vasp_slab/Ir100/r2scan/OUTCAR,vasp_mol/H2CO/r2scan/OUTCAR
r2scan,H2CO_Ir110,Ir110,H2CO,dft_jobs,-1254.42956243,-1228.67675167,-23.86748645,-1.885324310000101,ok,,complex: converged; slab: converged; molecule: converged,true,dft_jobs/H2CO_Ir110/r2scan/OUTCAR,vasp_slab/Ir110/r2scan/OUTCAR,vasp_mol/H2CO/r2scan/OUTCAR
r2scan,H2CO_Ir111,Ir111,H2CO,dft_jobs,-3345.03750904,-3320.68314209,-23.86748645,-0.48688049999998384,ok,,complex: unfinished; slab: converged; molecule: converged,false,dft_jobs/H2CO_Ir111/r2scan/OUTCAR,vasp_slab/Ir111/r2scan/OUTCAR,vasp_mol/H2CO/r2scan/OUTCAR
r2scan,H2CO_Pd100,Pd100,H2CO,dft_jobs,-837.21927695,-812.2261307,-23.86748645,-1.125659799999994,ok,,complex: converged; slab: converged; molecule: converged,true,dft_jobs/H2CO_Pd100/r2scan/OUTCAR,vasp_slab/Pd100/r2scan/OUTCAR,vasp_mol/H2CO/r2scan/OUTCAR
r2scan,H2CO_Pd110,Pd110,H2CO,dft_jobs,-559.94992163,-534.90205054,-23.86748645,-1.180384639999943,ok,,complex: converged; slab: converged; molecule: converged,true,dft_jobs/H2CO_Pd110/r2scan/OUTCAR,vasp_slab/Pd110/r2scan/OUTCAR,vasp_mol/H2CO/r2scan/OUTCAR
r2scan,H2CO_Pd111,Pd111,H2CO,dft_jobs,-839.81182823,-1449.11649223,-23.86748645,,slab_mismatch,"slab size mismatch: job has 36 Pd, reference has 64 Pd",complex: unfinished; slab: converged; molecule: converged,false,dft_jobs/H2CO_Pd111/r2scan/OUTCAR,vasp_slab/Pd111/r2scan/OUTCAR,vasp_mol/H2CO/r2scan/OUTCAR
r2scan,H2CO_Pt100,Pt100,H2CO,dft_jobs,-1861.2455379,-1835.69135898,-23.86748645,-1.686692470000139,ok,,complex: converged; slab: converged; molecule: converged,true,dft_jobs/H2CO_Pt100/r2scan/OUTCAR,vasp_slab/Pt100/r2scan/OUTCAR,vasp_mol/H2CO/r2scan/OUTCAR
r2scan,H2CO_Pt110,Pt110,H2CO,dft_jobs,-1241.76560932,-1216.08630705,-23.86748645,-1.8118158200001062,ok,,complex: converged; slab: converged; molecule: converged,true,dft_jobs/H2CO_Pt110/r2scan/OUTCAR,vasp_slab/Pt110/r2scan/OUTCAR,vasp_mol/H2CO/r2scan/OUTCAR
r2scan,H2CO_Pt111_top,Pt111,H2CO,dft_jobs,,-3273.97042641,-23.86748645,,error,slab+mol: OUTCAR not found: dft_jobs/H2CO_Pt111_top/r2scan/OUTCAR,complex: missing; slab: converged; molecule: converged,false,dft_jobs/H2CO_Pt111_top/r2scan/OUTCAR,vasp_slab/Pt111/r2scan/OUTCAR,vasp_mol/H2CO/r2scan/OUTCAR
r2scan,H2CO_Rh100,Rh100,H2CO,dft_jobs,-873.493228,-847.91797961,-23.86748645,-1.7077619400000685,ok,,complex: converged; slab: converged; molecule: converged,true,dft_jobs/H2CO_Rh100/r2scan/OUTCAR,vasp_slab/Rh100/r2scan/OUTCAR,vasp_mol/H2CO/r2scan/OUTCAR
r2scan,H2CO_Rh110,Rh110,H2CO,dft_jobs,-583.97862671,-558.01919395,-23.86748645,-2.091946309999912,ok,,complex: converged; slab: converged; molecule: converged,true,dft_jobs/H2CO_Rh110/r2scan/OUTCAR,vasp_slab/Rh110/r2scan/OUTCAR,vasp_mol/H2CO/r2scan/OUTCAR
r2scan,H2CO_Rh111,Rh111,H2CO,dft_jobs,-1542.50926968,-1516.88991315,-23.86748645,-1.7518700800000033,ok,,complex: unfinished; slab: converged; molecule: converged,false,dft_jobs/H2CO_Rh111/r2scan/OUTCAR,vasp_slab/Rh111/r2scan/OUTCAR,vasp_mol/H2CO/r2scan/OUTCAR
r2scan,H2O_Ag100,Ag100,H2O,dft_jobs,-775.77338257,-759.06403021,-15.3324194,-1.3769329599999125,ok,,complex: converged; slab: converged; molecule: converged,true,dft_jobs/H2O_Ag100/r2scan/OUTCAR,vasp_slab/Ag100/r2scan/OUTCAR,vasp_mol/H2O/r2scan/OUTCAR
r2scan,H2O_Ag110,Ag110,H2O,dft_jobs,-519.08303768,-502.68023804,-15.3324194,-1.070380239999956,ok,,complex: converged; slab: converged; molecule: converged,true,dft_jobs/H2O_Ag110/r2scan/OUTCAR,vasp_slab/Ag110/r2scan/OUTCAR,vasp_mol/H2O/r2scan/OUTCAR
r2scan,H2O_Ag111,Ag111,H2O,dft_jobs,-777.54073749,-1351.78284961,-15.3324194,,slab_mismatch,"slab size mismatch: job has 36 Ag, reference has 64 Ag",complex: unfinished; slab: converged; molecule: converged,false,dft_jobs/H2O_Ag111/r2scan/OUTCAR,vasp_slab/Ag111/r2scan/OUTCAR,vasp_mol/H2O/r2scan/OUTCAR
r2scan,H2O_Au100,Au100,H2O,dft_jobs,-3236.43371352,-1812.10460465,-15.3324194,,slab_mismatch,"slab size mismatch: job has 64 Au, reference has 36 Au",complex: unfinished; slab: converged; molecule: converged,false,dft_jobs/H2O_Au100/r2scan/OUTCAR,vasp_slab/Au100/r2scan/OUTCAR,vasp_mol/H2O/r2scan/OUTCAR
r2scan,H2O_Au110,Au110,H2O,dft_jobs,-3227.36050541,-1205.07970007,-15.3324194,,slab_mismatch,"slab size mismatch: job has 64 Au, reference has 24 Au",complex: unfinished; slab: converged; molecule: converged,false,dft_jobs/H2O_Au110/r2scan/OUTCAR,vasp_slab/Au110/r2scan/OUTCAR,vasp_mol/H2O/r2scan/OUTCAR
r2scan,H2O_Au111,Au111,H2O,dft_jobs,-1830.05224642,-3226.08924919,-15.3324194,,slab_mismatch,"slab size mismatch: job has 36 Au, reference has 64 Au",complex: unfinished; slab: converged; molecule: converged,false,dft_jobs/H2O_Au111/r2scan/OUTCAR,vasp_slab/Au111/r2scan/OUTCAR,vasp_mol/H2O/r2scan/OUTCAR
r2scan,H2O_Cu100,Cu100,H2O,dft_jobs,-685.99468552,-670.31649401,-15.3324194,-0.3457721099999205,ok,,complex: unfinished; slab: converged; molecule: converged,false,dft_jobs/H2O_Cu100/r2scan/OUTCAR,vasp_slab/Cu100/r2scan/OUTCAR,vasp_mol/H2O/r2scan/OUTCAR
r2scan,H2O_Cu110,Cu110,H2O,dft_jobs,-263.41207531,-248.0324956,-15.3324194,-0.047160309999974004,ok,,complex: converged; slab: converged; molecule: converged,true,dft_jobs/H2O_Cu110/r2scan/OUTCAR,vasp_slab/Cu110/r2scan/OUTCAR,vasp_mol/H2O/r2scan/OUTCAR
r2scan,H2O_Cu111,Cu111,H2O,dft_jobs,-690.88979759,-676.88050278,-15.3324194,1.3231245900000843,ok,,complex: unfinished; slab: converged; molecule: converged,false,dft_jobs/H2O_Cu111/r2scan/OUTCAR,vasp_slab/Cu111/r2scan/OUTCAR,vasp_mol/H2O/r2scan/OUTCAR
r2scan,H2O_Ir100,Ir100,H2O,dft_jobs,-1874.66314916,-1858.5238611,-15.3324194,-0.8068686600001271,ok,,complex: converged; slab: unfinished; molecule: converged,false,dft_jobs/H2O_Ir100/r2scan/OUTCAR,vasp_slab/Ir100/r2scan/OUTCAR,vasp_mol/H2O/r2scan/OUTCAR
r2scan,H2O_Ir110,Ir110,H2O,dft_jobs,-1244.75272484,-1228.67675167,-15.3324194,-0.7435537699999983,ok,,complex: converged; slab: converged; molecule: converged,true,dft_jobs/H2O_Ir110/r2scan/OUTCAR,vasp_slab/Ir110/r2scan/OUTCAR,vasp_mol/H2O/r2scan/OUTCAR
r2scan,H2O_Ir111,Ir111,H2O,dft_jobs,-3336.50366619,-3320.68314209,-15.3324194,-0.4881047000000578,ok,,complex: converged; slab: converged; molecule: converged,true,dft_jobs/H2O_Ir111/r2scan/OUTCAR,vasp_slab/Ir111/r2scan/OUTCAR,vasp_mol/H2O/r2scan/OUTCAR
r2scan,H2O_Pd100,Pd100,H2O,dft_jobs,-828.1871206,-812.2261307,-15.3324194,-0.6285704999999595,ok,,complex: converged; slab: converged; molecule: converged,true,dft_jobs/H2O_Pd100/r2scan/OUTCAR,vasp_slab/Pd100/r2scan/OUTCAR,vasp_mol/H2O/r2scan/OUTCAR
r2scan,H2O_Pd110,Pd110,H2O,dft_jobs,-550.91577932,-534.90205054,-15.3324194,-0.6813093799999521,ok,,complex: converged; slab: converged; molecule: converged,true,dft_jobs/H2O_Pd110/r2scan/OUTCAR,vasp_slab/Pd110/r2scan/OUTCAR,vasp_mol/H2O/r2scan/OUTCAR
r2scan,H2O_Pd111,Pd111,H2O,dft_jobs,-831.30987469,-1449.11649223,-15.3324194,,slab_mismatch,"slab size mismatch: job has 36 Pd, reference has 64 Pd",complex: unfinished; slab: converged; molecule: converged,false,dft_jobs/H2O_Pd111/r2scan/OUTCAR,vasp_slab/Pd111/r2scan/OUTCAR,vasp_mol/H2O/r2scan/OUTCAR
r2scan,H2O_Pt100,Pt100,H2O,dft_jobs,-1852.17447715,-1835.69135898,-15.3324194,-1.150698770000126,ok,,complex: converged; slab: converged; molecule: converged,true,dft_jobs/H2O_Pt100/r2scan/OUTCAR,vasp_slab/Pt100/r2scan/OUTCAR,vasp_mol/H2O/r2scan/OUTCAR
r2scan,H2O_Pt110,Pt110,H2O,dft_jobs,-1232.50615588,-1216.08630705,-15.3324194,-1.0874294300000926,ok,,complex: converged; slab: converged; molecule: converged,true,dft_jobs/H2O_Pt110/r2scan/OUTCAR,vasp_slab/Pt110/r2scan/OUTCAR,vasp_mol/H2O/r2scan/OUTCAR
r2scan,H2O_Pt111_top,Pt111,H2O,dft_jobs,,-3273.97042641,-15.3324194,,error,slab+mol: OUTCAR not found: dft_jobs/H2O_Pt111_top/r2scan/OUTCAR,complex: missing; slab: converged; molecule: converged,false,dft_jobs/H2O_Pt111_top/r2scan/OUTCAR,vasp_slab/Pt111/r2scan/OUTCAR,vasp_mol/H2O/r2scan/OUTCAR
r2scan,H2O_Rh100,Rh100,H2O,dft_jobs,-864.17348048,-847.91797961,-15.3324194,-0.9230814699999925,ok,,complex: converged; slab: converged; molecule: converged,true,dft_jobs/H2O_Rh100/r2scan/OUTCAR,vasp_slab/Rh100/r2scan/OUTCAR,vasp_mol/H2O/r2scan/OUTCAR
r2scan,H2O_Rh110,Rh110,H2O,dft_jobs,-574.20597623,-558.01919395,-15.3324194,-0.8543628799999894,ok,,complex: converged; slab: converged; molecule: converged,true,dft_jobs/H2O_Rh110/r2scan/OUTCAR,vasp_slab/Rh110/r2scan/OUTCAR,vasp_mol/H2O/r2scan/OUTCAR
r2scan,H2O_Rh111,Rh111,H2O,dft_jobs,-1533.56125705,-1516.88991315,-15.3324194,-1.3389245000000116,ok,,complex: unfinished; slab: converged; molecule: converged,false,dft_jobs/H2O_Rh111/r2scan/OUTCAR,vasp_slab/Rh111/r2scan/OUTCAR,vasp_mol/H2O/r2scan/OUTCAR
r2scan,H2S_Ag100,Ag100,H2S,dft_jobs,-775.68678556,-759.06403021,-15.2261511,-1.3966042499999212,ok,,complex: unfinished; slab: converged; molecule: converged,false,dft_jobs/H2S_Ag100/r2scan/OUTCAR,vasp_slab/Ag100/r2scan/OUTCAR,vasp_mol/H2S/r2scan/OUTCAR
r2scan,H2S_Ag110,Ag110,H2S,dft_jobs,-518.95844966,-502.68023804,-15.2261511,-1.0520605200000368,ok,,complex: converged; slab: converged; molecule: converged,true,dft_jobs/H2S_Ag110/r2scan/OUTCAR,vasp_slab/Ag110/r2scan/OUTCAR,vasp_mol/H2S/r2scan/OUTCAR
r2scan,H2S_Ag111,Ag111,H2S,dft_jobs,-777.43688487,-1351.78284961,-15.2261511,,slab_mismatch,"slab size mismatch: job has 36 Ag, reference has 64 Ag",complex: unfinished; slab: converged; molecule: converged,false,dft_jobs/H2S_Ag111/r2scan/OUTCAR,vasp_slab/Ag111/r2scan/OUTCAR,vasp_mol/H2S/r2scan/OUTCAR
r2scan,H2S_Au100,Au100,H2S,dft_jobs,-3236.35474384,-1812.10460465,-15.2261511,,slab_mismatch,"slab size mismatch: job has 64 Au, reference has 36 Au",complex: unfinished; slab: converged; molecule: converged,false,dft_jobs/H2S_Au100/r2scan/OUTCAR,vasp_slab/Au100/r2scan/OUTCAR,vasp_mol/H2S/r2scan/OUTCAR
r2scan,H2S_Au110,Au110,H2S,dft_jobs,-3227.53317547,-1205.07970007,-15.2261511,,slab_mismatch,"slab size mismatch: job has 64 Au, reference has 24 Au",complex: unfinished; slab: converged; molecule: converged,false,dft_jobs/H2S_Au110/r2scan/OUTCAR,vasp_slab/Au110/r2scan/OUTCAR,vasp_mol/H2S/r2scan/OUTCAR
r2scan,H2S_Au111,Au111,H2S,dft_jobs,-1830.00510696,-3226.08924919,-15.2261511,,slab_mismatch,"slab size mismatch: job has 36 Au, reference has 64 Au",complex: unfinished; slab: converged; molecule: converged,false,dft_jobs/H2S_Au111/r2scan/OUTCAR,vasp_slab/Au111/r2scan/OUTCAR,vasp_mol/H2S/r2scan/OUTCAR
r2scan,H2S_Cu100,Cu100,H2S,dft_jobs,-685.86520004,-670.31649401,-15.2261511,-0.3225549299999493,ok,,complex: unfinished; slab: converged; molecule: converged,false,dft_jobs/H2S_Cu100/r2scan/OUTCAR,vasp_slab/Cu100/r2scan/OUTCAR,vasp_mol/H2S/r2scan/OUTCAR
r2scan,H2S_Cu110,Cu110,H2S,dft_jobs,-263.35987991,-248.0324956,-15.2261511,-0.1012332100000144,ok,,complex: converged; slab: converged; molecule: converged,true,dft_jobs/H2S_Cu110/r2scan/OUTCAR,vasp_slab/Cu110/r2scan/OUTCAR,vasp_mol/H2S/r2scan/OUTCAR
r2scan,H2S_Cu111,Cu111,H2S,dft_jobs,-690.88863015,-676.88050278,-15.2261511,1.218023729999988,ok,,complex: unfinished; slab: converged; molecule: converged,false,dft_jobs/H2S_Cu111/r2scan/OUTCAR,vasp_slab/Cu111/r2scan/OUTCAR,vasp_mol/H2S/r2scan/OUTCAR
r2scan,H2S_Ir100,Ir100,H2S,dft_jobs,-1876.83609206,-1858.5238611,-15.2261511,-3.08607986000008,ok,,complex: converged; slab: unfinished; molecule: converged,false,dft_jobs/H2S_Ir100/r2scan/OUTCAR,vasp_slab/Ir100/r2scan/OUTCAR,vasp_mol/H2S/r2scan/OUTCAR
r2scan,H2S_Ir110,Ir110,H2S,dft_jobs,-1246.77127939,-1228.67675167,-15.2261511,-2.868376620000088,ok,,complex: converged; slab: converged; molecule: converged,true,dft_jobs/H2S_Ir110/r2scan/OUTCAR,vasp_slab/Ir110/r2scan/OUTCAR,vasp_mol/H2S/r2scan/OUTCAR
r2scan,H2S_Ir111,Ir111,H2S,dft_jobs,-3336.8418216,-3320.68314209,-15.2261511,-0.9325284100001845,ok,,complex: converged; slab: converged; molecule: converged,true,dft_jobs/H2S_Ir111/r2scan/OUTCAR,vasp_slab/Ir111/r2scan/OUTCAR,vasp_mol/H2S/r2scan/OUTCAR
r2scan,H2S_Pd100,Pd100,H2S,dft_jobs,-828.60813446,-812.2261307,-15.2261511,-1.1558526599999759,ok,,complex: converged; slab: converged; molecule: converged,true,dft_jobs/H2S_Pd100/r2scan/OUTCAR,vasp_slab/Pd100/r2scan/OUTCAR,vasp_mol/H2S/r2scan/OUTCAR
r2scan,H2S_Pd110,Pd110,H2S,dft_jobs,-551.32925014,-534.90205054,-15.2261511,-1.2010484999999953,ok,,complex: converged; slab: converged; molecule: converged,true,dft_jobs/H2S_Pd110/r2scan/OUTCAR,vasp_slab/Pd110/r2scan/OUTCAR,vasp_mol/H2S/r2scan/OUTCAR
r2scan,H2S_Pd111,Pd111,H2S,dft_jobs,-831.50820621,-1449.11649223,-15.2261511,,slab_mismatch,"slab size mismatch: job has 36 Pd, reference has 64 Pd",complex: unfinished; slab: converged; molecule: converged,false,dft_jobs/H2S_Pd111/r2scan/OUTCAR,vasp_slab/Pd111/r2scan/OUTCAR,vasp_mol/H2S/r2scan/OUTCAR
r2scan,H2S_Pt100,Pt100,H2S,dft_jobs,-1852.75199447,-1835.69135898,-15.2261511,-1.834484390000096,ok,,complex: converged; slab: converged; molecule: converged,true,dft_jobs/H2S_Pt100/r2scan/OUTCAR,vasp_slab/Pt100/r2scan/OUTCAR,vasp_mol/H2S/r2scan/OUTCAR
r2scan,H2S_Pt110,Pt110,H2S,dft_jobs,-1234.30696117,-1216.08630705,-15.2261511,-2.9945030200000637,ok,,complex: converged; slab: converged; molecule: converged,true,dft_jobs/H2S_Pt110/r2scan/OUTCAR,vasp_slab/Pt110/r2scan/OUTCAR,vasp_mol/H2S/r2scan/OUTCAR
r2scan,H2S_Pt111_top,Pt111,H2S,dft_jobs,,-3273.97042641,-15.2261511,,error,slab+mol: OUTCAR not found: dft_jobs/H2S_Pt111_top/r2scan/OUTCAR,complex: missing; slab: converged; molecule: converged,false,dft_jobs/H2S_Pt111_top/r2scan/OUTCAR,vasp_slab/Pt111/r2scan/OUTCAR,vasp_mol/H2S/r2scan/OUTCAR
r2scan,H2S_Rh100,Rh100,H2S,dft_jobs,-867.6257801,-847.91797961,-15.2261511,-4.481649390000069,ok,,complex: converged; slab: converged; molecule: converged,true,dft_jobs/H2S_Rh100/r2scan/OUTCAR,vasp_slab/Rh100/r2scan/OUTCAR,vasp_mol/H2S/r2scan/OUTCAR
r2scan,H2S_Rh110,Rh110,H2S,dft_jobs,-575.32802195,-558.01919395,-15.2261511,-2.0826768999999494,ok,,complex: converged; slab: converged; molecule: converged,true,dft_jobs/H2S_Rh110/r2scan/OUTCAR,vasp_slab/Rh110/r2scan/OUTCAR,vasp_mol/H2S/r2scan/OUTCAR
r2scan,H2S_Rh111,Rh111,H2S,dft_jobs,-1533.87975178,-1516.88991315,-15.2261511,-1.763687530000123,ok,,complex: unfinished; slab: converged; molecule: converged,false,dft_jobs/H2S_Rh111/r2scan/OUTCAR,vasp_slab/Rh111/r2scan/OUTCAR,vasp_mol/H2S/r2scan/OUTCAR
r2scan,HCN_Ag100,Ag100,HCN,dft_jobs,,-759.06403021,,,error,slab+mol: OUTCAR not found: dft_jobs/HCN_Ag100/r2scan/OUTCAR; mol: OUTCAR not found: vasp_mol/HCN/r2scan/OUTCAR,complex: missing; slab: converged; molecule: missing,false,dft_jobs/HCN_Ag100/r2scan/OUTCAR,vasp_slab/Ag100/r2scan/OUTCAR,vasp_mol/HCN/r2scan/OUTCAR
r2scan,HCN_Ag110,Ag110,HCN,dft_jobs,,-502.68023804,,,error,slab+mol: OUTCAR not found: dft_jobs/HCN_Ag110/r2scan/OUTCAR; mol: OUTCAR not found: vasp_mol/HCN/r2scan/OUTCAR,complex: missing; slab: converged; molecule: missing,false,dft_jobs/HCN_Ag110/r2scan/OUTCAR,vasp_slab/Ag110/r2scan/OUTCAR,vasp_mol/HCN/r2scan/OUTCAR
r2scan,HCN_Ag111,Ag111,HCN,dft_jobs,,-1351.78284961,,,error,slab+mol: OUTCAR not found: dft_jobs/HCN_Ag111/r2scan/OUTCAR; mol: OUTCAR not found: vasp_mol/HCN/r2scan/OUTCAR,complex: missing; slab: converged; molecule: missing,false,dft_jobs/HCN_Ag111/r2scan/OUTCAR,vasp_slab/Ag111/r2scan/OUTCAR,vasp_mol/HCN/r2scan/OUTCAR
r2scan,HCN_Au100,Au100,HCN,dft_jobs,,-1812.10460465,,,error,slab+mol: OUTCAR not found: dft_jobs/HCN_Au100/r2scan/OUTCAR; mol: OUTCAR not found: vasp_mol/HCN/r2scan/OUTCAR,complex: missing; slab: converged; molecule: missing,false,dft_jobs/HCN_Au100/r2scan/OUTCAR,vasp_slab/Au100/r2scan/OUTCAR,vasp_mol/HCN/r2scan/OUTCAR
r2scan,HCN_Au110,Au110,HCN,dft_jobs,,-1205.07970007,,,error,slab+mol: OUTCAR not found: dft_jobs/HCN_Au110/r2scan/OUTCAR; mol: OUTCAR not found: vasp_mol/HCN/r2scan/OUTCAR,complex: missing; slab: converged; molecule: missing,false,dft_jobs/HCN_Au110/r2scan/OUTCAR,vasp_slab/Au110/r2scan/OUTCAR,vasp_mol/HCN/r2scan/OUTCAR
r2scan,HCN_Au111,Au111,HCN,dft_jobs,,-3226.08924919,,,error,slab+mol: OUTCAR not found: dft_jobs/HCN_Au111/r2scan/OUTCAR; mol: OUTCAR not found: vasp_mol/HCN/r2scan/OUTCAR,complex: missing; slab: converged; molecule: missing,false,dft_jobs/HCN_Au111/r2scan/OUTCAR,vasp_slab/Au111/r2scan/OUTCAR,vasp_mol/HCN/r2scan/OUTCAR
r2scan,HCN_Ir100,Ir100,HCN,dft_jobs,,-1858.5238611,,,error,slab+mol: OUTCAR not found: dft_jobs/HCN_Ir100/r2scan/OUTCAR; mol: OUTCAR not found: vasp_mol/HCN/r2scan/OUTCAR,complex: missing; slab: unfinished; molecule: missing,false,dft_jobs/HCN_Ir100/r2scan/OUTCAR,vasp_slab/Ir100/r2scan/OUTCAR,vasp_mol/HCN/r2scan/OUTCAR
r2scan,HCN_Ir110,Ir110,HCN,dft_jobs,,-1228.67675167,,,error,slab+mol: OUTCAR not found: dft_jobs/HCN_Ir110/r2scan/OUTCAR; mol: OUTCAR not found: vasp_mol/HCN/r2scan/OUTCAR,complex: missing; slab: converged; molecule: missing,false,dft_jobs/HCN_Ir110/r2scan/OUTCAR,vasp_slab/Ir110/r2scan/OUTCAR,vasp_mol/HCN/r2scan/OUTCAR
r2scan,HCN_Ir111,Ir111,HCN,dft_jobs,,-3320.68314209,,,error,slab+mol: OUTCAR not found: dft_jobs/HCN_Ir111/r2scan/OUTCAR; mol: OUTCAR not found: vasp_mol/HCN/r2scan/OUTCAR,complex: missing; slab: converged; molecule: missing,false,dft_jobs/HCN_Ir111/r2scan/OUTCAR,vasp_slab/Ir111/r2scan/OUTCAR,vasp_mol/HCN/r2scan/OUTCAR
r2scan,HCN_Pt111_top,Pt111,HCN,dft_jobs,,-3273.97042641,,,error,slab+mol: OUTCAR not found: dft_jobs/HCN_Pt111_top/r2scan/OUTCAR; mol: OUTCAR not found: vasp_mol/HCN/r2scan/OUTCAR,complex: missing; slab: converged; molecule: missing,false,dft_jobs/HCN_Pt111_top/r2scan/OUTCAR,vasp_slab/Pt111/r2scan/OUTCAR,vasp_mol/HCN/r2scan/OUTCAR
r2scan,HCN_Rh100,Rh100,HCN,dft_jobs,,-847.91797961,,,error,slab+mol: OUTCAR not found: dft_jobs/HCN_Rh100/r2scan/OUTCAR; mol: OUTCAR not found: vasp_mol/HCN/r2scan/OUTCAR,complex: missing; slab: converged; molecule: missing,false,dft_jobs/HCN_Rh100/r2scan/OUTCAR,vasp_slab/Rh100/r2scan/OUTCAR,vasp_mol/HCN/r2scan/OUTCAR
r2scan,HCN_Rh110,Rh110,HCN,dft_jobs,,-558.01919395,,,error,slab+mol: OUTCAR not found: dft_jobs/HCN_Rh110/r2scan/OUTCAR; mol: OUTCAR not found: vasp_mol/HCN/r2scan/OUTCAR,complex: missing; slab: converged; molecule: missing,false,dft_jobs/HCN_Rh110/r2scan/OUTCAR,vasp_slab/Rh110/r2scan/OUTCAR,vasp_mol/HCN/r2scan/OUTCAR
r2scan,HCN_Rh111,Rh111,HCN,dft_jobs,,-1516.88991315,,,error,slab+mol: OUTCAR not found: dft_jobs/HCN_Rh111/r2scan/OUTCAR; mol: OUTCAR not found: vasp_mol/HCN/r2scan/OUTCAR,complex: missing; slab: converged; molecule: missing,false,dft_jobs/HCN_Rh111/r2scan/OUTCAR,vasp_slab/Rh111/r2scan/OUTCAR,vasp_mol/HCN/r2scan/OUTCAR
r2scan,HCOOH_Ag100,Ag100,HCOOH,dft_jobs,-793.11747806,-759.06403021,-32.6339016,-1.4195462499999962,ok,,complex: unfinished; slab: converged; molecule: converged,false,dft_jobs/HCOOH_Ag100/r2scan/OUTCAR,vasp_slab/Ag100/r2scan/OUTCAR,vasp_mol/HCOOH/r2scan/OUTCAR
r2scan,HCOOH_Ag110,Ag110,HCOOH,dft_jobs,-536.41894479,-502.68023804,-32.6339016,-1.1048051499999474,ok,,complex: converged; slab: converged; molecule: converged,true,dft_jobs/HCOOH_Ag110/r2scan/OUTCAR,vasp_slab/Ag110/r2scan/OUTCAR,vasp_mol/HCOOH/r2scan/OUTCAR
r2scan,HCOOH_Ag111,Ag111,HCOOH,dft_jobs,-794.85893544,-1351.78284961,-32.6339016,,slab_mismatch,"slab size mismatch: job has 36 Ag, reference has 64 Ag",complex: unfinished; slab: converged; molecule: converged,false,dft_jobs/HCOOH_Ag111/r2scan/OUTCAR,vasp_slab/Ag111/r2scan/OUTCAR,vasp_mol/HCOOH/r2scan/OUTCAR
r2scan,HCOOH_Au100,Au100,HCOOH,dft_jobs,-3253.73816721,-1812.10460465,-32.6339016,,slab_mismatch,"slab size mismatch: job has 64 Au, reference has 36 Au",complex: unfinished; slab: converged; molecule: converged,false,dft_jobs/HCOOH_Au100/r2scan/OUTCAR,vasp_slab/Au100/r2scan/OUTCAR,vasp_mol/HCOOH/r2scan/OUTCAR
r2scan,HCOOH_Au110,Au110,HCOOH,dft_jobs,-3244.68813412,-1205.07970007,-32.6339016,,slab_mismatch,"slab size mismatch: job has 64 Au, reference has 24 Au",complex: unfinished; slab: converged; molecule: converged,false,dft_jobs/HCOOH_Au110/r2scan/OUTCAR,vasp_slab/Au110/r2scan/OUTCAR,vasp_mol/HCOOH/r2scan/OUTCAR
r2scan,HCOOH_Au111,Au111,HCOOH,dft_jobs,-1847.27794967,-3226.08924919,-32.6339016,,slab_mismatch,"slab size mismatch: job has 36 Au, reference has 64 Au",complex: unfinished; slab: converged; molecule: converged,false,dft_jobs/HCOOH_Au111/r2scan/OUTCAR,vasp_slab/Au111/r2scan/OUTCAR,vasp_mol/HCOOH/r2scan/OUTCAR
r2scan,HCOOH_Cu100,Cu100,HCOOH,dft_jobs,-703.36660307,-670.31649401,-32.6339016,-0.4162074599999528,ok,,complex: unfinished; slab: converged; molecule: converged,false,dft_jobs/HCOOH_Cu100/r2scan/OUTCAR,vasp_slab/Cu100/r2scan/OUTCAR,vasp_mol/HCOOH/r2scan/OUTCAR
r2scan,HCOOH_Cu110,Cu110,HCOOH,dft_jobs,-280.85591856,-248.0324956,-32.6339016,-0.18952136000001474,ok,,complex: converged; slab: converged; molecule: converged,true,dft_jobs/HCOOH_Cu110/r2scan/OUTCAR,vasp_slab/Cu110/r2scan/OUTCAR,vasp_mol/HCOOH/r2scan/OUTCAR
r2scan,HCOOH_Cu111_top,Cu111,HCOOH,dft_jobs,,-676.88050278,-32.6339016,,error,slab+mol: OUTCAR not found: dft_jobs/HCOOH_Cu111_top/r2scan/OUTCAR,complex: missing; slab: converged; molecule: converged,false,dft_jobs/HCOOH_Cu111_top/r2scan/OUTCAR,vasp_slab/Cu111/r2scan/OUTCAR,vasp_mol/HCOOH/r2scan/OUTCAR
r2scan,HCOOH_Ir100,Ir100,HCOOH,dft_jobs,-1892.19789742,-1858.5238611,-32.6339016,-1.0401347199999122,ok,,complex: converged; slab: unfinished; molecule: converged,false,dft_jobs/HCOOH_Ir100/r2scan/OUTCAR,vasp_slab/Ir100/r2scan/OUTCAR,vasp_mol/HCOOH/r2scan/OUTCAR
r2scan,HCOOH_Ir110,Ir110,HCOOH,dft_jobs,-1262.19382999,-1228.67675167,-32.6339016,-0.8831767200001082,ok,,complex: unfinished; slab: converged; molecule: converged,false,dft_jobs/HCOOH_Ir110/r2scan/OUTCAR,vasp_slab/Ir110/r2scan/OUTCAR,vasp_mol/HCOOH/r2scan/OUTCAR
r2scan,HCOOH_Ir111,Ir111,HCOOH,dft_jobs,-3353.87171472,-3320.68314209,-32.6339016,-0.5546710300001791,ok,,complex: unfinished; slab: converged; molecule: converged,false,dft_jobs/HCOOH_Ir111/r2scan/OUTCAR,vasp_slab/Ir111/r2scan/OUTCAR,vasp_mol/HCOOH/r2scan/OUTCAR
r2scan,HCOOH_Pd100,Pd100,HCOOH,dft_jobs,-845.70182976,-812.2261307,-32.6339016,-0.8417974600000093,ok,,complex: unfinished; slab: converged; molecule: converged,false,dft_jobs/HCOOH_Pd100/r2scan/OUTCAR,vasp_slab/Pd100/r2scan/OUTCAR,vasp_mol/HCOOH/r2scan/OUTCAR
r2scan,HCOOH_Pd110,Pd110,HCOOH,dft_jobs,-568.38469106,-534.90205054,-32.6339016,-0.8487389200000166,ok,,complex: converged; slab: converged; molecule: converged,true,dft_jobs/HCOOH_Pd110/r2scan/OUTCAR,vasp_slab/Pd110/r2scan/OUTCAR,vasp_mol/HCOOH/r2scan/OUTCAR
r2scan,HCOOH_Pd111,Pd111,HCOOH,dft_jobs,-848.75172135,-1449.11649223,-32.6339016,,slab_mismatch,"slab size mismatch: job has 36 Pd, reference has 64 Pd",complex: unfinished; slab: converged; molecule: converged,false,dft_jobs/HCOOH_Pd111/r2scan/OUTCAR,vasp_slab/Pd111/r2scan/OUTCAR,vasp_mol/HCOOH/r2scan/OUTCAR
r2scan,HCOOH_Pt100,Pt100,HCOOH,dft_jobs,-1869.69099814,-1835.69135898,-32.6339016,-1.3657375600000137,ok,,complex: converged; slab: converged; molecule: converged,true,dft_jobs/HCOOH_Pt100/r2scan/OUTCAR,vasp_slab/Pt100/r2scan/OUTCAR,vasp_mol/HCOOH/r2scan/OUTCAR
r2scan,HCOOH_Pt110,Pt110,HCOOH,dft_jobs,-1249.98275418,-1216.08630705,-32.6339016,-1.262545530000068,ok,,complex: converged; slab: converged; molecule: converged,true,dft_jobs/HCOOH_Pt110/r2scan/OUTCAR,vasp_slab/Pt110/r2scan/OUTCAR,vasp_mol/HCOOH/r2scan/OUTCAR
r2scan,HCOOH_Pt111,Pt111,HCOOH,dft_jobs,-1874.86242619,-3273.97042641,-32.6339016,,slab_mismatch,"slab size mismatch: job has 36 Pt, reference has 64 Pt",complex: unfinished; slab: converged; molecule: converged,false,dft_jobs/HCOOH_Pt111/r2scan/OUTCAR,vasp_slab/Pt111/r2scan/OUTCAR,vasp_mol/HCOOH/r2scan/OUTCAR
r2scan,HCOOH_Rh100,Rh100,HCOOH,dft_jobs,-881.72027623,-847.91797961,-32.6339016,-1.1683950199999913,ok,,complex: converged; slab: converged; molecule: converged,true,dft_jobs/HCOOH_Rh100/r2scan/OUTCAR,vasp_slab/Rh100/r2scan/OUTCAR,vasp_mol/HCOOH/r2scan/OUTCAR
r2scan,HCOOH_Rh110,Rh110,HCOOH,dft_jobs,-591.71057319,-558.01919395,-32.6339016,-1.057477639999945,ok,,complex: unfinished; slab: converged; molecule: converged,false,dft_jobs/HCOOH_Rh110/r2scan/OUTCAR,vasp_slab/Rh110/r2scan/OUTCAR,vasp_mol/HCOOH/r2scan/OUTCAR
r2scan,HCOOH_Rh111,Rh111,HCOOH,dft_jobs,-1550.97132969,-1516.88991315,-32.6339016,-1.4475149399999623,ok,,complex: unfinished; slab: converged; molecule: converged,false,dft_jobs/HCOOH_Rh111/r2scan/OUTCAR,vasp_slab/Rh111/r2scan/OUTCAR,vasp_mol/HCOOH/r2scan/OUTCAR
r2scan,H_Ag100,Ag100,H,dft_jobs,,-759.06403021,,,error,slab+mol: OUTCAR not found: dft_jobs/H_Ag100/r2scan/OUTCAR; mol: OUTCAR not found: vasp_mol/H/r2scan/OUTCAR,complex: missing; slab: converged; molecule: missing,false,dft_jobs/H_Ag100/r2scan/OUTCAR,vasp_slab/Ag100/r2scan/OUTCAR,vasp_mol/H/r2scan/OUTCAR
r2scan,H_Ag110,Ag110,H,dft_jobs,,-502.68023804,,,error,slab+mol: OUTCAR not found: dft_jobs/H_Ag110/r2scan/OUTCAR; mol: OUTCAR not found: vasp_mol/H/r2scan/OUTCAR,complex: missing; slab: converged; molecule: missing,false,dft_jobs/H_Ag110/r2scan/OUTCAR,vasp_slab/Ag110/r2scan/OUTCAR,vasp_mol/H/r2scan/OUTCAR
r2scan,H_Ag111,Ag111,H,dft_jobs,,-1351.78284961,,,error,slab+mol: OUTCAR not found: dft_jobs/H_Ag111/r2scan/OUTCAR; mol: OUTCAR not found: vasp_mol/H/r2scan/OUTCAR,complex: missing; slab: converged; molecule: missing,false,dft_jobs/H_Ag111/r2scan/OUTCAR,vasp_slab/Ag111/r2scan/OUTCAR,vasp_mol/H/r2scan/OUTCAR
r2scan,H_Au100,Au100,H,dft_jobs,,-1812.10460465,,,error,slab+mol: OUTCAR not found: dft_jobs/H_Au100/r2scan/OUTCAR; mol: OUTCAR not found: vasp_mol/H/r2scan/OUTCAR,complex: missing; slab: converged; molecule: missing,false,dft_jobs/H_Au100/r2scan/OUTCAR,vasp_slab/Au100/r2scan/OUTCAR,vasp_mol/H/r2scan/OUTCAR
r2scan,H_Au110,Au110,H,dft_jobs,,-1205.07970007,,,error,slab+mol: OUTCAR not found: dft_jobs/H_Au110/r2scan/OUTCAR; mol: OUTCAR not found: vasp_mol/H/r2scan/OUTCAR,complex: missing; slab: converged; molecule: missing,false,dft_jobs/H_Au110/r2scan/OUTCAR,vasp_slab/Au110/r2scan/OUTCAR,vasp_mol/H/r2scan/OUTCAR
r2scan,H_Au111,Au111,H,dft_jobs,,-3226.08924919,,,error,slab+mol: OUTCAR not found: dft_jobs/H_Au111/r2scan/OUTCAR; mol: OUTCAR not found: vasp_mol/H/r2scan/OUTCAR,complex: missing; slab: converged; molecule: missing,false,dft_jobs/H_Au111/r2scan/OUTCAR,vasp_slab/Au111/r2scan/OUTCAR,vasp_mol/H/r2scan/OUTCAR
r2scan,H_Ir100,Ir100,H,dft_jobs,,-1858.5238611,,,error,slab+mol: OUTCAR not found: dft_jobs/H_Ir100/r2scan/OUTCAR; mol: OUTCAR not found: vasp_mol/H/r2scan/OUTCAR,complex: missing; slab: unfinished; molecule: missing,false,dft_jobs/H_Ir100/r2scan/OUTCAR,vasp_slab/Ir100/r2scan/OUTCAR,vasp_mol/H/r2scan/OUTCAR
r2scan,H_Ir110,Ir110,H,dft_jobs,,-1228.67675167,,,error,slab+mol: OUTCAR not found: dft_jobs/H_Ir110/r2scan/OUTCAR; mol: OUTCAR not found: vasp_mol/H/r2scan/OUTCAR,complex: missing; slab: converged; molecule: missing,false,dft_jobs/H_Ir110/r2scan/OUTCAR,vasp_slab/Ir110/r2scan/OUTCAR,vasp_mol/H/r2scan/OUTCAR
r2scan,H_Ir111,Ir111,H,dft_jobs,,-3320.68314209,,,error,slab+mol: OUTCAR not found: dft_jobs/H_Ir111/r2scan/OUTCAR; mol: OUTCAR not found: vasp_mol/H/r2scan/OUTCAR,complex: missing; slab: converged; molecule: missing,false,dft_jobs/H_Ir111/r2scan/OUTCAR,vasp_slab/Ir111/r2scan/OUTCAR,vasp_mol/H/r2scan/OUTCAR
r2scan,H_Pt111_fcc,Pt111,H,dft_jobs,,-3273.97042641,,,error,slab+mol: OUTCAR not found: dft_jobs/H_Pt111_fcc/r2scan/OUTCAR; mol: OUTCAR not found: vasp_mol/H/r2scan/OUTCAR,complex: missing; slab: converged; molecule: missing,false,dft_jobs/H_Pt111_fcc/r2scan/OUTCAR,vasp_slab/Pt111/r2scan/OUTCAR,vasp_mol/H/r2scan/OUTCAR
r2scan,H_Rh100,Rh100,H,dft_jobs,,-847.91797961,,,error,slab+mol: OUTCAR not found: dft_jobs/H_Rh100/r2scan/OUTCAR; mol: OUTCAR not found: vasp_mol/H/r2scan/OUTCAR,complex: missing; slab: converged; molecule: missing,false,dft_jobs/H_Rh100/r2scan/OUTCAR,vasp_slab/Rh100/r2scan/OUTCAR,vasp_mol/H/r2scan/OUTCAR
r2scan,H_Rh110,Rh110,H,dft_jobs,,-558.01919395,,,error,slab+mol: OUTCAR not found: dft_jobs/H_Rh110/r2scan/OUTCAR; mol: OUTCAR not found: vasp_mol/H/r2scan/OUTCAR,complex: missing; slab: converged; molecule: missing,false,dft_jobs/H_Rh110/r2scan/OUTCAR,vasp_slab/Rh110/r2scan/OUTCAR,vasp_mol/H/r2scan/OUTCAR
r2scan,H_Rh111,Rh111,H,dft_jobs,,-1516.88991315,,,error,slab+mol: OUTCAR not found: dft_jobs/H_Rh111/r2scan/OUTCAR; mol: OUTCAR not found: vasp_mol/H/r2scan/OUTCAR,complex: missing; slab: converged; molecule: missing,false,dft_jobs/H_Rh111/r2scan/OUTCAR,vasp_slab/Rh111/r2scan/OUTCAR,vasp_mol/H/r2scan/OUTCAR
r2scan,N2_Ag100,Ag100,N2,dft_jobs,-778.37132286,-759.06403021,-18.19419396,-1.1130986899999087,ok,,complex: converged; slab: converged; molecule: converged,true,dft_jobs/N2_Ag100/r2scan/OUTCAR,vasp_slab/Ag100/r2scan/OUTCAR,vasp_mol/N2/r2scan/OUTCAR
r2scan,N2_Ag110,Ag110,N2,dft_jobs,-521.57819132,-502.68023804,-18.19419396,-0.7037593199999677,ok,,complex: converged; slab: converged; molecule: converged,true,dft_jobs/N2_Ag110/r2scan/OUTCAR,vasp_slab/Ag110/r2scan/OUTCAR,vasp_mol/N2/r2scan/OUTCAR
r2scan,N2_Ag111,Ag111,N2,dft_jobs,-780.244026,-1351.78284961,-18.19419396,,slab_mismatch,"slab size mismatch: job has 36 Ag, reference has 64 Ag",complex: unfinished; slab: converged; molecule: converged,false,dft_jobs/N2_Ag111/r2scan/OUTCAR,vasp_slab/Ag111/r2scan/OUTCAR,vasp_mol/N2/r2scan/OUTCAR
r2scan,N2_Au100,Au100,N2,dft_jobs,-3239.25914309,-1812.10460465,-18.19419396,,slab_mismatch,"slab size mismatch: job has 64 Au, reference has 36 Au",complex: unfinished; slab: converged; molecule: converged,false,dft_jobs/N2_Au100/r2scan/OUTCAR,vasp_slab/Au100/r2scan/OUTCAR,vasp_mol/N2/r2scan/OUTCAR
r2scan,N2_Au110,Au110,N2,dft_jobs,-3229.96901463,-1205.07970007,-18.19419396,,slab_mismatch,"slab size mismatch: job has 64 Au, reference has 24 Au",complex: unfinished; slab: converged; molecule: converged,false,dft_jobs/N2_Au110/r2scan/OUTCAR,vasp_slab/Au110/r2scan/OUTCAR,vasp_mol/N2/r2scan/OUTCAR
r2scan,N2_Au111,Au111,N2,dft_jobs,-1832.82823248,-3226.08924919,-18.19419396,,slab_mismatch,"slab size mismatch: job has 36 Au, reference has 64 Au",complex: unfinished; slab: converged; molecule: converged,false,dft_jobs/N2_Au111/r2scan/OUTCAR,vasp_slab/Au111/r2scan/OUTCAR,vasp_mol/N2/r2scan/OUTCAR
r2scan,N2_Cu100,Cu100,N2,dft_jobs,-688.49935313,-670.31649401,-18.19419396,0.011334840000010615,ok,,complex: unfinished; slab: converged; molecule: converged,false,dft_jobs/N2_Cu100/r2scan/OUTCAR,vasp_slab/Cu100/r2scan/OUTCAR,vasp_mol/N2/r2scan/OUTCAR
r2scan,N2_Cu110,Cu110,N2,dft_jobs,-266.04563232,-248.0324956,-18.19419396,0.18105724000002255,ok,,complex: converged; slab: converged; molecule: converged,true,dft_jobs/N2_Cu110/r2scan/OUTCAR,vasp_slab/Cu110/r2scan/OUTCAR,vasp_mol/N2/r2scan/OUTCAR
r2scan,N2_Cu111,Cu111,N2,dft_jobs,-693.63184965,-676.88050278,-18.19419396,1.4428470899999795,ok,,complex: unfinished; slab: converged; molecule: converged,false,dft_jobs/N2_Cu111/r2scan/OUTCAR,vasp_slab/Cu111/r2scan/OUTCAR,vasp_mol/N2/r2scan/OUTCAR
r2scan,N2_Ir100,Ir100,N2,dft_jobs,-1877.77247789,-1858.5238611,-18.19419396,-1.0544228299999148,ok,,complex: converged; slab: unfinished; molecule: converged,false,dft_jobs/N2_Ir100/r2scan/OUTCAR,vasp_slab/Ir100/r2scan/OUTCAR,vasp_mol/N2/r2scan/OUTCAR
r2scan,N2_Ir110,Ir110,N2,dft_jobs,-1247.9606547,-1228.67675167,-18.19419396,-1.089709070000147,ok,,complex: unfinished; slab: converged; molecule: converged,false,dft_jobs/N2_Ir110/r2scan/OUTCAR,vasp_slab/Ir110/r2scan/OUTCAR,vasp_mol/N2/r2scan/OUTCAR
r2scan,N2_Ir111,Ir111,N2,dft_jobs,-3339.40496946,-3320.68314209,-18.19419396,-0.5276334100000284,ok,,complex: unfinished; slab: converged; molecule: converged,false,dft_jobs/N2_Ir111/r2scan/OUTCAR,vasp_slab/Ir111/r2scan/OUTCAR,vasp_mol/N2/r2scan/OUTCAR
r2scan,N2_Pd100,Pd100,N2,dft_jobs,-831.0803854,-812.2261307,-18.19419396,-0.6600607399999561,ok,,complex: converged; slab: converged; molecule: converged,true,dft_jobs/N2_Pd100/r2scan/OUTCAR,vasp_slab/Pd100/r2scan/OUTCAR,vasp_mol/N2/r2scan/OUTCAR
r2scan,N2_Pd110,Pd110,N2,dft_jobs,-553.68130361,-534.90205054,-18.19419396,-0.5850591099999818,ok,,complex: unfinished; slab: converged; molecule: converged,false,dft_jobs/N2_Pd110/r2scan/OUTCAR,vasp_slab/Pd110/r2scan/OUTCAR,vasp_mol/N2/r2scan/OUTCAR
r2scan,N2_Pd111,Pd111,N2,dft_jobs,-834.05966147,-1449.11649223,-18.19419396,,slab_mismatch,"slab size mismatch: job has 36 Pd, reference has 64 Pd",complex: unfinished; slab: converged; molecule: converged,false,dft_jobs/N2_Pd111/r2scan/OUTCAR,vasp_slab/Pd111/r2scan/OUTCAR,vasp_mol/N2/r2scan/OUTCAR
r2scan,N2_Pt100,Pt100,N2,dft_jobs,-1855.06205851,-1835.69135898,-18.19419396,-1.1765055700001383,ok,,complex: converged; slab: converged; molecule: converged,true,dft_jobs/N2_Pt100/r2scan/OUTCAR,vasp_slab/Pt100/r2scan/OUTCAR,vasp_mol/N2/r2scan/OUTCAR
r2scan,N2_Pt110,Pt110,N2,dft_jobs,-1235.4447009,-1216.08630705,-18.19419396,-1.1641998900000843,ok,,complex: converged; slab: converged; molecule: converged,true,dft_jobs/N2_Pt110/r2scan/OUTCAR,vasp_slab/Pt110/r2scan/OUTCAR,vasp_mol/N2/r2scan/OUTCAR
r2scan,N2_Pt111_top,Pt111,N2,dft_jobs,,-3273.97042641,-18.19419396,,error,slab+mol: OUTCAR not found: dft_jobs/N2_Pt111_top/r2scan/OUTCAR,complex: missing; slab: converged; molecule: converged,false,dft_jobs/N2_Pt111_top/r2scan/OUTCAR,vasp_slab/Pt111/r2scan/OUTCAR,vasp_mol/N2/r2scan/OUTCAR
r2scan,N2_Rh100,Rh100,N2,dft_jobs,-867.33712374,-847.91797961,-18.19419396,-1.2249501700000636,ok,,complex: converged; slab: converged; molecule: converged,true,dft_jobs/N2_Rh100/r2scan/OUTCAR,vasp_slab/Rh100/r2scan/OUTCAR,vasp_mol/N2/r2scan/OUTCAR
r2scan,N2_Rh110,Rh110,N2,dft_jobs,-577.25308657,-558.01919395,-18.19419396,-1.0396986600000062,ok,,complex: converged; slab: converged; molecule: converged,true,dft_jobs/N2_Rh110/r2scan/OUTCAR,vasp_slab/Rh110/r2scan/OUTCAR,vasp_mol/N2/r2scan/OUTCAR
r2scan,N2_Rh111,Rh111,N2,dft_jobs,-1536.59442826,-1516.88991315,-18.19419396,-1.5103211500001024,ok,,complex: unfinished; slab: converged; molecule: converged,false,dft_jobs/N2_Rh111/r2scan/OUTCAR,vasp_slab/Rh111/r2scan/OUTCAR,vasp_mol/N2/r2scan/OUTCAR
r2scan,NH3_Ag100,Ag100,NH3,dft_jobs,-781.19229399,-759.06403021,-20.51834734,-1.6099164399999992,ok,,complex: converged; slab: converged; molecule: converged,true,dft_jobs/NH3_Ag100/r2scan/OUTCAR,vasp_slab/Ag100/r2scan/OUTCAR,vasp_mol/NH3/r2scan/OUTCAR
r2scan,NH3_Ag110,Ag110,NH3,dft_jobs,-524.43868619,-502.68023804,-20.51834734,-1.2401008099999942,ok,,complex: converged; slab: converged; molecule: converged,true,dft_jobs/NH3_Ag110/r2scan/OUTCAR,vasp_slab/Ag110/r2scan/OUTCAR,vasp_mol/NH3/r2scan/OUTCAR
r2scan,NH3_Ag111,Ag111,NH3,dft_jobs,-782.94201237,-1351.78284961,-20.51834734,,slab_mismatch,"slab size mismatch: job has 36 Ag, reference has 64 Ag",complex: unfinished; slab: converged; molecule: converged,false,dft_jobs/NH3_Ag111/r2scan/OUTCAR,vasp_slab/Ag111/r2scan/OUTCAR,vasp_mol/NH3/r2scan/OUTCAR
r2scan,NH3_Au100,Au100,NH3,dft_jobs,-3242.04852409,-1812.10460465,-20.51834734,,slab_mismatch,"slab size mismatch: job has 64 Au, reference has 36 Au",complex: unfinished; slab: converged; molecule: converged,false,dft_jobs/NH3_Au100/r2scan/OUTCAR,vasp_slab/Au100/r2scan/OUTCAR,vasp_mol/NH3/r2scan/OUTCAR
r2scan,NH3_Au110,Au110,NH3,dft_jobs,-3233.01785721,-1205.07970007,-20.51834734,,slab_mismatch,"slab size mismatch: job has 64 Au, reference has 24 Au",complex: unfinished; slab: converged; molecule: converged,false,dft_jobs/NH3_Au110/r2scan/OUTCAR,vasp_slab/Au110/r2scan/OUTCAR,vasp_mol/NH3/r2scan/OUTCAR
r2scan,NH3_Au111,Au111,NH3,dft_jobs,-1835.23731538,-3226.08924919,-20.51834734,,slab_mismatch,"slab size mismatch: job has 36 Au, reference has 64 Au",complex: unfinished; slab: converged; molecule: converged,false,dft_jobs/NH3_Au111/r2scan/OUTCAR,vasp_slab/Au111/r2scan/OUTCAR,vasp_mol/NH3/r2scan/OUTCAR
r2scan,NH3_Cu100,Cu100,NH3,dft_jobs,-691.49684576,-670.31649401,-20.51834734,-0.6620044100000015,ok,,complex: unfinished; slab: converged; molecule: converged,false,dft_jobs/NH3_Cu100/r2scan/OUTCAR,vasp_slab/Cu100/r2scan/OUTCAR,vasp_mol/NH3/r2scan/OUTCAR
r2scan,NH3_Cu110,Cu110,NH3,dft_jobs,-268.91097644,-248.0324956,-20.51834734,-0.36013350000001054,ok,,complex: converged; slab: converged; molecule: converged,true,dft_jobs/NH3_Cu110/r2scan/OUTCAR,vasp_slab/Cu110/r2scan/OUTCAR,vasp_mol/NH3/r2scan/OUTCAR
r2scan,NH3_Cu111,Cu111,NH3,dft_jobs,-696.60704581,-676.88050278,-20.51834734,0.7918043099999821,ok,,complex: converged; slab: converged; molecule: converged,true,dft_jobs/NH3_Cu111/r2scan/OUTCAR,vasp_slab/Cu111/r2scan/OUTCAR,vasp_mol/NH3/r2scan/OUTCAR
r2scan,NH3_Ir100,Ir100,NH3,dft_jobs,-1880.65190823,-1858.5238611,-20.51834734,-1.6096997899999153,ok,,complex: converged; slab: unfinished; molecule: converged,false,dft_jobs/NH3_Ir100/r2scan/OUTCAR,vasp_slab/Ir100/r2scan/OUTCAR,vasp_mol/NH3/r2scan/OUTCAR
r2scan,NH3_Ir110,Ir110,NH3,dft_jobs,-1250.51586581,-1228.67675167,-20.51834734,-1.3207667999999941,ok,,complex: converged; slab: converged; molecule: converged,true,dft_jobs/NH3_Ir110/r2scan/OUTCAR,vasp_slab/Ir110/r2scan/OUTCAR,vasp_mol/NH3/r2scan/OUTCAR
r2scan,NH3_Ir111,Ir111,NH3,dft_jobs,-3342.37935243,-3320.68314209,-20.51834734,-1.1778630000001087,ok,,complex: converged; slab: converged; molecule: converged,true,dft_jobs/NH3_Ir111/r2scan/OUTCAR,vasp_slab/Ir111/r2scan/OUTCAR,vasp_mol/NH3/r2scan/OUTCAR
r2scan,NH3_Pd100,Pd100,NH3,dft_jobs,-833.89003446,-812.2261307,-20.51834734,-1.145556420000041,ok,,complex: converged; slab: converged; molecule: converged,true,dft_jobs/NH3_Pd100/r2scan/OUTCAR,vasp_slab/Pd100/r2scan/OUTCAR,vasp_mol/NH3/r2scan/OUTCAR
r2scan,NH3_Pd110,Pd110,NH3,dft_jobs,-556.44340538,-534.90205054,-20.51834734,-1.0230074999999417,ok,,complex: converged; slab: converged; molecule: converged,true,dft_jobs/NH3_Pd110/r2scan/OUTCAR,vasp_slab/Pd110/r2scan/OUTCAR,vasp_mol/NH3/r2scan/OUTCAR
r2scan,NH3_Pd111,Pd111,NH3,dft_jobs,-836.93780067,-1449.11649223,-20.51834734,,slab_mismatch,"slab size mismatch: job has 36 Pd, reference has 64 Pd",complex: unfinished; slab: converged; molecule: converged,false,dft_jobs/NH3_Pd111/r2scan/OUTCAR,vasp_slab/Pd111/r2scan/OUTCAR,vasp_mol/NH3/r2scan/OUTCAR
r2scan,NH3_Pt100,Pt100,NH3,dft_jobs,-1858.09083085,-1835.69135898,-20.51834734,-1.881124530000072,ok,,complex: converged; slab: converged; molecule: converged,true,dft_jobs/NH3_Pt100/r2scan/OUTCAR,vasp_slab/Pt100/r2scan/OUTCAR,vasp_mol/NH3/r2scan/OUTCAR
r2scan,NH3_Pt110,Pt110,NH3,dft_jobs,-1238.30247313,-1216.08630705,-20.51834734,-1.6978187399999953,ok,,complex: converged; slab: converged; molecule: converged,true,dft_jobs/NH3_Pt110/r2scan/OUTCAR,vasp_slab/Pt110/r2scan/OUTCAR,vasp_mol/NH3/r2scan/OUTCAR
r2scan,NH3_Pt111_top,Pt111,NH3,dft_jobs,,-3273.97042641,-20.51834734,,error,slab+mol: OUTCAR not found: dft_jobs/NH3_Pt111_top/r2scan/OUTCAR,complex: missing; slab: converged; molecule: converged,false,dft_jobs/NH3_Pt111_top/r2scan/OUTCAR,vasp_slab/Pt111/r2scan/OUTCAR,vasp_mol/NH3/r2scan/OUTCAR
r2scan,NH3_Rh100,Rh100,NH3,dft_jobs,-869.95394998,-847.91797961,-20.51834734,-1.5176230299999744,ok,,complex: converged; slab: converged; molecule: converged,true,dft_jobs/NH3_Rh100/r2scan/OUTCAR,vasp_slab/Rh100/r2scan/OUTCAR,vasp_mol/NH3/r2scan/OUTCAR
r2scan,NH3_Rh110,Rh110,NH3,dft_jobs,-579.80572205,-558.01919395,-20.51834734,-1.268180759999943,ok,,complex: converged; slab: converged; molecule: converged,true,dft_jobs/NH3_Rh110/r2scan/OUTCAR,vasp_slab/Rh110/r2scan/OUTCAR,vasp_mol/NH3/r2scan/OUTCAR
r2scan,NH3_Rh111,Rh111,NH3,dft_jobs,-1539.3424308,-1516.88991315,-20.51834734,-1.9341703100001197,ok,,complex: unfinished; slab: converged; molecule: converged,false,dft_jobs/NH3_Rh111/r2scan/OUTCAR,vasp_slab/Rh111/r2scan/OUTCAR,vasp_mol/NH3/r2scan/OUTCAR
r2scan,NO_Ag100,Ag100,NO,dft_jobs,-774.93017675,-759.06403021,-13.3307477,-2.5353988399999317,ok,,complex: converged; slab: converged; molecule: ionic_unconverged,false,dft_jobs/NO_Ag100/r2scan/OUTCAR,vasp_slab/Ag100/r2scan/OUTCAR,vasp_mol/NO/r2scan/OUTCAR
r2scan,NO_Ag110,Ag110,NO,dft_jobs,-518.10361912,-502.68023804,-13.3307477,-2.092633379999956,ok,,complex: converged; slab: converged; molecule: ionic_unconverged,false,dft_jobs/NO_Ag110/r2scan/OUTCAR,vasp_slab/Ag110/r2scan/OUTCAR,vasp_mol/NO/r2scan/OUTCAR
r2scan,NO_Ag111,Ag111,NO,dft_jobs,-776.30281468,-1351.78284961,-13.3307477,,slab_mismatch,"slab size mismatch: job has 36 Ag, reference has 64 Ag",complex: unfinished; slab: converged; molecule: ionic_unconverged,false,dft_jobs/NO_Ag111/r2scan/OUTCAR,vasp_slab/Ag111/r2scan/OUTCAR,vasp_mol/NO/r2scan/OUTCAR
r2scan,NO_Au100,Au100,NO,dft_jobs,-3235.32699624,-1812.10460465,-13.3307477,,slab_mismatch,"slab size mismatch: job has 64 Au, reference has 36 Au",complex: unfinished; slab: converged; molecule: ionic_unconverged,false,dft_jobs/NO_Au100/r2scan/OUTCAR,vasp_slab/Au100/r2scan/OUTCAR,vasp_mol/NO/r2scan/OUTCAR
r2scan,NO_Au110,Au110,NO,dft_jobs,-3226.32562247,-1205.07970007,-13.3307477,,slab_mismatch,"slab size mismatch: job has 64 Au, reference has 24 Au",complex: unfinished; slab: converged; molecule: ionic_unconverged,false,dft_jobs/NO_Au110/r2scan/OUTCAR,vasp_slab/Au110/r2scan/OUTCAR,vasp_mol/NO/r2scan/OUTCAR
r2scan,NO_Au111,Au111,NO,dft_jobs,-1828.82394547,-3226.08924919,-13.3307477,,slab_mismatch,"slab size mismatch: job has 36 Au, reference has 64 Au",complex: unfinished; slab: converged; molecule: ionic_unconverged,false,dft_jobs/NO_Au111/r2scan/OUTCAR,vasp_slab/Au111/r2scan/OUTCAR,vasp_mol/NO/r2scan/OUTCAR
r2scan,NO_Cu100,Cu100,NO,dft_jobs,-685.86633434,-670.31649401,-13.3307477,-2.2190926299999383,ok,,complex: unfinished; slab: converged; molecule: ionic_unconverged,false,dft_jobs/NO_Cu100/r2scan/OUTCAR,vasp_slab/Cu100/r2scan/OUTCAR,vasp_mol/NO/r2scan/OUTCAR
r2scan,NO_Cu110,Cu110,NO,dft_jobs,-262.95234969,-248.0324956,-13.3307477,-1.5891063900000013,ok,,complex: converged; slab: converged; molecule: ionic_unconverged,false,dft_jobs/NO_Cu110/r2scan/OUTCAR,vasp_slab/Cu110/r2scan/OUTCAR,vasp_mol/NO/r2scan/OUTCAR
r2scan,NO_Cu111,Cu111,NO,dft_jobs,-690.70115475,-676.88050278,-13.3307477,-0.48990426999997183,ok,,complex: unfinished; slab: converged; molecule: ionic_unconverged,false,dft_jobs/NO_Cu111/r2scan/OUTCAR,vasp_slab/Cu111/r2scan/OUTCAR,vasp_mol/NO/r2scan/OUTCAR
r2scan,NO_Ir100,Ir100,NO,dft_jobs,-1875.48899276,-1858.5238611,-13.3307477,-3.6343839599999974,ok,,complex: converged; slab: unfinished; molecule: ionic_unconverged,false,dft_jobs/NO_Ir100/r2scan/OUTCAR,vasp_slab/Ir100/r2scan/OUTCAR,vasp_mol/NO/r2scan/OUTCAR
r2scan,NO_Ir110,Ir110,NO,dft_jobs,-1245.33809447,-1228.67675167,-13.3307477,-3.330595100000057,ok,,complex: unfinished; slab: converged; molecule: ionic_unconverged,false,dft_jobs/NO_Ir110/r2scan/OUTCAR,vasp_slab/Ir110/r2scan/OUTCAR,vasp_mol/NO/r2scan/OUTCAR
r2scan,NO_Ir111,Ir111,NO,dft_jobs,-3336.5297753,-3320.68314209,-13.3307477,-2.515885510000164,ok,,complex: unfinished; slab: converged; molecule: ionic_unconverged,false,dft_jobs/NO_Ir111/r2scan/OUTCAR,vasp_slab/Ir111/r2scan/OUTCAR,vasp_mol/NO/r2scan/OUTCAR
r2scan,NO_Pd100,Pd100,NO,dft_jobs,-828.56867958,-812.2261307,-13.3307477,-3.0118011799999813,ok,,complex: unfinished; slab: converged; molecule: ionic_unconverged,false,dft_jobs/NO_Pd100/r2scan/OUTCAR,vasp_slab/Pd100/r2scan/OUTCAR,vasp_mol/NO/r2scan/OUTCAR
r2scan,NO_Pd110,Pd110,NO,dft_jobs,,-534.90205054,-13.3307477,,error,"slab+mol: No 'free  energy   TOTEN' line found in dft_jobs/NO_Pd110/r2scan/OUTCAR.
Check that the VASP job completed successfully.",complex: unfinished; slab: converged; molecule: ionic_unconverged,false,dft_jobs/NO_Pd110/r2scan/OUTCAR,vasp_slab/Pd110/r2scan/OUTCAR,vasp_mol/NO/r2scan/OUTCAR
r2scan,NO_Pd111,Pd111,NO,dft_jobs,,-1449.11649223,-13.3307477,,error,slab+mol: OUTCAR not found: dft_jobs/NO_Pd111/r2scan/OUTCAR,complex: missing; slab: converged; molecule: ionic_unconverged,false,dft_jobs/NO_Pd111/r2scan/OUTCAR,vasp_slab/Pd111/r2scan/OUTCAR,vasp_mol/NO/r2scan/OUTCAR
r2scan,NO_Pt100,Pt100,NO,dft_jobs,,-1835.69135898,-13.3307477,,error,slab+mol: OUTCAR not found: dft_jobs/NO_Pt100/r2scan/OUTCAR,complex: missing; slab: converged; molecule: ionic_unconverged,false,dft_jobs/NO_Pt100/r2scan/OUTCAR,vasp_slab/Pt100/r2scan/OUTCAR,vasp_mol/NO/r2scan/OUTCAR
r2scan,NO_Pt110,Pt110,NO,dft_jobs,,-1216.08630705,-13.3307477,,error,slab+mol: OUTCAR not found: dft_jobs/NO_Pt110/r2scan/OUTCAR,complex: missing; slab: converged; molecule: ionic_unconverged,false,dft_jobs/NO_Pt110/r2scan/OUTCAR,vasp_slab/Pt110/r2scan/OUTCAR,vasp_mol/NO/r2scan/OUTCAR
r2scan,NO_Pt111_fcc,Pt111,NO,dft_jobs,,-3273.97042641,-13.3307477,,error,slab+mol: OUTCAR not found: dft_jobs/NO_Pt111_fcc/r2scan/OUTCAR,complex: missing; slab: converged; molecule: ionic_unconverged,false,dft_jobs/NO_Pt111_fcc/r2scan/OUTCAR,vasp_slab/Pt111/r2scan/OUTCAR,vasp_mol/NO/r2scan/OUTCAR
r2scan,NO_Rh100,Rh100,NO,dft_jobs,,-847.91797961,-13.3307477,,error,slab+mol: OUTCAR not found: dft_jobs/NO_Rh100/r2scan/OUTCAR,complex: missing; slab: converged; molecule: ionic_unconverged,false,dft_jobs/NO_Rh100/r2scan/OUTCAR,vasp_slab/Rh100/r2scan/OUTCAR,vasp_mol/NO/r2scan/OUTCAR
r2scan,NO_Rh110,Rh110,NO,dft_jobs,,-558.01919395,-13.3307477,,error,slab+mol: OUTCAR not found: dft_jobs/NO_Rh110/r2scan/OUTCAR,complex: missing; slab: converged; molecule: ionic_unconverged,false,dft_jobs/NO_Rh110/r2scan/OUTCAR,vasp_slab/Rh110/r2scan/OUTCAR,vasp_mol/NO/r2scan/OUTCAR
r2scan,NO_Rh111,Rh111,NO,dft_jobs,,-1516.88991315,-13.3307477,,error,slab+mol: OUTCAR not found: dft_jobs/NO_Rh111/r2scan/OUTCAR,complex: missing; slab: converged; molecule: ionic_unconverged,false,dft_jobs/NO_Rh111/r2scan/OUTCAR,vasp_slab/Rh111/r2scan/OUTCAR,vasp_mol/NO/r2scan/OUTCAR
r2scan,OH_Ag100,Ag100,OH,dft_jobs,,-759.06403021,,,error,slab+mol: OUTCAR not found: dft_jobs/OH_Ag100/r2scan/OUTCAR; mol: OUTCAR not found: vasp_mol/OH/r2scan/OUTCAR,complex: missing; slab: converged; molecule: missing,false,dft_jobs/OH_Ag100/r2scan/OUTCAR,vasp_slab/Ag100/r2scan/OUTCAR,vasp_mol/OH/r2scan/OUTCAR
r2scan,OH_Ag110,Ag110,OH,dft_jobs,,-502.68023804,,,error,slab+mol: OUTCAR not found: dft_jobs/OH_Ag110/r2scan/OUTCAR; mol: OUTCAR not found: vasp_mol/OH/r2scan/OUTCAR,complex: missing; slab: converged; molecule: missing,false,dft_jobs/OH_Ag110/r2scan/OUTCAR,vasp_slab/Ag110/r2scan/OUTCAR,vasp_mol/OH/r2scan/OUTCAR
r2scan,OH_Ag111,Ag111,OH,dft_jobs,,-1351.78284961,,,error,slab+mol: OUTCAR not found: dft_jobs/OH_Ag111/r2scan/OUTCAR; mol: OUTCAR not found: vasp_mol/OH/r2scan/OUTCAR,complex: missing; slab: converged; molecule: missing,false,dft_jobs/OH_Ag111/r2scan/OUTCAR,vasp_slab/Ag111/r2scan/OUTCAR,vasp_mol/OH/r2scan/OUTCAR
r2scan,OH_Au100,Au100,OH,dft_jobs,,-1812.10460465,,,error,slab+mol: OUTCAR not found: dft_jobs/OH_Au100/r2scan/OUTCAR; mol: OUTCAR not found: vasp_mol/OH/r2scan/OUTCAR,complex: missing; slab: converged; molecule: missing,false,dft_jobs/OH_Au100/r2scan/OUTCAR,vasp_slab/Au100/r2scan/OUTCAR,vasp_mol/OH/r2scan/OUTCAR
r2scan,OH_Au110,Au110,OH,dft_jobs,,-1205.07970007,,,error,slab+mol: OUTCAR not found: dft_jobs/OH_Au110/r2scan/OUTCAR; mol: OUTCAR not found: vasp_mol/OH/r2scan/OUTCAR,complex: missing; slab: converged; molecule: missing,false,dft_jobs/OH_Au110/r2scan/OUTCAR,vasp_slab/Au110/r2scan/OUTCAR,vasp_mol/OH/r2scan/OUTCAR
r2scan,OH_Au111,Au111,OH,dft_jobs,,-3226.08924919,,,error,slab+mol: OUTCAR not found: dft_jobs/OH_Au111/r2scan/OUTCAR; mol: OUTCAR not found: vasp_mol/OH/r2scan/OUTCAR,complex: missing; slab: converged; molecule: missing,false,dft_jobs/OH_Au111/r2scan/OUTCAR,vasp_slab/Au111/r2scan/OUTCAR,vasp_mol/OH/r2scan/OUTCAR
r2scan,OH_Ir100,Ir100,OH,dft_jobs,,-1858.5238611,,,error,slab+mol: OUTCAR not found: dft_jobs/OH_Ir100/r2scan/OUTCAR; mol: OUTCAR not found: vasp_mol/OH/r2scan/OUTCAR,complex: missing; slab: unfinished; molecule: missing,false,dft_jobs/OH_Ir100/r2scan/OUTCAR,vasp_slab/Ir100/r2scan/OUTCAR,vasp_mol/OH/r2scan/OUTCAR
r2scan,OH_Ir110,Ir110,OH,dft_jobs,,-1228.67675167,,,error,slab+mol: OUTCAR not found: dft_jobs/OH_Ir110/r2scan/OUTCAR; mol: OUTCAR not found: vasp_mol/OH/r2scan/OUTCAR,complex: missing; slab: converged; molecule: missing,false,dft_jobs/OH_Ir110/r2scan/OUTCAR,vasp_slab/Ir110/r2scan/OUTCAR,vasp_mol/OH/r2scan/OUTCAR
r2scan,OH_Ir111,Ir111,OH,dft_jobs,,-3320.68314209,,,error,slab+mol: OUTCAR not found: dft_jobs/OH_Ir111/r2scan/OUTCAR; mol: OUTCAR not found: vasp_mol/OH/r2scan/OUTCAR,complex: missing; slab: converged; molecule: missing,false,dft_jobs/OH_Ir111/r2scan/OUTCAR,vasp_slab/Ir111/r2scan/OUTCAR,vasp_mol/OH/r2scan/OUTCAR
r2scan,OH_Pt111_top,Pt111,OH,dft_jobs,,-3273.97042641,,,error,slab+mol: OUTCAR not found: dft_jobs/OH_Pt111_top/r2scan/OUTCAR; mol: OUTCAR not found: vasp_mol/OH/r2scan/OUTCAR,complex: missing; slab: converged; molecule: missing,false,dft_jobs/OH_Pt111_top/r2scan/OUTCAR,vasp_slab/Pt111/r2scan/OUTCAR,vasp_mol/OH/r2scan/OUTCAR
r2scan,OH_Rh100,Rh100,OH,dft_jobs,,-847.91797961,,,error,slab+mol: OUTCAR not found: dft_jobs/OH_Rh100/r2scan/OUTCAR; mol: OUTCAR not found: vasp_mol/OH/r2scan/OUTCAR,complex: missing; slab: converged; molecule: missing,false,dft_jobs/OH_Rh100/r2scan/OUTCAR,vasp_slab/Rh100/r2scan/OUTCAR,vasp_mol/OH/r2scan/OUTCAR
r2scan,OH_Rh110,Rh110,OH,dft_jobs,,-558.01919395,,,error,slab+mol: OUTCAR not found: dft_jobs/OH_Rh110/r2scan/OUTCAR; mol: OUTCAR not found: vasp_mol/OH/r2scan/OUTCAR,complex: missing; slab: converged; molecule: missing,false,dft_jobs/OH_Rh110/r2scan/OUTCAR,vasp_slab/Rh110/r2scan/OUTCAR,vasp_mol/OH/r2scan/OUTCAR
r2scan,OH_Rh111,Rh111,OH,dft_jobs,,-1516.88991315,,,error,slab+mol: OUTCAR not found: dft_jobs/OH_Rh111/r2scan/OUTCAR; mol: OUTCAR not found: vasp_mol/OH/r2scan/OUTCAR,complex: missing; slab: converged; molecule: missing,false,dft_jobs/OH_Rh111/r2scan/OUTCAR,vasp_slab/Rh111/r2scan/OUTCAR,vasp_mol/OH/r2scan/OUTCAR
r2scan,O_Ag100,Ag100,O,dft_jobs,,-759.06403021,,,error,slab+mol: OUTCAR not found: dft_jobs/O_Ag100/r2scan/OUTCAR; mol: OUTCAR not found: vasp_mol/O/r2scan/OUTCAR,complex: missing; slab: converged; molecule: missing,false,dft_jobs/O_Ag100/r2scan/OUTCAR,vasp_slab/Ag100/r2scan/OUTCAR,vasp_mol/O/r2scan/OUTCAR
r2scan,O_Ag110,Ag110,O,dft_jobs,,-502.68023804,,,error,slab+mol: OUTCAR not found: dft_jobs/O_Ag110/r2scan/OUTCAR; mol: OUTCAR not found: vasp_mol/O/r2scan/OUTCAR,complex: missing; slab: converged; molecule: missing,false,dft_jobs/O_Ag110/r2scan/OUTCAR,vasp_slab/Ag110/r2scan/OUTCAR,vasp_mol/O/r2scan/OUTCAR
r2scan,O_Ag111,Ag111,O,dft_jobs,,-1351.78284961,,,error,slab+mol: OUTCAR not found: dft_jobs/O_Ag111/r2scan/OUTCAR; mol: OUTCAR not found: vasp_mol/O/r2scan/OUTCAR,complex: missing; slab: converged; molecule: missing,false,dft_jobs/O_Ag111/r2scan/OUTCAR,vasp_slab/Ag111/r2scan/OUTCAR,vasp_mol/O/r2scan/OUTCAR
r2scan,O_Au100,Au100,O,dft_jobs,,-1812.10460465,,,error,slab+mol: OUTCAR not found: dft_jobs/O_Au100/r2scan/OUTCAR; mol: OUTCAR not found: vasp_mol/O/r2scan/OUTCAR,complex: missing; slab: converged; molecule: missing,false,dft_jobs/O_Au100/r2scan/OUTCAR,vasp_slab/Au100/r2scan/OUTCAR,vasp_mol/O/r2scan/OUTCAR
r2scan,O_Au110,Au110,O,dft_jobs,,-1205.07970007,,,error,slab+mol: OUTCAR not found: dft_jobs/O_Au110/r2scan/OUTCAR; mol: OUTCAR not found: vasp_mol/O/r2scan/OUTCAR,complex: missing; slab: converged; molecule: missing,false,dft_jobs/O_Au110/r2scan/OUTCAR,vasp_slab/Au110/r2scan/OUTCAR,vasp_mol/O/r2scan/OUTCAR
r2scan,O_Au111,Au111,O,dft_jobs,,-3226.08924919,,,error,slab+mol: OUTCAR not found: dft_jobs/O_Au111/r2scan/OUTCAR; mol: OUTCAR not found: vasp_mol/O/r2scan/OUTCAR,complex: missing; slab: converged; molecule: missing,false,dft_jobs/O_Au111/r2scan/OUTCAR,vasp_slab/Au111/r2scan/OUTCAR,vasp_mol/O/r2scan/OUTCAR
r2scan,O_Ir100,Ir100,O,dft_jobs,,-1858.5238611,,,error,slab+mol: OUTCAR not found: dft_jobs/O_Ir100/r2scan/OUTCAR; mol: OUTCAR not found: vasp_mol/O/r2scan/OUTCAR,complex: missing; slab: unfinished; molecule: missing,false,dft_jobs/O_Ir100/r2scan/OUTCAR,vasp_slab/Ir100/r2scan/OUTCAR,vasp_mol/O/r2scan/OUTCAR
r2scan,O_Ir110,Ir110,O,dft_jobs,,-1228.67675167,,,error,slab+mol: OUTCAR not found: dft_jobs/O_Ir110/r2scan/OUTCAR; mol: OUTCAR not found: vasp_mol/O/r2scan/OUTCAR,complex: missing; slab: converged; molecule: missing,false,dft_jobs/O_Ir110/r2scan/OUTCAR,vasp_slab/Ir110/r2scan/OUTCAR,vasp_mol/O/r2scan/OUTCAR
r2scan,O_Ir111,Ir111,O,dft_jobs,,-3320.68314209,,,error,slab+mol: OUTCAR not found: dft_jobs/O_Ir111/r2scan/OUTCAR; mol: OUTCAR not found: vasp_mol/O/r2scan/OUTCAR,complex: missing; slab: converged; molecule: missing,false,dft_jobs/O_Ir111/r2scan/OUTCAR,vasp_slab/Ir111/r2scan/OUTCAR,vasp_mol/O/r2scan/OUTCAR
r2scan,O_Pt111_fcc,Pt111,O,dft_jobs,,-3273.97042641,,,error,slab+mol: OUTCAR not found: dft_jobs/O_Pt111_fcc/r2scan/OUTCAR; mol: OUTCAR not found: vasp_mol/O/r2scan/OUTCAR,complex: missing; slab: converged; molecule: missing,false,dft_jobs/O_Pt111_fcc/r2scan/OUTCAR,vasp_slab/Pt111/r2scan/OUTCAR,vasp_mol/O/r2scan/OUTCAR
r2scan,O_Rh100,Rh100,O,dft_jobs,,-847.91797961,,,error,slab+mol: OUTCAR not found: dft_jobs/O_Rh100/r2scan/OUTCAR; mol: OUTCAR not found: vasp_mol/O/r2scan/OUTCAR,complex: missing; slab: converged; molecule: missing,false,dft_jobs/O_Rh100/r2scan/OUTCAR,vasp_slab/Rh100/r2scan/OUTCAR,vasp_mol/O/r2scan/OUTCAR
r2scan,O_Rh110,Rh110,O,dft_jobs,,-558.01919395,,,error,slab+mol: OUTCAR not found: dft_jobs/O_Rh110/r2scan/OUTCAR; mol: OUTCAR not found: vasp_mol/O/r2scan/OUTCAR,complex: missing; slab: converged; molecule: missing,false,dft_jobs/O_Rh110/r2scan/OUTCAR,vasp_slab/Rh110/r2scan/OUTCAR,vasp_mol/O/r2scan/OUTCAR
r2scan,O_Rh111,Rh111,O,dft_jobs,,-1516.88991315,,,error,slab+mol: OUTCAR not found: dft_jobs/O_Rh111/r2scan/OUTCAR; mol: OUTCAR not found: vasp_mol/O/r2scan/OUTCAR,complex: missing; slab: converged; molecule: missing,false,dft_jobs/O_Rh111/r2scan/OUTCAR,vasp_slab/Rh111/r2scan/OUTCAR,vasp_mol/O/r2scan/OUTCAR
r2scan,SO2_Ag100,Ag100,SO2,dft_jobs,,-759.06403021,-22.86056897,,error,slab+mol: OUTCAR not found: dft_jobs/SO2_Ag100/r2scan/OUTCAR,complex: missing; slab: converged; molecule: converged,false,dft_jobs/SO2_Ag100/r2scan/OUTCAR,vasp_slab/Ag100/r2scan/OUTCAR,vasp_mol/SO2/r2scan/OUTCAR
r2scan,SO2_Ag110,Ag110,SO2,dft_jobs,,-502.68023804,-22.86056897,,error,slab+mol: OUTCAR not found: dft_jobs/SO2_Ag110/r2scan/OUTCAR,complex: missing; slab: converged; molecule: converged,false,dft_jobs/SO2_Ag110/r2scan/OUTCAR,vasp_slab/Ag110/r2scan/OUTCAR,vasp_mol/SO2/r2scan/OUTCAR
r2scan,SO2_Ag111,Ag111,SO2,dft_jobs,,-1351.78284961,-22.86056897,,error,slab+mol: OUTCAR not found: dft_jobs/SO2_Ag111/r2scan/OUTCAR,complex: missing; slab: converged; molecule: converged,false,dft_jobs/SO2_Ag111/r2scan/OUTCAR,vasp_slab/Ag111/r2scan/OUTCAR,vasp_mol/SO2/r2scan/OUTCAR
r2scan,SO2_Au100,Au100,SO2,dft_jobs,,-1812.10460465,-22.86056897,,error,slab+mol: OUTCAR not found: dft_jobs/SO2_Au100/r2scan/OUTCAR,complex: missing; slab: converged; molecule: converged,false,dft_jobs/SO2_Au100/r2scan/OUTCAR,vasp_slab/Au100/r2scan/OUTCAR,vasp_mol/SO2/r2scan/OUTCAR
r2scan,SO2_Au110,Au110,SO2,dft_jobs,,-1205.07970007,-22.86056897,,error,slab+mol: OUTCAR not found: dft_jobs/SO2_Au110/r2scan/OUTCAR,complex: missing; slab: converged; molecule: converged,false,dft_jobs/SO2_Au110/r2scan/OUTCAR,vasp_slab/Au110/r2scan/OUTCAR,vasp_mol/SO2/r2scan/OUTCAR
r2scan,SO2_Au111,Au111,SO2,dft_jobs,,-3226.08924919,-22.86056897,,error,slab+mol: OUTCAR not found: dft_jobs/SO2_Au111/r2scan/OUTCAR,complex: missing; slab: converged; molecule: converged,false,dft_jobs/SO2_Au111/r2scan/OUTCAR,vasp_slab/Au111/r2scan/OUTCAR,vasp_mol/SO2/r2scan/OUTCAR
r2scan,SO2_Cu100,Cu100,SO2,dft_jobs,,-670.31649401,-22.86056897,,error,slab+mol: OUTCAR not found: dft_jobs/SO2_Cu100/r2scan/OUTCAR,complex: missing; slab: converged; molecule: converged,false,dft_jobs/SO2_Cu100/r2scan/OUTCAR,vasp_slab/Cu100/r2scan/OUTCAR,vasp_mol/SO2/r2scan/OUTCAR
r2scan,SO2_Cu110,Cu110,SO2,dft_jobs,,-248.0324956,-22.86056897,,error,slab+mol: OUTCAR not found: dft_jobs/SO2_Cu110/r2scan/OUTCAR,complex: missing; slab: converged; molecule: converged,false,dft_jobs/SO2_Cu110/r2scan/OUTCAR,vasp_slab/Cu110/r2scan/OUTCAR,vasp_mol/SO2/r2scan/OUTCAR
r2scan,SO2_Cu111,Cu111,SO2,dft_jobs,,-676.88050278,-22.86056897,,error,slab+mol: OUTCAR not found: dft_jobs/SO2_Cu111/r2scan/OUTCAR,complex: missing; slab: converged; molecule: converged,false,dft_jobs/SO2_Cu111/r2scan/OUTCAR,vasp_slab/Cu111/r2scan/OUTCAR,vasp_mol/SO2/r2scan/OUTCAR
r2scan,SO2_Ir100,Ir100,SO2,dft_jobs,,-1858.5238611,-22.86056897,,error,slab+mol: OUTCAR not found: dft_jobs/SO2_Ir100/r2scan/OUTCAR,complex: missing; slab: unfinished; molecule: converged,false,dft_jobs/SO2_Ir100/r2scan/OUTCAR,vasp_slab/Ir100/r2scan/OUTCAR,vasp_mol/SO2/r2scan/OUTCAR
r2scan,SO2_Ir110,Ir110,SO2,dft_jobs,,-1228.67675167,-22.86056897,,error,slab+mol: OUTCAR not found: dft_jobs/SO2_Ir110/r2scan/OUTCAR,complex: missing; slab: converged; molecule: converged,false,dft_jobs/SO2_Ir110/r2scan/OUTCAR,vasp_slab/Ir110/r2scan/OUTCAR,vasp_mol/SO2/r2scan/OUTCAR
r2scan,SO2_Ir111,Ir111,SO2,dft_jobs,,-3320.68314209,-22.86056897,,error,slab+mol: OUTCAR not found: dft_jobs/SO2_Ir111/r2scan/OUTCAR,complex: missing; slab: converged; molecule: converged,false,dft_jobs/SO2_Ir111/r2scan/OUTCAR,vasp_slab/Ir111/r2scan/OUTCAR,vasp_mol/SO2/r2scan/OUTCAR
r2scan,SO2_Pd100,Pd100,SO2,dft_jobs,,-812.2261307,-22.86056897,,error,slab+mol: OUTCAR not found: dft_jobs/SO2_Pd100/r2scan/OUTCAR,complex: missing; slab: converged; molecule: converged,false,dft_jobs/SO2_Pd100/r2scan/OUTCAR,vasp_slab/Pd100/r2scan/OUTCAR,vasp_mol/SO2/r2scan/OUTCAR
r2scan,SO2_Pd110,Pd110,SO2,dft_jobs,,-534.90205054,-22.86056897,,error,slab+mol: OUTCAR not found: dft_jobs/SO2_Pd110/r2scan/OUTCAR,complex: missing; slab: converged; molecule: converged,false,dft_jobs/SO2_Pd110/r2scan/OUTCAR,vasp_slab/Pd110/r2scan/OUTCAR,vasp_mol/SO2/r2scan/OUTCAR
r2scan,SO2_Pd111,Pd111,SO2,dft_jobs,,-1449.11649223,-22.86056897,,error,slab+mol: OUTCAR not found: dft_jobs/SO2_Pd111/r2scan/OUTCAR,complex: missing; slab: converged; molecule: converged,false,dft_jobs/SO2_Pd111/r2scan/OUTCAR,vasp_slab/Pd111/r2scan/OUTCAR,vasp_mol/SO2/r2scan/OUTCAR
r2scan,SO2_Pt100,Pt100,SO2,dft_jobs,,-1835.69135898,-22.86056897,,error,slab+mol: OUTCAR not found: dft_jobs/SO2_Pt100/r2scan/OUTCAR,complex: missing; slab: converged; molecule: converged,false,dft_jobs/SO2_Pt100/r2scan/OUTCAR,vasp_slab/Pt100/r2scan/OUTCAR,vasp_mol/SO2/r2scan/OUTCAR
r2scan,SO2_Pt110,Pt110,SO2,dft_jobs,,-1216.08630705,-22.86056897,,error,slab+mol: OUTCAR not found: dft_jobs/SO2_Pt110/r2scan/OUTCAR,complex: missing; slab: converged; molecule: converged,false,dft_jobs/SO2_Pt110/r2scan/OUTCAR,vasp_slab/Pt110/r2scan/OUTCAR,vasp_mol/SO2/r2scan/OUTCAR
r2scan,SO2_Pt111_top,Pt111,SO2,dft_jobs,,-3273.97042641,-22.86056897,,error,slab+mol: OUTCAR not found: dft_jobs/SO2_Pt111_top/r2scan/OUTCAR,complex: missing; slab: converged; molecule: converged,false,dft_jobs/SO2_Pt111_top/r2scan/OUTCAR,vasp_slab/Pt111/r2scan/OUTCAR,vasp_mol/SO2/r2scan/OUTCAR
r2scan,SO2_Rh100,Rh100,SO2,dft_jobs,,-847.91797961,-22.86056897,,error,slab+mol: OUTCAR not found: dft_jobs/SO2_Rh100/r2scan/OUTCAR,complex: missing; slab: converged; molecule: converged,false,dft_jobs/SO2_Rh100/r2scan/OUTCAR,vasp_slab/Rh100/r2scan/OUTCAR,vasp_mol/SO2/r2scan/OUTCAR
r2scan,SO2_Rh110,Rh110,SO2,dft_jobs,,-558.01919395,-22.86056897,,error,slab+mol: OUTCAR not found: dft_jobs/SO2_Rh110/r2scan/OUTCAR,complex: missing; slab: converged; molecule: converged,false,dft_jobs/SO2_Rh110/r2scan/OUTCAR,vasp_slab/Rh110/r2scan/OUTCAR,vasp_mol/SO2/r2scan/OUTCAR
r2scan,SO2_Rh111,Rh111,SO2,dft_jobs,,-1516.88991315,-22.86056897,,error,slab+mol: OUTCAR not found: dft_jobs/SO2_Rh111/r2scan/OUTCAR,complex: missing; slab: converged; molecule: converged,false,dft_jobs/SO2_Rh111/r2scan/OUTCAR,vasp_slab/Rh111/r2scan/OUTCAR,vasp_mol/SO2/r2scan/OUTCAR
beef_vdw,C2H2_Ag100,Ag100,C2H2,dft_jobs,,58.04168493,,,error,slab+mol: OUTCAR not found: dft_jobs/C2H2_Ag100/beef_vdw/OUTCAR; mol: OUTCAR not found: vasp_mol/C2H2/beef_vdw/OUTCAR,complex: missing; slab: converged; molecule: missing,false,dft_jobs/C2H2_Ag100/beef_vdw/OUTCAR,vasp_slab/Ag100/beef_vdw/OUTCAR,vasp_mol/C2H2/beef_vdw/OUTCAR
beef_vdw,C2H2_Ag110,Ag110,C2H2,dft_jobs,,41.61140369,,,error,slab+mol: OUTCAR not found: dft_jobs/C2H2_Ag110/beef_vdw/OUTCAR; mol: OUTCAR not found: vasp_mol/C2H2/beef_vdw/OUTCAR,complex: missing; slab: converged; molecule: missing,false,dft_jobs/C2H2_Ag110/beef_vdw/OUTCAR,vasp_slab/Ag110/beef_vdw/OUTCAR,vasp_mol/C2H2/beef_vdw/OUTCAR
beef_vdw,C2H2_Ag111,Ag111,C2H2,dft_jobs,11.3370819,101.69997001,,,error,mol: OUTCAR not found: vasp_mol/C2H2/beef_vdw/OUTCAR,complex: converged; slab: converged; molecule: missing,false,dft_jobs/C2H2_Ag111/beef_vdw/OUTCAR,vasp_slab/Ag111/beef_vdw/OUTCAR,vasp_mol/C2H2/beef_vdw/OUTCAR
beef_vdw,C2H2_Au100,Au100,C2H2,dft_jobs,,2.61952143,,,error,slab+mol: OUTCAR not found: dft_jobs/C2H2_Au100/beef_vdw/OUTCAR; mol: OUTCAR not found: vasp_mol/C2H2/beef_vdw/OUTCAR,complex: missing; slab: converged; molecule: missing,false,dft_jobs/C2H2_Au100/beef_vdw/OUTCAR,vasp_slab/Au100/beef_vdw/OUTCAR,vasp_mol/C2H2/beef_vdw/OUTCAR
beef_vdw,C2H2_Au110,Au110,C2H2,dft_jobs,,4.35535241,,,error,slab+mol: OUTCAR not found: dft_jobs/C2H2_Au110/beef_vdw/OUTCAR; mol: OUTCAR not found: vasp_mol/C2H2/beef_vdw/OUTCAR,complex: missing; slab: converged; molecule: missing,false,dft_jobs/C2H2_Au110/beef_vdw/OUTCAR,vasp_slab/Au110/beef_vdw/OUTCAR,vasp_mol/C2H2/beef_vdw/OUTCAR
beef_vdw,C2H2_Au111,Au111,C2H2,dft_jobs,,1.22708835,,,error,slab+mol: OUTCAR not found: dft_jobs/C2H2_Au111/beef_vdw/OUTCAR; mol: OUTCAR not found: vasp_mol/C2H2/beef_vdw/OUTCAR,complex: missing; slab: converged; molecule: missing,false,dft_jobs/C2H2_Au111/beef_vdw/OUTCAR,vasp_slab/Au111/beef_vdw/OUTCAR,vasp_mol/C2H2/beef_vdw/OUTCAR
beef_vdw,C2H2_Ir100,Ir100,C2H2,dft_jobs,,-183.01756659,,,error,slab+mol: OUTCAR not found: dft_jobs/C2H2_Ir100/beef_vdw/OUTCAR; mol: OUTCAR not found: vasp_mol/C2H2/beef_vdw/OUTCAR,complex: missing; slab: converged; molecule: missing,false,dft_jobs/C2H2_Ir100/beef_vdw/OUTCAR,vasp_slab/Ir100/beef_vdw/OUTCAR,vasp_mol/C2H2/beef_vdw/OUTCAR
beef_vdw,C2H2_Ir110,Ir110,C2H2,dft_jobs,,-111.25249754,,,error,slab+mol: OUTCAR not found: dft_jobs/C2H2_Ir110/beef_vdw/OUTCAR; mol: OUTCAR not found: vasp_mol/C2H2/beef_vdw/OUTCAR,complex: missing; slab: converged; molecule: missing,false,dft_jobs/C2H2_Ir110/beef_vdw/OUTCAR,vasp_slab/Ir110/beef_vdw/OUTCAR,vasp_mol/C2H2/beef_vdw/OUTCAR
beef_vdw,C2H2_Ir111,Ir111,C2H2,dft_jobs,,-339.48696992,,,error,slab+mol: OUTCAR not found: dft_jobs/C2H2_Ir111/beef_vdw/OUTCAR; mol: OUTCAR not found: vasp_mol/C2H2/beef_vdw/OUTCAR,complex: missing; slab: converged; molecule: missing,false,dft_jobs/C2H2_Ir111/beef_vdw/OUTCAR,vasp_slab/Ir111/beef_vdw/OUTCAR,vasp_mol/C2H2/beef_vdw/OUTCAR
beef_vdw,C2H2_Pd111_bri,Pd111,C2H2,dft_jobs,,-66.44447778,,,error,slab+mol: OUTCAR not found: dft_jobs/C2H2_Pd111_bri/beef_vdw/OUTCAR; mol: OUTCAR not found: vasp_mol/C2H2/beef_vdw/OUTCAR,complex: missing; slab: converged; molecule: missing,false,dft_jobs/C2H2_Pd111_bri/beef_vdw/OUTCAR,vasp_slab/Pd111/beef_vdw/OUTCAR,vasp_mol/C2H2/beef_vdw/OUTCAR
beef_vdw,C2H2_Rh100,Rh100,C2H2,dft_jobs,,-104.08110193,,,error,slab+mol: OUTCAR not found: dft_jobs/C2H2_Rh100/beef_vdw/OUTCAR; mol: OUTCAR not found: vasp_mol/C2H2/beef_vdw/OUTCAR,complex: missing; slab: converged; molecule: missing,false,dft_jobs/C2H2_Rh100/beef_vdw/OUTCAR,vasp_slab/Rh100/beef_vdw/OUTCAR,vasp_mol/C2H2/beef_vdw/OUTCAR
beef_vdw,C2H2_Rh110,Rh110,C2H2,dft_jobs,,-61.02501679,,,error,slab+mol: OUTCAR not found: dft_jobs/C2H2_Rh110/beef_vdw/OUTCAR; mol: OUTCAR not found: vasp_mol/C2H2/beef_vdw/OUTCAR,complex: missing; slab: converged; molecule: missing,false,dft_jobs/C2H2_Rh110/beef_vdw/OUTCAR,vasp_slab/Rh110/beef_vdw/OUTCAR,vasp_mol/C2H2/beef_vdw/OUTCAR
beef_vdw,C2H2_Rh111,Rh111,C2H2,dft_jobs,,-192.72273486,,,error,slab+mol: OUTCAR not found: dft_jobs/C2H2_Rh111/beef_vdw/OUTCAR; mol: OUTCAR not found: vasp_mol/C2H2/beef_vdw/OUTCAR,complex: missing; slab: converged; molecule: missing,false,dft_jobs/C2H2_Rh111/beef_vdw/OUTCAR,vasp_slab/Rh111/beef_vdw/OUTCAR,vasp_mol/C2H2/beef_vdw/OUTCAR
beef_vdw,C2H4_Ag100,Ag100,C2H4,dft_jobs,3.3391078,58.04168493,-29.58166646,,bad_reference,"non-physical total energy (>= 0): E_slab_mol=3.3391078, E_slab=58.04168493",complex: converged; slab: converged; molecule: converged,false,dft_jobs/C2H4_Ag100/beef_vdw/OUTCAR,vasp_slab/Ag100/beef_vdw/OUTCAR,vasp_mol/C2H4/beef_vdw/OUTCAR
beef_vdw,C2H4_Ag110,Ag110,C2H4,dft_jobs,-4.85659259,41.61140369,-29.58166646,,bad_reference,non-physical total energy (>= 0): E_slab=41.61140369,complex: converged; slab: converged; molecule: converged,false,dft_jobs/C2H4_Ag110/beef_vdw/OUTCAR,vasp_slab/Ag110/beef_vdw/OUTCAR,vasp_mol/C2H4/beef_vdw/OUTCAR
beef_vdw,C2H4_Ag111,Ag111,C2H4,dft_jobs,2.12325994,101.69997001,-29.58166646,,slab_mismatch,"slab size mismatch: job has 36 Ag, reference has 64 Ag",complex: converged; slab: converged; molecule: converged,false,dft_jobs/C2H4_Ag111/beef_vdw/OUTCAR,vasp_slab/Ag111/beef_vdw/OUTCAR,vasp_mol/C2H4/beef_vdw/OUTCAR
beef_vdw,C2H4_Au100,Au100,C2H4,dft_jobs,-24.78533256,2.61952143,-29.58166646,,slab_mismatch,"slab size mismatch: job has 64 Au, reference has 36 Au",complex: converged; slab: converged; molecule: converged,false,dft_jobs/C2H4_Au100/beef_vdw/OUTCAR,vasp_slab/Au100/beef_vdw/OUTCAR,vasp_mol/C2H4/beef_vdw/OUTCAR
beef_vdw,C2H4_Au110,Au110,C2H4,dft_jobs,-16.79955682,4.35535241,-29.58166646,,slab_mismatch,"slab size mismatch: job has 64 Au, reference has 24 Au",complex: converged; slab: converged; molecule: converged,false,dft_jobs/C2H4_Au110/beef_vdw/OUTCAR,vasp_slab/Au110/beef_vdw/OUTCAR,vasp_mol/C2H4/beef_vdw/OUTCAR
beef_vdw,C2H4_Au111,Au111,C2H4,dft_jobs,-29.01769455,1.22708835,-29.58166646,,slab_mismatch,"slab size mismatch: job has 36 Au, reference has 64 Au",complex: converged; slab: converged; molecule: converged,false,dft_jobs/C2H4_Au111/beef_vdw/OUTCAR,vasp_slab/Au111/beef_vdw/OUTCAR,vasp_mol/C2H4/beef_vdw/OUTCAR
beef_vdw,C2H4_Cu100,Cu100,C2H4,dft_jobs,-40.51806298,885.16340624,-29.58166646,,bad_reference,non-physical total energy (>= 0): E_slab=885.16340624,complex: converged; slab: unfinished; molecule: converged,false,dft_jobs/C2H4_Cu100/beef_vdw/OUTCAR,vasp_slab/Cu100/beef_vdw/OUTCAR,vasp_mol/C2H4/beef_vdw/OUTCAR
beef_vdw,C2H4_Cu110,Cu110,C2H4,dft_jobs,-30.91130343,29.98519073,-29.58166646,,bad_reference,non-physical total energy (>= 0): E_slab=29.98519073,complex: converged; slab: converged; molecule: converged,false,dft_jobs/C2H4_Cu110/beef_vdw/OUTCAR,vasp_slab/Cu110/beef_vdw/OUTCAR,vasp_mol/C2H4/beef_vdw/OUTCAR
beef_vdw,C2H4_Cu111,Cu111,C2H4,dft_jobs,-44.5002096,67.05686544,-29.58166646,,bad_reference,non-physical total energy (>= 0): E_slab=67.05686544,complex: converged; slab: converged; molecule: converged,false,dft_jobs/C2H4_Cu111/beef_vdw/OUTCAR,vasp_slab/Cu111/beef_vdw/OUTCAR,vasp_mol/C2H4/beef_vdw/OUTCAR
beef_vdw,C2H4_Ir100,Ir100,C2H4,dft_jobs,-213.98045418,-183.01756659,-29.58166646,-1.3812211300000072,ok,,complex: converged; slab: converged; molecule: converged,true,dft_jobs/C2H4_Ir100/beef_vdw/OUTCAR,vasp_slab/Ir100/beef_vdw/OUTCAR,vasp_mol/C2H4/beef_vdw/OUTCAR
beef_vdw,C2H4_Ir110,Ir110,C2H4,dft_jobs,-142.7099986,-111.25249754,-29.58166646,-1.8758346000000117,ok,,complex: converged; slab: converged; molecule: converged,true,dft_jobs/C2H4_Ir110/beef_vdw/OUTCAR,vasp_slab/Ir110/beef_vdw/OUTCAR,vasp_mol/C2H4/beef_vdw/OUTCAR
beef_vdw,C2H4_Ir111,Ir111,C2H4,dft_jobs,-370.0746891,-339.48696992,-29.58166646,-1.0060527200000209,ok,,complex: converged; slab: converged; molecule: converged,true,dft_jobs/C2H4_Ir111/beef_vdw/OUTCAR,vasp_slab/Ir111/beef_vdw/OUTCAR,vasp_mol/C2H4/beef_vdw/OUTCAR
beef_vdw,C2H4_Pd100,Pd100,C2H4,dft_jobs,-83.79710327,-35.42003857,-29.58166646,,bad_reference,implausible E_ads=-18.795 eV (|E_ads| > 5.0 eV),complex: converged; slab: converged; molecule: converged,false,dft_jobs/C2H4_Pd100/beef_vdw/OUTCAR,vasp_slab/Pd100/beef_vdw/OUTCAR,vasp_mol/C2H4/beef_vdw/OUTCAR
beef_vdw,C2H4_Pd110,Pd110,C2H4,dft_jobs,-60.09188885,-17.56332055,-29.58166646,,bad_reference,implausible E_ads=-12.947 eV (|E_ads| > 5.0 eV),complex: converged; slab: converged; molecule: converged,false,dft_jobs/C2H4_Pd110/beef_vdw/OUTCAR,vasp_slab/Pd110/beef_vdw/OUTCAR,vasp_mol/C2H4/beef_vdw/OUTCAR
beef_vdw,C2H4_Pd111,Pd111,C2H4,dft_jobs,-85.85664441,-66.44447778,-29.58166646,,slab_mismatch,"slab size mismatch: job has 36 Pd, reference has 64 Pd",complex: converged; slab: converged; molecule: converged,false,dft_jobs/C2H4_Pd111/beef_vdw/OUTCAR,vasp_slab/Pd111/beef_vdw/OUTCAR,vasp_mol/C2H4/beef_vdw/OUTCAR
beef_vdw,C2H4_Pt100,Pt100,C2H4,dft_jobs,-124.7454091,-60.04329946,-29.58166646,,bad_reference,implausible E_ads=-35.120 eV (|E_ads| > 5.0 eV),complex: converged; slab: converged; molecule: converged,false,dft_jobs/C2H4_Pt100/beef_vdw/OUTCAR,vasp_slab/Pt100/beef_vdw/OUTCAR,vasp_mol/C2H4/beef_vdw/OUTCAR
beef_vdw,C2H4_Pt110,Pt110,C2H4,dft_jobs,-86.3484195,-32.67956866,-29.58166646,,bad_reference,implausible E_ads=-24.087 eV (|E_ads| > 5.0 eV),complex: converged; slab: converged; molecule: converged,false,dft_jobs/C2H4_Pt110/beef_vdw/OUTCAR,vasp_slab/Pt110/beef_vdw/OUTCAR,vasp_mol/C2H4/beef_vdw/OUTCAR
beef_vdw,C2H4_Pt111_bri,Pt111,C2H4,dft_jobs,,-115.71905359,-29.58166646,,error,slab+mol: OUTCAR not found: dft_jobs/C2H4_Pt111_bri/beef_vdw/OUTCAR,complex: missing; slab: converged; molecule: converged,false,dft_jobs/C2H4_Pt111_bri/beef_vdw/OUTCAR,vasp_slab/Pt111/beef_vdw/OUTCAR,vasp_mol/C2H4/beef_vdw/OUTCAR
beef_vdw,C2H4_Rh100,Rh100,C2H4,dft_jobs,-161.33859015,-104.08110193,-29.58166646,,bad_reference,implausible E_ads=-27.676 eV (|E_ads| > 5.0 eV),complex: converged; slab: converged; molecule: converged,false,dft_jobs/C2H4_Rh100/beef_vdw/OUTCAR,vasp_slab/Rh100/beef_vdw/OUTCAR,vasp_mol/C2H4/beef_vdw/OUTCAR
beef_vdw,C2H4_Rh110,Rh110,C2H4,dft_jobs,-109.61011137,-61.02501679,-29.58166646,,bad_reference,implausible E_ads=-19.003 eV (|E_ads| > 5.0 eV),complex: converged; slab: converged; molecule: converged,false,dft_jobs/C2H4_Rh110/beef_vdw/OUTCAR,vasp_slab/Rh110/beef_vdw/OUTCAR,vasp_mol/C2H4/beef_vdw/OUTCAR
beef_vdw,C2H4_Rh111,Rh111,C2H4,dft_jobs,-270.37253522,-192.72273486,-29.58166646,,bad_reference,implausible E_ads=-48.068 eV (|E_ads| > 5.0 eV),complex: converged; slab: converged; molecule: converged,false,dft_jobs/C2H4_Rh111/beef_vdw/OUTCAR,vasp_slab/Rh111/beef_vdw/OUTCAR,vasp_mol/C2H4/beef_vdw/OUTCAR
beef_vdw,C2H5OH_Pt111_top,Pt111,C2H5OH,dft_jobs,,-115.71905359,-42.75021548,,error,slab+mol: OUTCAR not found: dft_jobs/C2H5OH_Pt111_top/beef_vdw/OUTCAR,complex: missing; slab: converged; molecule: converged,false,dft_jobs/C2H5OH_Pt111_top/beef_vdw/OUTCAR,vasp_slab/Pt111/beef_vdw/OUTCAR,vasp_mol/CH3CH2OH/beef_vdw/OUTCAR
beef_vdw,C2H6_Ag100,Ag100,C2H6,dft_jobs,21.78240713,58.04168493,-38.22923064,,slab_mismatch,"slab size mismatch: job has 64 Ag, reference has 36 Ag",complex: converged; slab: converged; molecule: converged,false,dft_jobs/C2H6_Ag100/beef_vdw/OUTCAR,vasp_slab/Ag100/beef_vdw/OUTCAR,vasp_mol/C2H6/beef_vdw/OUTCAR
beef_vdw,C2H6_Ag110,Ag110,C2H6,dft_jobs,-13.36903658,41.61140369,-38.22923064,,bad_reference,non-physical total energy (>= 0): E_slab=41.61140369,complex: converged; slab: converged; molecule: converged,false,dft_jobs/C2H6_Ag110/beef_vdw/OUTCAR,vasp_slab/Ag110/beef_vdw/OUTCAR,vasp_mol/C2H6/beef_vdw/OUTCAR
beef_vdw,C2H6_Ag111,Ag111,C2H6,dft_jobs,18.94788902,101.69997001,-38.22923064,,bad_reference,"non-physical total energy (>= 0): E_slab_mol=18.94788902, E_slab=101.69997001",complex: converged; slab: converged; molecule: converged,false,dft_jobs/C2H6_Ag111/beef_vdw/OUTCAR,vasp_slab/Ag111/beef_vdw/OUTCAR,vasp_mol/C2H6/beef_vdw/OUTCAR
beef_vdw,C2H6_Au100,Au100,C2H6,dft_jobs,-33.4096782,2.61952143,-38.22923064,,slab_mismatch,"slab size mismatch: job has 64 Au, reference has 36 Au",complex: converged; slab: converged; molecule: converged,false,dft_jobs/C2H6_Au100/beef_vdw/OUTCAR,vasp_slab/Au100/beef_vdw/OUTCAR,vasp_mol/C2H6/beef_vdw/OUTCAR
beef_vdw,C2H6_Au110,Au110,C2H6,dft_jobs,-25.37413548,4.35535241,-38.22923064,,slab_mismatch,"slab size mismatch: job has 64 Au, reference has 24 Au",complex: converged; slab: converged; molecule: converged,false,dft_jobs/C2H6_Au110/beef_vdw/OUTCAR,vasp_slab/Au110/beef_vdw/OUTCAR,vasp_mol/C2H6/beef_vdw/OUTCAR
beef_vdw,C2H6_Au111,Au111,C2H6,dft_jobs,-37.62663206,1.22708835,-38.22923064,,slab_mismatch,"slab size mismatch: job has 36 Au, reference has 64 Au",complex: converged; slab: converged; molecule: converged,false,dft_jobs/C2H6_Au111/beef_vdw/OUTCAR,vasp_slab/Au111/beef_vdw/OUTCAR,vasp_mol/C2H6/beef_vdw/OUTCAR
beef_vdw,C2H6_Cu100,Cu100,C2H6,dft_jobs,-49.07988557,885.16340624,-38.22923064,,bad_reference,non-physical total energy (>= 0): E_slab=885.16340624,complex: converged; slab: unfinished; molecule: converged,false,dft_jobs/C2H6_Cu100/beef_vdw/OUTCAR,vasp_slab/Cu100/beef_vdw/OUTCAR,vasp_mol/C2H6/beef_vdw/OUTCAR
beef_vdw,C2H6_Cu110,Cu110,C2H6,dft_jobs,-39.20506551,29.98519073,-38.22923064,,bad_reference,non-physical total energy (>= 0): E_slab=29.98519073,complex: converged; slab: converged; molecule: converged,false,dft_jobs/C2H6_Cu110/beef_vdw/OUTCAR,vasp_slab/Cu110/beef_vdw/OUTCAR,vasp_mol/C2H6/beef_vdw/OUTCAR
beef_vdw,C2H6_Cu111,Cu111,C2H6,dft_jobs,-53.12749509,67.05686544,-38.22923064,,bad_reference,non-physical total energy (>= 0): E_slab=67.05686544,complex: converged; slab: converged; molecule: converged,false,dft_jobs/C2H6_Cu111/beef_vdw/OUTCAR,vasp_slab/Cu111/beef_vdw/OUTCAR,vasp_mol/C2H6/beef_vdw/OUTCAR
beef_vdw,C2H6_Ir100,Ir100,C2H6,dft_jobs,-221.56026277,-183.01756659,-38.22923064,-0.3134655400000099,ok,,complex: converged; slab: converged; molecule: converged,true,dft_jobs/C2H6_Ir100/beef_vdw/OUTCAR,vasp_slab/Ir100/beef_vdw/OUTCAR,vasp_mol/C2H6/beef_vdw/OUTCAR
beef_vdw,C2H6_Ir110,Ir110,C2H6,dft_jobs,-149.89391239,-111.25249754,-38.22923064,-0.4121842100000066,ok,,complex: converged; slab: converged; molecule: converged,true,dft_jobs/C2H6_Ir110/beef_vdw/OUTCAR,vasp_slab/Ir110/beef_vdw/OUTCAR,vasp_mol/C2H6/beef_vdw/OUTCAR
beef_vdw,C2H6_Ir111,Ir111,C2H6,dft_jobs,-378.03022373,-339.48696992,-38.22923064,-0.3140231700000129,ok,,complex: converged; slab: converged; molecule: converged,true,dft_jobs/C2H6_Ir111/beef_vdw/OUTCAR,vasp_slab/Ir111/beef_vdw/OUTCAR,vasp_mol/C2H6/beef_vdw/OUTCAR
beef_vdw,C2H6_Pd100,Pd100,C2H6,dft_jobs,-132.6496938,-35.42003857,-38.22923064,,slab_mismatch,"slab size mismatch: job has 64 Pd, reference has 36 Pd",complex: converged; slab: converged; molecule: converged,false,dft_jobs/C2H6_Pd100/beef_vdw/OUTCAR,vasp_slab/Pd100/beef_vdw/OUTCAR,vasp_mol/C2H6/beef_vdw/OUTCAR
beef_vdw,C2H6_Pd110,Pd110,C2H6,dft_jobs,-119.88313902,-17.56332055,-38.22923064,,slab_mismatch,"slab size mismatch: job has 64 Pd, reference has 24 Pd",complex: unfinished; slab: converged; molecule: converged,false,dft_jobs/C2H6_Pd110/beef_vdw/OUTCAR,vasp_slab/Pd110/beef_vdw/OUTCAR,vasp_mol/C2H6/beef_vdw/OUTCAR
beef_vdw,C2H6_Pd111,Pd111,C2H6,dft_jobs,-136.65836331,-66.44447778,-38.22923064,,bad_reference,implausible E_ads=-31.985 eV (|E_ads| > 5.0 eV),complex: converged; slab: converged; molecule: converged,false,dft_jobs/C2H6_Pd111/beef_vdw/OUTCAR,vasp_slab/Pd111/beef_vdw/OUTCAR,vasp_mol/C2H6/beef_vdw/OUTCAR
beef_vdw,C2H6_Pt100,Pt100,C2H6,dft_jobs,-206.67941875,-60.04329946,-38.22923064,,slab_mismatch,"slab size mismatch: job has 64 Pt, reference has 36 Pt",complex: converged; slab: converged; molecule: converged,false,dft_jobs/C2H6_Pt100/beef_vdw/OUTCAR,vasp_slab/Pt100/beef_vdw/OUTCAR,vasp_mol/C2H6/beef_vdw/OUTCAR
beef_vdw,C2H6_Pt110,Pt110,C2H6,dft_jobs,-192.33512996,-32.67956866,-38.22923064,,slab_mismatch,"slab size mismatch: job has 64 Pt, reference has 24 Pt",complex: unfinished; slab: converged; molecule: converged,false,dft_jobs/C2H6_Pt110/beef_vdw/OUTCAR,vasp_slab/Pt110/beef_vdw/OUTCAR,vasp_mol/C2H6/beef_vdw/OUTCAR
beef_vdw,C2H6_Rh100,Rh100,C2H6,dft_jobs,-169.08010257,-104.08110193,-38.22923064,,bad_reference,implausible E_ads=-26.770 eV (|E_ads| > 5.0 eV),complex: converged; slab: converged; molecule: converged,false,dft_jobs/C2H6_Rh100/beef_vdw/OUTCAR,vasp_slab/Rh100/beef_vdw/OUTCAR,vasp_mol/C2H6/beef_vdw/OUTCAR
beef_vdw,C2H6_Rh110,Rh110,C2H6,dft_jobs,-117.25880951,-61.02501679,-38.22923064,,bad_reference,implausible E_ads=-18.005 eV (|E_ads| > 5.0 eV),complex: converged; slab: converged; molecule: converged,false,dft_jobs/C2H6_Rh110/beef_vdw/OUTCAR,vasp_slab/Rh110/beef_vdw/OUTCAR,vasp_mol/C2H6/beef_vdw/OUTCAR
beef_vdw,C2H6_Rh111,Rh111,C2H6,dft_jobs,-278.22910871,-192.72273486,-38.22923064,,bad_reference,implausible E_ads=-47.277 eV (|E_ads| > 5.0 eV),complex: converged; slab: converged; molecule: converged,false,dft_jobs/C2H6_Rh111/beef_vdw/OUTCAR,vasp_slab/Rh111/beef_vdw/OUTCAR,vasp_mol/C2H6/beef_vdw/OUTCAR
beef_vdw,CH3CH2OH_Ag100,Ag100,CH3CH2OH,dft_jobs,17.0879224,58.04168493,-42.75021548,,slab_mismatch,"slab size mismatch: job has 64 Ag, reference has 36 Ag",complex: converged; slab: converged; molecule: converged,false,dft_jobs/CH3CH2OH_Ag100/beef_vdw/OUTCAR,vasp_slab/Ag100/beef_vdw/OUTCAR,vasp_mol/CH3CH2OH/beef_vdw/OUTCAR
beef_vdw,CH3CH2OH_Ag110,Ag110,CH3CH2OH,dft_jobs,24.82883466,41.61140369,-42.75021548,,slab_mismatch,"slab size mismatch: job has 64 Ag, reference has 24 Ag",complex: converged; slab: converged; molecule: converged,false,dft_jobs/CH3CH2OH_Ag110/beef_vdw/OUTCAR,vasp_slab/Ag110/beef_vdw/OUTCAR,vasp_mol/CH3CH2OH/beef_vdw/OUTCAR
beef_vdw,CH3CH2OH_Ag111,Ag111,CH3CH2OH,dft_jobs,14.30275835,101.69997001,-42.75021548,,bad_reference,"non-physical total energy (>= 0): E_slab_mol=14.30275835, E_slab=101.69997001",complex: converged; slab: converged; molecule: converged,false,dft_jobs/CH3CH2OH_Ag111/beef_vdw/OUTCAR,vasp_slab/Ag111/beef_vdw/OUTCAR,vasp_mol/CH3CH2OH/beef_vdw/OUTCAR
beef_vdw,CH3CH2OH_Au100,Au100,CH3CH2OH,dft_jobs,-38.0704661,2.61952143,-42.75021548,,slab_mismatch,"slab size mismatch: job has 64 Au, reference has 36 Au",complex: converged; slab: converged; molecule: converged,false,dft_jobs/CH3CH2OH_Au100/beef_vdw/OUTCAR,vasp_slab/Au100/beef_vdw/OUTCAR,vasp_mol/CH3CH2OH/beef_vdw/OUTCAR
beef_vdw,CH3CH2OH_Au110,Au110,CH3CH2OH,dft_jobs,-30.09418124,4.35535241,-42.75021548,,slab_mismatch,"slab size mismatch: job has 64 Au, reference has 24 Au",complex: converged; slab: converged; molecule: converged,false,dft_jobs/CH3CH2OH_Au110/beef_vdw/OUTCAR,vasp_slab/Au110/beef_vdw/OUTCAR,vasp_mol/CH3CH2OH/beef_vdw/OUTCAR
beef_vdw,CH3CH2OH_Au111,Au111,CH3CH2OH,dft_jobs,-42.22568353,1.22708835,-42.75021548,,slab_mismatch,"slab size mismatch: job has 36 Au, reference has 64 Au",complex: converged; slab: converged; molecule: converged,false,dft_jobs/CH3CH2OH_Au111/beef_vdw/OUTCAR,vasp_slab/Au111/beef_vdw/OUTCAR,vasp_mol/CH3CH2OH/beef_vdw/OUTCAR
beef_vdw,CH3CH2OH_Cu100,Cu100,CH3CH2OH,dft_jobs,-53.85459767,885.16340624,-42.75021548,,bad_reference,non-physical total energy (>= 0): E_slab=885.16340624,complex: converged; slab: unfinished; molecule: converged,false,dft_jobs/CH3CH2OH_Cu100/beef_vdw/OUTCAR,vasp_slab/Cu100/beef_vdw/OUTCAR,vasp_mol/CH3CH2OH/beef_vdw/OUTCAR
beef_vdw,CH3CH2OH_Cu110,Cu110,CH3CH2OH,dft_jobs,-43.60369881,29.98519073,-42.75021548,,slab_mismatch,"slab size mismatch: job has 64 Cu, reference has 24 Cu",complex: converged; slab: converged; molecule: converged,false,dft_jobs/CH3CH2OH_Cu110/beef_vdw/OUTCAR,vasp_slab/Cu110/beef_vdw/OUTCAR,vasp_mol/CH3CH2OH/beef_vdw/OUTCAR
beef_vdw,CH3CH2OH_Cu111,Cu111,CH3CH2OH,dft_jobs,-57.79019041,67.05686544,-42.75021548,,bad_reference,non-physical total energy (>= 0): E_slab=67.05686544,complex: converged; slab: converged; molecule: converged,false,dft_jobs/CH3CH2OH_Cu111/beef_vdw/OUTCAR,vasp_slab/Cu111/beef_vdw/OUTCAR,vasp_mol/CH3CH2OH/beef_vdw/OUTCAR
beef_vdw,CH3CH2OH_Ir100,Ir100,CH3CH2OH,dft_jobs,-226.59588377,-183.01756659,-42.75021548,-0.8281016999999977,ok,,complex: converged; slab: converged; molecule: converged,true,dft_jobs/CH3CH2OH_Ir100/beef_vdw/OUTCAR,vasp_slab/Ir100/beef_vdw/OUTCAR,vasp_mol/CH3CH2OH/beef_vdw/OUTCAR
beef_vdw,CH3CH2OH_Ir110,Ir110,CH3CH2OH,dft_jobs,-155.02539135,-111.25249754,-42.75021548,-1.0226783300000122,ok,,complex: converged; slab: converged; molecule: converged,true,dft_jobs/CH3CH2OH_Ir110/beef_vdw/OUTCAR,vasp_slab/Ir110/beef_vdw/OUTCAR,vasp_mol/CH3CH2OH/beef_vdw/OUTCAR
beef_vdw,CH3CH2OH_Ir111,Ir111,CH3CH2OH,dft_jobs,-382.92202309,-339.48696992,-42.75021548,-0.6848376900000019,ok,,complex: converged; slab: converged; molecule: converged,true,dft_jobs/CH3CH2OH_Ir111/beef_vdw/OUTCAR,vasp_slab/Ir111/beef_vdw/OUTCAR,vasp_mol/CH3CH2OH/beef_vdw/OUTCAR
beef_vdw,CH3CH2OH_Pd100,Pd100,CH3CH2OH,dft_jobs,-137.44149946,-35.42003857,-42.75021548,,slab_mismatch,"slab size mismatch: job has 64 Pd, reference has 36 Pd",complex: converged; slab: converged; molecule: converged,false,dft_jobs/CH3CH2OH_Pd100/beef_vdw/OUTCAR,vasp_slab/Pd100/beef_vdw/OUTCAR,vasp_mol/CH3CH2OH/beef_vdw/OUTCAR
beef_vdw,CH3CH2OH_Pd110,Pd110,CH3CH2OH,dft_jobs,-124.80723605,-17.56332055,-42.75021548,,slab_mismatch,"slab size mismatch: job has 64 Pd, reference has 24 Pd",complex: converged; slab: converged; molecule: converged,false,dft_jobs/CH3CH2OH_Pd110/beef_vdw/OUTCAR,vasp_slab/Pd110/beef_vdw/OUTCAR,vasp_mol/CH3CH2OH/beef_vdw/OUTCAR
beef_vdw,CH3CH2OH_Pd111,Pd111,CH3CH2OH,dft_jobs,-141.45817836,-66.44447778,-42.75021548,,bad_reference,implausible E_ads=-32.263 eV (|E_ads| > 5.0 eV),complex: converged; slab: converged; molecule: converged,false,dft_jobs/CH3CH2OH_Pd111/beef_vdw/OUTCAR,vasp_slab/Pd111/beef_vdw/OUTCAR,vasp_mol/CH3CH2OH/beef_vdw/OUTCAR
beef_vdw,CH3CH2OH_Pt100,Pt100,CH3CH2OH,dft_jobs,-211.55993342,-60.04329946,-42.75021548,,slab_mismatch,"slab size mismatch: job has 64 Pt, reference has 36 Pt",complex: converged; slab: converged; molecule: converged,false,dft_jobs/CH3CH2OH_Pt100/beef_vdw/OUTCAR,vasp_slab/Pt100/beef_vdw/OUTCAR,vasp_mol/CH3CH2OH/beef_vdw/OUTCAR
beef_vdw,CH3CH2OH_Pt110,Pt110,CH3CH2OH,dft_jobs,-197.26052411,-32.67956866,-42.75021548,,slab_mismatch,"slab size mismatch: job has 64 Pt, reference has 24 Pt",complex: converged; slab: converged; molecule: converged,false,dft_jobs/CH3CH2OH_Pt110/beef_vdw/OUTCAR,vasp_slab/Pt110/beef_vdw/OUTCAR,vasp_mol/CH3CH2OH/beef_vdw/OUTCAR
beef_vdw,CH3CH2OH_Rh100,Rh100,CH3CH2OH,dft_jobs,-173.98757261,-104.08110193,-42.75021548,,bad_reference,implausible E_ads=-27.156 eV (|E_ads| > 5.0 eV),complex: converged; slab: converged; molecule: converged,false,dft_jobs/CH3CH2OH_Rh100/beef_vdw/OUTCAR,vasp_slab/Rh100/beef_vdw/OUTCAR,vasp_mol/CH3CH2OH/beef_vdw/OUTCAR
beef_vdw,CH3CH2OH_Rh110,Rh110,CH3CH2OH,dft_jobs,-122.25429601,-61.02501679,-42.75021548,,bad_reference,implausible E_ads=-18.479 eV (|E_ads| > 5.0 eV),complex: converged; slab: converged; molecule: converged,false,dft_jobs/CH3CH2OH_Rh110/beef_vdw/OUTCAR,vasp_slab/Rh110/beef_vdw/OUTCAR,vasp_mol/CH3CH2OH/beef_vdw/OUTCAR
beef_vdw,CH3CH2OH_Rh111,Rh111,CH3CH2OH,dft_jobs,-283.13757424,-192.72273486,-42.75021548,,bad_reference,implausible E_ads=-47.665 eV (|E_ads| > 5.0 eV),complex: converged; slab: converged; molecule: converged,false,dft_jobs/CH3CH2OH_Rh111/beef_vdw/OUTCAR,vasp_slab/Rh111/beef_vdw/OUTCAR,vasp_mol/CH3CH2OH/beef_vdw/OUTCAR
beef_vdw,CH3CHO_Ag100,Ag100,CH3CHO,dft_jobs,-2.00828969,58.04168493,-34.87352675,,bad_reference,non-physical total energy (>= 0): E_slab=58.04168493,complex: converged; slab: converged; molecule: converged,false,dft_jobs/CH3CHO_Ag100/beef_vdw/OUTCAR,vasp_slab/Ag100/beef_vdw/OUTCAR,vasp_mol/CH3CHO/beef_vdw/OUTCAR
beef_vdw,CH3CHO_Ag110,Ag110,CH3CHO,dft_jobs,-10.13831421,41.61140369,-34.87352675,,bad_reference,non-physical total energy (>= 0): E_slab=41.61140369,complex: converged; slab: converged; molecule: converged,false,dft_jobs/CH3CHO_Ag110/beef_vdw/OUTCAR,vasp_slab/Ag110/beef_vdw/OUTCAR,vasp_mol/CH3CHO/beef_vdw/OUTCAR
beef_vdw,CH3CHO_Ag111,Ag111,CH3CHO,dft_jobs,-3.17269652,101.69997001,-34.87352675,,slab_mismatch,"slab size mismatch: job has 36 Ag, reference has 64 Ag",complex: converged; slab: converged; molecule: converged,false,dft_jobs/CH3CHO_Ag111/beef_vdw/OUTCAR,vasp_slab/Ag111/beef_vdw/OUTCAR,vasp_mol/CH3CHO/beef_vdw/OUTCAR
beef_vdw,CH3CHO_Au100,Au100,CH3CHO,dft_jobs,-30.13278437,2.61952143,-34.87352675,,slab_mismatch,"slab size mismatch: job has 64 Au, reference has 36 Au",complex: converged; slab: converged; molecule: converged,false,dft_jobs/CH3CHO_Au100/beef_vdw/OUTCAR,vasp_slab/Au100/beef_vdw/OUTCAR,vasp_mol/CH3CHO/beef_vdw/OUTCAR
beef_vdw,CH3CHO_Au110,Au110,CH3CHO,dft_jobs,-22.15791678,4.35535241,-34.87352675,,slab_mismatch,"slab size mismatch: job has 64 Au, reference has 24 Au",complex: converged; slab: converged; molecule: converged,false,dft_jobs/CH3CHO_Au110/beef_vdw/OUTCAR,vasp_slab/Au110/beef_vdw/OUTCAR,vasp_mol/CH3CHO/beef_vdw/OUTCAR
beef_vdw,CH3CHO_Au111,Au111,CH3CHO,dft_jobs,-34.32076413,1.22708835,-34.87352675,,slab_mismatch,"slab size mismatch: job has 36 Au, reference has 64 Au",complex: converged; slab: converged; molecule: converged,false,dft_jobs/CH3CHO_Au111/beef_vdw/OUTCAR,vasp_slab/Au111/beef_vdw/OUTCAR,vasp_mol/CH3CHO/beef_vdw/OUTCAR
beef_vdw,CH3CHO_Cu100,Cu100,CH3CHO,dft_jobs,2.67841974,885.16340624,-34.87352675,,bad_reference,"non-physical total energy (>= 0): E_slab_mol=2.67841974, E_slab=885.16340624",complex: unfinished; slab: unfinished; molecule: converged,false,dft_jobs/CH3CHO_Cu100/beef_vdw/OUTCAR,vasp_slab/Cu100/beef_vdw/OUTCAR,vasp_mol/CH3CHO/beef_vdw/OUTCAR
beef_vdw,CH3CHO_Cu110,Cu110,CH3CHO,dft_jobs,-36.06535529,29.98519073,-34.87352675,,bad_reference,non-physical total energy (>= 0): E_slab=29.98519073,complex: converged; slab: converged; molecule: converged,false,dft_jobs/CH3CHO_Cu110/beef_vdw/OUTCAR,vasp_slab/Cu110/beef_vdw/OUTCAR,vasp_mol/CH3CHO/beef_vdw/OUTCAR
beef_vdw,CH3CHO_Cu111,Cu111,CH3CHO,dft_jobs,-49.88634486,67.05686544,-34.87352675,,bad_reference,non-physical total energy (>= 0): E_slab=67.05686544,complex: converged; slab: converged; molecule: converged,false,dft_jobs/CH3CHO_Cu111/beef_vdw/OUTCAR,vasp_slab/Cu111/beef_vdw/OUTCAR,vasp_mol/CH3CHO/beef_vdw/OUTCAR
beef_vdw,CH3CHO_Ir100,Ir100,CH3CHO,dft_jobs,-218.66136675,-183.01756659,-34.87352675,-0.7702734100000086,ok,,complex: converged; slab: converged; molecule: converged,true,dft_jobs/CH3CHO_Ir100/beef_vdw/OUTCAR,vasp_slab/Ir100/beef_vdw/OUTCAR,vasp_mol/CH3CHO/beef_vdw/OUTCAR
beef_vdw,CH3CHO_Ir110,Ir110,CH3CHO,dft_jobs,-147.07615416,-111.25249754,-34.87352675,-0.9501298699999907,ok,,complex: converged; slab: converged; molecule: converged,true,dft_jobs/CH3CHO_Ir110/beef_vdw/OUTCAR,vasp_slab/Ir110/beef_vdw/OUTCAR,vasp_mol/CH3CHO/beef_vdw/OUTCAR
beef_vdw,CH3CHO_Ir111,Ir111,CH3CHO,dft_jobs,-374.95367684,-339.48696992,-34.87352675,-0.5931801700000321,ok,,complex: converged; slab: converged; molecule: converged,true,dft_jobs/CH3CHO_Ir111/beef_vdw/OUTCAR,vasp_slab/Ir111/beef_vdw/OUTCAR,vasp_mol/CH3CHO/beef_vdw/OUTCAR
beef_vdw,CH3CHO_Pd100,Pd100,CH3CHO,dft_jobs,-88.5801955,-35.42003857,-34.87352675,,bad_reference,implausible E_ads=-18.287 eV (|E_ads| > 5.0 eV),complex: converged; slab: converged; molecule: converged,false,dft_jobs/CH3CHO_Pd100/beef_vdw/OUTCAR,vasp_slab/Pd100/beef_vdw/OUTCAR,vasp_mol/CH3CHO/beef_vdw/OUTCAR
beef_vdw,CH3CHO_Pd110,Pd110,CH3CHO,dft_jobs,-64.78918917,-17.56332055,-34.87352675,,bad_reference,implausible E_ads=-12.352 eV (|E_ads| > 5.0 eV),complex: converged; slab: converged; molecule: converged,false,dft_jobs/CH3CHO_Pd110/beef_vdw/OUTCAR,vasp_slab/Pd110/beef_vdw/OUTCAR,vasp_mol/CH3CHO/beef_vdw/OUTCAR
beef_vdw,CH3CHO_Pd111,Pd111,CH3CHO,dft_jobs,-90.79740599,-66.44447778,-34.87352675,,slab_mismatch,"slab size mismatch: job has 36 Pd, reference has 64 Pd",complex: converged; slab: converged; molecule: converged,false,dft_jobs/CH3CHO_Pd111/beef_vdw/OUTCAR,vasp_slab/Pd111/beef_vdw/OUTCAR,vasp_mol/CH3CHO/beef_vdw/OUTCAR
beef_vdw,CH3CHO_Pt100,Pt100,CH3CHO,dft_jobs,-129.27008616,-60.04329946,-34.87352675,,bad_reference,implausible E_ads=-34.353 eV (|E_ads| > 5.0 eV),complex: converged; slab: converged; molecule: converged,false,dft_jobs/CH3CHO_Pt100/beef_vdw/OUTCAR,vasp_slab/Pt100/beef_vdw/OUTCAR,vasp_mol/CH3CHO/beef_vdw/OUTCAR
beef_vdw,CH3CHO_Pt110,Pt110,CH3CHO,dft_jobs,-90.7592561,-32.67956866,-34.87352675,,bad_reference,implausible E_ads=-23.206 eV (|E_ads| > 5.0 eV),complex: converged; slab: converged; molecule: converged,false,dft_jobs/CH3CHO_Pt110/beef_vdw/OUTCAR,vasp_slab/Pt110/beef_vdw/OUTCAR,vasp_mol/CH3CHO/beef_vdw/OUTCAR
beef_vdw,CH3CHO_Pt111_top,Pt111,CH3CHO,dft_jobs,,-115.71905359,-34.87352675,,error,slab+mol: OUTCAR not found: dft_jobs/CH3CHO_Pt111_top/beef_vdw/OUTCAR,complex: missing; slab: converged; molecule: converged,false,dft_jobs/CH3CHO_Pt111_top/beef_vdw/OUTCAR,vasp_slab/Pt111/beef_vdw/OUTCAR,vasp_mol/CH3CHO/beef_vdw/OUTCAR
beef_vdw,CH3CHO_Rh100,Rh100,CH3CHO,dft_jobs,-166.06359341,-104.08110193,-34.87352675,,bad_reference,implausible E_ads=-27.109 eV (|E_ads| > 5.0 eV),complex: converged; slab: converged; molecule: converged,false,dft_jobs/CH3CHO_Rh100/beef_vdw/OUTCAR,vasp_slab/Rh100/beef_vdw/OUTCAR,vasp_mol/CH3CHO/beef_vdw/OUTCAR
beef_vdw,CH3CHO_Rh110,Rh110,CH3CHO,dft_jobs,-114.78296368,-61.02501679,-34.87352675,,bad_reference,implausible E_ads=-18.884 eV (|E_ads| > 5.0 eV),complex: converged; slab: converged; molecule: converged,false,dft_jobs/CH3CHO_Rh110/beef_vdw/OUTCAR,vasp_slab/Rh110/beef_vdw/OUTCAR,vasp_mol/CH3CHO/beef_vdw/OUTCAR
beef_vdw,CH3CHO_Rh111,Rh111,CH3CHO,dft_jobs,-275.15914451,-192.72273486,-34.87352675,,bad_reference,implausible E_ads=-47.563 eV (|E_ads| > 5.0 eV),complex: converged; slab: converged; molecule: converged,false,dft_jobs/CH3CHO_Rh111/beef_vdw/OUTCAR,vasp_slab/Rh111/beef_vdw/OUTCAR,vasp_mol/CH3CHO/beef_vdw/OUTCAR
beef_vdw,CH3COOH_Ag100,Ag100,CH3COOH,dft_jobs,-7.81884569,58.04168493,-40.5783371,,bad_reference,non-physical total energy (>= 0): E_slab=58.04168493,complex: converged; slab: converged; molecule: converged,false,dft_jobs/CH3COOH_Ag100/beef_vdw/OUTCAR,vasp_slab/Ag100/beef_vdw/OUTCAR,vasp_mol/CH3COOH/beef_vdw/OUTCAR
beef_vdw,CH3COOH_Ag110,Ag110,CH3COOH,dft_jobs,-15.96508146,41.61140369,-40.5783371,,bad_reference,non-physical total energy (>= 0): E_slab=41.61140369,complex: converged; slab: converged; molecule: converged,false,dft_jobs/CH3COOH_Ag110/beef_vdw/OUTCAR,vasp_slab/Ag110/beef_vdw/OUTCAR,vasp_mol/CH3COOH/beef_vdw/OUTCAR
beef_vdw,CH3COOH_Ag111,Ag111,CH3COOH,dft_jobs,-8.99757191,101.69997001,-40.5783371,,slab_mismatch,"slab size mismatch: job has 36 Ag, reference has 64 Ag",complex: converged; slab: converged; molecule: converged,false,dft_jobs/CH3COOH_Ag111/beef_vdw/OUTCAR,vasp_slab/Ag111/beef_vdw/OUTCAR,vasp_mol/CH3COOH/beef_vdw/OUTCAR
beef_vdw,CH3COOH_Au100,Au100,CH3COOH,dft_jobs,-35.88569547,2.61952143,-40.5783371,,slab_mismatch,"slab size mismatch: job has 64 Au, reference has 36 Au",complex: converged; slab: converged; molecule: converged,false,dft_jobs/CH3COOH_Au100/beef_vdw/OUTCAR,vasp_slab/Au100/beef_vdw/OUTCAR,vasp_mol/CH3COOH/beef_vdw/OUTCAR
beef_vdw,CH3COOH_Au110,Au110,CH3COOH,dft_jobs,-27.91657097,4.35535241,-40.5783371,,slab_mismatch,"slab size mismatch: job has 64 Au, reference has 24 Au",complex: converged; slab: converged; molecule: converged,false,dft_jobs/CH3COOH_Au110/beef_vdw/OUTCAR,vasp_slab/Au110/beef_vdw/OUTCAR,vasp_mol/CH3COOH/beef_vdw/OUTCAR
beef_vdw,CH3COOH_Au111,Au111,CH3COOH,dft_jobs,-40.0777184,1.22708835,-40.5783371,,slab_mismatch,"slab size mismatch: job has 36 Au, reference has 64 Au",complex: converged; slab: converged; molecule: converged,false,dft_jobs/CH3COOH_Au111/beef_vdw/OUTCAR,vasp_slab/Au111/beef_vdw/OUTCAR,vasp_mol/CH3COOH/beef_vdw/OUTCAR
beef_vdw,CH3COOH_Cu100,Cu100,CH3COOH,dft_jobs,-51.7006384,885.16340624,-40.5783371,,bad_reference,non-physical total energy (>= 0): E_slab=885.16340624,complex: converged; slab: unfinished; molecule: converged,false,dft_jobs/CH3COOH_Cu100/beef_vdw/OUTCAR,vasp_slab/Cu100/beef_vdw/OUTCAR,vasp_mol/CH3COOH/beef_vdw/OUTCAR
beef_vdw,CH3COOH_Cu110,Cu110,CH3COOH,dft_jobs,-41.96170405,29.98519073,-40.5783371,,bad_reference,non-physical total energy (>= 0): E_slab=29.98519073,complex: converged; slab: converged; molecule: converged,false,dft_jobs/CH3COOH_Cu110/beef_vdw/OUTCAR,vasp_slab/Cu110/beef_vdw/OUTCAR,vasp_mol/CH3COOH/beef_vdw/OUTCAR
beef_vdw,CH3COOH_Cu111,Cu111,CH3COOH,dft_jobs,-55.69479653,67.05686544,-40.5783371,,bad_reference,non-physical total energy (>= 0): E_slab=67.05686544,complex: converged; slab: converged; molecule: converged,false,dft_jobs/CH3COOH_Cu111/beef_vdw/OUTCAR,vasp_slab/Cu111/beef_vdw/OUTCAR,vasp_mol/CH3COOH/beef_vdw/OUTCAR
beef_vdw,CH3COOH_Ir100,Ir100,CH3COOH,dft_jobs,-224.49790804,-183.01756659,-40.5783371,-0.9020043499999986,ok,,complex: converged; slab: converged; molecule: converged,true,dft_jobs/CH3COOH_Ir100/beef_vdw/OUTCAR,vasp_slab/Ir100/beef_vdw/OUTCAR,vasp_mol/CH3COOH/beef_vdw/OUTCAR
beef_vdw,CH3COOH_Ir110,Ir110,CH3COOH,dft_jobs,-152.93771353,-111.25249754,-40.5783371,-1.1068788900000044,ok,,complex: converged; slab: converged; molecule: converged,true,dft_jobs/CH3COOH_Ir110/beef_vdw/OUTCAR,vasp_slab/Ir110/beef_vdw/OUTCAR,vasp_mol/CH3COOH/beef_vdw/OUTCAR
beef_vdw,CH3COOH_Ir111,Ir111,CH3COOH,dft_jobs,-380.73155679,-339.48696992,-40.5783371,-0.6662497700000358,ok,,complex: converged; slab: converged; molecule: converged,true,dft_jobs/CH3COOH_Ir111/beef_vdw/OUTCAR,vasp_slab/Ir111/beef_vdw/OUTCAR,vasp_mol/CH3COOH/beef_vdw/OUTCAR
beef_vdw,CH3COOH_Pd100,Pd100,CH3COOH,dft_jobs,-94.42658545,-35.42003857,-40.5783371,,bad_reference,implausible E_ads=-18.428 eV (|E_ads| > 5.0 eV),complex: converged; slab: converged; molecule: converged,false,dft_jobs/CH3COOH_Pd100/beef_vdw/OUTCAR,vasp_slab/Pd100/beef_vdw/OUTCAR,vasp_mol/CH3COOH/beef_vdw/OUTCAR
beef_vdw,CH3COOH_Pd110,Pd110,CH3COOH,dft_jobs,-70.67749997,-17.56332055,-40.5783371,,bad_reference,implausible E_ads=-12.536 eV (|E_ads| > 5.0 eV),complex: converged; slab: converged; molecule: converged,false,dft_jobs/CH3COOH_Pd110/beef_vdw/OUTCAR,vasp_slab/Pd110/beef_vdw/OUTCAR,vasp_mol/CH3COOH/beef_vdw/OUTCAR
beef_vdw,CH3COOH_Pd111,Pd111,CH3COOH,dft_jobs,-96.61721105,-66.44447778,-40.5783371,,slab_mismatch,"slab size mismatch: job has 36 Pd, reference has 64 Pd",complex: converged; slab: converged; molecule: converged,false,dft_jobs/CH3COOH_Pd111/beef_vdw/OUTCAR,vasp_slab/Pd111/beef_vdw/OUTCAR,vasp_mol/CH3COOH/beef_vdw/OUTCAR
beef_vdw,CH3COOH_Pt100,Pt100,CH3COOH,dft_jobs,-135.1497349,-60.04329946,-40.5783371,,bad_reference,implausible E_ads=-34.528 eV (|E_ads| > 5.0 eV),complex: converged; slab: converged; molecule: converged,false,dft_jobs/CH3COOH_Pt100/beef_vdw/OUTCAR,vasp_slab/Pt100/beef_vdw/OUTCAR,vasp_mol/CH3COOH/beef_vdw/OUTCAR
beef_vdw,CH3COOH_Pt110,Pt110,CH3COOH,dft_jobs,-96.65913329,-32.67956866,-40.5783371,,bad_reference,implausible E_ads=-23.401 eV (|E_ads| > 5.0 eV),complex: converged; slab: converged; molecule: converged,false,dft_jobs/CH3COOH_Pt110/beef_vdw/OUTCAR,vasp_slab/Pt110/beef_vdw/OUTCAR,vasp_mol/CH3COOH/beef_vdw/OUTCAR
beef_vdw,CH3COOH_Pt111_top,Pt111,CH3COOH,dft_jobs,,-115.71905359,-40.5783371,,error,slab+mol: OUTCAR not found: dft_jobs/CH3COOH_Pt111_top/beef_vdw/OUTCAR,complex: missing; slab: converged; molecule: converged,false,dft_jobs/CH3COOH_Pt111_top/beef_vdw/OUTCAR,vasp_slab/Pt111/beef_vdw/OUTCAR,vasp_mol/CH3COOH/beef_vdw/OUTCAR
beef_vdw,CH3COOH_Rh100,Rh100,CH3COOH,dft_jobs,-171.94082711,-104.08110193,-40.5783371,,bad_reference,implausible E_ads=-27.281 eV (|E_ads| > 5.0 eV),complex: converged; slab: converged; molecule: converged,false,dft_jobs/CH3COOH_Rh100/beef_vdw/OUTCAR,vasp_slab/Rh100/beef_vdw/OUTCAR,vasp_mol/CH3COOH/beef_vdw/OUTCAR
beef_vdw,CH3COOH_Rh110,Rh110,CH3COOH,dft_jobs,-120.13940181,-61.02501679,-40.5783371,,bad_reference,implausible E_ads=-18.536 eV (|E_ads| > 5.0 eV),complex: converged; slab: converged; molecule: converged,false,dft_jobs/CH3COOH_Rh110/beef_vdw/OUTCAR,vasp_slab/Rh110/beef_vdw/OUTCAR,vasp_mol/CH3COOH/beef_vdw/OUTCAR
beef_vdw,CH3COOH_Rh111,Rh111,CH3COOH,dft_jobs,-280.99036142,-192.72273486,-40.5783371,,bad_reference,implausible E_ads=-47.689 eV (|E_ads| > 5.0 eV),complex: converged; slab: converged; molecule: converged,false,dft_jobs/CH3COOH_Rh111/beef_vdw/OUTCAR,vasp_slab/Rh111/beef_vdw/OUTCAR,vasp_mol/CH3COOH/beef_vdw/OUTCAR
beef_vdw,CH3OCH3_Ag100,Ag100,CH3OCH3,dft_jobs,-9.51283954,58.04168493,-42.29312929,,bad_reference,non-physical total energy (>= 0): E_slab=58.04168493,complex: converged; slab: converged; molecule: converged,false,dft_jobs/CH3OCH3_Ag100/beef_vdw/OUTCAR,vasp_slab/Ag100/beef_vdw/OUTCAR,vasp_mol/CH3OCH3/beef_vdw/OUTCAR
beef_vdw,CH3OCH3_Ag110,Ag110,CH3OCH3,dft_jobs,-17.66264607,41.61140369,-42.29312929,,bad_reference,non-physical total energy (>= 0): E_slab=41.61140369,complex: converged; slab: converged; molecule: converged,false,dft_jobs/CH3OCH3_Ag110/beef_vdw/OUTCAR,vasp_slab/Ag110/beef_vdw/OUTCAR,vasp_mol/CH3OCH3/beef_vdw/OUTCAR
beef_vdw,CH3OCH3_Ag111,Ag111,CH3OCH3,dft_jobs,-10.6532005,101.69997001,-42.29312929,,slab_mismatch,"slab size mismatch: job has 36 Ag, reference has 64 Ag",complex: converged; slab: converged; molecule: converged,false,dft_jobs/CH3OCH3_Ag111/beef_vdw/OUTCAR,vasp_slab/Ag111/beef_vdw/OUTCAR,vasp_mol/CH3OCH3/beef_vdw/OUTCAR
beef_vdw,CH3OCH3_Au100,Au100,CH3OCH3,dft_jobs,-37.63828483,2.61952143,-42.29312929,,slab_mismatch,"slab size mismatch: job has 64 Au, reference has 36 Au",complex: converged; slab: converged; molecule: converged,false,dft_jobs/CH3OCH3_Au100/beef_vdw/OUTCAR,vasp_slab/Au100/beef_vdw/OUTCAR,vasp_mol/CH3OCH3/beef_vdw/OUTCAR
beef_vdw,CH3OCH3_Au110,Au110,CH3OCH3,dft_jobs,-29.6254461,4.35535241,-42.29312929,,slab_mismatch,"slab size mismatch: job has 64 Au, reference has 24 Au",complex: converged; slab: converged; molecule: converged,false,dft_jobs/CH3OCH3_Au110/beef_vdw/OUTCAR,vasp_slab/Au110/beef_vdw/OUTCAR,vasp_mol/CH3OCH3/beef_vdw/OUTCAR
beef_vdw,CH3OCH3_Au111,Au111,CH3OCH3,dft_jobs,-41.75642931,1.22708835,-42.29312929,,slab_mismatch,"slab size mismatch: job has 36 Au, reference has 64 Au",complex: converged; slab: converged; molecule: converged,false,dft_jobs/CH3OCH3_Au111/beef_vdw/OUTCAR,vasp_slab/Au111/beef_vdw/OUTCAR,vasp_mol/CH3OCH3/beef_vdw/OUTCAR
beef_vdw,CH3OCH3_Cu100,Cu100,CH3OCH3,dft_jobs,-53.35577166,885.16340624,-42.29312929,,bad_reference,non-physical total energy (>= 0): E_slab=885.16340624,complex: converged; slab: unfinished; molecule: converged,false,dft_jobs/CH3OCH3_Cu100/beef_vdw/OUTCAR,vasp_slab/Cu100/beef_vdw/OUTCAR,vasp_mol/CH3OCH3/beef_vdw/OUTCAR
beef_vdw,CH3OCH3_Cu110,Cu110,CH3OCH3,dft_jobs,-43.59707795,29.98519073,-42.29312929,,bad_reference,non-physical total energy (>= 0): E_slab=29.98519073,complex: converged; slab: converged; molecule: converged,false,dft_jobs/CH3OCH3_Cu110/beef_vdw/OUTCAR,vasp_slab/Cu110/beef_vdw/OUTCAR,vasp_mol/CH3OCH3/beef_vdw/OUTCAR
beef_vdw,CH3OCH3_Cu111,Cu111,CH3OCH3,dft_jobs,-57.33503186,67.05686544,-42.29312929,,bad_reference,non-physical total energy (>= 0): E_slab=67.05686544,complex: converged; slab: converged; molecule: converged,false,dft_jobs/CH3OCH3_Cu111/beef_vdw/OUTCAR,vasp_slab/Cu111/beef_vdw/OUTCAR,vasp_mol/CH3OCH3/beef_vdw/OUTCAR
beef_vdw,CH3OCH3_Ir100,Ir100,CH3OCH3,dft_jobs,-226.04697427,-183.01756659,-42.29312929,-0.7362783899999883,ok,,complex: converged; slab: converged; molecule: converged,true,dft_jobs/CH3OCH3_Ir100/beef_vdw/OUTCAR,vasp_slab/Ir100/beef_vdw/OUTCAR,vasp_mol/CH3OCH3/beef_vdw/OUTCAR
beef_vdw,CH3OCH3_Ir110,Ir110,CH3OCH3,dft_jobs,-154.49750731,-111.25249754,-42.29312929,-0.9518804800000069,ok,,complex: converged; slab: converged; molecule: converged,true,dft_jobs/CH3OCH3_Ir110/beef_vdw/OUTCAR,vasp_slab/Ir110/beef_vdw/OUTCAR,vasp_mol/CH3OCH3/beef_vdw/OUTCAR
beef_vdw,CH3OCH3_Ir111,Ir111,CH3OCH3,dft_jobs,-382.4064803,-339.48696992,-42.29312929,-0.6263810900000166,ok,,complex: converged; slab: converged; molecule: converged,true,dft_jobs/CH3OCH3_Ir111/beef_vdw/OUTCAR,vasp_slab/Ir111/beef_vdw/OUTCAR,vasp_mol/CH3OCH3/beef_vdw/OUTCAR
beef_vdw,CH3OCH3_Pd100,Pd100,CH3OCH3,dft_jobs,-96.062015,-35.42003857,-42.29312929,,bad_reference,implausible E_ads=-18.349 eV (|E_ads| > 5.0 eV),complex: converged; slab: converged; molecule: converged,false,dft_jobs/CH3OCH3_Pd100/beef_vdw/OUTCAR,vasp_slab/Pd100/beef_vdw/OUTCAR,vasp_mol/CH3OCH3/beef_vdw/OUTCAR
beef_vdw,CH3OCH3_Pd110,Pd110,CH3OCH3,dft_jobs,-72.31149302,-17.56332055,-42.29312929,,bad_reference,implausible E_ads=-12.455 eV (|E_ads| > 5.0 eV),complex: converged; slab: converged; molecule: converged,false,dft_jobs/CH3OCH3_Pd110/beef_vdw/OUTCAR,vasp_slab/Pd110/beef_vdw/OUTCAR,vasp_mol/CH3OCH3/beef_vdw/OUTCAR
beef_vdw,CH3OCH3_Pd111,Pd111,CH3OCH3,dft_jobs,-98.31507969,-66.44447778,-42.29312929,,slab_mismatch,"slab size mismatch: job has 36 Pd, reference has 64 Pd",complex: converged; slab: converged; molecule: converged,false,dft_jobs/CH3OCH3_Pd111/beef_vdw/OUTCAR,vasp_slab/Pd111/beef_vdw/OUTCAR,vasp_mol/CH3OCH3/beef_vdw/OUTCAR
beef_vdw,CH3OCH3_Pt100,Pt100,CH3OCH3,dft_jobs,-136.82321558,-60.04329946,-42.29312929,,bad_reference,implausible E_ads=-34.487 eV (|E_ads| > 5.0 eV),complex: converged; slab: converged; molecule: converged,false,dft_jobs/CH3OCH3_Pt100/beef_vdw/OUTCAR,vasp_slab/Pt100/beef_vdw/OUTCAR,vasp_mol/CH3OCH3/beef_vdw/OUTCAR
beef_vdw,CH3OCH3_Pt110,Pt110,CH3OCH3,dft_jobs,-98.30014427,-32.67956866,-42.29312929,,bad_reference,implausible E_ads=-23.327 eV (|E_ads| > 5.0 eV),complex: converged; slab: converged; molecule: converged,false,dft_jobs/CH3OCH3_Pt110/beef_vdw/OUTCAR,vasp_slab/Pt110/beef_vdw/OUTCAR,vasp_mol/CH3OCH3/beef_vdw/OUTCAR
beef_vdw,CH3OCH3_Rh100,Rh100,CH3OCH3,dft_jobs,-173.45373237,-104.08110193,-42.29312929,,bad_reference,implausible E_ads=-27.080 eV (|E_ads| > 5.0 eV),complex: converged; slab: converged; molecule: converged,false,dft_jobs/CH3OCH3_Rh100/beef_vdw/OUTCAR,vasp_slab/Rh100/beef_vdw/OUTCAR,vasp_mol/CH3OCH3/beef_vdw/OUTCAR
beef_vdw,CH3OCH3_Rh110,Rh110,CH3OCH3,dft_jobs,-121.71505347,-61.02501679,-42.29312929,,bad_reference,implausible E_ads=-18.397 eV (|E_ads| > 5.0 eV),complex: converged; slab: converged; molecule: converged,false,dft_jobs/CH3OCH3_Rh110/beef_vdw/OUTCAR,vasp_slab/Rh110/beef_vdw/OUTCAR,vasp_mol/CH3OCH3/beef_vdw/OUTCAR
beef_vdw,CH3OCH3_Rh111,Rh111,CH3OCH3,dft_jobs,-282.62275954,-192.72273486,-42.29312929,,bad_reference,implausible E_ads=-47.607 eV (|E_ads| > 5.0 eV),complex: converged; slab: converged; molecule: converged,false,dft_jobs/CH3OCH3_Rh111/beef_vdw/OUTCAR,vasp_slab/Rh111/beef_vdw/OUTCAR,vasp_mol/CH3OCH3/beef_vdw/OUTCAR
beef_vdw,CH3OH_Ag100,Ag100,CH3OH,dft_jobs,5.53386602,58.04168493,-27.29404635,,bad_reference,"non-physical total energy (>= 0): E_slab_mol=5.53386602, E_slab=58.04168493",complex: converged; slab: converged; molecule: converged,false,dft_jobs/CH3OH_Ag100/beef_vdw/OUTCAR,vasp_slab/Ag100/beef_vdw/OUTCAR,vasp_mol/CH3OH/beef_vdw/OUTCAR
beef_vdw,CH3OH_Ag110,Ag110,CH3OH,dft_jobs,-2.61270873,41.61140369,-27.29404635,,bad_reference,non-physical total energy (>= 0): E_slab=41.61140369,complex: converged; slab: converged; molecule: converged,false,dft_jobs/CH3OH_Ag110/beef_vdw/OUTCAR,vasp_slab/Ag110/beef_vdw/OUTCAR,vasp_mol/CH3OH/beef_vdw/OUTCAR
beef_vdw,CH3OH_Ag111,Ag111,CH3OH,dft_jobs,4.36068159,101.69997001,-27.29404635,,slab_mismatch,"slab size mismatch: job has 36 Ag, reference has 64 Ag",complex: converged; slab: converged; molecule: converged,false,dft_jobs/CH3OH_Ag111/beef_vdw/OUTCAR,vasp_slab/Ag111/beef_vdw/OUTCAR,vasp_mol/CH3OH/beef_vdw/OUTCAR
beef_vdw,CH3OH_Au100,Au100,CH3OH,dft_jobs,-22.55782462,2.61952143,-27.29404635,,slab_mismatch,"slab size mismatch: job has 64 Au, reference has 36 Au",complex: converged; slab: converged; molecule: converged,false,dft_jobs/CH3OH_Au100/beef_vdw/OUTCAR,vasp_slab/Au100/beef_vdw/OUTCAR,vasp_mol/CH3OH/beef_vdw/OUTCAR
beef_vdw,CH3OH_Au110,Au110,CH3OH,dft_jobs,-14.60673542,4.35535241,-27.29404635,,slab_mismatch,"slab size mismatch: job has 64 Au, reference has 24 Au",complex: converged; slab: converged; molecule: converged,false,dft_jobs/CH3OH_Au110/beef_vdw/OUTCAR,vasp_slab/Au110/beef_vdw/OUTCAR,vasp_mol/CH3OH/beef_vdw/OUTCAR
beef_vdw,CH3OH_Au111,Au111,CH3OH,dft_jobs,-26.68113861,1.22708835,-27.29404635,,slab_mismatch,"slab size mismatch: job has 36 Au, reference has 64 Au",complex: converged; slab: converged; molecule: converged,false,dft_jobs/CH3OH_Au111/beef_vdw/OUTCAR,vasp_slab/Au111/beef_vdw/OUTCAR,vasp_mol/CH3OH/beef_vdw/OUTCAR
beef_vdw,CH3OH_Cu100,Cu100,CH3OH,dft_jobs,-38.32835293,885.16340624,-27.29404635,,bad_reference,non-physical total energy (>= 0): E_slab=885.16340624,complex: converged; slab: unfinished; molecule: converged,false,dft_jobs/CH3OH_Cu100/beef_vdw/OUTCAR,vasp_slab/Cu100/beef_vdw/OUTCAR,vasp_mol/CH3OH/beef_vdw/OUTCAR
beef_vdw,CH3OH_Cu110,Cu110,CH3OH,dft_jobs,-28.56822203,29.98519073,-27.29404635,,bad_reference,non-physical total energy (>= 0): E_slab=29.98519073,complex: converged; slab: converged; molecule: converged,false,dft_jobs/CH3OH_Cu110/beef_vdw/OUTCAR,vasp_slab/Cu110/beef_vdw/OUTCAR,vasp_mol/CH3OH/beef_vdw/OUTCAR
beef_vdw,CH3OH_Cu111_top,Cu111,CH3OH,dft_jobs,,67.05686544,-27.29404635,,error,slab+mol: OUTCAR not found: dft_jobs/CH3OH_Cu111_top/beef_vdw/OUTCAR,complex: missing; slab: converged; molecule: converged,false,dft_jobs/CH3OH_Cu111_top/beef_vdw/OUTCAR,vasp_slab/Cu111/beef_vdw/OUTCAR,vasp_mol/CH3OH/beef_vdw/OUTCAR
beef_vdw,CH3OH_Ir100,Ir100,CH3OH,dft_jobs,-211.05751422,-183.01756659,-27.29404635,-0.7459012800000018,ok,,complex: converged; slab: converged; molecule: converged,true,dft_jobs/CH3OH_Ir100/beef_vdw/OUTCAR,vasp_slab/Ir100/beef_vdw/OUTCAR,vasp_mol/CH3OH/beef_vdw/OUTCAR
beef_vdw,CH3OH_Ir110,Ir110,CH3OH,dft_jobs,-139.43939264,-111.25249754,-27.29404635,-0.8928487500000024,ok,,complex: converged; slab: converged; molecule: converged,true,dft_jobs/CH3OH_Ir110/beef_vdw/OUTCAR,vasp_slab/Ir110/beef_vdw/OUTCAR,vasp_mol/CH3OH/beef_vdw/OUTCAR
beef_vdw,CH3OH_Ir111,Ir111,CH3OH,dft_jobs,-367.38258523,-339.48696992,-27.29404635,-0.6015689600000407,ok,,complex: converged; slab: converged; molecule: converged,true,dft_jobs/CH3OH_Ir111/beef_vdw/OUTCAR,vasp_slab/Ir111/beef_vdw/OUTCAR,vasp_mol/CH3OH/beef_vdw/OUTCAR
beef_vdw,CH3OH_Pd100,Pd100,CH3OH,dft_jobs,-80.9810495,-35.42003857,-27.29404635,,bad_reference,implausible E_ads=-18.267 eV (|E_ads| > 5.0 eV),complex: converged; slab: converged; molecule: converged,false,dft_jobs/CH3OH_Pd100/beef_vdw/OUTCAR,vasp_slab/Pd100/beef_vdw/OUTCAR,vasp_mol/CH3OH/beef_vdw/OUTCAR
beef_vdw,CH3OH_Pd110,Pd110,CH3OH,dft_jobs,-57.26995357,-17.56332055,-27.29404635,,bad_reference,implausible E_ads=-12.413 eV (|E_ads| > 5.0 eV),complex: converged; slab: converged; molecule: converged,false,dft_jobs/CH3OH_Pd110/beef_vdw/OUTCAR,vasp_slab/Pd110/beef_vdw/OUTCAR,vasp_mol/CH3OH/beef_vdw/OUTCAR
beef_vdw,CH3OH_Pd111,Pd111,CH3OH,dft_jobs,-83.2366225,-66.44447778,-27.29404635,,slab_mismatch,"slab size mismatch: job has 36 Pd, reference has 64 Pd",complex: converged; slab: converged; molecule: converged,false,dft_jobs/CH3OH_Pd111/beef_vdw/OUTCAR,vasp_slab/Pd111/beef_vdw/OUTCAR,vasp_mol/CH3OH/beef_vdw/OUTCAR
beef_vdw,CH3OH_Pt100,Pt100,CH3OH,dft_jobs,-121.74518539,-60.04329946,-27.29404635,,bad_reference,implausible E_ads=-34.408 eV (|E_ads| > 5.0 eV),complex: converged; slab: converged; molecule: converged,false,dft_jobs/CH3OH_Pt100/beef_vdw/OUTCAR,vasp_slab/Pt100/beef_vdw/OUTCAR,vasp_mol/CH3OH/beef_vdw/OUTCAR
beef_vdw,CH3OH_Pt110,Pt110,CH3OH,dft_jobs,-83.2272484,-32.67956866,-27.29404635,,bad_reference,implausible E_ads=-23.254 eV (|E_ads| > 5.0 eV),complex: converged; slab: converged; molecule: converged,false,dft_jobs/CH3OH_Pt110/beef_vdw/OUTCAR,vasp_slab/Pt110/beef_vdw/OUTCAR,vasp_mol/CH3OH/beef_vdw/OUTCAR
beef_vdw,CH3OH_Pt111,Pt111,CH3OH,dft_jobs,-126.02547233,-115.71905359,-27.29404635,,slab_mismatch,"slab size mismatch: job has 36 Pt, reference has 64 Pt",complex: unfinished; slab: converged; molecule: converged,false,dft_jobs/CH3OH_Pt111/beef_vdw/OUTCAR,vasp_slab/Pt111/beef_vdw/OUTCAR,vasp_mol/CH3OH/beef_vdw/OUTCAR
beef_vdw,CH3OH_Rh100,Rh100,CH3OH,dft_jobs,-158.4389122,-104.08110193,-27.29404635,,bad_reference,implausible E_ads=-27.064 eV (|E_ads| > 5.0 eV),complex: converged; slab: converged; molecule: converged,false,dft_jobs/CH3OH_Rh100/beef_vdw/OUTCAR,vasp_slab/Rh100/beef_vdw/OUTCAR,vasp_mol/CH3OH/beef_vdw/OUTCAR
beef_vdw,CH3OH_Rh110,Rh110,CH3OH,dft_jobs,-106.66544175,-61.02501679,-27.29404635,,bad_reference,implausible E_ads=-18.346 eV (|E_ads| > 5.0 eV),complex: converged; slab: converged; molecule: converged,false,dft_jobs/CH3OH_Rh110/beef_vdw/OUTCAR,vasp_slab/Rh110/beef_vdw/OUTCAR,vasp_mol/CH3OH/beef_vdw/OUTCAR
beef_vdw,CH3OH_Rh111,Rh111,CH3OH,dft_jobs,,-192.72273486,-27.29404635,,error,slab+mol: OUTCAR not found: dft_jobs/CH3OH_Rh111/beef_vdw/OUTCAR,complex: missing; slab: converged; molecule: converged,false,dft_jobs/CH3OH_Rh111/beef_vdw/OUTCAR,vasp_slab/Rh111/beef_vdw/OUTCAR,vasp_mol/CH3OH/beef_vdw/OUTCAR
beef_vdw,CH3O_Ag100,Ag100,CH3O,dft_jobs,,58.04168493,,,error,slab+mol: OUTCAR not found: dft_jobs/CH3O_Ag100/beef_vdw/OUTCAR; mol: OUTCAR not found: vasp_mol/CH3O/beef_vdw/OUTCAR,complex: missing; slab: converged; molecule: missing,false,dft_jobs/CH3O_Ag100/beef_vdw/OUTCAR,vasp_slab/Ag100/beef_vdw/OUTCAR,vasp_mol/CH3O/beef_vdw/OUTCAR
beef_vdw,CH3O_Ag110,Ag110,CH3O,dft_jobs,,41.61140369,,,error,slab+mol: OUTCAR not found: dft_jobs/CH3O_Ag110/beef_vdw/OUTCAR; mol: OUTCAR not found: vasp_mol/CH3O/beef_vdw/OUTCAR,complex: missing; slab: converged; molecule: missing,false,dft_jobs/CH3O_Ag110/beef_vdw/OUTCAR,vasp_slab/Ag110/beef_vdw/OUTCAR,vasp_mol/CH3O/beef_vdw/OUTCAR
beef_vdw,CH3O_Ag111,Ag111,CH3O,dft_jobs,,101.69997001,,,error,slab+mol: OUTCAR not found: dft_jobs/CH3O_Ag111/beef_vdw/OUTCAR; mol: OUTCAR not found: vasp_mol/CH3O/beef_vdw/OUTCAR,complex: missing; slab: converged; molecule: missing,false,dft_jobs/CH3O_Ag111/beef_vdw/OUTCAR,vasp_slab/Ag111/beef_vdw/OUTCAR,vasp_mol/CH3O/beef_vdw/OUTCAR
beef_vdw,CH3O_Au100,Au100,CH3O,dft_jobs,,2.61952143,,,error,slab+mol: OUTCAR not found: dft_jobs/CH3O_Au100/beef_vdw/OUTCAR; mol: OUTCAR not found: vasp_mol/CH3O/beef_vdw/OUTCAR,complex: missing; slab: converged; molecule: missing,false,dft_jobs/CH3O_Au100/beef_vdw/OUTCAR,vasp_slab/Au100/beef_vdw/OUTCAR,vasp_mol/CH3O/beef_vdw/OUTCAR
beef_vdw,CH3O_Au110,Au110,CH3O,dft_jobs,,4.35535241,,,error,slab+mol: OUTCAR not found: dft_jobs/CH3O_Au110/beef_vdw/OUTCAR; mol: OUTCAR not found: vasp_mol/CH3O/beef_vdw/OUTCAR,complex: missing; slab: converged; molecule: missing,false,dft_jobs/CH3O_Au110/beef_vdw/OUTCAR,vasp_slab/Au110/beef_vdw/OUTCAR,vasp_mol/CH3O/beef_vdw/OUTCAR
beef_vdw,CH3O_Au111,Au111,CH3O,dft_jobs,,1.22708835,,,error,slab+mol: OUTCAR not found: dft_jobs/CH3O_Au111/beef_vdw/OUTCAR; mol: OUTCAR not found: vasp_mol/CH3O/beef_vdw/OUTCAR,complex: missing; slab: converged; molecule: missing,false,dft_jobs/CH3O_Au111/beef_vdw/OUTCAR,vasp_slab/Au111/beef_vdw/OUTCAR,vasp_mol/CH3O/beef_vdw/OUTCAR
beef_vdw,CH3O_Cu111_fcc,Cu111,CH3O,dft_jobs,,67.05686544,,,error,slab+mol: OUTCAR not found: dft_jobs/CH3O_Cu111_fcc/beef_vdw/OUTCAR; mol: OUTCAR not found: vasp_mol/CH3O/beef_vdw/OUTCAR,complex: missing; slab: converged; molecule: missing,false,dft_jobs/CH3O_Cu111_fcc/beef_vdw/OUTCAR,vasp_slab/Cu111/beef_vdw/OUTCAR,vasp_mol/CH3O/beef_vdw/OUTCAR
beef_vdw,CH3O_Ir100,Ir100,CH3O,dft_jobs,,-183.01756659,,,error,slab+mol: OUTCAR not found: dft_jobs/CH3O_Ir100/beef_vdw/OUTCAR; mol: OUTCAR not found: vasp_mol/CH3O/beef_vdw/OUTCAR,complex: missing; slab: converged; molecule: missing,false,dft_jobs/CH3O_Ir100/beef_vdw/OUTCAR,vasp_slab/Ir100/beef_vdw/OUTCAR,vasp_mol/CH3O/beef_vdw/OUTCAR
beef_vdw,CH3O_Ir110,Ir110,CH3O,dft_jobs,,-111.25249754,,,error,slab+mol: OUTCAR not found: dft_jobs/CH3O_Ir110/beef_vdw/OUTCAR; mol: OUTCAR not found: vasp_mol/CH3O/beef_vdw/OUTCAR,complex: missing; slab: converged; molecule: missing,false,dft_jobs/CH3O_Ir110/beef_vdw/OUTCAR,vasp_slab/Ir110/beef_vdw/OUTCAR,vasp_mol/CH3O/beef_vdw/OUTCAR
beef_vdw,CH3O_Ir111,Ir111,CH3O,dft_jobs,,-339.48696992,,,error,slab+mol: OUTCAR not found: dft_jobs/CH3O_Ir111/beef_vdw/OUTCAR; mol: OUTCAR not found: vasp_mol/CH3O/beef_vdw/OUTCAR,complex: missing; slab: converged; molecule: missing,false,dft_jobs/CH3O_Ir111/beef_vdw/OUTCAR,vasp_slab/Ir111/beef_vdw/OUTCAR,vasp_mol/CH3O/beef_vdw/OUTCAR
beef_vdw,CH3O_Rh100,Rh100,CH3O,dft_jobs,,-104.08110193,,,error,slab+mol: OUTCAR not found: dft_jobs/CH3O_Rh100/beef_vdw/OUTCAR; mol: OUTCAR not found: vasp_mol/CH3O/beef_vdw/OUTCAR,complex: missing; slab: converged; molecule: missing,false,dft_jobs/CH3O_Rh100/beef_vdw/OUTCAR,vasp_slab/Rh100/beef_vdw/OUTCAR,vasp_mol/CH3O/beef_vdw/OUTCAR
beef_vdw,CH3O_Rh110,Rh110,CH3O,dft_jobs,,-61.02501679,,,error,slab+mol: OUTCAR not found: dft_jobs/CH3O_Rh110/beef_vdw/OUTCAR; mol: OUTCAR not found: vasp_mol/CH3O/beef_vdw/OUTCAR,complex: missing; slab: converged; molecule: missing,false,dft_jobs/CH3O_Rh110/beef_vdw/OUTCAR,vasp_slab/Rh110/beef_vdw/OUTCAR,vasp_mol/CH3O/beef_vdw/OUTCAR
beef_vdw,CH3O_Rh111,Rh111,CH3O,dft_jobs,,-192.72273486,,,error,slab+mol: OUTCAR not found: dft_jobs/CH3O_Rh111/beef_vdw/OUTCAR; mol: OUTCAR not found: vasp_mol/CH3O/beef_vdw/OUTCAR,complex: missing; slab: converged; molecule: missing,false,dft_jobs/CH3O_Rh111/beef_vdw/OUTCAR,vasp_slab/Rh111/beef_vdw/OUTCAR,vasp_mol/CH3O/beef_vdw/OUTCAR
beef_vdw,CH3_Ag100,Ag100,CH3,dft_jobs,14.87288981,58.04168493,-17.11758718,,bad_reference,"non-physical total energy (>= 0): E_slab_mol=14.87288981, E_slab=58.04168493",complex: converged; slab: converged; molecule: converged,false,dft_jobs/CH3_Ag100/beef_vdw/OUTCAR,vasp_slab/Ag100/beef_vdw/OUTCAR,vasp_mol/CH3/beef_vdw/OUTCAR
beef_vdw,CH3_Ag110,Ag110,CH3,dft_jobs,6.83560183,41.61140369,-17.11758718,,bad_reference,"non-physical total energy (>= 0): E_slab_mol=6.83560183, E_slab=41.61140369",complex: converged; slab: converged; molecule: converged,false,dft_jobs/CH3_Ag110/beef_vdw/OUTCAR,vasp_slab/Ag110/beef_vdw/OUTCAR,vasp_mol/CH3/beef_vdw/OUTCAR
beef_vdw,CH3_Ag111,Ag111,CH3,dft_jobs,13.98390761,101.69997001,-17.11758718,,slab_mismatch,"slab size mismatch: job has 36 Ag, reference has 64 Ag",complex: converged; slab: converged; molecule: converged,false,dft_jobs/CH3_Ag111/beef_vdw/OUTCAR,vasp_slab/Ag111/beef_vdw/OUTCAR,vasp_mol/CH3/beef_vdw/OUTCAR
beef_vdw,CH3_Au100,Au100,CH3,dft_jobs,-13.34930828,2.61952143,-17.11758718,,slab_mismatch,"slab size mismatch: job has 64 Au, reference has 36 Au",complex: converged; slab: converged; molecule: converged,false,dft_jobs/CH3_Au100/beef_vdw/OUTCAR,vasp_slab/Au100/beef_vdw/OUTCAR,vasp_mol/CH3/beef_vdw/OUTCAR
beef_vdw,CH3_Au110,Au110,CH3,dft_jobs,-5.49597699,4.35535241,-17.11758718,,slab_mismatch,"slab size mismatch: job has 64 Au, reference has 24 Au",complex: converged; slab: converged; molecule: converged,false,dft_jobs/CH3_Au110/beef_vdw/OUTCAR,vasp_slab/Au110/beef_vdw/OUTCAR,vasp_mol/CH3/beef_vdw/OUTCAR
beef_vdw,CH3_Au111,Au111,CH3,dft_jobs,-17.60756025,1.22708835,-17.11758718,,slab_mismatch,"slab size mismatch: job has 36 Au, reference has 64 Au",complex: converged; slab: converged; molecule: converged,false,dft_jobs/CH3_Au111/beef_vdw/OUTCAR,vasp_slab/Au111/beef_vdw/OUTCAR,vasp_mol/CH3/beef_vdw/OUTCAR
beef_vdw,CH3_Cu100,Cu100,CH3,dft_jobs,-28.96755874,885.16340624,-17.11758718,,bad_reference,non-physical total energy (>= 0): E_slab=885.16340624,complex: converged; slab: unfinished; molecule: converged,false,dft_jobs/CH3_Cu100/beef_vdw/OUTCAR,vasp_slab/Cu100/beef_vdw/OUTCAR,vasp_mol/CH3/beef_vdw/OUTCAR
beef_vdw,CH3_Cu110,Cu110,CH3,dft_jobs,-19.51205051,29.98519073,-17.11758718,,bad_reference,non-physical total energy (>= 0): E_slab=29.98519073,complex: converged; slab: converged; molecule: converged,false,dft_jobs/CH3_Cu110/beef_vdw/OUTCAR,vasp_slab/Cu110/beef_vdw/OUTCAR,vasp_mol/CH3/beef_vdw/OUTCAR
beef_vdw,CH3_Cu111,Cu111,CH3,dft_jobs,-33.05906558,67.05686544,-17.11758718,,bad_reference,non-physical total energy (>= 0): E_slab=67.05686544,complex: converged; slab: converged; molecule: converged,false,dft_jobs/CH3_Cu111/beef_vdw/OUTCAR,vasp_slab/Cu111/beef_vdw/OUTCAR,vasp_mol/CH3/beef_vdw/OUTCAR
beef_vdw,CH3_Ir100,Ir100,CH3,dft_jobs,-202.39533855,-183.01756659,-17.11758718,-2.260184779999989,ok,,complex: converged; slab: converged; molecule: converged,true,dft_jobs/CH3_Ir100/beef_vdw/OUTCAR,vasp_slab/Ir100/beef_vdw/OUTCAR,vasp_mol/CH3/beef_vdw/OUTCAR
beef_vdw,CH3_Ir110,Ir110,CH3,dft_jobs,-130.80028769,-111.25249754,-17.11758718,-2.4302029700000105,ok,,complex: converged; slab: converged; molecule: converged,true,dft_jobs/CH3_Ir110/beef_vdw/OUTCAR,vasp_slab/Ir110/beef_vdw/OUTCAR,vasp_mol/CH3/beef_vdw/OUTCAR
beef_vdw,CH3_Ir111,Ir111,CH3,dft_jobs,-358.54558368,-339.48696992,-17.11758718,-1.9410265800000133,ok,,complex: converged; slab: converged; molecule: converged,true,dft_jobs/CH3_Ir111/beef_vdw/OUTCAR,vasp_slab/Ir111/beef_vdw/OUTCAR,vasp_mol/CH3/beef_vdw/OUTCAR
beef_vdw,CH3_Pd100,Pd100,CH3,dft_jobs,-72.11936737,-35.42003857,-17.11758718,,bad_reference,implausible E_ads=-19.582 eV (|E_ads| > 5.0 eV),complex: converged; slab: converged; molecule: converged,false,dft_jobs/CH3_Pd100/beef_vdw/OUTCAR,vasp_slab/Pd100/beef_vdw/OUTCAR,vasp_mol/CH3/beef_vdw/OUTCAR
beef_vdw,CH3_Pd110,Pd110,CH3,dft_jobs,-48.42514426,-17.56332055,-17.11758718,,bad_reference,implausible E_ads=-13.744 eV (|E_ads| > 5.0 eV),complex: converged; slab: converged; molecule: converged,false,dft_jobs/CH3_Pd110/beef_vdw/OUTCAR,vasp_slab/Pd110/beef_vdw/OUTCAR,vasp_mol/CH3/beef_vdw/OUTCAR
beef_vdw,CH3_Pd111,Pd111,CH3,dft_jobs,-74.38488216,-66.44447778,-17.11758718,,slab_mismatch,"slab size mismatch: job has 36 Pd, reference has 64 Pd",complex: converged; slab: converged; molecule: converged,false,dft_jobs/CH3_Pd111/beef_vdw/OUTCAR,vasp_slab/Pd111/beef_vdw/OUTCAR,vasp_mol/CH3/beef_vdw/OUTCAR
beef_vdw,CH3_Pt100,Pt100,CH3,dft_jobs,-113.2049032,-60.04329946,-17.11758718,,bad_reference,implausible E_ads=-36.044 eV (|E_ads| > 5.0 eV),complex: converged; slab: converged; molecule: converged,false,dft_jobs/CH3_Pt100/beef_vdw/OUTCAR,vasp_slab/Pt100/beef_vdw/OUTCAR,vasp_mol/CH3/beef_vdw/OUTCAR
beef_vdw,CH3_Pt110,Pt110,CH3,dft_jobs,-74.71762819,-32.67956866,-17.11758718,,bad_reference,implausible E_ads=-24.920 eV (|E_ads| > 5.0 eV),complex: unfinished; slab: converged; molecule: converged,false,dft_jobs/CH3_Pt110/beef_vdw/OUTCAR,vasp_slab/Pt110/beef_vdw/OUTCAR,vasp_mol/CH3/beef_vdw/OUTCAR
beef_vdw,CH3_Pt111_top,Pt111,CH3,dft_jobs,,-115.71905359,-17.11758718,,error,slab+mol: OUTCAR not found: dft_jobs/CH3_Pt111_top/beef_vdw/OUTCAR,complex: missing; slab: converged; molecule: converged,false,dft_jobs/CH3_Pt111_top/beef_vdw/OUTCAR,vasp_slab/Pt111/beef_vdw/OUTCAR,vasp_mol/CH3/beef_vdw/OUTCAR
beef_vdw,CH3_Rh100,Rh100,CH3,dft_jobs,-149.58705116,-104.08110193,-17.11758718,,bad_reference,implausible E_ads=-28.388 eV (|E_ads| > 5.0 eV),complex: converged; slab: converged; molecule: converged,false,dft_jobs/CH3_Rh100/beef_vdw/OUTCAR,vasp_slab/Rh100/beef_vdw/OUTCAR,vasp_mol/CH3/beef_vdw/OUTCAR
beef_vdw,CH3_Rh110,Rh110,CH3,dft_jobs,-97.85787493,-61.02501679,-17.11758718,,bad_reference,implausible E_ads=-19.715 eV (|E_ads| > 5.0 eV),complex: converged; slab: converged; molecule: converged,false,dft_jobs/CH3_Rh110/beef_vdw/OUTCAR,vasp_slab/Rh110/beef_vdw/OUTCAR,vasp_mol/CH3/beef_vdw/OUTCAR
beef_vdw,CH3_Rh111,Rh111,CH3,dft_jobs,-258.65683547,-192.72273486,-17.11758718,,bad_reference,implausible E_ads=-48.817 eV (|E_ads| > 5.0 eV),complex: converged; slab: converged; molecule: converged,false,dft_jobs/CH3_Rh111/beef_vdw/OUTCAR,vasp_slab/Rh111/beef_vdw/OUTCAR,vasp_mol/CH3/beef_vdw/OUTCAR
beef_vdw,CH4_Ag100,Ag100,CH4,dft_jobs,10.06158506,58.04168493,-22.98573601,,bad_reference,"non-physical total energy (>= 0): E_slab_mol=10.06158506, E_slab=58.04168493",complex: converged; slab: converged; molecule: converged,false,dft_jobs/CH4_Ag100/beef_vdw/OUTCAR,vasp_slab/Ag100/beef_vdw/OUTCAR,vasp_mol/CH4/beef_vdw/OUTCAR
beef_vdw,CH4_Ag110,Ag110,CH4,dft_jobs,1.97336956,41.61140369,-22.98573601,,bad_reference,"non-physical total energy (>= 0): E_slab_mol=1.97336956, E_slab=41.61140369",complex: converged; slab: converged; molecule: converged,false,dft_jobs/CH4_Ag110/beef_vdw/OUTCAR,vasp_slab/Ag110/beef_vdw/OUTCAR,vasp_mol/CH4/beef_vdw/OUTCAR
beef_vdw,CH4_Ag111,Ag111,CH4,dft_jobs,8.81379552,101.69997001,-22.98573601,,slab_mismatch,"slab size mismatch: job has 36 Ag, reference has 64 Ag",complex: converged; slab: converged; molecule: converged,false,dft_jobs/CH4_Ag111/beef_vdw/OUTCAR,vasp_slab/Ag111/beef_vdw/OUTCAR,vasp_mol/CH4/beef_vdw/OUTCAR
beef_vdw,CH4_Au100,Au100,CH4,dft_jobs,-18.05559703,2.61952143,-22.98573601,,slab_mismatch,"slab size mismatch: job has 64 Au, reference has 36 Au",complex: converged; slab: converged; molecule: converged,false,dft_jobs/CH4_Au100/beef_vdw/OUTCAR,vasp_slab/Au100/beef_vdw/OUTCAR,vasp_mol/CH4/beef_vdw/OUTCAR
beef_vdw,CH4_Au110,Au110,CH4,dft_jobs,-9.98507547,4.35535241,-22.98573601,,slab_mismatch,"slab size mismatch: job has 64 Au, reference has 24 Au",complex: converged; slab: converged; molecule: converged,false,dft_jobs/CH4_Au110/beef_vdw/OUTCAR,vasp_slab/Au110/beef_vdw/OUTCAR,vasp_mol/CH4/beef_vdw/OUTCAR
beef_vdw,CH4_Au111,Au111,CH4,dft_jobs,-22.28052056,1.22708835,-22.98573601,,slab_mismatch,"slab size mismatch: job has 36 Au, reference has 64 Au",complex: converged; slab: converged; molecule: converged,false,dft_jobs/CH4_Au111/beef_vdw/OUTCAR,vasp_slab/Au111/beef_vdw/OUTCAR,vasp_mol/CH4/beef_vdw/OUTCAR
beef_vdw,CH4_Cu100,Cu100,CH4,dft_jobs,-33.75427563,885.16340624,-22.98573601,,bad_reference,non-physical total energy (>= 0): E_slab=885.16340624,complex: converged; slab: unfinished; molecule: converged,false,dft_jobs/CH4_Cu100/beef_vdw/OUTCAR,vasp_slab/Cu100/beef_vdw/OUTCAR,vasp_mol/CH4/beef_vdw/OUTCAR
beef_vdw,CH4_Cu110,Cu110,CH4,dft_jobs,-23.86206775,29.98519073,-22.98573601,,bad_reference,non-physical total energy (>= 0): E_slab=29.98519073,complex: converged; slab: converged; molecule: converged,false,dft_jobs/CH4_Cu110/beef_vdw/OUTCAR,vasp_slab/Cu110/beef_vdw/OUTCAR,vasp_mol/CH4/beef_vdw/OUTCAR
beef_vdw,CH4_Cu111,Cu111,CH4,dft_jobs,-37.78932384,67.05686544,-22.98573601,,bad_reference,non-physical total energy (>= 0): E_slab=67.05686544,complex: converged; slab: converged; molecule: converged,false,dft_jobs/CH4_Cu111/beef_vdw/OUTCAR,vasp_slab/Cu111/beef_vdw/OUTCAR,vasp_mol/CH4/beef_vdw/OUTCAR
beef_vdw,CH4_Ir100,Ir100,CH4,dft_jobs,-206.2075321,-183.01756659,-22.98573601,-0.2042295000000074,ok,,complex: converged; slab: converged; molecule: converged,true,dft_jobs/CH4_Ir100/beef_vdw/OUTCAR,vasp_slab/Ir100/beef_vdw/OUTCAR,vasp_mol/CH4/beef_vdw/OUTCAR
beef_vdw,CH4_Ir110,Ir110,CH4,dft_jobs,-134.46788774,-111.25249754,-22.98573601,-0.22965419000001575,ok,,complex: converged; slab: converged; molecule: converged,true,dft_jobs/CH4_Ir110/beef_vdw/OUTCAR,vasp_slab/Ir110/beef_vdw/OUTCAR,vasp_mol/CH4/beef_vdw/OUTCAR
beef_vdw,CH4_Ir111,Ir111,CH4,dft_jobs,-362.68630941,-339.48696992,-22.98573601,-0.21360347999999973,ok,,complex: converged; slab: converged; molecule: converged,true,dft_jobs/CH4_Ir111/beef_vdw/OUTCAR,vasp_slab/Ir111/beef_vdw/OUTCAR,vasp_mol/CH4/beef_vdw/OUTCAR
beef_vdw,CH4_Pd100,Pd100,CH4,dft_jobs,-76.37287684,-35.42003857,-22.98573601,,bad_reference,implausible E_ads=-17.967 eV (|E_ads| > 5.0 eV),complex: converged; slab: converged; molecule: converged,false,dft_jobs/CH4_Pd100/beef_vdw/OUTCAR,vasp_slab/Pd100/beef_vdw/OUTCAR,vasp_mol/CH4/beef_vdw/OUTCAR
beef_vdw,CH4_Pd110,Pd110,CH4,dft_jobs,-52.55741174,-17.56332055,-22.98573601,,bad_reference,implausible E_ads=-12.008 eV (|E_ads| > 5.0 eV),complex: converged; slab: converged; molecule: converged,false,dft_jobs/CH4_Pd110/beef_vdw/OUTCAR,vasp_slab/Pd110/beef_vdw/OUTCAR,vasp_mol/CH4/beef_vdw/OUTCAR
beef_vdw,CH4_Pd111,Pd111,CH4,dft_jobs,-78.66369119,-66.44447778,-22.98573601,,slab_mismatch,"slab size mismatch: job has 36 Pd, reference has 64 Pd",complex: converged; slab: converged; molecule: converged,false,dft_jobs/CH4_Pd111/beef_vdw/OUTCAR,vasp_slab/Pd111/beef_vdw/OUTCAR,vasp_mol/CH4/beef_vdw/OUTCAR
beef_vdw,CH4_Pt100,Pt100,CH4,dft_jobs,-117.12319032,-60.04329946,-22.98573601,,bad_reference,implausible E_ads=-34.094 eV (|E_ads| > 5.0 eV),complex: converged; slab: converged; molecule: converged,false,dft_jobs/CH4_Pt100/beef_vdw/OUTCAR,vasp_slab/Pt100/beef_vdw/OUTCAR,vasp_mol/CH4/beef_vdw/OUTCAR
beef_vdw,CH4_Pt110,Pt110,CH4,dft_jobs,-78.45035199,-32.67956866,-22.98573601,,bad_reference,implausible E_ads=-22.785 eV (|E_ads| > 5.0 eV),complex: converged; slab: converged; molecule: converged,false,dft_jobs/CH4_Pt110/beef_vdw/OUTCAR,vasp_slab/Pt110/beef_vdw/OUTCAR,vasp_mol/CH4/beef_vdw/OUTCAR
beef_vdw,CH4_Pt111_top,Pt111,CH4,dft_jobs,,-115.71905359,-22.98573601,,error,slab+mol: OUTCAR not found: dft_jobs/CH4_Pt111_top/beef_vdw/OUTCAR,complex: missing; slab: converged; molecule: converged,false,dft_jobs/CH4_Pt111_top/beef_vdw/OUTCAR,vasp_slab/Pt111/beef_vdw/OUTCAR,vasp_mol/CH4/beef_vdw/OUTCAR
beef_vdw,CH4_Rh100,Rh100,CH4,dft_jobs,-153.68345922,-104.08110193,-22.98573601,,bad_reference,implausible E_ads=-26.617 eV (|E_ads| > 5.0 eV),complex: converged; slab: converged; molecule: converged,false,dft_jobs/CH4_Rh100/beef_vdw/OUTCAR,vasp_slab/Rh100/beef_vdw/OUTCAR,vasp_mol/CH4/beef_vdw/OUTCAR
beef_vdw,CH4_Rh110,Rh110,CH4,dft_jobs,-101.89161179,-61.02501679,-22.98573601,,bad_reference,implausible E_ads=-17.881 eV (|E_ads| > 5.0 eV),complex: converged; slab: converged; molecule: converged,false,dft_jobs/CH4_Rh110/beef_vdw/OUTCAR,vasp_slab/Rh110/beef_vdw/OUTCAR,vasp_mol/CH4/beef_vdw/OUTCAR
beef_vdw,CH4_Rh111,Rh111,CH4,dft_jobs,-262.87474816,-192.72273486,-22.98573601,,bad_reference,implausible E_ads=-47.166 eV (|E_ads| > 5.0 eV),complex: converged; slab: converged; molecule: converged,false,dft_jobs/CH4_Rh111/beef_vdw/OUTCAR,vasp_slab/Rh111/beef_vdw/OUTCAR,vasp_mol/CH4/beef_vdw/OUTCAR
beef_vdw,CO2_Ag100,Ag100,CO2,dft_jobs,42.12965136,58.04168493,-17.92062482,,slab_mismatch,"slab size mismatch: job has 64 Ag, reference has 36 Ag",complex: converged; slab: converged; molecule: converged,false,dft_jobs/CO2_Ag100/beef_vdw/OUTCAR,vasp_slab/Ag100/beef_vdw/OUTCAR,vasp_mol/CO2/beef_vdw/OUTCAR
beef_vdw,CO2_Ag110,Ag110,CO2,dft_jobs,6.93469787,41.61140369,-17.92062482,,bad_reference,"non-physical total energy (>= 0): E_slab_mol=6.93469787, E_slab=41.61140369",complex: converged; slab: converged; molecule: converged,false,dft_jobs/CO2_Ag110/beef_vdw/OUTCAR,vasp_slab/Ag110/beef_vdw/OUTCAR,vasp_mol/CO2/beef_vdw/OUTCAR
beef_vdw,CO2_Ag111,Ag111,CO2,dft_jobs,39.29988648,101.69997001,-17.92062482,,bad_reference,"non-physical total energy (>= 0): E_slab_mol=39.29988648, E_slab=101.69997001",complex: converged; slab: converged; molecule: converged,false,dft_jobs/CO2_Ag111/beef_vdw/OUTCAR,vasp_slab/Ag111/beef_vdw/OUTCAR,vasp_mol/CO2/beef_vdw/OUTCAR
beef_vdw,CO2_Au100,Au100,CO2,dft_jobs,-13.0464864,2.61952143,-17.92062482,,slab_mismatch,"slab size mismatch: job has 64 Au, reference has 36 Au",complex: converged; slab: converged; molecule: converged,false,dft_jobs/CO2_Au100/beef_vdw/OUTCAR,vasp_slab/Au100/beef_vdw/OUTCAR,vasp_mol/CO2/beef_vdw/OUTCAR
beef_vdw,CO2_Au110,Au110,CO2,dft_jobs,-5.04000532,4.35535241,-17.92062482,,slab_mismatch,"slab size mismatch: job has 64 Au, reference has 24 Au",complex: unfinished; slab: converged; molecule: converged,false,dft_jobs/CO2_Au110/beef_vdw/OUTCAR,vasp_slab/Au110/beef_vdw/OUTCAR,vasp_mol/CO2/beef_vdw/OUTCAR
beef_vdw,CO2_Au111,Au111,CO2,dft_jobs,-16.99008462,1.22708835,-17.92062482,,bad_reference,non-physical total energy (>= 0): E_slab=1.22708835,complex: unfinished; slab: converged; molecule: converged,false,dft_jobs/CO2_Au111/beef_vdw/OUTCAR,vasp_slab/Au111/beef_vdw/OUTCAR,vasp_mol/CO2/beef_vdw/OUTCAR
beef_vdw,CO2_Cu100,Cu100,CO2,dft_jobs,-28.73987627,885.16340624,-17.92062482,,bad_reference,non-physical total energy (>= 0): E_slab=885.16340624,complex: converged; slab: unfinished; molecule: converged,false,dft_jobs/CO2_Cu100/beef_vdw/OUTCAR,vasp_slab/Cu100/beef_vdw/OUTCAR,vasp_mol/CO2/beef_vdw/OUTCAR
beef_vdw,CO2_Cu110,Cu110,CO2,dft_jobs,-18.88302239,29.98519073,-17.92062482,,bad_reference,non-physical total energy (>= 0): E_slab=29.98519073,complex: converged; slab: converged; molecule: converged,false,dft_jobs/CO2_Cu110/beef_vdw/OUTCAR,vasp_slab/Cu110/beef_vdw/OUTCAR,vasp_mol/CO2/beef_vdw/OUTCAR
beef_vdw,CO2_Cu111_top,Cu111,CO2,dft_jobs,,67.05686544,-17.92062482,,error,slab+mol: OUTCAR not found: dft_jobs/CO2_Cu111_top/beef_vdw/OUTCAR,complex: missing; slab: converged; molecule: converged,false,dft_jobs/CO2_Cu111_top/beef_vdw/OUTCAR,vasp_slab/Cu111/beef_vdw/OUTCAR,vasp_mol/CO2/beef_vdw/OUTCAR
beef_vdw,CO2_Ir100,Ir100,CO2,dft_jobs,-201.20506352,-183.01756659,-17.92062482,-0.26687211000000843,ok,,complex: converged; slab: converged; molecule: converged,true,dft_jobs/CO2_Ir100/beef_vdw/OUTCAR,vasp_slab/Ir100/beef_vdw/OUTCAR,vasp_mol/CO2/beef_vdw/OUTCAR
beef_vdw,CO2_Ir110,Ir110,CO2,dft_jobs,-129.480153,-111.25249754,-17.92062482,-0.3070306400000078,ok,,complex: converged; slab: converged; molecule: converged,true,dft_jobs/CO2_Ir110/beef_vdw/OUTCAR,vasp_slab/Ir110/beef_vdw/OUTCAR,vasp_mol/CO2/beef_vdw/OUTCAR
beef_vdw,CO2_Ir111,Ir111,CO2,dft_jobs,-357.66800596,-339.48696992,-17.92062482,-0.26041122000003725,ok,,complex: converged; slab: converged; molecule: converged,true,dft_jobs/CO2_Ir111/beef_vdw/OUTCAR,vasp_slab/Ir111/beef_vdw/OUTCAR,vasp_mol/CO2/beef_vdw/OUTCAR
beef_vdw,CO2_Pd100,Pd100,CO2,dft_jobs,-112.28276932,-35.42003857,-17.92062482,,slab_mismatch,"slab size mismatch: job has 64 Pd, reference has 36 Pd",complex: converged; slab: converged; molecule: converged,false,dft_jobs/CO2_Pd100/beef_vdw/OUTCAR,vasp_slab/Pd100/beef_vdw/OUTCAR,vasp_mol/CO2/beef_vdw/OUTCAR
beef_vdw,CO2_Pd110,Pd110,CO2,dft_jobs,-47.57311532,-17.56332055,-17.92062482,,bad_reference,implausible E_ads=-12.089 eV (|E_ads| > 5.0 eV),complex: converged; slab: converged; molecule: converged,false,dft_jobs/CO2_Pd110/beef_vdw/OUTCAR,vasp_slab/Pd110/beef_vdw/OUTCAR,vasp_mol/CO2/beef_vdw/OUTCAR
beef_vdw,CO2_Pd111,Pd111,CO2,dft_jobs,-116.27843616,-66.44447778,-17.92062482,,bad_reference,implausible E_ads=-31.913 eV (|E_ads| > 5.0 eV),complex: converged; slab: converged; molecule: converged,false,dft_jobs/CO2_Pd111/beef_vdw/OUTCAR,vasp_slab/Pd111/beef_vdw/OUTCAR,vasp_mol/CO2/beef_vdw/OUTCAR
beef_vdw,CO2_Pt100,Pt100,CO2,dft_jobs,-186.32118167,-60.04329946,-17.92062482,,slab_mismatch,"slab size mismatch: job has 64 Pt, reference has 36 Pt",complex: converged; slab: converged; molecule: converged,false,dft_jobs/CO2_Pt100/beef_vdw/OUTCAR,vasp_slab/Pt100/beef_vdw/OUTCAR,vasp_mol/CO2/beef_vdw/OUTCAR
beef_vdw,CO2_Pt110,Pt110,CO2,dft_jobs,-73.42837192,-32.67956866,-17.92062482,,bad_reference,implausible E_ads=-22.828 eV (|E_ads| > 5.0 eV),complex: converged; slab: converged; molecule: converged,false,dft_jobs/CO2_Pt110/beef_vdw/OUTCAR,vasp_slab/Pt110/beef_vdw/OUTCAR,vasp_mol/CO2/beef_vdw/OUTCAR
beef_vdw,CO2_Pt111,Pt111,CO2,dft_jobs,-194.06481618,-115.71905359,-17.92062482,,bad_reference,implausible E_ads=-60.425 eV (|E_ads| > 5.0 eV),complex: converged; slab: converged; molecule: converged,false,dft_jobs/CO2_Pt111/beef_vdw/OUTCAR,vasp_slab/Pt111/beef_vdw/OUTCAR,vasp_mol/CO2/beef_vdw/OUTCAR
beef_vdw,CO2_Rh100,Rh100,CO2,dft_jobs,-148.00267935,-104.08110193,-17.92062482,,bad_reference,implausible E_ads=-26.001 eV (|E_ads| > 5.0 eV),complex: unfinished; slab: converged; molecule: converged,false,dft_jobs/CO2_Rh100/beef_vdw/OUTCAR,vasp_slab/Rh100/beef_vdw/OUTCAR,vasp_mol/CO2/beef_vdw/OUTCAR
beef_vdw,CO2_Rh110,Rh110,CO2,dft_jobs,-96.8928261,-61.02501679,-17.92062482,,bad_reference,implausible E_ads=-17.947 eV (|E_ads| > 5.0 eV),complex: converged; slab: converged; molecule: converged,false,dft_jobs/CO2_Rh110/beef_vdw/OUTCAR,vasp_slab/Rh110/beef_vdw/OUTCAR,vasp_mol/CO2/beef_vdw/OUTCAR
beef_vdw,CO2_Rh111,Rh111,CO2,dft_jobs,-257.87093626,-192.72273486,-17.92062482,,bad_reference,implausible E_ads=-47.228 eV (|E_ads| > 5.0 eV),complex: converged; slab: converged; molecule: converged,false,dft_jobs/CO2_Rh111/beef_vdw/OUTCAR,vasp_slab/Rh111/beef_vdw/OUTCAR,vasp_mol/CO2/beef_vdw/OUTCAR
beef_vdw,CO_Ag100,Ag100,CO,dft_jobs,21.18032459,58.04168493,-11.73317631,,bad_reference,"non-physical total energy (>= 0): E_slab_mol=21.18032459, E_slab=58.04168493",complex: unfinished; slab: converged; molecule: converged,false,dft_jobs/CO_Ag100/beef_vdw/OUTCAR,vasp_slab/Ag100/beef_vdw/OUTCAR,vasp_mol/CO/beef_vdw/OUTCAR
beef_vdw,CO_Ag110,Ag110,CO,dft_jobs,13.08661467,41.61140369,-11.73317631,,bad_reference,"non-physical total energy (>= 0): E_slab_mol=13.08661467, E_slab=41.61140369",complex: converged; slab: converged; molecule: converged,false,dft_jobs/CO_Ag110/beef_vdw/OUTCAR,vasp_slab/Ag110/beef_vdw/OUTCAR,vasp_mol/CO/beef_vdw/OUTCAR
beef_vdw,CO_Ag111,Ag111,CO,dft_jobs,20.09711652,101.69997001,-11.73317631,,slab_mismatch,"slab size mismatch: job has 36 Ag, reference has 64 Ag",complex: converged; slab: converged; molecule: converged,false,dft_jobs/CO_Ag111/beef_vdw/OUTCAR,vasp_slab/Ag111/beef_vdw/OUTCAR,vasp_mol/CO/beef_vdw/OUTCAR
beef_vdw,CO_Au100,Au100,CO,dft_jobs,-6.98606679,2.61952143,-11.73317631,,slab_mismatch,"slab size mismatch: job has 64 Au, reference has 36 Au",complex: converged; slab: converged; molecule: converged,false,dft_jobs/CO_Au100/beef_vdw/OUTCAR,vasp_slab/Au100/beef_vdw/OUTCAR,vasp_mol/CO/beef_vdw/OUTCAR
beef_vdw,CO_Au110,Au110,CO,dft_jobs,0.81036977,4.35535241,-11.73317631,,slab_mismatch,"slab size mismatch: job has 64 Au, reference has 24 Au",complex: unfinished; slab: converged; molecule: converged,false,dft_jobs/CO_Au110/beef_vdw/OUTCAR,vasp_slab/Au110/beef_vdw/OUTCAR,vasp_mol/CO/beef_vdw/OUTCAR
beef_vdw,CO_Au111,Au111,CO,dft_jobs,-10.85594416,1.22708835,-11.73317631,,slab_mismatch,"slab size mismatch: job has 36 Au, reference has 64 Au",complex: converged; slab: converged; molecule: converged,false,dft_jobs/CO_Au111/beef_vdw/OUTCAR,vasp_slab/Au111/beef_vdw/OUTCAR,vasp_mol/CO/beef_vdw/OUTCAR
beef_vdw,CO_Cu100,Cu100,CO,dft_jobs,-22.97690264,885.16340624,-11.73317631,,bad_reference,non-physical total energy (>= 0): E_slab=885.16340624,complex: converged; slab: unfinished; molecule: converged,false,dft_jobs/CO_Cu100/beef_vdw/OUTCAR,vasp_slab/Cu100/beef_vdw/OUTCAR,vasp_mol/CO/beef_vdw/OUTCAR
beef_vdw,CO_Cu110,Cu110,CO,dft_jobs,-13.29488865,29.98519073,-11.73317631,,bad_reference,non-physical total energy (>= 0): E_slab=29.98519073,complex: unfinished; slab: converged; molecule: converged,false,dft_jobs/CO_Cu110/beef_vdw/OUTCAR,vasp_slab/Cu110/beef_vdw/OUTCAR,vasp_mol/CO/beef_vdw/OUTCAR
beef_vdw,CO_Cu111_atop,Cu111,CO,dft_jobs,,67.05686544,-11.73317631,,error,slab+mol: OUTCAR not found: dft_jobs/CO_Cu111_atop/beef_vdw/OUTCAR,complex: missing; slab: converged; molecule: converged,false,dft_jobs/CO_Cu111_atop/beef_vdw/OUTCAR,vasp_slab/Cu111/beef_vdw/OUTCAR,vasp_mol/CO/beef_vdw/OUTCAR
beef_vdw,CO_Ir100,Ir100,CO,dft_jobs,-196.88162659,-183.01756659,-11.73317631,-2.1308836899999957,ok,,complex: converged; slab: converged; molecule: converged,true,dft_jobs/CO_Ir100/beef_vdw/OUTCAR,vasp_slab/Ir100/beef_vdw/OUTCAR,vasp_mol/CO/beef_vdw/OUTCAR
beef_vdw,CO_Ir110,Ir110,CO,dft_jobs,-125.19482344,-111.25249754,-11.73317631,-2.209149590000001,ok,,complex: converged; slab: converged; molecule: converged,true,dft_jobs/CO_Ir110/beef_vdw/OUTCAR,vasp_slab/Ir110/beef_vdw/OUTCAR,vasp_mol/CO/beef_vdw/OUTCAR
beef_vdw,CO_Ir111,Ir111,CO,dft_jobs,-352.77010538,-339.48696992,-11.73317631,-1.5499591500000403,ok,,complex: converged; slab: converged; molecule: converged,true,dft_jobs/CO_Ir111/beef_vdw/OUTCAR,vasp_slab/Ir111/beef_vdw/OUTCAR,vasp_mol/CO/beef_vdw/OUTCAR
beef_vdw,CO_Pd100,Pd100,CO,dft_jobs,-66.70370445,-35.42003857,-11.73317631,,bad_reference,implausible E_ads=-19.550 eV (|E_ads| > 5.0 eV),complex: converged; slab: converged; molecule: converged,false,dft_jobs/CO_Pd100/beef_vdw/OUTCAR,vasp_slab/Pd100/beef_vdw/OUTCAR,vasp_mol/CO/beef_vdw/OUTCAR
beef_vdw,CO_Pd110,Pd110,CO,dft_jobs,-43.00413424,-17.56332055,-11.73317631,,bad_reference,implausible E_ads=-13.708 eV (|E_ads| > 5.0 eV),complex: converged; slab: converged; molecule: converged,false,dft_jobs/CO_Pd110/beef_vdw/OUTCAR,vasp_slab/Pd110/beef_vdw/OUTCAR,vasp_mol/CO/beef_vdw/OUTCAR
beef_vdw,CO_Pd111_fcc,Pd111,CO,dft_jobs,,-66.44447778,-11.73317631,,error,slab+mol: OUTCAR not found: dft_jobs/CO_Pd111_fcc/beef_vdw/OUTCAR,complex: missing; slab: converged; molecule: converged,false,dft_jobs/CO_Pd111_fcc/beef_vdw/OUTCAR,vasp_slab/Pd111/beef_vdw/OUTCAR,vasp_mol/CO/beef_vdw/OUTCAR
beef_vdw,CO_Pt100,Pt100,CO,dft_jobs,-107.56442595,-60.04329946,-11.73317631,,bad_reference,implausible E_ads=-35.788 eV (|E_ads| > 5.0 eV),complex: converged; slab: converged; molecule: converged,false,dft_jobs/CO_Pt100/beef_vdw/OUTCAR,vasp_slab/Pt100/beef_vdw/OUTCAR,vasp_mol/CO/beef_vdw/OUTCAR
beef_vdw,CO_Pt110,Pt110,CO,dft_jobs,-69.17660034,-32.67956866,-11.73317631,,bad_reference,implausible E_ads=-24.764 eV (|E_ads| > 5.0 eV),complex: converged; slab: converged; molecule: converged,false,dft_jobs/CO_Pt110/beef_vdw/OUTCAR,vasp_slab/Pt110/beef_vdw/OUTCAR,vasp_mol/CO/beef_vdw/OUTCAR
beef_vdw,CO_Pt111_atop,Pt111,CO,dft_jobs,,-115.71905359,-11.73317631,,error,slab+mol: OUTCAR not found: dft_jobs/CO_Pt111_atop/beef_vdw/OUTCAR,complex: missing; slab: converged; molecule: converged,false,dft_jobs/CO_Pt111_atop/beef_vdw/OUTCAR,vasp_slab/Pt111/beef_vdw/OUTCAR,vasp_mol/CO/beef_vdw/OUTCAR
beef_vdw,CO_Rh100,Rh100,CO,dft_jobs,-144.24447467,-104.08110193,-11.73317631,,bad_reference,implausible E_ads=-28.430 eV (|E_ads| > 5.0 eV),complex: converged; slab: converged; molecule: converged,false,dft_jobs/CO_Rh100/beef_vdw/OUTCAR,vasp_slab/Rh100/beef_vdw/OUTCAR,vasp_mol/CO/beef_vdw/OUTCAR
beef_vdw,CO_Rh110,Rh110,CO,dft_jobs,-92.2987499,-61.02501679,-11.73317631,,bad_reference,implausible E_ads=-19.541 eV (|E_ads| > 5.0 eV),complex: converged; slab: converged; molecule: converged,false,dft_jobs/CO_Rh110/beef_vdw/OUTCAR,vasp_slab/Rh110/beef_vdw/OUTCAR,vasp_mol/CO/beef_vdw/OUTCAR
beef_vdw,CO_Rh111,Rh111,CO,dft_jobs,-253.34817275,-192.72273486,-11.73317631,,bad_reference,implausible E_ads=-48.892 eV (|E_ads| > 5.0 eV),complex: converged; slab: converged; molecule: converged,false,dft_jobs/CO_Rh111/beef_vdw/OUTCAR,vasp_slab/Rh111/beef_vdw/OUTCAR,vasp_mol/CO/beef_vdw/OUTCAR
beef_vdw,DME_Pt111_top,Pt111,DME,dft_jobs,,-115.71905359,-42.29312929,,error,slab+mol: OUTCAR not found: dft_jobs/DME_Pt111_top/beef_vdw/OUTCAR,complex: missing; slab: converged; molecule: converged,false,dft_jobs/DME_Pt111_top/beef_vdw/OUTCAR,vasp_slab/Pt111/beef_vdw/OUTCAR,vasp_mol/DME/beef_vdw/OUTCAR
beef_vdw,H2CO_Ag100,Ag100,H2CO,dft_jobs,13.78848924,58.04168493,-19.14689259,,bad_reference,"non-physical total energy (>= 0): E_slab_mol=13.78848924, E_slab=58.04168493",complex: converged; slab: converged; molecule: converged,false,dft_jobs/H2CO_Ag100/beef_vdw/OUTCAR,vasp_slab/Ag100/beef_vdw/OUTCAR,vasp_mol/H2CO/beef_vdw/OUTCAR
beef_vdw,H2CO_Ag110,Ag110,H2CO,dft_jobs,5.64206539,41.61140369,-19.14689259,,bad_reference,"non-physical total energy (>= 0): E_slab_mol=5.64206539, E_slab=41.61140369",complex: converged; slab: converged; molecule: converged,false,dft_jobs/H2CO_Ag110/beef_vdw/OUTCAR,vasp_slab/Ag110/beef_vdw/OUTCAR,vasp_mol/H2CO/beef_vdw/OUTCAR
beef_vdw,H2CO_Ag111,Ag111,H2CO,dft_jobs,12.62023531,101.69997001,-19.14689259,,slab_mismatch,"slab size mismatch: job has 36 Ag, reference has 64 Ag",complex: converged; slab: converged; molecule: converged,false,dft_jobs/H2CO_Ag111/beef_vdw/OUTCAR,vasp_slab/Ag111/beef_vdw/OUTCAR,vasp_mol/H2CO/beef_vdw/OUTCAR
beef_vdw,H2CO_Au100,Au100,H2CO,dft_jobs,-14.33260292,2.61952143,-19.14689259,,slab_mismatch,"slab size mismatch: job has 64 Au, reference has 36 Au",complex: converged; slab: converged; molecule: converged,false,dft_jobs/H2CO_Au100/beef_vdw/OUTCAR,vasp_slab/Au100/beef_vdw/OUTCAR,vasp_mol/H2CO/beef_vdw/OUTCAR
beef_vdw,H2CO_Au110,Au110,H2CO,dft_jobs,-6.33557187,4.35535241,-19.14689259,,slab_mismatch,"slab size mismatch: job has 64 Au, reference has 24 Au",complex: converged; slab: converged; molecule: converged,false,dft_jobs/H2CO_Au110/beef_vdw/OUTCAR,vasp_slab/Au110/beef_vdw/OUTCAR,vasp_mol/H2CO/beef_vdw/OUTCAR
beef_vdw,H2CO_Au111,Au111,H2CO,dft_jobs,-18.52590643,1.22708835,-19.14689259,,slab_mismatch,"slab size mismatch: job has 36 Au, reference has 64 Au",complex: unfinished; slab: converged; molecule: converged,false,dft_jobs/H2CO_Au111/beef_vdw/OUTCAR,vasp_slab/Au111/beef_vdw/OUTCAR,vasp_mol/H2CO/beef_vdw/OUTCAR
beef_vdw,H2CO_Cu100,Cu100,H2CO,dft_jobs,-30.07175272,885.16340624,-19.14689259,,bad_reference,non-physical total energy (>= 0): E_slab=885.16340624,complex: converged; slab: unfinished; molecule: converged,false,dft_jobs/H2CO_Cu100/beef_vdw/OUTCAR,vasp_slab/Cu100/beef_vdw/OUTCAR,vasp_mol/H2CO/beef_vdw/OUTCAR
beef_vdw,H2CO_Cu110,Cu110,H2CO,dft_jobs,-20.25657039,29.98519073,-19.14689259,,bad_reference,non-physical total energy (>= 0): E_slab=29.98519073,complex: converged; slab: converged; molecule: converged,false,dft_jobs/H2CO_Cu110/beef_vdw/OUTCAR,vasp_slab/Cu110/beef_vdw/OUTCAR,vasp_mol/H2CO/beef_vdw/OUTCAR
beef_vdw,H2CO_Cu111,Cu111,H2CO,dft_jobs,-34.0745565,67.05686544,-19.14689259,,bad_reference,non-physical total energy (>= 0): E_slab=67.05686544,complex: converged; slab: converged; molecule: converged,false,dft_jobs/H2CO_Cu111/beef_vdw/OUTCAR,vasp_slab/Cu111/beef_vdw/OUTCAR,vasp_mol/H2CO/beef_vdw/OUTCAR
beef_vdw,H2CO_Ir100,Ir100,H2CO,dft_jobs,-203.49765102,-183.01756659,-19.14689259,-1.333191840000005,ok,,complex: converged; slab: converged; molecule: converged,true,dft_jobs/H2CO_Ir100/beef_vdw/OUTCAR,vasp_slab/Ir100/beef_vdw/OUTCAR,vasp_mol/H2CO/beef_vdw/OUTCAR
beef_vdw,H2CO_Ir110,Ir110,H2CO,dft_jobs,-132.27179107,-111.25249754,-19.14689259,-1.8724009400000128,ok,,complex: converged; slab: converged; molecule: converged,true,dft_jobs/H2CO_Ir110/beef_vdw/OUTCAR,vasp_slab/Ir110/beef_vdw/OUTCAR,vasp_mol/H2CO/beef_vdw/OUTCAR
beef_vdw,H2CO_Ir111,Ir111,H2CO,dft_jobs,-359.09862484,-339.48696992,-19.14689259,-0.46476233000003475,ok,,complex: converged; slab: converged; molecule: converged,true,dft_jobs/H2CO_Ir111/beef_vdw/OUTCAR,vasp_slab/Ir111/beef_vdw/OUTCAR,vasp_mol/H2CO/beef_vdw/OUTCAR
beef_vdw,H2CO_Pd100,Pd100,H2CO,dft_jobs,-73.02245483,-35.42003857,-19.14689259,,bad_reference,implausible E_ads=-18.456 eV (|E_ads| > 5.0 eV),complex: converged; slab: converged; molecule: converged,false,dft_jobs/H2CO_Pd100/beef_vdw/OUTCAR,vasp_slab/Pd100/beef_vdw/OUTCAR,vasp_mol/H2CO/beef_vdw/OUTCAR
beef_vdw,H2CO_Pd110,Pd110,H2CO,dft_jobs,-49.38119616,-17.56332055,-19.14689259,,bad_reference,implausible E_ads=-12.671 eV (|E_ads| > 5.0 eV),complex: converged; slab: converged; molecule: converged,false,dft_jobs/H2CO_Pd110/beef_vdw/OUTCAR,vasp_slab/Pd110/beef_vdw/OUTCAR,vasp_mol/H2CO/beef_vdw/OUTCAR
beef_vdw,H2CO_Pd111,Pd111,H2CO,dft_jobs,-74.97239672,-66.44447778,-19.14689259,,slab_mismatch,"slab size mismatch: job has 36 Pd, reference has 64 Pd",complex: converged; slab: converged; molecule: converged,false,dft_jobs/H2CO_Pd111/beef_vdw/OUTCAR,vasp_slab/Pd111/beef_vdw/OUTCAR,vasp_mol/H2CO/beef_vdw/OUTCAR
beef_vdw,H2CO_Pt100,Pt100,H2CO,dft_jobs,-113.79825592,-60.04329946,-19.14689259,,bad_reference,implausible E_ads=-34.608 eV (|E_ads| > 5.0 eV),complex: converged; slab: converged; molecule: converged,false,dft_jobs/H2CO_Pt100/beef_vdw/OUTCAR,vasp_slab/Pt100/beef_vdw/OUTCAR,vasp_mol/H2CO/beef_vdw/OUTCAR
beef_vdw,H2CO_Pt110,Pt110,H2CO,dft_jobs,-75.56133322,-32.67956866,-19.14689259,,bad_reference,implausible E_ads=-23.735 eV (|E_ads| > 5.0 eV),complex: converged; slab: converged; molecule: converged,false,dft_jobs/H2CO_Pt110/beef_vdw/OUTCAR,vasp_slab/Pt110/beef_vdw/OUTCAR,vasp_mol/H2CO/beef_vdw/OUTCAR
beef_vdw,H2CO_Pt111_top,Pt111,H2CO,dft_jobs,,-115.71905359,-19.14689259,,error,slab+mol: OUTCAR not found: dft_jobs/H2CO_Pt111_top/beef_vdw/OUTCAR,complex: missing; slab: converged; molecule: converged,false,dft_jobs/H2CO_Pt111_top/beef_vdw/OUTCAR,vasp_slab/Pt111/beef_vdw/OUTCAR,vasp_mol/H2CO/beef_vdw/OUTCAR
beef_vdw,H2CO_Rh100,Rh100,H2CO,dft_jobs,-150.75773748,-104.08110193,-19.14689259,,bad_reference,implausible E_ads=-27.530 eV (|E_ads| > 5.0 eV),complex: converged; slab: converged; molecule: converged,false,dft_jobs/H2CO_Rh100/beef_vdw/OUTCAR,vasp_slab/Rh100/beef_vdw/OUTCAR,vasp_mol/H2CO/beef_vdw/OUTCAR
beef_vdw,H2CO_Rh110,Rh110,H2CO,dft_jobs,-99.31802644,-61.02501679,-19.14689259,,bad_reference,implausible E_ads=-19.146 eV (|E_ads| > 5.0 eV),complex: converged; slab: converged; molecule: converged,false,dft_jobs/H2CO_Rh110/beef_vdw/OUTCAR,vasp_slab/Rh110/beef_vdw/OUTCAR,vasp_mol/H2CO/beef_vdw/OUTCAR
beef_vdw,H2CO_Rh111,Rh111,H2CO,dft_jobs,-259.79763864,-192.72273486,-19.14689259,,bad_reference,implausible E_ads=-47.928 eV (|E_ads| > 5.0 eV),complex: converged; slab: converged; molecule: converged,false,dft_jobs/H2CO_Rh111/beef_vdw/OUTCAR,vasp_slab/Rh111/beef_vdw/OUTCAR,vasp_mol/H2CO/beef_vdw/OUTCAR
beef_vdw,H2O_Ag100,Ag100,H2O,dft_jobs,20.42239222,58.04168493,-12.50331681,,bad_reference,"non-physical total energy (>= 0): E_slab_mol=20.42239222, E_slab=58.04168493",complex: unfinished; slab: converged; molecule: converged,false,dft_jobs/H2O_Ag100/beef_vdw/OUTCAR,vasp_slab/Ag100/beef_vdw/OUTCAR,vasp_mol/H2O/beef_vdw/OUTCAR
beef_vdw,H2O_Ag110,Ag110,H2O,dft_jobs,12.27982341,41.61140369,-12.50331681,,bad_reference,"non-physical total energy (>= 0): E_slab_mol=12.27982341, E_slab=41.61140369",complex: unfinished; slab: converged; molecule: converged,false,dft_jobs/H2O_Ag110/beef_vdw/OUTCAR,vasp_slab/Ag110/beef_vdw/OUTCAR,vasp_mol/H2O/beef_vdw/OUTCAR
beef_vdw,H2O_Ag111,Ag111,H2O,dft_jobs,19.25120099,101.69997001,-12.50331681,,slab_mismatch,"slab size mismatch: job has 36 Ag, reference has 64 Ag",complex: converged; slab: converged; molecule: converged,false,dft_jobs/H2O_Ag111/beef_vdw/OUTCAR,vasp_slab/Ag111/beef_vdw/OUTCAR,vasp_mol/H2O/beef_vdw/OUTCAR
beef_vdw,H2O_Au100,Au100,H2O,dft_jobs,-7.56389646,2.61952143,-12.50331681,,slab_mismatch,"slab size mismatch: job has 64 Au, reference has 36 Au",complex: converged; slab: converged; molecule: converged,false,dft_jobs/H2O_Au100/beef_vdw/OUTCAR,vasp_slab/Au100/beef_vdw/OUTCAR,vasp_mol/H2O/beef_vdw/OUTCAR
beef_vdw,H2O_Au110,Au110,H2O,dft_jobs,0.3527338,4.35535241,-12.50331681,,slab_mismatch,"slab size mismatch: job has 64 Au, reference has 24 Au",complex: unfinished; slab: converged; molecule: converged,false,dft_jobs/H2O_Au110/beef_vdw/OUTCAR,vasp_slab/Au110/beef_vdw/OUTCAR,vasp_mol/H2O/beef_vdw/OUTCAR
beef_vdw,H2O_Au111,Au111,H2O,dft_jobs,-11.75979827,1.22708835,-12.50331681,,slab_mismatch,"slab size mismatch: job has 36 Au, reference has 64 Au",complex: converged; slab: converged; molecule: converged,false,dft_jobs/H2O_Au111/beef_vdw/OUTCAR,vasp_slab/Au111/beef_vdw/OUTCAR,vasp_mol/H2O/beef_vdw/OUTCAR
beef_vdw,H2O_Cu100,Cu100,H2O,dft_jobs,-23.42057041,885.16340624,-12.50331681,,bad_reference,non-physical total energy (>= 0): E_slab=885.16340624,complex: converged; slab: unfinished; molecule: converged,false,dft_jobs/H2O_Cu100/beef_vdw/OUTCAR,vasp_slab/Cu100/beef_vdw/OUTCAR,vasp_mol/H2O/beef_vdw/OUTCAR
beef_vdw,H2O_Cu110,Cu110,H2O,dft_jobs,-13.62147091,29.98519073,-12.50331681,,bad_reference,non-physical total energy (>= 0): E_slab=29.98519073,complex: unfinished; slab: converged; molecule: converged,false,dft_jobs/H2O_Cu110/beef_vdw/OUTCAR,vasp_slab/Cu110/beef_vdw/OUTCAR,vasp_mol/H2O/beef_vdw/OUTCAR
beef_vdw,H2O_Cu111,Cu111,H2O,dft_jobs,-27.28418945,67.05686544,-12.50331681,,bad_reference,non-physical total energy (>= 0): E_slab=67.05686544,complex: converged; slab: converged; molecule: converged,false,dft_jobs/H2O_Cu111/beef_vdw/OUTCAR,vasp_slab/Cu111/beef_vdw/OUTCAR,vasp_mol/H2O/beef_vdw/OUTCAR
beef_vdw,H2O_Ir100,Ir100,H2O,dft_jobs,-196.0630305,-183.01756659,-12.50331681,-0.5421470999999958,ok,,complex: converged; slab: converged; molecule: converged,true,dft_jobs/H2O_Ir100/beef_vdw/OUTCAR,vasp_slab/Ir100/beef_vdw/OUTCAR,vasp_mol/H2O/beef_vdw/OUTCAR
beef_vdw,H2O_Ir110,Ir110,H2O,dft_jobs,-124.44151403,-111.25249754,-12.50331681,-0.6856996800000008,ok,,complex: converged; slab: converged; molecule: converged,true,dft_jobs/H2O_Ir110/beef_vdw/OUTCAR,vasp_slab/Ir110/beef_vdw/OUTCAR,vasp_mol/H2O/beef_vdw/OUTCAR
beef_vdw,H2O_Ir111,Ir111,H2O,dft_jobs,-352.4111194,-339.48696992,-12.50331681,-0.4208326700000402,ok,,complex: converged; slab: converged; molecule: converged,true,dft_jobs/H2O_Ir111/beef_vdw/OUTCAR,vasp_slab/Ir111/beef_vdw/OUTCAR,vasp_mol/H2O/beef_vdw/OUTCAR
beef_vdw,H2O_Pd100,Pd100,H2O,dft_jobs,-66.04183139,-35.42003857,-12.50331681,,bad_reference,implausible E_ads=-18.118 eV (|E_ads| > 5.0 eV),complex: converged; slab: converged; molecule: converged,false,dft_jobs/H2O_Pd100/beef_vdw/OUTCAR,vasp_slab/Pd100/beef_vdw/OUTCAR,vasp_mol/H2O/beef_vdw/OUTCAR
beef_vdw,H2O_Pd110,Pd110,H2O,dft_jobs,-42.298554,-17.56332055,-12.50331681,,bad_reference,implausible E_ads=-12.232 eV (|E_ads| > 5.0 eV),complex: unfinished; slab: converged; molecule: converged,false,dft_jobs/H2O_Pd110/beef_vdw/OUTCAR,vasp_slab/Pd110/beef_vdw/OUTCAR,vasp_mol/H2O/beef_vdw/OUTCAR
beef_vdw,H2O_Pd111,Pd111,H2O,dft_jobs,-68.30490718,-66.44447778,-12.50331681,,slab_mismatch,"slab size mismatch: job has 36 Pd, reference has 64 Pd",complex: converged; slab: converged; molecule: converged,false,dft_jobs/H2O_Pd111/beef_vdw/OUTCAR,vasp_slab/Pd111/beef_vdw/OUTCAR,vasp_mol/H2O/beef_vdw/OUTCAR
beef_vdw,H2O_Pt100,Pt100,H2O,dft_jobs,-106.78528411,-60.04329946,-12.50331681,,bad_reference,implausible E_ads=-34.239 eV (|E_ads| > 5.0 eV),complex: converged; slab: converged; molecule: converged,false,dft_jobs/H2O_Pt100/beef_vdw/OUTCAR,vasp_slab/Pt100/beef_vdw/OUTCAR,vasp_mol/H2O/beef_vdw/OUTCAR
beef_vdw,H2O_Pt110,Pt110,H2O,dft_jobs,-68.24302267,-32.67956866,-12.50331681,,bad_reference,implausible E_ads=-23.060 eV (|E_ads| > 5.0 eV),complex: converged; slab: converged; molecule: converged,false,dft_jobs/H2O_Pt110/beef_vdw/OUTCAR,vasp_slab/Pt110/beef_vdw/OUTCAR,vasp_mol/H2O/beef_vdw/OUTCAR
beef_vdw,H2O_Pt111_top,Pt111,H2O,dft_jobs,,-115.71905359,-12.50331681,,error,slab+mol: OUTCAR not found: dft_jobs/H2O_Pt111_top/beef_vdw/OUTCAR,complex: missing; slab: converged; molecule: converged,false,dft_jobs/H2O_Pt111_top/beef_vdw/OUTCAR,vasp_slab/Pt111/beef_vdw/OUTCAR,vasp_mol/H2O/beef_vdw/OUTCAR
beef_vdw,H2O_Rh100,Rh100,H2O,dft_jobs,-143.52416542,-104.08110193,-12.50331681,,bad_reference,implausible E_ads=-26.940 eV (|E_ads| > 5.0 eV),complex: converged; slab: converged; molecule: converged,false,dft_jobs/H2O_Rh100/beef_vdw/OUTCAR,vasp_slab/Rh100/beef_vdw/OUTCAR,vasp_mol/H2O/beef_vdw/OUTCAR
beef_vdw,H2O_Rh110,Rh110,H2O,dft_jobs,-91.69741483,-61.02501679,-12.50331681,,bad_reference,implausible E_ads=-18.169 eV (|E_ads| > 5.0 eV),complex: converged; slab: converged; molecule: converged,false,dft_jobs/H2O_Rh110/beef_vdw/OUTCAR,vasp_slab/Rh110/beef_vdw/OUTCAR,vasp_mol/H2O/beef_vdw/OUTCAR
beef_vdw,H2O_Rh111,Rh111,H2O,dft_jobs,-252.64140248,-192.72273486,-12.50331681,,bad_reference,implausible E_ads=-47.415 eV (|E_ads| > 5.0 eV),complex: converged; slab: converged; molecule: converged,false,dft_jobs/H2O_Rh111/beef_vdw/OUTCAR,vasp_slab/Rh111/beef_vdw/OUTCAR,vasp_mol/H2O/beef_vdw/OUTCAR
beef_vdw,H2S_Ag100,Ag100,H2S,dft_jobs,23.24361533,58.04168493,-9.61417625,,bad_reference,"non-physical total energy (>= 0): E_slab_mol=23.24361533, E_slab=58.04168493",complex: converged; slab: converged; molecule: converged,false,dft_jobs/H2S_Ag100/beef_vdw/OUTCAR,vasp_slab/Ag100/beef_vdw/OUTCAR,vasp_mol/H2S/beef_vdw/OUTCAR
beef_vdw,H2S_Ag110,Ag110,H2S,dft_jobs,15.12775796,41.61140369,-9.61417625,,bad_reference,"non-physical total energy (>= 0): E_slab_mol=15.12775796, E_slab=41.61140369",complex: converged; slab: converged; molecule: converged,false,dft_jobs/H2S_Ag110/beef_vdw/OUTCAR,vasp_slab/Ag110/beef_vdw/OUTCAR,vasp_mol/H2S/beef_vdw/OUTCAR
beef_vdw,H2S_Ag111,Ag111,H2S,dft_jobs,22.08490913,101.69997001,-9.61417625,,slab_mismatch,"slab size mismatch: job has 36 Ag, reference has 64 Ag",complex: converged; slab: converged; molecule: converged,false,dft_jobs/H2S_Ag111/beef_vdw/OUTCAR,vasp_slab/Ag111/beef_vdw/OUTCAR,vasp_mol/H2S/beef_vdw/OUTCAR
beef_vdw,H2S_Au100,Au100,H2S,dft_jobs,-4.90918161,2.61952143,-9.61417625,,slab_mismatch,"slab size mismatch: job has 64 Au, reference has 36 Au",complex: converged; slab: converged; molecule: converged,false,dft_jobs/H2S_Au100/beef_vdw/OUTCAR,vasp_slab/Au100/beef_vdw/OUTCAR,vasp_mol/H2S/beef_vdw/OUTCAR
beef_vdw,H2S_Au110,Au110,H2S,dft_jobs,3.00896528,4.35535241,-9.61417625,,slab_mismatch,"slab size mismatch: job has 64 Au, reference has 24 Au",complex: converged; slab: converged; molecule: converged,false,dft_jobs/H2S_Au110/beef_vdw/OUTCAR,vasp_slab/Au110/beef_vdw/OUTCAR,vasp_mol/H2S/beef_vdw/OUTCAR
beef_vdw,H2S_Au111,Au111,H2S,dft_jobs,-9.0330357,1.22708835,-9.61417625,,slab_mismatch,"slab size mismatch: job has 36 Au, reference has 64 Au",complex: converged; slab: converged; molecule: converged,false,dft_jobs/H2S_Au111/beef_vdw/OUTCAR,vasp_slab/Au111/beef_vdw/OUTCAR,vasp_mol/H2S/beef_vdw/OUTCAR
beef_vdw,H2S_Cu100,Cu100,H2S,dft_jobs,-20.60669906,885.16340624,-9.61417625,,bad_reference,non-physical total energy (>= 0): E_slab=885.16340624,complex: converged; slab: unfinished; molecule: converged,false,dft_jobs/H2S_Cu100/beef_vdw/OUTCAR,vasp_slab/Cu100/beef_vdw/OUTCAR,vasp_mol/H2S/beef_vdw/OUTCAR
beef_vdw,H2S_Cu110,Cu110,H2S,dft_jobs,-10.84106631,29.98519073,-9.61417625,,bad_reference,non-physical total energy (>= 0): E_slab=29.98519073,complex: converged; slab: converged; molecule: converged,false,dft_jobs/H2S_Cu110/beef_vdw/OUTCAR,vasp_slab/Cu110/beef_vdw/OUTCAR,vasp_mol/H2S/beef_vdw/OUTCAR
beef_vdw,H2S_Cu111,Cu111,H2S,dft_jobs,-24.57043453,67.05686544,-9.61417625,,bad_reference,non-physical total energy (>= 0): E_slab=67.05686544,complex: converged; slab: converged; molecule: converged,false,dft_jobs/H2S_Cu111/beef_vdw/OUTCAR,vasp_slab/Cu111/beef_vdw/OUTCAR,vasp_mol/H2S/beef_vdw/OUTCAR
beef_vdw,H2S_Ir100,Ir100,H2S,dft_jobs,-195.22226421,-183.01756659,-9.61417625,-2.5905213699999905,ok,,complex: converged; slab: converged; molecule: converged,true,dft_jobs/H2S_Ir100/beef_vdw/OUTCAR,vasp_slab/Ir100/beef_vdw/OUTCAR,vasp_mol/H2S/beef_vdw/OUTCAR
beef_vdw,H2S_Ir110,Ir110,H2S,dft_jobs,-123.62591565,-111.25249754,-9.61417625,-2.759241860000003,ok,,complex: converged; slab: converged; molecule: converged,true,dft_jobs/H2S_Ir110/beef_vdw/OUTCAR,vasp_slab/Ir110/beef_vdw/OUTCAR,vasp_mol/H2S/beef_vdw/OUTCAR
beef_vdw,H2S_Ir111,Ir111,H2S,dft_jobs,-349.99942166,-339.48696992,-9.61417625,-0.8982754900000174,ok,,complex: converged; slab: converged; molecule: converged,true,dft_jobs/H2S_Ir111/beef_vdw/OUTCAR,vasp_slab/Ir111/beef_vdw/OUTCAR,vasp_mol/H2S/beef_vdw/OUTCAR
beef_vdw,H2S_Pd100,Pd100,H2S,dft_jobs,-63.64950816,-35.42003857,-9.61417625,,bad_reference,implausible E_ads=-18.615 eV (|E_ads| > 5.0 eV),complex: converged; slab: converged; molecule: converged,false,dft_jobs/H2S_Pd100/beef_vdw/OUTCAR,vasp_slab/Pd100/beef_vdw/OUTCAR,vasp_mol/H2S/beef_vdw/OUTCAR
beef_vdw,H2S_Pd110,Pd110,H2S,dft_jobs,-39.95896046,-17.56332055,-9.61417625,,bad_reference,implausible E_ads=-12.781 eV (|E_ads| > 5.0 eV),complex: converged; slab: converged; molecule: converged,false,dft_jobs/H2S_Pd110/beef_vdw/OUTCAR,vasp_slab/Pd110/beef_vdw/OUTCAR,vasp_mol/H2S/beef_vdw/OUTCAR
beef_vdw,H2S_Pd111,Pd111,H2S,dft_jobs,-65.79516638,-66.44447778,-9.61417625,,slab_mismatch,"slab size mismatch: job has 36 Pd, reference has 64 Pd",complex: unfinished; slab: converged; molecule: converged,false,dft_jobs/H2S_Pd111/beef_vdw/OUTCAR,vasp_slab/Pd111/beef_vdw/OUTCAR,vasp_mol/H2S/beef_vdw/OUTCAR
beef_vdw,H2S_Pt100,Pt100,H2S,dft_jobs,-104.53647169,-60.04329946,-9.61417625,,bad_reference,implausible E_ads=-34.879 eV (|E_ads| > 5.0 eV),complex: converged; slab: converged; molecule: converged,false,dft_jobs/H2S_Pt100/beef_vdw/OUTCAR,vasp_slab/Pt100/beef_vdw/OUTCAR,vasp_mol/H2S/beef_vdw/OUTCAR
beef_vdw,H2S_Pt110,Pt110,H2S,dft_jobs,-67.04502832,-32.67956866,-9.61417625,,bad_reference,implausible E_ads=-24.751 eV (|E_ads| > 5.0 eV),complex: converged; slab: converged; molecule: converged,false,dft_jobs/H2S_Pt110/beef_vdw/OUTCAR,vasp_slab/Pt110/beef_vdw/OUTCAR,vasp_mol/H2S/beef_vdw/OUTCAR
beef_vdw,H2S_Pt111_top,Pt111,H2S,dft_jobs,,-115.71905359,-9.61417625,,error,slab+mol: OUTCAR not found: dft_jobs/H2S_Pt111_top/beef_vdw/OUTCAR,complex: missing; slab: converged; molecule: converged,false,dft_jobs/H2S_Pt111_top/beef_vdw/OUTCAR,vasp_slab/Pt111/beef_vdw/OUTCAR,vasp_mol/H2S/beef_vdw/OUTCAR
beef_vdw,H2S_Rh100,Rh100,H2S,dft_jobs,-143.5976223,-104.08110193,-9.61417625,,bad_reference,implausible E_ads=-29.902 eV (|E_ads| > 5.0 eV),complex: converged; slab: converged; molecule: converged,false,dft_jobs/H2S_Rh100/beef_vdw/OUTCAR,vasp_slab/Rh100/beef_vdw/OUTCAR,vasp_mol/H2S/beef_vdw/OUTCAR
beef_vdw,H2S_Rh110,Rh110,H2S,dft_jobs,-90.15183324,-61.02501679,-9.61417625,,bad_reference,implausible E_ads=-19.513 eV (|E_ads| > 5.0 eV),complex: converged; slab: converged; molecule: converged,false,dft_jobs/H2S_Rh110/beef_vdw/OUTCAR,vasp_slab/Rh110/beef_vdw/OUTCAR,vasp_mol/H2S/beef_vdw/OUTCAR
beef_vdw,H2S_Rh111,Rh111,H2S,dft_jobs,-250.22292703,-192.72273486,-9.61417625,,bad_reference,implausible E_ads=-47.886 eV (|E_ads| > 5.0 eV),complex: converged; slab: converged; molecule: converged,false,dft_jobs/H2S_Rh111/beef_vdw/OUTCAR,vasp_slab/Rh111/beef_vdw/OUTCAR,vasp_mol/H2S/beef_vdw/OUTCAR
beef_vdw,HCN_Ag100,Ag100,HCN,dft_jobs,,58.04168493,,,error,slab+mol: OUTCAR not found: dft_jobs/HCN_Ag100/beef_vdw/OUTCAR; mol: OUTCAR not found: vasp_mol/HCN/beef_vdw/OUTCAR,complex: missing; slab: converged; molecule: missing,false,dft_jobs/HCN_Ag100/beef_vdw/OUTCAR,vasp_slab/Ag100/beef_vdw/OUTCAR,vasp_mol/HCN/beef_vdw/OUTCAR
beef_vdw,HCN_Ag110,Ag110,HCN,dft_jobs,,41.61140369,,,error,slab+mol: OUTCAR not found: dft_jobs/HCN_Ag110/beef_vdw/OUTCAR; mol: OUTCAR not found: vasp_mol/HCN/beef_vdw/OUTCAR,complex: missing; slab: converged; molecule: missing,false,dft_jobs/HCN_Ag110/beef_vdw/OUTCAR,vasp_slab/Ag110/beef_vdw/OUTCAR,vasp_mol/HCN/beef_vdw/OUTCAR
beef_vdw,HCN_Ag111,Ag111,HCN,dft_jobs,,101.69997001,,,error,slab+mol: OUTCAR not found: dft_jobs/HCN_Ag111/beef_vdw/OUTCAR; mol: OUTCAR not found: vasp_mol/HCN/beef_vdw/OUTCAR,complex: missing; slab: converged; molecule: missing,false,dft_jobs/HCN_Ag111/beef_vdw/OUTCAR,vasp_slab/Ag111/beef_vdw/OUTCAR,vasp_mol/HCN/beef_vdw/OUTCAR
beef_vdw,HCN_Au100,Au100,HCN,dft_jobs,,2.61952143,,,error,slab+mol: OUTCAR not found: dft_jobs/HCN_Au100/beef_vdw/OUTCAR; mol: OUTCAR not found: vasp_mol/HCN/beef_vdw/OUTCAR,complex: missing; slab: converged; molecule: missing,false,dft_jobs/HCN_Au100/beef_vdw/OUTCAR,vasp_slab/Au100/beef_vdw/OUTCAR,vasp_mol/HCN/beef_vdw/OUTCAR
beef_vdw,HCN_Au110,Au110,HCN,dft_jobs,,4.35535241,,,error,slab+mol: OUTCAR not found: dft_jobs/HCN_Au110/beef_vdw/OUTCAR; mol: OUTCAR not found: vasp_mol/HCN/beef_vdw/OUTCAR,complex: missing; slab: converged; molecule: missing,false,dft_jobs/HCN_Au110/beef_vdw/OUTCAR,vasp_slab/Au110/beef_vdw/OUTCAR,vasp_mol/HCN/beef_vdw/OUTCAR
beef_vdw,HCN_Au111,Au111,HCN,dft_jobs,,1.22708835,,,error,slab+mol: OUTCAR not found: dft_jobs/HCN_Au111/beef_vdw/OUTCAR; mol: OUTCAR not found: vasp_mol/HCN/beef_vdw/OUTCAR,complex: missing; slab: converged; molecule: missing,false,dft_jobs/HCN_Au111/beef_vdw/OUTCAR,vasp_slab/Au111/beef_vdw/OUTCAR,vasp_mol/HCN/beef_vdw/OUTCAR
beef_vdw,HCN_Ir100,Ir100,HCN,dft_jobs,,-183.01756659,,,error,slab+mol: OUTCAR not found: dft_jobs/HCN_Ir100/beef_vdw/OUTCAR; mol: OUTCAR not found: vasp_mol/HCN/beef_vdw/OUTCAR,complex: missing; slab: converged; molecule: missing,false,dft_jobs/HCN_Ir100/beef_vdw/OUTCAR,vasp_slab/Ir100/beef_vdw/OUTCAR,vasp_mol/HCN/beef_vdw/OUTCAR
beef_vdw,HCN_Ir110,Ir110,HCN,dft_jobs,,-111.25249754,,,error,slab+mol: OUTCAR not found: dft_jobs/HCN_Ir110/beef_vdw/OUTCAR; mol: OUTCAR not found: vasp_mol/HCN/beef_vdw/OUTCAR,complex: missing; slab: converged; molecule: missing,false,dft_jobs/HCN_Ir110/beef_vdw/OUTCAR,vasp_slab/Ir110/beef_vdw/OUTCAR,vasp_mol/HCN/beef_vdw/OUTCAR
beef_vdw,HCN_Ir111,Ir111,HCN,dft_jobs,,-339.48696992,,,error,slab+mol: OUTCAR not found: dft_jobs/HCN_Ir111/beef_vdw/OUTCAR; mol: OUTCAR not found: vasp_mol/HCN/beef_vdw/OUTCAR,complex: missing; slab: converged; molecule: missing,false,dft_jobs/HCN_Ir111/beef_vdw/OUTCAR,vasp_slab/Ir111/beef_vdw/OUTCAR,vasp_mol/HCN/beef_vdw/OUTCAR
beef_vdw,HCN_Pt111_top,Pt111,HCN,dft_jobs,,-115.71905359,,,error,slab+mol: OUTCAR not found: dft_jobs/HCN_Pt111_top/beef_vdw/OUTCAR; mol: OUTCAR not found: vasp_mol/HCN/beef_vdw/OUTCAR,complex: missing; slab: converged; molecule: missing,false,dft_jobs/HCN_Pt111_top/beef_vdw/OUTCAR,vasp_slab/Pt111/beef_vdw/OUTCAR,vasp_mol/HCN/beef_vdw/OUTCAR
beef_vdw,HCN_Rh100,Rh100,HCN,dft_jobs,,-104.08110193,,,error,slab+mol: OUTCAR not found: dft_jobs/HCN_Rh100/beef_vdw/OUTCAR; mol: OUTCAR not found: vasp_mol/HCN/beef_vdw/OUTCAR,complex: missing; slab: converged; molecule: missing,false,dft_jobs/HCN_Rh100/beef_vdw/OUTCAR,vasp_slab/Rh100/beef_vdw/OUTCAR,vasp_mol/HCN/beef_vdw/OUTCAR
beef_vdw,HCN_Rh110,Rh110,HCN,dft_jobs,,-61.02501679,,,error,slab+mol: OUTCAR not found: dft_jobs/HCN_Rh110/beef_vdw/OUTCAR; mol: OUTCAR not found: vasp_mol/HCN/beef_vdw/OUTCAR,complex: missing; slab: converged; molecule: missing,false,dft_jobs/HCN_Rh110/beef_vdw/OUTCAR,vasp_slab/Rh110/beef_vdw/OUTCAR,vasp_mol/HCN/beef_vdw/OUTCAR
beef_vdw,HCN_Rh111,Rh111,HCN,dft_jobs,,-192.72273486,,,error,slab+mol: OUTCAR not found: dft_jobs/HCN_Rh111/beef_vdw/OUTCAR; mol: OUTCAR not found: vasp_mol/HCN/beef_vdw/OUTCAR,complex: missing; slab: converged; molecule: missing,false,dft_jobs/HCN_Rh111/beef_vdw/OUTCAR,vasp_slab/Rh111/beef_vdw/OUTCAR,vasp_mol/HCN/beef_vdw/OUTCAR
beef_vdw,HCOOH_Ag100,Ag100,HCOOH,dft_jobs,7.86835671,58.04168493,-24.95224532,,bad_reference,"non-physical total energy (>= 0): E_slab_mol=7.86835671, E_slab=58.04168493",complex: converged; slab: converged; molecule: converged,false,dft_jobs/HCOOH_Ag100/beef_vdw/OUTCAR,vasp_slab/Ag100/beef_vdw/OUTCAR,vasp_mol/HCOOH/beef_vdw/OUTCAR
beef_vdw,HCOOH_Ag110,Ag110,HCOOH,dft_jobs,-0.27452095,41.61140369,-24.95224532,,bad_reference,non-physical total energy (>= 0): E_slab=41.61140369,complex: converged; slab: converged; molecule: converged,false,dft_jobs/HCOOH_Ag110/beef_vdw/OUTCAR,vasp_slab/Ag110/beef_vdw/OUTCAR,vasp_mol/HCOOH/beef_vdw/OUTCAR
beef_vdw,HCOOH_Ag111,Ag111,HCOOH,dft_jobs,6.68518194,101.69997001,-24.95224532,,slab_mismatch,"slab size mismatch: job has 36 Ag, reference has 64 Ag",complex: converged; slab: converged; molecule: converged,false,dft_jobs/HCOOH_Ag111/beef_vdw/OUTCAR,vasp_slab/Ag111/beef_vdw/OUTCAR,vasp_mol/HCOOH/beef_vdw/OUTCAR
beef_vdw,HCOOH_Au100,Au100,HCOOH,dft_jobs,-20.19655403,2.61952143,-24.95224532,,slab_mismatch,"slab size mismatch: job has 64 Au, reference has 36 Au",complex: converged; slab: converged; molecule: converged,false,dft_jobs/HCOOH_Au100/beef_vdw/OUTCAR,vasp_slab/Au100/beef_vdw/OUTCAR,vasp_mol/HCOOH/beef_vdw/OUTCAR
beef_vdw,HCOOH_Au110,Au110,HCOOH,dft_jobs,-12.22729511,4.35535241,-24.95224532,,slab_mismatch,"slab size mismatch: job has 64 Au, reference has 24 Au",complex: converged; slab: converged; molecule: converged,false,dft_jobs/HCOOH_Au110/beef_vdw/OUTCAR,vasp_slab/Au110/beef_vdw/OUTCAR,vasp_mol/HCOOH/beef_vdw/OUTCAR
beef_vdw,HCOOH_Au111,Au111,HCOOH,dft_jobs,-24.41590401,1.22708835,-24.95224532,,slab_mismatch,"slab size mismatch: job has 36 Au, reference has 64 Au",complex: converged; slab: converged; molecule: converged,false,dft_jobs/HCOOH_Au111/beef_vdw/OUTCAR,vasp_slab/Au111/beef_vdw/OUTCAR,vasp_mol/HCOOH/beef_vdw/OUTCAR
beef_vdw,HCOOH_Cu100,Cu100,HCOOH,dft_jobs,-35.98845936,885.16340624,-24.95224532,,bad_reference,non-physical total energy (>= 0): E_slab=885.16340624,complex: converged; slab: unfinished; molecule: converged,false,dft_jobs/HCOOH_Cu100/beef_vdw/OUTCAR,vasp_slab/Cu100/beef_vdw/OUTCAR,vasp_mol/HCOOH/beef_vdw/OUTCAR
beef_vdw,HCOOH_Cu110,Cu110,HCOOH,dft_jobs,-26.24066883,29.98519073,-24.95224532,,bad_reference,non-physical total energy (>= 0): E_slab=29.98519073,complex: converged; slab: converged; molecule: converged,false,dft_jobs/HCOOH_Cu110/beef_vdw/OUTCAR,vasp_slab/Cu110/beef_vdw/OUTCAR,vasp_mol/HCOOH/beef_vdw/OUTCAR
beef_vdw,HCOOH_Cu111_top,Cu111,HCOOH,dft_jobs,,67.05686544,-24.95224532,,error,slab+mol: OUTCAR not found: dft_jobs/HCOOH_Cu111_top/beef_vdw/OUTCAR,complex: missing; slab: converged; molecule: converged,false,dft_jobs/HCOOH_Cu111_top/beef_vdw/OUTCAR,vasp_slab/Cu111/beef_vdw/OUTCAR,vasp_mol/HCOOH/beef_vdw/OUTCAR
beef_vdw,HCOOH_Ir100,Ir100,HCOOH,dft_jobs,-208.76696572,-183.01756659,-24.95224532,-0.7971538100000011,ok,,complex: converged; slab: converged; molecule: converged,true,dft_jobs/HCOOH_Ir100/beef_vdw/OUTCAR,vasp_slab/Ir100/beef_vdw/OUTCAR,vasp_mol/HCOOH/beef_vdw/OUTCAR
beef_vdw,HCOOH_Ir110,Ir110,HCOOH,dft_jobs,-137.2399863,-111.25249754,-24.95224532,-1.0352434400000057,ok,,complex: converged; slab: converged; molecule: converged,true,dft_jobs/HCOOH_Ir110/beef_vdw/OUTCAR,vasp_slab/Ir110/beef_vdw/OUTCAR,vasp_mol/HCOOH/beef_vdw/OUTCAR
beef_vdw,HCOOH_Ir111,Ir111,HCOOH,dft_jobs,-364.99434241,-339.48696992,-24.95224532,-0.5551271700000235,ok,,complex: converged; slab: converged; molecule: converged,true,dft_jobs/HCOOH_Ir111/beef_vdw/OUTCAR,vasp_slab/Ir111/beef_vdw/OUTCAR,vasp_mol/HCOOH/beef_vdw/OUTCAR
beef_vdw,HCOOH_Pd100,Pd100,HCOOH,dft_jobs,-78.73888692,-35.42003857,-24.95224532,,bad_reference,implausible E_ads=-18.367 eV (|E_ads| > 5.0 eV),complex: converged; slab: converged; molecule: converged,false,dft_jobs/HCOOH_Pd100/beef_vdw/OUTCAR,vasp_slab/Pd100/beef_vdw/OUTCAR,vasp_mol/HCOOH/beef_vdw/OUTCAR
beef_vdw,HCOOH_Pd110,Pd110,HCOOH,dft_jobs,-54.97208454,-17.56332055,-24.95224532,,bad_reference,implausible E_ads=-12.457 eV (|E_ads| > 5.0 eV),complex: converged; slab: converged; molecule: converged,false,dft_jobs/HCOOH_Pd110/beef_vdw/OUTCAR,vasp_slab/Pd110/beef_vdw/OUTCAR,vasp_mol/HCOOH/beef_vdw/OUTCAR
beef_vdw,HCOOH_Pd111,Pd111,HCOOH,dft_jobs,-80.94170629,-66.44447778,-24.95224532,,slab_mismatch,"slab size mismatch: job has 36 Pd, reference has 64 Pd",complex: converged; slab: converged; molecule: converged,false,dft_jobs/HCOOH_Pd111/beef_vdw/OUTCAR,vasp_slab/Pd111/beef_vdw/OUTCAR,vasp_mol/HCOOH/beef_vdw/OUTCAR
beef_vdw,HCOOH_Pt100,Pt100,HCOOH,dft_jobs,-119.44619212,-60.04329946,-24.95224532,,bad_reference,implausible E_ads=-34.451 eV (|E_ads| > 5.0 eV),complex: converged; slab: converged; molecule: converged,false,dft_jobs/HCOOH_Pt100/beef_vdw/OUTCAR,vasp_slab/Pt100/beef_vdw/OUTCAR,vasp_mol/HCOOH/beef_vdw/OUTCAR
beef_vdw,HCOOH_Pt110,Pt110,HCOOH,dft_jobs,-80.90329044,-32.67956866,-24.95224532,,bad_reference,implausible E_ads=-23.271 eV (|E_ads| > 5.0 eV),complex: converged; slab: converged; molecule: converged,false,dft_jobs/HCOOH_Pt110/beef_vdw/OUTCAR,vasp_slab/Pt110/beef_vdw/OUTCAR,vasp_mol/HCOOH/beef_vdw/OUTCAR
beef_vdw,HCOOH_Pt111,Pt111,HCOOH,dft_jobs,-123.99867662,-115.71905359,-24.95224532,,slab_mismatch,"slab size mismatch: job has 36 Pt, reference has 64 Pt",complex: converged; slab: converged; molecule: converged,false,dft_jobs/HCOOH_Pt111/beef_vdw/OUTCAR,vasp_slab/Pt111/beef_vdw/OUTCAR,vasp_mol/HCOOH/beef_vdw/OUTCAR
beef_vdw,HCOOH_Rh100,Rh100,HCOOH,dft_jobs,-156.20363413,-104.08110193,-24.95224532,,bad_reference,implausible E_ads=-27.170 eV (|E_ads| > 5.0 eV),complex: converged; slab: converged; molecule: converged,false,dft_jobs/HCOOH_Rh100/beef_vdw/OUTCAR,vasp_slab/Rh100/beef_vdw/OUTCAR,vasp_mol/HCOOH/beef_vdw/OUTCAR
beef_vdw,HCOOH_Rh110,Rh110,HCOOH,dft_jobs,-104.43845752,-61.02501679,-24.95224532,,bad_reference,implausible E_ads=-18.461 eV (|E_ads| > 5.0 eV),complex: converged; slab: converged; molecule: converged,false,dft_jobs/HCOOH_Rh110/beef_vdw/OUTCAR,vasp_slab/Rh110/beef_vdw/OUTCAR,vasp_mol/HCOOH/beef_vdw/OUTCAR
beef_vdw,HCOOH_Rh111,Rh111,HCOOH,dft_jobs,-265.27152046,-192.72273486,-24.95224532,,bad_reference,implausible E_ads=-47.597 eV (|E_ads| > 5.0 eV),complex: converged; slab: converged; molecule: converged,false,dft_jobs/HCOOH_Rh111/beef_vdw/OUTCAR,vasp_slab/Rh111/beef_vdw/OUTCAR,vasp_mol/HCOOH/beef_vdw/OUTCAR
beef_vdw,H_Ag100,Ag100,H,dft_jobs,,58.04168493,,,error,slab+mol: OUTCAR not found: dft_jobs/H_Ag100/beef_vdw/OUTCAR; mol: OUTCAR not found: vasp_mol/H/beef_vdw/OUTCAR,complex: missing; slab: converged; molecule: missing,false,dft_jobs/H_Ag100/beef_vdw/OUTCAR,vasp_slab/Ag100/beef_vdw/OUTCAR,vasp_mol/H/beef_vdw/OUTCAR
beef_vdw,H_Ag110,Ag110,H,dft_jobs,,41.61140369,,,error,slab+mol: OUTCAR not found: dft_jobs/H_Ag110/beef_vdw/OUTCAR; mol: OUTCAR not found: vasp_mol/H/beef_vdw/OUTCAR,complex: missing; slab: converged; molecule: missing,false,dft_jobs/H_Ag110/beef_vdw/OUTCAR,vasp_slab/Ag110/beef_vdw/OUTCAR,vasp_mol/H/beef_vdw/OUTCAR
beef_vdw,H_Ag111,Ag111,H,dft_jobs,,101.69997001,,,error,slab+mol: OUTCAR not found: dft_jobs/H_Ag111/beef_vdw/OUTCAR; mol: OUTCAR not found: vasp_mol/H/beef_vdw/OUTCAR,complex: missing; slab: converged; molecule: missing,false,dft_jobs/H_Ag111/beef_vdw/OUTCAR,vasp_slab/Ag111/beef_vdw/OUTCAR,vasp_mol/H/beef_vdw/OUTCAR
beef_vdw,H_Au100,Au100,H,dft_jobs,,2.61952143,,,error,slab+mol: OUTCAR not found: dft_jobs/H_Au100/beef_vdw/OUTCAR; mol: OUTCAR not found: vasp_mol/H/beef_vdw/OUTCAR,complex: missing; slab: converged; molecule: missing,false,dft_jobs/H_Au100/beef_vdw/OUTCAR,vasp_slab/Au100/beef_vdw/OUTCAR,vasp_mol/H/beef_vdw/OUTCAR
beef_vdw,H_Au110,Au110,H,dft_jobs,,4.35535241,,,error,slab+mol: OUTCAR not found: dft_jobs/H_Au110/beef_vdw/OUTCAR; mol: OUTCAR not found: vasp_mol/H/beef_vdw/OUTCAR,complex: missing; slab: converged; molecule: missing,false,dft_jobs/H_Au110/beef_vdw/OUTCAR,vasp_slab/Au110/beef_vdw/OUTCAR,vasp_mol/H/beef_vdw/OUTCAR
beef_vdw,H_Au111,Au111,H,dft_jobs,,1.22708835,,,error,slab+mol: OUTCAR not found: dft_jobs/H_Au111/beef_vdw/OUTCAR; mol: OUTCAR not found: vasp_mol/H/beef_vdw/OUTCAR,complex: missing; slab: converged; molecule: missing,false,dft_jobs/H_Au111/beef_vdw/OUTCAR,vasp_slab/Au111/beef_vdw/OUTCAR,vasp_mol/H/beef_vdw/OUTCAR
beef_vdw,H_Ir100,Ir100,H,dft_jobs,,-183.01756659,,,error,slab+mol: OUTCAR not found: dft_jobs/H_Ir100/beef_vdw/OUTCAR; mol: OUTCAR not found: vasp_mol/H/beef_vdw/OUTCAR,complex: missing; slab: converged; molecule: missing,false,dft_jobs/H_Ir100/beef_vdw/OUTCAR,vasp_slab/Ir100/beef_vdw/OUTCAR,vasp_mol/H/beef_vdw/OUTCAR
beef_vdw,H_Ir110,Ir110,H,dft_jobs,,-111.25249754,,,error,slab+mol: OUTCAR not found: dft_jobs/H_Ir110/beef_vdw/OUTCAR; mol: OUTCAR not found: vasp_mol/H/beef_vdw/OUTCAR,complex: missing; slab: converged; molecule: missing,false,dft_jobs/H_Ir110/beef_vdw/OUTCAR,vasp_slab/Ir110/beef_vdw/OUTCAR,vasp_mol/H/beef_vdw/OUTCAR
beef_vdw,H_Ir111,Ir111,H,dft_jobs,,-339.48696992,,,error,slab+mol: OUTCAR not found: dft_jobs/H_Ir111/beef_vdw/OUTCAR; mol: OUTCAR not found: vasp_mol/H/beef_vdw/OUTCAR,complex: missing; slab: converged; molecule: missing,false,dft_jobs/H_Ir111/beef_vdw/OUTCAR,vasp_slab/Ir111/beef_vdw/OUTCAR,vasp_mol/H/beef_vdw/OUTCAR
beef_vdw,H_Pt111_fcc,Pt111,H,dft_jobs,,-115.71905359,,,error,slab+mol: OUTCAR not found: dft_jobs/H_Pt111_fcc/beef_vdw/OUTCAR; mol: OUTCAR not found: vasp_mol/H/beef_vdw/OUTCAR,complex: missing; slab: converged; molecule: missing,false,dft_jobs/H_Pt111_fcc/beef_vdw/OUTCAR,vasp_slab/Pt111/beef_vdw/OUTCAR,vasp_mol/H/beef_vdw/OUTCAR
beef_vdw,H_Rh100,Rh100,H,dft_jobs,,-104.08110193,,,error,slab+mol: OUTCAR not found: dft_jobs/H_Rh100/beef_vdw/OUTCAR; mol: OUTCAR not found: vasp_mol/H/beef_vdw/OUTCAR,complex: missing; slab: converged; molecule: missing,false,dft_jobs/H_Rh100/beef_vdw/OUTCAR,vasp_slab/Rh100/beef_vdw/OUTCAR,vasp_mol/H/beef_vdw/OUTCAR
beef_vdw,H_Rh110,Rh110,H,dft_jobs,,-61.02501679,,,error,slab+mol: OUTCAR not found: dft_jobs/H_Rh110/beef_vdw/OUTCAR; mol: OUTCAR not found: vasp_mol/H/beef_vdw/OUTCAR,complex: missing; slab: converged; molecule: missing,false,dft_jobs/H_Rh110/beef_vdw/OUTCAR,vasp_slab/Rh110/beef_vdw/OUTCAR,vasp_mol/H/beef_vdw/OUTCAR
beef_vdw,H_Rh111,Rh111,H,dft_jobs,,-192.72273486,,,error,slab+mol: OUTCAR not found: dft_jobs/H_Rh111/beef_vdw/OUTCAR; mol: OUTCAR not found: vasp_mol/H/beef_vdw/OUTCAR,complex: missing; slab: converged; molecule: missing,false,dft_jobs/H_Rh111/beef_vdw/OUTCAR,vasp_slab/Rh111/beef_vdw/OUTCAR,vasp_mol/H/beef_vdw/OUTCAR
beef_vdw,N2_Ag100,Ag100,N2,dft_jobs,19.5452605,58.04168493,-13.56332745,,bad_reference,"non-physical total energy (>= 0): E_slab_mol=19.5452605, E_slab=58.04168493",complex: unfinished; slab: converged; molecule: converged,false,dft_jobs/N2_Ag100/beef_vdw/OUTCAR,vasp_slab/Ag100/beef_vdw/OUTCAR,vasp_mol/N2/beef_vdw/OUTCAR
beef_vdw,N2_Ag110,Ag110,N2,dft_jobs,11.45362743,41.61140369,-13.56332745,,bad_reference,"non-physical total energy (>= 0): E_slab_mol=11.45362743, E_slab=41.61140369",complex: converged; slab: converged; molecule: converged,false,dft_jobs/N2_Ag110/beef_vdw/OUTCAR,vasp_slab/Ag110/beef_vdw/OUTCAR,vasp_mol/N2/beef_vdw/OUTCAR
beef_vdw,N2_Ag111,Ag111,N2,dft_jobs,18.31740726,101.69997001,-13.56332745,,slab_mismatch,"slab size mismatch: job has 36 Ag, reference has 64 Ag",complex: converged; slab: converged; molecule: converged,false,dft_jobs/N2_Ag111/beef_vdw/OUTCAR,vasp_slab/Ag111/beef_vdw/OUTCAR,vasp_mol/N2/beef_vdw/OUTCAR
beef_vdw,N2_Au100,Au100,N2,dft_jobs,-8.58633453,2.61952143,-13.56332745,,slab_mismatch,"slab size mismatch: job has 64 Au, reference has 36 Au",complex: converged; slab: converged; molecule: converged,false,dft_jobs/N2_Au100/beef_vdw/OUTCAR,vasp_slab/Au100/beef_vdw/OUTCAR,vasp_mol/N2/beef_vdw/OUTCAR
beef_vdw,N2_Au110,Au110,N2,dft_jobs,-0.52649928,4.35535241,-13.56332745,,slab_mismatch,"slab size mismatch: job has 64 Au, reference has 24 Au",complex: unfinished; slab: converged; molecule: converged,false,dft_jobs/N2_Au110/beef_vdw/OUTCAR,vasp_slab/Au110/beef_vdw/OUTCAR,vasp_mol/N2/beef_vdw/OUTCAR
beef_vdw,N2_Au111,Au111,N2,dft_jobs,-12.78954633,1.22708835,-13.56332745,,slab_mismatch,"slab size mismatch: job has 36 Au, reference has 64 Au",complex: converged; slab: converged; molecule: converged,false,dft_jobs/N2_Au111/beef_vdw/OUTCAR,vasp_slab/Au111/beef_vdw/OUTCAR,vasp_mol/N2/beef_vdw/OUTCAR
beef_vdw,N2_Cu100,Cu100,N2,dft_jobs,-24.27010047,885.16340624,-13.56332745,,bad_reference,non-physical total energy (>= 0): E_slab=885.16340624,complex: converged; slab: unfinished; molecule: converged,false,dft_jobs/N2_Cu100/beef_vdw/OUTCAR,vasp_slab/Cu100/beef_vdw/OUTCAR,vasp_mol/N2/beef_vdw/OUTCAR
beef_vdw,N2_Cu110,Cu110,N2,dft_jobs,-14.44344259,29.98519073,-13.56332745,,bad_reference,non-physical total energy (>= 0): E_slab=29.98519073,complex: converged; slab: converged; molecule: converged,false,dft_jobs/N2_Cu110/beef_vdw/OUTCAR,vasp_slab/Cu110/beef_vdw/OUTCAR,vasp_mol/N2/beef_vdw/OUTCAR
beef_vdw,N2_Cu111,Cu111,N2,dft_jobs,-28.29517343,67.05686544,-13.56332745,,bad_reference,non-physical total energy (>= 0): E_slab=67.05686544,complex: converged; slab: converged; molecule: converged,false,dft_jobs/N2_Cu111/beef_vdw/OUTCAR,vasp_slab/Cu111/beef_vdw/OUTCAR,vasp_mol/N2/beef_vdw/OUTCAR
beef_vdw,N2_Ir100,Ir100,N2,dft_jobs,-197.38549462,-183.01756659,-13.56332745,-0.8046005800000025,ok,,complex: converged; slab: converged; molecule: converged,true,dft_jobs/N2_Ir100/beef_vdw/OUTCAR,vasp_slab/Ir100/beef_vdw/OUTCAR,vasp_mol/N2/beef_vdw/OUTCAR
beef_vdw,N2_Ir110,Ir110,N2,dft_jobs,-125.89557653,-111.25249754,-13.56332745,-1.0797515400000073,ok,,complex: converged; slab: converged; molecule: converged,true,dft_jobs/N2_Ir110/beef_vdw/OUTCAR,vasp_slab/Ir110/beef_vdw/OUTCAR,vasp_mol/N2/beef_vdw/OUTCAR
beef_vdw,N2_Ir111,Ir111,N2,dft_jobs,-353.48220961,-339.48696992,-13.56332745,-0.43191224000000616,ok,,complex: converged; slab: converged; molecule: converged,true,dft_jobs/N2_Ir111/beef_vdw/OUTCAR,vasp_slab/Ir111/beef_vdw/OUTCAR,vasp_mol/N2/beef_vdw/OUTCAR
beef_vdw,N2_Pd100,Pd100,N2,dft_jobs,-67.10262179,-35.42003857,-13.56332745,,bad_reference,implausible E_ads=-18.119 eV (|E_ads| > 5.0 eV),complex: unfinished; slab: converged; molecule: converged,false,dft_jobs/N2_Pd100/beef_vdw/OUTCAR,vasp_slab/Pd100/beef_vdw/OUTCAR,vasp_mol/N2/beef_vdw/OUTCAR
beef_vdw,N2_Pd110,Pd110,N2,dft_jobs,-43.36358181,-17.56332055,-13.56332745,,bad_reference,implausible E_ads=-12.237 eV (|E_ads| > 5.0 eV),complex: unfinished; slab: converged; molecule: converged,false,dft_jobs/N2_Pd110/beef_vdw/OUTCAR,vasp_slab/Pd110/beef_vdw/OUTCAR,vasp_mol/N2/beef_vdw/OUTCAR
beef_vdw,N2_Pd111,Pd111,N2,dft_jobs,-69.23290129,-66.44447778,-13.56332745,,slab_mismatch,"slab size mismatch: job has 36 Pd, reference has 64 Pd",complex: unfinished; slab: converged; molecule: converged,false,dft_jobs/N2_Pd111/beef_vdw/OUTCAR,vasp_slab/Pd111/beef_vdw/OUTCAR,vasp_mol/N2/beef_vdw/OUTCAR
beef_vdw,N2_Pt100,Pt100,N2,dft_jobs,-107.8052003,-60.04329946,-13.56332745,,bad_reference,implausible E_ads=-34.199 eV (|E_ads| > 5.0 eV),complex: converged; slab: converged; molecule: converged,false,dft_jobs/N2_Pt100/beef_vdw/OUTCAR,vasp_slab/Pt100/beef_vdw/OUTCAR,vasp_mol/N2/beef_vdw/OUTCAR
beef_vdw,N2_Pt110,Pt110,N2,dft_jobs,-69.33710474,-32.67956866,-13.56332745,,bad_reference,implausible E_ads=-23.094 eV (|E_ads| > 5.0 eV),complex: converged; slab: converged; molecule: converged,false,dft_jobs/N2_Pt110/beef_vdw/OUTCAR,vasp_slab/Pt110/beef_vdw/OUTCAR,vasp_mol/N2/beef_vdw/OUTCAR
beef_vdw,N2_Pt111_top,Pt111,N2,dft_jobs,,-115.71905359,-13.56332745,,error,slab+mol: OUTCAR not found: dft_jobs/N2_Pt111_top/beef_vdw/OUTCAR,complex: missing; slab: converged; molecule: converged,false,dft_jobs/N2_Pt111_top/beef_vdw/OUTCAR,vasp_slab/Pt111/beef_vdw/OUTCAR,vasp_mol/N2/beef_vdw/OUTCAR
beef_vdw,N2_Rh100,Rh100,N2,dft_jobs,-144.77501226,-104.08110193,-13.56332745,,bad_reference,implausible E_ads=-27.131 eV (|E_ads| > 5.0 eV),complex: converged; slab: converged; molecule: converged,false,dft_jobs/N2_Rh100/beef_vdw/OUTCAR,vasp_slab/Rh100/beef_vdw/OUTCAR,vasp_mol/N2/beef_vdw/OUTCAR
beef_vdw,N2_Rh110,Rh110,N2,dft_jobs,-93.00256287,-61.02501679,-13.56332745,,bad_reference,implausible E_ads=-18.414 eV (|E_ads| > 5.0 eV),complex: converged; slab: converged; molecule: converged,false,dft_jobs/N2_Rh110/beef_vdw/OUTCAR,vasp_slab/Rh110/beef_vdw/OUTCAR,vasp_mol/N2/beef_vdw/OUTCAR
beef_vdw,N2_Rh111,Rh111,N2,dft_jobs,,-192.72273486,-13.56332745,,error,slab+mol: OUTCAR not found: dft_jobs/N2_Rh111/beef_vdw/OUTCAR,complex: missing; slab: converged; molecule: converged,false,dft_jobs/N2_Rh111/beef_vdw/OUTCAR,vasp_slab/Rh111/beef_vdw/OUTCAR,vasp_mol/N2/beef_vdw/OUTCAR
beef_vdw,NH3_Ag100,Ag100,NH3,dft_jobs,,58.04168493,-18.13747742,,error,slab+mol: OUTCAR not found: dft_jobs/NH3_Ag100/beef_vdw/OUTCAR,complex: missing; slab: converged; molecule: converged,false,dft_jobs/NH3_Ag100/beef_vdw/OUTCAR,vasp_slab/Ag100/beef_vdw/OUTCAR,vasp_mol/NH3/beef_vdw/OUTCAR
beef_vdw,NH3_Ag110,Ag110,NH3,dft_jobs,,41.61140369,-18.13747742,,error,slab+mol: OUTCAR not found: dft_jobs/NH3_Ag110/beef_vdw/OUTCAR,complex: missing; slab: converged; molecule: converged,false,dft_jobs/NH3_Ag110/beef_vdw/OUTCAR,vasp_slab/Ag110/beef_vdw/OUTCAR,vasp_mol/NH3/beef_vdw/OUTCAR
beef_vdw,NH3_Ag111,Ag111,NH3,dft_jobs,,101.69997001,-18.13747742,,error,slab+mol: OUTCAR not found: dft_jobs/NH3_Ag111/beef_vdw/OUTCAR,complex: missing; slab: converged; molecule: converged,false,dft_jobs/NH3_Ag111/beef_vdw/OUTCAR,vasp_slab/Ag111/beef_vdw/OUTCAR,vasp_mol/NH3/beef_vdw/OUTCAR
beef_vdw,NH3_Au100,Au100,NH3,dft_jobs,,2.61952143,-18.13747742,,error,slab+mol: OUTCAR not found: dft_jobs/NH3_Au100/beef_vdw/OUTCAR,complex: missing; slab: converged; molecule: converged,false,dft_jobs/NH3_Au100/beef_vdw/OUTCAR,vasp_slab/Au100/beef_vdw/OUTCAR,vasp_mol/NH3/beef_vdw/OUTCAR
beef_vdw,NH3_Au110,Au110,NH3,dft_jobs,,4.35535241,-18.13747742,,error,slab+mol: OUTCAR not found: dft_jobs/NH3_Au110/beef_vdw/OUTCAR,complex: missing; slab: converged; molecule: converged,false,dft_jobs/NH3_Au110/beef_vdw/OUTCAR,vasp_slab/Au110/beef_vdw/OUTCAR,vasp_mol/NH3/beef_vdw/OUTCAR
beef_vdw,NH3_Au111,Au111,NH3,dft_jobs,,1.22708835,-18.13747742,,error,slab+mol: OUTCAR not found: dft_jobs/NH3_Au111/beef_vdw/OUTCAR,complex: missing; slab: converged; molecule: converged,false,dft_jobs/NH3_Au111/beef_vdw/OUTCAR,vasp_slab/Au111/beef_vdw/OUTCAR,vasp_mol/NH3/beef_vdw/OUTCAR
beef_vdw,NH3_Cu100,Cu100,NH3,dft_jobs,,885.16340624,-18.13747742,,error,slab+mol: OUTCAR not found: dft_jobs/NH3_Cu100/beef_vdw/OUTCAR,complex: missing; slab: unfinished; molecule: converged,false,dft_jobs/NH3_Cu100/beef_vdw/OUTCAR,vasp_slab/Cu100/beef_vdw/OUTCAR,vasp_mol/NH3/beef_vdw/OUTCAR
beef_vdw,NH3_Cu110,Cu110,NH3,dft_jobs,,29.98519073,-18.13747742,,error,slab+mol: OUTCAR not found: dft_jobs/NH3_Cu110/beef_vdw/OUTCAR,complex: missing; slab: converged; molecule: converged,false,dft_jobs/NH3_Cu110/beef_vdw/OUTCAR,vasp_slab/Cu110/beef_vdw/OUTCAR,vasp_mol/NH3/beef_vdw/OUTCAR
beef_vdw,NH3_Cu111,Cu111,NH3,dft_jobs,,67.05686544,-18.13747742,,error,slab+mol: OUTCAR not found: dft_jobs/NH3_Cu111/beef_vdw/OUTCAR,complex: missing; slab: converged; molecule: converged,false,dft_jobs/NH3_Cu111/beef_vdw/OUTCAR,vasp_slab/Cu111/beef_vdw/OUTCAR,vasp_mol/NH3/beef_vdw/OUTCAR
beef_vdw,NH3_Ir100,Ir100,NH3,dft_jobs,,-183.01756659,-18.13747742,,error,slab+mol: OUTCAR not found: dft_jobs/NH3_Ir100/beef_vdw/OUTCAR,complex: missing; slab: converged; molecule: converged,false,dft_jobs/NH3_Ir100/beef_vdw/OUTCAR,vasp_slab/Ir100/beef_vdw/OUTCAR,vasp_mol/NH3/beef_vdw/OUTCAR
beef_vdw,NH3_Ir110,Ir110,NH3,dft_jobs,,-111.25249754,-18.13747742,,error,slab+mol: OUTCAR not found: dft_jobs/NH3_Ir110/beef_vdw/OUTCAR,complex: missing; slab: converged; molecule: converged,false,dft_jobs/NH3_Ir110/beef_vdw/OUTCAR,vasp_slab/Ir110/beef_vdw/OUTCAR,vasp_mol/NH3/beef_vdw/OUTCAR
beef_vdw,NH3_Ir111,Ir111,NH3,dft_jobs,,-339.48696992,-18.13747742,,error,slab+mol: OUTCAR not found: dft_jobs/NH3_Ir111/beef_vdw/OUTCAR,complex: missing; slab: converged; molecule: converged,false,dft_jobs/NH3_Ir111/beef_vdw/OUTCAR,vasp_slab/Ir111/beef_vdw/OUTCAR,vasp_mol/NH3/beef_vdw/OUTCAR
beef_vdw,NH3_Pd100,Pd100,NH3,dft_jobs,,-35.42003857,-18.13747742,,error,slab+mol: OUTCAR not found: dft_jobs/NH3_Pd100/beef_vdw/OUTCAR,complex: missing; slab: converged; molecule: converged,false,dft_jobs/NH3_Pd100/beef_vdw/OUTCAR,vasp_slab/Pd100/beef_vdw/OUTCAR,vasp_mol/NH3/beef_vdw/OUTCAR
beef_vdw,NH3_Pd110,Pd110,NH3,dft_jobs,,-17.56332055,-18.13747742,,error,slab+mol: OUTCAR not found: dft_jobs/NH3_Pd110/beef_vdw/OUTCAR,complex: missing; slab: converged; molecule: converged,false,dft_jobs/NH3_Pd110/beef_vdw/OUTCAR,vasp_slab/Pd110/beef_vdw/OUTCAR,vasp_mol/NH3/beef_vdw/OUTCAR
beef_vdw,NH3_Pd111,Pd111,NH3,dft_jobs,,-66.44447778,-18.13747742,,error,slab+mol: OUTCAR not found: dft_jobs/NH3_Pd111/beef_vdw/OUTCAR,complex: missing; slab: converged; molecule: converged,false,dft_jobs/NH3_Pd111/beef_vdw/OUTCAR,vasp_slab/Pd111/beef_vdw/OUTCAR,vasp_mol/NH3/beef_vdw/OUTCAR
beef_vdw,NH3_Pt100,Pt100,NH3,dft_jobs,,-60.04329946,-18.13747742,,error,slab+mol: OUTCAR not found: dft_jobs/NH3_Pt100/beef_vdw/OUTCAR,complex: missing; slab: converged; molecule: converged,false,dft_jobs/NH3_Pt100/beef_vdw/OUTCAR,vasp_slab/Pt100/beef_vdw/OUTCAR,vasp_mol/NH3/beef_vdw/OUTCAR
beef_vdw,NH3_Pt110,Pt110,NH3,dft_jobs,,-32.67956866,-18.13747742,,error,slab+mol: OUTCAR not found: dft_jobs/NH3_Pt110/beef_vdw/OUTCAR,complex: missing; slab: converged; molecule: converged,false,dft_jobs/NH3_Pt110/beef_vdw/OUTCAR,vasp_slab/Pt110/beef_vdw/OUTCAR,vasp_mol/NH3/beef_vdw/OUTCAR
beef_vdw,NH3_Pt111_top,Pt111,NH3,dft_jobs,,-115.71905359,-18.13747742,,error,slab+mol: OUTCAR not found: dft_jobs/NH3_Pt111_top/beef_vdw/OUTCAR,complex: missing; slab: converged; molecule: converged,false,dft_jobs/NH3_Pt111_top/beef_vdw/OUTCAR,vasp_slab/Pt111/beef_vdw/OUTCAR,vasp_mol/NH3/beef_vdw/OUTCAR
beef_vdw,NH3_Rh100,Rh100,NH3,dft_jobs,,-104.08110193,-18.13747742,,error,slab+mol: OUTCAR not found: dft_jobs/NH3_Rh100/beef_vdw/OUTCAR,complex: missing; slab: converged; molecule: converged,false,dft_jobs/NH3_Rh100/beef_vdw/OUTCAR,vasp_slab/Rh100/beef_vdw/OUTCAR,vasp_mol/NH3/beef_vdw/OUTCAR
beef_vdw,NH3_Rh110,Rh110,NH3,dft_jobs,,-61.02501679,-18.13747742,,error,slab+mol: OUTCAR not found: dft_jobs/NH3_Rh110/beef_vdw/OUTCAR,complex: missing; slab: converged; molecule: converged,false,dft_jobs/NH3_Rh110/beef_vdw/OUTCAR,vasp_slab/Rh110/beef_vdw/OUTCAR,vasp_mol/NH3/beef_vdw/OUTCAR
beef_vdw,NH3_Rh111,Rh111,NH3,dft_jobs,,-192.72273486,-18.13747742,,error,slab+mol: OUTCAR not found: dft_jobs/NH3_Rh111/beef_vdw/OUTCAR,complex: missing; slab: converged; molecule: converged,false,dft_jobs/NH3_Rh111/beef_vdw/OUTCAR,vasp_slab/Rh111/beef_vdw/OUTCAR,vasp_mol/NH3/beef_vdw/OUTCAR
beef_vdw,NO_Ag100,Ag100,NO,dft_jobs,,58.04168493,-1.96679282,,error,slab+mol: OUTCAR not found: dft_jobs/NO_Ag100/beef_vdw/OUTCAR,complex: missing; slab: converged; molecule: converged,false,dft_jobs/NO_Ag100/beef_vdw/OUTCAR,vasp_slab/Ag100/beef_vdw/OUTCAR,vasp_mol/NO/beef_vdw/OUTCAR
beef_vdw,NO_Ag110,Ag110,NO,dft_jobs,,41.61140369,-1.96679282,,error,slab+mol: OUTCAR not found: dft_jobs/NO_Ag110/beef_vdw/OUTCAR,complex: missing; slab: converged; molecule: converged,false,dft_jobs/NO_Ag110/beef_vdw/OUTCAR,vasp_slab/Ag110/beef_vdw/OUTCAR,vasp_mol/NO/beef_vdw/OUTCAR
beef_vdw,NO_Ag111,Ag111,NO,dft_jobs,,101.69997001,-1.96679282,,error,slab+mol: OUTCAR not found: dft_jobs/NO_Ag111/beef_vdw/OUTCAR,complex: missing; slab: converged; molecule: converged,false,dft_jobs/NO_Ag111/beef_vdw/OUTCAR,vasp_slab/Ag111/beef_vdw/OUTCAR,vasp_mol/NO/beef_vdw/OUTCAR
beef_vdw,NO_Au100,Au100,NO,dft_jobs,,2.61952143,-1.96679282,,error,slab+mol: OUTCAR not found: dft_jobs/NO_Au100/beef_vdw/OUTCAR,complex: missing; slab: converged; molecule: converged,false,dft_jobs/NO_Au100/beef_vdw/OUTCAR,vasp_slab/Au100/beef_vdw/OUTCAR,vasp_mol/NO/beef_vdw/OUTCAR
beef_vdw,NO_Au110,Au110,NO,dft_jobs,,4.35535241,-1.96679282,,error,slab+mol: OUTCAR not found: dft_jobs/NO_Au110/beef_vdw/OUTCAR,complex: missing; slab: converged; molecule: converged,false,dft_jobs/NO_Au110/beef_vdw/OUTCAR,vasp_slab/Au110/beef_vdw/OUTCAR,vasp_mol/NO/beef_vdw/OUTCAR
beef_vdw,NO_Au111,Au111,NO,dft_jobs,,1.22708835,-1.96679282,,error,slab+mol: OUTCAR not found: dft_jobs/NO_Au111/beef_vdw/OUTCAR,complex: missing; slab: converged; molecule: converged,false,dft_jobs/NO_Au111/beef_vdw/OUTCAR,vasp_slab/Au111/beef_vdw/OUTCAR,vasp_mol/NO/beef_vdw/OUTCAR
beef_vdw,NO_Cu100,Cu100,NO,dft_jobs,,885.16340624,-1.96679282,,error,slab+mol: OUTCAR not found: dft_jobs/NO_Cu100/beef_vdw/OUTCAR,complex: missing; slab: unfinished; molecule: converged,false,dft_jobs/NO_Cu100/beef_vdw/OUTCAR,vasp_slab/Cu100/beef_vdw/OUTCAR,vasp_mol/NO/beef_vdw/OUTCAR
beef_vdw,NO_Cu110,Cu110,NO,dft_jobs,,29.98519073,-1.96679282,,error,slab+mol: OUTCAR not found: dft_jobs/NO_Cu110/beef_vdw/OUTCAR,complex: missing; slab: converged; molecule: converged,false,dft_jobs/NO_Cu110/beef_vdw/OUTCAR,vasp_slab/Cu110/beef_vdw/OUTCAR,vasp_mol/NO/beef_vdw/OUTCAR
beef_vdw,NO_Cu111,Cu111,NO,dft_jobs,,67.05686544,-1.96679282,,error,slab+mol: OUTCAR not found: dft_jobs/NO_Cu111/beef_vdw/OUTCAR,complex: missing; slab: converged; molecule: converged,false,dft_jobs/NO_Cu111/beef_vdw/OUTCAR,vasp_slab/Cu111/beef_vdw/OUTCAR,vasp_mol/NO/beef_vdw/OUTCAR
beef_vdw,NO_Ir100,Ir100,NO,dft_jobs,,-183.01756659,-1.96679282,,error,slab+mol: OUTCAR not found: dft_jobs/NO_Ir100/beef_vdw/OUTCAR,complex: missing; slab: converged; molecule: converged,false,dft_jobs/NO_Ir100/beef_vdw/OUTCAR,vasp_slab/Ir100/beef_vdw/OUTCAR,vasp_mol/NO/beef_vdw/OUTCAR
beef_vdw,NO_Ir110,Ir110,NO,dft_jobs,,-111.25249754,-1.96679282,,error,slab+mol: OUTCAR not found: dft_jobs/NO_Ir110/beef_vdw/OUTCAR,complex: missing; slab: converged; molecule: converged,false,dft_jobs/NO_Ir110/beef_vdw/OUTCAR,vasp_slab/Ir110/beef_vdw/OUTCAR,vasp_mol/NO/beef_vdw/OUTCAR
beef_vdw,NO_Ir111,Ir111,NO,dft_jobs,,-339.48696992,-1.96679282,,error,slab+mol: OUTCAR not found: dft_jobs/NO_Ir111/beef_vdw/OUTCAR,complex: missing; slab: converged; molecule: converged,false,dft_jobs/NO_Ir111/beef_vdw/OUTCAR,vasp_slab/Ir111/beef_vdw/OUTCAR,vasp_mol/NO/beef_vdw/OUTCAR
beef_vdw,NO_Pd100,Pd100,NO,dft_jobs,,-35.42003857,-1.96679282,,error,slab+mol: OUTCAR not found: dft_jobs/NO_Pd100/beef_vdw/OUTCAR,complex: missing; slab: converged; molecule: converged,false,dft_jobs/NO_Pd100/beef_vdw/OUTCAR,vasp_slab/Pd100/beef_vdw/OUTCAR,vasp_mol/NO/beef_vdw/OUTCAR
beef_vdw,NO_Pd110,Pd110,NO,dft_jobs,,-17.56332055,-1.96679282,,error,slab+mol: OUTCAR not found: dft_jobs/NO_Pd110/beef_vdw/OUTCAR,complex: missing; slab: converged; molecule: converged,false,dft_jobs/NO_Pd110/beef_vdw/OUTCAR,vasp_slab/Pd110/beef_vdw/OUTCAR,vasp_mol/NO/beef_vdw/OUTCAR
beef_vdw,NO_Pd111,Pd111,NO,dft_jobs,,-66.44447778,-1.96679282,,error,slab+mol: OUTCAR not found: dft_jobs/NO_Pd111/beef_vdw/OUTCAR,complex: missing; slab: converged; molecule: converged,false,dft_jobs/NO_Pd111/beef_vdw/OUTCAR,vasp_slab/Pd111/beef_vdw/OUTCAR,vasp_mol/NO/beef_vdw/OUTCAR
beef_vdw,NO_Pt100,Pt100,NO,dft_jobs,,-60.04329946,-1.96679282,,error,slab+mol: OUTCAR not found: dft_jobs/NO_Pt100/beef_vdw/OUTCAR,complex: missing; slab: converged; molecule: converged,false,dft_jobs/NO_Pt100/beef_vdw/OUTCAR,vasp_slab/Pt100/beef_vdw/OUTCAR,vasp_mol/NO/beef_vdw/OUTCAR
beef_vdw,NO_Pt110,Pt110,NO,dft_jobs,,-32.67956866,-1.96679282,,error,slab+mol: OUTCAR not found: dft_jobs/NO_Pt110/beef_vdw/OUTCAR,complex: missing; slab: converged; molecule: converged,false,dft_jobs/NO_Pt110/beef_vdw/OUTCAR,vasp_slab/Pt110/beef_vdw/OUTCAR,vasp_mol/NO/beef_vdw/OUTCAR
beef_vdw,NO_Pt111_fcc,Pt111,NO,dft_jobs,,-115.71905359,-1.96679282,,error,slab+mol: OUTCAR not found: dft_jobs/NO_Pt111_fcc/beef_vdw/OUTCAR,complex: missing; slab: converged; molecule: converged,false,dft_jobs/NO_Pt111_fcc/beef_vdw/OUTCAR,vasp_slab/Pt111/beef_vdw/OUTCAR,vasp_mol/NO/beef_vdw/OUTCAR
beef_vdw,NO_Rh100,Rh100,NO,dft_jobs,,-104.08110193,-1.96679282,,error,slab+mol: OUTCAR not found: dft_jobs/NO_Rh100/beef_vdw/OUTCAR,complex: missing; slab: converged; molecule: converged,false,dft_jobs/NO_Rh100/beef_vdw/OUTCAR,vasp_slab/Rh100/beef_vdw/OUTCAR,vasp_mol/NO/beef_vdw/OUTCAR
beef_vdw,NO_Rh110,Rh110,NO,dft_jobs,,-61.02501679,-1.96679282,,error,slab+mol: OUTCAR not found: dft_jobs/NO_Rh110/beef_vdw/OUTCAR,complex: missing; slab: converged; molecule: converged,false,dft_jobs/NO_Rh110/beef_vdw/OUTCAR,vasp_slab/Rh110/beef_vdw/OUTCAR,vasp_mol/NO/beef_vdw/OUTCAR
beef_vdw,NO_Rh111,Rh111,NO,dft_jobs,,-192.72273486,-1.96679282,,error,slab+mol: OUTCAR not found: dft_jobs/NO_Rh111/beef_vdw/OUTCAR,complex: missing; slab: converged; molecule: converged,false,dft_jobs/NO_Rh111/beef_vdw/OUTCAR,vasp_slab/Rh111/beef_vdw/OUTCAR,vasp_mol/NO/beef_vdw/OUTCAR
beef_vdw,OH_Ag100,Ag100,OH,dft_jobs,,58.04168493,,,error,slab+mol: OUTCAR not found: dft_jobs/OH_Ag100/beef_vdw/OUTCAR; mol: OUTCAR not found: vasp_mol/OH/beef_vdw/OUTCAR,complex: missing; slab: converged; molecule: missing,false,dft_jobs/OH_Ag100/beef_vdw/OUTCAR,vasp_slab/Ag100/beef_vdw/OUTCAR,vasp_mol/OH/beef_vdw/OUTCAR
beef_vdw,OH_Ag110,Ag110,OH,dft_jobs,,41.61140369,,,error,slab+mol: OUTCAR not found: dft_jobs/OH_Ag110/beef_vdw/OUTCAR; mol: OUTCAR not found: vasp_mol/OH/beef_vdw/OUTCAR,complex: missing; slab: converged; molecule: missing,false,dft_jobs/OH_Ag110/beef_vdw/OUTCAR,vasp_slab/Ag110/beef_vdw/OUTCAR,vasp_mol/OH/beef_vdw/OUTCAR
beef_vdw,OH_Ag111,Ag111,OH,dft_jobs,,101.69997001,,,error,slab+mol: OUTCAR not found: dft_jobs/OH_Ag111/beef_vdw/OUTCAR; mol: OUTCAR not found: vasp_mol/OH/beef_vdw/OUTCAR,complex: missing; slab: converged; molecule: missing,false,dft_jobs/OH_Ag111/beef_vdw/OUTCAR,vasp_slab/Ag111/beef_vdw/OUTCAR,vasp_mol/OH/beef_vdw/OUTCAR
beef_vdw,OH_Au100,Au100,OH,dft_jobs,,2.61952143,,,error,slab+mol: OUTCAR not found: dft_jobs/OH_Au100/beef_vdw/OUTCAR; mol: OUTCAR not found: vasp_mol/OH/beef_vdw/OUTCAR,complex: missing; slab: converged; molecule: missing,false,dft_jobs/OH_Au100/beef_vdw/OUTCAR,vasp_slab/Au100/beef_vdw/OUTCAR,vasp_mol/OH/beef_vdw/OUTCAR
beef_vdw,OH_Au110,Au110,OH,dft_jobs,,4.35535241,,,error,slab+mol: OUTCAR not found: dft_jobs/OH_Au110/beef_vdw/OUTCAR; mol: OUTCAR not found: vasp_mol/OH/beef_vdw/OUTCAR,complex: missing; slab: converged; molecule: missing,false,dft_jobs/OH_Au110/beef_vdw/OUTCAR,vasp_slab/Au110/beef_vdw/OUTCAR,vasp_mol/OH/beef_vdw/OUTCAR
beef_vdw,OH_Au111,Au111,OH,dft_jobs,,1.22708835,,,error,slab+mol: OUTCAR not found: dft_jobs/OH_Au111/beef_vdw/OUTCAR; mol: OUTCAR not found: vasp_mol/OH/beef_vdw/OUTCAR,complex: missing; slab: converged; molecule: missing,false,dft_jobs/OH_Au111/beef_vdw/OUTCAR,vasp_slab/Au111/beef_vdw/OUTCAR,vasp_mol/OH/beef_vdw/OUTCAR
beef_vdw,OH_Ir100,Ir100,OH,dft_jobs,,-183.01756659,,,error,slab+mol: OUTCAR not found: dft_jobs/OH_Ir100/beef_vdw/OUTCAR; mol: OUTCAR not found: vasp_mol/OH/beef_vdw/OUTCAR,complex: missing; slab: converged; molecule: missing,false,dft_jobs/OH_Ir100/beef_vdw/OUTCAR,vasp_slab/Ir100/beef_vdw/OUTCAR,vasp_mol/OH/beef_vdw/OUTCAR
beef_vdw,OH_Ir110,Ir110,OH,dft_jobs,,-111.25249754,,,error,slab+mol: OUTCAR not found: dft_jobs/OH_Ir110/beef_vdw/OUTCAR; mol: OUTCAR not found: vasp_mol/OH/beef_vdw/OUTCAR,complex: missing; slab: converged; molecule: missing,false,dft_jobs/OH_Ir110/beef_vdw/OUTCAR,vasp_slab/Ir110/beef_vdw/OUTCAR,vasp_mol/OH/beef_vdw/OUTCAR
beef_vdw,OH_Ir111,Ir111,OH,dft_jobs,,-339.48696992,,,error,slab+mol: OUTCAR not found: dft_jobs/OH_Ir111/beef_vdw/OUTCAR; mol: OUTCAR not found: vasp_mol/OH/beef_vdw/OUTCAR,complex: missing; slab: converged; molecule: missing,false,dft_jobs/OH_Ir111/beef_vdw/OUTCAR,vasp_slab/Ir111/beef_vdw/OUTCAR,vasp_mol/OH/beef_vdw/OUTCAR
beef_vdw,OH_Pt111_top,Pt111,OH,dft_jobs,,-115.71905359,,,error,slab+mol: OUTCAR not found: dft_jobs/OH_Pt111_top/beef_vdw/OUTCAR; mol: OUTCAR not found: vasp_mol/OH/beef_vdw/OUTCAR,complex: missing; slab: converged; molecule: missing,false,dft_jobs/OH_Pt111_top/beef_vdw/OUTCAR,vasp_slab/Pt111/beef_vdw/OUTCAR,vasp_mol/OH/beef_vdw/OUTCAR
beef_vdw,OH_Rh100,Rh100,OH,dft_jobs,,-104.08110193,,,error,slab+mol: OUTCAR not found: dft_jobs/OH_Rh100/beef_vdw/OUTCAR; mol: OUTCAR not found: vasp_mol/OH/beef_vdw/OUTCAR,complex: missing; slab: converged; molecule: missing,false,dft_jobs/OH_Rh100/beef_vdw/OUTCAR,vasp_slab/Rh100/beef_vdw/OUTCAR,vasp_mol/OH/beef_vdw/OUTCAR
beef_vdw,OH_Rh110,Rh110,OH,dft_jobs,,-61.02501679,,,error,slab+mol: OUTCAR not found: dft_jobs/OH_Rh110/beef_vdw/OUTCAR; mol: OUTCAR not found: vasp_mol/OH/beef_vdw/OUTCAR,complex: missing; slab: converged; molecule: missing,false,dft_jobs/OH_Rh110/beef_vdw/OUTCAR,vasp_slab/Rh110/beef_vdw/OUTCAR,vasp_mol/OH/beef_vdw/OUTCAR
beef_vdw,OH_Rh111,Rh111,OH,dft_jobs,,-192.72273486,,,error,slab+mol: OUTCAR not found: dft_jobs/OH_Rh111/beef_vdw/OUTCAR; mol: OUTCAR not found: vasp_mol/OH/beef_vdw/OUTCAR,complex: missing; slab: converged; molecule: missing,false,dft_jobs/OH_Rh111/beef_vdw/OUTCAR,vasp_slab/Rh111/beef_vdw/OUTCAR,vasp_mol/OH/beef_vdw/OUTCAR
beef_vdw,O_Ag100,Ag100,O,dft_jobs,,58.04168493,,,error,slab+mol: OUTCAR not found: dft_jobs/O_Ag100/beef_vdw/OUTCAR; mol: OUTCAR not found: vasp_mol/O/beef_vdw/OUTCAR,complex: missing; slab: converged; molecule: missing,false,dft_jobs/O_Ag100/beef_vdw/OUTCAR,vasp_slab/Ag100/beef_vdw/OUTCAR,vasp_mol/O/beef_vdw/OUTCAR
beef_vdw,O_Ag110,Ag110,O,dft_jobs,,41.61140369,,,error,slab+mol: OUTCAR not found: dft_jobs/O_Ag110/beef_vdw/OUTCAR; mol: OUTCAR not found: vasp_mol/O/beef_vdw/OUTCAR,complex: missing; slab: converged; molecule: missing,false,dft_jobs/O_Ag110/beef_vdw/OUTCAR,vasp_slab/Ag110/beef_vdw/OUTCAR,vasp_mol/O/beef_vdw/OUTCAR
beef_vdw,O_Ag111,Ag111,O,dft_jobs,,101.69997001,,,error,slab+mol: OUTCAR not found: dft_jobs/O_Ag111/beef_vdw/OUTCAR; mol: OUTCAR not found: vasp_mol/O/beef_vdw/OUTCAR,complex: missing; slab: converged; molecule: missing,false,dft_jobs/O_Ag111/beef_vdw/OUTCAR,vasp_slab/Ag111/beef_vdw/OUTCAR,vasp_mol/O/beef_vdw/OUTCAR
beef_vdw,O_Au100,Au100,O,dft_jobs,,2.61952143,,,error,slab+mol: OUTCAR not found: dft_jobs/O_Au100/beef_vdw/OUTCAR; mol: OUTCAR not found: vasp_mol/O/beef_vdw/OUTCAR,complex: missing; slab: converged; molecule: missing,false,dft_jobs/O_Au100/beef_vdw/OUTCAR,vasp_slab/Au100/beef_vdw/OUTCAR,vasp_mol/O/beef_vdw/OUTCAR
beef_vdw,O_Au110,Au110,O,dft_jobs,,4.35535241,,,error,slab+mol: OUTCAR not found: dft_jobs/O_Au110/beef_vdw/OUTCAR; mol: OUTCAR not found: vasp_mol/O/beef_vdw/OUTCAR,complex: missing; slab: converged; molecule: missing,false,dft_jobs/O_Au110/beef_vdw/OUTCAR,vasp_slab/Au110/beef_vdw/OUTCAR,vasp_mol/O/beef_vdw/OUTCAR
beef_vdw,O_Au111,Au111,O,dft_jobs,,1.22708835,,,error,slab+mol: OUTCAR not found: dft_jobs/O_Au111/beef_vdw/OUTCAR; mol: OUTCAR not found: vasp_mol/O/beef_vdw/OUTCAR,complex: missing; slab: converged; molecule: missing,false,dft_jobs/O_Au111/beef_vdw/OUTCAR,vasp_slab/Au111/beef_vdw/OUTCAR,vasp_mol/O/beef_vdw/OUTCAR
beef_vdw,O_Ir100,Ir100,O,dft_jobs,,-183.01756659,,,error,slab+mol: OUTCAR not found: dft_jobs/O_Ir100/beef_vdw/OUTCAR; mol: OUTCAR not found: vasp_mol/O/beef_vdw/OUTCAR,complex: missing; slab: converged; molecule: missing,false,dft_jobs/O_Ir100/beef_vdw/OUTCAR,vasp_slab/Ir100/beef_vdw/OUTCAR,vasp_mol/O/beef_vdw/OUTCAR
beef_vdw,O_Ir110,Ir110,O,dft_jobs,,-111.25249754,,,error,slab+mol: OUTCAR not found: dft_jobs/O_Ir110/beef_vdw/OUTCAR; mol: OUTCAR not found: vasp_mol/O/beef_vdw/OUTCAR,complex: missing; slab: converged; molecule: missing,false,dft_jobs/O_Ir110/beef_vdw/OUTCAR,vasp_slab/Ir110/beef_vdw/OUTCAR,vasp_mol/O/beef_vdw/OUTCAR
beef_vdw,O_Ir111,Ir111,O,dft_jobs,,-339.48696992,,,error,slab+mol: OUTCAR not found: dft_jobs/O_Ir111/beef_vdw/OUTCAR; mol: OUTCAR not found: vasp_mol/O/beef_vdw/OUTCAR,complex: missing; slab: converged; molecule: missing,false,dft_jobs/O_Ir111/beef_vdw/OUTCAR,vasp_slab/Ir111/beef_vdw/OUTCAR,vasp_mol/O/beef_vdw/OUTCAR
beef_vdw,O_Pt111_fcc,Pt111,O,dft_jobs,,-115.71905359,,,error,slab+mol: OUTCAR not found: dft_jobs/O_Pt111_fcc/beef_vdw/OUTCAR; mol: OUTCAR not found: vasp_mol/O/beef_vdw/OUTCAR,complex: missing; slab: converged; molecule: missing,false,dft_jobs/O_Pt111_fcc/beef_vdw/OUTCAR,vasp_slab/Pt111/beef_vdw/OUTCAR,vasp_mol/O/beef_vdw/OUTCAR
beef_vdw,O_Rh100,Rh100,O,dft_jobs,,-104.08110193,,,error,slab+mol: OUTCAR not found: dft_jobs/O_Rh100/beef_vdw/OUTCAR; mol: OUTCAR not found: vasp_mol/O/beef_vdw/OUTCAR,complex: missing; slab: converged; molecule: missing,false,dft_jobs/O_Rh100/beef_vdw/OUTCAR,vasp_slab/Rh100/beef_vdw/OUTCAR,vasp_mol/O/beef_vdw/OUTCAR
beef_vdw,O_Rh110,Rh110,O,dft_jobs,,-61.02501679,,,error,slab+mol: OUTCAR not found: dft_jobs/O_Rh110/beef_vdw/OUTCAR; mol: OUTCAR not found: vasp_mol/O/beef_vdw/OUTCAR,complex: missing; slab: converged; molecule: missing,false,dft_jobs/O_Rh110/beef_vdw/OUTCAR,vasp_slab/Rh110/beef_vdw/OUTCAR,vasp_mol/O/beef_vdw/OUTCAR
beef_vdw,O_Rh111,Rh111,O,dft_jobs,,-192.72273486,,,error,slab+mol: OUTCAR not found: dft_jobs/O_Rh111/beef_vdw/OUTCAR; mol: OUTCAR not found: vasp_mol/O/beef_vdw/OUTCAR,complex: missing; slab: converged; molecule: missing,false,dft_jobs/O_Rh111/beef_vdw/OUTCAR,vasp_slab/Rh111/beef_vdw/OUTCAR,vasp_mol/O/beef_vdw/OUTCAR
beef_vdw,SO2_Ag100,Ag100,SO2,dft_jobs,,58.04168493,-11.67086006,,error,slab+mol: OUTCAR not found: dft_jobs/SO2_Ag100/beef_vdw/OUTCAR,complex: missing; slab: converged; molecule: converged,false,dft_jobs/SO2_Ag100/beef_vdw/OUTCAR,vasp_slab/Ag100/beef_vdw/OUTCAR,vasp_mol/SO2/beef_vdw/OUTCAR
beef_vdw,SO2_Ag110,Ag110,SO2,dft_jobs,,41.61140369,-11.67086006,,error,slab+mol: OUTCAR not found: dft_jobs/SO2_Ag110/beef_vdw/OUTCAR,complex: missing; slab: converged; molecule: converged,false,dft_jobs/SO2_Ag110/beef_vdw/OUTCAR,vasp_slab/Ag110/beef_vdw/OUTCAR,vasp_mol/SO2/beef_vdw/OUTCAR
beef_vdw,SO2_Ag111,Ag111,SO2,dft_jobs,,101.69997001,-11.67086006,,error,slab+mol: OUTCAR not found: dft_jobs/SO2_Ag111/beef_vdw/OUTCAR,complex: missing; slab: converged; molecule: converged,false,dft_jobs/SO2_Ag111/beef_vdw/OUTCAR,vasp_slab/Ag111/beef_vdw/OUTCAR,vasp_mol/SO2/beef_vdw/OUTCAR
beef_vdw,SO2_Au100,Au100,SO2,dft_jobs,,2.61952143,-11.67086006,,error,slab+mol: OUTCAR not found: dft_jobs/SO2_Au100/beef_vdw/OUTCAR,complex: missing; slab: converged; molecule: converged,false,dft_jobs/SO2_Au100/beef_vdw/OUTCAR,vasp_slab/Au100/beef_vdw/OUTCAR,vasp_mol/SO2/beef_vdw/OUTCAR
beef_vdw,SO2_Au110,Au110,SO2,dft_jobs,,4.35535241,-11.67086006,,error,slab+mol: OUTCAR not found: dft_jobs/SO2_Au110/beef_vdw/OUTCAR,complex: missing; slab: converged; molecule: converged,false,dft_jobs/SO2_Au110/beef_vdw/OUTCAR,vasp_slab/Au110/beef_vdw/OUTCAR,vasp_mol/SO2/beef_vdw/OUTCAR
beef_vdw,SO2_Au111,Au111,SO2,dft_jobs,,1.22708835,-11.67086006,,error,slab+mol: OUTCAR not found: dft_jobs/SO2_Au111/beef_vdw/OUTCAR,complex: missing; slab: converged; molecule: converged,false,dft_jobs/SO2_Au111/beef_vdw/OUTCAR,vasp_slab/Au111/beef_vdw/OUTCAR,vasp_mol/SO2/beef_vdw/OUTCAR
beef_vdw,SO2_Cu100,Cu100,SO2,dft_jobs,,885.16340624,-11.67086006,,error,slab+mol: OUTCAR not found: dft_jobs/SO2_Cu100/beef_vdw/OUTCAR,complex: missing; slab: unfinished; molecule: converged,false,dft_jobs/SO2_Cu100/beef_vdw/OUTCAR,vasp_slab/Cu100/beef_vdw/OUTCAR,vasp_mol/SO2/beef_vdw/OUTCAR
beef_vdw,SO2_Cu110,Cu110,SO2,dft_jobs,,29.98519073,-11.67086006,,error,slab+mol: OUTCAR not found: dft_jobs/SO2_Cu110/beef_vdw/OUTCAR,complex: missing; slab: converged; molecule: converged,false,dft_jobs/SO2_Cu110/beef_vdw/OUTCAR,vasp_slab/Cu110/beef_vdw/OUTCAR,vasp_mol/SO2/beef_vdw/OUTCAR
beef_vdw,SO2_Cu111,Cu111,SO2,dft_jobs,,67.05686544,-11.67086006,,error,slab+mol: OUTCAR not found: dft_jobs/SO2_Cu111/beef_vdw/OUTCAR,complex: missing; slab: converged; molecule: converged,false,dft_jobs/SO2_Cu111/beef_vdw/OUTCAR,vasp_slab/Cu111/beef_vdw/OUTCAR,vasp_mol/SO2/beef_vdw/OUTCAR
beef_vdw,SO2_Ir100,Ir100,SO2,dft_jobs,,-183.01756659,-11.67086006,,error,slab+mol: OUTCAR not found: dft_jobs/SO2_Ir100/beef_vdw/OUTCAR,complex: missing; slab: converged; molecule: converged,false,dft_jobs/SO2_Ir100/beef_vdw/OUTCAR,vasp_slab/Ir100/beef_vdw/OUTCAR,vasp_mol/SO2/beef_vdw/OUTCAR
beef_vdw,SO2_Ir110,Ir110,SO2,dft_jobs,,-111.25249754,-11.67086006,,error,slab+mol: OUTCAR not found: dft_jobs/SO2_Ir110/beef_vdw/OUTCAR,complex: missing; slab: converged; molecule: converged,false,dft_jobs/SO2_Ir110/beef_vdw/OUTCAR,vasp_slab/Ir110/beef_vdw/OUTCAR,vasp_mol/SO2/beef_vdw/OUTCAR
beef_vdw,SO2_Ir111,Ir111,SO2,dft_jobs,,-339.48696992,-11.67086006,,error,slab+mol: OUTCAR not found: dft_jobs/SO2_Ir111/beef_vdw/OUTCAR,complex: missing; slab: converged; molecule: converged,false,dft_jobs/SO2_Ir111/beef_vdw/OUTCAR,vasp_slab/Ir111/beef_vdw/OUTCAR,vasp_mol/SO2/beef_vdw/OUTCAR
beef_vdw,SO2_Pd100,Pd100,SO2,dft_jobs,,-35.42003857,-11.67086006,,error,slab+mol: OUTCAR not found: dft_jobs/SO2_Pd100/beef_vdw/OUTCAR,complex: missing; slab: converged; molecule: converged,false,dft_jobs/SO2_Pd100/beef_vdw/OUTCAR,vasp_slab/Pd100/beef_vdw/OUTCAR,vasp_mol/SO2/beef_vdw/OUTCAR
beef_vdw,SO2_Pd110,Pd110,SO2,dft_jobs,,-17.56332055,-11.67086006,,error,slab+mol: OUTCAR not found: dft_jobs/SO2_Pd110/beef_vdw/OUTCAR,complex: missing; slab: converged; molecule: converged,false,dft_jobs/SO2_Pd110/beef_vdw/OUTCAR,vasp_slab/Pd110/beef_vdw/OUTCAR,vasp_mol/SO2/beef_vdw/OUTCAR
beef_vdw,SO2_Pd111,Pd111,SO2,dft_jobs,,-66.44447778,-11.67086006,,error,slab+mol: OUTCAR not found: dft_jobs/SO2_Pd111/beef_vdw/OUTCAR,complex: missing; slab: converged; molecule: converged,false,dft_jobs/SO2_Pd111/beef_vdw/OUTCAR,vasp_slab/Pd111/beef_vdw/OUTCAR,vasp_mol/SO2/beef_vdw/OUTCAR
beef_vdw,SO2_Pt100,Pt100,SO2,dft_jobs,,-60.04329946,-11.67086006,,error,slab+mol: OUTCAR not found: dft_jobs/SO2_Pt100/beef_vdw/OUTCAR,complex: missing; slab: converged; molecule: converged,false,dft_jobs/SO2_Pt100/beef_vdw/OUTCAR,vasp_slab/Pt100/beef_vdw/OUTCAR,vasp_mol/SO2/beef_vdw/OUTCAR
beef_vdw,SO2_Pt110,Pt110,SO2,dft_jobs,,-32.67956866,-11.67086006,,error,slab+mol: OUTCAR not found: dft_jobs/SO2_Pt110/beef_vdw/OUTCAR,complex: missing; slab: converged; molecule: converged,false,dft_jobs/SO2_Pt110/beef_vdw/OUTCAR,vasp_slab/Pt110/beef_vdw/OUTCAR,vasp_mol/SO2/beef_vdw/OUTCAR
beef_vdw,SO2_Pt111_top,Pt111,SO2,dft_jobs,,-115.71905359,-11.67086006,,error,slab+mol: OUTCAR not found: dft_jobs/SO2_Pt111_top/beef_vdw/OUTCAR,complex: missing; slab: converged; molecule: converged,false,dft_jobs/SO2_Pt111_top/beef_vdw/OUTCAR,vasp_slab/Pt111/beef_vdw/OUTCAR,vasp_mol/SO2/beef_vdw/OUTCAR
beef_vdw,SO2_Rh100,Rh100,SO2,dft_jobs,,-104.08110193,-11.67086006,,error,slab+mol: OUTCAR not found: dft_jobs/SO2_Rh100/beef_vdw/OUTCAR,complex: missing; slab: converged; molecule: converged,false,dft_jobs/SO2_Rh100/beef_vdw/OUTCAR,vasp_slab/Rh100/beef_vdw/OUTCAR,vasp_mol/SO2/beef_vdw/OUTCAR
beef_vdw,SO2_Rh110,Rh110,SO2,dft_jobs,,-61.02501679,-11.67086006,,error,slab+mol: OUTCAR not found: dft_jobs/SO2_Rh110/beef_vdw/OUTCAR,complex: missing; slab: converged; molecule: converged,false,dft_jobs/SO2_Rh110/beef_vdw/OUTCAR,vasp_slab/Rh110/beef_vdw/OUTCAR,vasp_mol/SO2/beef_vdw/OUTCAR
beef_vdw,SO2_Rh111,Rh111,SO2,dft_jobs,,-192.72273486,-11.67086006,,error,slab+mol: OUTCAR not found: dft_jobs/SO2_Rh111/beef_vdw/OUTCAR,complex: missing; slab: converged; molecule: converged,false,dft_jobs/SO2_Rh111/beef_vdw/OUTCAR,vasp_slab/Rh111/beef_vdw/OUTCAR,vasp_mol/SO2/beef_vdw/OUTCAR
