surface,molecule,functional,mode,status,E_ads,E_complex,E_slab,E_molecule,complex_cluster,slab_cluster,molecule_cluster,complex_directory,slab_directory,molecule_directory,complex_snapshot_id,slab_snapshot_id,molecule_snapshot_id,provenance,selection_reason,kestrel_fallback,previous_E_ads,candidate_count,applied_E_ads,application_status
Ag100,CH3,pbe,relaxed,,,,,,,,,,,,,,,,No complete matched component set,false,,0,,withheld: refs unverified
Ag100,CH3,pbe,SPE,,,,,,,,,,,,,,,,No complete matched component set,false,,0,,withheld: potential mismatch
Ag100,CH3,pbe_d3,relaxed,,,,,,,,,,,,,,,,No complete matched component set,false,,0,,withheld: refs unverified
Ag100,CH3,pbe_d3,SPE,,,,,,,,,,,,,,,,No complete matched component set,false,,0,,withheld: potential mismatch
Ag100,CH3,r2scan,relaxed,,,,,,,,,,,,,,,,No complete matched component set,false,,0,,withheld: refs unverified
Ag100,CH3,r2scan,SPE,,,,,,,,,,,,,,,,No complete matched component set,false,,0,,withheld: potential mismatch
Ag100,CH3,beef_vdw,relaxed,,,,,,,,,,,,,,,,No complete matched component set,false,,0,,withheld: refs unverified
Ag100,CH3,beef_vdw,SPE,,,,,,,,,,,,,,,,No complete matched component set,false,,0,,withheld: potential mismatch
Ag100,CO,pbe,relaxed,,,,,,,,,,,,,,,,No complete matched component set,false,,0,,withheld: refs unverified
Ag100,CO,pbe,SPE,,,,,,,,,,,,,,,,No complete matched component set,false,,0,,withheld: potential mismatch
Ag100,CO,pbe_d3,relaxed,,,,,,,,,,,,,,,,No complete matched component set,false,,0,,withheld: refs unverified
Ag100,CO,pbe_d3,SPE,,,,,,,,,,,,,,,,No complete matched component set,false,,0,,withheld: potential mismatch
Ag100,CO,r2scan,relaxed,,,,,,,,,,,,,,,,No complete matched component set,false,,0,,withheld: refs unverified
Ag100,CO,r2scan,SPE,,,,,,,,,,,,,,,,No complete matched component set,false,,0,,withheld: potential mismatch
Ag100,CO,beef_vdw,relaxed,,,,,,,,,,,,,,,,No complete matched component set,false,,0,,missing
Ag100,CO,beef_vdw,SPE,,,,,,,,,,,,,,,,No complete matched component set,false,,0,,withheld: potential mismatch
Ag100,CO2,pbe,relaxed,,,,,,,,,,,,,,,,No complete matched component set,false,,0,,withheld: potential mismatch
Ag100,CO2,pbe,SPE,,,,,,,,,,,,,,,,No complete matched component set,false,,0,,withheld: potential mismatch
Ag100,CO2,pbe_d3,relaxed,,,,,,,,,,,,,,,,No complete matched component set,false,,0,,missing
Ag100,CO2,pbe_d3,SPE,,,,,,,,,,,,,,,,No complete matched component set,false,,0,,missing
Ag100,CO2,r2scan,relaxed,,,,,,,,,,,,,,,,No complete matched component set,false,,0,,withheld: refs unverified
Ag100,CO2,r2scan,SPE,,,,,,,,,,,,,,,,No complete matched component set,false,,0,,withheld: potential mismatch
Ag100,CO2,beef_vdw,relaxed,,,,,,,,,,,,,,,,No complete matched component set,false,,0,,withheld: potential mismatch
Ag100,CO2,beef_vdw,SPE,,,,,,,,,,,,,,,,No complete matched component set,false,,0,,withheld: potential mismatch
Ag100,DME,pbe,relaxed,,,,,,,,,,,,,,,,No complete matched component set,false,,0,,missing
Ag100,DME,pbe,SPE,,,,,,,,,,,,,,,,No complete matched component set,false,,0,,withheld: potential mismatch
Ag100,DME,pbe_d3,relaxed,,,,,,,,,,,,,,,,No complete matched component set,false,,0,,missing
Ag100,DME,pbe_d3,SPE,,,,,,,,,,,,,,,,No complete matched component set,false,,0,,withheld: potential mismatch
Ag100,DME,r2scan,relaxed,,,,,,,,,,,,,,,,No complete matched component set,false,,0,,withheld: refs unverified
Ag100,DME,r2scan,SPE,,,,,,,,,,,,,,,,No complete matched component set,false,,0,,withheld: potential mismatch
Ag100,DME,beef_vdw,relaxed,,,,,,,,,,,,,,,,No complete matched component set,false,,0,,withheld: refs unverified
Ag100,DME,beef_vdw,SPE,,,,,,,,,,,,,,,,No complete matched component set,false,,0,,withheld: potential mismatch
Ag100,H2,pbe,relaxed,,,,,,,,,,,,,,,,No complete matched component set,false,,0,,withheld: refs unverified
Ag100,H2,pbe,SPE,,,,,,,,,,,,,,,,No complete matched component set,false,,0,,withheld: refs unverified
Ag100,H2,pbe_d3,relaxed,,,,,,,,,,,,,,,,No complete matched component set,false,,0,,withheld: refs unverified
Ag100,H2,pbe_d3,SPE,,,,,,,,,,,,,,,,No complete matched component set,false,,0,,withheld: refs unverified
Ag100,H2,r2scan,relaxed,,,,,,,,,,,,,,,,No complete matched component set,false,,0,,withheld: refs unverified
Ag100,H2,r2scan,SPE,,,,,,,,,,,,,,,,No complete matched component set,false,,0,,withheld: refs unverified
Ag100,H2,beef_vdw,relaxed,,,,,,,,,,,,,,,,No complete matched component set,false,,0,,missing
Ag100,H2,beef_vdw,SPE,,,,,,,,,,,,,,,,No complete matched component set,false,,0,,missing
Ag100,H2O,pbe,relaxed,,,,,,,,,,,,,,,,No complete matched component set,false,,0,,withheld: refs unverified
Ag100,H2O,pbe,SPE,,,,,,,,,,,,,,,,No complete matched component set,false,,0,,withheld: potential mismatch
Ag100,H2O,pbe_d3,relaxed,,,,,,,,,,,,,,,,No complete matched component set,false,,0,,withheld: refs unverified
Ag100,H2O,pbe_d3,SPE,,,,,,,,,,,,,,,,No complete matched component set,false,,0,,withheld: potential mismatch
Ag100,H2O,r2scan,relaxed,,,,,,,,,,,,,,,,No complete matched component set,false,,0,,withheld: refs unverified
Ag100,H2O,r2scan,SPE,,,,,,,,,,,,,,,,No complete matched component set,false,,0,,withheld: potential mismatch
Ag100,H2O,beef_vdw,relaxed,,,,,,,,,,,,,,,,No complete matched component set,false,,0,,missing
Ag100,H2O,beef_vdw,SPE,,,,,,,,,,,,,,,,No complete matched component set,false,,0,,withheld: potential mismatch
Ag100,H2S,pbe,relaxed,,,,,,,,,,,,,,,,No complete matched component set,false,,0,,withheld: refs unverified
Ag100,H2S,pbe,SPE,,,,,,,,,,,,,,,,No complete matched component set,false,,0,,withheld: potential mismatch
Ag100,H2S,pbe_d3,relaxed,,,,,,,,,,,,,,,,No complete matched component set,false,,0,,withheld: refs unverified
Ag100,H2S,pbe_d3,SPE,,,,,,,,,,,,,,,,No complete matched component set,false,,0,,withheld: potential mismatch
Ag100,H2S,r2scan,relaxed,,,,,,,,,,,,,,,,No complete matched component set,false,,0,,missing
Ag100,H2S,r2scan,SPE,,,,,,,,,,,,,,,,No complete matched component set,false,,0,,withheld: potential mismatch
Ag100,H2S,beef_vdw,relaxed,,,,,,,,,,,,,,,,No complete matched component set,false,,0,,withheld: refs unverified
Ag100,H2S,beef_vdw,SPE,,,,,,,,,,,,,,,,No complete matched component set,false,,0,,withheld: potential mismatch
Ag100,N2,pbe,relaxed,,,,,,,,,,,,,,,,No complete matched component set,false,,0,,withheld: refs unverified
Ag100,N2,pbe,SPE,,,,,,,,,,,,,,,,No complete matched component set,false,,0,,withheld: refs unverified
Ag100,N2,pbe_d3,relaxed,,,,,,,,,,,,,,,,No complete matched component set,false,,0,,withheld: refs unverified
Ag100,N2,pbe_d3,SPE,,,,,,,,,,,,,,,,No complete matched component set,false,,0,,withheld: refs unverified
Ag100,N2,r2scan,relaxed,,,,,,,,,,,,,,,,No complete matched component set,false,,0,,withheld: refs unverified
Ag100,N2,r2scan,SPE,,,,,,,,,,,,,,,,No complete matched component set,false,,0,,withheld: refs unverified
Ag100,N2,beef_vdw,relaxed,,,,,,,,,,,,,,,,No complete matched component set,false,,0,,missing
Ag100,N2,beef_vdw,SPE,,,,,,,,,,,,,,,,No complete matched component set,false,,0,,missing
Ag100,NH3,pbe,relaxed,,,,,,,,,,,,,,,,No complete matched component set,false,,0,,withheld: refs unverified
Ag100,NH3,pbe,SPE,,,,,,,,,,,,,,,,No complete matched component set,false,,0,,withheld: refs unverified
Ag100,NH3,pbe_d3,relaxed,,,,,,,,,,,,,,,,No complete matched component set,false,,0,,withheld: refs unverified
Ag100,NH3,pbe_d3,SPE,,,,,,,,,,,,,,,,No complete matched component set,false,,0,,withheld: refs unverified
Ag100,NH3,r2scan,relaxed,,,,,,,,,,,,,,,,No complete matched component set,false,,0,,withheld: refs unverified
Ag100,NH3,r2scan,SPE,,,,,,,,,,,,,,,,No complete matched component set,false,,0,,withheld: refs unverified
Ag100,NH3,beef_vdw,relaxed,,,,,,,,,,,,,,,,No complete matched component set,false,,0,,withheld: refs unverified
Ag100,NH3,beef_vdw,SPE,,,,,,,,,,,,,,,,No complete matched component set,false,,0,,missing
Ag100,NO,pbe,relaxed,,,,,,,,,,,,,,,,No complete matched component set,false,,0,,withheld: refs unverified
Ag100,NO,pbe,SPE,,,,,,,,,,,,,,,,No complete matched component set,false,,0,,withheld: refs unverified
Ag100,NO,pbe_d3,relaxed,,,,,,,,,,,,,,,,No complete matched component set,false,,0,,withheld: refs unverified
Ag100,NO,pbe_d3,SPE,,,,,,,,,,,,,,,,No complete matched component set,false,,0,,withheld: refs unverified
Ag100,NO,r2scan,relaxed,,,,,,,,,,,,,,,,No complete matched component set,false,,0,,withheld: refs unverified
Ag100,NO,r2scan,SPE,,,,,,,,,,,,,,,,No complete matched component set,false,,0,,missing
Ag100,NO,beef_vdw,relaxed,,,,,,,,,,,,,,,,No complete matched component set,false,,0,,withheld: refs unverified
Ag100,NO,beef_vdw,SPE,,,,,,,,,,,,,,,,No complete matched component set,false,,0,,missing
Ag100,O2,pbe,relaxed,,,,,,,,,,,,,,,,No complete matched component set,false,,0,,withheld: refs unverified
Ag100,O2,pbe,SPE,,,,,,,,,,,,,,,,No complete matched component set,false,,0,,missing
Ag100,O2,pbe_d3,relaxed,,,,,,,,,,,,,,,,No complete matched component set,false,,0,,missing
Ag100,O2,pbe_d3,SPE,,,,,,,,,,,,,,,,No complete matched component set,false,,0,,missing
Ag100,O2,r2scan,relaxed,,,,,,,,,,,,,,,,No complete matched component set,false,,0,,missing
Ag100,O2,r2scan,SPE,,,,,,,,,,,,,,,,No complete matched component set,false,,0,,missing
Ag100,O2,beef_vdw,relaxed,,,,,,,,,,,,,,,,No complete matched component set,false,,0,,missing
Ag100,O2,beef_vdw,SPE,,,,,,,,,,,,,,,,No complete matched component set,false,,0,,missing
Ag100,SO2,pbe,relaxed,,,,,,,,,,,,,,,,No complete matched component set,false,,0,,withheld: refs unverified
Ag100,SO2,pbe,SPE,,,,,,,,,,,,,,,,No complete matched component set,false,,0,,withheld: refs unverified
Ag100,SO2,pbe_d3,relaxed,,,,,,,,,,,,,,,,No complete matched component set,false,,0,,withheld: refs unverified
Ag100,SO2,pbe_d3,SPE,,,,,,,,,,,,,,,,No complete matched component set,false,,0,,withheld: refs unverified
Ag100,SO2,r2scan,relaxed,,,,,,,,,,,,,,,,No complete matched component set,false,,0,,withheld: refs unverified
Ag100,SO2,r2scan,SPE,,,,,,,,,,,,,,,,No complete matched component set,false,,0,,withheld: refs unverified
Ag100,SO2,beef_vdw,relaxed,,,,,,,,,,,,,,,,No complete matched component set,false,,0,,withheld: refs unverified
Ag100,SO2,beef_vdw,SPE,,,,,,,,,,,,,,,,No complete matched component set,false,,0,,missing
Ag100,acetaldehyde,pbe,relaxed,,,,,,,,,,,,,,,,No complete matched component set,false,,0,,withheld: refs unverified
Ag100,acetaldehyde,pbe,SPE,,,,,,,,,,,,,,,,No complete matched component set,false,,0,,withheld: potential mismatch
Ag100,acetaldehyde,pbe_d3,relaxed,,,,,,,,,,,,,,,,No complete matched component set,false,,0,,withheld: refs unverified
Ag100,acetaldehyde,pbe_d3,SPE,,,,,,,,,,,,,,,,No complete matched component set,false,,0,,withheld: potential mismatch
Ag100,acetaldehyde,r2scan,relaxed,,,,,,,,,,,,,,,,No complete matched component set,false,,0,,withheld: refs unverified
Ag100,acetaldehyde,r2scan,SPE,,,,,,,,,,,,,,,,No complete matched component set,false,,0,,withheld: potential mismatch
Ag100,acetaldehyde,beef_vdw,relaxed,,,,,,,,,,,,,,,,No complete matched component set,false,,0,,withheld: refs unverified
Ag100,acetaldehyde,beef_vdw,SPE,,,,,,,,,,,,,,,,No complete matched component set,false,,0,,withheld: potential mismatch
Ag100,acetic_acid,pbe,relaxed,,,,,,,,,,,,,,,,No complete matched component set,false,,0,,missing
Ag100,acetic_acid,pbe,SPE,,,,,,,,,,,,,,,,No complete matched component set,false,,0,,missing
Ag100,acetic_acid,pbe_d3,relaxed,,,,,,,,,,,,,,,,No complete matched component set,false,,0,,missing
Ag100,acetic_acid,pbe_d3,SPE,,,,,,,,,,,,,,,,No complete matched component set,false,,0,,missing
Ag100,acetic_acid,r2scan,relaxed,,,,,,,,,,,,,,,,No complete matched component set,false,,0,,withheld: refs unverified
Ag100,acetic_acid,r2scan,SPE,,,,,,,,,,,,,,,,No complete matched component set,false,,0,,withheld: potential mismatch
Ag100,acetic_acid,beef_vdw,relaxed,,,,,,,,,,,,,,,,No complete matched component set,false,,0,,withheld: refs unverified
Ag100,acetic_acid,beef_vdw,SPE,,,,,,,,,,,,,,,,No complete matched component set,false,,0,,withheld: potential mismatch
Ag100,ethane,pbe,relaxed,,,,,,,,,,,,,,,,No complete matched component set,false,,0,,withheld: potential mismatch
Ag100,ethane,pbe,SPE,,,,,,,,,,,,,,,,No complete matched component set,false,,0,,withheld: potential mismatch
Ag100,ethane,pbe_d3,relaxed,,,,,,,,,,,,,,,,No complete matched component set,false,,0,,withheld: potential mismatch
Ag100,ethane,pbe_d3,SPE,,,,,,,,,,,,,,,,No complete matched component set,false,,0,,withheld: potential mismatch
Ag100,ethane,r2scan,relaxed,,,,,,,,,,,,,,,,No complete matched component set,false,,0,,withheld: refs unverified
Ag100,ethane,r2scan,SPE,,,,,,,,,,,,,,,,No complete matched component set,false,,0,,withheld: potential mismatch
Ag100,ethane,beef_vdw,relaxed,,,,,,,,,,,,,,,,No complete matched component set,false,,0,,withheld: potential mismatch
Ag100,ethane,beef_vdw,SPE,,,,,,,,,,,,,,,,No complete matched component set,false,,0,,withheld: potential mismatch
Ag100,ethanol,pbe,relaxed,,,,,,,,,,,,,,,,No complete matched component set,false,,0,,withheld: potential mismatch
Ag100,ethanol,pbe,SPE,,,,,,,,,,,,,,,,No complete matched component set,false,,0,,withheld: potential mismatch
Ag100,ethanol,pbe_d3,relaxed,,,,,,,,,,,,,,,,No complete matched component set,false,,0,,withheld: potential mismatch
Ag100,ethanol,pbe_d3,SPE,,,,,,,,,,,,,,,,No complete matched component set,false,,0,,withheld: potential mismatch
Ag100,ethanol,r2scan,relaxed,,,,,,,,,,,,,,,,No complete matched component set,false,,0,,withheld: refs unverified
Ag100,ethanol,r2scan,SPE,,,,,,,,,,,,,,,,No complete matched component set,false,,0,,withheld: potential mismatch
Ag100,ethanol,beef_vdw,relaxed,,,,,,,,,,,,,,,,No complete matched component set,false,,0,,withheld: potential mismatch
Ag100,ethanol,beef_vdw,SPE,,,,,,,,,,,,,,,,No complete matched component set,false,,0,,withheld: potential mismatch
Ag100,ethene,pbe,relaxed,,,,,,,,,,,,,,,,No complete matched component set,false,,0,,withheld: refs unverified
Ag100,ethene,pbe,SPE,,,,,,,,,,,,,,,,No complete matched component set,false,,0,,withheld: potential mismatch
Ag100,ethene,pbe_d3,relaxed,,,,,,,,,,,,,,,,No complete matched component set,false,,0,,withheld: refs unverified
Ag100,ethene,pbe_d3,SPE,,,,,,,,,,,,,,,,No complete matched component set,false,,0,,withheld: potential mismatch
Ag100,ethene,r2scan,relaxed,,,,,,,,,,,,,,,,No complete matched component set,false,,0,,withheld: refs unverified
Ag100,ethene,r2scan,SPE,,,,,,,,,,,,,,,,No complete matched component set,false,,0,,withheld: potential mismatch
Ag100,ethene,beef_vdw,relaxed,,,,,,,,,,,,,,,,No complete matched component set,false,,0,,withheld: refs unverified
Ag100,ethene,beef_vdw,SPE,,,,,,,,,,,,,,,,No complete matched component set,false,,0,,withheld: potential mismatch
Ag100,formaldehyde,pbe,relaxed,,,,,,,,,,,,,,,,No complete matched component set,false,,0,,withheld: refs unverified
Ag100,formaldehyde,pbe,SPE,,,,,,,,,,,,,,,,No complete matched component set,false,,0,,withheld: potential mismatch
Ag100,formaldehyde,pbe_d3,relaxed,,,,,,,,,,,,,,,,No complete matched component set,false,,0,,withheld: refs unverified
Ag100,formaldehyde,pbe_d3,SPE,,,,,,,,,,,,,,,,No complete matched component set,false,,0,,withheld: potential mismatch
Ag100,formaldehyde,r2scan,relaxed,,,,,,,,,,,,,,,,No complete matched component set,false,,0,,missing
Ag100,formaldehyde,r2scan,SPE,,,,,,,,,,,,,,,,No complete matched component set,false,,0,,withheld: potential mismatch
Ag100,formaldehyde,beef_vdw,relaxed,,,,,,,,,,,,,,,,No complete matched component set,false,,0,,withheld: refs unverified
Ag100,formaldehyde,beef_vdw,SPE,,,,,,,,,,,,,,,,No complete matched component set,false,,0,,withheld: potential mismatch
Ag100,formate,pbe,relaxed,,,,,,,,,,,,,,,,No complete matched component set,false,,0,,withheld: refs unverified
Ag100,formate,pbe,SPE,,,,,,,,,,,,,,,,No complete matched component set,false,,0,,withheld: refs unverified
Ag100,formate,pbe_d3,relaxed,,,,,,,,,,,,,,,,No complete matched component set,false,,0,,withheld: refs unverified
Ag100,formate,pbe_d3,SPE,,,,,,,,,,,,,,,,No complete matched component set,false,,0,,withheld: refs unverified
Ag100,formate,r2scan,relaxed,,,,,,,,,,,,,,,,No complete matched component set,false,,0,,withheld: refs unverified
Ag100,formate,r2scan,SPE,,,,,,,,,,,,,,,,No complete matched component set,false,,0,,withheld: refs unverified
Ag100,formate,beef_vdw,relaxed,,,,,,,,,,,,,,,,No complete matched component set,false,,0,,missing
Ag100,formate,beef_vdw,SPE,,,,,,,,,,,,,,,,No complete matched component set,false,,0,,missing
Ag100,formic_acid,pbe,relaxed,,,,,,,,,,,,,,,,No complete matched component set,false,,0,,withheld: refs unverified
Ag100,formic_acid,pbe,SPE,,,,,,,,,,,,,,,,No complete matched component set,false,,0,,withheld: refs unverified
Ag100,formic_acid,pbe_d3,relaxed,,,,,,,,,,,,,,,,No complete matched component set,false,,0,,withheld: refs unverified
Ag100,formic_acid,pbe_d3,SPE,,,,,,,,,,,,,,,,No complete matched component set,false,,0,,withheld: refs unverified
Ag100,formic_acid,r2scan,relaxed,,,,,,,,,,,,,,,,No complete matched component set,false,,0,,withheld: refs unverified
Ag100,formic_acid,r2scan,SPE,,,,,,,,,,,,,,,,No complete matched component set,false,,0,,withheld: refs unverified
Ag100,formic_acid,beef_vdw,relaxed,,,,,,,,,,,,,,,,No complete matched component set,false,,0,,withheld: refs unverified
Ag100,formic_acid,beef_vdw,SPE,,,,,,,,,,,,,,,,No complete matched component set,false,,0,,missing
Ag100,glycerol,pbe,relaxed,,,,,,,,,,,,,,,,No complete matched component set,false,,0,,withheld: refs unverified
Ag100,glycerol,pbe,SPE,,,,,,,,,,,,,,,,No complete matched component set,false,,0,,withheld: potential mismatch
Ag100,glycerol,pbe_d3,relaxed,,,,,,,,,,,,,,,,No complete matched component set,false,,0,,withheld: refs unverified
Ag100,glycerol,pbe_d3,SPE,,,,,,,,,,,,,,,,No complete matched component set,false,,0,,withheld: potential mismatch
Ag100,glycerol,r2scan,relaxed,,,,,,,,,,,,,,,,No complete matched component set,false,,0,,withheld: refs unverified
Ag100,glycerol,r2scan,SPE,,,,,,,,,,,,,,,,No complete matched component set,false,,0,,withheld: potential mismatch
Ag100,glycerol,beef_vdw,relaxed,,,,,,,,,,,,,,,,No complete matched component set,false,,0,,missing
Ag100,glycerol,beef_vdw,SPE,,,,,,,,,,,,,,,,No complete matched component set,false,,0,,withheld: refs unverified
Ag100,isopropanol,pbe,relaxed,,,,,,,,,,,,,,,,No complete matched component set,false,,0,,withheld: refs unverified
Ag100,isopropanol,pbe,SPE,,,,,,,,,,,,,,,,No complete matched component set,false,,0,,withheld: refs unverified
Ag100,isopropanol,pbe_d3,relaxed,,,,,,,,,,,,,,,,No complete matched component set,false,,0,,withheld: refs unverified
Ag100,isopropanol,pbe_d3,SPE,,,,,,,,,,,,,,,,No complete matched component set,false,,0,,withheld: refs unverified
Ag100,isopropanol,r2scan,relaxed,,,,,,,,,,,,,,,,No complete matched component set,false,,0,,withheld: refs unverified
Ag100,isopropanol,r2scan,SPE,,,,,,,,,,,,,,,,No complete matched component set,false,,0,,withheld: refs unverified
Ag100,isopropanol,beef_vdw,relaxed,,,,,,,,,,,,,,,,No complete matched component set,false,,0,,missing
Ag100,isopropanol,beef_vdw,SPE,,,,,,,,,,,,,,,,No complete matched component set,false,,0,,missing
Ag100,methane,pbe,relaxed,,,,,,,,,,,,,,,,No complete matched component set,false,,0,,withheld: refs unverified
Ag100,methane,pbe,SPE,,,,,,,,,,,,,,,,No complete matched component set,false,,0,,withheld: potential mismatch
Ag100,methane,pbe_d3,relaxed,,,,,,,,,,,,,,,,No complete matched component set,false,,0,,withheld: refs unverified
Ag100,methane,pbe_d3,SPE,,,,,,,,,,,,,,,,No complete matched component set,false,,0,,withheld: potential mismatch
Ag100,methane,r2scan,relaxed,,,,,,,,,,,,,,,,No complete matched component set,false,,0,,withheld: refs unverified
Ag100,methane,r2scan,SPE,,,,,,,,,,,,,,,,No complete matched component set,false,,0,,withheld: potential mismatch
Ag100,methane,beef_vdw,relaxed,,,,,,,,,,,,,,,,No complete matched component set,false,,0,,withheld: refs unverified
Ag100,methane,beef_vdw,SPE,,,,,,,,,,,,,,,,No complete matched component set,false,,0,,withheld: potential mismatch
Ag100,methanol,pbe,relaxed,,,,,,,,,,,,,,,,No complete matched component set,false,,0,,withheld: refs unverified
Ag100,methanol,pbe,SPE,,,,,,,,,,,,,,,,No complete matched component set,false,,0,,withheld: potential mismatch
Ag100,methanol,pbe_d3,relaxed,,,,,,,,,,,,,,,,No complete matched component set,false,,0,,withheld: refs unverified
Ag100,methanol,pbe_d3,SPE,,,,,,,,,,,,,,,,No complete matched component set,false,,0,,withheld: potential mismatch
Ag100,methanol,r2scan,relaxed,,,,,,,,,,,,,,,,No complete matched component set,false,,0,,withheld: refs unverified
Ag100,methanol,r2scan,SPE,,,,,,,,,,,,,,,,No complete matched component set,false,,0,,withheld: potential mismatch
Ag100,methanol,beef_vdw,relaxed,,,,,,,,,,,,,,,,No complete matched component set,false,,0,,withheld: refs unverified
Ag100,methanol,beef_vdw,SPE,,,,,,,,,,,,,,,,No complete matched component set,false,,0,,withheld: potential mismatch
Ag100,propane,pbe,relaxed,,,,,,,,,,,,,,,,No complete matched component set,false,,0,,withheld: refs unverified
Ag100,propane,pbe,SPE,,,,,,,,,,,,,,,,No complete matched component set,false,,0,,withheld: refs unverified
Ag100,propane,pbe_d3,relaxed,,,,,,,,,,,,,,,,No complete matched component set,false,,0,,withheld: refs unverified
Ag100,propane,pbe_d3,SPE,,,,,,,,,,,,,,,,No complete matched component set,false,,0,,withheld: refs unverified
Ag100,propane,r2scan,relaxed,,,,,,,,,,,,,,,,No complete matched component set,false,,0,,withheld: refs unverified
Ag100,propane,r2scan,SPE,,,,,,,,,,,,,,,,No complete matched component set,false,,0,,withheld: refs unverified
Ag100,propane,beef_vdw,relaxed,,,,,,,,,,,,,,,,No complete matched component set,false,,0,,missing
Ag100,propane,beef_vdw,SPE,,,,,,,,,,,,,,,,No complete matched component set,false,,0,,missing
Ag100,propanol,pbe,relaxed,,,,,,,,,,,,,,,,No complete matched component set,false,,0,,withheld: refs unverified
Ag100,propanol,pbe,SPE,,,,,,,,,,,,,,,,No complete matched component set,false,,0,,withheld: refs unverified
Ag100,propanol,pbe_d3,relaxed,,,,,,,,,,,,,,,,No complete matched component set,false,,0,,withheld: refs unverified
Ag100,propanol,pbe_d3,SPE,,,,,,,,,,,,,,,,No complete matched component set,false,,0,,withheld: refs unverified
Ag100,propanol,r2scan,relaxed,,,,,,,,,,,,,,,,No complete matched component set,false,,0,,withheld: refs unverified
Ag100,propanol,r2scan,SPE,,,,,,,,,,,,,,,,No complete matched component set,false,,0,,withheld: refs unverified
Ag100,propanol,beef_vdw,relaxed,,,,,,,,,,,,,,,,No complete matched component set,false,,0,,missing
Ag100,propanol,beef_vdw,SPE,,,,,,,,,,,,,,,,No complete matched component set,false,,0,,missing
Ag100,propene,pbe,relaxed,,,,,,,,,,,,,,,,No complete matched component set,false,,0,,withheld: refs unverified
Ag100,propene,pbe,SPE,,,,,,,,,,,,,,,,No complete matched component set,false,,0,,withheld: refs unverified
Ag100,propene,pbe_d3,relaxed,,,,,,,,,,,,,,,,No complete matched component set,false,,0,,withheld: refs unverified
Ag100,propene,pbe_d3,SPE,,,,,,,,,,,,,,,,No complete matched component set,false,,0,,withheld: refs unverified
Ag100,propene,r2scan,relaxed,,,,,,,,,,,,,,,,No complete matched component set,false,,0,,withheld: refs unverified
Ag100,propene,r2scan,SPE,,,,,,,,,,,,,,,,No complete matched component set,false,,0,,withheld: refs unverified
Ag100,propene,beef_vdw,relaxed,,,,,,,,,,,,,,,,No complete matched component set,false,,0,,missing
Ag100,propene,beef_vdw,SPE,,,,,,,,,,,,,,,,No complete matched component set,false,,0,,missing
Ag110,CH3,pbe,relaxed,,,,,,,,,,,,,,,,No complete matched component set,false,,0,,withheld: refs unverified
Ag110,CH3,pbe,SPE,,,,,,,,,,,,,,,,No complete matched component set,false,,0,,withheld: potential mismatch
Ag110,CH3,pbe_d3,relaxed,,,,,,,,,,,,,,,,No complete matched component set,false,,0,,withheld: refs unverified
Ag110,CH3,pbe_d3,SPE,,,,,,,,,,,,,,,,No complete matched component set,false,,0,,withheld: potential mismatch
Ag110,CH3,r2scan,relaxed,,,,,,,,,,,,,,,,No complete matched component set,false,,0,,withheld: refs unverified
Ag110,CH3,r2scan,SPE,,,,,,,,,,,,,,,,No complete matched component set,false,,0,,withheld: potential mismatch
Ag110,CH3,beef_vdw,relaxed,,,,,,,,,,,,,,,,No complete matched component set,false,,0,,withheld: refs unverified
Ag110,CH3,beef_vdw,SPE,,,,,,,,,,,,,,,,No complete matched component set,false,,0,,withheld: potential mismatch
Ag110,CO,pbe,relaxed,,,,,,,,,,,,,,,,No complete matched component set,false,,0,,withheld: refs unverified
Ag110,CO,pbe,SPE,,,,,,,,,,,,,,,,No complete matched component set,false,,0,,withheld: potential mismatch
Ag110,CO,pbe_d3,relaxed,,,,,,,,,,,,,,,,No complete matched component set,false,,0,,withheld: refs unverified
Ag110,CO,pbe_d3,SPE,,,,,,,,,,,,,,,,No complete matched component set,false,,0,,withheld: potential mismatch
Ag110,CO,r2scan,relaxed,,,,,,,,,,,,,,,,No complete matched component set,false,,0,,withheld: refs unverified
Ag110,CO,r2scan,SPE,,,,,,,,,,,,,,,,No complete matched component set,false,,0,,withheld: potential mismatch
Ag110,CO,beef_vdw,relaxed,,,,,,,,,,,,,,,,No complete matched component set,false,,0,,withheld: refs unverified
Ag110,CO,beef_vdw,SPE,,,,,,,,,,,,,,,,No complete matched component set,false,,0,,withheld: potential mismatch
Ag110,CO2,pbe,relaxed,,,,,,,,,,,,,,,,No complete matched component set,false,,0,,withheld: refs unverified
Ag110,CO2,pbe,SPE,,,,,,,,,,,,,,,,No complete matched component set,false,,0,,withheld: potential mismatch
Ag110,CO2,pbe_d3,relaxed,,,,,,,,,,,,,,,,No complete matched component set,false,,0,,missing
Ag110,CO2,pbe_d3,SPE,,,,,,,,,,,,,,,,No complete matched component set,false,,0,,missing
Ag110,CO2,r2scan,relaxed,,,,,,,,,,,,,,,,No complete matched component set,false,,0,,withheld: refs unverified
Ag110,CO2,r2scan,SPE,,,,,,,,,,,,,,,,No complete matched component set,false,,0,,withheld: potential mismatch
Ag110,CO2,beef_vdw,relaxed,,,,,,,,,,,,,,,,No complete matched component set,false,,0,,withheld: refs unverified
Ag110,CO2,beef_vdw,SPE,,,,,,,,,,,,,,,,No complete matched component set,false,,0,,withheld: potential mismatch
Ag110,DME,pbe,relaxed,,,,,,,,,,,,,,,,No complete matched component set,false,,0,,missing
Ag110,DME,pbe,SPE,,,,,,,,,,,,,,,,No complete matched component set,false,,0,,withheld: potential mismatch
Ag110,DME,pbe_d3,relaxed,,,,,,,,,,,,,,,,No complete matched component set,false,,0,,missing
Ag110,DME,pbe_d3,SPE,,,,,,,,,,,,,,,,No complete matched component set,false,,0,,withheld: potential mismatch
Ag110,DME,r2scan,relaxed,,,,,,,,,,,,,,,,No complete matched component set,false,,0,,withheld: refs unverified
Ag110,DME,r2scan,SPE,,,,,,,,,,,,,,,,No complete matched component set,false,,0,,withheld: potential mismatch
Ag110,DME,beef_vdw,relaxed,,,,,,,,,,,,,,,,No complete matched component set,false,,0,,withheld: refs unverified
Ag110,DME,beef_vdw,SPE,,,,,,,,,,,,,,,,No complete matched component set,false,,0,,withheld: potential mismatch
Ag110,H2,pbe,relaxed,,,,,,,,,,,,,,,,No complete matched component set,false,,0,,withheld: refs unverified
Ag110,H2,pbe,SPE,,,,,,,,,,,,,,,,No complete matched component set,false,,0,,withheld: refs unverified
Ag110,H2,pbe_d3,relaxed,,,,,,,,,,,,,,,,No complete matched component set,false,,0,,withheld: refs unverified
Ag110,H2,pbe_d3,SPE,,,,,,,,,,,,,,,,No complete matched component set,false,,0,,withheld: refs unverified
Ag110,H2,r2scan,relaxed,,,,,,,,,,,,,,,,No complete matched component set,false,,0,,withheld: refs unverified
Ag110,H2,r2scan,SPE,,,,,,,,,,,,,,,,No complete matched component set,false,,0,,withheld: refs unverified
Ag110,H2,beef_vdw,relaxed,,,,,,,,,,,,,,,,No complete matched component set,false,,0,,missing
Ag110,H2,beef_vdw,SPE,,,,,,,,,,,,,,,,No complete matched component set,false,,0,,missing
Ag110,H2O,pbe,relaxed,,,,,,,,,,,,,,,,No complete matched component set,false,,0,,withheld: refs unverified
Ag110,H2O,pbe,SPE,,,,,,,,,,,,,,,,No complete matched component set,false,,0,,withheld: potential mismatch
Ag110,H2O,pbe_d3,relaxed,,,,,,,,,,,,,,,,No complete matched component set,false,,0,,withheld: refs unverified
Ag110,H2O,pbe_d3,SPE,,,,,,,,,,,,,,,,No complete matched component set,false,,0,,withheld: potential mismatch
Ag110,H2O,r2scan,relaxed,,,,,,,,,,,,,,,,No complete matched component set,false,,0,,withheld: refs unverified
Ag110,H2O,r2scan,SPE,,,,,,,,,,,,,,,,No complete matched component set,false,,0,,withheld: potential mismatch
Ag110,H2O,beef_vdw,relaxed,,,,,,,,,,,,,,,,No complete matched component set,false,,0,,missing
Ag110,H2O,beef_vdw,SPE,,,,,,,,,,,,,,,,No complete matched component set,false,,0,,withheld: potential mismatch
Ag110,H2S,pbe,relaxed,,,,,,,,,,,,,,,,No complete matched component set,false,,0,,withheld: refs unverified
Ag110,H2S,pbe,SPE,,,,,,,,,,,,,,,,No complete matched component set,false,,0,,withheld: potential mismatch
Ag110,H2S,pbe_d3,relaxed,,,,,,,,,,,,,,,,No complete matched component set,false,,0,,withheld: refs unverified
Ag110,H2S,pbe_d3,SPE,,,,,,,,,,,,,,,,No complete matched component set,false,,0,,withheld: potential mismatch
Ag110,H2S,r2scan,relaxed,,,,,,,,,,,,,,,,No complete matched component set,false,,0,,withheld: refs unverified
Ag110,H2S,r2scan,SPE,,,,,,,,,,,,,,,,No complete matched component set,false,,0,,withheld: potential mismatch
Ag110,H2S,beef_vdw,relaxed,,,,,,,,,,,,,,,,No complete matched component set,false,,0,,withheld: refs unverified
Ag110,H2S,beef_vdw,SPE,,,,,,,,,,,,,,,,No complete matched component set,false,,0,,withheld: potential mismatch
Ag110,N2,pbe,relaxed,,,,,,,,,,,,,,,,No complete matched component set,false,,0,,withheld: refs unverified
Ag110,N2,pbe,SPE,,,,,,,,,,,,,,,,No complete matched component set,false,,0,,withheld: refs unverified
Ag110,N2,pbe_d3,relaxed,,,,,,,,,,,,,,,,No complete matched component set,false,,0,,withheld: refs unverified
Ag110,N2,pbe_d3,SPE,,,,,,,,,,,,,,,,No complete matched component set,false,,0,,withheld: refs unverified
Ag110,N2,r2scan,relaxed,,,,,,,,,,,,,,,,No complete matched component set,false,,0,,withheld: refs unverified
Ag110,N2,r2scan,SPE,,,,,,,,,,,,,,,,No complete matched component set,false,,0,,withheld: refs unverified
Ag110,N2,beef_vdw,relaxed,,,,,,,,,,,,,,,,No complete matched component set,false,,0,,withheld: refs unverified
Ag110,N2,beef_vdw,SPE,,,,,,,,,,,,,,,,No complete matched component set,false,,0,,missing
Ag110,NH3,pbe,relaxed,,,,,,,,,,,,,,,,No complete matched component set,false,,0,,withheld: refs unverified
Ag110,NH3,pbe,SPE,,,,,,,,,,,,,,,,No complete matched component set,false,,0,,withheld: refs unverified
Ag110,NH3,pbe_d3,relaxed,,,,,,,,,,,,,,,,No complete matched component set,false,,0,,withheld: refs unverified
Ag110,NH3,pbe_d3,SPE,,,,,,,,,,,,,,,,No complete matched component set,false,,0,,withheld: refs unverified
Ag110,NH3,r2scan,relaxed,,,,,,,,,,,,,,,,No complete matched component set,false,,0,,withheld: refs unverified
Ag110,NH3,r2scan,SPE,,,,,,,,,,,,,,,,No complete matched component set,false,,0,,withheld: refs unverified
Ag110,NH3,beef_vdw,relaxed,,,,,,,,,,,,,,,,No complete matched component set,false,,0,,withheld: refs unverified
Ag110,NH3,beef_vdw,SPE,,,,,,,,,,,,,,,,No complete matched component set,false,,0,,missing
Ag110,NO,pbe,relaxed,,,,,,,,,,,,,,,,No complete matched component set,false,,0,,withheld: refs unverified
Ag110,NO,pbe,SPE,,,,,,,,,,,,,,,,No complete matched component set,false,,0,,withheld: refs unverified
Ag110,NO,pbe_d3,relaxed,,,,,,,,,,,,,,,,No complete matched component set,false,,0,,withheld: refs unverified
Ag110,NO,pbe_d3,SPE,,,,,,,,,,,,,,,,No complete matched component set,false,,0,,withheld: refs unverified
Ag110,NO,r2scan,relaxed,,,,,,,,,,,,,,,,No complete matched component set,false,,0,,withheld: refs unverified
Ag110,NO,r2scan,SPE,,,,,,,,,,,,,,,,No complete matched component set,false,,0,,missing
Ag110,NO,beef_vdw,relaxed,,,,,,,,,,,,,,,,No complete matched component set,false,,0,,missing
Ag110,NO,beef_vdw,SPE,,,,,,,,,,,,,,,,No complete matched component set,false,,0,,missing
Ag110,O2,pbe,relaxed,,,,,,,,,,,,,,,,No complete matched component set,false,,0,,withheld: refs unverified
Ag110,O2,pbe,SPE,,,,,,,,,,,,,,,,No complete matched component set,false,,0,,missing
Ag110,O2,pbe_d3,relaxed,,,,,,,,,,,,,,,,No complete matched component set,false,,0,,missing
Ag110,O2,pbe_d3,SPE,,,,,,,,,,,,,,,,No complete matched component set,false,,0,,missing
Ag110,O2,r2scan,relaxed,,,,,,,,,,,,,,,,No complete matched component set,false,,0,,missing
Ag110,O2,r2scan,SPE,,,,,,,,,,,,,,,,No complete matched component set,false,,0,,missing
Ag110,O2,beef_vdw,relaxed,,,,,,,,,,,,,,,,No complete matched component set,false,,0,,missing
Ag110,O2,beef_vdw,SPE,,,,,,,,,,,,,,,,No complete matched component set,false,,0,,missing
Ag110,SO2,pbe,relaxed,,,,,,,,,,,,,,,,No complete matched component set,false,,0,,withheld: refs unverified
Ag110,SO2,pbe,SPE,,,,,,,,,,,,,,,,No complete matched component set,false,,0,,withheld: refs unverified
Ag110,SO2,pbe_d3,relaxed,,,,,,,,,,,,,,,,No complete matched component set,false,,0,,withheld: refs unverified
Ag110,SO2,pbe_d3,SPE,,,,,,,,,,,,,,,,No complete matched component set,false,,0,,withheld: refs unverified
Ag110,SO2,r2scan,relaxed,,,,,,,,,,,,,,,,No complete matched component set,false,,0,,withheld: refs unverified
Ag110,SO2,r2scan,SPE,,,,,,,,,,,,,,,,No complete matched component set,false,,0,,withheld: refs unverified
Ag110,SO2,beef_vdw,relaxed,,,,,,,,,,,,,,,,No complete matched component set,false,,0,,withheld: refs unverified
Ag110,SO2,beef_vdw,SPE,,,,,,,,,,,,,,,,No complete matched component set,false,,0,,missing
Ag110,acetaldehyde,pbe,relaxed,,,,,,,,,,,,,,,,No complete matched component set,false,,0,,withheld: refs unverified
Ag110,acetaldehyde,pbe,SPE,,,,,,,,,,,,,,,,No complete matched component set,false,,0,,withheld: potential mismatch
Ag110,acetaldehyde,pbe_d3,relaxed,,,,,,,,,,,,,,,,No complete matched component set,false,,0,,withheld: refs unverified
Ag110,acetaldehyde,pbe_d3,SPE,,,,,,,,,,,,,,,,No complete matched component set,false,,0,,withheld: potential mismatch
Ag110,acetaldehyde,r2scan,relaxed,,,,,,,,,,,,,,,,No complete matched component set,false,,0,,withheld: refs unverified
Ag110,acetaldehyde,r2scan,SPE,,,,,,,,,,,,,,,,No complete matched component set,false,,0,,withheld: potential mismatch
Ag110,acetaldehyde,beef_vdw,relaxed,,,,,,,,,,,,,,,,No complete matched component set,false,,0,,withheld: refs unverified
Ag110,acetaldehyde,beef_vdw,SPE,,,,,,,,,,,,,,,,No complete matched component set,false,,0,,withheld: potential mismatch
Ag110,acetic_acid,pbe,relaxed,,,,,,,,,,,,,,,,No complete matched component set,false,,0,,missing
Ag110,acetic_acid,pbe,SPE,,,,,,,,,,,,,,,,No complete matched component set,false,,0,,missing
Ag110,acetic_acid,pbe_d3,relaxed,,,,,,,,,,,,,,,,No complete matched component set,false,,0,,missing
Ag110,acetic_acid,pbe_d3,SPE,,,,,,,,,,,,,,,,No complete matched component set,false,,0,,missing
Ag110,acetic_acid,r2scan,relaxed,,,,,,,,,,,,,,,,No complete matched component set,false,,0,,withheld: refs unverified
Ag110,acetic_acid,r2scan,SPE,,,,,,,,,,,,,,,,No complete matched component set,false,,0,,withheld: potential mismatch
Ag110,acetic_acid,beef_vdw,relaxed,,,,,,,,,,,,,,,,No complete matched component set,false,,0,,withheld: refs unverified
Ag110,acetic_acid,beef_vdw,SPE,,,,,,,,,,,,,,,,No complete matched component set,false,,0,,withheld: potential mismatch
Ag110,ethane,pbe,relaxed,,,,,,,,,,,,,,,,No complete matched component set,false,,0,,withheld: refs unverified
Ag110,ethane,pbe,SPE,,,,,,,,,,,,,,,,No complete matched component set,false,,0,,withheld: potential mismatch
Ag110,ethane,pbe_d3,relaxed,,,,,,,,,,,,,,,,No complete matched component set,false,,0,,withheld: refs unverified
Ag110,ethane,pbe_d3,SPE,,,,,,,,,,,,,,,,No complete matched component set,false,,0,,withheld: potential mismatch
Ag110,ethane,r2scan,relaxed,,,,,,,,,,,,,,,,No complete matched component set,false,,0,,withheld: refs unverified
Ag110,ethane,r2scan,SPE,,,,,,,,,,,,,,,,No complete matched component set,false,,0,,withheld: potential mismatch
Ag110,ethane,beef_vdw,relaxed,,,,,,,,,,,,,,,,No complete matched component set,false,,0,,withheld: refs unverified
Ag110,ethane,beef_vdw,SPE,,,,,,,,,,,,,,,,No complete matched component set,false,,0,,withheld: potential mismatch
Ag110,ethanol,pbe,relaxed,,,,,,,,,,,,,,,,No complete matched component set,false,,0,,withheld: potential mismatch
Ag110,ethanol,pbe,SPE,,,,,,,,,,,,,,,,No complete matched component set,false,,0,,withheld: potential mismatch
Ag110,ethanol,pbe_d3,relaxed,,,,,,,,,,,,,,,,No complete matched component set,false,,0,,withheld: potential mismatch
Ag110,ethanol,pbe_d3,SPE,,,,,,,,,,,,,,,,No complete matched component set,false,,0,,withheld: potential mismatch
Ag110,ethanol,r2scan,relaxed,,,,,,,,,,,,,,,,No complete matched component set,false,,0,,withheld: refs unverified
Ag110,ethanol,r2scan,SPE,,,,,,,,,,,,,,,,No complete matched component set,false,,0,,withheld: refs unverified
Ag110,ethanol,beef_vdw,relaxed,,,,,,,,,,,,,,,,No complete matched component set,false,,0,,withheld: potential mismatch
Ag110,ethanol,beef_vdw,SPE,,,,,,,,,,,,,,,,No complete matched component set,false,,0,,withheld: potential mismatch
Ag110,ethene,pbe,relaxed,,,,,,,,,,,,,,,,No complete matched component set,false,,0,,withheld: refs unverified
Ag110,ethene,pbe,SPE,,,,,,,,,,,,,,,,No complete matched component set,false,,0,,withheld: potential mismatch
Ag110,ethene,pbe_d3,relaxed,,,,,,,,,,,,,,,,No complete matched component set,false,,0,,withheld: refs unverified
Ag110,ethene,pbe_d3,SPE,,,,,,,,,,,,,,,,No complete matched component set,false,,0,,withheld: potential mismatch
Ag110,ethene,r2scan,relaxed,,,,,,,,,,,,,,,,No complete matched component set,false,,0,,withheld: refs unverified
Ag110,ethene,r2scan,SPE,,,,,,,,,,,,,,,,No complete matched component set,false,,0,,withheld: potential mismatch
Ag110,ethene,beef_vdw,relaxed,,,,,,,,,,,,,,,,No complete matched component set,false,,0,,withheld: refs unverified
Ag110,ethene,beef_vdw,SPE,,,,,,,,,,,,,,,,No complete matched component set,false,,0,,withheld: potential mismatch
Ag110,formaldehyde,pbe,relaxed,,,,,,,,,,,,,,,,No complete matched component set,false,,0,,withheld: refs unverified
Ag110,formaldehyde,pbe,SPE,,,,,,,,,,,,,,,,No complete matched component set,false,,0,,withheld: potential mismatch
Ag110,formaldehyde,pbe_d3,relaxed,,,,,,,,,,,,,,,,No complete matched component set,false,,0,,withheld: refs unverified
Ag110,formaldehyde,pbe_d3,SPE,,,,,,,,,,,,,,,,No complete matched component set,false,,0,,withheld: potential mismatch
Ag110,formaldehyde,r2scan,relaxed,,,,,,,,,,,,,,,,No complete matched component set,false,,0,,withheld: refs unverified
Ag110,formaldehyde,r2scan,SPE,,,,,,,,,,,,,,,,No complete matched component set,false,,0,,withheld: potential mismatch
Ag110,formaldehyde,beef_vdw,relaxed,,,,,,,,,,,,,,,,No complete matched component set,false,,0,,withheld: refs unverified
Ag110,formaldehyde,beef_vdw,SPE,,,,,,,,,,,,,,,,No complete matched component set,false,,0,,withheld: potential mismatch
Ag110,formate,pbe,relaxed,,,,,,,,,,,,,,,,No complete matched component set,false,,0,,withheld: refs unverified
Ag110,formate,pbe,SPE,,,,,,,,,,,,,,,,No complete matched component set,false,,0,,withheld: refs unverified
Ag110,formate,pbe_d3,relaxed,,,,,,,,,,,,,,,,No complete matched component set,false,,0,,withheld: refs unverified
Ag110,formate,pbe_d3,SPE,,,,,,,,,,,,,,,,No complete matched component set,false,,0,,withheld: refs unverified
Ag110,formate,r2scan,relaxed,,,,,,,,,,,,,,,,No complete matched component set,false,,0,,withheld: refs unverified
Ag110,formate,r2scan,SPE,,,,,,,,,,,,,,,,No complete matched component set,false,,0,,withheld: refs unverified
Ag110,formate,beef_vdw,relaxed,,,,,,,,,,,,,,,,No complete matched component set,false,,0,,missing
Ag110,formate,beef_vdw,SPE,,,,,,,,,,,,,,,,No complete matched component set,false,,0,,missing
Ag110,formic_acid,pbe,relaxed,,,,,,,,,,,,,,,,No complete matched component set,false,,0,,withheld: refs unverified
Ag110,formic_acid,pbe,SPE,,,,,,,,,,,,,,,,No complete matched component set,false,,0,,withheld: refs unverified
Ag110,formic_acid,pbe_d3,relaxed,,,,,,,,,,,,,,,,No complete matched component set,false,,0,,withheld: refs unverified
Ag110,formic_acid,pbe_d3,SPE,,,,,,,,,,,,,,,,No complete matched component set,false,,0,,withheld: refs unverified
Ag110,formic_acid,r2scan,relaxed,,,,,,,,,,,,,,,,No complete matched component set,false,,0,,withheld: refs unverified
Ag110,formic_acid,r2scan,SPE,,,,,,,,,,,,,,,,No complete matched component set,false,,0,,withheld: refs unverified
Ag110,formic_acid,beef_vdw,relaxed,,,,,,,,,,,,,,,,No complete matched component set,false,,0,,withheld: refs unverified
Ag110,formic_acid,beef_vdw,SPE,,,,,,,,,,,,,,,,No complete matched component set,false,,0,,missing
Ag110,glycerol,pbe,relaxed,,,,,,,,,,,,,,,,No complete matched component set,false,,0,,withheld: refs unverified
Ag110,glycerol,pbe,SPE,,,,,,,,,,,,,,,,No complete matched component set,false,,0,,withheld: refs unverified
Ag110,glycerol,pbe_d3,relaxed,,,,,,,,,,,,,,,,No complete matched component set,false,,0,,withheld: refs unverified
Ag110,glycerol,pbe_d3,SPE,,,,,,,,,,,,,,,,No complete matched component set,false,,0,,withheld: refs unverified
Ag110,glycerol,r2scan,relaxed,,,,,,,,,,,,,,,,No complete matched component set,false,,0,,withheld: refs unverified
Ag110,glycerol,r2scan,SPE,,,,,,,,,,,,,,,,No complete matched component set,false,,0,,withheld: refs unverified
Ag110,glycerol,beef_vdw,relaxed,,,,,,,,,,,,,,,,No complete matched component set,false,,0,,missing
Ag110,glycerol,beef_vdw,SPE,,,,,,,,,,,,,,,,No complete matched component set,false,,0,,missing
Ag110,isopropanol,pbe,relaxed,,,,,,,,,,,,,,,,No complete matched component set,false,,0,,withheld: refs unverified
Ag110,isopropanol,pbe,SPE,,,,,,,,,,,,,,,,No complete matched component set,false,,0,,withheld: potential mismatch
Ag110,isopropanol,pbe_d3,relaxed,,,,,,,,,,,,,,,,No complete matched component set,false,,0,,withheld: refs unverified
Ag110,isopropanol,pbe_d3,SPE,,,,,,,,,,,,,,,,No complete matched component set,false,,0,,withheld: potential mismatch
Ag110,isopropanol,r2scan,relaxed,,,,,,,,,,,,,,,,No complete matched component set,false,,0,,withheld: refs unverified
Ag110,isopropanol,r2scan,SPE,,,,,,,,,,,,,,,,No complete matched component set,false,,0,,withheld: refs unverified
Ag110,isopropanol,beef_vdw,relaxed,,,,,,,,,,,,,,,,No complete matched component set,false,,0,,missing
Ag110,isopropanol,beef_vdw,SPE,,,,,,,,,,,,,,,,No complete matched component set,false,,0,,withheld: potential mismatch
Ag110,methane,pbe,relaxed,,,,,,,,,,,,,,,,No complete matched component set,false,,0,,withheld: refs unverified
Ag110,methane,pbe,SPE,,,,,,,,,,,,,,,,No complete matched component set,false,,0,,withheld: potential mismatch
Ag110,methane,pbe_d3,relaxed,,,,,,,,,,,,,,,,No complete matched component set,false,,0,,withheld: refs unverified
Ag110,methane,pbe_d3,SPE,,,,,,,,,,,,,,,,No complete matched component set,false,,0,,withheld: potential mismatch
Ag110,methane,r2scan,relaxed,,,,,,,,,,,,,,,,No complete matched component set,false,,0,,withheld: refs unverified
Ag110,methane,r2scan,SPE,,,,,,,,,,,,,,,,No complete matched component set,false,,0,,withheld: potential mismatch
Ag110,methane,beef_vdw,relaxed,,,,,,,,,,,,,,,,No complete matched component set,false,,0,,withheld: refs unverified
Ag110,methane,beef_vdw,SPE,,,,,,,,,,,,,,,,No complete matched component set,false,,0,,withheld: potential mismatch
Ag110,methanol,pbe,relaxed,,,,,,,,,,,,,,,,No complete matched component set,false,,0,,withheld: refs unverified
Ag110,methanol,pbe,SPE,,,,,,,,,,,,,,,,No complete matched component set,false,,0,,withheld: potential mismatch
Ag110,methanol,pbe_d3,relaxed,,,,,,,,,,,,,,,,No complete matched component set,false,,0,,withheld: refs unverified
Ag110,methanol,pbe_d3,SPE,,,,,,,,,,,,,,,,No complete matched component set,false,,0,,withheld: potential mismatch
Ag110,methanol,r2scan,relaxed,,,,,,,,,,,,,,,,No complete matched component set,false,,0,,withheld: refs unverified
Ag110,methanol,r2scan,SPE,,,,,,,,,,,,,,,,No complete matched component set,false,,0,,withheld: potential mismatch
Ag110,methanol,beef_vdw,relaxed,,,,,,,,,,,,,,,,No complete matched component set,false,,0,,withheld: refs unverified
Ag110,methanol,beef_vdw,SPE,,,,,,,,,,,,,,,,No complete matched component set,false,,0,,withheld: potential mismatch
Ag110,propane,pbe,relaxed,,,,,,,,,,,,,,,,No complete matched component set,false,,0,,withheld: refs unverified
Ag110,propane,pbe,SPE,,,,,,,,,,,,,,,,No complete matched component set,false,,0,,withheld: refs unverified
Ag110,propane,pbe_d3,relaxed,,,,,,,,,,,,,,,,No complete matched component set,false,,0,,withheld: refs unverified
Ag110,propane,pbe_d3,SPE,,,,,,,,,,,,,,,,No complete matched component set,false,,0,,withheld: refs unverified
Ag110,propane,r2scan,relaxed,,,,,,,,,,,,,,,,No complete matched component set,false,,0,,withheld: refs unverified
Ag110,propane,r2scan,SPE,,,,,,,,,,,,,,,,No complete matched component set,false,,0,,withheld: refs unverified
Ag110,propane,beef_vdw,relaxed,,,,,,,,,,,,,,,,No complete matched component set,false,,0,,missing
Ag110,propane,beef_vdw,SPE,,,,,,,,,,,,,,,,No complete matched component set,false,,0,,missing
Ag110,propanol,pbe,relaxed,,,,,,,,,,,,,,,,No complete matched component set,false,,0,,withheld: refs unverified
Ag110,propanol,pbe,SPE,,,,,,,,,,,,,,,,No complete matched component set,false,,0,,withheld: potential mismatch
Ag110,propanol,pbe_d3,relaxed,,,,,,,,,,,,,,,,No complete matched component set,false,,0,,withheld: refs unverified
Ag110,propanol,pbe_d3,SPE,,,,,,,,,,,,,,,,No complete matched component set,false,,0,,withheld: potential mismatch
Ag110,propanol,r2scan,relaxed,,,,,,,,,,,,,,,,No complete matched component set,false,,0,,withheld: refs unverified
Ag110,propanol,r2scan,SPE,,,,,,,,,,,,,,,,No complete matched component set,false,,0,,withheld: refs unverified
Ag110,propanol,beef_vdw,relaxed,,,,,,,,,,,,,,,,No complete matched component set,false,,0,,missing
Ag110,propanol,beef_vdw,SPE,,,,,,,,,,,,,,,,No complete matched component set,false,,0,,withheld: potential mismatch
Ag110,propene,pbe,relaxed,,,,,,,,,,,,,,,,No complete matched component set,false,,0,,withheld: refs unverified
Ag110,propene,pbe,SPE,,,,,,,,,,,,,,,,No complete matched component set,false,,0,,withheld: refs unverified
Ag110,propene,pbe_d3,relaxed,,,,,,,,,,,,,,,,No complete matched component set,false,,0,,withheld: refs unverified
Ag110,propene,pbe_d3,SPE,,,,,,,,,,,,,,,,No complete matched component set,false,,0,,withheld: refs unverified
Ag110,propene,r2scan,relaxed,,,,,,,,,,,,,,,,No complete matched component set,false,,0,,withheld: refs unverified
Ag110,propene,r2scan,SPE,,,,,,,,,,,,,,,,No complete matched component set,false,,0,,withheld: refs unverified
Ag110,propene,beef_vdw,relaxed,,,,,,,,,,,,,,,,No complete matched component set,false,,0,,missing
Ag110,propene,beef_vdw,SPE,,,,,,,,,,,,,,,,No complete matched component set,false,,0,,missing
Ag111,CH3,pbe,relaxed,,,,,,,,,,,,,,,,No complete matched component set,false,,0,,withheld: potential mismatch
Ag111,CH3,pbe,SPE,,,,,,,,,,,,,,,,No complete matched component set,false,,0,,withheld: potential mismatch
Ag111,CH3,pbe_d3,relaxed,,,,,,,,,,,,,,,,No complete matched component set,false,,0,,withheld: potential mismatch
Ag111,CH3,pbe_d3,SPE,,,,,,,,,,,,,,,,No complete matched component set,false,,0,,withheld: potential mismatch
Ag111,CH3,r2scan,relaxed,,,,,,,,,,,,,,,,No complete matched component set,false,,0,,withheld: refs unverified
Ag111,CH3,r2scan,SPE,,,,,,,,,,,,,,,,No complete matched component set,false,,0,,withheld: potential mismatch
Ag111,CH3,beef_vdw,relaxed,,,,,,,,,,,,,,,,No complete matched component set,false,,0,,withheld: potential mismatch
Ag111,CH3,beef_vdw,SPE,,,,,,,,,,,,,,,,No complete matched component set,false,,0,,withheld: potential mismatch
Ag111,CO,pbe,relaxed,,,,,,,,,,,,,,,,No complete matched component set,false,,0,,withheld: potential mismatch
Ag111,CO,pbe,SPE,,,,,,,,,,,,,,,,No complete matched component set,false,,0,,withheld: potential mismatch
Ag111,CO,pbe_d3,relaxed,,,,,,,,,,,,,,,,No complete matched component set,false,,0,,withheld: potential mismatch
Ag111,CO,pbe_d3,SPE,,,,,,,,,,,,,,,,No complete matched component set,false,,0,,withheld: potential mismatch
Ag111,CO,r2scan,relaxed,,,,,,,,,,,,,,,,No complete matched component set,false,,0,,withheld: refs unverified
Ag111,CO,r2scan,SPE,,,,,,,,,,,,,,,,No complete matched component set,false,,0,,withheld: potential mismatch
Ag111,CO,beef_vdw,relaxed,,,,,,,,,,,,,,,,No complete matched component set,false,,0,,withheld: potential mismatch
Ag111,CO,beef_vdw,SPE,,,,,,,,,,,,,,,,No complete matched component set,false,,0,,withheld: potential mismatch
Ag111,CO2,pbe,relaxed,,,,,,,,,,,,,,,,No complete matched component set,false,,0,,withheld: refs unverified
Ag111,CO2,pbe,SPE,,,,,,,,,,,,,,,,No complete matched component set,false,,0,,withheld: potential mismatch
Ag111,CO2,pbe_d3,relaxed,,,,,,,,,,,,,,,,No complete matched component set,false,,0,,missing
Ag111,CO2,pbe_d3,SPE,,,,,,,,,,,,,,,,No complete matched component set,false,,0,,missing
Ag111,CO2,r2scan,relaxed,,,,,,,,,,,,,,,,No complete matched component set,false,,0,,withheld: refs unverified
Ag111,CO2,r2scan,SPE,,,,,,,,,,,,,,,,No complete matched component set,false,,0,,withheld: potential mismatch
Ag111,CO2,beef_vdw,relaxed,,,,,,,,,,,,,,,,No complete matched component set,false,,0,,withheld: refs unverified
Ag111,CO2,beef_vdw,SPE,,,,,,,,,,,,,,,,No complete matched component set,false,,0,,withheld: potential mismatch
Ag111,DME,pbe,relaxed,,,,,,,,,,,,,,,,No complete matched component set,false,,0,,withheld: potential mismatch
Ag111,DME,pbe,SPE,,,,,,,,,,,,,,,,No complete matched component set,false,,0,,withheld: potential mismatch
Ag111,DME,pbe_d3,relaxed,,,,,,,,,,,,,,,,No complete matched component set,false,,0,,missing
Ag111,DME,pbe_d3,SPE,,,,,,,,,,,,,,,,No complete matched component set,false,,0,,missing
Ag111,DME,r2scan,relaxed,,,,,,,,,,,,,,,,No complete matched component set,false,,0,,withheld: potential mismatch
Ag111,DME,r2scan,SPE,,,,,,,,,,,,,,,,No complete matched component set,false,,0,,withheld: potential mismatch
Ag111,DME,beef_vdw,relaxed,,,,,,,,,,,,,,,,No complete matched component set,false,,0,,withheld: potential mismatch
Ag111,DME,beef_vdw,SPE,,,,,,,,,,,,,,,,No complete matched component set,false,,0,,withheld: potential mismatch
Ag111,H2,pbe,relaxed,,,,,,,,,,,,,,,,No complete matched component set,false,,0,,withheld: refs unverified
Ag111,H2,pbe,SPE,,,,,,,,,,,,,,,,No complete matched component set,false,,0,,withheld: potential mismatch
Ag111,H2,pbe_d3,relaxed,,,,,,,,,,,,,,,,No complete matched component set,false,,0,,withheld: refs unverified
Ag111,H2,pbe_d3,SPE,,,,,,,,,,,,,,,,No complete matched component set,false,,0,,withheld: potential mismatch
Ag111,H2,r2scan,relaxed,,,,,,,,,,,,,,,,No complete matched component set,false,,0,,withheld: refs unverified
Ag111,H2,r2scan,SPE,,,,,,,,,,,,,,,,No complete matched component set,false,,0,,withheld: potential mismatch
Ag111,H2,beef_vdw,relaxed,,,,,,,,,,,,,,,,No complete matched component set,false,,0,,missing
Ag111,H2,beef_vdw,SPE,,,,,,,,,,,,,,,,No complete matched component set,false,,0,,withheld: potential mismatch
Ag111,H2O,pbe,relaxed,,,,,,,,,,,,,,,,No complete matched component set,false,,0,,withheld: potential mismatch
Ag111,H2O,pbe,SPE,,,,,,,,,,,,,,,,No complete matched component set,false,,0,,withheld: potential mismatch
Ag111,H2O,pbe_d3,relaxed,,,,,,,,,,,,,,,,No complete matched component set,false,,0,,withheld: potential mismatch
Ag111,H2O,pbe_d3,SPE,,,,,,,,,,,,,,,,No complete matched component set,false,,0,,withheld: potential mismatch
Ag111,H2O,r2scan,relaxed,,,,,,,,,,,,,,,,No complete matched component set,false,,0,,withheld: refs unverified
Ag111,H2O,r2scan,SPE,,,,,,,,,,,,,,,,No complete matched component set,false,,0,,withheld: potential mismatch
Ag111,H2O,beef_vdw,relaxed,,,,,,,,,,,,,,,,No complete matched component set,false,,0,,withheld: potential mismatch
Ag111,H2O,beef_vdw,SPE,,,,,,,,,,,,,,,,No complete matched component set,false,,0,,withheld: potential mismatch
Ag111,H2S,pbe,relaxed,,,,,,,,,,,,,,,,No complete matched component set,false,,0,,withheld: potential mismatch
Ag111,H2S,pbe,SPE,,,,,,,,,,,,,,,,No complete matched component set,false,,0,,withheld: potential mismatch
Ag111,H2S,pbe_d3,relaxed,,,,,,,,,,,,,,,,No complete matched component set,false,,0,,withheld: potential mismatch
Ag111,H2S,pbe_d3,SPE,,,,,,,,,,,,,,,,No complete matched component set,false,,0,,withheld: potential mismatch
Ag111,H2S,r2scan,relaxed,,,,,,,,,,,,,,,,No complete matched component set,false,,0,,missing
Ag111,H2S,r2scan,SPE,,,,,,,,,,,,,,,,No complete matched component set,false,,0,,withheld: potential mismatch
Ag111,H2S,beef_vdw,relaxed,,,,,,,,,,,,,,,,No complete matched component set,false,,0,,withheld: potential mismatch
Ag111,H2S,beef_vdw,SPE,,,,,,,,,,,,,,,,No complete matched component set,false,,0,,withheld: potential mismatch
Ag111,N2,pbe,relaxed,,,,,,,,,,,,,,,,No complete matched component set,false,,0,,withheld: potential mismatch
Ag111,N2,pbe,SPE,,,,,,,,,,,,,,,,No complete matched component set,false,,0,,withheld: potential mismatch
Ag111,N2,pbe_d3,relaxed,,,,,,,,,,,,,,,,No complete matched component set,false,,0,,withheld: potential mismatch
Ag111,N2,pbe_d3,SPE,,,,,,,,,,,,,,,,No complete matched component set,false,,0,,withheld: potential mismatch
Ag111,N2,r2scan,relaxed,,,,,,,,,,,,,,,,No complete matched component set,false,,0,,withheld: refs unverified
Ag111,N2,r2scan,SPE,,,,,,,,,,,,,,,,No complete matched component set,false,,0,,withheld: potential mismatch
Ag111,N2,beef_vdw,relaxed,,,,,,,,,,,,,,,,No complete matched component set,false,,0,,withheld: potential mismatch
Ag111,N2,beef_vdw,SPE,,,,,,,,,,,,,,,,No complete matched component set,false,,0,,withheld: potential mismatch
Ag111,NH3,pbe,relaxed,,,,,,,,,,,,,,,,No complete matched component set,false,,0,,withheld: potential mismatch
Ag111,NH3,pbe,SPE,,,,,,,,,,,,,,,,No complete matched component set,false,,0,,withheld: potential mismatch
Ag111,NH3,pbe_d3,relaxed,,,,,,,,,,,,,,,,No complete matched component set,false,,0,,withheld: potential mismatch
Ag111,NH3,pbe_d3,SPE,,,,,,,,,,,,,,,,No complete matched component set,false,,0,,withheld: potential mismatch
Ag111,NH3,r2scan,relaxed,,,,,,,,,,,,,,,,No complete matched component set,false,,0,,withheld: refs unverified
Ag111,NH3,r2scan,SPE,,,,,,,,,,,,,,,,No complete matched component set,false,,0,,withheld: potential mismatch
Ag111,NH3,beef_vdw,relaxed,,,,,,,,,,,,,,,,No complete matched component set,false,,0,,withheld: potential mismatch
Ag111,NH3,beef_vdw,SPE,,,,,,,,,,,,,,,,No complete matched component set,false,,0,,withheld: potential mismatch
Ag111,NO,pbe,relaxed,,,,,,,,,,,,,,,,No complete matched component set,false,,0,,withheld: potential mismatch
Ag111,NO,pbe,SPE,,,,,,,,,,,,,,,,No complete matched component set,false,,0,,withheld: potential mismatch
Ag111,NO,pbe_d3,relaxed,,,,,,,,,,,,,,,,No complete matched component set,false,,0,,withheld: potential mismatch
Ag111,NO,pbe_d3,SPE,,,,,,,,,,,,,,,,No complete matched component set,false,,0,,withheld: potential mismatch
Ag111,NO,r2scan,relaxed,,,,,,,,,,,,,,,,No complete matched component set,false,,0,,withheld: refs unverified
Ag111,NO,r2scan,SPE,,,,,,,,,,,,,,,,No complete matched component set,false,,0,,missing
Ag111,NO,beef_vdw,relaxed,,,,,,,,,,,,,,,,No complete matched component set,false,,0,,withheld: potential mismatch
Ag111,NO,beef_vdw,SPE,,,,,,,,,,,,,,,,No complete matched component set,false,,0,,withheld: potential mismatch
Ag111,O2,pbe,relaxed,,,,,,,,,,,,,,,,No complete matched component set,false,,0,,withheld: refs unverified
Ag111,O2,pbe,SPE,,,,,,,,,,,,,,,,No complete matched component set,false,,0,,missing
Ag111,O2,pbe_d3,relaxed,,,,,,,,,,,,,,,,No complete matched component set,false,,0,,missing
Ag111,O2,pbe_d3,SPE,,,,,,,,,,,,,,,,No complete matched component set,false,,0,,missing
Ag111,O2,r2scan,relaxed,,,,,,,,,,,,,,,,No complete matched component set,false,,0,,missing
Ag111,O2,r2scan,SPE,,,,,,,,,,,,,,,,No complete matched component set,false,,0,,missing
Ag111,O2,beef_vdw,relaxed,,,,,,,,,,,,,,,,No complete matched component set,false,,0,,missing
Ag111,O2,beef_vdw,SPE,,,,,,,,,,,,,,,,No complete matched component set,false,,0,,missing
Ag111,SO2,pbe,relaxed,,,,,,,,,,,,,,,,No complete matched component set,false,,0,,withheld: potential mismatch
Ag111,SO2,pbe,SPE,,,,,,,,,,,,,,,,No complete matched component set,false,,0,,withheld: potential mismatch
Ag111,SO2,pbe_d3,relaxed,,,,,,,,,,,,,,,,No complete matched component set,false,,0,,withheld: potential mismatch
Ag111,SO2,pbe_d3,SPE,,,,,,,,,,,,,,,,No complete matched component set,false,,0,,withheld: potential mismatch
Ag111,SO2,r2scan,relaxed,,,,,,,,,,,,,,,,No complete matched component set,false,,0,,missing
Ag111,SO2,r2scan,SPE,,,,,,,,,,,,,,,,No complete matched component set,false,,0,,missing
Ag111,SO2,beef_vdw,relaxed,,,,,,,,,,,,,,,,No complete matched component set,false,,0,,withheld: potential mismatch
Ag111,SO2,beef_vdw,SPE,,,,,,,,,,,,,,,,No complete matched component set,false,,0,,withheld: potential mismatch
Ag111,acetaldehyde,pbe,relaxed,,,,,,,,,,,,,,,,No complete matched component set,false,,0,,withheld: potential mismatch
Ag111,acetaldehyde,pbe,SPE,,,,,,,,,,,,,,,,No complete matched component set,false,,0,,withheld: potential mismatch
Ag111,acetaldehyde,pbe_d3,relaxed,,,,,,,,,,,,,,,,No complete matched component set,false,,0,,withheld: potential mismatch
Ag111,acetaldehyde,pbe_d3,SPE,,,,,,,,,,,,,,,,No complete matched component set,false,,0,,withheld: potential mismatch
Ag111,acetaldehyde,r2scan,relaxed,,,,,,,,,,,,,,,,No complete matched component set,false,,0,,withheld: refs unverified
Ag111,acetaldehyde,r2scan,SPE,,,,,,,,,,,,,,,,No complete matched component set,false,,0,,withheld: potential mismatch
Ag111,acetaldehyde,beef_vdw,relaxed,,,,,,,,,,,,,,,,No complete matched component set,false,,0,,withheld: potential mismatch
Ag111,acetaldehyde,beef_vdw,SPE,,,,,,,,,,,,,,,,No complete matched component set,false,,0,,withheld: potential mismatch
Ag111,acetic_acid,pbe,relaxed,,,,,,,,,,,,,,,,No complete matched component set,false,,0,,missing
Ag111,acetic_acid,pbe,SPE,,,,,,,,,,,,,,,,No complete matched component set,false,,0,,missing
Ag111,acetic_acid,pbe_d3,relaxed,,,,,,,,,,,,,,,,No complete matched component set,false,,0,,missing
Ag111,acetic_acid,pbe_d3,SPE,,,,,,,,,,,,,,,,No complete matched component set,false,,0,,missing
Ag111,acetic_acid,r2scan,relaxed,,,,,,,,,,,,,,,,No complete matched component set,false,,0,,withheld: refs unverified
Ag111,acetic_acid,r2scan,SPE,,,,,,,,,,,,,,,,No complete matched component set,false,,0,,withheld: potential mismatch
Ag111,acetic_acid,beef_vdw,relaxed,,,,,,,,,,,,,,,,No complete matched component set,false,,0,,withheld: potential mismatch
Ag111,acetic_acid,beef_vdw,SPE,,,,,,,,,,,,,,,,No complete matched component set,false,,0,,withheld: potential mismatch
Ag111,ethane,pbe,relaxed,,,,,,,,,,,,,,,,No complete matched component set,false,,0,,withheld: refs unverified
Ag111,ethane,pbe,SPE,,,,,,,,,,,,,,,,No complete matched component set,false,,0,,withheld: potential mismatch
Ag111,ethane,pbe_d3,relaxed,,,,,,,,,,,,,,,,No complete matched component set,false,,0,,withheld: refs unverified
Ag111,ethane,pbe_d3,SPE,,,,,,,,,,,,,,,,No complete matched component set,false,,0,,withheld: potential mismatch
Ag111,ethane,r2scan,relaxed,,,,,,,,,,,,,,,,No complete matched component set,false,,0,,withheld: refs unverified
Ag111,ethane,r2scan,SPE,,,,,,,,,,,,,,,,No complete matched component set,false,,0,,withheld: potential mismatch
Ag111,ethane,beef_vdw,relaxed,,,,,,,,,,,,,,,,No complete matched component set,false,,0,,withheld: refs unverified
Ag111,ethane,beef_vdw,SPE,,,,,,,,,,,,,,,,No complete matched component set,false,,0,,withheld: potential mismatch
Ag111,ethanol,pbe,relaxed,,,,,,,,,,,,,,,,No complete matched component set,false,,0,,withheld: refs unverified
Ag111,ethanol,pbe,SPE,,,,,,,,,,,,,,,,No complete matched component set,false,,0,,withheld: potential mismatch
Ag111,ethanol,pbe_d3,relaxed,,,,,,,,,,,,,,,,No complete matched component set,false,,0,,withheld: refs unverified
Ag111,ethanol,pbe_d3,SPE,,,,,,,,,,,,,,,,No complete matched component set,false,,0,,withheld: potential mismatch
Ag111,ethanol,r2scan,relaxed,,,,,,,,,,,,,,,,No complete matched component set,false,,0,,withheld: refs unverified
Ag111,ethanol,r2scan,SPE,,,,,,,,,,,,,,,,No complete matched component set,false,,0,,withheld: potential mismatch
Ag111,ethanol,beef_vdw,relaxed,,,,,,,,,,,,,,,,No complete matched component set,false,,0,,withheld: refs unverified
Ag111,ethanol,beef_vdw,SPE,,,,,,,,,,,,,,,,No complete matched component set,false,,0,,withheld: potential mismatch
Ag111,ethene,pbe,relaxed,,,,,,,,,,,,,,,,No complete matched component set,false,,0,,withheld: potential mismatch
Ag111,ethene,pbe,SPE,,,,,,,,,,,,,,,,No complete matched component set,false,,0,,withheld: potential mismatch
Ag111,ethene,pbe_d3,relaxed,,,,,,,,,,,,,,,,No complete matched component set,false,,0,,withheld: potential mismatch
Ag111,ethene,pbe_d3,SPE,,,,,,,,,,,,,,,,No complete matched component set,false,,0,,withheld: potential mismatch
Ag111,ethene,r2scan,relaxed,,,,,,,,,,,,,,,,No complete matched component set,false,,0,,withheld: refs unverified
Ag111,ethene,r2scan,SPE,,,,,,,,,,,,,,,,No complete matched component set,false,,0,,withheld: potential mismatch
Ag111,ethene,beef_vdw,relaxed,,,,,,,,,,,,,,,,No complete matched component set,false,,0,,withheld: potential mismatch
Ag111,ethene,beef_vdw,SPE,,,,,,,,,,,,,,,,No complete matched component set,false,,0,,withheld: potential mismatch
Ag111,formaldehyde,pbe,relaxed,,,,,,,,,,,,,,,,No complete matched component set,false,,0,,withheld: potential mismatch
Ag111,formaldehyde,pbe,SPE,,,,,,,,,,,,,,,,No complete matched component set,false,,0,,withheld: potential mismatch
Ag111,formaldehyde,pbe_d3,relaxed,,,,,,,,,,,,,,,,No complete matched component set,false,,0,,withheld: potential mismatch
Ag111,formaldehyde,pbe_d3,SPE,,,,,,,,,,,,,,,,No complete matched component set,false,,0,,withheld: potential mismatch
Ag111,formaldehyde,r2scan,relaxed,,,,,,,,,,,,,,,,No complete matched component set,false,,0,,missing
Ag111,formaldehyde,r2scan,SPE,,,,,,,,,,,,,,,,No complete matched component set,false,,0,,withheld: potential mismatch
Ag111,formaldehyde,beef_vdw,relaxed,,,,,,,,,,,,,,,,No complete matched component set,false,,0,,withheld: potential mismatch
Ag111,formaldehyde,beef_vdw,SPE,,,,,,,,,,,,,,,,No complete matched component set,false,,0,,withheld: potential mismatch
Ag111,formate,pbe,relaxed,,,,,,,,,,,,,,,,No complete matched component set,false,,0,,withheld: refs unverified
Ag111,formate,pbe,SPE,,,,,,,,,,,,,,,,No complete matched component set,false,,0,,withheld: potential mismatch
Ag111,formate,pbe_d3,relaxed,,,,,,,,,,,,,,,,No complete matched component set,false,,0,,withheld: refs unverified
Ag111,formate,pbe_d3,SPE,,,,,,,,,,,,,,,,No complete matched component set,false,,0,,withheld: potential mismatch
Ag111,formate,r2scan,relaxed,,,,,,,,,,,,,,,,No complete matched component set,false,,0,,withheld: refs unverified
Ag111,formate,r2scan,SPE,,,,,,,,,,,,,,,,No complete matched component set,false,,0,,withheld: potential mismatch
Ag111,formate,beef_vdw,relaxed,,,,,,,,,,,,,,,,No complete matched component set,false,,0,,missing
Ag111,formate,beef_vdw,SPE,,,,,,,,,,,,,,,,No complete matched component set,false,,0,,withheld: potential mismatch
Ag111,formic_acid,pbe,relaxed,,,,,,,,,,,,,,,,No complete matched component set,false,,0,,withheld: potential mismatch
Ag111,formic_acid,pbe,SPE,,,,,,,,,,,,,,,,No complete matched component set,false,,0,,withheld: potential mismatch
Ag111,formic_acid,pbe_d3,relaxed,,,,,,,,,,,,,,,,No complete matched component set,false,,0,,withheld: potential mismatch
Ag111,formic_acid,pbe_d3,SPE,,,,,,,,,,,,,,,,No complete matched component set,false,,0,,withheld: potential mismatch
Ag111,formic_acid,r2scan,relaxed,,,,,,,,,,,,,,,,No complete matched component set,false,,0,,withheld: refs unverified
Ag111,formic_acid,r2scan,SPE,,,,,,,,,,,,,,,,No complete matched component set,false,,0,,withheld: potential mismatch
Ag111,formic_acid,beef_vdw,relaxed,,,,,,,,,,,,,,,,No complete matched component set,false,,0,,withheld: potential mismatch
Ag111,formic_acid,beef_vdw,SPE,,,,,,,,,,,,,,,,No complete matched component set,false,,0,,withheld: potential mismatch
Ag111,glycerol,pbe,relaxed,,,,,,,,,,,,,,,,No complete matched component set,false,,0,,withheld: refs unverified
Ag111,glycerol,pbe,SPE,,,,,,,,,,,,,,,,No complete matched component set,false,,0,,withheld: potential mismatch
Ag111,glycerol,pbe_d3,relaxed,,,,,,,,,,,,,,,,No complete matched component set,false,,0,,withheld: refs unverified
Ag111,glycerol,pbe_d3,SPE,,,,,,,,,,,,,,,,No complete matched component set,false,,0,,withheld: potential mismatch
Ag111,glycerol,r2scan,relaxed,,,,,,,,,,,,,,,,No complete matched component set,false,,0,,withheld: refs unverified
Ag111,glycerol,r2scan,SPE,,,,,,,,,,,,,,,,No complete matched component set,false,,0,,withheld: potential mismatch
Ag111,glycerol,beef_vdw,relaxed,,,,,,,,,,,,,,,,No complete matched component set,false,,0,,missing
Ag111,glycerol,beef_vdw,SPE,,,,,,,,,,,,,,,,No complete matched component set,false,,0,,missing
Ag111,isopropanol,pbe,relaxed,,,,,,,,,,,,,,,,No complete matched component set,false,,0,,withheld: refs unverified
Ag111,isopropanol,pbe,SPE,,,,,,,,,,,,,,,,No complete matched component set,false,,0,,withheld: potential mismatch
Ag111,isopropanol,pbe_d3,relaxed,,,,,,,,,,,,,,,,No complete matched component set,false,,0,,withheld: refs unverified
Ag111,isopropanol,pbe_d3,SPE,,,,,,,,,,,,,,,,No complete matched component set,false,,0,,withheld: potential mismatch
Ag111,isopropanol,r2scan,relaxed,,,,,,,,,,,,,,,,No complete matched component set,false,,0,,withheld: refs unverified
Ag111,isopropanol,r2scan,SPE,,,,,,,,,,,,,,,,No complete matched component set,false,,0,,withheld: potential mismatch
Ag111,isopropanol,beef_vdw,relaxed,,,,,,,,,,,,,,,,No complete matched component set,false,,0,,missing
Ag111,isopropanol,beef_vdw,SPE,,,,,,,,,,,,,,,,No complete matched component set,false,,0,,withheld: potential mismatch
Ag111,methane,pbe,relaxed,,,,,,,,,,,,,,,,No complete matched component set,false,,0,,withheld: potential mismatch
Ag111,methane,pbe,SPE,,,,,,,,,,,,,,,,No complete matched component set,false,,0,,withheld: potential mismatch
Ag111,methane,pbe_d3,relaxed,,,,,,,,,,,,,,,,No complete matched component set,false,,0,,withheld: potential mismatch
Ag111,methane,pbe_d3,SPE,,,,,,,,,,,,,,,,No complete matched component set,false,,0,,withheld: potential mismatch
Ag111,methane,r2scan,relaxed,,,,,,,,,,,,,,,,No complete matched component set,false,,0,,withheld: refs unverified
Ag111,methane,r2scan,SPE,,,,,,,,,,,,,,,,No complete matched component set,false,,0,,withheld: potential mismatch
Ag111,methane,beef_vdw,relaxed,,,,,,,,,,,,,,,,No complete matched component set,false,,0,,withheld: potential mismatch
Ag111,methane,beef_vdw,SPE,,,,,,,,,,,,,,,,No complete matched component set,false,,0,,withheld: potential mismatch
Ag111,methanol,pbe,relaxed,,,,,,,,,,,,,,,,No complete matched component set,false,,0,,withheld: potential mismatch
Ag111,methanol,pbe,SPE,,,,,,,,,,,,,,,,No complete matched component set,false,,0,,withheld: potential mismatch
Ag111,methanol,pbe_d3,relaxed,,,,,,,,,,,,,,,,No complete matched component set,false,,0,,withheld: potential mismatch
Ag111,methanol,pbe_d3,SPE,,,,,,,,,,,,,,,,No complete matched component set,false,,0,,withheld: potential mismatch
Ag111,methanol,r2scan,relaxed,,,,,,,,,,,,,,,,No complete matched component set,false,,0,,withheld: refs unverified
Ag111,methanol,r2scan,SPE,,,,,,,,,,,,,,,,No complete matched component set,false,,0,,withheld: potential mismatch
Ag111,methanol,beef_vdw,relaxed,,,,,,,,,,,,,,,,No complete matched component set,false,,0,,withheld: potential mismatch
Ag111,methanol,beef_vdw,SPE,,,,,,,,,,,,,,,,No complete matched component set,false,,0,,withheld: potential mismatch
Ag111,propane,pbe,relaxed,,,,,,,,,,,,,,,,No complete matched component set,false,,0,,withheld: refs unverified
Ag111,propane,pbe,SPE,,,,,,,,,,,,,,,,No complete matched component set,false,,0,,withheld: potential mismatch
Ag111,propane,pbe_d3,relaxed,,,,,,,,,,,,,,,,No complete matched component set,false,,0,,withheld: refs unverified
Ag111,propane,pbe_d3,SPE,,,,,,,,,,,,,,,,No complete matched component set,false,,0,,withheld: potential mismatch
Ag111,propane,r2scan,relaxed,,,,,,,,,,,,,,,,No complete matched component set,false,,0,,withheld: refs unverified
Ag111,propane,r2scan,SPE,,,,,,,,,,,,,,,,No complete matched component set,false,,0,,withheld: potential mismatch
Ag111,propane,beef_vdw,relaxed,,,,,,,,,,,,,,,,No complete matched component set,false,,0,,missing
Ag111,propane,beef_vdw,SPE,,,,,,,,,,,,,,,,No complete matched component set,false,,0,,withheld: potential mismatch
Ag111,propanol,pbe,relaxed,,,,,,,,,,,,,,,,No complete matched component set,false,,0,,withheld: refs unverified
Ag111,propanol,pbe,SPE,,,,,,,,,,,,,,,,No complete matched component set,false,,0,,withheld: refs unverified
Ag111,propanol,pbe_d3,relaxed,,,,,,,,,,,,,,,,No complete matched component set,false,,0,,withheld: refs unverified
Ag111,propanol,pbe_d3,SPE,,,,,,,,,,,,,,,,No complete matched component set,false,,0,,withheld: refs unverified
Ag111,propanol,r2scan,relaxed,,,,,,,,,,,,,,,,No complete matched component set,false,,0,,withheld: refs unverified
Ag111,propanol,r2scan,SPE,,,,,,,,,,,,,,,,No complete matched component set,false,,0,,withheld: refs unverified
Ag111,propanol,beef_vdw,relaxed,,,,,,,,,,,,,,,,No complete matched component set,false,,0,,missing
Ag111,propanol,beef_vdw,SPE,,,,,,,,,,,,,,,,No complete matched component set,false,,0,,withheld: refs unverified
Ag111,propene,pbe,relaxed,,,,,,,,,,,,,,,,No complete matched component set,false,,0,,withheld: refs unverified
Ag111,propene,pbe,SPE,,,,,,,,,,,,,,,,No complete matched component set,false,,0,,withheld: potential mismatch
Ag111,propene,pbe_d3,relaxed,,,,,,,,,,,,,,,,No complete matched component set,false,,0,,withheld: refs unverified
Ag111,propene,pbe_d3,SPE,,,,,,,,,,,,,,,,No complete matched component set,false,,0,,withheld: potential mismatch
Ag111,propene,r2scan,relaxed,,,,,,,,,,,,,,,,No complete matched component set,false,,0,,withheld: refs unverified
Ag111,propene,r2scan,SPE,,,,,,,,,,,,,,,,No complete matched component set,false,,0,,withheld: potential mismatch
Ag111,propene,beef_vdw,relaxed,,,,,,,,,,,,,,,,No complete matched component set,false,,0,,missing
Ag111,propene,beef_vdw,SPE,,,,,,,,,,,,,,,,No complete matched component set,false,,0,,withheld: potential mismatch
Au111,CH3,pbe,relaxed,ok,-1.27944554,-129.75013838,-110.27805338,-18.19263946,perlmutter,perlmutter,perlmutter,/pscratch/sd/j/jcho5/VASP/dft_jobs/CH3_Au111/PBE,/pscratch/sd/j/jcho5/VASP/vasp_slab_kestrel/Au111_n36/PBE,/pscratch/sd/j/jcho5/VASP/vasp_mol/CH3/PBE,b4881d53574bd2b9e003d2dd09b16d95c23e2006aac0c10f5f14770873fcff3c,8e28929e330fdc0de8903581752a624026a93ea227ac732061e627be9bed9101,55948174742a2237ee4078ccc4928c5af9560ab1b988bfdc05684033de502d29,"Converged components; matching PAW TITEL identities, functional, composition, full slab cell and stored core settings. Archived Kestrel provenance retained. No energy scaling or offsets.",Perlmutter first,false,-1.279,1,-1.27944554,selected candidate applied
Au111,CH3,pbe,SPE,ok,-1.23323511,-129.70392795,-110.27805338,-18.19263946,perlmutter,perlmutter,perlmutter,/pscratch/sd/j/jcho5/VASP/dft_jobs/CH3_Au111/singlepoint/PBE,/pscratch/sd/j/jcho5/VASP/vasp_slab_kestrel/Au111_n36/PBE,/pscratch/sd/j/jcho5/VASP/vasp_mol/CH3/PBE,c066251530ba16612a7856a39824fa500f793516c764191d6b080334a0ea35d5,8e28929e330fdc0de8903581752a624026a93ea227ac732061e627be9bed9101,55948174742a2237ee4078ccc4928c5af9560ab1b988bfdc05684033de502d29,"Converged components; matching PAW TITEL identities, functional, composition, full slab cell and stored core settings. Archived Kestrel provenance retained. No energy scaling or offsets.",Perlmutter first,false,-1.233,2,-1.23323511,selected candidate applied
Au111,CH3,pbe_d3,relaxed,ok,-1.48005633,-147.78022513,-128.10601966,-18.19414914,perlmutter,perlmutter,perlmutter,/pscratch/sd/j/jcho5/VASP/dft_jobs/CH3_Au111/PBE_D3,/pscratch/sd/j/jcho5/VASP/vasp_slab_kestrel/Au111_n36/PBE_D3,/pscratch/sd/j/jcho5/VASP/vasp_mol/CH3/PBE_D3,3f20f32132e61f2c6fda5f01322d3b382119d80d78a51eec1bf6600faa1d38e7,27ba41cc961f1fa3b990f30fa19093fc546d2b4e995f09abe54cdfd95a8adac8,d5c3d39ad14473323e77e91f951c1fed3ea6b279c20a4b6f3944c45fa910de88,"Converged components; matching PAW TITEL identities, functional, composition, full slab cell and stored core settings. Archived Kestrel provenance retained. No energy scaling or offsets.",Perlmutter first,false,-1.48,1,-1.48005633,selected candidate applied
Au111,CH3,pbe_d3,SPE,ok,-1.28941614,-147.58958494,-128.10601966,-18.19414914,perlmutter,perlmutter,perlmutter,/pscratch/sd/j/jcho5/VASP/dft_jobs/CH3_Au111/singlepoint/PBE_D3,/pscratch/sd/j/jcho5/VASP/vasp_slab_kestrel/Au111_n36/PBE_D3,/pscratch/sd/j/jcho5/VASP/vasp_mol/CH3/PBE_D3,5b23d58ccabe6644067d96a4d751a4801e7e771388b8367e6c69310a9c1e14a3,27ba41cc961f1fa3b990f30fa19093fc546d2b4e995f09abe54cdfd95a8adac8,d5c3d39ad14473323e77e91f951c1fed3ea6b279c20a4b6f3944c45fa910de88,"Converged components; matching PAW TITEL identities, functional, composition, full slab cell and stored core settings. Archived Kestrel provenance retained. No energy scaling or offsets.",Perlmutter first,false,-1.289,2,-1.28941614,selected candidate applied
Au111,CH3,r2scan,relaxed,ok,-1.19604191,-1835.05905718,-1814.63214741,-19.23086786,perlmutter,perlmutter,perlmutter,/pscratch/sd/j/jcho5/VASP/dft_jobs/CH3_Au111/r2scan,/pscratch/sd/j/jcho5/VASP/vasp_slab_kestrel/Au111_n36/r2scan,/pscratch/sd/j/jcho5/VASP/vasp_mol/CH3/r2scan,d6c1a9cc33f29bf8d4ba01fa2f5d41c9a144fa629c2b02509c40fcd16226ba0d,7f0fbdf49e8a3205eefd84fa2cd3261348f8239a33b3434cfd28225c993e58e3,cd57306845596406a180b6e807da423b6b753c1d97073bdbc1899a4e4f0e975f,"Converged components; matching PAW TITEL identities, functional, composition, full slab cell and stored core settings. Archived Kestrel provenance retained. No energy scaling or offsets.",Perlmutter first,false,-1.196,1,-1.19604191,selected candidate applied
Au111,CH3,r2scan,SPE,ok,-1.05214908,-1834.91516435,-1814.63214741,-19.23086786,perlmutter,perlmutter,perlmutter,/pscratch/sd/j/jcho5/VASP/dft_jobs/CH3_Au111/singlepoint/r2scan,/pscratch/sd/j/jcho5/VASP/vasp_slab_kestrel/Au111_n36/r2scan,/pscratch/sd/j/jcho5/VASP/vasp_mol/CH3/r2scan,2ef6e034c89404e3f4d36c210ae009c2814092ca0e3bff5537adb7fcd834fb07,7f0fbdf49e8a3205eefd84fa2cd3261348f8239a33b3434cfd28225c993e58e3,cd57306845596406a180b6e807da423b6b753c1d97073bdbc1899a4e4f0e975f,"Converged components; matching PAW TITEL identities, functional, composition, full slab cell and stored core settings. Archived Kestrel provenance retained. No energy scaling or offsets.",Perlmutter first,false,-1.052,2,-1.05214908,selected candidate applied
Au111,CH3,beef_vdw,relaxed,ok,-1.40879396,-17.60756025,0.91882089,-17.11758718,perlmutter,perlmutter,perlmutter,/pscratch/sd/j/jcho5/VASP/dft_jobs/CH3_Au111/beef_vdw,/pscratch/sd/j/jcho5/VASP/vasp_slab_kestrel/Au111_n36/beef_vdw,/pscratch/sd/j/jcho5/VASP/vasp_mol/CH3/beef_vdw,fe44c989a71806a5063100c961e6f7ad5c342de1f6ab5b15f1564280a823d947,f843e56dd04b04c4845ba3978d3e66716e3d2091d04905d35d16eb8f8a6aab90,17654ec6cbe398af64a6c89e8c35a22325002947a1b1e7b4ad8572e57f8de8e7,"Converged components; matching PAW TITEL identities, functional, composition, full slab cell and stored core settings. Archived Kestrel provenance retained. No energy scaling or offsets.",Perlmutter first,false,-1.409,1,-1.40879396,selected candidate applied
Au111,CH3,beef_vdw,SPE,ok,-1.36465576,-17.56342205,0.91882089,-17.11758718,perlmutter,perlmutter,perlmutter,/pscratch/sd/j/jcho5/VASP/dft_jobs/CH3_Au111/singlepoint/beef_vdw,/pscratch/sd/j/jcho5/VASP/vasp_slab_kestrel/Au111_n36/beef_vdw,/pscratch/sd/j/jcho5/VASP/vasp_mol/CH3/beef_vdw,3b48ef19a94c507a63256ddd4579a1ad759d6d0601aca1da51e680b1e9e87cdd,f843e56dd04b04c4845ba3978d3e66716e3d2091d04905d35d16eb8f8a6aab90,17654ec6cbe398af64a6c89e8c35a22325002947a1b1e7b4ad8572e57f8de8e7,"Converged components; matching PAW TITEL identities, functional, composition, full slab cell and stored core settings. Archived Kestrel provenance retained. No energy scaling or offsets.",Perlmutter first,false,-1.365,2,-1.36465576,selected candidate applied
Au111,CO,pbe,relaxed,ok,-0.12673308,-125.18516883,-110.27805338,-14.78038237,perlmutter,perlmutter,perlmutter,/pscratch/sd/j/jcho5/VASP/dft_jobs/CO_Au111/PBE,/pscratch/sd/j/jcho5/VASP/vasp_slab_kestrel/Au111_n36/PBE,/pscratch/sd/j/jcho5/VASP/vasp_mol/CO/PBE,aabfe30072c652b66b664a32cea98ae5ab059c83abd349e2d2bb60e6a51ab3f4,8e28929e330fdc0de8903581752a624026a93ea227ac732061e627be9bed9101,5de111fef07e98239197c4d5ccebe9b659b69a862d3790f6544f0960f107810e,"Converged components; matching PAW TITEL identities, functional, composition, full slab cell and stored core settings. Archived Kestrel provenance retained. No energy scaling or offsets.",Perlmutter first,false,-0.127,1,-0.12673308,selected candidate applied
Au111,CO,pbe,SPE,ok,-0.07125691,-125.12969266,-110.27805338,-14.78038237,perlmutter,perlmutter,perlmutter,/pscratch/sd/j/jcho5/VASP/dft_jobs/CO_Au111/singlepoint/PBE,/pscratch/sd/j/jcho5/VASP/vasp_slab_kestrel/Au111_n36/PBE,/pscratch/sd/j/jcho5/VASP/vasp_mol/CO/PBE,22e6c46ca9467c40263db7a261da0843ec949e5bef0bcc5f712f7313a47fcaea,8e28929e330fdc0de8903581752a624026a93ea227ac732061e627be9bed9101,5de111fef07e98239197c4d5ccebe9b659b69a862d3790f6544f0960f107810e,"Converged components; matching PAW TITEL identities, functional, composition, full slab cell and stored core settings. Archived Kestrel provenance retained. No energy scaling or offsets.",Perlmutter first,false,,2,-0.07125691,selected candidate applied
Au111,CO,pbe_d3,relaxed,ok,-0.28873565,-143.17515121,-128.10601966,-14.7803959,perlmutter,perlmutter,perlmutter,/pscratch/sd/j/jcho5/VASP/dft_jobs/CO_Au111/PBE_D3,/pscratch/sd/j/jcho5/VASP/vasp_slab_kestrel/Au111_n36/PBE_D3,/pscratch/sd/j/jcho5/VASP/vasp_mol/CO/PBE_D3,290017840468c754c7926d58a56b6480f4fed0de86dafa4dd45967b521340b6b,27ba41cc961f1fa3b990f30fa19093fc546d2b4e995f09abe54cdfd95a8adac8,6f7c547c5fad89492e6aa42317c90bb373aa74cfe9822216218e7897b7d88dae,"Converged components; matching PAW TITEL identities, functional, composition, full slab cell and stored core settings. Archived Kestrel provenance retained. No energy scaling or offsets.",Perlmutter first,false,-0.289,1,-0.28873565,selected candidate applied
Au111,CO,pbe_d3,SPE,ok,-0.07447973,-142.96089529,-128.10601966,-14.7803959,perlmutter,perlmutter,perlmutter,/pscratch/sd/j/jcho5/VASP/dft_jobs/CO_Au111/singlepoint/PBE_D3,/pscratch/sd/j/jcho5/VASP/vasp_slab_kestrel/Au111_n36/PBE_D3,/pscratch/sd/j/jcho5/VASP/vasp_mol/CO/PBE_D3,b1488d7131b4948b1de21103111531a7d833936ffee92781a71a214f3561c6e7,27ba41cc961f1fa3b990f30fa19093fc546d2b4e995f09abe54cdfd95a8adac8,6f7c547c5fad89492e6aa42317c90bb373aa74cfe9822216218e7897b7d88dae,"Converged components; matching PAW TITEL identities, functional, composition, full slab cell and stored core settings. Archived Kestrel provenance retained. No energy scaling or offsets.",Perlmutter first,false,,2,-0.07447973,selected candidate applied
Au111,CO,r2scan,relaxed,,,,,,,,,,,,,,,,No complete matched component set,false,,0,,withheld: refs unverified
Au111,CO,r2scan,SPE,ok,0.04577562,-1831.06644655,-1814.63214741,-16.48007476,perlmutter,perlmutter,perlmutter,/pscratch/sd/j/jcho5/VASP/dft_jobs/CO_Au111/singlepoint/r2scan,/pscratch/sd/j/jcho5/VASP/vasp_slab_kestrel/Au111_n36/r2scan,/pscratch/sd/j/jcho5/VASP/vasp_mol/CO/r2scan,7527d5dd6ba8a16c6a1ee069941d478116247154ab76e49891a4a6d939d24e2c,7f0fbdf49e8a3205eefd84fa2cd3261348f8239a33b3434cfd28225c993e58e3,a36500324108a48f08b0fa481a9853e27a9e82ac0665deba3021a0b73f639998,"Converged components; matching PAW TITEL identities, functional, composition, full slab cell and stored core settings. Archived Kestrel provenance retained. No energy scaling or offsets.",Perlmutter first,false,,2,0.04577562,selected candidate applied
Au111,CO,beef_vdw,relaxed,ok,-0.04158874,-10.85594416,0.91882089,-11.73317631,perlmutter,perlmutter,perlmutter,/pscratch/sd/j/jcho5/VASP/dft_jobs/CO_Au111/beef_vdw,/pscratch/sd/j/jcho5/VASP/vasp_slab_kestrel/Au111_n36/beef_vdw,/pscratch/sd/j/jcho5/VASP/vasp_mol/CO/beef_vdw,b350bc77ec6ee23125e33b3031f520fcdeab99d533925e7fd0fa6d0d5657d653,f843e56dd04b04c4845ba3978d3e66716e3d2091d04905d35d16eb8f8a6aab90,90c259ac544177c49d5917b5ef2a599f016bbaa85d9c2a29cfebab933e903980,"Converged components; matching PAW TITEL identities, functional, composition, full slab cell and stored core settings. Archived Kestrel provenance retained. No energy scaling or offsets.",Perlmutter first,false,-0.042,1,-0.04158874,selected candidate applied
Au111,CO,beef_vdw,SPE,ok,0.02214333,-10.79221209,0.91882089,-11.73317631,perlmutter,perlmutter,perlmutter,/pscratch/sd/j/jcho5/VASP/dft_jobs/CO_Au111/singlepoint/beef_vdw,/pscratch/sd/j/jcho5/VASP/vasp_slab_kestrel/Au111_n36/beef_vdw,/pscratch/sd/j/jcho5/VASP/vasp_mol/CO/beef_vdw,bcc0ad94effc522794b5e09bc5ab0165990c34e2f5e62015dcb37487865d6aef,f843e56dd04b04c4845ba3978d3e66716e3d2091d04905d35d16eb8f8a6aab90,90c259ac544177c49d5917b5ef2a599f016bbaa85d9c2a29cfebab933e903980,"Converged components; matching PAW TITEL identities, functional, composition, full slab cell and stored core settings. Archived Kestrel provenance retained. No energy scaling or offsets.",Perlmutter first,false,,2,0.02214333,selected candidate applied
Au111,CO2,pbe,relaxed,,,,,,,,,,,,,,,,No complete matched component set,false,,0,,withheld: refs unverified
Au111,CO2,pbe,SPE,,,,,,,,,,,,,,,,No complete matched component set,false,,0,,withheld: refs unverified
Au111,CO2,pbe_d3,relaxed,,,,,,,,,,,,,,,,No complete matched component set,false,,0,,missing
Au111,CO2,pbe_d3,SPE,,,,,,,,,,,,,,,,No complete matched component set,false,,0,,missing
Au111,CO2,r2scan,relaxed,,,,,,,,,,,,,,,,No complete matched component set,false,,0,,withheld: refs unverified
Au111,CO2,r2scan,SPE,,,,,,,,,,,,,,,,No complete matched component set,false,,0,,withheld: refs unverified
Au111,CO2,beef_vdw,relaxed,,,,,,,,,,,,,,,,No complete matched component set,false,,0,,missing
Au111,CO2,beef_vdw,SPE,,,,,,,,,,,,,,,,No complete matched component set,false,,0,,withheld: refs unverified
Au111,DME,pbe,relaxed,ok,-0.04608573,-156.701821,-110.27805338,-46.37768189,perlmutter,perlmutter,perlmutter,/pscratch/sd/j/jcho5/VASP/dft_jobs/CH3OCH3_Au111/PBE,/pscratch/sd/j/jcho5/VASP/vasp_slab_kestrel/Au111_n36/PBE,/pscratch/sd/j/jcho5/VASP/completion_runs/dme_references_davidson_20260915/molecule/DME/PBE,58db9f05b3c8bbda5d9abbff4328f75b97ec7450d95c89e9889b3cb5776eff5b,8e28929e330fdc0de8903581752a624026a93ea227ac732061e627be9bed9101,2783353f6c0ff3844ba4d6ff5d7e8f828816118201b89284c45975b6be47d7f6,"Converged components; matching PAW TITEL identities, functional, composition, full slab cell and stored core settings. Archived Kestrel provenance retained. No energy scaling or offsets.",Perlmutter first,false,-0.046,1,-0.04608573,selected candidate applied
Au111,DME,pbe,SPE,ok,0.06993290,-156.58580237,-110.27805338,-46.37768189,perlmutter,perlmutter,perlmutter,/pscratch/sd/j/jcho5/VASP/dft_jobs/CH3OCH3_Au111/singlepoint/PBE,/pscratch/sd/j/jcho5/VASP/vasp_slab_kestrel/Au111_n36/PBE,/pscratch/sd/j/jcho5/VASP/completion_runs/dme_references_davidson_20260915/molecule/DME/PBE,0002426280c845cf11a66d496cf6fb41e8e3fffee831048527d543bc6aa175f8,8e28929e330fdc0de8903581752a624026a93ea227ac732061e627be9bed9101,2783353f6c0ff3844ba4d6ff5d7e8f828816118201b89284c45975b6be47d7f6,"Converged components; matching PAW TITEL identities, functional, composition, full slab cell and stored core settings. Archived Kestrel provenance retained. No energy scaling or offsets.",Perlmutter first,false,0.07,2,0.06993290,selected candidate applied
Au111,DME,pbe_d3,relaxed,ok,-0.48120232,-175.0107406,-128.10601966,-46.42351862,perlmutter,perlmutter,perlmutter,/pscratch/sd/j/jcho5/VASP/dft_jobs/CH3OCH3_Au111/PBE_D3,/pscratch/sd/j/jcho5/VASP/vasp_slab_kestrel/Au111_n36/PBE_D3,/pscratch/sd/j/jcho5/VASP/completion_runs/dme_references_davidson_20260915/molecule/DME/PBE_D3,3fe3758c6689ec563edebe330e0ef76f438fbeeeab6cad6e87e18af552ac2ad1,27ba41cc961f1fa3b990f30fa19093fc546d2b4e995f09abe54cdfd95a8adac8,fa540cffb0ee118e48318e9d7cc15ef68ab721ba66b60dacbe49aaf2111cd3ba,"Converged components; matching PAW TITEL identities, functional, composition, full slab cell and stored core settings. Archived Kestrel provenance retained. No energy scaling or offsets.",Perlmutter first,false,-0.481,1,-0.48120232,selected candidate applied
Au111,DME,pbe_d3,SPE,ok,0.05737353,-174.47216475,-128.10601966,-46.42351862,perlmutter,perlmutter,perlmutter,/pscratch/sd/j/jcho5/VASP/dft_jobs/CH3OCH3_Au111/singlepoint/PBE_D3,/pscratch/sd/j/jcho5/VASP/vasp_slab_kestrel/Au111_n36/PBE_D3,/pscratch/sd/j/jcho5/VASP/completion_runs/dme_references_davidson_20260915/molecule/DME/PBE_D3,de347de5ab59649dc5d4707fbe568816887f52362428fc532f2e14f40fa0d960,27ba41cc961f1fa3b990f30fa19093fc546d2b4e995f09abe54cdfd95a8adac8,fa540cffb0ee118e48318e9d7cc15ef68ab721ba66b60dacbe49aaf2111cd3ba,"Converged components; matching PAW TITEL identities, functional, composition, full slab cell and stored core settings. Archived Kestrel provenance retained. No energy scaling or offsets.",Perlmutter first,false,0.057,2,0.05737353,selected candidate applied
Au111,DME,r2scan,relaxed,,,,,,,,,,,,,,,,No complete matched component set,false,,0,,withheld: refs unverified
Au111,DME,r2scan,SPE,ok,0.19335503,-1863.57938165,-1814.63214741,-49.14058927,perlmutter,perlmutter,perlmutter,/pscratch/sd/j/jcho5/VASP/dft_jobs/CH3OCH3_Au111/singlepoint/r2scan,/pscratch/sd/j/jcho5/VASP/vasp_slab_kestrel/Au111_n36/r2scan,/pscratch/sd/j/jcho5/VASP/vasp_mol/CH3OCH3/r2scan,55bfd32d111e6e2b257ceb701a4859407e74625355df15096aa8db589d7a2921,7f0fbdf49e8a3205eefd84fa2cd3261348f8239a33b3434cfd28225c993e58e3,88bae082a3a840ba244087cd0c4e6738272d372dfd577bafa865bab4c8e6f532,"Converged components; matching PAW TITEL identities, functional, composition, full slab cell and stored core settings. Archived Kestrel provenance retained. No energy scaling or offsets.",Perlmutter first,false,0.193,2,0.19335503,selected candidate applied
Au111,DME,beef_vdw,relaxed,ok,-0.38212091,-41.75642931,0.91882089,-42.29312929,perlmutter,perlmutter,perlmutter,/pscratch/sd/j/jcho5/VASP/dft_jobs/CH3OCH3_Au111/beef_vdw,/pscratch/sd/j/jcho5/VASP/vasp_slab_kestrel/Au111_n36/beef_vdw,/pscratch/sd/j/jcho5/VASP/vasp_mol/CH3OCH3/beef_vdw,c6d73c3be357ba25ed72b2de181a3335f13864ed19f7252abc02d7d8fbbc8e53,f843e56dd04b04c4845ba3978d3e66716e3d2091d04905d35d16eb8f8a6aab90,086d10efc7f719c873def716799e78f3d0ddf3330b2d8d4c13d6972f445248a2,"Converged components; matching PAW TITEL identities, functional, composition, full slab cell and stored core settings. Archived Kestrel provenance retained. No energy scaling or offsets.",Perlmutter first,false,-0.382,1,-0.38212091,selected candidate applied
Au111,DME,beef_vdw,SPE,ok,-0.37454793,-41.74885633,0.91882089,-42.29312929,perlmutter,perlmutter,perlmutter,/pscratch/sd/j/jcho5/VASP/dft_jobs/CH3OCH3_Au111/singlepoint/beef_vdw,/pscratch/sd/j/jcho5/VASP/vasp_slab_kestrel/Au111_n36/beef_vdw,/pscratch/sd/j/jcho5/VASP/vasp_mol/CH3OCH3/beef_vdw,8172249264cbbec445c7c17d25055caa451aa8b94eb1b1ec6a515e55d15bdcc8,f843e56dd04b04c4845ba3978d3e66716e3d2091d04905d35d16eb8f8a6aab90,086d10efc7f719c873def716799e78f3d0ddf3330b2d8d4c13d6972f445248a2,"Converged components; matching PAW TITEL identities, functional, composition, full slab cell and stored core settings. Archived Kestrel provenance retained. No energy scaling or offsets.",Perlmutter first,false,-0.375,2,-0.37454793,selected candidate applied
Au111,H2,pbe,relaxed,,,,,,,,,,,,,,,,No complete matched component set,false,,0,,withheld: refs unverified
Au111,H2,pbe,SPE,ok,0.13416250,-116.91052716,-110.27805338,-6.76663628,kestrel,kestrel,kestrel,/kfs3/scratch/jcho5/goad-global-optimization/poscar/best/C0/Au111_H2/singlepoint/PBE,/kfs3/scratch/jcho5/goad-global-optimization/vasp_slab/Au111_n36/PBE,/kfs3/scratch/jcho5/goad-global-optimization/vasp_mol/H2/PBE,ac6456b0139886730663ff14916b79f4dac4278beeec72872cb7708872935e52,02bf77cc3bffecc30c1a034d9c7e1c7e22823a6d9dc805e0f73ac8773ce98ca8,93dbdf78c1903bd76af3243030437bd007773fc737b7e8b4c69a85b1a6f61685,"Converged components; matching PAW TITEL identities, functional, composition, full slab cell and stored core settings. Archived Kestrel provenance retained. No energy scaling or offsets.",Kestrel: no usable Perlmutter binding-energy candidate,false,0.134,1,0.13416250,selected candidate applied
Au111,H2,pbe_d3,relaxed,,,,,,,,,,,,,,,,No complete matched component set,false,,0,,withheld: refs unverified
Au111,H2,pbe_d3,SPE,ok,0.31018137,-134.56247539,-128.10601966,-6.7666371,kestrel,kestrel,kestrel,/kfs3/scratch/jcho5/goad-global-optimization/poscar/best/C0/Au111_H2/singlepoint/PBE_D3,/kfs3/scratch/jcho5/goad-global-optimization/vasp_slab/Au111_n36/PBE_D3,/kfs3/scratch/jcho5/goad-global-optimization/vasp_mol/H2/PBE_D3,fc1248cf936b48a4d7d92772282ae7ec33dcd4ae65a0fc8ddf3e3f7b1aa37665,01a4162c90f4fd630b64b591537e439028aa0f89da5ac41a54a231030448c121,a347da09fbd08f8611e1afcb4df1e392ef8acff1edc98e00f5b552377f0e8f33,"Converged components; matching PAW TITEL identities, functional, composition, full slab cell and stored core settings. Archived Kestrel provenance retained. No energy scaling or offsets.",Kestrel: no usable Perlmutter binding-energy candidate,false,0.31,1,0.31018137,selected candidate applied
Au111,H2,r2scan,relaxed,,,,,,,,,,,,,,,,No complete matched component set,false,,0,,withheld: refs unverified
Au111,H2,r2scan,SPE,ok,0.30145392,-1821.23426937,-1814.63214741,-6.90357588,kestrel,kestrel,kestrel,/kfs3/scratch/jcho5/goad-global-optimization/poscar/best/C0/Au111_H2/singlepoint/r2scan,/kfs3/scratch/jcho5/goad-global-optimization/vasp_slab/Au111_n36/r2scan,/kfs3/scratch/jcho5/goad-global-optimization/vasp_mol/H2/r2scan,842e9beac0b80e8efcdf5f62f969375f722d277f3ecb04014d2beebf92776fed,dde800dc2908c7e4446b75abb8724208cc05e339caf8268fbaf39046b316ed41,6702e5d59ea104dd7f638422768bc1a6565ffc641e89972460e8f3ffd2b07639,"Converged components; matching PAW TITEL identities, functional, composition, full slab cell and stored core settings. Archived Kestrel provenance retained. No energy scaling or offsets.",Kestrel: no usable Perlmutter binding-energy candidate,false,0.301,1,0.30145392,selected candidate applied
Au111,H2,beef_vdw,relaxed,,,,,,,,,,,,,,,,No complete matched component set,false,,0,,missing
Au111,H2,beef_vdw,SPE,ok,-0.06181766,-6.17937594,0.91882089,-7.03637917,kestrel,kestrel,kestrel,/kfs3/scratch/jcho5/goad-global-optimization/poscar/best/C0/Au111_H2/singlepoint/beef_vdw,/kfs3/scratch/jcho5/goad-global-optimization/vasp_slab/Au111_n36/beef_vdw,/kfs3/scratch/jcho5/goad-global-optimization/vasp_mol/H2/beef_vdw,39bbbff10e2cf669b04082c0dc05cc45db622d782da1828f849bd88869038620,598831743de220ae2c7e6dcd37c543a2b977ddffbcd1bd4ddc11b98f9a1352fa,9fadc39437a2f8abd5f203f5ec1e83705bb84ab21f1d70a96ff848919d5aa0c8,"Converged components; matching PAW TITEL identities, functional, composition, full slab cell and stored core settings. Archived Kestrel provenance retained. No energy scaling or offsets.",Kestrel: no usable Perlmutter binding-energy candidate,false,-0.062,1,-0.06181766,selected candidate applied
Au111,H2O,pbe,relaxed,ok,-0.04101729,-124.53684584,-110.27805338,-14.21777517,perlmutter,perlmutter,perlmutter,/pscratch/sd/j/jcho5/VASP/dft_jobs/H2O_Au111/PBE,/pscratch/sd/j/jcho5/VASP/vasp_slab_kestrel/Au111_n36/PBE,/pscratch/sd/j/jcho5/VASP/vasp_mol/H2O/PBE,a081aad402ed337a396f25ddd27245628ba88088f733c3f662af1b8bb21de350,8e28929e330fdc0de8903581752a624026a93ea227ac732061e627be9bed9101,dbc93cb2dc9c33d9e78e8d67411ddad5af844a63665a1023d719bbb6cea7ab32,"Converged components; matching PAW TITEL identities, functional, composition, full slab cell and stored core settings. Archived Kestrel provenance retained. No energy scaling or offsets.",Perlmutter first,false,-0.041,1,-0.04101729,selected candidate applied
Au111,H2O,pbe,SPE,ok,0.07551822,-124.42031033,-110.27805338,-14.21777517,perlmutter,perlmutter,perlmutter,/pscratch/sd/j/jcho5/VASP/dft_jobs/H2O_Au111/singlepoint/PBE,/pscratch/sd/j/jcho5/VASP/vasp_slab_kestrel/Au111_n36/PBE,/pscratch/sd/j/jcho5/VASP/vasp_mol/H2O/PBE,608bb9b8eefa768ce7eaa9e8ea0e704b5be033419e80e0464afbef706b0e7ec8,8e28929e330fdc0de8903581752a624026a93ea227ac732061e627be9bed9101,dbc93cb2dc9c33d9e78e8d67411ddad5af844a63665a1023d719bbb6cea7ab32,"Converged components; matching PAW TITEL identities, functional, composition, full slab cell and stored core settings. Archived Kestrel provenance retained. No energy scaling or offsets.",Perlmutter first,false,,2,0.07551822,selected candidate applied
Au111,H2O,pbe_d3,relaxed,ok,-0.30130037,-142.62520781,-128.10601966,-14.21788778,perlmutter,perlmutter,perlmutter,/pscratch/sd/j/jcho5/VASP/dft_jobs/H2O_Au111/PBE_D3,/pscratch/sd/j/jcho5/VASP/vasp_slab_kestrel/Au111_n36/PBE_D3,/pscratch/sd/j/jcho5/VASP/vasp_mol/H2O/PBE_D3,6f7dc717d968a6d277cf15a57fffe772c08cddaa22b57e2474e7f825b7b67ec8,27ba41cc961f1fa3b990f30fa19093fc546d2b4e995f09abe54cdfd95a8adac8,262c9c4edc75d1e8273e9ddecaa2811518bff7b48e9850e565c0e5f7753cd53d,"Converged components; matching PAW TITEL identities, functional, composition, full slab cell and stored core settings. Archived Kestrel provenance retained. No energy scaling or offsets.",Perlmutter first,false,-0.301,1,-0.30130037,selected candidate applied
Au111,H2O,pbe_d3,SPE,ok,0.15524499,-142.16866245,-128.10601966,-14.21788778,perlmutter,perlmutter,perlmutter,/pscratch/sd/j/jcho5/VASP/dft_jobs/H2O_Au111/singlepoint/PBE_D3,/pscratch/sd/j/jcho5/VASP/vasp_slab_kestrel/Au111_n36/PBE_D3,/pscratch/sd/j/jcho5/VASP/vasp_mol/H2O/PBE_D3,41543268457d4b7267779bb9d33ee38a6447efa67f969425b4efbbc9472de09a,27ba41cc961f1fa3b990f30fa19093fc546d2b4e995f09abe54cdfd95a8adac8,262c9c4edc75d1e8273e9ddecaa2811518bff7b48e9850e565c0e5f7753cd53d,"Converged components; matching PAW TITEL identities, functional, composition, full slab cell and stored core settings. Archived Kestrel provenance retained. No energy scaling or offsets.",Perlmutter first,false,,2,0.15524499,selected candidate applied
Au111,H2O,r2scan,relaxed,,,,,,,,,,,,,,,,No complete matched component set,false,,0,,withheld: refs unverified
Au111,H2O,r2scan,SPE,ok,0.19298435,-1829.77158246,-1814.63214741,-15.3324194,perlmutter,perlmutter,perlmutter,/pscratch/sd/j/jcho5/VASP/dft_jobs/H2O_Au111/singlepoint/r2scan,/pscratch/sd/j/jcho5/VASP/vasp_slab_kestrel/Au111_n36/r2scan,/pscratch/sd/j/jcho5/VASP/vasp_mol/H2O/r2scan,dc302d78cda97e8ce6e7c5f85fdc60507bddfd861c4d48fb714c8ba82cc9cb18,7f0fbdf49e8a3205eefd84fa2cd3261348f8239a33b3434cfd28225c993e58e3,487e4574db3c6258155878738b58c6b217ab5e73271188fd8d16cf306738b9ea,"Converged components; matching PAW TITEL identities, functional, composition, full slab cell and stored core settings. Archived Kestrel provenance retained. No energy scaling or offsets.",Perlmutter first,false,,2,0.19298435,selected candidate applied
Au111,H2O,beef_vdw,relaxed,ok,-0.17530235,-11.75979827,0.91882089,-12.50331681,perlmutter,perlmutter,perlmutter,/pscratch/sd/j/jcho5/VASP/dft_jobs/H2O_Au111/beef_vdw,/pscratch/sd/j/jcho5/VASP/vasp_slab_kestrel/Au111_n36/beef_vdw,/pscratch/sd/j/jcho5/VASP/vasp_mol/H2O/beef_vdw,bf78f7f09a387b7753d8ecd946f3a18409305eb4d4ff5add212c0cbd36477a53,f843e56dd04b04c4845ba3978d3e66716e3d2091d04905d35d16eb8f8a6aab90,689e45a06d4ccea94754e756b8c22988cea5c0e0e6d5f8a7a54a4aad4d83b021,"Converged components; matching PAW TITEL identities, functional, composition, full slab cell and stored core settings. Archived Kestrel provenance retained. No energy scaling or offsets.",Perlmutter first,false,-0.175,1,-0.17530235,selected candidate applied
Au111,H2O,beef_vdw,SPE,ok,-0.17025016,-11.75474608,0.91882089,-12.50331681,perlmutter,perlmutter,perlmutter,/pscratch/sd/j/jcho5/VASP/dft_jobs/H2O_Au111/singlepoint/beef_vdw,/pscratch/sd/j/jcho5/VASP/vasp_slab_kestrel/Au111_n36/beef_vdw,/pscratch/sd/j/jcho5/VASP/vasp_mol/H2O/beef_vdw,20b01b72be2135dfa04fa3e75ad1749d05791210ea3712cb79d2155d9ea31dbe,f843e56dd04b04c4845ba3978d3e66716e3d2091d04905d35d16eb8f8a6aab90,689e45a06d4ccea94754e756b8c22988cea5c0e0e6d5f8a7a54a4aad4d83b021,"Converged components; matching PAW TITEL identities, functional, composition, full slab cell and stored core settings. Archived Kestrel provenance retained. No energy scaling or offsets.",Perlmutter first,false,,2,-0.17025016,selected candidate applied
Au111,H2S,pbe,relaxed,ok,-0.14425755,-121.62140562,-110.27805338,-11.19909469,perlmutter,perlmutter,perlmutter,/pscratch/sd/j/jcho5/VASP/dft_jobs/H2S_Au111/PBE,/pscratch/sd/j/jcho5/VASP/vasp_slab_kestrel/Au111_n36/PBE,/pscratch/sd/j/jcho5/VASP/vasp_mol/H2S/PBE,a109a33edd4a5abecbf4dea4d3d95d28be64cbfe7d2a63f8718807066973a8b8,8e28929e330fdc0de8903581752a624026a93ea227ac732061e627be9bed9101,1a92bedbec2079b5bccf2895e7f9410fb27146466a381d2e646a140cf02b9356,"Converged components; matching PAW TITEL identities, functional, composition, full slab cell and stored core settings. Archived Kestrel provenance retained. No energy scaling or offsets.",Perlmutter first,false,-0.144,1,-0.14425755,selected candidate applied
Au111,H2S,pbe,SPE,ok,0.06683852,-121.41030955,-110.27805338,-11.19909469,perlmutter,perlmutter,perlmutter,/pscratch/sd/j/jcho5/VASP/dft_jobs/H2S_Au111/singlepoint/PBE,/pscratch/sd/j/jcho5/VASP/vasp_slab_kestrel/Au111_n36/PBE,/pscratch/sd/j/jcho5/VASP/vasp_mol/H2S/PBE,c1ca72463afc09dc974f40d0700795011b8f5a2516d4cb4883cdced4ee825c8a,8e28929e330fdc0de8903581752a624026a93ea227ac732061e627be9bed9101,1a92bedbec2079b5bccf2895e7f9410fb27146466a381d2e646a140cf02b9356,"Converged components; matching PAW TITEL identities, functional, composition, full slab cell and stored core settings. Archived Kestrel provenance retained. No energy scaling or offsets.",Perlmutter first,false,,2,0.06683852,selected candidate applied
Au111,H2S,pbe_d3,relaxed,ok,-0.54049906,-139.84628523,-128.10601966,-11.19976651,perlmutter,perlmutter,perlmutter,/pscratch/sd/j/jcho5/VASP/dft_jobs/H2S_Au111/PBE_D3,/pscratch/sd/j/jcho5/VASP/vasp_slab_kestrel/Au111_n36/PBE_D3,/pscratch/sd/j/jcho5/VASP/vasp_mol/H2S/PBE_D3,a32f94fbc855c23423d48866434ad973cf5ccf9f5d65e3d4c30e0eb0f8c1e692,27ba41cc961f1fa3b990f30fa19093fc546d2b4e995f09abe54cdfd95a8adac8,c6b9f0976f0182a20da8d55d89e0540f22dd45606b1c658db8ccc9505c1f53c1,"Converged components; matching PAW TITEL identities, functional, composition, full slab cell and stored core settings. Archived Kestrel provenance retained. No energy scaling or offsets.",Perlmutter first,false,-0.54,1,-0.54049906,selected candidate applied
Au111,H2S,pbe_d3,SPE,ok,-0.00380981,-139.30959598,-128.10601966,-11.19976651,perlmutter,perlmutter,perlmutter,/pscratch/sd/j/jcho5/VASP/dft_jobs/H2S_Au111/singlepoint/PBE_D3,/pscratch/sd/j/jcho5/VASP/vasp_slab_kestrel/Au111_n36/PBE_D3,/pscratch/sd/j/jcho5/VASP/vasp_mol/H2S/PBE_D3,0fa17e6211989a0fb698b6a237d0ae3b3676e3c707334e860397b84899d99680,27ba41cc961f1fa3b990f30fa19093fc546d2b4e995f09abe54cdfd95a8adac8,c6b9f0976f0182a20da8d55d89e0540f22dd45606b1c658db8ccc9505c1f53c1,"Converged components; matching PAW TITEL identities, functional, composition, full slab cell and stored core settings. Archived Kestrel provenance retained. No energy scaling or offsets.",Perlmutter first,false,,2,-0.00380981,selected candidate applied
Au111,H2S,r2scan,relaxed,,,,,,,,,,,,,,,,No complete matched component set,false,,0,,missing
Au111,H2S,r2scan,SPE,ok,0.15490705,-1829.70339146,-1814.63214741,-15.2261511,perlmutter,perlmutter,perlmutter,/pscratch/sd/j/jcho5/VASP/dft_jobs/H2S_Au111/singlepoint/r2scan,/pscratch/sd/j/jcho5/VASP/vasp_slab_kestrel/Au111_n36/r2scan,/pscratch/sd/j/jcho5/VASP/vasp_mol/H2S/r2scan,d0f5145bb6bc97a021a3761c8b7c3c60a05093f8a25f8fbc0b98a6adbf4666f0,7f0fbdf49e8a3205eefd84fa2cd3261348f8239a33b3434cfd28225c993e58e3,cd2885646e5a2e675234a4818d03579bf9fb9da3ff8e18b7d850d1c914ebb9e5,"Converged components; matching PAW TITEL identities, functional, composition, full slab cell and stored core settings. Archived Kestrel provenance retained. No energy scaling or offsets.",Perlmutter first,false,,2,0.15490705,selected candidate applied
Au111,H2S,beef_vdw,relaxed,ok,-0.33768034,-9.0330357,0.91882089,-9.61417625,perlmutter,perlmutter,perlmutter,/pscratch/sd/j/jcho5/VASP/dft_jobs/H2S_Au111/beef_vdw,/pscratch/sd/j/jcho5/VASP/vasp_slab_kestrel/Au111_n36/beef_vdw,/pscratch/sd/j/jcho5/VASP/vasp_mol/H2S/beef_vdw,542d020e6787e2f8dc1b3d5818465c2d533aae0cf54e0eadc4d472da57a21f06,f843e56dd04b04c4845ba3978d3e66716e3d2091d04905d35d16eb8f8a6aab90,98d678433025cb0030b4997be58e36abb1c9bcfbdbd54865bdaab7162987e9be,"Converged components; matching PAW TITEL identities, functional, composition, full slab cell and stored core settings. Archived Kestrel provenance retained. No energy scaling or offsets.",Perlmutter first,false,-0.338,1,-0.33768034,selected candidate applied
Au111,H2S,beef_vdw,SPE,ok,-0.26931340,-8.96466876,0.91882089,-9.61417625,perlmutter,perlmutter,perlmutter,/pscratch/sd/j/jcho5/VASP/dft_jobs/H2S_Au111/singlepoint/beef_vdw,/pscratch/sd/j/jcho5/VASP/vasp_slab_kestrel/Au111_n36/beef_vdw,/pscratch/sd/j/jcho5/VASP/vasp_mol/H2S/beef_vdw,c4bdd16e47dce10fd06123bddcfbed28b9b070aa966a82f634a5d114448e674d,f843e56dd04b04c4845ba3978d3e66716e3d2091d04905d35d16eb8f8a6aab90,98d678433025cb0030b4997be58e36abb1c9bcfbdbd54865bdaab7162987e9be,"Converged components; matching PAW TITEL identities, functional, composition, full slab cell and stored core settings. Archived Kestrel provenance retained. No energy scaling or offsets.",Perlmutter first,false,,2,-0.26931340,selected candidate applied
Au111,N2,pbe,relaxed,ok,-0.00715322,-126.91323151,-110.27805338,-16.62802491,perlmutter,perlmutter,perlmutter,/pscratch/sd/j/jcho5/VASP/dft_jobs/N2_Au111/PBE,/pscratch/sd/j/jcho5/VASP/vasp_slab_kestrel/Au111_n36/PBE,/pscratch/sd/j/jcho5/VASP/vasp_mol/N2/PBE,c694cdd0894ec8d4855da2bb34e547dd1032a3c1a3769588c8aa421b30263087,8e28929e330fdc0de8903581752a624026a93ea227ac732061e627be9bed9101,d88c05e269ebedefc829ee51245381d8e9c4347ae29e1f29f7c2429f141c6649,"Converged components; matching PAW TITEL identities, functional, composition, full slab cell and stored core settings. Archived Kestrel provenance retained. No energy scaling or offsets.",Perlmutter first,false,-0.007,1,-0.00715322,selected candidate applied
Au111,N2,pbe,SPE,,,,,,,,,,,,,,,,Kestrel candidate held: matching Perlmutter structure not verified,false,,1,,withheld: refs unverified
Au111,N2,pbe_d3,relaxed,ok,-0.09903023,-144.83308339,-128.10601966,-16.6280335,perlmutter,perlmutter,perlmutter,/pscratch/sd/j/jcho5/VASP/dft_jobs/N2_Au111/PBE_D3,/pscratch/sd/j/jcho5/VASP/vasp_slab_kestrel/Au111_n36/PBE_D3,/pscratch/sd/j/jcho5/VASP/vasp_mol/N2/PBE_D3,a8267633b63d8e9750094a136a644f01adbd50aa2dd8ef8c670b32714c9417dd,27ba41cc961f1fa3b990f30fa19093fc546d2b4e995f09abe54cdfd95a8adac8,134aa30894843fb850c2e4f166e7e4b2abf6c5fa55bd8b86446136d10ff5996c,"Converged components; matching PAW TITEL identities, functional, composition, full slab cell and stored core settings. Archived Kestrel provenance retained. No energy scaling or offsets.",Perlmutter first,false,-0.099,1,-0.09903023,selected candidate applied
Au111,N2,pbe_d3,SPE,,,,,,,,,,,,,,,,Kestrel candidate held: matching Perlmutter structure not verified,false,,1,,withheld: refs unverified
Au111,N2,r2scan,relaxed,,,,,,,,,,,,,,,,No complete matched component set,false,,0,,withheld: refs unverified
Au111,N2,r2scan,SPE,,,,,,,,,,,,,,,,Kestrel candidate held: matching Perlmutter structure not verified,false,,1,,withheld: refs unverified
Au111,N2,beef_vdw,relaxed,ok,-0.14503977,-12.78954633,0.91882089,-13.56332745,perlmutter,perlmutter,perlmutter,/pscratch/sd/j/jcho5/VASP/dft_jobs/N2_Au111/beef_vdw,/pscratch/sd/j/jcho5/VASP/vasp_slab_kestrel/Au111_n36/beef_vdw,/pscratch/sd/j/jcho5/VASP/vasp_mol/N2/beef_vdw,012e12ea28542131022dfdab1c4a1c074caa49bc6646754e387dab7a623f31db,f843e56dd04b04c4845ba3978d3e66716e3d2091d04905d35d16eb8f8a6aab90,c086dfba7988ca265f900e304852fba2928e031933156f88c5fe4c6c6e000fe5,"Converged components; matching PAW TITEL identities, functional, composition, full slab cell and stored core settings. Archived Kestrel provenance retained. No energy scaling or offsets.",Perlmutter first,false,-0.145,1,-0.14503977,selected candidate applied
Au111,N2,beef_vdw,SPE,,,,,,,,,,,,,,,,Kestrel candidate held: matching Perlmutter structure not verified,false,,1,,withheld: refs unverified
Au111,NH3,pbe,relaxed,ok,-0.05688692,-129.8701413,-110.27805338,-19.535201,perlmutter,perlmutter,perlmutter,/pscratch/sd/j/jcho5/VASP/dft_jobs/NH3_Au111/PBE,/pscratch/sd/j/jcho5/VASP/vasp_slab_kestrel/Au111_n36/PBE,/pscratch/sd/j/jcho5/VASP/vasp_mol/NH3/PBE,4b5973140661bfd895662341d197b4a666232c9804803a21b94dd4ea5b3abe62,8e28929e330fdc0de8903581752a624026a93ea227ac732061e627be9bed9101,213763fedd7093b2229835703201a9709064f59272bde3e2c23f0851e910d0c8,"Converged components; matching PAW TITEL identities, functional, composition, full slab cell and stored core settings. Archived Kestrel provenance retained. No energy scaling or offsets.",Perlmutter first,false,-0.057,1,-0.05688692,selected candidate applied
Au111,NH3,pbe,SPE,,,,,,,,,,,,,,,,Kestrel candidate held: matching Perlmutter structure not verified,false,,1,,withheld: refs unverified
Au111,NH3,pbe_d3,relaxed,ok,-0.30609991,-147.94782272,-128.10601966,-19.53570315,perlmutter,perlmutter,perlmutter,/pscratch/sd/j/jcho5/VASP/dft_jobs/NH3_Au111/PBE_D3,/pscratch/sd/j/jcho5/VASP/vasp_slab_kestrel/Au111_n36/PBE_D3,/pscratch/sd/j/jcho5/VASP/vasp_mol/NH3/PBE_D3,63ba56d8793a1e95eb188cdaa3c3b381b61676f8d84a979ba83535518a7e312e,27ba41cc961f1fa3b990f30fa19093fc546d2b4e995f09abe54cdfd95a8adac8,3b4c14c5df46ed5846693a0c3e2e8c88450f34e4d9235a19514e2695d345e1f4,"Converged components; matching PAW TITEL identities, functional, composition, full slab cell and stored core settings. Archived Kestrel provenance retained. No energy scaling or offsets.",Perlmutter first,false,-0.306,1,-0.30609991,selected candidate applied
Au111,NH3,pbe_d3,SPE,,,,,,,,,,,,,,,,Kestrel candidate held: matching Perlmutter structure not verified,false,,1,,withheld: refs unverified
Au111,NH3,r2scan,relaxed,,,,,,,,,,,,,,,,No complete matched component set,false,,0,,withheld: refs unverified
Au111,NH3,r2scan,SPE,,,,,,,,,,,,,,,,Kestrel candidate held: matching Perlmutter structure not verified,false,,1,,withheld: refs unverified
Au111,NH3,beef_vdw,relaxed,ok,-0.22314821,-17.44180474,0.91882089,-18.13747742,perlmutter,perlmutter,perlmutter,/pscratch/sd/j/jcho5/VASP/dft_jobs/NH3_Au111/beef_vdw,/pscratch/sd/j/jcho5/VASP/vasp_slab_kestrel/Au111_n36/beef_vdw,/pscratch/sd/j/jcho5/VASP/vasp_mol/NH3/beef_vdw,cc48fb17e2013130d6ca2c788eb345ae3b723a19e79da6604ccfa79fc8fc71d2,f843e56dd04b04c4845ba3978d3e66716e3d2091d04905d35d16eb8f8a6aab90,83b9f39efc589d6bbb595d5393aa35690daacba8a24b4e2569a8033a767a7f33,"Converged components; matching PAW TITEL identities, functional, composition, full slab cell and stored core settings. Archived Kestrel provenance retained. No energy scaling or offsets.",Perlmutter first,false,-0.223,1,-0.22314821,selected candidate applied
Au111,NH3,beef_vdw,SPE,,,,,,,,,,,,,,,,Kestrel candidate held: matching Perlmutter structure not verified,false,,1,,withheld: refs unverified
Au111,NO,pbe,relaxed,ok,-0.65798807,-122.8822153,-110.27805338,-11.94617385,perlmutter,perlmutter,perlmutter,/pscratch/sd/j/jcho5/VASP/dft_jobs/NO_Au111/PBE,/pscratch/sd/j/jcho5/VASP/vasp_slab_kestrel/Au111_n36/PBE,/pscratch/sd/j/jcho5/VASP/vasp_mol/NO/PBE,7bc899af393ebacd156888cc7b7dd6954dbe6e9a95cf58b16d5f8009bfe91227,8e28929e330fdc0de8903581752a624026a93ea227ac732061e627be9bed9101,b18f258996f2970d8a05447d8ad26f71aae317e508c85d077da55269f2013fbf,"Converged components; matching PAW TITEL identities, functional, composition, full slab cell and stored core settings. Archived Kestrel provenance retained. No energy scaling or offsets.",Perlmutter first,false,-0.658,1,-0.65798807,selected candidate applied
Au111,NO,pbe,SPE,,,,,,,,,,,,,,,,Kestrel candidate held: matching Perlmutter structure not verified,false,,1,,withheld: refs unverified
Au111,NO,pbe_d3,relaxed,ok,-0.86083412,-140.91304312,-128.10601966,-11.94618934,perlmutter,perlmutter,perlmutter,/pscratch/sd/j/jcho5/VASP/dft_jobs/NO_Au111/PBE_D3,/pscratch/sd/j/jcho5/VASP/vasp_slab_kestrel/Au111_n36/PBE_D3,/pscratch/sd/j/jcho5/VASP/vasp_mol/NO/PBE_D3,2169edf3b56e0889d6462239cfb0c05cd4249df6e873674fc53fe18525bb5349,27ba41cc961f1fa3b990f30fa19093fc546d2b4e995f09abe54cdfd95a8adac8,47007eafae25da64dade4010ec0ae0da4e46cb38cf55b3f1c367a96bfa0ba391,"Converged components; matching PAW TITEL identities, functional, composition, full slab cell and stored core settings. Archived Kestrel provenance retained. No energy scaling or offsets.",Perlmutter first,false,-0.861,1,-0.86083412,selected candidate applied
Au111,NO,pbe_d3,SPE,,,,,,,,,,,,,,,,Kestrel candidate held: matching Perlmutter structure not verified,false,,1,,withheld: refs unverified
Au111,NO,r2scan,relaxed,,,,,,,,,,,,,,,,No complete matched component set,false,,0,,withheld: refs unverified
Au111,NO,r2scan,SPE,,,,,,,,,,,,,,,,No complete matched component set,false,,0,,missing
Au111,NO,beef_vdw,relaxed,energy_review,-7.43143395,-8.47940588,0.91882089,-1.96679282,perlmutter,perlmutter,perlmutter,/pscratch/sd/j/jcho5/VASP/dft_jobs/NO_Au111/beef_vdw,/pscratch/sd/j/jcho5/VASP/vasp_slab_kestrel/Au111_n36/beef_vdw,/pscratch/sd/j/jcho5/VASP/vasp_mol/NO/beef_vdw,e7cc199a950b807448c4f7fdd9bb1856b6b341254959fa0b07ec48e62d8f1363,f843e56dd04b04c4845ba3978d3e66716e3d2091d04905d35d16eb8f8a6aab90,81e7e45f68d53c65e51e87c8a6d93c76eb56be4bb7b97b97fe979d99cf578be8,"Converged components; matching PAW TITEL identities, functional, composition, full slab cell and stored core settings. Archived Kestrel provenance retained. No energy scaling or offsets.",Perlmutter energy review retained; no unflagged Kestrel alternative,false,-7.431,1,-7.43143395,selected candidate applied
Au111,NO,beef_vdw,SPE,,,,,,,,,,,,,,,,Kestrel candidate held: matching Perlmutter structure not verified,false,,1,,withheld: refs unverified
Au111,O2,pbe,relaxed,,,,,,,,,,,,,,,,No complete matched component set,false,,0,,withheld: refs unverified
Au111,O2,pbe,SPE,,,,,,,,,,,,,,,,No complete matched component set,false,,0,,missing
Au111,O2,pbe_d3,relaxed,,,,,,,,,,,,,,,,No complete matched component set,false,,0,,missing
Au111,O2,pbe_d3,SPE,,,,,,,,,,,,,,,,No complete matched component set,false,,0,,missing
Au111,O2,r2scan,relaxed,,,,,,,,,,,,,,,,No complete matched component set,false,,0,,missing
Au111,O2,r2scan,SPE,,,,,,,,,,,,,,,,No complete matched component set,false,,0,,missing
Au111,O2,beef_vdw,relaxed,,,,,,,,,,,,,,,,No complete matched component set,false,,0,,missing
Au111,O2,beef_vdw,SPE,,,,,,,,,,,,,,,,No complete matched component set,false,,0,,missing
Au111,SO2,pbe,relaxed,ok,-0.05390789,-127.37340922,-110.27805338,-17.04144795,perlmutter,perlmutter,perlmutter,/pscratch/sd/j/jcho5/VASP/dft_jobs/SO2_Au111/PBE,/pscratch/sd/j/jcho5/VASP/vasp_slab_kestrel/Au111_n36/PBE,/pscratch/sd/j/jcho5/VASP/vasp_mol/SO2/PBE,6d8c57867fc05a1000839381b93e87129205697b1290017d44fd451518612fe0,8e28929e330fdc0de8903581752a624026a93ea227ac732061e627be9bed9101,f8b6731a28978b0d5c707e15d084de7e3cb6f8aa9b1e2837e7498045835ee19f,"Converged components; matching PAW TITEL identities, functional, composition, full slab cell and stored core settings. Archived Kestrel provenance retained. No energy scaling or offsets.",Perlmutter first,false,-0.054,1,-0.05390789,selected candidate applied
Au111,SO2,pbe,SPE,,,,,,,,,,,,,,,,Kestrel candidate held: matching Perlmutter structure not verified,false,,1,,withheld: refs unverified
Au111,SO2,pbe_d3,relaxed,ok,-0.52610142,-145.67721272,-128.10601966,-17.04509164,perlmutter,perlmutter,perlmutter,/pscratch/sd/j/jcho5/VASP/dft_jobs/SO2_Au111/PBE_D3,/pscratch/sd/j/jcho5/VASP/vasp_slab_kestrel/Au111_n36/PBE_D3,/pscratch/sd/j/jcho5/VASP/vasp_mol/SO2/PBE_D3,63272fec6f04a4fa37d58302fab924d7f0a6abf468cd690b9c1bba71c63a36a3,27ba41cc961f1fa3b990f30fa19093fc546d2b4e995f09abe54cdfd95a8adac8,708a3da909e80e94efe37121eb986f5f34eab821d5ddaa945b274efe529cd9e7,"Converged components; matching PAW TITEL identities, functional, composition, full slab cell and stored core settings. Archived Kestrel provenance retained. No energy scaling or offsets.",Perlmutter first,false,-0.526,1,-0.52610142,selected candidate applied
Au111,SO2,pbe_d3,SPE,,,,,,,,,,,,,,,,Kestrel candidate held: matching Perlmutter structure not verified,false,,1,,withheld: refs unverified
Au111,SO2,r2scan,relaxed,,,,,,,,,,,,,,,,No complete matched component set,false,,0,,missing
Au111,SO2,r2scan,SPE,,,,,,,,,,,,,,,,Kestrel candidate held: matching Perlmutter structure not verified,false,,1,,withheld: refs unverified
Au111,SO2,beef_vdw,relaxed,ok,-0.40072283,-11.152762,0.91882089,-11.67086006,perlmutter,perlmutter,perlmutter,/pscratch/sd/j/jcho5/VASP/dft_jobs/SO2_Au111/beef_vdw,/pscratch/sd/j/jcho5/VASP/vasp_slab_kestrel/Au111_n36/beef_vdw,/pscratch/sd/j/jcho5/VASP/vasp_mol/SO2/beef_vdw,f2d605418c7e7809a3c49ad49998bfb1713bd214f4cbec2245e386f250f98814,f843e56dd04b04c4845ba3978d3e66716e3d2091d04905d35d16eb8f8a6aab90,d8725568611451b0b5ae0afcdab5518e0168ae5f982a6b8d4853be02edcc6c1b,"Converged components; matching PAW TITEL identities, functional, composition, full slab cell and stored core settings. Archived Kestrel provenance retained. No energy scaling or offsets.",Perlmutter first,false,-0.401,1,-0.40072283,selected candidate applied
Au111,SO2,beef_vdw,SPE,,,,,,,,,,,,,,,,Kestrel candidate held: matching Perlmutter structure not verified,false,,1,,withheld: refs unverified
Au111,acetaldehyde,pbe,relaxed,ok,-0.05103728,-149.43850653,-110.27805338,-39.10941587,perlmutter,perlmutter,perlmutter,/pscratch/sd/j/jcho5/VASP/dft_jobs/CH3CHO_Au111/PBE,/pscratch/sd/j/jcho5/VASP/vasp_slab_kestrel/Au111_n36/PBE,/pscratch/sd/j/jcho5/VASP/vasp_mol/CH3CHO/PBE,e5d954a506917cd15ef0c4a6e31cee647729a795f646e9470a21afc7ecce8999,8e28929e330fdc0de8903581752a624026a93ea227ac732061e627be9bed9101,59324ce5b1c78bd0f07cc7393e4097a7ddb2e6b5cb3bc03ceb0d40fea5d9376c,"Converged components; matching PAW TITEL identities, functional, composition, full slab cell and stored core settings. Archived Kestrel provenance retained. No energy scaling or offsets.",Perlmutter first,false,-0.051,1,-0.05103728,selected candidate applied
Au111,acetaldehyde,pbe,SPE,ok,0.07079876,-149.31667049,-110.27805338,-39.10941587,perlmutter,perlmutter,perlmutter,/pscratch/sd/j/jcho5/VASP/dft_jobs/CH3CHO_Au111/singlepoint/PBE,/pscratch/sd/j/jcho5/VASP/vasp_slab_kestrel/Au111_n36/PBE,/pscratch/sd/j/jcho5/VASP/vasp_mol/CH3CHO/PBE,6aa272f05a000858851582e22a1c136fa8639493106cce5e240e81358173850e,8e28929e330fdc0de8903581752a624026a93ea227ac732061e627be9bed9101,59324ce5b1c78bd0f07cc7393e4097a7ddb2e6b5cb3bc03ceb0d40fea5d9376c,"Converged components; matching PAW TITEL identities, functional, composition, full slab cell and stored core settings. Archived Kestrel provenance retained. No energy scaling or offsets.",Perlmutter first,false,0.071,2,0.07079876,selected candidate applied
Au111,acetaldehyde,pbe_d3,relaxed,ok,-0.39609927,-167.64038393,-128.10601966,-39.138265,perlmutter,perlmutter,perlmutter,/pscratch/sd/j/jcho5/VASP/dft_jobs/CH3CHO_Au111/PBE_D3,/pscratch/sd/j/jcho5/VASP/vasp_slab_kestrel/Au111_n36/PBE_D3,/pscratch/sd/j/jcho5/VASP/vasp_mol/CH3CHO/PBE_D3,d6571c2aabf1bb9cf4451873207c2543086468f6a85ab1e43966759fd019be2a,27ba41cc961f1fa3b990f30fa19093fc546d2b4e995f09abe54cdfd95a8adac8,9508bc4a88623be771845798fa7673829449ef81eabc238425f18df6ca452150,"Converged components; matching PAW TITEL identities, functional, composition, full slab cell and stored core settings. Archived Kestrel provenance retained. No energy scaling or offsets.",Perlmutter first,false,-0.396,1,-0.39609927,selected candidate applied
Au111,acetaldehyde,pbe_d3,SPE,ok,0.01451837,-167.22976629,-128.10601966,-39.138265,perlmutter,perlmutter,perlmutter,/pscratch/sd/j/jcho5/VASP/dft_jobs/CH3CHO_Au111/singlepoint/PBE_D3,/pscratch/sd/j/jcho5/VASP/vasp_slab_kestrel/Au111_n36/PBE_D3,/pscratch/sd/j/jcho5/VASP/vasp_mol/CH3CHO/PBE_D3,57be870964e7a8422586b138834eaeb9fcf23f0ef7d305147431c6d0d0d6f131,27ba41cc961f1fa3b990f30fa19093fc546d2b4e995f09abe54cdfd95a8adac8,9508bc4a88623be771845798fa7673829449ef81eabc238425f18df6ca452150,"Converged components; matching PAW TITEL identities, functional, composition, full slab cell and stored core settings. Archived Kestrel provenance retained. No energy scaling or offsets.",Perlmutter first,false,0.015,2,0.01451837,selected candidate applied
Au111,acetaldehyde,r2scan,relaxed,,,,,,,,,,,,,,,,No complete matched component set,false,,0,,withheld: refs unverified
Au111,acetaldehyde,r2scan,SPE,ok,0.14539096,-1856.16153742,-1814.63214741,-41.67478097,perlmutter,perlmutter,perlmutter,/pscratch/sd/j/jcho5/VASP/dft_jobs/CH3CHO_Au111/singlepoint/r2scan,/pscratch/sd/j/jcho5/VASP/vasp_slab_kestrel/Au111_n36/r2scan,/pscratch/sd/j/jcho5/VASP/vasp_mol/CH3CHO/r2scan,5e471085ed25b52575892b852823686a808672d4dec1f1ce25551e15cd5528f4,7f0fbdf49e8a3205eefd84fa2cd3261348f8239a33b3434cfd28225c993e58e3,9e8e33ff303fd3d2c22baeb037d7f562918b1cda998e084c31bdba46a18ca49c,"Converged components; matching PAW TITEL identities, functional, composition, full slab cell and stored core settings. Archived Kestrel provenance retained. No energy scaling or offsets.",Perlmutter first,false,0.145,2,0.14539096,selected candidate applied
Au111,acetaldehyde,beef_vdw,relaxed,ok,-0.36605827,-34.32076413,0.91882089,-34.87352675,perlmutter,perlmutter,perlmutter,/pscratch/sd/j/jcho5/VASP/dft_jobs/CH3CHO_Au111/beef_vdw,/pscratch/sd/j/jcho5/VASP/vasp_slab_kestrel/Au111_n36/beef_vdw,/pscratch/sd/j/jcho5/VASP/vasp_mol/CH3CHO/beef_vdw,b9dfa8160d2ed3a907caa6c18a1470bed6c1d223b7fbb3473c15aa277b9a3f73,f843e56dd04b04c4845ba3978d3e66716e3d2091d04905d35d16eb8f8a6aab90,18fde52d6d0618f9c9ae2ac7f12c1cc7f55ecb31e9eb3ffbebaee02deebfba39,"Converged components; matching PAW TITEL identities, functional, composition, full slab cell and stored core settings. Archived Kestrel provenance retained. No energy scaling or offsets.",Perlmutter first,false,-0.366,1,-0.36605827,selected candidate applied
Au111,acetaldehyde,beef_vdw,SPE,ok,-0.35638923,-34.31109509,0.91882089,-34.87352675,perlmutter,perlmutter,perlmutter,/pscratch/sd/j/jcho5/VASP/dft_jobs/CH3CHO_Au111/singlepoint/beef_vdw,/pscratch/sd/j/jcho5/VASP/vasp_slab_kestrel/Au111_n36/beef_vdw,/pscratch/sd/j/jcho5/VASP/vasp_mol/CH3CHO/beef_vdw,925afceb828d71f7293462851108c5f463fc1ab9e05722b6ce40e1dff65891c3,f843e56dd04b04c4845ba3978d3e66716e3d2091d04905d35d16eb8f8a6aab90,18fde52d6d0618f9c9ae2ac7f12c1cc7f55ecb31e9eb3ffbebaee02deebfba39,"Converged components; matching PAW TITEL identities, functional, composition, full slab cell and stored core settings. Archived Kestrel provenance retained. No energy scaling or offsets.",Perlmutter first,false,-0.356,2,-0.35638923,selected candidate applied
Au111,acetic_acid,pbe,relaxed,,,,,,,,,,,,,,,,No complete matched component set,false,,0,,missing
Au111,acetic_acid,pbe,SPE,,,,,,,,,,,,,,,,No complete matched component set,false,,0,,missing
Au111,acetic_acid,pbe_d3,relaxed,,,,,,,,,,,,,,,,No complete matched component set,false,,0,,missing
Au111,acetic_acid,pbe_d3,SPE,,,,,,,,,,,,,,,,No complete matched component set,false,,0,,missing
Au111,acetic_acid,r2scan,relaxed,,,,,,,,,,,,,,,,No complete matched component set,false,,0,,withheld: refs unverified
Au111,acetic_acid,r2scan,SPE,ok,0.04518784,-1864.93746291,-1814.63214741,-50.35050334,perlmutter,perlmutter,perlmutter,/pscratch/sd/j/jcho5/VASP/dft_jobs/CH3COOH_Au111/singlepoint/r2scan,/pscratch/sd/j/jcho5/VASP/vasp_slab_kestrel/Au111_n36/r2scan,/pscratch/sd/j/jcho5/VASP/vasp_mol/CH3COOH/r2scan,711ba1a330d48f7f12310a4fb000181342ef701ded1cc81e940c34e670bf0c40,7f0fbdf49e8a3205eefd84fa2cd3261348f8239a33b3434cfd28225c993e58e3,d475a13ca871da9768bb9a0e09cb9118d5a37dbfceece8c0bd24025199c4ded4,"Converged components; matching PAW TITEL identities, functional, composition, full slab cell and stored core settings. Archived Kestrel provenance retained. No energy scaling or offsets.",Perlmutter first,false,0.045,2,0.04518784,selected candidate applied
Au111,acetic_acid,beef_vdw,relaxed,ok,-0.41820219,-40.0777184,0.91882089,-40.5783371,perlmutter,perlmutter,perlmutter,/pscratch/sd/j/jcho5/VASP/dft_jobs/CH3COOH_Au111/beef_vdw,/pscratch/sd/j/jcho5/VASP/vasp_slab_kestrel/Au111_n36/beef_vdw,/pscratch/sd/j/jcho5/VASP/vasp_mol/CH3COOH/beef_vdw,bcdc8f6694f1941b66b953954ecd7e59bcdbf41a11dd514fb7c7044affe71812,f843e56dd04b04c4845ba3978d3e66716e3d2091d04905d35d16eb8f8a6aab90,89446743a460e64f10de8029cc01056b997364ee8c43805cbd3143f1cc6b3945,"Converged components; matching PAW TITEL identities, functional, composition, full slab cell and stored core settings. Archived Kestrel provenance retained. No energy scaling or offsets.",Perlmutter first,false,-0.418,1,-0.41820219,selected candidate applied
Au111,acetic_acid,beef_vdw,SPE,ok,-0.40741311,-40.06692932,0.91882089,-40.5783371,perlmutter,perlmutter,perlmutter,/pscratch/sd/j/jcho5/VASP/dft_jobs/CH3COOH_Au111/singlepoint/beef_vdw,/pscratch/sd/j/jcho5/VASP/vasp_slab_kestrel/Au111_n36/beef_vdw,/pscratch/sd/j/jcho5/VASP/vasp_mol/CH3COOH/beef_vdw,2492a466ab51582754fa3e0250ce5ab577ad78c1dea8d6bbf5ec99e88c83f0e3,f843e56dd04b04c4845ba3978d3e66716e3d2091d04905d35d16eb8f8a6aab90,89446743a460e64f10de8029cc01056b997364ee8c43805cbd3143f1cc6b3945,"Converged components; matching PAW TITEL identities, functional, composition, full slab cell and stored core settings. Archived Kestrel provenance retained. No energy scaling or offsets.",Perlmutter first,false,-0.407,2,-0.40741311,selected candidate applied
Au111,ethane,pbe,relaxed,ok,-0.01408231,-150.79175248,-110.27805338,-40.49961679,perlmutter,perlmutter,perlmutter,/pscratch/sd/j/jcho5/VASP/dft_jobs/C2H6_Au111/PBE,/pscratch/sd/j/jcho5/VASP/vasp_slab_kestrel/Au111_n36/PBE,/pscratch/sd/j/jcho5/VASP/vasp_mol/C2H6/PBE,188731b8d9359a308fa2ec5e4abc7650244de7cc3aa4183620683df1ea286fd9,8e28929e330fdc0de8903581752a624026a93ea227ac732061e627be9bed9101,9005b8a31fb6402e31baf8d69fb8269febb7a534243f4cce1cce7364f312f903,"Converged components; matching PAW TITEL identities, functional, composition, full slab cell and stored core settings. Archived Kestrel provenance retained. No energy scaling or offsets.",Perlmutter first,false,-0.014,1,-0.01408231,selected candidate applied
Au111,ethane,pbe,SPE,ok,0.10800066,-150.66966951,-110.27805338,-40.49961679,perlmutter,perlmutter,perlmutter,/pscratch/sd/j/jcho5/VASP/dft_jobs/C2H6_Au111/singlepoint/PBE,/pscratch/sd/j/jcho5/VASP/vasp_slab_kestrel/Au111_n36/PBE,/pscratch/sd/j/jcho5/VASP/vasp_mol/C2H6/PBE,3d1d3fec7549d6c62afa7cd0fee8b161a724a8ef8028875c2384220f6ae72c11,8e28929e330fdc0de8903581752a624026a93ea227ac732061e627be9bed9101,9005b8a31fb6402e31baf8d69fb8269febb7a534243f4cce1cce7364f312f903,"Converged components; matching PAW TITEL identities, functional, composition, full slab cell and stored core settings. Archived Kestrel provenance retained. No energy scaling or offsets.",Perlmutter first,false,0.108,2,0.10800066,selected candidate applied
Au111,ethane,pbe_d3,relaxed,ok,-0.28677343,-168.91886768,-128.10601966,-40.52607459,perlmutter,perlmutter,perlmutter,/pscratch/sd/j/jcho5/VASP/dft_jobs/C2H6_Au111/PBE_D3,/pscratch/sd/j/jcho5/VASP/vasp_slab_kestrel/Au111_n36/PBE_D3,/pscratch/sd/j/jcho5/VASP/vasp_mol/C2H6/PBE_D3,0b8206633797443f566a0836663fe420f7acb63c199d06f1d8d2260446f63591,27ba41cc961f1fa3b990f30fa19093fc546d2b4e995f09abe54cdfd95a8adac8,4dbe588a035718c664c9d9594b2ef9e306a16e6d46b046b9f145a68e6069c612,"Converged components; matching PAW TITEL identities, functional, composition, full slab cell and stored core settings. Archived Kestrel provenance retained. No energy scaling or offsets.",Perlmutter first,false,-0.287,1,-0.28677343,selected candidate applied
Au111,ethane,pbe_d3,SPE,ok,0.06668092,-168.56541333,-128.10601966,-40.52607459,perlmutter,perlmutter,perlmutter,/pscratch/sd/j/jcho5/VASP/dft_jobs/C2H6_Au111/singlepoint/PBE_D3,/pscratch/sd/j/jcho5/VASP/vasp_slab_kestrel/Au111_n36/PBE_D3,/pscratch/sd/j/jcho5/VASP/vasp_mol/C2H6/PBE_D3,9f88065fb3240e7127cab454a6a4aad1ec1f8d1f3dbb0ac3b50427d784c75229,27ba41cc961f1fa3b990f30fa19093fc546d2b4e995f09abe54cdfd95a8adac8,4dbe588a035718c664c9d9594b2ef9e306a16e6d46b046b9f145a68e6069c612,"Converged components; matching PAW TITEL identities, functional, composition, full slab cell and stored core settings. Archived Kestrel provenance retained. No energy scaling or offsets.",Perlmutter first,false,0.067,2,0.06668092,selected candidate applied
Au111,ethane,r2scan,relaxed,,,,,,,,,,,,,,,,No complete matched component set,false,,0,,withheld: refs unverified
Au111,ethane,r2scan,SPE,ok,0.21135305,-1856.67649019,-1814.63214741,-42.25569583,perlmutter,perlmutter,perlmutter,/pscratch/sd/j/jcho5/VASP/dft_jobs/C2H6_Au111/singlepoint/r2scan,/pscratch/sd/j/jcho5/VASP/vasp_slab_kestrel/Au111_n36/r2scan,/pscratch/sd/j/jcho5/VASP/vasp_mol/C2H6/r2scan,f4a575f736bb6ed1ce045570f7ea37be226d7f161222791da2798dc49f7026c6,7f0fbdf49e8a3205eefd84fa2cd3261348f8239a33b3434cfd28225c993e58e3,18603583877f2ac5eda9b6285e9ccfee374a72f144a00864122f974dcf4723ad,"Converged components; matching PAW TITEL identities, functional, composition, full slab cell and stored core settings. Archived Kestrel provenance retained. No energy scaling or offsets.",Perlmutter first,false,0.211,2,0.21135305,selected candidate applied
Au111,ethane,beef_vdw,relaxed,ok,-0.31622231,-37.62663206,0.91882089,-38.22923064,perlmutter,perlmutter,perlmutter,/pscratch/sd/j/jcho5/VASP/dft_jobs/C2H6_Au111/beef_vdw,/pscratch/sd/j/jcho5/VASP/vasp_slab_kestrel/Au111_n36/beef_vdw,/pscratch/sd/j/jcho5/VASP/vasp_mol/C2H6/beef_vdw,24ec3a642035cccafe9548a52d9e6847dc3979e3d3181854ada14fee0b84a44e,f843e56dd04b04c4845ba3978d3e66716e3d2091d04905d35d16eb8f8a6aab90,75736fb87a7367bfab9b2ade386c63802812384fc6661f9ddd61d2e04d39ce91,"Converged components; matching PAW TITEL identities, functional, composition, full slab cell and stored core settings. Archived Kestrel provenance retained. No energy scaling or offsets.",Perlmutter first,false,-0.316,1,-0.31622231,selected candidate applied
Au111,ethane,beef_vdw,SPE,ok,-0.30950824,-37.61991799,0.91882089,-38.22923064,perlmutter,perlmutter,perlmutter,/pscratch/sd/j/jcho5/VASP/dft_jobs/C2H6_Au111/singlepoint/beef_vdw,/pscratch/sd/j/jcho5/VASP/vasp_slab_kestrel/Au111_n36/beef_vdw,/pscratch/sd/j/jcho5/VASP/vasp_mol/C2H6/beef_vdw,74236bdb6c782f461f7c47cca6985349ab462cffddfa4576e9b95ac38606fdf2,f843e56dd04b04c4845ba3978d3e66716e3d2091d04905d35d16eb8f8a6aab90,75736fb87a7367bfab9b2ade386c63802812384fc6661f9ddd61d2e04d39ce91,"Converged components; matching PAW TITEL identities, functional, composition, full slab cell and stored core settings. Archived Kestrel provenance retained. No energy scaling or offsets.",Perlmutter first,false,-0.31,2,-0.30950824,selected candidate applied
Au111,ethanol,pbe,relaxed,ok,-0.06192293,-157.21583872,-110.27805338,-46.87586241,perlmutter,perlmutter,perlmutter,/pscratch/sd/j/jcho5/VASP/dft_jobs/CH3CH2OH_Au111/PBE,/pscratch/sd/j/jcho5/VASP/vasp_slab_kestrel/Au111_n36/PBE,/pscratch/sd/j/jcho5/VASP/vasp_mol/CH3CH2OH/PBE,a98b9f24e7ff1434438be30c25da44c2b23f1bcf7b6af06079dcbd0aa4ca0473,8e28929e330fdc0de8903581752a624026a93ea227ac732061e627be9bed9101,db3eaaee45d9a4ffb73d63455f615c768711c64633503306587eba6360bcc997,"Converged components; matching PAW TITEL identities, functional, composition, full slab cell and stored core settings. Archived Kestrel provenance retained. No energy scaling or offsets.",Perlmutter first,false,-0.062,1,-0.06192293,selected candidate applied
Au111,ethanol,pbe,SPE,ok,0.05749909,-157.0964167,-110.27805338,-46.87586241,perlmutter,perlmutter,perlmutter,/pscratch/sd/j/jcho5/VASP/dft_jobs/CH3CH2OH_Au111/singlepoint/PBE,/pscratch/sd/j/jcho5/VASP/vasp_slab_kestrel/Au111_n36/PBE,/pscratch/sd/j/jcho5/VASP/vasp_mol/CH3CH2OH/PBE,49bd0c9e22ebd3cf851d28ddef17a04cf609f1277e785d7f8f1112340eaa525c,8e28929e330fdc0de8903581752a624026a93ea227ac732061e627be9bed9101,db3eaaee45d9a4ffb73d63455f615c768711c64633503306587eba6360bcc997,"Converged components; matching PAW TITEL identities, functional, composition, full slab cell and stored core settings. Archived Kestrel provenance retained. No energy scaling or offsets.",Perlmutter first,false,0.057,2,0.05749909,selected candidate applied
Au111,ethanol,pbe_d3,relaxed,ok,-0.48767982,-175.51666376,-128.10601966,-46.92296428,perlmutter,perlmutter,perlmutter,/pscratch/sd/j/jcho5/VASP/dft_jobs/CH3CH2OH_Au111/PBE_D3,/pscratch/sd/j/jcho5/VASP/vasp_slab_kestrel/Au111_n36/PBE_D3,/pscratch/sd/j/jcho5/VASP/vasp_mol/CH3CH2OH/PBE_D3,e327648184cd060483371bd7ce2bcfc9814adfbe9296e0a07b036e71aefb96fd,27ba41cc961f1fa3b990f30fa19093fc546d2b4e995f09abe54cdfd95a8adac8,917d270e3fa7febf16fef5bf22e1e30721b5162c5bcddd2aee95af69b5ce8c46,"Converged components; matching PAW TITEL identities, functional, composition, full slab cell and stored core settings. Archived Kestrel provenance retained. No energy scaling or offsets.",Perlmutter first,false,-0.488,1,-0.48767982,selected candidate applied
Au111,ethanol,pbe_d3,SPE,ok,0.01222108,-175.01676286,-128.10601966,-46.92296428,perlmutter,perlmutter,perlmutter,/pscratch/sd/j/jcho5/VASP/dft_jobs/CH3CH2OH_Au111/singlepoint/PBE_D3,/pscratch/sd/j/jcho5/VASP/vasp_slab_kestrel/Au111_n36/PBE_D3,/pscratch/sd/j/jcho5/VASP/vasp_mol/CH3CH2OH/PBE_D3,b00bbc9a8485e17c14814003592bd7e4b4d42fafa104c327553fb51c9415d2c2,27ba41cc961f1fa3b990f30fa19093fc546d2b4e995f09abe54cdfd95a8adac8,917d270e3fa7febf16fef5bf22e1e30721b5162c5bcddd2aee95af69b5ce8c46,"Converged components; matching PAW TITEL identities, functional, composition, full slab cell and stored core settings. Archived Kestrel provenance retained. No energy scaling or offsets.",Perlmutter first,false,0.012,2,0.01222108,selected candidate applied
Au111,ethanol,r2scan,relaxed,,,,,,,,,,,,,,,,No complete matched component set,false,,0,,withheld: refs unverified
Au111,ethanol,r2scan,SPE,ok,0.14587815,-1864.12586184,-1814.63214741,-49.63959258,perlmutter,perlmutter,perlmutter,/pscratch/sd/j/jcho5/VASP/dft_jobs/CH3CH2OH_Au111/singlepoint/r2scan,/pscratch/sd/j/jcho5/VASP/vasp_slab_kestrel/Au111_n36/r2scan,/pscratch/sd/j/jcho5/VASP/vasp_mol/CH3CH2OH/r2scan,37e1188c8fc7da5410599d874629ba68911eb90b4503580d00dade22775744cf,7f0fbdf49e8a3205eefd84fa2cd3261348f8239a33b3434cfd28225c993e58e3,4c2bba36480d6b1f5a858ecdfb9da6d6b803ad4e256f6e928027ea8146e082b1,"Converged components; matching PAW TITEL identities, functional, composition, full slab cell and stored core settings. Archived Kestrel provenance retained. No energy scaling or offsets.",Perlmutter first,false,0.146,2,0.14587815,selected candidate applied
Au111,ethanol,beef_vdw,relaxed,ok,-0.39428894,-42.22568353,0.91882089,-42.75021548,perlmutter,perlmutter,perlmutter,/pscratch/sd/j/jcho5/VASP/dft_jobs/CH3CH2OH_Au111/beef_vdw,/pscratch/sd/j/jcho5/VASP/vasp_slab_kestrel/Au111_n36/beef_vdw,/pscratch/sd/j/jcho5/VASP/vasp_mol/CH3CH2OH/beef_vdw,135ee7ab71f2a3b4ead1a528ec27c409ab412caf2f01a21dd102b7565549725a,f843e56dd04b04c4845ba3978d3e66716e3d2091d04905d35d16eb8f8a6aab90,50e154b624fcff1772eb90df010b0b697dbd63102eaaddacea15d1175849d327,"Converged components; matching PAW TITEL identities, functional, composition, full slab cell and stored core settings. Archived Kestrel provenance retained. No energy scaling or offsets.",Perlmutter first,false,-0.394,1,-0.39428894,selected candidate applied
Au111,ethanol,beef_vdw,SPE,ok,-0.38425529,-42.21564988,0.91882089,-42.75021548,perlmutter,perlmutter,perlmutter,/pscratch/sd/j/jcho5/VASP/dft_jobs/CH3CH2OH_Au111/singlepoint/beef_vdw,/pscratch/sd/j/jcho5/VASP/vasp_slab_kestrel/Au111_n36/beef_vdw,/pscratch/sd/j/jcho5/VASP/vasp_mol/CH3CH2OH/beef_vdw,c84f10ae917a95a341099252f1cb1e0c8de7f517c8a8969e5ce0eeb86da58ede,f843e56dd04b04c4845ba3978d3e66716e3d2091d04905d35d16eb8f8a6aab90,50e154b624fcff1772eb90df010b0b697dbd63102eaaddacea15d1175849d327,"Converged components; matching PAW TITEL identities, functional, composition, full slab cell and stored core settings. Archived Kestrel provenance retained. No energy scaling or offsets.",Perlmutter first,false,-0.384,2,-0.38425529,selected candidate applied
Au111,ethene,pbe,relaxed,ok,-0.03443430,-142.28313168,-110.27805338,-31.970644,perlmutter,perlmutter,perlmutter,/pscratch/sd/j/jcho5/VASP/dft_jobs/C2H4_Au111/PBE,/pscratch/sd/j/jcho5/VASP/vasp_slab_kestrel/Au111_n36/PBE,/pscratch/sd/j/jcho5/VASP/vasp_mol/C2H4/PBE,67f4ae1f6dff2bdabc70e3737c0dd6a7a9bbccfb97547cb12d67260bb5d58d01,8e28929e330fdc0de8903581752a624026a93ea227ac732061e627be9bed9101,6b9195c76452926864f1fb12ac08ca3ec3482da1f646b61432029dc6f5a30ac9,"Converged components; matching PAW TITEL identities, functional, composition, full slab cell and stored core settings. Archived Kestrel provenance retained. No energy scaling or offsets.",Perlmutter first,false,-0.034,1,-0.03443430,selected candidate applied
Au111,ethene,pbe,SPE,ok,0.08936506,-142.15933232,-110.27805338,-31.970644,perlmutter,perlmutter,perlmutter,/pscratch/sd/j/jcho5/VASP/dft_jobs/C2H4_Au111/singlepoint/PBE,/pscratch/sd/j/jcho5/VASP/vasp_slab_kestrel/Au111_n36/PBE,/pscratch/sd/j/jcho5/VASP/vasp_mol/C2H4/PBE,987039001c44c686551eacf6184b96abbcac2ce6e934b24e51576a8e37167f1d,8e28929e330fdc0de8903581752a624026a93ea227ac732061e627be9bed9101,6b9195c76452926864f1fb12ac08ca3ec3482da1f646b61432029dc6f5a30ac9,"Converged components; matching PAW TITEL identities, functional, composition, full slab cell and stored core settings. Archived Kestrel provenance retained. No energy scaling or offsets.",Perlmutter first,false,0.089,2,0.08936506,selected candidate applied
Au111,ethene,pbe_d3,relaxed,ok,-0.44670046,-160.53590972,-128.10601966,-31.9831896,perlmutter,perlmutter,perlmutter,/pscratch/sd/j/jcho5/VASP/dft_jobs/C2H4_Au111/PBE_D3,/pscratch/sd/j/jcho5/VASP/vasp_slab_kestrel/Au111_n36/PBE_D3,/pscratch/sd/j/jcho5/VASP/vasp_mol/C2H4/PBE_D3,61b2ed8c48a8b64cc34fafdce54d6752206295d0ede54ed706644bce66e2dafe,27ba41cc961f1fa3b990f30fa19093fc546d2b4e995f09abe54cdfd95a8adac8,05df84104251536827b32f9b1a9853f6da1ffb692ec099f31202894e79d84979,"Converged components; matching PAW TITEL identities, functional, composition, full slab cell and stored core settings. Archived Kestrel provenance retained. No energy scaling or offsets.",Perlmutter first,false,-0.447,1,-0.44670046,selected candidate applied
Au111,ethene,pbe_d3,SPE,ok,0.05062867,-160.03858059,-128.10601966,-31.9831896,perlmutter,perlmutter,perlmutter,/pscratch/sd/j/jcho5/VASP/dft_jobs/C2H4_Au111/singlepoint/PBE_D3,/pscratch/sd/j/jcho5/VASP/vasp_slab_kestrel/Au111_n36/PBE_D3,/pscratch/sd/j/jcho5/VASP/vasp_mol/C2H4/PBE_D3,ac29a46765114e17562f66dff7673e47896d477a705f0f827668a2c44882d546,27ba41cc961f1fa3b990f30fa19093fc546d2b4e995f09abe54cdfd95a8adac8,05df84104251536827b32f9b1a9853f6da1ffb692ec099f31202894e79d84979,"Converged components; matching PAW TITEL identities, functional, composition, full slab cell and stored core settings. Archived Kestrel provenance retained. No energy scaling or offsets.",Perlmutter first,false,0.051,2,0.05062867,selected candidate applied
Au111,ethene,r2scan,relaxed,,,,,,,,,,,,,,,,No complete matched component set,false,,0,,withheld: refs unverified
Au111,ethene,r2scan,SPE,ok,0.17822558,-1848.00248059,-1814.63214741,-33.54855876,perlmutter,perlmutter,perlmutter,/pscratch/sd/j/jcho5/VASP/dft_jobs/C2H4_Au111/singlepoint/r2scan,/pscratch/sd/j/jcho5/VASP/vasp_slab_kestrel/Au111_n36/r2scan,/pscratch/sd/j/jcho5/VASP/vasp_mol/C2H4/r2scan,7381750c7151217138d658aac3b7785c750dbdb63a1f5cc89727404d45b67316,7f0fbdf49e8a3205eefd84fa2cd3261348f8239a33b3434cfd28225c993e58e3,455a941d3bf9dad8689b9e46d291dbdf4c41d0cca7de343ccd7be663610c18aa,"Converged components; matching PAW TITEL identities, functional, composition, full slab cell and stored core settings. Archived Kestrel provenance retained. No energy scaling or offsets.",Perlmutter first,false,0.178,2,0.17822558,selected candidate applied
Au111,ethene,beef_vdw,relaxed,ok,-0.35484898,-29.01769455,0.91882089,-29.58166646,perlmutter,perlmutter,perlmutter,/pscratch/sd/j/jcho5/VASP/dft_jobs/C2H4_Au111/beef_vdw,/pscratch/sd/j/jcho5/VASP/vasp_slab_kestrel/Au111_n36/beef_vdw,/pscratch/sd/j/jcho5/VASP/vasp_mol/C2H4/beef_vdw,b039c94ce7b0f861b034c7da8a35fc76328f5fb827533dfde581f87f974e9ccb,f843e56dd04b04c4845ba3978d3e66716e3d2091d04905d35d16eb8f8a6aab90,7844d00253a35ba677535271b09137d1255d816f15aab98d5d6608360268039b,"Converged components; matching PAW TITEL identities, functional, composition, full slab cell and stored core settings. Archived Kestrel provenance retained. No energy scaling or offsets.",Perlmutter first,false,-0.355,1,-0.35484898,selected candidate applied
Au111,ethene,beef_vdw,SPE,ok,-0.32049891,-28.98334448,0.91882089,-29.58166646,perlmutter,perlmutter,perlmutter,/pscratch/sd/j/jcho5/VASP/dft_jobs/C2H4_Au111/singlepoint/beef_vdw,/pscratch/sd/j/jcho5/VASP/vasp_slab_kestrel/Au111_n36/beef_vdw,/pscratch/sd/j/jcho5/VASP/vasp_mol/C2H4/beef_vdw,11f4c9a3ed5d9bfc7d75f57e9c3a82d81b08adfbbdf70885db6b081f96353490,f843e56dd04b04c4845ba3978d3e66716e3d2091d04905d35d16eb8f8a6aab90,7844d00253a35ba677535271b09137d1255d816f15aab98d5d6608360268039b,"Converged components; matching PAW TITEL identities, functional, composition, full slab cell and stored core settings. Archived Kestrel provenance retained. No energy scaling or offsets.",Perlmutter first,false,-0.32,2,-0.32049891,selected candidate applied
Au111,formaldehyde,pbe,relaxed,ok,-0.06807743,-132.47637204,-110.27805338,-22.13024123,perlmutter,perlmutter,perlmutter,/pscratch/sd/j/jcho5/VASP/dft_jobs/H2CO_Au111/PBE,/pscratch/sd/j/jcho5/VASP/vasp_slab_kestrel/Au111_n36/PBE,/pscratch/sd/j/jcho5/VASP/vasp_mol/H2CO/PBE,f2761dfd6d40f331dbbd1ae29ba9f0535b0f29d3ec731efd28d55c1ae2ffcbd9,8e28929e330fdc0de8903581752a624026a93ea227ac732061e627be9bed9101,f1ed31a23d7394b5df1330a769561b063a5deb10ec8269dd249d393de6a65d6c,"Converged components; matching PAW TITEL identities, functional, composition, full slab cell and stored core settings. Archived Kestrel provenance retained. No energy scaling or offsets.",Perlmutter first,false,-0.068,1,-0.06807743,selected candidate applied
Au111,formaldehyde,pbe,SPE,ok,0.04776527,-132.36052934,-110.27805338,-22.13024123,perlmutter,perlmutter,perlmutter,/pscratch/sd/j/jcho5/VASP/dft_jobs/H2CO_Au111/singlepoint/PBE,/pscratch/sd/j/jcho5/VASP/vasp_slab_kestrel/Au111_n36/PBE,/pscratch/sd/j/jcho5/VASP/vasp_mol/H2CO/PBE,07e6fbd9569e322a953aa62e9728f4032048bf34b2747f06f071e07094f8b975,8e28929e330fdc0de8903581752a624026a93ea227ac732061e627be9bed9101,f1ed31a23d7394b5df1330a769561b063a5deb10ec8269dd249d393de6a65d6c,"Converged components; matching PAW TITEL identities, functional, composition, full slab cell and stored core settings. Archived Kestrel provenance retained. No energy scaling or offsets.",Perlmutter first,false,,2,0.04776527,selected candidate applied
Au111,formaldehyde,pbe_d3,relaxed,ok,-0.33939778,-150.58092903,-128.10601966,-22.13551159,perlmutter,perlmutter,perlmutter,/pscratch/sd/j/jcho5/VASP/dft_jobs/H2CO_Au111/PBE_D3,/pscratch/sd/j/jcho5/VASP/vasp_slab_kestrel/Au111_n36/PBE_D3,/pscratch/sd/j/jcho5/VASP/vasp_mol/H2CO/PBE_D3,36cede1e86e997e13e7f9e1159c5eec7e1a0ede91741d59b91ddcda5a864055a,27ba41cc961f1fa3b990f30fa19093fc546d2b4e995f09abe54cdfd95a8adac8,14859d3b3de8ad3e38134b97c899010c1c633da754dbbe934584fead0224fdf1,"Converged components; matching PAW TITEL identities, functional, composition, full slab cell and stored core settings. Archived Kestrel provenance retained. No energy scaling or offsets.",Perlmutter first,false,-0.339,1,-0.33939778,selected candidate applied
Au111,formaldehyde,pbe_d3,SPE,ok,0.09071232,-150.15081893,-128.10601966,-22.13551159,perlmutter,perlmutter,perlmutter,/pscratch/sd/j/jcho5/VASP/dft_jobs/H2CO_Au111/singlepoint/PBE_D3,/pscratch/sd/j/jcho5/VASP/vasp_slab_kestrel/Au111_n36/PBE_D3,/pscratch/sd/j/jcho5/VASP/vasp_mol/H2CO/PBE_D3,7a98ae7357681e91bfaeb1af2b21eca1c15022d06bdca3b98d9fc1f891c0143d,27ba41cc961f1fa3b990f30fa19093fc546d2b4e995f09abe54cdfd95a8adac8,14859d3b3de8ad3e38134b97c899010c1c633da754dbbe934584fead0224fdf1,"Converged components; matching PAW TITEL identities, functional, composition, full slab cell and stored core settings. Archived Kestrel provenance retained. No energy scaling or offsets.",Perlmutter first,false,,2,0.09071232,selected candidate applied
Au111,formaldehyde,r2scan,relaxed,,,,,,,,,,,,,,,,No complete matched component set,false,,0,,missing
Au111,formaldehyde,r2scan,SPE,ok,0.16022818,-1838.33940568,-1814.63214741,-23.86748645,perlmutter,perlmutter,perlmutter,/pscratch/sd/j/jcho5/VASP/dft_jobs/H2CO_Au111/singlepoint/r2scan,/pscratch/sd/j/jcho5/VASP/vasp_slab_kestrel/Au111_n36/r2scan,/pscratch/sd/j/jcho5/VASP/vasp_mol/H2CO/r2scan,bbf1d376e04a64bbf916beb874fa2ef96e812ab67107d10407a2f99a5eae0a58,7f0fbdf49e8a3205eefd84fa2cd3261348f8239a33b3434cfd28225c993e58e3,c08f8cf1412009981617ed1d7cec663bcf737c110cb360dcbaccf71ce6b7dea3,"Converged components; matching PAW TITEL identities, functional, composition, full slab cell and stored core settings. Archived Kestrel provenance retained. No energy scaling or offsets.",Perlmutter first,false,,2,0.16022818,selected candidate applied
Au111,formaldehyde,beef_vdw,relaxed,,,,,,,,,,,,,,,,No complete matched component set,false,,0,,missing
Au111,formaldehyde,beef_vdw,SPE,ok,-0.28479511,-18.51286681,0.91882089,-19.14689259,perlmutter,perlmutter,perlmutter,/pscratch/sd/j/jcho5/VASP/dft_jobs/H2CO_Au111/singlepoint/beef_vdw,/pscratch/sd/j/jcho5/VASP/vasp_slab_kestrel/Au111_n36/beef_vdw,/pscratch/sd/j/jcho5/VASP/vasp_mol/H2CO/beef_vdw,12302f832114c34471074794aca57aacecf031b9ac944945d703b9d002eb0233,f843e56dd04b04c4845ba3978d3e66716e3d2091d04905d35d16eb8f8a6aab90,a31b74fce9bf5c89bef85f44a041a0f0edc85a40a98b35eea20ec15d6a02ee3f,"Converged components; matching PAW TITEL identities, functional, composition, full slab cell and stored core settings. Archived Kestrel provenance retained. No energy scaling or offsets.",Perlmutter first,false,,2,-0.28479511,selected candidate applied
Au111,formate,pbe,relaxed,,,,,,,,,,,,,,,,No complete matched component set,false,,0,,withheld: refs unverified
Au111,formate,pbe,SPE,ok,-2.15751700,-136.25034121,-110.27805338,-23.81477083,kestrel,kestrel,kestrel,/kfs3/scratch/jcho5/goad-global-optimization/poscar/best/C1/Au111_formate/singlepoint/PBE,/kfs3/scratch/jcho5/goad-global-optimization/vasp_slab/Au111_n36/PBE,/kfs3/scratch/jcho5/goad-global-optimization/vasp_mol/formate/PBE,e3683c96ef997a6a8871febbd77ac7f14f7937cbd07ae374e74281057461c655,02bf77cc3bffecc30c1a034d9c7e1c7e22823a6d9dc805e0f73ac8773ce98ca8,4f32f09e874e320b6ca20727d87fd82b9f59e3e238fe77408182ffb2a91525d7,"Converged components; matching PAW TITEL identities, functional, composition, full slab cell and stored core settings. Archived Kestrel provenance retained. No energy scaling or offsets.",Kestrel: no usable Perlmutter binding-energy candidate,false,-2.158,1,-2.15751700,selected candidate applied
Au111,formate,pbe_d3,relaxed,,,,,,,,,,,,,,,,No complete matched component set,false,,0,,withheld: refs unverified
Au111,formate,pbe_d3,SPE,ok,-2.32231791,-154.24889548,-128.10601966,-23.82055791,kestrel,kestrel,kestrel,/kfs3/scratch/jcho5/goad-global-optimization/poscar/best/C1/Au111_formate/singlepoint/PBE_D3,/kfs3/scratch/jcho5/goad-global-optimization/vasp_slab/Au111_n36/PBE_D3,/kfs3/scratch/jcho5/goad-global-optimization/vasp_mol/formate/PBE_D3,7574e7a931d5f16ef7e77917e0a112bb18871ac0aa8664f4642512bbd416db3e,01a4162c90f4fd630b64b591537e439028aa0f89da5ac41a54a231030448c121,35841dea1ca8c3966523bc46f60e68d56912ac6c13a0643aa427e1340167d6b5,"Converged components; matching PAW TITEL identities, functional, composition, full slab cell and stored core settings. Archived Kestrel provenance retained. No energy scaling or offsets.",Kestrel: no usable Perlmutter binding-energy candidate,false,-2.322,1,-2.32231791,selected candidate applied
Au111,formate,r2scan,relaxed,,,,,,,,,,,,,,,,No complete matched component set,false,,0,,withheld: refs unverified
Au111,formate,r2scan,SPE,ok,-2.54218465,-1843.40412598,-1814.63214741,-26.22979392,kestrel,kestrel,kestrel,/kfs3/scratch/jcho5/goad-global-optimization/poscar/best/C1/Au111_formate/singlepoint/r2scan,/kfs3/scratch/jcho5/goad-global-optimization/vasp_slab/Au111_n36/r2scan,/kfs3/scratch/jcho5/goad-global-optimization/vasp_mol/formate/r2scan,02cccf89782902c86fa727e255aa608ea985405492efef9a7c0280996c7a300d,dde800dc2908c7e4446b75abb8724208cc05e339caf8268fbaf39046b316ed41,8deb66389896f61b026069cf5cbf6b19b68fd88489bbc50d2e0324109f96d46a,"Converged components; matching PAW TITEL identities, functional, composition, full slab cell and stored core settings. Archived Kestrel provenance retained. No energy scaling or offsets.",Kestrel: no usable Perlmutter binding-energy candidate,false,-2.542,1,-2.54218465,selected candidate applied
Au111,formate,beef_vdw,relaxed,,,,,,,,,,,,,,,,No complete matched component set,false,,0,,missing
Au111,formate,beef_vdw,SPE,ok,-2.56657682,-20.45842116,0.91882089,-18.81066523,kestrel,kestrel,kestrel,/kfs3/scratch/jcho5/goad-global-optimization/poscar/best/C1/Au111_formate/singlepoint/beef_vdw,/kfs3/scratch/jcho5/goad-global-optimization/vasp_slab/Au111_n36/beef_vdw,/kfs3/scratch/jcho5/goad-global-optimization/vasp_mol/formate/beef_vdw,f4ceb57a052e2ceb91d1e3da68151bde7085969305bcafe6d90c59255547b25c,598831743de220ae2c7e6dcd37c543a2b977ddffbcd1bd4ddc11b98f9a1352fa,4aa2d175b8de7d8f47f0c66b08e44892a90fe007e5f9b44cc8039baf96189558,"Converged components; matching PAW TITEL identities, functional, composition, full slab cell and stored core settings. Archived Kestrel provenance retained. No energy scaling or offsets.",Kestrel: no usable Perlmutter binding-energy candidate,false,-2.567,1,-2.56657682,selected candidate applied
Au111,formic_acid,pbe,relaxed,ok,-0.09934960,-140.25719733,-110.27805338,-29.87979435,perlmutter,perlmutter,perlmutter,/pscratch/sd/j/jcho5/VASP/dft_jobs/HCOOH_Au111/PBE,/pscratch/sd/j/jcho5/VASP/vasp_slab_kestrel/Au111_n36/PBE,/pscratch/sd/j/jcho5/VASP/vasp_mol/HCOOH/PBE,b7ed7d4406ad6d173ceb8321f3776b2242d3064e9cc18f62ef2b208adde5c7d2,8e28929e330fdc0de8903581752a624026a93ea227ac732061e627be9bed9101,38779e7fc2a3d0083e958eb7a94ee082096f9304b1f68a2457a5a9146511d699,"Converged components; matching PAW TITEL identities, functional, composition, full slab cell and stored core settings. Archived Kestrel provenance retained. No energy scaling or offsets.",Perlmutter first,false,-0.099,1,-0.09934960,selected candidate applied
Au111,formic_acid,pbe,SPE,,,,,,,,,,,,,,,,Kestrel candidate held: matching Perlmutter structure not verified,false,,1,,withheld: refs unverified
Au111,formic_acid,pbe_d3,relaxed,ok,-0.45599192,-158.45560696,-128.10601966,-29.89359538,perlmutter,perlmutter,perlmutter,/pscratch/sd/j/jcho5/VASP/dft_jobs/HCOOH_Au111/PBE_D3,/pscratch/sd/j/jcho5/VASP/vasp_slab_kestrel/Au111_n36/PBE_D3,/pscratch/sd/j/jcho5/VASP/vasp_mol/HCOOH/PBE_D3,8f87adcb7d5e84bba7397698d8b3181320c8333a0e957eedb58576d0e10545e4,27ba41cc961f1fa3b990f30fa19093fc546d2b4e995f09abe54cdfd95a8adac8,8669cfbbf059f01c98c4917d21ff8958458916c028918f73243ad879ad2b5cb0,"Converged components; matching PAW TITEL identities, functional, composition, full slab cell and stored core settings. Archived Kestrel provenance retained. No energy scaling or offsets.",Perlmutter first,false,-0.456,1,-0.45599192,selected candidate applied
Au111,formic_acid,pbe_d3,SPE,,,,,,,,,,,,,,,,Kestrel candidate held: matching Perlmutter structure not verified,false,,1,,withheld: refs unverified
Au111,formic_acid,r2scan,relaxed,,,,,,,,,,,,,,,,No complete matched component set,false,,0,,withheld: refs unverified
Au111,formic_acid,r2scan,SPE,,,,,,,,,,,,,,,,Kestrel candidate held: matching Perlmutter structure not verified,false,,1,,withheld: refs unverified
Au111,formic_acid,beef_vdw,relaxed,ok,-0.38247958,-24.41590401,0.91882089,-24.95224532,perlmutter,perlmutter,perlmutter,/pscratch/sd/j/jcho5/VASP/dft_jobs/HCOOH_Au111/beef_vdw,/pscratch/sd/j/jcho5/VASP/vasp_slab_kestrel/Au111_n36/beef_vdw,/pscratch/sd/j/jcho5/VASP/vasp_mol/HCOOH/beef_vdw,9bcb35674e8c96cb1d3f06427d6e5c928a9e02bdadd70a99d309b444899f73bc,f843e56dd04b04c4845ba3978d3e66716e3d2091d04905d35d16eb8f8a6aab90,1f5543ee0d87c96ec89843f79d8a36ae3f238a4d4bd4c1b6655a4d7f6379885e,"Converged components; matching PAW TITEL identities, functional, composition, full slab cell and stored core settings. Archived Kestrel provenance retained. No energy scaling or offsets.",Perlmutter first,false,-0.382,1,-0.38247958,selected candidate applied
Au111,formic_acid,beef_vdw,SPE,,,,,,,,,,,,,,,,Kestrel candidate held: matching Perlmutter structure not verified,false,,1,,withheld: refs unverified
Au111,glycerol,pbe,relaxed,,,,,,,,,,,,,,,,No complete matched component set,false,,0,,withheld: refs unverified
Au111,glycerol,pbe,SPE,,,,,,,,,,,,,,,,No complete matched component set,false,,0,,withheld: refs unverified
Au111,glycerol,pbe_d3,relaxed,,,,,,,,,,,,,,,,No complete matched component set,false,,0,,withheld: refs unverified
Au111,glycerol,pbe_d3,SPE,,,,,,,,,,,,,,,,No complete matched component set,false,,0,,withheld: refs unverified
Au111,glycerol,r2scan,relaxed,,,,,,,,,,,,,,,,No complete matched component set,false,,0,,withheld: refs unverified
Au111,glycerol,r2scan,SPE,,,,,,,,,,,,,,,,No complete matched component set,false,,0,,withheld: refs unverified
Au111,glycerol,beef_vdw,relaxed,,,,,,,,,,,,,,,,No complete matched component set,false,,0,,missing
Au111,glycerol,beef_vdw,SPE,,,,,,,,,,,,,,,,No complete matched component set,false,,0,,withheld: refs unverified
Au111,isopropanol,pbe,relaxed,,,,,,,,,,,,,,,,No complete matched component set,false,,0,,withheld: refs unverified
Au111,isopropanol,pbe,SPE,,,,,,,,,,,,,,,,No complete matched component set,false,,0,,withheld: refs unverified
Au111,isopropanol,pbe_d3,relaxed,,,,,,,,,,,,,,,,No complete matched component set,false,,0,,withheld: refs unverified
Au111,isopropanol,pbe_d3,SPE,,,,,,,,,,,,,,,,No complete matched component set,false,,0,,withheld: refs unverified
Au111,isopropanol,r2scan,relaxed,,,,,,,,,,,,,,,,No complete matched component set,false,,0,,withheld: refs unverified
Au111,isopropanol,r2scan,SPE,,,,,,,,,,,,,,,,No complete matched component set,false,,0,,withheld: refs unverified
Au111,isopropanol,beef_vdw,relaxed,,,,,,,,,,,,,,,,No complete matched component set,false,,0,,missing
Au111,isopropanol,beef_vdw,SPE,,,,,,,,,,,,,,,,No complete matched component set,false,,0,,withheld: refs unverified
Au111,methane,pbe,relaxed,ok,-0.00450196,-134.31815866,-110.27805338,-24.03560332,perlmutter,perlmutter,perlmutter,/pscratch/sd/j/jcho5/VASP/dft_jobs/CH4_Au111/PBE,/pscratch/sd/j/jcho5/VASP/vasp_slab_kestrel/Au111_n36/PBE,/pscratch/sd/j/jcho5/VASP/vasp_mol/CH4/PBE,b5703d45173d078d643b021effd0b31dd8aa3485be79537de4e00f78825e01dd,8e28929e330fdc0de8903581752a624026a93ea227ac732061e627be9bed9101,1a889e6eba291b72f208557972ef13a5bab753db9dc291c14629272d1b794197,"Converged components; matching PAW TITEL identities, functional, composition, full slab cell and stored core settings. Archived Kestrel provenance retained. No energy scaling or offsets.",Perlmutter first,false,-0.005,1,-0.00450196,selected candidate applied
Au111,methane,pbe,SPE,ok,0.12884026,-134.18481644,-110.27805338,-24.03560332,perlmutter,perlmutter,perlmutter,/pscratch/sd/j/jcho5/VASP/dft_jobs/CH4_Au111/singlepoint/PBE,/pscratch/sd/j/jcho5/VASP/vasp_slab_kestrel/Au111_n36/PBE,/pscratch/sd/j/jcho5/VASP/vasp_mol/CH4/PBE,d0395c9b9ed74b66f06098e453171d827bf241ed41558ad3cb6eb677dee5fa44,8e28929e330fdc0de8903581752a624026a93ea227ac732061e627be9bed9101,1a889e6eba291b72f208557972ef13a5bab753db9dc291c14629272d1b794197,"Converged components; matching PAW TITEL identities, functional, composition, full slab cell and stored core settings. Archived Kestrel provenance retained. No energy scaling or offsets.",Perlmutter first,false,0.129,3,0.12884026,selected candidate applied
Au111,methane,pbe_d3,relaxed,ok,-0.19739270,-152.34104825,-128.10601966,-24.03763589,perlmutter,perlmutter,perlmutter,/pscratch/sd/j/jcho5/VASP/dft_jobs/CH4_Au111/PBE_D3,/pscratch/sd/j/jcho5/VASP/vasp_slab_kestrel/Au111_n36/PBE_D3,/pscratch/sd/j/jcho5/VASP/vasp_mol/CH4/PBE_D3,0b6b7698ff6853bd296d01006f55f00260d7e088c653720a6375651f6b796fba,27ba41cc961f1fa3b990f30fa19093fc546d2b4e995f09abe54cdfd95a8adac8,b332bad15ef7f1f6255b46fb0a018108aacacac653dc92d7d13c66cc4b075408,"Converged components; matching PAW TITEL identities, functional, composition, full slab cell and stored core settings. Archived Kestrel provenance retained. No energy scaling or offsets.",Perlmutter first,false,-0.197,1,-0.19739270,selected candidate applied
Au111,methane,pbe_d3,SPE,ok,0.17647134,-151.96718421,-128.10601966,-24.03763589,perlmutter,perlmutter,perlmutter,/pscratch/sd/j/jcho5/VASP/dft_jobs/CH4_Au111/singlepoint/PBE_D3,/pscratch/sd/j/jcho5/VASP/vasp_slab_kestrel/Au111_n36/PBE_D3,/pscratch/sd/j/jcho5/VASP/vasp_mol/CH4/PBE_D3,d76944d2feca42d81e42812b881b58ff19538ae4bfb0f17e6eb179290b7411e4,27ba41cc961f1fa3b990f30fa19093fc546d2b4e995f09abe54cdfd95a8adac8,b332bad15ef7f1f6255b46fb0a018108aacacac653dc92d7d13c66cc4b075408,"Converged components; matching PAW TITEL identities, functional, composition, full slab cell and stored core settings. Archived Kestrel provenance retained. No energy scaling or offsets.",Perlmutter first,false,0.176,3,0.17647134,selected candidate applied
Au111,methane,r2scan,relaxed,,,,,,,,,,,,,,,,No complete matched component set,false,,0,,withheld: refs unverified
Au111,methane,r2scan,SPE,ok,0.24812103,-1839.37192955,-1814.63214741,-24.98790317,perlmutter,perlmutter,perlmutter,/pscratch/sd/j/jcho5/VASP/dft_jobs/CH4_Au111/singlepoint/r2scan,/pscratch/sd/j/jcho5/VASP/vasp_slab_kestrel/Au111_n36/r2scan,/pscratch/sd/j/jcho5/VASP/vasp_mol/CH4/r2scan,2bae639f29d3268975023265d6121c087289f8700ed5fe54dfebb68ab778c78c,7f0fbdf49e8a3205eefd84fa2cd3261348f8239a33b3434cfd28225c993e58e3,256e39b379d9ffb0a16aea76cbe4a1d716914ca807059eb2d55f85d587e81317,"Converged components; matching PAW TITEL identities, functional, composition, full slab cell and stored core settings. Archived Kestrel provenance retained. No energy scaling or offsets.",Perlmutter first,false,0.248,3,0.24812103,selected candidate applied
Au111,methane,beef_vdw,relaxed,ok,-0.21360544,-22.28052056,0.91882089,-22.98573601,perlmutter,perlmutter,perlmutter,/pscratch/sd/j/jcho5/VASP/dft_jobs/CH4_Au111/beef_vdw,/pscratch/sd/j/jcho5/VASP/vasp_slab_kestrel/Au111_n36/beef_vdw,/pscratch/sd/j/jcho5/VASP/vasp_mol/CH4/beef_vdw,36e57c05eef9e874d53aa134004aa492ffdf6dc6e954e67a31e8e3c3cb0e3077,f843e56dd04b04c4845ba3978d3e66716e3d2091d04905d35d16eb8f8a6aab90,b8f2aed539ecd6734ed6350f70a378290c51ddb8d04057e527b3a707450c01b9,"Converged components; matching PAW TITEL identities, functional, composition, full slab cell and stored core settings. Archived Kestrel provenance retained. No energy scaling or offsets.",Perlmutter first,false,-0.214,1,-0.21360544,selected candidate applied
Au111,methane,beef_vdw,SPE,ok,-0.20643214,-22.27334726,0.91882089,-22.98573601,perlmutter,perlmutter,perlmutter,/pscratch/sd/j/jcho5/VASP/dft_jobs/CH4_Au111/singlepoint/beef_vdw,/pscratch/sd/j/jcho5/VASP/vasp_slab_kestrel/Au111_n36/beef_vdw,/pscratch/sd/j/jcho5/VASP/vasp_mol/CH4/beef_vdw,c65a18c0df69123a36c04a43eeca0d8485d372b65d50446242e1382e2ba1f8c4,f843e56dd04b04c4845ba3978d3e66716e3d2091d04905d35d16eb8f8a6aab90,b8f2aed539ecd6734ed6350f70a378290c51ddb8d04057e527b3a707450c01b9,"Converged components; matching PAW TITEL identities, functional, composition, full slab cell and stored core settings. Archived Kestrel provenance retained. No energy scaling or offsets.",Perlmutter first,false,-0.206,3,-0.20643214,selected candidate applied
Au111,methanol,pbe,relaxed,ok,-0.05990398,-140.54652971,-110.27805338,-30.20857235,perlmutter,perlmutter,perlmutter,/pscratch/sd/j/jcho5/VASP/dft_jobs/CH3OH_Au111/PBE,/pscratch/sd/j/jcho5/VASP/vasp_slab_kestrel/Au111_n36/PBE,/pscratch/sd/j/jcho5/VASP/vasp_mol/CH3OH/PBE,2d3ff8b55876ce097a7dbb040b244217dbacd3ab148427cab2ffa9d6767217ae,8e28929e330fdc0de8903581752a624026a93ea227ac732061e627be9bed9101,b25dea0c5d26d154707dac5673badac4461cb6fe7660b76ab10af85822791b71,"Converged components; matching PAW TITEL identities, functional, composition, full slab cell and stored core settings. Archived Kestrel provenance retained. No energy scaling or offsets.",Perlmutter first,false,-0.06,1,-0.05990398,selected candidate applied
Au111,methanol,pbe,SPE,ok,0.06074210,-140.42588363,-110.27805338,-30.20857235,perlmutter,perlmutter,perlmutter,/pscratch/sd/j/jcho5/VASP/dft_jobs/CH3OH_Au111/singlepoint/PBE,/pscratch/sd/j/jcho5/VASP/vasp_slab_kestrel/Au111_n36/PBE,/pscratch/sd/j/jcho5/VASP/vasp_mol/CH3OH/PBE,acf94dc2a09463aaaa94f985673dca01d4bef7a12b99067253e61856d20d5a1d,8e28929e330fdc0de8903581752a624026a93ea227ac732061e627be9bed9101,b25dea0c5d26d154707dac5673badac4461cb6fe7660b76ab10af85822791b71,"Converged components; matching PAW TITEL identities, functional, composition, full slab cell and stored core settings. Archived Kestrel provenance retained. No energy scaling or offsets.",Perlmutter first,false,0.061,2,0.06074210,selected candidate applied
Au111,methanol,pbe_d3,relaxed,ok,-0.33293389,-158.66257888,-128.10601966,-30.22362533,perlmutter,perlmutter,perlmutter,/pscratch/sd/j/jcho5/VASP/dft_jobs/CH3OH_Au111/PBE_D3,/pscratch/sd/j/jcho5/VASP/vasp_slab_kestrel/Au111_n36/PBE_D3,/pscratch/sd/j/jcho5/VASP/vasp_mol/CH3OH/PBE_D3,47e06e0b2f2dbd25fee8f13961edba190e97b89cfb76d43187611cb864ef296a,27ba41cc961f1fa3b990f30fa19093fc546d2b4e995f09abe54cdfd95a8adac8,82c96042bb328d2281e4deec9b5ef51410c9c442e4e9b23b3c7deb72f185e5cf,"Converged components; matching PAW TITEL identities, functional, composition, full slab cell and stored core settings. Archived Kestrel provenance retained. No energy scaling or offsets.",Perlmutter first,false,-0.333,1,-0.33293389,selected candidate applied
Au111,methanol,pbe_d3,SPE,ok,0.07923127,-158.25041372,-128.10601966,-30.22362533,perlmutter,perlmutter,perlmutter,/pscratch/sd/j/jcho5/VASP/dft_jobs/CH3OH_Au111/singlepoint/PBE_D3,/pscratch/sd/j/jcho5/VASP/vasp_slab_kestrel/Au111_n36/PBE_D3,/pscratch/sd/j/jcho5/VASP/vasp_mol/CH3OH/PBE_D3,4e03aff9f54f8df466aa4a7ab3bfdacad439ae2e7a96c2e5fc3124293421a2b5,27ba41cc961f1fa3b990f30fa19093fc546d2b4e995f09abe54cdfd95a8adac8,82c96042bb328d2281e4deec9b5ef51410c9c442e4e9b23b3c7deb72f185e5cf,"Converged components; matching PAW TITEL identities, functional, composition, full slab cell and stored core settings. Archived Kestrel provenance retained. No energy scaling or offsets.",Perlmutter first,false,0.079,2,0.07923127,selected candidate applied
Au111,methanol,r2scan,relaxed,,,,,,,,,,,,,,,,No complete matched component set,false,,0,,withheld: refs unverified
Au111,methanol,r2scan,SPE,ok,0.18065972,-1846.58801623,-1814.63214741,-32.13652854,perlmutter,perlmutter,perlmutter,/pscratch/sd/j/jcho5/VASP/dft_jobs/CH3OH_Au111/singlepoint/r2scan,/pscratch/sd/j/jcho5/VASP/vasp_slab_kestrel/Au111_n36/r2scan,/pscratch/sd/j/jcho5/VASP/vasp_mol/CH3OH/r2scan,8d82588743c3ba2d6772b9509b5c9ebe6c9c470a1f485ab3a60952b4468a3462,7f0fbdf49e8a3205eefd84fa2cd3261348f8239a33b3434cfd28225c993e58e3,f51730f03fe6b8d78e595f2892e645d14986df23b0aee9499c51b752902fd0d1,"Converged components; matching PAW TITEL identities, functional, composition, full slab cell and stored core settings. Archived Kestrel provenance retained. No energy scaling or offsets.",Perlmutter first,false,0.181,2,0.18065972,selected candidate applied
Au111,methanol,beef_vdw,relaxed,ok,-0.30591315,-26.68113861,0.91882089,-27.29404635,perlmutter,perlmutter,perlmutter,/pscratch/sd/j/jcho5/VASP/dft_jobs/CH3OH_Au111/beef_vdw,/pscratch/sd/j/jcho5/VASP/vasp_slab_kestrel/Au111_n36/beef_vdw,/pscratch/sd/j/jcho5/VASP/vasp_mol/CH3OH/beef_vdw,97f27d9a1e8516fb457fef4e4daeff11ee6eaf8f48154a19e416a7e47f89d40a,f843e56dd04b04c4845ba3978d3e66716e3d2091d04905d35d16eb8f8a6aab90,71c98e9c34bcfd5cd1cbcd7f2f72a41fe5f2859e510b25f05ce1c13e3e6334c5,"Converged components; matching PAW TITEL identities, functional, composition, full slab cell and stored core settings. Archived Kestrel provenance retained. No energy scaling or offsets.",Perlmutter first,false,-0.306,1,-0.30591315,selected candidate applied
Au111,methanol,beef_vdw,SPE,ok,-0.29711664,-26.6723421,0.91882089,-27.29404635,perlmutter,perlmutter,perlmutter,/pscratch/sd/j/jcho5/VASP/dft_jobs/CH3OH_Au111/singlepoint/beef_vdw,/pscratch/sd/j/jcho5/VASP/vasp_slab_kestrel/Au111_n36/beef_vdw,/pscratch/sd/j/jcho5/VASP/vasp_mol/CH3OH/beef_vdw,385db1fe592419501b408288040f4f42d8ed3a2bcf1cc130e475120c1e067fb1,f843e56dd04b04c4845ba3978d3e66716e3d2091d04905d35d16eb8f8a6aab90,71c98e9c34bcfd5cd1cbcd7f2f72a41fe5f2859e510b25f05ce1c13e3e6334c5,"Converged components; matching PAW TITEL identities, functional, composition, full slab cell and stored core settings. Archived Kestrel provenance retained. No energy scaling or offsets.",Perlmutter first,false,-0.297,2,-0.29711664,selected candidate applied
Au111,propane,pbe,relaxed,,,,,,,,,,,,,,,,No complete matched component set,false,,0,,withheld: refs unverified
Au111,propane,pbe,SPE,,,,,,,,,,,,,,,,No complete matched component set,false,,0,,withheld: refs unverified
Au111,propane,pbe_d3,relaxed,,,,,,,,,,,,,,,,No complete matched component set,false,,0,,withheld: refs unverified
Au111,propane,pbe_d3,SPE,,,,,,,,,,,,,,,,No complete matched component set,false,,0,,withheld: refs unverified
Au111,propane,r2scan,relaxed,,,,,,,,,,,,,,,,No complete matched component set,false,,0,,withheld: refs unverified
Au111,propane,r2scan,SPE,,,,,,,,,,,,,,,,No complete matched component set,false,,0,,withheld: refs unverified
Au111,propane,beef_vdw,relaxed,,,,,,,,,,,,,,,,No complete matched component set,false,,0,,missing
Au111,propane,beef_vdw,SPE,,,,,,,,,,,,,,,,No complete matched component set,false,,0,,withheld: refs unverified
Au111,propanol,pbe,relaxed,,,,,,,,,,,,,,,,No complete matched component set,false,,0,,withheld: refs unverified
Au111,propanol,pbe,SPE,ok,0.22102328,-173.44583152,-110.27805338,-63.38880142,kestrel,kestrel,kestrel,/kfs3/scratch/jcho5/goad-global-optimization/poscar/best/C3/Au111_propanol/singlepoint/PBE,/kfs3/scratch/jcho5/goad-global-optimization/vasp_slab/Au111_n36/PBE,/kfs3/scratch/jcho5/goad-global-optimization/vasp_mol/propanol/PBE,1ea152b0c066c3202000f44847b375c52b28829a87b93df14dc1712bb68fa2ba,02bf77cc3bffecc30c1a034d9c7e1c7e22823a6d9dc805e0f73ac8773ce98ca8,106e16a9cacc495be042da0d97fe1c6cb088d37fa8ec21c8daef576b1dbb3127,"Converged components; matching PAW TITEL identities, functional, composition, full slab cell and stored core settings. Archived Kestrel provenance retained. No energy scaling or offsets.",Kestrel: no usable Perlmutter binding-energy candidate,false,0.221,1,0.22102328,selected candidate applied
Au111,propanol,pbe_d3,relaxed,,,,,,,,,,,,,,,,No complete matched component set,false,,0,,withheld: refs unverified
Au111,propanol,pbe_d3,SPE,ok,-0.02455623,-191.61265995,-128.10601966,-63.48208406,kestrel,kestrel,kestrel,/kfs3/scratch/jcho5/goad-global-optimization/poscar/best/C3/Au111_propanol/singlepoint/PBE_D3,/kfs3/scratch/jcho5/goad-global-optimization/vasp_slab/Au111_n36/PBE_D3,/kfs3/scratch/jcho5/goad-global-optimization/vasp_mol/propanol/PBE_D3,ec233259b3ac1203a822e5da782b3a135cd94f49dbc647d9fc9b1fcad00dce7c,01a4162c90f4fd630b64b591537e439028aa0f89da5ac41a54a231030448c121,a371ac9cb66f5b5f5301fe75d5d75604a05b6bbb390367d90a10829d11e2d6d4,"Converged components; matching PAW TITEL identities, functional, composition, full slab cell and stored core settings. Archived Kestrel provenance retained. No energy scaling or offsets.",Kestrel: no usable Perlmutter binding-energy candidate,false,-0.025,1,-0.02455623,selected candidate applied
Au111,propanol,r2scan,relaxed,,,,,,,,,,,,,,,,No complete matched component set,false,,0,,withheld: refs unverified
Au111,propanol,r2scan,SPE,ok,0.26000903,-1881.35559576,-1814.63214741,-66.98345738,kestrel,kestrel,kestrel,/kfs3/scratch/jcho5/goad-global-optimization/poscar/best/C3/Au111_propanol/singlepoint/r2scan,/kfs3/scratch/jcho5/goad-global-optimization/vasp_slab/Au111_n36/r2scan,/kfs3/scratch/jcho5/goad-global-optimization/vasp_mol/propanol/r2scan,a695dde158e6f89fcf8acbe57812c51d7e7119136170df2418f9ea7bbb3f2e95,dde800dc2908c7e4446b75abb8724208cc05e339caf8268fbaf39046b316ed41,47bca4baa7752117440e3d73f1c6f0417ea7a13e2130b00dacf556ee0514a1cb,"Converged components; matching PAW TITEL identities, functional, composition, full slab cell and stored core settings. Archived Kestrel provenance retained. No energy scaling or offsets.",Kestrel: no usable Perlmutter binding-energy candidate,false,0.26,1,0.26000903,selected candidate applied
Au111,propanol,beef_vdw,relaxed,,,,,,,,,,,,,,,,No complete matched component set,false,,0,,missing
Au111,propanol,beef_vdw,SPE,ok,-0.41816008,-57.56732763,0.91882089,-58.06798844,kestrel,kestrel,kestrel,/kfs3/scratch/jcho5/goad-global-optimization/poscar/best/C3/Au111_propanol/singlepoint/beef_vdw,/kfs3/scratch/jcho5/goad-global-optimization/vasp_slab/Au111_n36/beef_vdw,/kfs3/scratch/jcho5/goad-global-optimization/vasp_mol/propanol/beef_vdw,9a5be2f262e5687d99e64d20c40ee9487ceca9368ebdfc8ac1063bf9106c9d3a,598831743de220ae2c7e6dcd37c543a2b977ddffbcd1bd4ddc11b98f9a1352fa,f51683128715aedfcc2555c4f18942247e6e048b7084a0353126dc85da2c9340,"Converged components; matching PAW TITEL identities, functional, composition, full slab cell and stored core settings. Archived Kestrel provenance retained. No energy scaling or offsets.",Kestrel: no usable Perlmutter binding-energy candidate,false,-0.418,1,-0.41816008,selected candidate applied
Au111,propene,pbe,relaxed,,,,,,,,,,,,,,,,No complete matched component set,false,,0,,withheld: refs unverified
Au111,propene,pbe,SPE,,,,,,,,,,,,,,,,No complete matched component set,false,,0,,withheld: refs unverified
Au111,propene,pbe_d3,relaxed,,,,,,,,,,,,,,,,No complete matched component set,false,,0,,withheld: refs unverified
Au111,propene,pbe_d3,SPE,,,,,,,,,,,,,,,,No complete matched component set,false,,0,,withheld: refs unverified
Au111,propene,r2scan,relaxed,,,,,,,,,,,,,,,,No complete matched component set,false,,0,,withheld: refs unverified
Au111,propene,r2scan,SPE,,,,,,,,,,,,,,,,No complete matched component set,false,,0,,withheld: refs unverified
Au111,propene,beef_vdw,relaxed,,,,,,,,,,,,,,,,No complete matched component set,false,,0,,missing
Au111,propene,beef_vdw,SPE,,,,,,,,,,,,,,,,No complete matched component set,false,,0,,withheld: refs unverified
Cu100,CH3,pbe,relaxed,ok,-1.25457530,-239.2140364,-219.76682164,-18.19263946,perlmutter,perlmutter,perlmutter,/pscratch/sd/j/jcho5/VASP/dft_jobs/CH3_Cu100/PBE,/pscratch/sd/j/jcho5/VASP/vasp_slab/Cu100/PBE,/pscratch/sd/j/jcho5/VASP/vasp_mol/CH3/PBE,92fcef547be34abc4a73a3923c98477ca09db7c9fa1ce0e80bc96657698f9193,5a7b9cef6c284d757708a217efebc9f28fa23d2936eecbb35469b1177738cea3,55948174742a2237ee4078ccc4928c5af9560ab1b988bfdc05684033de502d29,"Converged components; matching PAW TITEL identities, functional, composition, full slab cell and stored core settings. Archived Kestrel provenance retained. No energy scaling or offsets.",Perlmutter first,false,-1.255,1,-1.25457530,selected candidate applied
Cu100,CH3,pbe,SPE,ok,-1.24883748,-239.20829858,-219.76682164,-18.19263946,perlmutter,perlmutter,perlmutter,/pscratch/sd/j/jcho5/VASP/dft_jobs/CH3_Cu100/singlepoint/PBE,/pscratch/sd/j/jcho5/VASP/vasp_slab/Cu100/PBE,/pscratch/sd/j/jcho5/VASP/vasp_mol/CH3/PBE,41ead45f734e3ef6f2bae268bf1f5cfef825e7934be2383cbb10efe280576da6,5a7b9cef6c284d757708a217efebc9f28fa23d2936eecbb35469b1177738cea3,55948174742a2237ee4078ccc4928c5af9560ab1b988bfdc05684033de502d29,"Converged components; matching PAW TITEL identities, functional, composition, full slab cell and stored core settings. Archived Kestrel provenance retained. No energy scaling or offsets.",Perlmutter first,false,-1.249,1,-1.24883748,selected candidate applied
Cu100,CH3,pbe_d3,relaxed,ok,-1.64637519,-260.68105686,-240.84053253,-18.19414914,perlmutter,perlmutter,perlmutter,/pscratch/sd/j/jcho5/VASP/dft_jobs/CH3_Cu100/PBE_D3,/pscratch/sd/j/jcho5/VASP/vasp_slab/Cu100/PBE_D3,/pscratch/sd/j/jcho5/VASP/vasp_mol/CH3/PBE_D3,2982aabc1319ab9422ecc9c73f3937e0bccfed12af15968f5e6f6054f18851a7,d081ff81bc70cb1bfd0610556073fcd9a9d5eeeab00615a7ff6bb4d39feb1e51,d5c3d39ad14473323e77e91f951c1fed3ea6b279c20a4b6f3944c45fa910de88,"Converged components; matching PAW TITEL identities, functional, composition, full slab cell and stored core settings. Archived Kestrel provenance retained. No energy scaling or offsets.",Perlmutter first,false,-1.646,1,-1.64637519,selected candidate applied
Cu100,CH3,pbe_d3,SPE,ok,-1.51007698,-260.54475865,-240.84053253,-18.19414914,perlmutter,perlmutter,perlmutter,/pscratch/sd/j/jcho5/VASP/dft_jobs/CH3_Cu100/singlepoint/PBE_D3,/pscratch/sd/j/jcho5/VASP/vasp_slab/Cu100/PBE_D3,/pscratch/sd/j/jcho5/VASP/vasp_mol/CH3/PBE_D3,841000df6630cb3ae4c6e4364a10e846390a009ef020828cbef4a61a425b2886,d081ff81bc70cb1bfd0610556073fcd9a9d5eeeab00615a7ff6bb4d39feb1e51,d5c3d39ad14473323e77e91f951c1fed3ea6b279c20a4b6f3944c45fa910de88,"Converged components; matching PAW TITEL identities, functional, composition, full slab cell and stored core settings. Archived Kestrel provenance retained. No energy scaling or offsets.",Perlmutter first,false,-1.51,1,-1.51007698,selected candidate applied
Cu100,CH3,r2scan,relaxed,,,,,,,,,,,,,,,,No complete matched component set,false,,0,,missing
Cu100,CH3,r2scan,SPE,ok,-0.99767026,-690.54503213,-670.31649401,-19.23086786,perlmutter,perlmutter,perlmutter,/pscratch/sd/j/jcho5/VASP/dft_jobs/CH3_Cu100/singlepoint/r2scan,/pscratch/sd/j/jcho5/VASP/vasp_slab/Cu100/r2scan,/pscratch/sd/j/jcho5/VASP/vasp_mol/CH3/r2scan,a451e44329409d822115673fb5837dd089b08adf526393ae20637e62b33c6d85,2a2e0ef4aa3cefdff2ec3b23d4b0b49c3d21d7dd2958fe9bef8eb51f3d67268c,cd57306845596406a180b6e807da423b6b753c1d97073bdbc1899a4e4f0e975f,"Converged components; matching PAW TITEL identities, functional, composition, full slab cell and stored core settings. Archived Kestrel provenance retained. No energy scaling or offsets.",Perlmutter first,false,-0.998,1,-0.99767026,selected candidate applied
Cu100,CH3,beef_vdw,relaxed,,,,,,,,,,,,,,,,No complete matched component set,false,,0,,withheld: refs unverified
Cu100,CH3,beef_vdw,SPE,,,,,,,,,,,,,,,,No complete matched component set,false,,0,,withheld: refs unverified
Cu100,CO,pbe,relaxed,ok,-0.78080952,-235.32801353,-219.76682164,-14.78038237,perlmutter,perlmutter,perlmutter,/pscratch/sd/j/jcho5/VASP/dft_jobs/CO_Cu100/PBE,/pscratch/sd/j/jcho5/VASP/vasp_slab/Cu100/PBE,/pscratch/sd/j/jcho5/VASP/vasp_mol/CO/PBE,a0336285c35464b75bd606b8453eb84f5b1410a5a142cf4c4f48415d41007e2e,5a7b9cef6c284d757708a217efebc9f28fa23d2936eecbb35469b1177738cea3,5de111fef07e98239197c4d5ccebe9b659b69a862d3790f6544f0960f107810e,"Converged components; matching PAW TITEL identities, functional, composition, full slab cell and stored core settings. Archived Kestrel provenance retained. No energy scaling or offsets.",Perlmutter first,false,-0.781,1,-0.78080952,selected candidate applied
Cu100,CO,pbe,SPE,ok,-0.77452017,-235.32172418,-219.76682164,-14.78038237,perlmutter,perlmutter,perlmutter,/pscratch/sd/j/jcho5/VASP/dft_jobs/CO_Cu100/singlepoint/PBE,/pscratch/sd/j/jcho5/VASP/vasp_slab/Cu100/PBE,/pscratch/sd/j/jcho5/VASP/vasp_mol/CO/PBE,d99ae5ebc4a4c530a26363d1cfc71a9e3a6e4cb4bf3c91a8d483ebd7c27ba90b,5a7b9cef6c284d757708a217efebc9f28fa23d2936eecbb35469b1177738cea3,5de111fef07e98239197c4d5ccebe9b659b69a862d3790f6544f0960f107810e,"Converged components; matching PAW TITEL identities, functional, composition, full slab cell and stored core settings. Archived Kestrel provenance retained. No energy scaling or offsets.",Perlmutter first,false,,2,-0.77452017,selected candidate applied
Cu100,CO,pbe_d3,relaxed,ok,-1.02749534,-256.64842377,-240.84053253,-14.7803959,perlmutter,perlmutter,perlmutter,/pscratch/sd/j/jcho5/VASP/dft_jobs/CO_Cu100/PBE_D3,/pscratch/sd/j/jcho5/VASP/vasp_slab/Cu100/PBE_D3,/pscratch/sd/j/jcho5/VASP/vasp_mol/CO/PBE_D3,46b0393cbaa8c09f34d253386832dd87fb515e6a3a208d4794d54778ecfb7df7,d081ff81bc70cb1bfd0610556073fcd9a9d5eeeab00615a7ff6bb4d39feb1e51,6f7c547c5fad89492e6aa42317c90bb373aa74cfe9822216218e7897b7d88dae,"Converged components; matching PAW TITEL identities, functional, composition, full slab cell and stored core settings. Archived Kestrel provenance retained. No energy scaling or offsets.",Perlmutter first,false,-1.027,1,-1.02749534,selected candidate applied
Cu100,CO,pbe_d3,SPE,ok,-0.91223213,-256.53316056,-240.84053253,-14.7803959,perlmutter,perlmutter,perlmutter,/pscratch/sd/j/jcho5/VASP/dft_jobs/CO_Cu100/singlepoint/PBE_D3,/pscratch/sd/j/jcho5/VASP/vasp_slab/Cu100/PBE_D3,/pscratch/sd/j/jcho5/VASP/vasp_mol/CO/PBE_D3,ad32aba1c889573558dafe0e3bc92cb15e3b73e276b8d4336c2594d7c30844a0,d081ff81bc70cb1bfd0610556073fcd9a9d5eeeab00615a7ff6bb4d39feb1e51,6f7c547c5fad89492e6aa42317c90bb373aa74cfe9822216218e7897b7d88dae,"Converged components; matching PAW TITEL identities, functional, composition, full slab cell and stored core settings. Archived Kestrel provenance retained. No energy scaling or offsets.",Perlmutter first,false,,2,-0.91223213,selected candidate applied
Cu100,CO,r2scan,relaxed,,,,,,,,,,,,,,,,No complete matched component set,false,,0,,withheld: refs unverified
Cu100,CO,r2scan,SPE,ok,-0.64311535,-687.43968412,-670.31649401,-16.48007476,perlmutter,perlmutter,perlmutter,/pscratch/sd/j/jcho5/VASP/dft_jobs/CO_Cu100/singlepoint/r2scan,/pscratch/sd/j/jcho5/VASP/vasp_slab/Cu100/r2scan,/pscratch/sd/j/jcho5/VASP/vasp_mol/CO/r2scan,fda9d2f7067120a6e34cf59d752d47ceef609933c5bd2d524d4a0d02c3c94549,2a2e0ef4aa3cefdff2ec3b23d4b0b49c3d21d7dd2958fe9bef8eb51f3d67268c,a36500324108a48f08b0fa481a9853e27a9e82ac0665deba3021a0b73f639998,"Converged components; matching PAW TITEL identities, functional, composition, full slab cell and stored core settings. Archived Kestrel provenance retained. No energy scaling or offsets.",Perlmutter first,false,,2,-0.64311535,selected candidate applied
Cu100,CO,beef_vdw,relaxed,,,,,,,,,,,,,,,,No complete matched component set,false,,0,,withheld: refs unverified
Cu100,CO,beef_vdw,SPE,,,,,,,,,,,,,,,,No complete matched component set,false,,0,,withheld: refs unverified
Cu100,CO2,pbe,relaxed,ok,-0.03216797,-242.75918483,-219.76682164,-22.96019522,perlmutter,perlmutter,perlmutter,/pscratch/sd/j/jcho5/VASP/dft_jobs/CO2_Cu100/PBE,/pscratch/sd/j/jcho5/VASP/vasp_slab/Cu100/PBE,/pscratch/sd/j/jcho5/VASP/vasp_mol/CO2/PBE,ae8e2bacafb0e306fc171c52cf72541305b9f75b2b0412bf5d35c0b001a72612,5a7b9cef6c284d757708a217efebc9f28fa23d2936eecbb35469b1177738cea3,5c3d4e7285479f2d4ac862de58c80a00baa5aba72e6fa7f6e419b6d41f863eca,"Converged components; matching PAW TITEL identities, functional, composition, full slab cell and stored core settings. Archived Kestrel provenance retained. No energy scaling or offsets.",Perlmutter first,false,-0.032,1,-0.03216797,selected candidate applied
Cu100,CO2,pbe,SPE,ok,-0.01885230,-242.74586916,-219.76682164,-22.96019522,perlmutter,perlmutter,perlmutter,/pscratch/sd/j/jcho5/VASP/dft_jobs/CO2_Cu100/singlepoint/PBE,/pscratch/sd/j/jcho5/VASP/vasp_slab/Cu100/PBE,/pscratch/sd/j/jcho5/VASP/vasp_mol/CO2/PBE,c295b0147c8956e984d4f8b11e7e9378c95e5e6dfa4ffea3140691dd4980b156,5a7b9cef6c284d757708a217efebc9f28fa23d2936eecbb35469b1177738cea3,5c3d4e7285479f2d4ac862de58c80a00baa5aba72e6fa7f6e419b6d41f863eca,"Converged components; matching PAW TITEL identities, functional, composition, full slab cell and stored core settings. Archived Kestrel provenance retained. No energy scaling or offsets.",Perlmutter first,false,,2,-0.01885230,selected candidate applied
Cu100,CO2,pbe_d3,relaxed,,,,,,,,,,,,,,,,No complete matched component set,false,,0,,missing
Cu100,CO2,pbe_d3,SPE,,,,,,,,,,,,,,,,No complete matched component set,false,,0,,missing
Cu100,CO2,r2scan,relaxed,,,,,,,,,,,,,,,,No complete matched component set,false,,0,,withheld: refs unverified
Cu100,CO2,r2scan,SPE,ok,0.12150457,-695.76398832,-670.31649401,-25.56899888,perlmutter,perlmutter,perlmutter,/pscratch/sd/j/jcho5/VASP/dft_jobs/CO2_Cu100/singlepoint/r2scan,/pscratch/sd/j/jcho5/VASP/vasp_slab/Cu100/r2scan,/pscratch/sd/j/jcho5/VASP/vasp_mol/CO2/r2scan,c2f76a416b39b37d8ccf21fa5901d4851f0f0f232947267577c1d5e0c1be07bc,2a2e0ef4aa3cefdff2ec3b23d4b0b49c3d21d7dd2958fe9bef8eb51f3d67268c,4dab28f2a0fbe607817f4c5514d6f14b89ae1a164de9066f1d38852b7c93525c,"Converged components; matching PAW TITEL identities, functional, composition, full slab cell and stored core settings. Archived Kestrel provenance retained. No energy scaling or offsets.",Perlmutter first,false,,2,0.12150457,selected candidate applied
Cu100,CO2,beef_vdw,relaxed,,,,,,,,,,,,,,,,No complete matched component set,false,,0,,withheld: refs unverified
Cu100,CO2,beef_vdw,SPE,,,,,,,,,,,,,,,,No complete matched component set,false,,0,,withheld: refs unverified
Cu100,DME,pbe,relaxed,ok,-0.14961273,-266.29411626,-219.76682164,-46.37768189,perlmutter,perlmutter,perlmutter,/pscratch/sd/j/jcho5/VASP/dft_jobs/CH3OCH3_Cu100/PBE,/pscratch/sd/j/jcho5/VASP/vasp_slab/Cu100/PBE,/pscratch/sd/j/jcho5/VASP/completion_runs/dme_references_davidson_20260915/molecule/DME/PBE,7deb86f1503d0027cc6e74518520af4f21ddb06b297a0f9433d6a1e2b196895f,5a7b9cef6c284d757708a217efebc9f28fa23d2936eecbb35469b1177738cea3,2783353f6c0ff3844ba4d6ff5d7e8f828816118201b89284c45975b6be47d7f6,"Converged components; matching PAW TITEL identities, functional, composition, full slab cell and stored core settings. Archived Kestrel provenance retained. No energy scaling or offsets.",Perlmutter first,false,-0.15,1,-0.14961273,selected candidate applied
Cu100,DME,pbe,SPE,ok,-0.13396879,-266.27847232,-219.76682164,-46.37768189,perlmutter,perlmutter,perlmutter,/pscratch/sd/j/jcho5/VASP/dft_jobs/CH3OCH3_Cu100/singlepoint/PBE,/pscratch/sd/j/jcho5/VASP/vasp_slab/Cu100/PBE,/pscratch/sd/j/jcho5/VASP/completion_runs/dme_references_davidson_20260915/molecule/DME/PBE,ce234507efe1cbec264318e13b19096362eb808966633224fd3b02a211d47ea6,5a7b9cef6c284d757708a217efebc9f28fa23d2936eecbb35469b1177738cea3,2783353f6c0ff3844ba4d6ff5d7e8f828816118201b89284c45975b6be47d7f6,"Converged components; matching PAW TITEL identities, functional, composition, full slab cell and stored core settings. Archived Kestrel provenance retained. No energy scaling or offsets.",Perlmutter first,false,-0.134,2,-0.13396879,selected candidate applied
Cu100,DME,pbe_d3,relaxed,ok,-0.65125529,-287.91530644,-240.84053253,-46.42351862,perlmutter,perlmutter,perlmutter,/pscratch/sd/j/jcho5/VASP/dft_jobs/CH3OCH3_Cu100/PBE_D3,/pscratch/sd/j/jcho5/VASP/vasp_slab/Cu100/PBE_D3,/pscratch/sd/j/jcho5/VASP/completion_runs/dme_references_davidson_20260915/molecule/DME/PBE_D3,afb51a4e0a21fbefc3d3dbd5fd1919700ba740966690660497778ae6c7a5e114,d081ff81bc70cb1bfd0610556073fcd9a9d5eeeab00615a7ff6bb4d39feb1e51,fa540cffb0ee118e48318e9d7cc15ef68ab721ba66b60dacbe49aaf2111cd3ba,"Converged components; matching PAW TITEL identities, functional, composition, full slab cell and stored core settings. Archived Kestrel provenance retained. No energy scaling or offsets.",Perlmutter first,false,-0.651,1,-0.65125529,selected candidate applied
Cu100,DME,pbe_d3,SPE,ok,-0.43964251,-287.70369366,-240.84053253,-46.42351862,perlmutter,perlmutter,perlmutter,/pscratch/sd/j/jcho5/VASP/dft_jobs/CH3OCH3_Cu100/singlepoint/PBE_D3,/pscratch/sd/j/jcho5/VASP/vasp_slab/Cu100/PBE_D3,/pscratch/sd/j/jcho5/VASP/completion_runs/dme_references_davidson_20260915/molecule/DME/PBE_D3,c7f9117f11a31d6501313dc62b0fca55e47ef0fb39f577a1d88bad19c0c54bf2,d081ff81bc70cb1bfd0610556073fcd9a9d5eeeab00615a7ff6bb4d39feb1e51,fa540cffb0ee118e48318e9d7cc15ef68ab721ba66b60dacbe49aaf2111cd3ba,"Converged components; matching PAW TITEL identities, functional, composition, full slab cell and stored core settings. Archived Kestrel provenance retained. No energy scaling or offsets.",Perlmutter first,false,-0.44,2,-0.43964251,selected candidate applied
Cu100,DME,r2scan,relaxed,,,,,,,,,,,,,,,,No complete matched component set,false,,0,,withheld: refs unverified
Cu100,DME,r2scan,SPE,ok,-0.04250435,-719.49958763,-670.31649401,-49.14058927,perlmutter,perlmutter,perlmutter,/pscratch/sd/j/jcho5/VASP/dft_jobs/CH3OCH3_Cu100/singlepoint/r2scan,/pscratch/sd/j/jcho5/VASP/vasp_slab/Cu100/r2scan,/pscratch/sd/j/jcho5/VASP/vasp_mol/CH3OCH3/r2scan,7d75d105f18ee024a50d5b442b6b776ffd36c9463443ff52a92ecd03933b2b3d,2a2e0ef4aa3cefdff2ec3b23d4b0b49c3d21d7dd2958fe9bef8eb51f3d67268c,88bae082a3a840ba244087cd0c4e6738272d372dfd577bafa865bab4c8e6f532,"Converged components; matching PAW TITEL identities, functional, composition, full slab cell and stored core settings. Archived Kestrel provenance retained. No energy scaling or offsets.",Perlmutter first,false,-0.043,2,-0.04250435,selected candidate applied
Cu100,DME,beef_vdw,relaxed,,,,,,,,,,,,,,,,No complete matched component set,false,,0,,withheld: refs unverified
Cu100,DME,beef_vdw,SPE,,,,,,,,,,,,,,,,No complete matched component set,false,,0,,withheld: refs unverified
Cu100,H2O,pbe,relaxed,ok,-0.24606787,-234.23066468,-219.76682164,-14.21777517,perlmutter,perlmutter,perlmutter,/pscratch/sd/j/jcho5/VASP/dft_jobs/H2O_Cu100/PBE,/pscratch/sd/j/jcho5/VASP/vasp_slab/Cu100/PBE,/pscratch/sd/j/jcho5/VASP/vasp_mol/H2O/PBE,83c78ccde61a5ec5e426f96f631ae4a1540e2766409e249b9d5a5733202ffd6e,5a7b9cef6c284d757708a217efebc9f28fa23d2936eecbb35469b1177738cea3,dbc93cb2dc9c33d9e78e8d67411ddad5af844a63665a1023d719bbb6cea7ab32,"Converged components; matching PAW TITEL identities, functional, composition, full slab cell and stored core settings. Archived Kestrel provenance retained. No energy scaling or offsets.",Perlmutter first,false,-0.246,1,-0.24606787,selected candidate applied
Cu100,H2O,pbe,SPE,ok,-0.22711798,-234.21171479,-219.76682164,-14.21777517,perlmutter,perlmutter,perlmutter,/pscratch/sd/j/jcho5/VASP/dft_jobs/H2O_Cu100/singlepoint/PBE,/pscratch/sd/j/jcho5/VASP/vasp_slab/Cu100/PBE,/pscratch/sd/j/jcho5/VASP/vasp_mol/H2O/PBE,0c3ab8a3e0e3e61eb2c9690c2d27c20b8b3c6b64bb5fb04d95c4485adfb66505,5a7b9cef6c284d757708a217efebc9f28fa23d2936eecbb35469b1177738cea3,dbc93cb2dc9c33d9e78e8d67411ddad5af844a63665a1023d719bbb6cea7ab32,"Converged components; matching PAW TITEL identities, functional, composition, full slab cell and stored core settings. Archived Kestrel provenance retained. No energy scaling or offsets.",Perlmutter first,false,,2,-0.22711798,selected candidate applied
Cu100,H2O,pbe_d3,relaxed,ok,-0.47618076,-255.53460107,-240.84053253,-14.21788778,perlmutter,perlmutter,perlmutter,/pscratch/sd/j/jcho5/VASP/dft_jobs/H2O_Cu100/PBE_D3,/pscratch/sd/j/jcho5/VASP/vasp_slab/Cu100/PBE_D3,/pscratch/sd/j/jcho5/VASP/vasp_mol/H2O/PBE_D3,c1ed211f359ed27f01a9cb9f4792323de6ca61a5d21c789e6fef68bbcc6fd2c7,d081ff81bc70cb1bfd0610556073fcd9a9d5eeeab00615a7ff6bb4d39feb1e51,262c9c4edc75d1e8273e9ddecaa2811518bff7b48e9850e565c0e5f7753cd53d,"Converged components; matching PAW TITEL identities, functional, composition, full slab cell and stored core settings. Archived Kestrel provenance retained. No energy scaling or offsets.",Perlmutter first,false,-0.476,1,-0.47618076,selected candidate applied
Cu100,H2O,pbe_d3,SPE,ok,-0.39509325,-255.45351356,-240.84053253,-14.21788778,perlmutter,perlmutter,perlmutter,/pscratch/sd/j/jcho5/VASP/dft_jobs/H2O_Cu100/singlepoint/PBE_D3,/pscratch/sd/j/jcho5/VASP/vasp_slab/Cu100/PBE_D3,/pscratch/sd/j/jcho5/VASP/vasp_mol/H2O/PBE_D3,9c25e3fd0923e1d7cd9c4b50ac0223213d139bda6d6fbc999f5be0d0642c7a7c,d081ff81bc70cb1bfd0610556073fcd9a9d5eeeab00615a7ff6bb4d39feb1e51,262c9c4edc75d1e8273e9ddecaa2811518bff7b48e9850e565c0e5f7753cd53d,"Converged components; matching PAW TITEL identities, functional, composition, full slab cell and stored core settings. Archived Kestrel provenance retained. No energy scaling or offsets.",Perlmutter first,false,,2,-0.39509325,selected candidate applied
Cu100,H2O,r2scan,relaxed,,,,,,,,,,,,,,,,No complete matched component set,false,,0,,withheld: refs unverified
Cu100,H2O,r2scan,SPE,ok,-0.15442478,-685.80333819,-670.31649401,-15.3324194,perlmutter,perlmutter,perlmutter,/pscratch/sd/j/jcho5/VASP/dft_jobs/H2O_Cu100/singlepoint/r2scan,/pscratch/sd/j/jcho5/VASP/vasp_slab/Cu100/r2scan,/pscratch/sd/j/jcho5/VASP/vasp_mol/H2O/r2scan,6cac95e9fa677ecc7b34e57330a89ecf503732f3f1155b547aff117a94ad7fdd,2a2e0ef4aa3cefdff2ec3b23d4b0b49c3d21d7dd2958fe9bef8eb51f3d67268c,487e4574db3c6258155878738b58c6b217ab5e73271188fd8d16cf306738b9ea,"Converged components; matching PAW TITEL identities, functional, composition, full slab cell and stored core settings. Archived Kestrel provenance retained. No energy scaling or offsets.",Perlmutter first,false,,2,-0.15442478,selected candidate applied
Cu100,H2O,beef_vdw,relaxed,,,,,,,,,,,,,,,,No complete matched component set,false,,0,,withheld: refs unverified
Cu100,H2O,beef_vdw,SPE,,,,,,,,,,,,,,,,No complete matched component set,false,,0,,withheld: refs unverified
Cu100,H2S,pbe,relaxed,ok,-0.27137869,-231.23729502,-219.76682164,-11.19909469,perlmutter,perlmutter,perlmutter,/pscratch/sd/j/jcho5/VASP/dft_jobs/H2S_Cu100/PBE,/pscratch/sd/j/jcho5/VASP/vasp_slab/Cu100/PBE,/pscratch/sd/j/jcho5/VASP/vasp_mol/H2S/PBE,66138cc376a991dd1332c782d14a5ed9e64d608782996ee8953287b4d4af0ca7,5a7b9cef6c284d757708a217efebc9f28fa23d2936eecbb35469b1177738cea3,1a92bedbec2079b5bccf2895e7f9410fb27146466a381d2e646a140cf02b9356,"Converged components; matching PAW TITEL identities, functional, composition, full slab cell and stored core settings. Archived Kestrel provenance retained. No energy scaling or offsets.",Perlmutter first,false,-0.271,1,-0.27137869,selected candidate applied
Cu100,H2S,pbe,SPE,ok,-0.24310706,-231.20902339,-219.76682164,-11.19909469,perlmutter,perlmutter,perlmutter,/pscratch/sd/j/jcho5/VASP/dft_jobs/H2S_Cu100/singlepoint/PBE,/pscratch/sd/j/jcho5/VASP/vasp_slab/Cu100/PBE,/pscratch/sd/j/jcho5/VASP/vasp_mol/H2S/PBE,de97dc633a6ceeb1e85750075eb0e94a1033ddd605847d7efde63d6cd8885d94,5a7b9cef6c284d757708a217efebc9f28fa23d2936eecbb35469b1177738cea3,1a92bedbec2079b5bccf2895e7f9410fb27146466a381d2e646a140cf02b9356,"Converged components; matching PAW TITEL identities, functional, composition, full slab cell and stored core settings. Archived Kestrel provenance retained. No energy scaling or offsets.",Perlmutter first,false,,1,-0.24310706,selected candidate applied
Cu100,H2S,pbe_d3,relaxed,ok,-0.71896839,-252.75926743,-240.84053253,-11.19976651,perlmutter,perlmutter,perlmutter,/pscratch/sd/j/jcho5/VASP/dft_jobs/H2S_Cu100/PBE_D3,/pscratch/sd/j/jcho5/VASP/vasp_slab/Cu100/PBE_D3,/pscratch/sd/j/jcho5/VASP/vasp_mol/H2S/PBE_D3,e291c93d071d1b345676415fc95b58256ad07d704e4d34a77c4685db8125e4a7,d081ff81bc70cb1bfd0610556073fcd9a9d5eeeab00615a7ff6bb4d39feb1e51,c6b9f0976f0182a20da8d55d89e0540f22dd45606b1c658db8ccc9505c1f53c1,"Converged components; matching PAW TITEL identities, functional, composition, full slab cell and stored core settings. Archived Kestrel provenance retained. No energy scaling or offsets.",Perlmutter first,false,-0.719,1,-0.71896839,selected candidate applied
Cu100,H2S,pbe_d3,SPE,ok,-0.58129743,-252.62159647,-240.84053253,-11.19976651,perlmutter,perlmutter,perlmutter,/pscratch/sd/j/jcho5/VASP/dft_jobs/H2S_Cu100/singlepoint/PBE_D3,/pscratch/sd/j/jcho5/VASP/vasp_slab/Cu100/PBE_D3,/pscratch/sd/j/jcho5/VASP/vasp_mol/H2S/PBE_D3,cbcf63db4fcff868a02087a8617ad7fa3d87e57bfa9695c61299655ff617b6d1,d081ff81bc70cb1bfd0610556073fcd9a9d5eeeab00615a7ff6bb4d39feb1e51,c6b9f0976f0182a20da8d55d89e0540f22dd45606b1c658db8ccc9505c1f53c1,"Converged components; matching PAW TITEL identities, functional, composition, full slab cell and stored core settings. Archived Kestrel provenance retained. No energy scaling or offsets.",Perlmutter first,false,,1,-0.58129743,selected candidate applied
Cu100,H2S,r2scan,relaxed,,,,,,,,,,,,,,,,No complete matched component set,false,,0,,missing
Cu100,H2S,r2scan,SPE,ok,-0.11161561,-685.65426072,-670.31649401,-15.2261511,perlmutter,perlmutter,perlmutter,/pscratch/sd/j/jcho5/VASP/dft_jobs/H2S_Cu100/singlepoint/r2scan,/pscratch/sd/j/jcho5/VASP/vasp_slab/Cu100/r2scan,/pscratch/sd/j/jcho5/VASP/vasp_mol/H2S/r2scan,28c3eb8c9cfb278ffbf2e4aef7b50964033ecff09218379a132c315727fb4ec0,2a2e0ef4aa3cefdff2ec3b23d4b0b49c3d21d7dd2958fe9bef8eb51f3d67268c,cd2885646e5a2e675234a4818d03579bf9fb9da3ff8e18b7d850d1c914ebb9e5,"Converged components; matching PAW TITEL identities, functional, composition, full slab cell and stored core settings. Archived Kestrel provenance retained. No energy scaling or offsets.",Perlmutter first,false,,1,-0.11161561,selected candidate applied
Cu100,H2S,beef_vdw,relaxed,,,,,,,,,,,,,,,,No complete matched component set,false,,0,,withheld: refs unverified
Cu100,H2S,beef_vdw,SPE,,,,,,,,,,,,,,,,No complete matched component set,false,,0,,withheld: refs unverified
Cu100,N2,pbe,relaxed,ok,-0.01762856,-236.41247511,-219.76682164,-16.62802491,perlmutter,perlmutter,perlmutter,/pscratch/sd/j/jcho5/VASP/dft_jobs/N2_Cu100/PBE,/pscratch/sd/j/jcho5/VASP/vasp_slab/Cu100/PBE,/pscratch/sd/j/jcho5/VASP/vasp_mol/N2/PBE,195669c75b2dd00d60826652d0f7401a3f9f726066b30a93565359ce8f7aa5cb,5a7b9cef6c284d757708a217efebc9f28fa23d2936eecbb35469b1177738cea3,d88c05e269ebedefc829ee51245381d8e9c4347ae29e1f29f7c2429f141c6649,"Converged components; matching PAW TITEL identities, functional, composition, full slab cell and stored core settings. Archived Kestrel provenance retained. No energy scaling or offsets.",Perlmutter first,false,-0.018,1,-0.01762856,selected candidate applied
Cu100,N2,pbe,SPE,,,,,,,,,,,,,,,,No complete matched component set,false,,0,,missing
Cu100,N2,pbe_d3,relaxed,ok,-0.09943129,-257.56799732,-240.84053253,-16.6280335,perlmutter,perlmutter,perlmutter,/pscratch/sd/j/jcho5/VASP/dft_jobs/N2_Cu100/PBE_D3,/pscratch/sd/j/jcho5/VASP/vasp_slab/Cu100/PBE_D3,/pscratch/sd/j/jcho5/VASP/vasp_mol/N2/PBE_D3,fd9482576f580f82e730ec34ff682c5531e7bde91a7527699f1b8bd1c3826617,d081ff81bc70cb1bfd0610556073fcd9a9d5eeeab00615a7ff6bb4d39feb1e51,134aa30894843fb850c2e4f166e7e4b2abf6c5fa55bd8b86446136d10ff5996c,"Converged components; matching PAW TITEL identities, functional, composition, full slab cell and stored core settings. Archived Kestrel provenance retained. No energy scaling or offsets.",Perlmutter first,false,-0.099,1,-0.09943129,selected candidate applied
Cu100,N2,pbe_d3,SPE,,,,,,,,,,,,,,,,No complete matched component set,false,,0,,missing
Cu100,N2,r2scan,relaxed,,,,,,,,,,,,,,,,No complete matched component set,false,,0,,missing
Cu100,N2,r2scan,SPE,,,,,,,,,,,,,,,,No complete matched component set,false,,0,,missing
Cu100,N2,beef_vdw,relaxed,,,,,,,,,,,,,,,,No complete matched component set,false,,0,,withheld: refs unverified
Cu100,N2,beef_vdw,SPE,,,,,,,,,,,,,,,,No complete matched component set,false,,0,,missing
Cu100,NH3,pbe,relaxed,ok,-0.57136068,-239.87338332,-219.76682164,-19.535201,perlmutter,perlmutter,perlmutter,/pscratch/sd/j/jcho5/VASP/dft_jobs/NH3_Cu100/PBE,/pscratch/sd/j/jcho5/VASP/vasp_slab/Cu100/PBE,/pscratch/sd/j/jcho5/VASP/vasp_mol/NH3/PBE,96090ebe0298ddc1b2a649ca7e86c12ef939c1405cd67e42c112a9774a868582,5a7b9cef6c284d757708a217efebc9f28fa23d2936eecbb35469b1177738cea3,213763fedd7093b2229835703201a9709064f59272bde3e2c23f0851e910d0c8,"Converged components; matching PAW TITEL identities, functional, composition, full slab cell and stored core settings. Archived Kestrel provenance retained. No energy scaling or offsets.",Perlmutter first,false,-0.571,1,-0.57136068,selected candidate applied
Cu100,NH3,pbe,SPE,,,,,,,,,,,,,,,,No complete matched component set,false,,0,,missing
Cu100,NH3,pbe_d3,relaxed,ok,-0.90342372,-261.2796594,-240.84053253,-19.53570315,perlmutter,perlmutter,perlmutter,/pscratch/sd/j/jcho5/VASP/dft_jobs/NH3_Cu100/PBE_D3,/pscratch/sd/j/jcho5/VASP/vasp_slab/Cu100/PBE_D3,/pscratch/sd/j/jcho5/VASP/vasp_mol/NH3/PBE_D3,bdda9d12919da22f85e0a50fde8e24b2334687170ea059ae7091890b40ddad26,d081ff81bc70cb1bfd0610556073fcd9a9d5eeeab00615a7ff6bb4d39feb1e51,3b4c14c5df46ed5846693a0c3e2e8c88450f34e4d9235a19514e2695d345e1f4,"Converged components; matching PAW TITEL identities, functional, composition, full slab cell and stored core settings. Archived Kestrel provenance retained. No energy scaling or offsets.",Perlmutter first,false,-0.903,1,-0.90342372,selected candidate applied
Cu100,NH3,pbe_d3,SPE,,,,,,,,,,,,,,,,No complete matched component set,false,,0,,missing
Cu100,NH3,r2scan,relaxed,,,,,,,,,,,,,,,,No complete matched component set,false,,0,,missing
Cu100,NH3,r2scan,SPE,,,,,,,,,,,,,,,,No complete matched component set,false,,0,,missing
Cu100,NH3,beef_vdw,relaxed,,,,,,,,,,,,,,,,No complete matched component set,false,,0,,missing
Cu100,NH3,beef_vdw,SPE,,,,,,,,,,,,,,,,No complete matched component set,false,,0,,missing
Cu100,NO,pbe,relaxed,ok,-1.76912596,-233.48212145,-219.76682164,-11.94617385,perlmutter,perlmutter,perlmutter,/pscratch/sd/j/jcho5/VASP/dft_jobs/NO_Cu100/PBE,/pscratch/sd/j/jcho5/VASP/vasp_slab/Cu100/PBE,/pscratch/sd/j/jcho5/VASP/vasp_mol/NO/PBE,b5dc56f98502e7ee19bd024dc18d07a6f21a560d092135540471cbbeecd35e37,5a7b9cef6c284d757708a217efebc9f28fa23d2936eecbb35469b1177738cea3,b18f258996f2970d8a05447d8ad26f71aae317e508c85d077da55269f2013fbf,"Converged components; matching PAW TITEL identities, functional, composition, full slab cell and stored core settings. Archived Kestrel provenance retained. No energy scaling or offsets.",Perlmutter first,false,-1.769,1,-1.76912596,selected candidate applied
Cu100,NO,pbe,SPE,,,,,,,,,,,,,,,,No complete matched component set,false,,0,,missing
Cu100,NO,pbe_d3,relaxed,ok,-1.98817154,-254.77489341,-240.84053253,-11.94618934,perlmutter,perlmutter,perlmutter,/pscratch/sd/j/jcho5/VASP/dft_jobs/NO_Cu100/PBE_D3,/pscratch/sd/j/jcho5/VASP/vasp_slab/Cu100/PBE_D3,/pscratch/sd/j/jcho5/VASP/vasp_mol/NO/PBE_D3,ef85555fc5ec834e91270a926f2f160429c2c58eea15a1dde49a39d5c9b3756f,d081ff81bc70cb1bfd0610556073fcd9a9d5eeeab00615a7ff6bb4d39feb1e51,47007eafae25da64dade4010ec0ae0da4e46cb38cf55b3f1c367a96bfa0ba391,"Converged components; matching PAW TITEL identities, functional, composition, full slab cell and stored core settings. Archived Kestrel provenance retained. No energy scaling or offsets.",Perlmutter first,false,-1.988,1,-1.98817154,selected candidate applied
Cu100,NO,pbe_d3,SPE,,,,,,,,,,,,,,,,No complete matched component set,false,,0,,missing
Cu100,NO,r2scan,relaxed,,,,,,,,,,,,,,,,No complete matched component set,false,,0,,missing
Cu100,NO,r2scan,SPE,,,,,,,,,,,,,,,,No complete matched component set,false,,0,,missing
Cu100,NO,beef_vdw,relaxed,,,,,,,,,,,,,,,,No complete matched component set,false,,0,,missing
Cu100,NO,beef_vdw,SPE,,,,,,,,,,,,,,,,No complete matched component set,false,,0,,missing
Cu100,SO2,pbe,relaxed,ok,-0.81691601,-237.6251856,-219.76682164,-17.04144795,perlmutter,perlmutter,perlmutter,/pscratch/sd/j/jcho5/VASP/dft_jobs/SO2_Cu100/PBE,/pscratch/sd/j/jcho5/VASP/vasp_slab/Cu100/PBE,/pscratch/sd/j/jcho5/VASP/vasp_mol/SO2/PBE,5e6d14efacef7e57207f2c6a3e652b77c6a4331e671ea028a7234501550d3bf5,5a7b9cef6c284d757708a217efebc9f28fa23d2936eecbb35469b1177738cea3,f8b6731a28978b0d5c707e15d084de7e3cb6f8aa9b1e2837e7498045835ee19f,"Converged components; matching PAW TITEL identities, functional, composition, full slab cell and stored core settings. Archived Kestrel provenance retained. No energy scaling or offsets.",Perlmutter first,false,-0.817,1,-0.81691601,selected candidate applied
Cu100,SO2,pbe,SPE,,,,,,,,,,,,,,,,No complete matched component set,false,,0,,missing
Cu100,SO2,pbe_d3,relaxed,ok,-1.32945296,-259.21507713,-240.84053253,-17.04509164,perlmutter,perlmutter,perlmutter,/pscratch/sd/j/jcho5/VASP/dft_jobs/SO2_Cu100/PBE_D3,/pscratch/sd/j/jcho5/VASP/vasp_slab/Cu100/PBE_D3,/pscratch/sd/j/jcho5/VASP/vasp_mol/SO2/PBE_D3,755fe487b0605504106621368da34f2fc71ec25461053a3e70890ce33d3e22fb,d081ff81bc70cb1bfd0610556073fcd9a9d5eeeab00615a7ff6bb4d39feb1e51,708a3da909e80e94efe37121eb986f5f34eab821d5ddaa945b274efe529cd9e7,"Converged components; matching PAW TITEL identities, functional, composition, full slab cell and stored core settings. Archived Kestrel provenance retained. No energy scaling or offsets.",Perlmutter first,false,-1.329,1,-1.32945296,selected candidate applied
Cu100,SO2,pbe_d3,SPE,,,,,,,,,,,,,,,,No complete matched component set,false,,0,,missing
Cu100,SO2,r2scan,relaxed,,,,,,,,,,,,,,,,No complete matched component set,false,,0,,missing
Cu100,SO2,r2scan,SPE,,,,,,,,,,,,,,,,No complete matched component set,false,,0,,missing
Cu100,SO2,beef_vdw,relaxed,,,,,,,,,,,,,,,,No complete matched component set,false,,0,,withheld: refs unverified
Cu100,SO2,beef_vdw,SPE,,,,,,,,,,,,,,,,No complete matched component set,false,,0,,missing
Cu100,acetaldehyde,pbe,relaxed,ok,-0.20855316,-259.08479067,-219.76682164,-39.10941587,perlmutter,perlmutter,perlmutter,/pscratch/sd/j/jcho5/VASP/dft_jobs/CH3CHO_Cu100/PBE,/pscratch/sd/j/jcho5/VASP/vasp_slab/Cu100/PBE,/pscratch/sd/j/jcho5/VASP/vasp_mol/CH3CHO/PBE,4199eb216ef48dc4c718399a1f00d10aca7adb1239531b765fc9b4dd077f03fb,5a7b9cef6c284d757708a217efebc9f28fa23d2936eecbb35469b1177738cea3,59324ce5b1c78bd0f07cc7393e4097a7ddb2e6b5cb3bc03ceb0d40fea5d9376c,"Converged components; matching PAW TITEL identities, functional, composition, full slab cell and stored core settings. Archived Kestrel provenance retained. No energy scaling or offsets.",Perlmutter first,false,-0.209,1,-0.20855316,selected candidate applied
Cu100,acetaldehyde,pbe,SPE,ok,-0.17304970,-259.04928721,-219.76682164,-39.10941587,perlmutter,perlmutter,perlmutter,/pscratch/sd/j/jcho5/VASP/dft_jobs/CH3CHO_Cu100/singlepoint/PBE,/pscratch/sd/j/jcho5/VASP/vasp_slab/Cu100/PBE,/pscratch/sd/j/jcho5/VASP/vasp_mol/CH3CHO/PBE,2782a7def26ce54b6e39b68c4ea79b36274b48b9e434b47d99ef66fd4a126a4e,5a7b9cef6c284d757708a217efebc9f28fa23d2936eecbb35469b1177738cea3,59324ce5b1c78bd0f07cc7393e4097a7ddb2e6b5cb3bc03ceb0d40fea5d9376c,"Converged components; matching PAW TITEL identities, functional, composition, full slab cell and stored core settings. Archived Kestrel provenance retained. No energy scaling or offsets.",Perlmutter first,false,-0.173,2,-0.17304970,selected candidate applied
Cu100,acetaldehyde,pbe_d3,relaxed,ok,-0.48749120,-280.46628873,-240.84053253,-39.138265,perlmutter,perlmutter,perlmutter,/pscratch/sd/j/jcho5/VASP/dft_jobs/CH3CHO_Cu100/PBE_D3,/pscratch/sd/j/jcho5/VASP/vasp_slab/Cu100/PBE_D3,/pscratch/sd/j/jcho5/VASP/vasp_mol/CH3CHO/PBE_D3,f50fa30ff19f9cf17c0a4b0dc704202ad4056f9110c5fac0ccf2863c4209b240,d081ff81bc70cb1bfd0610556073fcd9a9d5eeeab00615a7ff6bb4d39feb1e51,9508bc4a88623be771845798fa7673829449ef81eabc238425f18df6ca452150,"Converged components; matching PAW TITEL identities, functional, composition, full slab cell and stored core settings. Archived Kestrel provenance retained. No energy scaling or offsets.",Perlmutter first,false,-0.487,1,-0.48749120,selected candidate applied
Cu100,acetaldehyde,pbe_d3,SPE,ok,-0.40065210,-280.37944963,-240.84053253,-39.138265,perlmutter,perlmutter,perlmutter,/pscratch/sd/j/jcho5/VASP/dft_jobs/CH3CHO_Cu100/singlepoint/PBE_D3,/pscratch/sd/j/jcho5/VASP/vasp_slab/Cu100/PBE_D3,/pscratch/sd/j/jcho5/VASP/vasp_mol/CH3CHO/PBE_D3,1ad4afc819109d18e752e5bf4fb5f4371e91777b5f2acb2b28a7ed84e6649d14,d081ff81bc70cb1bfd0610556073fcd9a9d5eeeab00615a7ff6bb4d39feb1e51,9508bc4a88623be771845798fa7673829449ef81eabc238425f18df6ca452150,"Converged components; matching PAW TITEL identities, functional, composition, full slab cell and stored core settings. Archived Kestrel provenance retained. No energy scaling or offsets.",Perlmutter first,false,-0.401,2,-0.40065210,selected candidate applied
Cu100,acetaldehyde,r2scan,relaxed,,,,,,,,,,,,,,,,No complete matched component set,false,,0,,withheld: refs unverified
Cu100,acetaldehyde,r2scan,SPE,ok,-0.15375918,-712.14503416,-670.31649401,-41.67478097,perlmutter,perlmutter,perlmutter,/pscratch/sd/j/jcho5/VASP/dft_jobs/CH3CHO_Cu100/singlepoint/r2scan,/pscratch/sd/j/jcho5/VASP/vasp_slab/Cu100/r2scan,/pscratch/sd/j/jcho5/VASP/vasp_mol/CH3CHO/r2scan,e3ac1008f26f14ed0ce0fe902e78fdaf4d3f2c58154e750fd244e1941311f36d,2a2e0ef4aa3cefdff2ec3b23d4b0b49c3d21d7dd2958fe9bef8eb51f3d67268c,9e8e33ff303fd3d2c22baeb037d7f562918b1cda998e084c31bdba46a18ca49c,"Converged components; matching PAW TITEL identities, functional, composition, full slab cell and stored core settings. Archived Kestrel provenance retained. No energy scaling or offsets.",Perlmutter first,false,-0.154,2,-0.15375918,selected candidate applied
Cu100,acetaldehyde,beef_vdw,relaxed,,,,,,,,,,,,,,,,No complete matched component set,false,,0,,missing
Cu100,acetaldehyde,beef_vdw,SPE,,,,,,,,,,,,,,,,No complete matched component set,false,,0,,missing
Cu100,acetic_acid,pbe,relaxed,,,,,,,,,,,,,,,,No complete matched component set,false,,0,,missing
Cu100,acetic_acid,pbe,SPE,,,,,,,,,,,,,,,,No complete matched component set,false,,0,,missing
Cu100,acetic_acid,pbe_d3,relaxed,,,,,,,,,,,,,,,,No complete matched component set,false,,0,,missing
Cu100,acetic_acid,pbe_d3,SPE,,,,,,,,,,,,,,,,No complete matched component set,false,,0,,withheld: refs unverified
Cu100,acetic_acid,r2scan,relaxed,,,,,,,,,,,,,,,,No complete matched component set,false,,0,,withheld: refs unverified
Cu100,acetic_acid,r2scan,SPE,ok,-0.29733999,-720.96433734,-670.31649401,-50.35050334,perlmutter,perlmutter,perlmutter,/pscratch/sd/j/jcho5/VASP/dft_jobs/CH3COOH_Cu100/singlepoint/r2scan,/pscratch/sd/j/jcho5/VASP/vasp_slab/Cu100/r2scan,/pscratch/sd/j/jcho5/VASP/vasp_mol/CH3COOH/r2scan,7e3ff057abeeb1fc0d25698e93f30be95d7f6d2f474ddf622bdede6df0ac80bf,2a2e0ef4aa3cefdff2ec3b23d4b0b49c3d21d7dd2958fe9bef8eb51f3d67268c,d475a13ca871da9768bb9a0e09cb9118d5a37dbfceece8c0bd24025199c4ded4,"Converged components; matching PAW TITEL identities, functional, composition, full slab cell and stored core settings. Archived Kestrel provenance retained. No energy scaling or offsets.",Perlmutter first,false,-0.297,2,-0.29733999,selected candidate applied
Cu100,acetic_acid,beef_vdw,relaxed,,,,,,,,,,,,,,,,No complete matched component set,false,,0,,withheld: refs unverified
Cu100,acetic_acid,beef_vdw,SPE,,,,,,,,,,,,,,,,No complete matched component set,false,,0,,withheld: refs unverified
Cu100,ethane,pbe,relaxed,ok,-0.01398413,-260.28042256,-219.76682164,-40.49961679,perlmutter,perlmutter,perlmutter,/pscratch/sd/j/jcho5/VASP/dft_jobs/C2H6_Cu100/PBE,/pscratch/sd/j/jcho5/VASP/vasp_slab/Cu100/PBE,/pscratch/sd/j/jcho5/VASP/vasp_mol/C2H6/PBE,fde1fc088ad2f0b119944d66be4b74bf960883c6c556b520e3c6001d20693bad,5a7b9cef6c284d757708a217efebc9f28fa23d2936eecbb35469b1177738cea3,9005b8a31fb6402e31baf8d69fb8269febb7a534243f4cce1cce7364f312f903,"Converged components; matching PAW TITEL identities, functional, composition, full slab cell and stored core settings. Archived Kestrel provenance retained. No energy scaling or offsets.",Perlmutter first,false,-0.014,1,-0.01398413,selected candidate applied
Cu100,ethane,pbe,SPE,ok,-0.00080616,-260.26724459,-219.76682164,-40.49961679,perlmutter,perlmutter,perlmutter,/pscratch/sd/j/jcho5/VASP/dft_jobs/C2H6_Cu100/singlepoint/PBE,/pscratch/sd/j/jcho5/VASP/vasp_slab/Cu100/PBE,/pscratch/sd/j/jcho5/VASP/vasp_mol/C2H6/PBE,57e074aef01e0c989f5d93b45ef590e8464e2b779b3b6c46ccef3fe7d74bc95d,5a7b9cef6c284d757708a217efebc9f28fa23d2936eecbb35469b1177738cea3,9005b8a31fb6402e31baf8d69fb8269febb7a534243f4cce1cce7364f312f903,"Converged components; matching PAW TITEL identities, functional, composition, full slab cell and stored core settings. Archived Kestrel provenance retained. No energy scaling or offsets.",Perlmutter first,false,-0.001,2,-0.00080616,selected candidate applied
Cu100,ethane,pbe_d3,relaxed,ok,-0.36657454,-281.73318166,-240.84053253,-40.52607459,perlmutter,perlmutter,perlmutter,/pscratch/sd/j/jcho5/VASP/dft_jobs/C2H6_Cu100/PBE_D3,/pscratch/sd/j/jcho5/VASP/vasp_slab/Cu100/PBE_D3,/pscratch/sd/j/jcho5/VASP/vasp_mol/C2H6/PBE_D3,aabb25eed13046c3546d2952733ce75e6ed94f00ecdb8c00c5ab63af281b7aea,d081ff81bc70cb1bfd0610556073fcd9a9d5eeeab00615a7ff6bb4d39feb1e51,4dbe588a035718c664c9d9594b2ef9e306a16e6d46b046b9f145a68e6069c612,"Converged components; matching PAW TITEL identities, functional, composition, full slab cell and stored core settings. Archived Kestrel provenance retained. No energy scaling or offsets.",Perlmutter first,false,-0.367,1,-0.36657454,selected candidate applied
Cu100,ethane,pbe_d3,SPE,ok,-0.27881220,-281.64541932,-240.84053253,-40.52607459,perlmutter,perlmutter,perlmutter,/pscratch/sd/j/jcho5/VASP/dft_jobs/C2H6_Cu100/singlepoint/PBE_D3,/pscratch/sd/j/jcho5/VASP/vasp_slab/Cu100/PBE_D3,/pscratch/sd/j/jcho5/VASP/vasp_mol/C2H6/PBE_D3,296b93e69c4dbc7a21dd0cdda39242ce70a4f0b2b303b83d8b93e8a8f83b8a3c,d081ff81bc70cb1bfd0610556073fcd9a9d5eeeab00615a7ff6bb4d39feb1e51,4dbe588a035718c664c9d9594b2ef9e306a16e6d46b046b9f145a68e6069c612,"Converged components; matching PAW TITEL identities, functional, composition, full slab cell and stored core settings. Archived Kestrel provenance retained. No energy scaling or offsets.",Perlmutter first,false,-0.279,2,-0.27881220,selected candidate applied
Cu100,ethane,r2scan,relaxed,,,,,,,,,,,,,,,,No complete matched component set,false,,0,,withheld: refs unverified
Cu100,ethane,r2scan,SPE,ok,0.13053717,-712.44165267,-670.31649401,-42.25569583,perlmutter,perlmutter,perlmutter,/pscratch/sd/j/jcho5/VASP/dft_jobs/C2H6_Cu100/singlepoint/r2scan,/pscratch/sd/j/jcho5/VASP/vasp_slab/Cu100/r2scan,/pscratch/sd/j/jcho5/VASP/vasp_mol/C2H6/r2scan,8c740882078b67f77cf8ed01835796e5cff9814d22029a8fecded83330b1d707,2a2e0ef4aa3cefdff2ec3b23d4b0b49c3d21d7dd2958fe9bef8eb51f3d67268c,18603583877f2ac5eda9b6285e9ccfee374a72f144a00864122f974dcf4723ad,"Converged components; matching PAW TITEL identities, functional, composition, full slab cell and stored core settings. Archived Kestrel provenance retained. No energy scaling or offsets.",Perlmutter first,false,0.131,2,0.13053717,selected candidate applied
Cu100,ethane,beef_vdw,relaxed,,,,,,,,,,,,,,,,No complete matched component set,false,,0,,withheld: refs unverified
Cu100,ethane,beef_vdw,SPE,,,,,,,,,,,,,,,,No complete matched component set,false,,0,,withheld: refs unverified
Cu100,ethanol,pbe,relaxed,ok,-0.23726780,-266.87995185,-219.76682164,-46.87586241,perlmutter,perlmutter,perlmutter,/pscratch/sd/j/jcho5/VASP/dft_jobs/CH3CH2OH_Cu100/PBE,/pscratch/sd/j/jcho5/VASP/vasp_slab/Cu100/PBE,/pscratch/sd/j/jcho5/VASP/vasp_mol/CH3CH2OH/PBE,fa57afeade201f879e0508bfaad59509c95d6eeb4d73169656a8a486e373ea24,5a7b9cef6c284d757708a217efebc9f28fa23d2936eecbb35469b1177738cea3,db3eaaee45d9a4ffb73d63455f615c768711c64633503306587eba6360bcc997,"Converged components; matching PAW TITEL identities, functional, composition, full slab cell and stored core settings. Archived Kestrel provenance retained. No energy scaling or offsets.",Perlmutter first,false,-0.237,1,-0.23726780,selected candidate applied
Cu100,ethanol,pbe,SPE,ok,-0.22115890,-266.86384295,-219.76682164,-46.87586241,perlmutter,perlmutter,perlmutter,/pscratch/sd/j/jcho5/VASP/dft_jobs/CH3CH2OH_Cu100/singlepoint/PBE,/pscratch/sd/j/jcho5/VASP/vasp_slab/Cu100/PBE,/pscratch/sd/j/jcho5/VASP/vasp_mol/CH3CH2OH/PBE,7ebf175587aa26a4ebfcf0762a19c8bc025b64e573e9653fb688deeb123a7777,5a7b9cef6c284d757708a217efebc9f28fa23d2936eecbb35469b1177738cea3,db3eaaee45d9a4ffb73d63455f615c768711c64633503306587eba6360bcc997,"Converged components; matching PAW TITEL identities, functional, composition, full slab cell and stored core settings. Archived Kestrel provenance retained. No energy scaling or offsets.",Perlmutter first,false,-0.221,2,-0.22115890,selected candidate applied
Cu100,ethanol,pbe_d3,relaxed,ok,-0.72768024,-288.49117705,-240.84053253,-46.92296428,perlmutter,perlmutter,perlmutter,/pscratch/sd/j/jcho5/VASP/dft_jobs/CH3CH2OH_Cu100/PBE_D3,/pscratch/sd/j/jcho5/VASP/vasp_slab/Cu100/PBE_D3,/pscratch/sd/j/jcho5/VASP/vasp_mol/CH3CH2OH/PBE_D3,2c41a4fc53235bd0c99cdfaf72d6e76efd63347f9101d022f3ef36a99d117544,d081ff81bc70cb1bfd0610556073fcd9a9d5eeeab00615a7ff6bb4d39feb1e51,917d270e3fa7febf16fef5bf22e1e30721b5162c5bcddd2aee95af69b5ce8c46,"Converged components; matching PAW TITEL identities, functional, composition, full slab cell and stored core settings. Archived Kestrel provenance retained. No energy scaling or offsets.",Perlmutter first,false,-0.728,1,-0.72768024,selected candidate applied
Cu100,ethanol,pbe_d3,SPE,ok,-0.60584994,-288.36934675,-240.84053253,-46.92296428,perlmutter,perlmutter,perlmutter,/pscratch/sd/j/jcho5/VASP/dft_jobs/CH3CH2OH_Cu100/singlepoint/PBE_D3,/pscratch/sd/j/jcho5/VASP/vasp_slab/Cu100/PBE_D3,/pscratch/sd/j/jcho5/VASP/vasp_mol/CH3CH2OH/PBE_D3,5669706545ae5ddb7a843658225227c56cb9ed506f0c3ae340faacd0dd5f53b1,d081ff81bc70cb1bfd0610556073fcd9a9d5eeeab00615a7ff6bb4d39feb1e51,917d270e3fa7febf16fef5bf22e1e30721b5162c5bcddd2aee95af69b5ce8c46,"Converged components; matching PAW TITEL identities, functional, composition, full slab cell and stored core settings. Archived Kestrel provenance retained. No energy scaling or offsets.",Perlmutter first,false,-0.606,2,-0.60584994,selected candidate applied
Cu100,ethanol,r2scan,relaxed,,,,,,,,,,,,,,,,No complete matched component set,false,,0,,withheld: refs unverified
Cu100,ethanol,r2scan,SPE,ok,-0.20478178,-720.16086837,-670.31649401,-49.63959258,perlmutter,perlmutter,perlmutter,/pscratch/sd/j/jcho5/VASP/dft_jobs/CH3CH2OH_Cu100/singlepoint/r2scan,/pscratch/sd/j/jcho5/VASP/vasp_slab/Cu100/r2scan,/pscratch/sd/j/jcho5/VASP/vasp_mol/CH3CH2OH/r2scan,11f36802f4a4fdf5500d89fec4499904d6c98a9f8eaa3cf9a38c3ca851ccd26c,2a2e0ef4aa3cefdff2ec3b23d4b0b49c3d21d7dd2958fe9bef8eb51f3d67268c,4c2bba36480d6b1f5a858ecdfb9da6d6b803ad4e256f6e928027ea8146e082b1,"Converged components; matching PAW TITEL identities, functional, composition, full slab cell and stored core settings. Archived Kestrel provenance retained. No energy scaling or offsets.",Perlmutter first,false,-0.205,2,-0.20478178,selected candidate applied
Cu100,ethanol,beef_vdw,relaxed,,,,,,,,,,,,,,,,No complete matched component set,false,,0,,withheld: refs unverified
Cu100,ethanol,beef_vdw,SPE,,,,,,,,,,,,,,,,No complete matched component set,false,,0,,withheld: refs unverified
Cu100,ethene,pbe,relaxed,ok,-0.17227711,-251.90974275,-219.76682164,-31.970644,perlmutter,perlmutter,perlmutter,/pscratch/sd/j/jcho5/VASP/dft_jobs/C2H4_Cu100/PBE,/pscratch/sd/j/jcho5/VASP/vasp_slab/Cu100/PBE,/pscratch/sd/j/jcho5/VASP/vasp_mol/C2H4/PBE,7e5a8607036389d548cf77327607eda7ae27f63cadd6ef982e0b3bd17e82f40d,5a7b9cef6c284d757708a217efebc9f28fa23d2936eecbb35469b1177738cea3,6b9195c76452926864f1fb12ac08ca3ec3482da1f646b61432029dc6f5a30ac9,"Converged components; matching PAW TITEL identities, functional, composition, full slab cell and stored core settings. Archived Kestrel provenance retained. No energy scaling or offsets.",Perlmutter first,false,-0.172,1,-0.17227711,selected candidate applied
Cu100,ethene,pbe,SPE,ok,-0.09267128,-251.83013692,-219.76682164,-31.970644,perlmutter,perlmutter,perlmutter,/pscratch/sd/j/jcho5/VASP/dft_jobs/C2H4_Cu100/singlepoint/PBE,/pscratch/sd/j/jcho5/VASP/vasp_slab/Cu100/PBE,/pscratch/sd/j/jcho5/VASP/vasp_mol/C2H4/PBE,2be33328f2a153c02753b3e881c3d92f00f4895b662e49eb23f5b282b7ba3c55,5a7b9cef6c284d757708a217efebc9f28fa23d2936eecbb35469b1177738cea3,6b9195c76452926864f1fb12ac08ca3ec3482da1f646b61432029dc6f5a30ac9,"Converged components; matching PAW TITEL identities, functional, composition, full slab cell and stored core settings. Archived Kestrel provenance retained. No energy scaling or offsets.",Perlmutter first,false,-0.093,3,-0.09267128,selected candidate applied
Cu100,ethene,pbe_d3,relaxed,ok,-0.73569194,-273.55941407,-240.84053253,-31.9831896,perlmutter,perlmutter,perlmutter,/pscratch/sd/j/jcho5/VASP/dft_jobs/C2H4_Cu100/PBE_D3,/pscratch/sd/j/jcho5/VASP/vasp_slab/Cu100/PBE_D3,/pscratch/sd/j/jcho5/VASP/vasp_mol/C2H4/PBE_D3,0a5103e131be410af556ccf0af9833b75c97fbce28a1e619609ef684a342eeb7,d081ff81bc70cb1bfd0610556073fcd9a9d5eeeab00615a7ff6bb4d39feb1e51,05df84104251536827b32f9b1a9853f6da1ffb692ec099f31202894e79d84979,"Converged components; matching PAW TITEL identities, functional, composition, full slab cell and stored core settings. Archived Kestrel provenance retained. No energy scaling or offsets.",Perlmutter first,false,-0.736,1,-0.73569194,selected candidate applied
Cu100,ethene,pbe_d3,SPE,ok,-0.53564591,-273.35936804,-240.84053253,-31.9831896,perlmutter,perlmutter,perlmutter,/pscratch/sd/j/jcho5/VASP/dft_jobs/C2H4_Cu100/singlepoint/PBE_D3,/pscratch/sd/j/jcho5/VASP/vasp_slab/Cu100/PBE_D3,/pscratch/sd/j/jcho5/VASP/vasp_mol/C2H4/PBE_D3,f707499112688cceffb4baa7ede59684f539b06f8834960dfa908e854bb2acf2,d081ff81bc70cb1bfd0610556073fcd9a9d5eeeab00615a7ff6bb4d39feb1e51,05df84104251536827b32f9b1a9853f6da1ffb692ec099f31202894e79d84979,"Converged components; matching PAW TITEL identities, functional, composition, full slab cell and stored core settings. Archived Kestrel provenance retained. No energy scaling or offsets.",Perlmutter first,false,-0.536,3,-0.53564591,selected candidate applied
Cu100,ethene,r2scan,relaxed,,,,,,,,,,,,,,,,No complete matched component set,false,,0,,withheld: refs unverified
Cu100,ethene,r2scan,SPE,ok,-0.08751278,-703.95256555,-670.31649401,-33.54855876,perlmutter,perlmutter,perlmutter,/pscratch/sd/j/jcho5/VASP/dft_jobs/C2H4_Cu100/singlepoint/r2scan,/pscratch/sd/j/jcho5/VASP/vasp_slab/Cu100/r2scan,/pscratch/sd/j/jcho5/VASP/vasp_mol/C2H4/r2scan,8c91b8bd4267afb77ddf5475366a2cef1a6ae9655e8e058565a03cb31831332d,2a2e0ef4aa3cefdff2ec3b23d4b0b49c3d21d7dd2958fe9bef8eb51f3d67268c,455a941d3bf9dad8689b9e46d291dbdf4c41d0cca7de343ccd7be663610c18aa,"Converged components; matching PAW TITEL identities, functional, composition, full slab cell and stored core settings. Archived Kestrel provenance retained. No energy scaling or offsets.",Perlmutter first,false,-0.088,3,-0.08751278,selected candidate applied
Cu100,ethene,beef_vdw,relaxed,,,,,,,,,,,,,,,,No complete matched component set,false,,0,,withheld: refs unverified
Cu100,ethene,beef_vdw,SPE,,,,,,,,,,,,,,,,No complete matched component set,false,,0,,withheld: refs unverified
Cu100,formaldehyde,pbe,relaxed,ok,-0.16751951,-242.06458238,-219.76682164,-22.13024123,perlmutter,perlmutter,perlmutter,/pscratch/sd/j/jcho5/VASP/dft_jobs/H2CO_Cu100/PBE,/pscratch/sd/j/jcho5/VASP/vasp_slab/Cu100/PBE,/pscratch/sd/j/jcho5/VASP/vasp_mol/H2CO/PBE,6dc02be6484d96f03688fcf0612f211d7e5dd4d68e6643f70c121f8b381c33bf,5a7b9cef6c284d757708a217efebc9f28fa23d2936eecbb35469b1177738cea3,f1ed31a23d7394b5df1330a769561b063a5deb10ec8269dd249d393de6a65d6c,"Converged components; matching PAW TITEL identities, functional, composition, full slab cell and stored core settings. Archived Kestrel provenance retained. No energy scaling or offsets.",Perlmutter first,false,-0.168,1,-0.16751951,selected candidate applied
Cu100,formaldehyde,pbe,SPE,ok,-0.12520450,-242.02226737,-219.76682164,-22.13024123,perlmutter,perlmutter,perlmutter,/pscratch/sd/j/jcho5/VASP/dft_jobs/H2CO_Cu100/singlepoint/PBE,/pscratch/sd/j/jcho5/VASP/vasp_slab/Cu100/PBE,/pscratch/sd/j/jcho5/VASP/vasp_mol/H2CO/PBE,d841ccb9198857bbe434e51fc1011c6d14c0aa05d9cc34bff9f75dcee53230ac,5a7b9cef6c284d757708a217efebc9f28fa23d2936eecbb35469b1177738cea3,f1ed31a23d7394b5df1330a769561b063a5deb10ec8269dd249d393de6a65d6c,"Converged components; matching PAW TITEL identities, functional, composition, full slab cell and stored core settings. Archived Kestrel provenance retained. No energy scaling or offsets.",Perlmutter first,false,,1,-0.12520450,selected candidate applied
Cu100,formaldehyde,pbe_d3,relaxed,ok,-0.43385275,-263.40989687,-240.84053253,-22.13551159,perlmutter,perlmutter,perlmutter,/pscratch/sd/j/jcho5/VASP/dft_jobs/H2CO_Cu100/PBE_D3,/pscratch/sd/j/jcho5/VASP/vasp_slab/Cu100/PBE_D3,/pscratch/sd/j/jcho5/VASP/vasp_mol/H2CO/PBE_D3,c4b140b5946c6703e3cb97ab2ed6d3eece83fc7663f86d26d12abc0c16e8f94d,d081ff81bc70cb1bfd0610556073fcd9a9d5eeeab00615a7ff6bb4d39feb1e51,14859d3b3de8ad3e38134b97c899010c1c633da754dbbe934584fead0224fdf1,"Converged components; matching PAW TITEL identities, functional, composition, full slab cell and stored core settings. Archived Kestrel provenance retained. No energy scaling or offsets.",Perlmutter first,false,-0.434,1,-0.43385275,selected candidate applied
Cu100,formaldehyde,pbe_d3,SPE,ok,-0.33175770,-263.30780182,-240.84053253,-22.13551159,perlmutter,perlmutter,perlmutter,/pscratch/sd/j/jcho5/VASP/dft_jobs/H2CO_Cu100/singlepoint/PBE_D3,/pscratch/sd/j/jcho5/VASP/vasp_slab/Cu100/PBE_D3,/pscratch/sd/j/jcho5/VASP/vasp_mol/H2CO/PBE_D3,82a1159d0c1ecbe55cecbf4f47fc6f98589b7cd3e3a9293e0f4e8ec43208b0d0,d081ff81bc70cb1bfd0610556073fcd9a9d5eeeab00615a7ff6bb4d39feb1e51,14859d3b3de8ad3e38134b97c899010c1c633da754dbbe934584fead0224fdf1,"Converged components; matching PAW TITEL identities, functional, composition, full slab cell and stored core settings. Archived Kestrel provenance retained. No energy scaling or offsets.",Perlmutter first,false,,1,-0.33175770,selected candidate applied
Cu100,formaldehyde,r2scan,relaxed,,,,,,,,,,,,,,,,No complete matched component set,false,,0,,missing
Cu100,formaldehyde,r2scan,SPE,ok,-0.08859861,-694.27257907,-670.31649401,-23.86748645,perlmutter,perlmutter,perlmutter,/pscratch/sd/j/jcho5/VASP/dft_jobs/H2CO_Cu100/singlepoint/r2scan,/pscratch/sd/j/jcho5/VASP/vasp_slab/Cu100/r2scan,/pscratch/sd/j/jcho5/VASP/vasp_mol/H2CO/r2scan,8c05bee9da49dc5479c51f99a7ffe99dfd00bbac65efa6ebb9f6165f3d9d85fd,2a2e0ef4aa3cefdff2ec3b23d4b0b49c3d21d7dd2958fe9bef8eb51f3d67268c,c08f8cf1412009981617ed1d7cec663bcf737c110cb360dcbaccf71ce6b7dea3,"Converged components; matching PAW TITEL identities, functional, composition, full slab cell and stored core settings. Archived Kestrel provenance retained. No energy scaling or offsets.",Perlmutter first,false,,1,-0.08859861,selected candidate applied
Cu100,formaldehyde,beef_vdw,relaxed,,,,,,,,,,,,,,,,No complete matched component set,false,,0,,withheld: refs unverified
Cu100,formaldehyde,beef_vdw,SPE,,,,,,,,,,,,,,,,No complete matched component set,false,,0,,withheld: refs unverified
Cu100,formic_acid,pbe,relaxed,ok,-0.27538710,-249.92200309,-219.76682164,-29.87979435,perlmutter,perlmutter,perlmutter,/pscratch/sd/j/jcho5/VASP/dft_jobs/HCOOH_Cu100/PBE,/pscratch/sd/j/jcho5/VASP/vasp_slab/Cu100/PBE,/pscratch/sd/j/jcho5/VASP/vasp_mol/HCOOH/PBE,a81733c238e499072ed81e4f65a08e55de4967169dc3b9c2b80af9eb53faba11,5a7b9cef6c284d757708a217efebc9f28fa23d2936eecbb35469b1177738cea3,38779e7fc2a3d0083e958eb7a94ee082096f9304b1f68a2457a5a9146511d699,"Converged components; matching PAW TITEL identities, functional, composition, full slab cell and stored core settings. Archived Kestrel provenance retained. No energy scaling or offsets.",Perlmutter first,false,-0.275,1,-0.27538710,selected candidate applied
Cu100,formic_acid,pbe,SPE,,,,,,,,,,,,,,,,Kestrel candidate held: matching Perlmutter structure not verified,false,,1,,withheld: refs unverified
Cu100,formic_acid,pbe_d3,relaxed,ok,-0.62281295,-271.35694086,-240.84053253,-29.89359538,perlmutter,perlmutter,perlmutter,/pscratch/sd/j/jcho5/VASP/dft_jobs/HCOOH_Cu100/PBE_D3,/pscratch/sd/j/jcho5/VASP/vasp_slab/Cu100/PBE_D3,/pscratch/sd/j/jcho5/VASP/vasp_mol/HCOOH/PBE_D3,185e7d01922db5c0ea55318f962241838d102d810cdc9a833412f99ad4b78ab9,d081ff81bc70cb1bfd0610556073fcd9a9d5eeeab00615a7ff6bb4d39feb1e51,8669cfbbf059f01c98c4917d21ff8958458916c028918f73243ad879ad2b5cb0,"Converged components; matching PAW TITEL identities, functional, composition, full slab cell and stored core settings. Archived Kestrel provenance retained. No energy scaling or offsets.",Perlmutter first,false,-0.623,1,-0.62281295,selected candidate applied
Cu100,formic_acid,pbe_d3,SPE,,,,,,,,,,,,,,,,Kestrel candidate held: matching Perlmutter structure not verified,false,,1,,withheld: refs unverified
Cu100,formic_acid,r2scan,relaxed,,,,,,,,,,,,,,,,No complete matched component set,false,,0,,withheld: refs unverified
Cu100,formic_acid,r2scan,SPE,,,,,,,,,,,,,,,,Kestrel candidate held: matching Perlmutter structure not verified,false,,1,,withheld: refs unverified
Cu100,formic_acid,beef_vdw,relaxed,,,,,,,,,,,,,,,,No complete matched component set,false,,0,,withheld: refs unverified
Cu100,formic_acid,beef_vdw,SPE,,,,,,,,,,,,,,,,No complete matched component set,false,,0,,missing
Cu100,methane,pbe,relaxed,ok,-0.01583382,-243.81825878,-219.76682164,-24.03560332,perlmutter,perlmutter,perlmutter,/pscratch/sd/j/jcho5/VASP/dft_jobs/CH4_Cu100/PBE,/pscratch/sd/j/jcho5/VASP/vasp_slab/Cu100/PBE,/pscratch/sd/j/jcho5/VASP/vasp_mol/CH4/PBE,f9ec21886653b1ceb93568b85b4de6f315d3c7372a20123f2bfb3ad7b6615ba5,5a7b9cef6c284d757708a217efebc9f28fa23d2936eecbb35469b1177738cea3,1a889e6eba291b72f208557972ef13a5bab753db9dc291c14629272d1b794197,"Converged components; matching PAW TITEL identities, functional, composition, full slab cell and stored core settings. Archived Kestrel provenance retained. No energy scaling or offsets.",Perlmutter first,false,-0.016,1,-0.01583382,selected candidate applied
Cu100,methane,pbe,SPE,ok,-0.00246394,-243.8048889,-219.76682164,-24.03560332,perlmutter,perlmutter,perlmutter,/pscratch/sd/j/jcho5/VASP/dft_jobs/CH4_Cu100/singlepoint/PBE,/pscratch/sd/j/jcho5/VASP/vasp_slab/Cu100/PBE,/pscratch/sd/j/jcho5/VASP/vasp_mol/CH4/PBE,21a6fc180314a8a06b786b0962c24778b9408baefb5f2d2134b6f2f4e9effc6e,5a7b9cef6c284d757708a217efebc9f28fa23d2936eecbb35469b1177738cea3,1a889e6eba291b72f208557972ef13a5bab753db9dc291c14629272d1b794197,"Converged components; matching PAW TITEL identities, functional, composition, full slab cell and stored core settings. Archived Kestrel provenance retained. No energy scaling or offsets.",Perlmutter first,false,-0.002,1,-0.00246394,selected candidate applied
Cu100,methane,pbe_d3,relaxed,ok,-0.20970957,-265.08787799,-240.84053253,-24.03763589,perlmutter,perlmutter,perlmutter,/pscratch/sd/j/jcho5/VASP/dft_jobs/CH4_Cu100/PBE_D3,/pscratch/sd/j/jcho5/VASP/vasp_slab/Cu100/PBE_D3,/pscratch/sd/j/jcho5/VASP/vasp_mol/CH4/PBE_D3,9ac611d570534fbc3fbdd0a190817a77de7a9a400268d52869af297aac699db6,d081ff81bc70cb1bfd0610556073fcd9a9d5eeeab00615a7ff6bb4d39feb1e51,b332bad15ef7f1f6255b46fb0a018108aacacac653dc92d7d13c66cc4b075408,"Converged components; matching PAW TITEL identities, functional, composition, full slab cell and stored core settings. Archived Kestrel provenance retained. No energy scaling or offsets.",Perlmutter first,false,-0.21,1,-0.20970957,selected candidate applied
Cu100,methane,pbe_d3,SPE,ok,-0.16318970,-265.04135812,-240.84053253,-24.03763589,perlmutter,perlmutter,perlmutter,/pscratch/sd/j/jcho5/VASP/dft_jobs/CH4_Cu100/singlepoint/PBE_D3,/pscratch/sd/j/jcho5/VASP/vasp_slab/Cu100/PBE_D3,/pscratch/sd/j/jcho5/VASP/vasp_mol/CH4/PBE_D3,19ab025754484f7d913d0396dd773d26d10f6e914aebd8c46833b0f7695992d0,d081ff81bc70cb1bfd0610556073fcd9a9d5eeeab00615a7ff6bb4d39feb1e51,b332bad15ef7f1f6255b46fb0a018108aacacac653dc92d7d13c66cc4b075408,"Converged components; matching PAW TITEL identities, functional, composition, full slab cell and stored core settings. Archived Kestrel provenance retained. No energy scaling or offsets.",Perlmutter first,false,-0.163,1,-0.16318970,selected candidate applied
Cu100,methane,r2scan,relaxed,ok,-0.03331797,-695.33771515,-670.31649401,-24.98790317,perlmutter,perlmutter,perlmutter,/pscratch/sd/j/jcho5/VASP/dft_jobs/CH4_Cu100/r2scan,/pscratch/sd/j/jcho5/VASP/vasp_slab/Cu100/r2scan,/pscratch/sd/j/jcho5/VASP/vasp_mol/CH4/r2scan,e71b8bff540efb2dbc587287aa0a0832c72e52db2aed9e3439aa4bfbdf13ad12,2a2e0ef4aa3cefdff2ec3b23d4b0b49c3d21d7dd2958fe9bef8eb51f3d67268c,256e39b379d9ffb0a16aea76cbe4a1d716914ca807059eb2d55f85d587e81317,"Converged components; matching PAW TITEL identities, functional, composition, full slab cell and stored core settings. Archived Kestrel provenance retained. No energy scaling or offsets.",Perlmutter first,false,-0.033,1,-0.03331797,selected candidate applied
Cu100,methane,r2scan,SPE,ok,0.14656638,-695.1578308,-670.31649401,-24.98790317,perlmutter,perlmutter,perlmutter,/pscratch/sd/j/jcho5/VASP/dft_jobs/CH4_Cu100/singlepoint/r2scan,/pscratch/sd/j/jcho5/VASP/vasp_slab/Cu100/r2scan,/pscratch/sd/j/jcho5/VASP/vasp_mol/CH4/r2scan,76394764f134bfde8f59cb5f2cb22970f6628a03f4a221a17687ac139c222ad8,2a2e0ef4aa3cefdff2ec3b23d4b0b49c3d21d7dd2958fe9bef8eb51f3d67268c,256e39b379d9ffb0a16aea76cbe4a1d716914ca807059eb2d55f85d587e81317,"Converged components; matching PAW TITEL identities, functional, composition, full slab cell and stored core settings. Archived Kestrel provenance retained. No energy scaling or offsets.",Perlmutter first,false,0.147,1,0.14656638,selected candidate applied
Cu100,methane,beef_vdw,relaxed,,,,,,,,,,,,,,,,No complete matched component set,false,,0,,withheld: refs unverified
Cu100,methane,beef_vdw,SPE,,,,,,,,,,,,,,,,No complete matched component set,false,,0,,withheld: refs unverified
Cu100,methanol,pbe,relaxed,ok,-0.24723083,-250.22262482,-219.76682164,-30.20857235,perlmutter,perlmutter,perlmutter,/pscratch/sd/j/jcho5/VASP/dft_jobs/CH3OH_Cu100/PBE,/pscratch/sd/j/jcho5/VASP/vasp_slab/Cu100/PBE,/pscratch/sd/j/jcho5/VASP/vasp_mol/CH3OH/PBE,42c07f1263f55499d1ae9161293c08c60038623b638443ccf811c071c9c16fa0,5a7b9cef6c284d757708a217efebc9f28fa23d2936eecbb35469b1177738cea3,b25dea0c5d26d154707dac5673badac4461cb6fe7660b76ab10af85822791b71,"Converged components; matching PAW TITEL identities, functional, composition, full slab cell and stored core settings. Archived Kestrel provenance retained. No energy scaling or offsets.",Perlmutter first,false,-0.247,1,-0.24723083,selected candidate applied
Cu100,methanol,pbe,SPE,ok,-0.22986520,-250.20525919,-219.76682164,-30.20857235,perlmutter,perlmutter,perlmutter,/pscratch/sd/j/jcho5/VASP/dft_jobs/CH3OH_Cu100/singlepoint/PBE,/pscratch/sd/j/jcho5/VASP/vasp_slab/Cu100/PBE,/pscratch/sd/j/jcho5/VASP/vasp_mol/CH3OH/PBE,4a06c8f72d08c27092288d7ddac280f9a0ae1c5cdf1040e8a2d30946631a9d53,5a7b9cef6c284d757708a217efebc9f28fa23d2936eecbb35469b1177738cea3,b25dea0c5d26d154707dac5673badac4461cb6fe7660b76ab10af85822791b71,"Converged components; matching PAW TITEL identities, functional, composition, full slab cell and stored core settings. Archived Kestrel provenance retained. No energy scaling or offsets.",Perlmutter first,false,-0.23,2,-0.22986520,selected candidate applied
Cu100,methanol,pbe_d3,relaxed,ok,-0.59068061,-271.65483847,-240.84053253,-30.22362533,perlmutter,perlmutter,perlmutter,/pscratch/sd/j/jcho5/VASP/dft_jobs/CH3OH_Cu100/PBE_D3,/pscratch/sd/j/jcho5/VASP/vasp_slab/Cu100/PBE_D3,/pscratch/sd/j/jcho5/VASP/vasp_mol/CH3OH/PBE_D3,9290b5fa0817bf150125da519daea010508e0b3eb53f1080db324dd1702e77da,d081ff81bc70cb1bfd0610556073fcd9a9d5eeeab00615a7ff6bb4d39feb1e51,82c96042bb328d2281e4deec9b5ef51410c9c442e4e9b23b3c7deb72f185e5cf,"Converged components; matching PAW TITEL identities, functional, composition, full slab cell and stored core settings. Archived Kestrel provenance retained. No energy scaling or offsets.",Perlmutter first,false,-0.591,1,-0.59068061,selected candidate applied
Cu100,methanol,pbe_d3,SPE,ok,-0.47944267,-271.54360053,-240.84053253,-30.22362533,perlmutter,perlmutter,perlmutter,/pscratch/sd/j/jcho5/VASP/dft_jobs/CH3OH_Cu100/singlepoint/PBE_D3,/pscratch/sd/j/jcho5/VASP/vasp_slab/Cu100/PBE_D3,/pscratch/sd/j/jcho5/VASP/vasp_mol/CH3OH/PBE_D3,28d2ad31ca94aeba5a433de43b8cbe950599ae5ad126378504e3a97f514ff5ec,d081ff81bc70cb1bfd0610556073fcd9a9d5eeeab00615a7ff6bb4d39feb1e51,82c96042bb328d2281e4deec9b5ef51410c9c442e4e9b23b3c7deb72f185e5cf,"Converged components; matching PAW TITEL identities, functional, composition, full slab cell and stored core settings. Archived Kestrel provenance retained. No energy scaling or offsets.",Perlmutter first,false,-0.479,2,-0.47944267,selected candidate applied
Cu100,methanol,r2scan,relaxed,,,,,,,,,,,,,,,,No complete matched component set,false,,0,,withheld: refs unverified
Cu100,methanol,r2scan,SPE,ok,-0.19145568,-702.64447823,-670.31649401,-32.13652854,perlmutter,perlmutter,perlmutter,/pscratch/sd/j/jcho5/VASP/dft_jobs/CH3OH_Cu100/singlepoint/r2scan,/pscratch/sd/j/jcho5/VASP/vasp_slab/Cu100/r2scan,/pscratch/sd/j/jcho5/VASP/vasp_mol/CH3OH/r2scan,0ad5a249847d7e51684d3dbd8cf8d54927f4970ea93b686f89d6349acd7559d0,2a2e0ef4aa3cefdff2ec3b23d4b0b49c3d21d7dd2958fe9bef8eb51f3d67268c,f51730f03fe6b8d78e595f2892e645d14986df23b0aee9499c51b752902fd0d1,"Converged components; matching PAW TITEL identities, functional, composition, full slab cell and stored core settings. Archived Kestrel provenance retained. No energy scaling or offsets.",Perlmutter first,false,-0.191,2,-0.19145568,selected candidate applied
Cu100,methanol,beef_vdw,relaxed,,,,,,,,,,,,,,,,No complete matched component set,false,,0,,withheld: refs unverified
Cu100,methanol,beef_vdw,SPE,,,,,,,,,,,,,,,,No complete matched component set,false,,0,,withheld: refs unverified
Cu110,CH3,pbe,relaxed,,,,,,,,,,,,,,,,No complete matched component set,false,,0,,withheld: refs unverified
Cu110,CH3,pbe,SPE,,,,,,,,,,,,,,,,No complete matched component set,false,,0,,withheld: potential mismatch
Cu110,CH3,pbe_d3,relaxed,,,,,,,,,,,,,,,,No complete matched component set,false,,0,,withheld: refs unverified
Cu110,CH3,pbe_d3,SPE,,,,,,,,,,,,,,,,No complete matched component set,false,,0,,withheld: potential mismatch
Cu110,CH3,r2scan,relaxed,,,,,,,,,,,,,,,,No complete matched component set,false,,0,,withheld: refs unverified
Cu110,CH3,r2scan,SPE,,,,,,,,,,,,,,,,No complete matched component set,false,,0,,withheld: potential mismatch
Cu110,CH3,beef_vdw,relaxed,,,,,,,,,,,,,,,,No complete matched component set,false,,0,,withheld: refs unverified
Cu110,CH3,beef_vdw,SPE,,,,,,,,,,,,,,,,No complete matched component set,false,,0,,withheld: potential mismatch
Cu110,CO,pbe,relaxed,,,,,,,,,,,,,,,,No complete matched component set,false,,0,,withheld: refs unverified
Cu110,CO,pbe,SPE,,,,,,,,,,,,,,,,No complete matched component set,false,,0,,withheld: potential mismatch
Cu110,CO,pbe_d3,relaxed,,,,,,,,,,,,,,,,No complete matched component set,false,,0,,withheld: refs unverified
Cu110,CO,pbe_d3,SPE,,,,,,,,,,,,,,,,No complete matched component set,false,,0,,withheld: potential mismatch
Cu110,CO,r2scan,relaxed,,,,,,,,,,,,,,,,No complete matched component set,false,,0,,withheld: refs unverified
Cu110,CO,r2scan,SPE,,,,,,,,,,,,,,,,No complete matched component set,false,,0,,withheld: potential mismatch
Cu110,CO,beef_vdw,relaxed,,,,,,,,,,,,,,,,No complete matched component set,false,,0,,missing
Cu110,CO,beef_vdw,SPE,,,,,,,,,,,,,,,,No complete matched component set,false,,0,,withheld: potential mismatch
Cu110,CO2,pbe,relaxed,,,,,,,,,,,,,,,,No complete matched component set,false,,0,,withheld: refs unverified
Cu110,CO2,pbe,SPE,,,,,,,,,,,,,,,,No complete matched component set,false,,0,,withheld: potential mismatch
Cu110,CO2,pbe_d3,relaxed,,,,,,,,,,,,,,,,No complete matched component set,false,,0,,missing
Cu110,CO2,pbe_d3,SPE,,,,,,,,,,,,,,,,No complete matched component set,false,,0,,missing
Cu110,CO2,r2scan,relaxed,,,,,,,,,,,,,,,,No complete matched component set,false,,0,,withheld: refs unverified
Cu110,CO2,r2scan,SPE,,,,,,,,,,,,,,,,No complete matched component set,false,,0,,withheld: potential mismatch
Cu110,CO2,beef_vdw,relaxed,,,,,,,,,,,,,,,,No complete matched component set,false,,0,,withheld: refs unverified
Cu110,CO2,beef_vdw,SPE,,,,,,,,,,,,,,,,No complete matched component set,false,,0,,withheld: potential mismatch
Cu110,DME,pbe,relaxed,,,,,,,,,,,,,,,,No complete matched component set,false,,0,,withheld: refs unverified
Cu110,DME,pbe,SPE,,,,,,,,,,,,,,,,No complete matched component set,false,,0,,withheld: potential mismatch
Cu110,DME,pbe_d3,relaxed,,,,,,,,,,,,,,,,No complete matched component set,false,,0,,missing
Cu110,DME,pbe_d3,SPE,,,,,,,,,,,,,,,,No complete matched component set,false,,0,,withheld: potential mismatch
Cu110,DME,r2scan,relaxed,,,,,,,,,,,,,,,,No complete matched component set,false,,0,,withheld: refs unverified
Cu110,DME,r2scan,SPE,,,,,,,,,,,,,,,,No complete matched component set,false,,0,,withheld: potential mismatch
Cu110,DME,beef_vdw,relaxed,,,,,,,,,,,,,,,,No complete matched component set,false,,0,,withheld: refs unverified
Cu110,DME,beef_vdw,SPE,,,,,,,,,,,,,,,,No complete matched component set,false,,0,,withheld: potential mismatch
Cu110,H2O,pbe,relaxed,,,,,,,,,,,,,,,,No complete matched component set,false,,0,,withheld: refs unverified
Cu110,H2O,pbe,SPE,,,,,,,,,,,,,,,,No complete matched component set,false,,0,,withheld: potential mismatch
Cu110,H2O,pbe_d3,relaxed,,,,,,,,,,,,,,,,No complete matched component set,false,,0,,withheld: refs unverified
Cu110,H2O,pbe_d3,SPE,,,,,,,,,,,,,,,,No complete matched component set,false,,0,,withheld: potential mismatch
Cu110,H2O,r2scan,relaxed,,,,,,,,,,,,,,,,No complete matched component set,false,,0,,withheld: refs unverified
Cu110,H2O,r2scan,SPE,,,,,,,,,,,,,,,,No complete matched component set,false,,0,,withheld: potential mismatch
Cu110,H2O,beef_vdw,relaxed,,,,,,,,,,,,,,,,No complete matched component set,false,,0,,missing
Cu110,H2O,beef_vdw,SPE,,,,,,,,,,,,,,,,No complete matched component set,false,,0,,withheld: potential mismatch
Cu110,H2S,pbe,relaxed,,,,,,,,,,,,,,,,No complete matched component set,false,,0,,withheld: refs unverified
Cu110,H2S,pbe,SPE,,,,,,,,,,,,,,,,No complete matched component set,false,,0,,withheld: potential mismatch
Cu110,H2S,pbe_d3,relaxed,,,,,,,,,,,,,,,,No complete matched component set,false,,0,,withheld: refs unverified
Cu110,H2S,pbe_d3,SPE,,,,,,,,,,,,,,,,No complete matched component set,false,,0,,withheld: potential mismatch
Cu110,H2S,r2scan,relaxed,,,,,,,,,,,,,,,,No complete matched component set,false,,0,,withheld: refs unverified
Cu110,H2S,r2scan,SPE,,,,,,,,,,,,,,,,No complete matched component set,false,,0,,withheld: potential mismatch
Cu110,H2S,beef_vdw,relaxed,,,,,,,,,,,,,,,,No complete matched component set,false,,0,,withheld: refs unverified
Cu110,H2S,beef_vdw,SPE,,,,,,,,,,,,,,,,No complete matched component set,false,,0,,withheld: potential mismatch
Cu110,N2,pbe,relaxed,,,,,,,,,,,,,,,,No complete matched component set,false,,0,,withheld: refs unverified
Cu110,N2,pbe,SPE,,,,,,,,,,,,,,,,No complete matched component set,false,,0,,missing
Cu110,N2,pbe_d3,relaxed,,,,,,,,,,,,,,,,No complete matched component set,false,,0,,withheld: refs unverified
Cu110,N2,pbe_d3,SPE,,,,,,,,,,,,,,,,No complete matched component set,false,,0,,missing
Cu110,N2,r2scan,relaxed,,,,,,,,,,,,,,,,No complete matched component set,false,,0,,withheld: refs unverified
Cu110,N2,r2scan,SPE,,,,,,,,,,,,,,,,No complete matched component set,false,,0,,missing
Cu110,N2,beef_vdw,relaxed,,,,,,,,,,,,,,,,No complete matched component set,false,,0,,withheld: refs unverified
Cu110,N2,beef_vdw,SPE,,,,,,,,,,,,,,,,No complete matched component set,false,,0,,missing
Cu110,NH3,pbe,relaxed,,,,,,,,,,,,,,,,No complete matched component set,false,,0,,withheld: refs unverified
Cu110,NH3,pbe,SPE,,,,,,,,,,,,,,,,No complete matched component set,false,,0,,missing
Cu110,NH3,pbe_d3,relaxed,,,,,,,,,,,,,,,,No complete matched component set,false,,0,,withheld: refs unverified
Cu110,NH3,pbe_d3,SPE,,,,,,,,,,,,,,,,No complete matched component set,false,,0,,missing
Cu110,NH3,r2scan,relaxed,,,,,,,,,,,,,,,,No complete matched component set,false,,0,,withheld: refs unverified
Cu110,NH3,r2scan,SPE,,,,,,,,,,,,,,,,No complete matched component set,false,,0,,missing
Cu110,NH3,beef_vdw,relaxed,,,,,,,,,,,,,,,,No complete matched component set,false,,0,,withheld: refs unverified
Cu110,NH3,beef_vdw,SPE,,,,,,,,,,,,,,,,No complete matched component set,false,,0,,missing
Cu110,NO,pbe,relaxed,,,,,,,,,,,,,,,,No complete matched component set,false,,0,,withheld: refs unverified
Cu110,NO,pbe,SPE,,,,,,,,,,,,,,,,No complete matched component set,false,,0,,missing
Cu110,NO,pbe_d3,relaxed,,,,,,,,,,,,,,,,No complete matched component set,false,,0,,withheld: refs unverified
Cu110,NO,pbe_d3,SPE,,,,,,,,,,,,,,,,No complete matched component set,false,,0,,missing
Cu110,NO,r2scan,relaxed,,,,,,,,,,,,,,,,No complete matched component set,false,,0,,missing
Cu110,NO,r2scan,SPE,,,,,,,,,,,,,,,,No complete matched component set,false,,0,,missing
Cu110,NO,beef_vdw,relaxed,,,,,,,,,,,,,,,,No complete matched component set,false,,0,,withheld: refs unverified
Cu110,NO,beef_vdw,SPE,,,,,,,,,,,,,,,,No complete matched component set,false,,0,,missing
Cu110,SO2,pbe,relaxed,,,,,,,,,,,,,,,,No complete matched component set,false,,0,,withheld: refs unverified
Cu110,SO2,pbe,SPE,,,,,,,,,,,,,,,,No complete matched component set,false,,0,,missing
Cu110,SO2,pbe_d3,relaxed,,,,,,,,,,,,,,,,No complete matched component set,false,,0,,withheld: refs unverified
Cu110,SO2,pbe_d3,SPE,,,,,,,,,,,,,,,,No complete matched component set,false,,0,,missing
Cu110,SO2,r2scan,relaxed,,,,,,,,,,,,,,,,No complete matched component set,false,,0,,withheld: refs unverified
Cu110,SO2,r2scan,SPE,,,,,,,,,,,,,,,,No complete matched component set,false,,0,,missing
Cu110,SO2,beef_vdw,relaxed,,,,,,,,,,,,,,,,No complete matched component set,false,,0,,withheld: refs unverified
Cu110,SO2,beef_vdw,SPE,,,,,,,,,,,,,,,,No complete matched component set,false,,0,,missing
Cu110,acetaldehyde,pbe,relaxed,,,,,,,,,,,,,,,,No complete matched component set,false,,0,,withheld: refs unverified
Cu110,acetaldehyde,pbe,SPE,,,,,,,,,,,,,,,,No complete matched component set,false,,0,,withheld: potential mismatch
Cu110,acetaldehyde,pbe_d3,relaxed,,,,,,,,,,,,,,,,No complete matched component set,false,,0,,withheld: refs unverified
Cu110,acetaldehyde,pbe_d3,SPE,,,,,,,,,,,,,,,,No complete matched component set,false,,0,,withheld: potential mismatch
Cu110,acetaldehyde,r2scan,relaxed,,,,,,,,,,,,,,,,No complete matched component set,false,,0,,withheld: refs unverified
Cu110,acetaldehyde,r2scan,SPE,,,,,,,,,,,,,,,,No complete matched component set,false,,0,,withheld: potential mismatch
Cu110,acetaldehyde,beef_vdw,relaxed,,,,,,,,,,,,,,,,No complete matched component set,false,,0,,withheld: refs unverified
Cu110,acetaldehyde,beef_vdw,SPE,,,,,,,,,,,,,,,,No complete matched component set,false,,0,,withheld: potential mismatch
Cu110,acetic_acid,pbe,relaxed,,,,,,,,,,,,,,,,No complete matched component set,false,,0,,missing
Cu110,acetic_acid,pbe,SPE,,,,,,,,,,,,,,,,No complete matched component set,false,,0,,missing
Cu110,acetic_acid,pbe_d3,relaxed,,,,,,,,,,,,,,,,No complete matched component set,false,,0,,missing
Cu110,acetic_acid,pbe_d3,SPE,,,,,,,,,,,,,,,,No complete matched component set,false,,0,,missing
Cu110,acetic_acid,r2scan,relaxed,,,,,,,,,,,,,,,,No complete matched component set,false,,0,,withheld: refs unverified
Cu110,acetic_acid,r2scan,SPE,,,,,,,,,,,,,,,,No complete matched component set,false,,0,,withheld: potential mismatch
Cu110,acetic_acid,beef_vdw,relaxed,,,,,,,,,,,,,,,,No complete matched component set,false,,0,,withheld: refs unverified
Cu110,acetic_acid,beef_vdw,SPE,,,,,,,,,,,,,,,,No complete matched component set,false,,0,,withheld: potential mismatch
Cu110,ethane,pbe,relaxed,,,,,,,,,,,,,,,,No complete matched component set,false,,0,,withheld: refs unverified
Cu110,ethane,pbe,SPE,,,,,,,,,,,,,,,,No complete matched component set,false,,0,,withheld: potential mismatch
Cu110,ethane,pbe_d3,relaxed,,,,,,,,,,,,,,,,No complete matched component set,false,,0,,withheld: refs unverified
Cu110,ethane,pbe_d3,SPE,,,,,,,,,,,,,,,,No complete matched component set,false,,0,,withheld: potential mismatch
Cu110,ethane,r2scan,relaxed,,,,,,,,,,,,,,,,No complete matched component set,false,,0,,withheld: refs unverified
Cu110,ethane,r2scan,SPE,,,,,,,,,,,,,,,,No complete matched component set,false,,0,,withheld: potential mismatch
Cu110,ethane,beef_vdw,relaxed,,,,,,,,,,,,,,,,No complete matched component set,false,,0,,withheld: refs unverified
Cu110,ethane,beef_vdw,SPE,,,,,,,,,,,,,,,,No complete matched component set,false,,0,,withheld: potential mismatch
Cu110,ethene,pbe,relaxed,,,,,,,,,,,,,,,,No complete matched component set,false,,0,,withheld: refs unverified
Cu110,ethene,pbe,SPE,,,,,,,,,,,,,,,,No complete matched component set,false,,0,,withheld: potential mismatch
Cu110,ethene,pbe_d3,relaxed,,,,,,,,,,,,,,,,No complete matched component set,false,,0,,withheld: refs unverified
Cu110,ethene,pbe_d3,SPE,,,,,,,,,,,,,,,,No complete matched component set,false,,0,,withheld: potential mismatch
Cu110,ethene,r2scan,relaxed,,,,,,,,,,,,,,,,No complete matched component set,false,,0,,withheld: refs unverified
Cu110,ethene,r2scan,SPE,,,,,,,,,,,,,,,,No complete matched component set,false,,0,,withheld: potential mismatch
Cu110,ethene,beef_vdw,relaxed,,,,,,,,,,,,,,,,No complete matched component set,false,,0,,withheld: refs unverified
Cu110,ethene,beef_vdw,SPE,,,,,,,,,,,,,,,,No complete matched component set,false,,0,,withheld: potential mismatch
Cu110,formaldehyde,pbe,relaxed,,,,,,,,,,,,,,,,No complete matched component set,false,,0,,withheld: refs unverified
Cu110,formaldehyde,pbe,SPE,,,,,,,,,,,,,,,,No complete matched component set,false,,0,,withheld: potential mismatch
Cu110,formaldehyde,pbe_d3,relaxed,,,,,,,,,,,,,,,,No complete matched component set,false,,0,,withheld: refs unverified
Cu110,formaldehyde,pbe_d3,SPE,,,,,,,,,,,,,,,,No complete matched component set,false,,0,,withheld: potential mismatch
Cu110,formaldehyde,r2scan,relaxed,,,,,,,,,,,,,,,,No complete matched component set,false,,0,,withheld: refs unverified
Cu110,formaldehyde,r2scan,SPE,,,,,,,,,,,,,,,,No complete matched component set,false,,0,,withheld: potential mismatch
Cu110,formaldehyde,beef_vdw,relaxed,,,,,,,,,,,,,,,,No complete matched component set,false,,0,,withheld: refs unverified
Cu110,formaldehyde,beef_vdw,SPE,,,,,,,,,,,,,,,,No complete matched component set,false,,0,,withheld: potential mismatch
Cu110,formic_acid,pbe,relaxed,,,,,,,,,,,,,,,,No complete matched component set,false,,0,,withheld: refs unverified
Cu110,formic_acid,pbe,SPE,,,,,,,,,,,,,,,,No complete matched component set,false,,0,,withheld: refs unverified
Cu110,formic_acid,pbe_d3,relaxed,,,,,,,,,,,,,,,,No complete matched component set,false,,0,,withheld: refs unverified
Cu110,formic_acid,pbe_d3,SPE,,,,,,,,,,,,,,,,No complete matched component set,false,,0,,withheld: refs unverified
Cu110,formic_acid,r2scan,relaxed,,,,,,,,,,,,,,,,No complete matched component set,false,,0,,withheld: refs unverified
Cu110,formic_acid,r2scan,SPE,,,,,,,,,,,,,,,,No complete matched component set,false,,0,,withheld: refs unverified
Cu110,formic_acid,beef_vdw,relaxed,,,,,,,,,,,,,,,,No complete matched component set,false,,0,,withheld: refs unverified
Cu110,formic_acid,beef_vdw,SPE,,,,,,,,,,,,,,,,No complete matched component set,false,,0,,withheld: refs unverified
Cu110,glycerol,pbe,relaxed,,,,,,,,,,,,,,,,No complete matched component set,false,,0,,missing
Cu110,glycerol,pbe,SPE,,,,,,,,,,,,,,,,No complete matched component set,false,,0,,withheld: refs unverified
Cu110,glycerol,pbe_d3,relaxed,,,,,,,,,,,,,,,,No complete matched component set,false,,0,,withheld: refs unverified
Cu110,glycerol,pbe_d3,SPE,,,,,,,,,,,,,,,,No complete matched component set,false,,0,,withheld: refs unverified
Cu110,glycerol,r2scan,relaxed,,,,,,,,,,,,,,,,No complete matched component set,false,,0,,withheld: refs unverified
Cu110,glycerol,r2scan,SPE,,,,,,,,,,,,,,,,No complete matched component set,false,,0,,withheld: refs unverified
Cu110,glycerol,beef_vdw,relaxed,,,,,,,,,,,,,,,,No complete matched component set,false,,0,,missing
Cu110,glycerol,beef_vdw,SPE,,,,,,,,,,,,,,,,No complete matched component set,false,,0,,withheld: refs unverified
Cu110,isopropanol,pbe,relaxed,,,,,,,,,,,,,,,,No complete matched component set,false,,0,,missing
Cu110,isopropanol,pbe,SPE,,,,,,,,,,,,,,,,No complete matched component set,false,,0,,withheld: potential mismatch
Cu110,isopropanol,pbe_d3,relaxed,,,,,,,,,,,,,,,,No complete matched component set,false,,0,,withheld: refs unverified
Cu110,isopropanol,pbe_d3,SPE,,,,,,,,,,,,,,,,No complete matched component set,false,,0,,withheld: potential mismatch
Cu110,isopropanol,r2scan,relaxed,,,,,,,,,,,,,,,,No complete matched component set,false,,0,,missing
Cu110,isopropanol,r2scan,SPE,,,,,,,,,,,,,,,,No complete matched component set,false,,0,,withheld: potential mismatch
Cu110,isopropanol,beef_vdw,relaxed,,,,,,,,,,,,,,,,No complete matched component set,false,,0,,missing
Cu110,isopropanol,beef_vdw,SPE,,,,,,,,,,,,,,,,No complete matched component set,false,,0,,withheld: potential mismatch
Cu110,methane,pbe,relaxed,,,,,,,,,,,,,,,,No complete matched component set,false,,0,,withheld: refs unverified
Cu110,methane,pbe,SPE,,,,,,,,,,,,,,,,No complete matched component set,false,,0,,withheld: potential mismatch
Cu110,methane,pbe_d3,relaxed,,,,,,,,,,,,,,,,No complete matched component set,false,,0,,withheld: refs unverified
Cu110,methane,pbe_d3,SPE,,,,,,,,,,,,,,,,No complete matched component set,false,,0,,withheld: potential mismatch
Cu110,methane,r2scan,relaxed,,,,,,,,,,,,,,,,No complete matched component set,false,,0,,withheld: refs unverified
Cu110,methane,r2scan,SPE,,,,,,,,,,,,,,,,No complete matched component set,false,,0,,withheld: potential mismatch
Cu110,methane,beef_vdw,relaxed,,,,,,,,,,,,,,,,No complete matched component set,false,,0,,withheld: refs unverified
Cu110,methane,beef_vdw,SPE,,,,,,,,,,,,,,,,No complete matched component set,false,,0,,withheld: potential mismatch
Cu110,methanol,pbe,relaxed,,,,,,,,,,,,,,,,No complete matched component set,false,,0,,withheld: refs unverified
Cu110,methanol,pbe,SPE,,,,,,,,,,,,,,,,No complete matched component set,false,,0,,withheld: potential mismatch
Cu110,methanol,pbe_d3,relaxed,,,,,,,,,,,,,,,,No complete matched component set,false,,0,,withheld: refs unverified
Cu110,methanol,pbe_d3,SPE,,,,,,,,,,,,,,,,No complete matched component set,false,,0,,withheld: potential mismatch
Cu110,methanol,r2scan,relaxed,,,,,,,,,,,,,,,,No complete matched component set,false,,0,,withheld: refs unverified
Cu110,methanol,r2scan,SPE,,,,,,,,,,,,,,,,No complete matched component set,false,,0,,withheld: potential mismatch
Cu110,methanol,beef_vdw,relaxed,,,,,,,,,,,,,,,,No complete matched component set,false,,0,,withheld: refs unverified
Cu110,methanol,beef_vdw,SPE,,,,,,,,,,,,,,,,No complete matched component set,false,,0,,withheld: potential mismatch
Cu110,propanol,pbe,relaxed,,,,,,,,,,,,,,,,No complete matched component set,false,,0,,missing
Cu110,propanol,pbe,SPE,,,,,,,,,,,,,,,,No complete matched component set,false,,0,,withheld: potential mismatch
Cu110,propanol,pbe_d3,relaxed,,,,,,,,,,,,,,,,No complete matched component set,false,,0,,withheld: refs unverified
Cu110,propanol,pbe_d3,SPE,,,,,,,,,,,,,,,,No complete matched component set,false,,0,,withheld: potential mismatch
Cu110,propanol,r2scan,relaxed,,,,,,,,,,,,,,,,No complete matched component set,false,,0,,missing
Cu110,propanol,r2scan,SPE,,,,,,,,,,,,,,,,No complete matched component set,false,,0,,withheld: potential mismatch
Cu110,propanol,beef_vdw,relaxed,,,,,,,,,,,,,,,,No complete matched component set,false,,0,,missing
Cu110,propanol,beef_vdw,SPE,,,,,,,,,,,,,,,,No complete matched component set,false,,0,,withheld: potential mismatch
Cu110,propene,pbe,relaxed,,,,,,,,,,,,,,,,No complete matched component set,false,,0,,missing
Cu110,propene,pbe,SPE,,,,,,,,,,,,,,,,No complete matched component set,false,,0,,withheld: potential mismatch
Cu110,propene,pbe_d3,relaxed,,,,,,,,,,,,,,,,No complete matched component set,false,,0,,withheld: refs unverified
Cu110,propene,pbe_d3,SPE,,,,,,,,,,,,,,,,No complete matched component set,false,,0,,withheld: potential mismatch
Cu110,propene,r2scan,relaxed,,,,,,,,,,,,,,,,No complete matched component set,false,,0,,missing
Cu110,propene,r2scan,SPE,,,,,,,,,,,,,,,,No complete matched component set,false,,0,,withheld: potential mismatch
Cu110,propene,beef_vdw,relaxed,,,,,,,,,,,,,,,,No complete matched component set,false,,0,,missing
Cu110,propene,beef_vdw,SPE,,,,,,,,,,,,,,,,No complete matched component set,false,,0,,withheld: potential mismatch
Cu111,CH3,pbe,relaxed,,,,,,,,,,,,,,,,No complete matched component set,false,,0,,withheld: potential mismatch
Cu111,CH3,pbe,SPE,,,,,,,,,,,,,,,,No complete matched component set,false,,0,,withheld: potential mismatch
Cu111,CH3,pbe_d3,relaxed,,,,,,,,,,,,,,,,No complete matched component set,false,,0,,withheld: potential mismatch
Cu111,CH3,pbe_d3,SPE,,,,,,,,,,,,,,,,No complete matched component set,false,,0,,withheld: potential mismatch
Cu111,CH3,r2scan,relaxed,,,,,,,,,,,,,,,,No complete matched component set,false,,0,,missing
Cu111,CH3,r2scan,SPE,,,,,,,,,,,,,,,,No complete matched component set,false,,0,,withheld: potential mismatch
Cu111,CH3,beef_vdw,relaxed,,,,,,,,,,,,,,,,No complete matched component set,false,,0,,withheld: potential mismatch
Cu111,CH3,beef_vdw,SPE,,,,,,,,,,,,,,,,No complete matched component set,false,,0,,withheld: potential mismatch
Cu111,CO,pbe,relaxed,,,,,,,,,,,,,,,,No complete matched component set,false,,0,,missing
Cu111,CO,pbe,SPE,,,,,,,,,,,,,,,,No complete matched component set,false,,0,,withheld: potential mismatch
Cu111,CO,pbe_d3,relaxed,,,,,,,,,,,,,,,,No complete matched component set,false,,0,,withheld: refs unverified
Cu111,CO,pbe_d3,SPE,,,,,,,,,,,,,,,,No complete matched component set,false,,0,,withheld: potential mismatch
Cu111,CO,r2scan,relaxed,,,,,,,,,,,,,,,,No complete matched component set,false,,0,,withheld: refs unverified
Cu111,CO,r2scan,SPE,,,,,,,,,,,,,,,,No complete matched component set,false,,0,,withheld: potential mismatch
Cu111,CO,beef_vdw,relaxed,,,,,,,,,,,,,,,,No complete matched component set,false,,0,,missing
Cu111,CO,beef_vdw,SPE,,,,,,,,,,,,,,,,No complete matched component set,false,,0,,withheld: potential mismatch
Cu111,CO2,pbe,relaxed,,,,,,,,,,,,,,,,No complete matched component set,false,,0,,missing
Cu111,CO2,pbe,SPE,,,,,,,,,,,,,,,,No complete matched component set,false,,0,,withheld: potential mismatch
Cu111,CO2,pbe_d3,relaxed,,,,,,,,,,,,,,,,No complete matched component set,false,,0,,missing
Cu111,CO2,pbe_d3,SPE,,,,,,,,,,,,,,,,No complete matched component set,false,,0,,missing
Cu111,CO2,r2scan,relaxed,,,,,,,,,,,,,,,,No complete matched component set,false,,0,,missing
Cu111,CO2,r2scan,SPE,,,,,,,,,,,,,,,,No complete matched component set,false,,0,,withheld: potential mismatch
Cu111,CO2,beef_vdw,relaxed,,,,,,,,,,,,,,,,No complete matched component set,false,,0,,missing
Cu111,CO2,beef_vdw,SPE,,,,,,,,,,,,,,,,No complete matched component set,false,,0,,withheld: potential mismatch
Cu111,DME,pbe,relaxed,,,,,,,,,,,,,,,,No complete matched component set,false,,0,,withheld: potential mismatch
Cu111,DME,pbe,SPE,,,,,,,,,,,,,,,,No complete matched component set,false,,0,,withheld: potential mismatch
Cu111,DME,pbe_d3,relaxed,,,,,,,,,,,,,,,,No complete matched component set,false,,0,,missing
Cu111,DME,pbe_d3,SPE,,,,,,,,,,,,,,,,No complete matched component set,false,,0,,withheld: potential mismatch
Cu111,DME,r2scan,relaxed,,,,,,,,,,,,,,,,No complete matched component set,false,,0,,missing
Cu111,DME,r2scan,SPE,,,,,,,,,,,,,,,,No complete matched component set,false,,0,,withheld: potential mismatch
Cu111,DME,beef_vdw,relaxed,,,,,,,,,,,,,,,,No complete matched component set,false,,0,,withheld: potential mismatch
Cu111,DME,beef_vdw,SPE,,,,,,,,,,,,,,,,No complete matched component set,false,,0,,withheld: potential mismatch
Cu111,H2O,pbe,relaxed,,,,,,,,,,,,,,,,No complete matched component set,false,,0,,withheld: potential mismatch
Cu111,H2O,pbe,SPE,,,,,,,,,,,,,,,,No complete matched component set,false,,0,,withheld: potential mismatch
Cu111,H2O,pbe_d3,relaxed,,,,,,,,,,,,,,,,No complete matched component set,false,,0,,withheld: potential mismatch
Cu111,H2O,pbe_d3,SPE,,,,,,,,,,,,,,,,No complete matched component set,false,,0,,withheld: potential mismatch
Cu111,H2O,r2scan,relaxed,,,,,,,,,,,,,,,,No complete matched component set,false,,0,,missing
Cu111,H2O,r2scan,SPE,,,,,,,,,,,,,,,,No complete matched component set,false,,0,,withheld: potential mismatch
Cu111,H2O,beef_vdw,relaxed,,,,,,,,,,,,,,,,No complete matched component set,false,,0,,withheld: potential mismatch
Cu111,H2O,beef_vdw,SPE,,,,,,,,,,,,,,,,No complete matched component set,false,,0,,withheld: potential mismatch
Cu111,H2S,pbe,relaxed,,,,,,,,,,,,,,,,No complete matched component set,false,,0,,withheld: potential mismatch
Cu111,H2S,pbe,SPE,,,,,,,,,,,,,,,,No complete matched component set,false,,0,,withheld: potential mismatch
Cu111,H2S,pbe_d3,relaxed,,,,,,,,,,,,,,,,No complete matched component set,false,,0,,withheld: potential mismatch
Cu111,H2S,pbe_d3,SPE,,,,,,,,,,,,,,,,No complete matched component set,false,,0,,withheld: potential mismatch
Cu111,H2S,r2scan,relaxed,,,,,,,,,,,,,,,,No complete matched component set,false,,0,,missing
Cu111,H2S,r2scan,SPE,,,,,,,,,,,,,,,,No complete matched component set,false,,0,,withheld: potential mismatch
Cu111,H2S,beef_vdw,relaxed,,,,,,,,,,,,,,,,No complete matched component set,false,,0,,withheld: potential mismatch
Cu111,H2S,beef_vdw,SPE,,,,,,,,,,,,,,,,No complete matched component set,false,,0,,withheld: potential mismatch
Cu111,N2,pbe,relaxed,,,,,,,,,,,,,,,,No complete matched component set,false,,0,,withheld: potential mismatch
Cu111,N2,pbe,SPE,,,,,,,,,,,,,,,,No complete matched component set,false,,0,,missing
Cu111,N2,pbe_d3,relaxed,,,,,,,,,,,,,,,,No complete matched component set,false,,0,,withheld: potential mismatch
Cu111,N2,pbe_d3,SPE,,,,,,,,,,,,,,,,No complete matched component set,false,,0,,missing
Cu111,N2,r2scan,relaxed,,,,,,,,,,,,,,,,No complete matched component set,false,,0,,missing
Cu111,N2,r2scan,SPE,,,,,,,,,,,,,,,,No complete matched component set,false,,0,,missing
Cu111,N2,beef_vdw,relaxed,,,,,,,,,,,,,,,,No complete matched component set,false,,0,,withheld: potential mismatch
Cu111,N2,beef_vdw,SPE,,,,,,,,,,,,,,,,No complete matched component set,false,,0,,missing
Cu111,NH3,pbe,relaxed,,,,,,,,,,,,,,,,No complete matched component set,false,,0,,withheld: potential mismatch
Cu111,NH3,pbe,SPE,,,,,,,,,,,,,,,,No complete matched component set,false,,0,,missing
Cu111,NH3,pbe_d3,relaxed,,,,,,,,,,,,,,,,No complete matched component set,false,,0,,withheld: potential mismatch
Cu111,NH3,pbe_d3,SPE,,,,,,,,,,,,,,,,No complete matched component set,false,,0,,missing
Cu111,NH3,r2scan,relaxed,,,,,,,,,,,,,,,,No complete matched component set,false,,0,,withheld: potential mismatch
Cu111,NH3,r2scan,SPE,,,,,,,,,,,,,,,,No complete matched component set,false,,0,,missing
Cu111,NH3,beef_vdw,relaxed,,,,,,,,,,,,,,,,No complete matched component set,false,,0,,withheld: potential mismatch
Cu111,NH3,beef_vdw,SPE,,,,,,,,,,,,,,,,No complete matched component set,false,,0,,missing
Cu111,NO,pbe,relaxed,,,,,,,,,,,,,,,,No complete matched component set,false,,0,,withheld: potential mismatch
Cu111,NO,pbe,SPE,,,,,,,,,,,,,,,,No complete matched component set,false,,0,,missing
Cu111,NO,pbe_d3,relaxed,,,,,,,,,,,,,,,,No complete matched component set,false,,0,,withheld: potential mismatch
Cu111,NO,pbe_d3,SPE,,,,,,,,,,,,,,,,No complete matched component set,false,,0,,missing
Cu111,NO,r2scan,relaxed,,,,,,,,,,,,,,,,No complete matched component set,false,,0,,missing
Cu111,NO,r2scan,SPE,,,,,,,,,,,,,,,,No complete matched component set,false,,0,,missing
Cu111,NO,beef_vdw,relaxed,,,,,,,,,,,,,,,,No complete matched component set,false,,0,,withheld: potential mismatch
Cu111,NO,beef_vdw,SPE,,,,,,,,,,,,,,,,No complete matched component set,false,,0,,missing
Cu111,SO2,pbe,relaxed,,,,,,,,,,,,,,,,No complete matched component set,false,,0,,withheld: potential mismatch
Cu111,SO2,pbe,SPE,,,,,,,,,,,,,,,,No complete matched component set,false,,0,,missing
Cu111,SO2,pbe_d3,relaxed,,,,,,,,,,,,,,,,No complete matched component set,false,,0,,withheld: potential mismatch
Cu111,SO2,pbe_d3,SPE,,,,,,,,,,,,,,,,No complete matched component set,false,,0,,missing
Cu111,SO2,r2scan,relaxed,,,,,,,,,,,,,,,,No complete matched component set,false,,0,,missing
Cu111,SO2,r2scan,SPE,,,,,,,,,,,,,,,,No complete matched component set,false,,0,,missing
Cu111,SO2,beef_vdw,relaxed,,,,,,,,,,,,,,,,No complete matched component set,false,,0,,withheld: potential mismatch
Cu111,SO2,beef_vdw,SPE,,,,,,,,,,,,,,,,No complete matched component set,false,,0,,missing
Cu111,acetaldehyde,pbe,relaxed,,,,,,,,,,,,,,,,No complete matched component set,false,,0,,withheld: potential mismatch
Cu111,acetaldehyde,pbe,SPE,,,,,,,,,,,,,,,,No complete matched component set,false,,0,,withheld: potential mismatch
Cu111,acetaldehyde,pbe_d3,relaxed,,,,,,,,,,,,,,,,No complete matched component set,false,,0,,withheld: potential mismatch
Cu111,acetaldehyde,pbe_d3,SPE,,,,,,,,,,,,,,,,No complete matched component set,false,,0,,withheld: potential mismatch
Cu111,acetaldehyde,r2scan,relaxed,,,,,,,,,,,,,,,,No complete matched component set,false,,0,,missing
Cu111,acetaldehyde,r2scan,SPE,,,,,,,,,,,,,,,,No complete matched component set,false,,0,,withheld: potential mismatch
Cu111,acetaldehyde,beef_vdw,relaxed,,,,,,,,,,,,,,,,No complete matched component set,false,,0,,withheld: potential mismatch
Cu111,acetaldehyde,beef_vdw,SPE,,,,,,,,,,,,,,,,No complete matched component set,false,,0,,withheld: potential mismatch
Cu111,acetic_acid,pbe,relaxed,,,,,,,,,,,,,,,,No complete matched component set,false,,0,,missing
Cu111,acetic_acid,pbe,SPE,,,,,,,,,,,,,,,,No complete matched component set,false,,0,,missing
Cu111,acetic_acid,pbe_d3,relaxed,,,,,,,,,,,,,,,,No complete matched component set,false,,0,,missing
Cu111,acetic_acid,pbe_d3,SPE,,,,,,,,,,,,,,,,No complete matched component set,false,,0,,withheld: refs unverified
Cu111,acetic_acid,r2scan,relaxed,,,,,,,,,,,,,,,,No complete matched component set,false,,0,,missing
Cu111,acetic_acid,r2scan,SPE,,,,,,,,,,,,,,,,No complete matched component set,false,,0,,withheld: potential mismatch
Cu111,acetic_acid,beef_vdw,relaxed,,,,,,,,,,,,,,,,No complete matched component set,false,,0,,withheld: potential mismatch
Cu111,acetic_acid,beef_vdw,SPE,,,,,,,,,,,,,,,,No complete matched component set,false,,0,,withheld: potential mismatch
Cu111,ethane,pbe,relaxed,,,,,,,,,,,,,,,,No complete matched component set,false,,0,,withheld: potential mismatch
Cu111,ethane,pbe,SPE,,,,,,,,,,,,,,,,No complete matched component set,false,,0,,withheld: potential mismatch
Cu111,ethane,pbe_d3,relaxed,,,,,,,,,,,,,,,,No complete matched component set,false,,0,,withheld: potential mismatch
Cu111,ethane,pbe_d3,SPE,,,,,,,,,,,,,,,,No complete matched component set,false,,0,,withheld: potential mismatch
Cu111,ethane,r2scan,relaxed,,,,,,,,,,,,,,,,No complete matched component set,false,,0,,withheld: potential mismatch
Cu111,ethane,r2scan,SPE,,,,,,,,,,,,,,,,No complete matched component set,false,,0,,withheld: potential mismatch
Cu111,ethane,beef_vdw,relaxed,,,,,,,,,,,,,,,,No complete matched component set,false,,0,,withheld: potential mismatch
Cu111,ethane,beef_vdw,SPE,,,,,,,,,,,,,,,,No complete matched component set,false,,0,,withheld: potential mismatch
Cu111,ethanol,pbe,relaxed,,,,,,,,,,,,,,,,No complete matched component set,false,,0,,withheld: potential mismatch
Cu111,ethanol,pbe,SPE,,,,,,,,,,,,,,,,No complete matched component set,false,,0,,withheld: potential mismatch
Cu111,ethanol,pbe_d3,relaxed,,,,,,,,,,,,,,,,No complete matched component set,false,,0,,withheld: potential mismatch
Cu111,ethanol,pbe_d3,SPE,,,,,,,,,,,,,,,,No complete matched component set,false,,0,,withheld: potential mismatch
Cu111,ethanol,r2scan,relaxed,,,,,,,,,,,,,,,,No complete matched component set,false,,0,,missing
Cu111,ethanol,r2scan,SPE,,,,,,,,,,,,,,,,No complete matched component set,false,,0,,withheld: potential mismatch
Cu111,ethanol,beef_vdw,relaxed,,,,,,,,,,,,,,,,No complete matched component set,false,,0,,withheld: potential mismatch
Cu111,ethanol,beef_vdw,SPE,,,,,,,,,,,,,,,,No complete matched component set,false,,0,,withheld: potential mismatch
Cu111,ethene,pbe,relaxed,,,,,,,,,,,,,,,,No complete matched component set,false,,0,,withheld: potential mismatch
Cu111,ethene,pbe,SPE,,,,,,,,,,,,,,,,No complete matched component set,false,,0,,withheld: potential mismatch
Cu111,ethene,pbe_d3,relaxed,,,,,,,,,,,,,,,,No complete matched component set,false,,0,,withheld: potential mismatch
Cu111,ethene,pbe_d3,SPE,,,,,,,,,,,,,,,,No complete matched component set,false,,0,,withheld: potential mismatch
Cu111,ethene,r2scan,relaxed,,,,,,,,,,,,,,,,No complete matched component set,false,,0,,missing
Cu111,ethene,r2scan,SPE,,,,,,,,,,,,,,,,No complete matched component set,false,,0,,withheld: potential mismatch
Cu111,ethene,beef_vdw,relaxed,,,,,,,,,,,,,,,,No complete matched component set,false,,0,,withheld: potential mismatch
Cu111,ethene,beef_vdw,SPE,,,,,,,,,,,,,,,,No complete matched component set,false,,0,,withheld: potential mismatch
Cu111,formaldehyde,pbe,relaxed,,,,,,,,,,,,,,,,No complete matched component set,false,,0,,withheld: potential mismatch
Cu111,formaldehyde,pbe,SPE,,,,,,,,,,,,,,,,No complete matched component set,false,,0,,withheld: potential mismatch
Cu111,formaldehyde,pbe_d3,relaxed,,,,,,,,,,,,,,,,No complete matched component set,false,,0,,withheld: potential mismatch
Cu111,formaldehyde,pbe_d3,SPE,,,,,,,,,,,,,,,,No complete matched component set,false,,0,,withheld: potential mismatch
Cu111,formaldehyde,r2scan,relaxed,,,,,,,,,,,,,,,,No complete matched component set,false,,0,,missing
Cu111,formaldehyde,r2scan,SPE,,,,,,,,,,,,,,,,No complete matched component set,false,,0,,withheld: potential mismatch
Cu111,formaldehyde,beef_vdw,relaxed,,,,,,,,,,,,,,,,No complete matched component set,false,,0,,withheld: potential mismatch
Cu111,formaldehyde,beef_vdw,SPE,,,,,,,,,,,,,,,,No complete matched component set,false,,0,,withheld: potential mismatch
Cu111,formic_acid,pbe,relaxed,,,,,,,,,,,,,,,,No complete matched component set,false,,0,,missing
Cu111,formic_acid,pbe,SPE,,,,,,,,,,,,,,,,No complete matched component set,false,,0,,withheld: potential mismatch
Cu111,formic_acid,pbe_d3,relaxed,,,,,,,,,,,,,,,,No complete matched component set,false,,0,,missing
Cu111,formic_acid,pbe_d3,SPE,,,,,,,,,,,,,,,,No complete matched component set,false,,0,,withheld: potential mismatch
Cu111,formic_acid,r2scan,relaxed,,,,,,,,,,,,,,,,No complete matched component set,false,,0,,missing
Cu111,formic_acid,r2scan,SPE,,,,,,,,,,,,,,,,No complete matched component set,false,,0,,withheld: potential mismatch
Cu111,formic_acid,beef_vdw,relaxed,,,,,,,,,,,,,,,,No complete matched component set,false,,0,,missing
Cu111,formic_acid,beef_vdw,SPE,,,,,,,,,,,,,,,,No complete matched component set,false,,0,,withheld: potential mismatch
Cu111,isopropanol,pbe,relaxed,,,,,,,,,,,,,,,,No complete matched component set,false,,0,,missing
Cu111,isopropanol,pbe,SPE,,,,,,,,,,,,,,,,No complete matched component set,false,,0,,withheld: potential mismatch
Cu111,isopropanol,pbe_d3,relaxed,,,,,,,,,,,,,,,,No complete matched component set,false,,0,,missing
Cu111,isopropanol,pbe_d3,SPE,,,,,,,,,,,,,,,,No complete matched component set,false,,0,,withheld: potential mismatch
Cu111,isopropanol,r2scan,relaxed,,,,,,,,,,,,,,,,No complete matched component set,false,,0,,missing
Cu111,isopropanol,r2scan,SPE,,,,,,,,,,,,,,,,No complete matched component set,false,,0,,withheld: potential mismatch
Cu111,isopropanol,beef_vdw,relaxed,,,,,,,,,,,,,,,,No complete matched component set,false,,0,,missing
Cu111,isopropanol,beef_vdw,SPE,,,,,,,,,,,,,,,,No complete matched component set,false,,0,,withheld: potential mismatch
Cu111,methane,pbe,relaxed,,,,,,,,,,,,,,,,No complete matched component set,false,,0,,withheld: potential mismatch
Cu111,methane,pbe,SPE,,,,,,,,,,,,,,,,No complete matched component set,false,,0,,withheld: potential mismatch
Cu111,methane,pbe_d3,relaxed,,,,,,,,,,,,,,,,No complete matched component set,false,,0,,withheld: potential mismatch
Cu111,methane,pbe_d3,SPE,,,,,,,,,,,,,,,,No complete matched component set,false,,0,,withheld: potential mismatch
Cu111,methane,r2scan,relaxed,,,,,,,,,,,,,,,,No complete matched component set,false,,0,,withheld: potential mismatch
Cu111,methane,r2scan,SPE,,,,,,,,,,,,,,,,No complete matched component set,false,,0,,withheld: potential mismatch
Cu111,methane,beef_vdw,relaxed,,,,,,,,,,,,,,,,No complete matched component set,false,,0,,withheld: potential mismatch
Cu111,methane,beef_vdw,SPE,,,,,,,,,,,,,,,,No complete matched component set,false,,0,,withheld: potential mismatch
Cu111,methanol,pbe,relaxed,,,,,,,,,,,,,,,,No complete matched component set,false,,0,,missing
Cu111,methanol,pbe,SPE,,,,,,,,,,,,,,,,No complete matched component set,false,,0,,withheld: potential mismatch
Cu111,methanol,pbe_d3,relaxed,,,,,,,,,,,,,,,,No complete matched component set,false,,0,,missing
Cu111,methanol,pbe_d3,SPE,,,,,,,,,,,,,,,,No complete matched component set,false,,0,,withheld: potential mismatch
Cu111,methanol,r2scan,relaxed,,,,,,,,,,,,,,,,No complete matched component set,false,,0,,missing
Cu111,methanol,r2scan,SPE,,,,,,,,,,,,,,,,No complete matched component set,false,,0,,withheld: potential mismatch
Cu111,methanol,beef_vdw,relaxed,,,,,,,,,,,,,,,,No complete matched component set,false,,0,,missing
Cu111,methanol,beef_vdw,SPE,,,,,,,,,,,,,,,,No complete matched component set,false,,0,,withheld: potential mismatch
Cu111,propane,pbe,relaxed,,,,,,,,,,,,,,,,No complete matched component set,false,,0,,missing
Cu111,propane,pbe,SPE,,,,,,,,,,,,,,,,No complete matched component set,false,,0,,withheld: potential mismatch
Cu111,propane,pbe_d3,relaxed,,,,,,,,,,,,,,,,No complete matched component set,false,,0,,missing
Cu111,propane,pbe_d3,SPE,,,,,,,,,,,,,,,,No complete matched component set,false,,0,,withheld: potential mismatch
Cu111,propane,r2scan,relaxed,,,,,,,,,,,,,,,,No complete matched component set,false,,0,,missing
Cu111,propane,r2scan,SPE,,,,,,,,,,,,,,,,No complete matched component set,false,,0,,withheld: potential mismatch
Cu111,propane,beef_vdw,relaxed,,,,,,,,,,,,,,,,No complete matched component set,false,,0,,missing
Cu111,propane,beef_vdw,SPE,,,,,,,,,,,,,,,,No complete matched component set,false,,0,,withheld: potential mismatch
Cu111,propanol,pbe,relaxed,,,,,,,,,,,,,,,,No complete matched component set,false,,0,,missing
Cu111,propanol,pbe,SPE,,,,,,,,,,,,,,,,No complete matched component set,false,,0,,withheld: potential mismatch
Cu111,propanol,pbe_d3,relaxed,,,,,,,,,,,,,,,,No complete matched component set,false,,0,,missing
Cu111,propanol,pbe_d3,SPE,,,,,,,,,,,,,,,,No complete matched component set,false,,0,,withheld: potential mismatch
Cu111,propanol,r2scan,relaxed,,,,,,,,,,,,,,,,No complete matched component set,false,,0,,missing
Cu111,propanol,r2scan,SPE,,,,,,,,,,,,,,,,No complete matched component set,false,,0,,withheld: potential mismatch
Cu111,propanol,beef_vdw,relaxed,,,,,,,,,,,,,,,,No complete matched component set,false,,0,,missing
Cu111,propanol,beef_vdw,SPE,,,,,,,,,,,,,,,,No complete matched component set,false,,0,,withheld: potential mismatch
Cu111,propene,pbe,relaxed,,,,,,,,,,,,,,,,No complete matched component set,false,,0,,missing
Cu111,propene,pbe,SPE,,,,,,,,,,,,,,,,No complete matched component set,false,,0,,withheld: potential mismatch
Cu111,propene,pbe_d3,relaxed,,,,,,,,,,,,,,,,No complete matched component set,false,,0,,missing
Cu111,propene,pbe_d3,SPE,,,,,,,,,,,,,,,,No complete matched component set,false,,0,,withheld: potential mismatch
Cu111,propene,r2scan,relaxed,,,,,,,,,,,,,,,,No complete matched component set,false,,0,,missing
Cu111,propene,r2scan,SPE,,,,,,,,,,,,,,,,No complete matched component set,false,,0,,withheld: potential mismatch
Cu111,propene,beef_vdw,relaxed,,,,,,,,,,,,,,,,No complete matched component set,false,,0,,missing
Cu111,propene,beef_vdw,SPE,,,,,,,,,,,,,,,,No complete matched component set,false,,0,,withheld: potential mismatch
Ir100,CH3,pbe,relaxed,ok,-2.18103043,-314.77468403,-294.40101414,-18.19263946,perlmutter,perlmutter,perlmutter,/pscratch/sd/j/jcho5/VASP/dft_jobs/CH3_Ir100/PBE,/pscratch/sd/j/jcho5/VASP/vasp_slab/Ir100/PBE,/pscratch/sd/j/jcho5/VASP/vasp_mol/CH3/PBE,1ed48130dd6caa27a3a7edd18fe19be10c20b57fecd04e7097844635698f02ce,c030cc21b1b469174d26f0d51d0de78d187d57d4570d0f8694bc65b8efdd47c9,55948174742a2237ee4078ccc4928c5af9560ab1b988bfdc05684033de502d29,"Converged components; matching PAW TITEL identities, functional, composition, full slab cell and stored core settings. Archived Kestrel provenance retained. No energy scaling or offsets.",Perlmutter first,false,-2.181,1,-2.18103043,selected candidate applied
Ir100,CH3,pbe,SPE,ok,-2.08026576,-314.67391936,-294.40101414,-18.19263946,perlmutter,perlmutter,perlmutter,/pscratch/sd/j/jcho5/VASP/dft_jobs/CH3_Ir100/singlepoint/PBE,/pscratch/sd/j/jcho5/VASP/vasp_slab/Ir100/PBE,/pscratch/sd/j/jcho5/VASP/vasp_mol/CH3/PBE,f665099831d95f2adcc5fc81ac781df72cc6ecdf898c01e9123632302238a561,c030cc21b1b469174d26f0d51d0de78d187d57d4570d0f8694bc65b8efdd47c9,55948174742a2237ee4078ccc4928c5af9560ab1b988bfdc05684033de502d29,"Converged components; matching PAW TITEL identities, functional, composition, full slab cell and stored core settings. Archived Kestrel provenance retained. No energy scaling or offsets.",Perlmutter first,false,-2.08,1,-2.08026576,selected candidate applied
Ir100,CH3,pbe_d3,relaxed,ok,-2.45620274,-332.25280166,-311.60244978,-18.19414914,perlmutter,perlmutter,perlmutter,/pscratch/sd/j/jcho5/VASP/dft_jobs/CH3_Ir100/PBE_D3,/pscratch/sd/j/jcho5/VASP/vasp_slab/Ir100/PBE_D3,/pscratch/sd/j/jcho5/VASP/vasp_mol/CH3/PBE_D3,9d1ca6fd4abc4d305eaf77114290c1100e5fc32cc089e303cdb3c54e71be65ea,547448d2aac4e0a9db657b4ecb27326f7c79eb97e035b1817257bcb31809d09d,d5c3d39ad14473323e77e91f951c1fed3ea6b279c20a4b6f3944c45fa910de88,"Converged components; matching PAW TITEL identities, functional, composition, full slab cell and stored core settings. Archived Kestrel provenance retained. No energy scaling or offsets.",Perlmutter first,false,-2.456,1,-2.45620274,selected candidate applied
Ir100,CH3,pbe_d3,SPE,ok,-2.36483493,-332.16143385,-311.60244978,-18.19414914,perlmutter,perlmutter,perlmutter,/pscratch/sd/j/jcho5/VASP/dft_jobs/CH3_Ir100/singlepoint/PBE_D3,/pscratch/sd/j/jcho5/VASP/vasp_slab/Ir100/PBE_D3,/pscratch/sd/j/jcho5/VASP/vasp_mol/CH3/PBE_D3,77ebcfe59d345882527f060fed1f610376da0eb74f7821294dfc26a64d5bdaad,547448d2aac4e0a9db657b4ecb27326f7c79eb97e035b1817257bcb31809d09d,d5c3d39ad14473323e77e91f951c1fed3ea6b279c20a4b6f3944c45fa910de88,"Converged components; matching PAW TITEL identities, functional, composition, full slab cell and stored core settings. Archived Kestrel provenance retained. No energy scaling or offsets.",Perlmutter first,false,-2.365,1,-2.36483493,selected candidate applied
Ir100,CH3,r2scan,relaxed,,,,,,,,,,,,,,,,No complete matched component set,false,,0,,withheld: refs unverified
Ir100,CH3,r2scan,SPE,,,,,,,,,,,,,,,,No complete matched component set,false,,0,,withheld: refs unverified
Ir100,CH3,beef_vdw,relaxed,ok,-2.26018478,-202.39533855,-183.01756659,-17.11758718,perlmutter,perlmutter,perlmutter,/pscratch/sd/j/jcho5/VASP/dft_jobs/CH3_Ir100/beef_vdw,/pscratch/sd/j/jcho5/VASP/vasp_slab/Ir100/beef_vdw,/pscratch/sd/j/jcho5/VASP/vasp_mol/CH3/beef_vdw,a0f69c1e79b1200007f56aacdc7a236d8bfd7ee51b9eed406252bc6e35472bb1,7640979a3bcab4062fa8150f55ee676cbecca0f1a3f8792a7c0ed31f2fddf0d1,17654ec6cbe398af64a6c89e8c35a22325002947a1b1e7b4ad8572e57f8de8e7,"Converged components; matching PAW TITEL identities, functional, composition, full slab cell and stored core settings. Archived Kestrel provenance retained. No energy scaling or offsets.",Perlmutter first,false,-2.26,1,-2.26018478,selected candidate applied
Ir100,CH3,beef_vdw,SPE,ok,-2.10056053,-202.2357143,-183.01756659,-17.11758718,perlmutter,perlmutter,perlmutter,/pscratch/sd/j/jcho5/VASP/dft_jobs/CH3_Ir100/singlepoint/beef_vdw,/pscratch/sd/j/jcho5/VASP/vasp_slab/Ir100/beef_vdw,/pscratch/sd/j/jcho5/VASP/vasp_mol/CH3/beef_vdw,832d4a801783ea60fa8a232f154d5b0ab6c05cdadb3eb8590d479dc557bcd34b,7640979a3bcab4062fa8150f55ee676cbecca0f1a3f8792a7c0ed31f2fddf0d1,17654ec6cbe398af64a6c89e8c35a22325002947a1b1e7b4ad8572e57f8de8e7,"Converged components; matching PAW TITEL identities, functional, composition, full slab cell and stored core settings. Archived Kestrel provenance retained. No energy scaling or offsets.",Perlmutter first,false,-2.101,1,-2.10056053,selected candidate applied
Ir100,CO,pbe,relaxed,ok,-2.23203257,-311.41342908,-294.40101414,-14.78038237,perlmutter,perlmutter,perlmutter,/pscratch/sd/j/jcho5/VASP/dft_jobs/CO_Ir100/PBE,/pscratch/sd/j/jcho5/VASP/vasp_slab/Ir100/PBE,/pscratch/sd/j/jcho5/VASP/vasp_mol/CO/PBE,eaa4a5fbe1c6ca76c5f7a3b5bdb27c9805eee24639b16d91818edeb797c9bafd,c030cc21b1b469174d26f0d51d0de78d187d57d4570d0f8694bc65b8efdd47c9,5de111fef07e98239197c4d5ccebe9b659b69a862d3790f6544f0960f107810e,"Converged components; matching PAW TITEL identities, functional, composition, full slab cell and stored core settings. Archived Kestrel provenance retained. No energy scaling or offsets.",Perlmutter first,false,-2.232,1,-2.23203257,selected candidate applied
Ir100,CO,pbe,SPE,ok,-2.15746482,-311.33886133,-294.40101414,-14.78038237,perlmutter,perlmutter,perlmutter,/pscratch/sd/j/jcho5/VASP/dft_jobs/CO_Ir100/singlepoint/PBE,/pscratch/sd/j/jcho5/VASP/vasp_slab/Ir100/PBE,/pscratch/sd/j/jcho5/VASP/vasp_mol/CO/PBE,839983374053bc1dfaddacdd49aefeead30cd752a7c34e3d5b4cf05f27f1541c,c030cc21b1b469174d26f0d51d0de78d187d57d4570d0f8694bc65b8efdd47c9,5de111fef07e98239197c4d5ccebe9b659b69a862d3790f6544f0960f107810e,"Converged components; matching PAW TITEL identities, functional, composition, full slab cell and stored core settings. Archived Kestrel provenance retained. No energy scaling or offsets.",Perlmutter first,false,,2,-2.15746482,selected candidate applied
Ir100,CO,pbe_d3,relaxed,ok,-2.48817362,-328.8710193,-311.60244978,-14.7803959,perlmutter,perlmutter,perlmutter,/pscratch/sd/j/jcho5/VASP/dft_jobs/CO_Ir100/PBE_D3,/pscratch/sd/j/jcho5/VASP/vasp_slab/Ir100/PBE_D3,/pscratch/sd/j/jcho5/VASP/vasp_mol/CO/PBE_D3,a72c2d09c41950e01370dc7ef0e3390bcc567c6ac180ccdb6948adb2824bdbcd,547448d2aac4e0a9db657b4ecb27326f7c79eb97e035b1817257bcb31809d09d,6f7c547c5fad89492e6aa42317c90bb373aa74cfe9822216218e7897b7d88dae,"Converged components; matching PAW TITEL identities, functional, composition, full slab cell and stored core settings. Archived Kestrel provenance retained. No energy scaling or offsets.",Perlmutter first,false,-2.488,1,-2.48817362,selected candidate applied
Ir100,CO,pbe_d3,SPE,ok,-2.39443964,-328.77728532,-311.60244978,-14.7803959,perlmutter,perlmutter,perlmutter,/pscratch/sd/j/jcho5/VASP/dft_jobs/CO_Ir100/singlepoint/PBE_D3,/pscratch/sd/j/jcho5/VASP/vasp_slab/Ir100/PBE_D3,/pscratch/sd/j/jcho5/VASP/vasp_mol/CO/PBE_D3,7998a909581f2baf69a61d6e122ec7859d5af889807bd8b5c4645959007bf7ea,547448d2aac4e0a9db657b4ecb27326f7c79eb97e035b1817257bcb31809d09d,6f7c547c5fad89492e6aa42317c90bb373aa74cfe9822216218e7897b7d88dae,"Converged components; matching PAW TITEL identities, functional, composition, full slab cell and stored core settings. Archived Kestrel provenance retained. No energy scaling or offsets.",Perlmutter first,false,,2,-2.39443964,selected candidate applied
Ir100,CO,r2scan,relaxed,,,,,,,,,,,,,,,,No complete matched component set,false,,0,,withheld: refs unverified
Ir100,CO,r2scan,SPE,,,,,,,,,,,,,,,,No complete matched component set,false,,0,,withheld: refs unverified
Ir100,CO,beef_vdw,relaxed,ok,-2.13088369,-196.88162659,-183.01756659,-11.73317631,perlmutter,perlmutter,perlmutter,/pscratch/sd/j/jcho5/VASP/dft_jobs/CO_Ir100/beef_vdw,/pscratch/sd/j/jcho5/VASP/vasp_slab/Ir100/beef_vdw,/pscratch/sd/j/jcho5/VASP/vasp_mol/CO/beef_vdw,f204675df1a84ac313588c07620635fc107e08b56c6d40bbb03167382088ce99,7640979a3bcab4062fa8150f55ee676cbecca0f1a3f8792a7c0ed31f2fddf0d1,90c259ac544177c49d5917b5ef2a599f016bbaa85d9c2a29cfebab933e903980,"Converged components; matching PAW TITEL identities, functional, composition, full slab cell and stored core settings. Archived Kestrel provenance retained. No energy scaling or offsets.",Perlmutter first,false,-2.131,1,-2.13088369,selected candidate applied
Ir100,CO,beef_vdw,SPE,ok,-2.00209591,-196.75283881,-183.01756659,-11.73317631,perlmutter,perlmutter,perlmutter,/pscratch/sd/j/jcho5/VASP/dft_jobs/CO_Ir100/singlepoint/beef_vdw,/pscratch/sd/j/jcho5/VASP/vasp_slab/Ir100/beef_vdw,/pscratch/sd/j/jcho5/VASP/vasp_mol/CO/beef_vdw,3f6d24f81dcdc3b4c84b44af87adc2a4e7384c603b7ab399925446a3928605ff,7640979a3bcab4062fa8150f55ee676cbecca0f1a3f8792a7c0ed31f2fddf0d1,90c259ac544177c49d5917b5ef2a599f016bbaa85d9c2a29cfebab933e903980,"Converged components; matching PAW TITEL identities, functional, composition, full slab cell and stored core settings. Archived Kestrel provenance retained. No energy scaling or offsets.",Perlmutter first,false,,2,-2.00209591,selected candidate applied
Ir100,CO2,pbe,relaxed,ok,-0.02382396,-317.38503332,-294.40101414,-22.96019522,perlmutter,perlmutter,perlmutter,/pscratch/sd/j/jcho5/VASP/dft_jobs/CO2_Ir100/PBE,/pscratch/sd/j/jcho5/VASP/vasp_slab/Ir100/PBE,/pscratch/sd/j/jcho5/VASP/vasp_mol/CO2/PBE,d80ce88e2f97b09e3f3f21dd72c88c2949beccd1b0a52d69107511d73b8b9167,c030cc21b1b469174d26f0d51d0de78d187d57d4570d0f8694bc65b8efdd47c9,5c3d4e7285479f2d4ac862de58c80a00baa5aba72e6fa7f6e419b6d41f863eca,"Converged components; matching PAW TITEL identities, functional, composition, full slab cell and stored core settings. Archived Kestrel provenance retained. No energy scaling or offsets.",Perlmutter first,false,-0.024,1,-0.02382396,selected candidate applied
Ir100,CO2,pbe,SPE,ok,0.03559969,-317.32560967,-294.40101414,-22.96019522,perlmutter,perlmutter,perlmutter,/pscratch/sd/j/jcho5/VASP/dft_jobs/CO2_Ir100/singlepoint/PBE,/pscratch/sd/j/jcho5/VASP/vasp_slab/Ir100/PBE,/pscratch/sd/j/jcho5/VASP/vasp_mol/CO2/PBE,899540f0cca3dca4a84a7e6aadcbd62144685ab9d7804d7806ddd42a6f3d6e11,c030cc21b1b469174d26f0d51d0de78d187d57d4570d0f8694bc65b8efdd47c9,5c3d4e7285479f2d4ac862de58c80a00baa5aba72e6fa7f6e419b6d41f863eca,"Converged components; matching PAW TITEL identities, functional, composition, full slab cell and stored core settings. Archived Kestrel provenance retained. No energy scaling or offsets.",Perlmutter first,false,,2,0.03559969,selected candidate applied
Ir100,CO2,pbe_d3,relaxed,,,,,,,,,,,,,,,,No complete matched component set,false,,0,,missing
Ir100,CO2,pbe_d3,SPE,,,,,,,,,,,,,,,,No complete matched component set,false,,0,,missing
Ir100,CO2,r2scan,relaxed,,,,,,,,,,,,,,,,No complete matched component set,false,,0,,withheld: refs unverified
Ir100,CO2,r2scan,SPE,,,,,,,,,,,,,,,,No complete matched component set,false,,0,,missing
Ir100,CO2,beef_vdw,relaxed,ok,-0.26687211,-201.20506352,-183.01756659,-17.92062482,perlmutter,perlmutter,perlmutter,/pscratch/sd/j/jcho5/VASP/dft_jobs/CO2_Ir100/beef_vdw,/pscratch/sd/j/jcho5/VASP/vasp_slab/Ir100/beef_vdw,/pscratch/sd/j/jcho5/VASP/vasp_mol/CO2/beef_vdw,8c9bca99b266d45b476b799e0314c528251d871efa0b4b8579ee6144ea73a241,7640979a3bcab4062fa8150f55ee676cbecca0f1a3f8792a7c0ed31f2fddf0d1,f55cd94ae310bcb3102648fec1901ebd52aabdb902a10c25eb00c390b23c1ca3,"Converged components; matching PAW TITEL identities, functional, composition, full slab cell and stored core settings. Archived Kestrel provenance retained. No energy scaling or offsets.",Perlmutter first,false,-0.267,1,-0.26687211,selected candidate applied
Ir100,CO2,beef_vdw,SPE,,,,,,,,,,,,,,,,Kestrel candidate held: matching Perlmutter structure not verified,false,,1,,withheld: refs unverified
Ir100,DME,pbe,relaxed,ok,-0.35863189,-341.13732792,-294.40101414,-46.37768189,perlmutter,perlmutter,perlmutter,/pscratch/sd/j/jcho5/VASP/dft_jobs/CH3OCH3_Ir100/PBE,/pscratch/sd/j/jcho5/VASP/vasp_slab/Ir100/PBE,/pscratch/sd/j/jcho5/VASP/completion_runs/dme_references_davidson_20260915/molecule/DME/PBE,bda69be0499abeca8acb5a4c09b6b6fb7903c88d116a5c1aa8f0fd108516496b,c030cc21b1b469174d26f0d51d0de78d187d57d4570d0f8694bc65b8efdd47c9,2783353f6c0ff3844ba4d6ff5d7e8f828816118201b89284c45975b6be47d7f6,"Converged components; matching PAW TITEL identities, functional, composition, full slab cell and stored core settings. Archived Kestrel provenance retained. No energy scaling or offsets.",Perlmutter first,false,-0.359,1,-0.35863189,selected candidate applied
Ir100,DME,pbe,SPE,ok,-0.30723141,-341.08592744,-294.40101414,-46.37768189,perlmutter,perlmutter,perlmutter,/pscratch/sd/j/jcho5/VASP/dft_jobs/CH3OCH3_Ir100/singlepoint/PBE,/pscratch/sd/j/jcho5/VASP/vasp_slab/Ir100/PBE,/pscratch/sd/j/jcho5/VASP/completion_runs/dme_references_davidson_20260915/molecule/DME/PBE,81026f7a5eb2c8dcd31ff66254274a4b5be4291d438b4e8d236b9dfdce7e5c45,c030cc21b1b469174d26f0d51d0de78d187d57d4570d0f8694bc65b8efdd47c9,2783353f6c0ff3844ba4d6ff5d7e8f828816118201b89284c45975b6be47d7f6,"Converged components; matching PAW TITEL identities, functional, composition, full slab cell and stored core settings. Archived Kestrel provenance retained. No energy scaling or offsets.",Perlmutter first,false,-0.307,2,-0.30723141,selected candidate applied
Ir100,DME,pbe_d3,relaxed,ok,-0.91526038,-358.94122878,-311.60244978,-46.42351862,perlmutter,perlmutter,perlmutter,/pscratch/sd/j/jcho5/VASP/dft_jobs/CH3OCH3_Ir100/PBE_D3,/pscratch/sd/j/jcho5/VASP/vasp_slab/Ir100/PBE_D3,/pscratch/sd/j/jcho5/VASP/completion_runs/dme_references_davidson_20260915/molecule/DME/PBE_D3,2c85f78949ddec14af0e45d91cd1ba32258183188f730fa4f0371c873e4f3bd0,547448d2aac4e0a9db657b4ecb27326f7c79eb97e035b1817257bcb31809d09d,fa540cffb0ee118e48318e9d7cc15ef68ab721ba66b60dacbe49aaf2111cd3ba,"Converged components; matching PAW TITEL identities, functional, composition, full slab cell and stored core settings. Archived Kestrel provenance retained. No energy scaling or offsets.",Perlmutter first,false,-0.915,1,-0.91526038,selected candidate applied
Ir100,DME,pbe_d3,SPE,ok,-0.83829914,-358.86426754,-311.60244978,-46.42351862,perlmutter,perlmutter,perlmutter,/pscratch/sd/j/jcho5/VASP/dft_jobs/CH3OCH3_Ir100/singlepoint/PBE_D3,/pscratch/sd/j/jcho5/VASP/vasp_slab/Ir100/PBE_D3,/pscratch/sd/j/jcho5/VASP/completion_runs/dme_references_davidson_20260915/molecule/DME/PBE_D3,a54a73b0e2af3888898dbbd265715b50d68b20f2a6f76148e759e3b9e18b443a,547448d2aac4e0a9db657b4ecb27326f7c79eb97e035b1817257bcb31809d09d,fa540cffb0ee118e48318e9d7cc15ef68ab721ba66b60dacbe49aaf2111cd3ba,"Converged components; matching PAW TITEL identities, functional, composition, full slab cell and stored core settings. Archived Kestrel provenance retained. No energy scaling or offsets.",Perlmutter first,false,-0.838,2,-0.83829914,selected candidate applied
Ir100,DME,r2scan,relaxed,,,,,,,,,,,,,,,,No complete matched component set,false,,0,,withheld: refs unverified
Ir100,DME,r2scan,SPE,,,,,,,,,,,,,,,,No complete matched component set,false,,0,,withheld: refs unverified
Ir100,DME,beef_vdw,relaxed,ok,-0.73627839,-226.04697427,-183.01756659,-42.29312929,perlmutter,perlmutter,perlmutter,/pscratch/sd/j/jcho5/VASP/dft_jobs/CH3OCH3_Ir100/beef_vdw,/pscratch/sd/j/jcho5/VASP/vasp_slab/Ir100/beef_vdw,/pscratch/sd/j/jcho5/VASP/vasp_mol/CH3OCH3/beef_vdw,0a5ae7da8ed4e7ea5368dacb6a25bf5736a5fc29fcc13a186ad2cda085a224dc,7640979a3bcab4062fa8150f55ee676cbecca0f1a3f8792a7c0ed31f2fddf0d1,086d10efc7f719c873def716799e78f3d0ddf3330b2d8d4c13d6972f445248a2,"Converged components; matching PAW TITEL identities, functional, composition, full slab cell and stored core settings. Archived Kestrel provenance retained. No energy scaling or offsets.",Perlmutter first,false,-0.736,1,-0.73627839,selected candidate applied
Ir100,DME,beef_vdw,SPE,ok,-0.61456426,-225.92526014,-183.01756659,-42.29312929,perlmutter,perlmutter,perlmutter,/pscratch/sd/j/jcho5/VASP/dft_jobs/CH3OCH3_Ir100/singlepoint/beef_vdw,/pscratch/sd/j/jcho5/VASP/vasp_slab/Ir100/beef_vdw,/pscratch/sd/j/jcho5/VASP/vasp_mol/CH3OCH3/beef_vdw,71568df661c80575e9e52fd747f9e0d1cb987bb2dca377f1aec20060d4efecc9,7640979a3bcab4062fa8150f55ee676cbecca0f1a3f8792a7c0ed31f2fddf0d1,086d10efc7f719c873def716799e78f3d0ddf3330b2d8d4c13d6972f445248a2,"Converged components; matching PAW TITEL identities, functional, composition, full slab cell and stored core settings. Archived Kestrel provenance retained. No energy scaling or offsets.",Perlmutter first,false,-0.615,2,-0.61456426,selected candidate applied
Ir100,H2O,pbe,relaxed,ok,-0.48761896,-309.10640827,-294.40101414,-14.21777517,perlmutter,perlmutter,perlmutter,/pscratch/sd/j/jcho5/VASP/dft_jobs/H2O_Ir100/PBE,/pscratch/sd/j/jcho5/VASP/vasp_slab/Ir100/PBE,/pscratch/sd/j/jcho5/VASP/vasp_mol/H2O/PBE,8388949d99c54b55acbd1a5f4946fdded28de02e2d4bbfc0c51b6b0f119ff957,c030cc21b1b469174d26f0d51d0de78d187d57d4570d0f8694bc65b8efdd47c9,dbc93cb2dc9c33d9e78e8d67411ddad5af844a63665a1023d719bbb6cea7ab32,"Converged components; matching PAW TITEL identities, functional, composition, full slab cell and stored core settings. Archived Kestrel provenance retained. No energy scaling or offsets.",Perlmutter first,false,-0.488,1,-0.48761896,selected candidate applied
Ir100,H2O,pbe,SPE,ok,-0.41349575,-309.03228506,-294.40101414,-14.21777517,perlmutter,perlmutter,perlmutter,/pscratch/sd/j/jcho5/VASP/dft_jobs/H2O_Ir100/singlepoint/PBE,/pscratch/sd/j/jcho5/VASP/vasp_slab/Ir100/PBE,/pscratch/sd/j/jcho5/VASP/vasp_mol/H2O/PBE,d72d0dd1c1696e7c539709e725ebf3917a96fd5630a3f088821af188b84cde13,c030cc21b1b469174d26f0d51d0de78d187d57d4570d0f8694bc65b8efdd47c9,dbc93cb2dc9c33d9e78e8d67411ddad5af844a63665a1023d719bbb6cea7ab32,"Converged components; matching PAW TITEL identities, functional, composition, full slab cell and stored core settings. Archived Kestrel provenance retained. No energy scaling or offsets.",Perlmutter first,false,,2,-0.41349575,selected candidate applied
Ir100,H2O,pbe_d3,relaxed,ok,-0.70588171,-326.52621927,-311.60244978,-14.21788778,perlmutter,perlmutter,perlmutter,/pscratch/sd/j/jcho5/VASP/dft_jobs/H2O_Ir100/PBE_D3,/pscratch/sd/j/jcho5/VASP/vasp_slab/Ir100/PBE_D3,/pscratch/sd/j/jcho5/VASP/vasp_mol/H2O/PBE_D3,76554888fee2139832a18d532bbd7873333194434313e31f171aa2d1df83e761,547448d2aac4e0a9db657b4ecb27326f7c79eb97e035b1817257bcb31809d09d,262c9c4edc75d1e8273e9ddecaa2811518bff7b48e9850e565c0e5f7753cd53d,"Converged components; matching PAW TITEL identities, functional, composition, full slab cell and stored core settings. Archived Kestrel provenance retained. No energy scaling or offsets.",Perlmutter first,false,-0.706,1,-0.70588171,selected candidate applied
Ir100,H2O,pbe_d3,SPE,ok,-0.61948326,-326.43982082,-311.60244978,-14.21788778,perlmutter,perlmutter,perlmutter,/pscratch/sd/j/jcho5/VASP/dft_jobs/H2O_Ir100/singlepoint/PBE_D3,/pscratch/sd/j/jcho5/VASP/vasp_slab/Ir100/PBE_D3,/pscratch/sd/j/jcho5/VASP/vasp_mol/H2O/PBE_D3,be9ba800322385dd36e30e65067e1dffa86f72215722eb59424b07095a6081c5,547448d2aac4e0a9db657b4ecb27326f7c79eb97e035b1817257bcb31809d09d,262c9c4edc75d1e8273e9ddecaa2811518bff7b48e9850e565c0e5f7753cd53d,"Converged components; matching PAW TITEL identities, functional, composition, full slab cell and stored core settings. Archived Kestrel provenance retained. No energy scaling or offsets.",Perlmutter first,false,,2,-0.61948326,selected candidate applied
Ir100,H2O,r2scan,relaxed,,,,,,,,,,,,,,,,No complete matched component set,false,,0,,withheld: refs unverified
Ir100,H2O,r2scan,SPE,,,,,,,,,,,,,,,,No complete matched component set,false,,0,,withheld: refs unverified
Ir100,H2O,beef_vdw,relaxed,ok,-0.54214710,-196.0630305,-183.01756659,-12.50331681,perlmutter,perlmutter,perlmutter,/pscratch/sd/j/jcho5/VASP/dft_jobs/H2O_Ir100/beef_vdw,/pscratch/sd/j/jcho5/VASP/vasp_slab/Ir100/beef_vdw,/pscratch/sd/j/jcho5/VASP/vasp_mol/H2O/beef_vdw,002608b557531109c6ab5f8187fdbb0037ec24d6648b932c9d8b8bf3e062a3a6,7640979a3bcab4062fa8150f55ee676cbecca0f1a3f8792a7c0ed31f2fddf0d1,689e45a06d4ccea94754e756b8c22988cea5c0e0e6d5f8a7a54a4aad4d83b021,"Converged components; matching PAW TITEL identities, functional, composition, full slab cell and stored core settings. Archived Kestrel provenance retained. No energy scaling or offsets.",Perlmutter first,false,-0.542,1,-0.54214710,selected candidate applied
Ir100,H2O,beef_vdw,SPE,ok,-0.37824473,-195.89912813,-183.01756659,-12.50331681,perlmutter,perlmutter,perlmutter,/pscratch/sd/j/jcho5/VASP/dft_jobs/H2O_Ir100/singlepoint/beef_vdw,/pscratch/sd/j/jcho5/VASP/vasp_slab/Ir100/beef_vdw,/pscratch/sd/j/jcho5/VASP/vasp_mol/H2O/beef_vdw,6c448591e9884ce3d7c6203459190c65b97c9711cdf118af427e44b0bafcdcbe,7640979a3bcab4062fa8150f55ee676cbecca0f1a3f8792a7c0ed31f2fddf0d1,689e45a06d4ccea94754e756b8c22988cea5c0e0e6d5f8a7a54a4aad4d83b021,"Converged components; matching PAW TITEL identities, functional, composition, full slab cell and stored core settings. Archived Kestrel provenance retained. No energy scaling or offsets.",Perlmutter first,false,,2,-0.37824473,selected candidate applied
Ir100,H2S,pbe,relaxed,ok,-2.60272587,-308.2028347,-294.40101414,-11.19909469,perlmutter,perlmutter,perlmutter,/pscratch/sd/j/jcho5/VASP/dft_jobs/H2S_Ir100/PBE,/pscratch/sd/j/jcho5/VASP/vasp_slab/Ir100/PBE,/pscratch/sd/j/jcho5/VASP/vasp_mol/H2S/PBE,1618a93ae7e7255fdd742e41f24f99267759f3fcd9972320502c79e9b363b750,c030cc21b1b469174d26f0d51d0de78d187d57d4570d0f8694bc65b8efdd47c9,1a92bedbec2079b5bccf2895e7f9410fb27146466a381d2e646a140cf02b9356,"Converged components; matching PAW TITEL identities, functional, composition, full slab cell and stored core settings. Archived Kestrel provenance retained. No energy scaling or offsets.",Perlmutter first,false,-2.603,1,-2.60272587,selected candidate applied
Ir100,H2S,pbe,SPE,ok,-2.52847488,-308.12858371,-294.40101414,-11.19909469,perlmutter,perlmutter,perlmutter,/pscratch/sd/j/jcho5/VASP/dft_jobs/H2S_Ir100/singlepoint/PBE,/pscratch/sd/j/jcho5/VASP/vasp_slab/Ir100/PBE,/pscratch/sd/j/jcho5/VASP/vasp_mol/H2S/PBE,221f78d559aea7775496b4d65a1bb7b70886a6b012294c49bfe9b1d967df1d49,c030cc21b1b469174d26f0d51d0de78d187d57d4570d0f8694bc65b8efdd47c9,1a92bedbec2079b5bccf2895e7f9410fb27146466a381d2e646a140cf02b9356,"Converged components; matching PAW TITEL identities, functional, composition, full slab cell and stored core settings. Archived Kestrel provenance retained. No energy scaling or offsets.",Perlmutter first,false,,1,-2.52847488,selected candidate applied
Ir100,H2S,pbe_d3,relaxed,ok,-3.08554231,-325.8877586,-311.60244978,-11.19976651,perlmutter,perlmutter,perlmutter,/pscratch/sd/j/jcho5/VASP/dft_jobs/H2S_Ir100/PBE_D3,/pscratch/sd/j/jcho5/VASP/vasp_slab/Ir100/PBE_D3,/pscratch/sd/j/jcho5/VASP/vasp_mol/H2S/PBE_D3,c1c29a8ffede765eb3af94ba39a23990782602ca0b746e8bc242918cad24257f,547448d2aac4e0a9db657b4ecb27326f7c79eb97e035b1817257bcb31809d09d,c6b9f0976f0182a20da8d55d89e0540f22dd45606b1c658db8ccc9505c1f53c1,"Converged components; matching PAW TITEL identities, functional, composition, full slab cell and stored core settings. Archived Kestrel provenance retained. No energy scaling or offsets.",Perlmutter first,false,-3.086,1,-3.08554231,selected candidate applied
Ir100,H2S,pbe_d3,SPE,ok,-2.99609815,-325.79831444,-311.60244978,-11.19976651,perlmutter,perlmutter,perlmutter,/pscratch/sd/j/jcho5/VASP/dft_jobs/H2S_Ir100/singlepoint/PBE_D3,/pscratch/sd/j/jcho5/VASP/vasp_slab/Ir100/PBE_D3,/pscratch/sd/j/jcho5/VASP/vasp_mol/H2S/PBE_D3,d813fb9954a80ed249a7b0270199996019925dbd3eacea13509c0b67e3fb78d4,547448d2aac4e0a9db657b4ecb27326f7c79eb97e035b1817257bcb31809d09d,c6b9f0976f0182a20da8d55d89e0540f22dd45606b1c658db8ccc9505c1f53c1,"Converged components; matching PAW TITEL identities, functional, composition, full slab cell and stored core settings. Archived Kestrel provenance retained. No energy scaling or offsets.",Perlmutter first,false,,1,-2.99609815,selected candidate applied
Ir100,H2S,r2scan,relaxed,,,,,,,,,,,,,,,,No complete matched component set,false,,0,,withheld: refs unverified
Ir100,H2S,r2scan,SPE,,,,,,,,,,,,,,,,No complete matched component set,false,,0,,withheld: refs unverified
Ir100,H2S,beef_vdw,relaxed,ok,-2.59052137,-195.22226421,-183.01756659,-9.61417625,perlmutter,perlmutter,perlmutter,/pscratch/sd/j/jcho5/VASP/dft_jobs/H2S_Ir100/beef_vdw,/pscratch/sd/j/jcho5/VASP/vasp_slab/Ir100/beef_vdw,/pscratch/sd/j/jcho5/VASP/vasp_mol/H2S/beef_vdw,93f763226bb3b39c323a2d96f13612f846d623af6e0e6729d9d18f1505df4c55,7640979a3bcab4062fa8150f55ee676cbecca0f1a3f8792a7c0ed31f2fddf0d1,98d678433025cb0030b4997be58e36abb1c9bcfbdbd54865bdaab7162987e9be,"Converged components; matching PAW TITEL identities, functional, composition, full slab cell and stored core settings. Archived Kestrel provenance retained. No energy scaling or offsets.",Perlmutter first,false,-2.591,1,-2.59052137,selected candidate applied
Ir100,H2S,beef_vdw,SPE,ok,-2.45910654,-195.09084938,-183.01756659,-9.61417625,perlmutter,perlmutter,perlmutter,/pscratch/sd/j/jcho5/VASP/dft_jobs/H2S_Ir100/singlepoint/beef_vdw,/pscratch/sd/j/jcho5/VASP/vasp_slab/Ir100/beef_vdw,/pscratch/sd/j/jcho5/VASP/vasp_mol/H2S/beef_vdw,5d76290c98943634e16b72eee8d92718335d5c38bef199ff8e2c3d5f0ff8b4ef,7640979a3bcab4062fa8150f55ee676cbecca0f1a3f8792a7c0ed31f2fddf0d1,98d678433025cb0030b4997be58e36abb1c9bcfbdbd54865bdaab7162987e9be,"Converged components; matching PAW TITEL identities, functional, composition, full slab cell and stored core settings. Archived Kestrel provenance retained. No energy scaling or offsets.",Perlmutter first,false,,1,-2.45910654,selected candidate applied
Ir100,N2,pbe,relaxed,ok,-0.80957554,-311.83861459,-294.40101414,-16.62802491,perlmutter,perlmutter,perlmutter,/pscratch/sd/j/jcho5/VASP/dft_jobs/N2_Ir100/PBE,/pscratch/sd/j/jcho5/VASP/vasp_slab/Ir100/PBE,/pscratch/sd/j/jcho5/VASP/vasp_mol/N2/PBE,aa78d58a60852e9d5be674c1ecaa1b7fae5f9714c6edc038b1d5ce6bee83d6dd,c030cc21b1b469174d26f0d51d0de78d187d57d4570d0f8694bc65b8efdd47c9,d88c05e269ebedefc829ee51245381d8e9c4347ae29e1f29f7c2429f141c6649,"Converged components; matching PAW TITEL identities, functional, composition, full slab cell and stored core settings. Archived Kestrel provenance retained. No energy scaling or offsets.",Perlmutter first,false,-0.81,1,-0.80957554,selected candidate applied
Ir100,N2,pbe,SPE,,,,,,,,,,,,,,,,No complete matched component set,false,,0,,missing
Ir100,N2,pbe_d3,relaxed,ok,-1.05703991,-329.28752319,-311.60244978,-16.6280335,perlmutter,perlmutter,perlmutter,/pscratch/sd/j/jcho5/VASP/dft_jobs/N2_Ir100/PBE_D3,/pscratch/sd/j/jcho5/VASP/vasp_slab/Ir100/PBE_D3,/pscratch/sd/j/jcho5/VASP/vasp_mol/N2/PBE_D3,e609a9ae8b9846324daa6a97cd6c903dd8b6eacaeac5ea459c61ddce9d25fb0a,547448d2aac4e0a9db657b4ecb27326f7c79eb97e035b1817257bcb31809d09d,134aa30894843fb850c2e4f166e7e4b2abf6c5fa55bd8b86446136d10ff5996c,"Converged components; matching PAW TITEL identities, functional, composition, full slab cell and stored core settings. Archived Kestrel provenance retained. No energy scaling or offsets.",Perlmutter first,false,-1.057,1,-1.05703991,selected candidate applied
Ir100,N2,pbe_d3,SPE,,,,,,,,,,,,,,,,No complete matched component set,false,,0,,missing
Ir100,N2,r2scan,relaxed,,,,,,,,,,,,,,,,No complete matched component set,false,,0,,withheld: refs unverified
Ir100,N2,r2scan,SPE,,,,,,,,,,,,,,,,No complete matched component set,false,,0,,missing
Ir100,N2,beef_vdw,relaxed,ok,-0.80460058,-197.38549462,-183.01756659,-13.56332745,perlmutter,perlmutter,perlmutter,/pscratch/sd/j/jcho5/VASP/dft_jobs/N2_Ir100/beef_vdw,/pscratch/sd/j/jcho5/VASP/vasp_slab/Ir100/beef_vdw,/pscratch/sd/j/jcho5/VASP/vasp_mol/N2/beef_vdw,323a14cd958bcdb48ac03fdfbc29f26d9811e5f542769abd086362f4bbeeb5ed,7640979a3bcab4062fa8150f55ee676cbecca0f1a3f8792a7c0ed31f2fddf0d1,c086dfba7988ca265f900e304852fba2928e031933156f88c5fe4c6c6e000fe5,"Converged components; matching PAW TITEL identities, functional, composition, full slab cell and stored core settings. Archived Kestrel provenance retained. No energy scaling or offsets.",Perlmutter first,false,-0.805,1,-0.80460058,selected candidate applied
Ir100,N2,beef_vdw,SPE,,,,,,,,,,,,,,,,No complete matched component set,false,,0,,missing
Ir100,NH3,pbe,relaxed,ok,-1.29040627,-315.22662141,-294.40101414,-19.535201,perlmutter,perlmutter,perlmutter,/pscratch/sd/j/jcho5/VASP/dft_jobs/NH3_Ir100/PBE,/pscratch/sd/j/jcho5/VASP/vasp_slab/Ir100/PBE,/pscratch/sd/j/jcho5/VASP/vasp_mol/NH3/PBE,ce04c044a8811fcf8cfc6aff3a4ab0c1f402137acf6feec9455540a495b85d05,c030cc21b1b469174d26f0d51d0de78d187d57d4570d0f8694bc65b8efdd47c9,213763fedd7093b2229835703201a9709064f59272bde3e2c23f0851e910d0c8,"Converged components; matching PAW TITEL identities, functional, composition, full slab cell and stored core settings. Archived Kestrel provenance retained. No energy scaling or offsets.",Perlmutter first,false,-1.29,1,-1.29040627,selected candidate applied
Ir100,NH3,pbe,SPE,,,,,,,,,,,,,,,,No complete matched component set,false,,0,,missing
Ir100,NH3,pbe_d3,relaxed,ok,-1.58490797,-332.7230609,-311.60244978,-19.53570315,perlmutter,perlmutter,perlmutter,/pscratch/sd/j/jcho5/VASP/dft_jobs/NH3_Ir100/PBE_D3,/pscratch/sd/j/jcho5/VASP/vasp_slab/Ir100/PBE_D3,/pscratch/sd/j/jcho5/VASP/vasp_mol/NH3/PBE_D3,0d242b28174050ee016764bb753d2644f3ed53b546f9ab63318dfa5df229ea48,547448d2aac4e0a9db657b4ecb27326f7c79eb97e035b1817257bcb31809d09d,3b4c14c5df46ed5846693a0c3e2e8c88450f34e4d9235a19514e2695d345e1f4,"Converged components; matching PAW TITEL identities, functional, composition, full slab cell and stored core settings. Archived Kestrel provenance retained. No energy scaling or offsets.",Perlmutter first,false,-1.585,1,-1.58490797,selected candidate applied
Ir100,NH3,pbe_d3,SPE,,,,,,,,,,,,,,,,No complete matched component set,false,,0,,missing
Ir100,NH3,r2scan,relaxed,,,,,,,,,,,,,,,,No complete matched component set,false,,0,,withheld: refs unverified
Ir100,NH3,r2scan,SPE,,,,,,,,,,,,,,,,No complete matched component set,false,,0,,missing
Ir100,NH3,beef_vdw,relaxed,ok,-1.33218014,-202.48722415,-183.01756659,-18.13747742,perlmutter,perlmutter,perlmutter,/pscratch/sd/j/jcho5/VASP/dft_jobs/NH3_Ir100/beef_vdw,/pscratch/sd/j/jcho5/VASP/vasp_slab/Ir100/beef_vdw,/pscratch/sd/j/jcho5/VASP/vasp_mol/NH3/beef_vdw,1b20012e4bacd1a22245305f91508729e3bd71c4aad79a716bb0b61eab206a4d,7640979a3bcab4062fa8150f55ee676cbecca0f1a3f8792a7c0ed31f2fddf0d1,83b9f39efc589d6bbb595d5393aa35690daacba8a24b4e2569a8033a767a7f33,"Converged components; matching PAW TITEL identities, functional, composition, full slab cell and stored core settings. Archived Kestrel provenance retained. No energy scaling or offsets.",Perlmutter first,false,-1.332,1,-1.33218014,selected candidate applied
Ir100,NH3,beef_vdw,SPE,,,,,,,,,,,,,,,,No complete matched component set,false,,0,,missing
Ir100,NO,pbe,relaxed,ok,-3.06655096,-309.41373895,-294.40101414,-11.94617385,perlmutter,perlmutter,perlmutter,/pscratch/sd/j/jcho5/VASP/dft_jobs/NO_Ir100/PBE,/pscratch/sd/j/jcho5/VASP/vasp_slab/Ir100/PBE,/pscratch/sd/j/jcho5/VASP/vasp_mol/NO/PBE,fcb86859e5b7199e81954724d1fd8a5203870b61e5edc5e882cde36f9d1091f8,c030cc21b1b469174d26f0d51d0de78d187d57d4570d0f8694bc65b8efdd47c9,b18f258996f2970d8a05447d8ad26f71aae317e508c85d077da55269f2013fbf,"Converged components; matching PAW TITEL identities, functional, composition, full slab cell and stored core settings. Archived Kestrel provenance retained. No energy scaling or offsets.",Perlmutter first,false,-3.067,1,-3.06655096,selected candidate applied
Ir100,NO,pbe,SPE,,,,,,,,,,,,,,,,No complete matched component set,false,,0,,missing
Ir100,NO,pbe_d3,relaxed,ok,-3.30923333,-326.85787245,-311.60244978,-11.94618934,perlmutter,perlmutter,perlmutter,/pscratch/sd/j/jcho5/VASP/dft_jobs/NO_Ir100/PBE_D3,/pscratch/sd/j/jcho5/VASP/vasp_slab/Ir100/PBE_D3,/pscratch/sd/j/jcho5/VASP/vasp_mol/NO/PBE_D3,141de8cac0adea07a1a469446c988ceb6d32b65116c75255810705fe85286baf,547448d2aac4e0a9db657b4ecb27326f7c79eb97e035b1817257bcb31809d09d,47007eafae25da64dade4010ec0ae0da4e46cb38cf55b3f1c367a96bfa0ba391,"Converged components; matching PAW TITEL identities, functional, composition, full slab cell and stored core settings. Archived Kestrel provenance retained. No energy scaling or offsets.",Perlmutter first,false,-3.309,1,-3.30923333,selected candidate applied
Ir100,NO,pbe_d3,SPE,,,,,,,,,,,,,,,,No complete matched component set,false,,0,,missing
Ir100,NO,r2scan,relaxed,,,,,,,,,,,,,,,,No complete matched component set,false,,0,,missing
Ir100,NO,r2scan,SPE,,,,,,,,,,,,,,,,No complete matched component set,false,,0,,missing
Ir100,NO,beef_vdw,relaxed,energy_review,-9.59937249,-194.5837319,-183.01756659,-1.96679282,perlmutter,perlmutter,perlmutter,/pscratch/sd/j/jcho5/VASP/dft_jobs/NO_Ir100/beef_vdw,/pscratch/sd/j/jcho5/VASP/vasp_slab/Ir100/beef_vdw,/pscratch/sd/j/jcho5/VASP/vasp_mol/NO/beef_vdw,3596cb92c87a0b9c9610721b05a759677c8d72afa1a1df17e12b59c617673e2c,7640979a3bcab4062fa8150f55ee676cbecca0f1a3f8792a7c0ed31f2fddf0d1,81e7e45f68d53c65e51e87c8a6d93c76eb56be4bb7b97b97fe979d99cf578be8,"Converged components; matching PAW TITEL identities, functional, composition, full slab cell and stored core settings. Archived Kestrel provenance retained. No energy scaling or offsets.",Perlmutter energy review retained; no unflagged Kestrel alternative,false,-9.599,1,-9.59937249,selected candidate applied
Ir100,NO,beef_vdw,SPE,,,,,,,,,,,,,,,,No complete matched component set,false,,0,,missing
Ir100,SO2,pbe,relaxed,ok,-2.25399466,-313.69645675,-294.40101414,-17.04144795,perlmutter,perlmutter,perlmutter,/pscratch/sd/j/jcho5/VASP/dft_jobs/SO2_Ir100/PBE,/pscratch/sd/j/jcho5/VASP/vasp_slab/Ir100/PBE,/pscratch/sd/j/jcho5/VASP/vasp_mol/SO2/PBE,4830b4d638f421730b143a64a41cf543e55d0c20dd01e5dfe46cd16f5bed8395,c030cc21b1b469174d26f0d51d0de78d187d57d4570d0f8694bc65b8efdd47c9,f8b6731a28978b0d5c707e15d084de7e3cb6f8aa9b1e2837e7498045835ee19f,"Converged components; matching PAW TITEL identities, functional, composition, full slab cell and stored core settings. Archived Kestrel provenance retained. No energy scaling or offsets.",Perlmutter first,false,-2.254,1,-2.25399466,selected candidate applied
Ir100,SO2,pbe,SPE,,,,,,,,,,,,,,,,No complete matched component set,false,,0,,missing
Ir100,SO2,pbe_d3,relaxed,ok,-2.78309531,-331.43063673,-311.60244978,-17.04509164,perlmutter,perlmutter,perlmutter,/pscratch/sd/j/jcho5/VASP/dft_jobs/SO2_Ir100/PBE_D3,/pscratch/sd/j/jcho5/VASP/vasp_slab/Ir100/PBE_D3,/pscratch/sd/j/jcho5/VASP/vasp_mol/SO2/PBE_D3,6d019ffcf0d878c832ffcec7abca19f4a423907afc4f811822987a4cb5be9c6d,547448d2aac4e0a9db657b4ecb27326f7c79eb97e035b1817257bcb31809d09d,708a3da909e80e94efe37121eb986f5f34eab821d5ddaa945b274efe529cd9e7,"Converged components; matching PAW TITEL identities, functional, composition, full slab cell and stored core settings. Archived Kestrel provenance retained. No energy scaling or offsets.",Perlmutter first,false,-2.783,1,-2.78309531,selected candidate applied
Ir100,SO2,pbe_d3,SPE,,,,,,,,,,,,,,,,No complete matched component set,false,,0,,missing
Ir100,SO2,r2scan,relaxed,,,,,,,,,,,,,,,,No complete matched component set,false,,0,,withheld: refs unverified
Ir100,SO2,r2scan,SPE,,,,,,,,,,,,,,,,No complete matched component set,false,,0,,missing
Ir100,SO2,beef_vdw,relaxed,ok,-2.26378147,-196.95220812,-183.01756659,-11.67086006,perlmutter,perlmutter,perlmutter,/pscratch/sd/j/jcho5/VASP/dft_jobs/SO2_Ir100/beef_vdw,/pscratch/sd/j/jcho5/VASP/vasp_slab/Ir100/beef_vdw,/pscratch/sd/j/jcho5/VASP/vasp_mol/SO2/beef_vdw,3db52cd4355078a9d2f9d793c21f7b5c372fd039eae1675120807a43d04ff1cc,7640979a3bcab4062fa8150f55ee676cbecca0f1a3f8792a7c0ed31f2fddf0d1,d8725568611451b0b5ae0afcdab5518e0168ae5f982a6b8d4853be02edcc6c1b,"Converged components; matching PAW TITEL identities, functional, composition, full slab cell and stored core settings. Archived Kestrel provenance retained. No energy scaling or offsets.",Perlmutter first,false,-2.264,1,-2.26378147,selected candidate applied
Ir100,SO2,beef_vdw,SPE,,,,,,,,,,,,,,,,No complete matched component set,false,,0,,missing
Ir100,acetaldehyde,pbe,relaxed,ok,-0.58569537,-334.09612538,-294.40101414,-39.10941587,perlmutter,perlmutter,perlmutter,/pscratch/sd/j/jcho5/VASP/dft_jobs/CH3CHO_Ir100/PBE,/pscratch/sd/j/jcho5/VASP/vasp_slab/Ir100/PBE,/pscratch/sd/j/jcho5/VASP/vasp_mol/CH3CHO/PBE,12d6f398409b1de35cb6f9b5ebd3384f975de432a69b483cb20211a53231852f,c030cc21b1b469174d26f0d51d0de78d187d57d4570d0f8694bc65b8efdd47c9,59324ce5b1c78bd0f07cc7393e4097a7ddb2e6b5cb3bc03ceb0d40fea5d9376c,"Converged components; matching PAW TITEL identities, functional, composition, full slab cell and stored core settings. Archived Kestrel provenance retained. No energy scaling or offsets.",Perlmutter first,false,-0.586,1,-0.58569537,selected candidate applied
Ir100,acetaldehyde,pbe,SPE,ok,-0.51450519,-334.0249352,-294.40101414,-39.10941587,perlmutter,perlmutter,perlmutter,/pscratch/sd/j/jcho5/VASP/dft_jobs/CH3CHO_Ir100/singlepoint/PBE,/pscratch/sd/j/jcho5/VASP/vasp_slab/Ir100/PBE,/pscratch/sd/j/jcho5/VASP/vasp_mol/CH3CHO/PBE,6afa6f1eae74a1794ba88ac1489218b426fcb850e83f2da8ac75c719dca6e629,c030cc21b1b469174d26f0d51d0de78d187d57d4570d0f8694bc65b8efdd47c9,59324ce5b1c78bd0f07cc7393e4097a7ddb2e6b5cb3bc03ceb0d40fea5d9376c,"Converged components; matching PAW TITEL identities, functional, composition, full slab cell and stored core settings. Archived Kestrel provenance retained. No energy scaling or offsets.",Perlmutter first,false,-0.515,2,-0.51450519,selected candidate applied
Ir100,acetaldehyde,pbe_d3,relaxed,ok,-0.94568496,-351.68639974,-311.60244978,-39.138265,perlmutter,perlmutter,perlmutter,/pscratch/sd/j/jcho5/VASP/dft_jobs/CH3CHO_Ir100/PBE_D3,/pscratch/sd/j/jcho5/VASP/vasp_slab/Ir100/PBE_D3,/pscratch/sd/j/jcho5/VASP/vasp_mol/CH3CHO/PBE_D3,baa2ad06b36fdadf130e814909fa311e8256b805056a7e072ad39545701acd00,547448d2aac4e0a9db657b4ecb27326f7c79eb97e035b1817257bcb31809d09d,9508bc4a88623be771845798fa7673829449ef81eabc238425f18df6ca452150,"Converged components; matching PAW TITEL identities, functional, composition, full slab cell and stored core settings. Archived Kestrel provenance retained. No energy scaling or offsets.",Perlmutter first,false,-0.946,1,-0.94568496,selected candidate applied
Ir100,acetaldehyde,pbe_d3,SPE,ok,-0.86488452,-351.6055993,-311.60244978,-39.138265,perlmutter,perlmutter,perlmutter,/pscratch/sd/j/jcho5/VASP/dft_jobs/CH3CHO_Ir100/singlepoint/PBE_D3,/pscratch/sd/j/jcho5/VASP/vasp_slab/Ir100/PBE_D3,/pscratch/sd/j/jcho5/VASP/vasp_mol/CH3CHO/PBE_D3,b3bf74005db8846d239c005e8ba655d6b539abac4aa7e7b25af2c891f2b59eec,547448d2aac4e0a9db657b4ecb27326f7c79eb97e035b1817257bcb31809d09d,9508bc4a88623be771845798fa7673829449ef81eabc238425f18df6ca452150,"Converged components; matching PAW TITEL identities, functional, composition, full slab cell and stored core settings. Archived Kestrel provenance retained. No energy scaling or offsets.",Perlmutter first,false,-0.865,2,-0.86488452,selected candidate applied
Ir100,acetaldehyde,r2scan,relaxed,,,,,,,,,,,,,,,,No complete matched component set,false,,0,,withheld: refs unverified
Ir100,acetaldehyde,r2scan,SPE,,,,,,,,,,,,,,,,No complete matched component set,false,,0,,withheld: refs unverified
Ir100,acetaldehyde,beef_vdw,relaxed,ok,-0.77027341,-218.66136675,-183.01756659,-34.87352675,perlmutter,perlmutter,perlmutter,/pscratch/sd/j/jcho5/VASP/dft_jobs/CH3CHO_Ir100/beef_vdw,/pscratch/sd/j/jcho5/VASP/vasp_slab/Ir100/beef_vdw,/pscratch/sd/j/jcho5/VASP/vasp_mol/CH3CHO/beef_vdw,9dd695f35fb3e8e61c67d8ebdff4300f5c3ab19966252da32f3eb56fe5c9d0fa,7640979a3bcab4062fa8150f55ee676cbecca0f1a3f8792a7c0ed31f2fddf0d1,18fde52d6d0618f9c9ae2ac7f12c1cc7f55ecb31e9eb3ffbebaee02deebfba39,"Converged components; matching PAW TITEL identities, functional, composition, full slab cell and stored core settings. Archived Kestrel provenance retained. No energy scaling or offsets.",Perlmutter first,false,-0.77,1,-0.77027341,selected candidate applied
Ir100,acetaldehyde,beef_vdw,SPE,ok,-0.64106409,-218.53215743,-183.01756659,-34.87352675,perlmutter,perlmutter,perlmutter,/pscratch/sd/j/jcho5/VASP/dft_jobs/CH3CHO_Ir100/singlepoint/beef_vdw,/pscratch/sd/j/jcho5/VASP/vasp_slab/Ir100/beef_vdw,/pscratch/sd/j/jcho5/VASP/vasp_mol/CH3CHO/beef_vdw,8ab02d8111e4c5d96a9d9be12da5ac7cb2fa95f5ba17e824e575a966a6361b50,7640979a3bcab4062fa8150f55ee676cbecca0f1a3f8792a7c0ed31f2fddf0d1,18fde52d6d0618f9c9ae2ac7f12c1cc7f55ecb31e9eb3ffbebaee02deebfba39,"Converged components; matching PAW TITEL identities, functional, composition, full slab cell and stored core settings. Archived Kestrel provenance retained. No energy scaling or offsets.",Perlmutter first,false,-0.641,2,-0.64106409,selected candidate applied
Ir100,acetic_acid,pbe,relaxed,,,,,,,,,,,,,,,,No complete matched component set,false,,0,,missing
Ir100,acetic_acid,pbe,SPE,,,,,,,,,,,,,,,,No complete matched component set,false,,0,,missing
Ir100,acetic_acid,pbe_d3,relaxed,,,,,,,,,,,,,,,,No complete matched component set,false,,0,,missing
Ir100,acetic_acid,pbe_d3,SPE,,,,,,,,,,,,,,,,No complete matched component set,false,,0,,missing
Ir100,acetic_acid,r2scan,relaxed,,,,,,,,,,,,,,,,No complete matched component set,false,,0,,withheld: refs unverified
Ir100,acetic_acid,r2scan,SPE,,,,,,,,,,,,,,,,No complete matched component set,false,,0,,withheld: refs unverified
Ir100,acetic_acid,beef_vdw,relaxed,ok,-0.90200435,-224.49790804,-183.01756659,-40.5783371,perlmutter,perlmutter,perlmutter,/pscratch/sd/j/jcho5/VASP/dft_jobs/CH3COOH_Ir100/beef_vdw,/pscratch/sd/j/jcho5/VASP/vasp_slab/Ir100/beef_vdw,/pscratch/sd/j/jcho5/VASP/vasp_mol/CH3COOH/beef_vdw,7fbdcfd158aeef23e9d27282fa42a434ae0cdd5a466e1a44a8f73415787dfdb5,7640979a3bcab4062fa8150f55ee676cbecca0f1a3f8792a7c0ed31f2fddf0d1,89446743a460e64f10de8029cc01056b997364ee8c43805cbd3143f1cc6b3945,"Converged components; matching PAW TITEL identities, functional, composition, full slab cell and stored core settings. Archived Kestrel provenance retained. No energy scaling or offsets.",Perlmutter first,false,-0.902,1,-0.90200435,selected candidate applied
Ir100,acetic_acid,beef_vdw,SPE,ok,-0.65166612,-224.24756981,-183.01756659,-40.5783371,perlmutter,perlmutter,perlmutter,/pscratch/sd/j/jcho5/VASP/dft_jobs/CH3COOH_Ir100/singlepoint/beef_vdw,/pscratch/sd/j/jcho5/VASP/vasp_slab/Ir100/beef_vdw,/pscratch/sd/j/jcho5/VASP/vasp_mol/CH3COOH/beef_vdw,c1ddc3ede6f71390c63649a2c46ea3dc2704ee4f7a18752bbc136fcb1ac11887,7640979a3bcab4062fa8150f55ee676cbecca0f1a3f8792a7c0ed31f2fddf0d1,89446743a460e64f10de8029cc01056b997364ee8c43805cbd3143f1cc6b3945,"Converged components; matching PAW TITEL identities, functional, composition, full slab cell and stored core settings. Archived Kestrel provenance retained. No energy scaling or offsets.",Perlmutter first,false,-0.652,2,-0.65166612,selected candidate applied
Ir100,ethane,pbe,relaxed,ok,-0.00270130,-334.90333223,-294.40101414,-40.49961679,perlmutter,perlmutter,perlmutter,/pscratch/sd/j/jcho5/VASP/dft_jobs/C2H6_Ir100/PBE,/pscratch/sd/j/jcho5/VASP/vasp_slab/Ir100/PBE,/pscratch/sd/j/jcho5/VASP/vasp_mol/C2H6/PBE,3972204f0897ee843af73977fe466deec93e7483df56f603ac901fd26d6a6ac3,c030cc21b1b469174d26f0d51d0de78d187d57d4570d0f8694bc65b8efdd47c9,9005b8a31fb6402e31baf8d69fb8269febb7a534243f4cce1cce7364f312f903,"Converged components; matching PAW TITEL identities, functional, composition, full slab cell and stored core settings. Archived Kestrel provenance retained. No energy scaling or offsets.",Perlmutter first,false,-0.003,1,-0.00270130,selected candidate applied
Ir100,ethane,pbe,SPE,ok,0.07815157,-334.82247936,-294.40101414,-40.49961679,perlmutter,perlmutter,perlmutter,/pscratch/sd/j/jcho5/VASP/dft_jobs/C2H6_Ir100/singlepoint/PBE,/pscratch/sd/j/jcho5/VASP/vasp_slab/Ir100/PBE,/pscratch/sd/j/jcho5/VASP/vasp_mol/C2H6/PBE,a17a0e1ec74927c53b3bd9e52ee924fecd6325b24e0165bcd1424847250c6f08,c030cc21b1b469174d26f0d51d0de78d187d57d4570d0f8694bc65b8efdd47c9,9005b8a31fb6402e31baf8d69fb8269febb7a534243f4cce1cce7364f312f903,"Converged components; matching PAW TITEL identities, functional, composition, full slab cell and stored core settings. Archived Kestrel provenance retained. No energy scaling or offsets.",Perlmutter first,false,0.078,2,0.07815157,selected candidate applied
Ir100,ethane,pbe_d3,relaxed,ok,-0.38333468,-352.51185905,-311.60244978,-40.52607459,perlmutter,perlmutter,perlmutter,/pscratch/sd/j/jcho5/VASP/dft_jobs/C2H6_Ir100/PBE_D3,/pscratch/sd/j/jcho5/VASP/vasp_slab/Ir100/PBE_D3,/pscratch/sd/j/jcho5/VASP/vasp_mol/C2H6/PBE_D3,29defda42be2eb7948266687ca6df38afa75a6fa55dd966a36deddee4329671c,547448d2aac4e0a9db657b4ecb27326f7c79eb97e035b1817257bcb31809d09d,4dbe588a035718c664c9d9594b2ef9e306a16e6d46b046b9f145a68e6069c612,"Converged components; matching PAW TITEL identities, functional, composition, full slab cell and stored core settings. Archived Kestrel provenance retained. No energy scaling or offsets.",Perlmutter first,false,-0.383,1,-0.38333468,selected candidate applied
Ir100,ethane,pbe_d3,SPE,ok,-0.30913907,-352.43766344,-311.60244978,-40.52607459,perlmutter,perlmutter,perlmutter,/pscratch/sd/j/jcho5/VASP/dft_jobs/C2H6_Ir100/singlepoint/PBE_D3,/pscratch/sd/j/jcho5/VASP/vasp_slab/Ir100/PBE_D3,/pscratch/sd/j/jcho5/VASP/vasp_mol/C2H6/PBE_D3,1a1428c2577899d366d48f8ac39910cafe24fec1edd3a109610e53f4b5a875da,547448d2aac4e0a9db657b4ecb27326f7c79eb97e035b1817257bcb31809d09d,4dbe588a035718c664c9d9594b2ef9e306a16e6d46b046b9f145a68e6069c612,"Converged components; matching PAW TITEL identities, functional, composition, full slab cell and stored core settings. Archived Kestrel provenance retained. No energy scaling or offsets.",Perlmutter first,false,-0.309,2,-0.30913907,selected candidate applied
Ir100,ethane,r2scan,relaxed,,,,,,,,,,,,,,,,No complete matched component set,false,,0,,withheld: refs unverified
Ir100,ethane,r2scan,SPE,,,,,,,,,,,,,,,,No complete matched component set,false,,0,,withheld: refs unverified
Ir100,ethane,beef_vdw,relaxed,ok,-0.31346554,-221.56026277,-183.01756659,-38.22923064,perlmutter,perlmutter,perlmutter,/pscratch/sd/j/jcho5/VASP/dft_jobs/C2H6_Ir100/beef_vdw,/pscratch/sd/j/jcho5/VASP/vasp_slab/Ir100/beef_vdw,/pscratch/sd/j/jcho5/VASP/vasp_mol/C2H6/beef_vdw,3a83d495f9f08fddcfaeb6ea7ae4903332d42e29734151f4ac04bc215da86228,7640979a3bcab4062fa8150f55ee676cbecca0f1a3f8792a7c0ed31f2fddf0d1,75736fb87a7367bfab9b2ade386c63802812384fc6661f9ddd61d2e04d39ce91,"Converged components; matching PAW TITEL identities, functional, composition, full slab cell and stored core settings. Archived Kestrel provenance retained. No energy scaling or offsets.",Perlmutter first,false,-0.313,1,-0.31346554,selected candidate applied
Ir100,ethane,beef_vdw,SPE,ok,-0.17989859,-221.42669582,-183.01756659,-38.22923064,perlmutter,perlmutter,perlmutter,/pscratch/sd/j/jcho5/VASP/dft_jobs/C2H6_Ir100/singlepoint/beef_vdw,/pscratch/sd/j/jcho5/VASP/vasp_slab/Ir100/beef_vdw,/pscratch/sd/j/jcho5/VASP/vasp_mol/C2H6/beef_vdw,a9fbf88129a1925e72a970b6661d1790dd990b7bd11dac5c8387c003e71b2cc9,7640979a3bcab4062fa8150f55ee676cbecca0f1a3f8792a7c0ed31f2fddf0d1,75736fb87a7367bfab9b2ade386c63802812384fc6661f9ddd61d2e04d39ce91,"Converged components; matching PAW TITEL identities, functional, composition, full slab cell and stored core settings. Archived Kestrel provenance retained. No energy scaling or offsets.",Perlmutter first,false,-0.18,2,-0.17989859,selected candidate applied
Ir100,ethanol,pbe,relaxed,ok,-0.53332150,-341.81019805,-294.40101414,-46.87586241,perlmutter,perlmutter,perlmutter,/pscratch/sd/j/jcho5/VASP/dft_jobs/CH3CH2OH_Ir100/PBE,/pscratch/sd/j/jcho5/VASP/vasp_slab/Ir100/PBE,/pscratch/sd/j/jcho5/VASP/vasp_mol/CH3CH2OH/PBE,371ad8baa18eedcc7f9bdbf7b0f316ddf0d5555124ff44cafe9bd56be74b1e85,c030cc21b1b469174d26f0d51d0de78d187d57d4570d0f8694bc65b8efdd47c9,db3eaaee45d9a4ffb73d63455f615c768711c64633503306587eba6360bcc997,"Converged components; matching PAW TITEL identities, functional, composition, full slab cell and stored core settings. Archived Kestrel provenance retained. No energy scaling or offsets.",Perlmutter first,false,-0.533,1,-0.53332150,selected candidate applied
Ir100,ethanol,pbe,SPE,ok,-0.45563868,-341.73251523,-294.40101414,-46.87586241,perlmutter,perlmutter,perlmutter,/pscratch/sd/j/jcho5/VASP/dft_jobs/CH3CH2OH_Ir100/singlepoint/PBE,/pscratch/sd/j/jcho5/VASP/vasp_slab/Ir100/PBE,/pscratch/sd/j/jcho5/VASP/vasp_mol/CH3CH2OH/PBE,f02032b9d491cf82ffd2212aeccfcb366405f3a353c6f65495a6290c36b3bbb2,c030cc21b1b469174d26f0d51d0de78d187d57d4570d0f8694bc65b8efdd47c9,db3eaaee45d9a4ffb73d63455f615c768711c64633503306587eba6360bcc997,"Converged components; matching PAW TITEL identities, functional, composition, full slab cell and stored core settings. Archived Kestrel provenance retained. No energy scaling or offsets.",Perlmutter first,false,-0.456,2,-0.45563868,selected candidate applied
Ir100,ethanol,pbe_d3,relaxed,ok,-1.03139287,-359.55680693,-311.60244978,-46.92296428,perlmutter,perlmutter,perlmutter,/pscratch/sd/j/jcho5/VASP/dft_jobs/CH3CH2OH_Ir100/PBE_D3,/pscratch/sd/j/jcho5/VASP/vasp_slab/Ir100/PBE_D3,/pscratch/sd/j/jcho5/VASP/vasp_mol/CH3CH2OH/PBE_D3,d7a3eda49ece6de8af2c8959078e50966c86f7e5f647e226ff7baa92a4030711,547448d2aac4e0a9db657b4ecb27326f7c79eb97e035b1817257bcb31809d09d,917d270e3fa7febf16fef5bf22e1e30721b5162c5bcddd2aee95af69b5ce8c46,"Converged components; matching PAW TITEL identities, functional, composition, full slab cell and stored core settings. Archived Kestrel provenance retained. No energy scaling or offsets.",Perlmutter first,false,-1.031,1,-1.03139287,selected candidate applied
Ir100,ethanol,pbe_d3,SPE,ok,-0.95032646,-359.47574052,-311.60244978,-46.92296428,perlmutter,perlmutter,perlmutter,/pscratch/sd/j/jcho5/VASP/dft_jobs/CH3CH2OH_Ir100/singlepoint/PBE_D3,/pscratch/sd/j/jcho5/VASP/vasp_slab/Ir100/PBE_D3,/pscratch/sd/j/jcho5/VASP/vasp_mol/CH3CH2OH/PBE_D3,fd249585ebf33e5079d63fead5d4deafc35554a33f99e291f83cae979a4a6202,547448d2aac4e0a9db657b4ecb27326f7c79eb97e035b1817257bcb31809d09d,917d270e3fa7febf16fef5bf22e1e30721b5162c5bcddd2aee95af69b5ce8c46,"Converged components; matching PAW TITEL identities, functional, composition, full slab cell and stored core settings. Archived Kestrel provenance retained. No energy scaling or offsets.",Perlmutter first,false,-0.95,2,-0.95032646,selected candidate applied
Ir100,ethanol,r2scan,relaxed,,,,,,,,,,,,,,,,No complete matched component set,false,,0,,withheld: refs unverified
Ir100,ethanol,r2scan,SPE,,,,,,,,,,,,,,,,No complete matched component set,false,,0,,withheld: refs unverified
Ir100,ethanol,beef_vdw,relaxed,ok,-0.82810170,-226.59588377,-183.01756659,-42.75021548,perlmutter,perlmutter,perlmutter,/pscratch/sd/j/jcho5/VASP/dft_jobs/CH3CH2OH_Ir100/beef_vdw,/pscratch/sd/j/jcho5/VASP/vasp_slab/Ir100/beef_vdw,/pscratch/sd/j/jcho5/VASP/vasp_mol/CH3CH2OH/beef_vdw,28ec5bafbb2f112cc8f500ba1aaf9f1649af3b9cf1e516342eadaaec97aa5794,7640979a3bcab4062fa8150f55ee676cbecca0f1a3f8792a7c0ed31f2fddf0d1,50e154b624fcff1772eb90df010b0b697dbd63102eaaddacea15d1175849d327,"Converged components; matching PAW TITEL identities, functional, composition, full slab cell and stored core settings. Archived Kestrel provenance retained. No energy scaling or offsets.",Perlmutter first,false,-0.828,1,-0.82810170,selected candidate applied
Ir100,ethanol,beef_vdw,SPE,ok,-0.67214811,-226.43993018,-183.01756659,-42.75021548,perlmutter,perlmutter,perlmutter,/pscratch/sd/j/jcho5/VASP/dft_jobs/CH3CH2OH_Ir100/singlepoint/beef_vdw,/pscratch/sd/j/jcho5/VASP/vasp_slab/Ir100/beef_vdw,/pscratch/sd/j/jcho5/VASP/vasp_mol/CH3CH2OH/beef_vdw,f8f0b60355876b7137ed6626c05fc6cdc01eb3c4349a9c1264d05e7dccf9509b,7640979a3bcab4062fa8150f55ee676cbecca0f1a3f8792a7c0ed31f2fddf0d1,50e154b624fcff1772eb90df010b0b697dbd63102eaaddacea15d1175849d327,"Converged components; matching PAW TITEL identities, functional, composition, full slab cell and stored core settings. Archived Kestrel provenance retained. No energy scaling or offsets.",Perlmutter first,false,-0.672,2,-0.67214811,selected candidate applied
Ir100,ethene,pbe,relaxed,ok,-1.40664007,-327.77829821,-294.40101414,-31.970644,perlmutter,perlmutter,perlmutter,/pscratch/sd/j/jcho5/VASP/dft_jobs/C2H4_Ir100/PBE,/pscratch/sd/j/jcho5/VASP/vasp_slab/Ir100/PBE,/pscratch/sd/j/jcho5/VASP/vasp_mol/C2H4/PBE,cb8474ae4d92c3a278ce5c1a0f7758da9ba920e05d5e9b9f348ba5276c68088e,c030cc21b1b469174d26f0d51d0de78d187d57d4570d0f8694bc65b8efdd47c9,6b9195c76452926864f1fb12ac08ca3ec3482da1f646b61432029dc6f5a30ac9,"Converged components; matching PAW TITEL identities, functional, composition, full slab cell and stored core settings. Archived Kestrel provenance retained. No energy scaling or offsets.",Perlmutter first,false,-1.407,1,-1.40664007,selected candidate applied
Ir100,ethene,pbe,SPE,ok,-1.27408169,-327.64573983,-294.40101414,-31.970644,perlmutter,perlmutter,perlmutter,/pscratch/sd/j/jcho5/VASP/dft_jobs/C2H4_Ir100/singlepoint/PBE,/pscratch/sd/j/jcho5/VASP/vasp_slab/Ir100/PBE,/pscratch/sd/j/jcho5/VASP/vasp_mol/C2H4/PBE,694adcc82f52f5408726c7e9af6c2d3248516be13ba099f237ed38af61b2d76a,c030cc21b1b469174d26f0d51d0de78d187d57d4570d0f8694bc65b8efdd47c9,6b9195c76452926864f1fb12ac08ca3ec3482da1f646b61432029dc6f5a30ac9,"Converged components; matching PAW TITEL identities, functional, composition, full slab cell and stored core settings. Archived Kestrel provenance retained. No energy scaling or offsets.",Perlmutter first,false,-1.274,3,-1.27408169,selected candidate applied
Ir100,ethene,pbe_d3,relaxed,ok,-1.93658643,-345.52222581,-311.60244978,-31.9831896,perlmutter,perlmutter,perlmutter,/pscratch/sd/j/jcho5/VASP/dft_jobs/C2H4_Ir100/PBE_D3,/pscratch/sd/j/jcho5/VASP/vasp_slab/Ir100/PBE_D3,/pscratch/sd/j/jcho5/VASP/vasp_mol/C2H4/PBE_D3,8bbe3275bb9bbc26943021edffe6df376630b2ded558f558878f7c5b8fd92926,547448d2aac4e0a9db657b4ecb27326f7c79eb97e035b1817257bcb31809d09d,05df84104251536827b32f9b1a9853f6da1ffb692ec099f31202894e79d84979,"Converged components; matching PAW TITEL identities, functional, composition, full slab cell and stored core settings. Archived Kestrel provenance retained. No energy scaling or offsets.",Perlmutter first,false,-1.937,1,-1.93658643,selected candidate applied
Ir100,ethene,pbe_d3,SPE,ok,-1.77991331,-345.36555269,-311.60244978,-31.9831896,perlmutter,perlmutter,perlmutter,/pscratch/sd/j/jcho5/VASP/dft_jobs/C2H4_Ir100/singlepoint/PBE_D3,/pscratch/sd/j/jcho5/VASP/vasp_slab/Ir100/PBE_D3,/pscratch/sd/j/jcho5/VASP/vasp_mol/C2H4/PBE_D3,485e5ea340702dcc958b49becb67f751b9917fb4b4ea35d5f2fd963ada6fbade,547448d2aac4e0a9db657b4ecb27326f7c79eb97e035b1817257bcb31809d09d,05df84104251536827b32f9b1a9853f6da1ffb692ec099f31202894e79d84979,"Converged components; matching PAW TITEL identities, functional, composition, full slab cell and stored core settings. Archived Kestrel provenance retained. No energy scaling or offsets.",Perlmutter first,false,-1.78,3,-1.77991331,selected candidate applied
Ir100,ethene,r2scan,relaxed,,,,,,,,,,,,,,,,No complete matched component set,false,,0,,withheld: refs unverified
Ir100,ethene,r2scan,SPE,,,,,,,,,,,,,,,,No complete matched component set,false,,0,,withheld: refs unverified
Ir100,ethene,beef_vdw,relaxed,ok,-1.38122113,-213.98045418,-183.01756659,-29.58166646,perlmutter,perlmutter,perlmutter,/pscratch/sd/j/jcho5/VASP/dft_jobs/C2H4_Ir100/beef_vdw,/pscratch/sd/j/jcho5/VASP/vasp_slab/Ir100/beef_vdw,/pscratch/sd/j/jcho5/VASP/vasp_mol/C2H4/beef_vdw,c56e10d8055ddef883b1b6b9dc621de50f1b2943dcdbd342bd556da124828f07,7640979a3bcab4062fa8150f55ee676cbecca0f1a3f8792a7c0ed31f2fddf0d1,7844d00253a35ba677535271b09137d1255d816f15aab98d5d6608360268039b,"Converged components; matching PAW TITEL identities, functional, composition, full slab cell and stored core settings. Archived Kestrel provenance retained. No energy scaling or offsets.",Perlmutter first,false,-1.381,1,-1.38122113,selected candidate applied
Ir100,ethene,beef_vdw,SPE,ok,-1.12376583,-213.72299888,-183.01756659,-29.58166646,perlmutter,perlmutter,perlmutter,/pscratch/sd/j/jcho5/VASP/dft_jobs/C2H4_Ir100/singlepoint/beef_vdw,/pscratch/sd/j/jcho5/VASP/vasp_slab/Ir100/beef_vdw,/pscratch/sd/j/jcho5/VASP/vasp_mol/C2H4/beef_vdw,036e65d9591b9d08cd5f30f10be478adb050f627a9fd959095aef0b8be82a784,7640979a3bcab4062fa8150f55ee676cbecca0f1a3f8792a7c0ed31f2fddf0d1,7844d00253a35ba677535271b09137d1255d816f15aab98d5d6608360268039b,"Converged components; matching PAW TITEL identities, functional, composition, full slab cell and stored core settings. Archived Kestrel provenance retained. No energy scaling or offsets.",Perlmutter first,false,-1.124,3,-1.12376583,selected candidate applied
Ir100,formaldehyde,pbe,relaxed,ok,-1.32015014,-317.85140551,-294.40101414,-22.13024123,perlmutter,perlmutter,perlmutter,/pscratch/sd/j/jcho5/VASP/dft_jobs/H2CO_Ir100/PBE,/pscratch/sd/j/jcho5/VASP/vasp_slab/Ir100/PBE,/pscratch/sd/j/jcho5/VASP/vasp_mol/H2CO/PBE,4f2c86fdb752798dd09e2445fdeb5c93f3a011d27e91475e2c65ac71ef838947,c030cc21b1b469174d26f0d51d0de78d187d57d4570d0f8694bc65b8efdd47c9,f1ed31a23d7394b5df1330a769561b063a5deb10ec8269dd249d393de6a65d6c,"Converged components; matching PAW TITEL identities, functional, composition, full slab cell and stored core settings. Archived Kestrel provenance retained. No energy scaling or offsets.",Perlmutter first,false,-1.32,1,-1.32015014,selected candidate applied
Ir100,formaldehyde,pbe,SPE,ok,-1.20864388,-317.73989925,-294.40101414,-22.13024123,perlmutter,perlmutter,perlmutter,/pscratch/sd/j/jcho5/VASP/dft_jobs/H2CO_Ir100/singlepoint/PBE,/pscratch/sd/j/jcho5/VASP/vasp_slab/Ir100/PBE,/pscratch/sd/j/jcho5/VASP/vasp_mol/H2CO/PBE,fffa2ae2e78d11222ef3f6468d618e664610445c2cf26bedfd803fab651c4398,c030cc21b1b469174d26f0d51d0de78d187d57d4570d0f8694bc65b8efdd47c9,f1ed31a23d7394b5df1330a769561b063a5deb10ec8269dd249d393de6a65d6c,"Converged components; matching PAW TITEL identities, functional, composition, full slab cell and stored core settings. Archived Kestrel provenance retained. No energy scaling or offsets.",Perlmutter first,false,,1,-1.20864388,selected candidate applied
Ir100,formaldehyde,pbe_d3,relaxed,ok,-1.65652006,-335.39448143,-311.60244978,-22.13551159,perlmutter,perlmutter,perlmutter,/pscratch/sd/j/jcho5/VASP/dft_jobs/H2CO_Ir100/PBE_D3,/pscratch/sd/j/jcho5/VASP/vasp_slab/Ir100/PBE_D3,/pscratch/sd/j/jcho5/VASP/vasp_mol/H2CO/PBE_D3,1762a50586dc5765fe2bfa7aff190a5a47916f08739c0532a9476604cb1f613d,547448d2aac4e0a9db657b4ecb27326f7c79eb97e035b1817257bcb31809d09d,14859d3b3de8ad3e38134b97c899010c1c633da754dbbe934584fead0224fdf1,"Converged components; matching PAW TITEL identities, functional, composition, full slab cell and stored core settings. Archived Kestrel provenance retained. No energy scaling or offsets.",Perlmutter first,false,-1.657,1,-1.65652006,selected candidate applied
Ir100,formaldehyde,pbe_d3,SPE,ok,-1.53900010,-335.27696147,-311.60244978,-22.13551159,perlmutter,perlmutter,perlmutter,/pscratch/sd/j/jcho5/VASP/dft_jobs/H2CO_Ir100/singlepoint/PBE_D3,/pscratch/sd/j/jcho5/VASP/vasp_slab/Ir100/PBE_D3,/pscratch/sd/j/jcho5/VASP/vasp_mol/H2CO/PBE_D3,5633781bd38986155a34fea60a2410c8e0f9f138adfe05dab7d23049eaefd31e,547448d2aac4e0a9db657b4ecb27326f7c79eb97e035b1817257bcb31809d09d,14859d3b3de8ad3e38134b97c899010c1c633da754dbbe934584fead0224fdf1,"Converged components; matching PAW TITEL identities, functional, composition, full slab cell and stored core settings. Archived Kestrel provenance retained. No energy scaling or offsets.",Perlmutter first,false,,1,-1.53900010,selected candidate applied
Ir100,formaldehyde,r2scan,relaxed,,,,,,,,,,,,,,,,No complete matched component set,false,,0,,withheld: refs unverified
Ir100,formaldehyde,r2scan,SPE,,,,,,,,,,,,,,,,No complete matched component set,false,,0,,withheld: refs unverified
Ir100,formaldehyde,beef_vdw,relaxed,ok,-1.33319184,-203.49765102,-183.01756659,-19.14689259,perlmutter,perlmutter,perlmutter,/pscratch/sd/j/jcho5/VASP/dft_jobs/H2CO_Ir100/beef_vdw,/pscratch/sd/j/jcho5/VASP/vasp_slab/Ir100/beef_vdw,/pscratch/sd/j/jcho5/VASP/vasp_mol/H2CO/beef_vdw,cdfc72d0f90b1965519c45ad7a172c471e44eb3d90bf796bc0b38d843addbfee,7640979a3bcab4062fa8150f55ee676cbecca0f1a3f8792a7c0ed31f2fddf0d1,a31b74fce9bf5c89bef85f44a041a0f0edc85a40a98b35eea20ec15d6a02ee3f,"Converged components; matching PAW TITEL identities, functional, composition, full slab cell and stored core settings. Archived Kestrel provenance retained. No energy scaling or offsets.",Perlmutter first,false,-1.333,1,-1.33319184,selected candidate applied
Ir100,formaldehyde,beef_vdw,SPE,,,,,,,,,,,,,,,,No complete matched component set,false,,0,,missing
Ir100,formic_acid,pbe,relaxed,ok,-0.66036030,-324.94116879,-294.40101414,-29.87979435,perlmutter,perlmutter,perlmutter,/pscratch/sd/j/jcho5/VASP/dft_jobs/HCOOH_Ir100/PBE,/pscratch/sd/j/jcho5/VASP/vasp_slab/Ir100/PBE,/pscratch/sd/j/jcho5/VASP/vasp_mol/HCOOH/PBE,75bbddc8aa983483c1501246652c53a8e71664cd182647ca00028613b15c8e96,c030cc21b1b469174d26f0d51d0de78d187d57d4570d0f8694bc65b8efdd47c9,38779e7fc2a3d0083e958eb7a94ee082096f9304b1f68a2457a5a9146511d699,"Converged components; matching PAW TITEL identities, functional, composition, full slab cell and stored core settings. Archived Kestrel provenance retained. No energy scaling or offsets.",Perlmutter first,false,-0.66,1,-0.66036030,selected candidate applied
Ir100,formic_acid,pbe,SPE,,,,,,,,,,,,,,,,Kestrel candidate held: matching Perlmutter structure not verified,false,,1,,withheld: refs unverified
Ir100,formic_acid,pbe_d3,relaxed,ok,-1.03237382,-342.52841898,-311.60244978,-29.89359538,perlmutter,perlmutter,perlmutter,/pscratch/sd/j/jcho5/VASP/dft_jobs/HCOOH_Ir100/PBE_D3,/pscratch/sd/j/jcho5/VASP/vasp_slab/Ir100/PBE_D3,/pscratch/sd/j/jcho5/VASP/vasp_mol/HCOOH/PBE_D3,7be2728e9bda49b2058cce593f5d4d70cdfded583cc8d472bed33de523ee9805,547448d2aac4e0a9db657b4ecb27326f7c79eb97e035b1817257bcb31809d09d,8669cfbbf059f01c98c4917d21ff8958458916c028918f73243ad879ad2b5cb0,"Converged components; matching PAW TITEL identities, functional, composition, full slab cell and stored core settings. Archived Kestrel provenance retained. No energy scaling or offsets.",Perlmutter first,false,-1.032,1,-1.03237382,selected candidate applied
Ir100,formic_acid,pbe_d3,SPE,,,,,,,,,,,,,,,,Kestrel candidate held: matching Perlmutter structure not verified,false,,1,,withheld: refs unverified
Ir100,formic_acid,r2scan,relaxed,,,,,,,,,,,,,,,,No complete matched component set,false,,0,,withheld: refs unverified
Ir100,formic_acid,r2scan,SPE,,,,,,,,,,,,,,,,No complete matched component set,false,,0,,missing
Ir100,formic_acid,beef_vdw,relaxed,ok,-0.79715381,-208.76696572,-183.01756659,-24.95224532,perlmutter,perlmutter,perlmutter,/pscratch/sd/j/jcho5/VASP/dft_jobs/HCOOH_Ir100/beef_vdw,/pscratch/sd/j/jcho5/VASP/vasp_slab/Ir100/beef_vdw,/pscratch/sd/j/jcho5/VASP/vasp_mol/HCOOH/beef_vdw,1d500f5f913bf5da6cf97607e999ee6e91ce9ab9a91209ba7f10ccba13f40271,7640979a3bcab4062fa8150f55ee676cbecca0f1a3f8792a7c0ed31f2fddf0d1,1f5543ee0d87c96ec89843f79d8a36ae3f238a4d4bd4c1b6655a4d7f6379885e,"Converged components; matching PAW TITEL identities, functional, composition, full slab cell and stored core settings. Archived Kestrel provenance retained. No energy scaling or offsets.",Perlmutter first,false,-0.797,1,-0.79715381,selected candidate applied
Ir100,formic_acid,beef_vdw,SPE,,,,,,,,,,,,,,,,Kestrel candidate held: matching Perlmutter structure not verified,false,,1,,withheld: refs unverified
Ir100,methane,pbe,relaxed,ok,-0.00020253,-318.43681999,-294.40101414,-24.03560332,perlmutter,perlmutter,perlmutter,/pscratch/sd/j/jcho5/VASP/dft_jobs/CH4_Ir100/PBE,/pscratch/sd/j/jcho5/VASP/vasp_slab/Ir100/PBE,/pscratch/sd/j/jcho5/VASP/vasp_mol/CH4/PBE,4c2d8dbf0b36d786d86cc93c0da759438966d207fdb53f62743fa182c27e3e4b,c030cc21b1b469174d26f0d51d0de78d187d57d4570d0f8694bc65b8efdd47c9,1a889e6eba291b72f208557972ef13a5bab753db9dc291c14629272d1b794197,"Converged components; matching PAW TITEL identities, functional, composition, full slab cell and stored core settings. Archived Kestrel provenance retained. No energy scaling or offsets.",Perlmutter first,false,-0.0,1,-0.00020253,selected candidate applied
Ir100,methane,pbe,SPE,ok,0.12309211,-318.31352535,-294.40101414,-24.03560332,perlmutter,perlmutter,perlmutter,/pscratch/sd/j/jcho5/VASP/dft_jobs/CH4_Ir100/singlepoint/PBE,/pscratch/sd/j/jcho5/VASP/vasp_slab/Ir100/PBE,/pscratch/sd/j/jcho5/VASP/vasp_mol/CH4/PBE,f3be30f0748d3214bdc38e9fa77db8c88ee1bf3bd22d1afc8859bb4fabcb9c34,c030cc21b1b469174d26f0d51d0de78d187d57d4570d0f8694bc65b8efdd47c9,1a889e6eba291b72f208557972ef13a5bab753db9dc291c14629272d1b794197,"Converged components; matching PAW TITEL identities, functional, composition, full slab cell and stored core settings. Archived Kestrel provenance retained. No energy scaling or offsets.",Perlmutter first,false,0.123,1,0.12309211,selected candidate applied
Ir100,methane,pbe_d3,relaxed,ok,-0.19983274,-335.83991841,-311.60244978,-24.03763589,perlmutter,perlmutter,perlmutter,/pscratch/sd/j/jcho5/VASP/dft_jobs/CH4_Ir100/PBE_D3,/pscratch/sd/j/jcho5/VASP/vasp_slab/Ir100/PBE_D3,/pscratch/sd/j/jcho5/VASP/vasp_mol/CH4/PBE_D3,63bdbc42954d1896a3bdc9173e8b3f3ad1047eb28a66826530cfdfcdc1898948,547448d2aac4e0a9db657b4ecb27326f7c79eb97e035b1817257bcb31809d09d,b332bad15ef7f1f6255b46fb0a018108aacacac653dc92d7d13c66cc4b075408,"Converged components; matching PAW TITEL identities, functional, composition, full slab cell and stored core settings. Archived Kestrel provenance retained. No energy scaling or offsets.",Perlmutter first,false,-0.2,1,-0.19983274,selected candidate applied
Ir100,methane,pbe_d3,SPE,ok,-0.12608391,-335.76616958,-311.60244978,-24.03763589,perlmutter,perlmutter,perlmutter,/pscratch/sd/j/jcho5/VASP/dft_jobs/CH4_Ir100/singlepoint/PBE_D3,/pscratch/sd/j/jcho5/VASP/vasp_slab/Ir100/PBE_D3,/pscratch/sd/j/jcho5/VASP/vasp_mol/CH4/PBE_D3,6e16cee9e3aad0bec0df71ae1233b0cf783434980643d3021f68cf51981b2cc4,547448d2aac4e0a9db657b4ecb27326f7c79eb97e035b1817257bcb31809d09d,b332bad15ef7f1f6255b46fb0a018108aacacac653dc92d7d13c66cc4b075408,"Converged components; matching PAW TITEL identities, functional, composition, full slab cell and stored core settings. Archived Kestrel provenance retained. No energy scaling or offsets.",Perlmutter first,false,-0.126,1,-0.12608391,selected candidate applied
Ir100,methane,r2scan,relaxed,,,,,,,,,,,,,,,,No complete matched component set,false,,0,,missing
Ir100,methane,r2scan,SPE,,,,,,,,,,,,,,,,No complete matched component set,false,,0,,missing
Ir100,methane,beef_vdw,relaxed,ok,-0.20422950,-206.2075321,-183.01756659,-22.98573601,perlmutter,perlmutter,perlmutter,/pscratch/sd/j/jcho5/VASP/dft_jobs/CH4_Ir100/beef_vdw,/pscratch/sd/j/jcho5/VASP/vasp_slab/Ir100/beef_vdw,/pscratch/sd/j/jcho5/VASP/vasp_mol/CH4/beef_vdw,138758f77053c7e195c199ee4e19d77e6c0f3bf27768c851c5a747d71fb2bd0b,7640979a3bcab4062fa8150f55ee676cbecca0f1a3f8792a7c0ed31f2fddf0d1,b8f2aed539ecd6734ed6350f70a378290c51ddb8d04057e527b3a707450c01b9,"Converged components; matching PAW TITEL identities, functional, composition, full slab cell and stored core settings. Archived Kestrel provenance retained. No energy scaling or offsets.",Perlmutter first,false,-0.204,1,-0.20422950,selected candidate applied
Ir100,methane,beef_vdw,SPE,ok,-0.04043284,-206.04373544,-183.01756659,-22.98573601,perlmutter,perlmutter,perlmutter,/pscratch/sd/j/jcho5/VASP/dft_jobs/CH4_Ir100/singlepoint/beef_vdw,/pscratch/sd/j/jcho5/VASP/vasp_slab/Ir100/beef_vdw,/pscratch/sd/j/jcho5/VASP/vasp_mol/CH4/beef_vdw,4a3fbaad3d1810fd27626b18ceb3cb7ca669632c40dca5db397164b7ec132f99,7640979a3bcab4062fa8150f55ee676cbecca0f1a3f8792a7c0ed31f2fddf0d1,b8f2aed539ecd6734ed6350f70a378290c51ddb8d04057e527b3a707450c01b9,"Converged components; matching PAW TITEL identities, functional, composition, full slab cell and stored core settings. Archived Kestrel provenance retained. No energy scaling or offsets.",Perlmutter first,false,-0.04,1,-0.04043284,selected candidate applied
Ir100,methanol,pbe,relaxed,ok,-0.53532283,-325.14490932,-294.40101414,-30.20857235,perlmutter,perlmutter,perlmutter,/pscratch/sd/j/jcho5/VASP/dft_jobs/CH3OH_Ir100/PBE,/pscratch/sd/j/jcho5/VASP/vasp_slab/Ir100/PBE,/pscratch/sd/j/jcho5/VASP/vasp_mol/CH3OH/PBE,461be29b8916db621507562231c2d43263a2fdaf59e78b278faab9805692367c,c030cc21b1b469174d26f0d51d0de78d187d57d4570d0f8694bc65b8efdd47c9,b25dea0c5d26d154707dac5673badac4461cb6fe7660b76ab10af85822791b71,"Converged components; matching PAW TITEL identities, functional, composition, full slab cell and stored core settings. Archived Kestrel provenance retained. No energy scaling or offsets.",Perlmutter first,false,-0.535,1,-0.53532283,selected candidate applied
Ir100,methanol,pbe,SPE,ok,-0.46603831,-325.0756248,-294.40101414,-30.20857235,perlmutter,perlmutter,perlmutter,/pscratch/sd/j/jcho5/VASP/dft_jobs/CH3OH_Ir100/singlepoint/PBE,/pscratch/sd/j/jcho5/VASP/vasp_slab/Ir100/PBE,/pscratch/sd/j/jcho5/VASP/vasp_mol/CH3OH/PBE,7e3a96562bbe2b754f72533b4e627eddcbff52b7c6dfa7be14c20dcd498a0f38,c030cc21b1b469174d26f0d51d0de78d187d57d4570d0f8694bc65b8efdd47c9,b25dea0c5d26d154707dac5673badac4461cb6fe7660b76ab10af85822791b71,"Converged components; matching PAW TITEL identities, functional, composition, full slab cell and stored core settings. Archived Kestrel provenance retained. No energy scaling or offsets.",Perlmutter first,false,-0.466,2,-0.46603831,selected candidate applied
Ir100,methanol,pbe_d3,relaxed,ok,-0.91161141,-342.73768652,-311.60244978,-30.22362533,perlmutter,perlmutter,perlmutter,/pscratch/sd/j/jcho5/VASP/dft_jobs/CH3OH_Ir100/PBE_D3,/pscratch/sd/j/jcho5/VASP/vasp_slab/Ir100/PBE_D3,/pscratch/sd/j/jcho5/VASP/vasp_mol/CH3OH/PBE_D3,d25674cb0d8ec59e658e4ce73ac081a7df96a083e24e8671f8e0dc392faa1ec5,547448d2aac4e0a9db657b4ecb27326f7c79eb97e035b1817257bcb31809d09d,82c96042bb328d2281e4deec9b5ef51410c9c442e4e9b23b3c7deb72f185e5cf,"Converged components; matching PAW TITEL identities, functional, composition, full slab cell and stored core settings. Archived Kestrel provenance retained. No energy scaling or offsets.",Perlmutter first,false,-0.912,1,-0.91161141,selected candidate applied
Ir100,methanol,pbe_d3,SPE,ok,-0.83610527,-342.66218038,-311.60244978,-30.22362533,perlmutter,perlmutter,perlmutter,/pscratch/sd/j/jcho5/VASP/dft_jobs/CH3OH_Ir100/singlepoint/PBE_D3,/pscratch/sd/j/jcho5/VASP/vasp_slab/Ir100/PBE_D3,/pscratch/sd/j/jcho5/VASP/vasp_mol/CH3OH/PBE_D3,f387d193c6b2ec37aa9e55df6b69e38f92308d4ad039d21517861e4359d1099a,547448d2aac4e0a9db657b4ecb27326f7c79eb97e035b1817257bcb31809d09d,82c96042bb328d2281e4deec9b5ef51410c9c442e4e9b23b3c7deb72f185e5cf,"Converged components; matching PAW TITEL identities, functional, composition, full slab cell and stored core settings. Archived Kestrel provenance retained. No energy scaling or offsets.",Perlmutter first,false,-0.836,2,-0.83610527,selected candidate applied
Ir100,methanol,r2scan,relaxed,,,,,,,,,,,,,,,,No complete matched component set,false,,0,,withheld: refs unverified
Ir100,methanol,r2scan,SPE,,,,,,,,,,,,,,,,No complete matched component set,false,,0,,withheld: refs unverified
Ir100,methanol,beef_vdw,relaxed,ok,-0.74590128,-211.05751422,-183.01756659,-27.29404635,perlmutter,perlmutter,perlmutter,/pscratch/sd/j/jcho5/VASP/dft_jobs/CH3OH_Ir100/beef_vdw,/pscratch/sd/j/jcho5/VASP/vasp_slab/Ir100/beef_vdw,/pscratch/sd/j/jcho5/VASP/vasp_mol/CH3OH/beef_vdw,1163f2b3755bbbeff137a009983dbe963255a5bed3470ecd71e63e4a555634b3,7640979a3bcab4062fa8150f55ee676cbecca0f1a3f8792a7c0ed31f2fddf0d1,71c98e9c34bcfd5cd1cbcd7f2f72a41fe5f2859e510b25f05ce1c13e3e6334c5,"Converged components; matching PAW TITEL identities, functional, composition, full slab cell and stored core settings. Archived Kestrel provenance retained. No energy scaling or offsets.",Perlmutter first,false,-0.746,1,-0.74590128,selected candidate applied
Ir100,methanol,beef_vdw,SPE,ok,-0.59489061,-210.90650355,-183.01756659,-27.29404635,perlmutter,perlmutter,perlmutter,/pscratch/sd/j/jcho5/VASP/dft_jobs/CH3OH_Ir100/singlepoint/beef_vdw,/pscratch/sd/j/jcho5/VASP/vasp_slab/Ir100/beef_vdw,/pscratch/sd/j/jcho5/VASP/vasp_mol/CH3OH/beef_vdw,a060347d2266f0b1780a040593a76c493a9d3974fb67d513a5be9c8350206665,7640979a3bcab4062fa8150f55ee676cbecca0f1a3f8792a7c0ed31f2fddf0d1,71c98e9c34bcfd5cd1cbcd7f2f72a41fe5f2859e510b25f05ce1c13e3e6334c5,"Converged components; matching PAW TITEL identities, functional, composition, full slab cell and stored core settings. Archived Kestrel provenance retained. No energy scaling or offsets.",Perlmutter first,false,-0.595,2,-0.59489061,selected candidate applied
Ir110,CH3,pbe,relaxed,ok,-2.37752870,-206.36295387,-185.79278571,-18.19263946,perlmutter,perlmutter,perlmutter,/pscratch/sd/j/jcho5/VASP/dft_jobs/CH3_Ir110/PBE,/pscratch/sd/j/jcho5/VASP/vasp_slab/Ir110/PBE,/pscratch/sd/j/jcho5/VASP/vasp_mol/CH3/PBE,cd920a27e348497f10638526c7c4b4424d4e547c75087b112ee87177adbd43bb,ad43b59139581e162273eec3661b59c1b51dbf57935c2fdb90c14dc83623c680,55948174742a2237ee4078ccc4928c5af9560ab1b988bfdc05684033de502d29,"Converged components; matching PAW TITEL identities, functional, composition, full slab cell and stored core settings. Archived Kestrel provenance retained. No energy scaling or offsets.",Perlmutter first,false,-2.378,1,-2.37752870,selected candidate applied
Ir110,CH3,pbe,SPE,ok,-2.28394882,-206.26937399,-185.79278571,-18.19263946,perlmutter,perlmutter,perlmutter,/pscratch/sd/j/jcho5/VASP/dft_jobs/CH3_Ir110/singlepoint/PBE,/pscratch/sd/j/jcho5/VASP/vasp_slab/Ir110/PBE,/pscratch/sd/j/jcho5/VASP/vasp_mol/CH3/PBE,ba24e34f1229ee85f5907e2ac037c41dcbe78f98c596016fbd8f0663fa8327a6,ad43b59139581e162273eec3661b59c1b51dbf57935c2fdb90c14dc83623c680,55948174742a2237ee4078ccc4928c5af9560ab1b988bfdc05684033de502d29,"Converged components; matching PAW TITEL identities, functional, composition, full slab cell and stored core settings. Archived Kestrel provenance retained. No energy scaling or offsets.",Perlmutter first,false,-2.284,1,-2.28394882,selected candidate applied
Ir110,CH3,pbe_d3,relaxed,ok,-2.62462349,-215.95699413,-195.1382215,-18.19414914,perlmutter,perlmutter,perlmutter,/pscratch/sd/j/jcho5/VASP/dft_jobs/CH3_Ir110/PBE_D3,/pscratch/sd/j/jcho5/VASP/vasp_slab/Ir110/PBE_D3,/pscratch/sd/j/jcho5/VASP/vasp_mol/CH3/PBE_D3,55a1d6360cc563f973d9f81c4be9245e3574cc3883dfec9752a10c23f68bfcb8,788c61cc26bff3a86aa32725994a9e73fe4a16ac1c5baad8be90a8b9cc8313b5,d5c3d39ad14473323e77e91f951c1fed3ea6b279c20a4b6f3944c45fa910de88,"Converged components; matching PAW TITEL identities, functional, composition, full slab cell and stored core settings. Archived Kestrel provenance retained. No energy scaling or offsets.",Perlmutter first,false,-2.625,1,-2.62462349,selected candidate applied
Ir110,CH3,pbe_d3,SPE,ok,-2.50487477,-215.83724541,-195.1382215,-18.19414914,perlmutter,perlmutter,perlmutter,/pscratch/sd/j/jcho5/VASP/dft_jobs/CH3_Ir110/singlepoint/PBE_D3,/pscratch/sd/j/jcho5/VASP/vasp_slab/Ir110/PBE_D3,/pscratch/sd/j/jcho5/VASP/vasp_mol/CH3/PBE_D3,d08e603e89762e75cd269db73cbe1adca77d7504e8ade26d6bb0e36cceb75ffd,788c61cc26bff3a86aa32725994a9e73fe4a16ac1c5baad8be90a8b9cc8313b5,d5c3d39ad14473323e77e91f951c1fed3ea6b279c20a4b6f3944c45fa910de88,"Converged components; matching PAW TITEL identities, functional, composition, full slab cell and stored core settings. Archived Kestrel provenance retained. No energy scaling or offsets.",Perlmutter first,false,-2.505,1,-2.50487477,selected candidate applied
Ir110,CH3,r2scan,relaxed,ok,-2.27414808,-1250.18176761,-1228.67675167,-19.23086786,perlmutter,perlmutter,perlmutter,/pscratch/sd/j/jcho5/VASP/dft_jobs/CH3_Ir110/r2scan,/pscratch/sd/j/jcho5/VASP/vasp_slab/Ir110/r2scan,/pscratch/sd/j/jcho5/VASP/vasp_mol/CH3/r2scan,a8891eff4731704b3186966d8381ee13927c830b2588f2d064b2a9f6f609192c,e7e8253d997c2b966844b4f196162d05a1bc1026493f7b20b3afe789068bf3a3,cd57306845596406a180b6e807da423b6b753c1d97073bdbc1899a4e4f0e975f,"Converged components; matching PAW TITEL identities, functional, composition, full slab cell and stored core settings. Archived Kestrel provenance retained. No energy scaling or offsets.",Perlmutter first,false,-2.274,1,-2.27414808,selected candidate applied
Ir110,CH3,r2scan,SPE,ok,-2.18059187,-1250.0882114,-1228.67675167,-19.23086786,perlmutter,perlmutter,perlmutter,/pscratch/sd/j/jcho5/VASP/dft_jobs/CH3_Ir110/singlepoint/r2scan,/pscratch/sd/j/jcho5/VASP/vasp_slab/Ir110/r2scan,/pscratch/sd/j/jcho5/VASP/vasp_mol/CH3/r2scan,ae221ce1caab765fd47a065f6a07baab6344829cb099584650443ad6b99a8828,e7e8253d997c2b966844b4f196162d05a1bc1026493f7b20b3afe789068bf3a3,cd57306845596406a180b6e807da423b6b753c1d97073bdbc1899a4e4f0e975f,"Converged components; matching PAW TITEL identities, functional, composition, full slab cell and stored core settings. Archived Kestrel provenance retained. No energy scaling or offsets.",Perlmutter first,false,-2.181,1,-2.18059187,selected candidate applied
Ir110,CH3,beef_vdw,relaxed,ok,-2.43020297,-130.80028769,-111.25249754,-17.11758718,perlmutter,perlmutter,perlmutter,/pscratch/sd/j/jcho5/VASP/dft_jobs/CH3_Ir110/beef_vdw,/pscratch/sd/j/jcho5/VASP/vasp_slab/Ir110/beef_vdw,/pscratch/sd/j/jcho5/VASP/vasp_mol/CH3/beef_vdw,f3ed02d92a8aba706b165c31ba82c4ca3e5f3b672b63845d2fd40867719347be,dff3bcbdcbb0a318a7a5d961255a2936f31b524d0772f25fcee23d69dba0061a,17654ec6cbe398af64a6c89e8c35a22325002947a1b1e7b4ad8572e57f8de8e7,"Converged components; matching PAW TITEL identities, functional, composition, full slab cell and stored core settings. Archived Kestrel provenance retained. No energy scaling or offsets.",Perlmutter first,false,-2.43,1,-2.43020297,selected candidate applied
Ir110,CH3,beef_vdw,SPE,ok,-2.35102682,-130.72111154,-111.25249754,-17.11758718,perlmutter,perlmutter,perlmutter,/pscratch/sd/j/jcho5/VASP/dft_jobs/CH3_Ir110/singlepoint/beef_vdw,/pscratch/sd/j/jcho5/VASP/vasp_slab/Ir110/beef_vdw,/pscratch/sd/j/jcho5/VASP/vasp_mol/CH3/beef_vdw,6b50706de59675ce9e42180a8dbe74075b394027cff6a488069f7720eacd368e,dff3bcbdcbb0a318a7a5d961255a2936f31b524d0772f25fcee23d69dba0061a,17654ec6cbe398af64a6c89e8c35a22325002947a1b1e7b4ad8572e57f8de8e7,"Converged components; matching PAW TITEL identities, functional, composition, full slab cell and stored core settings. Archived Kestrel provenance retained. No energy scaling or offsets.",Perlmutter first,false,-2.351,1,-2.35102682,selected candidate applied
Ir110,CO,pbe,relaxed,ok,-2.32179533,-202.89496341,-185.79278571,-14.78038237,perlmutter,perlmutter,perlmutter,/pscratch/sd/j/jcho5/VASP/dft_jobs/CO_Ir110/PBE,/pscratch/sd/j/jcho5/VASP/vasp_slab/Ir110/PBE,/pscratch/sd/j/jcho5/VASP/vasp_mol/CO/PBE,f20a86b282cdf0aa278a6b961f3e5d710a2efb432a5c6fc6d29358ea028bfb7e,ad43b59139581e162273eec3661b59c1b51dbf57935c2fdb90c14dc83623c680,5de111fef07e98239197c4d5ccebe9b659b69a862d3790f6544f0960f107810e,"Converged components; matching PAW TITEL identities, functional, composition, full slab cell and stored core settings. Archived Kestrel provenance retained. No energy scaling or offsets.",Perlmutter first,false,-2.322,1,-2.32179533,selected candidate applied
Ir110,CO,pbe,SPE,ok,-2.15307618,-202.72624426,-185.79278571,-14.78038237,perlmutter,perlmutter,perlmutter,/pscratch/sd/j/jcho5/VASP/dft_jobs/CO_Ir110/singlepoint/PBE,/pscratch/sd/j/jcho5/VASP/vasp_slab/Ir110/PBE,/pscratch/sd/j/jcho5/VASP/vasp_mol/CO/PBE,f21a12dd9548c30ff32666527e8a3f099c4177067fd8ce7c527c6f757df2af12,ad43b59139581e162273eec3661b59c1b51dbf57935c2fdb90c14dc83623c680,5de111fef07e98239197c4d5ccebe9b659b69a862d3790f6544f0960f107810e,"Converged components; matching PAW TITEL identities, functional, composition, full slab cell and stored core settings. Archived Kestrel provenance retained. No energy scaling or offsets.",Perlmutter first,false,,2,-2.15307618,selected candidate applied
Ir110,CO,pbe_d3,relaxed,ok,-2.53220228,-212.45081968,-195.1382215,-14.7803959,perlmutter,perlmutter,perlmutter,/pscratch/sd/j/jcho5/VASP/dft_jobs/CO_Ir110/PBE_D3,/pscratch/sd/j/jcho5/VASP/vasp_slab/Ir110/PBE_D3,/pscratch/sd/j/jcho5/VASP/vasp_mol/CO/PBE_D3,96c33636298820e5e84eb73e7bf0666f5dcee363e8ddf21bc2a68e7863de2abe,788c61cc26bff3a86aa32725994a9e73fe4a16ac1c5baad8be90a8b9cc8313b5,6f7c547c5fad89492e6aa42317c90bb373aa74cfe9822216218e7897b7d88dae,"Converged components; matching PAW TITEL identities, functional, composition, full slab cell and stored core settings. Archived Kestrel provenance retained. No energy scaling or offsets.",Perlmutter first,false,-2.532,1,-2.53220228,selected candidate applied
Ir110,CO,pbe_d3,SPE,ok,-2.35561234,-212.27422974,-195.1382215,-14.7803959,perlmutter,perlmutter,perlmutter,/pscratch/sd/j/jcho5/VASP/dft_jobs/CO_Ir110/singlepoint/PBE_D3,/pscratch/sd/j/jcho5/VASP/vasp_slab/Ir110/PBE_D3,/pscratch/sd/j/jcho5/VASP/vasp_mol/CO/PBE_D3,28c3b3960af1b3ae2334fee93c26c8d8758a34dbc0607e4ffa6356b758c21a80,788c61cc26bff3a86aa32725994a9e73fe4a16ac1c5baad8be90a8b9cc8313b5,6f7c547c5fad89492e6aa42317c90bb373aa74cfe9822216218e7897b7d88dae,"Converged components; matching PAW TITEL identities, functional, composition, full slab cell and stored core settings. Archived Kestrel provenance retained. No energy scaling or offsets.",Perlmutter first,false,,2,-2.35561234,selected candidate applied
Ir110,CO,r2scan,relaxed,,,,,,,,,,,,,,,,No complete matched component set,false,,0,,withheld: refs unverified
Ir110,CO,r2scan,SPE,ok,-1.94153454,-1247.09836097,-1228.67675167,-16.48007476,perlmutter,perlmutter,perlmutter,/pscratch/sd/j/jcho5/VASP/dft_jobs/CO_Ir110/singlepoint/r2scan,/pscratch/sd/j/jcho5/VASP/vasp_slab/Ir110/r2scan,/pscratch/sd/j/jcho5/VASP/vasp_mol/CO/r2scan,ab210e2384a33fc1702ab680fd127189bac8cf504e301ca20bf949ae29f0af9b,e7e8253d997c2b966844b4f196162d05a1bc1026493f7b20b3afe789068bf3a3,a36500324108a48f08b0fa481a9853e27a9e82ac0665deba3021a0b73f639998,"Converged components; matching PAW TITEL identities, functional, composition, full slab cell and stored core settings. Archived Kestrel provenance retained. No energy scaling or offsets.",Perlmutter first,false,,2,-1.94153454,selected candidate applied
Ir110,CO,beef_vdw,relaxed,ok,-2.20914959,-125.19482344,-111.25249754,-11.73317631,perlmutter,perlmutter,perlmutter,/pscratch/sd/j/jcho5/VASP/dft_jobs/CO_Ir110/beef_vdw,/pscratch/sd/j/jcho5/VASP/vasp_slab/Ir110/beef_vdw,/pscratch/sd/j/jcho5/VASP/vasp_mol/CO/beef_vdw,b20097082bb78217ad70d4c89a2517dae9f27bb5f628d8af61553c1b721159af,dff3bcbdcbb0a318a7a5d961255a2936f31b524d0772f25fcee23d69dba0061a,90c259ac544177c49d5917b5ef2a599f016bbaa85d9c2a29cfebab933e903980,"Converged components; matching PAW TITEL identities, functional, composition, full slab cell and stored core settings. Archived Kestrel provenance retained. No energy scaling or offsets.",Perlmutter first,false,-2.209,1,-2.20914959,selected candidate applied
Ir110,CO,beef_vdw,SPE,ok,-2.04935150,-125.03502535,-111.25249754,-11.73317631,perlmutter,perlmutter,perlmutter,/pscratch/sd/j/jcho5/VASP/dft_jobs/CO_Ir110/singlepoint/beef_vdw,/pscratch/sd/j/jcho5/VASP/vasp_slab/Ir110/beef_vdw,/pscratch/sd/j/jcho5/VASP/vasp_mol/CO/beef_vdw,fc2ea09d20930ddcd56ead3e2f1011d83e22d6851eb7ba701c50fdd9d10108a0,dff3bcbdcbb0a318a7a5d961255a2936f31b524d0772f25fcee23d69dba0061a,90c259ac544177c49d5917b5ef2a599f016bbaa85d9c2a29cfebab933e903980,"Converged components; matching PAW TITEL identities, functional, composition, full slab cell and stored core settings. Archived Kestrel provenance retained. No energy scaling or offsets.",Perlmutter first,false,,2,-2.04935150,selected candidate applied
Ir110,CO2,pbe,relaxed,ok,-0.04099090,-208.79397183,-185.79278571,-22.96019522,perlmutter,perlmutter,perlmutter,/pscratch/sd/j/jcho5/VASP/dft_jobs/CO2_Ir110/PBE,/pscratch/sd/j/jcho5/VASP/vasp_slab/Ir110/PBE,/pscratch/sd/j/jcho5/VASP/vasp_mol/CO2/PBE,93c27cfdd0f5a9916c20c2b81f4b29d98a6e50206fb1fb30d8fc4fd89f9d3f5e,ad43b59139581e162273eec3661b59c1b51dbf57935c2fdb90c14dc83623c680,5c3d4e7285479f2d4ac862de58c80a00baa5aba72e6fa7f6e419b6d41f863eca,"Converged components; matching PAW TITEL identities, functional, composition, full slab cell and stored core settings. Archived Kestrel provenance retained. No energy scaling or offsets.",Perlmutter first,false,-0.041,1,-0.04099090,selected candidate applied
Ir110,CO2,pbe,SPE,ok,0.01425373,-208.7387272,-185.79278571,-22.96019522,perlmutter,perlmutter,perlmutter,/pscratch/sd/j/jcho5/VASP/dft_jobs/CO2_Ir110/singlepoint/PBE,/pscratch/sd/j/jcho5/VASP/vasp_slab/Ir110/PBE,/pscratch/sd/j/jcho5/VASP/vasp_mol/CO2/PBE,3ebf7304291369ba5c45d35c43b0b01642ffd024a590ef0e401d09c20162798f,ad43b59139581e162273eec3661b59c1b51dbf57935c2fdb90c14dc83623c680,5c3d4e7285479f2d4ac862de58c80a00baa5aba72e6fa7f6e419b6d41f863eca,"Converged components; matching PAW TITEL identities, functional, composition, full slab cell and stored core settings. Archived Kestrel provenance retained. No energy scaling or offsets.",Perlmutter first,false,,2,0.01425373,selected candidate applied
Ir110,CO2,pbe_d3,relaxed,,,,,,,,,,,,,,,,No complete matched component set,false,,0,,missing
Ir110,CO2,pbe_d3,SPE,,,,,,,,,,,,,,,,No complete matched component set,false,,0,,missing
Ir110,CO2,r2scan,relaxed,ok,-0.11961248,-1254.36536303,-1228.67675167,-25.56899888,perlmutter,perlmutter,perlmutter,/pscratch/sd/j/jcho5/VASP/dft_jobs/CO2_Ir110/r2scan,/pscratch/sd/j/jcho5/VASP/vasp_slab/Ir110/r2scan,/pscratch/sd/j/jcho5/VASP/vasp_mol/CO2/r2scan,144fee1023c8fb64cbc0c0210449fe1484d95daaf94c1724d548db9cc5e6760f,e7e8253d997c2b966844b4f196162d05a1bc1026493f7b20b3afe789068bf3a3,4dab28f2a0fbe607817f4c5514d6f14b89ae1a164de9066f1d38852b7c93525c,"Converged components; matching PAW TITEL identities, functional, composition, full slab cell and stored core settings. Archived Kestrel provenance retained. No energy scaling or offsets.",Perlmutter first,false,-0.12,1,-0.11961248,selected candidate applied
Ir110,CO2,r2scan,SPE,ok,-0.05939664,-1254.30514719,-1228.67675167,-25.56899888,perlmutter,perlmutter,perlmutter,/pscratch/sd/j/jcho5/VASP/dft_jobs/CO2_Ir110/singlepoint/r2scan,/pscratch/sd/j/jcho5/VASP/vasp_slab/Ir110/r2scan,/pscratch/sd/j/jcho5/VASP/vasp_mol/CO2/r2scan,3320e95cbc0715fe0493f394f4b3db1103adebd15cab1084804d69707bd9b0c5,e7e8253d997c2b966844b4f196162d05a1bc1026493f7b20b3afe789068bf3a3,4dab28f2a0fbe607817f4c5514d6f14b89ae1a164de9066f1d38852b7c93525c,"Converged components; matching PAW TITEL identities, functional, composition, full slab cell and stored core settings. Archived Kestrel provenance retained. No energy scaling or offsets.",Perlmutter first,false,,2,-0.05939664,selected candidate applied
Ir110,CO2,beef_vdw,relaxed,ok,-0.30703064,-129.480153,-111.25249754,-17.92062482,perlmutter,perlmutter,perlmutter,/pscratch/sd/j/jcho5/VASP/dft_jobs/CO2_Ir110/beef_vdw,/pscratch/sd/j/jcho5/VASP/vasp_slab/Ir110/beef_vdw,/pscratch/sd/j/jcho5/VASP/vasp_mol/CO2/beef_vdw,93dae88beab5cdf070c21d0cd3d6a655d5d07b9886c8512c5e939c2c1eaaadac,dff3bcbdcbb0a318a7a5d961255a2936f31b524d0772f25fcee23d69dba0061a,f55cd94ae310bcb3102648fec1901ebd52aabdb902a10c25eb00c390b23c1ca3,"Converged components; matching PAW TITEL identities, functional, composition, full slab cell and stored core settings. Archived Kestrel provenance retained. No energy scaling or offsets.",Perlmutter first,false,-0.307,1,-0.30703064,selected candidate applied
Ir110,CO2,beef_vdw,SPE,ok,-0.26628873,-129.43941109,-111.25249754,-17.92062482,perlmutter,perlmutter,perlmutter,/pscratch/sd/j/jcho5/VASP/dft_jobs/CO2_Ir110/singlepoint/beef_vdw,/pscratch/sd/j/jcho5/VASP/vasp_slab/Ir110/beef_vdw,/pscratch/sd/j/jcho5/VASP/vasp_mol/CO2/beef_vdw,72c892c1adf7bd235ee040155a953669182351dc3f8314688327a523edb21c1e,dff3bcbdcbb0a318a7a5d961255a2936f31b524d0772f25fcee23d69dba0061a,f55cd94ae310bcb3102648fec1901ebd52aabdb902a10c25eb00c390b23c1ca3,"Converged components; matching PAW TITEL identities, functional, composition, full slab cell and stored core settings. Archived Kestrel provenance retained. No energy scaling or offsets.",Perlmutter first,false,,2,-0.26628873,selected candidate applied
Ir110,DME,pbe,relaxed,ok,-0.55457345,-232.72504105,-185.79278571,-46.37768189,perlmutter,perlmutter,perlmutter,/pscratch/sd/j/jcho5/VASP/dft_jobs/CH3OCH3_Ir110/PBE,/pscratch/sd/j/jcho5/VASP/vasp_slab/Ir110/PBE,/pscratch/sd/j/jcho5/VASP/completion_runs/dme_references_davidson_20260915/molecule/DME/PBE,2b3afaa57b801474798f6ae4208f78232c8df56045b67485992975cecac6314c,ad43b59139581e162273eec3661b59c1b51dbf57935c2fdb90c14dc83623c680,2783353f6c0ff3844ba4d6ff5d7e8f828816118201b89284c45975b6be47d7f6,"Converged components; matching PAW TITEL identities, functional, composition, full slab cell and stored core settings. Archived Kestrel provenance retained. No energy scaling or offsets.",Perlmutter first,false,-0.555,1,-0.55457345,selected candidate applied
Ir110,DME,pbe,SPE,ok,-0.49595715,-232.66642475,-185.79278571,-46.37768189,perlmutter,perlmutter,perlmutter,/pscratch/sd/j/jcho5/VASP/dft_jobs/CH3OCH3_Ir110/singlepoint/PBE,/pscratch/sd/j/jcho5/VASP/vasp_slab/Ir110/PBE,/pscratch/sd/j/jcho5/VASP/completion_runs/dme_references_davidson_20260915/molecule/DME/PBE,16ad61176ce9f333bb3f15262fcb4ac1bc607dd37df086719d1f27033bd389d9,ad43b59139581e162273eec3661b59c1b51dbf57935c2fdb90c14dc83623c680,2783353f6c0ff3844ba4d6ff5d7e8f828816118201b89284c45975b6be47d7f6,"Converged components; matching PAW TITEL identities, functional, composition, full slab cell and stored core settings. Archived Kestrel provenance retained. No energy scaling or offsets.",Perlmutter first,false,-0.496,2,-0.49595715,selected candidate applied
Ir110,DME,pbe_d3,relaxed,ok,-1.12407306,-242.68581318,-195.1382215,-46.42351862,perlmutter,perlmutter,perlmutter,/pscratch/sd/j/jcho5/VASP/dft_jobs/CH3OCH3_Ir110/PBE_D3,/pscratch/sd/j/jcho5/VASP/vasp_slab/Ir110/PBE_D3,/pscratch/sd/j/jcho5/VASP/completion_runs/dme_references_davidson_20260915/molecule/DME/PBE_D3,b11c8a5e5562a207d0ea459a32e2f797fc24d728bafb78fa685a6b7d520f13d3,788c61cc26bff3a86aa32725994a9e73fe4a16ac1c5baad8be90a8b9cc8313b5,fa540cffb0ee118e48318e9d7cc15ef68ab721ba66b60dacbe49aaf2111cd3ba,"Converged components; matching PAW TITEL identities, functional, composition, full slab cell and stored core settings. Archived Kestrel provenance retained. No energy scaling or offsets.",Perlmutter first,false,-1.124,1,-1.12407306,selected candidate applied
Ir110,DME,pbe_d3,SPE,ok,-1.01034103,-242.57208115,-195.1382215,-46.42351862,perlmutter,perlmutter,perlmutter,/pscratch/sd/j/jcho5/VASP/dft_jobs/CH3OCH3_Ir110/singlepoint/PBE_D3,/pscratch/sd/j/jcho5/VASP/vasp_slab/Ir110/PBE_D3,/pscratch/sd/j/jcho5/VASP/completion_runs/dme_references_davidson_20260915/molecule/DME/PBE_D3,8827c9a3cbfac9a780864ecee7f9df418a5d8dbbfd7c0898379ec1c01bde85fd,788c61cc26bff3a86aa32725994a9e73fe4a16ac1c5baad8be90a8b9cc8313b5,fa540cffb0ee118e48318e9d7cc15ef68ab721ba66b60dacbe49aaf2111cd3ba,"Converged components; matching PAW TITEL identities, functional, composition, full slab cell and stored core settings. Archived Kestrel provenance retained. No energy scaling or offsets.",Perlmutter first,false,-1.01,2,-1.01034103,selected candidate applied
Ir110,DME,r2scan,relaxed,ok,-0.75130498,-1278.56864592,-1228.67675167,-49.14058927,perlmutter,perlmutter,perlmutter,/pscratch/sd/j/jcho5/VASP/dft_jobs/CH3OCH3_Ir110/r2scan,/pscratch/sd/j/jcho5/VASP/vasp_slab/Ir110/r2scan,/pscratch/sd/j/jcho5/VASP/vasp_mol/CH3OCH3/r2scan,1421cceda73374edf4532b9a58a77f77c417879f02bb41ab39c7f644009bd2a5,e7e8253d997c2b966844b4f196162d05a1bc1026493f7b20b3afe789068bf3a3,88bae082a3a840ba244087cd0c4e6738272d372dfd577bafa865bab4c8e6f532,"Converged components; matching PAW TITEL identities, functional, composition, full slab cell and stored core settings. Archived Kestrel provenance retained. No energy scaling or offsets.",Perlmutter first,false,-0.751,1,-0.75130498,selected candidate applied
Ir110,DME,r2scan,SPE,ok,-0.69526785,-1278.51260879,-1228.67675167,-49.14058927,perlmutter,perlmutter,perlmutter,/pscratch/sd/j/jcho5/VASP/dft_jobs/CH3OCH3_Ir110/singlepoint/r2scan,/pscratch/sd/j/jcho5/VASP/vasp_slab/Ir110/r2scan,/pscratch/sd/j/jcho5/VASP/vasp_mol/CH3OCH3/r2scan,46403c4465644ab7d6016525b3eb0114dfa90ba52a3fed77bc8d2597592643ab,e7e8253d997c2b966844b4f196162d05a1bc1026493f7b20b3afe789068bf3a3,88bae082a3a840ba244087cd0c4e6738272d372dfd577bafa865bab4c8e6f532,"Converged components; matching PAW TITEL identities, functional, composition, full slab cell and stored core settings. Archived Kestrel provenance retained. No energy scaling or offsets.",Perlmutter first,false,-0.695,2,-0.69526785,selected candidate applied
Ir110,DME,beef_vdw,relaxed,ok,-0.95188048,-154.49750731,-111.25249754,-42.29312929,perlmutter,perlmutter,perlmutter,/pscratch/sd/j/jcho5/VASP/dft_jobs/CH3OCH3_Ir110/beef_vdw,/pscratch/sd/j/jcho5/VASP/vasp_slab/Ir110/beef_vdw,/pscratch/sd/j/jcho5/VASP/vasp_mol/CH3OCH3/beef_vdw,2ef9d0c4b111b377e1890e5ceed5473691ec61cc60c06de998c6c6853365670d,dff3bcbdcbb0a318a7a5d961255a2936f31b524d0772f25fcee23d69dba0061a,086d10efc7f719c873def716799e78f3d0ddf3330b2d8d4c13d6972f445248a2,"Converged components; matching PAW TITEL identities, functional, composition, full slab cell and stored core settings. Archived Kestrel provenance retained. No energy scaling or offsets.",Perlmutter first,false,-0.952,1,-0.95188048,selected candidate applied
Ir110,DME,beef_vdw,SPE,ok,-0.89116866,-154.43679549,-111.25249754,-42.29312929,perlmutter,perlmutter,perlmutter,/pscratch/sd/j/jcho5/VASP/dft_jobs/CH3OCH3_Ir110/singlepoint/beef_vdw,/pscratch/sd/j/jcho5/VASP/vasp_slab/Ir110/beef_vdw,/pscratch/sd/j/jcho5/VASP/vasp_mol/CH3OCH3/beef_vdw,5496c2263d690c0a851c3ef7186d8f3724624abe19ad9b45e9933ba2dc9eaf65,dff3bcbdcbb0a318a7a5d961255a2936f31b524d0772f25fcee23d69dba0061a,086d10efc7f719c873def716799e78f3d0ddf3330b2d8d4c13d6972f445248a2,"Converged components; matching PAW TITEL identities, functional, composition, full slab cell and stored core settings. Archived Kestrel provenance retained. No energy scaling or offsets.",Perlmutter first,false,-0.891,2,-0.89116866,selected candidate applied
Ir110,H2O,pbe,relaxed,ok,-0.61168013,-200.62224101,-185.79278571,-14.21777517,perlmutter,perlmutter,perlmutter,/pscratch/sd/j/jcho5/VASP/dft_jobs/H2O_Ir110/PBE,/pscratch/sd/j/jcho5/VASP/vasp_slab/Ir110/PBE,/pscratch/sd/j/jcho5/VASP/vasp_mol/H2O/PBE,5f8209fcdfcd176054706fb06960611adbd156034a015bccb4cd2a15e8238310,ad43b59139581e162273eec3661b59c1b51dbf57935c2fdb90c14dc83623c680,dbc93cb2dc9c33d9e78e8d67411ddad5af844a63665a1023d719bbb6cea7ab32,"Converged components; matching PAW TITEL identities, functional, composition, full slab cell and stored core settings. Archived Kestrel provenance retained. No energy scaling or offsets.",Perlmutter first,false,-0.612,1,-0.61168013,selected candidate applied
Ir110,H2O,pbe,SPE,ok,-0.54753202,-200.5580929,-185.79278571,-14.21777517,perlmutter,perlmutter,perlmutter,/pscratch/sd/j/jcho5/VASP/dft_jobs/H2O_Ir110/singlepoint/PBE,/pscratch/sd/j/jcho5/VASP/vasp_slab/Ir110/PBE,/pscratch/sd/j/jcho5/VASP/vasp_mol/H2O/PBE,b5ce529f66eac4b30e0a9ae72b07eef0204087e8fa223b5eed43471520aac22f,ad43b59139581e162273eec3661b59c1b51dbf57935c2fdb90c14dc83623c680,dbc93cb2dc9c33d9e78e8d67411ddad5af844a63665a1023d719bbb6cea7ab32,"Converged components; matching PAW TITEL identities, functional, composition, full slab cell and stored core settings. Archived Kestrel provenance retained. No energy scaling or offsets.",Perlmutter first,false,,2,-0.54753202,selected candidate applied
Ir110,H2O,pbe_d3,relaxed,ok,-0.85927807,-210.21538735,-195.1382215,-14.21788778,perlmutter,perlmutter,perlmutter,/pscratch/sd/j/jcho5/VASP/dft_jobs/H2O_Ir110/PBE_D3,/pscratch/sd/j/jcho5/VASP/vasp_slab/Ir110/PBE_D3,/pscratch/sd/j/jcho5/VASP/vasp_mol/H2O/PBE_D3,a1f67a31675954e1099e1d786096bb5c78c95aafae59512cd94b4e7b4be501e6,788c61cc26bff3a86aa32725994a9e73fe4a16ac1c5baad8be90a8b9cc8313b5,262c9c4edc75d1e8273e9ddecaa2811518bff7b48e9850e565c0e5f7753cd53d,"Converged components; matching PAW TITEL identities, functional, composition, full slab cell and stored core settings. Archived Kestrel provenance retained. No energy scaling or offsets.",Perlmutter first,false,-0.859,1,-0.85927807,selected candidate applied
Ir110,H2O,pbe_d3,SPE,ok,-0.75146265,-210.10757193,-195.1382215,-14.21788778,perlmutter,perlmutter,perlmutter,/pscratch/sd/j/jcho5/VASP/dft_jobs/H2O_Ir110/singlepoint/PBE_D3,/pscratch/sd/j/jcho5/VASP/vasp_slab/Ir110/PBE_D3,/pscratch/sd/j/jcho5/VASP/vasp_mol/H2O/PBE_D3,bd020ec0234f43b2e7f90616acf1efa7b6ab62709d473b0e34ed6756486675c2,788c61cc26bff3a86aa32725994a9e73fe4a16ac1c5baad8be90a8b9cc8313b5,262c9c4edc75d1e8273e9ddecaa2811518bff7b48e9850e565c0e5f7753cd53d,"Converged components; matching PAW TITEL identities, functional, composition, full slab cell and stored core settings. Archived Kestrel provenance retained. No energy scaling or offsets.",Perlmutter first,false,,2,-0.75146265,selected candidate applied
Ir110,H2O,r2scan,relaxed,ok,-0.74355377,-1244.75272484,-1228.67675167,-15.3324194,perlmutter,perlmutter,perlmutter,/pscratch/sd/j/jcho5/VASP/dft_jobs/H2O_Ir110/r2scan,/pscratch/sd/j/jcho5/VASP/vasp_slab/Ir110/r2scan,/pscratch/sd/j/jcho5/VASP/vasp_mol/H2O/r2scan,019ca0889a649a7a6dfcc7f4ff8a694eb850d798a0e56f15ba3ef707ef4fc721,e7e8253d997c2b966844b4f196162d05a1bc1026493f7b20b3afe789068bf3a3,487e4574db3c6258155878738b58c6b217ab5e73271188fd8d16cf306738b9ea,"Converged components; matching PAW TITEL identities, functional, composition, full slab cell and stored core settings. Archived Kestrel provenance retained. No energy scaling or offsets.",Perlmutter first,false,-0.744,1,-0.74355377,selected candidate applied
Ir110,H2O,r2scan,SPE,ok,-0.58864480,-1244.59781587,-1228.67675167,-15.3324194,perlmutter,perlmutter,perlmutter,/pscratch/sd/j/jcho5/VASP/dft_jobs/H2O_Ir110/singlepoint/r2scan,/pscratch/sd/j/jcho5/VASP/vasp_slab/Ir110/r2scan,/pscratch/sd/j/jcho5/VASP/vasp_mol/H2O/r2scan,160fa7830065853fabb75e490e60c65137c939c15236b6fdf8b6ac12af5149ac,e7e8253d997c2b966844b4f196162d05a1bc1026493f7b20b3afe789068bf3a3,487e4574db3c6258155878738b58c6b217ab5e73271188fd8d16cf306738b9ea,"Converged components; matching PAW TITEL identities, functional, composition, full slab cell and stored core settings. Archived Kestrel provenance retained. No energy scaling or offsets.",Perlmutter first,false,,2,-0.58864480,selected candidate applied
Ir110,H2O,beef_vdw,relaxed,ok,-0.68569968,-124.44151403,-111.25249754,-12.50331681,perlmutter,perlmutter,perlmutter,/pscratch/sd/j/jcho5/VASP/dft_jobs/H2O_Ir110/beef_vdw,/pscratch/sd/j/jcho5/VASP/vasp_slab/Ir110/beef_vdw,/pscratch/sd/j/jcho5/VASP/vasp_mol/H2O/beef_vdw,fc16d4969836091fbb4615f8d3d0886d8a989f3df806b6af92b5c267d3e584a3,dff3bcbdcbb0a318a7a5d961255a2936f31b524d0772f25fcee23d69dba0061a,689e45a06d4ccea94754e756b8c22988cea5c0e0e6d5f8a7a54a4aad4d83b021,"Converged components; matching PAW TITEL identities, functional, composition, full slab cell and stored core settings. Archived Kestrel provenance retained. No energy scaling or offsets.",Perlmutter first,false,-0.686,1,-0.68569968,selected candidate applied
Ir110,H2O,beef_vdw,SPE,ok,-0.59914013,-124.35495448,-111.25249754,-12.50331681,perlmutter,perlmutter,perlmutter,/pscratch/sd/j/jcho5/VASP/dft_jobs/H2O_Ir110/singlepoint/beef_vdw,/pscratch/sd/j/jcho5/VASP/vasp_slab/Ir110/beef_vdw,/pscratch/sd/j/jcho5/VASP/vasp_mol/H2O/beef_vdw,6e259307cf2dc248a7cbde5c43cf60e23f4373c534a18f371863a82c406167d1,dff3bcbdcbb0a318a7a5d961255a2936f31b524d0772f25fcee23d69dba0061a,689e45a06d4ccea94754e756b8c22988cea5c0e0e6d5f8a7a54a4aad4d83b021,"Converged components; matching PAW TITEL identities, functional, composition, full slab cell and stored core settings. Archived Kestrel provenance retained. No energy scaling or offsets.",Perlmutter first,false,,2,-0.59914013,selected candidate applied
Ir110,H2S,pbe,relaxed,ok,-2.71225277,-199.70413317,-185.79278571,-11.19909469,perlmutter,perlmutter,perlmutter,/pscratch/sd/j/jcho5/VASP/dft_jobs/H2S_Ir110/PBE,/pscratch/sd/j/jcho5/VASP/vasp_slab/Ir110/PBE,/pscratch/sd/j/jcho5/VASP/vasp_mol/H2S/PBE,68fa9eb4c9447119d21790a631aa46d74decb00b5d988476b5d631a6822afa26,ad43b59139581e162273eec3661b59c1b51dbf57935c2fdb90c14dc83623c680,1a92bedbec2079b5bccf2895e7f9410fb27146466a381d2e646a140cf02b9356,"Converged components; matching PAW TITEL identities, functional, composition, full slab cell and stored core settings. Archived Kestrel provenance retained. No energy scaling or offsets.",Perlmutter first,false,-2.712,1,-2.71225277,selected candidate applied
Ir110,H2S,pbe,SPE,ok,-2.62860160,-199.620482,-185.79278571,-11.19909469,perlmutter,perlmutter,perlmutter,/pscratch/sd/j/jcho5/VASP/dft_jobs/H2S_Ir110/singlepoint/PBE,/pscratch/sd/j/jcho5/VASP/vasp_slab/Ir110/PBE,/pscratch/sd/j/jcho5/VASP/vasp_mol/H2S/PBE,0e5075e118b8729a847b8b577f6ad069fd30783c042ebf226220af8241a26082,ad43b59139581e162273eec3661b59c1b51dbf57935c2fdb90c14dc83623c680,1a92bedbec2079b5bccf2895e7f9410fb27146466a381d2e646a140cf02b9356,"Converged components; matching PAW TITEL identities, functional, composition, full slab cell and stored core settings. Archived Kestrel provenance retained. No energy scaling or offsets.",Perlmutter first,false,,1,-2.62860160,selected candidate applied
Ir110,H2S,pbe_d3,relaxed,ok,-3.16130388,-209.49929189,-195.1382215,-11.19976651,perlmutter,perlmutter,perlmutter,/pscratch/sd/j/jcho5/VASP/dft_jobs/H2S_Ir110/PBE_D3,/pscratch/sd/j/jcho5/VASP/vasp_slab/Ir110/PBE_D3,/pscratch/sd/j/jcho5/VASP/vasp_mol/H2S/PBE_D3,3d4111d89544613ad5958158830ef898c2546b67cfc0594458fe880f92a47e64,788c61cc26bff3a86aa32725994a9e73fe4a16ac1c5baad8be90a8b9cc8313b5,c6b9f0976f0182a20da8d55d89e0540f22dd45606b1c658db8ccc9505c1f53c1,"Converged components; matching PAW TITEL identities, functional, composition, full slab cell and stored core settings. Archived Kestrel provenance retained. No energy scaling or offsets.",Perlmutter first,false,-3.161,1,-3.16130388,selected candidate applied
Ir110,H2S,pbe_d3,SPE,ok,-3.03571524,-209.37370325,-195.1382215,-11.19976651,perlmutter,perlmutter,perlmutter,/pscratch/sd/j/jcho5/VASP/dft_jobs/H2S_Ir110/singlepoint/PBE_D3,/pscratch/sd/j/jcho5/VASP/vasp_slab/Ir110/PBE_D3,/pscratch/sd/j/jcho5/VASP/vasp_mol/H2S/PBE_D3,f098e14e687a07220cb86d3bb0cb5a20d5905eeb0434c3ac76fb9423f6af894b,788c61cc26bff3a86aa32725994a9e73fe4a16ac1c5baad8be90a8b9cc8313b5,c6b9f0976f0182a20da8d55d89e0540f22dd45606b1c658db8ccc9505c1f53c1,"Converged components; matching PAW TITEL identities, functional, composition, full slab cell and stored core settings. Archived Kestrel provenance retained. No energy scaling or offsets.",Perlmutter first,false,,1,-3.03571524,selected candidate applied
Ir110,H2S,r2scan,relaxed,ok,-2.86837662,-1246.77127939,-1228.67675167,-15.2261511,perlmutter,perlmutter,perlmutter,/pscratch/sd/j/jcho5/VASP/dft_jobs/H2S_Ir110/r2scan,/pscratch/sd/j/jcho5/VASP/vasp_slab/Ir110/r2scan,/pscratch/sd/j/jcho5/VASP/vasp_mol/H2S/r2scan,3d136e59e9f4f57bca4db267d44fb7ead52a6194db67799a1ca2bdd671f8d126,e7e8253d997c2b966844b4f196162d05a1bc1026493f7b20b3afe789068bf3a3,cd2885646e5a2e675234a4818d03579bf9fb9da3ff8e18b7d850d1c914ebb9e5,"Converged components; matching PAW TITEL identities, functional, composition, full slab cell and stored core settings. Archived Kestrel provenance retained. No energy scaling or offsets.",Perlmutter first,false,-2.868,1,-2.86837662,selected candidate applied
Ir110,H2S,r2scan,SPE,ok,-2.61769293,-1246.5205957,-1228.67675167,-15.2261511,perlmutter,perlmutter,perlmutter,/pscratch/sd/j/jcho5/VASP/dft_jobs/H2S_Ir110/singlepoint/r2scan,/pscratch/sd/j/jcho5/VASP/vasp_slab/Ir110/r2scan,/pscratch/sd/j/jcho5/VASP/vasp_mol/H2S/r2scan,52be2327bd353c2dabf5653ef864473ea5ef21f7471d18f33207c4655b3836ce,e7e8253d997c2b966844b4f196162d05a1bc1026493f7b20b3afe789068bf3a3,cd2885646e5a2e675234a4818d03579bf9fb9da3ff8e18b7d850d1c914ebb9e5,"Converged components; matching PAW TITEL identities, functional, composition, full slab cell and stored core settings. Archived Kestrel provenance retained. No energy scaling or offsets.",Perlmutter first,false,,1,-2.61769293,selected candidate applied
Ir110,H2S,beef_vdw,relaxed,ok,-2.75924186,-123.62591565,-111.25249754,-9.61417625,perlmutter,perlmutter,perlmutter,/pscratch/sd/j/jcho5/VASP/dft_jobs/H2S_Ir110/beef_vdw,/pscratch/sd/j/jcho5/VASP/vasp_slab/Ir110/beef_vdw,/pscratch/sd/j/jcho5/VASP/vasp_mol/H2S/beef_vdw,6e050573c156822ab0a4f307b52b159eda7906b1eeb3dc4cb6042b13d5fe686c,dff3bcbdcbb0a318a7a5d961255a2936f31b524d0772f25fcee23d69dba0061a,98d678433025cb0030b4997be58e36abb1c9bcfbdbd54865bdaab7162987e9be,"Converged components; matching PAW TITEL identities, functional, composition, full slab cell and stored core settings. Archived Kestrel provenance retained. No energy scaling or offsets.",Perlmutter first,false,-2.759,1,-2.75924186,selected candidate applied
Ir110,H2S,beef_vdw,SPE,ok,-2.66724344,-123.53391723,-111.25249754,-9.61417625,perlmutter,perlmutter,perlmutter,/pscratch/sd/j/jcho5/VASP/dft_jobs/H2S_Ir110/singlepoint/beef_vdw,/pscratch/sd/j/jcho5/VASP/vasp_slab/Ir110/beef_vdw,/pscratch/sd/j/jcho5/VASP/vasp_mol/H2S/beef_vdw,24acf6b8183c38bdb51bfe1a6597fb1c18cf09639c6691606874dbe8f708d497,dff3bcbdcbb0a318a7a5d961255a2936f31b524d0772f25fcee23d69dba0061a,98d678433025cb0030b4997be58e36abb1c9bcfbdbd54865bdaab7162987e9be,"Converged components; matching PAW TITEL identities, functional, composition, full slab cell and stored core settings. Archived Kestrel provenance retained. No energy scaling or offsets.",Perlmutter first,false,,1,-2.66724344,selected candidate applied
Ir110,N2,pbe,relaxed,ok,-1.09917642,-203.51998704,-185.79278571,-16.62802491,perlmutter,perlmutter,perlmutter,/pscratch/sd/j/jcho5/VASP/dft_jobs/N2_Ir110/PBE,/pscratch/sd/j/jcho5/VASP/vasp_slab/Ir110/PBE,/pscratch/sd/j/jcho5/VASP/vasp_mol/N2/PBE,e3716411b42dd1e373949c697147044b6687817087734bc7bc57f5937b5ca4e2,ad43b59139581e162273eec3661b59c1b51dbf57935c2fdb90c14dc83623c680,d88c05e269ebedefc829ee51245381d8e9c4347ae29e1f29f7c2429f141c6649,"Converged components; matching PAW TITEL identities, functional, composition, full slab cell and stored core settings. Archived Kestrel provenance retained. No energy scaling or offsets.",Perlmutter first,false,-1.099,1,-1.09917642,selected candidate applied
Ir110,N2,pbe,SPE,,,,,,,,,,,,,,,,No complete matched component set,false,,0,,missing
Ir110,N2,pbe_d3,relaxed,ok,-1.3396584,-213.1059134,-195.1382215,-16.6280335,perlmutter,perlmutter,perlmutter,/pscratch/sd/j/jcho5/VASP/dft_jobs/N2_Ir110/PBE_D3,/pscratch/sd/j/jcho5/VASP/vasp_slab/Ir110/PBE_D3,/pscratch/sd/j/jcho5/VASP/vasp_mol/N2/PBE_D3,2b1246495937e03c9193ce7024459d67e4777d19565a29673e9e279828860e60,788c61cc26bff3a86aa32725994a9e73fe4a16ac1c5baad8be90a8b9cc8313b5,134aa30894843fb850c2e4f166e7e4b2abf6c5fa55bd8b86446136d10ff5996c,"Converged components; matching PAW TITEL identities, functional, composition, full slab cell and stored core settings. Archived Kestrel provenance retained. No energy scaling or offsets.",Perlmutter first,false,-1.34,1,-1.3396584,selected candidate applied
Ir110,N2,pbe_d3,SPE,,,,,,,,,,,,,,,,No complete matched component set,false,,0,,missing
Ir110,N2,r2scan,relaxed,,,,,,,,,,,,,,,,No complete matched component set,false,,0,,missing
Ir110,N2,r2scan,SPE,,,,,,,,,,,,,,,,No complete matched component set,false,,0,,missing
Ir110,N2,beef_vdw,relaxed,ok,-1.07975154,-125.89557653,-111.25249754,-13.56332745,perlmutter,perlmutter,perlmutter,/pscratch/sd/j/jcho5/VASP/dft_jobs/N2_Ir110/beef_vdw,/pscratch/sd/j/jcho5/VASP/vasp_slab/Ir110/beef_vdw,/pscratch/sd/j/jcho5/VASP/vasp_mol/N2/beef_vdw,95d97a5ea31554830b96ca9f0b7825553e45f92f17bb0b1d348d4a115fee859b,dff3bcbdcbb0a318a7a5d961255a2936f31b524d0772f25fcee23d69dba0061a,c086dfba7988ca265f900e304852fba2928e031933156f88c5fe4c6c6e000fe5,"Converged components; matching PAW TITEL identities, functional, composition, full slab cell and stored core settings. Archived Kestrel provenance retained. No energy scaling or offsets.",Perlmutter first,false,-1.08,1,-1.07975154,selected candidate applied
Ir110,N2,beef_vdw,SPE,,,,,,,,,,,,,,,,No complete matched component set,false,,0,,missing
Ir110,NH3,pbe,relaxed,ok,-1.22135252,-206.54933923,-185.79278571,-19.535201,perlmutter,perlmutter,perlmutter,/pscratch/sd/j/jcho5/VASP/dft_jobs/NH3_Ir110/PBE,/pscratch/sd/j/jcho5/VASP/vasp_slab/Ir110/PBE,/pscratch/sd/j/jcho5/VASP/vasp_mol/NH3/PBE,bab4eca3bb6506c2980ad91a1f97c9ab31b6eb0f030dec6ee12cfb03d0e212d9,ad43b59139581e162273eec3661b59c1b51dbf57935c2fdb90c14dc83623c680,213763fedd7093b2229835703201a9709064f59272bde3e2c23f0851e910d0c8,"Converged components; matching PAW TITEL identities, functional, composition, full slab cell and stored core settings. Archived Kestrel provenance retained. No energy scaling or offsets.",Perlmutter first,false,-1.221,1,-1.22135252,selected candidate applied
Ir110,NH3,pbe,SPE,,,,,,,,,,,,,,,,No complete matched component set,false,,0,,missing
Ir110,NH3,pbe_d3,relaxed,ok,-1.50876043,-216.18268508,-195.1382215,-19.53570315,perlmutter,perlmutter,perlmutter,/pscratch/sd/j/jcho5/VASP/dft_jobs/NH3_Ir110/PBE_D3,/pscratch/sd/j/jcho5/VASP/vasp_slab/Ir110/PBE_D3,/pscratch/sd/j/jcho5/VASP/vasp_mol/NH3/PBE_D3,3e64c235c27d8dff1bf368334991adb8f37bee509f68178b2277770cb9408c44,788c61cc26bff3a86aa32725994a9e73fe4a16ac1c5baad8be90a8b9cc8313b5,3b4c14c5df46ed5846693a0c3e2e8c88450f34e4d9235a19514e2695d345e1f4,"Converged components; matching PAW TITEL identities, functional, composition, full slab cell and stored core settings. Archived Kestrel provenance retained. No energy scaling or offsets.",Perlmutter first,false,-1.509,1,-1.50876043,selected candidate applied
Ir110,NH3,pbe_d3,SPE,,,,,,,,,,,,,,,,No complete matched component set,false,,0,,missing
Ir110,NH3,r2scan,relaxed,ok,-1.32076680,-1250.51586581,-1228.67675167,-20.51834734,perlmutter,perlmutter,perlmutter,/pscratch/sd/j/jcho5/VASP/dft_jobs/NH3_Ir110/r2scan,/pscratch/sd/j/jcho5/VASP/vasp_slab/Ir110/r2scan,/pscratch/sd/j/jcho5/VASP/vasp_mol/NH3/r2scan,c9a2b3e92e8b295a0439b6baf1287edc023a5471eb3d2911e38156712867e9f3,e7e8253d997c2b966844b4f196162d05a1bc1026493f7b20b3afe789068bf3a3,60900b18885f1b4cf6d3000c25f30a04a5d95dd59f4d35873e020f5d8ef8bad0,"Converged components; matching PAW TITEL identities, functional, composition, full slab cell and stored core settings. Archived Kestrel provenance retained. No energy scaling or offsets.",Perlmutter first,false,-1.321,1,-1.32076680,selected candidate applied
Ir110,NH3,r2scan,SPE,,,,,,,,,,,,,,,,No complete matched component set,false,,0,,missing
Ir110,NH3,beef_vdw,relaxed,ok,-1.30546683,-130.69544179,-111.25249754,-18.13747742,perlmutter,perlmutter,perlmutter,/pscratch/sd/j/jcho5/VASP/dft_jobs/NH3_Ir110/beef_vdw,/pscratch/sd/j/jcho5/VASP/vasp_slab/Ir110/beef_vdw,/pscratch/sd/j/jcho5/VASP/vasp_mol/NH3/beef_vdw,c21bf470504a99949b2c73569f844ed7f85ff6269993a57f91f6e68c2f9b71bb,dff3bcbdcbb0a318a7a5d961255a2936f31b524d0772f25fcee23d69dba0061a,83b9f39efc589d6bbb595d5393aa35690daacba8a24b4e2569a8033a767a7f33,"Converged components; matching PAW TITEL identities, functional, composition, full slab cell and stored core settings. Archived Kestrel provenance retained. No energy scaling or offsets.",Perlmutter first,false,-1.305,1,-1.30546683,selected candidate applied
Ir110,NH3,beef_vdw,SPE,,,,,,,,,,,,,,,,No complete matched component set,false,,0,,missing
Ir110,NO,pbe,relaxed,ok,-3.26095181,-200.99991137,-185.79278571,-11.94617385,perlmutter,perlmutter,perlmutter,/pscratch/sd/j/jcho5/VASP/dft_jobs/NO_Ir110/PBE,/pscratch/sd/j/jcho5/VASP/vasp_slab/Ir110/PBE,/pscratch/sd/j/jcho5/VASP/vasp_mol/NO/PBE,de658719758a355f2301fa9d3edff13cbb25a477f48742bb7b7c4059bbb61089,ad43b59139581e162273eec3661b59c1b51dbf57935c2fdb90c14dc83623c680,b18f258996f2970d8a05447d8ad26f71aae317e508c85d077da55269f2013fbf,"Converged components; matching PAW TITEL identities, functional, composition, full slab cell and stored core settings. Archived Kestrel provenance retained. No energy scaling or offsets.",Perlmutter first,false,-3.261,1,-3.26095181,selected candidate applied
Ir110,NO,pbe,SPE,,,,,,,,,,,,,,,,No complete matched component set,false,,0,,missing
Ir110,NO,pbe_d3,relaxed,ok,-3.46347599,-210.54788683,-195.1382215,-11.94618934,perlmutter,perlmutter,perlmutter,/pscratch/sd/j/jcho5/VASP/dft_jobs/NO_Ir110/PBE_D3,/pscratch/sd/j/jcho5/VASP/vasp_slab/Ir110/PBE_D3,/pscratch/sd/j/jcho5/VASP/vasp_mol/NO/PBE_D3,7c2b9ddeedf041497cb038d2e6572fa0de82b5ed0e92bb8df2eb234075e174af,788c61cc26bff3a86aa32725994a9e73fe4a16ac1c5baad8be90a8b9cc8313b5,47007eafae25da64dade4010ec0ae0da4e46cb38cf55b3f1c367a96bfa0ba391,"Converged components; matching PAW TITEL identities, functional, composition, full slab cell and stored core settings. Archived Kestrel provenance retained. No energy scaling or offsets.",Perlmutter first,false,-3.463,1,-3.46347599,selected candidate applied
Ir110,NO,pbe_d3,SPE,,,,,,,,,,,,,,,,No complete matched component set,false,,0,,missing
Ir110,NO,r2scan,relaxed,,,,,,,,,,,,,,,,No complete matched component set,false,,0,,missing
Ir110,NO,r2scan,SPE,,,,,,,,,,,,,,,,No complete matched component set,false,,0,,missing
Ir110,NO,beef_vdw,relaxed,energy_review,-9.82579438,-123.04508474,-111.25249754,-1.96679282,perlmutter,perlmutter,perlmutter,/pscratch/sd/j/jcho5/VASP/dft_jobs/NO_Ir110/beef_vdw,/pscratch/sd/j/jcho5/VASP/vasp_slab/Ir110/beef_vdw,/pscratch/sd/j/jcho5/VASP/vasp_mol/NO/beef_vdw,3e839a25ce7e644d37e3fb8fe24159fad919762fe43a922165d50f4d3579d13d,dff3bcbdcbb0a318a7a5d961255a2936f31b524d0772f25fcee23d69dba0061a,81e7e45f68d53c65e51e87c8a6d93c76eb56be4bb7b97b97fe979d99cf578be8,"Converged components; matching PAW TITEL identities, functional, composition, full slab cell and stored core settings. Archived Kestrel provenance retained. No energy scaling or offsets.",Perlmutter energy review retained; no unflagged Kestrel alternative,false,-9.826,1,-9.82579438,selected candidate applied
Ir110,NO,beef_vdw,SPE,,,,,,,,,,,,,,,,No complete matched component set,false,,0,,missing
Ir110,SO2,pbe,relaxed,ok,-2.38214405,-205.21637771,-185.79278571,-17.04144795,perlmutter,perlmutter,perlmutter,/pscratch/sd/j/jcho5/VASP/dft_jobs/SO2_Ir110/PBE,/pscratch/sd/j/jcho5/VASP/vasp_slab/Ir110/PBE,/pscratch/sd/j/jcho5/VASP/vasp_mol/SO2/PBE,25fdfaf78746d8d3c5dd6ea460006dd457f3af142d7f30481e66daedd1c0ec34,ad43b59139581e162273eec3661b59c1b51dbf57935c2fdb90c14dc83623c680,f8b6731a28978b0d5c707e15d084de7e3cb6f8aa9b1e2837e7498045835ee19f,"Converged components; matching PAW TITEL identities, functional, composition, full slab cell and stored core settings. Archived Kestrel provenance retained. No energy scaling or offsets.",Perlmutter first,false,-2.382,1,-2.38214405,selected candidate applied
Ir110,SO2,pbe,SPE,,,,,,,,,,,,,,,,No complete matched component set,false,,0,,missing
Ir110,SO2,pbe_d3,relaxed,ok,-2.91479134,-215.09810448,-195.1382215,-17.04509164,perlmutter,perlmutter,perlmutter,/pscratch/sd/j/jcho5/VASP/dft_jobs/SO2_Ir110/PBE_D3,/pscratch/sd/j/jcho5/VASP/vasp_slab/Ir110/PBE_D3,/pscratch/sd/j/jcho5/VASP/vasp_mol/SO2/PBE_D3,bcbf924dce61112452fb29fd2708c5e865a635d4b4225d7d8cdc2a393281f105,788c61cc26bff3a86aa32725994a9e73fe4a16ac1c5baad8be90a8b9cc8313b5,708a3da909e80e94efe37121eb986f5f34eab821d5ddaa945b274efe529cd9e7,"Converged components; matching PAW TITEL identities, functional, composition, full slab cell and stored core settings. Archived Kestrel provenance retained. No energy scaling or offsets.",Perlmutter first,false,-2.915,1,-2.91479134,selected candidate applied
Ir110,SO2,pbe_d3,SPE,,,,,,,,,,,,,,,,No complete matched component set,false,,0,,missing
Ir110,SO2,r2scan,relaxed,ok,-2.69553447,-1254.23285511,-1228.67675167,-22.86056897,perlmutter,perlmutter,perlmutter,/pscratch/sd/j/jcho5/VASP/dft_jobs/SO2_Ir110/r2scan,/pscratch/sd/j/jcho5/VASP/vasp_slab/Ir110/r2scan,/pscratch/sd/j/jcho5/VASP/vasp_mol/SO2/r2scan,b29f0eddf619f6609add21e2619c1f110386d538cc29e448d02de1f04eb61835,e7e8253d997c2b966844b4f196162d05a1bc1026493f7b20b3afe789068bf3a3,a886a74a9fe799e3e9d2b9631b0bcad8fdcb5478e834653b81ca7dc66d1d48b0,"Converged components; matching PAW TITEL identities, functional, composition, full slab cell and stored core settings. Archived Kestrel provenance retained. No energy scaling or offsets.",Perlmutter first,false,-2.696,1,-2.69553447,selected candidate applied
Ir110,SO2,r2scan,SPE,,,,,,,,,,,,,,,,No complete matched component set,false,,0,,missing
Ir110,SO2,beef_vdw,relaxed,ok,-2.48996774,-125.41332534,-111.25249754,-11.67086006,perlmutter,perlmutter,perlmutter,/pscratch/sd/j/jcho5/VASP/dft_jobs/SO2_Ir110/beef_vdw,/pscratch/sd/j/jcho5/VASP/vasp_slab/Ir110/beef_vdw,/pscratch/sd/j/jcho5/VASP/vasp_mol/SO2/beef_vdw,02e49ef1d68b9990ced256c44fda2c5228728794677e0b7ab8d4db96a621e832,dff3bcbdcbb0a318a7a5d961255a2936f31b524d0772f25fcee23d69dba0061a,d8725568611451b0b5ae0afcdab5518e0168ae5f982a6b8d4853be02edcc6c1b,"Converged components; matching PAW TITEL identities, functional, composition, full slab cell and stored core settings. Archived Kestrel provenance retained. No energy scaling or offsets.",Perlmutter first,false,-2.49,1,-2.48996774,selected candidate applied
Ir110,SO2,beef_vdw,SPE,,,,,,,,,,,,,,,,No complete matched component set,false,,0,,missing
Ir110,acetaldehyde,pbe,relaxed,ok,-0.78771705,-225.68991863,-185.79278571,-39.10941587,perlmutter,perlmutter,perlmutter,/pscratch/sd/j/jcho5/VASP/dft_jobs/CH3CHO_Ir110/PBE,/pscratch/sd/j/jcho5/VASP/vasp_slab/Ir110/PBE,/pscratch/sd/j/jcho5/VASP/vasp_mol/CH3CHO/PBE,bc84f33de0560c16ead496c9e764848cb54b1537ace7146af74bf0cae2905cca,ad43b59139581e162273eec3661b59c1b51dbf57935c2fdb90c14dc83623c680,59324ce5b1c78bd0f07cc7393e4097a7ddb2e6b5cb3bc03ceb0d40fea5d9376c,"Converged components; matching PAW TITEL identities, functional, composition, full slab cell and stored core settings. Archived Kestrel provenance retained. No energy scaling or offsets.",Perlmutter first,false,-0.788,1,-0.78771705,selected candidate applied
Ir110,acetaldehyde,pbe,SPE,ok,-0.70458460,-225.60678618,-185.79278571,-39.10941587,perlmutter,perlmutter,perlmutter,/pscratch/sd/j/jcho5/VASP/dft_jobs/CH3CHO_Ir110/singlepoint/PBE,/pscratch/sd/j/jcho5/VASP/vasp_slab/Ir110/PBE,/pscratch/sd/j/jcho5/VASP/vasp_mol/CH3CHO/PBE,2bd94d7bd484ef83fb5979340b4f3dfa6bf7f20d22ca2814780f91af66d035da,ad43b59139581e162273eec3661b59c1b51dbf57935c2fdb90c14dc83623c680,59324ce5b1c78bd0f07cc7393e4097a7ddb2e6b5cb3bc03ceb0d40fea5d9376c,"Converged components; matching PAW TITEL identities, functional, composition, full slab cell and stored core settings. Archived Kestrel provenance retained. No energy scaling or offsets.",Perlmutter first,false,-0.705,2,-0.70458460,selected candidate applied
Ir110,acetaldehyde,pbe_d3,relaxed,ok,-1.11664877,-235.39313527,-195.1382215,-39.138265,perlmutter,perlmutter,perlmutter,/pscratch/sd/j/jcho5/VASP/dft_jobs/CH3CHO_Ir110/PBE_D3,/pscratch/sd/j/jcho5/VASP/vasp_slab/Ir110/PBE_D3,/pscratch/sd/j/jcho5/VASP/vasp_mol/CH3CHO/PBE_D3,ef72bc5e3d0eb52b90d1b4ff5c1fa52944292c04642c5eb2b4aa07be00b2c143,788c61cc26bff3a86aa32725994a9e73fe4a16ac1c5baad8be90a8b9cc8313b5,9508bc4a88623be771845798fa7673829449ef81eabc238425f18df6ca452150,"Converged components; matching PAW TITEL identities, functional, composition, full slab cell and stored core settings. Archived Kestrel provenance retained. No energy scaling or offsets.",Perlmutter first,false,-1.117,1,-1.11664877,selected candidate applied
Ir110,acetaldehyde,pbe_d3,SPE,ok,-0.98990775,-235.26639425,-195.1382215,-39.138265,perlmutter,perlmutter,perlmutter,/pscratch/sd/j/jcho5/VASP/dft_jobs/CH3CHO_Ir110/singlepoint/PBE_D3,/pscratch/sd/j/jcho5/VASP/vasp_slab/Ir110/PBE_D3,/pscratch/sd/j/jcho5/VASP/vasp_mol/CH3CHO/PBE_D3,8910791c574367e03506ac91140c6f64df6207c5cee2e3d721fbc4f2360d2495,788c61cc26bff3a86aa32725994a9e73fe4a16ac1c5baad8be90a8b9cc8313b5,9508bc4a88623be771845798fa7673829449ef81eabc238425f18df6ca452150,"Converged components; matching PAW TITEL identities, functional, composition, full slab cell and stored core settings. Archived Kestrel provenance retained. No energy scaling or offsets.",Perlmutter first,false,-0.99,2,-0.98990775,selected candidate applied
Ir110,acetaldehyde,r2scan,relaxed,ok,-0.86796278,-1271.21949542,-1228.67675167,-41.67478097,perlmutter,perlmutter,perlmutter,/pscratch/sd/j/jcho5/VASP/dft_jobs/CH3CHO_Ir110/r2scan,/pscratch/sd/j/jcho5/VASP/vasp_slab/Ir110/r2scan,/pscratch/sd/j/jcho5/VASP/vasp_mol/CH3CHO/r2scan,4403ea863aaa71030d0c1f0712cd52ee9afabc53c3b345fc04f554b911b1d4a2,e7e8253d997c2b966844b4f196162d05a1bc1026493f7b20b3afe789068bf3a3,9e8e33ff303fd3d2c22baeb037d7f562918b1cda998e084c31bdba46a18ca49c,"Converged components; matching PAW TITEL identities, functional, composition, full slab cell and stored core settings. Archived Kestrel provenance retained. No energy scaling or offsets.",Perlmutter first,false,-0.868,1,-0.86796278,selected candidate applied
Ir110,acetaldehyde,r2scan,SPE,ok,-0.76953598,-1271.12106862,-1228.67675167,-41.67478097,perlmutter,perlmutter,perlmutter,/pscratch/sd/j/jcho5/VASP/dft_jobs/CH3CHO_Ir110/singlepoint/r2scan,/pscratch/sd/j/jcho5/VASP/vasp_slab/Ir110/r2scan,/pscratch/sd/j/jcho5/VASP/vasp_mol/CH3CHO/r2scan,317100229142f8dea8c27fc87972f5213de80bc0f5b1db4505419193e5977e93,e7e8253d997c2b966844b4f196162d05a1bc1026493f7b20b3afe789068bf3a3,9e8e33ff303fd3d2c22baeb037d7f562918b1cda998e084c31bdba46a18ca49c,"Converged components; matching PAW TITEL identities, functional, composition, full slab cell and stored core settings. Archived Kestrel provenance retained. No energy scaling or offsets.",Perlmutter first,false,-0.77,2,-0.76953598,selected candidate applied
Ir110,acetaldehyde,beef_vdw,relaxed,ok,-0.95012987,-147.07615416,-111.25249754,-34.87352675,perlmutter,perlmutter,perlmutter,/pscratch/sd/j/jcho5/VASP/dft_jobs/CH3CHO_Ir110/beef_vdw,/pscratch/sd/j/jcho5/VASP/vasp_slab/Ir110/beef_vdw,/pscratch/sd/j/jcho5/VASP/vasp_mol/CH3CHO/beef_vdw,a1f4f4d581b799c77604a7aeff6201af9793d16e346e7a71a943e75846aaf789,dff3bcbdcbb0a318a7a5d961255a2936f31b524d0772f25fcee23d69dba0061a,18fde52d6d0618f9c9ae2ac7f12c1cc7f55ecb31e9eb3ffbebaee02deebfba39,"Converged components; matching PAW TITEL identities, functional, composition, full slab cell and stored core settings. Archived Kestrel provenance retained. No energy scaling or offsets.",Perlmutter first,false,-0.95,1,-0.95012987,selected candidate applied
Ir110,acetaldehyde,beef_vdw,SPE,ok,-0.90172076,-147.02774505,-111.25249754,-34.87352675,perlmutter,perlmutter,perlmutter,/pscratch/sd/j/jcho5/VASP/dft_jobs/CH3CHO_Ir110/singlepoint/beef_vdw,/pscratch/sd/j/jcho5/VASP/vasp_slab/Ir110/beef_vdw,/pscratch/sd/j/jcho5/VASP/vasp_mol/CH3CHO/beef_vdw,3e9f0e2f4118edfcd84cf1badf4a99e4439a3fa98f2806eff220a57cdb75aecc,dff3bcbdcbb0a318a7a5d961255a2936f31b524d0772f25fcee23d69dba0061a,18fde52d6d0618f9c9ae2ac7f12c1cc7f55ecb31e9eb3ffbebaee02deebfba39,"Converged components; matching PAW TITEL identities, functional, composition, full slab cell and stored core settings. Archived Kestrel provenance retained. No energy scaling or offsets.",Perlmutter first,false,-0.902,2,-0.90172076,selected candidate applied
Ir110,acetic_acid,pbe,relaxed,,,,,,,,,,,,,,,,No complete matched component set,false,,0,,missing
Ir110,acetic_acid,pbe,SPE,,,,,,,,,,,,,,,,No complete matched component set,false,,0,,missing
Ir110,acetic_acid,pbe_d3,relaxed,,,,,,,,,,,,,,,,No complete matched component set,false,,0,,missing
Ir110,acetic_acid,pbe_d3,SPE,,,,,,,,,,,,,,,,No complete matched component set,false,,0,,missing
Ir110,acetic_acid,r2scan,relaxed,ok,-1.08924682,-1280.11650183,-1228.67675167,-50.35050334,perlmutter,perlmutter,perlmutter,/pscratch/sd/j/jcho5/VASP/dft_jobs/CH3COOH_Ir110/r2scan,/pscratch/sd/j/jcho5/VASP/vasp_slab/Ir110/r2scan,/pscratch/sd/j/jcho5/VASP/vasp_mol/CH3COOH/r2scan,6bea79fe4c58432d25537d3a54d9690c66939965b236a9c9aa4f70e11ed86943,e7e8253d997c2b966844b4f196162d05a1bc1026493f7b20b3afe789068bf3a3,d475a13ca871da9768bb9a0e09cb9118d5a37dbfceece8c0bd24025199c4ded4,"Converged components; matching PAW TITEL identities, functional, composition, full slab cell and stored core settings. Archived Kestrel provenance retained. No energy scaling or offsets.",Perlmutter first,false,-1.089,1,-1.08924682,selected candidate applied
Ir110,acetic_acid,r2scan,SPE,ok,-0.85642516,-1279.88368017,-1228.67675167,-50.35050334,perlmutter,perlmutter,perlmutter,/pscratch/sd/j/jcho5/VASP/dft_jobs/CH3COOH_Ir110/singlepoint/r2scan,/pscratch/sd/j/jcho5/VASP/vasp_slab/Ir110/r2scan,/pscratch/sd/j/jcho5/VASP/vasp_mol/CH3COOH/r2scan,219f0be53d7cbba32c29b504736ec6155a51be8f864d541547687b0127cd6ca0,e7e8253d997c2b966844b4f196162d05a1bc1026493f7b20b3afe789068bf3a3,d475a13ca871da9768bb9a0e09cb9118d5a37dbfceece8c0bd24025199c4ded4,"Converged components; matching PAW TITEL identities, functional, composition, full slab cell and stored core settings. Archived Kestrel provenance retained. No energy scaling or offsets.",Perlmutter first,false,-0.856,1,-0.85642516,selected candidate applied
Ir110,acetic_acid,beef_vdw,relaxed,ok,-1.10687889,-152.93771353,-111.25249754,-40.5783371,perlmutter,perlmutter,perlmutter,/pscratch/sd/j/jcho5/VASP/dft_jobs/CH3COOH_Ir110/beef_vdw,/pscratch/sd/j/jcho5/VASP/vasp_slab/Ir110/beef_vdw,/pscratch/sd/j/jcho5/VASP/vasp_mol/CH3COOH/beef_vdw,ef3341b025a14f4300f64e481a38caaae3e17146fed0aaca39ea8ebc1eecf52e,dff3bcbdcbb0a318a7a5d961255a2936f31b524d0772f25fcee23d69dba0061a,89446743a460e64f10de8029cc01056b997364ee8c43805cbd3143f1cc6b3945,"Converged components; matching PAW TITEL identities, functional, composition, full slab cell and stored core settings. Archived Kestrel provenance retained. No energy scaling or offsets.",Perlmutter first,false,-1.107,1,-1.10687889,selected candidate applied
Ir110,acetic_acid,beef_vdw,SPE,ok,-1.01664711,-152.84748175,-111.25249754,-40.5783371,perlmutter,perlmutter,perlmutter,/pscratch/sd/j/jcho5/VASP/dft_jobs/CH3COOH_Ir110/singlepoint/beef_vdw,/pscratch/sd/j/jcho5/VASP/vasp_slab/Ir110/beef_vdw,/pscratch/sd/j/jcho5/VASP/vasp_mol/CH3COOH/beef_vdw,9feb28633bcb7baedf66a0757b296db6efb856039d0493562d14156968c22411,dff3bcbdcbb0a318a7a5d961255a2936f31b524d0772f25fcee23d69dba0061a,89446743a460e64f10de8029cc01056b997364ee8c43805cbd3143f1cc6b3945,"Converged components; matching PAW TITEL identities, functional, composition, full slab cell and stored core settings. Archived Kestrel provenance retained. No energy scaling or offsets.",Perlmutter first,false,-1.017,2,-1.01664711,selected candidate applied
Ir110,ethane,pbe,relaxed,ok,-0.07942835,-226.37183085,-185.79278571,-40.49961679,perlmutter,perlmutter,perlmutter,/pscratch/sd/j/jcho5/VASP/dft_jobs/C2H6_Ir110/PBE,/pscratch/sd/j/jcho5/VASP/vasp_slab/Ir110/PBE,/pscratch/sd/j/jcho5/VASP/vasp_mol/C2H6/PBE,0f21f9683dda7254423a5152e7b4680dd1ef017bc951e4621324bad7074fd25c,ad43b59139581e162273eec3661b59c1b51dbf57935c2fdb90c14dc83623c680,9005b8a31fb6402e31baf8d69fb8269febb7a534243f4cce1cce7364f312f903,"Converged components; matching PAW TITEL identities, functional, composition, full slab cell and stored core settings. Archived Kestrel provenance retained. No energy scaling or offsets.",Perlmutter first,false,-0.079,1,-0.07942835,selected candidate applied
Ir110,ethane,pbe,SPE,ok,-0.02136002,-226.31376252,-185.79278571,-40.49961679,perlmutter,perlmutter,perlmutter,/pscratch/sd/j/jcho5/VASP/dft_jobs/C2H6_Ir110/singlepoint/PBE,/pscratch/sd/j/jcho5/VASP/vasp_slab/Ir110/PBE,/pscratch/sd/j/jcho5/VASP/vasp_mol/C2H6/PBE,8a8acb79a68eab221fccab0741aefa8de7eccdf9fb272f333d7af697db00c83f,ad43b59139581e162273eec3661b59c1b51dbf57935c2fdb90c14dc83623c680,9005b8a31fb6402e31baf8d69fb8269febb7a534243f4cce1cce7364f312f903,"Converged components; matching PAW TITEL identities, functional, composition, full slab cell and stored core settings. Archived Kestrel provenance retained. No energy scaling or offsets.",Perlmutter first,false,-0.021,2,-0.02136002,selected candidate applied
Ir110,ethane,pbe_d3,relaxed,ok,-0.63151287,-236.29580896,-195.1382215,-40.52607459,perlmutter,perlmutter,perlmutter,/pscratch/sd/j/jcho5/VASP/dft_jobs/C2H6_Ir110/PBE_D3,/pscratch/sd/j/jcho5/VASP/vasp_slab/Ir110/PBE_D3,/pscratch/sd/j/jcho5/VASP/vasp_mol/C2H6/PBE_D3,221ad2974f1c07d86c3333a8a76e8e9a375c5bad4d5202b8ede57de9b23e8334,788c61cc26bff3a86aa32725994a9e73fe4a16ac1c5baad8be90a8b9cc8313b5,4dbe588a035718c664c9d9594b2ef9e306a16e6d46b046b9f145a68e6069c612,"Converged components; matching PAW TITEL identities, functional, composition, full slab cell and stored core settings. Archived Kestrel provenance retained. No energy scaling or offsets.",Perlmutter first,false,-0.632,1,-0.63151287,selected candidate applied
Ir110,ethane,pbe_d3,SPE,ok,-0.37265304,-236.03694913,-195.1382215,-40.52607459,perlmutter,perlmutter,perlmutter,/pscratch/sd/j/jcho5/VASP/dft_jobs/C2H6_Ir110/singlepoint/PBE_D3,/pscratch/sd/j/jcho5/VASP/vasp_slab/Ir110/PBE_D3,/pscratch/sd/j/jcho5/VASP/vasp_mol/C2H6/PBE_D3,28de8094f79aff26b3286559a0e1e55300703c382f12fd87cc31f472904923ab,788c61cc26bff3a86aa32725994a9e73fe4a16ac1c5baad8be90a8b9cc8313b5,4dbe588a035718c664c9d9594b2ef9e306a16e6d46b046b9f145a68e6069c612,"Converged components; matching PAW TITEL identities, functional, composition, full slab cell and stored core settings. Archived Kestrel provenance retained. No energy scaling or offsets.",Perlmutter first,false,-0.373,2,-0.37265304,selected candidate applied
Ir110,ethane,r2scan,relaxed,ok,-0.18754834,-1271.11999584,-1228.67675167,-42.25569583,perlmutter,perlmutter,perlmutter,/pscratch/sd/j/jcho5/VASP/dft_jobs/C2H6_Ir110/r2scan,/pscratch/sd/j/jcho5/VASP/vasp_slab/Ir110/r2scan,/pscratch/sd/j/jcho5/VASP/vasp_mol/C2H6/r2scan,958a88839b86533479967a7b7cb99e31cb16e1ea8e9cbe528237be8b8d4fffb3,e7e8253d997c2b966844b4f196162d05a1bc1026493f7b20b3afe789068bf3a3,18603583877f2ac5eda9b6285e9ccfee374a72f144a00864122f974dcf4723ad,"Converged components; matching PAW TITEL identities, functional, composition, full slab cell and stored core settings. Archived Kestrel provenance retained. No energy scaling or offsets.",Perlmutter first,false,-0.188,1,-0.18754834,selected candidate applied
Ir110,ethane,r2scan,SPE,ok,-0.11159803,-1271.04404553,-1228.67675167,-42.25569583,perlmutter,perlmutter,perlmutter,/pscratch/sd/j/jcho5/VASP/dft_jobs/C2H6_Ir110/singlepoint/r2scan,/pscratch/sd/j/jcho5/VASP/vasp_slab/Ir110/r2scan,/pscratch/sd/j/jcho5/VASP/vasp_mol/C2H6/r2scan,7f0d06fd4853b446f7905d203b282e0a0cc679baa23eb45a8aba2e35b97c0915,e7e8253d997c2b966844b4f196162d05a1bc1026493f7b20b3afe789068bf3a3,18603583877f2ac5eda9b6285e9ccfee374a72f144a00864122f974dcf4723ad,"Converged components; matching PAW TITEL identities, functional, composition, full slab cell and stored core settings. Archived Kestrel provenance retained. No energy scaling or offsets.",Perlmutter first,false,-0.112,2,-0.11159803,selected candidate applied
Ir110,ethane,beef_vdw,relaxed,ok,-0.41218421,-149.89391239,-111.25249754,-38.22923064,perlmutter,perlmutter,perlmutter,/pscratch/sd/j/jcho5/VASP/dft_jobs/C2H6_Ir110/beef_vdw,/pscratch/sd/j/jcho5/VASP/vasp_slab/Ir110/beef_vdw,/pscratch/sd/j/jcho5/VASP/vasp_mol/C2H6/beef_vdw,700cb56096fd1660a5662d4d16152ba7ff483e78c025637146533826fced1ae7,dff3bcbdcbb0a318a7a5d961255a2936f31b524d0772f25fcee23d69dba0061a,75736fb87a7367bfab9b2ade386c63802812384fc6661f9ddd61d2e04d39ce91,"Converged components; matching PAW TITEL identities, functional, composition, full slab cell and stored core settings. Archived Kestrel provenance retained. No energy scaling or offsets.",Perlmutter first,false,-0.412,1,-0.41218421,selected candidate applied
Ir110,ethane,beef_vdw,SPE,ok,-0.36680554,-149.84853372,-111.25249754,-38.22923064,perlmutter,perlmutter,perlmutter,/pscratch/sd/j/jcho5/VASP/dft_jobs/C2H6_Ir110/singlepoint/beef_vdw,/pscratch/sd/j/jcho5/VASP/vasp_slab/Ir110/beef_vdw,/pscratch/sd/j/jcho5/VASP/vasp_mol/C2H6/beef_vdw,0993531eb57da8dbd1881ea30d6f24cf263e206bf0659cfbfa3f33fc20dd52b8,dff3bcbdcbb0a318a7a5d961255a2936f31b524d0772f25fcee23d69dba0061a,75736fb87a7367bfab9b2ade386c63802812384fc6661f9ddd61d2e04d39ce91,"Converged components; matching PAW TITEL identities, functional, composition, full slab cell and stored core settings. Archived Kestrel provenance retained. No energy scaling or offsets.",Perlmutter first,false,-0.367,2,-0.36680554,selected candidate applied
Ir110,ethanol,pbe,relaxed,ok,-0.70051477,-233.36916289,-185.79278571,-46.87586241,perlmutter,perlmutter,perlmutter,/pscratch/sd/j/jcho5/VASP/dft_jobs/CH3CH2OH_Ir110/PBE,/pscratch/sd/j/jcho5/VASP/vasp_slab/Ir110/PBE,/pscratch/sd/j/jcho5/VASP/vasp_mol/CH3CH2OH/PBE,eff731b5adaf755d4670ce26cbe55164271a2890ca3a6a086ce0eed234622831,ad43b59139581e162273eec3661b59c1b51dbf57935c2fdb90c14dc83623c680,db3eaaee45d9a4ffb73d63455f615c768711c64633503306587eba6360bcc997,"Converged components; matching PAW TITEL identities, functional, composition, full slab cell and stored core settings. Archived Kestrel provenance retained. No energy scaling or offsets.",Perlmutter first,false,-0.701,1,-0.70051477,selected candidate applied
Ir110,ethanol,pbe,SPE,ok,-0.63087128,-233.2995194,-185.79278571,-46.87586241,perlmutter,perlmutter,perlmutter,/pscratch/sd/j/jcho5/VASP/dft_jobs/CH3CH2OH_Ir110/singlepoint/PBE,/pscratch/sd/j/jcho5/VASP/vasp_slab/Ir110/PBE,/pscratch/sd/j/jcho5/VASP/vasp_mol/CH3CH2OH/PBE,915d2daf1704d0c7572a40cd41c8ac5f6c7bdea632fba145063a877213a5c76d,ad43b59139581e162273eec3661b59c1b51dbf57935c2fdb90c14dc83623c680,db3eaaee45d9a4ffb73d63455f615c768711c64633503306587eba6360bcc997,"Converged components; matching PAW TITEL identities, functional, composition, full slab cell and stored core settings. Archived Kestrel provenance retained. No energy scaling or offsets.",Perlmutter first,false,-0.631,2,-0.63087128,selected candidate applied
Ir110,ethanol,pbe_d3,relaxed,ok,-1.21103708,-243.27222286,-195.1382215,-46.92296428,perlmutter,perlmutter,perlmutter,/pscratch/sd/j/jcho5/VASP/dft_jobs/CH3CH2OH_Ir110/PBE_D3,/pscratch/sd/j/jcho5/VASP/vasp_slab/Ir110/PBE_D3,/pscratch/sd/j/jcho5/VASP/vasp_mol/CH3CH2OH/PBE_D3,d787f320e1d349ca9dbb7f53b871917e837a96a37ce77128c0bf42db488c9be8,788c61cc26bff3a86aa32725994a9e73fe4a16ac1c5baad8be90a8b9cc8313b5,917d270e3fa7febf16fef5bf22e1e30721b5162c5bcddd2aee95af69b5ce8c46,"Converged components; matching PAW TITEL identities, functional, composition, full slab cell and stored core settings. Archived Kestrel provenance retained. No energy scaling or offsets.",Perlmutter first,false,-1.211,1,-1.21103708,selected candidate applied
Ir110,ethanol,pbe_d3,SPE,ok,-1.09495918,-243.15614496,-195.1382215,-46.92296428,perlmutter,perlmutter,perlmutter,/pscratch/sd/j/jcho5/VASP/dft_jobs/CH3CH2OH_Ir110/singlepoint/PBE_D3,/pscratch/sd/j/jcho5/VASP/vasp_slab/Ir110/PBE_D3,/pscratch/sd/j/jcho5/VASP/vasp_mol/CH3CH2OH/PBE_D3,b78a54cbd4c70a45096a346a7d7149fe81ab4c6d02ad7bc3d7c71e0e1f78aa5b,788c61cc26bff3a86aa32725994a9e73fe4a16ac1c5baad8be90a8b9cc8313b5,917d270e3fa7febf16fef5bf22e1e30721b5162c5bcddd2aee95af69b5ce8c46,"Converged components; matching PAW TITEL identities, functional, composition, full slab cell and stored core settings. Archived Kestrel provenance retained. No energy scaling or offsets.",Perlmutter first,false,-1.095,2,-1.09495918,selected candidate applied
Ir110,ethanol,r2scan,relaxed,ok,-0.87864407,-1279.19498832,-1228.67675167,-49.63959258,perlmutter,perlmutter,perlmutter,/pscratch/sd/j/jcho5/VASP/dft_jobs/CH3CH2OH_Ir110/r2scan,/pscratch/sd/j/jcho5/VASP/vasp_slab/Ir110/r2scan,/pscratch/sd/j/jcho5/VASP/vasp_mol/CH3CH2OH/r2scan,dbea2bb911de888ad29908185c2fe15307f23634d9e7ba519de79a91c30c2ae4,e7e8253d997c2b966844b4f196162d05a1bc1026493f7b20b3afe789068bf3a3,4c2bba36480d6b1f5a858ecdfb9da6d6b803ad4e256f6e928027ea8146e082b1,"Converged components; matching PAW TITEL identities, functional, composition, full slab cell and stored core settings. Archived Kestrel provenance retained. No energy scaling or offsets.",Perlmutter first,false,-0.879,1,-0.87864407,selected candidate applied
Ir110,ethanol,r2scan,SPE,ok,-0.74324792,-1279.05959217,-1228.67675167,-49.63959258,perlmutter,perlmutter,perlmutter,/pscratch/sd/j/jcho5/VASP/dft_jobs/CH3CH2OH_Ir110/singlepoint/r2scan,/pscratch/sd/j/jcho5/VASP/vasp_slab/Ir110/r2scan,/pscratch/sd/j/jcho5/VASP/vasp_mol/CH3CH2OH/r2scan,511cdbe38ff7df4b47c84249a25090e04fd766ec91c11d246e8be92c00869170,e7e8253d997c2b966844b4f196162d05a1bc1026493f7b20b3afe789068bf3a3,4c2bba36480d6b1f5a858ecdfb9da6d6b803ad4e256f6e928027ea8146e082b1,"Converged components; matching PAW TITEL identities, functional, composition, full slab cell and stored core settings. Archived Kestrel provenance retained. No energy scaling or offsets.",Perlmutter first,false,-0.743,2,-0.74324792,selected candidate applied
Ir110,ethanol,beef_vdw,relaxed,ok,-1.02267833,-155.02539135,-111.25249754,-42.75021548,perlmutter,perlmutter,perlmutter,/pscratch/sd/j/jcho5/VASP/dft_jobs/CH3CH2OH_Ir110/beef_vdw,/pscratch/sd/j/jcho5/VASP/vasp_slab/Ir110/beef_vdw,/pscratch/sd/j/jcho5/VASP/vasp_mol/CH3CH2OH/beef_vdw,f26948d6bd3f9fbf76cd3b3d8c69ba4b20f98825c299b1ba56591cf363a85ee3,dff3bcbdcbb0a318a7a5d961255a2936f31b524d0772f25fcee23d69dba0061a,50e154b624fcff1772eb90df010b0b697dbd63102eaaddacea15d1175849d327,"Converged components; matching PAW TITEL identities, functional, composition, full slab cell and stored core settings. Archived Kestrel provenance retained. No energy scaling or offsets.",Perlmutter first,false,-1.023,1,-1.02267833,selected candidate applied
Ir110,ethanol,beef_vdw,SPE,ok,-0.94306851,-154.94578153,-111.25249754,-42.75021548,perlmutter,perlmutter,perlmutter,/pscratch/sd/j/jcho5/VASP/dft_jobs/CH3CH2OH_Ir110/singlepoint/beef_vdw,/pscratch/sd/j/jcho5/VASP/vasp_slab/Ir110/beef_vdw,/pscratch/sd/j/jcho5/VASP/vasp_mol/CH3CH2OH/beef_vdw,abacdfc67f3493304cce439de094770bafa1c96b270cd49befc5287765a4fecc,dff3bcbdcbb0a318a7a5d961255a2936f31b524d0772f25fcee23d69dba0061a,50e154b624fcff1772eb90df010b0b697dbd63102eaaddacea15d1175849d327,"Converged components; matching PAW TITEL identities, functional, composition, full slab cell and stored core settings. Archived Kestrel provenance retained. No energy scaling or offsets.",Perlmutter first,false,-0.943,2,-0.94306851,selected candidate applied
Ir110,ethene,pbe,relaxed,ok,-1.80372386,-219.56715357,-185.79278571,-31.970644,perlmutter,perlmutter,perlmutter,/pscratch/sd/j/jcho5/VASP/dft_jobs/C2H4_Ir110/PBE,/pscratch/sd/j/jcho5/VASP/vasp_slab/Ir110/PBE,/pscratch/sd/j/jcho5/VASP/vasp_mol/C2H4/PBE,a1c36e803f4fa4c673bc32c1563b59ff16214612826a686c80867a6231a65b23,ad43b59139581e162273eec3661b59c1b51dbf57935c2fdb90c14dc83623c680,6b9195c76452926864f1fb12ac08ca3ec3482da1f646b61432029dc6f5a30ac9,"Converged components; matching PAW TITEL identities, functional, composition, full slab cell and stored core settings. Archived Kestrel provenance retained. No energy scaling or offsets.",Perlmutter first,false,-1.804,1,-1.80372386,selected candidate applied
Ir110,ethene,pbe,SPE,ok,-1.60123354,-219.36466325,-185.79278571,-31.970644,perlmutter,perlmutter,perlmutter,/pscratch/sd/j/jcho5/VASP/dft_jobs/C2H4_Ir110/singlepoint/PBE,/pscratch/sd/j/jcho5/VASP/vasp_slab/Ir110/PBE,/pscratch/sd/j/jcho5/VASP/vasp_mol/C2H4/PBE,9d84176036f6ad168d8bbb69bb8eb2ad8ef86bac98addadd25fa922605720ada,ad43b59139581e162273eec3661b59c1b51dbf57935c2fdb90c14dc83623c680,6b9195c76452926864f1fb12ac08ca3ec3482da1f646b61432029dc6f5a30ac9,"Converged components; matching PAW TITEL identities, functional, composition, full slab cell and stored core settings. Archived Kestrel provenance retained. No energy scaling or offsets.",Perlmutter first,false,-1.601,3,-1.60123354,selected candidate applied
Ir110,ethene,pbe_d3,relaxed,ok,-2.1850938,-229.3065049,-195.1382215,-31.9831896,perlmutter,perlmutter,perlmutter,/pscratch/sd/j/jcho5/VASP/dft_jobs/C2H4_Ir110/PBE_D3,/pscratch/sd/j/jcho5/VASP/vasp_slab/Ir110/PBE_D3,/pscratch/sd/j/jcho5/VASP/vasp_mol/C2H4/PBE_D3,b3bcae769a0ca63b968570f59efddf430fbee5669b8ba11a8f6ce9a3027c62db,788c61cc26bff3a86aa32725994a9e73fe4a16ac1c5baad8be90a8b9cc8313b5,05df84104251536827b32f9b1a9853f6da1ffb692ec099f31202894e79d84979,"Converged components; matching PAW TITEL identities, functional, composition, full slab cell and stored core settings. Archived Kestrel provenance retained. No energy scaling or offsets.",Perlmutter first,false,-2.185,1,-2.1850938,selected candidate applied
Ir110,ethene,pbe_d3,SPE,ok,-2.00771159,-229.12912269,-195.1382215,-31.9831896,perlmutter,perlmutter,perlmutter,/pscratch/sd/j/jcho5/VASP/dft_jobs/C2H4_Ir110/singlepoint/PBE_D3,/pscratch/sd/j/jcho5/VASP/vasp_slab/Ir110/PBE_D3,/pscratch/sd/j/jcho5/VASP/vasp_mol/C2H4/PBE_D3,e1892c4c201e385f2553e8e25541552aaf1eed94e16c1aa17a36031ad119ead7,788c61cc26bff3a86aa32725994a9e73fe4a16ac1c5baad8be90a8b9cc8313b5,05df84104251536827b32f9b1a9853f6da1ffb692ec099f31202894e79d84979,"Converged components; matching PAW TITEL identities, functional, composition, full slab cell and stored core settings. Archived Kestrel provenance retained. No energy scaling or offsets.",Perlmutter first,false,-2.008,3,-2.00771159,selected candidate applied
Ir110,ethene,r2scan,relaxed,ok,-1.87798230,-1264.10329273,-1228.67675167,-33.54855876,perlmutter,perlmutter,perlmutter,/pscratch/sd/j/jcho5/VASP/dft_jobs/C2H4_Ir110/r2scan,/pscratch/sd/j/jcho5/VASP/vasp_slab/Ir110/r2scan,/pscratch/sd/j/jcho5/VASP/vasp_mol/C2H4/r2scan,9b5de221183e741cca64c83aa7fbbe8f3d4d9eb8a8b07c147e3247565d0b72db,e7e8253d997c2b966844b4f196162d05a1bc1026493f7b20b3afe789068bf3a3,455a941d3bf9dad8689b9e46d291dbdf4c41d0cca7de343ccd7be663610c18aa,"Converged components; matching PAW TITEL identities, functional, composition, full slab cell and stored core settings. Archived Kestrel provenance retained. No energy scaling or offsets.",Perlmutter first,false,-1.878,1,-1.87798230,selected candidate applied
Ir110,ethene,r2scan,SPE,ok,-1.70577094,-1263.93108137,-1228.67675167,-33.54855876,perlmutter,perlmutter,perlmutter,/pscratch/sd/j/jcho5/VASP/dft_jobs/C2H4_Ir110/singlepoint/r2scan,/pscratch/sd/j/jcho5/VASP/vasp_slab/Ir110/r2scan,/pscratch/sd/j/jcho5/VASP/vasp_mol/C2H4/r2scan,29aab3ba03cc3705c53687d404a984790f3ef3a9bac3a169884aa8ac5384d953,e7e8253d997c2b966844b4f196162d05a1bc1026493f7b20b3afe789068bf3a3,455a941d3bf9dad8689b9e46d291dbdf4c41d0cca7de343ccd7be663610c18aa,"Converged components; matching PAW TITEL identities, functional, composition, full slab cell and stored core settings. Archived Kestrel provenance retained. No energy scaling or offsets.",Perlmutter first,false,-1.706,3,-1.70577094,selected candidate applied
Ir110,ethene,beef_vdw,relaxed,ok,-1.87583460,-142.7099986,-111.25249754,-29.58166646,perlmutter,perlmutter,perlmutter,/pscratch/sd/j/jcho5/VASP/dft_jobs/C2H4_Ir110/beef_vdw,/pscratch/sd/j/jcho5/VASP/vasp_slab/Ir110/beef_vdw,/pscratch/sd/j/jcho5/VASP/vasp_mol/C2H4/beef_vdw,50e3227e7e0a926ecdae54ee6288af3464ad6d7b9a7233e9647b549285cb0ad8,dff3bcbdcbb0a318a7a5d961255a2936f31b524d0772f25fcee23d69dba0061a,7844d00253a35ba677535271b09137d1255d816f15aab98d5d6608360268039b,"Converged components; matching PAW TITEL identities, functional, composition, full slab cell and stored core settings. Archived Kestrel provenance retained. No energy scaling or offsets.",Perlmutter first,false,-1.876,1,-1.87583460,selected candidate applied
Ir110,ethene,beef_vdw,SPE,ok,-1.72489856,-142.55906256,-111.25249754,-29.58166646,perlmutter,perlmutter,perlmutter,/pscratch/sd/j/jcho5/VASP/dft_jobs/C2H4_Ir110/singlepoint/beef_vdw,/pscratch/sd/j/jcho5/VASP/vasp_slab/Ir110/beef_vdw,/pscratch/sd/j/jcho5/VASP/vasp_mol/C2H4/beef_vdw,5450cdcf552790231ec9af207ce06b5d8fbf8628ff7a92e3d7e05a06b636f700,dff3bcbdcbb0a318a7a5d961255a2936f31b524d0772f25fcee23d69dba0061a,7844d00253a35ba677535271b09137d1255d816f15aab98d5d6608360268039b,"Converged components; matching PAW TITEL identities, functional, composition, full slab cell and stored core settings. Archived Kestrel provenance retained. No energy scaling or offsets.",Perlmutter first,false,-1.725,2,-1.72489856,selected candidate applied
Ir110,formaldehyde,pbe,relaxed,ok,-1.86016600,-209.78319294,-185.79278571,-22.13024123,perlmutter,perlmutter,perlmutter,/pscratch/sd/j/jcho5/VASP/dft_jobs/H2CO_Ir110/PBE,/pscratch/sd/j/jcho5/VASP/vasp_slab/Ir110/PBE,/pscratch/sd/j/jcho5/VASP/vasp_mol/H2CO/PBE,0fdbffae6204d043060786358902c9eae2a109788d49518dc91298426435048c,ad43b59139581e162273eec3661b59c1b51dbf57935c2fdb90c14dc83623c680,f1ed31a23d7394b5df1330a769561b063a5deb10ec8269dd249d393de6a65d6c,"Converged components; matching PAW TITEL identities, functional, composition, full slab cell and stored core settings. Archived Kestrel provenance retained. No energy scaling or offsets.",Perlmutter first,false,-1.86,1,-1.86016600,selected candidate applied
Ir110,formaldehyde,pbe,SPE,,,,,,,,,,,,,,,,No complete matched component set,false,,0,,missing
Ir110,formaldehyde,pbe_d3,relaxed,ok,-2.15572709,-219.42946018,-195.1382215,-22.13551159,perlmutter,perlmutter,perlmutter,/pscratch/sd/j/jcho5/VASP/dft_jobs/H2CO_Ir110/PBE_D3,/pscratch/sd/j/jcho5/VASP/vasp_slab/Ir110/PBE_D3,/pscratch/sd/j/jcho5/VASP/vasp_mol/H2CO/PBE_D3,66af091b68aa2e8bb139d1f8e2eee67ff27d36a77b07ded3883cdcd31462d767,788c61cc26bff3a86aa32725994a9e73fe4a16ac1c5baad8be90a8b9cc8313b5,14859d3b3de8ad3e38134b97c899010c1c633da754dbbe934584fead0224fdf1,"Converged components; matching PAW TITEL identities, functional, composition, full slab cell and stored core settings. Archived Kestrel provenance retained. No energy scaling or offsets.",Perlmutter first,false,-2.156,1,-2.15572709,selected candidate applied
Ir110,formaldehyde,pbe_d3,SPE,,,,,,,,,,,,,,,,No complete matched component set,false,,0,,missing
Ir110,formaldehyde,r2scan,relaxed,ok,-1.88532431,-1254.42956243,-1228.67675167,-23.86748645,perlmutter,perlmutter,perlmutter,/pscratch/sd/j/jcho5/VASP/dft_jobs/H2CO_Ir110/r2scan,/pscratch/sd/j/jcho5/VASP/vasp_slab/Ir110/r2scan,/pscratch/sd/j/jcho5/VASP/vasp_mol/H2CO/r2scan,11e16012f64387d4c2c2ff0b442191c3197b75d00e9ca2984315c7b5a8924873,e7e8253d997c2b966844b4f196162d05a1bc1026493f7b20b3afe789068bf3a3,c08f8cf1412009981617ed1d7cec663bcf737c110cb360dcbaccf71ce6b7dea3,"Converged components; matching PAW TITEL identities, functional, composition, full slab cell and stored core settings. Archived Kestrel provenance retained. No energy scaling or offsets.",Perlmutter first,false,-1.885,1,-1.88532431,selected candidate applied
Ir110,formaldehyde,r2scan,SPE,ok,-1.70111068,-1254.2453488,-1228.67675167,-23.86748645,perlmutter,perlmutter,perlmutter,/pscratch/sd/j/jcho5/VASP/dft_jobs/H2CO_Ir110/singlepoint/r2scan,/pscratch/sd/j/jcho5/VASP/vasp_slab/Ir110/r2scan,/pscratch/sd/j/jcho5/VASP/vasp_mol/H2CO/r2scan,1712e9175ba97f630975b8e871edb1a9ef3382cac5a723099759dd3df5372cf6,e7e8253d997c2b966844b4f196162d05a1bc1026493f7b20b3afe789068bf3a3,c08f8cf1412009981617ed1d7cec663bcf737c110cb360dcbaccf71ce6b7dea3,"Converged components; matching PAW TITEL identities, functional, composition, full slab cell and stored core settings. Archived Kestrel provenance retained. No energy scaling or offsets.",Perlmutter first,false,,1,-1.70111068,selected candidate applied
Ir110,formaldehyde,beef_vdw,relaxed,ok,-1.87240094,-132.27179107,-111.25249754,-19.14689259,perlmutter,perlmutter,perlmutter,/pscratch/sd/j/jcho5/VASP/dft_jobs/H2CO_Ir110/beef_vdw,/pscratch/sd/j/jcho5/VASP/vasp_slab/Ir110/beef_vdw,/pscratch/sd/j/jcho5/VASP/vasp_mol/H2CO/beef_vdw,6164d084dddc982d9b0a5d3ecb5d5321b1e409d9e12354c0bc6e6e54a2b1ac55,dff3bcbdcbb0a318a7a5d961255a2936f31b524d0772f25fcee23d69dba0061a,a31b74fce9bf5c89bef85f44a041a0f0edc85a40a98b35eea20ec15d6a02ee3f,"Converged components; matching PAW TITEL identities, functional, composition, full slab cell and stored core settings. Archived Kestrel provenance retained. No energy scaling or offsets.",Perlmutter first,false,-1.872,1,-1.87240094,selected candidate applied
Ir110,formaldehyde,beef_vdw,SPE,ok,-1.66812451,-132.06751464,-111.25249754,-19.14689259,perlmutter,perlmutter,perlmutter,/pscratch/sd/j/jcho5/VASP/dft_jobs/H2CO_Ir110/singlepoint/beef_vdw,/pscratch/sd/j/jcho5/VASP/vasp_slab/Ir110/beef_vdw,/pscratch/sd/j/jcho5/VASP/vasp_mol/H2CO/beef_vdw,739504e516c11d53587f3b89f71cdb8b679eea54f9ecd857138079d2672d4966,dff3bcbdcbb0a318a7a5d961255a2936f31b524d0772f25fcee23d69dba0061a,a31b74fce9bf5c89bef85f44a041a0f0edc85a40a98b35eea20ec15d6a02ee3f,"Converged components; matching PAW TITEL identities, functional, composition, full slab cell and stored core settings. Archived Kestrel provenance retained. No energy scaling or offsets.",Perlmutter first,false,,1,-1.66812451,selected candidate applied
Ir110,formic_acid,pbe,relaxed,ok,-0.86568489,-216.53826495,-185.79278571,-29.87979435,perlmutter,perlmutter,perlmutter,/pscratch/sd/j/jcho5/VASP/dft_jobs/HCOOH_Ir110/PBE,/pscratch/sd/j/jcho5/VASP/vasp_slab/Ir110/PBE,/pscratch/sd/j/jcho5/VASP/vasp_mol/HCOOH/PBE,54077afcc07d74caae84148fb896c04cb3c1a091cbb3a72203abd2d897742026,ad43b59139581e162273eec3661b59c1b51dbf57935c2fdb90c14dc83623c680,38779e7fc2a3d0083e958eb7a94ee082096f9304b1f68a2457a5a9146511d699,"Converged components; matching PAW TITEL identities, functional, composition, full slab cell and stored core settings. Archived Kestrel provenance retained. No energy scaling or offsets.",Perlmutter first,false,-0.866,1,-0.86568489,selected candidate applied
Ir110,formic_acid,pbe,SPE,,,,,,,,,,,,,,,,No complete matched component set,false,,0,,missing
Ir110,formic_acid,pbe_d3,relaxed,ok,-1.26616288,-226.29797976,-195.1382215,-29.89359538,perlmutter,perlmutter,perlmutter,/pscratch/sd/j/jcho5/VASP/dft_jobs/HCOOH_Ir110/PBE_D3,/pscratch/sd/j/jcho5/VASP/vasp_slab/Ir110/PBE_D3,/pscratch/sd/j/jcho5/VASP/vasp_mol/HCOOH/PBE_D3,f5ee13b25e6fc9075a8930595daa82ffde84b9897af6002db0d3240fef78ccbf,788c61cc26bff3a86aa32725994a9e73fe4a16ac1c5baad8be90a8b9cc8313b5,8669cfbbf059f01c98c4917d21ff8958458916c028918f73243ad879ad2b5cb0,"Converged components; matching PAW TITEL identities, functional, composition, full slab cell and stored core settings. Archived Kestrel provenance retained. No energy scaling or offsets.",Perlmutter first,false,-1.266,1,-1.26616288,selected candidate applied
Ir110,formic_acid,pbe_d3,SPE,,,,,,,,,,,,,,,,No complete matched component set,false,,0,,missing
Ir110,formic_acid,r2scan,relaxed,,,,,,,,,,,,,,,,No complete matched component set,false,,0,,missing
Ir110,formic_acid,r2scan,SPE,,,,,,,,,,,,,,,,No complete matched component set,false,,0,,missing
Ir110,formic_acid,beef_vdw,relaxed,ok,-1.03524344,-137.2399863,-111.25249754,-24.95224532,perlmutter,perlmutter,perlmutter,/pscratch/sd/j/jcho5/VASP/dft_jobs/HCOOH_Ir110/beef_vdw,/pscratch/sd/j/jcho5/VASP/vasp_slab/Ir110/beef_vdw,/pscratch/sd/j/jcho5/VASP/vasp_mol/HCOOH/beef_vdw,17f8a0cd3d174c79512f718df8c576068a689e66e0cb5dd96d8f85d51d5af733,dff3bcbdcbb0a318a7a5d961255a2936f31b524d0772f25fcee23d69dba0061a,1f5543ee0d87c96ec89843f79d8a36ae3f238a4d4bd4c1b6655a4d7f6379885e,"Converged components; matching PAW TITEL identities, functional, composition, full slab cell and stored core settings. Archived Kestrel provenance retained. No energy scaling or offsets.",Perlmutter first,false,-1.035,1,-1.03524344,selected candidate applied
Ir110,formic_acid,beef_vdw,SPE,,,,,,,,,,,,,,,,No complete matched component set,false,,0,,missing
Ir110,methane,pbe,relaxed,ok,-0.02580225,-209.85419128,-185.79278571,-24.03560332,perlmutter,perlmutter,perlmutter,/pscratch/sd/j/jcho5/VASP/dft_jobs/CH4_Ir110/PBE,/pscratch/sd/j/jcho5/VASP/vasp_slab/Ir110/PBE,/pscratch/sd/j/jcho5/VASP/vasp_mol/CH4/PBE,3cfbef20d0604b9804d52bf4f865f505b86188bb0bd9840841dcaabda7d41d24,ad43b59139581e162273eec3661b59c1b51dbf57935c2fdb90c14dc83623c680,1a889e6eba291b72f208557972ef13a5bab753db9dc291c14629272d1b794197,"Converged components; matching PAW TITEL identities, functional, composition, full slab cell and stored core settings. Archived Kestrel provenance retained. No energy scaling or offsets.",Perlmutter first,false,-0.026,1,-0.02580225,selected candidate applied
Ir110,methane,pbe,SPE,ok,0.02473465,-209.80365438,-185.79278571,-24.03560332,perlmutter,perlmutter,perlmutter,/pscratch/sd/j/jcho5/VASP/dft_jobs/CH4_Ir110/singlepoint/PBE,/pscratch/sd/j/jcho5/VASP/vasp_slab/Ir110/PBE,/pscratch/sd/j/jcho5/VASP/vasp_mol/CH4/PBE,5080fbbec22e06bf1cc42c561a9e4e40b12df6ab7b629265c3f7636c9721d69f,ad43b59139581e162273eec3661b59c1b51dbf57935c2fdb90c14dc83623c680,1a889e6eba291b72f208557972ef13a5bab753db9dc291c14629272d1b794197,"Converged components; matching PAW TITEL identities, functional, composition, full slab cell and stored core settings. Archived Kestrel provenance retained. No energy scaling or offsets.",Perlmutter first,false,0.025,1,0.02473465,selected candidate applied
Ir110,methane,pbe_d3,relaxed,ok,-0.24642839,-219.42228578,-195.1382215,-24.03763589,perlmutter,perlmutter,perlmutter,/pscratch/sd/j/jcho5/VASP/dft_jobs/CH4_Ir110/PBE_D3,/pscratch/sd/j/jcho5/VASP/vasp_slab/Ir110/PBE_D3,/pscratch/sd/j/jcho5/VASP/vasp_mol/CH4/PBE_D3,3c7680fb0a8d18b700f1bfe089a97329afc496ec672a94daf07e1bb09cb3d629,788c61cc26bff3a86aa32725994a9e73fe4a16ac1c5baad8be90a8b9cc8313b5,b332bad15ef7f1f6255b46fb0a018108aacacac653dc92d7d13c66cc4b075408,"Converged components; matching PAW TITEL identities, functional, composition, full slab cell and stored core settings. Archived Kestrel provenance retained. No energy scaling or offsets.",Perlmutter first,false,-0.246,1,-0.24642839,selected candidate applied
Ir110,methane,pbe_d3,SPE,ok,-0.15448124,-219.33033863,-195.1382215,-24.03763589,perlmutter,perlmutter,perlmutter,/pscratch/sd/j/jcho5/VASP/dft_jobs/CH4_Ir110/singlepoint/PBE_D3,/pscratch/sd/j/jcho5/VASP/vasp_slab/Ir110/PBE_D3,/pscratch/sd/j/jcho5/VASP/vasp_mol/CH4/PBE_D3,5c31cf2056d097e51866cf6e0af28447246a5e4b6e64eaff228bc068065eafc1,788c61cc26bff3a86aa32725994a9e73fe4a16ac1c5baad8be90a8b9cc8313b5,b332bad15ef7f1f6255b46fb0a018108aacacac653dc92d7d13c66cc4b075408,"Converged components; matching PAW TITEL identities, functional, composition, full slab cell and stored core settings. Archived Kestrel provenance retained. No energy scaling or offsets.",Perlmutter first,false,-0.154,1,-0.15448124,selected candidate applied
Ir110,methane,r2scan,relaxed,ok,-0.09463483,-1253.75928967,-1228.67675167,-24.98790317,perlmutter,perlmutter,perlmutter,/pscratch/sd/j/jcho5/VASP/dft_jobs/CH4_Ir110/r2scan,/pscratch/sd/j/jcho5/VASP/vasp_slab/Ir110/r2scan,/pscratch/sd/j/jcho5/VASP/vasp_mol/CH4/r2scan,64b64795d0938ea751bdaef53424ea431f858b3e889d6231d87faa560b80c732,e7e8253d997c2b966844b4f196162d05a1bc1026493f7b20b3afe789068bf3a3,256e39b379d9ffb0a16aea76cbe4a1d716914ca807059eb2d55f85d587e81317,"Converged components; matching PAW TITEL identities, functional, composition, full slab cell and stored core settings. Archived Kestrel provenance retained. No energy scaling or offsets.",Perlmutter first,false,-0.095,1,-0.09463483,selected candidate applied
Ir110,methane,r2scan,SPE,ok,-0.01482713,-1253.67948197,-1228.67675167,-24.98790317,perlmutter,perlmutter,perlmutter,/pscratch/sd/j/jcho5/VASP/dft_jobs/CH4_Ir110/singlepoint/r2scan,/pscratch/sd/j/jcho5/VASP/vasp_slab/Ir110/r2scan,/pscratch/sd/j/jcho5/VASP/vasp_mol/CH4/r2scan,8af9f0ab8448a2e3fba233c220e77a8db1572de92539124e4c1893c1e34ffde0,e7e8253d997c2b966844b4f196162d05a1bc1026493f7b20b3afe789068bf3a3,256e39b379d9ffb0a16aea76cbe4a1d716914ca807059eb2d55f85d587e81317,"Converged components; matching PAW TITEL identities, functional, composition, full slab cell and stored core settings. Archived Kestrel provenance retained. No energy scaling or offsets.",Perlmutter first,false,-0.015,1,-0.01482713,selected candidate applied
Ir110,methane,beef_vdw,relaxed,ok,-0.22965419,-134.46788774,-111.25249754,-22.98573601,perlmutter,perlmutter,perlmutter,/pscratch/sd/j/jcho5/VASP/dft_jobs/CH4_Ir110/beef_vdw,/pscratch/sd/j/jcho5/VASP/vasp_slab/Ir110/beef_vdw,/pscratch/sd/j/jcho5/VASP/vasp_mol/CH4/beef_vdw,5811ad98c093d2b0c33aeff38fe91a497ea93d7123bad51e1d9132ed04c12cf6,dff3bcbdcbb0a318a7a5d961255a2936f31b524d0772f25fcee23d69dba0061a,b8f2aed539ecd6734ed6350f70a378290c51ddb8d04057e527b3a707450c01b9,"Converged components; matching PAW TITEL identities, functional, composition, full slab cell and stored core settings. Archived Kestrel provenance retained. No energy scaling or offsets.",Perlmutter first,false,-0.23,1,-0.22965419,selected candidate applied
Ir110,methane,beef_vdw,SPE,ok,-0.19827344,-134.43650699,-111.25249754,-22.98573601,perlmutter,perlmutter,perlmutter,/pscratch/sd/j/jcho5/VASP/dft_jobs/CH4_Ir110/singlepoint/beef_vdw,/pscratch/sd/j/jcho5/VASP/vasp_slab/Ir110/beef_vdw,/pscratch/sd/j/jcho5/VASP/vasp_mol/CH4/beef_vdw,b1047527fbe74fc922e0aa995ee77e3e3cd5933ff6110def11411b1ee275d311,dff3bcbdcbb0a318a7a5d961255a2936f31b524d0772f25fcee23d69dba0061a,b8f2aed539ecd6734ed6350f70a378290c51ddb8d04057e527b3a707450c01b9,"Converged components; matching PAW TITEL identities, functional, composition, full slab cell and stored core settings. Archived Kestrel provenance retained. No energy scaling or offsets.",Perlmutter first,false,-0.198,1,-0.19827344,selected candidate applied
Ir110,methanol,pbe,relaxed,ok,-0.68332434,-216.6846824,-185.79278571,-30.20857235,perlmutter,perlmutter,perlmutter,/pscratch/sd/j/jcho5/VASP/dft_jobs/CH3OH_Ir110/PBE,/pscratch/sd/j/jcho5/VASP/vasp_slab/Ir110/PBE,/pscratch/sd/j/jcho5/VASP/vasp_mol/CH3OH/PBE,c47ecad85a8765e2082c79d8e07f739bff178ad93f331ba231a3395f6b924558,ad43b59139581e162273eec3661b59c1b51dbf57935c2fdb90c14dc83623c680,b25dea0c5d26d154707dac5673badac4461cb6fe7660b76ab10af85822791b71,"Converged components; matching PAW TITEL identities, functional, composition, full slab cell and stored core settings. Archived Kestrel provenance retained. No energy scaling or offsets.",Perlmutter first,false,-0.683,1,-0.68332434,selected candidate applied
Ir110,methanol,pbe,SPE,ok,-0.60744007,-216.60879813,-185.79278571,-30.20857235,perlmutter,perlmutter,perlmutter,/pscratch/sd/j/jcho5/VASP/dft_jobs/CH3OH_Ir110/singlepoint/PBE,/pscratch/sd/j/jcho5/VASP/vasp_slab/Ir110/PBE,/pscratch/sd/j/jcho5/VASP/vasp_mol/CH3OH/PBE,41204f671b2fb19ff0e4dab505675e58d3d182da6e6120e749a0baa93e7020e0,ad43b59139581e162273eec3661b59c1b51dbf57935c2fdb90c14dc83623c680,b25dea0c5d26d154707dac5673badac4461cb6fe7660b76ab10af85822791b71,"Converged components; matching PAW TITEL identities, functional, composition, full slab cell and stored core settings. Archived Kestrel provenance retained. No energy scaling or offsets.",Perlmutter first,false,-0.607,1,-0.60744007,selected candidate applied
Ir110,methanol,pbe_d3,relaxed,ok,-1.07709512,-226.43894195,-195.1382215,-30.22362533,perlmutter,perlmutter,perlmutter,/pscratch/sd/j/jcho5/VASP/dft_jobs/CH3OH_Ir110/PBE_D3,/pscratch/sd/j/jcho5/VASP/vasp_slab/Ir110/PBE_D3,/pscratch/sd/j/jcho5/VASP/vasp_mol/CH3OH/PBE_D3,0b42d5c891a76fe997fe62e2057d88c33099e6c99467c375e5e2a662c556f5dc,788c61cc26bff3a86aa32725994a9e73fe4a16ac1c5baad8be90a8b9cc8313b5,82c96042bb328d2281e4deec9b5ef51410c9c442e4e9b23b3c7deb72f185e5cf,"Converged components; matching PAW TITEL identities, functional, composition, full slab cell and stored core settings. Archived Kestrel provenance retained. No energy scaling or offsets.",Perlmutter first,false,-1.077,1,-1.07709512,selected candidate applied
Ir110,methanol,pbe_d3,SPE,ok,-0.95409422,-226.31594105,-195.1382215,-30.22362533,perlmutter,perlmutter,perlmutter,/pscratch/sd/j/jcho5/VASP/dft_jobs/CH3OH_Ir110/singlepoint/PBE_D3,/pscratch/sd/j/jcho5/VASP/vasp_slab/Ir110/PBE_D3,/pscratch/sd/j/jcho5/VASP/vasp_mol/CH3OH/PBE_D3,e8ba0453d89574b14bcf826cd6b179f9bf47c3ed9bfcb243a81e007f44edba6c,788c61cc26bff3a86aa32725994a9e73fe4a16ac1c5baad8be90a8b9cc8313b5,82c96042bb328d2281e4deec9b5ef51410c9c442e4e9b23b3c7deb72f185e5cf,"Converged components; matching PAW TITEL identities, functional, composition, full slab cell and stored core settings. Archived Kestrel provenance retained. No energy scaling or offsets.",Perlmutter first,false,-0.954,1,-0.95409422,selected candidate applied
Ir110,methanol,r2scan,relaxed,ok,-0.82805566,-1261.64133587,-1228.67675167,-32.13652854,perlmutter,perlmutter,perlmutter,/pscratch/sd/j/jcho5/VASP/dft_jobs/CH3OH_Ir110/r2scan,/pscratch/sd/j/jcho5/VASP/vasp_slab/Ir110/r2scan,/pscratch/sd/j/jcho5/VASP/vasp_mol/CH3OH/r2scan,122efd0ec1b70d6da6f63e0637f7c61e840aa78502689855e824e1e5cdd2a710,e7e8253d997c2b966844b4f196162d05a1bc1026493f7b20b3afe789068bf3a3,f51730f03fe6b8d78e595f2892e645d14986df23b0aee9499c51b752902fd0d1,"Converged components; matching PAW TITEL identities, functional, composition, full slab cell and stored core settings. Archived Kestrel provenance retained. No energy scaling or offsets.",Perlmutter first,false,-0.828,1,-0.82805566,selected candidate applied
Ir110,methanol,r2scan,SPE,ok,-0.67609826,-1261.48937847,-1228.67675167,-32.13652854,perlmutter,perlmutter,perlmutter,/pscratch/sd/j/jcho5/VASP/dft_jobs/CH3OH_Ir110/singlepoint/r2scan,/pscratch/sd/j/jcho5/VASP/vasp_slab/Ir110/r2scan,/pscratch/sd/j/jcho5/VASP/vasp_mol/CH3OH/r2scan,0fd9e17bcd65c4ab09736e6483c81bf1f2a07d7bc271a84767cabc5ffb6c40da,e7e8253d997c2b966844b4f196162d05a1bc1026493f7b20b3afe789068bf3a3,f51730f03fe6b8d78e595f2892e645d14986df23b0aee9499c51b752902fd0d1,"Converged components; matching PAW TITEL identities, functional, composition, full slab cell and stored core settings. Archived Kestrel provenance retained. No energy scaling or offsets.",Perlmutter first,false,-0.676,1,-0.67609826,selected candidate applied
Ir110,methanol,beef_vdw,relaxed,ok,-0.89284875,-139.43939264,-111.25249754,-27.29404635,perlmutter,perlmutter,perlmutter,/pscratch/sd/j/jcho5/VASP/dft_jobs/CH3OH_Ir110/beef_vdw,/pscratch/sd/j/jcho5/VASP/vasp_slab/Ir110/beef_vdw,/pscratch/sd/j/jcho5/VASP/vasp_mol/CH3OH/beef_vdw,d7b602d8198df0e7bd2d7bf2d8f79016dde9738fe16a9cacd82ea0990d3a2c90,dff3bcbdcbb0a318a7a5d961255a2936f31b524d0772f25fcee23d69dba0061a,71c98e9c34bcfd5cd1cbcd7f2f72a41fe5f2859e510b25f05ce1c13e3e6334c5,"Converged components; matching PAW TITEL identities, functional, composition, full slab cell and stored core settings. Archived Kestrel provenance retained. No energy scaling or offsets.",Perlmutter first,false,-0.893,1,-0.89284875,selected candidate applied
Ir110,methanol,beef_vdw,SPE,ok,-0.81303628,-139.35958017,-111.25249754,-27.29404635,perlmutter,perlmutter,perlmutter,/pscratch/sd/j/jcho5/VASP/dft_jobs/CH3OH_Ir110/singlepoint/beef_vdw,/pscratch/sd/j/jcho5/VASP/vasp_slab/Ir110/beef_vdw,/pscratch/sd/j/jcho5/VASP/vasp_mol/CH3OH/beef_vdw,f3eeda79be1515157edbc89c7f21546e015bbd4cc2392b4e3391796220e8461d,dff3bcbdcbb0a318a7a5d961255a2936f31b524d0772f25fcee23d69dba0061a,71c98e9c34bcfd5cd1cbcd7f2f72a41fe5f2859e510b25f05ce1c13e3e6334c5,"Converged components; matching PAW TITEL identities, functional, composition, full slab cell and stored core settings. Archived Kestrel provenance retained. No energy scaling or offsets.",Perlmutter first,false,-0.813,1,-0.81303628,selected candidate applied
Ir111,CH3,pbe,relaxed,ok,-1.83800310,-558.34258546,-538.3119429,-18.19263946,perlmutter,perlmutter,perlmutter,/pscratch/sd/j/jcho5/VASP/dft_jobs/CH3_Ir111/PBE,/pscratch/sd/j/jcho5/VASP/vasp_slab/Ir111/PBE,/pscratch/sd/j/jcho5/VASP/vasp_mol/CH3/PBE,4a88c11401dcd07c6ab4565f1ad1608dd29e6d6befc650f1a686bad2e1e51360,b4297d4d5b16d12bed23df692eea8cbd50f07e6a53a5548ee43dc2f6132af120,55948174742a2237ee4078ccc4928c5af9560ab1b988bfdc05684033de502d29,"Converged components; matching PAW TITEL identities, functional, composition, full slab cell and stored core settings. Archived Kestrel provenance retained. No energy scaling or offsets.",Perlmutter first,false,-1.838,1,-1.83800310,selected candidate applied
Ir111,CH3,pbe,SPE,ok,-1.79643634,-558.3010187,-538.3119429,-18.19263946,perlmutter,perlmutter,perlmutter,/pscratch/sd/j/jcho5/VASP/dft_jobs/CH3_Ir111/singlepoint/PBE,/pscratch/sd/j/jcho5/VASP/vasp_slab/Ir111/PBE,/pscratch/sd/j/jcho5/VASP/vasp_mol/CH3/PBE,aa771483cc284cadb3b227f94c2885b086ad235b5c979d837556dc2397977efa,b4297d4d5b16d12bed23df692eea8cbd50f07e6a53a5548ee43dc2f6132af120,55948174742a2237ee4078ccc4928c5af9560ab1b988bfdc05684033de502d29,"Converged components; matching PAW TITEL identities, functional, composition, full slab cell and stored core settings. Archived Kestrel provenance retained. No energy scaling or offsets.",Perlmutter first,false,-1.796,1,-1.79643634,selected candidate applied
Ir111,CH3,pbe_d3,relaxed,ok,-2.14110596,-591.11829905,-570.78304395,-18.19414914,perlmutter,perlmutter,perlmutter,/pscratch/sd/j/jcho5/VASP/dft_jobs/CH3_Ir111/PBE_D3,/pscratch/sd/j/jcho5/VASP/vasp_slab/Ir111/PBE_D3,/pscratch/sd/j/jcho5/VASP/vasp_mol/CH3/PBE_D3,486867c1320b3c16adabc40202f7a02b442d1723c8a87de6b4d4c7cddbca8849,d02f65b2296376191bbe0aea58e346d5f75f8ae7d66633ad88b313309c6edcad,d5c3d39ad14473323e77e91f951c1fed3ea6b279c20a4b6f3944c45fa910de88,"Converged components; matching PAW TITEL identities, functional, composition, full slab cell and stored core settings. Archived Kestrel provenance retained. No energy scaling or offsets.",Perlmutter first,false,-2.141,1,-2.14110596,selected candidate applied
Ir111,CH3,pbe_d3,SPE,ok,-1.90996866,-590.88716175,-570.78304395,-18.19414914,perlmutter,perlmutter,perlmutter,/pscratch/sd/j/jcho5/VASP/dft_jobs/CH3_Ir111/singlepoint/PBE_D3,/pscratch/sd/j/jcho5/VASP/vasp_slab/Ir111/PBE_D3,/pscratch/sd/j/jcho5/VASP/vasp_mol/CH3/PBE_D3,9bf85647c3a2d3ee5a89bd6f9af92bc76f29a300e558e867645ff5beb85f1a84,d02f65b2296376191bbe0aea58e346d5f75f8ae7d66633ad88b313309c6edcad,d5c3d39ad14473323e77e91f951c1fed3ea6b279c20a4b6f3944c45fa910de88,"Converged components; matching PAW TITEL identities, functional, composition, full slab cell and stored core settings. Archived Kestrel provenance retained. No energy scaling or offsets.",Perlmutter first,false,-1.91,1,-1.90996866,selected candidate applied
Ir111,CH3,r2scan,relaxed,ok,-1.80684166,-3341.72085161,-3320.68314209,-19.23086786,perlmutter,perlmutter,perlmutter,/pscratch/sd/j/jcho5/VASP/dft_jobs/CH3_Ir111/r2scan,/pscratch/sd/j/jcho5/VASP/vasp_slab/Ir111/r2scan,/pscratch/sd/j/jcho5/VASP/vasp_mol/CH3/r2scan,e170fb218cb253e140c8ff331799221d05babe3a34e82b965faefdd747deab3f,3c5e1cee675f57fc108035c165be1d51b4f4e7bff30e82c263269a7b055907aa,cd57306845596406a180b6e807da423b6b753c1d97073bdbc1899a4e4f0e975f,"Converged components; matching PAW TITEL identities, functional, composition, full slab cell and stored core settings. Archived Kestrel provenance retained. No energy scaling or offsets.",Perlmutter first,false,-1.807,1,-1.80684166,selected candidate applied
Ir111,CH3,r2scan,SPE,ok,-1.60703633,-3341.52104628,-3320.68314209,-19.23086786,perlmutter,perlmutter,perlmutter,/pscratch/sd/j/jcho5/VASP/dft_jobs/CH3_Ir111/singlepoint/r2scan,/pscratch/sd/j/jcho5/VASP/vasp_slab/Ir111/r2scan,/pscratch/sd/j/jcho5/VASP/vasp_mol/CH3/r2scan,e852988073da67c2298098353cff1783838b17ef05478c6669f37f101271367b,3c5e1cee675f57fc108035c165be1d51b4f4e7bff30e82c263269a7b055907aa,cd57306845596406a180b6e807da423b6b753c1d97073bdbc1899a4e4f0e975f,"Converged components; matching PAW TITEL identities, functional, composition, full slab cell and stored core settings. Archived Kestrel provenance retained. No energy scaling or offsets.",Perlmutter first,false,-1.607,1,-1.60703633,selected candidate applied
Ir111,CH3,beef_vdw,relaxed,ok,-1.94102658,-358.54558368,-339.48696992,-17.11758718,perlmutter,perlmutter,perlmutter,/pscratch/sd/j/jcho5/VASP/dft_jobs/CH3_Ir111/beef_vdw,/pscratch/sd/j/jcho5/VASP/vasp_slab/Ir111/beef_vdw,/pscratch/sd/j/jcho5/VASP/vasp_mol/CH3/beef_vdw,99a3115f8793794fbf874c45fbfff20d116259aabebcff62243a3b43ffe6793c,0b91214a900100390394f252dd15ef3cac38cdb11cbb0d3dd58c5fa79e28b9e7,17654ec6cbe398af64a6c89e8c35a22325002947a1b1e7b4ad8572e57f8de8e7,"Converged components; matching PAW TITEL identities, functional, composition, full slab cell and stored core settings. Archived Kestrel provenance retained. No energy scaling or offsets.",Perlmutter first,false,-1.941,1,-1.94102658,selected candidate applied
Ir111,CH3,beef_vdw,SPE,ok,-1.90929114,-358.51384824,-339.48696992,-17.11758718,perlmutter,perlmutter,perlmutter,/pscratch/sd/j/jcho5/VASP/dft_jobs/CH3_Ir111/singlepoint/beef_vdw,/pscratch/sd/j/jcho5/VASP/vasp_slab/Ir111/beef_vdw,/pscratch/sd/j/jcho5/VASP/vasp_mol/CH3/beef_vdw,66492b274efaefac5a22ef7b425bd0fb13390445ce6b1fd7f2820326be0a39bd,0b91214a900100390394f252dd15ef3cac38cdb11cbb0d3dd58c5fa79e28b9e7,17654ec6cbe398af64a6c89e8c35a22325002947a1b1e7b4ad8572e57f8de8e7,"Converged components; matching PAW TITEL identities, functional, composition, full slab cell and stored core settings. Archived Kestrel provenance retained. No energy scaling or offsets.",Perlmutter first,false,-1.909,1,-1.90929114,selected candidate applied
Ir111,CO,pbe,relaxed,ok,-1.61091522,-554.70324049,-538.3119429,-14.78038237,perlmutter,perlmutter,perlmutter,/pscratch/sd/j/jcho5/VASP/dft_jobs/CO_Ir111/PBE,/pscratch/sd/j/jcho5/VASP/vasp_slab/Ir111/PBE,/pscratch/sd/j/jcho5/VASP/vasp_mol/CO/PBE,2bc50468a4a9064535f05ced4126d67380cdc6439200462a953919df8d1d08e3,b4297d4d5b16d12bed23df692eea8cbd50f07e6a53a5548ee43dc2f6132af120,5de111fef07e98239197c4d5ccebe9b659b69a862d3790f6544f0960f107810e,"Converged components; matching PAW TITEL identities, functional, composition, full slab cell and stored core settings. Archived Kestrel provenance retained. No energy scaling or offsets.",Perlmutter first,false,-1.611,1,-1.61091522,selected candidate applied
Ir111,CO,pbe,SPE,ok,-1.53175888,-554.62408415,-538.3119429,-14.78038237,perlmutter,perlmutter,perlmutter,/pscratch/sd/j/jcho5/VASP/dft_jobs/CO_Ir111/singlepoint/PBE,/pscratch/sd/j/jcho5/VASP/vasp_slab/Ir111/PBE,/pscratch/sd/j/jcho5/VASP/vasp_mol/CO/PBE,c059f101f4c7a21b5b67d9665173e58e5d8c50210a17f59fc30b1c4dd967c1ce,b4297d4d5b16d12bed23df692eea8cbd50f07e6a53a5548ee43dc2f6132af120,5de111fef07e98239197c4d5ccebe9b659b69a862d3790f6544f0960f107810e,"Converged components; matching PAW TITEL identities, functional, composition, full slab cell and stored core settings. Archived Kestrel provenance retained. No energy scaling or offsets.",Perlmutter first,false,,1,-1.53175888,selected candidate applied
Ir111,CO,pbe_d3,relaxed,ok,-1.85876039,-587.42220024,-570.78304395,-14.7803959,perlmutter,perlmutter,perlmutter,/pscratch/sd/j/jcho5/VASP/dft_jobs/CO_Ir111/PBE_D3,/pscratch/sd/j/jcho5/VASP/vasp_slab/Ir111/PBE_D3,/pscratch/sd/j/jcho5/VASP/vasp_mol/CO/PBE_D3,32e04ff1f7d4f5b0389ec9ed518d91ee3eb98b0abb638f630e5d1dad988f7af5,d02f65b2296376191bbe0aea58e346d5f75f8ae7d66633ad88b313309c6edcad,6f7c547c5fad89492e6aa42317c90bb373aa74cfe9822216218e7897b7d88dae,"Converged components; matching PAW TITEL identities, functional, composition, full slab cell and stored core settings. Archived Kestrel provenance retained. No energy scaling or offsets.",Perlmutter first,false,-1.859,1,-1.85876039,selected candidate applied
Ir111,CO,pbe_d3,SPE,ok,-1.55708830,-587.12052815,-570.78304395,-14.7803959,perlmutter,perlmutter,perlmutter,/pscratch/sd/j/jcho5/VASP/dft_jobs/CO_Ir111/singlepoint/PBE_D3,/pscratch/sd/j/jcho5/VASP/vasp_slab/Ir111/PBE_D3,/pscratch/sd/j/jcho5/VASP/vasp_mol/CO/PBE_D3,13d5d20acacfe3a419a7433c69f70a5441aa4d3b63ca2745f6fc8d2e27b31a5a,d02f65b2296376191bbe0aea58e346d5f75f8ae7d66633ad88b313309c6edcad,6f7c547c5fad89492e6aa42317c90bb373aa74cfe9822216218e7897b7d88dae,"Converged components; matching PAW TITEL identities, functional, composition, full slab cell and stored core settings. Archived Kestrel provenance retained. No energy scaling or offsets.",Perlmutter first,false,,1,-1.55708830,selected candidate applied
Ir111,CO,r2scan,relaxed,,,,,,,,,,,,,,,,No complete matched component set,false,,0,,missing
Ir111,CO,r2scan,SPE,ok,-1.39459851,-3338.55781536,-3320.68314209,-16.48007476,perlmutter,perlmutter,perlmutter,/pscratch/sd/j/jcho5/VASP/dft_jobs/CO_Ir111/singlepoint/r2scan,/pscratch/sd/j/jcho5/VASP/vasp_slab/Ir111/r2scan,/pscratch/sd/j/jcho5/VASP/vasp_mol/CO/r2scan,505d84abfdd251d6ad6599bb23ea4fac02afbb9e1d0ab653a4a9ec8e719d9b3f,3c5e1cee675f57fc108035c165be1d51b4f4e7bff30e82c263269a7b055907aa,a36500324108a48f08b0fa481a9853e27a9e82ac0665deba3021a0b73f639998,"Converged components; matching PAW TITEL identities, functional, composition, full slab cell and stored core settings. Archived Kestrel provenance retained. No energy scaling or offsets.",Perlmutter first,false,,1,-1.39459851,selected candidate applied
Ir111,CO,beef_vdw,relaxed,ok,-1.54995915,-352.77010538,-339.48696992,-11.73317631,perlmutter,perlmutter,perlmutter,/pscratch/sd/j/jcho5/VASP/dft_jobs/CO_Ir111/beef_vdw,/pscratch/sd/j/jcho5/VASP/vasp_slab/Ir111/beef_vdw,/pscratch/sd/j/jcho5/VASP/vasp_mol/CO/beef_vdw,2b66269441d743e3c2ffe2a663d073133e5124f3a309bc40dd689ef169d4dc29,0b91214a900100390394f252dd15ef3cac38cdb11cbb0d3dd58c5fa79e28b9e7,90c259ac544177c49d5917b5ef2a599f016bbaa85d9c2a29cfebab933e903980,"Converged components; matching PAW TITEL identities, functional, composition, full slab cell and stored core settings. Archived Kestrel provenance retained. No energy scaling or offsets.",Perlmutter first,false,-1.55,1,-1.54995915,selected candidate applied
Ir111,CO,beef_vdw,SPE,ok,-1.49268401,-352.71283024,-339.48696992,-11.73317631,perlmutter,perlmutter,perlmutter,/pscratch/sd/j/jcho5/VASP/dft_jobs/CO_Ir111/singlepoint/beef_vdw,/pscratch/sd/j/jcho5/VASP/vasp_slab/Ir111/beef_vdw,/pscratch/sd/j/jcho5/VASP/vasp_mol/CO/beef_vdw,c6fa868472943cb736260550b5dc1a6c192b8f42eee47ce2f40685c75ef6e2aa,0b91214a900100390394f252dd15ef3cac38cdb11cbb0d3dd58c5fa79e28b9e7,90c259ac544177c49d5917b5ef2a599f016bbaa85d9c2a29cfebab933e903980,"Converged components; matching PAW TITEL identities, functional, composition, full slab cell and stored core settings. Archived Kestrel provenance retained. No energy scaling or offsets.",Perlmutter first,false,,1,-1.49268401,selected candidate applied
Ir111,CO2,pbe,relaxed,ok,-0.00569807,-561.27783619,-538.3119429,-22.96019522,perlmutter,perlmutter,perlmutter,/pscratch/sd/j/jcho5/VASP/dft_jobs/CO2_Ir111/PBE,/pscratch/sd/j/jcho5/VASP/vasp_slab/Ir111/PBE,/pscratch/sd/j/jcho5/VASP/vasp_mol/CO2/PBE,cb5538166d910c233881730edf26949d4a10f5c56b3f55ec0592b5cf8475f05e,b4297d4d5b16d12bed23df692eea8cbd50f07e6a53a5548ee43dc2f6132af120,5c3d4e7285479f2d4ac862de58c80a00baa5aba72e6fa7f6e419b6d41f863eca,"Converged components; matching PAW TITEL identities, functional, composition, full slab cell and stored core settings. Archived Kestrel provenance retained. No energy scaling or offsets.",Perlmutter first,false,-0.006,1,-0.00569807,selected candidate applied
Ir111,CO2,pbe,SPE,ok,0.04658465,-561.22555347,-538.3119429,-22.96019522,perlmutter,perlmutter,perlmutter,/pscratch/sd/j/jcho5/VASP/dft_jobs/CO2_Ir111/singlepoint/PBE,/pscratch/sd/j/jcho5/VASP/vasp_slab/Ir111/PBE,/pscratch/sd/j/jcho5/VASP/vasp_mol/CO2/PBE,4e1100d138cc10247fce6bee82eb0826c3a35da349338515c5389bdff5cc9420,b4297d4d5b16d12bed23df692eea8cbd50f07e6a53a5548ee43dc2f6132af120,5c3d4e7285479f2d4ac862de58c80a00baa5aba72e6fa7f6e419b6d41f863eca,"Converged components; matching PAW TITEL identities, functional, composition, full slab cell and stored core settings. Archived Kestrel provenance retained. No energy scaling or offsets.",Perlmutter first,false,,1,0.04658465,selected candidate applied
Ir111,CO2,pbe_d3,relaxed,,,,,,,,,,,,,,,,No complete matched component set,false,,0,,missing
Ir111,CO2,pbe_d3,SPE,,,,,,,,,,,,,,,,No complete matched component set,false,,0,,missing
Ir111,CO2,r2scan,relaxed,ok,-0.08051655,-3346.33265752,-3320.68314209,-25.56899888,perlmutter,perlmutter,perlmutter,/pscratch/sd/j/jcho5/VASP/dft_jobs/CO2_Ir111/r2scan,/pscratch/sd/j/jcho5/VASP/vasp_slab/Ir111/r2scan,/pscratch/sd/j/jcho5/VASP/vasp_mol/CO2/r2scan,8b525b900653fa0c79946ff628950a58aece83632c87cacf535be58692e5d380,3c5e1cee675f57fc108035c165be1d51b4f4e7bff30e82c263269a7b055907aa,4dab28f2a0fbe607817f4c5514d6f14b89ae1a164de9066f1d38852b7c93525c,"Converged components; matching PAW TITEL identities, functional, composition, full slab cell and stored core settings. Archived Kestrel provenance retained. No energy scaling or offsets.",Perlmutter first,false,-0.081,1,-0.08051655,selected candidate applied
Ir111,CO2,r2scan,SPE,ok,0.14610648,-3346.10603449,-3320.68314209,-25.56899888,perlmutter,perlmutter,perlmutter,/pscratch/sd/j/jcho5/VASP/dft_jobs/CO2_Ir111/singlepoint/r2scan,/pscratch/sd/j/jcho5/VASP/vasp_slab/Ir111/r2scan,/pscratch/sd/j/jcho5/VASP/vasp_mol/CO2/r2scan,a070fdaa724625e953c13c1ff7f9885b281fed33b17cde36aacf663dc9fa3f77,3c5e1cee675f57fc108035c165be1d51b4f4e7bff30e82c263269a7b055907aa,4dab28f2a0fbe607817f4c5514d6f14b89ae1a164de9066f1d38852b7c93525c,"Converged components; matching PAW TITEL identities, functional, composition, full slab cell and stored core settings. Archived Kestrel provenance retained. No energy scaling or offsets.",Perlmutter first,false,,1,0.14610648,selected candidate applied
Ir111,CO2,beef_vdw,relaxed,ok,-0.26041122,-357.66800596,-339.48696992,-17.92062482,perlmutter,perlmutter,perlmutter,/pscratch/sd/j/jcho5/VASP/dft_jobs/CO2_Ir111/beef_vdw,/pscratch/sd/j/jcho5/VASP/vasp_slab/Ir111/beef_vdw,/pscratch/sd/j/jcho5/VASP/vasp_mol/CO2/beef_vdw,8f6015a7cebf865d7aa27dfb28bffa6729911fd1b476a497d670d46f4756ffba,0b91214a900100390394f252dd15ef3cac38cdb11cbb0d3dd58c5fa79e28b9e7,f55cd94ae310bcb3102648fec1901ebd52aabdb902a10c25eb00c390b23c1ca3,"Converged components; matching PAW TITEL identities, functional, composition, full slab cell and stored core settings. Archived Kestrel provenance retained. No energy scaling or offsets.",Perlmutter first,false,-0.26,1,-0.26041122,selected candidate applied
Ir111,CO2,beef_vdw,SPE,ok,-0.24536332,-357.65295806,-339.48696992,-17.92062482,perlmutter,perlmutter,perlmutter,/pscratch/sd/j/jcho5/VASP/dft_jobs/CO2_Ir111/singlepoint/beef_vdw,/pscratch/sd/j/jcho5/VASP/vasp_slab/Ir111/beef_vdw,/pscratch/sd/j/jcho5/VASP/vasp_mol/CO2/beef_vdw,4db9cab3b3a8eabb5cf416552601464431f074fb5c420e22822f5830a0d69f04,0b91214a900100390394f252dd15ef3cac38cdb11cbb0d3dd58c5fa79e28b9e7,f55cd94ae310bcb3102648fec1901ebd52aabdb902a10c25eb00c390b23c1ca3,"Converged components; matching PAW TITEL identities, functional, composition, full slab cell and stored core settings. Archived Kestrel provenance retained. No energy scaling or offsets.",Perlmutter first,false,,1,-0.24536332,selected candidate applied
Ir111,DME,pbe,relaxed,ok,-0.20772714,-584.89735193,-538.3119429,-46.37768189,perlmutter,perlmutter,perlmutter,/pscratch/sd/j/jcho5/VASP/dft_jobs/CH3OCH3_Ir111/PBE,/pscratch/sd/j/jcho5/VASP/vasp_slab/Ir111/PBE,/pscratch/sd/j/jcho5/VASP/completion_runs/dme_references_davidson_20260915/molecule/DME/PBE,e394ec223f0a2efeef2f0ab2d87e75b8c3c9c8b7be687799a51c877c815104da,b4297d4d5b16d12bed23df692eea8cbd50f07e6a53a5548ee43dc2f6132af120,2783353f6c0ff3844ba4d6ff5d7e8f828816118201b89284c45975b6be47d7f6,"Converged components; matching PAW TITEL identities, functional, composition, full slab cell and stored core settings. Archived Kestrel provenance retained. No energy scaling or offsets.",Perlmutter first,false,-0.208,1,-0.20772714,selected candidate applied
Ir111,DME,pbe,SPE,ok,-0.16653728,-584.85616207,-538.3119429,-46.37768189,perlmutter,perlmutter,perlmutter,/pscratch/sd/j/jcho5/VASP/dft_jobs/CH3OCH3_Ir111/singlepoint/PBE,/pscratch/sd/j/jcho5/VASP/vasp_slab/Ir111/PBE,/pscratch/sd/j/jcho5/VASP/completion_runs/dme_references_davidson_20260915/molecule/DME/PBE,d8db7c09fe792b2f17ca131a8495ba5400f1f37e2adb689e90418a3d3b30f828,b4297d4d5b16d12bed23df692eea8cbd50f07e6a53a5548ee43dc2f6132af120,2783353f6c0ff3844ba4d6ff5d7e8f828816118201b89284c45975b6be47d7f6,"Converged components; matching PAW TITEL identities, functional, composition, full slab cell and stored core settings. Archived Kestrel provenance retained. No energy scaling or offsets.",Perlmutter first,false,-0.167,1,-0.16653728,selected candidate applied
Ir111,DME,pbe_d3,relaxed,ok,-0.76850734,-617.97506991,-570.78304395,-46.42351862,perlmutter,perlmutter,perlmutter,/pscratch/sd/j/jcho5/VASP/dft_jobs/CH3OCH3_Ir111/PBE_D3,/pscratch/sd/j/jcho5/VASP/vasp_slab/Ir111/PBE_D3,/pscratch/sd/j/jcho5/VASP/completion_runs/dme_references_davidson_20260915/molecule/DME/PBE_D3,7bf25756603bf7876d5b9b437fac1897903123aa9d1a1e1140f3af9d2131dc3c,d02f65b2296376191bbe0aea58e346d5f75f8ae7d66633ad88b313309c6edcad,fa540cffb0ee118e48318e9d7cc15ef68ab721ba66b60dacbe49aaf2111cd3ba,"Converged components; matching PAW TITEL identities, functional, composition, full slab cell and stored core settings. Archived Kestrel provenance retained. No energy scaling or offsets.",Perlmutter first,false,-0.769,1,-0.76850734,selected candidate applied
Ir111,DME,pbe_d3,SPE,ok,-0.53503094,-617.74159351,-570.78304395,-46.42351862,perlmutter,perlmutter,perlmutter,/pscratch/sd/j/jcho5/VASP/dft_jobs/CH3OCH3_Ir111/singlepoint/PBE_D3,/pscratch/sd/j/jcho5/VASP/vasp_slab/Ir111/PBE_D3,/pscratch/sd/j/jcho5/VASP/completion_runs/dme_references_davidson_20260915/molecule/DME/PBE_D3,a2055d4a06d0e5d1a2b285a06bd84f28753e2e72eac60b1938ff5dac73f0e069,d02f65b2296376191bbe0aea58e346d5f75f8ae7d66633ad88b313309c6edcad,fa540cffb0ee118e48318e9d7cc15ef68ab721ba66b60dacbe49aaf2111cd3ba,"Converged components; matching PAW TITEL identities, functional, composition, full slab cell and stored core settings. Archived Kestrel provenance retained. No energy scaling or offsets.",Perlmutter first,false,-0.535,1,-0.53503094,selected candidate applied
Ir111,DME,r2scan,relaxed,,,,,,,,,,,,,,,,No complete matched component set,false,,0,,withheld: refs unverified
Ir111,DME,r2scan,SPE,ok,-0.28281186,-3370.10654322,-3320.68314209,-49.14058927,perlmutter,perlmutter,perlmutter,/pscratch/sd/j/jcho5/VASP/dft_jobs/CH3OCH3_Ir111/singlepoint/r2scan,/pscratch/sd/j/jcho5/VASP/vasp_slab/Ir111/r2scan,/pscratch/sd/j/jcho5/VASP/vasp_mol/CH3OCH3/r2scan,79623ab5ce3f10e3fcab8f1d518743957189a83ca9355823e83c042aa57adc71,3c5e1cee675f57fc108035c165be1d51b4f4e7bff30e82c263269a7b055907aa,88bae082a3a840ba244087cd0c4e6738272d372dfd577bafa865bab4c8e6f532,"Converged components; matching PAW TITEL identities, functional, composition, full slab cell and stored core settings. Archived Kestrel provenance retained. No energy scaling or offsets.",Perlmutter first,false,-0.283,1,-0.28281186,selected candidate applied
Ir111,DME,beef_vdw,relaxed,ok,-0.62638109,-382.4064803,-339.48696992,-42.29312929,perlmutter,perlmutter,perlmutter,/pscratch/sd/j/jcho5/VASP/dft_jobs/CH3OCH3_Ir111/beef_vdw,/pscratch/sd/j/jcho5/VASP/vasp_slab/Ir111/beef_vdw,/pscratch/sd/j/jcho5/VASP/vasp_mol/CH3OCH3/beef_vdw,124522d32dddc9ae3087cbe50437b7620ee9f7e427e9d8d95e0557885848ac9c,0b91214a900100390394f252dd15ef3cac38cdb11cbb0d3dd58c5fa79e28b9e7,086d10efc7f719c873def716799e78f3d0ddf3330b2d8d4c13d6972f445248a2,"Converged components; matching PAW TITEL identities, functional, composition, full slab cell and stored core settings. Archived Kestrel provenance retained. No energy scaling or offsets.",Perlmutter first,false,-0.626,1,-0.62638109,selected candidate applied
Ir111,DME,beef_vdw,SPE,ok,-0.58705258,-382.36715179,-339.48696992,-42.29312929,perlmutter,perlmutter,perlmutter,/pscratch/sd/j/jcho5/VASP/dft_jobs/CH3OCH3_Ir111/singlepoint/beef_vdw,/pscratch/sd/j/jcho5/VASP/vasp_slab/Ir111/beef_vdw,/pscratch/sd/j/jcho5/VASP/vasp_mol/CH3OCH3/beef_vdw,95bc6f62d5206bcaae5a8efa8823e4231f48aea3b128fa3c961150762744351f,0b91214a900100390394f252dd15ef3cac38cdb11cbb0d3dd58c5fa79e28b9e7,086d10efc7f719c873def716799e78f3d0ddf3330b2d8d4c13d6972f445248a2,"Converged components; matching PAW TITEL identities, functional, composition, full slab cell and stored core settings. Archived Kestrel provenance retained. No energy scaling or offsets.",Perlmutter first,false,-0.587,1,-0.58705258,selected candidate applied
Ir111,H2O,pbe,relaxed,ok,-0.31092288,-552.84064095,-538.3119429,-14.21777517,perlmutter,perlmutter,perlmutter,/pscratch/sd/j/jcho5/VASP/dft_jobs/H2O_Ir111/PBE,/pscratch/sd/j/jcho5/VASP/vasp_slab/Ir111/PBE,/pscratch/sd/j/jcho5/VASP/vasp_mol/H2O/PBE,7b69a1025a2ffcae465030ce026bed48c3432b929f6a2d4e9ab86ed9b4591b50,b4297d4d5b16d12bed23df692eea8cbd50f07e6a53a5548ee43dc2f6132af120,dbc93cb2dc9c33d9e78e8d67411ddad5af844a63665a1023d719bbb6cea7ab32,"Converged components; matching PAW TITEL identities, functional, composition, full slab cell and stored core settings. Archived Kestrel provenance retained. No energy scaling or offsets.",Perlmutter first,false,-0.311,1,-0.31092288,selected candidate applied
Ir111,H2O,pbe,SPE,ok,-0.25754896,-552.78726703,-538.3119429,-14.21777517,perlmutter,perlmutter,perlmutter,/pscratch/sd/j/jcho5/VASP/dft_jobs/H2O_Ir111/singlepoint/PBE,/pscratch/sd/j/jcho5/VASP/vasp_slab/Ir111/PBE,/pscratch/sd/j/jcho5/VASP/vasp_mol/H2O/PBE,682373ab05a3409e8d9c29bd67b3d10df065561a6c463ed896a086065e938639,b4297d4d5b16d12bed23df692eea8cbd50f07e6a53a5548ee43dc2f6132af120,dbc93cb2dc9c33d9e78e8d67411ddad5af844a63665a1023d719bbb6cea7ab32,"Converged components; matching PAW TITEL identities, functional, composition, full slab cell and stored core settings. Archived Kestrel provenance retained. No energy scaling or offsets.",Perlmutter first,false,,1,-0.25754896,selected candidate applied
Ir111,H2O,pbe_d3,relaxed,ok,-0.55569572,-585.55662745,-570.78304395,-14.21788778,perlmutter,perlmutter,perlmutter,/pscratch/sd/j/jcho5/VASP/dft_jobs/H2O_Ir111/PBE_D3,/pscratch/sd/j/jcho5/VASP/vasp_slab/Ir111/PBE_D3,/pscratch/sd/j/jcho5/VASP/vasp_mol/H2O/PBE_D3,82c54a69a7b691e9624d872ee80b9e9a690a81df2b3d8267de3ce528212228e9,d02f65b2296376191bbe0aea58e346d5f75f8ae7d66633ad88b313309c6edcad,262c9c4edc75d1e8273e9ddecaa2811518bff7b48e9850e565c0e5f7753cd53d,"Converged components; matching PAW TITEL identities, functional, composition, full slab cell and stored core settings. Archived Kestrel provenance retained. No energy scaling or offsets.",Perlmutter first,false,-0.556,1,-0.55569572,selected candidate applied
Ir111,H2O,pbe_d3,SPE,ok,-0.29557049,-585.29650222,-570.78304395,-14.21788778,perlmutter,perlmutter,perlmutter,/pscratch/sd/j/jcho5/VASP/dft_jobs/H2O_Ir111/singlepoint/PBE_D3,/pscratch/sd/j/jcho5/VASP/vasp_slab/Ir111/PBE_D3,/pscratch/sd/j/jcho5/VASP/vasp_mol/H2O/PBE_D3,d9dc16ad0ea78a9650438704dbeb172a110570ecdc0061557f1b823919169abf,d02f65b2296376191bbe0aea58e346d5f75f8ae7d66633ad88b313309c6edcad,262c9c4edc75d1e8273e9ddecaa2811518bff7b48e9850e565c0e5f7753cd53d,"Converged components; matching PAW TITEL identities, functional, composition, full slab cell and stored core settings. Archived Kestrel provenance retained. No energy scaling or offsets.",Perlmutter first,false,,1,-0.29557049,selected candidate applied
Ir111,H2O,r2scan,relaxed,ok,-0.48810470,-3336.50366619,-3320.68314209,-15.3324194,perlmutter,perlmutter,perlmutter,/pscratch/sd/j/jcho5/VASP/dft_jobs/H2O_Ir111/r2scan,/pscratch/sd/j/jcho5/VASP/vasp_slab/Ir111/r2scan,/pscratch/sd/j/jcho5/VASP/vasp_mol/H2O/r2scan,41b270ea4b79eed59b55d9bcb48af112d9ea949aedc9b11def39e29798e25e22,3c5e1cee675f57fc108035c165be1d51b4f4e7bff30e82c263269a7b055907aa,487e4574db3c6258155878738b58c6b217ab5e73271188fd8d16cf306738b9ea,"Converged components; matching PAW TITEL identities, functional, composition, full slab cell and stored core settings. Archived Kestrel provenance retained. No energy scaling or offsets.",Perlmutter first,false,-0.488,1,-0.48810470,selected candidate applied
Ir111,H2O,r2scan,SPE,ok,-0.25349886,-3336.26906035,-3320.68314209,-15.3324194,perlmutter,perlmutter,perlmutter,/pscratch/sd/j/jcho5/VASP/dft_jobs/H2O_Ir111/singlepoint/r2scan,/pscratch/sd/j/jcho5/VASP/vasp_slab/Ir111/r2scan,/pscratch/sd/j/jcho5/VASP/vasp_mol/H2O/r2scan,a569d9c8e851069e5c94f4db7adc7dad1499d477ac7f7ae3c0cbe50ec430d141,3c5e1cee675f57fc108035c165be1d51b4f4e7bff30e82c263269a7b055907aa,487e4574db3c6258155878738b58c6b217ab5e73271188fd8d16cf306738b9ea,"Converged components; matching PAW TITEL identities, functional, composition, full slab cell and stored core settings. Archived Kestrel provenance retained. No energy scaling or offsets.",Perlmutter first,false,,1,-0.25349886,selected candidate applied
Ir111,H2O,beef_vdw,relaxed,ok,-0.42083267,-352.4111194,-339.48696992,-12.50331681,perlmutter,perlmutter,perlmutter,/pscratch/sd/j/jcho5/VASP/dft_jobs/H2O_Ir111/beef_vdw,/pscratch/sd/j/jcho5/VASP/vasp_slab/Ir111/beef_vdw,/pscratch/sd/j/jcho5/VASP/vasp_mol/H2O/beef_vdw,ab3c6fa3faca511ac12da1a571252cfac6bee6e087e50c7df0cb606d136b7842,0b91214a900100390394f252dd15ef3cac38cdb11cbb0d3dd58c5fa79e28b9e7,689e45a06d4ccea94754e756b8c22988cea5c0e0e6d5f8a7a54a4aad4d83b021,"Converged components; matching PAW TITEL identities, functional, composition, full slab cell and stored core settings. Archived Kestrel provenance retained. No energy scaling or offsets.",Perlmutter first,false,-0.421,1,-0.42083267,selected candidate applied
Ir111,H2O,beef_vdw,SPE,ok,-0.35655901,-352.34684574,-339.48696992,-12.50331681,perlmutter,perlmutter,perlmutter,/pscratch/sd/j/jcho5/VASP/dft_jobs/H2O_Ir111/singlepoint/beef_vdw,/pscratch/sd/j/jcho5/VASP/vasp_slab/Ir111/beef_vdw,/pscratch/sd/j/jcho5/VASP/vasp_mol/H2O/beef_vdw,0d8dc929a80622299c322788e2e82bd4177dd2d3f7f7585a9605992a28c2da58,0b91214a900100390394f252dd15ef3cac38cdb11cbb0d3dd58c5fa79e28b9e7,689e45a06d4ccea94754e756b8c22988cea5c0e0e6d5f8a7a54a4aad4d83b021,"Converged components; matching PAW TITEL identities, functional, composition, full slab cell and stored core settings. Archived Kestrel provenance retained. No energy scaling or offsets.",Perlmutter first,false,,1,-0.35655901,selected candidate applied
Ir111,H2S,pbe,relaxed,ok,-0.74213004,-550.25316763,-538.3119429,-11.19909469,perlmutter,perlmutter,perlmutter,/pscratch/sd/j/jcho5/VASP/dft_jobs/H2S_Ir111/PBE,/pscratch/sd/j/jcho5/VASP/vasp_slab/Ir111/PBE,/pscratch/sd/j/jcho5/VASP/vasp_mol/H2S/PBE,dedf5d8c4f3bf350f518761cebef499d265c5b3881ce227572642ba333e63638,b4297d4d5b16d12bed23df692eea8cbd50f07e6a53a5548ee43dc2f6132af120,1a92bedbec2079b5bccf2895e7f9410fb27146466a381d2e646a140cf02b9356,"Converged components; matching PAW TITEL identities, functional, composition, full slab cell and stored core settings. Archived Kestrel provenance retained. No energy scaling or offsets.",Perlmutter first,false,-0.742,1,-0.74213004,selected candidate applied
Ir111,H2S,pbe,SPE,ok,-0.67359452,-550.18463211,-538.3119429,-11.19909469,perlmutter,perlmutter,perlmutter,/pscratch/sd/j/jcho5/VASP/dft_jobs/H2S_Ir111/singlepoint/PBE,/pscratch/sd/j/jcho5/VASP/vasp_slab/Ir111/PBE,/pscratch/sd/j/jcho5/VASP/vasp_mol/H2S/PBE,6ec51c5dc8c7ac3f9d19b8f76bc6c156a9380be860b9fde17245a12b0c01c444,b4297d4d5b16d12bed23df692eea8cbd50f07e6a53a5548ee43dc2f6132af120,1a92bedbec2079b5bccf2895e7f9410fb27146466a381d2e646a140cf02b9356,"Converged components; matching PAW TITEL identities, functional, composition, full slab cell and stored core settings. Archived Kestrel provenance retained. No energy scaling or offsets.",Perlmutter first,false,,1,-0.67359452,selected candidate applied
Ir111,H2S,pbe_d3,relaxed,ok,-1.17228038,-583.15509084,-570.78304395,-11.19976651,perlmutter,perlmutter,perlmutter,/pscratch/sd/j/jcho5/VASP/dft_jobs/H2S_Ir111/PBE_D3,/pscratch/sd/j/jcho5/VASP/vasp_slab/Ir111/PBE_D3,/pscratch/sd/j/jcho5/VASP/vasp_mol/H2S/PBE_D3,e2b1b0a586dbe9ae90e368ed71ba9b561f256220dfffb16df7cc8bb5750d7576,d02f65b2296376191bbe0aea58e346d5f75f8ae7d66633ad88b313309c6edcad,c6b9f0976f0182a20da8d55d89e0540f22dd45606b1c658db8ccc9505c1f53c1,"Converged components; matching PAW TITEL identities, functional, composition, full slab cell and stored core settings. Archived Kestrel provenance retained. No energy scaling or offsets.",Perlmutter first,false,-1.172,1,-1.17228038,selected candidate applied
Ir111,H2S,pbe_d3,SPE,ok,-0.90489088,-582.88770134,-570.78304395,-11.19976651,perlmutter,perlmutter,perlmutter,/pscratch/sd/j/jcho5/VASP/dft_jobs/H2S_Ir111/singlepoint/PBE_D3,/pscratch/sd/j/jcho5/VASP/vasp_slab/Ir111/PBE_D3,/pscratch/sd/j/jcho5/VASP/vasp_mol/H2S/PBE_D3,17bdaa79c2f2ee03b83f8c6035a721ca4b6d6f5aee041d250dd222b116a301c8,d02f65b2296376191bbe0aea58e346d5f75f8ae7d66633ad88b313309c6edcad,c6b9f0976f0182a20da8d55d89e0540f22dd45606b1c658db8ccc9505c1f53c1,"Converged components; matching PAW TITEL identities, functional, composition, full slab cell and stored core settings. Archived Kestrel provenance retained. No energy scaling or offsets.",Perlmutter first,false,,1,-0.90489088,selected candidate applied
Ir111,H2S,r2scan,relaxed,ok,-0.93252841,-3336.8418216,-3320.68314209,-15.2261511,perlmutter,perlmutter,perlmutter,/pscratch/sd/j/jcho5/VASP/dft_jobs/H2S_Ir111/r2scan,/pscratch/sd/j/jcho5/VASP/vasp_slab/Ir111/r2scan,/pscratch/sd/j/jcho5/VASP/vasp_mol/H2S/r2scan,67d9599f11be2e4db8249f68d87c78ed4063d1534ea35889dca11a6d38fda399,3c5e1cee675f57fc108035c165be1d51b4f4e7bff30e82c263269a7b055907aa,cd2885646e5a2e675234a4818d03579bf9fb9da3ff8e18b7d850d1c914ebb9e5,"Converged components; matching PAW TITEL identities, functional, composition, full slab cell and stored core settings. Archived Kestrel provenance retained. No energy scaling or offsets.",Perlmutter first,false,-0.933,1,-0.93252841,selected candidate applied
Ir111,H2S,r2scan,SPE,ok,-0.68506087,-3336.59435406,-3320.68314209,-15.2261511,perlmutter,perlmutter,perlmutter,/pscratch/sd/j/jcho5/VASP/dft_jobs/H2S_Ir111/singlepoint/r2scan,/pscratch/sd/j/jcho5/VASP/vasp_slab/Ir111/r2scan,/pscratch/sd/j/jcho5/VASP/vasp_mol/H2S/r2scan,6dda583cdb1e37bd8c38eda1019ab1aa673c411aa0b74d8ec109d813efe6554d,3c5e1cee675f57fc108035c165be1d51b4f4e7bff30e82c263269a7b055907aa,cd2885646e5a2e675234a4818d03579bf9fb9da3ff8e18b7d850d1c914ebb9e5,"Converged components; matching PAW TITEL identities, functional, composition, full slab cell and stored core settings. Archived Kestrel provenance retained. No energy scaling or offsets.",Perlmutter first,false,,1,-0.68506087,selected candidate applied
Ir111,H2S,beef_vdw,relaxed,ok,-0.89827549,-349.99942166,-339.48696992,-9.61417625,perlmutter,perlmutter,perlmutter,/pscratch/sd/j/jcho5/VASP/dft_jobs/H2S_Ir111/beef_vdw,/pscratch/sd/j/jcho5/VASP/vasp_slab/Ir111/beef_vdw,/pscratch/sd/j/jcho5/VASP/vasp_mol/H2S/beef_vdw,7114b06c1a1d774cd25ac7f2e56bda4ecc4b7f59b52b813ce2955fb1d653b0b3,0b91214a900100390394f252dd15ef3cac38cdb11cbb0d3dd58c5fa79e28b9e7,98d678433025cb0030b4997be58e36abb1c9bcfbdbd54865bdaab7162987e9be,"Converged components; matching PAW TITEL identities, functional, composition, full slab cell and stored core settings. Archived Kestrel provenance retained. No energy scaling or offsets.",Perlmutter first,false,-0.898,1,-0.89827549,selected candidate applied
Ir111,H2S,beef_vdw,SPE,ok,-0.84153663,-349.9426828,-339.48696992,-9.61417625,perlmutter,perlmutter,perlmutter,/pscratch/sd/j/jcho5/VASP/dft_jobs/H2S_Ir111/singlepoint/beef_vdw,/pscratch/sd/j/jcho5/VASP/vasp_slab/Ir111/beef_vdw,/pscratch/sd/j/jcho5/VASP/vasp_mol/H2S/beef_vdw,b3d447290d6cc43a97bece95e7be20879775e2d9369e2cc958b2fdeff664eb37,0b91214a900100390394f252dd15ef3cac38cdb11cbb0d3dd58c5fa79e28b9e7,98d678433025cb0030b4997be58e36abb1c9bcfbdbd54865bdaab7162987e9be,"Converged components; matching PAW TITEL identities, functional, composition, full slab cell and stored core settings. Archived Kestrel provenance retained. No energy scaling or offsets.",Perlmutter first,false,,1,-0.84153663,selected candidate applied
Ir111,N2,pbe,relaxed,ok,-0.39288739,-555.3328552,-538.3119429,-16.62802491,perlmutter,perlmutter,perlmutter,/pscratch/sd/j/jcho5/VASP/dft_jobs/N2_Ir111/PBE,/pscratch/sd/j/jcho5/VASP/vasp_slab/Ir111/PBE,/pscratch/sd/j/jcho5/VASP/vasp_mol/N2/PBE,f88dfe3613c0a56b5aaf9c3a4eb42ba95efabcf3794b7397310a66ec4cec43ed,b4297d4d5b16d12bed23df692eea8cbd50f07e6a53a5548ee43dc2f6132af120,d88c05e269ebedefc829ee51245381d8e9c4347ae29e1f29f7c2429f141c6649,"Converged components; matching PAW TITEL identities, functional, composition, full slab cell and stored core settings. Archived Kestrel provenance retained. No energy scaling or offsets.",Perlmutter first,false,-0.393,1,-0.39288739,selected candidate applied
Ir111,N2,pbe,SPE,,,,,,,,,,,,,,,,No complete matched component set,false,,0,,missing
Ir111,N2,pbe_d3,relaxed,ok,-0.67460683,-588.08568428,-570.78304395,-16.6280335,perlmutter,perlmutter,perlmutter,/pscratch/sd/j/jcho5/VASP/dft_jobs/N2_Ir111/PBE_D3,/pscratch/sd/j/jcho5/VASP/vasp_slab/Ir111/PBE_D3,/pscratch/sd/j/jcho5/VASP/vasp_mol/N2/PBE_D3,6472feacf6647005ec602c79b6899f6fd610cb93cf60e98d6330527d84e7aa8f,d02f65b2296376191bbe0aea58e346d5f75f8ae7d66633ad88b313309c6edcad,134aa30894843fb850c2e4f166e7e4b2abf6c5fa55bd8b86446136d10ff5996c,"Converged components; matching PAW TITEL identities, functional, composition, full slab cell and stored core settings. Archived Kestrel provenance retained. No energy scaling or offsets.",Perlmutter first,false,-0.675,1,-0.67460683,selected candidate applied
Ir111,N2,pbe_d3,SPE,,,,,,,,,,,,,,,,No complete matched component set,false,,0,,missing
Ir111,N2,r2scan,relaxed,,,,,,,,,,,,,,,,No complete matched component set,false,,0,,missing
Ir111,N2,r2scan,SPE,,,,,,,,,,,,,,,,No complete matched component set,false,,0,,missing
Ir111,N2,beef_vdw,relaxed,ok,-0.43191224,-353.48220961,-339.48696992,-13.56332745,perlmutter,perlmutter,perlmutter,/pscratch/sd/j/jcho5/VASP/dft_jobs/N2_Ir111/beef_vdw,/pscratch/sd/j/jcho5/VASP/vasp_slab/Ir111/beef_vdw,/pscratch/sd/j/jcho5/VASP/vasp_mol/N2/beef_vdw,dd9d4897c75fac87ce6d7cda8331288182f365d5adeb9a433cb66d6c67250d44,0b91214a900100390394f252dd15ef3cac38cdb11cbb0d3dd58c5fa79e28b9e7,c086dfba7988ca265f900e304852fba2928e031933156f88c5fe4c6c6e000fe5,"Converged components; matching PAW TITEL identities, functional, composition, full slab cell and stored core settings. Archived Kestrel provenance retained. No energy scaling or offsets.",Perlmutter first,false,-0.432,1,-0.43191224,selected candidate applied
Ir111,N2,beef_vdw,SPE,,,,,,,,,,,,,,,,No complete matched component set,false,,0,,missing
Ir111,NH3,pbe,relaxed,ok,-0.98856001,-558.83570391,-538.3119429,-19.535201,perlmutter,perlmutter,perlmutter,/pscratch/sd/j/jcho5/VASP/dft_jobs/NH3_Ir111/PBE,/pscratch/sd/j/jcho5/VASP/vasp_slab/Ir111/PBE,/pscratch/sd/j/jcho5/VASP/vasp_mol/NH3/PBE,f771079e33a96cf4e05dcbf40c25b7e1b94a169d4d780be2f72d5f39b537643c,b4297d4d5b16d12bed23df692eea8cbd50f07e6a53a5548ee43dc2f6132af120,213763fedd7093b2229835703201a9709064f59272bde3e2c23f0851e910d0c8,"Converged components; matching PAW TITEL identities, functional, composition, full slab cell and stored core settings. Archived Kestrel provenance retained. No energy scaling or offsets.",Perlmutter first,false,-0.989,1,-0.98856001,selected candidate applied
Ir111,NH3,pbe,SPE,,,,,,,,,,,,,,,,No complete matched component set,false,,0,,missing
Ir111,NH3,pbe_d3,relaxed,ok,-1.31847765,-591.63722475,-570.78304395,-19.53570315,perlmutter,perlmutter,perlmutter,/pscratch/sd/j/jcho5/VASP/dft_jobs/NH3_Ir111/PBE_D3,/pscratch/sd/j/jcho5/VASP/vasp_slab/Ir111/PBE_D3,/pscratch/sd/j/jcho5/VASP/vasp_mol/NH3/PBE_D3,9900a891859c75fa409009e50eda6db7b541ea8373066911fe16055a200fe960,d02f65b2296376191bbe0aea58e346d5f75f8ae7d66633ad88b313309c6edcad,3b4c14c5df46ed5846693a0c3e2e8c88450f34e4d9235a19514e2695d345e1f4,"Converged components; matching PAW TITEL identities, functional, composition, full slab cell and stored core settings. Archived Kestrel provenance retained. No energy scaling or offsets.",Perlmutter first,false,-1.318,1,-1.31847765,selected candidate applied
Ir111,NH3,pbe_d3,SPE,,,,,,,,,,,,,,,,No complete matched component set,false,,0,,missing
Ir111,NH3,r2scan,relaxed,ok,-1.17786300,-3342.37935243,-3320.68314209,-20.51834734,perlmutter,perlmutter,perlmutter,/pscratch/sd/j/jcho5/VASP/dft_jobs/NH3_Ir111/r2scan,/pscratch/sd/j/jcho5/VASP/vasp_slab/Ir111/r2scan,/pscratch/sd/j/jcho5/VASP/vasp_mol/NH3/r2scan,bd604c0530259b64959ee3b869fd61dc833399db92766960f98d85e0f32c0e0f,3c5e1cee675f57fc108035c165be1d51b4f4e7bff30e82c263269a7b055907aa,60900b18885f1b4cf6d3000c25f30a04a5d95dd59f4d35873e020f5d8ef8bad0,"Converged components; matching PAW TITEL identities, functional, composition, full slab cell and stored core settings. Archived Kestrel provenance retained. No energy scaling or offsets.",Perlmutter first,false,-1.178,1,-1.17786300,selected candidate applied
Ir111,NH3,r2scan,SPE,,,,,,,,,,,,,,,,No complete matched component set,false,,0,,missing
Ir111,NH3,beef_vdw,relaxed,ok,-1.07803852,-358.70248586,-339.48696992,-18.13747742,perlmutter,perlmutter,perlmutter,/pscratch/sd/j/jcho5/VASP/dft_jobs/NH3_Ir111/beef_vdw,/pscratch/sd/j/jcho5/VASP/vasp_slab/Ir111/beef_vdw,/pscratch/sd/j/jcho5/VASP/vasp_mol/NH3/beef_vdw,94cdd20fb367997f5a50bf8236c2c0e52dd7bbb68ee3827006e7c310b6498dff,0b91214a900100390394f252dd15ef3cac38cdb11cbb0d3dd58c5fa79e28b9e7,83b9f39efc589d6bbb595d5393aa35690daacba8a24b4e2569a8033a767a7f33,"Converged components; matching PAW TITEL identities, functional, composition, full slab cell and stored core settings. Archived Kestrel provenance retained. No energy scaling or offsets.",Perlmutter first,false,-1.078,1,-1.07803852,selected candidate applied
Ir111,NH3,beef_vdw,SPE,,,,,,,,,,,,,,,,No complete matched component set,false,,0,,missing
Ir111,NO,pbe,relaxed,ok,-2.25263331,-552.51075006,-538.3119429,-11.94617385,perlmutter,perlmutter,perlmutter,/pscratch/sd/j/jcho5/VASP/dft_jobs/NO_Ir111/PBE,/pscratch/sd/j/jcho5/VASP/vasp_slab/Ir111/PBE,/pscratch/sd/j/jcho5/VASP/vasp_mol/NO/PBE,5eb1522e4b43fb87844de512cc7e2bb6ea869fef3e1787c46d7813389815ac9f,b4297d4d5b16d12bed23df692eea8cbd50f07e6a53a5548ee43dc2f6132af120,b18f258996f2970d8a05447d8ad26f71aae317e508c85d077da55269f2013fbf,"Converged components; matching PAW TITEL identities, functional, composition, full slab cell and stored core settings. Archived Kestrel provenance retained. No energy scaling or offsets.",Perlmutter first,false,-2.253,1,-2.25263331,selected candidate applied
Ir111,NO,pbe,SPE,,,,,,,,,,,,,,,,No complete matched component set,false,,0,,missing
Ir111,NO,pbe_d3,relaxed,ok,-2.50791685,-585.23715014,-570.78304395,-11.94618934,perlmutter,perlmutter,perlmutter,/pscratch/sd/j/jcho5/VASP/dft_jobs/NO_Ir111/PBE_D3,/pscratch/sd/j/jcho5/VASP/vasp_slab/Ir111/PBE_D3,/pscratch/sd/j/jcho5/VASP/vasp_mol/NO/PBE_D3,f3d5dd5188eed062e0c10501aa25fdc194f14777215599dd60f6e548725eb73a,d02f65b2296376191bbe0aea58e346d5f75f8ae7d66633ad88b313309c6edcad,47007eafae25da64dade4010ec0ae0da4e46cb38cf55b3f1c367a96bfa0ba391,"Converged components; matching PAW TITEL identities, functional, composition, full slab cell and stored core settings. Archived Kestrel provenance retained. No energy scaling or offsets.",Perlmutter first,false,-2.508,1,-2.50791685,selected candidate applied
Ir111,NO,pbe_d3,SPE,,,,,,,,,,,,,,,,No complete matched component set,false,,0,,missing
Ir111,NO,r2scan,relaxed,,,,,,,,,,,,,,,,No complete matched component set,false,,0,,missing
Ir111,NO,r2scan,SPE,,,,,,,,,,,,,,,,No complete matched component set,false,,0,,missing
Ir111,NO,beef_vdw,relaxed,energy_review,-8.85830660,-350.31206934,-339.48696992,-1.96679282,perlmutter,perlmutter,perlmutter,/pscratch/sd/j/jcho5/VASP/dft_jobs/NO_Ir111/beef_vdw,/pscratch/sd/j/jcho5/VASP/vasp_slab/Ir111/beef_vdw,/pscratch/sd/j/jcho5/VASP/vasp_mol/NO/beef_vdw,259c43cca6f9b12a1fdf5173964430017fa86b37b06a6b80911d94fb8ac3e079,0b91214a900100390394f252dd15ef3cac38cdb11cbb0d3dd58c5fa79e28b9e7,81e7e45f68d53c65e51e87c8a6d93c76eb56be4bb7b97b97fe979d99cf578be8,"Converged components; matching PAW TITEL identities, functional, composition, full slab cell and stored core settings. Archived Kestrel provenance retained. No energy scaling or offsets.",Perlmutter energy review retained; no unflagged Kestrel alternative,false,-8.858,1,-8.85830660,selected candidate applied
Ir111,NO,beef_vdw,SPE,,,,,,,,,,,,,,,,No complete matched component set,false,,0,,missing
Ir111,SO2,pbe,relaxed,ok,-1.06065107,-556.41404192,-538.3119429,-17.04144795,perlmutter,perlmutter,perlmutter,/pscratch/sd/j/jcho5/VASP/dft_jobs/SO2_Ir111/PBE,/pscratch/sd/j/jcho5/VASP/vasp_slab/Ir111/PBE,/pscratch/sd/j/jcho5/VASP/vasp_mol/SO2/PBE,39dd3908f8260be97d99d0852ced3d6c361b7965bc52d41718c9db10536c4e91,b4297d4d5b16d12bed23df692eea8cbd50f07e6a53a5548ee43dc2f6132af120,f8b6731a28978b0d5c707e15d084de7e3cb6f8aa9b1e2837e7498045835ee19f,"Converged components; matching PAW TITEL identities, functional, composition, full slab cell and stored core settings. Archived Kestrel provenance retained. No energy scaling or offsets.",Perlmutter first,false,-1.061,1,-1.06065107,selected candidate applied
Ir111,SO2,pbe,SPE,,,,,,,,,,,,,,,,No complete matched component set,false,,0,,missing
Ir111,SO2,pbe_d3,relaxed,ok,-1.60067860,-589.42881419,-570.78304395,-17.04509164,perlmutter,perlmutter,perlmutter,/pscratch/sd/j/jcho5/VASP/dft_jobs/SO2_Ir111/PBE_D3,/pscratch/sd/j/jcho5/VASP/vasp_slab/Ir111/PBE_D3,/pscratch/sd/j/jcho5/VASP/vasp_mol/SO2/PBE_D3,07285226a97aecd81984d0a0410214db998d396677de3b514bcc265e933925da,d02f65b2296376191bbe0aea58e346d5f75f8ae7d66633ad88b313309c6edcad,708a3da909e80e94efe37121eb986f5f34eab821d5ddaa945b274efe529cd9e7,"Converged components; matching PAW TITEL identities, functional, composition, full slab cell and stored core settings. Archived Kestrel provenance retained. No energy scaling or offsets.",Perlmutter first,false,-1.601,1,-1.60067860,selected candidate applied
Ir111,SO2,pbe_d3,SPE,,,,,,,,,,,,,,,,No complete matched component set,false,,0,,missing
Ir111,SO2,r2scan,relaxed,ok,-1.51066684,-3345.0543779,-3320.68314209,-22.86056897,perlmutter,perlmutter,perlmutter,/pscratch/sd/j/jcho5/VASP/dft_jobs/SO2_Ir111/r2scan,/pscratch/sd/j/jcho5/VASP/vasp_slab/Ir111/r2scan,/pscratch/sd/j/jcho5/VASP/vasp_mol/SO2/r2scan,ae63b20702cf1432063ce95fea3c5f33f64453c71a2931539819261106fe0174,3c5e1cee675f57fc108035c165be1d51b4f4e7bff30e82c263269a7b055907aa,a886a74a9fe799e3e9d2b9631b0bcad8fdcb5478e834653b81ca7dc66d1d48b0,"Converged components; matching PAW TITEL identities, functional, composition, full slab cell and stored core settings. Archived Kestrel provenance retained. No energy scaling or offsets.",Perlmutter first,false,-1.511,1,-1.51066684,selected candidate applied
Ir111,SO2,r2scan,SPE,,,,,,,,,,,,,,,,No complete matched component set,false,,0,,missing
Ir111,SO2,beef_vdw,relaxed,ok,-1.26607808,-352.42390806,-339.48696992,-11.67086006,perlmutter,perlmutter,perlmutter,/pscratch/sd/j/jcho5/VASP/dft_jobs/SO2_Ir111/beef_vdw,/pscratch/sd/j/jcho5/VASP/vasp_slab/Ir111/beef_vdw,/pscratch/sd/j/jcho5/VASP/vasp_mol/SO2/beef_vdw,37163089e68841da20a5285297f0d218e138da66d59fcac74e283a20453e21d2,0b91214a900100390394f252dd15ef3cac38cdb11cbb0d3dd58c5fa79e28b9e7,d8725568611451b0b5ae0afcdab5518e0168ae5f982a6b8d4853be02edcc6c1b,"Converged components; matching PAW TITEL identities, functional, composition, full slab cell and stored core settings. Archived Kestrel provenance retained. No energy scaling or offsets.",Perlmutter first,false,-1.266,1,-1.26607808,selected candidate applied
Ir111,SO2,beef_vdw,SPE,,,,,,,,,,,,,,,,No complete matched component set,false,,0,,missing
Ir111,acetaldehyde,pbe,relaxed,ok,-0.35389255,-577.77525132,-538.3119429,-39.10941587,perlmutter,perlmutter,perlmutter,/pscratch/sd/j/jcho5/VASP/dft_jobs/CH3CHO_Ir111/PBE,/pscratch/sd/j/jcho5/VASP/vasp_slab/Ir111/PBE,/pscratch/sd/j/jcho5/VASP/vasp_mol/CH3CHO/PBE,aaed4ea84674c9cca996c32928b0fa43da4ff6e33bc982b3deda2388c4907c78,b4297d4d5b16d12bed23df692eea8cbd50f07e6a53a5548ee43dc2f6132af120,59324ce5b1c78bd0f07cc7393e4097a7ddb2e6b5cb3bc03ceb0d40fea5d9376c,"Converged components; matching PAW TITEL identities, functional, composition, full slab cell and stored core settings. Archived Kestrel provenance retained. No energy scaling or offsets.",Perlmutter first,false,-0.354,1,-0.35389255,selected candidate applied
Ir111,acetaldehyde,pbe,SPE,ok,-0.30770385,-577.72906262,-538.3119429,-39.10941587,perlmutter,perlmutter,perlmutter,/pscratch/sd/j/jcho5/VASP/dft_jobs/CH3CHO_Ir111/singlepoint/PBE,/pscratch/sd/j/jcho5/VASP/vasp_slab/Ir111/PBE,/pscratch/sd/j/jcho5/VASP/vasp_mol/CH3CHO/PBE,782398054d83ae1bf965f51baf7a5e331b209d31a15b0b8b24705a47257c3ee3,b4297d4d5b16d12bed23df692eea8cbd50f07e6a53a5548ee43dc2f6132af120,59324ce5b1c78bd0f07cc7393e4097a7ddb2e6b5cb3bc03ceb0d40fea5d9376c,"Converged components; matching PAW TITEL identities, functional, composition, full slab cell and stored core settings. Archived Kestrel provenance retained. No energy scaling or offsets.",Perlmutter first,false,-0.308,1,-0.30770385,selected candidate applied
Ir111,acetaldehyde,pbe_d3,relaxed,ok,-0.72788137,-610.64919032,-570.78304395,-39.138265,perlmutter,perlmutter,perlmutter,/pscratch/sd/j/jcho5/VASP/dft_jobs/CH3CHO_Ir111/PBE_D3,/pscratch/sd/j/jcho5/VASP/vasp_slab/Ir111/PBE_D3,/pscratch/sd/j/jcho5/VASP/vasp_mol/CH3CHO/PBE_D3,0e45c2110f5ced1fd1513a1956be52bbe2897eff5a298d4708cf1fe24689bf50,d02f65b2296376191bbe0aea58e346d5f75f8ae7d66633ad88b313309c6edcad,9508bc4a88623be771845798fa7673829449ef81eabc238425f18df6ca452150,"Converged components; matching PAW TITEL identities, functional, composition, full slab cell and stored core settings. Archived Kestrel provenance retained. No energy scaling or offsets.",Perlmutter first,false,-0.728,1,-0.72788137,selected candidate applied
Ir111,acetaldehyde,pbe_d3,SPE,ok,-0.47766926,-610.39897821,-570.78304395,-39.138265,perlmutter,perlmutter,perlmutter,/pscratch/sd/j/jcho5/VASP/dft_jobs/CH3CHO_Ir111/singlepoint/PBE_D3,/pscratch/sd/j/jcho5/VASP/vasp_slab/Ir111/PBE_D3,/pscratch/sd/j/jcho5/VASP/vasp_mol/CH3CHO/PBE_D3,6d1804ad9f9a31a3ae09f7e540f59aca4f57bfd0594d4c086f34781faa3c5312,d02f65b2296376191bbe0aea58e346d5f75f8ae7d66633ad88b313309c6edcad,9508bc4a88623be771845798fa7673829449ef81eabc238425f18df6ca452150,"Converged components; matching PAW TITEL identities, functional, composition, full slab cell and stored core settings. Archived Kestrel provenance retained. No energy scaling or offsets.",Perlmutter first,false,-0.478,1,-0.47766926,selected candidate applied
Ir111,acetaldehyde,r2scan,relaxed,ok,-0.58317754,-3362.9411006,-3320.68314209,-41.67478097,perlmutter,perlmutter,perlmutter,/pscratch/sd/j/jcho5/VASP/dft_jobs/CH3CHO_Ir111/r2scan,/pscratch/sd/j/jcho5/VASP/vasp_slab/Ir111/r2scan,/pscratch/sd/j/jcho5/VASP/vasp_mol/CH3CHO/r2scan,a7e156a111ae6ef81020689220312886dd968c4a614cb4d3f874b9a8218b7ec2,3c5e1cee675f57fc108035c165be1d51b4f4e7bff30e82c263269a7b055907aa,9e8e33ff303fd3d2c22baeb037d7f562918b1cda998e084c31bdba46a18ca49c,"Converged components; matching PAW TITEL identities, functional, composition, full slab cell and stored core settings. Archived Kestrel provenance retained. No energy scaling or offsets.",Perlmutter first,false,-0.583,1,-0.58317754,selected candidate applied
Ir111,acetaldehyde,r2scan,SPE,ok,-0.35561052,-3362.71353358,-3320.68314209,-41.67478097,perlmutter,perlmutter,perlmutter,/pscratch/sd/j/jcho5/VASP/dft_jobs/CH3CHO_Ir111/singlepoint/r2scan,/pscratch/sd/j/jcho5/VASP/vasp_slab/Ir111/r2scan,/pscratch/sd/j/jcho5/VASP/vasp_mol/CH3CHO/r2scan,574c7c621bcd7a5485c18f1970bb3faec841b7838824ecd46c75d6c8e4deba76,3c5e1cee675f57fc108035c165be1d51b4f4e7bff30e82c263269a7b055907aa,9e8e33ff303fd3d2c22baeb037d7f562918b1cda998e084c31bdba46a18ca49c,"Converged components; matching PAW TITEL identities, functional, composition, full slab cell and stored core settings. Archived Kestrel provenance retained. No energy scaling or offsets.",Perlmutter first,false,-0.356,1,-0.35561052,selected candidate applied
Ir111,acetaldehyde,beef_vdw,relaxed,ok,-0.59318017,-374.95367684,-339.48696992,-34.87352675,perlmutter,perlmutter,perlmutter,/pscratch/sd/j/jcho5/VASP/dft_jobs/CH3CHO_Ir111/beef_vdw,/pscratch/sd/j/jcho5/VASP/vasp_slab/Ir111/beef_vdw,/pscratch/sd/j/jcho5/VASP/vasp_mol/CH3CHO/beef_vdw,8819f32014054770c87dc857fe2801f60d667083928acc788787a7d6b40ceabf,0b91214a900100390394f252dd15ef3cac38cdb11cbb0d3dd58c5fa79e28b9e7,18fde52d6d0618f9c9ae2ac7f12c1cc7f55ecb31e9eb3ffbebaee02deebfba39,"Converged components; matching PAW TITEL identities, functional, composition, full slab cell and stored core settings. Archived Kestrel provenance retained. No energy scaling or offsets.",Perlmutter first,false,-0.593,1,-0.59318017,selected candidate applied
Ir111,acetaldehyde,beef_vdw,SPE,ok,-0.55673326,-374.91722993,-339.48696992,-34.87352675,perlmutter,perlmutter,perlmutter,/pscratch/sd/j/jcho5/VASP/dft_jobs/CH3CHO_Ir111/singlepoint/beef_vdw,/pscratch/sd/j/jcho5/VASP/vasp_slab/Ir111/beef_vdw,/pscratch/sd/j/jcho5/VASP/vasp_mol/CH3CHO/beef_vdw,5a2807220d98e171d4887a430eeb1baa36307f95ca2f7fc4278604a1dddd9c0e,0b91214a900100390394f252dd15ef3cac38cdb11cbb0d3dd58c5fa79e28b9e7,18fde52d6d0618f9c9ae2ac7f12c1cc7f55ecb31e9eb3ffbebaee02deebfba39,"Converged components; matching PAW TITEL identities, functional, composition, full slab cell and stored core settings. Archived Kestrel provenance retained. No energy scaling or offsets.",Perlmutter first,false,-0.557,1,-0.55673326,selected candidate applied
Ir111,acetic_acid,pbe,relaxed,,,,,,,,,,,,,,,,No complete matched component set,false,,0,,missing
Ir111,acetic_acid,pbe,SPE,,,,,,,,,,,,,,,,No complete matched component set,false,,0,,missing
Ir111,acetic_acid,pbe_d3,relaxed,,,,,,,,,,,,,,,,No complete matched component set,false,,0,,missing
Ir111,acetic_acid,pbe_d3,SPE,,,,,,,,,,,,,,,,No complete matched component set,false,,0,,missing
Ir111,acetic_acid,r2scan,relaxed,,,,,,,,,,,,,,,,No complete matched component set,false,,0,,withheld: refs unverified
Ir111,acetic_acid,r2scan,SPE,ok,-0.40921434,-3371.44285977,-3320.68314209,-50.35050334,perlmutter,perlmutter,perlmutter,/pscratch/sd/j/jcho5/VASP/dft_jobs/CH3COOH_Ir111/singlepoint/r2scan,/pscratch/sd/j/jcho5/VASP/vasp_slab/Ir111/r2scan,/pscratch/sd/j/jcho5/VASP/vasp_mol/CH3COOH/r2scan,78ce516c892c98e7b00e33293b4bdb1c2d82bdce5d6fd1bd667f8da886f21453,3c5e1cee675f57fc108035c165be1d51b4f4e7bff30e82c263269a7b055907aa,d475a13ca871da9768bb9a0e09cb9118d5a37dbfceece8c0bd24025199c4ded4,"Converged components; matching PAW TITEL identities, functional, composition, full slab cell and stored core settings. Archived Kestrel provenance retained. No energy scaling or offsets.",Perlmutter first,false,-0.409,1,-0.40921434,selected candidate applied
Ir111,acetic_acid,beef_vdw,relaxed,ok,-0.66624977,-380.73155679,-339.48696992,-40.5783371,perlmutter,perlmutter,perlmutter,/pscratch/sd/j/jcho5/VASP/dft_jobs/CH3COOH_Ir111/beef_vdw,/pscratch/sd/j/jcho5/VASP/vasp_slab/Ir111/beef_vdw,/pscratch/sd/j/jcho5/VASP/vasp_mol/CH3COOH/beef_vdw,98e658beb55488a96a009ff6360ad33e8eafd4367df5681a04c6578aa61e547f,0b91214a900100390394f252dd15ef3cac38cdb11cbb0d3dd58c5fa79e28b9e7,89446743a460e64f10de8029cc01056b997364ee8c43805cbd3143f1cc6b3945,"Converged components; matching PAW TITEL identities, functional, composition, full slab cell and stored core settings. Archived Kestrel provenance retained. No energy scaling or offsets.",Perlmutter first,false,-0.666,1,-0.66624977,selected candidate applied
Ir111,acetic_acid,beef_vdw,SPE,ok,-0.59820043,-380.66350745,-339.48696992,-40.5783371,perlmutter,perlmutter,perlmutter,/pscratch/sd/j/jcho5/VASP/dft_jobs/CH3COOH_Ir111/singlepoint/beef_vdw,/pscratch/sd/j/jcho5/VASP/vasp_slab/Ir111/beef_vdw,/pscratch/sd/j/jcho5/VASP/vasp_mol/CH3COOH/beef_vdw,bb0e14d1f0e9f7c4671eeb23793c326a5eaef247a810e9518ed8fc1ec694de50,0b91214a900100390394f252dd15ef3cac38cdb11cbb0d3dd58c5fa79e28b9e7,89446743a460e64f10de8029cc01056b997364ee8c43805cbd3143f1cc6b3945,"Converged components; matching PAW TITEL identities, functional, composition, full slab cell and stored core settings. Archived Kestrel provenance retained. No energy scaling or offsets.",Perlmutter first,false,-0.598,1,-0.59820043,selected candidate applied
Ir111,ethane,pbe,relaxed,ok,-0.00471041,-578.8162701,-538.3119429,-40.49961679,perlmutter,perlmutter,perlmutter,/pscratch/sd/j/jcho5/VASP/dft_jobs/C2H6_Ir111/PBE,/pscratch/sd/j/jcho5/VASP/vasp_slab/Ir111/PBE,/pscratch/sd/j/jcho5/VASP/vasp_mol/C2H6/PBE,8a4df0d838dadb117d05325166cc35987f0be0b6fc36c98afa08b9a679e3399b,b4297d4d5b16d12bed23df692eea8cbd50f07e6a53a5548ee43dc2f6132af120,9005b8a31fb6402e31baf8d69fb8269febb7a534243f4cce1cce7364f312f903,"Converged components; matching PAW TITEL identities, functional, composition, full slab cell and stored core settings. Archived Kestrel provenance retained. No energy scaling or offsets.",Perlmutter first,false,-0.005,1,-0.00471041,selected candidate applied
Ir111,ethane,pbe,SPE,ok,0.10152203,-578.71003766,-538.3119429,-40.49961679,perlmutter,perlmutter,perlmutter,/pscratch/sd/j/jcho5/VASP/dft_jobs/C2H6_Ir111/singlepoint/PBE,/pscratch/sd/j/jcho5/VASP/vasp_slab/Ir111/PBE,/pscratch/sd/j/jcho5/VASP/vasp_mol/C2H6/PBE,ef886ccc7df788817889bd74818dbbe9c9ef7a4b89c6c137fd1aacb504ef03f2,b4297d4d5b16d12bed23df692eea8cbd50f07e6a53a5548ee43dc2f6132af120,9005b8a31fb6402e31baf8d69fb8269febb7a534243f4cce1cce7364f312f903,"Converged components; matching PAW TITEL identities, functional, composition, full slab cell and stored core settings. Archived Kestrel provenance retained. No energy scaling or offsets.",Perlmutter first,false,0.102,1,0.10152203,selected candidate applied
Ir111,ethane,pbe_d3,relaxed,ok,-0.34551450,-611.65463304,-570.78304395,-40.52607459,perlmutter,perlmutter,perlmutter,/pscratch/sd/j/jcho5/VASP/dft_jobs/C2H6_Ir111/PBE_D3,/pscratch/sd/j/jcho5/VASP/vasp_slab/Ir111/PBE_D3,/pscratch/sd/j/jcho5/VASP/vasp_mol/C2H6/PBE_D3,dbe9a2fd820a82c70c7d6695d4517404ccb3916bfa6aef4204d88984c8575e3d,d02f65b2296376191bbe0aea58e346d5f75f8ae7d66633ad88b313309c6edcad,4dbe588a035718c664c9d9594b2ef9e306a16e6d46b046b9f145a68e6069c612,"Converged components; matching PAW TITEL identities, functional, composition, full slab cell and stored core settings. Archived Kestrel provenance retained. No energy scaling or offsets.",Perlmutter first,false,-0.346,1,-0.34551450,selected candidate applied
Ir111,ethane,pbe_d3,SPE,ok,-0.09655536,-611.4056739,-570.78304395,-40.52607459,perlmutter,perlmutter,perlmutter,/pscratch/sd/j/jcho5/VASP/dft_jobs/C2H6_Ir111/singlepoint/PBE_D3,/pscratch/sd/j/jcho5/VASP/vasp_slab/Ir111/PBE_D3,/pscratch/sd/j/jcho5/VASP/vasp_mol/C2H6/PBE_D3,2628d688aa7afac1c3245fed5e72dd61940d2a453f32a511f293d9e4a36b4a04,d02f65b2296376191bbe0aea58e346d5f75f8ae7d66633ad88b313309c6edcad,4dbe588a035718c664c9d9594b2ef9e306a16e6d46b046b9f145a68e6069c612,"Converged components; matching PAW TITEL identities, functional, composition, full slab cell and stored core settings. Archived Kestrel provenance retained. No energy scaling or offsets.",Perlmutter first,false,-0.097,1,-0.09655536,selected candidate applied
Ir111,ethane,r2scan,relaxed,ok,-0.07282106,-3363.01165898,-3320.68314209,-42.25569583,perlmutter,perlmutter,perlmutter,/pscratch/sd/j/jcho5/VASP/dft_jobs/C2H6_Ir111/r2scan,/pscratch/sd/j/jcho5/VASP/vasp_slab/Ir111/r2scan,/pscratch/sd/j/jcho5/VASP/vasp_mol/C2H6/r2scan,8df3ad55e58bccfc2c79bac993500083b937b9a67e266b483dd5406b83d1f6a7,3c5e1cee675f57fc108035c165be1d51b4f4e7bff30e82c263269a7b055907aa,18603583877f2ac5eda9b6285e9ccfee374a72f144a00864122f974dcf4723ad,"Converged components; matching PAW TITEL identities, functional, composition, full slab cell and stored core settings. Archived Kestrel provenance retained. No energy scaling or offsets.",Perlmutter first,false,-0.073,1,-0.07282106,selected candidate applied
Ir111,ethane,r2scan,SPE,ok,0.15574542,-3362.7830925,-3320.68314209,-42.25569583,perlmutter,perlmutter,perlmutter,/pscratch/sd/j/jcho5/VASP/dft_jobs/C2H6_Ir111/singlepoint/r2scan,/pscratch/sd/j/jcho5/VASP/vasp_slab/Ir111/r2scan,/pscratch/sd/j/jcho5/VASP/vasp_mol/C2H6/r2scan,0210ab366ef09126eb003e0a7ce45a394fa0826c2d6f067228969c987c9f899a,3c5e1cee675f57fc108035c165be1d51b4f4e7bff30e82c263269a7b055907aa,18603583877f2ac5eda9b6285e9ccfee374a72f144a00864122f974dcf4723ad,"Converged components; matching PAW TITEL identities, functional, composition, full slab cell and stored core settings. Archived Kestrel provenance retained. No energy scaling or offsets.",Perlmutter first,false,0.156,1,0.15574542,selected candidate applied
Ir111,ethane,beef_vdw,relaxed,ok,-0.31402317,-378.03022373,-339.48696992,-38.22923064,perlmutter,perlmutter,perlmutter,/pscratch/sd/j/jcho5/VASP/dft_jobs/C2H6_Ir111/beef_vdw,/pscratch/sd/j/jcho5/VASP/vasp_slab/Ir111/beef_vdw,/pscratch/sd/j/jcho5/VASP/vasp_mol/C2H6/beef_vdw,6096254bbc77ba61069d2fe7c6aaca3de19c5f018ad4653a48a69139eddc1226,0b91214a900100390394f252dd15ef3cac38cdb11cbb0d3dd58c5fa79e28b9e7,75736fb87a7367bfab9b2ade386c63802812384fc6661f9ddd61d2e04d39ce91,"Converged components; matching PAW TITEL identities, functional, composition, full slab cell and stored core settings. Archived Kestrel provenance retained. No energy scaling or offsets.",Perlmutter first,false,-0.314,1,-0.31402317,selected candidate applied
Ir111,ethane,beef_vdw,SPE,ok,-0.25091594,-377.9671165,-339.48696992,-38.22923064,perlmutter,perlmutter,perlmutter,/pscratch/sd/j/jcho5/VASP/dft_jobs/C2H6_Ir111/singlepoint/beef_vdw,/pscratch/sd/j/jcho5/VASP/vasp_slab/Ir111/beef_vdw,/pscratch/sd/j/jcho5/VASP/vasp_mol/C2H6/beef_vdw,574cd17e469a1a5350649979195ea5ddbe65215013eb03cf1f9b802549ee3cc2,0b91214a900100390394f252dd15ef3cac38cdb11cbb0d3dd58c5fa79e28b9e7,75736fb87a7367bfab9b2ade386c63802812384fc6661f9ddd61d2e04d39ce91,"Converged components; matching PAW TITEL identities, functional, composition, full slab cell and stored core settings. Archived Kestrel provenance retained. No energy scaling or offsets.",Perlmutter first,false,-0.251,1,-0.25091594,selected candidate applied
Ir111,ethanol,pbe,relaxed,ok,-0.33450653,-585.52231184,-538.3119429,-46.87586241,perlmutter,perlmutter,perlmutter,/pscratch/sd/j/jcho5/VASP/dft_jobs/CH3CH2OH_Ir111/PBE,/pscratch/sd/j/jcho5/VASP/vasp_slab/Ir111/PBE,/pscratch/sd/j/jcho5/VASP/vasp_mol/CH3CH2OH/PBE,d96211fa7e28c1e4e4e60e1a1ceb9ce00c15887a040eec4732cd4e7ea2b01aa2,b4297d4d5b16d12bed23df692eea8cbd50f07e6a53a5548ee43dc2f6132af120,db3eaaee45d9a4ffb73d63455f615c768711c64633503306587eba6360bcc997,"Converged components; matching PAW TITEL identities, functional, composition, full slab cell and stored core settings. Archived Kestrel provenance retained. No energy scaling or offsets.",Perlmutter first,false,-0.335,1,-0.33450653,selected candidate applied
Ir111,ethanol,pbe,SPE,ok,-0.27851533,-585.46632064,-538.3119429,-46.87586241,perlmutter,perlmutter,perlmutter,/pscratch/sd/j/jcho5/VASP/dft_jobs/CH3CH2OH_Ir111/singlepoint/PBE,/pscratch/sd/j/jcho5/VASP/vasp_slab/Ir111/PBE,/pscratch/sd/j/jcho5/VASP/vasp_mol/CH3CH2OH/PBE,2f695b33b965c3adf71fed42819fa1baf6a07aeb9787322f51613a820b4d9c79,b4297d4d5b16d12bed23df692eea8cbd50f07e6a53a5548ee43dc2f6132af120,db3eaaee45d9a4ffb73d63455f615c768711c64633503306587eba6360bcc997,"Converged components; matching PAW TITEL identities, functional, composition, full slab cell and stored core settings. Archived Kestrel provenance retained. No energy scaling or offsets.",Perlmutter first,false,-0.279,1,-0.27851533,selected candidate applied
Ir111,ethanol,pbe_d3,relaxed,ok,-0.86781408,-618.57382231,-570.78304395,-46.92296428,perlmutter,perlmutter,perlmutter,/pscratch/sd/j/jcho5/VASP/dft_jobs/CH3CH2OH_Ir111/PBE_D3,/pscratch/sd/j/jcho5/VASP/vasp_slab/Ir111/PBE_D3,/pscratch/sd/j/jcho5/VASP/vasp_mol/CH3CH2OH/PBE_D3,de17f3b1eca58928b7fb8dd19ce90a52cba6ceb10102a652672d3e927f35e9a6,d02f65b2296376191bbe0aea58e346d5f75f8ae7d66633ad88b313309c6edcad,917d270e3fa7febf16fef5bf22e1e30721b5162c5bcddd2aee95af69b5ce8c46,"Converged components; matching PAW TITEL identities, functional, composition, full slab cell and stored core settings. Archived Kestrel provenance retained. No energy scaling or offsets.",Perlmutter first,false,-0.868,1,-0.86781408,selected candidate applied
Ir111,ethanol,pbe_d3,SPE,ok,-0.61807213,-618.32408036,-570.78304395,-46.92296428,perlmutter,perlmutter,perlmutter,/pscratch/sd/j/jcho5/VASP/dft_jobs/CH3CH2OH_Ir111/singlepoint/PBE_D3,/pscratch/sd/j/jcho5/VASP/vasp_slab/Ir111/PBE_D3,/pscratch/sd/j/jcho5/VASP/vasp_mol/CH3CH2OH/PBE_D3,46d23a67556baca0b2c968603054744aed650b9996d7eb00dea8d88085036d84,d02f65b2296376191bbe0aea58e346d5f75f8ae7d66633ad88b313309c6edcad,917d270e3fa7febf16fef5bf22e1e30721b5162c5bcddd2aee95af69b5ce8c46,"Converged components; matching PAW TITEL identities, functional, composition, full slab cell and stored core settings. Archived Kestrel provenance retained. No energy scaling or offsets.",Perlmutter first,false,-0.618,1,-0.61807213,selected candidate applied
Ir111,ethanol,r2scan,relaxed,ok,-0.59981969,-3370.92255436,-3320.68314209,-49.63959258,perlmutter,perlmutter,perlmutter,/pscratch/sd/j/jcho5/VASP/dft_jobs/CH3CH2OH_Ir111/r2scan,/pscratch/sd/j/jcho5/VASP/vasp_slab/Ir111/r2scan,/pscratch/sd/j/jcho5/VASP/vasp_mol/CH3CH2OH/r2scan,83593b7db5150856dcb5df6383d58ea549f5755b2e43b80ea70d38d834175cc8,3c5e1cee675f57fc108035c165be1d51b4f4e7bff30e82c263269a7b055907aa,4c2bba36480d6b1f5a858ecdfb9da6d6b803ad4e256f6e928027ea8146e082b1,"Converged components; matching PAW TITEL identities, functional, composition, full slab cell and stored core settings. Archived Kestrel provenance retained. No energy scaling or offsets.",Perlmutter first,false,-0.6,1,-0.59981969,selected candidate applied
Ir111,ethanol,r2scan,SPE,ok,-0.37808172,-3370.70081639,-3320.68314209,-49.63959258,perlmutter,perlmutter,perlmutter,/pscratch/sd/j/jcho5/VASP/dft_jobs/CH3CH2OH_Ir111/singlepoint/r2scan,/pscratch/sd/j/jcho5/VASP/vasp_slab/Ir111/r2scan,/pscratch/sd/j/jcho5/VASP/vasp_mol/CH3CH2OH/r2scan,1ca5b12d2557c81e456772118e434122585fa4736dd8268d3020a8c1b6ea761f,3c5e1cee675f57fc108035c165be1d51b4f4e7bff30e82c263269a7b055907aa,4c2bba36480d6b1f5a858ecdfb9da6d6b803ad4e256f6e928027ea8146e082b1,"Converged components; matching PAW TITEL identities, functional, composition, full slab cell and stored core settings. Archived Kestrel provenance retained. No energy scaling or offsets.",Perlmutter first,false,-0.378,1,-0.37808172,selected candidate applied
Ir111,ethanol,beef_vdw,relaxed,ok,-0.68483769,-382.92202309,-339.48696992,-42.75021548,perlmutter,perlmutter,perlmutter,/pscratch/sd/j/jcho5/VASP/dft_jobs/CH3CH2OH_Ir111/beef_vdw,/pscratch/sd/j/jcho5/VASP/vasp_slab/Ir111/beef_vdw,/pscratch/sd/j/jcho5/VASP/vasp_mol/CH3CH2OH/beef_vdw,88effb464e655e074d5dfb49f590501191b81846486cd69966d982f6ba8c5cbb,0b91214a900100390394f252dd15ef3cac38cdb11cbb0d3dd58c5fa79e28b9e7,50e154b624fcff1772eb90df010b0b697dbd63102eaaddacea15d1175849d327,"Converged components; matching PAW TITEL identities, functional, composition, full slab cell and stored core settings. Archived Kestrel provenance retained. No energy scaling or offsets.",Perlmutter first,false,-0.685,1,-0.68483769,selected candidate applied
Ir111,ethanol,beef_vdw,SPE,ok,-0.62171747,-382.85890287,-339.48696992,-42.75021548,perlmutter,perlmutter,perlmutter,/pscratch/sd/j/jcho5/VASP/dft_jobs/CH3CH2OH_Ir111/singlepoint/beef_vdw,/pscratch/sd/j/jcho5/VASP/vasp_slab/Ir111/beef_vdw,/pscratch/sd/j/jcho5/VASP/vasp_mol/CH3CH2OH/beef_vdw,de87485545fe6f63926cca9440de3844fd6a497b63f44d70e387c39d7a35e33d,0b91214a900100390394f252dd15ef3cac38cdb11cbb0d3dd58c5fa79e28b9e7,50e154b624fcff1772eb90df010b0b697dbd63102eaaddacea15d1175849d327,"Converged components; matching PAW TITEL identities, functional, composition, full slab cell and stored core settings. Archived Kestrel provenance retained. No energy scaling or offsets.",Perlmutter first,false,-0.622,1,-0.62171747,selected candidate applied
Ir111,ethene,pbe,relaxed,ok,-0.79361226,-571.07619916,-538.3119429,-31.970644,perlmutter,perlmutter,perlmutter,/pscratch/sd/j/jcho5/VASP/dft_jobs/C2H4_Ir111/PBE,/pscratch/sd/j/jcho5/VASP/vasp_slab/Ir111/PBE,/pscratch/sd/j/jcho5/VASP/vasp_mol/C2H4/PBE,3a9d46aa5d0cd36b5c3107c01b3f5018bac123e5d28c7d787ffd8a6942ab49af,b4297d4d5b16d12bed23df692eea8cbd50f07e6a53a5548ee43dc2f6132af120,6b9195c76452926864f1fb12ac08ca3ec3482da1f646b61432029dc6f5a30ac9,"Converged components; matching PAW TITEL identities, functional, composition, full slab cell and stored core settings. Archived Kestrel provenance retained. No energy scaling or offsets.",Perlmutter first,false,-0.794,1,-0.79361226,selected candidate applied
Ir111,ethene,pbe,SPE,ok,-0.70634766,-570.98893456,-538.3119429,-31.970644,perlmutter,perlmutter,perlmutter,/pscratch/sd/j/jcho5/VASP/dft_jobs/C2H4_Ir111/singlepoint/PBE,/pscratch/sd/j/jcho5/VASP/vasp_slab/Ir111/PBE,/pscratch/sd/j/jcho5/VASP/vasp_mol/C2H4/PBE,9f0b90a988285c53403b684d4f2e9126e3a676292619cc1d8ce95003b9ad490f,b4297d4d5b16d12bed23df692eea8cbd50f07e6a53a5548ee43dc2f6132af120,6b9195c76452926864f1fb12ac08ca3ec3482da1f646b61432029dc6f5a30ac9,"Converged components; matching PAW TITEL identities, functional, composition, full slab cell and stored core settings. Archived Kestrel provenance retained. No energy scaling or offsets.",Perlmutter first,false,-0.706,1,-0.70634766,selected candidate applied
Ir111,ethene,pbe_d3,relaxed,ok,-1.26171830,-604.02795185,-570.78304395,-31.9831896,perlmutter,perlmutter,perlmutter,/pscratch/sd/j/jcho5/VASP/dft_jobs/C2H4_Ir111/PBE_D3,/pscratch/sd/j/jcho5/VASP/vasp_slab/Ir111/PBE_D3,/pscratch/sd/j/jcho5/VASP/vasp_mol/C2H4/PBE_D3,85d0b5f215cb5e5c47b290f6c7b06f5dd20f407c9c089f713929e60ea8f4cf27,d02f65b2296376191bbe0aea58e346d5f75f8ae7d66633ad88b313309c6edcad,05df84104251536827b32f9b1a9853f6da1ffb692ec099f31202894e79d84979,"Converged components; matching PAW TITEL identities, functional, composition, full slab cell and stored core settings. Archived Kestrel provenance retained. No energy scaling or offsets.",Perlmutter first,false,-1.262,1,-1.26171830,selected candidate applied
Ir111,ethene,pbe_d3,SPE,ok,-0.97690933,-603.74314288,-570.78304395,-31.9831896,perlmutter,perlmutter,perlmutter,/pscratch/sd/j/jcho5/VASP/dft_jobs/C2H4_Ir111/singlepoint/PBE_D3,/pscratch/sd/j/jcho5/VASP/vasp_slab/Ir111/PBE_D3,/pscratch/sd/j/jcho5/VASP/vasp_mol/C2H4/PBE_D3,2c5e6e822e084addb5202cc300f240f690ba3119c512a4f436c072b947b716a4,d02f65b2296376191bbe0aea58e346d5f75f8ae7d66633ad88b313309c6edcad,05df84104251536827b32f9b1a9853f6da1ffb692ec099f31202894e79d84979,"Converged components; matching PAW TITEL identities, functional, composition, full slab cell and stored core settings. Archived Kestrel provenance retained. No energy scaling or offsets.",Perlmutter first,false,-0.977,1,-0.97690933,selected candidate applied
Ir111,ethene,r2scan,relaxed,ok,-1.06061898,-3355.29231983,-3320.68314209,-33.54855876,perlmutter,perlmutter,perlmutter,/pscratch/sd/j/jcho5/VASP/dft_jobs/C2H4_Ir111/r2scan,/pscratch/sd/j/jcho5/VASP/vasp_slab/Ir111/r2scan,/pscratch/sd/j/jcho5/VASP/vasp_mol/C2H4/r2scan,ca7907015001899f3b304c91397550aca9661b6153276558d141f236c06ebd13,3c5e1cee675f57fc108035c165be1d51b4f4e7bff30e82c263269a7b055907aa,455a941d3bf9dad8689b9e46d291dbdf4c41d0cca7de343ccd7be663610c18aa,"Converged components; matching PAW TITEL identities, functional, composition, full slab cell and stored core settings. Archived Kestrel provenance retained. No energy scaling or offsets.",Perlmutter first,false,-1.061,1,-1.06061898,selected candidate applied
Ir111,ethene,r2scan,SPE,ok,-0.79731384,-3355.02901469,-3320.68314209,-33.54855876,perlmutter,perlmutter,perlmutter,/pscratch/sd/j/jcho5/VASP/dft_jobs/C2H4_Ir111/singlepoint/r2scan,/pscratch/sd/j/jcho5/VASP/vasp_slab/Ir111/r2scan,/pscratch/sd/j/jcho5/VASP/vasp_mol/C2H4/r2scan,150774aa579ece339ad6e5600d789bc2599a429ae1d9399fb1d9552b26cd4159,3c5e1cee675f57fc108035c165be1d51b4f4e7bff30e82c263269a7b055907aa,455a941d3bf9dad8689b9e46d291dbdf4c41d0cca7de343ccd7be663610c18aa,"Converged components; matching PAW TITEL identities, functional, composition, full slab cell and stored core settings. Archived Kestrel provenance retained. No energy scaling or offsets.",Perlmutter first,false,-0.797,1,-0.79731384,selected candidate applied
Ir111,ethene,beef_vdw,relaxed,ok,-1.00605272,-370.0746891,-339.48696992,-29.58166646,perlmutter,perlmutter,perlmutter,/pscratch/sd/j/jcho5/VASP/dft_jobs/C2H4_Ir111/beef_vdw,/pscratch/sd/j/jcho5/VASP/vasp_slab/Ir111/beef_vdw,/pscratch/sd/j/jcho5/VASP/vasp_mol/C2H4/beef_vdw,6eece4e8f3713e1e6d992939316cbf58a11f40c9cc31e7adbc35110fb49132db,0b91214a900100390394f252dd15ef3cac38cdb11cbb0d3dd58c5fa79e28b9e7,7844d00253a35ba677535271b09137d1255d816f15aab98d5d6608360268039b,"Converged components; matching PAW TITEL identities, functional, composition, full slab cell and stored core settings. Archived Kestrel provenance retained. No energy scaling or offsets.",Perlmutter first,false,-1.006,1,-1.00605272,selected candidate applied
Ir111,ethene,beef_vdw,SPE,ok,-0.92279659,-369.99143297,-339.48696992,-29.58166646,perlmutter,perlmutter,perlmutter,/pscratch/sd/j/jcho5/VASP/dft_jobs/C2H4_Ir111/singlepoint/beef_vdw,/pscratch/sd/j/jcho5/VASP/vasp_slab/Ir111/beef_vdw,/pscratch/sd/j/jcho5/VASP/vasp_mol/C2H4/beef_vdw,6dec1e54cf5bde3c797f2e99abce0367011b4ea28c48127f9adffc26bada270e,0b91214a900100390394f252dd15ef3cac38cdb11cbb0d3dd58c5fa79e28b9e7,7844d00253a35ba677535271b09137d1255d816f15aab98d5d6608360268039b,"Converged components; matching PAW TITEL identities, functional, composition, full slab cell and stored core settings. Archived Kestrel provenance retained. No energy scaling or offsets.",Perlmutter first,false,-0.923,1,-0.92279659,selected candidate applied
Ir111,formaldehyde,pbe,relaxed,ok,-0.27325688,-560.71544101,-538.3119429,-22.13024123,perlmutter,perlmutter,perlmutter,/pscratch/sd/j/jcho5/VASP/dft_jobs/H2CO_Ir111/PBE,/pscratch/sd/j/jcho5/VASP/vasp_slab/Ir111/PBE,/pscratch/sd/j/jcho5/VASP/vasp_mol/H2CO/PBE,cd48288916908349e1cfc0353a8a41bc4c5f4a4c95331f85630ec7e55c514135,b4297d4d5b16d12bed23df692eea8cbd50f07e6a53a5548ee43dc2f6132af120,f1ed31a23d7394b5df1330a769561b063a5deb10ec8269dd249d393de6a65d6c,"Converged components; matching PAW TITEL identities, functional, composition, full slab cell and stored core settings. Archived Kestrel provenance retained. No energy scaling or offsets.",Perlmutter first,false,-0.273,1,-0.27325688,selected candidate applied
Ir111,formaldehyde,pbe,SPE,ok,-0.22111016,-560.66329429,-538.3119429,-22.13024123,perlmutter,perlmutter,perlmutter,/pscratch/sd/j/jcho5/VASP/dft_jobs/H2CO_Ir111/singlepoint/PBE,/pscratch/sd/j/jcho5/VASP/vasp_slab/Ir111/PBE,/pscratch/sd/j/jcho5/VASP/vasp_mol/H2CO/PBE,a7d33ebf468af38eefed561b117049f82b598926147d2004558e5fb7eb16aa24,b4297d4d5b16d12bed23df692eea8cbd50f07e6a53a5548ee43dc2f6132af120,f1ed31a23d7394b5df1330a769561b063a5deb10ec8269dd249d393de6a65d6c,"Converged components; matching PAW TITEL identities, functional, composition, full slab cell and stored core settings. Archived Kestrel provenance retained. No energy scaling or offsets.",Perlmutter first,false,,1,-0.22111016,selected candidate applied
Ir111,formaldehyde,pbe_d3,relaxed,ok,-0.59449679,-593.51305233,-570.78304395,-22.13551159,perlmutter,perlmutter,perlmutter,/pscratch/sd/j/jcho5/VASP/dft_jobs/H2CO_Ir111/PBE_D3,/pscratch/sd/j/jcho5/VASP/vasp_slab/Ir111/PBE_D3,/pscratch/sd/j/jcho5/VASP/vasp_mol/H2CO/PBE_D3,a67ac378accc45d39dd7acb92f3180284f9964d70f2caff34c7794c07c43e0a1,d02f65b2296376191bbe0aea58e346d5f75f8ae7d66633ad88b313309c6edcad,14859d3b3de8ad3e38134b97c899010c1c633da754dbbe934584fead0224fdf1,"Converged components; matching PAW TITEL identities, functional, composition, full slab cell and stored core settings. Archived Kestrel provenance retained. No energy scaling or offsets.",Perlmutter first,false,-0.594,1,-0.59449679,selected candidate applied
Ir111,formaldehyde,pbe_d3,SPE,ok,-0.33927872,-593.25783426,-570.78304395,-22.13551159,perlmutter,perlmutter,perlmutter,/pscratch/sd/j/jcho5/VASP/dft_jobs/H2CO_Ir111/singlepoint/PBE_D3,/pscratch/sd/j/jcho5/VASP/vasp_slab/Ir111/PBE_D3,/pscratch/sd/j/jcho5/VASP/vasp_mol/H2CO/PBE_D3,b94550f7def33161ef57c6d88da2f6ac393756028a993181032710fed2be9f84,d02f65b2296376191bbe0aea58e346d5f75f8ae7d66633ad88b313309c6edcad,14859d3b3de8ad3e38134b97c899010c1c633da754dbbe934584fead0224fdf1,"Converged components; matching PAW TITEL identities, functional, composition, full slab cell and stored core settings. Archived Kestrel provenance retained. No energy scaling or offsets.",Perlmutter first,false,,1,-0.33927872,selected candidate applied
Ir111,formaldehyde,r2scan,relaxed,,,,,,,,,,,,,,,,No complete matched component set,false,,0,,missing
Ir111,formaldehyde,r2scan,SPE,ok,-0.25691338,-3344.80754192,-3320.68314209,-23.86748645,perlmutter,perlmutter,perlmutter,/pscratch/sd/j/jcho5/VASP/dft_jobs/H2CO_Ir111/singlepoint/r2scan,/pscratch/sd/j/jcho5/VASP/vasp_slab/Ir111/r2scan,/pscratch/sd/j/jcho5/VASP/vasp_mol/H2CO/r2scan,f62e3cf355e12beef79e4499656b544524b33afda41e1a328e992e696ebaa33c,3c5e1cee675f57fc108035c165be1d51b4f4e7bff30e82c263269a7b055907aa,c08f8cf1412009981617ed1d7cec663bcf737c110cb360dcbaccf71ce6b7dea3,"Converged components; matching PAW TITEL identities, functional, composition, full slab cell and stored core settings. Archived Kestrel provenance retained. No energy scaling or offsets.",Perlmutter first,false,,1,-0.25691338,selected candidate applied
Ir111,formaldehyde,beef_vdw,relaxed,ok,-0.46476233,-359.09862484,-339.48696992,-19.14689259,perlmutter,perlmutter,perlmutter,/pscratch/sd/j/jcho5/VASP/dft_jobs/H2CO_Ir111/beef_vdw,/pscratch/sd/j/jcho5/VASP/vasp_slab/Ir111/beef_vdw,/pscratch/sd/j/jcho5/VASP/vasp_mol/H2CO/beef_vdw,982da1f59455c751bb41f7272ba67df503fc7bf43d9f0e82608f4feabeb10026,0b91214a900100390394f252dd15ef3cac38cdb11cbb0d3dd58c5fa79e28b9e7,a31b74fce9bf5c89bef85f44a041a0f0edc85a40a98b35eea20ec15d6a02ee3f,"Converged components; matching PAW TITEL identities, functional, composition, full slab cell and stored core settings. Archived Kestrel provenance retained. No energy scaling or offsets.",Perlmutter first,false,-0.465,1,-0.46476233,selected candidate applied
Ir111,formaldehyde,beef_vdw,SPE,ok,-0.41431549,-359.048178,-339.48696992,-19.14689259,perlmutter,perlmutter,perlmutter,/pscratch/sd/j/jcho5/VASP/dft_jobs/H2CO_Ir111/singlepoint/beef_vdw,/pscratch/sd/j/jcho5/VASP/vasp_slab/Ir111/beef_vdw,/pscratch/sd/j/jcho5/VASP/vasp_mol/H2CO/beef_vdw,180cee1adb96f20d060e943a28a54d07cd445f3e6168751e862f2a7995b1c178,0b91214a900100390394f252dd15ef3cac38cdb11cbb0d3dd58c5fa79e28b9e7,a31b74fce9bf5c89bef85f44a041a0f0edc85a40a98b35eea20ec15d6a02ee3f,"Converged components; matching PAW TITEL identities, functional, composition, full slab cell and stored core settings. Archived Kestrel provenance retained. No energy scaling or offsets.",Perlmutter first,false,,1,-0.41431549,selected candidate applied
Ir111,formic_acid,pbe,relaxed,ok,-0.34718257,-568.53891982,-538.3119429,-29.87979435,perlmutter,perlmutter,perlmutter,/pscratch/sd/j/jcho5/VASP/dft_jobs/HCOOH_Ir111/PBE,/pscratch/sd/j/jcho5/VASP/vasp_slab/Ir111/PBE,/pscratch/sd/j/jcho5/VASP/vasp_mol/HCOOH/PBE,03a66263c3335514b8eff7c608143e706415044c823801813a6eba1383cd00eb,b4297d4d5b16d12bed23df692eea8cbd50f07e6a53a5548ee43dc2f6132af120,38779e7fc2a3d0083e958eb7a94ee082096f9304b1f68a2457a5a9146511d699,"Converged components; matching PAW TITEL identities, functional, composition, full slab cell and stored core settings. Archived Kestrel provenance retained. No energy scaling or offsets.",Perlmutter first,false,-0.347,1,-0.34718257,selected candidate applied
Ir111,formic_acid,pbe,SPE,,,,,,,,,,,,,,,,No complete matched component set,false,,0,,missing
Ir111,formic_acid,pbe_d3,relaxed,ok,-0.75094215,-601.42758148,-570.78304395,-29.89359538,perlmutter,perlmutter,perlmutter,/pscratch/sd/j/jcho5/VASP/dft_jobs/HCOOH_Ir111/PBE_D3,/pscratch/sd/j/jcho5/VASP/vasp_slab/Ir111/PBE_D3,/pscratch/sd/j/jcho5/VASP/vasp_mol/HCOOH/PBE_D3,b090e48693b1c892900bfcd867ab9a6b5cb13cb5b8301000e3eaee3f8b755dcb,d02f65b2296376191bbe0aea58e346d5f75f8ae7d66633ad88b313309c6edcad,8669cfbbf059f01c98c4917d21ff8958458916c028918f73243ad879ad2b5cb0,"Converged components; matching PAW TITEL identities, functional, composition, full slab cell and stored core settings. Archived Kestrel provenance retained. No energy scaling or offsets.",Perlmutter first,false,-0.751,1,-0.75094215,selected candidate applied
Ir111,formic_acid,pbe_d3,SPE,,,,,,,,,,,,,,,,No complete matched component set,false,,0,,missing
Ir111,formic_acid,r2scan,relaxed,,,,,,,,,,,,,,,,No complete matched component set,false,,0,,missing
Ir111,formic_acid,r2scan,SPE,,,,,,,,,,,,,,,,No complete matched component set,false,,0,,missing
Ir111,formic_acid,beef_vdw,relaxed,ok,-0.55512717,-364.99434241,-339.48696992,-24.95224532,perlmutter,perlmutter,perlmutter,/pscratch/sd/j/jcho5/VASP/dft_jobs/HCOOH_Ir111/beef_vdw,/pscratch/sd/j/jcho5/VASP/vasp_slab/Ir111/beef_vdw,/pscratch/sd/j/jcho5/VASP/vasp_mol/HCOOH/beef_vdw,28de10976dc7ccb3088d57318395109087adc791ae529ccefb057950d7a75d93,0b91214a900100390394f252dd15ef3cac38cdb11cbb0d3dd58c5fa79e28b9e7,1f5543ee0d87c96ec89843f79d8a36ae3f238a4d4bd4c1b6655a4d7f6379885e,"Converged components; matching PAW TITEL identities, functional, composition, full slab cell and stored core settings. Archived Kestrel provenance retained. No energy scaling or offsets.",Perlmutter first,false,-0.555,1,-0.55512717,selected candidate applied
Ir111,formic_acid,beef_vdw,SPE,,,,,,,,,,,,,,,,No complete matched component set,false,,0,,missing
Ir111,methane,pbe,relaxed,ok,-0.00045315,-562.34799937,-538.3119429,-24.03560332,perlmutter,perlmutter,perlmutter,/pscratch/sd/j/jcho5/VASP/dft_jobs/CH4_Ir111/PBE,/pscratch/sd/j/jcho5/VASP/vasp_slab/Ir111/PBE,/pscratch/sd/j/jcho5/VASP/vasp_mol/CH4/PBE,e356e17faf8055e5b62e144895c48e4622408ac7a6dd5fbbe74d233a4f331b46,b4297d4d5b16d12bed23df692eea8cbd50f07e6a53a5548ee43dc2f6132af120,1a889e6eba291b72f208557972ef13a5bab753db9dc291c14629272d1b794197,"Converged components; matching PAW TITEL identities, functional, composition, full slab cell and stored core settings. Archived Kestrel provenance retained. No energy scaling or offsets.",Perlmutter first,false,-0.0,1,-0.00045315,selected candidate applied
Ir111,methane,pbe,SPE,ok,0.09639814,-562.25114808,-538.3119429,-24.03560332,perlmutter,perlmutter,perlmutter,/pscratch/sd/j/jcho5/VASP/dft_jobs/CH4_Ir111/singlepoint/PBE,/pscratch/sd/j/jcho5/VASP/vasp_slab/Ir111/PBE,/pscratch/sd/j/jcho5/VASP/vasp_mol/CH4/PBE,30a372eed8b0f93afce7af74e2f63eb85d52cff177453466fd44e8ed56533a90,b4297d4d5b16d12bed23df692eea8cbd50f07e6a53a5548ee43dc2f6132af120,1a889e6eba291b72f208557972ef13a5bab753db9dc291c14629272d1b794197,"Converged components; matching PAW TITEL identities, functional, composition, full slab cell and stored core settings. Archived Kestrel provenance retained. No energy scaling or offsets.",Perlmutter first,false,0.096,1,0.09639814,selected candidate applied
Ir111,methane,pbe_d3,relaxed,ok,-0.21544906,-595.0361289,-570.78304395,-24.03763589,perlmutter,perlmutter,perlmutter,/pscratch/sd/j/jcho5/VASP/dft_jobs/CH4_Ir111/PBE_D3,/pscratch/sd/j/jcho5/VASP/vasp_slab/Ir111/PBE_D3,/pscratch/sd/j/jcho5/VASP/vasp_mol/CH4/PBE_D3,22a6329f10de8a1db3b367762e56e8dfca66045c6b77c28582bf33a47d2bce62,d02f65b2296376191bbe0aea58e346d5f75f8ae7d66633ad88b313309c6edcad,b332bad15ef7f1f6255b46fb0a018108aacacac653dc92d7d13c66cc4b075408,"Converged components; matching PAW TITEL identities, functional, composition, full slab cell and stored core settings. Archived Kestrel provenance retained. No energy scaling or offsets.",Perlmutter first,false,-0.215,1,-0.21544906,selected candidate applied
Ir111,methane,pbe_d3,SPE,ok,0.03089303,-594.78978681,-570.78304395,-24.03763589,perlmutter,perlmutter,perlmutter,/pscratch/sd/j/jcho5/VASP/dft_jobs/CH4_Ir111/singlepoint/PBE_D3,/pscratch/sd/j/jcho5/VASP/vasp_slab/Ir111/PBE_D3,/pscratch/sd/j/jcho5/VASP/vasp_mol/CH4/PBE_D3,b2d056dc6c2039d6527faaa75f6065e8dcbfdc09004e2a30171ed76be3959e11,d02f65b2296376191bbe0aea58e346d5f75f8ae7d66633ad88b313309c6edcad,b332bad15ef7f1f6255b46fb0a018108aacacac653dc92d7d13c66cc4b075408,"Converged components; matching PAW TITEL identities, functional, composition, full slab cell and stored core settings. Archived Kestrel provenance retained. No energy scaling or offsets.",Perlmutter first,false,0.031,1,0.03089303,selected candidate applied
Ir111,methane,r2scan,relaxed,ok,-0.04271438,-3345.71375964,-3320.68314209,-24.98790317,perlmutter,perlmutter,perlmutter,/pscratch/sd/j/jcho5/VASP/dft_jobs/CH4_Ir111/r2scan,/pscratch/sd/j/jcho5/VASP/vasp_slab/Ir111/r2scan,/pscratch/sd/j/jcho5/VASP/vasp_mol/CH4/r2scan,e78c7f2ccd93ab4fbedb9ed8cb67d41c61057fa81ff710a5be3b435b219b2684,3c5e1cee675f57fc108035c165be1d51b4f4e7bff30e82c263269a7b055907aa,256e39b379d9ffb0a16aea76cbe4a1d716914ca807059eb2d55f85d587e81317,"Converged components; matching PAW TITEL identities, functional, composition, full slab cell and stored core settings. Archived Kestrel provenance retained. No energy scaling or offsets.",Perlmutter first,false,-0.043,1,-0.04271438,selected candidate applied
Ir111,methane,r2scan,SPE,ok,0.18288162,-3345.48816364,-3320.68314209,-24.98790317,perlmutter,perlmutter,perlmutter,/pscratch/sd/j/jcho5/VASP/dft_jobs/CH4_Ir111/singlepoint/r2scan,/pscratch/sd/j/jcho5/VASP/vasp_slab/Ir111/r2scan,/pscratch/sd/j/jcho5/VASP/vasp_mol/CH4/r2scan,1b1f69db93cc8218ece07118d19321eda9e33bf0b5e1bdd1c29909ee9460b294,3c5e1cee675f57fc108035c165be1d51b4f4e7bff30e82c263269a7b055907aa,256e39b379d9ffb0a16aea76cbe4a1d716914ca807059eb2d55f85d587e81317,"Converged components; matching PAW TITEL identities, functional, composition, full slab cell and stored core settings. Archived Kestrel provenance retained. No energy scaling or offsets.",Perlmutter first,false,,1,0.18288162,selected candidate applied
Ir111,methane,beef_vdw,relaxed,ok,-0.21360348,-362.68630941,-339.48696992,-22.98573601,perlmutter,perlmutter,perlmutter,/pscratch/sd/j/jcho5/VASP/dft_jobs/CH4_Ir111/beef_vdw,/pscratch/sd/j/jcho5/VASP/vasp_slab/Ir111/beef_vdw,/pscratch/sd/j/jcho5/VASP/vasp_mol/CH4/beef_vdw,cc26ff550d91bf614dac1a1f46106f26938f5b3faeae8d67cf7a934fd8c73dd9,0b91214a900100390394f252dd15ef3cac38cdb11cbb0d3dd58c5fa79e28b9e7,b8f2aed539ecd6734ed6350f70a378290c51ddb8d04057e527b3a707450c01b9,"Converged components; matching PAW TITEL identities, functional, composition, full slab cell and stored core settings. Archived Kestrel provenance retained. No energy scaling or offsets.",Perlmutter first,false,-0.214,1,-0.21360348,selected candidate applied
Ir111,methane,beef_vdw,SPE,ok,-0.15009521,-362.62280114,-339.48696992,-22.98573601,perlmutter,perlmutter,perlmutter,/pscratch/sd/j/jcho5/VASP/dft_jobs/CH4_Ir111/singlepoint/beef_vdw,/pscratch/sd/j/jcho5/VASP/vasp_slab/Ir111/beef_vdw,/pscratch/sd/j/jcho5/VASP/vasp_mol/CH4/beef_vdw,fae965e60fb9e3bb3c8e5a2f56544a358afd6963739c5bff784b1542e5484c19,0b91214a900100390394f252dd15ef3cac38cdb11cbb0d3dd58c5fa79e28b9e7,b8f2aed539ecd6734ed6350f70a378290c51ddb8d04057e527b3a707450c01b9,"Converged components; matching PAW TITEL identities, functional, composition, full slab cell and stored core settings. Archived Kestrel provenance retained. No energy scaling or offsets.",Perlmutter first,false,-0.15,1,-0.15009521,selected candidate applied
Ir111,methanol,pbe,relaxed,ok,-0.34402979,-568.86454504,-538.3119429,-30.20857235,perlmutter,perlmutter,perlmutter,/pscratch/sd/j/jcho5/VASP/dft_jobs/CH3OH_Ir111/PBE,/pscratch/sd/j/jcho5/VASP/vasp_slab/Ir111/PBE,/pscratch/sd/j/jcho5/VASP/vasp_mol/CH3OH/PBE,2a93408f47e1fb70158c1265dce8c7be265280301a5c6e2a4dfe10a4d0b7e1ba,b4297d4d5b16d12bed23df692eea8cbd50f07e6a53a5548ee43dc2f6132af120,b25dea0c5d26d154707dac5673badac4461cb6fe7660b76ab10af85822791b71,"Converged components; matching PAW TITEL identities, functional, composition, full slab cell and stored core settings. Archived Kestrel provenance retained. No energy scaling or offsets.",Perlmutter first,false,-0.344,1,-0.34402979,selected candidate applied
Ir111,methanol,pbe,SPE,ok,-0.29621644,-568.81673169,-538.3119429,-30.20857235,perlmutter,perlmutter,perlmutter,/pscratch/sd/j/jcho5/VASP/dft_jobs/CH3OH_Ir111/singlepoint/PBE,/pscratch/sd/j/jcho5/VASP/vasp_slab/Ir111/PBE,/pscratch/sd/j/jcho5/VASP/vasp_mol/CH3OH/PBE,da77c961828afb95e0ef3ca430e222a04303a36b03b4dec6b2d7e0e198bdd697,b4297d4d5b16d12bed23df692eea8cbd50f07e6a53a5548ee43dc2f6132af120,b25dea0c5d26d154707dac5673badac4461cb6fe7660b76ab10af85822791b71,"Converged components; matching PAW TITEL identities, functional, composition, full slab cell and stored core settings. Archived Kestrel provenance retained. No energy scaling or offsets.",Perlmutter first,false,-0.296,1,-0.29621644,selected candidate applied
Ir111,methanol,pbe_d3,relaxed,ok,-0.75377346,-601.76044274,-570.78304395,-30.22362533,perlmutter,perlmutter,perlmutter,/pscratch/sd/j/jcho5/VASP/dft_jobs/CH3OH_Ir111/PBE_D3,/pscratch/sd/j/jcho5/VASP/vasp_slab/Ir111/PBE_D3,/pscratch/sd/j/jcho5/VASP/vasp_mol/CH3OH/PBE_D3,55a6df34cd130358048e8b8e2a501631997a76ecf7a584c9cf46bd782bd82c02,d02f65b2296376191bbe0aea58e346d5f75f8ae7d66633ad88b313309c6edcad,82c96042bb328d2281e4deec9b5ef51410c9c442e4e9b23b3c7deb72f185e5cf,"Converged components; matching PAW TITEL identities, functional, composition, full slab cell and stored core settings. Archived Kestrel provenance retained. No energy scaling or offsets.",Perlmutter first,false,-0.754,1,-0.75377346,selected candidate applied
Ir111,methanol,pbe_d3,SPE,ok,-0.49606017,-601.50272945,-570.78304395,-30.22362533,perlmutter,perlmutter,perlmutter,/pscratch/sd/j/jcho5/VASP/dft_jobs/CH3OH_Ir111/singlepoint/PBE_D3,/pscratch/sd/j/jcho5/VASP/vasp_slab/Ir111/PBE_D3,/pscratch/sd/j/jcho5/VASP/vasp_mol/CH3OH/PBE_D3,5070174a74425bca9f700c9cb212f8d59bd0cc4c211076e2164b0c619b52d0a0,d02f65b2296376191bbe0aea58e346d5f75f8ae7d66633ad88b313309c6edcad,82c96042bb328d2281e4deec9b5ef51410c9c442e4e9b23b3c7deb72f185e5cf,"Converged components; matching PAW TITEL identities, functional, composition, full slab cell and stored core settings. Archived Kestrel provenance retained. No energy scaling or offsets.",Perlmutter first,false,-0.496,1,-0.49606017,selected candidate applied
Ir111,methanol,r2scan,relaxed,,,,,,,,,,,,,,,,No complete matched component set,false,,0,,withheld: refs unverified
Ir111,methanol,r2scan,SPE,ok,-0.35369974,-3353.17337037,-3320.68314209,-32.13652854,perlmutter,perlmutter,perlmutter,/pscratch/sd/j/jcho5/VASP/dft_jobs/CH3OH_Ir111/singlepoint/r2scan,/pscratch/sd/j/jcho5/VASP/vasp_slab/Ir111/r2scan,/pscratch/sd/j/jcho5/VASP/vasp_mol/CH3OH/r2scan,9f04c649eb459106c397076a645d0c66c4bf8fb12ca9106f7a78d24d753c7bb7,3c5e1cee675f57fc108035c165be1d51b4f4e7bff30e82c263269a7b055907aa,f51730f03fe6b8d78e595f2892e645d14986df23b0aee9499c51b752902fd0d1,"Converged components; matching PAW TITEL identities, functional, composition, full slab cell and stored core settings. Archived Kestrel provenance retained. No energy scaling or offsets.",Perlmutter first,false,-0.354,1,-0.35369974,selected candidate applied
Ir111,methanol,beef_vdw,relaxed,ok,-0.60156896,-367.38258523,-339.48696992,-27.29404635,perlmutter,perlmutter,perlmutter,/pscratch/sd/j/jcho5/VASP/dft_jobs/CH3OH_Ir111/beef_vdw,/pscratch/sd/j/jcho5/VASP/vasp_slab/Ir111/beef_vdw,/pscratch/sd/j/jcho5/VASP/vasp_mol/CH3OH/beef_vdw,ae540f0bc39e38cfeab45673ec87a9183f7ee16103cfacd7f3ac3220fd5ec08d,0b91214a900100390394f252dd15ef3cac38cdb11cbb0d3dd58c5fa79e28b9e7,71c98e9c34bcfd5cd1cbcd7f2f72a41fe5f2859e510b25f05ce1c13e3e6334c5,"Converged components; matching PAW TITEL identities, functional, composition, full slab cell and stored core settings. Archived Kestrel provenance retained. No energy scaling or offsets.",Perlmutter first,false,-0.602,1,-0.60156896,selected candidate applied
Ir111,methanol,beef_vdw,SPE,ok,-0.55218589,-367.33320216,-339.48696992,-27.29404635,perlmutter,perlmutter,perlmutter,/pscratch/sd/j/jcho5/VASP/dft_jobs/CH3OH_Ir111/singlepoint/beef_vdw,/pscratch/sd/j/jcho5/VASP/vasp_slab/Ir111/beef_vdw,/pscratch/sd/j/jcho5/VASP/vasp_mol/CH3OH/beef_vdw,4f4c1773b9e491050f6c5d14351617b0c5912bb1f29f70667ad71258be8ced9a,0b91214a900100390394f252dd15ef3cac38cdb11cbb0d3dd58c5fa79e28b9e7,71c98e9c34bcfd5cd1cbcd7f2f72a41fe5f2859e510b25f05ce1c13e3e6334c5,"Converged components; matching PAW TITEL identities, functional, composition, full slab cell and stored core settings. Archived Kestrel provenance retained. No energy scaling or offsets.",Perlmutter first,false,-0.552,1,-0.55218589,selected candidate applied
Pd100,CH3,pbe,relaxed,,,,,,,,,,,,,,,,No complete matched component set,false,,0,,withheld: potential mismatch
Pd100,CH3,pbe,SPE,,,,,,,,,,,,,,,,No complete matched component set,false,,0,,withheld: potential mismatch
Pd100,CH3,pbe_d3,relaxed,,,,,,,,,,,,,,,,No complete matched component set,false,,0,,withheld: potential mismatch
Pd100,CH3,pbe_d3,SPE,,,,,,,,,,,,,,,,No complete matched component set,false,,0,,withheld: potential mismatch
Pd100,CH3,r2scan,relaxed,,,,,,,,,,,,,,,,No complete matched component set,false,,0,,withheld: potential mismatch
Pd100,CH3,r2scan,SPE,,,,,,,,,,,,,,,,No complete matched component set,false,,0,,withheld: potential mismatch
Pd100,CH3,beef_vdw,relaxed,,,,,,,,,,,,,,,,No complete matched component set,false,,0,,withheld: potential mismatch
Pd100,CH3,beef_vdw,SPE,,,,,,,,,,,,,,,,No complete matched component set,false,,0,,withheld: potential mismatch
Pd100,CO,pbe,relaxed,,,,,,,,,,,,,,,,No complete matched component set,false,,0,,withheld: potential mismatch
Pd100,CO,pbe,SPE,,,,,,,,,,,,,,,,No complete matched component set,false,,0,,withheld: potential mismatch
Pd100,CO,pbe_d3,relaxed,,,,,,,,,,,,,,,,No complete matched component set,false,,0,,withheld: potential mismatch
Pd100,CO,pbe_d3,SPE,,,,,,,,,,,,,,,,No complete matched component set,false,,0,,withheld: potential mismatch
Pd100,CO,r2scan,relaxed,,,,,,,,,,,,,,,,No complete matched component set,false,,0,,withheld: potential mismatch
Pd100,CO,r2scan,SPE,,,,,,,,,,,,,,,,No complete matched component set,false,,0,,withheld: potential mismatch
Pd100,CO,beef_vdw,relaxed,,,,,,,,,,,,,,,,No complete matched component set,false,,0,,withheld: potential mismatch
Pd100,CO,beef_vdw,SPE,,,,,,,,,,,,,,,,No complete matched component set,false,,0,,withheld: potential mismatch
Pd100,CO2,pbe,relaxed,ok,-0.02217815,-334.69213218,-311.70975881,-22.96019522,perlmutter,kestrel,perlmutter,/pscratch/sd/j/jcho5/VASP/dft_jobs/CO2_Pd100/PBE,/kfs3/scratch/jcho5/goad-global-optimization/vasp_slab_kestrel/Pd100/PBE,/pscratch/sd/j/jcho5/VASP/vasp_mol/CO2/PBE,747a3c9984df10e467acc3290cb9746fb0d97b81981861dda24e2f0f12403aad,f995d1eb24e57d918b077b4543d8eb877e341e5bfac95b0acf30d14fa8404bd9,5c3d4e7285479f2d4ac862de58c80a00baa5aba72e6fa7f6e419b6d41f863eca,"Converged components; matching PAW TITEL identities, functional, composition, full slab cell and stored core settings. Archived Kestrel provenance retained. No energy scaling or offsets.",Perlmutter first,false,-0.022,1,-0.02217815,selected candidate applied
Pd100,CO2,pbe,SPE,ok,-0.01207989,-334.68203392,-311.70975881,-22.96019522,perlmutter,kestrel,perlmutter,/pscratch/sd/j/jcho5/VASP/dft_jobs/CO2_Pd100/singlepoint/PBE,/kfs3/scratch/jcho5/goad-global-optimization/vasp_slab_kestrel/Pd100/PBE,/pscratch/sd/j/jcho5/VASP/vasp_mol/CO2/PBE,c53bf3ec4efb8ca4ce4982047693539ccecc3a01acec0aca545c00b3c97f1630,f995d1eb24e57d918b077b4543d8eb877e341e5bfac95b0acf30d14fa8404bd9,5c3d4e7285479f2d4ac862de58c80a00baa5aba72e6fa7f6e419b6d41f863eca,"Converged components; matching PAW TITEL identities, functional, composition, full slab cell and stored core settings. Archived Kestrel provenance retained. No energy scaling or offsets.",Perlmutter first,false,,2,-0.01207989,selected candidate applied
Pd100,CO2,pbe_d3,relaxed,,,,,,,,,,,,,,,,No complete matched component set,false,,0,,missing
Pd100,CO2,pbe_d3,SPE,,,,,,,,,,,,,,,,No complete matched component set,false,,0,,missing
Pd100,CO2,r2scan,relaxed,,,,,,,,,,,,,,,,No complete matched component set,false,,0,,withheld: refs unverified
Pd100,CO2,r2scan,SPE,ok,-0.01210155,-1469.71047721,-1444.12937678,-25.56899888,perlmutter,kestrel,perlmutter,/pscratch/sd/j/jcho5/VASP/dft_jobs/CO2_Pd100/singlepoint/r2scan,/kfs3/scratch/jcho5/goad-global-optimization/vasp_slab_kestrel/Pd100/r2scan,/pscratch/sd/j/jcho5/VASP/vasp_mol/CO2/r2scan,35ab2d5636c67519a9a456fca868ce951d3bceddbccc44a26dfc80f77e36aa4e,8bfd1c36ce485e638eb7f31f805b2a4917d6ecf41d2a6d0e48e1f5dc634ae99f,4dab28f2a0fbe607817f4c5514d6f14b89ae1a164de9066f1d38852b7c93525c,"Converged components; matching PAW TITEL identities, functional, composition, full slab cell and stored core settings. Archived Kestrel provenance retained. No energy scaling or offsets.",Perlmutter first,false,,2,-0.01210155,selected candidate applied
Pd100,CO2,beef_vdw,relaxed,ok,-0.26582237,-112.28276932,-94.09632213,-17.92062482,perlmutter,kestrel,perlmutter,/pscratch/sd/j/jcho5/VASP/dft_jobs/CO2_Pd100/beef_vdw,/kfs3/scratch/jcho5/goad-global-optimization/vasp_slab_kestrel/Pd100/beef_vdw,/pscratch/sd/j/jcho5/VASP/vasp_mol/CO2/beef_vdw,5a0356d2db8496d451beb8a20dc9399d1288872439b5f95bd2c3b8c8621bf09b,f6c0178ea46323c3a9bf8ef70b311570b531d8a2cd6d133eb6e33f85a41608ba,f55cd94ae310bcb3102648fec1901ebd52aabdb902a10c25eb00c390b23c1ca3,"Converged components; matching PAW TITEL identities, functional, composition, full slab cell and stored core settings. Archived Kestrel provenance retained. No energy scaling or offsets.",Perlmutter first,false,-0.266,1,-0.26582237,selected candidate applied
Pd100,CO2,beef_vdw,SPE,ok,-0.18688402,-112.20383097,-94.09632213,-17.92062482,perlmutter,kestrel,perlmutter,/pscratch/sd/j/jcho5/VASP/dft_jobs/CO2_Pd100/singlepoint/beef_vdw,/kfs3/scratch/jcho5/goad-global-optimization/vasp_slab_kestrel/Pd100/beef_vdw,/pscratch/sd/j/jcho5/VASP/vasp_mol/CO2/beef_vdw,dfcb6de886a0fb0380c1cd096c22d1dbd320e463d28d994cb5df849071c8efbf,f6c0178ea46323c3a9bf8ef70b311570b531d8a2cd6d133eb6e33f85a41608ba,f55cd94ae310bcb3102648fec1901ebd52aabdb902a10c25eb00c390b23c1ca3,"Converged components; matching PAW TITEL identities, functional, composition, full slab cell and stored core settings. Archived Kestrel provenance retained. No energy scaling or offsets.",Perlmutter first,false,,2,-0.18688402,selected candidate applied
Pd100,DME,pbe,relaxed,,,,,,,,,,,,,,,,No complete matched component set,false,,0,,withheld: potential mismatch
Pd100,DME,pbe,SPE,,,,,,,,,,,,,,,,No complete matched component set,false,,0,,withheld: potential mismatch
Pd100,DME,pbe_d3,relaxed,,,,,,,,,,,,,,,,No complete matched component set,false,,0,,missing
Pd100,DME,pbe_d3,SPE,,,,,,,,,,,,,,,,No complete matched component set,false,,0,,withheld: potential mismatch
Pd100,DME,r2scan,relaxed,,,,,,,,,,,,,,,,No complete matched component set,false,,0,,withheld: potential mismatch
Pd100,DME,r2scan,SPE,,,,,,,,,,,,,,,,No complete matched component set,false,,0,,withheld: potential mismatch
Pd100,DME,beef_vdw,relaxed,,,,,,,,,,,,,,,,No complete matched component set,false,,0,,withheld: potential mismatch
Pd100,DME,beef_vdw,SPE,,,,,,,,,,,,,,,,No complete matched component set,false,,0,,withheld: potential mismatch
Pd100,H2O,pbe,relaxed,,,,,,,,,,,,,,,,No complete matched component set,false,,0,,withheld: potential mismatch
Pd100,H2O,pbe,SPE,,,,,,,,,,,,,,,,No complete matched component set,false,,0,,withheld: potential mismatch
Pd100,H2O,pbe_d3,relaxed,,,,,,,,,,,,,,,,No complete matched component set,false,,0,,withheld: potential mismatch
Pd100,H2O,pbe_d3,SPE,,,,,,,,,,,,,,,,No complete matched component set,false,,0,,withheld: potential mismatch
Pd100,H2O,r2scan,relaxed,,,,,,,,,,,,,,,,No complete matched component set,false,,0,,withheld: potential mismatch
Pd100,H2O,r2scan,SPE,,,,,,,,,,,,,,,,No complete matched component set,false,,0,,withheld: potential mismatch
Pd100,H2O,beef_vdw,relaxed,,,,,,,,,,,,,,,,No complete matched component set,false,,0,,withheld: potential mismatch
Pd100,H2O,beef_vdw,SPE,,,,,,,,,,,,,,,,No complete matched component set,false,,0,,withheld: potential mismatch
Pd100,H2S,pbe,relaxed,,,,,,,,,,,,,,,,No complete matched component set,false,,0,,withheld: potential mismatch
Pd100,H2S,pbe,SPE,,,,,,,,,,,,,,,,No complete matched component set,false,,0,,withheld: potential mismatch
Pd100,H2S,pbe_d3,relaxed,,,,,,,,,,,,,,,,No complete matched component set,false,,0,,withheld: potential mismatch
Pd100,H2S,pbe_d3,SPE,,,,,,,,,,,,,,,,No complete matched component set,false,,0,,withheld: potential mismatch
Pd100,H2S,r2scan,relaxed,,,,,,,,,,,,,,,,No complete matched component set,false,,0,,withheld: potential mismatch
Pd100,H2S,r2scan,SPE,,,,,,,,,,,,,,,,No complete matched component set,false,,0,,withheld: potential mismatch
Pd100,H2S,beef_vdw,relaxed,,,,,,,,,,,,,,,,No complete matched component set,false,,0,,withheld: potential mismatch
Pd100,H2S,beef_vdw,SPE,,,,,,,,,,,,,,,,No complete matched component set,false,,0,,withheld: potential mismatch
Pd100,N2,pbe,relaxed,,,,,,,,,,,,,,,,No complete matched component set,false,,0,,withheld: potential mismatch
Pd100,N2,pbe,SPE,,,,,,,,,,,,,,,,No complete matched component set,false,,0,,missing
Pd100,N2,pbe_d3,relaxed,,,,,,,,,,,,,,,,No complete matched component set,false,,0,,withheld: potential mismatch
Pd100,N2,pbe_d3,SPE,,,,,,,,,,,,,,,,No complete matched component set,false,,0,,missing
Pd100,N2,r2scan,relaxed,,,,,,,,,,,,,,,,No complete matched component set,false,,0,,withheld: potential mismatch
Pd100,N2,r2scan,SPE,,,,,,,,,,,,,,,,No complete matched component set,false,,0,,missing
Pd100,N2,beef_vdw,relaxed,,,,,,,,,,,,,,,,No complete matched component set,false,,0,,missing
Pd100,N2,beef_vdw,SPE,,,,,,,,,,,,,,,,No complete matched component set,false,,0,,missing
Pd100,NH3,pbe,relaxed,,,,,,,,,,,,,,,,No complete matched component set,false,,0,,withheld: potential mismatch
Pd100,NH3,pbe,SPE,,,,,,,,,,,,,,,,No complete matched component set,false,,0,,missing
Pd100,NH3,pbe_d3,relaxed,,,,,,,,,,,,,,,,No complete matched component set,false,,0,,withheld: potential mismatch
Pd100,NH3,pbe_d3,SPE,,,,,,,,,,,,,,,,No complete matched component set,false,,0,,missing
Pd100,NH3,r2scan,relaxed,,,,,,,,,,,,,,,,No complete matched component set,false,,0,,withheld: potential mismatch
Pd100,NH3,r2scan,SPE,,,,,,,,,,,,,,,,No complete matched component set,false,,0,,missing
Pd100,NH3,beef_vdw,relaxed,,,,,,,,,,,,,,,,No complete matched component set,false,,0,,withheld: potential mismatch
Pd100,NH3,beef_vdw,SPE,,,,,,,,,,,,,,,,No complete matched component set,false,,0,,missing
Pd100,NO,pbe,relaxed,,,,,,,,,,,,,,,,No complete matched component set,false,,0,,withheld: potential mismatch
Pd100,NO,pbe,SPE,,,,,,,,,,,,,,,,No complete matched component set,false,,0,,missing
Pd100,NO,pbe_d3,relaxed,,,,,,,,,,,,,,,,No complete matched component set,false,,0,,withheld: potential mismatch
Pd100,NO,pbe_d3,SPE,,,,,,,,,,,,,,,,No complete matched component set,false,,0,,missing
Pd100,NO,r2scan,relaxed,,,,,,,,,,,,,,,,No complete matched component set,false,,0,,missing
Pd100,NO,r2scan,SPE,,,,,,,,,,,,,,,,No complete matched component set,false,,0,,missing
Pd100,NO,beef_vdw,relaxed,,,,,,,,,,,,,,,,No complete matched component set,false,,0,,withheld: potential mismatch
Pd100,NO,beef_vdw,SPE,,,,,,,,,,,,,,,,No complete matched component set,false,,0,,missing
Pd100,SO2,pbe,relaxed,,,,,,,,,,,,,,,,No complete matched component set,false,,0,,withheld: potential mismatch
Pd100,SO2,pbe,SPE,,,,,,,,,,,,,,,,No complete matched component set,false,,0,,missing
Pd100,SO2,pbe_d3,relaxed,,,,,,,,,,,,,,,,No complete matched component set,false,,0,,withheld: potential mismatch
Pd100,SO2,pbe_d3,SPE,,,,,,,,,,,,,,,,No complete matched component set,false,,0,,missing
Pd100,SO2,r2scan,relaxed,,,,,,,,,,,,,,,,No complete matched component set,false,,0,,withheld: potential mismatch
Pd100,SO2,r2scan,SPE,,,,,,,,,,,,,,,,No complete matched component set,false,,0,,missing
Pd100,SO2,beef_vdw,relaxed,,,,,,,,,,,,,,,,No complete matched component set,false,,0,,withheld: potential mismatch
Pd100,SO2,beef_vdw,SPE,,,,,,,,,,,,,,,,No complete matched component set,false,,0,,missing
Pd100,acetaldehyde,pbe,relaxed,,,,,,,,,,,,,,,,No complete matched component set,false,,0,,withheld: potential mismatch
Pd100,acetaldehyde,pbe,SPE,,,,,,,,,,,,,,,,No complete matched component set,false,,0,,withheld: potential mismatch
Pd100,acetaldehyde,pbe_d3,relaxed,,,,,,,,,,,,,,,,No complete matched component set,false,,0,,withheld: potential mismatch
Pd100,acetaldehyde,pbe_d3,SPE,,,,,,,,,,,,,,,,No complete matched component set,false,,0,,withheld: potential mismatch
Pd100,acetaldehyde,r2scan,relaxed,,,,,,,,,,,,,,,,No complete matched component set,false,,0,,withheld: potential mismatch
Pd100,acetaldehyde,r2scan,SPE,,,,,,,,,,,,,,,,No complete matched component set,false,,0,,withheld: potential mismatch
Pd100,acetaldehyde,beef_vdw,relaxed,,,,,,,,,,,,,,,,No complete matched component set,false,,0,,withheld: potential mismatch
Pd100,acetaldehyde,beef_vdw,SPE,,,,,,,,,,,,,,,,No complete matched component set,false,,0,,withheld: potential mismatch
Pd100,acetic_acid,pbe,relaxed,,,,,,,,,,,,,,,,No complete matched component set,false,,0,,missing
Pd100,acetic_acid,pbe,SPE,,,,,,,,,,,,,,,,No complete matched component set,false,,0,,missing
Pd100,acetic_acid,pbe_d3,relaxed,,,,,,,,,,,,,,,,No complete matched component set,false,,0,,missing
Pd100,acetic_acid,pbe_d3,SPE,,,,,,,,,,,,,,,,No complete matched component set,false,,0,,missing
Pd100,acetic_acid,r2scan,relaxed,,,,,,,,,,,,,,,,No complete matched component set,false,,0,,withheld: potential mismatch
Pd100,acetic_acid,r2scan,SPE,,,,,,,,,,,,,,,,No complete matched component set,false,,0,,withheld: potential mismatch
Pd100,acetic_acid,beef_vdw,relaxed,,,,,,,,,,,,,,,,No complete matched component set,false,,0,,withheld: potential mismatch
Pd100,acetic_acid,beef_vdw,SPE,,,,,,,,,,,,,,,,No complete matched component set,false,,0,,withheld: potential mismatch
Pd100,ethane,pbe,relaxed,ok,-0.04595409,-352.25532969,-311.70975881,-40.49961679,perlmutter,kestrel,perlmutter,/pscratch/sd/j/jcho5/VASP/dft_jobs/C2H6_Pd100/PBE,/kfs3/scratch/jcho5/goad-global-optimization/vasp_slab_kestrel/Pd100/PBE,/pscratch/sd/j/jcho5/VASP/vasp_mol/C2H6/PBE,5210495b518eaa5c312538e6c62edbd5459aab9715a2247569e064e9d3b01c59,f995d1eb24e57d918b077b4543d8eb877e341e5bfac95b0acf30d14fa8404bd9,9005b8a31fb6402e31baf8d69fb8269febb7a534243f4cce1cce7364f312f903,"Converged components; matching PAW TITEL identities, functional, composition, full slab cell and stored core settings. Archived Kestrel provenance retained. No energy scaling or offsets.",Perlmutter first,false,-0.046,1,-0.04595409,selected candidate applied
Pd100,ethane,pbe,SPE,ok,0.07715775,-352.13221785,-311.70975881,-40.49961679,perlmutter,kestrel,perlmutter,/pscratch/sd/j/jcho5/VASP/dft_jobs/C2H6_Pd100/singlepoint/PBE,/kfs3/scratch/jcho5/goad-global-optimization/vasp_slab_kestrel/Pd100/PBE,/pscratch/sd/j/jcho5/VASP/vasp_mol/C2H6/PBE,b707db2b9ef94b5f46f74f5ded51b1fb8c6e19da92417d56ed52496bf8da7192,f995d1eb24e57d918b077b4543d8eb877e341e5bfac95b0acf30d14fa8404bd9,9005b8a31fb6402e31baf8d69fb8269febb7a534243f4cce1cce7364f312f903,"Converged components; matching PAW TITEL identities, functional, composition, full slab cell and stored core settings. Archived Kestrel provenance retained. No energy scaling or offsets.",Perlmutter first,false,0.077,2,0.07715775,selected candidate applied
Pd100,ethane,pbe_d3,relaxed,ok,-0.40948836,-377.83798652,-336.90242357,-40.52607459,perlmutter,kestrel,perlmutter,/pscratch/sd/j/jcho5/VASP/dft_jobs/C2H6_Pd100/PBE_D3,/kfs3/scratch/jcho5/goad-global-optimization/vasp_slab_kestrel/Pd100/PBE_D3,/pscratch/sd/j/jcho5/VASP/vasp_mol/C2H6/PBE_D3,f0480285b8de3a96ee3cfefc253e5ca39b345fe833de382feb97bfb24ff711bd,8de6290cc3b380222347edcfc7579f759c5d8d1c89424031da5c52053ffdd3f2,4dbe588a035718c664c9d9594b2ef9e306a16e6d46b046b9f145a68e6069c612,"Converged components; matching PAW TITEL identities, functional, composition, full slab cell and stored core settings. Archived Kestrel provenance retained. No energy scaling or offsets.",Perlmutter first,false,-0.409,1,-0.40948836,selected candidate applied
Pd100,ethane,pbe_d3,SPE,ok,-0.21177963,-377.64027779,-336.90242357,-40.52607459,perlmutter,kestrel,perlmutter,/pscratch/sd/j/jcho5/VASP/dft_jobs/C2H6_Pd100/singlepoint/PBE_D3,/kfs3/scratch/jcho5/goad-global-optimization/vasp_slab_kestrel/Pd100/PBE_D3,/pscratch/sd/j/jcho5/VASP/vasp_mol/C2H6/PBE_D3,fba5c1b1be9b560640eacf2a8f90e38a0add1b363d9f7169940bd58ef06ffa5c,8de6290cc3b380222347edcfc7579f759c5d8d1c89424031da5c52053ffdd3f2,4dbe588a035718c664c9d9594b2ef9e306a16e6d46b046b9f145a68e6069c612,"Converged components; matching PAW TITEL identities, functional, composition, full slab cell and stored core settings. Archived Kestrel provenance retained. No energy scaling or offsets.",Perlmutter first,false,-0.212,2,-0.21177963,selected candidate applied
Pd100,ethane,r2scan,relaxed,ok,-0.20029212,-1486.58536473,-1444.12937678,-42.25569583,perlmutter,kestrel,perlmutter,/pscratch/sd/j/jcho5/VASP/dft_jobs/C2H6_Pd100/r2scan,/kfs3/scratch/jcho5/goad-global-optimization/vasp_slab_kestrel/Pd100/r2scan,/pscratch/sd/j/jcho5/VASP/vasp_mol/C2H6/r2scan,1cde8effe041579d85c80e3b679a70a15608c6f66fc5d95afc73f77e493740d5,8bfd1c36ce485e638eb7f31f805b2a4917d6ecf41d2a6d0e48e1f5dc634ae99f,18603583877f2ac5eda9b6285e9ccfee374a72f144a00864122f974dcf4723ad,"Converged components; matching PAW TITEL identities, functional, composition, full slab cell and stored core settings. Archived Kestrel provenance retained. No energy scaling or offsets.",Perlmutter first,false,-0.2,1,-0.20029212,selected candidate applied
Pd100,ethane,r2scan,SPE,ok,-0.06338165,-1486.44845426,-1444.12937678,-42.25569583,perlmutter,kestrel,perlmutter,/pscratch/sd/j/jcho5/VASP/dft_jobs/C2H6_Pd100/singlepoint/r2scan,/kfs3/scratch/jcho5/goad-global-optimization/vasp_slab_kestrel/Pd100/r2scan,/pscratch/sd/j/jcho5/VASP/vasp_mol/C2H6/r2scan,3bcc2a22616d9f6dfd93cb593f2812f24a6f3d0a491e163424fd8cdf66d589d3,8bfd1c36ce485e638eb7f31f805b2a4917d6ecf41d2a6d0e48e1f5dc634ae99f,18603583877f2ac5eda9b6285e9ccfee374a72f144a00864122f974dcf4723ad,"Converged components; matching PAW TITEL identities, functional, composition, full slab cell and stored core settings. Archived Kestrel provenance retained. No energy scaling or offsets.",Perlmutter first,false,-0.063,2,-0.06338165,selected candidate applied
Pd100,ethane,beef_vdw,relaxed,ok,-0.32414103,-132.6496938,-94.09632213,-38.22923064,perlmutter,kestrel,perlmutter,/pscratch/sd/j/jcho5/VASP/dft_jobs/C2H6_Pd100/beef_vdw,/kfs3/scratch/jcho5/goad-global-optimization/vasp_slab_kestrel/Pd100/beef_vdw,/pscratch/sd/j/jcho5/VASP/vasp_mol/C2H6/beef_vdw,d9e08d27d4e2792ba47f482041d44945a94b1fcfce439bd8385b5ca390dd8227,f6c0178ea46323c3a9bf8ef70b311570b531d8a2cd6d133eb6e33f85a41608ba,75736fb87a7367bfab9b2ade386c63802812384fc6661f9ddd61d2e04d39ce91,"Converged components; matching PAW TITEL identities, functional, composition, full slab cell and stored core settings. Archived Kestrel provenance retained. No energy scaling or offsets.",Perlmutter first,false,-0.324,1,-0.32414103,selected candidate applied
Pd100,ethane,beef_vdw,SPE,ok,-0.09230295,-132.41785572,-94.09632213,-38.22923064,perlmutter,kestrel,perlmutter,/pscratch/sd/j/jcho5/VASP/dft_jobs/C2H6_Pd100/singlepoint/beef_vdw,/kfs3/scratch/jcho5/goad-global-optimization/vasp_slab_kestrel/Pd100/beef_vdw,/pscratch/sd/j/jcho5/VASP/vasp_mol/C2H6/beef_vdw,0162956ba6e04cbc1888ec40454ef8b6fb5ea6be388c1f5eb6c18f5088de22d2,f6c0178ea46323c3a9bf8ef70b311570b531d8a2cd6d133eb6e33f85a41608ba,75736fb87a7367bfab9b2ade386c63802812384fc6661f9ddd61d2e04d39ce91,"Converged components; matching PAW TITEL identities, functional, composition, full slab cell and stored core settings. Archived Kestrel provenance retained. No energy scaling or offsets.",Perlmutter first,false,-0.092,2,-0.09230295,selected candidate applied
Pd100,ethanol,pbe,relaxed,ok,-0.27559447,-358.86121569,-311.70975881,-46.87586241,perlmutter,kestrel,perlmutter,/pscratch/sd/j/jcho5/VASP/dft_jobs/CH3CH2OH_Pd100/PBE,/kfs3/scratch/jcho5/goad-global-optimization/vasp_slab_kestrel/Pd100/PBE,/pscratch/sd/j/jcho5/VASP/vasp_mol/CH3CH2OH/PBE,8a24fc2d1ddb73838e798a99af62b5a940e501d927dfb6b66b90b71d447b5816,f995d1eb24e57d918b077b4543d8eb877e341e5bfac95b0acf30d14fa8404bd9,db3eaaee45d9a4ffb73d63455f615c768711c64633503306587eba6360bcc997,"Converged components; matching PAW TITEL identities, functional, composition, full slab cell and stored core settings. Archived Kestrel provenance retained. No energy scaling or offsets.",Perlmutter first,false,-0.276,1,-0.27559447,selected candidate applied
Pd100,ethanol,pbe,SPE,ok,-0.23061055,-358.81623177,-311.70975881,-46.87586241,perlmutter,kestrel,perlmutter,/pscratch/sd/j/jcho5/VASP/dft_jobs/CH3CH2OH_Pd100/singlepoint/PBE,/kfs3/scratch/jcho5/goad-global-optimization/vasp_slab_kestrel/Pd100/PBE,/pscratch/sd/j/jcho5/VASP/vasp_mol/CH3CH2OH/PBE,4169551e59ab0a229458db309708b52778a253f6f773d87467985090d4622070,f995d1eb24e57d918b077b4543d8eb877e341e5bfac95b0acf30d14fa8404bd9,db3eaaee45d9a4ffb73d63455f615c768711c64633503306587eba6360bcc997,"Converged components; matching PAW TITEL identities, functional, composition, full slab cell and stored core settings. Archived Kestrel provenance retained. No energy scaling or offsets.",Perlmutter first,false,-0.231,2,-0.23061055,selected candidate applied
Pd100,ethanol,pbe_d3,relaxed,ok,-0.72920409,-384.55459194,-336.90242357,-46.92296428,perlmutter,kestrel,perlmutter,/pscratch/sd/j/jcho5/VASP/dft_jobs/CH3CH2OH_Pd100/PBE_D3,/kfs3/scratch/jcho5/goad-global-optimization/vasp_slab_kestrel/Pd100/PBE_D3,/pscratch/sd/j/jcho5/VASP/vasp_mol/CH3CH2OH/PBE_D3,2bb2bb16dc602f750c72f3c431dc1caacf5a24e28e65c7bed1db7210f5f1f10e,8de6290cc3b380222347edcfc7579f759c5d8d1c89424031da5c52053ffdd3f2,917d270e3fa7febf16fef5bf22e1e30721b5162c5bcddd2aee95af69b5ce8c46,"Converged components; matching PAW TITEL identities, functional, composition, full slab cell and stored core settings. Archived Kestrel provenance retained. No energy scaling or offsets.",Perlmutter first,false,-0.729,1,-0.72920409,selected candidate applied
Pd100,ethanol,pbe_d3,SPE,ok,-0.56705121,-384.39243906,-336.90242357,-46.92296428,perlmutter,kestrel,perlmutter,/pscratch/sd/j/jcho5/VASP/dft_jobs/CH3CH2OH_Pd100/singlepoint/PBE_D3,/kfs3/scratch/jcho5/goad-global-optimization/vasp_slab_kestrel/Pd100/PBE_D3,/pscratch/sd/j/jcho5/VASP/vasp_mol/CH3CH2OH/PBE_D3,7e396c2222609e8a21e5b265a5c7a62b3fc22c5cf25b3672f87eff37ebf2e63b,8de6290cc3b380222347edcfc7579f759c5d8d1c89424031da5c52053ffdd3f2,917d270e3fa7febf16fef5bf22e1e30721b5162c5bcddd2aee95af69b5ce8c46,"Converged components; matching PAW TITEL identities, functional, composition, full slab cell and stored core settings. Archived Kestrel provenance retained. No energy scaling or offsets.",Perlmutter first,false,-0.567,2,-0.56705121,selected candidate applied
Pd100,ethanol,r2scan,relaxed,,,,,,,,,,,,,,,,No complete matched component set,false,,0,,withheld: refs unverified
Pd100,ethanol,r2scan,SPE,ok,-0.41945253,-1494.18842189,-1444.12937678,-49.63959258,perlmutter,kestrel,perlmutter,/pscratch/sd/j/jcho5/VASP/dft_jobs/CH3CH2OH_Pd100/singlepoint/r2scan,/kfs3/scratch/jcho5/goad-global-optimization/vasp_slab_kestrel/Pd100/r2scan,/pscratch/sd/j/jcho5/VASP/vasp_mol/CH3CH2OH/r2scan,850650004bad5c499e532a21b54950036a302c6e014a197836086aaf6d5d7489,8bfd1c36ce485e638eb7f31f805b2a4917d6ecf41d2a6d0e48e1f5dc634ae99f,4c2bba36480d6b1f5a858ecdfb9da6d6b803ad4e256f6e928027ea8146e082b1,"Converged components; matching PAW TITEL identities, functional, composition, full slab cell and stored core settings. Archived Kestrel provenance retained. No energy scaling or offsets.",Perlmutter first,false,-0.419,2,-0.41945253,selected candidate applied
Pd100,ethanol,beef_vdw,relaxed,ok,-0.59496185,-137.44149946,-94.09632213,-42.75021548,perlmutter,kestrel,perlmutter,/pscratch/sd/j/jcho5/VASP/dft_jobs/CH3CH2OH_Pd100/beef_vdw,/kfs3/scratch/jcho5/goad-global-optimization/vasp_slab_kestrel/Pd100/beef_vdw,/pscratch/sd/j/jcho5/VASP/vasp_mol/CH3CH2OH/beef_vdw,5a3ff04adb8b8406b239b38d057ee864c2ac65368e5b7af695beb59f46da56fe,f6c0178ea46323c3a9bf8ef70b311570b531d8a2cd6d133eb6e33f85a41608ba,50e154b624fcff1772eb90df010b0b697dbd63102eaaddacea15d1175849d327,"Converged components; matching PAW TITEL identities, functional, composition, full slab cell and stored core settings. Archived Kestrel provenance retained. No energy scaling or offsets.",Perlmutter first,false,-0.595,1,-0.59496185,selected candidate applied
Pd100,ethanol,beef_vdw,SPE,ok,-0.43335996,-137.27989757,-94.09632213,-42.75021548,perlmutter,kestrel,perlmutter,/pscratch/sd/j/jcho5/VASP/dft_jobs/CH3CH2OH_Pd100/singlepoint/beef_vdw,/kfs3/scratch/jcho5/goad-global-optimization/vasp_slab_kestrel/Pd100/beef_vdw,/pscratch/sd/j/jcho5/VASP/vasp_mol/CH3CH2OH/beef_vdw,8077bae38981fccab9cd47f65dce2cf121ac1eb6d014587b61f410f74cc39dff,f6c0178ea46323c3a9bf8ef70b311570b531d8a2cd6d133eb6e33f85a41608ba,50e154b624fcff1772eb90df010b0b697dbd63102eaaddacea15d1175849d327,"Converged components; matching PAW TITEL identities, functional, composition, full slab cell and stored core settings. Archived Kestrel provenance retained. No energy scaling or offsets.",Perlmutter first,false,-0.433,2,-0.43335996,selected candidate applied
Pd100,ethene,pbe,relaxed,,,,,,,,,,,,,,,,No complete matched component set,false,,0,,withheld: potential mismatch
Pd100,ethene,pbe,SPE,,,,,,,,,,,,,,,,Kestrel candidate held: matching Perlmutter structure not verified,false,,1,,withheld: potential mismatch
Pd100,ethene,pbe_d3,relaxed,,,,,,,,,,,,,,,,No complete matched component set,false,,0,,withheld: potential mismatch
Pd100,ethene,pbe_d3,SPE,,,,,,,,,,,,,,,,Kestrel candidate held: matching Perlmutter structure not verified,false,,1,,withheld: potential mismatch
Pd100,ethene,r2scan,relaxed,,,,,,,,,,,,,,,,No complete matched component set,false,,0,,withheld: potential mismatch
Pd100,ethene,r2scan,SPE,,,,,,,,,,,,,,,,Kestrel candidate held: matching Perlmutter structure not verified,false,,1,,withheld: potential mismatch
Pd100,ethene,beef_vdw,relaxed,,,,,,,,,,,,,,,,No complete matched component set,false,,0,,withheld: potential mismatch
Pd100,ethene,beef_vdw,SPE,,,,,,,,,,,,,,,,Kestrel candidate held: matching Perlmutter structure not verified,false,,1,,withheld: potential mismatch
Pd100,formaldehyde,pbe,relaxed,,,,,,,,,,,,,,,,No complete matched component set,false,,0,,withheld: potential mismatch
Pd100,formaldehyde,pbe,SPE,,,,,,,,,,,,,,,,No complete matched component set,false,,0,,withheld: potential mismatch
Pd100,formaldehyde,pbe_d3,relaxed,,,,,,,,,,,,,,,,No complete matched component set,false,,0,,withheld: potential mismatch
Pd100,formaldehyde,pbe_d3,SPE,,,,,,,,,,,,,,,,No complete matched component set,false,,0,,withheld: potential mismatch
Pd100,formaldehyde,r2scan,relaxed,,,,,,,,,,,,,,,,No complete matched component set,false,,0,,withheld: potential mismatch
Pd100,formaldehyde,r2scan,SPE,,,,,,,,,,,,,,,,No complete matched component set,false,,0,,withheld: potential mismatch
Pd100,formaldehyde,beef_vdw,relaxed,,,,,,,,,,,,,,,,No complete matched component set,false,,0,,withheld: potential mismatch
Pd100,formaldehyde,beef_vdw,SPE,,,,,,,,,,,,,,,,No complete matched component set,false,,0,,withheld: potential mismatch
Pd100,formic_acid,pbe,relaxed,,,,,,,,,,,,,,,,No complete matched component set,false,,0,,withheld: potential mismatch
Pd100,formic_acid,pbe,SPE,,,,,,,,,,,,,,,,No complete matched component set,false,,0,,missing
Pd100,formic_acid,pbe_d3,relaxed,,,,,,,,,,,,,,,,No complete matched component set,false,,0,,withheld: potential mismatch
Pd100,formic_acid,pbe_d3,SPE,,,,,,,,,,,,,,,,No complete matched component set,false,,0,,missing
Pd100,formic_acid,r2scan,relaxed,,,,,,,,,,,,,,,,No complete matched component set,false,,0,,missing
Pd100,formic_acid,r2scan,SPE,,,,,,,,,,,,,,,,No complete matched component set,false,,0,,missing
Pd100,formic_acid,beef_vdw,relaxed,,,,,,,,,,,,,,,,No complete matched component set,false,,0,,withheld: potential mismatch
Pd100,formic_acid,beef_vdw,SPE,,,,,,,,,,,,,,,,No complete matched component set,false,,0,,missing
Pd100,glycerol,pbe,relaxed,,,,,,,,,,,,,,,,No complete matched component set,false,,0,,withheld: refs unverified
Pd100,glycerol,pbe,SPE,ok,0.05974733,-387.90423863,-311.70975881,-76.25422715,kestrel,kestrel,kestrel,/kfs3/scratch/jcho5/goad-global-optimization/poscar/best/C3/Pd100_glycerol/singlepoint/PBE,/kfs3/scratch/jcho5/goad-global-optimization/vasp_slab_kestrel/Pd100/PBE,/kfs3/scratch/jcho5/goad-global-optimization/vasp_mol/glycerol/PBE,203fd68ed8197097519a506e0fe7d630c10a6fbfc76b7d9c308821d0af3f8e27,f995d1eb24e57d918b077b4543d8eb877e341e5bfac95b0acf30d14fa8404bd9,828acd659788dda17c39a2bd9f249eb73a357ce398f3870bc3ccdbfdb914904c,"Converged components; matching PAW TITEL identities, functional, composition, full slab cell and stored core settings. Archived Kestrel provenance retained. No energy scaling or offsets.",Kestrel: no usable Perlmutter binding-energy candidate,false,0.06,1,0.05974733,selected candidate applied
Pd100,glycerol,pbe_d3,relaxed,,,,,,,,,,,,,,,,No complete matched component set,false,,0,,withheld: refs unverified
Pd100,glycerol,pbe_d3,SPE,ok,-0.54966625,-413.85914549,-336.90242357,-76.40705567,kestrel,kestrel,kestrel,/kfs3/scratch/jcho5/goad-global-optimization/poscar/best/C3/Pd100_glycerol/singlepoint/PBE_D3,/kfs3/scratch/jcho5/goad-global-optimization/vasp_slab_kestrel/Pd100/PBE_D3,/kfs3/scratch/jcho5/goad-global-optimization/vasp_mol/glycerol/PBE_D3,394950fa09ddb2f7d6a38531b3bdf7db41488578159d0260327c046d4a22003e,8de6290cc3b380222347edcfc7579f759c5d8d1c89424031da5c52053ffdd3f2,40a204e0b55816c752f9bfc1d86e7885d081c1aafd5e22799415623df64c02d9,"Converged components; matching PAW TITEL identities, functional, composition, full slab cell and stored core settings. Archived Kestrel provenance retained. No energy scaling or offsets.",Kestrel: no usable Perlmutter binding-energy candidate,false,-0.55,1,-0.54966625,selected candidate applied
Pd100,glycerol,r2scan,relaxed,,,,,,,,,,,,,,,,No complete matched component set,false,,0,,withheld: refs unverified
Pd100,glycerol,r2scan,SPE,ok,-0.17153495,-1526.1996808,-1444.12937678,-81.89876907,kestrel,kestrel,kestrel,/kfs3/scratch/jcho5/goad-global-optimization/poscar/best/C3/Pd100_glycerol/singlepoint/r2scan,/kfs3/scratch/jcho5/goad-global-optimization/vasp_slab_kestrel/Pd100/r2scan,/kfs3/scratch/jcho5/goad-global-optimization/vasp_mol/glycerol/r2scan,0d51ad729b58edfee64c2341d6d85641b3dd300db3be80e7f9ca303b1e76040c,8bfd1c36ce485e638eb7f31f805b2a4917d6ecf41d2a6d0e48e1f5dc634ae99f,5c652d3c8b2fce3fa059d13306243bd2ac6e4c2a73f147ea5a9322b08816a2f0,"Converged components; matching PAW TITEL identities, functional, composition, full slab cell and stored core settings. Archived Kestrel provenance retained. No energy scaling or offsets.",Kestrel: no usable Perlmutter binding-energy candidate,false,-0.172,1,-0.17153495,selected candidate applied
Pd100,glycerol,beef_vdw,relaxed,,,,,,,,,,,,,,,,No complete matched component set,false,,0,,missing
Pd100,glycerol,beef_vdw,SPE,,,,,,,,,,,,,,,,No complete matched component set,false,,0,,withheld: refs unverified
Pd100,isopropanol,pbe,relaxed,,,,,,,,,,,,,,,,No complete matched component set,false,,0,,withheld: refs unverified
Pd100,isopropanol,pbe,SPE,ok,0.16396746,-375.08023238,-311.70975881,-63.53444103,kestrel,kestrel,kestrel,/kfs3/scratch/jcho5/goad-global-optimization/poscar/best/C3/Pd100_isopropanol/singlepoint/PBE,/kfs3/scratch/jcho5/goad-global-optimization/vasp_slab_kestrel/Pd100/PBE,/kfs3/scratch/jcho5/goad-global-optimization/vasp_mol/isopropanol/PBE,4b77bfc4882068deaf78db0f2f91a32963f9a66c45d91aae047b623afe39f8a6,f995d1eb24e57d918b077b4543d8eb877e341e5bfac95b0acf30d14fa8404bd9,39a27d096d8793d0f96ba63f99f485ddd2d74e2ec68b0b8dcda5fb3c1b8fa0ad,"Converged components; matching PAW TITEL identities, functional, composition, full slab cell and stored core settings. Archived Kestrel provenance retained. No energy scaling or offsets.",Kestrel: no usable Perlmutter binding-energy candidate,false,0.164,1,0.16396746,selected candidate applied
Pd100,isopropanol,pbe_d3,relaxed,,,,,,,,,,,,,,,,No complete matched component set,false,,0,,withheld: refs unverified
Pd100,isopropanol,pbe_d3,SPE,ok,-0.27479254,-400.81007925,-336.90242357,-63.63286314,kestrel,kestrel,kestrel,/kfs3/scratch/jcho5/goad-global-optimization/poscar/best/C3/Pd100_isopropanol/singlepoint/PBE_D3,/kfs3/scratch/jcho5/goad-global-optimization/vasp_slab_kestrel/Pd100/PBE_D3,/kfs3/scratch/jcho5/goad-global-optimization/vasp_mol/isopropanol/PBE_D3,5c012ebcab590b58218c5e80a8397199b3c5516dd048164b4ca83a8d03d37bdc,8de6290cc3b380222347edcfc7579f759c5d8d1c89424031da5c52053ffdd3f2,e5c0c7e93dba3a9ef1bac6ff8e63353c3c2b5a45ea58c63ede8c27150ee2a2df,"Converged components; matching PAW TITEL identities, functional, composition, full slab cell and stored core settings. Archived Kestrel provenance retained. No energy scaling or offsets.",Kestrel: no usable Perlmutter binding-energy candidate,false,-0.275,1,-0.27479254,selected candidate applied
Pd100,isopropanol,r2scan,relaxed,,,,,,,,,,,,,,,,No complete matched component set,false,,0,,withheld: refs unverified
Pd100,isopropanol,r2scan,SPE,ok,-0.02203308,-1511.30500224,-1444.12937678,-67.15359238,kestrel,kestrel,kestrel,/kfs3/scratch/jcho5/goad-global-optimization/poscar/best/C3/Pd100_isopropanol/singlepoint/r2scan,/kfs3/scratch/jcho5/goad-global-optimization/vasp_slab_kestrel/Pd100/r2scan,/kfs3/scratch/jcho5/goad-global-optimization/vasp_mol/isopropanol/r2scan,0df10bf2e77cb089e216fb1ffc22e7dd74fe6e1e57e82718416c0cc10b36d962,8bfd1c36ce485e638eb7f31f805b2a4917d6ecf41d2a6d0e48e1f5dc634ae99f,934fb2a746fce016f5d577a71010c9ff2db4837d3e4ad54fc6ef68f4c198897d,"Converged components; matching PAW TITEL identities, functional, composition, full slab cell and stored core settings. Archived Kestrel provenance retained. No energy scaling or offsets.",Kestrel: no usable Perlmutter binding-energy candidate,false,-0.022,1,-0.02203308,selected candidate applied
Pd100,isopropanol,beef_vdw,relaxed,,,,,,,,,,,,,,,,No complete matched component set,false,,0,,missing
Pd100,isopropanol,beef_vdw,SPE,ok,-0.16984744,-152.48251402,-94.09632213,-58.21634445,kestrel,kestrel,kestrel,/kfs3/scratch/jcho5/goad-global-optimization/poscar/best/C3/Pd100_isopropanol/singlepoint/beef_vdw,/kfs3/scratch/jcho5/goad-global-optimization/vasp_slab_kestrel/Pd100/beef_vdw,/kfs3/scratch/jcho5/goad-global-optimization/vasp_mol/isopropanol/beef_vdw,acebf5bda88701a9dd7048b8dbd76d7f460aa0aee4b7ec59737e41982e488b69,f6c0178ea46323c3a9bf8ef70b311570b531d8a2cd6d133eb6e33f85a41608ba,abaa4aab155436d960d26131a7cd4890541bb88307e8a6e18330f366ba92ae6e,"Converged components; matching PAW TITEL identities, functional, composition, full slab cell and stored core settings. Archived Kestrel provenance retained. No energy scaling or offsets.",Kestrel: no usable Perlmutter binding-energy candidate,false,-0.17,1,-0.16984744,selected candidate applied
Pd100,methane,pbe,relaxed,,,,,,,,,,,,,,,,No complete matched component set,false,,0,,withheld: potential mismatch
Pd100,methane,pbe,SPE,,,,,,,,,,,,,,,,No complete matched component set,false,,0,,withheld: potential mismatch
Pd100,methane,pbe_d3,relaxed,,,,,,,,,,,,,,,,No complete matched component set,false,,0,,withheld: potential mismatch
Pd100,methane,pbe_d3,SPE,,,,,,,,,,,,,,,,No complete matched component set,false,,0,,withheld: potential mismatch
Pd100,methane,r2scan,relaxed,,,,,,,,,,,,,,,,No complete matched component set,false,,0,,withheld: potential mismatch
Pd100,methane,r2scan,SPE,,,,,,,,,,,,,,,,No complete matched component set,false,,0,,withheld: potential mismatch
Pd100,methane,beef_vdw,relaxed,,,,,,,,,,,,,,,,No complete matched component set,false,,0,,withheld: potential mismatch
Pd100,methane,beef_vdw,SPE,,,,,,,,,,,,,,,,No complete matched component set,false,,0,,withheld: potential mismatch
Pd100,methanol,pbe,relaxed,,,,,,,,,,,,,,,,No complete matched component set,false,,0,,withheld: potential mismatch
Pd100,methanol,pbe,SPE,,,,,,,,,,,,,,,,No complete matched component set,false,,0,,withheld: potential mismatch
Pd100,methanol,pbe_d3,relaxed,,,,,,,,,,,,,,,,No complete matched component set,false,,0,,withheld: potential mismatch
Pd100,methanol,pbe_d3,SPE,,,,,,,,,,,,,,,,No complete matched component set,false,,0,,withheld: potential mismatch
Pd100,methanol,r2scan,relaxed,,,,,,,,,,,,,,,,No complete matched component set,false,,0,,withheld: potential mismatch
Pd100,methanol,r2scan,SPE,,,,,,,,,,,,,,,,No complete matched component set,false,,0,,withheld: potential mismatch
Pd100,methanol,beef_vdw,relaxed,,,,,,,,,,,,,,,,No complete matched component set,false,,0,,withheld: potential mismatch
Pd100,methanol,beef_vdw,SPE,,,,,,,,,,,,,,,,No complete matched component set,false,,0,,withheld: potential mismatch
Pd100,propane,pbe,relaxed,,,,,,,,,,,,,,,,No complete matched component set,false,,0,,withheld: refs unverified
Pd100,propane,pbe,SPE,ok,0.30172010,-368.43593934,-311.70975881,-57.02790063,kestrel,kestrel,kestrel,/kfs3/scratch/jcho5/goad-global-optimization/poscar/best/C3/Pd100_propane/singlepoint/PBE,/kfs3/scratch/jcho5/goad-global-optimization/vasp_slab_kestrel/Pd100/PBE,/kfs3/scratch/jcho5/goad-global-optimization/vasp_mol/propane/PBE,23735f1706b98a40fd7b9ebe69e9d66294c88b86bbe06b3551d7d5a8dc587407,f995d1eb24e57d918b077b4543d8eb877e341e5bfac95b0acf30d14fa8404bd9,90784e8fb0f20fc7be46d1d2ef06a6e384e172edc3192f14be345737dcb40311,"Converged components; matching PAW TITEL identities, functional, composition, full slab cell and stored core settings. Archived Kestrel provenance retained. No energy scaling or offsets.",Kestrel: no usable Perlmutter binding-energy candidate,false,0.302,1,0.30172010,selected candidate applied
Pd100,propane,pbe_d3,relaxed,,,,,,,,,,,,,,,,No complete matched component set,false,,0,,withheld: refs unverified
Pd100,propane,pbe_d3,SPE,ok,-0.11086216,-394.10659106,-336.90242357,-57.09330533,kestrel,kestrel,kestrel,/kfs3/scratch/jcho5/goad-global-optimization/poscar/best/C3/Pd100_propane/singlepoint/PBE_D3,/kfs3/scratch/jcho5/goad-global-optimization/vasp_slab_kestrel/Pd100/PBE_D3,/kfs3/scratch/jcho5/goad-global-optimization/vasp_mol/propane/PBE_D3,5ccd1bb328f6af7e4febef49def1b706145329596213b6daadb29d31ad20393a,8de6290cc3b380222347edcfc7579f759c5d8d1c89424031da5c52053ffdd3f2,87d8301cb1fef4bb3512a58b4d11aae2d2a709b9089d8ee62e64bf6e0d1dba0b,"Converged components; matching PAW TITEL identities, functional, composition, full slab cell and stored core settings. Archived Kestrel provenance retained. No energy scaling or offsets.",Kestrel: no usable Perlmutter binding-energy candidate,false,-0.111,1,-0.11086216,selected candidate applied
Pd100,propane,r2scan,relaxed,,,,,,,,,,,,,,,,No complete matched component set,false,,0,,withheld: refs unverified
Pd100,propane,r2scan,SPE,ok,0.09139252,-1503.64977499,-1444.12937678,-59.61179073,kestrel,kestrel,kestrel,/kfs3/scratch/jcho5/goad-global-optimization/poscar/best/C3/Pd100_propane/singlepoint/r2scan,/kfs3/scratch/jcho5/goad-global-optimization/vasp_slab_kestrel/Pd100/r2scan,/kfs3/scratch/jcho5/goad-global-optimization/vasp_mol/propane/r2scan,921efa45d81a8cfaacbe5a99dc228edac5b775ab59777cbf608ea0b88c2de400,8bfd1c36ce485e638eb7f31f805b2a4917d6ecf41d2a6d0e48e1f5dc634ae99f,c19603813b6122584cd5465304fd7e318aa921ebb8ddd5a8eeac2f00bd4f77f9,"Converged components; matching PAW TITEL identities, functional, composition, full slab cell and stored core settings. Archived Kestrel provenance retained. No energy scaling or offsets.",Kestrel: no usable Perlmutter binding-energy candidate,false,0.091,1,0.09139252,selected candidate applied
Pd100,propane,beef_vdw,relaxed,,,,,,,,,,,,,,,,No complete matched component set,false,,0,,missing
Pd100,propane,beef_vdw,SPE,ok,-0.03514869,-147.69316155,-94.09632213,-53.56169073,kestrel,kestrel,kestrel,/kfs3/scratch/jcho5/goad-global-optimization/poscar/best/C3/Pd100_propane/singlepoint/beef_vdw,/kfs3/scratch/jcho5/goad-global-optimization/vasp_slab_kestrel/Pd100/beef_vdw,/kfs3/scratch/jcho5/goad-global-optimization/vasp_mol/propane/beef_vdw,7ff23228c3f5f430d287b2d7f5279f240c6e857415afc5e1f9bd29ea3215c00c,f6c0178ea46323c3a9bf8ef70b311570b531d8a2cd6d133eb6e33f85a41608ba,b6bcc086e2bc81eae1d8256081ca6059015e8bae89d4d3350505efd9b8590325,"Converged components; matching PAW TITEL identities, functional, composition, full slab cell and stored core settings. Archived Kestrel provenance retained. No energy scaling or offsets.",Kestrel: no usable Perlmutter binding-energy candidate,false,-0.035,1,-0.03514869,selected candidate applied
Pd100,propanol,pbe,relaxed,,,,,,,,,,,,,,,,No complete matched component set,false,,0,,withheld: refs unverified
Pd100,propanol,pbe,SPE,ok,0.20157341,-374.89698682,-311.70975881,-63.38880142,kestrel,kestrel,kestrel,/kfs3/scratch/jcho5/goad-global-optimization/poscar/best/C3/Pd100_propanol/singlepoint/PBE,/kfs3/scratch/jcho5/goad-global-optimization/vasp_slab_kestrel/Pd100/PBE,/kfs3/scratch/jcho5/goad-global-optimization/vasp_mol/propanol/PBE,45038978f777cba10288f68c800517b084fd3d464eabfeee824924896d904bb4,f995d1eb24e57d918b077b4543d8eb877e341e5bfac95b0acf30d14fa8404bd9,106e16a9cacc495be042da0d97fe1c6cb088d37fa8ec21c8daef576b1dbb3127,"Converged components; matching PAW TITEL identities, functional, composition, full slab cell and stored core settings. Archived Kestrel provenance retained. No energy scaling or offsets.",Kestrel: no usable Perlmutter binding-energy candidate,false,0.202,1,0.20157341,selected candidate applied
Pd100,propanol,pbe_d3,relaxed,,,,,,,,,,,,,,,,No complete matched component set,false,,0,,withheld: refs unverified
Pd100,propanol,pbe_d3,SPE,ok,-0.26570830,-400.65021593,-336.90242357,-63.48208406,kestrel,kestrel,kestrel,/kfs3/scratch/jcho5/goad-global-optimization/poscar/best/C3/Pd100_propanol/singlepoint/PBE_D3,/kfs3/scratch/jcho5/goad-global-optimization/vasp_slab_kestrel/Pd100/PBE_D3,/kfs3/scratch/jcho5/goad-global-optimization/vasp_mol/propanol/PBE_D3,b433ebdee1d5fc7dce80a40532e74a682bb5f56bd11d492c26443a216fb9a9c2,8de6290cc3b380222347edcfc7579f759c5d8d1c89424031da5c52053ffdd3f2,a371ac9cb66f5b5f5301fe75d5d75604a05b6bbb390367d90a10829d11e2d6d4,"Converged components; matching PAW TITEL identities, functional, composition, full slab cell and stored core settings. Archived Kestrel provenance retained. No energy scaling or offsets.",Kestrel: no usable Perlmutter binding-energy candidate,false,-0.266,1,-0.26570830,selected candidate applied
Pd100,propanol,r2scan,relaxed,,,,,,,,,,,,,,,,No complete matched component set,false,,0,,withheld: refs unverified
Pd100,propanol,r2scan,SPE,ok,-0.01247447,-1511.12530863,-1444.12937678,-66.98345738,kestrel,kestrel,kestrel,/kfs3/scratch/jcho5/goad-global-optimization/poscar/best/C3/Pd100_propanol/singlepoint/r2scan,/kfs3/scratch/jcho5/goad-global-optimization/vasp_slab_kestrel/Pd100/r2scan,/kfs3/scratch/jcho5/goad-global-optimization/vasp_mol/propanol/r2scan,3151f59db229a1a95ab5b2bdc88689c4d51003110077eaf8a48f44917ff5c349,8bfd1c36ce485e638eb7f31f805b2a4917d6ecf41d2a6d0e48e1f5dc634ae99f,47bca4baa7752117440e3d73f1c6f0417ea7a13e2130b00dacf556ee0514a1cb,"Converged components; matching PAW TITEL identities, functional, composition, full slab cell and stored core settings. Archived Kestrel provenance retained. No energy scaling or offsets.",Kestrel: no usable Perlmutter binding-energy candidate,false,-0.012,1,-0.01247447,selected candidate applied
Pd100,propanol,beef_vdw,relaxed,,,,,,,,,,,,,,,,No complete matched component set,false,,0,,missing
Pd100,propanol,beef_vdw,SPE,ok,-0.08716095,-152.25147152,-94.09632213,-58.06798844,kestrel,kestrel,kestrel,/kfs3/scratch/jcho5/goad-global-optimization/poscar/best/C3/Pd100_propanol/singlepoint/beef_vdw,/kfs3/scratch/jcho5/goad-global-optimization/vasp_slab_kestrel/Pd100/beef_vdw,/kfs3/scratch/jcho5/goad-global-optimization/vasp_mol/propanol/beef_vdw,380a9648a84860193e7f09d9b0d251d6558cd42adea0a70ff828778bc28f7356,f6c0178ea46323c3a9bf8ef70b311570b531d8a2cd6d133eb6e33f85a41608ba,f51683128715aedfcc2555c4f18942247e6e048b7084a0353126dc85da2c9340,"Converged components; matching PAW TITEL identities, functional, composition, full slab cell and stored core settings. Archived Kestrel provenance retained. No energy scaling or offsets.",Kestrel: no usable Perlmutter binding-energy candidate,false,-0.087,1,-0.08716095,selected candidate applied
Pd100,propene,pbe,relaxed,,,,,,,,,,,,,,,,No complete matched component set,false,,0,,withheld: refs unverified
Pd100,propene,pbe,SPE,ok,-0.72490876,-361.10222605,-311.70975881,-48.66755848,kestrel,kestrel,kestrel,/kfs3/scratch/jcho5/goad-global-optimization/poscar/best/C3/Pd100_propene/singlepoint/PBE,/kfs3/scratch/jcho5/goad-global-optimization/vasp_slab_kestrel/Pd100/PBE,/kfs3/scratch/jcho5/goad-global-optimization/vasp_mol/propene/PBE,f91b57c31cf89322d204203832c7ba1d6928d819244a48fd11cf5418d04ca0ce,f995d1eb24e57d918b077b4543d8eb877e341e5bfac95b0acf30d14fa8404bd9,c6e5b8314b75b5836cc1562566387dba9a126a589a7867fbe91ff5db75927546,"Converged components; matching PAW TITEL identities, functional, composition, full slab cell and stored core settings. Archived Kestrel provenance retained. No energy scaling or offsets.",Kestrel: no usable Perlmutter binding-energy candidate,false,-0.725,1,-0.72490876,selected candidate applied
Pd100,propene,pbe_d3,relaxed,,,,,,,,,,,,,,,,No complete matched component set,false,,0,,withheld: refs unverified
Pd100,propene,pbe_d3,SPE,ok,-1.17253304,-386.78282329,-336.90242357,-48.70786668,kestrel,kestrel,kestrel,/kfs3/scratch/jcho5/goad-global-optimization/poscar/best/C3/Pd100_propene/singlepoint/PBE_D3,/kfs3/scratch/jcho5/goad-global-optimization/vasp_slab_kestrel/Pd100/PBE_D3,/kfs3/scratch/jcho5/goad-global-optimization/vasp_mol/propene/PBE_D3,535419116c9be9b784142b609908a3829731e11099d89509d660fab4bce7c827,8de6290cc3b380222347edcfc7579f759c5d8d1c89424031da5c52053ffdd3f2,f85bcda02255b3a903d20168c99596b916d618f0f6f818f15acb25d7df4248ba,"Converged components; matching PAW TITEL identities, functional, composition, full slab cell and stored core settings. Archived Kestrel provenance retained. No energy scaling or offsets.",Kestrel: no usable Perlmutter binding-energy candidate,false,-1.173,1,-1.17253304,selected candidate applied
Pd100,propene,r2scan,relaxed,,,,,,,,,,,,,,,,No complete matched component set,false,,0,,withheld: refs unverified
Pd100,propene,r2scan,SPE,ok,-1.01317600,-1496.20544156,-1444.12937678,-51.06288878,kestrel,kestrel,kestrel,/kfs3/scratch/jcho5/goad-global-optimization/poscar/best/C3/Pd100_propene/singlepoint/r2scan,/kfs3/scratch/jcho5/goad-global-optimization/vasp_slab_kestrel/Pd100/r2scan,/kfs3/scratch/jcho5/goad-global-optimization/vasp_mol/propene/r2scan,685c54c4b444cb55c743c8ca1476be3553a1042d78662160b295cffe9d297109,8bfd1c36ce485e638eb7f31f805b2a4917d6ecf41d2a6d0e48e1f5dc634ae99f,16ecfd4c2332c368dfd51cfe5db76e7ec02aa26af9b40540b18fd100dcbae08b,"Converged components; matching PAW TITEL identities, functional, composition, full slab cell and stored core settings. Archived Kestrel provenance retained. No energy scaling or offsets.",Kestrel: no usable Perlmutter binding-energy candidate,false,-1.013,1,-1.01317600,selected candidate applied
Pd100,propene,beef_vdw,relaxed,,,,,,,,,,,,,,,,No complete matched component set,false,,0,,missing
Pd100,propene,beef_vdw,SPE,ok,-0.86329905,-140.00515118,-94.09632213,-45.04553,kestrel,kestrel,kestrel,/kfs3/scratch/jcho5/goad-global-optimization/poscar/best/C3/Pd100_propene/singlepoint/beef_vdw,/kfs3/scratch/jcho5/goad-global-optimization/vasp_slab_kestrel/Pd100/beef_vdw,/kfs3/scratch/jcho5/goad-global-optimization/vasp_mol/propene/beef_vdw,ed03d5025311c836fee525a5465a643e91dd14af3b7e45391f478ff487179d76,f6c0178ea46323c3a9bf8ef70b311570b531d8a2cd6d133eb6e33f85a41608ba,f8d2cc21b4b8dd7162a2f6abfaad773d5524f4ba872bb3d721820e3f88c3ee36,"Converged components; matching PAW TITEL identities, functional, composition, full slab cell and stored core settings. Archived Kestrel provenance retained. No energy scaling or offsets.",Kestrel: no usable Perlmutter binding-energy candidate,false,-0.863,1,-0.86329905,selected candidate applied
Pd110,CH3,pbe,relaxed,,,,,,,,,,,,,,,,No complete matched component set,false,,0,,withheld: potential mismatch
Pd110,CH3,pbe,SPE,,,,,,,,,,,,,,,,No complete matched component set,false,,0,,withheld: potential mismatch
Pd110,CH3,pbe_d3,relaxed,,,,,,,,,,,,,,,,No complete matched component set,false,,0,,withheld: potential mismatch
Pd110,CH3,pbe_d3,SPE,,,,,,,,,,,,,,,,No complete matched component set,false,,0,,withheld: potential mismatch
Pd110,CH3,r2scan,relaxed,,,,,,,,,,,,,,,,No complete matched component set,false,,0,,withheld: potential mismatch
Pd110,CH3,r2scan,SPE,,,,,,,,,,,,,,,,No complete matched component set,false,,0,,withheld: potential mismatch
Pd110,CH3,beef_vdw,relaxed,,,,,,,,,,,,,,,,No complete matched component set,false,,0,,withheld: potential mismatch
Pd110,CH3,beef_vdw,SPE,,,,,,,,,,,,,,,,No complete matched component set,false,,0,,withheld: potential mismatch
Pd110,CO,pbe,relaxed,,,,,,,,,,,,,,,,No complete matched component set,false,,0,,withheld: potential mismatch
Pd110,CO,pbe,SPE,,,,,,,,,,,,,,,,No complete matched component set,false,,0,,withheld: potential mismatch
Pd110,CO,pbe_d3,relaxed,,,,,,,,,,,,,,,,No complete matched component set,false,,0,,withheld: potential mismatch
Pd110,CO,pbe_d3,SPE,,,,,,,,,,,,,,,,No complete matched component set,false,,0,,withheld: potential mismatch
Pd110,CO,r2scan,relaxed,,,,,,,,,,,,,,,,No complete matched component set,false,,0,,withheld: potential mismatch
Pd110,CO,r2scan,SPE,,,,,,,,,,,,,,,,No complete matched component set,false,,0,,withheld: potential mismatch
Pd110,CO,beef_vdw,relaxed,,,,,,,,,,,,,,,,No complete matched component set,false,,0,,withheld: potential mismatch
Pd110,CO,beef_vdw,SPE,,,,,,,,,,,,,,,,No complete matched component set,false,,0,,withheld: potential mismatch
Pd110,CO2,pbe,relaxed,,,,,,,,,,,,,,,,No complete matched component set,false,,0,,withheld: potential mismatch
Pd110,CO2,pbe,SPE,,,,,,,,,,,,,,,,Kestrel candidate held: matching Perlmutter structure not verified,false,,1,,withheld: potential mismatch
Pd110,CO2,pbe_d3,relaxed,,,,,,,,,,,,,,,,No complete matched component set,false,,0,,missing
Pd110,CO2,pbe_d3,SPE,,,,,,,,,,,,,,,,No complete matched component set,false,,0,,missing
Pd110,CO2,r2scan,relaxed,,,,,,,,,,,,,,,,No complete matched component set,false,,0,,withheld: potential mismatch
Pd110,CO2,r2scan,SPE,,,,,,,,,,,,,,,,Kestrel candidate held: matching Perlmutter structure not verified,false,,1,,withheld: potential mismatch
Pd110,CO2,beef_vdw,relaxed,,,,,,,,,,,,,,,,No complete matched component set,false,,0,,withheld: potential mismatch
Pd110,CO2,beef_vdw,SPE,,,,,,,,,,,,,,,,Kestrel candidate held: matching Perlmutter structure not verified,false,,1,,withheld: potential mismatch
Pd110,DME,pbe,relaxed,,,,,,,,,,,,,,,,No complete matched component set,false,,0,,withheld: potential mismatch
Pd110,DME,pbe,SPE,,,,,,,,,,,,,,,,No complete matched component set,false,,0,,withheld: potential mismatch
Pd110,DME,pbe_d3,relaxed,,,,,,,,,,,,,,,,No complete matched component set,false,,0,,missing
Pd110,DME,pbe_d3,SPE,,,,,,,,,,,,,,,,No complete matched component set,false,,0,,withheld: potential mismatch
Pd110,DME,r2scan,relaxed,,,,,,,,,,,,,,,,No complete matched component set,false,,0,,withheld: potential mismatch
Pd110,DME,r2scan,SPE,,,,,,,,,,,,,,,,No complete matched component set,false,,0,,withheld: potential mismatch
Pd110,DME,beef_vdw,relaxed,,,,,,,,,,,,,,,,No complete matched component set,false,,0,,withheld: potential mismatch
Pd110,DME,beef_vdw,SPE,,,,,,,,,,,,,,,,No complete matched component set,false,,0,,withheld: potential mismatch
Pd110,H2O,pbe,relaxed,,,,,,,,,,,,,,,,No complete matched component set,false,,0,,withheld: potential mismatch
Pd110,H2O,pbe,SPE,,,,,,,,,,,,,,,,No complete matched component set,false,,0,,withheld: potential mismatch
Pd110,H2O,pbe_d3,relaxed,,,,,,,,,,,,,,,,No complete matched component set,false,,0,,withheld: potential mismatch
Pd110,H2O,pbe_d3,SPE,,,,,,,,,,,,,,,,No complete matched component set,false,,0,,withheld: potential mismatch
Pd110,H2O,r2scan,relaxed,,,,,,,,,,,,,,,,No complete matched component set,false,,0,,withheld: potential mismatch
Pd110,H2O,r2scan,SPE,,,,,,,,,,,,,,,,No complete matched component set,false,,0,,withheld: potential mismatch
Pd110,H2O,beef_vdw,relaxed,,,,,,,,,,,,,,,,No complete matched component set,false,,0,,missing
Pd110,H2O,beef_vdw,SPE,,,,,,,,,,,,,,,,No complete matched component set,false,,0,,withheld: potential mismatch
Pd110,H2S,pbe,relaxed,,,,,,,,,,,,,,,,No complete matched component set,false,,0,,withheld: potential mismatch
Pd110,H2S,pbe,SPE,,,,,,,,,,,,,,,,No complete matched component set,false,,0,,withheld: potential mismatch
Pd110,H2S,pbe_d3,relaxed,,,,,,,,,,,,,,,,No complete matched component set,false,,0,,withheld: potential mismatch
Pd110,H2S,pbe_d3,SPE,,,,,,,,,,,,,,,,No complete matched component set,false,,0,,withheld: potential mismatch
Pd110,H2S,r2scan,relaxed,,,,,,,,,,,,,,,,No complete matched component set,false,,0,,withheld: potential mismatch
Pd110,H2S,r2scan,SPE,,,,,,,,,,,,,,,,No complete matched component set,false,,0,,withheld: potential mismatch
Pd110,H2S,beef_vdw,relaxed,,,,,,,,,,,,,,,,No complete matched component set,false,,0,,withheld: potential mismatch
Pd110,H2S,beef_vdw,SPE,,,,,,,,,,,,,,,,No complete matched component set,false,,0,,withheld: potential mismatch
Pd110,N2,pbe,relaxed,,,,,,,,,,,,,,,,No complete matched component set,false,,0,,withheld: potential mismatch
Pd110,N2,pbe,SPE,,,,,,,,,,,,,,,,No complete matched component set,false,,0,,missing
Pd110,N2,pbe_d3,relaxed,,,,,,,,,,,,,,,,No complete matched component set,false,,0,,withheld: potential mismatch
Pd110,N2,pbe_d3,SPE,,,,,,,,,,,,,,,,No complete matched component set,false,,0,,missing
Pd110,N2,r2scan,relaxed,,,,,,,,,,,,,,,,No complete matched component set,false,,0,,missing
Pd110,N2,r2scan,SPE,,,,,,,,,,,,,,,,No complete matched component set,false,,0,,missing
Pd110,N2,beef_vdw,relaxed,,,,,,,,,,,,,,,,No complete matched component set,false,,0,,missing
Pd110,N2,beef_vdw,SPE,,,,,,,,,,,,,,,,No complete matched component set,false,,0,,missing
Pd110,NH3,pbe,relaxed,,,,,,,,,,,,,,,,No complete matched component set,false,,0,,withheld: potential mismatch
Pd110,NH3,pbe,SPE,,,,,,,,,,,,,,,,No complete matched component set,false,,0,,missing
Pd110,NH3,pbe_d3,relaxed,,,,,,,,,,,,,,,,No complete matched component set,false,,0,,withheld: potential mismatch
Pd110,NH3,pbe_d3,SPE,,,,,,,,,,,,,,,,No complete matched component set,false,,0,,missing
Pd110,NH3,r2scan,relaxed,,,,,,,,,,,,,,,,No complete matched component set,false,,0,,withheld: potential mismatch
Pd110,NH3,r2scan,SPE,,,,,,,,,,,,,,,,No complete matched component set,false,,0,,missing
Pd110,NH3,beef_vdw,relaxed,,,,,,,,,,,,,,,,No complete matched component set,false,,0,,missing
Pd110,NH3,beef_vdw,SPE,,,,,,,,,,,,,,,,No complete matched component set,false,,0,,missing
Pd110,NO,pbe,relaxed,,,,,,,,,,,,,,,,No complete matched component set,false,,0,,withheld: potential mismatch
Pd110,NO,pbe,SPE,,,,,,,,,,,,,,,,No complete matched component set,false,,0,,missing
Pd110,NO,pbe_d3,relaxed,,,,,,,,,,,,,,,,No complete matched component set,false,,0,,withheld: potential mismatch
Pd110,NO,pbe_d3,SPE,,,,,,,,,,,,,,,,No complete matched component set,false,,0,,missing
Pd110,NO,r2scan,relaxed,,,,,,,,,,,,,,,,No complete matched component set,false,,0,,missing
Pd110,NO,r2scan,SPE,,,,,,,,,,,,,,,,No complete matched component set,false,,0,,missing
Pd110,NO,beef_vdw,relaxed,,,,,,,,,,,,,,,,No complete matched component set,false,,0,,withheld: potential mismatch
Pd110,NO,beef_vdw,SPE,,,,,,,,,,,,,,,,No complete matched component set,false,,0,,missing
Pd110,SO2,pbe,relaxed,,,,,,,,,,,,,,,,No complete matched component set,false,,0,,withheld: potential mismatch
Pd110,SO2,pbe,SPE,,,,,,,,,,,,,,,,No complete matched component set,false,,0,,missing
Pd110,SO2,pbe_d3,relaxed,,,,,,,,,,,,,,,,No complete matched component set,false,,0,,withheld: potential mismatch
Pd110,SO2,pbe_d3,SPE,,,,,,,,,,,,,,,,No complete matched component set,false,,0,,missing
Pd110,SO2,r2scan,relaxed,,,,,,,,,,,,,,,,No complete matched component set,false,,0,,withheld: potential mismatch
Pd110,SO2,r2scan,SPE,,,,,,,,,,,,,,,,No complete matched component set,false,,0,,missing
Pd110,SO2,beef_vdw,relaxed,,,,,,,,,,,,,,,,No complete matched component set,false,,0,,withheld: potential mismatch
Pd110,SO2,beef_vdw,SPE,,,,,,,,,,,,,,,,No complete matched component set,false,,0,,missing
Pd110,acetaldehyde,pbe,relaxed,,,,,,,,,,,,,,,,No complete matched component set,false,,0,,withheld: potential mismatch
Pd110,acetaldehyde,pbe,SPE,,,,,,,,,,,,,,,,No complete matched component set,false,,0,,withheld: potential mismatch
Pd110,acetaldehyde,pbe_d3,relaxed,,,,,,,,,,,,,,,,No complete matched component set,false,,0,,withheld: potential mismatch
Pd110,acetaldehyde,pbe_d3,SPE,,,,,,,,,,,,,,,,No complete matched component set,false,,0,,withheld: potential mismatch
Pd110,acetaldehyde,r2scan,relaxed,,,,,,,,,,,,,,,,No complete matched component set,false,,0,,withheld: potential mismatch
Pd110,acetaldehyde,r2scan,SPE,,,,,,,,,,,,,,,,No complete matched component set,false,,0,,withheld: potential mismatch
Pd110,acetaldehyde,beef_vdw,relaxed,,,,,,,,,,,,,,,,No complete matched component set,false,,0,,withheld: potential mismatch
Pd110,acetaldehyde,beef_vdw,SPE,,,,,,,,,,,,,,,,No complete matched component set,false,,0,,withheld: potential mismatch
Pd110,acetic_acid,pbe,relaxed,,,,,,,,,,,,,,,,No complete matched component set,false,,0,,missing
Pd110,acetic_acid,pbe,SPE,,,,,,,,,,,,,,,,No complete matched component set,false,,0,,missing
Pd110,acetic_acid,pbe_d3,relaxed,,,,,,,,,,,,,,,,No complete matched component set,false,,0,,missing
Pd110,acetic_acid,pbe_d3,SPE,,,,,,,,,,,,,,,,No complete matched component set,false,,0,,missing
Pd110,acetic_acid,r2scan,relaxed,,,,,,,,,,,,,,,,No complete matched component set,false,,0,,withheld: potential mismatch
Pd110,acetic_acid,r2scan,SPE,,,,,,,,,,,,,,,,No complete matched component set,false,,0,,withheld: potential mismatch
Pd110,acetic_acid,beef_vdw,relaxed,,,,,,,,,,,,,,,,No complete matched component set,false,,0,,withheld: potential mismatch
Pd110,acetic_acid,beef_vdw,SPE,,,,,,,,,,,,,,,,No complete matched component set,false,,0,,withheld: potential mismatch
Pd110,ethane,pbe,relaxed,ok,-0.04316484,-339.75800758,-299.21522595,-40.49961679,perlmutter,kestrel,perlmutter,/pscratch/sd/j/jcho5/VASP/dft_jobs/C2H6_Pd110/PBE,/kfs3/scratch/jcho5/goad-global-optimization/vasp_slab_kestrel/Pd110/PBE,/pscratch/sd/j/jcho5/VASP/vasp_mol/C2H6/PBE,e649d602a847d8be588e4dcaa79108d7b4b000957ad3263d2c7f22d5820c55e1,d135650cd62106cb332c7874f7c67ec8f9c7a746f7a2620cedf4599dc87d04e0,9005b8a31fb6402e31baf8d69fb8269febb7a534243f4cce1cce7364f312f903,"Converged components; matching PAW TITEL identities, functional, composition, full slab cell and stored core settings. Archived Kestrel provenance retained. No energy scaling or offsets.",Perlmutter first,false,-0.043,1,-0.04316484,selected candidate applied
Pd110,ethane,pbe,SPE,ok,0.04235046,-339.67249228,-299.21522595,-40.49961679,perlmutter,kestrel,perlmutter,/pscratch/sd/j/jcho5/VASP/dft_jobs/C2H6_Pd110/singlepoint/PBE,/kfs3/scratch/jcho5/goad-global-optimization/vasp_slab_kestrel/Pd110/PBE,/pscratch/sd/j/jcho5/VASP/vasp_mol/C2H6/PBE,9a59e015b297c99d80e5891b5206c75eb5261080d49301f4b5f6def3b19fbf42,d135650cd62106cb332c7874f7c67ec8f9c7a746f7a2620cedf4599dc87d04e0,9005b8a31fb6402e31baf8d69fb8269febb7a534243f4cce1cce7364f312f903,"Converged components; matching PAW TITEL identities, functional, composition, full slab cell and stored core settings. Archived Kestrel provenance retained. No energy scaling or offsets.",Perlmutter first,false,0.042,2,0.04235046,selected candidate applied
Pd110,ethane,pbe_d3,relaxed,ok,-0.40176247,-360.64399061,-319.71615355,-40.52607459,perlmutter,kestrel,perlmutter,/pscratch/sd/j/jcho5/VASP/dft_jobs/C2H6_Pd110/PBE_D3,/kfs3/scratch/jcho5/goad-global-optimization/vasp_slab_kestrel/Pd110/PBE_D3,/pscratch/sd/j/jcho5/VASP/vasp_mol/C2H6/PBE_D3,d11303a8809c6f1b6008e10e7e4335f97bdf870f14622f3740feeba9bec6df62,1bb98db5ef45865693d1ff8502f64ee9886e20daa10a59033d2b88a4b95864fe,4dbe588a035718c664c9d9594b2ef9e306a16e6d46b046b9f145a68e6069c612,"Converged components; matching PAW TITEL identities, functional, composition, full slab cell and stored core settings. Archived Kestrel provenance retained. No energy scaling or offsets.",Perlmutter first,false,-0.402,1,-0.40176247,selected candidate applied
Pd110,ethane,pbe_d3,SPE,ok,-0.31585503,-360.55808317,-319.71615355,-40.52607459,perlmutter,kestrel,perlmutter,/pscratch/sd/j/jcho5/VASP/dft_jobs/C2H6_Pd110/singlepoint/PBE_D3,/kfs3/scratch/jcho5/goad-global-optimization/vasp_slab_kestrel/Pd110/PBE_D3,/pscratch/sd/j/jcho5/VASP/vasp_mol/C2H6/PBE_D3,ef52ac5e251053d24cd29b6d120a77169ce589c2b2bdd370b77457d260779308,1bb98db5ef45865693d1ff8502f64ee9886e20daa10a59033d2b88a4b95864fe,4dbe588a035718c664c9d9594b2ef9e306a16e6d46b046b9f145a68e6069c612,"Converged components; matching PAW TITEL identities, functional, composition, full slab cell and stored core settings. Archived Kestrel provenance retained. No energy scaling or offsets.",Perlmutter first,false,-0.316,2,-0.31585503,selected candidate applied
Pd110,ethane,r2scan,relaxed,,,,,,,,,,,,,,,,No complete matched component set,false,,0,,withheld: refs unverified
Pd110,ethane,r2scan,SPE,ok,-0.05760706,-1472.55147296,-1430.23817007,-42.25569583,perlmutter,kestrel,perlmutter,/pscratch/sd/j/jcho5/VASP/dft_jobs/C2H6_Pd110/singlepoint/r2scan,/kfs3/scratch/jcho5/goad-global-optimization/vasp_slab_kestrel/Pd110/r2scan,/pscratch/sd/j/jcho5/VASP/vasp_mol/C2H6/r2scan,bb1b88565f7559c7b33fd8ae2948af850476e74d5e35d8dda45c136cf8367d8e,451b68de91fc752788acdbdd021e1a3dc128a4e5fc09385526fab7771de13ec6,18603583877f2ac5eda9b6285e9ccfee374a72f144a00864122f974dcf4723ad,"Converged components; matching PAW TITEL identities, functional, composition, full slab cell and stored core settings. Archived Kestrel provenance retained. No energy scaling or offsets.",Perlmutter first,false,-0.058,2,-0.05760706,selected candidate applied
Pd110,ethane,beef_vdw,relaxed,,,,,,,,,,,,,,,,No complete matched component set,false,,0,,missing
Pd110,ethane,beef_vdw,SPE,ok,-0.10134048,-119.68619768,-81.35562656,-38.22923064,perlmutter,kestrel,perlmutter,/pscratch/sd/j/jcho5/VASP/dft_jobs/C2H6_Pd110/singlepoint/beef_vdw,/kfs3/scratch/jcho5/goad-global-optimization/vasp_slab_kestrel/Pd110/beef_vdw,/pscratch/sd/j/jcho5/VASP/vasp_mol/C2H6/beef_vdw,2ad756174319c2837f906eeafd917fb355185fcce5737dc92f884024cda629bd,0c14976ca0b8cb7ba729ebfe9355f633d3828e70136120b2b67fcf4fb60b3359,75736fb87a7367bfab9b2ade386c63802812384fc6661f9ddd61d2e04d39ce91,"Converged components; matching PAW TITEL identities, functional, composition, full slab cell and stored core settings. Archived Kestrel provenance retained. No energy scaling or offsets.",Perlmutter first,false,-0.101,2,-0.10134048,selected candidate applied
Pd110,ethanol,pbe,relaxed,ok,-0.42838839,-346.51947675,-299.21522595,-46.87586241,perlmutter,kestrel,perlmutter,/pscratch/sd/j/jcho5/VASP/dft_jobs/CH3CH2OH_Pd110/PBE,/kfs3/scratch/jcho5/goad-global-optimization/vasp_slab_kestrel/Pd110/PBE,/pscratch/sd/j/jcho5/VASP/vasp_mol/CH3CH2OH/PBE,08247ae6fd4b61a6608289dfb34bc7c89c6586d06ebcbb9085bafbe77db24fd5,d135650cd62106cb332c7874f7c67ec8f9c7a746f7a2620cedf4599dc87d04e0,db3eaaee45d9a4ffb73d63455f615c768711c64633503306587eba6360bcc997,"Converged components; matching PAW TITEL identities, functional, composition, full slab cell and stored core settings. Archived Kestrel provenance retained. No energy scaling or offsets.",Perlmutter first,false,-0.428,1,-0.42838839,selected candidate applied
Pd110,ethanol,pbe,SPE,ok,-0.40583903,-346.49692739,-299.21522595,-46.87586241,perlmutter,kestrel,perlmutter,/pscratch/sd/j/jcho5/VASP/dft_jobs/CH3CH2OH_Pd110/singlepoint/PBE,/kfs3/scratch/jcho5/goad-global-optimization/vasp_slab_kestrel/Pd110/PBE,/pscratch/sd/j/jcho5/VASP/vasp_mol/CH3CH2OH/PBE,47ee00052ceca728676c47c49dbe618b9ccf4f6c2fd0827bdab7066ea0bc5118,d135650cd62106cb332c7874f7c67ec8f9c7a746f7a2620cedf4599dc87d04e0,db3eaaee45d9a4ffb73d63455f615c768711c64633503306587eba6360bcc997,"Converged components; matching PAW TITEL identities, functional, composition, full slab cell and stored core settings. Archived Kestrel provenance retained. No energy scaling or offsets.",Perlmutter first,false,-0.406,2,-0.40583903,selected candidate applied
Pd110,ethanol,pbe_d3,relaxed,ok,-0.91827131,-367.55738914,-319.71615355,-46.92296428,perlmutter,kestrel,perlmutter,/pscratch/sd/j/jcho5/VASP/dft_jobs/CH3CH2OH_Pd110/PBE_D3,/kfs3/scratch/jcho5/goad-global-optimization/vasp_slab_kestrel/Pd110/PBE_D3,/pscratch/sd/j/jcho5/VASP/vasp_mol/CH3CH2OH/PBE_D3,2ade2022a8849be027139d8ad95fdfe810e701e5e06757ab22ade6fd97a2ab57,1bb98db5ef45865693d1ff8502f64ee9886e20daa10a59033d2b88a4b95864fe,917d270e3fa7febf16fef5bf22e1e30721b5162c5bcddd2aee95af69b5ce8c46,"Converged components; matching PAW TITEL identities, functional, composition, full slab cell and stored core settings. Archived Kestrel provenance retained. No energy scaling or offsets.",Perlmutter first,false,-0.918,1,-0.91827131,selected candidate applied
Pd110,ethanol,pbe_d3,SPE,ok,-0.82610276,-367.46522059,-319.71615355,-46.92296428,perlmutter,kestrel,perlmutter,/pscratch/sd/j/jcho5/VASP/dft_jobs/CH3CH2OH_Pd110/singlepoint/PBE_D3,/kfs3/scratch/jcho5/goad-global-optimization/vasp_slab_kestrel/Pd110/PBE_D3,/pscratch/sd/j/jcho5/VASP/vasp_mol/CH3CH2OH/PBE_D3,52bd4c7d2cd32d213d75dc72844e7cef674d73ed47fa9838ea09eafd887a8746,1bb98db5ef45865693d1ff8502f64ee9886e20daa10a59033d2b88a4b95864fe,917d270e3fa7febf16fef5bf22e1e30721b5162c5bcddd2aee95af69b5ce8c46,"Converged components; matching PAW TITEL identities, functional, composition, full slab cell and stored core settings. Archived Kestrel provenance retained. No energy scaling or offsets.",Perlmutter first,false,-0.826,2,-0.82610276,selected candidate applied
Pd110,ethanol,r2scan,relaxed,,,,,,,,,,,,,,,,No complete matched component set,false,,0,,withheld: refs unverified
Pd110,ethanol,r2scan,SPE,ok,-0.54225506,-1480.42001771,-1430.23817007,-49.63959258,perlmutter,kestrel,perlmutter,/pscratch/sd/j/jcho5/VASP/dft_jobs/CH3CH2OH_Pd110/singlepoint/r2scan,/kfs3/scratch/jcho5/goad-global-optimization/vasp_slab_kestrel/Pd110/r2scan,/pscratch/sd/j/jcho5/VASP/vasp_mol/CH3CH2OH/r2scan,5a5f85219149b792d59112e1fff376c6280414b4aeb137ad5e46cae62514e211,451b68de91fc752788acdbdd021e1a3dc128a4e5fc09385526fab7771de13ec6,4c2bba36480d6b1f5a858ecdfb9da6d6b803ad4e256f6e928027ea8146e082b1,"Converged components; matching PAW TITEL identities, functional, composition, full slab cell and stored core settings. Archived Kestrel provenance retained. No energy scaling or offsets.",Perlmutter first,false,-0.542,2,-0.54225506,selected candidate applied
Pd110,ethanol,beef_vdw,relaxed,ok,-0.70139401,-124.80723605,-81.35562656,-42.75021548,perlmutter,kestrel,perlmutter,/pscratch/sd/j/jcho5/VASP/dft_jobs/CH3CH2OH_Pd110/beef_vdw,/kfs3/scratch/jcho5/goad-global-optimization/vasp_slab_kestrel/Pd110/beef_vdw,/pscratch/sd/j/jcho5/VASP/vasp_mol/CH3CH2OH/beef_vdw,a0d2a6fd2970bf180e464f2bc0b44cd7d9aa217adb964fc93a1e71b8ac6ccf7c,0c14976ca0b8cb7ba729ebfe9355f633d3828e70136120b2b67fcf4fb60b3359,50e154b624fcff1772eb90df010b0b697dbd63102eaaddacea15d1175849d327,"Converged components; matching PAW TITEL identities, functional, composition, full slab cell and stored core settings. Archived Kestrel provenance retained. No energy scaling or offsets.",Perlmutter first,false,-0.701,1,-0.70139401,selected candidate applied
Pd110,ethanol,beef_vdw,SPE,ok,-0.56335757,-124.66919961,-81.35562656,-42.75021548,perlmutter,kestrel,perlmutter,/pscratch/sd/j/jcho5/VASP/dft_jobs/CH3CH2OH_Pd110/singlepoint/beef_vdw,/kfs3/scratch/jcho5/goad-global-optimization/vasp_slab_kestrel/Pd110/beef_vdw,/pscratch/sd/j/jcho5/VASP/vasp_mol/CH3CH2OH/beef_vdw,41554ebbd30af90b40d3e16006ef517d4d13e2fe1b44e120c50b2c26aa149726,0c14976ca0b8cb7ba729ebfe9355f633d3828e70136120b2b67fcf4fb60b3359,50e154b624fcff1772eb90df010b0b697dbd63102eaaddacea15d1175849d327,"Converged components; matching PAW TITEL identities, functional, composition, full slab cell and stored core settings. Archived Kestrel provenance retained. No energy scaling or offsets.",Perlmutter first,false,-0.563,2,-0.56335757,selected candidate applied
Pd110,ethene,pbe,relaxed,,,,,,,,,,,,,,,,No complete matched component set,false,,0,,withheld: potential mismatch
Pd110,ethene,pbe,SPE,,,,,,,,,,,,,,,,Kestrel candidate held: matching Perlmutter structure not verified,false,,1,,withheld: potential mismatch
Pd110,ethene,pbe_d3,relaxed,,,,,,,,,,,,,,,,No complete matched component set,false,,0,,withheld: potential mismatch
Pd110,ethene,pbe_d3,SPE,,,,,,,,,,,,,,,,Kestrel candidate held: matching Perlmutter structure not verified,false,,1,,withheld: potential mismatch
Pd110,ethene,r2scan,relaxed,,,,,,,,,,,,,,,,No complete matched component set,false,,0,,withheld: potential mismatch
Pd110,ethene,r2scan,SPE,,,,,,,,,,,,,,,,Kestrel candidate held: matching Perlmutter structure not verified,false,,1,,withheld: potential mismatch
Pd110,ethene,beef_vdw,relaxed,,,,,,,,,,,,,,,,No complete matched component set,false,,0,,withheld: potential mismatch
Pd110,ethene,beef_vdw,SPE,,,,,,,,,,,,,,,,Kestrel candidate held: matching Perlmutter structure not verified,false,,1,,withheld: potential mismatch
Pd110,formaldehyde,pbe,relaxed,,,,,,,,,,,,,,,,No complete matched component set,false,,0,,withheld: potential mismatch
Pd110,formaldehyde,pbe,SPE,,,,,,,,,,,,,,,,No complete matched component set,false,,0,,withheld: potential mismatch
Pd110,formaldehyde,pbe_d3,relaxed,,,,,,,,,,,,,,,,No complete matched component set,false,,0,,withheld: potential mismatch
Pd110,formaldehyde,pbe_d3,SPE,,,,,,,,,,,,,,,,No complete matched component set,false,,0,,withheld: potential mismatch
Pd110,formaldehyde,r2scan,relaxed,,,,,,,,,,,,,,,,No complete matched component set,false,,0,,withheld: potential mismatch
Pd110,formaldehyde,r2scan,SPE,,,,,,,,,,,,,,,,No complete matched component set,false,,0,,withheld: potential mismatch
Pd110,formaldehyde,beef_vdw,relaxed,,,,,,,,,,,,,,,,No complete matched component set,false,,0,,withheld: potential mismatch
Pd110,formaldehyde,beef_vdw,SPE,,,,,,,,,,,,,,,,No complete matched component set,false,,0,,withheld: potential mismatch
Pd110,formic_acid,pbe,relaxed,,,,,,,,,,,,,,,,No complete matched component set,false,,0,,withheld: potential mismatch
Pd110,formic_acid,pbe,SPE,,,,,,,,,,,,,,,,No complete matched component set,false,,0,,missing
Pd110,formic_acid,pbe_d3,relaxed,,,,,,,,,,,,,,,,No complete matched component set,false,,0,,withheld: potential mismatch
Pd110,formic_acid,pbe_d3,SPE,,,,,,,,,,,,,,,,No complete matched component set,false,,0,,missing
Pd110,formic_acid,r2scan,relaxed,,,,,,,,,,,,,,,,No complete matched component set,false,,0,,withheld: potential mismatch
Pd110,formic_acid,r2scan,SPE,,,,,,,,,,,,,,,,No complete matched component set,false,,0,,missing
Pd110,formic_acid,beef_vdw,relaxed,,,,,,,,,,,,,,,,No complete matched component set,false,,0,,withheld: potential mismatch
Pd110,formic_acid,beef_vdw,SPE,,,,,,,,,,,,,,,,No complete matched component set,false,,0,,missing
Pd110,glycerol,pbe,relaxed,,,,,,,,,,,,,,,,No complete matched component set,false,,0,,withheld: refs unverified
Pd110,glycerol,pbe,SPE,ok,-0.18102752,-375.65048062,-299.21522595,-76.25422715,kestrel,kestrel,kestrel,/kfs3/scratch/jcho5/goad-global-optimization/poscar/best/C3/Pd110_glycerol/singlepoint/PBE,/kfs3/scratch/jcho5/goad-global-optimization/vasp_slab_kestrel/Pd110/PBE,/kfs3/scratch/jcho5/goad-global-optimization/vasp_mol/glycerol/PBE,1e1c71690cabf2290490e87f0b42855f3ba8afc1230e622712a58a7eac9e9fb1,d135650cd62106cb332c7874f7c67ec8f9c7a746f7a2620cedf4599dc87d04e0,828acd659788dda17c39a2bd9f249eb73a357ce398f3870bc3ccdbfdb914904c,"Converged components; matching PAW TITEL identities, functional, composition, full slab cell and stored core settings. Archived Kestrel provenance retained. No energy scaling or offsets.",Kestrel: no usable Perlmutter binding-energy candidate,false,-0.181,1,-0.18102752,selected candidate applied
Pd110,glycerol,pbe_d3,relaxed,,,,,,,,,,,,,,,,No complete matched component set,false,,0,,withheld: refs unverified
Pd110,glycerol,pbe_d3,SPE,ok,-1.03635353,-397.15956275,-319.71615355,-76.40705567,kestrel,kestrel,kestrel,/kfs3/scratch/jcho5/goad-global-optimization/poscar/best/C3/Pd110_glycerol/singlepoint/PBE_D3,/kfs3/scratch/jcho5/goad-global-optimization/vasp_slab_kestrel/Pd110/PBE_D3,/kfs3/scratch/jcho5/goad-global-optimization/vasp_mol/glycerol/PBE_D3,78b1917e860317b4f87d458a4a7bd6f5a57473c3dddbfacf3a09aaab286da143,1bb98db5ef45865693d1ff8502f64ee9886e20daa10a59033d2b88a4b95864fe,40a204e0b55816c752f9bfc1d86e7885d081c1aafd5e22799415623df64c02d9,"Converged components; matching PAW TITEL identities, functional, composition, full slab cell and stored core settings. Archived Kestrel provenance retained. No energy scaling or offsets.",Kestrel: no usable Perlmutter binding-energy candidate,false,-1.036,1,-1.03635353,selected candidate applied
Pd110,glycerol,r2scan,relaxed,,,,,,,,,,,,,,,,No complete matched component set,false,,0,,withheld: refs unverified
Pd110,glycerol,r2scan,SPE,ok,-0.62574424,-1512.76268338,-1430.23817007,-81.89876907,kestrel,kestrel,kestrel,/kfs3/scratch/jcho5/goad-global-optimization/poscar/best/C3/Pd110_glycerol/singlepoint/r2scan,/kfs3/scratch/jcho5/goad-global-optimization/vasp_slab_kestrel/Pd110/r2scan,/kfs3/scratch/jcho5/goad-global-optimization/vasp_mol/glycerol/r2scan,d218022353f91d350a7331c12e254f825aca5a8cec07a87ded66238ebda97bdf,451b68de91fc752788acdbdd021e1a3dc128a4e5fc09385526fab7771de13ec6,5c652d3c8b2fce3fa059d13306243bd2ac6e4c2a73f147ea5a9322b08816a2f0,"Converged components; matching PAW TITEL identities, functional, composition, full slab cell and stored core settings. Archived Kestrel provenance retained. No energy scaling or offsets.",Kestrel: no usable Perlmutter binding-energy candidate,false,-0.626,1,-0.62574424,selected candidate applied
Pd110,glycerol,beef_vdw,relaxed,,,,,,,,,,,,,,,,No complete matched component set,false,,0,,missing
Pd110,glycerol,beef_vdw,SPE,,,,,,,,,,,,,,,,No complete matched component set,false,,0,,withheld: refs unverified
Pd110,isopropanol,pbe,relaxed,,,,,,,,,,,,,,,,No complete matched component set,false,,0,,withheld: refs unverified
Pd110,isopropanol,pbe,SPE,ok,0.20912540,-362.54054158,-299.21522595,-63.53444103,kestrel,kestrel,kestrel,/kfs3/scratch/jcho5/goad-global-optimization/poscar/best/C3/Pd110_isopropanol/singlepoint/PBE,/kfs3/scratch/jcho5/goad-global-optimization/vasp_slab_kestrel/Pd110/PBE,/kfs3/scratch/jcho5/goad-global-optimization/vasp_mol/isopropanol/PBE,1bbd3c5e50aaa8d2fa38b467014719952dcf3beea81543ce3377357c9e75963e,d135650cd62106cb332c7874f7c67ec8f9c7a746f7a2620cedf4599dc87d04e0,39a27d096d8793d0f96ba63f99f485ddd2d74e2ec68b0b8dcda5fb3c1b8fa0ad,"Converged components; matching PAW TITEL identities, functional, composition, full slab cell and stored core settings. Archived Kestrel provenance retained. No energy scaling or offsets.",Kestrel: no usable Perlmutter binding-energy candidate,false,0.209,1,0.20912540,selected candidate applied
Pd110,isopropanol,pbe_d3,relaxed,,,,,,,,,,,,,,,,No complete matched component set,false,,0,,withheld: refs unverified
Pd110,isopropanol,pbe_d3,SPE,ok,-0.48899153,-383.83800822,-319.71615355,-63.63286314,kestrel,kestrel,kestrel,/kfs3/scratch/jcho5/goad-global-optimization/poscar/best/C3/Pd110_isopropanol/singlepoint/PBE_D3,/kfs3/scratch/jcho5/goad-global-optimization/vasp_slab_kestrel/Pd110/PBE_D3,/kfs3/scratch/jcho5/goad-global-optimization/vasp_mol/isopropanol/PBE_D3,45df7ba972429a27f441a29b650f83c7097608d1c6a17cb44de8ddd495b9a56d,1bb98db5ef45865693d1ff8502f64ee9886e20daa10a59033d2b88a4b95864fe,e5c0c7e93dba3a9ef1bac6ff8e63353c3c2b5a45ea58c63ede8c27150ee2a2df,"Converged components; matching PAW TITEL identities, functional, composition, full slab cell and stored core settings. Archived Kestrel provenance retained. No energy scaling or offsets.",Kestrel: no usable Perlmutter binding-energy candidate,false,-0.489,1,-0.48899153,selected candidate applied
Pd110,isopropanol,r2scan,relaxed,,,,,,,,,,,,,,,,No complete matched component set,false,,0,,withheld: refs unverified
Pd110,isopropanol,r2scan,SPE,ok,-0.16056572,-1497.55232817,-1430.23817007,-67.15359238,kestrel,kestrel,kestrel,/kfs3/scratch/jcho5/goad-global-optimization/poscar/best/C3/Pd110_isopropanol/singlepoint/r2scan,/kfs3/scratch/jcho5/goad-global-optimization/vasp_slab_kestrel/Pd110/r2scan,/kfs3/scratch/jcho5/goad-global-optimization/vasp_mol/isopropanol/r2scan,5dc69fdcaa7b5e954e40269b1a327694316e5baaa2490d2a877f669ac5296bde,451b68de91fc752788acdbdd021e1a3dc128a4e5fc09385526fab7771de13ec6,934fb2a746fce016f5d577a71010c9ff2db4837d3e4ad54fc6ef68f4c198897d,"Converged components; matching PAW TITEL identities, functional, composition, full slab cell and stored core settings. Archived Kestrel provenance retained. No energy scaling or offsets.",Kestrel: no usable Perlmutter binding-energy candidate,false,-0.161,1,-0.16056572,selected candidate applied
Pd110,isopropanol,beef_vdw,relaxed,,,,,,,,,,,,,,,,No complete matched component set,false,,0,,missing
Pd110,isopropanol,beef_vdw,SPE,ok,0.09893046,-139.47304055,-81.35562656,-58.21634445,kestrel,kestrel,kestrel,/kfs3/scratch/jcho5/goad-global-optimization/poscar/best/C3/Pd110_isopropanol/singlepoint/beef_vdw,/kfs3/scratch/jcho5/goad-global-optimization/vasp_slab_kestrel/Pd110/beef_vdw,/kfs3/scratch/jcho5/goad-global-optimization/vasp_mol/isopropanol/beef_vdw,00b395e8136944c66204767b44f7410f97f71d98cd99858ffb792d735fd248d9,0c14976ca0b8cb7ba729ebfe9355f633d3828e70136120b2b67fcf4fb60b3359,abaa4aab155436d960d26131a7cd4890541bb88307e8a6e18330f366ba92ae6e,"Converged components; matching PAW TITEL identities, functional, composition, full slab cell and stored core settings. Archived Kestrel provenance retained. No energy scaling or offsets.",Kestrel: no usable Perlmutter binding-energy candidate,false,0.099,1,0.09893046,selected candidate applied
Pd110,methane,pbe,relaxed,,,,,,,,,,,,,,,,No complete matched component set,false,,0,,withheld: potential mismatch
Pd110,methane,pbe,SPE,,,,,,,,,,,,,,,,No complete matched component set,false,,0,,withheld: potential mismatch
Pd110,methane,pbe_d3,relaxed,,,,,,,,,,,,,,,,No complete matched component set,false,,0,,withheld: potential mismatch
Pd110,methane,pbe_d3,SPE,,,,,,,,,,,,,,,,No complete matched component set,false,,0,,withheld: potential mismatch
Pd110,methane,r2scan,relaxed,,,,,,,,,,,,,,,,No complete matched component set,false,,0,,withheld: potential mismatch
Pd110,methane,r2scan,SPE,,,,,,,,,,,,,,,,No complete matched component set,false,,0,,withheld: potential mismatch
Pd110,methane,beef_vdw,relaxed,,,,,,,,,,,,,,,,No complete matched component set,false,,0,,withheld: potential mismatch
Pd110,methane,beef_vdw,SPE,,,,,,,,,,,,,,,,No complete matched component set,false,,0,,withheld: potential mismatch
Pd110,methanol,pbe,relaxed,,,,,,,,,,,,,,,,No complete matched component set,false,,0,,withheld: potential mismatch
Pd110,methanol,pbe,SPE,,,,,,,,,,,,,,,,No complete matched component set,false,,0,,withheld: potential mismatch
Pd110,methanol,pbe_d3,relaxed,,,,,,,,,,,,,,,,No complete matched component set,false,,0,,withheld: potential mismatch
Pd110,methanol,pbe_d3,SPE,,,,,,,,,,,,,,,,No complete matched component set,false,,0,,withheld: potential mismatch
Pd110,methanol,r2scan,relaxed,,,,,,,,,,,,,,,,No complete matched component set,false,,0,,withheld: potential mismatch
Pd110,methanol,r2scan,SPE,,,,,,,,,,,,,,,,No complete matched component set,false,,0,,withheld: potential mismatch
Pd110,methanol,beef_vdw,relaxed,,,,,,,,,,,,,,,,No complete matched component set,false,,0,,withheld: potential mismatch
Pd110,methanol,beef_vdw,SPE,,,,,,,,,,,,,,,,No complete matched component set,false,,0,,withheld: potential mismatch
Pd110,propane,pbe,relaxed,,,,,,,,,,,,,,,,No complete matched component set,false,,0,,withheld: refs unverified
Pd110,propane,pbe,SPE,ok,0.21621579,-356.02691079,-299.21522595,-57.02790063,kestrel,kestrel,kestrel,/kfs3/scratch/jcho5/goad-global-optimization/poscar/best/C3/Pd110_propane/singlepoint/PBE,/kfs3/scratch/jcho5/goad-global-optimization/vasp_slab_kestrel/Pd110/PBE,/kfs3/scratch/jcho5/goad-global-optimization/vasp_mol/propane/PBE,1cce05f5528785d4519aa490f586f22701edbe82455463caee943e33b304dcf7,d135650cd62106cb332c7874f7c67ec8f9c7a746f7a2620cedf4599dc87d04e0,90784e8fb0f20fc7be46d1d2ef06a6e384e172edc3192f14be345737dcb40311,"Converged components; matching PAW TITEL identities, functional, composition, full slab cell and stored core settings. Archived Kestrel provenance retained. No energy scaling or offsets.",Kestrel: no usable Perlmutter binding-energy candidate,false,0.216,1,0.21621579,selected candidate applied
Pd110,propane,pbe_d3,relaxed,,,,,,,,,,,,,,,,No complete matched component set,false,,0,,withheld: refs unverified
Pd110,propane,pbe_d3,SPE,ok,-0.41056954,-377.22002842,-319.71615355,-57.09330533,kestrel,kestrel,kestrel,/kfs3/scratch/jcho5/goad-global-optimization/poscar/best/C3/Pd110_propane/singlepoint/PBE_D3,/kfs3/scratch/jcho5/goad-global-optimization/vasp_slab_kestrel/Pd110/PBE_D3,/kfs3/scratch/jcho5/goad-global-optimization/vasp_mol/propane/PBE_D3,56aa99b488217a62aa4c814b9a719812cc320c67bc1200ad63276a6fc3cd84b1,1bb98db5ef45865693d1ff8502f64ee9886e20daa10a59033d2b88a4b95864fe,87d8301cb1fef4bb3512a58b4d11aae2d2a709b9089d8ee62e64bf6e0d1dba0b,"Converged components; matching PAW TITEL identities, functional, composition, full slab cell and stored core settings. Archived Kestrel provenance retained. No energy scaling or offsets.",Kestrel: no usable Perlmutter binding-energy candidate,false,-0.411,1,-0.41056954,selected candidate applied
Pd110,propane,r2scan,relaxed,,,,,,,,,,,,,,,,No complete matched component set,false,,0,,withheld: refs unverified
Pd110,propane,r2scan,SPE,ok,-0.15492014,-1490.00488094,-1430.23817007,-59.61179073,kestrel,kestrel,kestrel,/kfs3/scratch/jcho5/goad-global-optimization/poscar/best/C3/Pd110_propane/singlepoint/r2scan,/kfs3/scratch/jcho5/goad-global-optimization/vasp_slab_kestrel/Pd110/r2scan,/kfs3/scratch/jcho5/goad-global-optimization/vasp_mol/propane/r2scan,516fb48c5e86051224583990ee3d49190fb6f94764bd7ce2cdd44a31ca17dcbb,451b68de91fc752788acdbdd021e1a3dc128a4e5fc09385526fab7771de13ec6,c19603813b6122584cd5465304fd7e318aa921ebb8ddd5a8eeac2f00bd4f77f9,"Converged components; matching PAW TITEL identities, functional, composition, full slab cell and stored core settings. Archived Kestrel provenance retained. No energy scaling or offsets.",Kestrel: no usable Perlmutter binding-energy candidate,false,-0.155,1,-0.15492014,selected candidate applied
Pd110,propane,beef_vdw,relaxed,,,,,,,,,,,,,,,,No complete matched component set,false,,0,,missing
Pd110,propane,beef_vdw,SPE,ok,0.15467217,-134.76264512,-81.35562656,-53.56169073,kestrel,kestrel,kestrel,/kfs3/scratch/jcho5/goad-global-optimization/poscar/best/C3/Pd110_propane/singlepoint/beef_vdw,/kfs3/scratch/jcho5/goad-global-optimization/vasp_slab_kestrel/Pd110/beef_vdw,/kfs3/scratch/jcho5/goad-global-optimization/vasp_mol/propane/beef_vdw,34036e892fcff9a4df1ee10dfd415c41ac15d11492e07ab14cc57185e22ccba7,0c14976ca0b8cb7ba729ebfe9355f633d3828e70136120b2b67fcf4fb60b3359,b6bcc086e2bc81eae1d8256081ca6059015e8bae89d4d3350505efd9b8590325,"Converged components; matching PAW TITEL identities, functional, composition, full slab cell and stored core settings. Archived Kestrel provenance retained. No energy scaling or offsets.",Kestrel: no usable Perlmutter binding-energy candidate,false,0.155,1,0.15467217,selected candidate applied
Pd110,propanol,pbe,relaxed,,,,,,,,,,,,,,,,No complete matched component set,false,,0,,withheld: refs unverified
Pd110,propanol,pbe,SPE,ok,0.17257946,-362.43144791,-299.21522595,-63.38880142,kestrel,kestrel,kestrel,/kfs3/scratch/jcho5/goad-global-optimization/poscar/best/C3/Pd110_propanol/singlepoint/PBE,/kfs3/scratch/jcho5/goad-global-optimization/vasp_slab_kestrel/Pd110/PBE,/kfs3/scratch/jcho5/goad-global-optimization/vasp_mol/propanol/PBE,089c6e0b003a7d63d0fe3c5e4bb370ab8b3f31969d20b89d2d3546853ac3612b,d135650cd62106cb332c7874f7c67ec8f9c7a746f7a2620cedf4599dc87d04e0,106e16a9cacc495be042da0d97fe1c6cb088d37fa8ec21c8daef576b1dbb3127,"Converged components; matching PAW TITEL identities, functional, composition, full slab cell and stored core settings. Archived Kestrel provenance retained. No energy scaling or offsets.",Kestrel: no usable Perlmutter binding-energy candidate,false,0.173,1,0.17257946,selected candidate applied
Pd110,propanol,pbe_d3,relaxed,,,,,,,,,,,,,,,,No complete matched component set,false,,0,,withheld: refs unverified
Pd110,propanol,pbe_d3,SPE,ok,-0.52607564,-383.72431325,-319.71615355,-63.48208406,kestrel,kestrel,kestrel,/kfs3/scratch/jcho5/goad-global-optimization/poscar/best/C3/Pd110_propanol/singlepoint/PBE_D3,/kfs3/scratch/jcho5/goad-global-optimization/vasp_slab_kestrel/Pd110/PBE_D3,/kfs3/scratch/jcho5/goad-global-optimization/vasp_mol/propanol/PBE_D3,14af76f02b2de20aaf890d55cc10adcff3b5770345167f5e75d1913604bbefc9,1bb98db5ef45865693d1ff8502f64ee9886e20daa10a59033d2b88a4b95864fe,a371ac9cb66f5b5f5301fe75d5d75604a05b6bbb390367d90a10829d11e2d6d4,"Converged components; matching PAW TITEL identities, functional, composition, full slab cell and stored core settings. Archived Kestrel provenance retained. No energy scaling or offsets.",Kestrel: no usable Perlmutter binding-energy candidate,false,-0.526,1,-0.52607564,selected candidate applied
Pd110,propanol,r2scan,relaxed,,,,,,,,,,,,,,,,No complete matched component set,false,,0,,withheld: refs unverified
Pd110,propanol,r2scan,SPE,ok,-0.16795160,-1497.38957905,-1430.23817007,-66.98345738,kestrel,kestrel,kestrel,/kfs3/scratch/jcho5/goad-global-optimization/poscar/best/C3/Pd110_propanol/singlepoint/r2scan,/kfs3/scratch/jcho5/goad-global-optimization/vasp_slab_kestrel/Pd110/r2scan,/kfs3/scratch/jcho5/goad-global-optimization/vasp_mol/propanol/r2scan,a7ffc9969bf3b8fd197d9919faef1598979995ea42aa19f8613607161f1a587e,451b68de91fc752788acdbdd021e1a3dc128a4e5fc09385526fab7771de13ec6,47bca4baa7752117440e3d73f1c6f0417ea7a13e2130b00dacf556ee0514a1cb,"Converged components; matching PAW TITEL identities, functional, composition, full slab cell and stored core settings. Archived Kestrel provenance retained. No energy scaling or offsets.",Kestrel: no usable Perlmutter binding-energy candidate,false,-0.168,1,-0.16795160,selected candidate applied
Pd110,propanol,beef_vdw,relaxed,,,,,,,,,,,,,,,,No complete matched component set,false,,0,,missing
Pd110,propanol,beef_vdw,SPE,ok,0.10204649,-139.32156851,-81.35562656,-58.06798844,kestrel,kestrel,kestrel,/kfs3/scratch/jcho5/goad-global-optimization/poscar/best/C3/Pd110_propanol/singlepoint/beef_vdw,/kfs3/scratch/jcho5/goad-global-optimization/vasp_slab_kestrel/Pd110/beef_vdw,/kfs3/scratch/jcho5/goad-global-optimization/vasp_mol/propanol/beef_vdw,e6ffd3b6207de818de633a4240529c998cb139f3e8e05196839e16434f6cd9cb,0c14976ca0b8cb7ba729ebfe9355f633d3828e70136120b2b67fcf4fb60b3359,f51683128715aedfcc2555c4f18942247e6e048b7084a0353126dc85da2c9340,"Converged components; matching PAW TITEL identities, functional, composition, full slab cell and stored core settings. Archived Kestrel provenance retained. No energy scaling or offsets.",Kestrel: no usable Perlmutter binding-energy candidate,false,0.102,1,0.10204649,selected candidate applied
Pd110,propene,pbe,relaxed,,,,,,,,,,,,,,,,No complete matched component set,false,,0,,withheld: refs unverified
Pd110,propene,pbe,SPE,ok,-1.03529396,-348.91807839,-299.21522595,-48.66755848,kestrel,kestrel,kestrel,/kfs3/scratch/jcho5/goad-global-optimization/poscar/best/C3/Pd110_propene/singlepoint/PBE,/kfs3/scratch/jcho5/goad-global-optimization/vasp_slab_kestrel/Pd110/PBE,/kfs3/scratch/jcho5/goad-global-optimization/vasp_mol/propene/PBE,e1ae0d8b3e9002387614045d8001fa098d26dd529ea6e3487cb3538aa2d1001d,d135650cd62106cb332c7874f7c67ec8f9c7a746f7a2620cedf4599dc87d04e0,c6e5b8314b75b5836cc1562566387dba9a126a589a7867fbe91ff5db75927546,"Converged components; matching PAW TITEL identities, functional, composition, full slab cell and stored core settings. Archived Kestrel provenance retained. No energy scaling or offsets.",Kestrel: no usable Perlmutter binding-energy candidate,false,-1.035,1,-1.03529396,selected candidate applied
Pd110,propene,pbe_d3,relaxed,,,,,,,,,,,,,,,,No complete matched component set,false,,0,,withheld: refs unverified
Pd110,propene,pbe_d3,SPE,ok,-1.51563156,-369.93965179,-319.71615355,-48.70786668,kestrel,kestrel,kestrel,/kfs3/scratch/jcho5/goad-global-optimization/poscar/best/C3/Pd110_propene/singlepoint/PBE_D3,/kfs3/scratch/jcho5/goad-global-optimization/vasp_slab_kestrel/Pd110/PBE_D3,/kfs3/scratch/jcho5/goad-global-optimization/vasp_mol/propene/PBE_D3,aacca7f5ca9fcb4432f31825b1c3d18c498d9a24b4513e9606c93acfb453352f,1bb98db5ef45865693d1ff8502f64ee9886e20daa10a59033d2b88a4b95864fe,f85bcda02255b3a903d20168c99596b916d618f0f6f818f15acb25d7df4248ba,"Converged components; matching PAW TITEL identities, functional, composition, full slab cell and stored core settings. Archived Kestrel provenance retained. No energy scaling or offsets.",Kestrel: no usable Perlmutter binding-energy candidate,false,-1.516,1,-1.51563156,selected candidate applied
Pd110,propene,r2scan,relaxed,,,,,,,,,,,,,,,,No complete matched component set,false,,0,,withheld: refs unverified
Pd110,propene,r2scan,SPE,ok,-1.17019114,-1482.47124999,-1430.23817007,-51.06288878,kestrel,kestrel,kestrel,/kfs3/scratch/jcho5/goad-global-optimization/poscar/best/C3/Pd110_propene/singlepoint/r2scan,/kfs3/scratch/jcho5/goad-global-optimization/vasp_slab_kestrel/Pd110/r2scan,/kfs3/scratch/jcho5/goad-global-optimization/vasp_mol/propene/r2scan,9a0af1ae88557b3ee7b496b0f6a2b3976faf1439917312445ba8286cf772d9f2,451b68de91fc752788acdbdd021e1a3dc128a4e5fc09385526fab7771de13ec6,16ecfd4c2332c368dfd51cfe5db76e7ec02aa26af9b40540b18fd100dcbae08b,"Converged components; matching PAW TITEL identities, functional, composition, full slab cell and stored core settings. Archived Kestrel provenance retained. No energy scaling or offsets.",Kestrel: no usable Perlmutter binding-energy candidate,false,-1.17,1,-1.17019114,selected candidate applied
Pd110,propene,beef_vdw,relaxed,,,,,,,,,,,,,,,,No complete matched component set,false,,0,,missing
Pd110,propene,beef_vdw,SPE,ok,-1.14539015,-127.54654671,-81.35562656,-45.04553,kestrel,kestrel,kestrel,/kfs3/scratch/jcho5/goad-global-optimization/poscar/best/C3/Pd110_propene/singlepoint/beef_vdw,/kfs3/scratch/jcho5/goad-global-optimization/vasp_slab_kestrel/Pd110/beef_vdw,/kfs3/scratch/jcho5/goad-global-optimization/vasp_mol/propene/beef_vdw,7eee648c31e2f27fc8b367015a02414dac86ef4e5c1688c38157798811c9a095,0c14976ca0b8cb7ba729ebfe9355f633d3828e70136120b2b67fcf4fb60b3359,f8d2cc21b4b8dd7162a2f6abfaad773d5524f4ba872bb3d721820e3f88c3ee36,"Converged components; matching PAW TITEL identities, functional, composition, full slab cell and stored core settings. Archived Kestrel provenance retained. No energy scaling or offsets.",Kestrel: no usable Perlmutter binding-energy candidate,false,-1.145,1,-1.14539015,selected candidate applied
Pd111,CH3,pbe,relaxed,,,,,,,,,,,,,,,,No complete matched component set,false,,0,,withheld: potential mismatch
Pd111,CH3,pbe,SPE,,,,,,,,,,,,,,,,No complete matched component set,false,,0,,withheld: potential mismatch
Pd111,CH3,pbe_d3,relaxed,,,,,,,,,,,,,,,,No complete matched component set,false,,0,,withheld: potential mismatch
Pd111,CH3,pbe_d3,SPE,,,,,,,,,,,,,,,,No complete matched component set,false,,0,,withheld: potential mismatch
Pd111,CH3,r2scan,relaxed,,,,,,,,,,,,,,,,No complete matched component set,false,,0,,missing
Pd111,CH3,r2scan,SPE,,,,,,,,,,,,,,,,No complete matched component set,false,,0,,withheld: potential mismatch
Pd111,CH3,beef_vdw,relaxed,,,,,,,,,,,,,,,,No complete matched component set,false,,0,,withheld: potential mismatch
Pd111,CH3,beef_vdw,SPE,,,,,,,,,,,,,,,,No complete matched component set,false,,0,,withheld: potential mismatch
Pd111,CO2,pbe,relaxed,ok,-0.03474686,-339.33586393,-316.34092185,-22.96019522,perlmutter,kestrel,perlmutter,/pscratch/sd/j/jcho5/VASP/dft_jobs/CO2_Pd111/PBE,/kfs3/scratch/jcho5/goad-global-optimization/vasp_slab_kestrel/Pd111/PBE,/pscratch/sd/j/jcho5/VASP/vasp_mol/CO2/PBE,d0a633cf92e5b3b1a4a2f0c1681cfc854a63d4aa630761d80e8fbcd6ed84055c,ca88c0bcd9ee0d019bb339afc1310f10d92669319c2928eba9a5d6b9bef0e12e,5c3d4e7285479f2d4ac862de58c80a00baa5aba72e6fa7f6e419b6d41f863eca,"Converged components; matching PAW TITEL identities, functional, composition, full slab cell and stored core settings. Archived Kestrel provenance retained. No energy scaling or offsets.",Perlmutter first,false,-0.035,1,-0.03474686,selected candidate applied
Pd111,CO2,pbe,SPE,ok,0.00288559,-339.29823148,-316.34092185,-22.96019522,perlmutter,kestrel,perlmutter,/pscratch/sd/j/jcho5/VASP/dft_jobs/CO2_Pd111/singlepoint/PBE,/kfs3/scratch/jcho5/goad-global-optimization/vasp_slab_kestrel/Pd111/PBE,/pscratch/sd/j/jcho5/VASP/vasp_mol/CO2/PBE,1e037cbd98e862309a0ae1aa5918847f382e5fde7dac791227d4c2db22309886,ca88c0bcd9ee0d019bb339afc1310f10d92669319c2928eba9a5d6b9bef0e12e,5c3d4e7285479f2d4ac862de58c80a00baa5aba72e6fa7f6e419b6d41f863eca,"Converged components; matching PAW TITEL identities, functional, composition, full slab cell and stored core settings. Archived Kestrel provenance retained. No energy scaling or offsets.",Perlmutter first,false,,2,0.00288559,selected candidate applied
Pd111,CO2,pbe_d3,relaxed,,,,,,,,,,,,,,,,No complete matched component set,false,,0,,missing
Pd111,CO2,pbe_d3,SPE,,,,,,,,,,,,,,,,No complete matched component set,false,,0,,missing
Pd111,CO2,r2scan,relaxed,,,,,,,,,,,,,,,,No complete matched component set,false,,0,,withheld: refs unverified
Pd111,CO2,r2scan,SPE,ok,0.04733683,-1475.18653761,-1449.66487556,-25.56899888,perlmutter,kestrel,perlmutter,/pscratch/sd/j/jcho5/VASP/dft_jobs/CO2_Pd111/singlepoint/r2scan,/kfs3/scratch/jcho5/goad-global-optimization/vasp_slab_kestrel/Pd111/r2scan,/pscratch/sd/j/jcho5/VASP/vasp_mol/CO2/r2scan,4f112958e62cba156cf3da481919a6a0912eb09a61d26224cae32bc3509ba543,9d98ba57d073cb930e45b531a45ae1be26cf3678b864f819dd84d42ffe7d5c01,4dab28f2a0fbe607817f4c5514d6f14b89ae1a164de9066f1d38852b7c93525c,"Converged components; matching PAW TITEL identities, functional, composition, full slab cell and stored core settings. Archived Kestrel provenance retained. No energy scaling or offsets.",Perlmutter first,false,,2,0.04733683,selected candidate applied
Pd111,CO2,beef_vdw,relaxed,ok,-0.27184553,-116.27843616,-98.08596581,-17.92062482,perlmutter,kestrel,perlmutter,/pscratch/sd/j/jcho5/VASP/dft_jobs/CO2_Pd111/beef_vdw,/kfs3/scratch/jcho5/goad-global-optimization/vasp_slab_kestrel/Pd111/beef_vdw,/pscratch/sd/j/jcho5/VASP/vasp_mol/CO2/beef_vdw,9a9a140cb6aa44078ddabbdd4411b31efb406c9c5e97381ee57a5c6784201c42,2b34adf4901108f03952139bb5b4c2461df7e142c48a891fc2c7f71ca03e90c1,f55cd94ae310bcb3102648fec1901ebd52aabdb902a10c25eb00c390b23c1ca3,"Converged components; matching PAW TITEL identities, functional, composition, full slab cell and stored core settings. Archived Kestrel provenance retained. No energy scaling or offsets.",Perlmutter first,false,-0.272,1,-0.27184553,selected candidate applied
Pd111,CO2,beef_vdw,SPE,ok,-0.21976068,-116.22635131,-98.08596581,-17.92062482,perlmutter,kestrel,perlmutter,/pscratch/sd/j/jcho5/VASP/dft_jobs/CO2_Pd111/singlepoint/beef_vdw,/kfs3/scratch/jcho5/goad-global-optimization/vasp_slab_kestrel/Pd111/beef_vdw,/pscratch/sd/j/jcho5/VASP/vasp_mol/CO2/beef_vdw,9fd2fd1c9c750ac0c34f96163fac631acaf14d3aa593a1e88ac2fcc860aa8daa,2b34adf4901108f03952139bb5b4c2461df7e142c48a891fc2c7f71ca03e90c1,f55cd94ae310bcb3102648fec1901ebd52aabdb902a10c25eb00c390b23c1ca3,"Converged components; matching PAW TITEL identities, functional, composition, full slab cell and stored core settings. Archived Kestrel provenance retained. No energy scaling or offsets.",Perlmutter first,false,,2,-0.21976068,selected candidate applied
Pd111,DME,pbe,relaxed,,,,,,,,,,,,,,,,No complete matched component set,false,,0,,withheld: potential mismatch
Pd111,DME,pbe,SPE,,,,,,,,,,,,,,,,No complete matched component set,false,,0,,withheld: potential mismatch
Pd111,DME,pbe_d3,relaxed,,,,,,,,,,,,,,,,No complete matched component set,false,,0,,missing
Pd111,DME,pbe_d3,SPE,,,,,,,,,,,,,,,,No complete matched component set,false,,0,,missing
Pd111,DME,r2scan,relaxed,,,,,,,,,,,,,,,,No complete matched component set,false,,0,,withheld: refs unverified
Pd111,DME,r2scan,SPE,,,,,,,,,,,,,,,,No complete matched component set,false,,0,,withheld: potential mismatch
Pd111,DME,beef_vdw,relaxed,,,,,,,,,,,,,,,,No complete matched component set,false,,0,,withheld: potential mismatch
Pd111,DME,beef_vdw,SPE,,,,,,,,,,,,,,,,No complete matched component set,false,,0,,withheld: potential mismatch
Pd111,H2O,pbe,relaxed,,,,,,,,,,,,,,,,No complete matched component set,false,,0,,withheld: potential mismatch
Pd111,H2O,pbe,SPE,,,,,,,,,,,,,,,,No complete matched component set,false,,0,,missing
Pd111,H2O,pbe_d3,relaxed,,,,,,,,,,,,,,,,No complete matched component set,false,,0,,withheld: potential mismatch
Pd111,H2O,pbe_d3,SPE,,,,,,,,,,,,,,,,No complete matched component set,false,,0,,missing
Pd111,H2O,r2scan,relaxed,,,,,,,,,,,,,,,,No complete matched component set,false,,0,,missing
Pd111,H2O,r2scan,SPE,,,,,,,,,,,,,,,,No complete matched component set,false,,0,,missing
Pd111,H2O,beef_vdw,relaxed,,,,,,,,,,,,,,,,No complete matched component set,false,,0,,withheld: potential mismatch
Pd111,H2O,beef_vdw,SPE,,,,,,,,,,,,,,,,No complete matched component set,false,,0,,missing
Pd111,H2S,pbe,relaxed,,,,,,,,,,,,,,,,No complete matched component set,false,,0,,withheld: potential mismatch
Pd111,H2S,pbe,SPE,,,,,,,,,,,,,,,,No complete matched component set,false,,0,,missing
Pd111,H2S,pbe_d3,relaxed,,,,,,,,,,,,,,,,No complete matched component set,false,,0,,withheld: potential mismatch
Pd111,H2S,pbe_d3,SPE,,,,,,,,,,,,,,,,No complete matched component set,false,,0,,missing
Pd111,H2S,r2scan,relaxed,,,,,,,,,,,,,,,,No complete matched component set,false,,0,,missing
Pd111,H2S,r2scan,SPE,,,,,,,,,,,,,,,,No complete matched component set,false,,0,,missing
Pd111,H2S,beef_vdw,relaxed,,,,,,,,,,,,,,,,No complete matched component set,false,,0,,missing
Pd111,H2S,beef_vdw,SPE,,,,,,,,,,,,,,,,No complete matched component set,false,,0,,missing
Pd111,N2,pbe,relaxed,,,,,,,,,,,,,,,,No complete matched component set,false,,0,,withheld: potential mismatch
Pd111,N2,pbe,SPE,,,,,,,,,,,,,,,,No complete matched component set,false,,0,,missing
Pd111,N2,pbe_d3,relaxed,,,,,,,,,,,,,,,,No complete matched component set,false,,0,,withheld: potential mismatch
Pd111,N2,pbe_d3,SPE,,,,,,,,,,,,,,,,No complete matched component set,false,,0,,missing
Pd111,N2,r2scan,relaxed,,,,,,,,,,,,,,,,No complete matched component set,false,,0,,missing
Pd111,N2,r2scan,SPE,,,,,,,,,,,,,,,,No complete matched component set,false,,0,,missing
Pd111,N2,beef_vdw,relaxed,,,,,,,,,,,,,,,,No complete matched component set,false,,0,,missing
Pd111,N2,beef_vdw,SPE,,,,,,,,,,,,,,,,No complete matched component set,false,,0,,missing
Pd111,NH3,pbe,relaxed,,,,,,,,,,,,,,,,No complete matched component set,false,,0,,withheld: potential mismatch
Pd111,NH3,pbe,SPE,,,,,,,,,,,,,,,,No complete matched component set,false,,0,,missing
Pd111,NH3,pbe_d3,relaxed,,,,,,,,,,,,,,,,No complete matched component set,false,,0,,withheld: potential mismatch
Pd111,NH3,pbe_d3,SPE,,,,,,,,,,,,,,,,No complete matched component set,false,,0,,missing
Pd111,NH3,r2scan,relaxed,,,,,,,,,,,,,,,,No complete matched component set,false,,0,,missing
Pd111,NH3,r2scan,SPE,,,,,,,,,,,,,,,,No complete matched component set,false,,0,,missing
Pd111,NH3,beef_vdw,relaxed,,,,,,,,,,,,,,,,No complete matched component set,false,,0,,withheld: potential mismatch
Pd111,NH3,beef_vdw,SPE,,,,,,,,,,,,,,,,No complete matched component set,false,,0,,missing
Pd111,NO,pbe,relaxed,,,,,,,,,,,,,,,,No complete matched component set,false,,0,,withheld: potential mismatch
Pd111,NO,pbe,SPE,,,,,,,,,,,,,,,,No complete matched component set,false,,0,,missing
Pd111,NO,pbe_d3,relaxed,,,,,,,,,,,,,,,,No complete matched component set,false,,0,,withheld: potential mismatch
Pd111,NO,pbe_d3,SPE,,,,,,,,,,,,,,,,No complete matched component set,false,,0,,missing
Pd111,NO,r2scan,relaxed,,,,,,,,,,,,,,,,No complete matched component set,false,,0,,missing
Pd111,NO,r2scan,SPE,,,,,,,,,,,,,,,,No complete matched component set,false,,0,,missing
Pd111,NO,beef_vdw,relaxed,,,,,,,,,,,,,,,,No complete matched component set,false,,0,,withheld: potential mismatch
Pd111,NO,beef_vdw,SPE,,,,,,,,,,,,,,,,No complete matched component set,false,,0,,missing
Pd111,SO2,pbe,relaxed,,,,,,,,,,,,,,,,No complete matched component set,false,,0,,withheld: potential mismatch
Pd111,SO2,pbe,SPE,,,,,,,,,,,,,,,,No complete matched component set,false,,0,,missing
Pd111,SO2,pbe_d3,relaxed,,,,,,,,,,,,,,,,No complete matched component set,false,,0,,withheld: potential mismatch
Pd111,SO2,pbe_d3,SPE,,,,,,,,,,,,,,,,No complete matched component set,false,,0,,missing
Pd111,SO2,r2scan,relaxed,,,,,,,,,,,,,,,,No complete matched component set,false,,0,,missing
Pd111,SO2,r2scan,SPE,,,,,,,,,,,,,,,,No complete matched component set,false,,0,,missing
Pd111,SO2,beef_vdw,relaxed,,,,,,,,,,,,,,,,No complete matched component set,false,,0,,withheld: potential mismatch
Pd111,SO2,beef_vdw,SPE,,,,,,,,,,,,,,,,No complete matched component set,false,,0,,missing
Pd111,acetaldehyde,pbe,relaxed,,,,,,,,,,,,,,,,No complete matched component set,false,,0,,withheld: potential mismatch
Pd111,acetaldehyde,pbe,SPE,,,,,,,,,,,,,,,,No complete matched component set,false,,0,,withheld: potential mismatch
Pd111,acetaldehyde,pbe_d3,relaxed,,,,,,,,,,,,,,,,No complete matched component set,false,,0,,withheld: potential mismatch
Pd111,acetaldehyde,pbe_d3,SPE,,,,,,,,,,,,,,,,No complete matched component set,false,,0,,withheld: potential mismatch
Pd111,acetaldehyde,r2scan,relaxed,,,,,,,,,,,,,,,,No complete matched component set,false,,0,,withheld: potential mismatch
Pd111,acetaldehyde,r2scan,SPE,,,,,,,,,,,,,,,,No complete matched component set,false,,0,,withheld: potential mismatch
Pd111,acetaldehyde,beef_vdw,relaxed,,,,,,,,,,,,,,,,No complete matched component set,false,,0,,withheld: potential mismatch
Pd111,acetaldehyde,beef_vdw,SPE,,,,,,,,,,,,,,,,No complete matched component set,false,,0,,withheld: potential mismatch
Pd111,acetic_acid,pbe,relaxed,,,,,,,,,,,,,,,,No complete matched component set,false,,0,,missing
Pd111,acetic_acid,pbe,SPE,,,,,,,,,,,,,,,,No complete matched component set,false,,0,,missing
Pd111,acetic_acid,pbe_d3,relaxed,,,,,,,,,,,,,,,,No complete matched component set,false,,0,,missing
Pd111,acetic_acid,pbe_d3,SPE,,,,,,,,,,,,,,,,No complete matched component set,false,,0,,missing
Pd111,acetic_acid,r2scan,relaxed,,,,,,,,,,,,,,,,No complete matched component set,false,,0,,withheld: refs unverified
Pd111,acetic_acid,r2scan,SPE,,,,,,,,,,,,,,,,No complete matched component set,false,,0,,withheld: potential mismatch
Pd111,acetic_acid,beef_vdw,relaxed,,,,,,,,,,,,,,,,No complete matched component set,false,,0,,withheld: potential mismatch
Pd111,acetic_acid,beef_vdw,SPE,,,,,,,,,,,,,,,,No complete matched component set,false,,0,,withheld: potential mismatch
Pd111,ethane,pbe,relaxed,ok,-0.04590044,-356.88643908,-316.34092185,-40.49961679,perlmutter,kestrel,perlmutter,/pscratch/sd/j/jcho5/VASP/dft_jobs/C2H6_Pd111/PBE,/kfs3/scratch/jcho5/goad-global-optimization/vasp_slab_kestrel/Pd111/PBE,/pscratch/sd/j/jcho5/VASP/vasp_mol/C2H6/PBE,22a9c4b39cf0059df588f867017ba1b411a27b603020a370a6bbd3e453a82ed5,ca88c0bcd9ee0d019bb339afc1310f10d92669319c2928eba9a5d6b9bef0e12e,9005b8a31fb6402e31baf8d69fb8269febb7a534243f4cce1cce7364f312f903,"Converged components; matching PAW TITEL identities, functional, composition, full slab cell and stored core settings. Archived Kestrel provenance retained. No energy scaling or offsets.",Perlmutter first,false,-0.046,1,-0.04590044,selected candidate applied
Pd111,ethane,pbe,SPE,ok,0.03023405,-356.81030459,-316.34092185,-40.49961679,perlmutter,kestrel,perlmutter,/pscratch/sd/j/jcho5/VASP/dft_jobs/C2H6_Pd111/singlepoint/PBE,/kfs3/scratch/jcho5/goad-global-optimization/vasp_slab_kestrel/Pd111/PBE,/pscratch/sd/j/jcho5/VASP/vasp_mol/C2H6/PBE,2e1829173e1d1f3012c583875ad64efef1d7d139b35facc940292dad8d0ce8a2,ca88c0bcd9ee0d019bb339afc1310f10d92669319c2928eba9a5d6b9bef0e12e,9005b8a31fb6402e31baf8d69fb8269febb7a534243f4cce1cce7364f312f903,"Converged components; matching PAW TITEL identities, functional, composition, full slab cell and stored core settings. Archived Kestrel provenance retained. No energy scaling or offsets.",Perlmutter first,false,0.03,2,0.03023405,selected candidate applied
Pd111,ethane,pbe_d3,relaxed,ok,-0.41289350,-383.89404757,-342.95507948,-40.52607459,perlmutter,kestrel,perlmutter,/pscratch/sd/j/jcho5/VASP/dft_jobs/C2H6_Pd111/PBE_D3,/kfs3/scratch/jcho5/goad-global-optimization/vasp_slab_kestrel/Pd111/PBE_D3,/pscratch/sd/j/jcho5/VASP/vasp_mol/C2H6/PBE_D3,e2b9fb2571608219551928874463a2870d795d379a787d2c964c70b708cb1b33,0c1e5308acf67b803b7b34166beb4459166f928aa6762b4b050c5f6634b83567,4dbe588a035718c664c9d9594b2ef9e306a16e6d46b046b9f145a68e6069c612,"Converged components; matching PAW TITEL identities, functional, composition, full slab cell and stored core settings. Archived Kestrel provenance retained. No energy scaling or offsets.",Perlmutter first,false,-0.413,1,-0.41289350,selected candidate applied
Pd111,ethane,pbe_d3,SPE,ok,-0.17987457,-383.66102864,-342.95507948,-40.52607459,perlmutter,kestrel,perlmutter,/pscratch/sd/j/jcho5/VASP/dft_jobs/C2H6_Pd111/singlepoint/PBE_D3,/kfs3/scratch/jcho5/goad-global-optimization/vasp_slab_kestrel/Pd111/PBE_D3,/pscratch/sd/j/jcho5/VASP/vasp_mol/C2H6/PBE_D3,be94b09a02296f3d1f2b8510c1703b87a003f4f1169afb6784903ed826a9d972,0c1e5308acf67b803b7b34166beb4459166f928aa6762b4b050c5f6634b83567,4dbe588a035718c664c9d9594b2ef9e306a16e6d46b046b9f145a68e6069c612,"Converged components; matching PAW TITEL identities, functional, composition, full slab cell and stored core settings. Archived Kestrel provenance retained. No energy scaling or offsets.",Perlmutter first,false,-0.18,2,-0.17987457,selected candidate applied
Pd111,ethane,r2scan,relaxed,,,,,,,,,,,,,,,,No complete matched component set,false,,0,,withheld: refs unverified
Pd111,ethane,r2scan,SPE,ok,-0.01475535,-1491.93532674,-1449.66487556,-42.25569583,perlmutter,kestrel,perlmutter,/pscratch/sd/j/jcho5/VASP/dft_jobs/C2H6_Pd111/singlepoint/r2scan,/kfs3/scratch/jcho5/goad-global-optimization/vasp_slab_kestrel/Pd111/r2scan,/pscratch/sd/j/jcho5/VASP/vasp_mol/C2H6/r2scan,2d97631cf16480cb99c9302e616614691cfe36c2e4a22741f26ef2b9fff15caf,9d98ba57d073cb930e45b531a45ae1be26cf3678b864f819dd84d42ffe7d5c01,18603583877f2ac5eda9b6285e9ccfee374a72f144a00864122f974dcf4723ad,"Converged components; matching PAW TITEL identities, functional, composition, full slab cell and stored core settings. Archived Kestrel provenance retained. No energy scaling or offsets.",Perlmutter first,false,-0.015,2,-0.01475535,selected candidate applied
Pd111,ethane,beef_vdw,relaxed,ok,-0.34316686,-136.65836331,-98.08596581,-38.22923064,perlmutter,kestrel,perlmutter,/pscratch/sd/j/jcho5/VASP/dft_jobs/C2H6_Pd111/beef_vdw,/kfs3/scratch/jcho5/goad-global-optimization/vasp_slab_kestrel/Pd111/beef_vdw,/pscratch/sd/j/jcho5/VASP/vasp_mol/C2H6/beef_vdw,936559dd76f6673648931506ec069173fb4995c342d5de1b410fbb67b6ad3c12,2b34adf4901108f03952139bb5b4c2461df7e142c48a891fc2c7f71ca03e90c1,75736fb87a7367bfab9b2ade386c63802812384fc6661f9ddd61d2e04d39ce91,"Converged components; matching PAW TITEL identities, functional, composition, full slab cell and stored core settings. Archived Kestrel provenance retained. No energy scaling or offsets.",Perlmutter first,false,-0.343,1,-0.34316686,selected candidate applied
Pd111,ethane,beef_vdw,SPE,ok,-0.21549926,-136.53069571,-98.08596581,-38.22923064,perlmutter,kestrel,perlmutter,/pscratch/sd/j/jcho5/VASP/dft_jobs/C2H6_Pd111/singlepoint/beef_vdw,/kfs3/scratch/jcho5/goad-global-optimization/vasp_slab_kestrel/Pd111/beef_vdw,/pscratch/sd/j/jcho5/VASP/vasp_mol/C2H6/beef_vdw,8a9fd90452e6c4235332299af3246efaf1f6a5ee4f9517015f8290e93d4b8ee5,2b34adf4901108f03952139bb5b4c2461df7e142c48a891fc2c7f71ca03e90c1,75736fb87a7367bfab9b2ade386c63802812384fc6661f9ddd61d2e04d39ce91,"Converged components; matching PAW TITEL identities, functional, composition, full slab cell and stored core settings. Archived Kestrel provenance retained. No energy scaling or offsets.",Perlmutter first,false,-0.215,2,-0.21549926,selected candidate applied
Pd111,ethanol,pbe,relaxed,ok,-0.29052221,-363.50730647,-316.34092185,-46.87586241,perlmutter,kestrel,perlmutter,/pscratch/sd/j/jcho5/VASP/dft_jobs/CH3CH2OH_Pd111/PBE,/kfs3/scratch/jcho5/goad-global-optimization/vasp_slab_kestrel/Pd111/PBE,/pscratch/sd/j/jcho5/VASP/vasp_mol/CH3CH2OH/PBE,2b6f7d5f174fb2d6805072cce1945dc7a6bd39e8bc21fee4839b50be10215cf4,ca88c0bcd9ee0d019bb339afc1310f10d92669319c2928eba9a5d6b9bef0e12e,db3eaaee45d9a4ffb73d63455f615c768711c64633503306587eba6360bcc997,"Converged components; matching PAW TITEL identities, functional, composition, full slab cell and stored core settings. Archived Kestrel provenance retained. No energy scaling or offsets.",Perlmutter first,false,-0.291,1,-0.29052221,selected candidate applied
Pd111,ethanol,pbe,SPE,ok,-0.25968217,-363.47646643,-316.34092185,-46.87586241,perlmutter,kestrel,perlmutter,/pscratch/sd/j/jcho5/VASP/dft_jobs/CH3CH2OH_Pd111/singlepoint/PBE,/kfs3/scratch/jcho5/goad-global-optimization/vasp_slab_kestrel/Pd111/PBE,/pscratch/sd/j/jcho5/VASP/vasp_mol/CH3CH2OH/PBE,082ac91fcba0648967b111429f61b54c6c609c33a8afc8c04e3bb857bdda6ae0,ca88c0bcd9ee0d019bb339afc1310f10d92669319c2928eba9a5d6b9bef0e12e,db3eaaee45d9a4ffb73d63455f615c768711c64633503306587eba6360bcc997,"Converged components; matching PAW TITEL identities, functional, composition, full slab cell and stored core settings. Archived Kestrel provenance retained. No energy scaling or offsets.",Perlmutter first,false,-0.26,2,-0.25968217,selected candidate applied
Pd111,ethanol,pbe_d3,relaxed,ok,-0.76322253,-390.64126629,-342.95507948,-46.92296428,perlmutter,kestrel,perlmutter,/pscratch/sd/j/jcho5/VASP/dft_jobs/CH3CH2OH_Pd111/PBE_D3,/kfs3/scratch/jcho5/goad-global-optimization/vasp_slab_kestrel/Pd111/PBE_D3,/pscratch/sd/j/jcho5/VASP/vasp_mol/CH3CH2OH/PBE_D3,2856f038091193eb5a13cc6fcce27ff2bc4c0a9999088a50cc0beeb3ec352dcf,0c1e5308acf67b803b7b34166beb4459166f928aa6762b4b050c5f6634b83567,917d270e3fa7febf16fef5bf22e1e30721b5162c5bcddd2aee95af69b5ce8c46,"Converged components; matching PAW TITEL identities, functional, composition, full slab cell and stored core settings. Archived Kestrel provenance retained. No energy scaling or offsets.",Perlmutter first,false,-0.763,1,-0.76322253,selected candidate applied
Pd111,ethanol,pbe_d3,SPE,ok,-0.55179483,-390.42983859,-342.95507948,-46.92296428,perlmutter,kestrel,perlmutter,/pscratch/sd/j/jcho5/VASP/dft_jobs/CH3CH2OH_Pd111/singlepoint/PBE_D3,/kfs3/scratch/jcho5/goad-global-optimization/vasp_slab_kestrel/Pd111/PBE_D3,/pscratch/sd/j/jcho5/VASP/vasp_mol/CH3CH2OH/PBE_D3,9e5a0a7b161a8ab3c0cfabf596e5e3943894899d826a6b2991713f2aaf6c26c6,0c1e5308acf67b803b7b34166beb4459166f928aa6762b4b050c5f6634b83567,917d270e3fa7febf16fef5bf22e1e30721b5162c5bcddd2aee95af69b5ce8c46,"Converged components; matching PAW TITEL identities, functional, composition, full slab cell and stored core settings. Archived Kestrel provenance retained. No energy scaling or offsets.",Perlmutter first,false,-0.552,2,-0.55179483,selected candidate applied
Pd111,ethanol,r2scan,relaxed,ok,-0.53863131,-1499.84309945,-1449.66487556,-49.63959258,perlmutter,kestrel,perlmutter,/pscratch/sd/j/jcho5/VASP/dft_jobs/CH3CH2OH_Pd111/r2scan,/kfs3/scratch/jcho5/goad-global-optimization/vasp_slab_kestrel/Pd111/r2scan,/pscratch/sd/j/jcho5/VASP/vasp_mol/CH3CH2OH/r2scan,dabbee67e4387dfbd936de9c3471159255702ded31fff783b777a85bddd4a8f6,9d98ba57d073cb930e45b531a45ae1be26cf3678b864f819dd84d42ffe7d5c01,4c2bba36480d6b1f5a858ecdfb9da6d6b803ad4e256f6e928027ea8146e082b1,"Converged components; matching PAW TITEL identities, functional, composition, full slab cell and stored core settings. Archived Kestrel provenance retained. No energy scaling or offsets.",Perlmutter first,false,-0.539,1,-0.53863131,selected candidate applied
Pd111,ethanol,r2scan,SPE,ok,-0.38604879,-1499.69051693,-1449.66487556,-49.63959258,perlmutter,kestrel,perlmutter,/pscratch/sd/j/jcho5/VASP/dft_jobs/CH3CH2OH_Pd111/singlepoint/r2scan,/kfs3/scratch/jcho5/goad-global-optimization/vasp_slab_kestrel/Pd111/r2scan,/pscratch/sd/j/jcho5/VASP/vasp_mol/CH3CH2OH/r2scan,f8cb2b2dc216974e315e3d1d7f9744be0d1005bb2c49eee01eb2a8d0ce216d88,9d98ba57d073cb930e45b531a45ae1be26cf3678b864f819dd84d42ffe7d5c01,4c2bba36480d6b1f5a858ecdfb9da6d6b803ad4e256f6e928027ea8146e082b1,"Converged components; matching PAW TITEL identities, functional, composition, full slab cell and stored core settings. Archived Kestrel provenance retained. No energy scaling or offsets.",Perlmutter first,false,-0.386,2,-0.38604879,selected candidate applied
Pd111,ethanol,beef_vdw,relaxed,ok,-0.62199707,-141.45817836,-98.08596581,-42.75021548,perlmutter,kestrel,perlmutter,/pscratch/sd/j/jcho5/VASP/dft_jobs/CH3CH2OH_Pd111/beef_vdw,/kfs3/scratch/jcho5/goad-global-optimization/vasp_slab_kestrel/Pd111/beef_vdw,/pscratch/sd/j/jcho5/VASP/vasp_mol/CH3CH2OH/beef_vdw,c3412ffde0a91d2c4141d5989c2e80ab7a89dbeb75d369bfc24c52a37a02e131,2b34adf4901108f03952139bb5b4c2461df7e142c48a891fc2c7f71ca03e90c1,50e154b624fcff1772eb90df010b0b697dbd63102eaaddacea15d1175849d327,"Converged components; matching PAW TITEL identities, functional, composition, full slab cell and stored core settings. Archived Kestrel provenance retained. No energy scaling or offsets.",Perlmutter first,false,-0.622,1,-0.62199707,selected candidate applied
Pd111,ethanol,beef_vdw,SPE,ok,-0.52147357,-141.35765486,-98.08596581,-42.75021548,perlmutter,kestrel,perlmutter,/pscratch/sd/j/jcho5/VASP/dft_jobs/CH3CH2OH_Pd111/singlepoint/beef_vdw,/kfs3/scratch/jcho5/goad-global-optimization/vasp_slab_kestrel/Pd111/beef_vdw,/pscratch/sd/j/jcho5/VASP/vasp_mol/CH3CH2OH/beef_vdw,4fe57aeae05668976a5d6cc85ad0d33bb99734f1c8bdc2e17db236aac0028444,2b34adf4901108f03952139bb5b4c2461df7e142c48a891fc2c7f71ca03e90c1,50e154b624fcff1772eb90df010b0b697dbd63102eaaddacea15d1175849d327,"Converged components; matching PAW TITEL identities, functional, composition, full slab cell and stored core settings. Archived Kestrel provenance retained. No energy scaling or offsets.",Perlmutter first,false,-0.521,2,-0.52147357,selected candidate applied
Pd111,ethene,pbe,relaxed,,,,,,,,,,,,,,,,No complete matched component set,false,,0,,withheld: potential mismatch
Pd111,ethene,pbe,SPE,,,,,,,,,,,,,,,,Kestrel candidate held: matching Perlmutter structure not verified,false,,1,,withheld: potential mismatch
Pd111,ethene,pbe_d3,relaxed,,,,,,,,,,,,,,,,No complete matched component set,false,,0,,withheld: potential mismatch
Pd111,ethene,pbe_d3,SPE,,,,,,,,,,,,,,,,Kestrel candidate held: matching Perlmutter structure not verified,false,,1,,withheld: potential mismatch
Pd111,ethene,r2scan,relaxed,,,,,,,,,,,,,,,,No complete matched component set,false,,0,,withheld: refs unverified
Pd111,ethene,r2scan,SPE,,,,,,,,,,,,,,,,Kestrel candidate held: matching Perlmutter structure not verified,false,,1,,withheld: potential mismatch
Pd111,ethene,beef_vdw,relaxed,,,,,,,,,,,,,,,,No complete matched component set,false,,0,,withheld: potential mismatch
Pd111,ethene,beef_vdw,SPE,,,,,,,,,,,,,,,,Kestrel candidate held: matching Perlmutter structure not verified,false,,1,,withheld: potential mismatch
Pd111,formaldehyde,pbe,relaxed,,,,,,,,,,,,,,,,No complete matched component set,false,,0,,withheld: potential mismatch
Pd111,formaldehyde,pbe,SPE,,,,,,,,,,,,,,,,No complete matched component set,false,,0,,missing
Pd111,formaldehyde,pbe_d3,relaxed,,,,,,,,,,,,,,,,No complete matched component set,false,,0,,withheld: potential mismatch
Pd111,formaldehyde,pbe_d3,SPE,,,,,,,,,,,,,,,,No complete matched component set,false,,0,,missing
Pd111,formaldehyde,r2scan,relaxed,,,,,,,,,,,,,,,,No complete matched component set,false,,0,,missing
Pd111,formaldehyde,r2scan,SPE,,,,,,,,,,,,,,,,No complete matched component set,false,,0,,missing
Pd111,formaldehyde,beef_vdw,relaxed,,,,,,,,,,,,,,,,No complete matched component set,false,,0,,withheld: potential mismatch
Pd111,formaldehyde,beef_vdw,SPE,,,,,,,,,,,,,,,,No complete matched component set,false,,0,,missing
Pd111,formic_acid,pbe,relaxed,,,,,,,,,,,,,,,,No complete matched component set,false,,0,,withheld: potential mismatch
Pd111,formic_acid,pbe,SPE,,,,,,,,,,,,,,,,No complete matched component set,false,,0,,missing
Pd111,formic_acid,pbe_d3,relaxed,,,,,,,,,,,,,,,,No complete matched component set,false,,0,,withheld: potential mismatch
Pd111,formic_acid,pbe_d3,SPE,,,,,,,,,,,,,,,,No complete matched component set,false,,0,,missing
Pd111,formic_acid,r2scan,relaxed,,,,,,,,,,,,,,,,No complete matched component set,false,,0,,missing
Pd111,formic_acid,r2scan,SPE,,,,,,,,,,,,,,,,No complete matched component set,false,,0,,missing
Pd111,formic_acid,beef_vdw,relaxed,,,,,,,,,,,,,,,,No complete matched component set,false,,0,,withheld: potential mismatch
Pd111,formic_acid,beef_vdw,SPE,,,,,,,,,,,,,,,,No complete matched component set,false,,0,,missing
Pd111,glycerol,pbe,relaxed,,,,,,,,,,,,,,,,No complete matched component set,false,,0,,withheld: refs unverified
Pd111,glycerol,pbe,SPE,ok,0.26843606,-392.32671294,-316.34092185,-76.25422715,kestrel,kestrel,kestrel,/kfs3/scratch/jcho5/goad-global-optimization/poscar/best/C3/Pd111_glycerol/singlepoint/PBE,/kfs3/scratch/jcho5/goad-global-optimization/vasp_slab_kestrel/Pd111/PBE,/kfs3/scratch/jcho5/goad-global-optimization/vasp_mol/glycerol/PBE,8d535391fd01aebd61d9fe6c08b3ff61136401ae5d8218aa9513e92669de0663,ca88c0bcd9ee0d019bb339afc1310f10d92669319c2928eba9a5d6b9bef0e12e,828acd659788dda17c39a2bd9f249eb73a357ce398f3870bc3ccdbfdb914904c,"Converged components; matching PAW TITEL identities, functional, composition, full slab cell and stored core settings. Archived Kestrel provenance retained. No energy scaling or offsets.",Kestrel: no usable Perlmutter binding-energy candidate,false,0.268,1,0.26843606,selected candidate applied
Pd111,glycerol,pbe_d3,relaxed,,,,,,,,,,,,,,,,No complete matched component set,false,,0,,withheld: refs unverified
Pd111,glycerol,pbe_d3,SPE,ok,-0.28588123,-419.64801638,-342.95507948,-76.40705567,kestrel,kestrel,kestrel,/kfs3/scratch/jcho5/goad-global-optimization/poscar/best/C3/Pd111_glycerol/singlepoint/PBE_D3,/kfs3/scratch/jcho5/goad-global-optimization/vasp_slab_kestrel/Pd111/PBE_D3,/kfs3/scratch/jcho5/goad-global-optimization/vasp_mol/glycerol/PBE_D3,6c80ae49f9cd4f16d67ebf646b46a3af6a28d9208a149f946a09cd0e5ca30740,0c1e5308acf67b803b7b34166beb4459166f928aa6762b4b050c5f6634b83567,40a204e0b55816c752f9bfc1d86e7885d081c1aafd5e22799415623df64c02d9,"Converged components; matching PAW TITEL identities, functional, composition, full slab cell and stored core settings. Archived Kestrel provenance retained. No energy scaling or offsets.",Kestrel: no usable Perlmutter binding-energy candidate,false,-0.286,1,-0.28588123,selected candidate applied
Pd111,glycerol,r2scan,relaxed,,,,,,,,,,,,,,,,No complete matched component set,false,,0,,withheld: refs unverified
Pd111,glycerol,r2scan,SPE,ok,0.09168294,-1531.47196169,-1449.66487556,-81.89876907,kestrel,kestrel,kestrel,/kfs3/scratch/jcho5/goad-global-optimization/poscar/best/C3/Pd111_glycerol/singlepoint/r2scan,/kfs3/scratch/jcho5/goad-global-optimization/vasp_slab_kestrel/Pd111/r2scan,/kfs3/scratch/jcho5/goad-global-optimization/vasp_mol/glycerol/r2scan,b9a24e3563b0b75efd4cfe1e5b8d0b12064f539d92be082434de5ce940ae06b2,9d98ba57d073cb930e45b531a45ae1be26cf3678b864f819dd84d42ffe7d5c01,5c652d3c8b2fce3fa059d13306243bd2ac6e4c2a73f147ea5a9322b08816a2f0,"Converged components; matching PAW TITEL identities, functional, composition, full slab cell and stored core settings. Archived Kestrel provenance retained. No energy scaling or offsets.",Kestrel: no usable Perlmutter binding-energy candidate,false,0.092,1,0.09168294,selected candidate applied
Pd111,glycerol,beef_vdw,relaxed,,,,,,,,,,,,,,,,No complete matched component set,false,,0,,missing
Pd111,glycerol,beef_vdw,SPE,,,,,,,,,,,,,,,,No complete matched component set,false,,0,,withheld: refs unverified
Pd111,isopropanol,pbe,relaxed,,,,,,,,,,,,,,,,No complete matched component set,false,,0,,withheld: refs unverified
Pd111,isopropanol,pbe,SPE,ok,0.21839999,-379.65696289,-316.34092185,-63.53444103,kestrel,kestrel,kestrel,/kfs3/scratch/jcho5/goad-global-optimization/poscar/best/C3/Pd111_isopropanol/singlepoint/PBE,/kfs3/scratch/jcho5/goad-global-optimization/vasp_slab_kestrel/Pd111/PBE,/kfs3/scratch/jcho5/goad-global-optimization/vasp_mol/isopropanol/PBE,a302a3b46b8902189d07754e2db4dbf5f0f06f3477799af29bebd17049c96052,ca88c0bcd9ee0d019bb339afc1310f10d92669319c2928eba9a5d6b9bef0e12e,39a27d096d8793d0f96ba63f99f485ddd2d74e2ec68b0b8dcda5fb3c1b8fa0ad,"Converged components; matching PAW TITEL identities, functional, composition, full slab cell and stored core settings. Archived Kestrel provenance retained. No energy scaling or offsets.",Kestrel: no usable Perlmutter binding-energy candidate,false,0.218,1,0.21839999,selected candidate applied
Pd111,isopropanol,pbe_d3,relaxed,,,,,,,,,,,,,,,,No complete matched component set,false,,0,,withheld: refs unverified
Pd111,isopropanol,pbe_d3,SPE,ok,-0.08121101,-406.66915363,-342.95507948,-63.63286314,kestrel,kestrel,kestrel,/kfs3/scratch/jcho5/goad-global-optimization/poscar/best/C3/Pd111_isopropanol/singlepoint/PBE_D3,/kfs3/scratch/jcho5/goad-global-optimization/vasp_slab_kestrel/Pd111/PBE_D3,/kfs3/scratch/jcho5/goad-global-optimization/vasp_mol/isopropanol/PBE_D3,31385a8e9d44caf16c1c575dcfb843a31cd8f58c65c046622790fd34c62e264a,0c1e5308acf67b803b7b34166beb4459166f928aa6762b4b050c5f6634b83567,e5c0c7e93dba3a9ef1bac6ff8e63353c3c2b5a45ea58c63ede8c27150ee2a2df,"Converged components; matching PAW TITEL identities, functional, composition, full slab cell and stored core settings. Archived Kestrel provenance retained. No energy scaling or offsets.",Kestrel: no usable Perlmutter binding-energy candidate,false,-0.081,1,-0.08121101,selected candidate applied
Pd111,isopropanol,r2scan,relaxed,,,,,,,,,,,,,,,,No complete matched component set,false,,0,,withheld: refs unverified
Pd111,isopropanol,r2scan,SPE,ok,0.14418457,-1516.67428337,-1449.66487556,-67.15359238,kestrel,kestrel,kestrel,/kfs3/scratch/jcho5/goad-global-optimization/poscar/best/C3/Pd111_isopropanol/singlepoint/r2scan,/kfs3/scratch/jcho5/goad-global-optimization/vasp_slab_kestrel/Pd111/r2scan,/kfs3/scratch/jcho5/goad-global-optimization/vasp_mol/isopropanol/r2scan,b5a1aaf06dac486ca74e96ca82a19037fd4b34c91aa1b1463d56719613170eb3,9d98ba57d073cb930e45b531a45ae1be26cf3678b864f819dd84d42ffe7d5c01,934fb2a746fce016f5d577a71010c9ff2db4837d3e4ad54fc6ef68f4c198897d,"Converged components; matching PAW TITEL identities, functional, composition, full slab cell and stored core settings. Archived Kestrel provenance retained. No energy scaling or offsets.",Kestrel: no usable Perlmutter binding-energy candidate,false,0.144,1,0.14418457,selected candidate applied
Pd111,isopropanol,beef_vdw,relaxed,,,,,,,,,,,,,,,,No complete matched component set,false,,0,,missing
Pd111,isopropanol,beef_vdw,SPE,ok,-0.19059796,-156.49290822,-98.08596581,-58.21634445,kestrel,kestrel,kestrel,/kfs3/scratch/jcho5/goad-global-optimization/poscar/best/C3/Pd111_isopropanol/singlepoint/beef_vdw,/kfs3/scratch/jcho5/goad-global-optimization/vasp_slab_kestrel/Pd111/beef_vdw,/kfs3/scratch/jcho5/goad-global-optimization/vasp_mol/isopropanol/beef_vdw,3b865121f7eb9f5f8d74e155d8ccb6528e05a3eb2938e89615a9d173fd34a64c,2b34adf4901108f03952139bb5b4c2461df7e142c48a891fc2c7f71ca03e90c1,abaa4aab155436d960d26131a7cd4890541bb88307e8a6e18330f366ba92ae6e,"Converged components; matching PAW TITEL identities, functional, composition, full slab cell and stored core settings. Archived Kestrel provenance retained. No energy scaling or offsets.",Kestrel: no usable Perlmutter binding-energy candidate,false,-0.191,1,-0.19059796,selected candidate applied
Pd111,methane,pbe,relaxed,,,,,,,,,,,,,,,,No complete matched component set,false,,0,,withheld: potential mismatch
Pd111,methane,pbe,SPE,,,,,,,,,,,,,,,,No complete matched component set,false,,0,,withheld: potential mismatch
Pd111,methane,pbe_d3,relaxed,,,,,,,,,,,,,,,,No complete matched component set,false,,0,,withheld: potential mismatch
Pd111,methane,pbe_d3,SPE,,,,,,,,,,,,,,,,No complete matched component set,false,,0,,withheld: potential mismatch
Pd111,methane,r2scan,relaxed,,,,,,,,,,,,,,,,No complete matched component set,false,,0,,withheld: potential mismatch
Pd111,methane,r2scan,SPE,,,,,,,,,,,,,,,,No complete matched component set,false,,0,,missing
Pd111,methane,beef_vdw,relaxed,,,,,,,,,,,,,,,,No complete matched component set,false,,0,,withheld: potential mismatch
Pd111,methane,beef_vdw,SPE,,,,,,,,,,,,,,,,No complete matched component set,false,,0,,withheld: potential mismatch
Pd111,methanol,pbe,relaxed,,,,,,,,,,,,,,,,No complete matched component set,false,,0,,withheld: potential mismatch
Pd111,methanol,pbe,SPE,,,,,,,,,,,,,,,,No complete matched component set,false,,0,,withheld: potential mismatch
Pd111,methanol,pbe_d3,relaxed,,,,,,,,,,,,,,,,No complete matched component set,false,,0,,withheld: potential mismatch
Pd111,methanol,pbe_d3,SPE,,,,,,,,,,,,,,,,No complete matched component set,false,,0,,withheld: potential mismatch
Pd111,methanol,r2scan,relaxed,,,,,,,,,,,,,,,,No complete matched component set,false,,0,,withheld: potential mismatch
Pd111,methanol,r2scan,SPE,,,,,,,,,,,,,,,,No complete matched component set,false,,0,,withheld: potential mismatch
Pd111,methanol,beef_vdw,relaxed,,,,,,,,,,,,,,,,No complete matched component set,false,,0,,withheld: potential mismatch
Pd111,methanol,beef_vdw,SPE,,,,,,,,,,,,,,,,No complete matched component set,false,,0,,withheld: potential mismatch
Pd111,propane,pbe,relaxed,,,,,,,,,,,,,,,,No complete matched component set,false,,0,,withheld: refs unverified
Pd111,propane,pbe,SPE,ok,0.31432351,-373.05449897,-316.34092185,-57.02790063,kestrel,kestrel,kestrel,/kfs3/scratch/jcho5/goad-global-optimization/poscar/best/C3/Pd111_propane/singlepoint/PBE,/kfs3/scratch/jcho5/goad-global-optimization/vasp_slab_kestrel/Pd111/PBE,/kfs3/scratch/jcho5/goad-global-optimization/vasp_mol/propane/PBE,994f66e8f627ca9c6a0872ad8f42781c6e35f2651af953a2dc1abb53aab95dbc,ca88c0bcd9ee0d019bb339afc1310f10d92669319c2928eba9a5d6b9bef0e12e,90784e8fb0f20fc7be46d1d2ef06a6e384e172edc3192f14be345737dcb40311,"Converged components; matching PAW TITEL identities, functional, composition, full slab cell and stored core settings. Archived Kestrel provenance retained. No energy scaling or offsets.",Kestrel: no usable Perlmutter binding-energy candidate,false,0.314,1,0.31432351,selected candidate applied
Pd111,propane,pbe_d3,relaxed,,,,,,,,,,,,,,,,No complete matched component set,false,,0,,withheld: refs unverified
Pd111,propane,pbe_d3,SPE,ok,0.04315456,-400.00523025,-342.95507948,-57.09330533,kestrel,kestrel,kestrel,/kfs3/scratch/jcho5/goad-global-optimization/poscar/best/C3/Pd111_propane/singlepoint/PBE_D3,/kfs3/scratch/jcho5/goad-global-optimization/vasp_slab_kestrel/Pd111/PBE_D3,/kfs3/scratch/jcho5/goad-global-optimization/vasp_mol/propane/PBE_D3,9456b60c5fce4928b7238a8743928fb308e31817e781a69ac69cb9580f4101d4,0c1e5308acf67b803b7b34166beb4459166f928aa6762b4b050c5f6634b83567,87d8301cb1fef4bb3512a58b4d11aae2d2a709b9089d8ee62e64bf6e0d1dba0b,"Converged components; matching PAW TITEL identities, functional, composition, full slab cell and stored core settings. Archived Kestrel provenance retained. No energy scaling or offsets.",Kestrel: no usable Perlmutter binding-energy candidate,false,0.043,1,0.04315456,selected candidate applied
Pd111,propane,r2scan,relaxed,,,,,,,,,,,,,,,,No complete matched component set,false,,0,,withheld: refs unverified
Pd111,propane,r2scan,SPE,ok,0.21786268,-1509.05880361,-1449.66487556,-59.61179073,kestrel,kestrel,kestrel,/kfs3/scratch/jcho5/goad-global-optimization/poscar/best/C3/Pd111_propane/singlepoint/r2scan,/kfs3/scratch/jcho5/goad-global-optimization/vasp_slab_kestrel/Pd111/r2scan,/kfs3/scratch/jcho5/goad-global-optimization/vasp_mol/propane/r2scan,52a59da9e877e03937462d18038318a3a0a56cf2c0a082c6280145a8c315a5f7,9d98ba57d073cb930e45b531a45ae1be26cf3678b864f819dd84d42ffe7d5c01,c19603813b6122584cd5465304fd7e318aa921ebb8ddd5a8eeac2f00bd4f77f9,"Converged components; matching PAW TITEL identities, functional, composition, full slab cell and stored core settings. Archived Kestrel provenance retained. No energy scaling or offsets.",Kestrel: no usable Perlmutter binding-energy candidate,false,0.218,1,0.21786268,selected candidate applied
Pd111,propane,beef_vdw,relaxed,,,,,,,,,,,,,,,,No complete matched component set,false,,0,,missing
Pd111,propane,beef_vdw,SPE,ok,-0.10479339,-151.75244993,-98.08596581,-53.56169073,kestrel,kestrel,kestrel,/kfs3/scratch/jcho5/goad-global-optimization/poscar/best/C3/Pd111_propane/singlepoint/beef_vdw,/kfs3/scratch/jcho5/goad-global-optimization/vasp_slab_kestrel/Pd111/beef_vdw,/kfs3/scratch/jcho5/goad-global-optimization/vasp_mol/propane/beef_vdw,c4e8ef2df04b05306198cfcf7aba89a921d26a63140d611344e01053f61d6fcb,2b34adf4901108f03952139bb5b4c2461df7e142c48a891fc2c7f71ca03e90c1,b6bcc086e2bc81eae1d8256081ca6059015e8bae89d4d3350505efd9b8590325,"Converged components; matching PAW TITEL identities, functional, composition, full slab cell and stored core settings. Archived Kestrel provenance retained. No energy scaling or offsets.",Kestrel: no usable Perlmutter binding-energy candidate,false,-0.105,1,-0.10479339,selected candidate applied
Pd111,propanol,pbe,relaxed,,,,,,,,,,,,,,,,No complete matched component set,false,,0,,withheld: refs unverified
Pd111,propanol,pbe,SPE,ok,0.19913115,-379.53059212,-316.34092185,-63.38880142,kestrel,kestrel,kestrel,/kfs3/scratch/jcho5/goad-global-optimization/poscar/best/C3/Pd111_propanol/singlepoint/PBE,/kfs3/scratch/jcho5/goad-global-optimization/vasp_slab_kestrel/Pd111/PBE,/kfs3/scratch/jcho5/goad-global-optimization/vasp_mol/propanol/PBE,6395b0df6a4bc44aa5be461dcd015a39318de26e3a45bd8969a09e55d59c578b,ca88c0bcd9ee0d019bb339afc1310f10d92669319c2928eba9a5d6b9bef0e12e,106e16a9cacc495be042da0d97fe1c6cb088d37fa8ec21c8daef576b1dbb3127,"Converged components; matching PAW TITEL identities, functional, composition, full slab cell and stored core settings. Archived Kestrel provenance retained. No energy scaling or offsets.",Kestrel: no usable Perlmutter binding-energy candidate,false,0.199,1,0.19913115,selected candidate applied
Pd111,propanol,pbe_d3,relaxed,,,,,,,,,,,,,,,,No complete matched component set,false,,0,,withheld: refs unverified
Pd111,propanol,pbe_d3,SPE,ok,-0.18517511,-406.62233865,-342.95507948,-63.48208406,kestrel,kestrel,kestrel,/kfs3/scratch/jcho5/goad-global-optimization/poscar/best/C3/Pd111_propanol/singlepoint/PBE_D3,/kfs3/scratch/jcho5/goad-global-optimization/vasp_slab_kestrel/Pd111/PBE_D3,/kfs3/scratch/jcho5/goad-global-optimization/vasp_mol/propanol/PBE_D3,fb33d2ac563d1bc04fca01c88538614b0944a2a6f2373650ecd55194b97d829a,0c1e5308acf67b803b7b34166beb4459166f928aa6762b4b050c5f6634b83567,a371ac9cb66f5b5f5301fe75d5d75604a05b6bbb390367d90a10829d11e2d6d4,"Converged components; matching PAW TITEL identities, functional, composition, full slab cell and stored core settings. Archived Kestrel provenance retained. No energy scaling or offsets.",Kestrel: no usable Perlmutter binding-energy candidate,false,-0.185,1,-0.18517511,selected candidate applied
Pd111,propanol,r2scan,relaxed,,,,,,,,,,,,,,,,No complete matched component set,false,,0,,withheld: refs unverified
Pd111,propanol,r2scan,SPE,ok,0.05429217,-1516.59404077,-1449.66487556,-66.98345738,kestrel,kestrel,kestrel,/kfs3/scratch/jcho5/goad-global-optimization/poscar/best/C3/Pd111_propanol/singlepoint/r2scan,/kfs3/scratch/jcho5/goad-global-optimization/vasp_slab_kestrel/Pd111/r2scan,/kfs3/scratch/jcho5/goad-global-optimization/vasp_mol/propanol/r2scan,261486132289e8cf76e1d0031e63d380b6ad79dbf8ec02bb12caf0f34856b8b3,9d98ba57d073cb930e45b531a45ae1be26cf3678b864f819dd84d42ffe7d5c01,47bca4baa7752117440e3d73f1c6f0417ea7a13e2130b00dacf556ee0514a1cb,"Converged components; matching PAW TITEL identities, functional, composition, full slab cell and stored core settings. Archived Kestrel provenance retained. No energy scaling or offsets.",Kestrel: no usable Perlmutter binding-energy candidate,false,0.054,1,0.05429217,selected candidate applied
Pd111,propanol,beef_vdw,relaxed,,,,,,,,,,,,,,,,No complete matched component set,false,,0,,missing
Pd111,propanol,beef_vdw,SPE,ok,-0.22203356,-156.37598781,-98.08596581,-58.06798844,kestrel,kestrel,kestrel,/kfs3/scratch/jcho5/goad-global-optimization/poscar/best/C3/Pd111_propanol/singlepoint/beef_vdw,/kfs3/scratch/jcho5/goad-global-optimization/vasp_slab_kestrel/Pd111/beef_vdw,/kfs3/scratch/jcho5/goad-global-optimization/vasp_mol/propanol/beef_vdw,a90ac15cca039db085e4266100afe6aae44c42f61be88df1b5c53965836a7911,2b34adf4901108f03952139bb5b4c2461df7e142c48a891fc2c7f71ca03e90c1,f51683128715aedfcc2555c4f18942247e6e048b7084a0353126dc85da2c9340,"Converged components; matching PAW TITEL identities, functional, composition, full slab cell and stored core settings. Archived Kestrel provenance retained. No energy scaling or offsets.",Kestrel: no usable Perlmutter binding-energy candidate,false,-0.222,1,-0.22203356,selected candidate applied
Pd111,propene,pbe,relaxed,,,,,,,,,,,,,,,,No complete matched component set,false,,0,,withheld: refs unverified
Pd111,propene,pbe,SPE,ok,-0.45416481,-365.46264514,-316.34092185,-48.66755848,kestrel,kestrel,kestrel,/kfs3/scratch/jcho5/goad-global-optimization/poscar/best/C3/Pd111_propene/singlepoint/PBE,/kfs3/scratch/jcho5/goad-global-optimization/vasp_slab_kestrel/Pd111/PBE,/kfs3/scratch/jcho5/goad-global-optimization/vasp_mol/propene/PBE,191d2c631ac2ef32ba80b678e2839cf33606359f2ead961ece5df0751b48b649,ca88c0bcd9ee0d019bb339afc1310f10d92669319c2928eba9a5d6b9bef0e12e,c6e5b8314b75b5836cc1562566387dba9a126a589a7867fbe91ff5db75927546,"Converged components; matching PAW TITEL identities, functional, composition, full slab cell and stored core settings. Archived Kestrel provenance retained. No energy scaling or offsets.",Kestrel: no usable Perlmutter binding-energy candidate,false,-0.454,1,-0.45416481,selected candidate applied
Pd111,propene,pbe_d3,relaxed,,,,,,,,,,,,,,,,No complete matched component set,false,,0,,withheld: refs unverified
Pd111,propene,pbe_d3,SPE,ok,-0.72197286,-392.38491902,-342.95507948,-48.70786668,kestrel,kestrel,kestrel,/kfs3/scratch/jcho5/goad-global-optimization/poscar/best/C3/Pd111_propene/singlepoint/PBE_D3,/kfs3/scratch/jcho5/goad-global-optimization/vasp_slab_kestrel/Pd111/PBE_D3,/kfs3/scratch/jcho5/goad-global-optimization/vasp_mol/propene/PBE_D3,32ab4a4051c19316a16530291a83ca95a8a46429b8270d3b9447cb4c0286e3ff,0c1e5308acf67b803b7b34166beb4459166f928aa6762b4b050c5f6634b83567,f85bcda02255b3a903d20168c99596b916d618f0f6f818f15acb25d7df4248ba,"Converged components; matching PAW TITEL identities, functional, composition, full slab cell and stored core settings. Archived Kestrel provenance retained. No energy scaling or offsets.",Kestrel: no usable Perlmutter binding-energy candidate,false,-0.722,1,-0.72197286,selected candidate applied
Pd111,propene,r2scan,relaxed,,,,,,,,,,,,,,,,No complete matched component set,false,,0,,withheld: refs unverified
Pd111,propene,r2scan,SPE,ok,-0.63171722,-1501.35948156,-1449.66487556,-51.06288878,kestrel,kestrel,kestrel,/kfs3/scratch/jcho5/goad-global-optimization/poscar/best/C3/Pd111_propene/singlepoint/r2scan,/kfs3/scratch/jcho5/goad-global-optimization/vasp_slab_kestrel/Pd111/r2scan,/kfs3/scratch/jcho5/goad-global-optimization/vasp_mol/propene/r2scan,5c923795ddba1635c9345ca605cda3bd38b543224ba1ce2b032c2274f4d08b21,9d98ba57d073cb930e45b531a45ae1be26cf3678b864f819dd84d42ffe7d5c01,16ecfd4c2332c368dfd51cfe5db76e7ec02aa26af9b40540b18fd100dcbae08b,"Converged components; matching PAW TITEL identities, functional, composition, full slab cell and stored core settings. Archived Kestrel provenance retained. No energy scaling or offsets.",Kestrel: no usable Perlmutter binding-energy candidate,false,-0.632,1,-0.63171722,selected candidate applied
Pd111,propene,beef_vdw,relaxed,,,,,,,,,,,,,,,,No complete matched component set,false,,0,,missing
Pd111,propene,beef_vdw,SPE,ok,-0.72516502,-143.85666083,-98.08596581,-45.04553,kestrel,kestrel,kestrel,/kfs3/scratch/jcho5/goad-global-optimization/poscar/best/C3/Pd111_propene/singlepoint/beef_vdw,/kfs3/scratch/jcho5/goad-global-optimization/vasp_slab_kestrel/Pd111/beef_vdw,/kfs3/scratch/jcho5/goad-global-optimization/vasp_mol/propene/beef_vdw,a519a2b64bc29e12143a71f1b5a5f8c527da03cbb27966a8b6ae7db87a0e707b,2b34adf4901108f03952139bb5b4c2461df7e142c48a891fc2c7f71ca03e90c1,f8d2cc21b4b8dd7162a2f6abfaad773d5524f4ba872bb3d721820e3f88c3ee36,"Converged components; matching PAW TITEL identities, functional, composition, full slab cell and stored core settings. Archived Kestrel provenance retained. No energy scaling or offsets.",Kestrel: no usable Perlmutter binding-energy candidate,false,-0.725,1,-0.72516502,selected candidate applied
Pt100,CH3,pbe,relaxed,,,,,,,,,,,,,,,,No complete matched component set,false,,0,,withheld: refs unverified
Pt100,CH3,pbe,SPE,,,,,,,,,,,,,,,,No complete matched component set,false,,0,,withheld: potential mismatch
Pt100,CH3,pbe_d3,relaxed,,,,,,,,,,,,,,,,No complete matched component set,false,,0,,withheld: refs unverified
Pt100,CH3,pbe_d3,SPE,,,,,,,,,,,,,,,,No complete matched component set,false,,0,,withheld: potential mismatch
Pt100,CH3,r2scan,relaxed,,,,,,,,,,,,,,,,No complete matched component set,false,,0,,withheld: refs unverified
Pt100,CH3,r2scan,SPE,,,,,,,,,,,,,,,,No complete matched component set,false,,0,,withheld: potential mismatch
Pt100,CH3,beef_vdw,relaxed,,,,,,,,,,,,,,,,No complete matched component set,false,,0,,withheld: refs unverified
Pt100,CH3,beef_vdw,SPE,,,,,,,,,,,,,,,,No complete matched component set,false,,0,,withheld: potential mismatch
Pt100,CO,pbe,relaxed,,,,,,,,,,,,,,,,No complete matched component set,false,,0,,withheld: refs unverified
Pt100,CO,pbe,SPE,,,,,,,,,,,,,,,,No complete matched component set,false,,0,,withheld: potential mismatch
Pt100,CO,pbe_d3,relaxed,,,,,,,,,,,,,,,,No complete matched component set,false,,0,,withheld: refs unverified
Pt100,CO,pbe_d3,SPE,,,,,,,,,,,,,,,,No complete matched component set,false,,0,,withheld: potential mismatch
Pt100,CO,r2scan,relaxed,,,,,,,,,,,,,,,,No complete matched component set,false,,0,,withheld: refs unverified
Pt100,CO,r2scan,SPE,,,,,,,,,,,,,,,,No complete matched component set,false,,0,,withheld: potential mismatch
Pt100,CO,beef_vdw,relaxed,,,,,,,,,,,,,,,,No complete matched component set,false,,0,,withheld: refs unverified
Pt100,CO,beef_vdw,SPE,,,,,,,,,,,,,,,,No complete matched component set,false,,0,,withheld: potential mismatch
Pt100,CO2,pbe,relaxed,,,,,,,,,,,,,,,,No complete matched component set,false,,0,,withheld: potential mismatch
Pt100,CO2,pbe,SPE,,,,,,,,,,,,,,,,No complete matched component set,false,,0,,withheld: potential mismatch
Pt100,CO2,pbe_d3,relaxed,,,,,,,,,,,,,,,,No complete matched component set,false,,0,,missing
Pt100,CO2,pbe_d3,SPE,,,,,,,,,,,,,,,,No complete matched component set,false,,0,,missing
Pt100,CO2,r2scan,relaxed,,,,,,,,,,,,,,,,No complete matched component set,false,,0,,withheld: refs unverified
Pt100,CO2,r2scan,SPE,,,,,,,,,,,,,,,,No complete matched component set,false,,0,,withheld: potential mismatch
Pt100,CO2,beef_vdw,relaxed,,,,,,,,,,,,,,,,No complete matched component set,false,,0,,withheld: potential mismatch
Pt100,CO2,beef_vdw,SPE,,,,,,,,,,,,,,,,No complete matched component set,false,,0,,withheld: potential mismatch
Pt100,DME,pbe,relaxed,,,,,,,,,,,,,,,,No complete matched component set,false,,0,,missing
Pt100,DME,pbe,SPE,,,,,,,,,,,,,,,,No complete matched component set,false,,0,,withheld: potential mismatch
Pt100,DME,pbe_d3,relaxed,,,,,,,,,,,,,,,,No complete matched component set,false,,0,,missing
Pt100,DME,pbe_d3,SPE,,,,,,,,,,,,,,,,No complete matched component set,false,,0,,withheld: potential mismatch
Pt100,DME,r2scan,relaxed,,,,,,,,,,,,,,,,No complete matched component set,false,,0,,withheld: refs unverified
Pt100,DME,r2scan,SPE,,,,,,,,,,,,,,,,No complete matched component set,false,,0,,withheld: potential mismatch
Pt100,DME,beef_vdw,relaxed,,,,,,,,,,,,,,,,No complete matched component set,false,,0,,withheld: refs unverified
Pt100,DME,beef_vdw,SPE,,,,,,,,,,,,,,,,No complete matched component set,false,,0,,withheld: potential mismatch
Pt100,H2O,pbe,relaxed,,,,,,,,,,,,,,,,No complete matched component set,false,,0,,withheld: refs unverified
Pt100,H2O,pbe,SPE,,,,,,,,,,,,,,,,No complete matched component set,false,,0,,withheld: potential mismatch
Pt100,H2O,pbe_d3,relaxed,,,,,,,,,,,,,,,,No complete matched component set,false,,0,,withheld: refs unverified
Pt100,H2O,pbe_d3,SPE,,,,,,,,,,,,,,,,No complete matched component set,false,,0,,withheld: potential mismatch
Pt100,H2O,r2scan,relaxed,,,,,,,,,,,,,,,,No complete matched component set,false,,0,,withheld: refs unverified
Pt100,H2O,r2scan,SPE,,,,,,,,,,,,,,,,No complete matched component set,false,,0,,withheld: potential mismatch
Pt100,H2O,beef_vdw,relaxed,,,,,,,,,,,,,,,,No complete matched component set,false,,0,,withheld: refs unverified
Pt100,H2O,beef_vdw,SPE,,,,,,,,,,,,,,,,No complete matched component set,false,,0,,withheld: potential mismatch
Pt100,H2S,pbe,relaxed,,,,,,,,,,,,,,,,No complete matched component set,false,,0,,withheld: refs unverified
Pt100,H2S,pbe,SPE,,,,,,,,,,,,,,,,No complete matched component set,false,,0,,withheld: potential mismatch
Pt100,H2S,pbe_d3,relaxed,,,,,,,,,,,,,,,,No complete matched component set,false,,0,,withheld: refs unverified
Pt100,H2S,pbe_d3,SPE,,,,,,,,,,,,,,,,No complete matched component set,false,,0,,withheld: potential mismatch
Pt100,H2S,r2scan,relaxed,,,,,,,,,,,,,,,,No complete matched component set,false,,0,,withheld: refs unverified
Pt100,H2S,r2scan,SPE,,,,,,,,,,,,,,,,No complete matched component set,false,,0,,withheld: potential mismatch
Pt100,H2S,beef_vdw,relaxed,,,,,,,,,,,,,,,,No complete matched component set,false,,0,,withheld: refs unverified
Pt100,H2S,beef_vdw,SPE,,,,,,,,,,,,,,,,No complete matched component set,false,,0,,withheld: potential mismatch
Pt100,N2,pbe,relaxed,,,,,,,,,,,,,,,,No complete matched component set,false,,0,,withheld: refs unverified
Pt100,N2,pbe,SPE,,,,,,,,,,,,,,,,No complete matched component set,false,,0,,missing
Pt100,N2,pbe_d3,relaxed,,,,,,,,,,,,,,,,No complete matched component set,false,,0,,withheld: refs unverified
Pt100,N2,pbe_d3,SPE,,,,,,,,,,,,,,,,No complete matched component set,false,,0,,missing
Pt100,N2,r2scan,relaxed,,,,,,,,,,,,,,,,No complete matched component set,false,,0,,withheld: refs unverified
Pt100,N2,r2scan,SPE,,,,,,,,,,,,,,,,No complete matched component set,false,,0,,missing
Pt100,N2,beef_vdw,relaxed,,,,,,,,,,,,,,,,No complete matched component set,false,,0,,withheld: refs unverified
Pt100,N2,beef_vdw,SPE,,,,,,,,,,,,,,,,No complete matched component set,false,,0,,missing
Pt100,NH3,pbe,relaxed,,,,,,,,,,,,,,,,No complete matched component set,false,,0,,withheld: refs unverified
Pt100,NH3,pbe,SPE,,,,,,,,,,,,,,,,No complete matched component set,false,,0,,missing
Pt100,NH3,pbe_d3,relaxed,,,,,,,,,,,,,,,,No complete matched component set,false,,0,,withheld: refs unverified
Pt100,NH3,pbe_d3,SPE,,,,,,,,,,,,,,,,No complete matched component set,false,,0,,missing
Pt100,NH3,r2scan,relaxed,,,,,,,,,,,,,,,,No complete matched component set,false,,0,,withheld: refs unverified
Pt100,NH3,r2scan,SPE,,,,,,,,,,,,,,,,No complete matched component set,false,,0,,missing
Pt100,NH3,beef_vdw,relaxed,,,,,,,,,,,,,,,,No complete matched component set,false,,0,,withheld: refs unverified
Pt100,NH3,beef_vdw,SPE,,,,,,,,,,,,,,,,No complete matched component set,false,,0,,missing
Pt100,NO,pbe,relaxed,,,,,,,,,,,,,,,,No complete matched component set,false,,0,,withheld: refs unverified
Pt100,NO,pbe,SPE,,,,,,,,,,,,,,,,No complete matched component set,false,,0,,missing
Pt100,NO,pbe_d3,relaxed,,,,,,,,,,,,,,,,No complete matched component set,false,,0,,withheld: refs unverified
Pt100,NO,pbe_d3,SPE,,,,,,,,,,,,,,,,No complete matched component set,false,,0,,missing
Pt100,NO,r2scan,relaxed,,,,,,,,,,,,,,,,No complete matched component set,false,,0,,missing
Pt100,NO,r2scan,SPE,,,,,,,,,,,,,,,,No complete matched component set,false,,0,,missing
Pt100,NO,beef_vdw,relaxed,,,,,,,,,,,,,,,,No complete matched component set,false,,0,,withheld: refs unverified
Pt100,NO,beef_vdw,SPE,,,,,,,,,,,,,,,,No complete matched component set,false,,0,,missing
Pt100,SO2,pbe,relaxed,,,,,,,,,,,,,,,,No complete matched component set,false,,0,,withheld: refs unverified
Pt100,SO2,pbe,SPE,,,,,,,,,,,,,,,,No complete matched component set,false,,0,,missing
Pt100,SO2,pbe_d3,relaxed,,,,,,,,,,,,,,,,No complete matched component set,false,,0,,withheld: refs unverified
Pt100,SO2,pbe_d3,SPE,,,,,,,,,,,,,,,,No complete matched component set,false,,0,,missing
Pt100,SO2,r2scan,relaxed,,,,,,,,,,,,,,,,No complete matched component set,false,,0,,withheld: refs unverified
Pt100,SO2,r2scan,SPE,,,,,,,,,,,,,,,,No complete matched component set,false,,0,,missing
Pt100,SO2,beef_vdw,relaxed,,,,,,,,,,,,,,,,No complete matched component set,false,,0,,withheld: refs unverified
Pt100,SO2,beef_vdw,SPE,,,,,,,,,,,,,,,,No complete matched component set,false,,0,,missing
Pt100,acetaldehyde,pbe,relaxed,,,,,,,,,,,,,,,,No complete matched component set,false,,0,,withheld: refs unverified
Pt100,acetaldehyde,pbe,SPE,,,,,,,,,,,,,,,,No complete matched component set,false,,0,,withheld: potential mismatch
Pt100,acetaldehyde,pbe_d3,relaxed,,,,,,,,,,,,,,,,No complete matched component set,false,,0,,withheld: refs unverified
Pt100,acetaldehyde,pbe_d3,SPE,,,,,,,,,,,,,,,,No complete matched component set,false,,0,,withheld: potential mismatch
Pt100,acetaldehyde,r2scan,relaxed,,,,,,,,,,,,,,,,No complete matched component set,false,,0,,withheld: refs unverified
Pt100,acetaldehyde,r2scan,SPE,,,,,,,,,,,,,,,,No complete matched component set,false,,0,,withheld: potential mismatch
Pt100,acetaldehyde,beef_vdw,relaxed,,,,,,,,,,,,,,,,No complete matched component set,false,,0,,withheld: refs unverified
Pt100,acetaldehyde,beef_vdw,SPE,,,,,,,,,,,,,,,,No complete matched component set,false,,0,,withheld: potential mismatch
Pt100,acetic_acid,pbe,relaxed,,,,,,,,,,,,,,,,No complete matched component set,false,,0,,missing
Pt100,acetic_acid,pbe,SPE,,,,,,,,,,,,,,,,No complete matched component set,false,,0,,missing
Pt100,acetic_acid,pbe_d3,relaxed,,,,,,,,,,,,,,,,No complete matched component set,false,,0,,missing
Pt100,acetic_acid,pbe_d3,SPE,,,,,,,,,,,,,,,,No complete matched component set,false,,0,,missing
Pt100,acetic_acid,r2scan,relaxed,,,,,,,,,,,,,,,,No complete matched component set,false,,0,,withheld: refs unverified
Pt100,acetic_acid,r2scan,SPE,,,,,,,,,,,,,,,,No complete matched component set,false,,0,,withheld: potential mismatch
Pt100,acetic_acid,beef_vdw,relaxed,,,,,,,,,,,,,,,,No complete matched component set,false,,0,,withheld: refs unverified
Pt100,acetic_acid,beef_vdw,SPE,,,,,,,,,,,,,,,,No complete matched component set,false,,0,,withheld: potential mismatch
Pt100,ethane,pbe,relaxed,,,,,,,,,,,,,,,,No complete matched component set,false,,0,,withheld: potential mismatch
Pt100,ethane,pbe,SPE,,,,,,,,,,,,,,,,No complete matched component set,false,,0,,withheld: potential mismatch
Pt100,ethane,pbe_d3,relaxed,,,,,,,,,,,,,,,,No complete matched component set,false,,0,,withheld: potential mismatch
Pt100,ethane,pbe_d3,SPE,,,,,,,,,,,,,,,,No complete matched component set,false,,0,,withheld: potential mismatch
Pt100,ethane,r2scan,relaxed,,,,,,,,,,,,,,,,No complete matched component set,false,,0,,withheld: refs unverified
Pt100,ethane,r2scan,SPE,,,,,,,,,,,,,,,,No complete matched component set,false,,0,,withheld: potential mismatch
Pt100,ethane,beef_vdw,relaxed,,,,,,,,,,,,,,,,No complete matched component set,false,,0,,withheld: potential mismatch
Pt100,ethane,beef_vdw,SPE,,,,,,,,,,,,,,,,No complete matched component set,false,,0,,withheld: potential mismatch
Pt100,ethanol,pbe,relaxed,,,,,,,,,,,,,,,,No complete matched component set,false,,0,,withheld: potential mismatch
Pt100,ethanol,pbe,SPE,,,,,,,,,,,,,,,,No complete matched component set,false,,0,,withheld: potential mismatch
Pt100,ethanol,pbe_d3,relaxed,,,,,,,,,,,,,,,,No complete matched component set,false,,0,,withheld: potential mismatch
Pt100,ethanol,pbe_d3,SPE,,,,,,,,,,,,,,,,No complete matched component set,false,,0,,withheld: potential mismatch
Pt100,ethanol,r2scan,relaxed,,,,,,,,,,,,,,,,No complete matched component set,false,,0,,withheld: refs unverified
Pt100,ethanol,r2scan,SPE,,,,,,,,,,,,,,,,No complete matched component set,false,,0,,withheld: potential mismatch
Pt100,ethanol,beef_vdw,relaxed,,,,,,,,,,,,,,,,No complete matched component set,false,,0,,withheld: potential mismatch
Pt100,ethanol,beef_vdw,SPE,,,,,,,,,,,,,,,,No complete matched component set,false,,0,,withheld: potential mismatch
Pt100,ethene,pbe,relaxed,,,,,,,,,,,,,,,,No complete matched component set,false,,0,,withheld: refs unverified
Pt100,ethene,pbe,SPE,,,,,,,,,,,,,,,,No complete matched component set,false,,0,,withheld: potential mismatch
Pt100,ethene,pbe_d3,relaxed,,,,,,,,,,,,,,,,No complete matched component set,false,,0,,withheld: refs unverified
Pt100,ethene,pbe_d3,SPE,,,,,,,,,,,,,,,,No complete matched component set,false,,0,,withheld: potential mismatch
Pt100,ethene,r2scan,relaxed,,,,,,,,,,,,,,,,No complete matched component set,false,,0,,withheld: refs unverified
Pt100,ethene,r2scan,SPE,,,,,,,,,,,,,,,,No complete matched component set,false,,0,,withheld: potential mismatch
Pt100,ethene,beef_vdw,relaxed,,,,,,,,,,,,,,,,No complete matched component set,false,,0,,withheld: refs unverified
Pt100,ethene,beef_vdw,SPE,,,,,,,,,,,,,,,,No complete matched component set,false,,0,,withheld: potential mismatch
Pt100,formaldehyde,pbe,relaxed,,,,,,,,,,,,,,,,No complete matched component set,false,,0,,withheld: refs unverified
Pt100,formaldehyde,pbe,SPE,,,,,,,,,,,,,,,,No complete matched component set,false,,0,,withheld: potential mismatch
Pt100,formaldehyde,pbe_d3,relaxed,,,,,,,,,,,,,,,,No complete matched component set,false,,0,,withheld: refs unverified
Pt100,formaldehyde,pbe_d3,SPE,,,,,,,,,,,,,,,,No complete matched component set,false,,0,,withheld: potential mismatch
Pt100,formaldehyde,r2scan,relaxed,,,,,,,,,,,,,,,,No complete matched component set,false,,0,,withheld: refs unverified
Pt100,formaldehyde,r2scan,SPE,,,,,,,,,,,,,,,,No complete matched component set,false,,0,,withheld: potential mismatch
Pt100,formaldehyde,beef_vdw,relaxed,,,,,,,,,,,,,,,,No complete matched component set,false,,0,,withheld: refs unverified
Pt100,formaldehyde,beef_vdw,SPE,,,,,,,,,,,,,,,,No complete matched component set,false,,0,,withheld: potential mismatch
Pt100,formic_acid,pbe,relaxed,,,,,,,,,,,,,,,,No complete matched component set,false,,0,,withheld: refs unverified
Pt100,formic_acid,pbe,SPE,,,,,,,,,,,,,,,,No complete matched component set,false,,0,,missing
Pt100,formic_acid,pbe_d3,relaxed,,,,,,,,,,,,,,,,No complete matched component set,false,,0,,withheld: refs unverified
Pt100,formic_acid,pbe_d3,SPE,,,,,,,,,,,,,,,,No complete matched component set,false,,0,,missing
Pt100,formic_acid,r2scan,relaxed,,,,,,,,,,,,,,,,No complete matched component set,false,,0,,withheld: refs unverified
Pt100,formic_acid,r2scan,SPE,,,,,,,,,,,,,,,,No complete matched component set,false,,0,,missing
Pt100,formic_acid,beef_vdw,relaxed,,,,,,,,,,,,,,,,No complete matched component set,false,,0,,withheld: refs unverified
Pt100,formic_acid,beef_vdw,SPE,,,,,,,,,,,,,,,,No complete matched component set,false,,0,,missing
Pt100,glycerol,pbe,relaxed,,,,,,,,,,,,,,,,No complete matched component set,false,,0,,withheld: refs unverified
Pt100,glycerol,pbe,SPE,,,,,,,,,,,,,,,,No complete matched component set,false,,0,,withheld: potential mismatch
Pt100,glycerol,pbe_d3,relaxed,,,,,,,,,,,,,,,,No complete matched component set,false,,0,,withheld: refs unverified
Pt100,glycerol,pbe_d3,SPE,,,,,,,,,,,,,,,,No complete matched component set,false,,0,,withheld: potential mismatch
Pt100,glycerol,r2scan,relaxed,,,,,,,,,,,,,,,,No complete matched component set,false,,0,,withheld: refs unverified
Pt100,glycerol,r2scan,SPE,,,,,,,,,,,,,,,,No complete matched component set,false,,0,,withheld: refs unverified
Pt100,glycerol,beef_vdw,relaxed,,,,,,,,,,,,,,,,No complete matched component set,false,,0,,missing
Pt100,glycerol,beef_vdw,SPE,,,,,,,,,,,,,,,,No complete matched component set,false,,0,,withheld: refs unverified
Pt100,isopropanol,pbe,relaxed,,,,,,,,,,,,,,,,No complete matched component set,false,,0,,withheld: refs unverified
Pt100,isopropanol,pbe,SPE,,,,,,,,,,,,,,,,No complete matched component set,false,,0,,withheld: potential mismatch
Pt100,isopropanol,pbe_d3,relaxed,,,,,,,,,,,,,,,,No complete matched component set,false,,0,,withheld: refs unverified
Pt100,isopropanol,pbe_d3,SPE,,,,,,,,,,,,,,,,No complete matched component set,false,,0,,withheld: potential mismatch
Pt100,isopropanol,r2scan,relaxed,,,,,,,,,,,,,,,,No complete matched component set,false,,0,,withheld: refs unverified
Pt100,isopropanol,r2scan,SPE,,,,,,,,,,,,,,,,No complete matched component set,false,,0,,withheld: potential mismatch
Pt100,isopropanol,beef_vdw,relaxed,,,,,,,,,,,,,,,,No complete matched component set,false,,0,,missing
Pt100,isopropanol,beef_vdw,SPE,,,,,,,,,,,,,,,,No complete matched component set,false,,0,,withheld: potential mismatch
Pt100,methane,pbe,relaxed,,,,,,,,,,,,,,,,No complete matched component set,false,,0,,withheld: refs unverified
Pt100,methane,pbe,SPE,,,,,,,,,,,,,,,,No complete matched component set,false,,0,,withheld: potential mismatch
Pt100,methane,pbe_d3,relaxed,,,,,,,,,,,,,,,,No complete matched component set,false,,0,,withheld: refs unverified
Pt100,methane,pbe_d3,SPE,,,,,,,,,,,,,,,,No complete matched component set,false,,0,,withheld: potential mismatch
Pt100,methane,r2scan,relaxed,,,,,,,,,,,,,,,,No complete matched component set,false,,0,,withheld: refs unverified
Pt100,methane,r2scan,SPE,,,,,,,,,,,,,,,,No complete matched component set,false,,0,,withheld: potential mismatch
Pt100,methane,beef_vdw,relaxed,,,,,,,,,,,,,,,,No complete matched component set,false,,0,,withheld: refs unverified
Pt100,methane,beef_vdw,SPE,,,,,,,,,,,,,,,,No complete matched component set,false,,0,,withheld: potential mismatch
Pt100,methanol,pbe,relaxed,,,,,,,,,,,,,,,,No complete matched component set,false,,0,,withheld: refs unverified
Pt100,methanol,pbe,SPE,,,,,,,,,,,,,,,,No complete matched component set,false,,0,,withheld: potential mismatch
Pt100,methanol,pbe_d3,relaxed,,,,,,,,,,,,,,,,No complete matched component set,false,,0,,withheld: refs unverified
Pt100,methanol,pbe_d3,SPE,,,,,,,,,,,,,,,,No complete matched component set,false,,0,,withheld: potential mismatch
Pt100,methanol,r2scan,relaxed,,,,,,,,,,,,,,,,No complete matched component set,false,,0,,withheld: refs unverified
Pt100,methanol,r2scan,SPE,,,,,,,,,,,,,,,,No complete matched component set,false,,0,,withheld: potential mismatch
Pt100,methanol,beef_vdw,relaxed,,,,,,,,,,,,,,,,No complete matched component set,false,,0,,withheld: refs unverified
Pt100,methanol,beef_vdw,SPE,,,,,,,,,,,,,,,,No complete matched component set,false,,0,,withheld: potential mismatch
Pt100,propane,pbe,relaxed,,,,,,,,,,,,,,,,No complete matched component set,false,,0,,withheld: refs unverified
Pt100,propane,pbe,SPE,,,,,,,,,,,,,,,,No complete matched component set,false,,0,,withheld: potential mismatch
Pt100,propane,pbe_d3,relaxed,,,,,,,,,,,,,,,,No complete matched component set,false,,0,,withheld: refs unverified
Pt100,propane,pbe_d3,SPE,,,,,,,,,,,,,,,,No complete matched component set,false,,0,,withheld: potential mismatch
Pt100,propane,r2scan,relaxed,,,,,,,,,,,,,,,,No complete matched component set,false,,0,,withheld: refs unverified
Pt100,propane,r2scan,SPE,,,,,,,,,,,,,,,,No complete matched component set,false,,0,,withheld: potential mismatch
Pt100,propane,beef_vdw,relaxed,,,,,,,,,,,,,,,,No complete matched component set,false,,0,,missing
Pt100,propane,beef_vdw,SPE,,,,,,,,,,,,,,,,No complete matched component set,false,,0,,withheld: potential mismatch
Pt100,propanol,pbe,relaxed,,,,,,,,,,,,,,,,No complete matched component set,false,,0,,withheld: refs unverified
Pt100,propanol,pbe,SPE,,,,,,,,,,,,,,,,No complete matched component set,false,,0,,withheld: potential mismatch
Pt100,propanol,pbe_d3,relaxed,,,,,,,,,,,,,,,,No complete matched component set,false,,0,,withheld: refs unverified
Pt100,propanol,pbe_d3,SPE,,,,,,,,,,,,,,,,No complete matched component set,false,,0,,withheld: potential mismatch
Pt100,propanol,r2scan,relaxed,,,,,,,,,,,,,,,,No complete matched component set,false,,0,,withheld: refs unverified
Pt100,propanol,r2scan,SPE,,,,,,,,,,,,,,,,No complete matched component set,false,,0,,withheld: potential mismatch
Pt100,propanol,beef_vdw,relaxed,,,,,,,,,,,,,,,,No complete matched component set,false,,0,,missing
Pt100,propanol,beef_vdw,SPE,,,,,,,,,,,,,,,,No complete matched component set,false,,0,,withheld: potential mismatch
Pt100,propene,pbe,relaxed,,,,,,,,,,,,,,,,No complete matched component set,false,,0,,withheld: refs unverified
Pt100,propene,pbe,SPE,,,,,,,,,,,,,,,,No complete matched component set,false,,0,,withheld: potential mismatch
Pt100,propene,pbe_d3,relaxed,,,,,,,,,,,,,,,,No complete matched component set,false,,0,,withheld: refs unverified
Pt100,propene,pbe_d3,SPE,,,,,,,,,,,,,,,,No complete matched component set,false,,0,,withheld: potential mismatch
Pt100,propene,r2scan,relaxed,,,,,,,,,,,,,,,,No complete matched component set,false,,0,,withheld: refs unverified
Pt100,propene,r2scan,SPE,,,,,,,,,,,,,,,,No complete matched component set,false,,0,,withheld: potential mismatch
Pt100,propene,beef_vdw,relaxed,,,,,,,,,,,,,,,,No complete matched component set,false,,0,,missing
Pt100,propene,beef_vdw,SPE,,,,,,,,,,,,,,,,No complete matched component set,false,,0,,withheld: potential mismatch
Pt110,CH3,pbe,relaxed,,,,,,,,,,,,,,,,No complete matched component set,false,,0,,withheld: refs unverified
Pt110,CH3,pbe,SPE,,,,,,,,,,,,,,,,No complete matched component set,false,,0,,withheld: potential mismatch
Pt110,CH3,pbe_d3,relaxed,,,,,,,,,,,,,,,,No complete matched component set,false,,0,,withheld: refs unverified
Pt110,CH3,pbe_d3,SPE,,,,,,,,,,,,,,,,No complete matched component set,false,,0,,withheld: potential mismatch
Pt110,CH3,r2scan,relaxed,,,,,,,,,,,,,,,,No complete matched component set,false,,0,,withheld: refs unverified
Pt110,CH3,r2scan,SPE,,,,,,,,,,,,,,,,No complete matched component set,false,,0,,withheld: potential mismatch
Pt110,CH3,beef_vdw,relaxed,,,,,,,,,,,,,,,,No complete matched component set,false,,0,,missing
Pt110,CH3,beef_vdw,SPE,,,,,,,,,,,,,,,,No complete matched component set,false,,0,,withheld: potential mismatch
Pt110,CO,pbe,relaxed,,,,,,,,,,,,,,,,No complete matched component set,false,,0,,withheld: refs unverified
Pt110,CO,pbe,SPE,,,,,,,,,,,,,,,,No complete matched component set,false,,0,,withheld: potential mismatch
Pt110,CO,pbe_d3,relaxed,,,,,,,,,,,,,,,,No complete matched component set,false,,0,,withheld: refs unverified
Pt110,CO,pbe_d3,SPE,,,,,,,,,,,,,,,,No complete matched component set,false,,0,,withheld: potential mismatch
Pt110,CO,r2scan,relaxed,,,,,,,,,,,,,,,,No complete matched component set,false,,0,,missing
Pt110,CO,r2scan,SPE,,,,,,,,,,,,,,,,No complete matched component set,false,,0,,withheld: potential mismatch
Pt110,CO,beef_vdw,relaxed,,,,,,,,,,,,,,,,No complete matched component set,false,,0,,withheld: refs unverified
Pt110,CO,beef_vdw,SPE,,,,,,,,,,,,,,,,No complete matched component set,false,,0,,withheld: potential mismatch
Pt110,CO2,pbe,relaxed,,,,,,,,,,,,,,,,No complete matched component set,false,,0,,withheld: refs unverified
Pt110,CO2,pbe,SPE,,,,,,,,,,,,,,,,No complete matched component set,false,,0,,withheld: potential mismatch
Pt110,CO2,pbe_d3,relaxed,,,,,,,,,,,,,,,,No complete matched component set,false,,0,,missing
Pt110,CO2,pbe_d3,SPE,,,,,,,,,,,,,,,,No complete matched component set,false,,0,,missing
Pt110,CO2,r2scan,relaxed,,,,,,,,,,,,,,,,No complete matched component set,false,,0,,withheld: refs unverified
Pt110,CO2,r2scan,SPE,,,,,,,,,,,,,,,,No complete matched component set,false,,0,,withheld: potential mismatch
Pt110,CO2,beef_vdw,relaxed,,,,,,,,,,,,,,,,No complete matched component set,false,,0,,withheld: refs unverified
Pt110,CO2,beef_vdw,SPE,,,,,,,,,,,,,,,,No complete matched component set,false,,0,,withheld: potential mismatch
Pt110,DME,pbe,relaxed,,,,,,,,,,,,,,,,No complete matched component set,false,,0,,missing
Pt110,DME,pbe,SPE,,,,,,,,,,,,,,,,No complete matched component set,false,,0,,withheld: potential mismatch
Pt110,DME,pbe_d3,relaxed,,,,,,,,,,,,,,,,No complete matched component set,false,,0,,missing
Pt110,DME,pbe_d3,SPE,,,,,,,,,,,,,,,,No complete matched component set,false,,0,,withheld: potential mismatch
Pt110,DME,r2scan,relaxed,,,,,,,,,,,,,,,,No complete matched component set,false,,0,,withheld: refs unverified
Pt110,DME,r2scan,SPE,,,,,,,,,,,,,,,,No complete matched component set,false,,0,,withheld: potential mismatch
Pt110,DME,beef_vdw,relaxed,,,,,,,,,,,,,,,,No complete matched component set,false,,0,,withheld: refs unverified
Pt110,DME,beef_vdw,SPE,,,,,,,,,,,,,,,,No complete matched component set,false,,0,,withheld: potential mismatch
Pt110,H2O,pbe,relaxed,,,,,,,,,,,,,,,,No complete matched component set,false,,0,,withheld: refs unverified
Pt110,H2O,pbe,SPE,,,,,,,,,,,,,,,,No complete matched component set,false,,0,,withheld: potential mismatch
Pt110,H2O,pbe_d3,relaxed,,,,,,,,,,,,,,,,No complete matched component set,false,,0,,withheld: refs unverified
Pt110,H2O,pbe_d3,SPE,,,,,,,,,,,,,,,,No complete matched component set,false,,0,,withheld: potential mismatch
Pt110,H2O,r2scan,relaxed,,,,,,,,,,,,,,,,No complete matched component set,false,,0,,withheld: refs unverified
Pt110,H2O,r2scan,SPE,,,,,,,,,,,,,,,,No complete matched component set,false,,0,,withheld: potential mismatch
Pt110,H2O,beef_vdw,relaxed,,,,,,,,,,,,,,,,No complete matched component set,false,,0,,withheld: refs unverified
Pt110,H2O,beef_vdw,SPE,,,,,,,,,,,,,,,,No complete matched component set,false,,0,,withheld: potential mismatch
Pt110,H2S,pbe,relaxed,,,,,,,,,,,,,,,,No complete matched component set,false,,0,,withheld: refs unverified
Pt110,H2S,pbe,SPE,,,,,,,,,,,,,,,,No complete matched component set,false,,0,,withheld: potential mismatch
Pt110,H2S,pbe_d3,relaxed,,,,,,,,,,,,,,,,No complete matched component set,false,,0,,withheld: refs unverified
Pt110,H2S,pbe_d3,SPE,,,,,,,,,,,,,,,,No complete matched component set,false,,0,,withheld: potential mismatch
Pt110,H2S,r2scan,relaxed,,,,,,,,,,,,,,,,No complete matched component set,false,,0,,withheld: refs unverified
Pt110,H2S,r2scan,SPE,,,,,,,,,,,,,,,,No complete matched component set,false,,0,,withheld: potential mismatch
Pt110,H2S,beef_vdw,relaxed,,,,,,,,,,,,,,,,No complete matched component set,false,,0,,withheld: refs unverified
Pt110,H2S,beef_vdw,SPE,,,,,,,,,,,,,,,,No complete matched component set,false,,0,,withheld: potential mismatch
Pt110,N2,pbe,relaxed,,,,,,,,,,,,,,,,No complete matched component set,false,,0,,withheld: refs unverified
Pt110,N2,pbe,SPE,,,,,,,,,,,,,,,,No complete matched component set,false,,0,,missing
Pt110,N2,pbe_d3,relaxed,,,,,,,,,,,,,,,,No complete matched component set,false,,0,,withheld: refs unverified
Pt110,N2,pbe_d3,SPE,,,,,,,,,,,,,,,,No complete matched component set,false,,0,,missing
Pt110,N2,r2scan,relaxed,,,,,,,,,,,,,,,,No complete matched component set,false,,0,,withheld: refs unverified
Pt110,N2,r2scan,SPE,,,,,,,,,,,,,,,,No complete matched component set,false,,0,,missing
Pt110,N2,beef_vdw,relaxed,,,,,,,,,,,,,,,,No complete matched component set,false,,0,,withheld: refs unverified
Pt110,N2,beef_vdw,SPE,,,,,,,,,,,,,,,,No complete matched component set,false,,0,,missing
Pt110,NH3,pbe,relaxed,,,,,,,,,,,,,,,,No complete matched component set,false,,0,,withheld: refs unverified
Pt110,NH3,pbe,SPE,,,,,,,,,,,,,,,,No complete matched component set,false,,0,,missing
Pt110,NH3,pbe_d3,relaxed,,,,,,,,,,,,,,,,No complete matched component set,false,,0,,withheld: refs unverified
Pt110,NH3,pbe_d3,SPE,,,,,,,,,,,,,,,,No complete matched component set,false,,0,,missing
Pt110,NH3,r2scan,relaxed,,,,,,,,,,,,,,,,No complete matched component set,false,,0,,withheld: refs unverified
Pt110,NH3,r2scan,SPE,,,,,,,,,,,,,,,,No complete matched component set,false,,0,,missing
Pt110,NH3,beef_vdw,relaxed,,,,,,,,,,,,,,,,No complete matched component set,false,,0,,withheld: refs unverified
Pt110,NH3,beef_vdw,SPE,,,,,,,,,,,,,,,,No complete matched component set,false,,0,,missing
Pt110,NO,pbe,relaxed,,,,,,,,,,,,,,,,No complete matched component set,false,,0,,withheld: refs unverified
Pt110,NO,pbe,SPE,,,,,,,,,,,,,,,,No complete matched component set,false,,0,,missing
Pt110,NO,pbe_d3,relaxed,,,,,,,,,,,,,,,,No complete matched component set,false,,0,,withheld: refs unverified
Pt110,NO,pbe_d3,SPE,,,,,,,,,,,,,,,,No complete matched component set,false,,0,,missing
Pt110,NO,r2scan,relaxed,,,,,,,,,,,,,,,,No complete matched component set,false,,0,,missing
Pt110,NO,r2scan,SPE,,,,,,,,,,,,,,,,No complete matched component set,false,,0,,missing
Pt110,NO,beef_vdw,relaxed,,,,,,,,,,,,,,,,No complete matched component set,false,,0,,withheld: refs unverified
Pt110,NO,beef_vdw,SPE,,,,,,,,,,,,,,,,No complete matched component set,false,,0,,missing
Pt110,SO2,pbe,relaxed,,,,,,,,,,,,,,,,No complete matched component set,false,,0,,withheld: refs unverified
Pt110,SO2,pbe,SPE,,,,,,,,,,,,,,,,No complete matched component set,false,,0,,missing
Pt110,SO2,pbe_d3,relaxed,,,,,,,,,,,,,,,,No complete matched component set,false,,0,,withheld: refs unverified
Pt110,SO2,pbe_d3,SPE,,,,,,,,,,,,,,,,No complete matched component set,false,,0,,missing
Pt110,SO2,r2scan,relaxed,,,,,,,,,,,,,,,,No complete matched component set,false,,0,,withheld: refs unverified
Pt110,SO2,r2scan,SPE,,,,,,,,,,,,,,,,No complete matched component set,false,,0,,missing
Pt110,SO2,beef_vdw,relaxed,,,,,,,,,,,,,,,,No complete matched component set,false,,0,,withheld: refs unverified
Pt110,SO2,beef_vdw,SPE,,,,,,,,,,,,,,,,No complete matched component set,false,,0,,missing
Pt110,acetaldehyde,pbe,relaxed,,,,,,,,,,,,,,,,No complete matched component set,false,,0,,withheld: refs unverified
Pt110,acetaldehyde,pbe,SPE,,,,,,,,,,,,,,,,No complete matched component set,false,,0,,withheld: potential mismatch
Pt110,acetaldehyde,pbe_d3,relaxed,,,,,,,,,,,,,,,,No complete matched component set,false,,0,,withheld: refs unverified
Pt110,acetaldehyde,pbe_d3,SPE,,,,,,,,,,,,,,,,No complete matched component set,false,,0,,withheld: potential mismatch
Pt110,acetaldehyde,r2scan,relaxed,,,,,,,,,,,,,,,,No complete matched component set,false,,0,,withheld: refs unverified
Pt110,acetaldehyde,r2scan,SPE,,,,,,,,,,,,,,,,No complete matched component set,false,,0,,withheld: potential mismatch
Pt110,acetaldehyde,beef_vdw,relaxed,,,,,,,,,,,,,,,,No complete matched component set,false,,0,,withheld: refs unverified
Pt110,acetaldehyde,beef_vdw,SPE,,,,,,,,,,,,,,,,No complete matched component set,false,,0,,withheld: potential mismatch
Pt110,acetic_acid,pbe,relaxed,,,,,,,,,,,,,,,,No complete matched component set,false,,0,,missing
Pt110,acetic_acid,pbe,SPE,,,,,,,,,,,,,,,,No complete matched component set,false,,0,,missing
Pt110,acetic_acid,pbe_d3,relaxed,,,,,,,,,,,,,,,,No complete matched component set,false,,0,,missing
Pt110,acetic_acid,pbe_d3,SPE,,,,,,,,,,,,,,,,No complete matched component set,false,,0,,missing
Pt110,acetic_acid,r2scan,relaxed,,,,,,,,,,,,,,,,No complete matched component set,false,,0,,withheld: refs unverified
Pt110,acetic_acid,r2scan,SPE,,,,,,,,,,,,,,,,No complete matched component set,false,,0,,withheld: potential mismatch
Pt110,acetic_acid,beef_vdw,relaxed,,,,,,,,,,,,,,,,No complete matched component set,false,,0,,withheld: refs unverified
Pt110,acetic_acid,beef_vdw,SPE,,,,,,,,,,,,,,,,No complete matched component set,false,,0,,withheld: potential mismatch
Pt110,ethane,pbe,relaxed,,,,,,,,,,,,,,,,No complete matched component set,false,,0,,withheld: potential mismatch
Pt110,ethane,pbe,SPE,,,,,,,,,,,,,,,,No complete matched component set,false,,0,,withheld: potential mismatch
Pt110,ethane,pbe_d3,relaxed,,,,,,,,,,,,,,,,No complete matched component set,false,,0,,withheld: potential mismatch
Pt110,ethane,pbe_d3,SPE,,,,,,,,,,,,,,,,No complete matched component set,false,,0,,withheld: potential mismatch
Pt110,ethane,r2scan,relaxed,,,,,,,,,,,,,,,,No complete matched component set,false,,0,,withheld: refs unverified
Pt110,ethane,r2scan,SPE,,,,,,,,,,,,,,,,No complete matched component set,false,,0,,withheld: potential mismatch
Pt110,ethane,beef_vdw,relaxed,,,,,,,,,,,,,,,,No complete matched component set,false,,0,,missing
Pt110,ethane,beef_vdw,SPE,,,,,,,,,,,,,,,,No complete matched component set,false,,0,,withheld: potential mismatch
Pt110,ethanol,pbe,relaxed,,,,,,,,,,,,,,,,No complete matched component set,false,,0,,withheld: potential mismatch
Pt110,ethanol,pbe,SPE,,,,,,,,,,,,,,,,No complete matched component set,false,,0,,withheld: potential mismatch
Pt110,ethanol,pbe_d3,relaxed,,,,,,,,,,,,,,,,No complete matched component set,false,,0,,withheld: potential mismatch
Pt110,ethanol,pbe_d3,SPE,,,,,,,,,,,,,,,,No complete matched component set,false,,0,,withheld: potential mismatch
Pt110,ethanol,r2scan,relaxed,,,,,,,,,,,,,,,,No complete matched component set,false,,0,,withheld: refs unverified
Pt110,ethanol,r2scan,SPE,,,,,,,,,,,,,,,,No complete matched component set,false,,0,,withheld: potential mismatch
Pt110,ethanol,beef_vdw,relaxed,,,,,,,,,,,,,,,,No complete matched component set,false,,0,,withheld: potential mismatch
Pt110,ethanol,beef_vdw,SPE,,,,,,,,,,,,,,,,No complete matched component set,false,,0,,withheld: potential mismatch
Pt110,ethene,pbe,relaxed,,,,,,,,,,,,,,,,No complete matched component set,false,,0,,withheld: refs unverified
Pt110,ethene,pbe,SPE,,,,,,,,,,,,,,,,No complete matched component set,false,,0,,withheld: potential mismatch
Pt110,ethene,pbe_d3,relaxed,,,,,,,,,,,,,,,,No complete matched component set,false,,0,,withheld: refs unverified
Pt110,ethene,pbe_d3,SPE,,,,,,,,,,,,,,,,No complete matched component set,false,,0,,withheld: potential mismatch
Pt110,ethene,r2scan,relaxed,,,,,,,,,,,,,,,,No complete matched component set,false,,0,,withheld: refs unverified
Pt110,ethene,r2scan,SPE,,,,,,,,,,,,,,,,No complete matched component set,false,,0,,withheld: potential mismatch
Pt110,ethene,beef_vdw,relaxed,,,,,,,,,,,,,,,,No complete matched component set,false,,0,,withheld: refs unverified
Pt110,ethene,beef_vdw,SPE,,,,,,,,,,,,,,,,No complete matched component set,false,,0,,withheld: potential mismatch
Pt110,formaldehyde,pbe,relaxed,,,,,,,,,,,,,,,,No complete matched component set,false,,0,,withheld: refs unverified
Pt110,formaldehyde,pbe,SPE,,,,,,,,,,,,,,,,No complete matched component set,false,,0,,withheld: potential mismatch
Pt110,formaldehyde,pbe_d3,relaxed,,,,,,,,,,,,,,,,No complete matched component set,false,,0,,withheld: refs unverified
Pt110,formaldehyde,pbe_d3,SPE,,,,,,,,,,,,,,,,No complete matched component set,false,,0,,withheld: potential mismatch
Pt110,formaldehyde,r2scan,relaxed,,,,,,,,,,,,,,,,No complete matched component set,false,,0,,withheld: refs unverified
Pt110,formaldehyde,r2scan,SPE,,,,,,,,,,,,,,,,No complete matched component set,false,,0,,withheld: potential mismatch
Pt110,formaldehyde,beef_vdw,relaxed,,,,,,,,,,,,,,,,No complete matched component set,false,,0,,withheld: refs unverified
Pt110,formaldehyde,beef_vdw,SPE,,,,,,,,,,,,,,,,No complete matched component set,false,,0,,withheld: potential mismatch
Pt110,formic_acid,pbe,relaxed,,,,,,,,,,,,,,,,No complete matched component set,false,,0,,withheld: refs unverified
Pt110,formic_acid,pbe,SPE,,,,,,,,,,,,,,,,No complete matched component set,false,,0,,missing
Pt110,formic_acid,pbe_d3,relaxed,,,,,,,,,,,,,,,,No complete matched component set,false,,0,,withheld: refs unverified
Pt110,formic_acid,pbe_d3,SPE,,,,,,,,,,,,,,,,No complete matched component set,false,,0,,missing
Pt110,formic_acid,r2scan,relaxed,,,,,,,,,,,,,,,,No complete matched component set,false,,0,,withheld: refs unverified
Pt110,formic_acid,r2scan,SPE,,,,,,,,,,,,,,,,No complete matched component set,false,,0,,missing
Pt110,formic_acid,beef_vdw,relaxed,,,,,,,,,,,,,,,,No complete matched component set,false,,0,,withheld: refs unverified
Pt110,formic_acid,beef_vdw,SPE,,,,,,,,,,,,,,,,No complete matched component set,false,,0,,missing
Pt110,glycerol,pbe,relaxed,,,,,,,,,,,,,,,,No complete matched component set,false,,0,,withheld: refs unverified
Pt110,glycerol,pbe,SPE,,,,,,,,,,,,,,,,No complete matched component set,false,,0,,withheld: potential mismatch
Pt110,glycerol,pbe_d3,relaxed,,,,,,,,,,,,,,,,No complete matched component set,false,,0,,withheld: refs unverified
Pt110,glycerol,pbe_d3,SPE,,,,,,,,,,,,,,,,No complete matched component set,false,,0,,withheld: potential mismatch
Pt110,glycerol,r2scan,relaxed,,,,,,,,,,,,,,,,No complete matched component set,false,,0,,withheld: refs unverified
Pt110,glycerol,r2scan,SPE,,,,,,,,,,,,,,,,No complete matched component set,false,,0,,withheld: potential mismatch
Pt110,glycerol,beef_vdw,relaxed,,,,,,,,,,,,,,,,No complete matched component set,false,,0,,missing
Pt110,glycerol,beef_vdw,SPE,,,,,,,,,,,,,,,,No complete matched component set,false,,0,,withheld: refs unverified
Pt110,isopropanol,pbe,relaxed,,,,,,,,,,,,,,,,No complete matched component set,false,,0,,withheld: refs unverified
Pt110,isopropanol,pbe,SPE,,,,,,,,,,,,,,,,No complete matched component set,false,,0,,withheld: potential mismatch
Pt110,isopropanol,pbe_d3,relaxed,,,,,,,,,,,,,,,,No complete matched component set,false,,0,,withheld: refs unverified
Pt110,isopropanol,pbe_d3,SPE,,,,,,,,,,,,,,,,No complete matched component set,false,,0,,withheld: potential mismatch
Pt110,isopropanol,r2scan,relaxed,,,,,,,,,,,,,,,,No complete matched component set,false,,0,,withheld: refs unverified
Pt110,isopropanol,r2scan,SPE,,,,,,,,,,,,,,,,No complete matched component set,false,,0,,withheld: potential mismatch
Pt110,isopropanol,beef_vdw,relaxed,,,,,,,,,,,,,,,,No complete matched component set,false,,0,,missing
Pt110,isopropanol,beef_vdw,SPE,,,,,,,,,,,,,,,,No complete matched component set,false,,0,,withheld: potential mismatch
Pt110,methane,pbe,relaxed,,,,,,,,,,,,,,,,No complete matched component set,false,,0,,withheld: refs unverified
Pt110,methane,pbe,SPE,,,,,,,,,,,,,,,,No complete matched component set,false,,0,,withheld: potential mismatch
Pt110,methane,pbe_d3,relaxed,,,,,,,,,,,,,,,,No complete matched component set,false,,0,,withheld: refs unverified
Pt110,methane,pbe_d3,SPE,,,,,,,,,,,,,,,,No complete matched component set,false,,0,,withheld: potential mismatch
Pt110,methane,r2scan,relaxed,,,,,,,,,,,,,,,,No complete matched component set,false,,0,,withheld: refs unverified
Pt110,methane,r2scan,SPE,,,,,,,,,,,,,,,,No complete matched component set,false,,0,,withheld: potential mismatch
Pt110,methane,beef_vdw,relaxed,,,,,,,,,,,,,,,,No complete matched component set,false,,0,,withheld: refs unverified
Pt110,methane,beef_vdw,SPE,,,,,,,,,,,,,,,,No complete matched component set,false,,0,,withheld: potential mismatch
Pt110,methanol,pbe,relaxed,,,,,,,,,,,,,,,,No complete matched component set,false,,0,,withheld: refs unverified
Pt110,methanol,pbe,SPE,,,,,,,,,,,,,,,,No complete matched component set,false,,0,,withheld: potential mismatch
Pt110,methanol,pbe_d3,relaxed,,,,,,,,,,,,,,,,No complete matched component set,false,,0,,withheld: refs unverified
Pt110,methanol,pbe_d3,SPE,,,,,,,,,,,,,,,,No complete matched component set,false,,0,,withheld: potential mismatch
Pt110,methanol,r2scan,relaxed,,,,,,,,,,,,,,,,No complete matched component set,false,,0,,withheld: refs unverified
Pt110,methanol,r2scan,SPE,,,,,,,,,,,,,,,,No complete matched component set,false,,0,,withheld: potential mismatch
Pt110,methanol,beef_vdw,relaxed,,,,,,,,,,,,,,,,No complete matched component set,false,,0,,withheld: refs unverified
Pt110,methanol,beef_vdw,SPE,,,,,,,,,,,,,,,,No complete matched component set,false,,0,,withheld: potential mismatch
Pt110,propane,pbe,relaxed,,,,,,,,,,,,,,,,No complete matched component set,false,,0,,withheld: refs unverified
Pt110,propane,pbe,SPE,,,,,,,,,,,,,,,,No complete matched component set,false,,0,,withheld: potential mismatch
Pt110,propane,pbe_d3,relaxed,,,,,,,,,,,,,,,,No complete matched component set,false,,0,,withheld: refs unverified
Pt110,propane,pbe_d3,SPE,,,,,,,,,,,,,,,,No complete matched component set,false,,0,,withheld: potential mismatch
Pt110,propane,r2scan,relaxed,,,,,,,,,,,,,,,,No complete matched component set,false,,0,,withheld: refs unverified
Pt110,propane,r2scan,SPE,,,,,,,,,,,,,,,,No complete matched component set,false,,0,,withheld: potential mismatch
Pt110,propane,beef_vdw,relaxed,,,,,,,,,,,,,,,,No complete matched component set,false,,0,,missing
Pt110,propane,beef_vdw,SPE,,,,,,,,,,,,,,,,No complete matched component set,false,,0,,withheld: potential mismatch
Pt110,propanol,pbe,relaxed,,,,,,,,,,,,,,,,No complete matched component set,false,,0,,withheld: refs unverified
Pt110,propanol,pbe,SPE,,,,,,,,,,,,,,,,No complete matched component set,false,,0,,withheld: potential mismatch
Pt110,propanol,pbe_d3,relaxed,,,,,,,,,,,,,,,,No complete matched component set,false,,0,,withheld: refs unverified
Pt110,propanol,pbe_d3,SPE,,,,,,,,,,,,,,,,No complete matched component set,false,,0,,withheld: potential mismatch
Pt110,propanol,r2scan,relaxed,,,,,,,,,,,,,,,,No complete matched component set,false,,0,,withheld: refs unverified
Pt110,propanol,r2scan,SPE,,,,,,,,,,,,,,,,No complete matched component set,false,,0,,withheld: potential mismatch
Pt110,propanol,beef_vdw,relaxed,,,,,,,,,,,,,,,,No complete matched component set,false,,0,,missing
Pt110,propanol,beef_vdw,SPE,,,,,,,,,,,,,,,,No complete matched component set,false,,0,,withheld: potential mismatch
Pt110,propene,pbe,relaxed,,,,,,,,,,,,,,,,No complete matched component set,false,,0,,withheld: refs unverified
Pt110,propene,pbe,SPE,,,,,,,,,,,,,,,,No complete matched component set,false,,0,,withheld: potential mismatch
Pt110,propene,pbe_d3,relaxed,,,,,,,,,,,,,,,,No complete matched component set,false,,0,,withheld: refs unverified
Pt110,propene,pbe_d3,SPE,,,,,,,,,,,,,,,,No complete matched component set,false,,0,,withheld: potential mismatch
Pt110,propene,r2scan,relaxed,,,,,,,,,,,,,,,,No complete matched component set,false,,0,,withheld: refs unverified
Pt110,propene,r2scan,SPE,,,,,,,,,,,,,,,,No complete matched component set,false,,0,,withheld: potential mismatch
Pt110,propene,beef_vdw,relaxed,,,,,,,,,,,,,,,,No complete matched component set,false,,0,,missing
Pt110,propene,beef_vdw,SPE,,,,,,,,,,,,,,,,No complete matched component set,false,,0,,withheld: potential mismatch
Pt111,CO2,pbe,relaxed,,,,,,,,,,,,,,,,No complete matched component set,false,,0,,withheld: refs unverified
Pt111,CO2,pbe,SPE,,,,,,,,,,,,,,,,No complete matched component set,false,,0,,withheld: potential mismatch
Pt111,CO2,pbe_d3,relaxed,,,,,,,,,,,,,,,,No complete matched component set,false,,0,,missing
Pt111,CO2,pbe_d3,SPE,,,,,,,,,,,,,,,,No complete matched component set,false,,0,,missing
Pt111,CO2,r2scan,relaxed,,,,,,,,,,,,,,,,No complete matched component set,false,,0,,withheld: refs unverified
Pt111,CO2,r2scan,SPE,,,,,,,,,,,,,,,,No complete matched component set,false,,0,,withheld: potential mismatch
Pt111,CO2,beef_vdw,relaxed,,,,,,,,,,,,,,,,No complete matched component set,false,,0,,withheld: refs unverified
Pt111,CO2,beef_vdw,SPE,,,,,,,,,,,,,,,,No complete matched component set,false,,0,,withheld: potential mismatch
Pt111,ethane,pbe,relaxed,,,,,,,,,,,,,,,,No complete matched component set,false,,0,,withheld: refs unverified
Pt111,ethane,pbe,SPE,,,,,,,,,,,,,,,,No complete matched component set,false,,0,,withheld: refs unverified
Pt111,ethane,pbe_d3,relaxed,,,,,,,,,,,,,,,,No complete matched component set,false,,0,,withheld: refs unverified
Pt111,ethane,pbe_d3,SPE,,,,,,,,,,,,,,,,No complete matched component set,false,,0,,withheld: refs unverified
Pt111,ethane,r2scan,relaxed,,,,,,,,,,,,,,,,No complete matched component set,false,,0,,withheld: refs unverified
Pt111,ethane,r2scan,SPE,,,,,,,,,,,,,,,,No complete matched component set,false,,0,,withheld: refs unverified
Pt111,ethane,beef_vdw,relaxed,,,,,,,,,,,,,,,,No complete matched component set,false,,0,,missing
Pt111,ethane,beef_vdw,SPE,,,,,,,,,,,,,,,,No complete matched component set,false,,0,,withheld: refs unverified
Pt111,ethanol,pbe,relaxed,,,,,,,,,,,,,,,,No complete matched component set,false,,0,,withheld: refs unverified
Pt111,ethanol,pbe,SPE,,,,,,,,,,,,,,,,No complete matched component set,false,,0,,withheld: potential mismatch
Pt111,ethanol,pbe_d3,relaxed,,,,,,,,,,,,,,,,No complete matched component set,false,,0,,withheld: refs unverified
Pt111,ethanol,pbe_d3,SPE,,,,,,,,,,,,,,,,No complete matched component set,false,,0,,withheld: potential mismatch
Pt111,ethanol,r2scan,relaxed,,,,,,,,,,,,,,,,No complete matched component set,false,,0,,withheld: refs unverified
Pt111,ethanol,r2scan,SPE,,,,,,,,,,,,,,,,No complete matched component set,false,,0,,withheld: potential mismatch
Pt111,ethanol,beef_vdw,relaxed,,,,,,,,,,,,,,,,No complete matched component set,false,,0,,missing
Pt111,ethanol,beef_vdw,SPE,,,,,,,,,,,,,,,,No complete matched component set,false,,0,,withheld: potential mismatch
Pt111,ethene,pbe,relaxed,,,,,,,,,,,,,,,,No complete matched component set,false,,0,,withheld: refs unverified
Pt111,ethene,pbe,SPE,,,,,,,,,,,,,,,,No complete matched component set,false,,0,,withheld: potential mismatch
Pt111,ethene,pbe_d3,relaxed,,,,,,,,,,,,,,,,No complete matched component set,false,,0,,withheld: refs unverified
Pt111,ethene,pbe_d3,SPE,,,,,,,,,,,,,,,,No complete matched component set,false,,0,,withheld: potential mismatch
Pt111,ethene,r2scan,relaxed,,,,,,,,,,,,,,,,No complete matched component set,false,,0,,withheld: refs unverified
Pt111,ethene,r2scan,SPE,,,,,,,,,,,,,,,,No complete matched component set,false,,0,,withheld: potential mismatch
Pt111,ethene,beef_vdw,relaxed,,,,,,,,,,,,,,,,No complete matched component set,false,,0,,missing
Pt111,ethene,beef_vdw,SPE,,,,,,,,,,,,,,,,No complete matched component set,false,,0,,withheld: refs unverified
Pt111,formic_acid,pbe,relaxed,,,,,,,,,,,,,,,,No complete matched component set,false,,0,,withheld: potential mismatch
Pt111,formic_acid,pbe,SPE,,,,,,,,,,,,,,,,No complete matched component set,false,,0,,missing
Pt111,formic_acid,pbe_d3,relaxed,,,,,,,,,,,,,,,,No complete matched component set,false,,0,,withheld: potential mismatch
Pt111,formic_acid,pbe_d3,SPE,,,,,,,,,,,,,,,,No complete matched component set,false,,0,,missing
Pt111,formic_acid,r2scan,relaxed,,,,,,,,,,,,,,,,No complete matched component set,false,,0,,missing
Pt111,formic_acid,r2scan,SPE,,,,,,,,,,,,,,,,No complete matched component set,false,,0,,missing
Pt111,formic_acid,beef_vdw,relaxed,,,,,,,,,,,,,,,,No complete matched component set,false,,0,,withheld: potential mismatch
Pt111,formic_acid,beef_vdw,SPE,,,,,,,,,,,,,,,,No complete matched component set,false,,0,,missing
Pt111,glycerol,pbe,relaxed,,,,,,,,,,,,,,,,No complete matched component set,false,,0,,withheld: refs unverified
Pt111,glycerol,pbe,SPE,,,,,,,,,,,,,,,,No complete matched component set,false,,0,,withheld: refs unverified
Pt111,glycerol,pbe_d3,relaxed,,,,,,,,,,,,,,,,No complete matched component set,false,,0,,withheld: refs unverified
Pt111,glycerol,pbe_d3,SPE,,,,,,,,,,,,,,,,No complete matched component set,false,,0,,withheld: refs unverified
Pt111,glycerol,r2scan,relaxed,,,,,,,,,,,,,,,,No complete matched component set,false,,0,,withheld: refs unverified
Pt111,glycerol,r2scan,SPE,,,,,,,,,,,,,,,,No complete matched component set,false,,0,,withheld: refs unverified
Pt111,glycerol,beef_vdw,relaxed,,,,,,,,,,,,,,,,No complete matched component set,false,,0,,missing
Pt111,glycerol,beef_vdw,SPE,,,,,,,,,,,,,,,,No complete matched component set,false,,0,,withheld: refs unverified
Pt111,isopropanol,pbe,relaxed,,,,,,,,,,,,,,,,No complete matched component set,false,,0,,withheld: refs unverified
Pt111,isopropanol,pbe,SPE,,,,,,,,,,,,,,,,No complete matched component set,false,,0,,withheld: refs unverified
Pt111,isopropanol,pbe_d3,relaxed,,,,,,,,,,,,,,,,No complete matched component set,false,,0,,withheld: refs unverified
Pt111,isopropanol,pbe_d3,SPE,,,,,,,,,,,,,,,,No complete matched component set,false,,0,,withheld: refs unverified
Pt111,isopropanol,r2scan,relaxed,,,,,,,,,,,,,,,,No complete matched component set,false,,0,,withheld: refs unverified
Pt111,isopropanol,r2scan,SPE,,,,,,,,,,,,,,,,No complete matched component set,false,,0,,withheld: refs unverified
Pt111,isopropanol,beef_vdw,relaxed,,,,,,,,,,,,,,,,No complete matched component set,false,,0,,missing
Pt111,isopropanol,beef_vdw,SPE,,,,,,,,,,,,,,,,No complete matched component set,false,,0,,withheld: refs unverified
Pt111,methanol,pbe,relaxed,,,,,,,,,,,,,,,,No complete matched component set,false,,0,,withheld: potential mismatch
Pt111,methanol,pbe,SPE,,,,,,,,,,,,,,,,No complete matched component set,false,,0,,withheld: potential mismatch
Pt111,methanol,pbe_d3,relaxed,,,,,,,,,,,,,,,,No complete matched component set,false,,0,,withheld: potential mismatch
Pt111,methanol,pbe_d3,SPE,,,,,,,,,,,,,,,,No complete matched component set,false,,0,,withheld: potential mismatch
Pt111,methanol,r2scan,relaxed,,,,,,,,,,,,,,,,No complete matched component set,false,,0,,withheld: potential mismatch
Pt111,methanol,r2scan,SPE,,,,,,,,,,,,,,,,No complete matched component set,false,,0,,withheld: potential mismatch
Pt111,methanol,beef_vdw,relaxed,,,,,,,,,,,,,,,,No complete matched component set,false,,0,,missing
Pt111,methanol,beef_vdw,SPE,,,,,,,,,,,,,,,,No complete matched component set,false,,0,,missing
Pt111,propane,pbe,relaxed,,,,,,,,,,,,,,,,No complete matched component set,false,,0,,withheld: refs unverified
Pt111,propane,pbe,SPE,,,,,,,,,,,,,,,,No complete matched component set,false,,0,,withheld: refs unverified
Pt111,propane,pbe_d3,relaxed,,,,,,,,,,,,,,,,No complete matched component set,false,,0,,withheld: refs unverified
Pt111,propane,pbe_d3,SPE,,,,,,,,,,,,,,,,No complete matched component set,false,,0,,withheld: refs unverified
Pt111,propane,r2scan,relaxed,,,,,,,,,,,,,,,,No complete matched component set,false,,0,,withheld: refs unverified
Pt111,propane,r2scan,SPE,,,,,,,,,,,,,,,,No complete matched component set,false,,0,,withheld: refs unverified
Pt111,propane,beef_vdw,relaxed,,,,,,,,,,,,,,,,No complete matched component set,false,,0,,missing
Pt111,propane,beef_vdw,SPE,,,,,,,,,,,,,,,,No complete matched component set,false,,0,,withheld: refs unverified
Pt111,propanol,pbe,relaxed,,,,,,,,,,,,,,,,No complete matched component set,false,,0,,withheld: refs unverified
Pt111,propanol,pbe,SPE,,,,,,,,,,,,,,,,No complete matched component set,false,,0,,withheld: refs unverified
Pt111,propanol,pbe_d3,relaxed,,,,,,,,,,,,,,,,No complete matched component set,false,,0,,withheld: refs unverified
Pt111,propanol,pbe_d3,SPE,,,,,,,,,,,,,,,,No complete matched component set,false,,0,,withheld: refs unverified
Pt111,propanol,r2scan,relaxed,,,,,,,,,,,,,,,,No complete matched component set,false,,0,,withheld: refs unverified
Pt111,propanol,r2scan,SPE,,,,,,,,,,,,,,,,No complete matched component set,false,,0,,withheld: refs unverified
Pt111,propanol,beef_vdw,relaxed,,,,,,,,,,,,,,,,No complete matched component set,false,,0,,missing
Pt111,propanol,beef_vdw,SPE,,,,,,,,,,,,,,,,No complete matched component set,false,,0,,withheld: refs unverified
Pt111,propene,pbe,relaxed,,,,,,,,,,,,,,,,No complete matched component set,false,,0,,withheld: refs unverified
Pt111,propene,pbe,SPE,,,,,,,,,,,,,,,,No complete matched component set,false,,0,,withheld: refs unverified
Pt111,propene,pbe_d3,relaxed,,,,,,,,,,,,,,,,No complete matched component set,false,,0,,withheld: refs unverified
Pt111,propene,pbe_d3,SPE,,,,,,,,,,,,,,,,No complete matched component set,false,,0,,withheld: refs unverified
Pt111,propene,r2scan,relaxed,,,,,,,,,,,,,,,,No complete matched component set,false,,0,,withheld: refs unverified
Pt111,propene,r2scan,SPE,,,,,,,,,,,,,,,,No complete matched component set,false,,0,,withheld: refs unverified
Pt111,propene,beef_vdw,relaxed,,,,,,,,,,,,,,,,No complete matched component set,false,,0,,missing
Pt111,propene,beef_vdw,SPE,,,,,,,,,,,,,,,,No complete matched component set,false,,0,,withheld: refs unverified
Rh100,CH3,pbe,relaxed,,,,,,,,,,,,,,,,No complete matched component set,false,,0,,withheld: potential mismatch
Rh100,CH3,pbe,SPE,,,,,,,,,,,,,,,,No complete matched component set,false,,0,,missing
Rh100,CH3,pbe_d3,relaxed,,,,,,,,,,,,,,,,No complete matched component set,false,,0,,withheld: potential mismatch
Rh100,CH3,pbe_d3,SPE,,,,,,,,,,,,,,,,No complete matched component set,false,,0,,missing
Rh100,CH3,r2scan,relaxed,,,,,,,,,,,,,,,,No complete matched component set,false,,0,,withheld: potential mismatch
Rh100,CH3,r2scan,SPE,,,,,,,,,,,,,,,,No complete matched component set,false,,0,,withheld: potential mismatch
Rh100,CH3,beef_vdw,relaxed,,,,,,,,,,,,,,,,No complete matched component set,false,,0,,withheld: potential mismatch
Rh100,CH3,beef_vdw,SPE,,,,,,,,,,,,,,,,No complete matched component set,false,,0,,missing
Rh100,CO,pbe,relaxed,,,,,,,,,,,,,,,,No complete matched component set,false,,0,,withheld: potential mismatch
Rh100,CO,pbe,SPE,,,,,,,,,,,,,,,,No complete matched component set,false,,0,,withheld: potential mismatch
Rh100,CO,pbe_d3,relaxed,,,,,,,,,,,,,,,,No complete matched component set,false,,0,,withheld: potential mismatch
Rh100,CO,pbe_d3,SPE,,,,,,,,,,,,,,,,No complete matched component set,false,,0,,missing
Rh100,CO,r2scan,relaxed,,,,,,,,,,,,,,,,No complete matched component set,false,,0,,withheld: potential mismatch
Rh100,CO,r2scan,SPE,,,,,,,,,,,,,,,,No complete matched component set,false,,0,,withheld: potential mismatch
Rh100,CO,beef_vdw,relaxed,,,,,,,,,,,,,,,,No complete matched component set,false,,0,,withheld: potential mismatch
Rh100,CO,beef_vdw,SPE,,,,,,,,,,,,,,,,No complete matched component set,false,,0,,missing
Rh100,CO2,pbe,relaxed,,,,,,,,,,,,,,,,No complete matched component set,false,,0,,withheld: potential mismatch
Rh100,CO2,pbe,SPE,,,,,,,,,,,,,,,,No complete matched component set,false,,0,,withheld: potential mismatch
Rh100,CO2,pbe_d3,relaxed,,,,,,,,,,,,,,,,No complete matched component set,false,,0,,missing
Rh100,CO2,pbe_d3,SPE,,,,,,,,,,,,,,,,No complete matched component set,false,,0,,missing
Rh100,CO2,r2scan,relaxed,,,,,,,,,,,,,,,,No complete matched component set,false,,0,,withheld: potential mismatch
Rh100,CO2,r2scan,SPE,,,,,,,,,,,,,,,,No complete matched component set,false,,0,,withheld: potential mismatch
Rh100,CO2,beef_vdw,relaxed,,,,,,,,,,,,,,,,No complete matched component set,false,,0,,missing
Rh100,CO2,beef_vdw,SPE,,,,,,,,,,,,,,,,No complete matched component set,false,,0,,missing
Rh100,DME,pbe,relaxed,,,,,,,,,,,,,,,,No complete matched component set,false,,0,,withheld: potential mismatch
Rh100,DME,pbe,SPE,,,,,,,,,,,,,,,,No complete matched component set,false,,0,,withheld: potential mismatch
Rh100,DME,pbe_d3,relaxed,,,,,,,,,,,,,,,,No complete matched component set,false,,0,,missing
Rh100,DME,pbe_d3,SPE,,,,,,,,,,,,,,,,No complete matched component set,false,,0,,withheld: potential mismatch
Rh100,DME,r2scan,relaxed,,,,,,,,,,,,,,,,No complete matched component set,false,,0,,withheld: potential mismatch
Rh100,DME,r2scan,SPE,,,,,,,,,,,,,,,,No complete matched component set,false,,0,,withheld: potential mismatch
Rh100,DME,beef_vdw,relaxed,,,,,,,,,,,,,,,,No complete matched component set,false,,0,,withheld: potential mismatch
Rh100,DME,beef_vdw,SPE,,,,,,,,,,,,,,,,No complete matched component set,false,,0,,missing
Rh100,H2O,pbe,relaxed,,,,,,,,,,,,,,,,No complete matched component set,false,,0,,withheld: potential mismatch
Rh100,H2O,pbe,SPE,,,,,,,,,,,,,,,,No complete matched component set,false,,0,,withheld: potential mismatch
Rh100,H2O,pbe_d3,relaxed,,,,,,,,,,,,,,,,No complete matched component set,false,,0,,withheld: potential mismatch
Rh100,H2O,pbe_d3,SPE,,,,,,,,,,,,,,,,No complete matched component set,false,,0,,withheld: potential mismatch
Rh100,H2O,r2scan,relaxed,,,,,,,,,,,,,,,,No complete matched component set,false,,0,,withheld: potential mismatch
Rh100,H2O,r2scan,SPE,,,,,,,,,,,,,,,,No complete matched component set,false,,0,,withheld: potential mismatch
Rh100,H2O,beef_vdw,relaxed,,,,,,,,,,,,,,,,No complete matched component set,false,,0,,withheld: potential mismatch
Rh100,H2O,beef_vdw,SPE,,,,,,,,,,,,,,,,No complete matched component set,false,,0,,missing
Rh100,H2S,pbe,relaxed,,,,,,,,,,,,,,,,No complete matched component set,false,,0,,withheld: potential mismatch
Rh100,H2S,pbe,SPE,,,,,,,,,,,,,,,,No complete matched component set,false,,0,,withheld: potential mismatch
Rh100,H2S,pbe_d3,relaxed,,,,,,,,,,,,,,,,No complete matched component set,false,,0,,withheld: potential mismatch
Rh100,H2S,pbe_d3,SPE,,,,,,,,,,,,,,,,No complete matched component set,false,,0,,withheld: potential mismatch
Rh100,H2S,r2scan,relaxed,,,,,,,,,,,,,,,,No complete matched component set,false,,0,,withheld: potential mismatch
Rh100,H2S,r2scan,SPE,,,,,,,,,,,,,,,,No complete matched component set,false,,0,,withheld: potential mismatch
Rh100,H2S,beef_vdw,relaxed,,,,,,,,,,,,,,,,No complete matched component set,false,,0,,withheld: potential mismatch
Rh100,H2S,beef_vdw,SPE,,,,,,,,,,,,,,,,No complete matched component set,false,,0,,withheld: potential mismatch
Rh100,N2,pbe,relaxed,,,,,,,,,,,,,,,,No complete matched component set,false,,0,,withheld: potential mismatch
Rh100,N2,pbe,SPE,,,,,,,,,,,,,,,,No complete matched component set,false,,0,,missing
Rh100,N2,pbe_d3,relaxed,,,,,,,,,,,,,,,,No complete matched component set,false,,0,,withheld: potential mismatch
Rh100,N2,pbe_d3,SPE,,,,,,,,,,,,,,,,No complete matched component set,false,,0,,missing
Rh100,N2,r2scan,relaxed,,,,,,,,,,,,,,,,No complete matched component set,false,,0,,withheld: potential mismatch
Rh100,N2,r2scan,SPE,,,,,,,,,,,,,,,,No complete matched component set,false,,0,,missing
Rh100,N2,beef_vdw,relaxed,,,,,,,,,,,,,,,,No complete matched component set,false,,0,,withheld: potential mismatch
Rh100,N2,beef_vdw,SPE,,,,,,,,,,,,,,,,No complete matched component set,false,,0,,missing
Rh100,NH3,pbe,relaxed,,,,,,,,,,,,,,,,No complete matched component set,false,,0,,withheld: potential mismatch
Rh100,NH3,pbe,SPE,,,,,,,,,,,,,,,,No complete matched component set,false,,0,,missing
Rh100,NH3,pbe_d3,relaxed,,,,,,,,,,,,,,,,No complete matched component set,false,,0,,withheld: potential mismatch
Rh100,NH3,pbe_d3,SPE,,,,,,,,,,,,,,,,No complete matched component set,false,,0,,missing
Rh100,NH3,r2scan,relaxed,,,,,,,,,,,,,,,,No complete matched component set,false,,0,,withheld: potential mismatch
Rh100,NH3,r2scan,SPE,,,,,,,,,,,,,,,,No complete matched component set,false,,0,,missing
Rh100,NH3,beef_vdw,relaxed,,,,,,,,,,,,,,,,No complete matched component set,false,,0,,withheld: potential mismatch
Rh100,NH3,beef_vdw,SPE,,,,,,,,,,,,,,,,No complete matched component set,false,,0,,missing
Rh100,NO,pbe,relaxed,,,,,,,,,,,,,,,,No complete matched component set,false,,0,,withheld: potential mismatch
Rh100,NO,pbe,SPE,,,,,,,,,,,,,,,,No complete matched component set,false,,0,,missing
Rh100,NO,pbe_d3,relaxed,,,,,,,,,,,,,,,,No complete matched component set,false,,0,,withheld: potential mismatch
Rh100,NO,pbe_d3,SPE,,,,,,,,,,,,,,,,No complete matched component set,false,,0,,missing
Rh100,NO,r2scan,relaxed,,,,,,,,,,,,,,,,No complete matched component set,false,,0,,missing
Rh100,NO,r2scan,SPE,,,,,,,,,,,,,,,,No complete matched component set,false,,0,,missing
Rh100,NO,beef_vdw,relaxed,,,,,,,,,,,,,,,,No complete matched component set,false,,0,,withheld: potential mismatch
Rh100,NO,beef_vdw,SPE,,,,,,,,,,,,,,,,No complete matched component set,false,,0,,missing
Rh100,SO2,pbe,relaxed,,,,,,,,,,,,,,,,No complete matched component set,false,,0,,withheld: potential mismatch
Rh100,SO2,pbe,SPE,,,,,,,,,,,,,,,,No complete matched component set,false,,0,,missing
Rh100,SO2,pbe_d3,relaxed,,,,,,,,,,,,,,,,No complete matched component set,false,,0,,withheld: potential mismatch
Rh100,SO2,pbe_d3,SPE,,,,,,,,,,,,,,,,No complete matched component set,false,,0,,missing
Rh100,SO2,r2scan,relaxed,,,,,,,,,,,,,,,,No complete matched component set,false,,0,,missing
Rh100,SO2,r2scan,SPE,,,,,,,,,,,,,,,,No complete matched component set,false,,0,,missing
Rh100,SO2,beef_vdw,relaxed,,,,,,,,,,,,,,,,No complete matched component set,false,,0,,withheld: potential mismatch
Rh100,SO2,beef_vdw,SPE,,,,,,,,,,,,,,,,No complete matched component set,false,,0,,missing
Rh100,acetaldehyde,pbe,relaxed,,,,,,,,,,,,,,,,No complete matched component set,false,,0,,withheld: potential mismatch
Rh100,acetaldehyde,pbe,SPE,,,,,,,,,,,,,,,,No complete matched component set,false,,0,,withheld: potential mismatch
Rh100,acetaldehyde,pbe_d3,relaxed,,,,,,,,,,,,,,,,No complete matched component set,false,,0,,withheld: potential mismatch
Rh100,acetaldehyde,pbe_d3,SPE,,,,,,,,,,,,,,,,No complete matched component set,false,,0,,withheld: potential mismatch
Rh100,acetaldehyde,r2scan,relaxed,,,,,,,,,,,,,,,,No complete matched component set,false,,0,,withheld: potential mismatch
Rh100,acetaldehyde,r2scan,SPE,,,,,,,,,,,,,,,,No complete matched component set,false,,0,,withheld: potential mismatch
Rh100,acetaldehyde,beef_vdw,relaxed,,,,,,,,,,,,,,,,No complete matched component set,false,,0,,withheld: potential mismatch
Rh100,acetaldehyde,beef_vdw,SPE,,,,,,,,,,,,,,,,No complete matched component set,false,,0,,withheld: potential mismatch
Rh100,acetic_acid,pbe,relaxed,,,,,,,,,,,,,,,,No complete matched component set,false,,0,,missing
Rh100,acetic_acid,pbe,SPE,,,,,,,,,,,,,,,,No complete matched component set,false,,0,,missing
Rh100,acetic_acid,pbe_d3,relaxed,,,,,,,,,,,,,,,,No complete matched component set,false,,0,,missing
Rh100,acetic_acid,pbe_d3,SPE,,,,,,,,,,,,,,,,No complete matched component set,false,,0,,missing
Rh100,acetic_acid,r2scan,relaxed,,,,,,,,,,,,,,,,No complete matched component set,false,,0,,withheld: potential mismatch
Rh100,acetic_acid,r2scan,SPE,,,,,,,,,,,,,,,,No complete matched component set,false,,0,,withheld: potential mismatch
Rh100,acetic_acid,beef_vdw,relaxed,,,,,,,,,,,,,,,,No complete matched component set,false,,0,,withheld: potential mismatch
Rh100,acetic_acid,beef_vdw,SPE,,,,,,,,,,,,,,,,No complete matched component set,false,,0,,missing
Rh100,ethane,pbe,relaxed,,,,,,,,,,,,,,,,No complete matched component set,false,,0,,withheld: potential mismatch
Rh100,ethane,pbe,SPE,,,,,,,,,,,,,,,,No complete matched component set,false,,0,,withheld: potential mismatch
Rh100,ethane,pbe_d3,relaxed,,,,,,,,,,,,,,,,No complete matched component set,false,,0,,withheld: potential mismatch
Rh100,ethane,pbe_d3,SPE,,,,,,,,,,,,,,,,No complete matched component set,false,,0,,withheld: potential mismatch
Rh100,ethane,r2scan,relaxed,,,,,,,,,,,,,,,,No complete matched component set,false,,0,,withheld: potential mismatch
Rh100,ethane,r2scan,SPE,,,,,,,,,,,,,,,,No complete matched component set,false,,0,,withheld: potential mismatch
Rh100,ethane,beef_vdw,relaxed,,,,,,,,,,,,,,,,No complete matched component set,false,,0,,withheld: potential mismatch
Rh100,ethane,beef_vdw,SPE,,,,,,,,,,,,,,,,No complete matched component set,false,,0,,withheld: potential mismatch
Rh100,ethanol,pbe,relaxed,,,,,,,,,,,,,,,,No complete matched component set,false,,0,,withheld: potential mismatch
Rh100,ethanol,pbe,SPE,,,,,,,,,,,,,,,,No complete matched component set,false,,0,,withheld: potential mismatch
Rh100,ethanol,pbe_d3,relaxed,,,,,,,,,,,,,,,,No complete matched component set,false,,0,,withheld: potential mismatch
Rh100,ethanol,pbe_d3,SPE,,,,,,,,,,,,,,,,No complete matched component set,false,,0,,withheld: potential mismatch
Rh100,ethanol,r2scan,relaxed,,,,,,,,,,,,,,,,No complete matched component set,false,,0,,withheld: potential mismatch
Rh100,ethanol,r2scan,SPE,,,,,,,,,,,,,,,,No complete matched component set,false,,0,,withheld: potential mismatch
Rh100,ethanol,beef_vdw,relaxed,,,,,,,,,,,,,,,,No complete matched component set,false,,0,,withheld: potential mismatch
Rh100,ethanol,beef_vdw,SPE,,,,,,,,,,,,,,,,No complete matched component set,false,,0,,withheld: potential mismatch
Rh100,ethene,pbe,relaxed,,,,,,,,,,,,,,,,No complete matched component set,false,,0,,withheld: potential mismatch
Rh100,ethene,pbe,SPE,,,,,,,,,,,,,,,,No complete matched component set,false,,0,,withheld: potential mismatch
Rh100,ethene,pbe_d3,relaxed,,,,,,,,,,,,,,,,No complete matched component set,false,,0,,withheld: potential mismatch
Rh100,ethene,pbe_d3,SPE,,,,,,,,,,,,,,,,No complete matched component set,false,,0,,withheld: potential mismatch
Rh100,ethene,r2scan,relaxed,,,,,,,,,,,,,,,,No complete matched component set,false,,0,,withheld: potential mismatch
Rh100,ethene,r2scan,SPE,,,,,,,,,,,,,,,,No complete matched component set,false,,0,,withheld: potential mismatch
Rh100,ethene,beef_vdw,relaxed,,,,,,,,,,,,,,,,No complete matched component set,false,,0,,withheld: potential mismatch
Rh100,ethene,beef_vdw,SPE,,,,,,,,,,,,,,,,No complete matched component set,false,,0,,withheld: potential mismatch
Rh100,formaldehyde,pbe,relaxed,,,,,,,,,,,,,,,,No complete matched component set,false,,0,,withheld: potential mismatch
Rh100,formaldehyde,pbe,SPE,,,,,,,,,,,,,,,,No complete matched component set,false,,0,,withheld: potential mismatch
Rh100,formaldehyde,pbe_d3,relaxed,,,,,,,,,,,,,,,,No complete matched component set,false,,0,,withheld: potential mismatch
Rh100,formaldehyde,pbe_d3,SPE,,,,,,,,,,,,,,,,No complete matched component set,false,,0,,withheld: potential mismatch
Rh100,formaldehyde,r2scan,relaxed,,,,,,,,,,,,,,,,No complete matched component set,false,,0,,withheld: potential mismatch
Rh100,formaldehyde,r2scan,SPE,,,,,,,,,,,,,,,,No complete matched component set,false,,0,,withheld: potential mismatch
Rh100,formaldehyde,beef_vdw,relaxed,,,,,,,,,,,,,,,,No complete matched component set,false,,0,,withheld: potential mismatch
Rh100,formaldehyde,beef_vdw,SPE,,,,,,,,,,,,,,,,No complete matched component set,false,,0,,withheld: potential mismatch
Rh100,formic_acid,pbe,relaxed,,,,,,,,,,,,,,,,No complete matched component set,false,,0,,withheld: potential mismatch
Rh100,formic_acid,pbe,SPE,,,,,,,,,,,,,,,,No complete matched component set,false,,0,,missing
Rh100,formic_acid,pbe_d3,relaxed,,,,,,,,,,,,,,,,No complete matched component set,false,,0,,withheld: potential mismatch
Rh100,formic_acid,pbe_d3,SPE,,,,,,,,,,,,,,,,No complete matched component set,false,,0,,missing
Rh100,formic_acid,r2scan,relaxed,,,,,,,,,,,,,,,,No complete matched component set,false,,0,,withheld: potential mismatch
Rh100,formic_acid,r2scan,SPE,,,,,,,,,,,,,,,,No complete matched component set,false,,0,,missing
Rh100,formic_acid,beef_vdw,relaxed,,,,,,,,,,,,,,,,No complete matched component set,false,,0,,withheld: potential mismatch
Rh100,formic_acid,beef_vdw,SPE,,,,,,,,,,,,,,,,No complete matched component set,false,,0,,missing
Rh100,methane,pbe,relaxed,,,,,,,,,,,,,,,,No complete matched component set,false,,0,,withheld: potential mismatch
Rh100,methane,pbe,SPE,,,,,,,,,,,,,,,,No complete matched component set,false,,0,,withheld: potential mismatch
Rh100,methane,pbe_d3,relaxed,,,,,,,,,,,,,,,,No complete matched component set,false,,0,,withheld: potential mismatch
Rh100,methane,pbe_d3,SPE,,,,,,,,,,,,,,,,No complete matched component set,false,,0,,withheld: potential mismatch
Rh100,methane,r2scan,relaxed,,,,,,,,,,,,,,,,No complete matched component set,false,,0,,withheld: potential mismatch
Rh100,methane,r2scan,SPE,,,,,,,,,,,,,,,,No complete matched component set,false,,0,,withheld: potential mismatch
Rh100,methane,beef_vdw,relaxed,,,,,,,,,,,,,,,,No complete matched component set,false,,0,,withheld: potential mismatch
Rh100,methane,beef_vdw,SPE,,,,,,,,,,,,,,,,No complete matched component set,false,,0,,missing
Rh100,methanol,pbe,relaxed,,,,,,,,,,,,,,,,No complete matched component set,false,,0,,withheld: potential mismatch
Rh100,methanol,pbe,SPE,,,,,,,,,,,,,,,,No complete matched component set,false,,0,,missing
Rh100,methanol,pbe_d3,relaxed,,,,,,,,,,,,,,,,No complete matched component set,false,,0,,withheld: potential mismatch
Rh100,methanol,pbe_d3,SPE,,,,,,,,,,,,,,,,No complete matched component set,false,,0,,missing
Rh100,methanol,r2scan,relaxed,,,,,,,,,,,,,,,,No complete matched component set,false,,0,,withheld: potential mismatch
Rh100,methanol,r2scan,SPE,,,,,,,,,,,,,,,,No complete matched component set,false,,0,,withheld: potential mismatch
Rh100,methanol,beef_vdw,relaxed,,,,,,,,,,,,,,,,No complete matched component set,false,,0,,withheld: potential mismatch
Rh100,methanol,beef_vdw,SPE,,,,,,,,,,,,,,,,No complete matched component set,false,,0,,withheld: potential mismatch
Rh110,CH3,pbe,relaxed,,,,,,,,,,,,,,,,No complete matched component set,false,,0,,withheld: potential mismatch
Rh110,CH3,pbe,SPE,,,,,,,,,,,,,,,,No complete matched component set,false,,0,,withheld: potential mismatch
Rh110,CH3,pbe_d3,relaxed,,,,,,,,,,,,,,,,No complete matched component set,false,,0,,withheld: potential mismatch
Rh110,CH3,pbe_d3,SPE,,,,,,,,,,,,,,,,No complete matched component set,false,,0,,withheld: potential mismatch
Rh110,CH3,r2scan,relaxed,,,,,,,,,,,,,,,,No complete matched component set,false,,0,,withheld: potential mismatch
Rh110,CH3,r2scan,SPE,,,,,,,,,,,,,,,,No complete matched component set,false,,0,,withheld: potential mismatch
Rh110,CH3,beef_vdw,relaxed,,,,,,,,,,,,,,,,No complete matched component set,false,,0,,withheld: potential mismatch
Rh110,CH3,beef_vdw,SPE,,,,,,,,,,,,,,,,No complete matched component set,false,,0,,withheld: potential mismatch
Rh110,CO,pbe,relaxed,,,,,,,,,,,,,,,,No complete matched component set,false,,0,,withheld: potential mismatch
Rh110,CO,pbe,SPE,,,,,,,,,,,,,,,,No complete matched component set,false,,0,,withheld: potential mismatch
Rh110,CO,pbe_d3,relaxed,,,,,,,,,,,,,,,,No complete matched component set,false,,0,,withheld: potential mismatch
Rh110,CO,pbe_d3,SPE,,,,,,,,,,,,,,,,No complete matched component set,false,,0,,withheld: potential mismatch
Rh110,CO,r2scan,relaxed,,,,,,,,,,,,,,,,No complete matched component set,false,,0,,withheld: potential mismatch
Rh110,CO,r2scan,SPE,,,,,,,,,,,,,,,,No complete matched component set,false,,0,,withheld: potential mismatch
Rh110,CO,beef_vdw,relaxed,,,,,,,,,,,,,,,,No complete matched component set,false,,0,,withheld: potential mismatch
Rh110,CO,beef_vdw,SPE,,,,,,,,,,,,,,,,No complete matched component set,false,,0,,withheld: potential mismatch
Rh110,CO2,pbe,relaxed,,,,,,,,,,,,,,,,No complete matched component set,false,,0,,withheld: potential mismatch
Rh110,CO2,pbe,SPE,,,,,,,,,,,,,,,,No complete matched component set,false,,0,,withheld: potential mismatch
Rh110,CO2,pbe_d3,relaxed,,,,,,,,,,,,,,,,No complete matched component set,false,,0,,missing
Rh110,CO2,pbe_d3,SPE,,,,,,,,,,,,,,,,No complete matched component set,false,,0,,missing
Rh110,CO2,r2scan,relaxed,,,,,,,,,,,,,,,,No complete matched component set,false,,0,,withheld: potential mismatch
Rh110,CO2,r2scan,SPE,,,,,,,,,,,,,,,,No complete matched component set,false,,0,,withheld: potential mismatch
Rh110,CO2,beef_vdw,relaxed,,,,,,,,,,,,,,,,No complete matched component set,false,,0,,withheld: potential mismatch
Rh110,CO2,beef_vdw,SPE,,,,,,,,,,,,,,,,No complete matched component set,false,,0,,withheld: potential mismatch
Rh110,DME,pbe,relaxed,,,,,,,,,,,,,,,,No complete matched component set,false,,0,,withheld: potential mismatch
Rh110,DME,pbe,SPE,,,,,,,,,,,,,,,,No complete matched component set,false,,0,,withheld: potential mismatch
Rh110,DME,pbe_d3,relaxed,,,,,,,,,,,,,,,,No complete matched component set,false,,0,,missing
Rh110,DME,pbe_d3,SPE,,,,,,,,,,,,,,,,No complete matched component set,false,,0,,withheld: potential mismatch
Rh110,DME,r2scan,relaxed,,,,,,,,,,,,,,,,No complete matched component set,false,,0,,withheld: potential mismatch
Rh110,DME,r2scan,SPE,,,,,,,,,,,,,,,,No complete matched component set,false,,0,,withheld: potential mismatch
Rh110,DME,beef_vdw,relaxed,,,,,,,,,,,,,,,,No complete matched component set,false,,0,,withheld: potential mismatch
Rh110,DME,beef_vdw,SPE,,,,,,,,,,,,,,,,No complete matched component set,false,,0,,withheld: potential mismatch
Rh110,H2O,pbe,relaxed,,,,,,,,,,,,,,,,No complete matched component set,false,,0,,withheld: potential mismatch
Rh110,H2O,pbe,SPE,,,,,,,,,,,,,,,,No complete matched component set,false,,0,,withheld: potential mismatch
Rh110,H2O,pbe_d3,relaxed,,,,,,,,,,,,,,,,No complete matched component set,false,,0,,withheld: potential mismatch
Rh110,H2O,pbe_d3,SPE,,,,,,,,,,,,,,,,No complete matched component set,false,,0,,withheld: potential mismatch
Rh110,H2O,r2scan,relaxed,,,,,,,,,,,,,,,,No complete matched component set,false,,0,,withheld: potential mismatch
Rh110,H2O,r2scan,SPE,,,,,,,,,,,,,,,,No complete matched component set,false,,0,,withheld: potential mismatch
Rh110,H2O,beef_vdw,relaxed,,,,,,,,,,,,,,,,No complete matched component set,false,,0,,withheld: potential mismatch
Rh110,H2O,beef_vdw,SPE,,,,,,,,,,,,,,,,No complete matched component set,false,,0,,withheld: potential mismatch
Rh110,H2S,pbe,relaxed,,,,,,,,,,,,,,,,No complete matched component set,false,,0,,withheld: potential mismatch
Rh110,H2S,pbe,SPE,,,,,,,,,,,,,,,,No complete matched component set,false,,0,,withheld: potential mismatch
Rh110,H2S,pbe_d3,relaxed,,,,,,,,,,,,,,,,No complete matched component set,false,,0,,withheld: potential mismatch
Rh110,H2S,pbe_d3,SPE,,,,,,,,,,,,,,,,No complete matched component set,false,,0,,withheld: potential mismatch
Rh110,H2S,r2scan,relaxed,,,,,,,,,,,,,,,,No complete matched component set,false,,0,,withheld: potential mismatch
Rh110,H2S,r2scan,SPE,,,,,,,,,,,,,,,,No complete matched component set,false,,0,,withheld: potential mismatch
Rh110,H2S,beef_vdw,relaxed,,,,,,,,,,,,,,,,No complete matched component set,false,,0,,withheld: potential mismatch
Rh110,H2S,beef_vdw,SPE,,,,,,,,,,,,,,,,No complete matched component set,false,,0,,withheld: potential mismatch
Rh110,N2,pbe,relaxed,,,,,,,,,,,,,,,,No complete matched component set,false,,0,,withheld: potential mismatch
Rh110,N2,pbe,SPE,,,,,,,,,,,,,,,,No complete matched component set,false,,0,,missing
Rh110,N2,pbe_d3,relaxed,,,,,,,,,,,,,,,,No complete matched component set,false,,0,,withheld: potential mismatch
Rh110,N2,pbe_d3,SPE,,,,,,,,,,,,,,,,No complete matched component set,false,,0,,missing
Rh110,N2,r2scan,relaxed,,,,,,,,,,,,,,,,No complete matched component set,false,,0,,withheld: potential mismatch
Rh110,N2,r2scan,SPE,,,,,,,,,,,,,,,,No complete matched component set,false,,0,,missing
Rh110,N2,beef_vdw,relaxed,,,,,,,,,,,,,,,,No complete matched component set,false,,0,,withheld: potential mismatch
Rh110,N2,beef_vdw,SPE,,,,,,,,,,,,,,,,No complete matched component set,false,,0,,missing
Rh110,NH3,pbe,relaxed,,,,,,,,,,,,,,,,No complete matched component set,false,,0,,withheld: potential mismatch
Rh110,NH3,pbe,SPE,,,,,,,,,,,,,,,,No complete matched component set,false,,0,,missing
Rh110,NH3,pbe_d3,relaxed,,,,,,,,,,,,,,,,No complete matched component set,false,,0,,withheld: potential mismatch
Rh110,NH3,pbe_d3,SPE,,,,,,,,,,,,,,,,No complete matched component set,false,,0,,missing
Rh110,NH3,r2scan,relaxed,,,,,,,,,,,,,,,,No complete matched component set,false,,0,,withheld: potential mismatch
Rh110,NH3,r2scan,SPE,,,,,,,,,,,,,,,,No complete matched component set,false,,0,,missing
Rh110,NH3,beef_vdw,relaxed,,,,,,,,,,,,,,,,No complete matched component set,false,,0,,withheld: potential mismatch
Rh110,NH3,beef_vdw,SPE,,,,,,,,,,,,,,,,No complete matched component set,false,,0,,missing
Rh110,NO,pbe,relaxed,,,,,,,,,,,,,,,,No complete matched component set,false,,0,,withheld: potential mismatch
Rh110,NO,pbe,SPE,,,,,,,,,,,,,,,,No complete matched component set,false,,0,,missing
Rh110,NO,pbe_d3,relaxed,,,,,,,,,,,,,,,,No complete matched component set,false,,0,,withheld: potential mismatch
Rh110,NO,pbe_d3,SPE,,,,,,,,,,,,,,,,No complete matched component set,false,,0,,missing
Rh110,NO,r2scan,relaxed,,,,,,,,,,,,,,,,No complete matched component set,false,,0,,missing
Rh110,NO,r2scan,SPE,,,,,,,,,,,,,,,,No complete matched component set,false,,0,,missing
Rh110,NO,beef_vdw,relaxed,,,,,,,,,,,,,,,,No complete matched component set,false,,0,,withheld: potential mismatch
Rh110,NO,beef_vdw,SPE,,,,,,,,,,,,,,,,No complete matched component set,false,,0,,missing
Rh110,SO2,pbe,relaxed,,,,,,,,,,,,,,,,No complete matched component set,false,,0,,withheld: potential mismatch
Rh110,SO2,pbe,SPE,,,,,,,,,,,,,,,,No complete matched component set,false,,0,,missing
Rh110,SO2,pbe_d3,relaxed,,,,,,,,,,,,,,,,No complete matched component set,false,,0,,withheld: potential mismatch
Rh110,SO2,pbe_d3,SPE,,,,,,,,,,,,,,,,No complete matched component set,false,,0,,missing
Rh110,SO2,r2scan,relaxed,,,,,,,,,,,,,,,,No complete matched component set,false,,0,,withheld: potential mismatch
Rh110,SO2,r2scan,SPE,,,,,,,,,,,,,,,,No complete matched component set,false,,0,,missing
Rh110,SO2,beef_vdw,relaxed,,,,,,,,,,,,,,,,No complete matched component set,false,,0,,withheld: potential mismatch
Rh110,SO2,beef_vdw,SPE,,,,,,,,,,,,,,,,No complete matched component set,false,,0,,missing
Rh110,acetaldehyde,pbe,relaxed,,,,,,,,,,,,,,,,No complete matched component set,false,,0,,withheld: potential mismatch
Rh110,acetaldehyde,pbe,SPE,,,,,,,,,,,,,,,,No complete matched component set,false,,0,,withheld: potential mismatch
Rh110,acetaldehyde,pbe_d3,relaxed,,,,,,,,,,,,,,,,No complete matched component set,false,,0,,withheld: potential mismatch
Rh110,acetaldehyde,pbe_d3,SPE,,,,,,,,,,,,,,,,No complete matched component set,false,,0,,withheld: potential mismatch
Rh110,acetaldehyde,r2scan,relaxed,,,,,,,,,,,,,,,,No complete matched component set,false,,0,,withheld: potential mismatch
Rh110,acetaldehyde,r2scan,SPE,,,,,,,,,,,,,,,,No complete matched component set,false,,0,,withheld: potential mismatch
Rh110,acetaldehyde,beef_vdw,relaxed,,,,,,,,,,,,,,,,No complete matched component set,false,,0,,withheld: potential mismatch
Rh110,acetaldehyde,beef_vdw,SPE,,,,,,,,,,,,,,,,No complete matched component set,false,,0,,withheld: potential mismatch
Rh110,acetic_acid,pbe,relaxed,,,,,,,,,,,,,,,,No complete matched component set,false,,0,,missing
Rh110,acetic_acid,pbe,SPE,,,,,,,,,,,,,,,,No complete matched component set,false,,0,,missing
Rh110,acetic_acid,pbe_d3,relaxed,,,,,,,,,,,,,,,,No complete matched component set,false,,0,,missing
Rh110,acetic_acid,pbe_d3,SPE,,,,,,,,,,,,,,,,No complete matched component set,false,,0,,missing
Rh110,acetic_acid,r2scan,relaxed,,,,,,,,,,,,,,,,No complete matched component set,false,,0,,withheld: potential mismatch
Rh110,acetic_acid,r2scan,SPE,,,,,,,,,,,,,,,,No complete matched component set,false,,0,,withheld: potential mismatch
Rh110,acetic_acid,beef_vdw,relaxed,,,,,,,,,,,,,,,,No complete matched component set,false,,0,,withheld: potential mismatch
Rh110,acetic_acid,beef_vdw,SPE,,,,,,,,,,,,,,,,No complete matched component set,false,,0,,withheld: potential mismatch
Rh110,ethane,pbe,relaxed,,,,,,,,,,,,,,,,No complete matched component set,false,,0,,withheld: potential mismatch
Rh110,ethane,pbe,SPE,,,,,,,,,,,,,,,,No complete matched component set,false,,0,,withheld: potential mismatch
Rh110,ethane,pbe_d3,relaxed,,,,,,,,,,,,,,,,No complete matched component set,false,,0,,withheld: potential mismatch
Rh110,ethane,pbe_d3,SPE,,,,,,,,,,,,,,,,No complete matched component set,false,,0,,withheld: potential mismatch
Rh110,ethane,r2scan,relaxed,,,,,,,,,,,,,,,,No complete matched component set,false,,0,,withheld: potential mismatch
Rh110,ethane,r2scan,SPE,,,,,,,,,,,,,,,,No complete matched component set,false,,0,,withheld: potential mismatch
Rh110,ethane,beef_vdw,relaxed,,,,,,,,,,,,,,,,No complete matched component set,false,,0,,withheld: potential mismatch
Rh110,ethane,beef_vdw,SPE,,,,,,,,,,,,,,,,No complete matched component set,false,,0,,withheld: potential mismatch
Rh110,ethanol,pbe,relaxed,,,,,,,,,,,,,,,,No complete matched component set,false,,0,,withheld: potential mismatch
Rh110,ethanol,pbe,SPE,,,,,,,,,,,,,,,,No complete matched component set,false,,0,,withheld: potential mismatch
Rh110,ethanol,pbe_d3,relaxed,,,,,,,,,,,,,,,,No complete matched component set,false,,0,,withheld: potential mismatch
Rh110,ethanol,pbe_d3,SPE,,,,,,,,,,,,,,,,No complete matched component set,false,,0,,withheld: potential mismatch
Rh110,ethanol,r2scan,relaxed,,,,,,,,,,,,,,,,No complete matched component set,false,,0,,withheld: potential mismatch
Rh110,ethanol,r2scan,SPE,,,,,,,,,,,,,,,,No complete matched component set,false,,0,,withheld: potential mismatch
Rh110,ethanol,beef_vdw,relaxed,,,,,,,,,,,,,,,,No complete matched component set,false,,0,,withheld: potential mismatch
Rh110,ethanol,beef_vdw,SPE,,,,,,,,,,,,,,,,No complete matched component set,false,,0,,withheld: potential mismatch
Rh110,ethene,pbe,relaxed,,,,,,,,,,,,,,,,No complete matched component set,false,,0,,withheld: potential mismatch
Rh110,ethene,pbe,SPE,,,,,,,,,,,,,,,,No complete matched component set,false,,0,,withheld: potential mismatch
Rh110,ethene,pbe_d3,relaxed,,,,,,,,,,,,,,,,No complete matched component set,false,,0,,withheld: potential mismatch
Rh110,ethene,pbe_d3,SPE,,,,,,,,,,,,,,,,No complete matched component set,false,,0,,withheld: potential mismatch
Rh110,ethene,r2scan,relaxed,,,,,,,,,,,,,,,,No complete matched component set,false,,0,,withheld: potential mismatch
Rh110,ethene,r2scan,SPE,,,,,,,,,,,,,,,,No complete matched component set,false,,0,,withheld: potential mismatch
Rh110,ethene,beef_vdw,relaxed,,,,,,,,,,,,,,,,No complete matched component set,false,,0,,withheld: potential mismatch
Rh110,ethene,beef_vdw,SPE,,,,,,,,,,,,,,,,No complete matched component set,false,,0,,withheld: potential mismatch
Rh110,formaldehyde,pbe,relaxed,,,,,,,,,,,,,,,,No complete matched component set,false,,0,,withheld: potential mismatch
Rh110,formaldehyde,pbe,SPE,,,,,,,,,,,,,,,,No complete matched component set,false,,0,,withheld: potential mismatch
Rh110,formaldehyde,pbe_d3,relaxed,,,,,,,,,,,,,,,,No complete matched component set,false,,0,,withheld: potential mismatch
Rh110,formaldehyde,pbe_d3,SPE,,,,,,,,,,,,,,,,No complete matched component set,false,,0,,withheld: potential mismatch
Rh110,formaldehyde,r2scan,relaxed,,,,,,,,,,,,,,,,No complete matched component set,false,,0,,withheld: potential mismatch
Rh110,formaldehyde,r2scan,SPE,,,,,,,,,,,,,,,,No complete matched component set,false,,0,,withheld: potential mismatch
Rh110,formaldehyde,beef_vdw,relaxed,,,,,,,,,,,,,,,,No complete matched component set,false,,0,,withheld: potential mismatch
Rh110,formaldehyde,beef_vdw,SPE,,,,,,,,,,,,,,,,No complete matched component set,false,,0,,withheld: potential mismatch
Rh110,formic_acid,pbe,relaxed,,,,,,,,,,,,,,,,No complete matched component set,false,,0,,withheld: potential mismatch
Rh110,formic_acid,pbe,SPE,,,,,,,,,,,,,,,,No complete matched component set,false,,0,,missing
Rh110,formic_acid,pbe_d3,relaxed,,,,,,,,,,,,,,,,No complete matched component set,false,,0,,withheld: potential mismatch
Rh110,formic_acid,pbe_d3,SPE,,,,,,,,,,,,,,,,No complete matched component set,false,,0,,missing
Rh110,formic_acid,r2scan,relaxed,,,,,,,,,,,,,,,,No complete matched component set,false,,0,,missing
Rh110,formic_acid,r2scan,SPE,,,,,,,,,,,,,,,,No complete matched component set,false,,0,,missing
Rh110,formic_acid,beef_vdw,relaxed,,,,,,,,,,,,,,,,No complete matched component set,false,,0,,withheld: potential mismatch
Rh110,formic_acid,beef_vdw,SPE,,,,,,,,,,,,,,,,No complete matched component set,false,,0,,missing
Rh110,methane,pbe,relaxed,,,,,,,,,,,,,,,,No complete matched component set,false,,0,,withheld: potential mismatch
Rh110,methane,pbe,SPE,,,,,,,,,,,,,,,,No complete matched component set,false,,0,,withheld: potential mismatch
Rh110,methane,pbe_d3,relaxed,,,,,,,,,,,,,,,,No complete matched component set,false,,0,,withheld: potential mismatch
Rh110,methane,pbe_d3,SPE,,,,,,,,,,,,,,,,No complete matched component set,false,,0,,withheld: potential mismatch
Rh110,methane,r2scan,relaxed,,,,,,,,,,,,,,,,No complete matched component set,false,,0,,withheld: potential mismatch
Rh110,methane,r2scan,SPE,,,,,,,,,,,,,,,,No complete matched component set,false,,0,,withheld: potential mismatch
Rh110,methane,beef_vdw,relaxed,,,,,,,,,,,,,,,,No complete matched component set,false,,0,,withheld: potential mismatch
Rh110,methane,beef_vdw,SPE,,,,,,,,,,,,,,,,No complete matched component set,false,,0,,withheld: potential mismatch
Rh110,methanol,pbe,relaxed,,,,,,,,,,,,,,,,No complete matched component set,false,,0,,withheld: potential mismatch
Rh110,methanol,pbe,SPE,,,,,,,,,,,,,,,,No complete matched component set,false,,0,,withheld: potential mismatch
Rh110,methanol,pbe_d3,relaxed,,,,,,,,,,,,,,,,No complete matched component set,false,,0,,withheld: potential mismatch
Rh110,methanol,pbe_d3,SPE,,,,,,,,,,,,,,,,No complete matched component set,false,,0,,withheld: potential mismatch
Rh110,methanol,r2scan,relaxed,,,,,,,,,,,,,,,,No complete matched component set,false,,0,,withheld: potential mismatch
Rh110,methanol,r2scan,SPE,,,,,,,,,,,,,,,,No complete matched component set,false,,0,,withheld: potential mismatch
Rh110,methanol,beef_vdw,relaxed,,,,,,,,,,,,,,,,No complete matched component set,false,,0,,withheld: potential mismatch
Rh110,methanol,beef_vdw,SPE,,,,,,,,,,,,,,,,No complete matched component set,false,,0,,withheld: potential mismatch
Rh111,CH3,pbe,relaxed,,,,,,,,,,,,,,,,No complete matched component set,false,,0,,withheld: potential mismatch
Rh111,CH3,pbe,SPE,,,,,,,,,,,,,,,,No complete matched component set,false,,0,,withheld: potential mismatch
Rh111,CH3,pbe_d3,relaxed,,,,,,,,,,,,,,,,No complete matched component set,false,,0,,withheld: potential mismatch
Rh111,CH3,pbe_d3,SPE,,,,,,,,,,,,,,,,No complete matched component set,false,,0,,withheld: potential mismatch
Rh111,CH3,r2scan,relaxed,,,,,,,,,,,,,,,,No complete matched component set,false,,0,,missing
Rh111,CH3,r2scan,SPE,,,,,,,,,,,,,,,,No complete matched component set,false,,0,,withheld: potential mismatch
Rh111,CH3,beef_vdw,relaxed,,,,,,,,,,,,,,,,No complete matched component set,false,,0,,withheld: potential mismatch
Rh111,CH3,beef_vdw,SPE,,,,,,,,,,,,,,,,No complete matched component set,false,,0,,withheld: potential mismatch
Rh111,CO,pbe,relaxed,,,,,,,,,,,,,,,,No complete matched component set,false,,0,,withheld: potential mismatch
Rh111,CO,pbe,SPE,,,,,,,,,,,,,,,,No complete matched component set,false,,0,,withheld: potential mismatch
Rh111,CO,pbe_d3,relaxed,,,,,,,,,,,,,,,,No complete matched component set,false,,0,,withheld: potential mismatch
Rh111,CO,pbe_d3,SPE,,,,,,,,,,,,,,,,No complete matched component set,false,,0,,withheld: potential mismatch
Rh111,CO,r2scan,relaxed,,,,,,,,,,,,,,,,No complete matched component set,false,,0,,missing
Rh111,CO,r2scan,SPE,,,,,,,,,,,,,,,,No complete matched component set,false,,0,,withheld: potential mismatch
Rh111,CO,beef_vdw,relaxed,,,,,,,,,,,,,,,,No complete matched component set,false,,0,,withheld: potential mismatch
Rh111,CO,beef_vdw,SPE,,,,,,,,,,,,,,,,No complete matched component set,false,,0,,withheld: potential mismatch
Rh111,CO2,pbe,relaxed,,,,,,,,,,,,,,,,No complete matched component set,false,,0,,withheld: potential mismatch
Rh111,CO2,pbe,SPE,,,,,,,,,,,,,,,,No complete matched component set,false,,0,,withheld: potential mismatch
Rh111,CO2,pbe_d3,relaxed,,,,,,,,,,,,,,,,No complete matched component set,false,,0,,missing
Rh111,CO2,pbe_d3,SPE,,,,,,,,,,,,,,,,No complete matched component set,false,,0,,missing
Rh111,CO2,r2scan,relaxed,,,,,,,,,,,,,,,,No complete matched component set,false,,0,,missing
Rh111,CO2,r2scan,SPE,,,,,,,,,,,,,,,,No complete matched component set,false,,0,,withheld: potential mismatch
Rh111,CO2,beef_vdw,relaxed,,,,,,,,,,,,,,,,No complete matched component set,false,,0,,withheld: potential mismatch
Rh111,CO2,beef_vdw,SPE,,,,,,,,,,,,,,,,No complete matched component set,false,,0,,withheld: potential mismatch
Rh111,DME,pbe,relaxed,,,,,,,,,,,,,,,,No complete matched component set,false,,0,,withheld: potential mismatch
Rh111,DME,pbe,SPE,,,,,,,,,,,,,,,,No complete matched component set,false,,0,,withheld: potential mismatch
Rh111,DME,pbe_d3,relaxed,,,,,,,,,,,,,,,,No complete matched component set,false,,0,,missing
Rh111,DME,pbe_d3,SPE,,,,,,,,,,,,,,,,No complete matched component set,false,,0,,withheld: potential mismatch
Rh111,DME,r2scan,relaxed,,,,,,,,,,,,,,,,No complete matched component set,false,,0,,withheld: refs unverified
Rh111,DME,r2scan,SPE,,,,,,,,,,,,,,,,No complete matched component set,false,,0,,withheld: potential mismatch
Rh111,DME,beef_vdw,relaxed,,,,,,,,,,,,,,,,No complete matched component set,false,,0,,withheld: potential mismatch
Rh111,DME,beef_vdw,SPE,,,,,,,,,,,,,,,,No complete matched component set,false,,0,,withheld: potential mismatch
Rh111,H2O,pbe,relaxed,,,,,,,,,,,,,,,,No complete matched component set,false,,0,,withheld: potential mismatch
Rh111,H2O,pbe,SPE,,,,,,,,,,,,,,,,No complete matched component set,false,,0,,withheld: potential mismatch
Rh111,H2O,pbe_d3,relaxed,,,,,,,,,,,,,,,,No complete matched component set,false,,0,,withheld: potential mismatch
Rh111,H2O,pbe_d3,SPE,,,,,,,,,,,,,,,,No complete matched component set,false,,0,,withheld: potential mismatch
Rh111,H2O,r2scan,relaxed,,,,,,,,,,,,,,,,No complete matched component set,false,,0,,missing
Rh111,H2O,r2scan,SPE,,,,,,,,,,,,,,,,No complete matched component set,false,,0,,withheld: potential mismatch
Rh111,H2O,beef_vdw,relaxed,,,,,,,,,,,,,,,,No complete matched component set,false,,0,,withheld: potential mismatch
Rh111,H2O,beef_vdw,SPE,,,,,,,,,,,,,,,,No complete matched component set,false,,0,,withheld: potential mismatch
Rh111,H2S,pbe,relaxed,,,,,,,,,,,,,,,,No complete matched component set,false,,0,,withheld: potential mismatch
Rh111,H2S,pbe,SPE,,,,,,,,,,,,,,,,No complete matched component set,false,,0,,withheld: potential mismatch
Rh111,H2S,pbe_d3,relaxed,,,,,,,,,,,,,,,,No complete matched component set,false,,0,,withheld: potential mismatch
Rh111,H2S,pbe_d3,SPE,,,,,,,,,,,,,,,,No complete matched component set,false,,0,,withheld: potential mismatch
Rh111,H2S,r2scan,relaxed,,,,,,,,,,,,,,,,No complete matched component set,false,,0,,missing
Rh111,H2S,r2scan,SPE,,,,,,,,,,,,,,,,No complete matched component set,false,,0,,missing
Rh111,H2S,beef_vdw,relaxed,,,,,,,,,,,,,,,,No complete matched component set,false,,0,,withheld: potential mismatch
Rh111,H2S,beef_vdw,SPE,,,,,,,,,,,,,,,,No complete matched component set,false,,0,,withheld: potential mismatch
Rh111,N2,pbe,relaxed,,,,,,,,,,,,,,,,No complete matched component set,false,,0,,withheld: potential mismatch
Rh111,N2,pbe,SPE,,,,,,,,,,,,,,,,No complete matched component set,false,,0,,missing
Rh111,N2,pbe_d3,relaxed,,,,,,,,,,,,,,,,No complete matched component set,false,,0,,withheld: potential mismatch
Rh111,N2,pbe_d3,SPE,,,,,,,,,,,,,,,,No complete matched component set,false,,0,,missing
Rh111,N2,r2scan,relaxed,,,,,,,,,,,,,,,,No complete matched component set,false,,0,,missing
Rh111,N2,r2scan,SPE,,,,,,,,,,,,,,,,No complete matched component set,false,,0,,missing
Rh111,N2,beef_vdw,relaxed,,,,,,,,,,,,,,,,No complete matched component set,false,,0,,withheld: potential mismatch
Rh111,N2,beef_vdw,SPE,,,,,,,,,,,,,,,,No complete matched component set,false,,0,,missing
Rh111,NH3,pbe,relaxed,,,,,,,,,,,,,,,,No complete matched component set,false,,0,,withheld: potential mismatch
Rh111,NH3,pbe,SPE,,,,,,,,,,,,,,,,No complete matched component set,false,,0,,missing
Rh111,NH3,pbe_d3,relaxed,,,,,,,,,,,,,,,,No complete matched component set,false,,0,,withheld: potential mismatch
Rh111,NH3,pbe_d3,SPE,,,,,,,,,,,,,,,,No complete matched component set,false,,0,,missing
Rh111,NH3,r2scan,relaxed,,,,,,,,,,,,,,,,No complete matched component set,false,,0,,missing
Rh111,NH3,r2scan,SPE,,,,,,,,,,,,,,,,No complete matched component set,false,,0,,missing
Rh111,NH3,beef_vdw,relaxed,,,,,,,,,,,,,,,,No complete matched component set,false,,0,,withheld: potential mismatch
Rh111,NH3,beef_vdw,SPE,,,,,,,,,,,,,,,,No complete matched component set,false,,0,,missing
Rh111,NO,pbe,relaxed,,,,,,,,,,,,,,,,No complete matched component set,false,,0,,withheld: potential mismatch
Rh111,NO,pbe,SPE,,,,,,,,,,,,,,,,No complete matched component set,false,,0,,missing
Rh111,NO,pbe_d3,relaxed,,,,,,,,,,,,,,,,No complete matched component set,false,,0,,withheld: potential mismatch
Rh111,NO,pbe_d3,SPE,,,,,,,,,,,,,,,,No complete matched component set,false,,0,,missing
Rh111,NO,r2scan,relaxed,,,,,,,,,,,,,,,,No complete matched component set,false,,0,,missing
Rh111,NO,r2scan,SPE,,,,,,,,,,,,,,,,No complete matched component set,false,,0,,missing
Rh111,NO,beef_vdw,relaxed,,,,,,,,,,,,,,,,No complete matched component set,false,,0,,withheld: potential mismatch
Rh111,NO,beef_vdw,SPE,,,,,,,,,,,,,,,,No complete matched component set,false,,0,,missing
Rh111,SO2,pbe,relaxed,,,,,,,,,,,,,,,,No complete matched component set,false,,0,,withheld: potential mismatch
Rh111,SO2,pbe,SPE,,,,,,,,,,,,,,,,No complete matched component set,false,,0,,missing
Rh111,SO2,pbe_d3,relaxed,,,,,,,,,,,,,,,,No complete matched component set,false,,0,,withheld: potential mismatch
Rh111,SO2,pbe_d3,SPE,,,,,,,,,,,,,,,,No complete matched component set,false,,0,,missing
Rh111,SO2,r2scan,relaxed,,,,,,,,,,,,,,,,No complete matched component set,false,,0,,missing
Rh111,SO2,r2scan,SPE,,,,,,,,,,,,,,,,No complete matched component set,false,,0,,missing
Rh111,SO2,beef_vdw,relaxed,,,,,,,,,,,,,,,,No complete matched component set,false,,0,,withheld: potential mismatch
Rh111,SO2,beef_vdw,SPE,,,,,,,,,,,,,,,,No complete matched component set,false,,0,,missing
Rh111,acetaldehyde,pbe,relaxed,,,,,,,,,,,,,,,,No complete matched component set,false,,0,,withheld: potential mismatch
Rh111,acetaldehyde,pbe,SPE,,,,,,,,,,,,,,,,No complete matched component set,false,,0,,withheld: potential mismatch
Rh111,acetaldehyde,pbe_d3,relaxed,,,,,,,,,,,,,,,,No complete matched component set,false,,0,,withheld: potential mismatch
Rh111,acetaldehyde,pbe_d3,SPE,,,,,,,,,,,,,,,,No complete matched component set,false,,0,,withheld: potential mismatch
Rh111,acetaldehyde,r2scan,relaxed,,,,,,,,,,,,,,,,No complete matched component set,false,,0,,withheld: refs unverified
Rh111,acetaldehyde,r2scan,SPE,,,,,,,,,,,,,,,,No complete matched component set,false,,0,,withheld: potential mismatch
Rh111,acetaldehyde,beef_vdw,relaxed,,,,,,,,,,,,,,,,No complete matched component set,false,,0,,withheld: potential mismatch
Rh111,acetaldehyde,beef_vdw,SPE,,,,,,,,,,,,,,,,No complete matched component set,false,,0,,withheld: potential mismatch
Rh111,acetic_acid,pbe,relaxed,,,,,,,,,,,,,,,,No complete matched component set,false,,0,,missing
Rh111,acetic_acid,pbe,SPE,,,,,,,,,,,,,,,,No complete matched component set,false,,0,,missing
Rh111,acetic_acid,pbe_d3,relaxed,,,,,,,,,,,,,,,,No complete matched component set,false,,0,,missing
Rh111,acetic_acid,pbe_d3,SPE,,,,,,,,,,,,,,,,No complete matched component set,false,,0,,missing
Rh111,acetic_acid,r2scan,relaxed,,,,,,,,,,,,,,,,No complete matched component set,false,,0,,withheld: refs unverified
Rh111,acetic_acid,r2scan,SPE,,,,,,,,,,,,,,,,No complete matched component set,false,,0,,withheld: potential mismatch
Rh111,acetic_acid,beef_vdw,relaxed,,,,,,,,,,,,,,,,No complete matched component set,false,,0,,withheld: potential mismatch
Rh111,acetic_acid,beef_vdw,SPE,,,,,,,,,,,,,,,,No complete matched component set,false,,0,,withheld: potential mismatch
Rh111,ethane,pbe,relaxed,,,,,,,,,,,,,,,,No complete matched component set,false,,0,,withheld: potential mismatch
Rh111,ethane,pbe,SPE,,,,,,,,,,,,,,,,No complete matched component set,false,,0,,withheld: potential mismatch
Rh111,ethane,pbe_d3,relaxed,,,,,,,,,,,,,,,,No complete matched component set,false,,0,,withheld: potential mismatch
Rh111,ethane,pbe_d3,SPE,,,,,,,,,,,,,,,,No complete matched component set,false,,0,,withheld: potential mismatch
Rh111,ethane,r2scan,relaxed,,,,,,,,,,,,,,,,No complete matched component set,false,,0,,withheld: refs unverified
Rh111,ethane,r2scan,SPE,,,,,,,,,,,,,,,,No complete matched component set,false,,0,,withheld: potential mismatch
Rh111,ethane,beef_vdw,relaxed,,,,,,,,,,,,,,,,No complete matched component set,false,,0,,withheld: potential mismatch
Rh111,ethane,beef_vdw,SPE,,,,,,,,,,,,,,,,No complete matched component set,false,,0,,withheld: potential mismatch
Rh111,ethanol,pbe,relaxed,,,,,,,,,,,,,,,,No complete matched component set,false,,0,,withheld: potential mismatch
Rh111,ethanol,pbe,SPE,,,,,,,,,,,,,,,,No complete matched component set,false,,0,,withheld: potential mismatch
Rh111,ethanol,pbe_d3,relaxed,,,,,,,,,,,,,,,,No complete matched component set,false,,0,,withheld: potential mismatch
Rh111,ethanol,pbe_d3,SPE,,,,,,,,,,,,,,,,No complete matched component set,false,,0,,withheld: potential mismatch
Rh111,ethanol,r2scan,relaxed,,,,,,,,,,,,,,,,No complete matched component set,false,,0,,withheld: refs unverified
Rh111,ethanol,r2scan,SPE,,,,,,,,,,,,,,,,No complete matched component set,false,,0,,withheld: potential mismatch
Rh111,ethanol,beef_vdw,relaxed,,,,,,,,,,,,,,,,No complete matched component set,false,,0,,withheld: potential mismatch
Rh111,ethanol,beef_vdw,SPE,,,,,,,,,,,,,,,,No complete matched component set,false,,0,,withheld: potential mismatch
Rh111,ethene,pbe,relaxed,,,,,,,,,,,,,,,,No complete matched component set,false,,0,,withheld: potential mismatch
Rh111,ethene,pbe,SPE,,,,,,,,,,,,,,,,No complete matched component set,false,,0,,withheld: potential mismatch
Rh111,ethene,pbe_d3,relaxed,,,,,,,,,,,,,,,,No complete matched component set,false,,0,,withheld: potential mismatch
Rh111,ethene,pbe_d3,SPE,,,,,,,,,,,,,,,,No complete matched component set,false,,0,,withheld: potential mismatch
Rh111,ethene,r2scan,relaxed,,,,,,,,,,,,,,,,No complete matched component set,false,,0,,withheld: refs unverified
Rh111,ethene,r2scan,SPE,,,,,,,,,,,,,,,,No complete matched component set,false,,0,,withheld: potential mismatch
Rh111,ethene,beef_vdw,relaxed,,,,,,,,,,,,,,,,No complete matched component set,false,,0,,withheld: potential mismatch
Rh111,ethene,beef_vdw,SPE,,,,,,,,,,,,,,,,No complete matched component set,false,,0,,withheld: potential mismatch
Rh111,formaldehyde,pbe,relaxed,,,,,,,,,,,,,,,,No complete matched component set,false,,0,,withheld: potential mismatch
Rh111,formaldehyde,pbe,SPE,,,,,,,,,,,,,,,,No complete matched component set,false,,0,,withheld: potential mismatch
Rh111,formaldehyde,pbe_d3,relaxed,,,,,,,,,,,,,,,,No complete matched component set,false,,0,,withheld: potential mismatch
Rh111,formaldehyde,pbe_d3,SPE,,,,,,,,,,,,,,,,No complete matched component set,false,,0,,withheld: potential mismatch
Rh111,formaldehyde,r2scan,relaxed,,,,,,,,,,,,,,,,No complete matched component set,false,,0,,missing
Rh111,formaldehyde,r2scan,SPE,,,,,,,,,,,,,,,,No complete matched component set,false,,0,,withheld: potential mismatch
Rh111,formaldehyde,beef_vdw,relaxed,,,,,,,,,,,,,,,,No complete matched component set,false,,0,,withheld: potential mismatch
Rh111,formaldehyde,beef_vdw,SPE,,,,,,,,,,,,,,,,No complete matched component set,false,,0,,withheld: potential mismatch
Rh111,formic_acid,pbe,relaxed,,,,,,,,,,,,,,,,No complete matched component set,false,,0,,withheld: potential mismatch
Rh111,formic_acid,pbe,SPE,,,,,,,,,,,,,,,,No complete matched component set,false,,0,,missing
Rh111,formic_acid,pbe_d3,relaxed,,,,,,,,,,,,,,,,No complete matched component set,false,,0,,withheld: potential mismatch
Rh111,formic_acid,pbe_d3,SPE,,,,,,,,,,,,,,,,No complete matched component set,false,,0,,missing
Rh111,formic_acid,r2scan,relaxed,,,,,,,,,,,,,,,,No complete matched component set,false,,0,,missing
Rh111,formic_acid,r2scan,SPE,,,,,,,,,,,,,,,,No complete matched component set,false,,0,,missing
Rh111,formic_acid,beef_vdw,relaxed,,,,,,,,,,,,,,,,No complete matched component set,false,,0,,withheld: potential mismatch
Rh111,formic_acid,beef_vdw,SPE,,,,,,,,,,,,,,,,No complete matched component set,false,,0,,missing
Rh111,methane,pbe,relaxed,,,,,,,,,,,,,,,,No complete matched component set,false,,0,,withheld: potential mismatch
Rh111,methane,pbe,SPE,,,,,,,,,,,,,,,,No complete matched component set,false,,0,,withheld: potential mismatch
Rh111,methane,pbe_d3,relaxed,,,,,,,,,,,,,,,,No complete matched component set,false,,0,,withheld: potential mismatch
Rh111,methane,pbe_d3,SPE,,,,,,,,,,,,,,,,No complete matched component set,false,,0,,withheld: potential mismatch
Rh111,methane,r2scan,relaxed,,,,,,,,,,,,,,,,No complete matched component set,false,,0,,missing
Rh111,methane,r2scan,SPE,,,,,,,,,,,,,,,,No complete matched component set,false,,0,,withheld: potential mismatch
Rh111,methane,beef_vdw,relaxed,,,,,,,,,,,,,,,,No complete matched component set,false,,0,,withheld: potential mismatch
Rh111,methane,beef_vdw,SPE,,,,,,,,,,,,,,,,No complete matched component set,false,,0,,withheld: potential mismatch
