surface,molecule,functional,system,site,retry,status,note,E_ads_SPE,complex_directory,complex_NSW,slab_directory,molecule_directory,E_complex,E_slab_relaxed,E_molecule_relaxed,slab_NSW,molecule_NSW,complex_status,poscar_sha256,selected
Ag100,CO2,beef_vdw,CO2_Ag100,,false,ok,NSW=0 complex; converged relaxed references; matching composition,-0.15433353,/pscratch/sd/j/jcho5/VASP/dft_jobs/CO2_Ag100/singlepoint/beef_vdw,0,/pscratch/sd/j/jcho5/VASP/completion_runs/matched_potential_slabs_20260915/slab/Ag100_bdf57ab72d/beef_vdw,/pscratch/sd/j/jcho5/VASP/vasp_mol/CO2/beef_vdw,42.21929028,60.29424863,-17.92062482,500,500,converged,d770885c8ebd7c07083d85e6face9d8f0d0038139013be28789d95620b1a4268,true
Ag100,CO2,pbe,CO2_Ag100,,false,ok,NSW=0 complex; converged relaxed references; matching composition,-0.01743287,/pscratch/sd/j/jcho5/VASP/dft_jobs/CO2_Ag100/singlepoint/PBE,0,/pscratch/sd/j/jcho5/VASP/completion_runs/matched_potential_slabs_20260915/slab/Ag100_03d62237d7/pbe,/pscratch/sd/j/jcho5/VASP/vasp_mol/CO2/PBE,-183.16623831,-160.18861022,-22.96019522,500,500,converged,d770885c8ebd7c07083d85e6face9d8f0d0038139013be28789d95620b1a4268,true
Ag100,CO2,r2scan,CO2_Ag100,,false,ok,NSW=0 complex; converged relaxed references; matching composition,0.12299383,/pscratch/sd/j/jcho5/VASP/dft_jobs/CO2_Ag100/singlepoint/r2scan,0,/pscratch/sd/j/jcho5/VASP/completion_runs/matched_potential_slabs_20260915/slab/Ag100_40d6d8753e/r2scan,/pscratch/sd/j/jcho5/VASP/vasp_mol/CO2/r2scan,-1375.59643375,-1350.1504287,-25.56899888,500,500,converged,d770885c8ebd7c07083d85e6face9d8f0d0038139013be28789d95620b1a4268,true
Ag100,ethane,beef_vdw,C2H6_Ag100,,false,ok,NSW=0 complex; converged relaxed references; matching composition,-0.1887731,/pscratch/sd/j/jcho5/VASP/dft_jobs/C2H6_Ag100/singlepoint/beef_vdw,0,/pscratch/sd/j/jcho5/VASP/completion_runs/matched_potential_slabs_20260915/slab/Ag100_bdf57ab72d/beef_vdw,/pscratch/sd/j/jcho5/VASP/vasp_mol/C2H6/beef_vdw,21.87624489,60.29424863,-38.22923064,500,500,converged,811ce0c8d761798414962660f2e6fe30a9056968a460457d4e549fe913ac085c,true
Ag100,ethane,pbe,C2H6_Ag100,,false,ok,NSW=0 complex; converged relaxed references; matching composition,-0.02127531,/pscratch/sd/j/jcho5/VASP/dft_jobs/C2H6_Ag100/singlepoint/PBE,0,/pscratch/sd/j/jcho5/VASP/completion_runs/matched_potential_slabs_20260915/slab/Ag100_03d62237d7/pbe,/pscratch/sd/j/jcho5/VASP/vasp_mol/C2H6/PBE,-200.70950232,-160.18861022,-40.49961679,500,500,converged,811ce0c8d761798414962660f2e6fe30a9056968a460457d4e549fe913ac085c,true
Ag100,ethane,pbe_d3,C2H6_Ag100,,false,ok,NSW=0 complex; converged relaxed references; matching composition,-0.00686176,/pscratch/sd/j/jcho5/VASP/dft_jobs/C2H6_Ag100/singlepoint/PBE_D3,0,/pscratch/sd/j/jcho5/VASP/completion_runs/matched_potential_slabs_20260915/slab/Ag100_ea6fd71f0d/pbe_d3,/pscratch/sd/j/jcho5/VASP/vasp_mol/C2H6/PBE_D3,-222.64857263,-182.11563628,-40.52607459,500,500,converged,811ce0c8d761798414962660f2e6fe30a9056968a460457d4e549fe913ac085c,true
Ag100,ethane,r2scan,C2H6_Ag100,,false,ok,NSW=0 complex; converged relaxed references; matching composition,0.12967229,/pscratch/sd/j/jcho5/VASP/dft_jobs/C2H6_Ag100/singlepoint/r2scan,0,/pscratch/sd/j/jcho5/VASP/completion_runs/matched_potential_slabs_20260915/slab/Ag100_40d6d8753e/r2scan,/pscratch/sd/j/jcho5/VASP/vasp_mol/C2H6/r2scan,-1392.27645224,-1350.1504287,-42.25569583,500,500,converged,811ce0c8d761798414962660f2e6fe30a9056968a460457d4e549fe913ac085c,true
Ag100,ethanol,beef_vdw,CH3CH2OH_Ag100,,false,ok,NSW=0 complex; converged relaxed references; matching composition,-0.35173024,/pscratch/sd/j/jcho5/VASP/dft_jobs/CH3CH2OH_Ag100/singlepoint/beef_vdw,0,/pscratch/sd/j/jcho5/VASP/completion_runs/matched_potential_slabs_20260915/slab/Ag100_bdf57ab72d/beef_vdw,/pscratch/sd/j/jcho5/VASP/vasp_mol/CH3CH2OH/beef_vdw,17.19230291,60.29424863,-42.75021548,500,500,converged,f06370928a307e4abfaf19c291ebeb6565deba40a7122469b849f497c7d29620,true
Ag100,ethanol,pbe,CH3CH2OH_Ag100,,false,ok,NSW=0 complex; converged relaxed references; matching composition,-0.15028345,/pscratch/sd/j/jcho5/VASP/dft_jobs/CH3CH2OH_Ag100/singlepoint/PBE,0,/pscratch/sd/j/jcho5/VASP/completion_runs/matched_potential_slabs_20260915/slab/Ag100_03d62237d7/pbe,/pscratch/sd/j/jcho5/VASP/vasp_mol/CH3CH2OH/PBE,-207.21475608,-160.18861022,-46.87586241,500,500,converged,f06370928a307e4abfaf19c291ebeb6565deba40a7122469b849f497c7d29620,true
Ag100,ethanol,pbe_d3,CH3CH2OH_Ag100,,false,ok,NSW=0 complex; converged relaxed references; matching composition,-0.2241116,/pscratch/sd/j/jcho5/VASP/dft_jobs/CH3CH2OH_Ag100/singlepoint/PBE_D3,0,/pscratch/sd/j/jcho5/VASP/completion_runs/matched_potential_slabs_20260915/slab/Ag100_ea6fd71f0d/pbe_d3,/pscratch/sd/j/jcho5/VASP/vasp_mol/CH3CH2OH/PBE_D3,-229.26271216,-182.11563628,-46.92296428,500,500,converged,f06370928a307e4abfaf19c291ebeb6565deba40a7122469b849f497c7d29620,true
Ag100,ethanol,r2scan,CH3CH2OH_Ag100,,false,ok,NSW=0 complex; converged relaxed references; matching composition,-0.08762786,/pscratch/sd/j/jcho5/VASP/dft_jobs/CH3CH2OH_Ag100/singlepoint/r2scan,0,/pscratch/sd/j/jcho5/VASP/completion_runs/matched_potential_slabs_20260915/slab/Ag100_40d6d8753e/r2scan,/pscratch/sd/j/jcho5/VASP/vasp_mol/CH3CH2OH/r2scan,-1399.87764914,-1350.1504287,-49.63959258,500,500,converged,f06370928a307e4abfaf19c291ebeb6565deba40a7122469b849f497c7d29620,true
Ag110,ethanol,beef_vdw,CH3CH2OH_Ag110,,false,ok,NSW=0 complex; converged relaxed references; matching composition,-0.36685688,/pscratch/sd/j/jcho5/VASP/dft_jobs/CH3CH2OH_Ag110/singlepoint/beef_vdw,0,/pscratch/sd/j/jcho5/VASP/completion_runs/matched_potential_slabs_20260915/slab/Ag110_9a26dc65ff/beef_vdw,/pscratch/sd/j/jcho5/VASP/vasp_mol/CH3CH2OH/beef_vdw,24.95580904,68.0728814,-42.75021548,500,500,converged,77bda89842627efa0f4523748924a37738a2d4e1f07d28958a7c326f531a167f,true
Ag110,ethanol,pbe,CH3CH2OH_Ag110,,false,ok,NSW=0 complex; converged relaxed references; matching composition,-0.22400518,/pscratch/sd/j/jcho5/VASP/dft_jobs/CH3CH2OH_Ag110/singlepoint/PBE,0,/pscratch/sd/j/jcho5/VASP/completion_runs/matched_potential_slabs_20260915/slab/Ag110_ae1f44758e/pbe,/pscratch/sd/j/jcho5/VASP/vasp_mol/CH3CH2OH/PBE,-199.94959047,-152.84972288,-46.87586241,500,500,converged,77bda89842627efa0f4523748924a37738a2d4e1f07d28958a7c326f531a167f,true
Ag110,ethanol,pbe_d3,CH3CH2OH_Ag110,,false,ok,NSW=0 complex; converged relaxed references; matching composition,-0.4672162,/pscratch/sd/j/jcho5/VASP/dft_jobs/CH3CH2OH_Ag110/singlepoint/PBE_D3,0,/pscratch/sd/j/jcho5/VASP/completion_runs/matched_potential_slabs_20260915/slab/Ag110_9d6c0fe500/pbe_d3,/pscratch/sd/j/jcho5/VASP/vasp_mol/CH3CH2OH/PBE_D3,-218.21626195,-170.82608147,-46.92296428,500,500,converged,77bda89842627efa0f4523748924a37738a2d4e1f07d28958a7c326f531a167f,true
Ag111,CH3,beef_vdw,CH3_Ag111,,false,ok,NSW=0 complex; converged relaxed references; matching composition,-0.83249641,/pscratch/sd/j/jcho5/VASP/dft_jobs/CH3_Ag111/singlepoint/beef_vdw,0,/pscratch/sd/j/jcho5/VASP/completion_runs/matched_potential_slabs_20260915/slab/Ag111_35207ad13f/beef_vdw,/pscratch/sd/j/jcho5/VASP/vasp_mol/CH3/beef_vdw,14.04365325,31.99373684,-17.11758718,500,500,converged,e25214c2ccd481f9fce9c7bc437789de71c66cf7c040874cde14aac94180ac75,true
Ag111,CH3,pbe,CH3_Ag111,,false,ok,NSW=0 complex; converged relaxed references; matching composition,-0.75854395,/pscratch/sd/j/jcho5/VASP/dft_jobs/CH3_Ag111/singlepoint/PBE,0,/pscratch/sd/j/jcho5/VASP/completion_runs/matched_potential_slabs_20260915/slab/Ag111_61964c781c/pbe,/pscratch/sd/j/jcho5/VASP/vasp_mol/CH3/PBE,-111.2024311,-92.25124769,-18.19263946,500,500,converged,e25214c2ccd481f9fce9c7bc437789de71c66cf7c040874cde14aac94180ac75,true
Ag111,CH3,pbe_d3,CH3_Ag111,,false,ok,NSW=0 complex; converged relaxed references; matching composition,-0.86271422,/pscratch/sd/j/jcho5/VASP/dft_jobs/CH3_Ag111/singlepoint/PBE_D3,0,/pscratch/sd/j/jcho5/VASP/completion_runs/matched_potential_slabs_20260915/slab/Ag111_71d4cd48c4/pbe_d3,/pscratch/sd/j/jcho5/VASP/vasp_mol/CH3/PBE_D3,-124.2837817,-105.22691834,-18.19414914,500,500,converged,e25214c2ccd481f9fce9c7bc437789de71c66cf7c040874cde14aac94180ac75,true
Ag111,CH3,r2scan,CH3_Ag111,,false,ok,NSW=0 complex; converged relaxed references; matching composition,-0.60221478,/pscratch/sd/j/jcho5/VASP/dft_jobs/CH3_Ag111/singlepoint/r2scan,0,/pscratch/sd/j/jcho5/VASP/completion_runs/matched_potential_slabs_20260915/slab/Ag111_f9365ca685/r2scan,/pscratch/sd/j/jcho5/VASP/vasp_mol/CH3/r2scan,-781.88013425,-762.04705161,-19.23086786,500,500,converged,e25214c2ccd481f9fce9c7bc437789de71c66cf7c040874cde14aac94180ac75,true
Ag111,CO,beef_vdw,CO_Ag111,,false,ok,NSW=0 complex; converged relaxed references; matching composition,0.15201183,/pscratch/sd/j/jcho5/VASP/dft_jobs/CO_Ag111/singlepoint/beef_vdw,0,/pscratch/sd/j/jcho5/VASP/completion_runs/matched_potential_slabs_20260915/slab/Ag111_35207ad13f/beef_vdw,/pscratch/sd/j/jcho5/VASP/vasp_mol/CO/beef_vdw,20.41257236,31.99373684,-11.73317631,500,500,converged,4b75d1752267e7f4fdb334979d5176371a4c34f6372600fd2116974c188db96b,true
Ag111,CO,pbe,CO_Ag111,,false,ok,NSW=0 complex; converged relaxed references; matching composition,0.12138742,/pscratch/sd/j/jcho5/VASP/dft_jobs/CO_Ag111/singlepoint/PBE,0,/pscratch/sd/j/jcho5/VASP/completion_runs/matched_potential_slabs_20260915/slab/Ag111_61964c781c/pbe,/pscratch/sd/j/jcho5/VASP/vasp_mol/CO/PBE,-106.91024264,-92.25124769,-14.78038237,500,500,converged,4b75d1752267e7f4fdb334979d5176371a4c34f6372600fd2116974c188db96b,true
Ag111,CO,pbe_d3,CO_Ag111,,false,ok,NSW=0 complex; converged relaxed references; matching composition,0.06889426,/pscratch/sd/j/jcho5/VASP/dft_jobs/CO_Ag111/singlepoint/PBE_D3,0,/pscratch/sd/j/jcho5/VASP/completion_runs/matched_potential_slabs_20260915/slab/Ag111_71d4cd48c4/pbe_d3,/pscratch/sd/j/jcho5/VASP/vasp_mol/CO/PBE_D3,-119.93841998,-105.22691834,-14.7803959,500,500,converged,4b75d1752267e7f4fdb334979d5176371a4c34f6372600fd2116974c188db96b,true
Ag111,CO,r2scan,CO_Ag111,,false,ok,NSW=0 complex; converged relaxed references; matching composition,0.19953436,/pscratch/sd/j/jcho5/VASP/dft_jobs/CO_Ag111/singlepoint/r2scan,0,/pscratch/sd/j/jcho5/VASP/completion_runs/matched_potential_slabs_20260915/slab/Ag111_f9365ca685/r2scan,/pscratch/sd/j/jcho5/VASP/vasp_mol/CO/r2scan,-778.32759201,-762.04705161,-16.48007476,500,500,converged,4b75d1752267e7f4fdb334979d5176371a4c34f6372600fd2116974c188db96b,true
Ag111,DME,beef_vdw,CH3OCH3_Ag111,,false,ok,NSW=0 complex; converged relaxed references; matching composition,-0.34510285,/pscratch/sd/j/jcho5/VASP/dft_jobs/CH3OCH3_Ag111/singlepoint/beef_vdw,0,/pscratch/sd/j/jcho5/VASP/completion_runs/matched_potential_slabs_20260915/slab/Ag111_35207ad13f/beef_vdw,/pscratch/sd/j/jcho5/VASP/vasp_mol/CH3OCH3/beef_vdw,-10.6444953,31.99373684,-42.29312929,500,500,converged,43a8a689db50587a08cdecc9f8e33bd31a754112fdc533b23d16836213d6b1b0,true
Ag111,DME,pbe,CH3OCH3_Ag111,,false,ok,NSW=0 complex; converged relaxed references; matching composition,-0.0169844,/pscratch/sd/j/jcho5/VASP/dft_jobs/CH3OCH3_Ag111/singlepoint/PBE,0,/pscratch/sd/j/jcho5/VASP/completion_runs/matched_potential_slabs_20260915/slab/Ag111_61964c781c/pbe,/pscratch/sd/j/jcho5/VASP/completion_runs/dme_references_davidson_20260915/molecule/DME/PBE,-138.64591398,-92.25124769,-46.37768189,500,500,converged,43a8a689db50587a08cdecc9f8e33bd31a754112fdc533b23d16836213d6b1b0,true
Ag111,DME,pbe_d3,CH3OCH3_Ag111,,false,ok,NSW=0 complex; converged relaxed references; matching composition,-0.08376782,/pscratch/sd/j/jcho5/VASP/dft_jobs/CH3OCH3_Ag111/singlepoint/PBE_D3,0,/pscratch/sd/j/jcho5/VASP/completion_runs/matched_potential_slabs_20260915/slab/Ag111_71d4cd48c4/pbe_d3,/pscratch/sd/j/jcho5/VASP/completion_runs/dme_references_davidson_20260915/molecule/DME/PBE_D3,-151.73420478,-105.22691834,-46.42351862,500,500,converged,43a8a689db50587a08cdecc9f8e33bd31a754112fdc533b23d16836213d6b1b0,true
Ag111,DME,r2scan,CH3OCH3_Ag111,,false,ok,NSW=0 complex; converged relaxed references; matching composition,0.06449857,/pscratch/sd/j/jcho5/VASP/dft_jobs/CH3OCH3_Ag111/singlepoint/r2scan,0,/pscratch/sd/j/jcho5/VASP/completion_runs/matched_potential_slabs_20260915/slab/Ag111_f9365ca685/r2scan,/pscratch/sd/j/jcho5/VASP/vasp_mol/CH3OCH3/r2scan,-811.12314231,-762.04705161,-49.14058927,500,500,converged,43a8a689db50587a08cdecc9f8e33bd31a754112fdc533b23d16836213d6b1b0,true
Ag111,H2O,beef_vdw,H2O_Ag111,,false,ok,NSW=0 complex; converged relaxed references; matching composition,-0.20230538,/pscratch/sd/j/jcho5/VASP/dft_jobs/H2O_Ag111/singlepoint/beef_vdw,0,/pscratch/sd/j/jcho5/VASP/completion_runs/matched_potential_slabs_20260915/slab/Ag111_35207ad13f/beef_vdw,/pscratch/sd/j/jcho5/VASP/vasp_mol/H2O/beef_vdw,19.28811465,31.99373684,-12.50331681,500,500,converged,8055779aa39d283cd2c747c6a722ffd99f904dea610528928d60d28e15340cfe,true
Ag111,H2O,pbe,H2O_Ag111,,false,ok,NSW=0 complex; converged relaxed references; matching composition,-0.0533727,/pscratch/sd/j/jcho5/VASP/dft_jobs/H2O_Ag111/singlepoint/PBE,0,/pscratch/sd/j/jcho5/VASP/completion_runs/matched_potential_slabs_20260915/slab/Ag111_61964c781c/pbe,/pscratch/sd/j/jcho5/VASP/vasp_mol/H2O/PBE,-106.52239556,-92.25124769,-14.21777517,500,500,converged,8055779aa39d283cd2c747c6a722ffd99f904dea610528928d60d28e15340cfe,true
Ag111,H2O,pbe_d3,H2O_Ag111,,false,ok,NSW=0 complex; converged relaxed references; matching composition,-0.05343391,/pscratch/sd/j/jcho5/VASP/dft_jobs/H2O_Ag111/singlepoint/PBE_D3,0,/pscratch/sd/j/jcho5/VASP/completion_runs/matched_potential_slabs_20260915/slab/Ag111_71d4cd48c4/pbe_d3,/pscratch/sd/j/jcho5/VASP/vasp_mol/H2O/PBE_D3,-119.49824003,-105.22691834,-14.21788778,500,500,converged,8055779aa39d283cd2c747c6a722ffd99f904dea610528928d60d28e15340cfe,true
Ag111,H2O,r2scan,H2O_Ag111,,false,ok,NSW=0 complex; converged relaxed references; matching composition,0.01589815,/pscratch/sd/j/jcho5/VASP/dft_jobs/H2O_Ag111/singlepoint/r2scan,0,/pscratch/sd/j/jcho5/VASP/completion_runs/matched_potential_slabs_20260915/slab/Ag111_f9365ca685/r2scan,/pscratch/sd/j/jcho5/VASP/vasp_mol/H2O/r2scan,-777.36357286,-762.04705161,-15.3324194,500,500,converged,8055779aa39d283cd2c747c6a722ffd99f904dea610528928d60d28e15340cfe,true
Ag111,H2S,beef_vdw,H2S_Ag111,,false,ok,NSW=0 complex; converged relaxed references; matching composition,-0.25993242,/pscratch/sd/j/jcho5/VASP/dft_jobs/H2S_Ag111/singlepoint/beef_vdw,0,/pscratch/sd/j/jcho5/VASP/completion_runs/matched_potential_slabs_20260915/slab/Ag111_35207ad13f/beef_vdw,/pscratch/sd/j/jcho5/VASP/vasp_mol/H2S/beef_vdw,22.11962817,31.99373684,-9.61417625,500,500,converged,33ff2e2a4e90c5acb6757bec028b0984510f2187ed8a72ded410314bcab09c76,true
Ag111,H2S,pbe,H2S_Ag111,,false,ok,NSW=0 complex; converged relaxed references; matching composition,-0.03638793,/pscratch/sd/j/jcho5/VASP/dft_jobs/H2S_Ag111/singlepoint/PBE,0,/pscratch/sd/j/jcho5/VASP/completion_runs/matched_potential_slabs_20260915/slab/Ag111_61964c781c/pbe,/pscratch/sd/j/jcho5/VASP/vasp_mol/H2S/PBE,-103.48673031,-92.25124769,-11.19909469,500,500,converged,33ff2e2a4e90c5acb6757bec028b0984510f2187ed8a72ded410314bcab09c76,true
Ag111,H2S,pbe_d3,H2S_Ag111,,false,ok,NSW=0 complex; converged relaxed references; matching composition,-0.16495791,/pscratch/sd/j/jcho5/VASP/dft_jobs/H2S_Ag111/singlepoint/PBE_D3,0,/pscratch/sd/j/jcho5/VASP/completion_runs/matched_potential_slabs_20260915/slab/Ag111_71d4cd48c4/pbe_d3,/pscratch/sd/j/jcho5/VASP/vasp_mol/H2S/PBE_D3,-116.59164276,-105.22691834,-11.19976651,500,500,converged,33ff2e2a4e90c5acb6757bec028b0984510f2187ed8a72ded410314bcab09c76,true
Ag111,H2S,r2scan,H2S_Ag111,,false,ok,NSW=0 complex; converged relaxed references; matching composition,0.004143,/pscratch/sd/j/jcho5/VASP/dft_jobs/H2S_Ag111/singlepoint/r2scan,0,/pscratch/sd/j/jcho5/VASP/completion_runs/matched_potential_slabs_20260915/slab/Ag111_f9365ca685/r2scan,/pscratch/sd/j/jcho5/VASP/vasp_mol/H2S/r2scan,-777.26905971,-762.04705161,-15.2261511,500,500,converged,33ff2e2a4e90c5acb6757bec028b0984510f2187ed8a72ded410314bcab09c76,true
Ag111,N2,beef_vdw,N2_Ag111,,false,ok,NSW=0 complex; converged relaxed references; matching composition,-0.11132013,/pscratch/sd/j/jcho5/VASP/dft_jobs/N2_Ag111/singlepoint/beef_vdw,0,/pscratch/sd/j/jcho5/VASP/completion_runs/matched_potential_slabs_20260915/slab/Ag111_35207ad13f/beef_vdw,/pscratch/sd/j/jcho5/VASP/vasp_mol/N2/beef_vdw,18.31908926,31.99373684,-13.56332745,500,500,converged,4a8ed7d5573ef9d725af31da94590bf4ddaf27d8031ed11113f3feb567b21aac,true
Ag111,N2,pbe,N2_Ag111,,false,ok,NSW=0 complex; converged relaxed references; matching composition,0.02775773,/pscratch/sd/j/jcho5/VASP/dft_jobs/N2_Ag111/singlepoint/PBE,0,/pscratch/sd/j/jcho5/VASP/completion_runs/matched_potential_slabs_20260915/slab/Ag111_61964c781c/pbe,/pscratch/sd/j/jcho5/VASP/vasp_mol/N2/PBE,-108.85151487,-92.25124769,-16.62802491,500,500,converged,4a8ed7d5573ef9d725af31da94590bf4ddaf27d8031ed11113f3feb567b21aac,true
Ag111,N2,pbe_d3,N2_Ag111,,false,ok,NSW=0 complex; converged relaxed references; matching composition,0.12747936,/pscratch/sd/j/jcho5/VASP/dft_jobs/N2_Ag111/singlepoint/PBE_D3,0,/pscratch/sd/j/jcho5/VASP/completion_runs/matched_potential_slabs_20260915/slab/Ag111_71d4cd48c4/pbe_d3,/pscratch/sd/j/jcho5/VASP/vasp_mol/N2/PBE_D3,-121.72747248,-105.22691834,-16.6280335,500,500,converged,4a8ed7d5573ef9d725af31da94590bf4ddaf27d8031ed11113f3feb567b21aac,true
Ag111,N2,r2scan,N2_Ag111,,false,ok,NSW=0 complex; converged relaxed references; matching composition,0.1582401,/pscratch/sd/j/jcho5/VASP/dft_jobs/N2_Ag111/singlepoint/r2scan,0,/pscratch/sd/j/jcho5/VASP/completion_runs/matched_potential_slabs_20260915/slab/Ag111_f9365ca685/r2scan,/pscratch/sd/j/jcho5/VASP/vasp_mol/N2/r2scan,-780.08300547,-762.04705161,-18.19419396,500,500,converged,4a8ed7d5573ef9d725af31da94590bf4ddaf27d8031ed11113f3feb567b21aac,true
Ag111,NH3,beef_vdw,NH3_Ag111,,false,ok,NSW=0 complex; converged relaxed references; matching composition,-0.41673043,/pscratch/sd/j/jcho5/VASP/dft_jobs/NH3_Ag111/singlepoint/beef_vdw,0,/pscratch/sd/j/jcho5/VASP/completion_runs/matched_potential_slabs_20260915/slab/Ag111_35207ad13f/beef_vdw,/pscratch/sd/j/jcho5/VASP/vasp_mol/NH3/beef_vdw,13.43952899,31.99373684,-18.13747742,500,500,converged,70d0bbbd8892861b3a0ba4b17b4388327eb6aaf82552b84af94b2fd388058c3e,true
Ag111,NH3,pbe,NH3_Ag111,,false,ok,NSW=0 complex; converged relaxed references; matching composition,-0.24937706,/pscratch/sd/j/jcho5/VASP/dft_jobs/NH3_Ag111/singlepoint/PBE,0,/pscratch/sd/j/jcho5/VASP/completion_runs/matched_potential_slabs_20260915/slab/Ag111_61964c781c/pbe,/pscratch/sd/j/jcho5/VASP/vasp_mol/NH3/PBE,-112.03582575,-92.25124769,-19.535201,500,500,converged,70d0bbbd8892861b3a0ba4b17b4388327eb6aaf82552b84af94b2fd388058c3e,true
Ag111,NH3,pbe_d3,NH3_Ag111,,false,ok,NSW=0 complex; converged relaxed references; matching composition,-0.29839885,/pscratch/sd/j/jcho5/VASP/dft_jobs/NH3_Ag111/singlepoint/PBE_D3,0,/pscratch/sd/j/jcho5/VASP/completion_runs/matched_potential_slabs_20260915/slab/Ag111_71d4cd48c4/pbe_d3,/pscratch/sd/j/jcho5/VASP/vasp_mol/NH3/PBE_D3,-125.06102034,-105.22691834,-19.53570315,500,500,converged,70d0bbbd8892861b3a0ba4b17b4388327eb6aaf82552b84af94b2fd388058c3e,true
Ag111,NH3,r2scan,NH3_Ag111,,false,ok,NSW=0 complex; converged relaxed references; matching composition,-0.22614704,/pscratch/sd/j/jcho5/VASP/dft_jobs/NH3_Ag111/singlepoint/r2scan,0,/pscratch/sd/j/jcho5/VASP/completion_runs/matched_potential_slabs_20260915/slab/Ag111_f9365ca685/r2scan,/pscratch/sd/j/jcho5/VASP/vasp_mol/NH3/r2scan,-782.79154599,-762.04705161,-20.51834734,500,500,converged,70d0bbbd8892861b3a0ba4b17b4388327eb6aaf82552b84af94b2fd388058c3e,true
Ag111,NO,pbe,NO_Ag111,,false,ok,NSW=0 complex; converged relaxed references; matching composition,-0.49493075,/pscratch/sd/j/jcho5/VASP/dft_jobs/NO_Ag111/singlepoint/PBE,0,/pscratch/sd/j/jcho5/VASP/completion_runs/matched_potential_slabs_20260915/slab/Ag111_61964c781c/pbe,/pscratch/sd/j/jcho5/VASP/vasp_mol/NO/PBE,-104.69235229,-92.25124769,-11.94617385,500,500,converged,218566367b667ae56d07b6d1d82ff65397525652bb49d8e31640b275466a19c4,true
Ag111,NO,pbe_d3,NO_Ag111,,false,ok,NSW=0 complex; converged relaxed references; matching composition,-0.56797797,/pscratch/sd/j/jcho5/VASP/dft_jobs/NO_Ag111/singlepoint/PBE_D3,0,/pscratch/sd/j/jcho5/VASP/completion_runs/matched_potential_slabs_20260915/slab/Ag111_71d4cd48c4/pbe_d3,/pscratch/sd/j/jcho5/VASP/vasp_mol/NO/PBE_D3,-117.74108565,-105.22691834,-11.94618934,500,500,converged,218566367b667ae56d07b6d1d82ff65397525652bb49d8e31640b275466a19c4,true
Ag111,SO2,beef_vdw,SO2_Ag111,,false,ok,NSW=0 complex; converged relaxed references; matching composition,-0.36310415,/pscratch/sd/j/jcho5/VASP/dft_jobs/SO2_Ag111/singlepoint/beef_vdw,0,/pscratch/sd/j/jcho5/VASP/completion_runs/matched_potential_slabs_20260915/slab/Ag111_35207ad13f/beef_vdw,/pscratch/sd/j/jcho5/VASP/vasp_mol/SO2/beef_vdw,19.95977263,31.99373684,-11.67086006,500,500,converged,102e6430882dc1f1c72b73b36db22982f4d28b12bfd4498d259d1e08a0d5f0a2,true
Ag111,SO2,pbe,SO2_Ag111,,false,ok,NSW=0 complex; converged relaxed references; matching composition,-0.00361,/pscratch/sd/j/jcho5/VASP/dft_jobs/SO2_Ag111/singlepoint/PBE,0,/pscratch/sd/j/jcho5/VASP/completion_runs/matched_potential_slabs_20260915/slab/Ag111_61964c781c/pbe,/pscratch/sd/j/jcho5/VASP/vasp_mol/SO2/PBE,-109.29630564,-92.25124769,-17.04144795,500,500,converged,102e6430882dc1f1c72b73b36db22982f4d28b12bfd4498d259d1e08a0d5f0a2,true
Ag111,SO2,pbe_d3,SO2_Ag111,,false,ok,NSW=0 complex; converged relaxed references; matching composition,-0.27178303,/pscratch/sd/j/jcho5/VASP/dft_jobs/SO2_Ag111/singlepoint/PBE_D3,0,/pscratch/sd/j/jcho5/VASP/completion_runs/matched_potential_slabs_20260915/slab/Ag111_71d4cd48c4/pbe_d3,/pscratch/sd/j/jcho5/VASP/vasp_mol/SO2/PBE_D3,-122.54379301,-105.22691834,-17.04509164,500,500,converged,102e6430882dc1f1c72b73b36db22982f4d28b12bfd4498d259d1e08a0d5f0a2,true
Ag111,SO2,r2scan,SO2_Ag111,,false,ok,NSW=0 complex; converged relaxed references; matching composition,-0.07029532,/pscratch/sd/j/jcho5/VASP/dft_jobs/SO2_Ag111/singlepoint/r2scan,0,/pscratch/sd/j/jcho5/VASP/completion_runs/matched_potential_slabs_20260915/slab/Ag111_f9365ca685/r2scan,/pscratch/sd/j/jcho5/VASP/vasp_mol/SO2/r2scan,-784.9779159,-762.04705161,-22.86056897,500,500,converged,102e6430882dc1f1c72b73b36db22982f4d28b12bfd4498d259d1e08a0d5f0a2,true
Ag111,acetaldehyde,beef_vdw,CH3CHO_Ag111,,false,ok,NSW=0 complex; converged relaxed references; matching composition,-0.28075407,/pscratch/sd/j/jcho5/VASP/dft_jobs/CH3CHO_Ag111/singlepoint/beef_vdw,0,/pscratch/sd/j/jcho5/VASP/completion_runs/matched_potential_slabs_20260915/slab/Ag111_35207ad13f/beef_vdw,/pscratch/sd/j/jcho5/VASP/vasp_mol/CH3CHO/beef_vdw,-3.16054398,31.99373684,-34.87352675,500,500,converged,a38eb7cc898edcecbb8995ce0bea93783cdadd0ae09baec6ef893866dd38a502,true
Ag111,acetaldehyde,pbe,CH3CHO_Ag111,,false,ok,NSW=0 complex; converged relaxed references; matching composition,0.01554086,/pscratch/sd/j/jcho5/VASP/dft_jobs/CH3CHO_Ag111/singlepoint/PBE,0,/pscratch/sd/j/jcho5/VASP/completion_runs/matched_potential_slabs_20260915/slab/Ag111_61964c781c/pbe,/pscratch/sd/j/jcho5/VASP/vasp_mol/CH3CHO/PBE,-131.3451227,-92.25124769,-39.10941587,500,500,converged,a38eb7cc898edcecbb8995ce0bea93783cdadd0ae09baec6ef893866dd38a502,true
Ag111,acetaldehyde,pbe_d3,CH3CHO_Ag111,,false,ok,NSW=0 complex; converged relaxed references; matching composition,-0.07227384,/pscratch/sd/j/jcho5/VASP/dft_jobs/CH3CHO_Ag111/singlepoint/PBE_D3,0,/pscratch/sd/j/jcho5/VASP/completion_runs/matched_potential_slabs_20260915/slab/Ag111_71d4cd48c4/pbe_d3,/pscratch/sd/j/jcho5/VASP/vasp_mol/CH3CHO/PBE_D3,-144.43745718,-105.22691834,-39.138265,500,500,converged,a38eb7cc898edcecbb8995ce0bea93783cdadd0ae09baec6ef893866dd38a502,true
Ag111,acetaldehyde,r2scan,CH3CHO_Ag111,,false,ok,NSW=0 complex; converged relaxed references; matching composition,0.04165413,/pscratch/sd/j/jcho5/VASP/dft_jobs/CH3CHO_Ag111/singlepoint/r2scan,0,/pscratch/sd/j/jcho5/VASP/completion_runs/matched_potential_slabs_20260915/slab/Ag111_f9365ca685/r2scan,/pscratch/sd/j/jcho5/VASP/vasp_mol/CH3CHO/r2scan,-803.68017845,-762.04705161,-41.67478097,500,500,converged,a38eb7cc898edcecbb8995ce0bea93783cdadd0ae09baec6ef893866dd38a502,true
Ag111,acetic_acid,beef_vdw,CH3COOH_Ag111,,false,ok,NSW=0 complex; converged relaxed references; matching composition,-0.39888864,/pscratch/sd/j/jcho5/VASP/dft_jobs/CH3COOH_Ag111/singlepoint/beef_vdw,0,/pscratch/sd/j/jcho5/VASP/completion_runs/matched_potential_slabs_20260915/slab/Ag111_35207ad13f/beef_vdw,/pscratch/sd/j/jcho5/VASP/vasp_mol/CH3COOH/beef_vdw,-8.9834889,31.99373684,-40.5783371,500,500,converged,c467bf1b416db5993b0093d133b691a6109c915a124295157a863afc71277104,true
Ag111,acetic_acid,r2scan,CH3COOH_Ag111,,false,ok,NSW=0 complex; converged relaxed references; matching composition,-0.10731258,/pscratch/sd/j/jcho5/VASP/dft_jobs/CH3COOH_Ag111/singlepoint/r2scan,0,/pscratch/sd/j/jcho5/VASP/completion_runs/matched_potential_slabs_20260915/slab/Ag111_f9365ca685/r2scan,/pscratch/sd/j/jcho5/VASP/vasp_mol/CH3COOH/r2scan,-812.50486753,-762.04705161,-50.35050334,500,500,converged,c467bf1b416db5993b0093d133b691a6109c915a124295157a863afc71277104,true
Ag111,ethene,beef_vdw,C2H4_Ag111,,false,ok,NSW=0 complex; converged relaxed references; matching composition,-0.28365464,/pscratch/sd/j/jcho5/VASP/dft_jobs/C2H4_Ag111/singlepoint/beef_vdw,0,/pscratch/sd/j/jcho5/VASP/completion_runs/matched_potential_slabs_20260915/slab/Ag111_35207ad13f/beef_vdw,/pscratch/sd/j/jcho5/VASP/vasp_mol/C2H4/beef_vdw,2.12841574,31.99373684,-29.58166646,500,500,converged,488a47d4959b915467636b9469332caacc04380c6d3bf486d9ae17dc9f3d423c,true
Ag111,ethene,pbe,C2H4_Ag111,,false,ok,NSW=0 complex; converged relaxed references; matching composition,0.00239544,/pscratch/sd/j/jcho5/VASP/dft_jobs/C2H4_Ag111/singlepoint/PBE,0,/pscratch/sd/j/jcho5/VASP/completion_runs/matched_potential_slabs_20260915/slab/Ag111_61964c781c/pbe,/pscratch/sd/j/jcho5/VASP/vasp_mol/C2H4/PBE,-124.21949625,-92.25124769,-31.970644,500,500,converged,488a47d4959b915467636b9469332caacc04380c6d3bf486d9ae17dc9f3d423c,true
Ag111,ethene,pbe_d3,C2H4_Ag111,,false,ok,NSW=0 complex; converged relaxed references; matching composition,-0.07525178,/pscratch/sd/j/jcho5/VASP/dft_jobs/C2H4_Ag111/singlepoint/PBE_D3,0,/pscratch/sd/j/jcho5/VASP/completion_runs/matched_potential_slabs_20260915/slab/Ag111_71d4cd48c4/pbe_d3,/pscratch/sd/j/jcho5/VASP/vasp_mol/C2H4/PBE_D3,-137.28535972,-105.22691834,-31.9831896,500,500,converged,488a47d4959b915467636b9469332caacc04380c6d3bf486d9ae17dc9f3d423c,true
Ag111,ethene,r2scan,C2H4_Ag111,,false,ok,NSW=0 complex; converged relaxed references; matching composition,0.06052107,/pscratch/sd/j/jcho5/VASP/dft_jobs/C2H4_Ag111/singlepoint/r2scan,0,/pscratch/sd/j/jcho5/VASP/completion_runs/matched_potential_slabs_20260915/slab/Ag111_f9365ca685/r2scan,/pscratch/sd/j/jcho5/VASP/vasp_mol/C2H4/r2scan,-795.5350893,-762.04705161,-33.54855876,500,500,converged,488a47d4959b915467636b9469332caacc04380c6d3bf486d9ae17dc9f3d423c,true
Ag111,formaldehyde,beef_vdw,H2CO_Ag111,,false,ok,NSW=0 complex; converged relaxed references; matching composition,-0.21443467,/pscratch/sd/j/jcho5/VASP/dft_jobs/H2CO_Ag111/singlepoint/beef_vdw,0,/pscratch/sd/j/jcho5/VASP/completion_runs/matched_potential_slabs_20260915/slab/Ag111_35207ad13f/beef_vdw,/pscratch/sd/j/jcho5/VASP/vasp_mol/H2CO/beef_vdw,12.63240958,31.99373684,-19.14689259,500,500,converged,46a10d4186edaa5b498e454b4b72446bb1a4b8c499452b703534bc1144137e50,true
Ag111,formaldehyde,pbe,H2CO_Ag111,,false,ok,NSW=0 complex; converged relaxed references; matching composition,0.01454826,/pscratch/sd/j/jcho5/VASP/dft_jobs/H2CO_Ag111/singlepoint/PBE,0,/pscratch/sd/j/jcho5/VASP/completion_runs/matched_potential_slabs_20260915/slab/Ag111_61964c781c/pbe,/pscratch/sd/j/jcho5/VASP/vasp_mol/H2CO/PBE,-114.36694066,-92.25124769,-22.13024123,500,500,converged,46a10d4186edaa5b498e454b4b72446bb1a4b8c499452b703534bc1144137e50,true
Ag111,formaldehyde,pbe_d3,H2CO_Ag111,,false,ok,NSW=0 complex; converged relaxed references; matching composition,0.01571395,/pscratch/sd/j/jcho5/VASP/dft_jobs/H2CO_Ag111/singlepoint/PBE_D3,0,/pscratch/sd/j/jcho5/VASP/completion_runs/matched_potential_slabs_20260915/slab/Ag111_71d4cd48c4/pbe_d3,/pscratch/sd/j/jcho5/VASP/vasp_mol/H2CO/PBE_D3,-127.34671598,-105.22691834,-22.13551159,500,500,converged,46a10d4186edaa5b498e454b4b72446bb1a4b8c499452b703534bc1144137e50,true
Ag111,formaldehyde,r2scan,H2CO_Ag111,,false,ok,NSW=0 complex; converged relaxed references; matching composition,0.08751338,/pscratch/sd/j/jcho5/VASP/dft_jobs/H2CO_Ag111/singlepoint/r2scan,0,/pscratch/sd/j/jcho5/VASP/completion_runs/matched_potential_slabs_20260915/slab/Ag111_f9365ca685/r2scan,/pscratch/sd/j/jcho5/VASP/vasp_mol/H2CO/r2scan,-785.82702468,-762.04705161,-23.86748645,500,500,converged,46a10d4186edaa5b498e454b4b72446bb1a4b8c499452b703534bc1144137e50,true
Ag111,formic_acid,beef_vdw,HCOOH_Ag111,,false,ok,NSW=0 complex; converged relaxed references; matching composition,-0.34624073,/pscratch/sd/j/jcho5/VASP/dft_jobs/HCOOH_Ag111/singlepoint/beef_vdw,0,/pscratch/sd/j/jcho5/VASP/completion_runs/matched_potential_slabs_20260915/slab/Ag111_35207ad13f/beef_vdw,/pscratch/sd/j/jcho5/VASP/vasp_mol/HCOOH/beef_vdw,6.69525079,31.99373684,-24.95224532,500,500,converged,36ab84ea66a5c3264c8b616840b8766b19090c9c5807d1b43287336a67ffc866,true
Ag111,formic_acid,pbe,HCOOH_Ag111,,false,ok,NSW=0 complex; converged relaxed references; matching composition,-0.08143403,/pscratch/sd/j/jcho5/VASP/dft_jobs/HCOOH_Ag111/singlepoint/PBE,0,/pscratch/sd/j/jcho5/VASP/completion_runs/matched_potential_slabs_20260915/slab/Ag111_61964c781c/pbe,/pscratch/sd/j/jcho5/VASP/vasp_mol/HCOOH/PBE,-122.21247607,-92.25124769,-29.87979435,500,500,converged,36ab84ea66a5c3264c8b616840b8766b19090c9c5807d1b43287336a67ffc866,true
Ag111,formic_acid,pbe_d3,HCOOH_Ag111,,false,ok,NSW=0 complex; converged relaxed references; matching composition,-0.18505208,/pscratch/sd/j/jcho5/VASP/dft_jobs/HCOOH_Ag111/singlepoint/PBE_D3,0,/pscratch/sd/j/jcho5/VASP/completion_runs/matched_potential_slabs_20260915/slab/Ag111_71d4cd48c4/pbe_d3,/pscratch/sd/j/jcho5/VASP/vasp_mol/HCOOH/PBE_D3,-135.3055658,-105.22691834,-29.89359538,500,500,converged,36ab84ea66a5c3264c8b616840b8766b19090c9c5807d1b43287336a67ffc866,true
Ag111,formic_acid,r2scan,HCOOH_Ag111,,false,ok,NSW=0 complex; converged relaxed references; matching composition,-0.04831106,/pscratch/sd/j/jcho5/VASP/dft_jobs/HCOOH_Ag111/singlepoint/r2scan,0,/pscratch/sd/j/jcho5/VASP/completion_runs/matched_potential_slabs_20260915/slab/Ag111_f9365ca685/r2scan,/pscratch/sd/j/jcho5/VASP/vasp_mol/HCOOH/r2scan,-794.72926427,-762.04705161,-32.6339016,500,500,converged,36ab84ea66a5c3264c8b616840b8766b19090c9c5807d1b43287336a67ffc866,true
Ag111,methane,beef_vdw,CH4_Ag111,,false,ok,NSW=0 complex; converged relaxed references; matching composition,-0.19177726,/pscratch/sd/j/jcho5/VASP/dft_jobs/CH4_Ag111/singlepoint/beef_vdw,0,/pscratch/sd/j/jcho5/VASP/completion_runs/matched_potential_slabs_20260915/slab/Ag111_35207ad13f/beef_vdw,/pscratch/sd/j/jcho5/VASP/vasp_mol/CH4/beef_vdw,8.81622357,31.99373684,-22.98573601,500,500,converged,8b298523ac7373686de57b3d19a00a1148a3de8d8dc3985bcac4d8fd42776463,true
Ag111,methane,pbe,CH4_Ag111,,false,ok,NSW=0 complex; converged relaxed references; matching composition,0.02704344,/pscratch/sd/j/jcho5/VASP/dft_jobs/CH4_Ag111/singlepoint/PBE,0,/pscratch/sd/j/jcho5/VASP/completion_runs/matched_potential_slabs_20260915/slab/Ag111_61964c781c/pbe,/pscratch/sd/j/jcho5/VASP/vasp_mol/CH4/PBE,-116.25980757,-92.25124769,-24.03560332,500,500,converged,8b298523ac7373686de57b3d19a00a1148a3de8d8dc3985bcac4d8fd42776463,true
Ag111,methane,pbe_d3,CH4_Ag111,,false,ok,NSW=0 complex; converged relaxed references; matching composition,0.03882573,/pscratch/sd/j/jcho5/VASP/dft_jobs/CH4_Ag111/singlepoint/PBE_D3,0,/pscratch/sd/j/jcho5/VASP/completion_runs/matched_potential_slabs_20260915/slab/Ag111_71d4cd48c4/pbe_d3,/pscratch/sd/j/jcho5/VASP/vasp_mol/CH4/PBE_D3,-129.2257285,-105.22691834,-24.03763589,500,500,converged,8b298523ac7373686de57b3d19a00a1148a3de8d8dc3985bcac4d8fd42776463,true
Ag111,methane,r2scan,CH4_Ag111,,false,ok,NSW=0 complex; converged relaxed references; matching composition,0.1234577,/pscratch/sd/j/jcho5/VASP/dft_jobs/CH4_Ag111/singlepoint/r2scan,0,/pscratch/sd/j/jcho5/VASP/completion_runs/matched_potential_slabs_20260915/slab/Ag111_f9365ca685/r2scan,/pscratch/sd/j/jcho5/VASP/vasp_mol/CH4/r2scan,-786.91149708,-762.04705161,-24.98790317,500,500,converged,8b298523ac7373686de57b3d19a00a1148a3de8d8dc3985bcac4d8fd42776463,true
Ag111,methanol,beef_vdw,CH3OH_Ag111,,false,ok,NSW=0 complex; converged relaxed references; matching composition,-0.3310836,/pscratch/sd/j/jcho5/VASP/dft_jobs/CH3OH_Ag111/singlepoint/beef_vdw,0,/pscratch/sd/j/jcho5/VASP/completion_runs/matched_potential_slabs_20260915/slab/Ag111_35207ad13f/beef_vdw,/pscratch/sd/j/jcho5/VASP/vasp_mol/CH3OH/beef_vdw,4.36860689,31.99373684,-27.29404635,500,500,converged,29a964ec43113aab8655878849b9cb1bbcbb7023f0cbc4ee5de6f648f525f684,true
Ag111,methanol,pbe,CH3OH_Ag111,,false,ok,NSW=0 complex; converged relaxed references; matching composition,-0.06762335,/pscratch/sd/j/jcho5/VASP/dft_jobs/CH3OH_Ag111/singlepoint/PBE,0,/pscratch/sd/j/jcho5/VASP/completion_runs/matched_potential_slabs_20260915/slab/Ag111_61964c781c/pbe,/pscratch/sd/j/jcho5/VASP/vasp_mol/CH3OH/PBE,-122.52744339,-92.25124769,-30.20857235,500,500,converged,29a964ec43113aab8655878849b9cb1bbcbb7023f0cbc4ee5de6f648f525f684,true
Ag111,methanol,pbe_d3,CH3OH_Ag111,,false,ok,NSW=0 complex; converged relaxed references; matching composition,-0.13552366,/pscratch/sd/j/jcho5/VASP/dft_jobs/CH3OH_Ag111/singlepoint/PBE_D3,0,/pscratch/sd/j/jcho5/VASP/completion_runs/matched_potential_slabs_20260915/slab/Ag111_71d4cd48c4/pbe_d3,/pscratch/sd/j/jcho5/VASP/vasp_mol/CH3OH/PBE_D3,-135.58606733,-105.22691834,-30.22362533,500,500,converged,29a964ec43113aab8655878849b9cb1bbcbb7023f0cbc4ee5de6f648f525f684,true
Ag111,methanol,r2scan,CH3OH_Ag111,,false,ok,NSW=0 complex; converged relaxed references; matching composition,-0.04580978,/pscratch/sd/j/jcho5/VASP/dft_jobs/CH3OH_Ag111/singlepoint/r2scan,0,/pscratch/sd/j/jcho5/VASP/completion_runs/matched_potential_slabs_20260915/slab/Ag111_f9365ca685/r2scan,/pscratch/sd/j/jcho5/VASP/vasp_mol/CH3OH/r2scan,-794.22938993,-762.04705161,-32.13652854,500,500,converged,29a964ec43113aab8655878849b9cb1bbcbb7023f0cbc4ee5de6f648f525f684,true
Au111,CO2,beef_vdw,CO2_Au111,,false,ok,NSW=0 complex; converged relaxed references; matching composition,-0.18607244,/pscratch/sd/j/jcho5/VASP/dft_jobs/CO2_Au111/singlepoint/beef_vdw,0,/pscratch/sd/j/jcho5/VASP/vasp_slab/Au111/beef_vdw,/pscratch/sd/j/jcho5/VASP/vasp_mol/CO2/beef_vdw,-16.87960891,1.22708835,-17.92062482,1000,500,converged,83125f0585db283bbfdfdbb9da1c9b023abb93a7efca9a1f23b0d6cac4dffd7c,true
Au111,CO2,pbe,CO2_Au111,,false,ok,NSW=0 complex; converged relaxed references; matching composition,0.00379225,/pscratch/sd/j/jcho5/VASP/dft_jobs/CO2_Au111/singlepoint/PBE,0,/pscratch/sd/j/jcho5/VASP/vasp_slab/Au111/PBE,/pscratch/sd/j/jcho5/VASP/vasp_mol/CO2/PBE,-219.19230006,-196.23589709,-22.96019522,1000,500,converged,83125f0585db283bbfdfdbb9da1c9b023abb93a7efca9a1f23b0d6cac4dffd7c,true
Au111,CO2,r2scan,CO2_Au111,,false,ok,NSW=0 complex; converged relaxed references; matching composition,0.12382745,/pscratch/sd/j/jcho5/VASP/dft_jobs/CO2_Au111/singlepoint/r2scan,0,/pscratch/sd/j/jcho5/VASP/vasp_slab/Au111/r2scan,/pscratch/sd/j/jcho5/VASP/vasp_mol/CO2/r2scan,-3251.53442062,-3226.08924919,-25.56899888,1000,500,converged,83125f0585db283bbfdfdbb9da1c9b023abb93a7efca9a1f23b0d6cac4dffd7c,true
Cu100,CH3,beef_vdw,CH3_Cu100,,false,ok,NSW=0 complex; converged relaxed references; matching composition,-1.23069857,/pscratch/sd/j/jcho5/VASP/dft_jobs/CH3_Cu100/singlepoint/beef_vdw,0,/pscratch/sd/j/jcho5/VASP/completion_runs/site_gapfill_20260914/slab/C2H4_Cu100/beef_vdw,/pscratch/sd/j/jcho5/VASP/vasp_mol/CH3/beef_vdw,-28.92460835,-10.5763226,-17.11758718,1000,500,converged,3b3ced64bef122d1c6a61562257c0f26b6a6b3722021876ebedc48ed1196408d,true
Cu100,CH3,pbe,CH3_Cu100,,false,ok,NSW=0 complex; converged relaxed references; matching composition,-1.24883748,/pscratch/sd/j/jcho5/VASP/dft_jobs/CH3_Cu100/singlepoint/PBE,0,/pscratch/sd/j/jcho5/VASP/vasp_slab/Cu100/PBE,/pscratch/sd/j/jcho5/VASP/vasp_mol/CH3/PBE,-239.20829858,-219.76682164,-18.19263946,1000,500,converged,3b3ced64bef122d1c6a61562257c0f26b6a6b3722021876ebedc48ed1196408d,true
Cu100,CH3,pbe_d3,CH3_Cu100,,false,ok,NSW=0 complex; converged relaxed references; matching composition,-1.51007698,/pscratch/sd/j/jcho5/VASP/dft_jobs/CH3_Cu100/singlepoint/PBE_D3,0,/pscratch/sd/j/jcho5/VASP/vasp_slab/Cu100/PBE_D3,/pscratch/sd/j/jcho5/VASP/vasp_mol/CH3/PBE_D3,-260.54475865,-240.84053253,-18.19414914,1000,500,converged,3b3ced64bef122d1c6a61562257c0f26b6a6b3722021876ebedc48ed1196408d,true
Cu100,CH3,r2scan,CH3_Cu100,,false,ok,NSW=0 complex; converged relaxed references; matching composition,-0.99767026,/pscratch/sd/j/jcho5/VASP/dft_jobs/CH3_Cu100/singlepoint/r2scan,0,/pscratch/sd/j/jcho5/VASP/vasp_slab/Cu100/r2scan,/pscratch/sd/j/jcho5/VASP/vasp_mol/CH3/r2scan,-690.54503213,-670.31649401,-19.23086786,1000,500,converged,3b3ced64bef122d1c6a61562257c0f26b6a6b3722021876ebedc48ed1196408d,true
Cu100,CO,beef_vdw,CO_Cu100,,false,ok,NSW=0 complex; converged relaxed references; matching composition,-0.6197797,/pscratch/sd/j/jcho5/VASP/dft_jobs/CO_Cu100/singlepoint/beef_vdw,0,/pscratch/sd/j/jcho5/VASP/completion_runs/site_gapfill_20260914/slab/C2H4_Cu100/beef_vdw,/pscratch/sd/j/jcho5/VASP/vasp_mol/CO/beef_vdw,-22.92927861,-10.5763226,-11.73317631,1000,500,converged,85e536b36c498dd5b1a5e342ae538ac7fc20ebe5ad28ce2105d57d98af15d6ee,true
Cu100,CO,pbe,CO_Cu100,,false,ok,NSW=0 complex; converged relaxed references; matching composition,-0.77452017,/pscratch/sd/j/jcho5/VASP/dft_jobs/CO_Cu100/singlepoint/PBE,0,/pscratch/sd/j/jcho5/VASP/vasp_slab/Cu100/PBE,/pscratch/sd/j/jcho5/VASP/vasp_mol/CO/PBE,-235.32172418,-219.76682164,-14.78038237,1000,500,converged,85e536b36c498dd5b1a5e342ae538ac7fc20ebe5ad28ce2105d57d98af15d6ee,true
Cu100,CO,pbe_d3,CO_Cu100,,false,ok,NSW=0 complex; converged relaxed references; matching composition,-0.91223213,/pscratch/sd/j/jcho5/VASP/dft_jobs/CO_Cu100/singlepoint/PBE_D3,0,/pscratch/sd/j/jcho5/VASP/vasp_slab/Cu100/PBE_D3,/pscratch/sd/j/jcho5/VASP/vasp_mol/CO/PBE_D3,-256.53316056,-240.84053253,-14.7803959,1000,500,converged,85e536b36c498dd5b1a5e342ae538ac7fc20ebe5ad28ce2105d57d98af15d6ee,true
Cu100,CO,r2scan,CO_Cu100,,false,ok,NSW=0 complex; converged relaxed references; matching composition,-0.64311535,/pscratch/sd/j/jcho5/VASP/dft_jobs/CO_Cu100/singlepoint/r2scan,0,/pscratch/sd/j/jcho5/VASP/vasp_slab/Cu100/r2scan,/pscratch/sd/j/jcho5/VASP/vasp_mol/CO/r2scan,-687.43968412,-670.31649401,-16.48007476,1000,500,converged,85e536b36c498dd5b1a5e342ae538ac7fc20ebe5ad28ce2105d57d98af15d6ee,true
Cu100,CO2,beef_vdw,CO2_Cu100,,false,ok,NSW=0 complex; converged relaxed references; matching composition,-0.16463912,/pscratch/sd/j/jcho5/VASP/dft_jobs/CO2_Cu100/singlepoint/beef_vdw,0,/pscratch/sd/j/jcho5/VASP/completion_runs/site_gapfill_20260914/slab/C2H4_Cu100/beef_vdw,/pscratch/sd/j/jcho5/VASP/vasp_mol/CO2/beef_vdw,-28.66158654,-10.5763226,-17.92062482,1000,500,converged,dca760f8d669f2f350a25caa2a7b5bf00495f465d6f2d8e0ff4da1834facf9f5,true
Cu100,CO2,pbe,CO2_Cu100,,false,ok,NSW=0 complex; converged relaxed references; matching composition,-0.0188523,/pscratch/sd/j/jcho5/VASP/dft_jobs/CO2_Cu100/singlepoint/PBE,0,/pscratch/sd/j/jcho5/VASP/vasp_slab/Cu100/PBE,/pscratch/sd/j/jcho5/VASP/vasp_mol/CO2/PBE,-242.74586916,-219.76682164,-22.96019522,1000,500,converged,dca760f8d669f2f350a25caa2a7b5bf00495f465d6f2d8e0ff4da1834facf9f5,true
Cu100,CO2,r2scan,CO2_Cu100,,false,ok,NSW=0 complex; converged relaxed references; matching composition,0.12150457,/pscratch/sd/j/jcho5/VASP/dft_jobs/CO2_Cu100/singlepoint/r2scan,0,/pscratch/sd/j/jcho5/VASP/vasp_slab/Cu100/r2scan,/pscratch/sd/j/jcho5/VASP/vasp_mol/CO2/r2scan,-695.76398832,-670.31649401,-25.56899888,1000,500,converged,dca760f8d669f2f350a25caa2a7b5bf00495f465d6f2d8e0ff4da1834facf9f5,true
Cu100,DME,beef_vdw,CH3OCH3_Cu100,,false,ok,NSW=0 complex; converged relaxed references; matching composition,-0.41529782,/pscratch/sd/j/jcho5/VASP/dft_jobs/CH3OCH3_Cu100/singlepoint/beef_vdw,0,/pscratch/sd/j/jcho5/VASP/completion_runs/site_gapfill_20260914/slab/C2H4_Cu100/beef_vdw,/pscratch/sd/j/jcho5/VASP/vasp_mol/CH3OCH3/beef_vdw,-53.28474971,-10.5763226,-42.29312929,1000,500,converged,d50138e59e9cdaaf8a9a69f9b521efc4577c852ffbbd8d9d5a6fdb54ef8b129b,true
Cu100,DME,pbe,CH3OCH3_Cu100,,false,ok,NSW=0 complex; converged relaxed references; matching composition,-0.13396879,/pscratch/sd/j/jcho5/VASP/dft_jobs/CH3OCH3_Cu100/singlepoint/PBE,0,/pscratch/sd/j/jcho5/VASP/vasp_slab/Cu100/PBE,/pscratch/sd/j/jcho5/VASP/completion_runs/dme_references_davidson_20260915/molecule/DME/PBE,-266.27847232,-219.76682164,-46.37768189,1000,500,converged,d50138e59e9cdaaf8a9a69f9b521efc4577c852ffbbd8d9d5a6fdb54ef8b129b,true
Cu100,DME,pbe_d3,CH3OCH3_Cu100,,false,ok,NSW=0 complex; converged relaxed references; matching composition,-0.43964251,/pscratch/sd/j/jcho5/VASP/dft_jobs/CH3OCH3_Cu100/singlepoint/PBE_D3,0,/pscratch/sd/j/jcho5/VASP/vasp_slab/Cu100/PBE_D3,/pscratch/sd/j/jcho5/VASP/completion_runs/dme_references_davidson_20260915/molecule/DME/PBE_D3,-287.70369366,-240.84053253,-46.42351862,1000,500,converged,d50138e59e9cdaaf8a9a69f9b521efc4577c852ffbbd8d9d5a6fdb54ef8b129b,true
Cu100,DME,r2scan,CH3OCH3_Cu100,,false,ok,NSW=0 complex; converged relaxed references; matching composition,-0.04250435,/pscratch/sd/j/jcho5/VASP/dft_jobs/CH3OCH3_Cu100/singlepoint/r2scan,0,/pscratch/sd/j/jcho5/VASP/vasp_slab/Cu100/r2scan,/pscratch/sd/j/jcho5/VASP/vasp_mol/CH3OCH3/r2scan,-719.49958763,-670.31649401,-49.14058927,1000,500,converged,d50138e59e9cdaaf8a9a69f9b521efc4577c852ffbbd8d9d5a6fdb54ef8b129b,true
Cu100,H2O,beef_vdw,H2O_Cu100,,false,ok,NSW=0 complex; converged relaxed references; matching composition,-0.25060617,/pscratch/sd/j/jcho5/VASP/dft_jobs/H2O_Cu100/singlepoint/beef_vdw,0,/pscratch/sd/j/jcho5/VASP/completion_runs/site_gapfill_20260914/slab/C2H4_Cu100/beef_vdw,/pscratch/sd/j/jcho5/VASP/vasp_mol/H2O/beef_vdw,-23.33024558,-10.5763226,-12.50331681,1000,500,converged,81d2d101e602b472102cc48080ce2b478c28d7b797b75c992f210a3578fd7a32,true
Cu100,H2O,pbe,H2O_Cu100,,false,ok,NSW=0 complex; converged relaxed references; matching composition,-0.22711798,/pscratch/sd/j/jcho5/VASP/dft_jobs/H2O_Cu100/singlepoint/PBE,0,/pscratch/sd/j/jcho5/VASP/vasp_slab/Cu100/PBE,/pscratch/sd/j/jcho5/VASP/vasp_mol/H2O/PBE,-234.21171479,-219.76682164,-14.21777517,1000,500,converged,81d2d101e602b472102cc48080ce2b478c28d7b797b75c992f210a3578fd7a32,true
Cu100,H2O,pbe_d3,H2O_Cu100,,false,ok,NSW=0 complex; converged relaxed references; matching composition,-0.39509325,/pscratch/sd/j/jcho5/VASP/dft_jobs/H2O_Cu100/singlepoint/PBE_D3,0,/pscratch/sd/j/jcho5/VASP/vasp_slab/Cu100/PBE_D3,/pscratch/sd/j/jcho5/VASP/vasp_mol/H2O/PBE_D3,-255.45351356,-240.84053253,-14.21788778,1000,500,converged,81d2d101e602b472102cc48080ce2b478c28d7b797b75c992f210a3578fd7a32,true
Cu100,H2O,r2scan,H2O_Cu100,,false,ok,NSW=0 complex; converged relaxed references; matching composition,-0.15442478,/pscratch/sd/j/jcho5/VASP/dft_jobs/H2O_Cu100/singlepoint/r2scan,0,/pscratch/sd/j/jcho5/VASP/vasp_slab/Cu100/r2scan,/pscratch/sd/j/jcho5/VASP/vasp_mol/H2O/r2scan,-685.80333819,-670.31649401,-15.3324194,1000,500,converged,81d2d101e602b472102cc48080ce2b478c28d7b797b75c992f210a3578fd7a32,true
Cu100,H2S,beef_vdw,H2S_Cu100,,false,ok,NSW=0 complex; converged relaxed references; matching composition,-0.3407799,/pscratch/sd/j/jcho5/VASP/dft_jobs/H2S_Cu100/singlepoint/beef_vdw,0,/pscratch/sd/j/jcho5/VASP/completion_runs/site_gapfill_20260914/slab/C2H4_Cu100/beef_vdw,/pscratch/sd/j/jcho5/VASP/vasp_mol/H2S/beef_vdw,-20.53127875,-10.5763226,-9.61417625,1000,500,converged,f73facf97ad581c1efa9f6aa109fd746106dd753c52a5b05b95d24268680a9aa,true
Cu100,H2S,pbe,H2S_Cu100,,false,ok,NSW=0 complex; converged relaxed references; matching composition,-0.24310706,/pscratch/sd/j/jcho5/VASP/dft_jobs/H2S_Cu100/singlepoint/PBE,0,/pscratch/sd/j/jcho5/VASP/vasp_slab/Cu100/PBE,/pscratch/sd/j/jcho5/VASP/vasp_mol/H2S/PBE,-231.20902339,-219.76682164,-11.19909469,1000,500,converged,f73facf97ad581c1efa9f6aa109fd746106dd753c52a5b05b95d24268680a9aa,true
Cu100,H2S,pbe_d3,H2S_Cu100,,false,ok,NSW=0 complex; converged relaxed references; matching composition,-0.58129743,/pscratch/sd/j/jcho5/VASP/dft_jobs/H2S_Cu100/singlepoint/PBE_D3,0,/pscratch/sd/j/jcho5/VASP/vasp_slab/Cu100/PBE_D3,/pscratch/sd/j/jcho5/VASP/vasp_mol/H2S/PBE_D3,-252.62159647,-240.84053253,-11.19976651,1000,500,converged,f73facf97ad581c1efa9f6aa109fd746106dd753c52a5b05b95d24268680a9aa,true
Cu100,H2S,r2scan,H2S_Cu100,,false,ok,NSW=0 complex; converged relaxed references; matching composition,-0.11161561,/pscratch/sd/j/jcho5/VASP/dft_jobs/H2S_Cu100/singlepoint/r2scan,0,/pscratch/sd/j/jcho5/VASP/vasp_slab/Cu100/r2scan,/pscratch/sd/j/jcho5/VASP/vasp_mol/H2S/r2scan,-685.65426072,-670.31649401,-15.2261511,1000,500,converged,f73facf97ad581c1efa9f6aa109fd746106dd753c52a5b05b95d24268680a9aa,true
Cu100,N2,beef_vdw,N2_Cu100,,false,ok,NSW=0 complex; converged relaxed references; matching composition,-0.05488214,/pscratch/sd/j/jcho5/VASP/dft_jobs/N2_Cu100/singlepoint/beef_vdw,0,/pscratch/sd/j/jcho5/VASP/completion_runs/site_gapfill_20260914/slab/C2H4_Cu100/beef_vdw,/pscratch/sd/j/jcho5/VASP/vasp_mol/N2/beef_vdw,-24.19453219,-10.5763226,-13.56332745,1000,500,converged,673feba9f79264ecd60578ce2c3724c589b62983fa0a5801bc3b5a654ab32662,true
Cu100,N2,pbe,N2_Cu100,,false,ok,NSW=0 complex; converged relaxed references; matching composition,-0.00331322,/pscratch/sd/j/jcho5/VASP/dft_jobs/N2_Cu100/singlepoint/PBE,0,/pscratch/sd/j/jcho5/VASP/vasp_slab/Cu100/PBE,/pscratch/sd/j/jcho5/VASP/vasp_mol/N2/PBE,-236.39815977,-219.76682164,-16.62802491,1000,500,converged,673feba9f79264ecd60578ce2c3724c589b62983fa0a5801bc3b5a654ab32662,true
Cu100,N2,pbe_d3,N2_Cu100,,false,ok,NSW=0 complex; converged relaxed references; matching composition,-0.05445591,/pscratch/sd/j/jcho5/VASP/dft_jobs/N2_Cu100/singlepoint/PBE_D3,0,/pscratch/sd/j/jcho5/VASP/vasp_slab/Cu100/PBE_D3,/pscratch/sd/j/jcho5/VASP/vasp_mol/N2/PBE_D3,-257.52302194,-240.84053253,-16.6280335,1000,500,converged,673feba9f79264ecd60578ce2c3724c589b62983fa0a5801bc3b5a654ab32662,true
Cu100,N2,r2scan,N2_Cu100,,false,ok,NSW=0 complex; converged relaxed references; matching composition,0.18133689,/pscratch/sd/j/jcho5/VASP/dft_jobs/N2_Cu100/singlepoint/r2scan,0,/pscratch/sd/j/jcho5/VASP/vasp_slab/Cu100/r2scan,/pscratch/sd/j/jcho5/VASP/vasp_mol/N2/r2scan,-688.32935108,-670.31649401,-18.19419396,1000,500,converged,673feba9f79264ecd60578ce2c3724c589b62983fa0a5801bc3b5a654ab32662,true
Cu100,NH3,pbe,NH3_Cu100,,false,ok,NSW=0 complex; converged relaxed references; matching composition,-0.55646846,/pscratch/sd/j/jcho5/VASP/dft_jobs/NH3_Cu100/singlepoint/PBE,0,/pscratch/sd/j/jcho5/VASP/vasp_slab/Cu100/PBE,/pscratch/sd/j/jcho5/VASP/vasp_mol/NH3/PBE,-239.8584911,-219.76682164,-19.535201,1000,500,converged,053af7c1e27e0c48d1ebd7192f5310ef26989cbcd68be1901fe66349bfcc6c2e,true
Cu100,NH3,pbe_d3,NH3_Cu100,,false,ok,NSW=0 complex; converged relaxed references; matching composition,-0.82986439,/pscratch/sd/j/jcho5/VASP/dft_jobs/NH3_Cu100/singlepoint/PBE_D3,0,/pscratch/sd/j/jcho5/VASP/vasp_slab/Cu100/PBE_D3,/pscratch/sd/j/jcho5/VASP/vasp_mol/NH3/PBE_D3,-261.20610007,-240.84053253,-19.53570315,1000,500,converged,053af7c1e27e0c48d1ebd7192f5310ef26989cbcd68be1901fe66349bfcc6c2e,true
Cu100,NH3,r2scan,NH3_Cu100,,false,ok,NSW=0 complex; converged relaxed references; matching composition,-0.49880591,/pscratch/sd/j/jcho5/VASP/dft_jobs/NH3_Cu100/singlepoint/r2scan,0,/pscratch/sd/j/jcho5/VASP/vasp_slab/Cu100/r2scan,/pscratch/sd/j/jcho5/VASP/vasp_mol/NH3/r2scan,-691.33364726,-670.31649401,-20.51834734,1000,500,converged,053af7c1e27e0c48d1ebd7192f5310ef26989cbcd68be1901fe66349bfcc6c2e,true
Cu100,NO,pbe,NO_Cu100,,false,ok,NSW=0 complex; converged relaxed references; matching composition,-1.76422037,/pscratch/sd/j/jcho5/VASP/dft_jobs/NO_Cu100/singlepoint/PBE,0,/pscratch/sd/j/jcho5/VASP/vasp_slab/Cu100/PBE,/pscratch/sd/j/jcho5/VASP/vasp_mol/NO/PBE,-233.47721586,-219.76682164,-11.94617385,1000,500,converged,f39e24e9e3dfe2b307276ce53e16d24c5d6c972508bbb80745ca196c15fdb630,true
Cu100,NO,pbe_d3,NO_Cu100,,false,ok,NSW=0 complex; converged relaxed references; matching composition,-1.88441001,/pscratch/sd/j/jcho5/VASP/dft_jobs/NO_Cu100/singlepoint/PBE_D3,0,/pscratch/sd/j/jcho5/VASP/vasp_slab/Cu100/PBE_D3,/pscratch/sd/j/jcho5/VASP/vasp_mol/NO/PBE_D3,-254.67113188,-240.84053253,-11.94618934,1000,500,converged,f39e24e9e3dfe2b307276ce53e16d24c5d6c972508bbb80745ca196c15fdb630,true
Cu100,SO2,beef_vdw,SO2_Cu100,,false,ok,NSW=0 complex; converged relaxed references; matching composition,-0.90467915,/pscratch/sd/j/jcho5/VASP/dft_jobs/SO2_Cu100/singlepoint/beef_vdw,0,/pscratch/sd/j/jcho5/VASP/completion_runs/site_gapfill_20260914/slab/C2H4_Cu100/beef_vdw,/pscratch/sd/j/jcho5/VASP/vasp_mol/SO2/beef_vdw,-23.15186181,-10.5763226,-11.67086006,1000,500,converged,3fe69e9b6b3be6e5171aa31ff04716ff8595d215bf91b8218613d4a2e50a548f,true
Cu100,SO2,pbe,SO2_Cu100,,false,ok,NSW=0 complex; converged relaxed references; matching composition,-0.78799002,/pscratch/sd/j/jcho5/VASP/dft_jobs/SO2_Cu100/singlepoint/PBE,0,/pscratch/sd/j/jcho5/VASP/vasp_slab/Cu100/PBE,/pscratch/sd/j/jcho5/VASP/vasp_mol/SO2/PBE,-237.59625961,-219.76682164,-17.04144795,1000,500,converged,3fe69e9b6b3be6e5171aa31ff04716ff8595d215bf91b8218613d4a2e50a548f,true
Cu100,SO2,pbe_d3,SO2_Cu100,,false,ok,NSW=0 complex; converged relaxed references; matching composition,-1.17922655,/pscratch/sd/j/jcho5/VASP/dft_jobs/SO2_Cu100/singlepoint/PBE_D3,0,/pscratch/sd/j/jcho5/VASP/vasp_slab/Cu100/PBE_D3,/pscratch/sd/j/jcho5/VASP/vasp_mol/SO2/PBE_D3,-259.06485072,-240.84053253,-17.04509164,1000,500,converged,3fe69e9b6b3be6e5171aa31ff04716ff8595d215bf91b8218613d4a2e50a548f,true
Cu100,SO2,r2scan,SO2_Cu100,,false,ok,NSW=0 complex; converged relaxed references; matching composition,-1.06796654,/pscratch/sd/j/jcho5/VASP/dft_jobs/SO2_Cu100/singlepoint/r2scan,0,/pscratch/sd/j/jcho5/VASP/vasp_slab/Cu100/r2scan,/pscratch/sd/j/jcho5/VASP/vasp_mol/SO2/r2scan,-694.24502952,-670.31649401,-22.86056897,1000,500,converged,3fe69e9b6b3be6e5171aa31ff04716ff8595d215bf91b8218613d4a2e50a548f,true
Cu100,acetaldehyde,pbe,CH3CHO_Cu100,,false,ok,NSW=0 complex; converged relaxed references; matching composition,-0.1730497,/pscratch/sd/j/jcho5/VASP/dft_jobs/CH3CHO_Cu100/singlepoint/PBE,0,/pscratch/sd/j/jcho5/VASP/vasp_slab/Cu100/PBE,/pscratch/sd/j/jcho5/VASP/vasp_mol/CH3CHO/PBE,-259.04928721,-219.76682164,-39.10941587,1000,500,converged,b8edea705a775a9de122010dcb9cca8553fcad83276bf9158d73bf19bb38dd9b,true
Cu100,acetaldehyde,pbe_d3,CH3CHO_Cu100,,false,ok,NSW=0 complex; converged relaxed references; matching composition,-0.4006521,/pscratch/sd/j/jcho5/VASP/dft_jobs/CH3CHO_Cu100/singlepoint/PBE_D3,0,/pscratch/sd/j/jcho5/VASP/vasp_slab/Cu100/PBE_D3,/pscratch/sd/j/jcho5/VASP/vasp_mol/CH3CHO/PBE_D3,-280.37944963,-240.84053253,-39.138265,1000,500,converged,b8edea705a775a9de122010dcb9cca8553fcad83276bf9158d73bf19bb38dd9b,true
Cu100,acetaldehyde,r2scan,CH3CHO_Cu100,,false,ok,NSW=0 complex; converged relaxed references; matching composition,-0.15375918,/pscratch/sd/j/jcho5/VASP/dft_jobs/CH3CHO_Cu100/singlepoint/r2scan,0,/pscratch/sd/j/jcho5/VASP/vasp_slab/Cu100/r2scan,/pscratch/sd/j/jcho5/VASP/vasp_mol/CH3CHO/r2scan,-712.14503416,-670.31649401,-41.67478097,1000,500,converged,b8edea705a775a9de122010dcb9cca8553fcad83276bf9158d73bf19bb38dd9b,true
Cu100,acetic_acid,beef_vdw,CH3COOH_Cu100,,false,ok,NSW=0 complex; converged relaxed references; matching composition,-0.46328224,/pscratch/sd/j/jcho5/VASP/dft_jobs/CH3COOH_Cu100/singlepoint/beef_vdw,0,/pscratch/sd/j/jcho5/VASP/completion_runs/site_gapfill_20260914/slab/C2H4_Cu100/beef_vdw,/pscratch/sd/j/jcho5/VASP/vasp_mol/CH3COOH/beef_vdw,-51.61794194,-10.5763226,-40.5783371,1000,500,converged,e91f8be70859b4b811bdd6d8d830fc4592648b4f3bb507d28918911d410c8129,true
Cu100,acetic_acid,r2scan,CH3COOH_Cu100,,false,ok,NSW=0 complex; converged relaxed references; matching composition,-0.29733999,/pscratch/sd/j/jcho5/VASP/dft_jobs/CH3COOH_Cu100/singlepoint/r2scan,0,/pscratch/sd/j/jcho5/VASP/vasp_slab/Cu100/r2scan,/pscratch/sd/j/jcho5/VASP/vasp_mol/CH3COOH/r2scan,-720.96433734,-670.31649401,-50.35050334,1000,500,converged,e91f8be70859b4b811bdd6d8d830fc4592648b4f3bb507d28918911d410c8129,true
Cu100,ethane,beef_vdw,C2H6_Cu100,,false,ok,NSW=0 complex; converged relaxed references; matching composition,-0.19842233,/pscratch/sd/j/jcho5/VASP/dft_jobs/C2H6_Cu100/singlepoint/beef_vdw,0,/pscratch/sd/j/jcho5/VASP/completion_runs/site_gapfill_20260914/slab/C2H4_Cu100/beef_vdw,/pscratch/sd/j/jcho5/VASP/vasp_mol/C2H6/beef_vdw,-49.00397557,-10.5763226,-38.22923064,1000,500,converged,492cb646a900c92b40a25d14f3742204dc106b9576559c94b2337ad0f1bf4d2e,true
Cu100,ethane,pbe,C2H6_Cu100,,false,ok,NSW=0 complex; converged relaxed references; matching composition,-0.00080616,/pscratch/sd/j/jcho5/VASP/dft_jobs/C2H6_Cu100/singlepoint/PBE,0,/pscratch/sd/j/jcho5/VASP/vasp_slab/Cu100/PBE,/pscratch/sd/j/jcho5/VASP/vasp_mol/C2H6/PBE,-260.26724459,-219.76682164,-40.49961679,1000,500,converged,492cb646a900c92b40a25d14f3742204dc106b9576559c94b2337ad0f1bf4d2e,true
Cu100,ethane,pbe_d3,C2H6_Cu100,,false,ok,NSW=0 complex; converged relaxed references; matching composition,-0.2788122,/pscratch/sd/j/jcho5/VASP/dft_jobs/C2H6_Cu100/singlepoint/PBE_D3,0,/pscratch/sd/j/jcho5/VASP/vasp_slab/Cu100/PBE_D3,/pscratch/sd/j/jcho5/VASP/vasp_mol/C2H6/PBE_D3,-281.64541932,-240.84053253,-40.52607459,1000,500,converged,492cb646a900c92b40a25d14f3742204dc106b9576559c94b2337ad0f1bf4d2e,true
Cu100,ethane,r2scan,C2H6_Cu100,,false,ok,NSW=0 complex; converged relaxed references; matching composition,0.13053717,/pscratch/sd/j/jcho5/VASP/dft_jobs/C2H6_Cu100/singlepoint/r2scan,0,/pscratch/sd/j/jcho5/VASP/vasp_slab/Cu100/r2scan,/pscratch/sd/j/jcho5/VASP/vasp_mol/C2H6/r2scan,-712.44165267,-670.31649401,-42.25569583,1000,500,converged,492cb646a900c92b40a25d14f3742204dc106b9576559c94b2337ad0f1bf4d2e,true
Cu100,ethanol,beef_vdw,CH3CH2OH_Cu100,,false,ok,NSW=0 complex; converged relaxed references; matching composition,-0.44842763,/pscratch/sd/j/jcho5/VASP/dft_jobs/CH3CH2OH_Cu100/singlepoint/beef_vdw,0,/pscratch/sd/j/jcho5/VASP/completion_runs/site_gapfill_20260914/slab/C2H4_Cu100/beef_vdw,/pscratch/sd/j/jcho5/VASP/vasp_mol/CH3CH2OH/beef_vdw,-53.77496571,-10.5763226,-42.75021548,1000,500,converged,b2cb6e1e2da559ea668d8031e0ae7ec5884fd85ea945972925c80ffa39d1033c,true
Cu100,ethanol,pbe,CH3CH2OH_Cu100,,false,ok,NSW=0 complex; converged relaxed references; matching composition,-0.2211589,/pscratch/sd/j/jcho5/VASP/dft_jobs/CH3CH2OH_Cu100/singlepoint/PBE,0,/pscratch/sd/j/jcho5/VASP/vasp_slab/Cu100/PBE,/pscratch/sd/j/jcho5/VASP/vasp_mol/CH3CH2OH/PBE,-266.86384295,-219.76682164,-46.87586241,1000,500,converged,b2cb6e1e2da559ea668d8031e0ae7ec5884fd85ea945972925c80ffa39d1033c,true
Cu100,ethanol,pbe_d3,CH3CH2OH_Cu100,,false,ok,NSW=0 complex; converged relaxed references; matching composition,-0.60584994,/pscratch/sd/j/jcho5/VASP/dft_jobs/CH3CH2OH_Cu100/singlepoint/PBE_D3,0,/pscratch/sd/j/jcho5/VASP/vasp_slab/Cu100/PBE_D3,/pscratch/sd/j/jcho5/VASP/vasp_mol/CH3CH2OH/PBE_D3,-288.36934675,-240.84053253,-46.92296428,1000,500,converged,b2cb6e1e2da559ea668d8031e0ae7ec5884fd85ea945972925c80ffa39d1033c,true
Cu100,ethanol,r2scan,CH3CH2OH_Cu100,,false,ok,NSW=0 complex; converged relaxed references; matching composition,-0.20478178,/pscratch/sd/j/jcho5/VASP/dft_jobs/CH3CH2OH_Cu100/singlepoint/r2scan,0,/pscratch/sd/j/jcho5/VASP/vasp_slab/Cu100/r2scan,/pscratch/sd/j/jcho5/VASP/vasp_mol/CH3CH2OH/r2scan,-720.16086837,-670.31649401,-49.63959258,1000,500,converged,b2cb6e1e2da559ea668d8031e0ae7ec5884fd85ea945972925c80ffa39d1033c,true
Cu100,ethene,beef_vdw,C2H4_Cu100,,false,ok,NSW=0 complex; converged relaxed references; matching composition,-0.1582752,/pscratch/sd/j/jcho5/VASP/dft_jobs/C2H4_Cu100/singlepoint/beef_vdw,0,/pscratch/sd/j/jcho5/VASP/completion_runs/site_gapfill_20260914/slab/C2H4_Cu100/beef_vdw,/pscratch/sd/j/jcho5/VASP/vasp_mol/C2H4/beef_vdw,-40.31626426,-10.5763226,-29.58166646,1000,500,converged,4efbf25d61574b1095d16f12d882eb1ae3bfafe7fdb9b4c77a17f80e9adcb4e9,true
Cu100,ethene,pbe,C2H4_Cu100,,false,ok,NSW=0 complex; converged relaxed references; matching composition,-0.09267128,/pscratch/sd/j/jcho5/VASP/dft_jobs/C2H4_Cu100/singlepoint/PBE,0,/pscratch/sd/j/jcho5/VASP/vasp_slab/Cu100/PBE,/pscratch/sd/j/jcho5/VASP/vasp_mol/C2H4/PBE,-251.83013692,-219.76682164,-31.970644,1000,500,converged,4efbf25d61574b1095d16f12d882eb1ae3bfafe7fdb9b4c77a17f80e9adcb4e9,true
Cu100,ethene,pbe_d3,C2H4_Cu100,,false,ok,NSW=0 complex; converged relaxed references; matching composition,-0.53564591,/pscratch/sd/j/jcho5/VASP/dft_jobs/C2H4_Cu100/singlepoint/PBE_D3,0,/pscratch/sd/j/jcho5/VASP/vasp_slab/Cu100/PBE_D3,/pscratch/sd/j/jcho5/VASP/vasp_mol/C2H4/PBE_D3,-273.35936804,-240.84053253,-31.9831896,1000,500,converged,4efbf25d61574b1095d16f12d882eb1ae3bfafe7fdb9b4c77a17f80e9adcb4e9,true
Cu100,ethene,r2scan,C2H4_Cu100,,false,ok,NSW=0 complex; converged relaxed references; matching composition,-0.08751278,/pscratch/sd/j/jcho5/VASP/dft_jobs/C2H4_Cu100/singlepoint/r2scan,0,/pscratch/sd/j/jcho5/VASP/vasp_slab/Cu100/r2scan,/pscratch/sd/j/jcho5/VASP/vasp_mol/C2H4/r2scan,-703.95256555,-670.31649401,-33.54855876,1000,500,converged,4efbf25d61574b1095d16f12d882eb1ae3bfafe7fdb9b4c77a17f80e9adcb4e9,true
Cu100,formaldehyde,beef_vdw,H2CO_Cu100,,false,ok,NSW=0 complex; converged relaxed references; matching composition,-0.22109434,/pscratch/sd/j/jcho5/VASP/dft_jobs/H2CO_Cu100/singlepoint/beef_vdw,0,/pscratch/sd/j/jcho5/VASP/completion_runs/site_gapfill_20260914/slab/C2H4_Cu100/beef_vdw,/pscratch/sd/j/jcho5/VASP/vasp_mol/H2CO/beef_vdw,-29.94430953,-10.5763226,-19.14689259,1000,500,converged,c61753179b5e9479fd43d3dad78604baf402c045544628c2d99679f5c87de3e3,true
Cu100,formaldehyde,pbe,H2CO_Cu100,,false,ok,NSW=0 complex; converged relaxed references; matching composition,-0.1252045,/pscratch/sd/j/jcho5/VASP/dft_jobs/H2CO_Cu100/singlepoint/PBE,0,/pscratch/sd/j/jcho5/VASP/vasp_slab/Cu100/PBE,/pscratch/sd/j/jcho5/VASP/vasp_mol/H2CO/PBE,-242.02226737,-219.76682164,-22.13024123,1000,500,converged,c61753179b5e9479fd43d3dad78604baf402c045544628c2d99679f5c87de3e3,true
Cu100,formaldehyde,pbe_d3,H2CO_Cu100,,false,ok,NSW=0 complex; converged relaxed references; matching composition,-0.3317577,/pscratch/sd/j/jcho5/VASP/dft_jobs/H2CO_Cu100/singlepoint/PBE_D3,0,/pscratch/sd/j/jcho5/VASP/vasp_slab/Cu100/PBE_D3,/pscratch/sd/j/jcho5/VASP/vasp_mol/H2CO/PBE_D3,-263.30780182,-240.84053253,-22.13551159,1000,500,converged,c61753179b5e9479fd43d3dad78604baf402c045544628c2d99679f5c87de3e3,true
Cu100,formaldehyde,r2scan,H2CO_Cu100,,false,ok,NSW=0 complex; converged relaxed references; matching composition,-0.08859861,/pscratch/sd/j/jcho5/VASP/dft_jobs/H2CO_Cu100/singlepoint/r2scan,0,/pscratch/sd/j/jcho5/VASP/vasp_slab/Cu100/r2scan,/pscratch/sd/j/jcho5/VASP/vasp_mol/H2CO/r2scan,-694.27257907,-670.31649401,-23.86748645,1000,500,converged,c61753179b5e9479fd43d3dad78604baf402c045544628c2d99679f5c87de3e3,true
Cu100,formic_acid,beef_vdw,HCOOH_Cu100,,false,ok,NSW=0 complex; converged relaxed references; matching composition,-0.37594821,/pscratch/sd/j/jcho5/VASP/dft_jobs/HCOOH_Cu100/singlepoint/beef_vdw,0,/pscratch/sd/j/jcho5/VASP/completion_runs/site_gapfill_20260914/slab/C2H4_Cu100/beef_vdw,/pscratch/sd/j/jcho5/VASP/vasp_mol/HCOOH/beef_vdw,-35.90451613,-10.5763226,-24.95224532,1000,500,converged,75e6d4b7e83b533bf3ca9040a247b6a378a31e64ea5355f884cd620e8eb78960,true
Cu100,formic_acid,pbe,HCOOH_Cu100,,false,ok,NSW=0 complex; converged relaxed references; matching composition,-0.24979087,/pscratch/sd/j/jcho5/VASP/dft_jobs/HCOOH_Cu100/singlepoint/PBE,0,/pscratch/sd/j/jcho5/VASP/vasp_slab/Cu100/PBE,/pscratch/sd/j/jcho5/VASP/vasp_mol/HCOOH/PBE,-249.89640686,-219.76682164,-29.87979435,1000,500,converged,75e6d4b7e83b533bf3ca9040a247b6a378a31e64ea5355f884cd620e8eb78960,true
Cu100,formic_acid,pbe_d3,HCOOH_Cu100,,false,ok,NSW=0 complex; converged relaxed references; matching composition,-0.50561814,/pscratch/sd/j/jcho5/VASP/dft_jobs/HCOOH_Cu100/singlepoint/PBE_D3,0,/pscratch/sd/j/jcho5/VASP/vasp_slab/Cu100/PBE_D3,/pscratch/sd/j/jcho5/VASP/vasp_mol/HCOOH/PBE_D3,-271.23974605,-240.84053253,-29.89359538,1000,500,converged,75e6d4b7e83b533bf3ca9040a247b6a378a31e64ea5355f884cd620e8eb78960,true
Cu100,formic_acid,r2scan,HCOOH_Cu100,,false,ok,NSW=0 complex; converged relaxed references; matching composition,-0.20582107,/pscratch/sd/j/jcho5/VASP/dft_jobs/HCOOH_Cu100/singlepoint/r2scan,0,/pscratch/sd/j/jcho5/VASP/vasp_slab/Cu100/r2scan,/pscratch/sd/j/jcho5/VASP/vasp_mol/HCOOH/r2scan,-703.15621668,-670.31649401,-32.6339016,1000,500,converged,75e6d4b7e83b533bf3ca9040a247b6a378a31e64ea5355f884cd620e8eb78960,true
Cu100,methane,beef_vdw,CH4_Cu100,,false,ok,NSW=0 complex; converged relaxed references; matching composition,-0.11764413,/pscratch/sd/j/jcho5/VASP/dft_jobs/CH4_Cu100/singlepoint/beef_vdw,0,/pscratch/sd/j/jcho5/VASP/completion_runs/site_gapfill_20260914/slab/C2H4_Cu100/beef_vdw,/pscratch/sd/j/jcho5/VASP/vasp_mol/CH4/beef_vdw,-33.67970274,-10.5763226,-22.98573601,1000,500,converged,08eb9036a34b51d53784e82622bec9b9fe4dddb51aa9d855ee5ab17cf2fa4f08,true
Cu100,methane,pbe,CH4_Cu100,,false,ok,NSW=0 complex; converged relaxed references; matching composition,-0.00246394,/pscratch/sd/j/jcho5/VASP/dft_jobs/CH4_Cu100/singlepoint/PBE,0,/pscratch/sd/j/jcho5/VASP/vasp_slab/Cu100/PBE,/pscratch/sd/j/jcho5/VASP/vasp_mol/CH4/PBE,-243.8048889,-219.76682164,-24.03560332,1000,500,converged,08eb9036a34b51d53784e82622bec9b9fe4dddb51aa9d855ee5ab17cf2fa4f08,true
Cu100,methane,pbe_d3,CH4_Cu100,,false,ok,NSW=0 complex; converged relaxed references; matching composition,-0.1631897,/pscratch/sd/j/jcho5/VASP/dft_jobs/CH4_Cu100/singlepoint/PBE_D3,0,/pscratch/sd/j/jcho5/VASP/vasp_slab/Cu100/PBE_D3,/pscratch/sd/j/jcho5/VASP/vasp_mol/CH4/PBE_D3,-265.04135812,-240.84053253,-24.03763589,1000,500,converged,08eb9036a34b51d53784e82622bec9b9fe4dddb51aa9d855ee5ab17cf2fa4f08,true
Cu100,methane,r2scan,CH4_Cu100,,false,ok,NSW=0 complex; converged relaxed references; matching composition,0.14656638,/pscratch/sd/j/jcho5/VASP/dft_jobs/CH4_Cu100/singlepoint/r2scan,0,/pscratch/sd/j/jcho5/VASP/vasp_slab/Cu100/r2scan,/pscratch/sd/j/jcho5/VASP/vasp_mol/CH4/r2scan,-695.1578308,-670.31649401,-24.98790317,1000,500,converged,08eb9036a34b51d53784e82622bec9b9fe4dddb51aa9d855ee5ab17cf2fa4f08,true
Cu100,methanol,beef_vdw,CH3OH_Cu100,,false,ok,NSW=0 complex; converged relaxed references; matching composition,-0.37693556,/pscratch/sd/j/jcho5/VASP/dft_jobs/CH3OH_Cu100/singlepoint/beef_vdw,0,/pscratch/sd/j/jcho5/VASP/completion_runs/site_gapfill_20260914/slab/C2H4_Cu100/beef_vdw,/pscratch/sd/j/jcho5/VASP/vasp_mol/CH3OH/beef_vdw,-38.24730451,-10.5763226,-27.29404635,1000,500,converged,eb6af690454aaf8a47a7c22578e5b782963a8eb92d682c1f657404104c8acfe0,true
Cu100,methanol,pbe,CH3OH_Cu100,,false,ok,NSW=0 complex; converged relaxed references; matching composition,-0.2298652,/pscratch/sd/j/jcho5/VASP/dft_jobs/CH3OH_Cu100/singlepoint/PBE,0,/pscratch/sd/j/jcho5/VASP/vasp_slab/Cu100/PBE,/pscratch/sd/j/jcho5/VASP/vasp_mol/CH3OH/PBE,-250.20525919,-219.76682164,-30.20857235,1000,500,converged,eb6af690454aaf8a47a7c22578e5b782963a8eb92d682c1f657404104c8acfe0,true
Cu100,methanol,pbe_d3,CH3OH_Cu100,,false,ok,NSW=0 complex; converged relaxed references; matching composition,-0.47944267,/pscratch/sd/j/jcho5/VASP/dft_jobs/CH3OH_Cu100/singlepoint/PBE_D3,0,/pscratch/sd/j/jcho5/VASP/vasp_slab/Cu100/PBE_D3,/pscratch/sd/j/jcho5/VASP/vasp_mol/CH3OH/PBE_D3,-271.54360053,-240.84053253,-30.22362533,1000,500,converged,eb6af690454aaf8a47a7c22578e5b782963a8eb92d682c1f657404104c8acfe0,true
Cu100,methanol,r2scan,CH3OH_Cu100,,false,ok,NSW=0 complex; converged relaxed references; matching composition,-0.19145568,/pscratch/sd/j/jcho5/VASP/dft_jobs/CH3OH_Cu100/singlepoint/r2scan,0,/pscratch/sd/j/jcho5/VASP/vasp_slab/Cu100/r2scan,/pscratch/sd/j/jcho5/VASP/vasp_mol/CH3OH/r2scan,-702.64447823,-670.31649401,-32.13652854,1000,500,converged,eb6af690454aaf8a47a7c22578e5b782963a8eb92d682c1f657404104c8acfe0,true
Cu111,CH3,beef_vdw,CH3_Cu111,,false,ok,NSW=0 complex; converged relaxed references; matching composition,-1.25799547,/pscratch/sd/j/jcho5/VASP/dft_jobs/CH3_Cu111/singlepoint/beef_vdw,0,/pscratch/sd/j/jcho5/VASP/completion_runs/matched_potential_slabs_20260915/slab/Cu111_11f50e50d8/beef_vdw,/pscratch/sd/j/jcho5/VASP/vasp_mol/CH3/beef_vdw,-32.9755258,-14.59994315,-17.11758718,500,500,converged,4b9cfdad6e102a611b5876e926328745bf57f13a8239a70531b9eef636128c89,true
Cu111,CH3,pbe,CH3_Cu111,,false,ok,NSW=0 complex; converged relaxed references; matching composition,-1.27166795,/pscratch/sd/j/jcho5/VASP/dft_jobs/CH3_Cu111/singlepoint/PBE,0,/pscratch/sd/j/jcho5/VASP/completion_runs/matched_potential_slabs_20260915/slab/Cu111_28f90def6e/pbe,/pscratch/sd/j/jcho5/VASP/vasp_mol/CH3/PBE,-243.54716054,-224.08285313,-18.19263946,500,500,converged,4b9cfdad6e102a611b5876e926328745bf57f13a8239a70531b9eef636128c89,true
Cu111,CH3,pbe_d3,CH3_Cu111,,false,ok,NSW=0 complex; converged relaxed references; matching composition,-1.55176133,/pscratch/sd/j/jcho5/VASP/dft_jobs/CH3_Cu111/singlepoint/PBE_D3,0,/pscratch/sd/j/jcho5/VASP/completion_runs/matched_potential_slabs_20260915/slab/Cu111_6058af94f0/pbe_d3,/pscratch/sd/j/jcho5/VASP/vasp_mol/CH3/PBE_D3,-266.3154333,-246.56952283,-18.19414914,500,500,converged,4b9cfdad6e102a611b5876e926328745bf57f13a8239a70531b9eef636128c89,true
Cu111,CH3,r2scan,CH3_Cu111,,false,ok,NSW=0 complex; converged relaxed references; matching composition,-1.07573463,/pscratch/sd/j/jcho5/VASP/dft_jobs/CH3_Cu111/singlepoint/r2scan,0,/pscratch/sd/j/jcho5/VASP/completion_runs/matched_potential_slabs_20260915/slab/Cu111_96724abedd/r2scan,/pscratch/sd/j/jcho5/VASP/vasp_mol/CH3/r2scan,-695.73681967,-675.43021718,-19.23086786,500,500,converged,4b9cfdad6e102a611b5876e926328745bf57f13a8239a70531b9eef636128c89,true
Cu111,CO,beef_vdw,CO_Cu111_atop,atop,false,ok,NSW=0 complex; converged relaxed references; matching composition,-0.73744902,/pscratch/sd/j/jcho5/VASP/dft_jobs/CO_Cu111_atop/singlepoint/beef_vdw,0,/pscratch/sd/j/jcho5/VASP/completion_runs/matched_potential_slabs_20260915/slab/Cu111_11f50e50d8/beef_vdw,/pscratch/sd/j/jcho5/VASP/vasp_mol/CO/beef_vdw,-27.07056848,-14.59994315,-11.73317631,500,500,converged,51b3711ef91ddaa422c0d45c39a0799139a77bbb6307347519fa2c55d99628e2,true
Cu111,CO,pbe,CO_Cu111_atop,atop,false,ok,NSW=0 complex; converged relaxed references; matching composition,-0.91604543,/pscratch/sd/j/jcho5/VASP/dft_jobs/CO_Cu111_atop/singlepoint/PBE,0,/pscratch/sd/j/jcho5/VASP/completion_runs/matched_potential_slabs_20260915/slab/Cu111_28f90def6e/pbe,/pscratch/sd/j/jcho5/VASP/vasp_mol/CO/PBE,-239.77928093,-224.08285313,-14.78038237,500,500,converged,51b3711ef91ddaa422c0d45c39a0799139a77bbb6307347519fa2c55d99628e2,true
Cu111,CO,pbe_d3,CO_Cu111_atop,atop,false,ok,NSW=0 complex; converged relaxed references; matching composition,-1.01509134,/pscratch/sd/j/jcho5/VASP/dft_jobs/CO_Cu111_atop/singlepoint/PBE_D3,0,/pscratch/sd/j/jcho5/VASP/completion_runs/matched_potential_slabs_20260915/slab/Cu111_6058af94f0/pbe_d3,/pscratch/sd/j/jcho5/VASP/vasp_mol/CO/PBE_D3,-262.36501007,-246.56952283,-14.7803959,500,500,converged,51b3711ef91ddaa422c0d45c39a0799139a77bbb6307347519fa2c55d99628e2,true
Cu111,CO,r2scan,CO_Cu111_atop,atop,false,ok,NSW=0 complex; converged relaxed references; matching composition,-0.83265767,/pscratch/sd/j/jcho5/VASP/dft_jobs/CO_Cu111_atop/singlepoint/r2scan,0,/pscratch/sd/j/jcho5/VASP/completion_runs/matched_potential_slabs_20260915/slab/Cu111_96724abedd/r2scan,/pscratch/sd/j/jcho5/VASP/vasp_mol/CO/r2scan,-692.74294961,-675.43021718,-16.48007476,500,500,converged,51b3711ef91ddaa422c0d45c39a0799139a77bbb6307347519fa2c55d99628e2,true
Cu111,CO2,beef_vdw,CO2_Cu111_top,top,false,ok,NSW=0 complex; converged relaxed references; matching composition,-0.16919604,/pscratch/sd/j/jcho5/VASP/dft_jobs/CO2_Cu111_top/singlepoint/beef_vdw,0,/pscratch/sd/j/jcho5/VASP/completion_runs/matched_potential_slabs_20260915/slab/Cu111_11f50e50d8/beef_vdw,/pscratch/sd/j/jcho5/VASP/vasp_mol/CO2/beef_vdw,-32.68976401,-14.59994315,-17.92062482,500,500,converged,4a4f9bb529edb467f2c4e355e9bb323accc4fe3aa68971144d82bb16cef93367,true
Cu111,CO2,pbe,CO2_Cu111_top,top,false,ok,NSW=0 complex; converged relaxed references; matching composition,-0.00874943,/pscratch/sd/j/jcho5/VASP/dft_jobs/CO2_Cu111_top/singlepoint/PBE,0,/pscratch/sd/j/jcho5/VASP/completion_runs/matched_potential_slabs_20260915/slab/Cu111_28f90def6e/pbe,/pscratch/sd/j/jcho5/VASP/vasp_mol/CO2/PBE,-247.05179778,-224.08285313,-22.96019522,500,500,converged,4a4f9bb529edb467f2c4e355e9bb323accc4fe3aa68971144d82bb16cef93367,true
Cu111,CO2,r2scan,CO2_Cu111_top,top,false,ok,NSW=0 complex; converged relaxed references; matching composition,0.15463463,/pscratch/sd/j/jcho5/VASP/dft_jobs/CO2_Cu111_top/singlepoint/r2scan,0,/pscratch/sd/j/jcho5/VASP/completion_runs/matched_potential_slabs_20260915/slab/Cu111_96724abedd/r2scan,/pscratch/sd/j/jcho5/VASP/vasp_mol/CO2/r2scan,-700.84458143,-675.43021718,-25.56899888,500,500,converged,4a4f9bb529edb467f2c4e355e9bb323accc4fe3aa68971144d82bb16cef93367,true
Cu111,DME,beef_vdw,CH3OCH3_Cu111,,false,ok,NSW=0 complex; converged relaxed references; matching composition,-0.30721077,/pscratch/sd/j/jcho5/VASP/dft_jobs/CH3OCH3_Cu111/singlepoint/beef_vdw,0,/pscratch/sd/j/jcho5/VASP/completion_runs/matched_potential_slabs_20260915/slab/Cu111_11f50e50d8/beef_vdw,/pscratch/sd/j/jcho5/VASP/vasp_mol/CH3OCH3/beef_vdw,-57.20028321,-14.59994315,-42.29312929,500,500,converged,833d893580df78db15b19f8e3f9b0b515ab13c8a095cc0916c5abf55a2211420,true
Cu111,DME,pbe,CH3OCH3_Cu111,,false,ok,NSW=0 complex; converged relaxed references; matching composition,-0.04658144,/pscratch/sd/j/jcho5/VASP/dft_jobs/CH3OCH3_Cu111/singlepoint/PBE,0,/pscratch/sd/j/jcho5/VASP/completion_runs/matched_potential_slabs_20260915/slab/Cu111_28f90def6e/pbe,/pscratch/sd/j/jcho5/VASP/completion_runs/dme_references_davidson_20260915/molecule/DME/PBE,-270.50711646,-224.08285313,-46.37768189,500,500,converged,833d893580df78db15b19f8e3f9b0b515ab13c8a095cc0916c5abf55a2211420,true
Cu111,DME,pbe_d3,CH3OCH3_Cu111,,false,ok,NSW=0 complex; converged relaxed references; matching composition,-0.2164471,/pscratch/sd/j/jcho5/VASP/dft_jobs/CH3OCH3_Cu111/singlepoint/PBE_D3,0,/pscratch/sd/j/jcho5/VASP/completion_runs/matched_potential_slabs_20260915/slab/Cu111_6058af94f0/pbe_d3,/pscratch/sd/j/jcho5/VASP/completion_runs/dme_references_davidson_20260915/molecule/DME/PBE_D3,-293.20948855,-246.56952283,-46.42351862,500,500,converged,833d893580df78db15b19f8e3f9b0b515ab13c8a095cc0916c5abf55a2211420,true
Cu111,DME,r2scan,CH3OCH3_Cu111,,false,ok,NSW=0 complex; converged relaxed references; matching composition,0.10400366,/pscratch/sd/j/jcho5/VASP/dft_jobs/CH3OCH3_Cu111/singlepoint/r2scan,0,/pscratch/sd/j/jcho5/VASP/completion_runs/matched_potential_slabs_20260915/slab/Cu111_96724abedd/r2scan,/pscratch/sd/j/jcho5/VASP/vasp_mol/CH3OCH3/r2scan,-724.46680279,-675.43021718,-49.14058927,500,500,converged,833d893580df78db15b19f8e3f9b0b515ab13c8a095cc0916c5abf55a2211420,true
Cu111,H2O,beef_vdw,H2O_Cu111,,false,ok,NSW=0 complex; converged relaxed references; matching composition,-0.11192136,/pscratch/sd/j/jcho5/VASP/dft_jobs/H2O_Cu111/singlepoint/beef_vdw,0,/pscratch/sd/j/jcho5/VASP/completion_runs/matched_potential_slabs_20260915/slab/Cu111_11f50e50d8/beef_vdw,/pscratch/sd/j/jcho5/VASP/vasp_mol/H2O/beef_vdw,-27.21518132,-14.59994315,-12.50331681,500,500,converged,39f46b3c56dfe187c44ec94727c793369ef20697c9abe9ed4ea5a87bf9ec1cb8,true
Cu111,H2O,pbe,H2O_Cu111,,false,ok,NSW=0 complex; converged relaxed references; matching composition,-0.05968903,/pscratch/sd/j/jcho5/VASP/dft_jobs/H2O_Cu111/singlepoint/PBE,0,/pscratch/sd/j/jcho5/VASP/completion_runs/matched_potential_slabs_20260915/slab/Cu111_28f90def6e/pbe,/pscratch/sd/j/jcho5/VASP/vasp_mol/H2O/PBE,-238.36031733,-224.08285313,-14.21777517,500,500,converged,39f46b3c56dfe187c44ec94727c793369ef20697c9abe9ed4ea5a87bf9ec1cb8,true
Cu111,H2O,pbe_d3,H2O_Cu111,,false,ok,NSW=0 complex; converged relaxed references; matching composition,-0.17547923,/pscratch/sd/j/jcho5/VASP/dft_jobs/H2O_Cu111/singlepoint/PBE_D3,0,/pscratch/sd/j/jcho5/VASP/completion_runs/matched_potential_slabs_20260915/slab/Cu111_6058af94f0/pbe_d3,/pscratch/sd/j/jcho5/VASP/vasp_mol/H2O/PBE_D3,-260.96288984,-246.56952283,-14.21788778,500,500,converged,39f46b3c56dfe187c44ec94727c793369ef20697c9abe9ed4ea5a87bf9ec1cb8,true
Cu111,H2O,r2scan,H2O_Cu111,,false,ok,NSW=0 complex; converged relaxed references; matching composition,0.08301769,/pscratch/sd/j/jcho5/VASP/dft_jobs/H2O_Cu111/singlepoint/r2scan,0,/pscratch/sd/j/jcho5/VASP/completion_runs/matched_potential_slabs_20260915/slab/Cu111_96724abedd/r2scan,/pscratch/sd/j/jcho5/VASP/vasp_mol/H2O/r2scan,-690.67961889,-675.43021718,-15.3324194,500,500,converged,39f46b3c56dfe187c44ec94727c793369ef20697c9abe9ed4ea5a87bf9ec1cb8,true
Cu111,H2S,beef_vdw,H2S_Cu111,,false,ok,NSW=0 complex; converged relaxed references; matching composition,-0.20028996,/pscratch/sd/j/jcho5/VASP/dft_jobs/H2S_Cu111/singlepoint/beef_vdw,0,/pscratch/sd/j/jcho5/VASP/completion_runs/matched_potential_slabs_20260915/slab/Cu111_11f50e50d8/beef_vdw,/pscratch/sd/j/jcho5/VASP/vasp_mol/H2S/beef_vdw,-24.41440936,-14.59994315,-9.61417625,500,500,converged,8f11c969c221dc1514e8343832ebfa05a695c2918c1640f8fd34810984297650,true
Cu111,H2S,pbe,H2S_Cu111,,false,ok,NSW=0 complex; converged relaxed references; matching composition,-0.06379553,/pscratch/sd/j/jcho5/VASP/dft_jobs/H2S_Cu111/singlepoint/PBE,0,/pscratch/sd/j/jcho5/VASP/completion_runs/matched_potential_slabs_20260915/slab/Cu111_28f90def6e/pbe,/pscratch/sd/j/jcho5/VASP/vasp_mol/H2S/PBE,-235.34574335,-224.08285313,-11.19909469,500,500,converged,8f11c969c221dc1514e8343832ebfa05a695c2918c1640f8fd34810984297650,true
Cu111,H2S,pbe_d3,H2S_Cu111,,false,ok,NSW=0 complex; converged relaxed references; matching composition,-0.33390637,/pscratch/sd/j/jcho5/VASP/dft_jobs/H2S_Cu111/singlepoint/PBE_D3,0,/pscratch/sd/j/jcho5/VASP/completion_runs/matched_potential_slabs_20260915/slab/Cu111_6058af94f0/pbe_d3,/pscratch/sd/j/jcho5/VASP/vasp_mol/H2S/PBE_D3,-258.10319571,-246.56952283,-11.19976651,500,500,converged,8f11c969c221dc1514e8343832ebfa05a695c2918c1640f8fd34810984297650,true
Cu111,H2S,r2scan,H2S_Cu111,,false,ok,NSW=0 complex; converged relaxed references; matching composition,0.05749916,/pscratch/sd/j/jcho5/VASP/dft_jobs/H2S_Cu111/singlepoint/r2scan,0,/pscratch/sd/j/jcho5/VASP/completion_runs/matched_potential_slabs_20260915/slab/Cu111_96724abedd/r2scan,/pscratch/sd/j/jcho5/VASP/vasp_mol/H2S/r2scan,-690.59886912,-675.43021718,-15.2261511,500,500,converged,8f11c969c221dc1514e8343832ebfa05a695c2918c1640f8fd34810984297650,true
Cu111,N2,beef_vdw,N2_Cu111,,false,ok,NSW=0 complex; converged relaxed references; matching composition,-0.05704813,/pscratch/sd/j/jcho5/VASP/dft_jobs/N2_Cu111/singlepoint/beef_vdw,0,/pscratch/sd/j/jcho5/VASP/completion_runs/matched_potential_slabs_20260915/slab/Cu111_11f50e50d8/beef_vdw,/pscratch/sd/j/jcho5/VASP/vasp_mol/N2/beef_vdw,-28.22031873,-14.59994315,-13.56332745,500,500,converged,82cb5bf858bc34b89dfaf614e24c07202236c4bb3074de8d5bdb57d2c4800ba0,true
Cu111,N2,pbe,N2_Cu111,,false,ok,NSW=0 complex; converged relaxed references; matching composition,0.00193646,/pscratch/sd/j/jcho5/VASP/dft_jobs/N2_Cu111/singlepoint/PBE,0,/pscratch/sd/j/jcho5/VASP/completion_runs/matched_potential_slabs_20260915/slab/Cu111_28f90def6e/pbe,/pscratch/sd/j/jcho5/VASP/vasp_mol/N2/PBE,-240.70894158,-224.08285313,-16.62802491,500,500,converged,82cb5bf858bc34b89dfaf614e24c07202236c4bb3074de8d5bdb57d2c4800ba0,true
Cu111,N2,pbe_d3,N2_Cu111,,false,ok,NSW=0 complex; converged relaxed references; matching composition,0.01549006,/pscratch/sd/j/jcho5/VASP/dft_jobs/N2_Cu111/singlepoint/PBE_D3,0,/pscratch/sd/j/jcho5/VASP/completion_runs/matched_potential_slabs_20260915/slab/Cu111_6058af94f0/pbe_d3,/pscratch/sd/j/jcho5/VASP/vasp_mol/N2/PBE_D3,-263.18206627,-246.56952283,-16.6280335,500,500,converged,82cb5bf858bc34b89dfaf614e24c07202236c4bb3074de8d5bdb57d2c4800ba0,true
Cu111,N2,r2scan,N2_Cu111,,false,ok,NSW=0 complex; converged relaxed references; matching composition,0.20254814,/pscratch/sd/j/jcho5/VASP/dft_jobs/N2_Cu111/singlepoint/r2scan,0,/pscratch/sd/j/jcho5/VASP/completion_runs/matched_potential_slabs_20260915/slab/Cu111_96724abedd/r2scan,/pscratch/sd/j/jcho5/VASP/vasp_mol/N2/r2scan,-693.421863,-675.43021718,-18.19419396,500,500,converged,82cb5bf858bc34b89dfaf614e24c07202236c4bb3074de8d5bdb57d2c4800ba0,true
Cu111,NH3,beef_vdw,NH3_Cu111,,false,ok,NSW=0 complex; converged relaxed references; matching composition,-0.52120069,/pscratch/sd/j/jcho5/VASP/dft_jobs/NH3_Cu111/singlepoint/beef_vdw,0,/pscratch/sd/j/jcho5/VASP/completion_runs/matched_potential_slabs_20260915/slab/Cu111_11f50e50d8/beef_vdw,/pscratch/sd/j/jcho5/VASP/vasp_mol/NH3/beef_vdw,-33.25862126,-14.59994315,-18.13747742,500,500,converged,96f22f4470fb90788abcfb575be6d43f5847b362ba9439112766b69591cb46d8,true
Cu111,NH3,pbe,NH3_Cu111,,false,ok,NSW=0 complex; converged relaxed references; matching composition,-0.48773619,/pscratch/sd/j/jcho5/VASP/dft_jobs/NH3_Cu111/singlepoint/PBE,0,/pscratch/sd/j/jcho5/VASP/completion_runs/matched_potential_slabs_20260915/slab/Cu111_28f90def6e/pbe,/pscratch/sd/j/jcho5/VASP/vasp_mol/NH3/PBE,-244.10579032,-224.08285313,-19.535201,500,500,converged,96f22f4470fb90788abcfb575be6d43f5847b362ba9439112766b69591cb46d8,true
Cu111,NH3,pbe_d3,NH3_Cu111,,false,ok,NSW=0 complex; converged relaxed references; matching composition,-0.75030522,/pscratch/sd/j/jcho5/VASP/dft_jobs/NH3_Cu111/singlepoint/PBE_D3,0,/pscratch/sd/j/jcho5/VASP/completion_runs/matched_potential_slabs_20260915/slab/Cu111_6058af94f0/pbe_d3,/pscratch/sd/j/jcho5/VASP/vasp_mol/NH3/PBE_D3,-266.8555312,-246.56952283,-19.53570315,500,500,converged,96f22f4470fb90788abcfb575be6d43f5847b362ba9439112766b69591cb46d8,true
Cu111,NH3,r2scan,NH3_Cu111,,false,ok,NSW=0 complex; converged relaxed references; matching composition,-0.45584146,/pscratch/sd/j/jcho5/VASP/dft_jobs/NH3_Cu111/singlepoint/r2scan,0,/pscratch/sd/j/jcho5/VASP/completion_runs/matched_potential_slabs_20260915/slab/Cu111_96724abedd/r2scan,/pscratch/sd/j/jcho5/VASP/vasp_mol/NH3/r2scan,-696.40440598,-675.43021718,-20.51834734,500,500,converged,96f22f4470fb90788abcfb575be6d43f5847b362ba9439112766b69591cb46d8,true
Cu111,NO,pbe,NO_Cu111,,false,ok,NSW=0 complex; converged relaxed references; matching composition,-1.54704808,/pscratch/sd/j/jcho5/VASP/dft_jobs/NO_Cu111/singlepoint/PBE,0,/pscratch/sd/j/jcho5/VASP/completion_runs/matched_potential_slabs_20260915/slab/Cu111_28f90def6e/pbe,/pscratch/sd/j/jcho5/VASP/vasp_mol/NO/PBE,-237.57607506,-224.08285313,-11.94617385,500,500,converged,f9ceb8f01e1d703bd01457b9a40b0ac30fb463d11733e82c935557ca4321cbd3,true
Cu111,NO,pbe_d3,NO_Cu111,,false,ok,NSW=0 complex; converged relaxed references; matching composition,-1.67799132,/pscratch/sd/j/jcho5/VASP/dft_jobs/NO_Cu111/singlepoint/PBE_D3,0,/pscratch/sd/j/jcho5/VASP/completion_runs/matched_potential_slabs_20260915/slab/Cu111_6058af94f0/pbe_d3,/pscratch/sd/j/jcho5/VASP/vasp_mol/NO/PBE_D3,-260.19370349,-246.56952283,-11.94618934,500,500,converged,f9ceb8f01e1d703bd01457b9a40b0ac30fb463d11733e82c935557ca4321cbd3,true
Cu111,SO2,beef_vdw,SO2_Cu111,,false,ok,NSW=0 complex; converged relaxed references; matching composition,-0.66605053,/pscratch/sd/j/jcho5/VASP/dft_jobs/SO2_Cu111/singlepoint/beef_vdw,0,/pscratch/sd/j/jcho5/VASP/completion_runs/matched_potential_slabs_20260915/slab/Cu111_11f50e50d8/beef_vdw,/pscratch/sd/j/jcho5/VASP/vasp_mol/SO2/beef_vdw,-26.93685374,-14.59994315,-11.67086006,500,500,converged,2f6280e1875de731752bcd29eef66b0758b8b226b7ba932026687873da45955a,true
Cu111,SO2,pbe,SO2_Cu111,,false,ok,NSW=0 complex; converged relaxed references; matching composition,-0.52005,/pscratch/sd/j/jcho5/VASP/dft_jobs/SO2_Cu111/singlepoint/PBE,0,/pscratch/sd/j/jcho5/VASP/completion_runs/matched_potential_slabs_20260915/slab/Cu111_28f90def6e/pbe,/pscratch/sd/j/jcho5/VASP/vasp_mol/SO2/PBE,-241.64435108,-224.08285313,-17.04144795,500,500,converged,2f6280e1875de731752bcd29eef66b0758b8b226b7ba932026687873da45955a,true
Cu111,SO2,pbe_d3,SO2_Cu111,,false,ok,NSW=0 complex; converged relaxed references; matching composition,-0.92477809,/pscratch/sd/j/jcho5/VASP/dft_jobs/SO2_Cu111/singlepoint/PBE_D3,0,/pscratch/sd/j/jcho5/VASP/completion_runs/matched_potential_slabs_20260915/slab/Cu111_6058af94f0/pbe_d3,/pscratch/sd/j/jcho5/VASP/vasp_mol/SO2/PBE_D3,-264.53939256,-246.56952283,-17.04509164,500,500,converged,2f6280e1875de731752bcd29eef66b0758b8b226b7ba932026687873da45955a,true
Cu111,SO2,r2scan,SO2_Cu111,,false,ok,NSW=0 complex; converged relaxed references; matching composition,-0.80648685,/pscratch/sd/j/jcho5/VASP/dft_jobs/SO2_Cu111/singlepoint/r2scan,0,/pscratch/sd/j/jcho5/VASP/completion_runs/matched_potential_slabs_20260915/slab/Cu111_96724abedd/r2scan,/pscratch/sd/j/jcho5/VASP/vasp_mol/SO2/r2scan,-699.097273,-675.43021718,-22.86056897,500,500,converged,2f6280e1875de731752bcd29eef66b0758b8b226b7ba932026687873da45955a,true
Cu111,acetaldehyde,beef_vdw,CH3CHO_Cu111,,false,ok,NSW=0 complex; converged relaxed references; matching composition,-0.3115723,/pscratch/sd/j/jcho5/VASP/dft_jobs/CH3CHO_Cu111/singlepoint/beef_vdw,0,/pscratch/sd/j/jcho5/VASP/completion_runs/matched_potential_slabs_20260915/slab/Cu111_11f50e50d8/beef_vdw,/pscratch/sd/j/jcho5/VASP/vasp_mol/CH3CHO/beef_vdw,-49.7850422,-14.59994315,-34.87352675,500,500,converged,863ac5924850a83f68cffcecefed7b2bb335e6d5192d85a63a46636b3e5afe8d,true
Cu111,acetaldehyde,pbe,CH3CHO_Cu111,,false,ok,NSW=0 complex; converged relaxed references; matching composition,-0.14417606,/pscratch/sd/j/jcho5/VASP/dft_jobs/CH3CHO_Cu111/singlepoint/PBE,0,/pscratch/sd/j/jcho5/VASP/completion_runs/matched_potential_slabs_20260915/slab/Cu111_28f90def6e/pbe,/pscratch/sd/j/jcho5/VASP/vasp_mol/CH3CHO/PBE,-263.33644506,-224.08285313,-39.10941587,500,500,converged,863ac5924850a83f68cffcecefed7b2bb335e6d5192d85a63a46636b3e5afe8d,true
Cu111,acetaldehyde,pbe_d3,CH3CHO_Cu111,,false,ok,NSW=0 complex; converged relaxed references; matching composition,-0.34757773,/pscratch/sd/j/jcho5/VASP/dft_jobs/CH3CHO_Cu111/singlepoint/PBE_D3,0,/pscratch/sd/j/jcho5/VASP/completion_runs/matched_potential_slabs_20260915/slab/Cu111_6058af94f0/pbe_d3,/pscratch/sd/j/jcho5/VASP/vasp_mol/CH3CHO/PBE_D3,-286.05536556,-246.56952283,-39.138265,500,500,converged,863ac5924850a83f68cffcecefed7b2bb335e6d5192d85a63a46636b3e5afe8d,true
Cu111,acetaldehyde,r2scan,CH3CHO_Cu111,,false,ok,NSW=0 complex; converged relaxed references; matching composition,-0.12291397,/pscratch/sd/j/jcho5/VASP/dft_jobs/CH3CHO_Cu111/singlepoint/r2scan,0,/pscratch/sd/j/jcho5/VASP/completion_runs/matched_potential_slabs_20260915/slab/Cu111_96724abedd/r2scan,/pscratch/sd/j/jcho5/VASP/vasp_mol/CH3CHO/r2scan,-717.22791212,-675.43021718,-41.67478097,500,500,converged,863ac5924850a83f68cffcecefed7b2bb335e6d5192d85a63a46636b3e5afe8d,true
Cu111,acetic_acid,beef_vdw,CH3COOH_Cu111,,false,ok,NSW=0 complex; converged relaxed references; matching composition,-0.4182261,/pscratch/sd/j/jcho5/VASP/dft_jobs/CH3COOH_Cu111/singlepoint/beef_vdw,0,/pscratch/sd/j/jcho5/VASP/completion_runs/matched_potential_slabs_20260915/slab/Cu111_11f50e50d8/beef_vdw,/pscratch/sd/j/jcho5/VASP/vasp_mol/CH3COOH/beef_vdw,-55.59650635,-14.59994315,-40.5783371,500,500,converged,706369b145cfd7d17408e7cd838ce7b89f687ef37ef8a1e928f9159bf235acda,true
Cu111,acetic_acid,r2scan,CH3COOH_Cu111,,false,ok,NSW=0 complex; converged relaxed references; matching composition,-0.24733098,/pscratch/sd/j/jcho5/VASP/dft_jobs/CH3COOH_Cu111/singlepoint/r2scan,0,/pscratch/sd/j/jcho5/VASP/completion_runs/matched_potential_slabs_20260915/slab/Cu111_96724abedd/r2scan,/pscratch/sd/j/jcho5/VASP/vasp_mol/CH3COOH/r2scan,-726.0280515,-675.43021718,-50.35050334,500,500,converged,706369b145cfd7d17408e7cd838ce7b89f687ef37ef8a1e928f9159bf235acda,true
Cu111,ethane,beef_vdw,C2H6_Cu111,,false,ok,NSW=0 complex; converged relaxed references; matching composition,-0.22630897,/pscratch/sd/j/jcho5/VASP/dft_jobs/C2H6_Cu111/singlepoint/beef_vdw,0,/pscratch/sd/j/jcho5/VASP/completion_runs/matched_potential_slabs_20260915/slab/Cu111_11f50e50d8/beef_vdw,/pscratch/sd/j/jcho5/VASP/vasp_mol/C2H6/beef_vdw,-53.05548276,-14.59994315,-38.22923064,500,500,converged,3591695142ba152b31a28809a8e5ef5953f6d1b89439cfabb05afe2d170fdf28,true
Cu111,ethane,pbe,C2H6_Cu111,,false,ok,NSW=0 complex; converged relaxed references; matching composition,-0.01205185,/pscratch/sd/j/jcho5/VASP/dft_jobs/C2H6_Cu111/singlepoint/PBE,0,/pscratch/sd/j/jcho5/VASP/completion_runs/matched_potential_slabs_20260915/slab/Cu111_28f90def6e/pbe,/pscratch/sd/j/jcho5/VASP/vasp_mol/C2H6/PBE,-264.59452177,-224.08285313,-40.49961679,500,500,converged,3591695142ba152b31a28809a8e5ef5953f6d1b89439cfabb05afe2d170fdf28,true
Cu111,ethane,pbe_d3,C2H6_Cu111,,false,ok,NSW=0 complex; converged relaxed references; matching composition,-0.23199713,/pscratch/sd/j/jcho5/VASP/dft_jobs/C2H6_Cu111/singlepoint/PBE_D3,0,/pscratch/sd/j/jcho5/VASP/completion_runs/matched_potential_slabs_20260915/slab/Cu111_6058af94f0/pbe_d3,/pscratch/sd/j/jcho5/VASP/vasp_mol/C2H6/PBE_D3,-287.32759455,-246.56952283,-40.52607459,500,500,converged,3591695142ba152b31a28809a8e5ef5953f6d1b89439cfabb05afe2d170fdf28,true
Cu111,ethane,r2scan,C2H6_Cu111,,false,ok,NSW=0 complex; converged relaxed references; matching composition,0.12773705,/pscratch/sd/j/jcho5/VASP/dft_jobs/C2H6_Cu111/singlepoint/r2scan,0,/pscratch/sd/j/jcho5/VASP/completion_runs/matched_potential_slabs_20260915/slab/Cu111_96724abedd/r2scan,/pscratch/sd/j/jcho5/VASP/vasp_mol/C2H6/r2scan,-717.55817596,-675.43021718,-42.25569583,500,500,converged,3591695142ba152b31a28809a8e5ef5953f6d1b89439cfabb05afe2d170fdf28,true
Cu111,ethanol,beef_vdw,CH3CH2OH_Cu111,,false,ok,NSW=0 complex; converged relaxed references; matching composition,-0.35835421,/pscratch/sd/j/jcho5/VASP/dft_jobs/CH3CH2OH_Cu111/singlepoint/beef_vdw,0,/pscratch/sd/j/jcho5/VASP/completion_runs/matched_potential_slabs_20260915/slab/Cu111_11f50e50d8/beef_vdw,/pscratch/sd/j/jcho5/VASP/vasp_mol/CH3CH2OH/beef_vdw,-57.70851284,-14.59994315,-42.75021548,500,500,converged,e19bd7f03ef7d3f29a64dc8eb72d2ad61e6193a9c3ee7fc1e6a9389a8df583dc,true
Cu111,ethanol,pbe,CH3CH2OH_Cu111,,false,ok,NSW=0 complex; converged relaxed references; matching composition,-0.10665859,/pscratch/sd/j/jcho5/VASP/dft_jobs/CH3CH2OH_Cu111/singlepoint/PBE,0,/pscratch/sd/j/jcho5/VASP/completion_runs/matched_potential_slabs_20260915/slab/Cu111_28f90def6e/pbe,/pscratch/sd/j/jcho5/VASP/vasp_mol/CH3CH2OH/PBE,-271.06537413,-224.08285313,-46.87586241,500,500,converged,e19bd7f03ef7d3f29a64dc8eb72d2ad61e6193a9c3ee7fc1e6a9389a8df583dc,true
Cu111,ethanol,pbe_d3,CH3CH2OH_Cu111,,false,ok,NSW=0 complex; converged relaxed references; matching composition,-0.35955086,/pscratch/sd/j/jcho5/VASP/dft_jobs/CH3CH2OH_Cu111/singlepoint/PBE_D3,0,/pscratch/sd/j/jcho5/VASP/completion_runs/matched_potential_slabs_20260915/slab/Cu111_6058af94f0/pbe_d3,/pscratch/sd/j/jcho5/VASP/vasp_mol/CH3CH2OH/PBE_D3,-293.85203797,-246.56952283,-46.92296428,500,500,converged,e19bd7f03ef7d3f29a64dc8eb72d2ad61e6193a9c3ee7fc1e6a9389a8df583dc,true
Cu111,ethanol,r2scan,CH3CH2OH_Cu111,,false,ok,NSW=0 complex; converged relaxed references; matching composition,-0.0299997,/pscratch/sd/j/jcho5/VASP/dft_jobs/CH3CH2OH_Cu111/singlepoint/r2scan,0,/pscratch/sd/j/jcho5/VASP/completion_runs/matched_potential_slabs_20260915/slab/Cu111_96724abedd/r2scan,/pscratch/sd/j/jcho5/VASP/vasp_mol/CH3CH2OH/r2scan,-725.09980946,-675.43021718,-49.63959258,500,500,converged,e19bd7f03ef7d3f29a64dc8eb72d2ad61e6193a9c3ee7fc1e6a9389a8df583dc,true
Cu111,ethene,beef_vdw,C2H4_Cu111,,false,ok,NSW=0 complex; converged relaxed references; matching composition,-0.22905529,/pscratch/sd/j/jcho5/VASP/dft_jobs/C2H4_Cu111/singlepoint/beef_vdw,0,/pscratch/sd/j/jcho5/VASP/completion_runs/matched_potential_slabs_20260915/slab/Cu111_11f50e50d8/beef_vdw,/pscratch/sd/j/jcho5/VASP/vasp_mol/C2H4/beef_vdw,-44.4106649,-14.59994315,-29.58166646,500,500,converged,3aec20cf0364d31e8334b181e1fb49e120a0ebbe3931b7666d973dc1885df7ba,true
Cu111,ethene,pbe,C2H4_Cu111,,false,ok,NSW=0 complex; converged relaxed references; matching composition,-0.03161161,/pscratch/sd/j/jcho5/VASP/dft_jobs/C2H4_Cu111/singlepoint/PBE,0,/pscratch/sd/j/jcho5/VASP/completion_runs/matched_potential_slabs_20260915/slab/Cu111_28f90def6e/pbe,/pscratch/sd/j/jcho5/VASP/vasp_mol/C2H4/PBE,-256.08510874,-224.08285313,-31.970644,500,500,converged,3aec20cf0364d31e8334b181e1fb49e120a0ebbe3931b7666d973dc1885df7ba,true
Cu111,ethene,pbe_d3,C2H4_Cu111,,false,ok,NSW=0 complex; converged relaxed references; matching composition,-0.21085338,/pscratch/sd/j/jcho5/VASP/dft_jobs/C2H4_Cu111/singlepoint/PBE_D3,0,/pscratch/sd/j/jcho5/VASP/completion_runs/matched_potential_slabs_20260915/slab/Cu111_6058af94f0/pbe_d3,/pscratch/sd/j/jcho5/VASP/vasp_mol/C2H4/PBE_D3,-278.76356581,-246.56952283,-31.9831896,500,500,converged,3aec20cf0364d31e8334b181e1fb49e120a0ebbe3931b7666d973dc1885df7ba,true
Cu111,ethene,r2scan,C2H4_Cu111,,false,ok,NSW=0 complex; converged relaxed references; matching composition,0.10479226,/pscratch/sd/j/jcho5/VASP/dft_jobs/C2H4_Cu111/singlepoint/r2scan,0,/pscratch/sd/j/jcho5/VASP/completion_runs/matched_potential_slabs_20260915/slab/Cu111_96724abedd/r2scan,/pscratch/sd/j/jcho5/VASP/vasp_mol/C2H4/r2scan,-708.87398368,-675.43021718,-33.54855876,500,500,converged,3aec20cf0364d31e8334b181e1fb49e120a0ebbe3931b7666d973dc1885df7ba,true
Cu111,formaldehyde,beef_vdw,H2CO_Cu111,,false,ok,NSW=0 complex; converged relaxed references; matching composition,-0.23003801,/pscratch/sd/j/jcho5/VASP/dft_jobs/H2CO_Cu111/singlepoint/beef_vdw,0,/pscratch/sd/j/jcho5/VASP/completion_runs/matched_potential_slabs_20260915/slab/Cu111_11f50e50d8/beef_vdw,/pscratch/sd/j/jcho5/VASP/vasp_mol/H2CO/beef_vdw,-33.97687375,-14.59994315,-19.14689259,500,500,converged,ceb3e989f17800abf79215a501c5b2d2af92216d268a9ec28edc80c71e6e1279,true
Cu111,formaldehyde,pbe,H2CO_Cu111,,false,ok,NSW=0 complex; converged relaxed references; matching composition,-0.0683469,/pscratch/sd/j/jcho5/VASP/dft_jobs/H2CO_Cu111/singlepoint/PBE,0,/pscratch/sd/j/jcho5/VASP/completion_runs/matched_potential_slabs_20260915/slab/Cu111_28f90def6e/pbe,/pscratch/sd/j/jcho5/VASP/vasp_mol/H2CO/PBE,-246.28144126,-224.08285313,-22.13024123,500,500,converged,ceb3e989f17800abf79215a501c5b2d2af92216d268a9ec28edc80c71e6e1279,true
Cu111,formaldehyde,pbe_d3,H2CO_Cu111,,false,ok,NSW=0 complex; converged relaxed references; matching composition,-0.18060774,/pscratch/sd/j/jcho5/VASP/dft_jobs/H2CO_Cu111/singlepoint/PBE_D3,0,/pscratch/sd/j/jcho5/VASP/completion_runs/matched_potential_slabs_20260915/slab/Cu111_6058af94f0/pbe_d3,/pscratch/sd/j/jcho5/VASP/vasp_mol/H2CO/PBE_D3,-268.88564216,-246.56952283,-22.13551159,500,500,converged,ceb3e989f17800abf79215a501c5b2d2af92216d268a9ec28edc80c71e6e1279,true
Cu111,formaldehyde,r2scan,H2CO_Cu111,,false,ok,NSW=0 complex; converged relaxed references; matching composition,0.04595148,/pscratch/sd/j/jcho5/VASP/dft_jobs/H2CO_Cu111/singlepoint/r2scan,0,/pscratch/sd/j/jcho5/VASP/completion_runs/matched_potential_slabs_20260915/slab/Cu111_96724abedd/r2scan,/pscratch/sd/j/jcho5/VASP/vasp_mol/H2CO/r2scan,-699.25175215,-675.43021718,-23.86748645,500,500,converged,ceb3e989f17800abf79215a501c5b2d2af92216d268a9ec28edc80c71e6e1279,true
Cu111,formic_acid,beef_vdw,HCOOH_Cu111_top,top,false,ok,NSW=0 complex; converged relaxed references; matching composition,-0.30283602,/pscratch/sd/j/jcho5/VASP/dft_jobs/HCOOH_Cu111_top/singlepoint/beef_vdw,0,/pscratch/sd/j/jcho5/VASP/completion_runs/matched_potential_slabs_20260915/slab/Cu111_11f50e50d8/beef_vdw,/pscratch/sd/j/jcho5/VASP/vasp_mol/HCOOH/beef_vdw,-39.85502449,-14.59994315,-24.95224532,500,500,converged,3502542ad23fa21bffd6f20c7dadaf548883d2524752de2a8b8259bd8ed8a6c6,true
Cu111,formic_acid,pbe,HCOOH_Cu111_top,top,false,ok,NSW=0 complex; converged relaxed references; matching composition,-0.12762866,/pscratch/sd/j/jcho5/VASP/dft_jobs/HCOOH_Cu111_top/singlepoint/PBE,0,/pscratch/sd/j/jcho5/VASP/completion_runs/matched_potential_slabs_20260915/slab/Cu111_28f90def6e/pbe,/pscratch/sd/j/jcho5/VASP/vasp_mol/HCOOH/PBE,-254.09027614,-224.08285313,-29.87979435,500,500,converged,3502542ad23fa21bffd6f20c7dadaf548883d2524752de2a8b8259bd8ed8a6c6,true
Cu111,formic_acid,pbe_d3,HCOOH_Cu111_top,top,false,ok,NSW=0 complex; converged relaxed references; matching composition,-0.33046614,/pscratch/sd/j/jcho5/VASP/dft_jobs/HCOOH_Cu111_top/singlepoint/PBE_D3,0,/pscratch/sd/j/jcho5/VASP/completion_runs/matched_potential_slabs_20260915/slab/Cu111_6058af94f0/pbe_d3,/pscratch/sd/j/jcho5/VASP/vasp_mol/HCOOH/PBE_D3,-276.79358435,-246.56952283,-29.89359538,500,500,converged,3502542ad23fa21bffd6f20c7dadaf548883d2524752de2a8b8259bd8ed8a6c6,true
Cu111,formic_acid,r2scan,HCOOH_Cu111_top,top,false,ok,NSW=0 complex; converged relaxed references; matching composition,-0.01720029,/pscratch/sd/j/jcho5/VASP/dft_jobs/HCOOH_Cu111_top/singlepoint/r2scan,0,/pscratch/sd/j/jcho5/VASP/completion_runs/matched_potential_slabs_20260915/slab/Cu111_96724abedd/r2scan,/pscratch/sd/j/jcho5/VASP/vasp_mol/HCOOH/r2scan,-708.08131907,-675.43021718,-32.6339016,500,500,converged,3502542ad23fa21bffd6f20c7dadaf548883d2524752de2a8b8259bd8ed8a6c6,true
Cu111,methane,beef_vdw,CH4_Cu111,,false,ok,NSW=0 complex; converged relaxed references; matching composition,-0.13548807,/pscratch/sd/j/jcho5/VASP/dft_jobs/CH4_Cu111/singlepoint/beef_vdw,0,/pscratch/sd/j/jcho5/VASP/completion_runs/matched_potential_slabs_20260915/slab/Cu111_11f50e50d8/beef_vdw,/pscratch/sd/j/jcho5/VASP/vasp_mol/CH4/beef_vdw,-37.72116723,-14.59994315,-22.98573601,500,500,converged,c3dd514c68cfc36b5cd6e41097e9aa62789496db93f5b600c4033d1cef10d85e,true
Cu111,methane,pbe,CH4_Cu111,,false,ok,NSW=0 complex; converged relaxed references; matching composition,-0.00295517,/pscratch/sd/j/jcho5/VASP/dft_jobs/CH4_Cu111/singlepoint/PBE,0,/pscratch/sd/j/jcho5/VASP/completion_runs/matched_potential_slabs_20260915/slab/Cu111_28f90def6e/pbe,/pscratch/sd/j/jcho5/VASP/vasp_mol/CH4/PBE,-248.12141162,-224.08285313,-24.03560332,500,500,converged,c3dd514c68cfc36b5cd6e41097e9aa62789496db93f5b600c4033d1cef10d85e,true
Cu111,methane,pbe_d3,CH4_Cu111,,false,ok,NSW=0 complex; converged relaxed references; matching composition,-0.1109521,/pscratch/sd/j/jcho5/VASP/dft_jobs/CH4_Cu111/singlepoint/PBE_D3,0,/pscratch/sd/j/jcho5/VASP/completion_runs/matched_potential_slabs_20260915/slab/Cu111_6058af94f0/pbe_d3,/pscratch/sd/j/jcho5/VASP/vasp_mol/CH4/PBE_D3,-270.71811082,-246.56952283,-24.03763589,500,500,converged,c3dd514c68cfc36b5cd6e41097e9aa62789496db93f5b600c4033d1cef10d85e,true
Cu111,methane,r2scan,CH4_Cu111,,false,ok,NSW=0 complex; converged relaxed references; matching composition,0.15234749,/pscratch/sd/j/jcho5/VASP/dft_jobs/CH4_Cu111/singlepoint/r2scan,0,/pscratch/sd/j/jcho5/VASP/completion_runs/matched_potential_slabs_20260915/slab/Cu111_96724abedd/r2scan,/pscratch/sd/j/jcho5/VASP/vasp_mol/CH4/r2scan,-700.26577286,-675.43021718,-24.98790317,500,500,converged,c3dd514c68cfc36b5cd6e41097e9aa62789496db93f5b600c4033d1cef10d85e,true
Cu111,methanol,beef_vdw,CH3OH_Cu111_top,top,false,ok,NSW=0 complex; converged relaxed references; matching composition,-0.336281,/pscratch/sd/j/jcho5/VASP/dft_jobs/CH3OH_Cu111_top/singlepoint/beef_vdw,0,/pscratch/sd/j/jcho5/VASP/completion_runs/matched_potential_slabs_20260915/slab/Cu111_11f50e50d8/beef_vdw,/pscratch/sd/j/jcho5/VASP/vasp_mol/CH3OH/beef_vdw,-42.2302705,-14.59994315,-27.29404635,500,500,converged,1fe3189213f78be76acec873a0b34583e4471a3d0f91c399557a5e046c5c2952,true
Cu111,methanol,pbe,CH3OH_Cu111_top,top,false,ok,NSW=0 complex; converged relaxed references; matching composition,-0.1548648,/pscratch/sd/j/jcho5/VASP/dft_jobs/CH3OH_Cu111_top/singlepoint/PBE,0,/pscratch/sd/j/jcho5/VASP/completion_runs/matched_potential_slabs_20260915/slab/Cu111_28f90def6e/pbe,/pscratch/sd/j/jcho5/VASP/vasp_mol/CH3OH/PBE,-254.44629028,-224.08285313,-30.20857235,500,500,converged,1fe3189213f78be76acec873a0b34583e4471a3d0f91c399557a5e046c5c2952,true
Cu111,methanol,pbe_d3,CH3OH_Cu111_top,top,false,ok,NSW=0 complex; converged relaxed references; matching composition,-0.36909233,/pscratch/sd/j/jcho5/VASP/dft_jobs/CH3OH_Cu111_top/singlepoint/PBE_D3,0,/pscratch/sd/j/jcho5/VASP/completion_runs/matched_potential_slabs_20260915/slab/Cu111_6058af94f0/pbe_d3,/pscratch/sd/j/jcho5/VASP/vasp_mol/CH3OH/PBE_D3,-277.16224049,-246.56952283,-30.22362533,500,500,converged,1fe3189213f78be76acec873a0b34583e4471a3d0f91c399557a5e046c5c2952,true
Cu111,methanol,r2scan,CH3OH_Cu111_top,top,false,ok,NSW=0 complex; converged relaxed references; matching composition,-0.11400296,/pscratch/sd/j/jcho5/VASP/dft_jobs/CH3OH_Cu111_top/singlepoint/r2scan,0,/pscratch/sd/j/jcho5/VASP/completion_runs/matched_potential_slabs_20260915/slab/Cu111_96724abedd/r2scan,/pscratch/sd/j/jcho5/VASP/vasp_mol/CH3OH/r2scan,-707.68074868,-675.43021718,-32.13652854,500,500,converged,1fe3189213f78be76acec873a0b34583e4471a3d0f91c399557a5e046c5c2952,true
Ir100,CH3,beef_vdw,CH3_Ir100,,false,ok,NSW=0 complex; converged relaxed references; matching composition,-2.10056053,/pscratch/sd/j/jcho5/VASP/dft_jobs/CH3_Ir100/singlepoint/beef_vdw,0,/pscratch/sd/j/jcho5/VASP/vasp_slab/Ir100/beef_vdw,/pscratch/sd/j/jcho5/VASP/vasp_mol/CH3/beef_vdw,-202.2357143,-183.01756659,-17.11758718,1000,500,converged,96e56a4143bfc8a480b15abb7207805d78a33edb72215c70107246a77abc86c4,true
Ir100,CH3,pbe,CH3_Ir100,,false,ok,NSW=0 complex; converged relaxed references; matching composition,-2.08026576,/pscratch/sd/j/jcho5/VASP/dft_jobs/CH3_Ir100/singlepoint/PBE,0,/pscratch/sd/j/jcho5/VASP/vasp_slab/Ir100/PBE,/pscratch/sd/j/jcho5/VASP/vasp_mol/CH3/PBE,-314.67391936,-294.40101414,-18.19263946,1000,500,converged,96e56a4143bfc8a480b15abb7207805d78a33edb72215c70107246a77abc86c4,true
Ir100,CH3,pbe_d3,CH3_Ir100,,false,ok,NSW=0 complex; converged relaxed references; matching composition,-2.36483493,/pscratch/sd/j/jcho5/VASP/dft_jobs/CH3_Ir100/singlepoint/PBE_D3,0,/pscratch/sd/j/jcho5/VASP/vasp_slab/Ir100/PBE_D3,/pscratch/sd/j/jcho5/VASP/vasp_mol/CH3/PBE_D3,-332.16143385,-311.60244978,-18.19414914,1000,500,converged,96e56a4143bfc8a480b15abb7207805d78a33edb72215c70107246a77abc86c4,true
Ir100,CH3,r2scan,CH3_Ir100,,false,ok,NSW=0 complex; converged relaxed references; matching composition,-2.10055061,/pscratch/sd/j/jcho5/VASP/dft_jobs/CH3_Ir100/singlepoint/r2scan,0,/pscratch/sd/j/jcho5/VASP/completion_runs/site_gapfill_20260914/slab/C2H4_Ir100/r2scan,/pscratch/sd/j/jcho5/VASP/vasp_mol/CH3/r2scan,-1879.99690322,-1858.66548475,-19.23086786,1000,500,converged,96e56a4143bfc8a480b15abb7207805d78a33edb72215c70107246a77abc86c4,true
Ir100,CO,beef_vdw,CO_Ir100,,false,ok,NSW=0 complex; converged relaxed references; matching composition,-2.00209591,/pscratch/sd/j/jcho5/VASP/dft_jobs/CO_Ir100/singlepoint/beef_vdw,0,/pscratch/sd/j/jcho5/VASP/vasp_slab/Ir100/beef_vdw,/pscratch/sd/j/jcho5/VASP/vasp_mol/CO/beef_vdw,-196.75283881,-183.01756659,-11.73317631,1000,500,converged,2f63c30f7c96e1b2e326e10ffade80aa1bdbcd62c74b4e2e26661e44aa988442,true
Ir100,CO,pbe,CO_Ir100,,false,ok,NSW=0 complex; converged relaxed references; matching composition,-2.15746482,/pscratch/sd/j/jcho5/VASP/dft_jobs/CO_Ir100/singlepoint/PBE,0,/pscratch/sd/j/jcho5/VASP/vasp_slab/Ir100/PBE,/pscratch/sd/j/jcho5/VASP/vasp_mol/CO/PBE,-311.33886133,-294.40101414,-14.78038237,1000,500,converged,2f63c30f7c96e1b2e326e10ffade80aa1bdbcd62c74b4e2e26661e44aa988442,true
Ir100,CO,pbe_d3,CO_Ir100,,false,ok,NSW=0 complex; converged relaxed references; matching composition,-2.39443964,/pscratch/sd/j/jcho5/VASP/dft_jobs/CO_Ir100/singlepoint/PBE_D3,0,/pscratch/sd/j/jcho5/VASP/vasp_slab/Ir100/PBE_D3,/pscratch/sd/j/jcho5/VASP/vasp_mol/CO/PBE_D3,-328.77728532,-311.60244978,-14.7803959,1000,500,converged,2f63c30f7c96e1b2e326e10ffade80aa1bdbcd62c74b4e2e26661e44aa988442,true
Ir100,CO,r2scan,CO_Ir100,,false,ok,NSW=0 complex; converged relaxed references; matching composition,-2.2770301,/pscratch/sd/j/jcho5/VASP/dft_jobs/CO_Ir100/singlepoint/r2scan,0,/pscratch/sd/j/jcho5/VASP/completion_runs/site_gapfill_20260914/slab/C2H4_Ir100/r2scan,/pscratch/sd/j/jcho5/VASP/vasp_mol/CO/r2scan,-1877.42258961,-1858.66548475,-16.48007476,1000,500,converged,2f63c30f7c96e1b2e326e10ffade80aa1bdbcd62c74b4e2e26661e44aa988442,true
Ir100,CO2,pbe,CO2_Ir100,,false,ok,NSW=0 complex; converged relaxed references; matching composition,0.03559969,/pscratch/sd/j/jcho5/VASP/dft_jobs/CO2_Ir100/singlepoint/PBE,0,/pscratch/sd/j/jcho5/VASP/vasp_slab/Ir100/PBE,/pscratch/sd/j/jcho5/VASP/vasp_mol/CO2/PBE,-317.32560967,-294.40101414,-22.96019522,1000,500,converged,21af76ae5f0699476c97f5c036b6ec3b24374c30ab440c2f210a945b903dbbfd,true
Ir100,DME,beef_vdw,CH3OCH3_Ir100,,false,ok,NSW=0 complex; converged relaxed references; matching composition,-0.61456426,/pscratch/sd/j/jcho5/VASP/dft_jobs/CH3OCH3_Ir100/singlepoint/beef_vdw,0,/pscratch/sd/j/jcho5/VASP/vasp_slab/Ir100/beef_vdw,/pscratch/sd/j/jcho5/VASP/vasp_mol/CH3OCH3/beef_vdw,-225.92526014,-183.01756659,-42.29312929,1000,500,converged,2432fea7a890183a238fbfd447f26ca7ca0e1c1c5c4c16fdd21df358fa55f1b9,true
Ir100,DME,pbe,CH3OCH3_Ir100,,false,ok,NSW=0 complex; converged relaxed references; matching composition,-0.30723141,/pscratch/sd/j/jcho5/VASP/dft_jobs/CH3OCH3_Ir100/singlepoint/PBE,0,/pscratch/sd/j/jcho5/VASP/vasp_slab/Ir100/PBE,/pscratch/sd/j/jcho5/VASP/completion_runs/dme_references_davidson_20260915/molecule/DME/PBE,-341.08592744,-294.40101414,-46.37768189,1000,500,converged,2432fea7a890183a238fbfd447f26ca7ca0e1c1c5c4c16fdd21df358fa55f1b9,true
Ir100,DME,pbe_d3,CH3OCH3_Ir100,,false,ok,NSW=0 complex; converged relaxed references; matching composition,-0.83829914,/pscratch/sd/j/jcho5/VASP/dft_jobs/CH3OCH3_Ir100/singlepoint/PBE_D3,0,/pscratch/sd/j/jcho5/VASP/vasp_slab/Ir100/PBE_D3,/pscratch/sd/j/jcho5/VASP/completion_runs/dme_references_davidson_20260915/molecule/DME/PBE_D3,-358.86426754,-311.60244978,-46.42351862,1000,500,converged,2432fea7a890183a238fbfd447f26ca7ca0e1c1c5c4c16fdd21df358fa55f1b9,true
Ir100,DME,r2scan,CH3OCH3_Ir100,,false,ok,NSW=0 complex; converged relaxed references; matching composition,-0.62889232,/pscratch/sd/j/jcho5/VASP/dft_jobs/CH3OCH3_Ir100/singlepoint/r2scan,0,/pscratch/sd/j/jcho5/VASP/completion_runs/site_gapfill_20260914/slab/C2H4_Ir100/r2scan,/pscratch/sd/j/jcho5/VASP/vasp_mol/CH3OCH3/r2scan,-1908.43496634,-1858.66548475,-49.14058927,1000,500,converged,2432fea7a890183a238fbfd447f26ca7ca0e1c1c5c4c16fdd21df358fa55f1b9,true
Ir100,H2O,beef_vdw,H2O_Ir100,,false,ok,NSW=0 complex; converged relaxed references; matching composition,-0.37824473,/pscratch/sd/j/jcho5/VASP/dft_jobs/H2O_Ir100/singlepoint/beef_vdw,0,/pscratch/sd/j/jcho5/VASP/vasp_slab/Ir100/beef_vdw,/pscratch/sd/j/jcho5/VASP/vasp_mol/H2O/beef_vdw,-195.89912813,-183.01756659,-12.50331681,1000,500,converged,561392de9eebcb437ea8851589ee1ed5db8b5fb87c1be92b603f074f28ffe002,true
Ir100,H2O,pbe,H2O_Ir100,,false,ok,NSW=0 complex; converged relaxed references; matching composition,-0.41349575,/pscratch/sd/j/jcho5/VASP/dft_jobs/H2O_Ir100/singlepoint/PBE,0,/pscratch/sd/j/jcho5/VASP/vasp_slab/Ir100/PBE,/pscratch/sd/j/jcho5/VASP/vasp_mol/H2O/PBE,-309.03228506,-294.40101414,-14.21777517,1000,500,converged,561392de9eebcb437ea8851589ee1ed5db8b5fb87c1be92b603f074f28ffe002,true
Ir100,H2O,pbe_d3,H2O_Ir100,,false,ok,NSW=0 complex; converged relaxed references; matching composition,-0.61948326,/pscratch/sd/j/jcho5/VASP/dft_jobs/H2O_Ir100/singlepoint/PBE_D3,0,/pscratch/sd/j/jcho5/VASP/vasp_slab/Ir100/PBE_D3,/pscratch/sd/j/jcho5/VASP/vasp_mol/H2O/PBE_D3,-326.43982082,-311.60244978,-14.21788778,1000,500,converged,561392de9eebcb437ea8851589ee1ed5db8b5fb87c1be92b603f074f28ffe002,true
Ir100,H2O,r2scan,H2O_Ir100,,false,ok,NSW=0 complex; converged relaxed references; matching composition,-0.5963342,/pscratch/sd/j/jcho5/VASP/dft_jobs/H2O_Ir100/singlepoint/r2scan,0,/pscratch/sd/j/jcho5/VASP/completion_runs/site_gapfill_20260914/slab/C2H4_Ir100/r2scan,/pscratch/sd/j/jcho5/VASP/vasp_mol/H2O/r2scan,-1874.59423835,-1858.66548475,-15.3324194,1000,500,converged,561392de9eebcb437ea8851589ee1ed5db8b5fb87c1be92b603f074f28ffe002,true
Ir100,H2S,beef_vdw,H2S_Ir100,,false,ok,NSW=0 complex; converged relaxed references; matching composition,-2.45910654,/pscratch/sd/j/jcho5/VASP/dft_jobs/H2S_Ir100/singlepoint/beef_vdw,0,/pscratch/sd/j/jcho5/VASP/vasp_slab/Ir100/beef_vdw,/pscratch/sd/j/jcho5/VASP/vasp_mol/H2S/beef_vdw,-195.09084938,-183.01756659,-9.61417625,1000,500,converged,3a38b3473f6e34e21d488ccfb9d8f6f12d9c7dc52dfaa0f4c8d472cc116e7ace,true
Ir100,H2S,pbe,H2S_Ir100,,false,ok,NSW=0 complex; converged relaxed references; matching composition,-2.52847488,/pscratch/sd/j/jcho5/VASP/dft_jobs/H2S_Ir100/singlepoint/PBE,0,/pscratch/sd/j/jcho5/VASP/vasp_slab/Ir100/PBE,/pscratch/sd/j/jcho5/VASP/vasp_mol/H2S/PBE,-308.12858371,-294.40101414,-11.19909469,1000,500,converged,3a38b3473f6e34e21d488ccfb9d8f6f12d9c7dc52dfaa0f4c8d472cc116e7ace,true
Ir100,H2S,pbe_d3,H2S_Ir100,,false,ok,NSW=0 complex; converged relaxed references; matching composition,-2.99609815,/pscratch/sd/j/jcho5/VASP/dft_jobs/H2S_Ir100/singlepoint/PBE_D3,0,/pscratch/sd/j/jcho5/VASP/vasp_slab/Ir100/PBE_D3,/pscratch/sd/j/jcho5/VASP/vasp_mol/H2S/PBE_D3,-325.79831444,-311.60244978,-11.19976651,1000,500,converged,3a38b3473f6e34e21d488ccfb9d8f6f12d9c7dc52dfaa0f4c8d472cc116e7ace,true
Ir100,H2S,r2scan,H2S_Ir100,,false,ok,NSW=0 complex; converged relaxed references; matching composition,-2.88812127,/pscratch/sd/j/jcho5/VASP/dft_jobs/H2S_Ir100/singlepoint/r2scan,0,/pscratch/sd/j/jcho5/VASP/completion_runs/site_gapfill_20260914/slab/C2H4_Ir100/r2scan,/pscratch/sd/j/jcho5/VASP/vasp_mol/H2S/r2scan,-1876.77975712,-1858.66548475,-15.2261511,1000,500,converged,3a38b3473f6e34e21d488ccfb9d8f6f12d9c7dc52dfaa0f4c8d472cc116e7ace,true
Ir100,N2,beef_vdw,N2_Ir100,,false,ok,NSW=0 complex; converged relaxed references; matching composition,-0.69047165,/pscratch/sd/j/jcho5/VASP/dft_jobs/N2_Ir100/singlepoint/beef_vdw,0,/pscratch/sd/j/jcho5/VASP/vasp_slab/Ir100/beef_vdw,/pscratch/sd/j/jcho5/VASP/vasp_mol/N2/beef_vdw,-197.27136569,-183.01756659,-13.56332745,1000,500,converged,4e3132be57f60a27a47572bd676e3157ba3ef18a9f53a2dd8a24275333eb0db8,true
Ir100,N2,pbe,N2_Ir100,,false,ok,NSW=0 complex; converged relaxed references; matching composition,-0.74653628,/pscratch/sd/j/jcho5/VASP/dft_jobs/N2_Ir100/singlepoint/PBE,0,/pscratch/sd/j/jcho5/VASP/vasp_slab/Ir100/PBE,/pscratch/sd/j/jcho5/VASP/vasp_mol/N2/PBE,-311.77557533,-294.40101414,-16.62802491,1000,500,converged,4e3132be57f60a27a47572bd676e3157ba3ef18a9f53a2dd8a24275333eb0db8,true
Ir100,N2,pbe_d3,N2_Ir100,,false,ok,NSW=0 complex; converged relaxed references; matching composition,-0.98582786,/pscratch/sd/j/jcho5/VASP/dft_jobs/N2_Ir100/singlepoint/PBE_D3,0,/pscratch/sd/j/jcho5/VASP/vasp_slab/Ir100/PBE_D3,/pscratch/sd/j/jcho5/VASP/vasp_mol/N2/PBE_D3,-329.21631114,-311.60244978,-16.6280335,1000,500,converged,4e3132be57f60a27a47572bd676e3157ba3ef18a9f53a2dd8a24275333eb0db8,true
Ir100,N2,r2scan,N2_Ir100,,false,ok,NSW=0 complex; converged relaxed references; matching composition,-0.86933032,/pscratch/sd/j/jcho5/VASP/dft_jobs/N2_Ir100/singlepoint/r2scan,0,/pscratch/sd/j/jcho5/VASP/completion_runs/site_gapfill_20260914/slab/C2H4_Ir100/r2scan,/pscratch/sd/j/jcho5/VASP/vasp_mol/N2/r2scan,-1877.72900903,-1858.66548475,-18.19419396,1000,500,converged,4e3132be57f60a27a47572bd676e3157ba3ef18a9f53a2dd8a24275333eb0db8,true
Ir100,NH3,beef_vdw,NH3_Ir100,,false,ok,NSW=0 complex; converged relaxed references; matching composition,-1.18237606,/pscratch/sd/j/jcho5/VASP/dft_jobs/NH3_Ir100/singlepoint/beef_vdw,0,/pscratch/sd/j/jcho5/VASP/vasp_slab/Ir100/beef_vdw,/pscratch/sd/j/jcho5/VASP/vasp_mol/NH3/beef_vdw,-202.33742007,-183.01756659,-18.13747742,1000,500,converged,c21cb60603c7bb1a55c794763674db136bd12875cce37c7afd8f7a16d171d2e6,true
Ir100,NH3,pbe,NH3_Ir100,,false,ok,NSW=0 complex; converged relaxed references; matching composition,-1.21027134,/pscratch/sd/j/jcho5/VASP/dft_jobs/NH3_Ir100/singlepoint/PBE,0,/pscratch/sd/j/jcho5/VASP/vasp_slab/Ir100/PBE,/pscratch/sd/j/jcho5/VASP/vasp_mol/NH3/PBE,-315.14648648,-294.40101414,-19.535201,1000,500,converged,c21cb60603c7bb1a55c794763674db136bd12875cce37c7afd8f7a16d171d2e6,true
Ir100,NH3,pbe_d3,NH3_Ir100,,false,ok,NSW=0 complex; converged relaxed references; matching composition,-1.5086897,/pscratch/sd/j/jcho5/VASP/dft_jobs/NH3_Ir100/singlepoint/PBE_D3,0,/pscratch/sd/j/jcho5/VASP/vasp_slab/Ir100/PBE_D3,/pscratch/sd/j/jcho5/VASP/vasp_mol/NH3/PBE_D3,-332.64684263,-311.60244978,-19.53570315,1000,500,converged,c21cb60603c7bb1a55c794763674db136bd12875cce37c7afd8f7a16d171d2e6,true
Ir100,NH3,r2scan,NH3_Ir100,,false,ok,NSW=0 complex; converged relaxed references; matching composition,-1.41592856,/pscratch/sd/j/jcho5/VASP/dft_jobs/NH3_Ir100/singlepoint/r2scan,0,/pscratch/sd/j/jcho5/VASP/completion_runs/site_gapfill_20260914/slab/C2H4_Ir100/r2scan,/pscratch/sd/j/jcho5/VASP/vasp_mol/NH3/r2scan,-1880.59976065,-1858.66548475,-20.51834734,1000,500,converged,c21cb60603c7bb1a55c794763674db136bd12875cce37c7afd8f7a16d171d2e6,true
Ir100,NO,pbe,NO_Ir100,,false,ok,NSW=0 complex; converged relaxed references; matching composition,-2.99852035,/pscratch/sd/j/jcho5/VASP/dft_jobs/NO_Ir100/singlepoint/PBE,0,/pscratch/sd/j/jcho5/VASP/vasp_slab/Ir100/PBE,/pscratch/sd/j/jcho5/VASP/vasp_mol/NO/PBE,-309.34570834,-294.40101414,-11.94617385,1000,500,converged,573e7f6e4a3bdd01635fc7e090fbffb768e37b3cca6e58cad72d27830a32ead6,true
Ir100,NO,pbe_d3,NO_Ir100,,false,ok,NSW=0 complex; converged relaxed references; matching composition,-3.21820796,/pscratch/sd/j/jcho5/VASP/dft_jobs/NO_Ir100/singlepoint/PBE_D3,0,/pscratch/sd/j/jcho5/VASP/vasp_slab/Ir100/PBE_D3,/pscratch/sd/j/jcho5/VASP/vasp_mol/NO/PBE_D3,-326.76684708,-311.60244978,-11.94618934,1000,500,converged,573e7f6e4a3bdd01635fc7e090fbffb768e37b3cca6e58cad72d27830a32ead6,true
Ir100,SO2,beef_vdw,SO2_Ir100,,false,ok,NSW=0 complex; converged relaxed references; matching composition,-2.08802381,/pscratch/sd/j/jcho5/VASP/dft_jobs/SO2_Ir100/singlepoint/beef_vdw,0,/pscratch/sd/j/jcho5/VASP/vasp_slab/Ir100/beef_vdw,/pscratch/sd/j/jcho5/VASP/vasp_mol/SO2/beef_vdw,-196.77645046,-183.01756659,-11.67086006,1000,500,converged,fd85f6a418309b7d802bf4816862966714d88d5b850f729e42a7a17f705b0a7e,true
Ir100,SO2,pbe,SO2_Ir100,,false,ok,NSW=0 complex; converged relaxed references; matching composition,-2.1281236,/pscratch/sd/j/jcho5/VASP/dft_jobs/SO2_Ir100/singlepoint/PBE,0,/pscratch/sd/j/jcho5/VASP/vasp_slab/Ir100/PBE,/pscratch/sd/j/jcho5/VASP/vasp_mol/SO2/PBE,-313.57058569,-294.40101414,-17.04144795,1000,500,converged,fd85f6a418309b7d802bf4816862966714d88d5b850f729e42a7a17f705b0a7e,true
Ir100,SO2,pbe_d3,SO2_Ir100,,false,ok,NSW=0 complex; converged relaxed references; matching composition,-2.66146397,/pscratch/sd/j/jcho5/VASP/dft_jobs/SO2_Ir100/singlepoint/PBE_D3,0,/pscratch/sd/j/jcho5/VASP/vasp_slab/Ir100/PBE_D3,/pscratch/sd/j/jcho5/VASP/vasp_mol/SO2/PBE_D3,-331.30900539,-311.60244978,-17.04509164,1000,500,converged,fd85f6a418309b7d802bf4816862966714d88d5b850f729e42a7a17f705b0a7e,true
Ir100,SO2,r2scan,SO2_Ir100,,false,ok,NSW=0 complex; converged relaxed references; matching composition,-2.68003519,/pscratch/sd/j/jcho5/VASP/dft_jobs/SO2_Ir100/singlepoint/r2scan,0,/pscratch/sd/j/jcho5/VASP/completion_runs/site_gapfill_20260914/slab/C2H4_Ir100/r2scan,/pscratch/sd/j/jcho5/VASP/vasp_mol/SO2/r2scan,-1884.20608891,-1858.66548475,-22.86056897,1000,500,converged,fd85f6a418309b7d802bf4816862966714d88d5b850f729e42a7a17f705b0a7e,true
Ir100,acetaldehyde,beef_vdw,CH3CHO_Ir100,,false,ok,NSW=0 complex; converged relaxed references; matching composition,-0.64106409,/pscratch/sd/j/jcho5/VASP/dft_jobs/CH3CHO_Ir100/singlepoint/beef_vdw,0,/pscratch/sd/j/jcho5/VASP/vasp_slab/Ir100/beef_vdw,/pscratch/sd/j/jcho5/VASP/vasp_mol/CH3CHO/beef_vdw,-218.53215743,-183.01756659,-34.87352675,1000,500,converged,6ed4b8d9b4dfbedfc57c757600e14210a216bcb7d88110853acd66d84ad13f82,true
Ir100,acetaldehyde,pbe,CH3CHO_Ir100,,false,ok,NSW=0 complex; converged relaxed references; matching composition,-0.51450519,/pscratch/sd/j/jcho5/VASP/dft_jobs/CH3CHO_Ir100/singlepoint/PBE,0,/pscratch/sd/j/jcho5/VASP/vasp_slab/Ir100/PBE,/pscratch/sd/j/jcho5/VASP/vasp_mol/CH3CHO/PBE,-334.0249352,-294.40101414,-39.10941587,1000,500,converged,6ed4b8d9b4dfbedfc57c757600e14210a216bcb7d88110853acd66d84ad13f82,true
Ir100,acetaldehyde,pbe_d3,CH3CHO_Ir100,,false,ok,NSW=0 complex; converged relaxed references; matching composition,-0.86488452,/pscratch/sd/j/jcho5/VASP/dft_jobs/CH3CHO_Ir100/singlepoint/PBE_D3,0,/pscratch/sd/j/jcho5/VASP/vasp_slab/Ir100/PBE_D3,/pscratch/sd/j/jcho5/VASP/vasp_mol/CH3CHO/PBE_D3,-351.6055993,-311.60244978,-39.138265,1000,500,converged,6ed4b8d9b4dfbedfc57c757600e14210a216bcb7d88110853acd66d84ad13f82,true
Ir100,acetaldehyde,r2scan,CH3CHO_Ir100,,false,ok,NSW=0 complex; converged relaxed references; matching composition,-0.74853942,/pscratch/sd/j/jcho5/VASP/dft_jobs/CH3CHO_Ir100/singlepoint/r2scan,0,/pscratch/sd/j/jcho5/VASP/completion_runs/site_gapfill_20260914/slab/C2H4_Ir100/r2scan,/pscratch/sd/j/jcho5/VASP/vasp_mol/CH3CHO/r2scan,-1901.08880514,-1858.66548475,-41.67478097,1000,500,converged,6ed4b8d9b4dfbedfc57c757600e14210a216bcb7d88110853acd66d84ad13f82,true
Ir100,acetic_acid,beef_vdw,CH3COOH_Ir100,,false,ok,NSW=0 complex; converged relaxed references; matching composition,-0.65166612,/pscratch/sd/j/jcho5/VASP/dft_jobs/CH3COOH_Ir100/singlepoint/beef_vdw,0,/pscratch/sd/j/jcho5/VASP/vasp_slab/Ir100/beef_vdw,/pscratch/sd/j/jcho5/VASP/vasp_mol/CH3COOH/beef_vdw,-224.24756981,-183.01756659,-40.5783371,1000,500,converged,85bf32a4f36219d6b54144f7cf3b4bab93adc6084e767355bea80b2ca2df6eae,true
Ir100,acetic_acid,r2scan,CH3COOH_Ir100,,false,ok,NSW=0 complex; converged relaxed references; matching composition,-0.83450576,/pscratch/sd/j/jcho5/VASP/dft_jobs/CH3COOH_Ir100/singlepoint/r2scan,0,/pscratch/sd/j/jcho5/VASP/completion_runs/site_gapfill_20260914/slab/C2H4_Ir100/r2scan,/pscratch/sd/j/jcho5/VASP/vasp_mol/CH3COOH/r2scan,-1909.85049385,-1858.66548475,-50.35050334,1000,500,converged,85bf32a4f36219d6b54144f7cf3b4bab93adc6084e767355bea80b2ca2df6eae,true
Ir100,ethane,beef_vdw,C2H6_Ir100,,false,ok,NSW=0 complex; converged relaxed references; matching composition,-0.17989859,/pscratch/sd/j/jcho5/VASP/dft_jobs/C2H6_Ir100/singlepoint/beef_vdw,0,/pscratch/sd/j/jcho5/VASP/vasp_slab/Ir100/beef_vdw,/pscratch/sd/j/jcho5/VASP/vasp_mol/C2H6/beef_vdw,-221.42669582,-183.01756659,-38.22923064,1000,500,converged,642f01509def57dce0bf53e3fc8ca3600b8a4b6dc7237b861bd8afa3dbeb3632,true
Ir100,ethane,pbe,C2H6_Ir100,,false,ok,NSW=0 complex; converged relaxed references; matching composition,0.07815157,/pscratch/sd/j/jcho5/VASP/dft_jobs/C2H6_Ir100/singlepoint/PBE,0,/pscratch/sd/j/jcho5/VASP/vasp_slab/Ir100/PBE,/pscratch/sd/j/jcho5/VASP/vasp_mol/C2H6/PBE,-334.82247936,-294.40101414,-40.49961679,1000,500,converged,642f01509def57dce0bf53e3fc8ca3600b8a4b6dc7237b861bd8afa3dbeb3632,true
Ir100,ethane,pbe_d3,C2H6_Ir100,,false,ok,NSW=0 complex; converged relaxed references; matching composition,-0.30913907,/pscratch/sd/j/jcho5/VASP/dft_jobs/C2H6_Ir100/singlepoint/PBE_D3,0,/pscratch/sd/j/jcho5/VASP/vasp_slab/Ir100/PBE_D3,/pscratch/sd/j/jcho5/VASP/vasp_mol/C2H6/PBE_D3,-352.43766344,-311.60244978,-40.52607459,1000,500,converged,642f01509def57dce0bf53e3fc8ca3600b8a4b6dc7237b861bd8afa3dbeb3632,true
Ir100,ethane,r2scan,C2H6_Ir100,,true,ok,NSW=0 complex; converged relaxed references; matching composition,0.05937827,/pscratch/sd/j/jcho5/VASP/completion_runs/site_gapfill_20260914/spe/C2H6_Ir100/r2scan,0,/pscratch/sd/j/jcho5/VASP/completion_runs/site_gapfill_20260914/slab/C2H4_Ir100/r2scan,/pscratch/sd/j/jcho5/VASP/vasp_mol/C2H6/r2scan,-1900.86180231,-1858.66548475,-42.25569583,1000,500,converged,642f01509def57dce0bf53e3fc8ca3600b8a4b6dc7237b861bd8afa3dbeb3632,true
Ir100,ethanol,beef_vdw,CH3CH2OH_Ir100,,false,ok,NSW=0 complex; converged relaxed references; matching composition,-0.67214811,/pscratch/sd/j/jcho5/VASP/dft_jobs/CH3CH2OH_Ir100/singlepoint/beef_vdw,0,/pscratch/sd/j/jcho5/VASP/vasp_slab/Ir100/beef_vdw,/pscratch/sd/j/jcho5/VASP/vasp_mol/CH3CH2OH/beef_vdw,-226.43993018,-183.01756659,-42.75021548,1000,500,converged,63641e0724995acd8fffb218a3b9d82932e8cc86153d2ac9b85be149600d254a,true
Ir100,ethanol,pbe,CH3CH2OH_Ir100,,false,ok,NSW=0 complex; converged relaxed references; matching composition,-0.45563868,/pscratch/sd/j/jcho5/VASP/dft_jobs/CH3CH2OH_Ir100/singlepoint/PBE,0,/pscratch/sd/j/jcho5/VASP/vasp_slab/Ir100/PBE,/pscratch/sd/j/jcho5/VASP/vasp_mol/CH3CH2OH/PBE,-341.73251523,-294.40101414,-46.87586241,1000,500,converged,63641e0724995acd8fffb218a3b9d82932e8cc86153d2ac9b85be149600d254a,true
Ir100,ethanol,pbe_d3,CH3CH2OH_Ir100,,false,ok,NSW=0 complex; converged relaxed references; matching composition,-0.95032646,/pscratch/sd/j/jcho5/VASP/dft_jobs/CH3CH2OH_Ir100/singlepoint/PBE_D3,0,/pscratch/sd/j/jcho5/VASP/vasp_slab/Ir100/PBE_D3,/pscratch/sd/j/jcho5/VASP/vasp_mol/CH3CH2OH/PBE_D3,-359.47574052,-311.60244978,-46.92296428,1000,500,converged,63641e0724995acd8fffb218a3b9d82932e8cc86153d2ac9b85be149600d254a,true
Ir100,ethanol,r2scan,CH3CH2OH_Ir100,,false,ok,NSW=0 complex; converged relaxed references; matching composition,-0.74408684,/pscratch/sd/j/jcho5/VASP/dft_jobs/CH3CH2OH_Ir100/singlepoint/r2scan,0,/pscratch/sd/j/jcho5/VASP/completion_runs/site_gapfill_20260914/slab/C2H4_Ir100/r2scan,/pscratch/sd/j/jcho5/VASP/vasp_mol/CH3CH2OH/r2scan,-1909.04916417,-1858.66548475,-49.63959258,1000,500,converged,63641e0724995acd8fffb218a3b9d82932e8cc86153d2ac9b85be149600d254a,true
Ir100,ethene,beef_vdw,C2H4_Ir100,,false,ok,NSW=0 complex; converged relaxed references; matching composition,-1.12376583,/pscratch/sd/j/jcho5/VASP/dft_jobs/C2H4_Ir100/singlepoint/beef_vdw,0,/pscratch/sd/j/jcho5/VASP/vasp_slab/Ir100/beef_vdw,/pscratch/sd/j/jcho5/VASP/vasp_mol/C2H4/beef_vdw,-213.72299888,-183.01756659,-29.58166646,1000,500,converged,5acb0dc74f36ec9e9a701a7a5cd29cfa7eb40c043a46cf839a2b6982898355cc,true
Ir100,ethene,pbe,C2H4_Ir100,,false,ok,NSW=0 complex; converged relaxed references; matching composition,-1.27408169,/pscratch/sd/j/jcho5/VASP/dft_jobs/C2H4_Ir100/singlepoint/PBE,0,/pscratch/sd/j/jcho5/VASP/vasp_slab/Ir100/PBE,/pscratch/sd/j/jcho5/VASP/vasp_mol/C2H4/PBE,-327.64573983,-294.40101414,-31.970644,1000,500,converged,5acb0dc74f36ec9e9a701a7a5cd29cfa7eb40c043a46cf839a2b6982898355cc,true
Ir100,ethene,pbe_d3,C2H4_Ir100,,false,ok,NSW=0 complex; converged relaxed references; matching composition,-1.77991331,/pscratch/sd/j/jcho5/VASP/dft_jobs/C2H4_Ir100/singlepoint/PBE_D3,0,/pscratch/sd/j/jcho5/VASP/vasp_slab/Ir100/PBE_D3,/pscratch/sd/j/jcho5/VASP/vasp_mol/C2H4/PBE_D3,-345.36555269,-311.60244978,-31.9831896,1000,500,converged,5acb0dc74f36ec9e9a701a7a5cd29cfa7eb40c043a46cf839a2b6982898355cc,true
Ir100,ethene,r2scan,C2H4_Ir100,,false,ok,NSW=0 complex; converged relaxed references; matching composition,-1.64460157,/pscratch/sd/j/jcho5/VASP/dft_jobs/C2H4_Ir100/singlepoint/r2scan,0,/pscratch/sd/j/jcho5/VASP/completion_runs/site_gapfill_20260914/slab/C2H4_Ir100/r2scan,/pscratch/sd/j/jcho5/VASP/vasp_mol/C2H4/r2scan,-1893.85864508,-1858.66548475,-33.54855876,1000,500,converged,5acb0dc74f36ec9e9a701a7a5cd29cfa7eb40c043a46cf839a2b6982898355cc,true
Ir100,formaldehyde,pbe,H2CO_Ir100,,false,ok,NSW=0 complex; converged relaxed references; matching composition,-1.20864388,/pscratch/sd/j/jcho5/VASP/dft_jobs/H2CO_Ir100/singlepoint/PBE,0,/pscratch/sd/j/jcho5/VASP/vasp_slab/Ir100/PBE,/pscratch/sd/j/jcho5/VASP/vasp_mol/H2CO/PBE,-317.73989925,-294.40101414,-22.13024123,1000,500,converged,75e809c0a1189f6f6d60384f45523d191dac829133c350a924869a7270550c02,true
Ir100,formaldehyde,pbe_d3,H2CO_Ir100,,false,ok,NSW=0 complex; converged relaxed references; matching composition,-1.5390001,/pscratch/sd/j/jcho5/VASP/dft_jobs/H2CO_Ir100/singlepoint/PBE_D3,0,/pscratch/sd/j/jcho5/VASP/vasp_slab/Ir100/PBE_D3,/pscratch/sd/j/jcho5/VASP/vasp_mol/H2CO/PBE_D3,-335.27696147,-311.60244978,-22.13551159,1000,500,converged,75e809c0a1189f6f6d60384f45523d191dac829133c350a924869a7270550c02,true
Ir100,formaldehyde,r2scan,H2CO_Ir100,,false,ok,NSW=0 complex; converged relaxed references; matching composition,-1.49204063,/pscratch/sd/j/jcho5/VASP/dft_jobs/H2CO_Ir100/singlepoint/r2scan,0,/pscratch/sd/j/jcho5/VASP/completion_runs/site_gapfill_20260914/slab/C2H4_Ir100/r2scan,/pscratch/sd/j/jcho5/VASP/vasp_mol/H2CO/r2scan,-1884.02501183,-1858.66548475,-23.86748645,1000,500,converged,75e809c0a1189f6f6d60384f45523d191dac829133c350a924869a7270550c02,true
Ir100,formic_acid,beef_vdw,HCOOH_Ir100,,false,ok,NSW=0 complex; converged relaxed references; matching composition,-0.46762815,/pscratch/sd/j/jcho5/VASP/dft_jobs/HCOOH_Ir100/singlepoint/beef_vdw,0,/pscratch/sd/j/jcho5/VASP/vasp_slab/Ir100/beef_vdw,/pscratch/sd/j/jcho5/VASP/vasp_mol/HCOOH/beef_vdw,-208.43744006,-183.01756659,-24.95224532,1000,500,converged,eb3af251f03c3e8fb0250c0f231935e21668adf900385aec4e50a9fb7ecc2567,true
Ir100,formic_acid,pbe,HCOOH_Ir100,,false,ok,NSW=0 complex; converged relaxed references; matching composition,-0.44082209,/pscratch/sd/j/jcho5/VASP/dft_jobs/HCOOH_Ir100/singlepoint/PBE,0,/pscratch/sd/j/jcho5/VASP/vasp_slab/Ir100/PBE,/pscratch/sd/j/jcho5/VASP/vasp_mol/HCOOH/PBE,-324.72163058,-294.40101414,-29.87979435,1000,500,converged,eb3af251f03c3e8fb0250c0f231935e21668adf900385aec4e50a9fb7ecc2567,true
Ir100,formic_acid,pbe_d3,HCOOH_Ir100,,false,ok,NSW=0 complex; converged relaxed references; matching composition,-0.8255191,/pscratch/sd/j/jcho5/VASP/dft_jobs/HCOOH_Ir100/singlepoint/PBE_D3,0,/pscratch/sd/j/jcho5/VASP/vasp_slab/Ir100/PBE_D3,/pscratch/sd/j/jcho5/VASP/vasp_mol/HCOOH/PBE_D3,-342.32156426,-311.60244978,-29.89359538,1000,500,converged,eb3af251f03c3e8fb0250c0f231935e21668adf900385aec4e50a9fb7ecc2567,true
Ir100,formic_acid,r2scan,HCOOH_Ir100,,false,ok,NSW=0 complex; converged relaxed references; matching composition,-0.69157955,/pscratch/sd/j/jcho5/VASP/dft_jobs/HCOOH_Ir100/singlepoint/r2scan,0,/pscratch/sd/j/jcho5/VASP/completion_runs/site_gapfill_20260914/slab/C2H4_Ir100/r2scan,/pscratch/sd/j/jcho5/VASP/vasp_mol/HCOOH/r2scan,-1891.9909659,-1858.66548475,-32.6339016,1000,500,converged,eb3af251f03c3e8fb0250c0f231935e21668adf900385aec4e50a9fb7ecc2567,true
Ir100,methane,beef_vdw,CH4_Ir100,,false,ok,NSW=0 complex; converged relaxed references; matching composition,-0.04043284,/pscratch/sd/j/jcho5/VASP/dft_jobs/CH4_Ir100/singlepoint/beef_vdw,0,/pscratch/sd/j/jcho5/VASP/vasp_slab/Ir100/beef_vdw,/pscratch/sd/j/jcho5/VASP/vasp_mol/CH4/beef_vdw,-206.04373544,-183.01756659,-22.98573601,1000,500,converged,cffc2a5913484def3923cec490dab32e78f72dd2bb5a8534a2c03fcd8dfebac9,true
Ir100,methane,pbe,CH4_Ir100,,false,ok,NSW=0 complex; converged relaxed references; matching composition,0.12309211,/pscratch/sd/j/jcho5/VASP/dft_jobs/CH4_Ir100/singlepoint/PBE,0,/pscratch/sd/j/jcho5/VASP/vasp_slab/Ir100/PBE,/pscratch/sd/j/jcho5/VASP/vasp_mol/CH4/PBE,-318.31352535,-294.40101414,-24.03560332,1000,500,converged,cffc2a5913484def3923cec490dab32e78f72dd2bb5a8534a2c03fcd8dfebac9,true
Ir100,methane,pbe_d3,CH4_Ir100,,false,ok,NSW=0 complex; converged relaxed references; matching composition,-0.12608391,/pscratch/sd/j/jcho5/VASP/dft_jobs/CH4_Ir100/singlepoint/PBE_D3,0,/pscratch/sd/j/jcho5/VASP/vasp_slab/Ir100/PBE_D3,/pscratch/sd/j/jcho5/VASP/vasp_mol/CH4/PBE_D3,-335.76616958,-311.60244978,-24.03763589,1000,500,converged,cffc2a5913484def3923cec490dab32e78f72dd2bb5a8534a2c03fcd8dfebac9,true
Ir100,methanol,beef_vdw,CH3OH_Ir100,,false,ok,NSW=0 complex; converged relaxed references; matching composition,-0.59489061,/pscratch/sd/j/jcho5/VASP/dft_jobs/CH3OH_Ir100/singlepoint/beef_vdw,0,/pscratch/sd/j/jcho5/VASP/vasp_slab/Ir100/beef_vdw,/pscratch/sd/j/jcho5/VASP/vasp_mol/CH3OH/beef_vdw,-210.90650355,-183.01756659,-27.29404635,1000,500,converged,eb17b3a352c824e8eb8e6cd55fde9a1b7285cc2f518fac8ac60c4447418546d8,true
Ir100,methanol,pbe,CH3OH_Ir100,,false,ok,NSW=0 complex; converged relaxed references; matching composition,-0.46603831,/pscratch/sd/j/jcho5/VASP/dft_jobs/CH3OH_Ir100/singlepoint/PBE,0,/pscratch/sd/j/jcho5/VASP/vasp_slab/Ir100/PBE,/pscratch/sd/j/jcho5/VASP/vasp_mol/CH3OH/PBE,-325.0756248,-294.40101414,-30.20857235,1000,500,converged,eb17b3a352c824e8eb8e6cd55fde9a1b7285cc2f518fac8ac60c4447418546d8,true
Ir100,methanol,pbe_d3,CH3OH_Ir100,,false,ok,NSW=0 complex; converged relaxed references; matching composition,-0.83610527,/pscratch/sd/j/jcho5/VASP/dft_jobs/CH3OH_Ir100/singlepoint/PBE_D3,0,/pscratch/sd/j/jcho5/VASP/vasp_slab/Ir100/PBE_D3,/pscratch/sd/j/jcho5/VASP/vasp_mol/CH3OH/PBE_D3,-342.66218038,-311.60244978,-30.22362533,1000,500,converged,eb17b3a352c824e8eb8e6cd55fde9a1b7285cc2f518fac8ac60c4447418546d8,true
Ir100,methanol,r2scan,CH3OH_Ir100,,false,ok,NSW=0 complex; converged relaxed references; matching composition,-0.72898703,/pscratch/sd/j/jcho5/VASP/dft_jobs/CH3OH_Ir100/singlepoint/r2scan,0,/pscratch/sd/j/jcho5/VASP/completion_runs/site_gapfill_20260914/slab/C2H4_Ir100/r2scan,/pscratch/sd/j/jcho5/VASP/vasp_mol/CH3OH/r2scan,-1891.53100032,-1858.66548475,-32.13652854,1000,500,converged,eb17b3a352c824e8eb8e6cd55fde9a1b7285cc2f518fac8ac60c4447418546d8,true
Ir110,CH3,beef_vdw,CH3_Ir110,,false,ok,NSW=0 complex; converged relaxed references; matching composition,-2.35102682,/pscratch/sd/j/jcho5/VASP/dft_jobs/CH3_Ir110/singlepoint/beef_vdw,0,/pscratch/sd/j/jcho5/VASP/vasp_slab/Ir110/beef_vdw,/pscratch/sd/j/jcho5/VASP/vasp_mol/CH3/beef_vdw,-130.72111154,-111.25249754,-17.11758718,1000,500,converged,968bcaf16a937e9e23fdef8b09a715e4f60c068debb072358b69cd985f726b69,true
Ir110,CH3,pbe,CH3_Ir110,,false,ok,NSW=0 complex; converged relaxed references; matching composition,-2.28394882,/pscratch/sd/j/jcho5/VASP/dft_jobs/CH3_Ir110/singlepoint/PBE,0,/pscratch/sd/j/jcho5/VASP/vasp_slab/Ir110/PBE,/pscratch/sd/j/jcho5/VASP/vasp_mol/CH3/PBE,-206.26937399,-185.79278571,-18.19263946,1000,500,converged,968bcaf16a937e9e23fdef8b09a715e4f60c068debb072358b69cd985f726b69,true
Ir110,CH3,pbe_d3,CH3_Ir110,,false,ok,NSW=0 complex; converged relaxed references; matching composition,-2.50487477,/pscratch/sd/j/jcho5/VASP/dft_jobs/CH3_Ir110/singlepoint/PBE_D3,0,/pscratch/sd/j/jcho5/VASP/vasp_slab/Ir110/PBE_D3,/pscratch/sd/j/jcho5/VASP/vasp_mol/CH3/PBE_D3,-215.83724541,-195.1382215,-18.19414914,1000,500,converged,968bcaf16a937e9e23fdef8b09a715e4f60c068debb072358b69cd985f726b69,true
Ir110,CH3,r2scan,CH3_Ir110,,false,ok,NSW=0 complex; converged relaxed references; matching composition,-2.18059187,/pscratch/sd/j/jcho5/VASP/dft_jobs/CH3_Ir110/singlepoint/r2scan,0,/pscratch/sd/j/jcho5/VASP/vasp_slab/Ir110/r2scan,/pscratch/sd/j/jcho5/VASP/vasp_mol/CH3/r2scan,-1250.0882114,-1228.67675167,-19.23086786,1000,500,converged,968bcaf16a937e9e23fdef8b09a715e4f60c068debb072358b69cd985f726b69,true
Ir110,CO,beef_vdw,CO_Ir110,,false,ok,NSW=0 complex; converged relaxed references; matching composition,-2.0493515,/pscratch/sd/j/jcho5/VASP/dft_jobs/CO_Ir110/singlepoint/beef_vdw,0,/pscratch/sd/j/jcho5/VASP/vasp_slab/Ir110/beef_vdw,/pscratch/sd/j/jcho5/VASP/vasp_mol/CO/beef_vdw,-125.03502535,-111.25249754,-11.73317631,1000,500,converged,a88cd9877dbf5be4dbf24581e86072570057d68e2d0892082728133d35eba9d1,true
Ir110,CO,pbe,CO_Ir110,,false,ok,NSW=0 complex; converged relaxed references; matching composition,-2.15307618,/pscratch/sd/j/jcho5/VASP/dft_jobs/CO_Ir110/singlepoint/PBE,0,/pscratch/sd/j/jcho5/VASP/vasp_slab/Ir110/PBE,/pscratch/sd/j/jcho5/VASP/vasp_mol/CO/PBE,-202.72624426,-185.79278571,-14.78038237,1000,500,converged,a88cd9877dbf5be4dbf24581e86072570057d68e2d0892082728133d35eba9d1,true
Ir110,CO,pbe_d3,CO_Ir110,,false,ok,NSW=0 complex; converged relaxed references; matching composition,-2.35561234,/pscratch/sd/j/jcho5/VASP/dft_jobs/CO_Ir110/singlepoint/PBE_D3,0,/pscratch/sd/j/jcho5/VASP/vasp_slab/Ir110/PBE_D3,/pscratch/sd/j/jcho5/VASP/vasp_mol/CO/PBE_D3,-212.27422974,-195.1382215,-14.7803959,1000,500,converged,a88cd9877dbf5be4dbf24581e86072570057d68e2d0892082728133d35eba9d1,true
Ir110,CO,r2scan,CO_Ir110,,false,ok,NSW=0 complex; converged relaxed references; matching composition,-1.94153454,/pscratch/sd/j/jcho5/VASP/dft_jobs/CO_Ir110/singlepoint/r2scan,0,/pscratch/sd/j/jcho5/VASP/vasp_slab/Ir110/r2scan,/pscratch/sd/j/jcho5/VASP/vasp_mol/CO/r2scan,-1247.09836097,-1228.67675167,-16.48007476,1000,500,converged,a88cd9877dbf5be4dbf24581e86072570057d68e2d0892082728133d35eba9d1,true
Ir110,CO2,beef_vdw,CO2_Ir110,,false,ok,NSW=0 complex; converged relaxed references; matching composition,-0.26628873,/pscratch/sd/j/jcho5/VASP/dft_jobs/CO2_Ir110/singlepoint/beef_vdw,0,/pscratch/sd/j/jcho5/VASP/vasp_slab/Ir110/beef_vdw,/pscratch/sd/j/jcho5/VASP/vasp_mol/CO2/beef_vdw,-129.43941109,-111.25249754,-17.92062482,1000,500,converged,325e95ec5357282e102689393fb883d26d177b1a26a3915b5823abf7b8c01093,true
Ir110,CO2,pbe,CO2_Ir110,,false,ok,NSW=0 complex; converged relaxed references; matching composition,0.01425373,/pscratch/sd/j/jcho5/VASP/dft_jobs/CO2_Ir110/singlepoint/PBE,0,/pscratch/sd/j/jcho5/VASP/vasp_slab/Ir110/PBE,/pscratch/sd/j/jcho5/VASP/vasp_mol/CO2/PBE,-208.7387272,-185.79278571,-22.96019522,1000,500,converged,325e95ec5357282e102689393fb883d26d177b1a26a3915b5823abf7b8c01093,true
Ir110,CO2,r2scan,CO2_Ir110,,false,ok,NSW=0 complex; converged relaxed references; matching composition,-0.05939664,/pscratch/sd/j/jcho5/VASP/dft_jobs/CO2_Ir110/singlepoint/r2scan,0,/pscratch/sd/j/jcho5/VASP/vasp_slab/Ir110/r2scan,/pscratch/sd/j/jcho5/VASP/vasp_mol/CO2/r2scan,-1254.30514719,-1228.67675167,-25.56899888,1000,500,converged,325e95ec5357282e102689393fb883d26d177b1a26a3915b5823abf7b8c01093,true
Ir110,DME,beef_vdw,CH3OCH3_Ir110,,false,ok,NSW=0 complex; converged relaxed references; matching composition,-0.89116866,/pscratch/sd/j/jcho5/VASP/dft_jobs/CH3OCH3_Ir110/singlepoint/beef_vdw,0,/pscratch/sd/j/jcho5/VASP/vasp_slab/Ir110/beef_vdw,/pscratch/sd/j/jcho5/VASP/vasp_mol/CH3OCH3/beef_vdw,-154.43679549,-111.25249754,-42.29312929,1000,500,converged,4c39719603e0622211cced715d55634f016e0884a54023a146a49b3636683923,true
Ir110,DME,pbe,CH3OCH3_Ir110,,false,ok,NSW=0 complex; converged relaxed references; matching composition,-0.49595715,/pscratch/sd/j/jcho5/VASP/dft_jobs/CH3OCH3_Ir110/singlepoint/PBE,0,/pscratch/sd/j/jcho5/VASP/vasp_slab/Ir110/PBE,/pscratch/sd/j/jcho5/VASP/completion_runs/dme_references_davidson_20260915/molecule/DME/PBE,-232.66642475,-185.79278571,-46.37768189,1000,500,converged,4c39719603e0622211cced715d55634f016e0884a54023a146a49b3636683923,true
Ir110,DME,pbe_d3,CH3OCH3_Ir110,,false,ok,NSW=0 complex; converged relaxed references; matching composition,-1.01034103,/pscratch/sd/j/jcho5/VASP/dft_jobs/CH3OCH3_Ir110/singlepoint/PBE_D3,0,/pscratch/sd/j/jcho5/VASP/vasp_slab/Ir110/PBE_D3,/pscratch/sd/j/jcho5/VASP/completion_runs/dme_references_davidson_20260915/molecule/DME/PBE_D3,-242.57208115,-195.1382215,-46.42351862,1000,500,converged,4c39719603e0622211cced715d55634f016e0884a54023a146a49b3636683923,true
Ir110,DME,r2scan,CH3OCH3_Ir110,,false,ok,NSW=0 complex; converged relaxed references; matching composition,-0.69526785,/pscratch/sd/j/jcho5/VASP/dft_jobs/CH3OCH3_Ir110/singlepoint/r2scan,0,/pscratch/sd/j/jcho5/VASP/vasp_slab/Ir110/r2scan,/pscratch/sd/j/jcho5/VASP/vasp_mol/CH3OCH3/r2scan,-1278.51260879,-1228.67675167,-49.14058927,1000,500,converged,4c39719603e0622211cced715d55634f016e0884a54023a146a49b3636683923,true
Ir110,H2O,beef_vdw,H2O_Ir110,,false,ok,NSW=0 complex; converged relaxed references; matching composition,-0.59914013,/pscratch/sd/j/jcho5/VASP/dft_jobs/H2O_Ir110/singlepoint/beef_vdw,0,/pscratch/sd/j/jcho5/VASP/vasp_slab/Ir110/beef_vdw,/pscratch/sd/j/jcho5/VASP/vasp_mol/H2O/beef_vdw,-124.35495448,-111.25249754,-12.50331681,1000,500,converged,033af92dd97a00e8a8e71ab4db776fd5b3a3bf23e7a050a9e4f4dcc3952490ac,true
Ir110,H2O,pbe,H2O_Ir110,,false,ok,NSW=0 complex; converged relaxed references; matching composition,-0.54753202,/pscratch/sd/j/jcho5/VASP/dft_jobs/H2O_Ir110/singlepoint/PBE,0,/pscratch/sd/j/jcho5/VASP/vasp_slab/Ir110/PBE,/pscratch/sd/j/jcho5/VASP/vasp_mol/H2O/PBE,-200.5580929,-185.79278571,-14.21777517,1000,500,converged,033af92dd97a00e8a8e71ab4db776fd5b3a3bf23e7a050a9e4f4dcc3952490ac,true
Ir110,H2O,pbe_d3,H2O_Ir110,,false,ok,NSW=0 complex; converged relaxed references; matching composition,-0.75146265,/pscratch/sd/j/jcho5/VASP/dft_jobs/H2O_Ir110/singlepoint/PBE_D3,0,/pscratch/sd/j/jcho5/VASP/vasp_slab/Ir110/PBE_D3,/pscratch/sd/j/jcho5/VASP/vasp_mol/H2O/PBE_D3,-210.10757193,-195.1382215,-14.21788778,1000,500,converged,033af92dd97a00e8a8e71ab4db776fd5b3a3bf23e7a050a9e4f4dcc3952490ac,true
Ir110,H2O,r2scan,H2O_Ir110,,false,ok,NSW=0 complex; converged relaxed references; matching composition,-0.5886448,/pscratch/sd/j/jcho5/VASP/dft_jobs/H2O_Ir110/singlepoint/r2scan,0,/pscratch/sd/j/jcho5/VASP/vasp_slab/Ir110/r2scan,/pscratch/sd/j/jcho5/VASP/vasp_mol/H2O/r2scan,-1244.59781587,-1228.67675167,-15.3324194,1000,500,converged,033af92dd97a00e8a8e71ab4db776fd5b3a3bf23e7a050a9e4f4dcc3952490ac,true
Ir110,H2S,beef_vdw,H2S_Ir110,,false,ok,NSW=0 complex; converged relaxed references; matching composition,-2.66724344,/pscratch/sd/j/jcho5/VASP/dft_jobs/H2S_Ir110/singlepoint/beef_vdw,0,/pscratch/sd/j/jcho5/VASP/vasp_slab/Ir110/beef_vdw,/pscratch/sd/j/jcho5/VASP/vasp_mol/H2S/beef_vdw,-123.53391723,-111.25249754,-9.61417625,1000,500,converged,6fb23db982465af09304cd75e3d1fc15e4eb7d81502fe85fa4c63927be3f4e46,true
Ir110,H2S,pbe,H2S_Ir110,,false,ok,NSW=0 complex; converged relaxed references; matching composition,-2.6286016,/pscratch/sd/j/jcho5/VASP/dft_jobs/H2S_Ir110/singlepoint/PBE,0,/pscratch/sd/j/jcho5/VASP/vasp_slab/Ir110/PBE,/pscratch/sd/j/jcho5/VASP/vasp_mol/H2S/PBE,-199.620482,-185.79278571,-11.19909469,1000,500,converged,6fb23db982465af09304cd75e3d1fc15e4eb7d81502fe85fa4c63927be3f4e46,true
Ir110,H2S,pbe_d3,H2S_Ir110,,false,ok,NSW=0 complex; converged relaxed references; matching composition,-3.03571524,/pscratch/sd/j/jcho5/VASP/dft_jobs/H2S_Ir110/singlepoint/PBE_D3,0,/pscratch/sd/j/jcho5/VASP/vasp_slab/Ir110/PBE_D3,/pscratch/sd/j/jcho5/VASP/vasp_mol/H2S/PBE_D3,-209.37370325,-195.1382215,-11.19976651,1000,500,converged,6fb23db982465af09304cd75e3d1fc15e4eb7d81502fe85fa4c63927be3f4e46,true
Ir110,H2S,r2scan,H2S_Ir110,,false,ok,NSW=0 complex; converged relaxed references; matching composition,-2.61769293,/pscratch/sd/j/jcho5/VASP/dft_jobs/H2S_Ir110/singlepoint/r2scan,0,/pscratch/sd/j/jcho5/VASP/vasp_slab/Ir110/r2scan,/pscratch/sd/j/jcho5/VASP/vasp_mol/H2S/r2scan,-1246.5205957,-1228.67675167,-15.2261511,1000,500,converged,6fb23db982465af09304cd75e3d1fc15e4eb7d81502fe85fa4c63927be3f4e46,true
Ir110,N2,beef_vdw,N2_Ir110,,false,ok,NSW=0 complex; converged relaxed references; matching composition,-1.03456527,/pscratch/sd/j/jcho5/VASP/dft_jobs/N2_Ir110/singlepoint/beef_vdw,0,/pscratch/sd/j/jcho5/VASP/vasp_slab/Ir110/beef_vdw,/pscratch/sd/j/jcho5/VASP/vasp_mol/N2/beef_vdw,-125.85039026,-111.25249754,-13.56332745,1000,500,converged,2326caeb9440b00461141b4eb94de9e37431385b2f1b799aeb9d932e9fb4a686,true
Ir110,N2,pbe,N2_Ir110,,false,ok,NSW=0 complex; converged relaxed references; matching composition,-1.02221322,/pscratch/sd/j/jcho5/VASP/dft_jobs/N2_Ir110/singlepoint/PBE,0,/pscratch/sd/j/jcho5/VASP/vasp_slab/Ir110/PBE,/pscratch/sd/j/jcho5/VASP/vasp_mol/N2/PBE,-203.44302384,-185.79278571,-16.62802491,1000,500,converged,2326caeb9440b00461141b4eb94de9e37431385b2f1b799aeb9d932e9fb4a686,true
Ir110,N2,pbe_d3,N2_Ir110,,false,ok,NSW=0 complex; converged relaxed references; matching composition,-1.22373351,/pscratch/sd/j/jcho5/VASP/dft_jobs/N2_Ir110/singlepoint/PBE_D3,0,/pscratch/sd/j/jcho5/VASP/vasp_slab/Ir110/PBE_D3,/pscratch/sd/j/jcho5/VASP/vasp_mol/N2/PBE_D3,-212.98998851,-195.1382215,-16.6280335,1000,500,converged,2326caeb9440b00461141b4eb94de9e37431385b2f1b799aeb9d932e9fb4a686,true
Ir110,N2,r2scan,N2_Ir110,,false,ok,NSW=0 complex; converged relaxed references; matching composition,-0.97809859,/pscratch/sd/j/jcho5/VASP/dft_jobs/N2_Ir110/singlepoint/r2scan,0,/pscratch/sd/j/jcho5/VASP/vasp_slab/Ir110/r2scan,/pscratch/sd/j/jcho5/VASP/vasp_mol/N2/r2scan,-1247.84904422,-1228.67675167,-18.19419396,1000,500,converged,2326caeb9440b00461141b4eb94de9e37431385b2f1b799aeb9d932e9fb4a686,true
Ir110,NH3,beef_vdw,NH3_Ir110,,false,ok,NSW=0 complex; converged relaxed references; matching composition,-1.2188212,/pscratch/sd/j/jcho5/VASP/dft_jobs/NH3_Ir110/singlepoint/beef_vdw,0,/pscratch/sd/j/jcho5/VASP/vasp_slab/Ir110/beef_vdw,/pscratch/sd/j/jcho5/VASP/vasp_mol/NH3/beef_vdw,-130.60879616,-111.25249754,-18.13747742,1000,500,converged,be86a440ec88df736f9e6e1b3c76a572376e493b3ccafad53a3cd2c977cf9d27,true
Ir110,NH3,pbe,NH3_Ir110,,false,ok,NSW=0 complex; converged relaxed references; matching composition,-1.152968,/pscratch/sd/j/jcho5/VASP/dft_jobs/NH3_Ir110/singlepoint/PBE,0,/pscratch/sd/j/jcho5/VASP/vasp_slab/Ir110/PBE,/pscratch/sd/j/jcho5/VASP/vasp_mol/NH3/PBE,-206.48095471,-185.79278571,-19.535201,1000,500,converged,be86a440ec88df736f9e6e1b3c76a572376e493b3ccafad53a3cd2c977cf9d27,true
Ir110,NH3,pbe_d3,NH3_Ir110,,false,ok,NSW=0 complex; converged relaxed references; matching composition,-1.42074267,/pscratch/sd/j/jcho5/VASP/dft_jobs/NH3_Ir110/singlepoint/PBE_D3,0,/pscratch/sd/j/jcho5/VASP/vasp_slab/Ir110/PBE_D3,/pscratch/sd/j/jcho5/VASP/vasp_mol/NH3/PBE_D3,-216.09466732,-195.1382215,-19.53570315,1000,500,converged,be86a440ec88df736f9e6e1b3c76a572376e493b3ccafad53a3cd2c977cf9d27,true
Ir110,NH3,r2scan,NH3_Ir110,,false,ok,NSW=0 complex; converged relaxed references; matching composition,-1.19496738,/pscratch/sd/j/jcho5/VASP/dft_jobs/NH3_Ir110/singlepoint/r2scan,0,/pscratch/sd/j/jcho5/VASP/vasp_slab/Ir110/r2scan,/pscratch/sd/j/jcho5/VASP/vasp_mol/NH3/r2scan,-1250.39006639,-1228.67675167,-20.51834734,1000,500,converged,be86a440ec88df736f9e6e1b3c76a572376e493b3ccafad53a3cd2c977cf9d27,true
Ir110,NO,pbe,NO_Ir110,,false,ok,NSW=0 complex; converged relaxed references; matching composition,-3.17848161,/pscratch/sd/j/jcho5/VASP/dft_jobs/NO_Ir110/singlepoint/PBE,0,/pscratch/sd/j/jcho5/VASP/vasp_slab/Ir110/PBE,/pscratch/sd/j/jcho5/VASP/vasp_mol/NO/PBE,-200.91744117,-185.79278571,-11.94617385,1000,500,converged,07497f959a524d2de49c4d2fc3783a7e8b6fe5aa7ca40890cd28123e46c7a162,true
Ir110,NO,pbe_d3,NO_Ir110,,false,ok,NSW=0 complex; converged relaxed references; matching composition,-3.36537516,/pscratch/sd/j/jcho5/VASP/dft_jobs/NO_Ir110/singlepoint/PBE_D3,0,/pscratch/sd/j/jcho5/VASP/vasp_slab/Ir110/PBE_D3,/pscratch/sd/j/jcho5/VASP/vasp_mol/NO/PBE_D3,-210.449786,-195.1382215,-11.94618934,1000,500,converged,07497f959a524d2de49c4d2fc3783a7e8b6fe5aa7ca40890cd28123e46c7a162,true
Ir110,SO2,beef_vdw,SO2_Ir110,,false,ok,NSW=0 complex; converged relaxed references; matching composition,-2.40644069,/pscratch/sd/j/jcho5/VASP/dft_jobs/SO2_Ir110/singlepoint/beef_vdw,0,/pscratch/sd/j/jcho5/VASP/vasp_slab/Ir110/beef_vdw,/pscratch/sd/j/jcho5/VASP/vasp_mol/SO2/beef_vdw,-125.32979829,-111.25249754,-11.67086006,1000,500,converged,21131e0de634d0938652d877e019f986f70c400dbf8bb96ddfae3b84213c3298,true
Ir110,SO2,pbe,SO2_Ir110,,false,ok,NSW=0 complex; converged relaxed references; matching composition,-2.27528667,/pscratch/sd/j/jcho5/VASP/dft_jobs/SO2_Ir110/singlepoint/PBE,0,/pscratch/sd/j/jcho5/VASP/vasp_slab/Ir110/PBE,/pscratch/sd/j/jcho5/VASP/vasp_mol/SO2/PBE,-205.10952033,-185.79278571,-17.04144795,1000,500,converged,21131e0de634d0938652d877e019f986f70c400dbf8bb96ddfae3b84213c3298,true
Ir110,SO2,pbe_d3,SO2_Ir110,,false,ok,NSW=0 complex; converged relaxed references; matching composition,-2.78678317,/pscratch/sd/j/jcho5/VASP/dft_jobs/SO2_Ir110/singlepoint/PBE_D3,0,/pscratch/sd/j/jcho5/VASP/vasp_slab/Ir110/PBE_D3,/pscratch/sd/j/jcho5/VASP/vasp_mol/SO2/PBE_D3,-214.97009631,-195.1382215,-17.04509164,1000,500,converged,21131e0de634d0938652d877e019f986f70c400dbf8bb96ddfae3b84213c3298,true
Ir110,SO2,r2scan,SO2_Ir110,,false,ok,NSW=0 complex; converged relaxed references; matching composition,-2.50243768,/pscratch/sd/j/jcho5/VASP/dft_jobs/SO2_Ir110/singlepoint/r2scan,0,/pscratch/sd/j/jcho5/VASP/vasp_slab/Ir110/r2scan,/pscratch/sd/j/jcho5/VASP/vasp_mol/SO2/r2scan,-1254.03975832,-1228.67675167,-22.86056897,1000,500,converged,21131e0de634d0938652d877e019f986f70c400dbf8bb96ddfae3b84213c3298,true
Ir110,acetaldehyde,beef_vdw,CH3CHO_Ir110,,false,ok,NSW=0 complex; converged relaxed references; matching composition,-0.90172076,/pscratch/sd/j/jcho5/VASP/dft_jobs/CH3CHO_Ir110/singlepoint/beef_vdw,0,/pscratch/sd/j/jcho5/VASP/vasp_slab/Ir110/beef_vdw,/pscratch/sd/j/jcho5/VASP/vasp_mol/CH3CHO/beef_vdw,-147.02774505,-111.25249754,-34.87352675,1000,500,converged,f01f065a0a0f592721fe18b30b4bd056c6e053a002d320068331acd725bf687d,true
Ir110,acetaldehyde,pbe,CH3CHO_Ir110,,false,ok,NSW=0 complex; converged relaxed references; matching composition,-0.7045846,/pscratch/sd/j/jcho5/VASP/dft_jobs/CH3CHO_Ir110/singlepoint/PBE,0,/pscratch/sd/j/jcho5/VASP/vasp_slab/Ir110/PBE,/pscratch/sd/j/jcho5/VASP/vasp_mol/CH3CHO/PBE,-225.60678618,-185.79278571,-39.10941587,1000,500,converged,f01f065a0a0f592721fe18b30b4bd056c6e053a002d320068331acd725bf687d,true
Ir110,acetaldehyde,pbe_d3,CH3CHO_Ir110,,false,ok,NSW=0 complex; converged relaxed references; matching composition,-0.98990775,/pscratch/sd/j/jcho5/VASP/dft_jobs/CH3CHO_Ir110/singlepoint/PBE_D3,0,/pscratch/sd/j/jcho5/VASP/vasp_slab/Ir110/PBE_D3,/pscratch/sd/j/jcho5/VASP/vasp_mol/CH3CHO/PBE_D3,-235.26639425,-195.1382215,-39.138265,1000,500,converged,f01f065a0a0f592721fe18b30b4bd056c6e053a002d320068331acd725bf687d,true
Ir110,acetaldehyde,r2scan,CH3CHO_Ir110,,false,ok,NSW=0 complex; converged relaxed references; matching composition,-0.76953598,/pscratch/sd/j/jcho5/VASP/dft_jobs/CH3CHO_Ir110/singlepoint/r2scan,0,/pscratch/sd/j/jcho5/VASP/vasp_slab/Ir110/r2scan,/pscratch/sd/j/jcho5/VASP/vasp_mol/CH3CHO/r2scan,-1271.12106862,-1228.67675167,-41.67478097,1000,500,converged,f01f065a0a0f592721fe18b30b4bd056c6e053a002d320068331acd725bf687d,true
Ir110,acetic_acid,beef_vdw,CH3COOH_Ir110,,false,ok,NSW=0 complex; converged relaxed references; matching composition,-1.01664711,/pscratch/sd/j/jcho5/VASP/dft_jobs/CH3COOH_Ir110/singlepoint/beef_vdw,0,/pscratch/sd/j/jcho5/VASP/vasp_slab/Ir110/beef_vdw,/pscratch/sd/j/jcho5/VASP/vasp_mol/CH3COOH/beef_vdw,-152.84748175,-111.25249754,-40.5783371,1000,500,converged,874cf47bc346ec6b583dd4fa6a5fbe4443dbb0496cf6c21cd640a17813911598,true
Ir110,acetic_acid,r2scan,CH3COOH_Ir110,,false,ok,NSW=0 complex; converged relaxed references; matching composition,-0.85642516,/pscratch/sd/j/jcho5/VASP/dft_jobs/CH3COOH_Ir110/singlepoint/r2scan,0,/pscratch/sd/j/jcho5/VASP/vasp_slab/Ir110/r2scan,/pscratch/sd/j/jcho5/VASP/vasp_mol/CH3COOH/r2scan,-1279.88368017,-1228.67675167,-50.35050334,1000,500,converged,874cf47bc346ec6b583dd4fa6a5fbe4443dbb0496cf6c21cd640a17813911598,true
Ir110,ethane,beef_vdw,C2H6_Ir110,,false,ok,NSW=0 complex; converged relaxed references; matching composition,-0.36680554,/pscratch/sd/j/jcho5/VASP/dft_jobs/C2H6_Ir110/singlepoint/beef_vdw,0,/pscratch/sd/j/jcho5/VASP/vasp_slab/Ir110/beef_vdw,/pscratch/sd/j/jcho5/VASP/vasp_mol/C2H6/beef_vdw,-149.84853372,-111.25249754,-38.22923064,1000,500,converged,f3d587fb770aca43d363c53531ae5d1ef1c9121bbbf6aa5ccc32e858dd8c66d4,true
Ir110,ethane,pbe,C2H6_Ir110,,false,ok,NSW=0 complex; converged relaxed references; matching composition,-0.02136002,/pscratch/sd/j/jcho5/VASP/dft_jobs/C2H6_Ir110/singlepoint/PBE,0,/pscratch/sd/j/jcho5/VASP/vasp_slab/Ir110/PBE,/pscratch/sd/j/jcho5/VASP/vasp_mol/C2H6/PBE,-226.31376252,-185.79278571,-40.49961679,1000,500,converged,f3d587fb770aca43d363c53531ae5d1ef1c9121bbbf6aa5ccc32e858dd8c66d4,true
Ir110,ethane,pbe_d3,C2H6_Ir110,,false,ok,NSW=0 complex; converged relaxed references; matching composition,-0.37265304,/pscratch/sd/j/jcho5/VASP/dft_jobs/C2H6_Ir110/singlepoint/PBE_D3,0,/pscratch/sd/j/jcho5/VASP/vasp_slab/Ir110/PBE_D3,/pscratch/sd/j/jcho5/VASP/vasp_mol/C2H6/PBE_D3,-236.03694913,-195.1382215,-40.52607459,1000,500,converged,f3d587fb770aca43d363c53531ae5d1ef1c9121bbbf6aa5ccc32e858dd8c66d4,true
Ir110,ethane,r2scan,C2H6_Ir110,,false,ok,NSW=0 complex; converged relaxed references; matching composition,-0.11159803,/pscratch/sd/j/jcho5/VASP/dft_jobs/C2H6_Ir110/singlepoint/r2scan,0,/pscratch/sd/j/jcho5/VASP/vasp_slab/Ir110/r2scan,/pscratch/sd/j/jcho5/VASP/vasp_mol/C2H6/r2scan,-1271.04404553,-1228.67675167,-42.25569583,1000,500,converged,f3d587fb770aca43d363c53531ae5d1ef1c9121bbbf6aa5ccc32e858dd8c66d4,true
Ir110,ethanol,beef_vdw,CH3CH2OH_Ir110,,false,ok,NSW=0 complex; converged relaxed references; matching composition,-0.94306851,/pscratch/sd/j/jcho5/VASP/dft_jobs/CH3CH2OH_Ir110/singlepoint/beef_vdw,0,/pscratch/sd/j/jcho5/VASP/vasp_slab/Ir110/beef_vdw,/pscratch/sd/j/jcho5/VASP/vasp_mol/CH3CH2OH/beef_vdw,-154.94578153,-111.25249754,-42.75021548,1000,500,converged,3fd5adf10c754700c1a8491fbe4143b0c5f17a5f4dc380fdd45801a10b42254d,true
Ir110,ethanol,pbe,CH3CH2OH_Ir110,,false,ok,NSW=0 complex; converged relaxed references; matching composition,-0.63087128,/pscratch/sd/j/jcho5/VASP/dft_jobs/CH3CH2OH_Ir110/singlepoint/PBE,0,/pscratch/sd/j/jcho5/VASP/vasp_slab/Ir110/PBE,/pscratch/sd/j/jcho5/VASP/vasp_mol/CH3CH2OH/PBE,-233.2995194,-185.79278571,-46.87586241,1000,500,converged,3fd5adf10c754700c1a8491fbe4143b0c5f17a5f4dc380fdd45801a10b42254d,true
Ir110,ethanol,pbe_d3,CH3CH2OH_Ir110,,false,ok,NSW=0 complex; converged relaxed references; matching composition,-1.09495918,/pscratch/sd/j/jcho5/VASP/dft_jobs/CH3CH2OH_Ir110/singlepoint/PBE_D3,0,/pscratch/sd/j/jcho5/VASP/vasp_slab/Ir110/PBE_D3,/pscratch/sd/j/jcho5/VASP/vasp_mol/CH3CH2OH/PBE_D3,-243.15614496,-195.1382215,-46.92296428,1000,500,converged,3fd5adf10c754700c1a8491fbe4143b0c5f17a5f4dc380fdd45801a10b42254d,true
Ir110,ethanol,r2scan,CH3CH2OH_Ir110,,false,ok,NSW=0 complex; converged relaxed references; matching composition,-0.74324792,/pscratch/sd/j/jcho5/VASP/dft_jobs/CH3CH2OH_Ir110/singlepoint/r2scan,0,/pscratch/sd/j/jcho5/VASP/vasp_slab/Ir110/r2scan,/pscratch/sd/j/jcho5/VASP/vasp_mol/CH3CH2OH/r2scan,-1279.05959217,-1228.67675167,-49.63959258,1000,500,converged,3fd5adf10c754700c1a8491fbe4143b0c5f17a5f4dc380fdd45801a10b42254d,true
Ir110,ethene,beef_vdw,C2H4_Ir110,,false,ok,NSW=0 complex; converged relaxed references; matching composition,-1.72489856,/pscratch/sd/j/jcho5/VASP/dft_jobs/C2H4_Ir110/singlepoint/beef_vdw,0,/pscratch/sd/j/jcho5/VASP/vasp_slab/Ir110/beef_vdw,/pscratch/sd/j/jcho5/VASP/vasp_mol/C2H4/beef_vdw,-142.55906256,-111.25249754,-29.58166646,1000,500,converged,f2b578d9a9b5a2c842ca9bc8540cb4758c8661e5539170f2e463b70330c8429d,true
Ir110,ethene,pbe,C2H4_Ir110,,false,ok,NSW=0 complex; converged relaxed references; matching composition,-1.60123354,/pscratch/sd/j/jcho5/VASP/dft_jobs/C2H4_Ir110/singlepoint/PBE,0,/pscratch/sd/j/jcho5/VASP/vasp_slab/Ir110/PBE,/pscratch/sd/j/jcho5/VASP/vasp_mol/C2H4/PBE,-219.36466325,-185.79278571,-31.970644,1000,500,converged,f2b578d9a9b5a2c842ca9bc8540cb4758c8661e5539170f2e463b70330c8429d,true
Ir110,ethene,pbe_d3,C2H4_Ir110,,false,ok,NSW=0 complex; converged relaxed references; matching composition,-2.00771159,/pscratch/sd/j/jcho5/VASP/dft_jobs/C2H4_Ir110/singlepoint/PBE_D3,0,/pscratch/sd/j/jcho5/VASP/vasp_slab/Ir110/PBE_D3,/pscratch/sd/j/jcho5/VASP/vasp_mol/C2H4/PBE_D3,-229.12912269,-195.1382215,-31.9831896,1000,500,converged,f2b578d9a9b5a2c842ca9bc8540cb4758c8661e5539170f2e463b70330c8429d,true
Ir110,ethene,r2scan,C2H4_Ir110,,false,ok,NSW=0 complex; converged relaxed references; matching composition,-1.70577094,/pscratch/sd/j/jcho5/VASP/dft_jobs/C2H4_Ir110/singlepoint/r2scan,0,/pscratch/sd/j/jcho5/VASP/vasp_slab/Ir110/r2scan,/pscratch/sd/j/jcho5/VASP/vasp_mol/C2H4/r2scan,-1263.93108137,-1228.67675167,-33.54855876,1000,500,converged,f2b578d9a9b5a2c842ca9bc8540cb4758c8661e5539170f2e463b70330c8429d,true
Ir110,formaldehyde,beef_vdw,H2CO_Ir110,,false,ok,NSW=0 complex; converged relaxed references; matching composition,-1.66812451,/pscratch/sd/j/jcho5/VASP/dft_jobs/H2CO_Ir110/singlepoint/beef_vdw,0,/pscratch/sd/j/jcho5/VASP/vasp_slab/Ir110/beef_vdw,/pscratch/sd/j/jcho5/VASP/vasp_mol/H2CO/beef_vdw,-132.06751464,-111.25249754,-19.14689259,1000,500,converged,9ee46eb2e2eb59ab5562fadd02190d2593a087d988ed4323a7c2de28e146dd69,true
Ir110,formaldehyde,r2scan,H2CO_Ir110,,false,ok,NSW=0 complex; converged relaxed references; matching composition,-1.70111068,/pscratch/sd/j/jcho5/VASP/dft_jobs/H2CO_Ir110/singlepoint/r2scan,0,/pscratch/sd/j/jcho5/VASP/vasp_slab/Ir110/r2scan,/pscratch/sd/j/jcho5/VASP/vasp_mol/H2CO/r2scan,-1254.2453488,-1228.67675167,-23.86748645,1000,500,converged,9ee46eb2e2eb59ab5562fadd02190d2593a087d988ed4323a7c2de28e146dd69,true
Ir110,formic_acid,beef_vdw,HCOOH_Ir110,,false,ok,NSW=0 complex; converged relaxed references; matching composition,-0.64704828,/pscratch/sd/j/jcho5/VASP/dft_jobs/HCOOH_Ir110/singlepoint/beef_vdw,0,/pscratch/sd/j/jcho5/VASP/vasp_slab/Ir110/beef_vdw,/pscratch/sd/j/jcho5/VASP/vasp_mol/HCOOH/beef_vdw,-136.85179114,-111.25249754,-24.95224532,1000,500,converged,4c16df2c114d8f701ad99729077f68e29786335e89cb9e5e50ecef8bb2cd7f65,true
Ir110,formic_acid,pbe,HCOOH_Ir110,,false,ok,NSW=0 complex; converged relaxed references; matching composition,-0.5166825,/pscratch/sd/j/jcho5/VASP/dft_jobs/HCOOH_Ir110/singlepoint/PBE,0,/pscratch/sd/j/jcho5/VASP/vasp_slab/Ir110/PBE,/pscratch/sd/j/jcho5/VASP/vasp_mol/HCOOH/PBE,-216.18926256,-185.79278571,-29.87979435,1000,500,converged,4c16df2c114d8f701ad99729077f68e29786335e89cb9e5e50ecef8bb2cd7f65,true
Ir110,formic_acid,pbe_d3,HCOOH_Ir110,,false,ok,NSW=0 complex; converged relaxed references; matching composition,-0.87186128,/pscratch/sd/j/jcho5/VASP/dft_jobs/HCOOH_Ir110/singlepoint/PBE_D3,0,/pscratch/sd/j/jcho5/VASP/vasp_slab/Ir110/PBE_D3,/pscratch/sd/j/jcho5/VASP/vasp_mol/HCOOH/PBE_D3,-225.90367816,-195.1382215,-29.89359538,1000,500,converged,4c16df2c114d8f701ad99729077f68e29786335e89cb9e5e50ecef8bb2cd7f65,true
Ir110,formic_acid,r2scan,HCOOH_Ir110,,false,ok,NSW=0 complex; converged relaxed references; matching composition,-0.61151464,/pscratch/sd/j/jcho5/VASP/dft_jobs/HCOOH_Ir110/singlepoint/r2scan,0,/pscratch/sd/j/jcho5/VASP/vasp_slab/Ir110/r2scan,/pscratch/sd/j/jcho5/VASP/vasp_mol/HCOOH/r2scan,-1261.92216791,-1228.67675167,-32.6339016,1000,500,converged,4c16df2c114d8f701ad99729077f68e29786335e89cb9e5e50ecef8bb2cd7f65,true
Ir110,methane,beef_vdw,CH4_Ir110,,false,ok,NSW=0 complex; converged relaxed references; matching composition,-0.19827344,/pscratch/sd/j/jcho5/VASP/dft_jobs/CH4_Ir110/singlepoint/beef_vdw,0,/pscratch/sd/j/jcho5/VASP/vasp_slab/Ir110/beef_vdw,/pscratch/sd/j/jcho5/VASP/vasp_mol/CH4/beef_vdw,-134.43650699,-111.25249754,-22.98573601,1000,500,converged,e4e085b7dcda9549a889a2106e2c98afd293f4c0809b653988cc1fa6235e1173,true
Ir110,methane,pbe,CH4_Ir110,,false,ok,NSW=0 complex; converged relaxed references; matching composition,0.02473465,/pscratch/sd/j/jcho5/VASP/dft_jobs/CH4_Ir110/singlepoint/PBE,0,/pscratch/sd/j/jcho5/VASP/vasp_slab/Ir110/PBE,/pscratch/sd/j/jcho5/VASP/vasp_mol/CH4/PBE,-209.80365438,-185.79278571,-24.03560332,1000,500,converged,e4e085b7dcda9549a889a2106e2c98afd293f4c0809b653988cc1fa6235e1173,true
Ir110,methane,pbe_d3,CH4_Ir110,,false,ok,NSW=0 complex; converged relaxed references; matching composition,-0.15448124,/pscratch/sd/j/jcho5/VASP/dft_jobs/CH4_Ir110/singlepoint/PBE_D3,0,/pscratch/sd/j/jcho5/VASP/vasp_slab/Ir110/PBE_D3,/pscratch/sd/j/jcho5/VASP/vasp_mol/CH4/PBE_D3,-219.33033863,-195.1382215,-24.03763589,1000,500,converged,e4e085b7dcda9549a889a2106e2c98afd293f4c0809b653988cc1fa6235e1173,true
Ir110,methane,r2scan,CH4_Ir110,,false,ok,NSW=0 complex; converged relaxed references; matching composition,-0.01482713,/pscratch/sd/j/jcho5/VASP/dft_jobs/CH4_Ir110/singlepoint/r2scan,0,/pscratch/sd/j/jcho5/VASP/vasp_slab/Ir110/r2scan,/pscratch/sd/j/jcho5/VASP/vasp_mol/CH4/r2scan,-1253.67948197,-1228.67675167,-24.98790317,1000,500,converged,e4e085b7dcda9549a889a2106e2c98afd293f4c0809b653988cc1fa6235e1173,true
Ir110,methanol,beef_vdw,CH3OH_Ir110,,false,ok,NSW=0 complex; converged relaxed references; matching composition,-0.81303628,/pscratch/sd/j/jcho5/VASP/dft_jobs/CH3OH_Ir110/singlepoint/beef_vdw,0,/pscratch/sd/j/jcho5/VASP/vasp_slab/Ir110/beef_vdw,/pscratch/sd/j/jcho5/VASP/vasp_mol/CH3OH/beef_vdw,-139.35958017,-111.25249754,-27.29404635,1000,500,converged,1760cb9cd8dd0df64e5a2c51fda21d4c1e7c83bcdf46917b0c7c0034820001f6,true
Ir110,methanol,pbe,CH3OH_Ir110,,false,ok,NSW=0 complex; converged relaxed references; matching composition,-0.60744007,/pscratch/sd/j/jcho5/VASP/dft_jobs/CH3OH_Ir110/singlepoint/PBE,0,/pscratch/sd/j/jcho5/VASP/vasp_slab/Ir110/PBE,/pscratch/sd/j/jcho5/VASP/vasp_mol/CH3OH/PBE,-216.60879813,-185.79278571,-30.20857235,1000,500,converged,1760cb9cd8dd0df64e5a2c51fda21d4c1e7c83bcdf46917b0c7c0034820001f6,true
Ir110,methanol,pbe_d3,CH3OH_Ir110,,false,ok,NSW=0 complex; converged relaxed references; matching composition,-0.95409422,/pscratch/sd/j/jcho5/VASP/dft_jobs/CH3OH_Ir110/singlepoint/PBE_D3,0,/pscratch/sd/j/jcho5/VASP/vasp_slab/Ir110/PBE_D3,/pscratch/sd/j/jcho5/VASP/vasp_mol/CH3OH/PBE_D3,-226.31594105,-195.1382215,-30.22362533,1000,500,converged,1760cb9cd8dd0df64e5a2c51fda21d4c1e7c83bcdf46917b0c7c0034820001f6,true
Ir110,methanol,r2scan,CH3OH_Ir110,,false,ok,NSW=0 complex; converged relaxed references; matching composition,-0.67609826,/pscratch/sd/j/jcho5/VASP/dft_jobs/CH3OH_Ir110/singlepoint/r2scan,0,/pscratch/sd/j/jcho5/VASP/vasp_slab/Ir110/r2scan,/pscratch/sd/j/jcho5/VASP/vasp_mol/CH3OH/r2scan,-1261.48937847,-1228.67675167,-32.13652854,1000,500,converged,1760cb9cd8dd0df64e5a2c51fda21d4c1e7c83bcdf46917b0c7c0034820001f6,true
Ir111,CH3,beef_vdw,CH3_Ir111,,false,ok,NSW=0 complex; converged relaxed references; matching composition,-1.90929114,/pscratch/sd/j/jcho5/VASP/dft_jobs/CH3_Ir111/singlepoint/beef_vdw,0,/pscratch/sd/j/jcho5/VASP/vasp_slab/Ir111/beef_vdw,/pscratch/sd/j/jcho5/VASP/vasp_mol/CH3/beef_vdw,-358.51384824,-339.48696992,-17.11758718,1000,500,converged,938987643ac41fe15d084a03aee83b8f7ddb192b3135c4b128380c780b1d38e6,true
Ir111,CH3,pbe,CH3_Ir111,,false,ok,NSW=0 complex; converged relaxed references; matching composition,-1.79643634,/pscratch/sd/j/jcho5/VASP/dft_jobs/CH3_Ir111/singlepoint/PBE,0,/pscratch/sd/j/jcho5/VASP/vasp_slab/Ir111/PBE,/pscratch/sd/j/jcho5/VASP/vasp_mol/CH3/PBE,-558.3010187,-538.3119429,-18.19263946,1000,500,converged,938987643ac41fe15d084a03aee83b8f7ddb192b3135c4b128380c780b1d38e6,true
Ir111,CH3,pbe_d3,CH3_Ir111,,false,ok,NSW=0 complex; converged relaxed references; matching composition,-1.90996866,/pscratch/sd/j/jcho5/VASP/dft_jobs/CH3_Ir111/singlepoint/PBE_D3,0,/pscratch/sd/j/jcho5/VASP/vasp_slab/Ir111/PBE_D3,/pscratch/sd/j/jcho5/VASP/vasp_mol/CH3/PBE_D3,-590.88716175,-570.78304395,-18.19414914,1000,500,converged,938987643ac41fe15d084a03aee83b8f7ddb192b3135c4b128380c780b1d38e6,true
Ir111,CH3,r2scan,CH3_Ir111,,false,ok,NSW=0 complex; converged relaxed references; matching composition,-1.60703633,/pscratch/sd/j/jcho5/VASP/dft_jobs/CH3_Ir111/singlepoint/r2scan,0,/pscratch/sd/j/jcho5/VASP/vasp_slab/Ir111/r2scan,/pscratch/sd/j/jcho5/VASP/vasp_mol/CH3/r2scan,-3341.52104628,-3320.68314209,-19.23086786,1000,500,converged,938987643ac41fe15d084a03aee83b8f7ddb192b3135c4b128380c780b1d38e6,true
Ir111,CO,beef_vdw,CO_Ir111,,false,ok,NSW=0 complex; converged relaxed references; matching composition,-1.49268401,/pscratch/sd/j/jcho5/VASP/dft_jobs/CO_Ir111/singlepoint/beef_vdw,0,/pscratch/sd/j/jcho5/VASP/vasp_slab/Ir111/beef_vdw,/pscratch/sd/j/jcho5/VASP/vasp_mol/CO/beef_vdw,-352.71283024,-339.48696992,-11.73317631,1000,500,converged,0fc4e5997b9148862b4fff9066fb93d6280f9b3109c564ac93a549147ccc2e4f,true
Ir111,CO,pbe,CO_Ir111,,false,ok,NSW=0 complex; converged relaxed references; matching composition,-1.53175888,/pscratch/sd/j/jcho5/VASP/dft_jobs/CO_Ir111/singlepoint/PBE,0,/pscratch/sd/j/jcho5/VASP/vasp_slab/Ir111/PBE,/pscratch/sd/j/jcho5/VASP/vasp_mol/CO/PBE,-554.62408415,-538.3119429,-14.78038237,1000,500,converged,0fc4e5997b9148862b4fff9066fb93d6280f9b3109c564ac93a549147ccc2e4f,true
Ir111,CO,pbe_d3,CO_Ir111,,false,ok,NSW=0 complex; converged relaxed references; matching composition,-1.5570883,/pscratch/sd/j/jcho5/VASP/dft_jobs/CO_Ir111/singlepoint/PBE_D3,0,/pscratch/sd/j/jcho5/VASP/vasp_slab/Ir111/PBE_D3,/pscratch/sd/j/jcho5/VASP/vasp_mol/CO/PBE_D3,-587.12052815,-570.78304395,-14.7803959,1000,500,converged,0fc4e5997b9148862b4fff9066fb93d6280f9b3109c564ac93a549147ccc2e4f,true
Ir111,CO,r2scan,CO_Ir111,,false,ok,NSW=0 complex; converged relaxed references; matching composition,-1.39459851,/pscratch/sd/j/jcho5/VASP/dft_jobs/CO_Ir111/singlepoint/r2scan,0,/pscratch/sd/j/jcho5/VASP/vasp_slab/Ir111/r2scan,/pscratch/sd/j/jcho5/VASP/vasp_mol/CO/r2scan,-3338.55781536,-3320.68314209,-16.48007476,1000,500,converged,0fc4e5997b9148862b4fff9066fb93d6280f9b3109c564ac93a549147ccc2e4f,true
Ir111,CO2,beef_vdw,CO2_Ir111,,false,ok,NSW=0 complex; converged relaxed references; matching composition,-0.24536332,/pscratch/sd/j/jcho5/VASP/dft_jobs/CO2_Ir111/singlepoint/beef_vdw,0,/pscratch/sd/j/jcho5/VASP/vasp_slab/Ir111/beef_vdw,/pscratch/sd/j/jcho5/VASP/vasp_mol/CO2/beef_vdw,-357.65295806,-339.48696992,-17.92062482,1000,500,converged,8aa9edc17024a337dcf02bac5883c7ab2f8af41dcae250dcece588b1f9cac280,true
Ir111,CO2,pbe,CO2_Ir111,,false,ok,NSW=0 complex; converged relaxed references; matching composition,0.04658465,/pscratch/sd/j/jcho5/VASP/dft_jobs/CO2_Ir111/singlepoint/PBE,0,/pscratch/sd/j/jcho5/VASP/vasp_slab/Ir111/PBE,/pscratch/sd/j/jcho5/VASP/vasp_mol/CO2/PBE,-561.22555347,-538.3119429,-22.96019522,1000,500,converged,8aa9edc17024a337dcf02bac5883c7ab2f8af41dcae250dcece588b1f9cac280,true
Ir111,CO2,r2scan,CO2_Ir111,,false,ok,NSW=0 complex; converged relaxed references; matching composition,0.14610648,/pscratch/sd/j/jcho5/VASP/dft_jobs/CO2_Ir111/singlepoint/r2scan,0,/pscratch/sd/j/jcho5/VASP/vasp_slab/Ir111/r2scan,/pscratch/sd/j/jcho5/VASP/vasp_mol/CO2/r2scan,-3346.10603449,-3320.68314209,-25.56899888,1000,500,converged,8aa9edc17024a337dcf02bac5883c7ab2f8af41dcae250dcece588b1f9cac280,true
Ir111,DME,beef_vdw,CH3OCH3_Ir111,,false,ok,NSW=0 complex; converged relaxed references; matching composition,-0.58705258,/pscratch/sd/j/jcho5/VASP/dft_jobs/CH3OCH3_Ir111/singlepoint/beef_vdw,0,/pscratch/sd/j/jcho5/VASP/vasp_slab/Ir111/beef_vdw,/pscratch/sd/j/jcho5/VASP/vasp_mol/CH3OCH3/beef_vdw,-382.36715179,-339.48696992,-42.29312929,1000,500,converged,087a1f19fa07298ba9145a269cb8c3df827b2a74096e78d9b1f11e57ae636ba4,true
Ir111,DME,pbe,CH3OCH3_Ir111,,false,ok,NSW=0 complex; converged relaxed references; matching composition,-0.16653728,/pscratch/sd/j/jcho5/VASP/dft_jobs/CH3OCH3_Ir111/singlepoint/PBE,0,/pscratch/sd/j/jcho5/VASP/vasp_slab/Ir111/PBE,/pscratch/sd/j/jcho5/VASP/completion_runs/dme_references_davidson_20260915/molecule/DME/PBE,-584.85616207,-538.3119429,-46.37768189,1000,500,converged,087a1f19fa07298ba9145a269cb8c3df827b2a74096e78d9b1f11e57ae636ba4,true
Ir111,DME,pbe_d3,CH3OCH3_Ir111,,false,ok,NSW=0 complex; converged relaxed references; matching composition,-0.53503094,/pscratch/sd/j/jcho5/VASP/dft_jobs/CH3OCH3_Ir111/singlepoint/PBE_D3,0,/pscratch/sd/j/jcho5/VASP/vasp_slab/Ir111/PBE_D3,/pscratch/sd/j/jcho5/VASP/completion_runs/dme_references_davidson_20260915/molecule/DME/PBE_D3,-617.74159351,-570.78304395,-46.42351862,1000,500,converged,087a1f19fa07298ba9145a269cb8c3df827b2a74096e78d9b1f11e57ae636ba4,true
Ir111,DME,r2scan,CH3OCH3_Ir111,,false,ok,NSW=0 complex; converged relaxed references; matching composition,-0.28281186,/pscratch/sd/j/jcho5/VASP/dft_jobs/CH3OCH3_Ir111/singlepoint/r2scan,0,/pscratch/sd/j/jcho5/VASP/vasp_slab/Ir111/r2scan,/pscratch/sd/j/jcho5/VASP/vasp_mol/CH3OCH3/r2scan,-3370.10654322,-3320.68314209,-49.14058927,1000,500,converged,087a1f19fa07298ba9145a269cb8c3df827b2a74096e78d9b1f11e57ae636ba4,true
Ir111,H2O,beef_vdw,H2O_Ir111,,false,ok,NSW=0 complex; converged relaxed references; matching composition,-0.35655901,/pscratch/sd/j/jcho5/VASP/dft_jobs/H2O_Ir111/singlepoint/beef_vdw,0,/pscratch/sd/j/jcho5/VASP/vasp_slab/Ir111/beef_vdw,/pscratch/sd/j/jcho5/VASP/vasp_mol/H2O/beef_vdw,-352.34684574,-339.48696992,-12.50331681,1000,500,converged,1af109e0f77eb4cdbd4c7aae76856598d7f8d179b2b1bc5b070f14b49fd72323,true
Ir111,H2O,pbe,H2O_Ir111,,false,ok,NSW=0 complex; converged relaxed references; matching composition,-0.25754896,/pscratch/sd/j/jcho5/VASP/dft_jobs/H2O_Ir111/singlepoint/PBE,0,/pscratch/sd/j/jcho5/VASP/vasp_slab/Ir111/PBE,/pscratch/sd/j/jcho5/VASP/vasp_mol/H2O/PBE,-552.78726703,-538.3119429,-14.21777517,1000,500,converged,1af109e0f77eb4cdbd4c7aae76856598d7f8d179b2b1bc5b070f14b49fd72323,true
Ir111,H2O,pbe_d3,H2O_Ir111,,false,ok,NSW=0 complex; converged relaxed references; matching composition,-0.29557049,/pscratch/sd/j/jcho5/VASP/dft_jobs/H2O_Ir111/singlepoint/PBE_D3,0,/pscratch/sd/j/jcho5/VASP/vasp_slab/Ir111/PBE_D3,/pscratch/sd/j/jcho5/VASP/vasp_mol/H2O/PBE_D3,-585.29650222,-570.78304395,-14.21788778,1000,500,converged,1af109e0f77eb4cdbd4c7aae76856598d7f8d179b2b1bc5b070f14b49fd72323,true
Ir111,H2O,r2scan,H2O_Ir111,,false,ok,NSW=0 complex; converged relaxed references; matching composition,-0.25349886,/pscratch/sd/j/jcho5/VASP/dft_jobs/H2O_Ir111/singlepoint/r2scan,0,/pscratch/sd/j/jcho5/VASP/vasp_slab/Ir111/r2scan,/pscratch/sd/j/jcho5/VASP/vasp_mol/H2O/r2scan,-3336.26906035,-3320.68314209,-15.3324194,1000,500,converged,1af109e0f77eb4cdbd4c7aae76856598d7f8d179b2b1bc5b070f14b49fd72323,true
Ir111,H2S,beef_vdw,H2S_Ir111,,false,ok,NSW=0 complex; converged relaxed references; matching composition,-0.84153663,/pscratch/sd/j/jcho5/VASP/dft_jobs/H2S_Ir111/singlepoint/beef_vdw,0,/pscratch/sd/j/jcho5/VASP/vasp_slab/Ir111/beef_vdw,/pscratch/sd/j/jcho5/VASP/vasp_mol/H2S/beef_vdw,-349.9426828,-339.48696992,-9.61417625,1000,500,converged,72a7019abf3a8cf4556f272952978ed0ce9f4a5ae095120f4298685604ce9992,true
Ir111,H2S,pbe,H2S_Ir111,,false,ok,NSW=0 complex; converged relaxed references; matching composition,-0.67359452,/pscratch/sd/j/jcho5/VASP/dft_jobs/H2S_Ir111/singlepoint/PBE,0,/pscratch/sd/j/jcho5/VASP/vasp_slab/Ir111/PBE,/pscratch/sd/j/jcho5/VASP/vasp_mol/H2S/PBE,-550.18463211,-538.3119429,-11.19909469,1000,500,converged,72a7019abf3a8cf4556f272952978ed0ce9f4a5ae095120f4298685604ce9992,true
Ir111,H2S,pbe_d3,H2S_Ir111,,false,ok,NSW=0 complex; converged relaxed references; matching composition,-0.90489088,/pscratch/sd/j/jcho5/VASP/dft_jobs/H2S_Ir111/singlepoint/PBE_D3,0,/pscratch/sd/j/jcho5/VASP/vasp_slab/Ir111/PBE_D3,/pscratch/sd/j/jcho5/VASP/vasp_mol/H2S/PBE_D3,-582.88770134,-570.78304395,-11.19976651,1000,500,converged,72a7019abf3a8cf4556f272952978ed0ce9f4a5ae095120f4298685604ce9992,true
Ir111,H2S,r2scan,H2S_Ir111,,false,ok,NSW=0 complex; converged relaxed references; matching composition,-0.68506087,/pscratch/sd/j/jcho5/VASP/dft_jobs/H2S_Ir111/singlepoint/r2scan,0,/pscratch/sd/j/jcho5/VASP/vasp_slab/Ir111/r2scan,/pscratch/sd/j/jcho5/VASP/vasp_mol/H2S/r2scan,-3336.59435406,-3320.68314209,-15.2261511,1000,500,converged,72a7019abf3a8cf4556f272952978ed0ce9f4a5ae095120f4298685604ce9992,true
Ir111,N2,beef_vdw,N2_Ir111,,false,ok,NSW=0 complex; converged relaxed references; matching composition,-0.39413564,/pscratch/sd/j/jcho5/VASP/dft_jobs/N2_Ir111/singlepoint/beef_vdw,0,/pscratch/sd/j/jcho5/VASP/vasp_slab/Ir111/beef_vdw,/pscratch/sd/j/jcho5/VASP/vasp_mol/N2/beef_vdw,-353.44443301,-339.48696992,-13.56332745,1000,500,converged,59be5216005ce85f8a0a18eab294d12fc4d5a769b3e28628ceabfbd22f820296,true
Ir111,N2,pbe,N2_Ir111,,false,ok,NSW=0 complex; converged relaxed references; matching composition,-0.33032854,/pscratch/sd/j/jcho5/VASP/dft_jobs/N2_Ir111/singlepoint/PBE,0,/pscratch/sd/j/jcho5/VASP/vasp_slab/Ir111/PBE,/pscratch/sd/j/jcho5/VASP/vasp_mol/N2/PBE,-555.27029635,-538.3119429,-16.62802491,1000,500,converged,59be5216005ce85f8a0a18eab294d12fc4d5a769b3e28628ceabfbd22f820296,true
Ir111,N2,pbe_d3,N2_Ir111,,false,ok,NSW=0 complex; converged relaxed references; matching composition,-0.39859868,/pscratch/sd/j/jcho5/VASP/dft_jobs/N2_Ir111/singlepoint/PBE_D3,0,/pscratch/sd/j/jcho5/VASP/vasp_slab/Ir111/PBE_D3,/pscratch/sd/j/jcho5/VASP/vasp_mol/N2/PBE_D3,-587.80967613,-570.78304395,-16.6280335,1000,500,converged,59be5216005ce85f8a0a18eab294d12fc4d5a769b3e28628ceabfbd22f820296,true
Ir111,N2,r2scan,N2_Ir111,,false,ok,NSW=0 complex; converged relaxed references; matching composition,-0.27451831,/pscratch/sd/j/jcho5/VASP/dft_jobs/N2_Ir111/singlepoint/r2scan,0,/pscratch/sd/j/jcho5/VASP/vasp_slab/Ir111/r2scan,/pscratch/sd/j/jcho5/VASP/vasp_mol/N2/r2scan,-3339.15185436,-3320.68314209,-18.19419396,1000,500,converged,59be5216005ce85f8a0a18eab294d12fc4d5a769b3e28628ceabfbd22f820296,true
Ir111,NH3,beef_vdw,NH3_Ir111,,false,ok,NSW=0 complex; converged relaxed references; matching composition,-1.0349227,/pscratch/sd/j/jcho5/VASP/dft_jobs/NH3_Ir111/singlepoint/beef_vdw,0,/pscratch/sd/j/jcho5/VASP/vasp_slab/Ir111/beef_vdw,/pscratch/sd/j/jcho5/VASP/vasp_mol/NH3/beef_vdw,-358.65937004,-339.48696992,-18.13747742,1000,500,converged,529e380ddaac82a89fd042f480f90805a34640860c3af8298cc09c3a3fcdf9a9,true
Ir111,NH3,pbe,NH3_Ir111,,false,ok,NSW=0 complex; converged relaxed references; matching composition,-0.93990692,/pscratch/sd/j/jcho5/VASP/dft_jobs/NH3_Ir111/singlepoint/PBE,0,/pscratch/sd/j/jcho5/VASP/vasp_slab/Ir111/PBE,/pscratch/sd/j/jcho5/VASP/vasp_mol/NH3/PBE,-558.78705082,-538.3119429,-19.535201,1000,500,converged,529e380ddaac82a89fd042f480f90805a34640860c3af8298cc09c3a3fcdf9a9,true
Ir111,NH3,pbe_d3,NH3_Ir111,,false,ok,NSW=0 complex; converged relaxed references; matching composition,-1.05853721,/pscratch/sd/j/jcho5/VASP/dft_jobs/NH3_Ir111/singlepoint/PBE_D3,0,/pscratch/sd/j/jcho5/VASP/vasp_slab/Ir111/PBE_D3,/pscratch/sd/j/jcho5/VASP/vasp_mol/NH3/PBE_D3,-591.37728431,-570.78304395,-19.53570315,1000,500,converged,529e380ddaac82a89fd042f480f90805a34640860c3af8298cc09c3a3fcdf9a9,true
Ir111,NH3,r2scan,NH3_Ir111,,false,ok,NSW=0 complex; converged relaxed references; matching composition,-0.93806648,/pscratch/sd/j/jcho5/VASP/dft_jobs/NH3_Ir111/singlepoint/r2scan,0,/pscratch/sd/j/jcho5/VASP/vasp_slab/Ir111/r2scan,/pscratch/sd/j/jcho5/VASP/vasp_mol/NH3/r2scan,-3342.13955591,-3320.68314209,-20.51834734,1000,500,converged,529e380ddaac82a89fd042f480f90805a34640860c3af8298cc09c3a3fcdf9a9,true
Ir111,NO,pbe,NO_Ir111,,false,ok,NSW=0 complex; converged relaxed references; matching composition,-2.17715663,/pscratch/sd/j/jcho5/VASP/dft_jobs/NO_Ir111/singlepoint/PBE,0,/pscratch/sd/j/jcho5/VASP/vasp_slab/Ir111/PBE,/pscratch/sd/j/jcho5/VASP/vasp_mol/NO/PBE,-552.43527338,-538.3119429,-11.94617385,1000,500,converged,2630347ff4d638d54a00b9c9d1d11e47d61a50125bbc59ce43ef6c8af0449f2b,true
Ir111,NO,pbe_d3,NO_Ir111,,false,ok,NSW=0 complex; converged relaxed references; matching composition,-2.21602287,/pscratch/sd/j/jcho5/VASP/dft_jobs/NO_Ir111/singlepoint/PBE_D3,0,/pscratch/sd/j/jcho5/VASP/vasp_slab/Ir111/PBE_D3,/pscratch/sd/j/jcho5/VASP/vasp_mol/NO/PBE_D3,-584.94525616,-570.78304395,-11.94618934,1000,500,converged,2630347ff4d638d54a00b9c9d1d11e47d61a50125bbc59ce43ef6c8af0449f2b,true
Ir111,SO2,beef_vdw,SO2_Ir111,,false,ok,NSW=0 complex; converged relaxed references; matching composition,-1.21702612,/pscratch/sd/j/jcho5/VASP/dft_jobs/SO2_Ir111/singlepoint/beef_vdw,0,/pscratch/sd/j/jcho5/VASP/vasp_slab/Ir111/beef_vdw,/pscratch/sd/j/jcho5/VASP/vasp_mol/SO2/beef_vdw,-352.3748561,-339.48696992,-11.67086006,1000,500,converged,2d56f421411554fbf6ccf04df1a43f6b74081a21eca75a558d32bdcc272408c1,true
Ir111,SO2,pbe,SO2_Ir111,,false,ok,NSW=0 complex; converged relaxed references; matching composition,-0.99736542,/pscratch/sd/j/jcho5/VASP/dft_jobs/SO2_Ir111/singlepoint/PBE,0,/pscratch/sd/j/jcho5/VASP/vasp_slab/Ir111/PBE,/pscratch/sd/j/jcho5/VASP/vasp_mol/SO2/PBE,-556.35075627,-538.3119429,-17.04144795,1000,500,converged,2d56f421411554fbf6ccf04df1a43f6b74081a21eca75a558d32bdcc272408c1,true
Ir111,SO2,pbe_d3,SO2_Ir111,,false,ok,NSW=0 complex; converged relaxed references; matching composition,-1.34011303,/pscratch/sd/j/jcho5/VASP/dft_jobs/SO2_Ir111/singlepoint/PBE_D3,0,/pscratch/sd/j/jcho5/VASP/vasp_slab/Ir111/PBE_D3,/pscratch/sd/j/jcho5/VASP/vasp_mol/SO2/PBE_D3,-589.16824862,-570.78304395,-17.04509164,1000,500,converged,2d56f421411554fbf6ccf04df1a43f6b74081a21eca75a558d32bdcc272408c1,true
Ir111,SO2,r2scan,SO2_Ir111,,false,ok,NSW=0 complex; converged relaxed references; matching composition,-1.26724951,/pscratch/sd/j/jcho5/VASP/dft_jobs/SO2_Ir111/singlepoint/r2scan,0,/pscratch/sd/j/jcho5/VASP/vasp_slab/Ir111/r2scan,/pscratch/sd/j/jcho5/VASP/vasp_mol/SO2/r2scan,-3344.81096057,-3320.68314209,-22.86056897,1000,500,converged,2d56f421411554fbf6ccf04df1a43f6b74081a21eca75a558d32bdcc272408c1,true
Ir111,acetaldehyde,beef_vdw,CH3CHO_Ir111,,false,ok,NSW=0 complex; converged relaxed references; matching composition,-0.55673326,/pscratch/sd/j/jcho5/VASP/dft_jobs/CH3CHO_Ir111/singlepoint/beef_vdw,0,/pscratch/sd/j/jcho5/VASP/vasp_slab/Ir111/beef_vdw,/pscratch/sd/j/jcho5/VASP/vasp_mol/CH3CHO/beef_vdw,-374.91722993,-339.48696992,-34.87352675,1000,500,converged,933e3e966820efafe7d572577536927bb5d2bc74835cbd09674682d6f14d9ec0,true
Ir111,acetaldehyde,pbe,CH3CHO_Ir111,,false,ok,NSW=0 complex; converged relaxed references; matching composition,-0.30770385,/pscratch/sd/j/jcho5/VASP/dft_jobs/CH3CHO_Ir111/singlepoint/PBE,0,/pscratch/sd/j/jcho5/VASP/vasp_slab/Ir111/PBE,/pscratch/sd/j/jcho5/VASP/vasp_mol/CH3CHO/PBE,-577.72906262,-538.3119429,-39.10941587,1000,500,converged,933e3e966820efafe7d572577536927bb5d2bc74835cbd09674682d6f14d9ec0,true
Ir111,acetaldehyde,pbe_d3,CH3CHO_Ir111,,false,ok,NSW=0 complex; converged relaxed references; matching composition,-0.47766926,/pscratch/sd/j/jcho5/VASP/dft_jobs/CH3CHO_Ir111/singlepoint/PBE_D3,0,/pscratch/sd/j/jcho5/VASP/vasp_slab/Ir111/PBE_D3,/pscratch/sd/j/jcho5/VASP/vasp_mol/CH3CHO/PBE_D3,-610.39897821,-570.78304395,-39.138265,1000,500,converged,933e3e966820efafe7d572577536927bb5d2bc74835cbd09674682d6f14d9ec0,true
Ir111,acetaldehyde,r2scan,CH3CHO_Ir111,,false,ok,NSW=0 complex; converged relaxed references; matching composition,-0.35561052,/pscratch/sd/j/jcho5/VASP/dft_jobs/CH3CHO_Ir111/singlepoint/r2scan,0,/pscratch/sd/j/jcho5/VASP/vasp_slab/Ir111/r2scan,/pscratch/sd/j/jcho5/VASP/vasp_mol/CH3CHO/r2scan,-3362.71353358,-3320.68314209,-41.67478097,1000,500,converged,933e3e966820efafe7d572577536927bb5d2bc74835cbd09674682d6f14d9ec0,true
Ir111,acetic_acid,beef_vdw,CH3COOH_Ir111,,false,ok,NSW=0 complex; converged relaxed references; matching composition,-0.59820043,/pscratch/sd/j/jcho5/VASP/dft_jobs/CH3COOH_Ir111/singlepoint/beef_vdw,0,/pscratch/sd/j/jcho5/VASP/vasp_slab/Ir111/beef_vdw,/pscratch/sd/j/jcho5/VASP/vasp_mol/CH3COOH/beef_vdw,-380.66350745,-339.48696992,-40.5783371,1000,500,converged,86cbaac5f74fe8c0068508ad7b69a9a54edfcaa3a3eddd2bc112c07bc93199e2,true
Ir111,acetic_acid,r2scan,CH3COOH_Ir111,,false,ok,NSW=0 complex; converged relaxed references; matching composition,-0.40921434,/pscratch/sd/j/jcho5/VASP/dft_jobs/CH3COOH_Ir111/singlepoint/r2scan,0,/pscratch/sd/j/jcho5/VASP/vasp_slab/Ir111/r2scan,/pscratch/sd/j/jcho5/VASP/vasp_mol/CH3COOH/r2scan,-3371.44285977,-3320.68314209,-50.35050334,1000,500,converged,86cbaac5f74fe8c0068508ad7b69a9a54edfcaa3a3eddd2bc112c07bc93199e2,true
Ir111,ethane,beef_vdw,C2H6_Ir111,,false,ok,NSW=0 complex; converged relaxed references; matching composition,-0.25091594,/pscratch/sd/j/jcho5/VASP/dft_jobs/C2H6_Ir111/singlepoint/beef_vdw,0,/pscratch/sd/j/jcho5/VASP/vasp_slab/Ir111/beef_vdw,/pscratch/sd/j/jcho5/VASP/vasp_mol/C2H6/beef_vdw,-377.9671165,-339.48696992,-38.22923064,1000,500,converged,b61c31d5485e171db3ffd5a54f23297a8bb3954ea0d6ab424d2f82ed1b64ae54,true
Ir111,ethane,pbe,C2H6_Ir111,,false,ok,NSW=0 complex; converged relaxed references; matching composition,0.10152203,/pscratch/sd/j/jcho5/VASP/dft_jobs/C2H6_Ir111/singlepoint/PBE,0,/pscratch/sd/j/jcho5/VASP/vasp_slab/Ir111/PBE,/pscratch/sd/j/jcho5/VASP/vasp_mol/C2H6/PBE,-578.71003766,-538.3119429,-40.49961679,1000,500,converged,b61c31d5485e171db3ffd5a54f23297a8bb3954ea0d6ab424d2f82ed1b64ae54,true
Ir111,ethane,pbe_d3,C2H6_Ir111,,false,ok,NSW=0 complex; converged relaxed references; matching composition,-0.09655536,/pscratch/sd/j/jcho5/VASP/dft_jobs/C2H6_Ir111/singlepoint/PBE_D3,0,/pscratch/sd/j/jcho5/VASP/vasp_slab/Ir111/PBE_D3,/pscratch/sd/j/jcho5/VASP/vasp_mol/C2H6/PBE_D3,-611.4056739,-570.78304395,-40.52607459,1000,500,converged,b61c31d5485e171db3ffd5a54f23297a8bb3954ea0d6ab424d2f82ed1b64ae54,true
Ir111,ethane,r2scan,C2H6_Ir111,,false,ok,NSW=0 complex; converged relaxed references; matching composition,0.15574542,/pscratch/sd/j/jcho5/VASP/dft_jobs/C2H6_Ir111/singlepoint/r2scan,0,/pscratch/sd/j/jcho5/VASP/vasp_slab/Ir111/r2scan,/pscratch/sd/j/jcho5/VASP/vasp_mol/C2H6/r2scan,-3362.7830925,-3320.68314209,-42.25569583,1000,500,converged,b61c31d5485e171db3ffd5a54f23297a8bb3954ea0d6ab424d2f82ed1b64ae54,true
Ir111,ethanol,beef_vdw,CH3CH2OH_Ir111,,false,ok,NSW=0 complex; converged relaxed references; matching composition,-0.62171747,/pscratch/sd/j/jcho5/VASP/dft_jobs/CH3CH2OH_Ir111/singlepoint/beef_vdw,0,/pscratch/sd/j/jcho5/VASP/vasp_slab/Ir111/beef_vdw,/pscratch/sd/j/jcho5/VASP/vasp_mol/CH3CH2OH/beef_vdw,-382.85890287,-339.48696992,-42.75021548,1000,500,converged,ced2ff6a0fb86bf5d1030845a825a179840d4b4f7ef36620a937b36c311e313d,true
Ir111,ethanol,pbe,CH3CH2OH_Ir111,,false,ok,NSW=0 complex; converged relaxed references; matching composition,-0.27851533,/pscratch/sd/j/jcho5/VASP/dft_jobs/CH3CH2OH_Ir111/singlepoint/PBE,0,/pscratch/sd/j/jcho5/VASP/vasp_slab/Ir111/PBE,/pscratch/sd/j/jcho5/VASP/vasp_mol/CH3CH2OH/PBE,-585.46632064,-538.3119429,-46.87586241,1000,500,converged,ced2ff6a0fb86bf5d1030845a825a179840d4b4f7ef36620a937b36c311e313d,true
Ir111,ethanol,pbe_d3,CH3CH2OH_Ir111,,false,ok,NSW=0 complex; converged relaxed references; matching composition,-0.61807213,/pscratch/sd/j/jcho5/VASP/dft_jobs/CH3CH2OH_Ir111/singlepoint/PBE_D3,0,/pscratch/sd/j/jcho5/VASP/vasp_slab/Ir111/PBE_D3,/pscratch/sd/j/jcho5/VASP/vasp_mol/CH3CH2OH/PBE_D3,-618.32408036,-570.78304395,-46.92296428,1000,500,converged,ced2ff6a0fb86bf5d1030845a825a179840d4b4f7ef36620a937b36c311e313d,true
Ir111,ethanol,r2scan,CH3CH2OH_Ir111,,false,ok,NSW=0 complex; converged relaxed references; matching composition,-0.37808172,/pscratch/sd/j/jcho5/VASP/dft_jobs/CH3CH2OH_Ir111/singlepoint/r2scan,0,/pscratch/sd/j/jcho5/VASP/vasp_slab/Ir111/r2scan,/pscratch/sd/j/jcho5/VASP/vasp_mol/CH3CH2OH/r2scan,-3370.70081639,-3320.68314209,-49.63959258,1000,500,converged,ced2ff6a0fb86bf5d1030845a825a179840d4b4f7ef36620a937b36c311e313d,true
Ir111,ethene,beef_vdw,C2H4_Ir111,,false,ok,NSW=0 complex; converged relaxed references; matching composition,-0.92279659,/pscratch/sd/j/jcho5/VASP/dft_jobs/C2H4_Ir111/singlepoint/beef_vdw,0,/pscratch/sd/j/jcho5/VASP/vasp_slab/Ir111/beef_vdw,/pscratch/sd/j/jcho5/VASP/vasp_mol/C2H4/beef_vdw,-369.99143297,-339.48696992,-29.58166646,1000,500,converged,992a5f2cea5f5fa95db78018d8bf266a97106fda1310a672732a7315245a2062,true
Ir111,ethene,pbe,C2H4_Ir111,,false,ok,NSW=0 complex; converged relaxed references; matching composition,-0.70634766,/pscratch/sd/j/jcho5/VASP/dft_jobs/C2H4_Ir111/singlepoint/PBE,0,/pscratch/sd/j/jcho5/VASP/vasp_slab/Ir111/PBE,/pscratch/sd/j/jcho5/VASP/vasp_mol/C2H4/PBE,-570.98893456,-538.3119429,-31.970644,1000,500,converged,992a5f2cea5f5fa95db78018d8bf266a97106fda1310a672732a7315245a2062,true
Ir111,ethene,pbe_d3,C2H4_Ir111,,false,ok,NSW=0 complex; converged relaxed references; matching composition,-0.97690933,/pscratch/sd/j/jcho5/VASP/dft_jobs/C2H4_Ir111/singlepoint/PBE_D3,0,/pscratch/sd/j/jcho5/VASP/vasp_slab/Ir111/PBE_D3,/pscratch/sd/j/jcho5/VASP/vasp_mol/C2H4/PBE_D3,-603.74314288,-570.78304395,-31.9831896,1000,500,converged,992a5f2cea5f5fa95db78018d8bf266a97106fda1310a672732a7315245a2062,true
Ir111,ethene,r2scan,C2H4_Ir111,,false,ok,NSW=0 complex; converged relaxed references; matching composition,-0.79731384,/pscratch/sd/j/jcho5/VASP/dft_jobs/C2H4_Ir111/singlepoint/r2scan,0,/pscratch/sd/j/jcho5/VASP/vasp_slab/Ir111/r2scan,/pscratch/sd/j/jcho5/VASP/vasp_mol/C2H4/r2scan,-3355.02901469,-3320.68314209,-33.54855876,1000,500,converged,992a5f2cea5f5fa95db78018d8bf266a97106fda1310a672732a7315245a2062,true
Ir111,formaldehyde,beef_vdw,H2CO_Ir111,,false,ok,NSW=0 complex; converged relaxed references; matching composition,-0.41431549,/pscratch/sd/j/jcho5/VASP/dft_jobs/H2CO_Ir111/singlepoint/beef_vdw,0,/pscratch/sd/j/jcho5/VASP/vasp_slab/Ir111/beef_vdw,/pscratch/sd/j/jcho5/VASP/vasp_mol/H2CO/beef_vdw,-359.048178,-339.48696992,-19.14689259,1000,500,converged,f7c68e31851aacdd0006272265c6e71e0ed57685de7fac3938d92323555600fb,true
Ir111,formaldehyde,pbe,H2CO_Ir111,,false,ok,NSW=0 complex; converged relaxed references; matching composition,-0.22111016,/pscratch/sd/j/jcho5/VASP/dft_jobs/H2CO_Ir111/singlepoint/PBE,0,/pscratch/sd/j/jcho5/VASP/vasp_slab/Ir111/PBE,/pscratch/sd/j/jcho5/VASP/vasp_mol/H2CO/PBE,-560.66329429,-538.3119429,-22.13024123,1000,500,converged,f7c68e31851aacdd0006272265c6e71e0ed57685de7fac3938d92323555600fb,true
Ir111,formaldehyde,pbe_d3,H2CO_Ir111,,false,ok,NSW=0 complex; converged relaxed references; matching composition,-0.33927872,/pscratch/sd/j/jcho5/VASP/dft_jobs/H2CO_Ir111/singlepoint/PBE_D3,0,/pscratch/sd/j/jcho5/VASP/vasp_slab/Ir111/PBE_D3,/pscratch/sd/j/jcho5/VASP/vasp_mol/H2CO/PBE_D3,-593.25783426,-570.78304395,-22.13551159,1000,500,converged,f7c68e31851aacdd0006272265c6e71e0ed57685de7fac3938d92323555600fb,true
Ir111,formaldehyde,r2scan,H2CO_Ir111,,false,ok,NSW=0 complex; converged relaxed references; matching composition,-0.25691338,/pscratch/sd/j/jcho5/VASP/dft_jobs/H2CO_Ir111/singlepoint/r2scan,0,/pscratch/sd/j/jcho5/VASP/vasp_slab/Ir111/r2scan,/pscratch/sd/j/jcho5/VASP/vasp_mol/H2CO/r2scan,-3344.80754192,-3320.68314209,-23.86748645,1000,500,converged,f7c68e31851aacdd0006272265c6e71e0ed57685de7fac3938d92323555600fb,true
Ir111,formic_acid,beef_vdw,HCOOH_Ir111,,false,ok,NSW=0 complex; converged relaxed references; matching composition,-0.31051896,/pscratch/sd/j/jcho5/VASP/dft_jobs/HCOOH_Ir111/singlepoint/beef_vdw,0,/pscratch/sd/j/jcho5/VASP/vasp_slab/Ir111/beef_vdw,/pscratch/sd/j/jcho5/VASP/vasp_mol/HCOOH/beef_vdw,-364.7497342,-339.48696992,-24.95224532,1000,500,converged,a12da690ad19c5a60990e46c655a0163de0456902a7d70557a3bccc0a84ab2df,true
Ir111,formic_acid,pbe,HCOOH_Ir111,,false,ok,NSW=0 complex; converged relaxed references; matching composition,-0.13938862,/pscratch/sd/j/jcho5/VASP/dft_jobs/HCOOH_Ir111/singlepoint/PBE,0,/pscratch/sd/j/jcho5/VASP/vasp_slab/Ir111/PBE,/pscratch/sd/j/jcho5/VASP/vasp_mol/HCOOH/PBE,-568.33112587,-538.3119429,-29.87979435,1000,500,converged,a12da690ad19c5a60990e46c655a0163de0456902a7d70557a3bccc0a84ab2df,true
Ir111,formic_acid,pbe_d3,HCOOH_Ir111,,false,ok,NSW=0 complex; converged relaxed references; matching composition,-0.34985568,/pscratch/sd/j/jcho5/VASP/dft_jobs/HCOOH_Ir111/singlepoint/PBE_D3,0,/pscratch/sd/j/jcho5/VASP/vasp_slab/Ir111/PBE_D3,/pscratch/sd/j/jcho5/VASP/vasp_mol/HCOOH/PBE_D3,-601.02649501,-570.78304395,-29.89359538,1000,500,converged,a12da690ad19c5a60990e46c655a0163de0456902a7d70557a3bccc0a84ab2df,true
Ir111,formic_acid,r2scan,HCOOH_Ir111,,false,ok,NSW=0 complex; converged relaxed references; matching composition,-0.19287838,/pscratch/sd/j/jcho5/VASP/dft_jobs/HCOOH_Ir111/singlepoint/r2scan,0,/pscratch/sd/j/jcho5/VASP/vasp_slab/Ir111/r2scan,/pscratch/sd/j/jcho5/VASP/vasp_mol/HCOOH/r2scan,-3353.50992207,-3320.68314209,-32.6339016,1000,500,converged,a12da690ad19c5a60990e46c655a0163de0456902a7d70557a3bccc0a84ab2df,true
Ir111,methane,beef_vdw,CH4_Ir111,,false,ok,NSW=0 complex; converged relaxed references; matching composition,-0.15009521,/pscratch/sd/j/jcho5/VASP/dft_jobs/CH4_Ir111/singlepoint/beef_vdw,0,/pscratch/sd/j/jcho5/VASP/vasp_slab/Ir111/beef_vdw,/pscratch/sd/j/jcho5/VASP/vasp_mol/CH4/beef_vdw,-362.62280114,-339.48696992,-22.98573601,1000,500,converged,08b9cf4f2f8be2f82ba7284f923d2e355137e1441c6d367fc0a6c33d22cc2c89,true
Ir111,methane,pbe,CH4_Ir111,,false,ok,NSW=0 complex; converged relaxed references; matching composition,0.09639814,/pscratch/sd/j/jcho5/VASP/dft_jobs/CH4_Ir111/singlepoint/PBE,0,/pscratch/sd/j/jcho5/VASP/vasp_slab/Ir111/PBE,/pscratch/sd/j/jcho5/VASP/vasp_mol/CH4/PBE,-562.25114808,-538.3119429,-24.03560332,1000,500,converged,08b9cf4f2f8be2f82ba7284f923d2e355137e1441c6d367fc0a6c33d22cc2c89,true
Ir111,methane,pbe_d3,CH4_Ir111,,false,ok,NSW=0 complex; converged relaxed references; matching composition,0.03089303,/pscratch/sd/j/jcho5/VASP/dft_jobs/CH4_Ir111/singlepoint/PBE_D3,0,/pscratch/sd/j/jcho5/VASP/vasp_slab/Ir111/PBE_D3,/pscratch/sd/j/jcho5/VASP/vasp_mol/CH4/PBE_D3,-594.78978681,-570.78304395,-24.03763589,1000,500,converged,08b9cf4f2f8be2f82ba7284f923d2e355137e1441c6d367fc0a6c33d22cc2c89,true
Ir111,methane,r2scan,CH4_Ir111,,false,ok,NSW=0 complex; converged relaxed references; matching composition,0.18288162,/pscratch/sd/j/jcho5/VASP/dft_jobs/CH4_Ir111/singlepoint/r2scan,0,/pscratch/sd/j/jcho5/VASP/vasp_slab/Ir111/r2scan,/pscratch/sd/j/jcho5/VASP/vasp_mol/CH4/r2scan,-3345.48816364,-3320.68314209,-24.98790317,1000,500,converged,08b9cf4f2f8be2f82ba7284f923d2e355137e1441c6d367fc0a6c33d22cc2c89,true
Ir111,methanol,beef_vdw,CH3OH_Ir111,,false,ok,NSW=0 complex; converged relaxed references; matching composition,-0.55218589,/pscratch/sd/j/jcho5/VASP/dft_jobs/CH3OH_Ir111/singlepoint/beef_vdw,0,/pscratch/sd/j/jcho5/VASP/vasp_slab/Ir111/beef_vdw,/pscratch/sd/j/jcho5/VASP/vasp_mol/CH3OH/beef_vdw,-367.33320216,-339.48696992,-27.29404635,1000,500,converged,66817dd66c3a6bee103c7cfa068f97ee24eb85cd72fda4072c52dc00a9c6a5f6,true
Ir111,methanol,pbe,CH3OH_Ir111,,false,ok,NSW=0 complex; converged relaxed references; matching composition,-0.29621644,/pscratch/sd/j/jcho5/VASP/dft_jobs/CH3OH_Ir111/singlepoint/PBE,0,/pscratch/sd/j/jcho5/VASP/vasp_slab/Ir111/PBE,/pscratch/sd/j/jcho5/VASP/vasp_mol/CH3OH/PBE,-568.81673169,-538.3119429,-30.20857235,1000,500,converged,66817dd66c3a6bee103c7cfa068f97ee24eb85cd72fda4072c52dc00a9c6a5f6,true
Ir111,methanol,pbe_d3,CH3OH_Ir111,,false,ok,NSW=0 complex; converged relaxed references; matching composition,-0.49606017,/pscratch/sd/j/jcho5/VASP/dft_jobs/CH3OH_Ir111/singlepoint/PBE_D3,0,/pscratch/sd/j/jcho5/VASP/vasp_slab/Ir111/PBE_D3,/pscratch/sd/j/jcho5/VASP/vasp_mol/CH3OH/PBE_D3,-601.50272945,-570.78304395,-30.22362533,1000,500,converged,66817dd66c3a6bee103c7cfa068f97ee24eb85cd72fda4072c52dc00a9c6a5f6,true
Ir111,methanol,r2scan,CH3OH_Ir111,,false,ok,NSW=0 complex; converged relaxed references; matching composition,-0.35369974,/pscratch/sd/j/jcho5/VASP/dft_jobs/CH3OH_Ir111/singlepoint/r2scan,0,/pscratch/sd/j/jcho5/VASP/vasp_slab/Ir111/r2scan,/pscratch/sd/j/jcho5/VASP/vasp_mol/CH3OH/r2scan,-3353.17337037,-3320.68314209,-32.13652854,1000,500,converged,66817dd66c3a6bee103c7cfa068f97ee24eb85cd72fda4072c52dc00a9c6a5f6,true
Pd100,CH3,beef_vdw,CH3_Pd100,,false,ok,NSW=0 complex; converged relaxed references; matching composition,-1.71733077,/pscratch/sd/j/jcho5/VASP/dft_jobs/CH3_Pd100/singlepoint/beef_vdw,0,/pscratch/sd/j/jcho5/VASP/completion_runs/matched_potential_slabs_20260915/slab/Pd100_b7d9b89afa/beef_vdw,/pscratch/sd/j/jcho5/VASP/vasp_mol/CH3/beef_vdw,-72.00446802,-53.16955007,-17.11758718,500,500,converged,75b64a34b04a9513299e8a32d970193d92b5187ada38b18b2e9eb31c0e3e1c7b,true
Pd100,CH3,r2scan,CH3_Pd100,,false,ok,NSW=0 complex; converged relaxed references; matching composition,-1.70562172,/pscratch/sd/j/jcho5/VASP/dft_jobs/CH3_Pd100/singlepoint/r2scan,0,/pscratch/sd/j/jcho5/VASP/completion_runs/matched_potential_slabs_20260915/slab/Pd100_25986b23a9/r2scan,/pscratch/sd/j/jcho5/VASP/vasp_mol/CH3/r2scan,-833.40562281,-812.46913323,-19.23086786,500,500,converged,75b64a34b04a9513299e8a32d970193d92b5187ada38b18b2e9eb31c0e3e1c7b,true
Pd100,CO,beef_vdw,CO_Pd100,,false,ok,NSW=0 complex; converged relaxed references; matching composition,-1.71241143,/pscratch/sd/j/jcho5/VASP/dft_jobs/CO_Pd100/singlepoint/beef_vdw,0,/pscratch/sd/j/jcho5/VASP/completion_runs/matched_potential_slabs_20260915/slab/Pd100_b7d9b89afa/beef_vdw,/pscratch/sd/j/jcho5/VASP/vasp_mol/CO/beef_vdw,-66.61513781,-53.16955007,-11.73317631,500,500,converged,82ec298647e6a0c28e00fd42a372ddc5406d66abaac88a5a36ac228b24d375a5,true
Pd100,CO,r2scan,CO_Pd100,,false,ok,NSW=0 complex; converged relaxed references; matching composition,-1.95895544,/pscratch/sd/j/jcho5/VASP/dft_jobs/CO_Pd100/singlepoint/r2scan,0,/pscratch/sd/j/jcho5/VASP/completion_runs/matched_potential_slabs_20260915/slab/Pd100_25986b23a9/r2scan,/pscratch/sd/j/jcho5/VASP/vasp_mol/CO/r2scan,-830.90816343,-812.46913323,-16.48007476,500,500,converged,82ec298647e6a0c28e00fd42a372ddc5406d66abaac88a5a36ac228b24d375a5,true
Pd100,DME,beef_vdw,CH3OCH3_Pd100,,false,ok,NSW=0 complex; converged relaxed references; matching composition,-0.44700684,/pscratch/sd/j/jcho5/VASP/dft_jobs/CH3OCH3_Pd100/singlepoint/beef_vdw,0,/pscratch/sd/j/jcho5/VASP/completion_runs/matched_potential_slabs_20260915/slab/Pd100_b7d9b89afa/beef_vdw,/pscratch/sd/j/jcho5/VASP/vasp_mol/CH3OCH3/beef_vdw,-95.9096862,-53.16955007,-42.29312929,500,500,converged,ab91c4baa9fa4d12d9b24bade030a8e1daf8a8428dfb7f0381571c1fba8197ae,true
Pd100,DME,r2scan,CH3OCH3_Pd100,,false,ok,NSW=0 complex; converged relaxed references; matching composition,-0.37293964,/pscratch/sd/j/jcho5/VASP/dft_jobs/CH3OCH3_Pd100/singlepoint/r2scan,0,/pscratch/sd/j/jcho5/VASP/completion_runs/matched_potential_slabs_20260915/slab/Pd100_25986b23a9/r2scan,/pscratch/sd/j/jcho5/VASP/vasp_mol/CH3OCH3/r2scan,-861.98266214,-812.46913323,-49.14058927,500,500,converged,ab91c4baa9fa4d12d9b24bade030a8e1daf8a8428dfb7f0381571c1fba8197ae,true
Pd100,H2O,beef_vdw,H2O_Pd100,,false,ok,NSW=0 complex; converged relaxed references; matching composition,-0.25090488,/pscratch/sd/j/jcho5/VASP/dft_jobs/H2O_Pd100/singlepoint/beef_vdw,0,/pscratch/sd/j/jcho5/VASP/completion_runs/matched_potential_slabs_20260915/slab/Pd100_b7d9b89afa/beef_vdw,/pscratch/sd/j/jcho5/VASP/vasp_mol/H2O/beef_vdw,-65.92377176,-53.16955007,-12.50331681,500,500,converged,63dc2d3a30a658a3c0621794dfa230d10aed2fe629dba4987a54ed7db5f0c202,true
Pd100,H2O,r2scan,H2O_Pd100,,false,ok,NSW=0 complex; converged relaxed references; matching composition,-0.31588847,/pscratch/sd/j/jcho5/VASP/dft_jobs/H2O_Pd100/singlepoint/r2scan,0,/pscratch/sd/j/jcho5/VASP/completion_runs/matched_potential_slabs_20260915/slab/Pd100_25986b23a9/r2scan,/pscratch/sd/j/jcho5/VASP/vasp_mol/H2O/r2scan,-828.1174411,-812.46913323,-15.3324194,500,500,converged,63dc2d3a30a658a3c0621794dfa230d10aed2fe629dba4987a54ed7db5f0c202,true
Pd100,H2S,beef_vdw,H2S_Pd100,,false,ok,NSW=0 complex; converged relaxed references; matching composition,-0.62021642,/pscratch/sd/j/jcho5/VASP/dft_jobs/H2S_Pd100/singlepoint/beef_vdw,0,/pscratch/sd/j/jcho5/VASP/completion_runs/matched_potential_slabs_20260915/slab/Pd100_b7d9b89afa/beef_vdw,/pscratch/sd/j/jcho5/VASP/vasp_mol/H2S/beef_vdw,-63.40394274,-53.16955007,-9.61417625,500,500,converged,6891bc9df3854ec94a7f5800885e3784edc457942b9f399dbdd0261c54ab9e60,true
Pd100,H2S,r2scan,H2S_Pd100,,false,ok,NSW=0 complex; converged relaxed references; matching composition,-0.84409418,/pscratch/sd/j/jcho5/VASP/dft_jobs/H2S_Pd100/singlepoint/r2scan,0,/pscratch/sd/j/jcho5/VASP/completion_runs/matched_potential_slabs_20260915/slab/Pd100_25986b23a9/r2scan,/pscratch/sd/j/jcho5/VASP/vasp_mol/H2S/r2scan,-828.53937851,-812.46913323,-15.2261511,500,500,converged,6891bc9df3854ec94a7f5800885e3784edc457942b9f399dbdd0261c54ab9e60,true
Pd100,N2,beef_vdw,N2_Pd100,,false,ok,NSW=0 complex; converged relaxed references; matching composition,-0.28136601,/pscratch/sd/j/jcho5/VASP/dft_jobs/N2_Pd100/singlepoint/beef_vdw,0,/pscratch/sd/j/jcho5/VASP/completion_runs/matched_potential_slabs_20260915/slab/Pd100_b7d9b89afa/beef_vdw,/pscratch/sd/j/jcho5/VASP/vasp_mol/N2/beef_vdw,-67.01424353,-53.16955007,-13.56332745,500,500,converged,fdf82c70a8ecfa824796ec0e6a0408c2872b5da004eb7f1d69967ff93c82b848,true
Pd100,N2,r2scan,N2_Pd100,,false,ok,NSW=0 complex; converged relaxed references; matching composition,-0.35872429,/pscratch/sd/j/jcho5/VASP/dft_jobs/N2_Pd100/singlepoint/r2scan,0,/pscratch/sd/j/jcho5/VASP/completion_runs/matched_potential_slabs_20260915/slab/Pd100_25986b23a9/r2scan,/pscratch/sd/j/jcho5/VASP/vasp_mol/N2/r2scan,-831.02205148,-812.46913323,-18.19419396,500,500,converged,fdf82c70a8ecfa824796ec0e6a0408c2872b5da004eb7f1d69967ff93c82b848,true
Pd100,NH3,beef_vdw,NH3_Pd100,,false,ok,NSW=0 complex; converged relaxed references; matching composition,-0.75652703,/pscratch/sd/j/jcho5/VASP/dft_jobs/NH3_Pd100/singlepoint/beef_vdw,0,/pscratch/sd/j/jcho5/VASP/completion_runs/matched_potential_slabs_20260915/slab/Pd100_b7d9b89afa/beef_vdw,/pscratch/sd/j/jcho5/VASP/vasp_mol/NH3/beef_vdw,-72.06355452,-53.16955007,-18.13747742,500,500,converged,3c56386d4621ba8402a636f0f6185ef3bb920dbb9380fb4c3b9aa9b2d8f5c28f,true
Pd100,NH3,r2scan,NH3_Pd100,,false,ok,NSW=0 complex; converged relaxed references; matching composition,-0.83571188,/pscratch/sd/j/jcho5/VASP/dft_jobs/NH3_Pd100/singlepoint/r2scan,0,/pscratch/sd/j/jcho5/VASP/completion_runs/matched_potential_slabs_20260915/slab/Pd100_25986b23a9/r2scan,/pscratch/sd/j/jcho5/VASP/vasp_mol/NH3/r2scan,-833.82319245,-812.46913323,-20.51834734,500,500,converged,3c56386d4621ba8402a636f0f6185ef3bb920dbb9380fb4c3b9aa9b2d8f5c28f,true
Pd100,SO2,beef_vdw,SO2_Pd100,,false,ok,NSW=0 complex; converged relaxed references; matching composition,-1.31025942,/pscratch/sd/j/jcho5/VASP/dft_jobs/SO2_Pd100/singlepoint/beef_vdw,0,/pscratch/sd/j/jcho5/VASP/completion_runs/matched_potential_slabs_20260915/slab/Pd100_b7d9b89afa/beef_vdw,/pscratch/sd/j/jcho5/VASP/vasp_mol/SO2/beef_vdw,-66.15066955,-53.16955007,-11.67086006,500,500,converged,938c26cc8b47ebe0adf9e7323942d1b0d4a6e94a03351989ccac8ddbdb763997,true
Pd100,SO2,r2scan,SO2_Pd100,,false,ok,NSW=0 complex; converged relaxed references; matching composition,-1.74165176,/pscratch/sd/j/jcho5/VASP/dft_jobs/SO2_Pd100/singlepoint/r2scan,0,/pscratch/sd/j/jcho5/VASP/completion_runs/matched_potential_slabs_20260915/slab/Pd100_25986b23a9/r2scan,/pscratch/sd/j/jcho5/VASP/vasp_mol/SO2/r2scan,-837.07135396,-812.46913323,-22.86056897,500,500,converged,938c26cc8b47ebe0adf9e7323942d1b0d4a6e94a03351989ccac8ddbdb763997,true
Pd100,acetaldehyde,beef_vdw,CH3CHO_Pd100,,false,ok,NSW=0 complex; converged relaxed references; matching composition,-0.38083534,/pscratch/sd/j/jcho5/VASP/dft_jobs/CH3CHO_Pd100/singlepoint/beef_vdw,0,/pscratch/sd/j/jcho5/VASP/completion_runs/matched_potential_slabs_20260915/slab/Pd100_b7d9b89afa/beef_vdw,/pscratch/sd/j/jcho5/VASP/vasp_mol/CH3CHO/beef_vdw,-88.42391216,-53.16955007,-34.87352675,500,500,converged,c425a08cb2ab1ab3ff6a464ef474d823e8773eadec99a89d71a8c0c9cf9abefa,true
Pd100,acetaldehyde,r2scan,CH3CHO_Pd100,,false,ok,NSW=0 complex; converged relaxed references; matching composition,-0.38059053,/pscratch/sd/j/jcho5/VASP/dft_jobs/CH3CHO_Pd100/singlepoint/r2scan,0,/pscratch/sd/j/jcho5/VASP/completion_runs/matched_potential_slabs_20260915/slab/Pd100_25986b23a9/r2scan,/pscratch/sd/j/jcho5/VASP/vasp_mol/CH3CHO/r2scan,-854.52450473,-812.46913323,-41.67478097,500,500,converged,c425a08cb2ab1ab3ff6a464ef474d823e8773eadec99a89d71a8c0c9cf9abefa,true
Pd100,acetic_acid,beef_vdw,CH3COOH_Pd100,,false,ok,NSW=0 complex; converged relaxed references; matching composition,-0.60518939,/pscratch/sd/j/jcho5/VASP/dft_jobs/CH3COOH_Pd100/singlepoint/beef_vdw,0,/pscratch/sd/j/jcho5/VASP/completion_runs/matched_potential_slabs_20260915/slab/Pd100_b7d9b89afa/beef_vdw,/pscratch/sd/j/jcho5/VASP/vasp_mol/CH3COOH/beef_vdw,-94.35307656,-53.16955007,-40.5783371,500,500,converged,a0b086ec285a9d1ce5754e4b9d9151db64cffd687fa1acac11162ea4de824357,true
Pd100,acetic_acid,r2scan,CH3COOH_Pd100,,false,ok,NSW=0 complex; converged relaxed references; matching composition,-0.55018729,/pscratch/sd/j/jcho5/VASP/dft_jobs/CH3COOH_Pd100/singlepoint/r2scan,0,/pscratch/sd/j/jcho5/VASP/completion_runs/matched_potential_slabs_20260915/slab/Pd100_25986b23a9/r2scan,/pscratch/sd/j/jcho5/VASP/vasp_mol/CH3COOH/r2scan,-863.36982386,-812.46913323,-50.35050334,500,500,converged,a0b086ec285a9d1ce5754e4b9d9151db64cffd687fa1acac11162ea4de824357,true
Pd100,ethene,beef_vdw,C2H4_Pd100,,false,ok,NSW=0 complex; converged relaxed references; matching composition,-0.90755563,/pscratch/sd/j/jcho5/VASP/dft_jobs/C2H4_Pd100/singlepoint/beef_vdw,0,/pscratch/sd/j/jcho5/VASP/completion_runs/matched_potential_slabs_20260915/slab/Pd100_b7d9b89afa/beef_vdw,/pscratch/sd/j/jcho5/VASP/vasp_mol/C2H4/beef_vdw,-83.65877216,-53.16955007,-29.58166646,500,500,converged,333bf3c8a846adfe732b3029d679708f180dcfdd6b9e250e61344803aca833ac,true
Pd100,ethene,r2scan,C2H4_Pd100,,false,ok,NSW=0 complex; converged relaxed references; matching composition,-1.05925891,/pscratch/sd/j/jcho5/VASP/dft_jobs/C2H4_Pd100/singlepoint/r2scan,0,/pscratch/sd/j/jcho5/VASP/completion_runs/matched_potential_slabs_20260915/slab/Pd100_25986b23a9/r2scan,/pscratch/sd/j/jcho5/VASP/vasp_mol/C2H4/r2scan,-847.0769509,-812.46913323,-33.54855876,500,500,converged,333bf3c8a846adfe732b3029d679708f180dcfdd6b9e250e61344803aca833ac,true
Pd100,formaldehyde,beef_vdw,H2CO_Pd100,,false,ok,NSW=0 complex; converged relaxed references; matching composition,-0.38181194,/pscratch/sd/j/jcho5/VASP/dft_jobs/H2CO_Pd100/singlepoint/beef_vdw,0,/pscratch/sd/j/jcho5/VASP/completion_runs/matched_potential_slabs_20260915/slab/Pd100_b7d9b89afa/beef_vdw,/pscratch/sd/j/jcho5/VASP/vasp_mol/H2CO/beef_vdw,-72.6982546,-53.16955007,-19.14689259,500,500,converged,58668ad97307f941721334a1178597c5c3ceccaed6a31b0e6c68dca7b65e5189,true
Pd100,formaldehyde,r2scan,H2CO_Pd100,,false,ok,NSW=0 complex; converged relaxed references; matching composition,-0.78554698,/pscratch/sd/j/jcho5/VASP/dft_jobs/H2CO_Pd100/singlepoint/r2scan,0,/pscratch/sd/j/jcho5/VASP/completion_runs/matched_potential_slabs_20260915/slab/Pd100_25986b23a9/r2scan,/pscratch/sd/j/jcho5/VASP/vasp_mol/H2CO/r2scan,-837.12216666,-812.46913323,-23.86748645,500,500,converged,58668ad97307f941721334a1178597c5c3ceccaed6a31b0e6c68dca7b65e5189,true
Pd100,formic_acid,beef_vdw,HCOOH_Pd100,,false,ok,NSW=0 complex; converged relaxed references; matching composition,-0.53897525,/pscratch/sd/j/jcho5/VASP/dft_jobs/HCOOH_Pd100/singlepoint/beef_vdw,0,/pscratch/sd/j/jcho5/VASP/completion_runs/matched_potential_slabs_20260915/slab/Pd100_b7d9b89afa/beef_vdw,/pscratch/sd/j/jcho5/VASP/vasp_mol/HCOOH/beef_vdw,-78.66077064,-53.16955007,-24.95224532,500,500,converged,efb23febc6c1e1d303330a49fc75fed19f4ebcd5a6323b9a32e9714f667b3510,true
Pd100,formic_acid,r2scan,HCOOH_Pd100,,false,ok,NSW=0 complex; converged relaxed references; matching composition,-0.52708926,/pscratch/sd/j/jcho5/VASP/dft_jobs/HCOOH_Pd100/singlepoint/r2scan,0,/pscratch/sd/j/jcho5/VASP/completion_runs/matched_potential_slabs_20260915/slab/Pd100_25986b23a9/r2scan,/pscratch/sd/j/jcho5/VASP/vasp_mol/HCOOH/r2scan,-845.63012409,-812.46913323,-32.6339016,500,500,converged,efb23febc6c1e1d303330a49fc75fed19f4ebcd5a6323b9a32e9714f667b3510,true
Pd100,methane,beef_vdw,CH4_Pd100,,false,ok,NSW=0 complex; converged relaxed references; matching composition,-0.09744018,/pscratch/sd/j/jcho5/VASP/dft_jobs/CH4_Pd100/singlepoint/beef_vdw,0,/pscratch/sd/j/jcho5/VASP/completion_runs/matched_potential_slabs_20260915/slab/Pd100_b7d9b89afa/beef_vdw,/pscratch/sd/j/jcho5/VASP/vasp_mol/CH4/beef_vdw,-76.25272626,-53.16955007,-22.98573601,500,500,converged,d9ac651a8904e7737f43fc5be0cc70795a2e2a01d79fd91ae08c73637a1b580d,true
Pd100,methane,r2scan,CH4_Pd100,,false,ok,NSW=0 complex; converged relaxed references; matching composition,-0.03246171,/pscratch/sd/j/jcho5/VASP/dft_jobs/CH4_Pd100/singlepoint/r2scan,0,/pscratch/sd/j/jcho5/VASP/completion_runs/matched_potential_slabs_20260915/slab/Pd100_25986b23a9/r2scan,/pscratch/sd/j/jcho5/VASP/vasp_mol/CH4/r2scan,-837.48949811,-812.46913323,-24.98790317,500,500,converged,d9ac651a8904e7737f43fc5be0cc70795a2e2a01d79fd91ae08c73637a1b580d,true
Pd100,methanol,beef_vdw,CH3OH_Pd100,,false,ok,NSW=0 complex; converged relaxed references; matching composition,-0.38772863,/pscratch/sd/j/jcho5/VASP/dft_jobs/CH3OH_Pd100/singlepoint/beef_vdw,0,/pscratch/sd/j/jcho5/VASP/completion_runs/matched_potential_slabs_20260915/slab/Pd100_b7d9b89afa/beef_vdw,/pscratch/sd/j/jcho5/VASP/vasp_mol/CH3OH/beef_vdw,-80.85132505,-53.16955007,-27.29404635,500,500,converged,93719902cdc655bbd68874b13f3b9cad20dd79a43a22d9d877310160989908cf,true
Pd100,methanol,r2scan,CH3OH_Pd100,,false,ok,NSW=0 complex; converged relaxed references; matching composition,-0.38910644,/pscratch/sd/j/jcho5/VASP/dft_jobs/CH3OH_Pd100/singlepoint/r2scan,0,/pscratch/sd/j/jcho5/VASP/completion_runs/matched_potential_slabs_20260915/slab/Pd100_25986b23a9/r2scan,/pscratch/sd/j/jcho5/VASP/vasp_mol/CH3OH/r2scan,-844.99476821,-812.46913323,-32.13652854,500,500,converged,93719902cdc655bbd68874b13f3b9cad20dd79a43a22d9d877310160989908cf,true
Pd110,CH3,beef_vdw,CH3_Pd110,,false,ok,NSW=0 complex; converged relaxed references; matching composition,-1.90833591,/pscratch/sd/j/jcho5/VASP/dft_jobs/CH3_Pd110/singlepoint/beef_vdw,0,/pscratch/sd/j/jcho5/VASP/completion_runs/matched_potential_slabs_20260915/slab/Pd110_7655ac7da9/beef_vdw,/pscratch/sd/j/jcho5/VASP/vasp_mol/CH3/beef_vdw,-48.38621026,-29.36028717,-17.11758718,500,500,converged,5e2e744c8d23748ce59b00ffc8d26b00c297b34e8e715ec8d177afa4f2ae21ed,true
Pd110,CH3,r2scan,CH3_Pd110,,false,ok,NSW=0 complex; converged relaxed references; matching composition,-1.81418584,/pscratch/sd/j/jcho5/VASP/dft_jobs/CH3_Pd110/singlepoint/r2scan,0,/pscratch/sd/j/jcho5/VASP/completion_runs/matched_potential_slabs_20260915/slab/Pd110_2eb6224610/r2scan,/pscratch/sd/j/jcho5/VASP/vasp_mol/CH3/r2scan,-556.07902635,-535.03397265,-19.23086786,500,500,converged,5e2e744c8d23748ce59b00ffc8d26b00c297b34e8e715ec8d177afa4f2ae21ed,true
Pd110,CO,beef_vdw,CO_Pd110,,false,ok,NSW=0 complex; converged relaxed references; matching composition,-1.85724076,/pscratch/sd/j/jcho5/VASP/dft_jobs/CO_Pd110/singlepoint/beef_vdw,0,/pscratch/sd/j/jcho5/VASP/completion_runs/matched_potential_slabs_20260915/slab/Pd110_7655ac7da9/beef_vdw,/pscratch/sd/j/jcho5/VASP/vasp_mol/CO/beef_vdw,-42.95070424,-29.36028717,-11.73317631,500,500,converged,261a6024c3f438cb208f41ff28d1879acb8a7ccb378f43781c1532a51298800e,true
Pd110,CO,r2scan,CO_Pd110,,false,ok,NSW=0 complex; converged relaxed references; matching composition,-2.04857329,/pscratch/sd/j/jcho5/VASP/dft_jobs/CO_Pd110/singlepoint/r2scan,0,/pscratch/sd/j/jcho5/VASP/completion_runs/matched_potential_slabs_20260915/slab/Pd110_2eb6224610/r2scan,/pscratch/sd/j/jcho5/VASP/vasp_mol/CO/r2scan,-553.5626207,-535.03397265,-16.48007476,500,500,converged,261a6024c3f438cb208f41ff28d1879acb8a7ccb378f43781c1532a51298800e,true
Pd110,CO2,beef_vdw,CO2_Pd110,,false,ok,NSW=0 complex; converged relaxed references; matching composition,-0.25838171,/pscratch/sd/j/jcho5/VASP/dft_jobs/CO2_Pd110/singlepoint/beef_vdw,0,/pscratch/sd/j/jcho5/VASP/completion_runs/matched_potential_slabs_20260915/slab/Pd110_7655ac7da9/beef_vdw,/pscratch/sd/j/jcho5/VASP/vasp_mol/CO2/beef_vdw,-47.5392937,-29.36028717,-17.92062482,500,500,converged,54fe0e70e6932166fc9420ff4ed9254479f429b8a7748a66d37b4c5f0ca87baa,true
Pd110,CO2,r2scan,CO2_Pd110,,false,ok,NSW=0 complex; converged relaxed references; matching composition,-0.08088278,/pscratch/sd/j/jcho5/VASP/dft_jobs/CO2_Pd110/singlepoint/r2scan,0,/pscratch/sd/j/jcho5/VASP/completion_runs/matched_potential_slabs_20260915/slab/Pd110_2eb6224610/r2scan,/pscratch/sd/j/jcho5/VASP/vasp_mol/CO2/r2scan,-560.68385431,-535.03397265,-25.56899888,500,500,converged,54fe0e70e6932166fc9420ff4ed9254479f429b8a7748a66d37b4c5f0ca87baa,true
Pd110,DME,beef_vdw,CH3OCH3_Pd110,,false,ok,NSW=0 complex; converged relaxed references; matching composition,-0.55484809,/pscratch/sd/j/jcho5/VASP/dft_jobs/CH3OCH3_Pd110/singlepoint/beef_vdw,0,/pscratch/sd/j/jcho5/VASP/completion_runs/matched_potential_slabs_20260915/slab/Pd110_7655ac7da9/beef_vdw,/pscratch/sd/j/jcho5/VASP/vasp_mol/CH3OCH3/beef_vdw,-72.20826455,-29.36028717,-42.29312929,500,500,converged,d900f587effab3c3d3340f171d1645979a32eaad9871329953c667850b9f287c,true
Pd110,DME,r2scan,CH3OCH3_Pd110,,false,ok,NSW=0 complex; converged relaxed references; matching composition,-0.50666817,/pscratch/sd/j/jcho5/VASP/dft_jobs/CH3OCH3_Pd110/singlepoint/r2scan,0,/pscratch/sd/j/jcho5/VASP/completion_runs/matched_potential_slabs_20260915/slab/Pd110_2eb6224610/r2scan,/pscratch/sd/j/jcho5/VASP/vasp_mol/CH3OCH3/r2scan,-584.68123009,-535.03397265,-49.14058927,500,500,converged,d900f587effab3c3d3340f171d1645979a32eaad9871329953c667850b9f287c,true
Pd110,H2O,beef_vdw,H2O_Pd110,,false,ok,NSW=0 complex; converged relaxed references; matching composition,-0.38864473,/pscratch/sd/j/jcho5/VASP/dft_jobs/H2O_Pd110/singlepoint/beef_vdw,0,/pscratch/sd/j/jcho5/VASP/completion_runs/matched_potential_slabs_20260915/slab/Pd110_7655ac7da9/beef_vdw,/pscratch/sd/j/jcho5/VASP/vasp_mol/H2O/beef_vdw,-42.25224871,-29.36028717,-12.50331681,500,500,converged,1fee14a9dbe75e121bf11c8b9017d63b49d953d3aa72cc962a0502281b7e5332,true
Pd110,H2O,r2scan,H2O_Pd110,,false,ok,NSW=0 complex; converged relaxed references; matching composition,-0.47680006,/pscratch/sd/j/jcho5/VASP/dft_jobs/H2O_Pd110/singlepoint/r2scan,0,/pscratch/sd/j/jcho5/VASP/completion_runs/matched_potential_slabs_20260915/slab/Pd110_2eb6224610/r2scan,/pscratch/sd/j/jcho5/VASP/vasp_mol/H2O/r2scan,-550.84319211,-535.03397265,-15.3324194,500,500,converged,1fee14a9dbe75e121bf11c8b9017d63b49d953d3aa72cc962a0502281b7e5332,true
Pd110,H2S,beef_vdw,H2S_Pd110,,false,ok,NSW=0 complex; converged relaxed references; matching composition,-0.9191751,/pscratch/sd/j/jcho5/VASP/dft_jobs/H2S_Pd110/singlepoint/beef_vdw,0,/pscratch/sd/j/jcho5/VASP/completion_runs/matched_potential_slabs_20260915/slab/Pd110_7655ac7da9/beef_vdw,/pscratch/sd/j/jcho5/VASP/vasp_mol/H2S/beef_vdw,-39.89363852,-29.36028717,-9.61417625,500,500,converged,eb70c7578e447f642a5abfade97b09181f9c117e94b754f7273916607b7fce8f,true
Pd110,H2S,r2scan,H2S_Pd110,,false,ok,NSW=0 complex; converged relaxed references; matching composition,-0.98484371,/pscratch/sd/j/jcho5/VASP/dft_jobs/H2S_Pd110/singlepoint/r2scan,0,/pscratch/sd/j/jcho5/VASP/completion_runs/matched_potential_slabs_20260915/slab/Pd110_2eb6224610/r2scan,/pscratch/sd/j/jcho5/VASP/vasp_mol/H2S/r2scan,-551.24496746,-535.03397265,-15.2261511,500,500,converged,eb70c7578e447f642a5abfade97b09181f9c117e94b754f7273916607b7fce8f,true
Pd110,N2,beef_vdw,N2_Pd110,,false,ok,NSW=0 complex; converged relaxed references; matching composition,-0.398346,/pscratch/sd/j/jcho5/VASP/dft_jobs/N2_Pd110/singlepoint/beef_vdw,0,/pscratch/sd/j/jcho5/VASP/completion_runs/matched_potential_slabs_20260915/slab/Pd110_7655ac7da9/beef_vdw,/pscratch/sd/j/jcho5/VASP/vasp_mol/N2/beef_vdw,-43.32196062,-29.36028717,-13.56332745,500,500,converged,38806c5e82c116a5ac6f317df06e94fed3cb3bfb2d6cf519c07ddc60b0b29374,true
Pd110,NH3,beef_vdw,NH3_Pd110,,false,ok,NSW=0 complex; converged relaxed references; matching composition,-0.83096152,/pscratch/sd/j/jcho5/VASP/dft_jobs/NH3_Pd110/singlepoint/beef_vdw,0,/pscratch/sd/j/jcho5/VASP/completion_runs/matched_potential_slabs_20260915/slab/Pd110_7655ac7da9/beef_vdw,/pscratch/sd/j/jcho5/VASP/vasp_mol/NH3/beef_vdw,-48.32872611,-29.36028717,-18.13747742,500,500,converged,ab7e18792228b8f5a29718a9b41c95cc9357508508d332b0851c464a6e3b6620,true
Pd110,NH3,r2scan,NH3_Pd110,,false,ok,NSW=0 complex; converged relaxed references; matching composition,-0.81322729,/pscratch/sd/j/jcho5/VASP/dft_jobs/NH3_Pd110/singlepoint/r2scan,0,/pscratch/sd/j/jcho5/VASP/completion_runs/matched_potential_slabs_20260915/slab/Pd110_2eb6224610/r2scan,/pscratch/sd/j/jcho5/VASP/vasp_mol/NH3/r2scan,-556.36554728,-535.03397265,-20.51834734,500,500,converged,ab7e18792228b8f5a29718a9b41c95cc9357508508d332b0851c464a6e3b6620,true
Pd110,SO2,beef_vdw,SO2_Pd110,,false,ok,NSW=0 complex; converged relaxed references; matching composition,-1.65543304,/pscratch/sd/j/jcho5/VASP/dft_jobs/SO2_Pd110/singlepoint/beef_vdw,0,/pscratch/sd/j/jcho5/VASP/completion_runs/matched_potential_slabs_20260915/slab/Pd110_7655ac7da9/beef_vdw,/pscratch/sd/j/jcho5/VASP/vasp_mol/SO2/beef_vdw,-42.68658027,-29.36028717,-11.67086006,500,500,converged,fa4445990c9839ee0032865fedbbf125a40d80f6c9aab53d072924d99ca118d3,true
Pd110,SO2,r2scan,SO2_Pd110,,false,ok,NSW=0 complex; converged relaxed references; matching composition,-1.89819077,/pscratch/sd/j/jcho5/VASP/dft_jobs/SO2_Pd110/singlepoint/r2scan,0,/pscratch/sd/j/jcho5/VASP/completion_runs/matched_potential_slabs_20260915/slab/Pd110_2eb6224610/r2scan,/pscratch/sd/j/jcho5/VASP/vasp_mol/SO2/r2scan,-559.79273239,-535.03397265,-22.86056897,500,500,converged,fa4445990c9839ee0032865fedbbf125a40d80f6c9aab53d072924d99ca118d3,true
Pd110,acetaldehyde,beef_vdw,CH3CHO_Pd110,,false,ok,NSW=0 complex; converged relaxed references; matching composition,-0.48516368,/pscratch/sd/j/jcho5/VASP/dft_jobs/CH3CHO_Pd110/singlepoint/beef_vdw,0,/pscratch/sd/j/jcho5/VASP/completion_runs/matched_potential_slabs_20260915/slab/Pd110_7655ac7da9/beef_vdw,/pscratch/sd/j/jcho5/VASP/vasp_mol/CH3CHO/beef_vdw,-64.7189776,-29.36028717,-34.87352675,500,500,converged,e236041f1717816d84560bac7761c97c01cc233105e416ec8634f655dc03b246,true
Pd110,acetaldehyde,r2scan,CH3CHO_Pd110,,false,ok,NSW=0 complex; converged relaxed references; matching composition,-0.45232647,/pscratch/sd/j/jcho5/VASP/dft_jobs/CH3CHO_Pd110/singlepoint/r2scan,0,/pscratch/sd/j/jcho5/VASP/completion_runs/matched_potential_slabs_20260915/slab/Pd110_2eb6224610/r2scan,/pscratch/sd/j/jcho5/VASP/vasp_mol/CH3CHO/r2scan,-577.16108009,-535.03397265,-41.67478097,500,500,converged,e236041f1717816d84560bac7761c97c01cc233105e416ec8634f655dc03b246,true
Pd110,acetic_acid,beef_vdw,CH3COOH_Pd110,,false,ok,NSW=0 complex; converged relaxed references; matching composition,-0.68968675,/pscratch/sd/j/jcho5/VASP/dft_jobs/CH3COOH_Pd110/singlepoint/beef_vdw,0,/pscratch/sd/j/jcho5/VASP/completion_runs/matched_potential_slabs_20260915/slab/Pd110_7655ac7da9/beef_vdw,/pscratch/sd/j/jcho5/VASP/vasp_mol/CH3COOH/beef_vdw,-70.62831102,-29.36028717,-40.5783371,500,500,converged,5e877507573176c6e4b8222569c08b218bfc0d764bbec714710f368d7c0cb4ef,true
Pd110,acetic_acid,r2scan,CH3COOH_Pd110,,false,ok,NSW=0 complex; converged relaxed references; matching composition,-0.65684806,/pscratch/sd/j/jcho5/VASP/dft_jobs/CH3COOH_Pd110/singlepoint/r2scan,0,/pscratch/sd/j/jcho5/VASP/completion_runs/matched_potential_slabs_20260915/slab/Pd110_2eb6224610/r2scan,/pscratch/sd/j/jcho5/VASP/vasp_mol/CH3COOH/r2scan,-586.04132405,-535.03397265,-50.35050334,500,500,converged,5e877507573176c6e4b8222569c08b218bfc0d764bbec714710f368d7c0cb4ef,true
Pd110,ethene,beef_vdw,C2H4_Pd110,,false,ok,NSW=0 complex; converged relaxed references; matching composition,-1.09424086,/pscratch/sd/j/jcho5/VASP/dft_jobs/C2H4_Pd110/singlepoint/beef_vdw,0,/pscratch/sd/j/jcho5/VASP/completion_runs/matched_potential_slabs_20260915/slab/Pd110_7655ac7da9/beef_vdw,/pscratch/sd/j/jcho5/VASP/vasp_mol/C2H4/beef_vdw,-60.03619449,-29.36028717,-29.58166646,500,500,converged,16b8a425175636233d8b50e70e2d87fd62190a8019e6277406ee5a9363e32b87,true
Pd110,ethene,r2scan,C2H4_Pd110,,false,ok,NSW=0 complex; converged relaxed references; matching composition,-1.11819909,/pscratch/sd/j/jcho5/VASP/dft_jobs/C2H4_Pd110/singlepoint/r2scan,0,/pscratch/sd/j/jcho5/VASP/completion_runs/matched_potential_slabs_20260915/slab/Pd110_2eb6224610/r2scan,/pscratch/sd/j/jcho5/VASP/vasp_mol/C2H4/r2scan,-569.7007305,-535.03397265,-33.54855876,500,500,converged,16b8a425175636233d8b50e70e2d87fd62190a8019e6277406ee5a9363e32b87,true
Pd110,formaldehyde,beef_vdw,H2CO_Pd110,,false,ok,NSW=0 complex; converged relaxed references; matching composition,-0.70650766,/pscratch/sd/j/jcho5/VASP/dft_jobs/H2CO_Pd110/singlepoint/beef_vdw,0,/pscratch/sd/j/jcho5/VASP/completion_runs/matched_potential_slabs_20260915/slab/Pd110_7655ac7da9/beef_vdw,/pscratch/sd/j/jcho5/VASP/vasp_mol/H2CO/beef_vdw,-49.21368742,-29.36028717,-19.14689259,500,500,converged,42f9f8786c1522f3d5b21f1da64646daff4ca8a79b62631ee9f9b4c6b894012c,true
Pd110,formaldehyde,r2scan,H2CO_Pd110,,false,ok,NSW=0 complex; converged relaxed references; matching composition,-0.90072359,/pscratch/sd/j/jcho5/VASP/dft_jobs/H2CO_Pd110/singlepoint/r2scan,0,/pscratch/sd/j/jcho5/VASP/completion_runs/matched_potential_slabs_20260915/slab/Pd110_2eb6224610/r2scan,/pscratch/sd/j/jcho5/VASP/vasp_mol/H2CO/r2scan,-559.80218269,-535.03397265,-23.86748645,500,500,converged,42f9f8786c1522f3d5b21f1da64646daff4ca8a79b62631ee9f9b4c6b894012c,true
Pd110,formic_acid,beef_vdw,HCOOH_Pd110,,false,ok,NSW=0 complex; converged relaxed references; matching composition,-0.60690622,/pscratch/sd/j/jcho5/VASP/dft_jobs/HCOOH_Pd110/singlepoint/beef_vdw,0,/pscratch/sd/j/jcho5/VASP/completion_runs/matched_potential_slabs_20260915/slab/Pd110_7655ac7da9/beef_vdw,/pscratch/sd/j/jcho5/VASP/vasp_mol/HCOOH/beef_vdw,-54.91943871,-29.36028717,-24.95224532,500,500,converged,1814cb0110b337885f01158386007d49592d0f88c2908d56c2a58d4106c1872c,true
Pd110,formic_acid,r2scan,HCOOH_Pd110,,false,ok,NSW=0 complex; converged relaxed references; matching composition,-0.64287213,/pscratch/sd/j/jcho5/VASP/dft_jobs/HCOOH_Pd110/singlepoint/r2scan,0,/pscratch/sd/j/jcho5/VASP/completion_runs/matched_potential_slabs_20260915/slab/Pd110_2eb6224610/r2scan,/pscratch/sd/j/jcho5/VASP/vasp_mol/HCOOH/r2scan,-568.31074638,-535.03397265,-32.6339016,500,500,converged,1814cb0110b337885f01158386007d49592d0f88c2908d56c2a58d4106c1872c,true
Pd110,methane,beef_vdw,CH4_Pd110,,false,ok,NSW=0 complex; converged relaxed references; matching composition,-0.11350863,/pscratch/sd/j/jcho5/VASP/dft_jobs/CH4_Pd110/singlepoint/beef_vdw,0,/pscratch/sd/j/jcho5/VASP/completion_runs/matched_potential_slabs_20260915/slab/Pd110_7655ac7da9/beef_vdw,/pscratch/sd/j/jcho5/VASP/vasp_mol/CH4/beef_vdw,-52.45953181,-29.36028717,-22.98573601,500,500,converged,e4a4fad4b84cbe929d14c85205983dc6b74cc5544f98d76f8fd509b9c97600ff,true
Pd110,methane,r2scan,CH4_Pd110,,false,ok,NSW=0 complex; converged relaxed references; matching composition,-0.06255482,/pscratch/sd/j/jcho5/VASP/dft_jobs/CH4_Pd110/singlepoint/r2scan,0,/pscratch/sd/j/jcho5/VASP/completion_runs/matched_potential_slabs_20260915/slab/Pd110_2eb6224610/r2scan,/pscratch/sd/j/jcho5/VASP/vasp_mol/CH4/r2scan,-560.08443064,-535.03397265,-24.98790317,500,500,converged,e4a4fad4b84cbe929d14c85205983dc6b74cc5544f98d76f8fd509b9c97600ff,true
Pd110,methanol,beef_vdw,CH3OH_Pd110,,false,ok,NSW=0 complex; converged relaxed references; matching composition,-0.54123174,/pscratch/sd/j/jcho5/VASP/dft_jobs/CH3OH_Pd110/singlepoint/beef_vdw,0,/pscratch/sd/j/jcho5/VASP/completion_runs/matched_potential_slabs_20260915/slab/Pd110_7655ac7da9/beef_vdw,/pscratch/sd/j/jcho5/VASP/vasp_mol/CH3OH/beef_vdw,-57.19556526,-29.36028717,-27.29404635,500,500,converged,2c178729b5f572f264b7fd78ec4c7d0eb0f39c035fff428891daad494d596259,true
Pd110,methanol,r2scan,CH3OH_Pd110,,false,ok,NSW=0 complex; converged relaxed references; matching composition,-0.56576027,/pscratch/sd/j/jcho5/VASP/dft_jobs/CH3OH_Pd110/singlepoint/r2scan,0,/pscratch/sd/j/jcho5/VASP/completion_runs/matched_potential_slabs_20260915/slab/Pd110_2eb6224610/r2scan,/pscratch/sd/j/jcho5/VASP/vasp_mol/CH3OH/r2scan,-567.73626146,-535.03397265,-32.13652854,500,500,converged,2c178729b5f572f264b7fd78ec4c7d0eb0f39c035fff428891daad494d596259,true
Pd111,CH3,beef_vdw,CH3_Pd111,,false,ok,NSW=0 complex; converged relaxed references; matching composition,-1.73480276,/pscratch/sd/j/jcho5/VASP/dft_jobs/CH3_Pd111/singlepoint/beef_vdw,0,/pscratch/sd/j/jcho5/VASP/completion_runs/matched_potential_slabs_20260915/slab/Pd111_f1f527eac1/beef_vdw,/pscratch/sd/j/jcho5/VASP/vasp_mol/CH3/beef_vdw,-74.30679442,-55.45440448,-17.11758718,500,500,converged,11354bc3a045603bdbc75c38f41ba00bf4fb1bb44c72435a96b116601ae45a9c,true
Pd111,CH3,pbe,CH3_Pd111,,false,ok,NSW=0 complex; converged relaxed references; matching composition,-1.73396341,/pscratch/sd/j/jcho5/VASP/dft_jobs/CH3_Pd111/singlepoint/PBE,0,/pscratch/sd/j/jcho5/VASP/completion_runs/matched_potential_slabs_20260915/slab/Pd111_ffc3f47166/pbe,/pscratch/sd/j/jcho5/VASP/vasp_mol/CH3/PBE,-198.0563019,-178.12969903,-18.19263946,500,500,converged,11354bc3a045603bdbc75c38f41ba00bf4fb1bb44c72435a96b116601ae45a9c,true
Pd111,CH3,pbe_d3,CH3_Pd111,,false,ok,NSW=0 complex; converged relaxed references; matching composition,-1.92658216,/pscratch/sd/j/jcho5/VASP/dft_jobs/CH3_Pd111/singlepoint/PBE_D3,0,/pscratch/sd/j/jcho5/VASP/completion_runs/matched_potential_slabs_20260915/slab/Pd111_0333765c8d/pbe_d3,/pscratch/sd/j/jcho5/VASP/vasp_mol/CH3/PBE_D3,-213.183853,-193.0631217,-18.19414914,500,500,converged,11354bc3a045603bdbc75c38f41ba00bf4fb1bb44c72435a96b116601ae45a9c,true
Pd111,CO,beef_vdw,CO_Pd111_fcc,fcc,false,ok,NSW=0 complex; converged relaxed references; matching composition,-1.80330185,/pscratch/sd/j/jcho5/VASP/dft_jobs/CO_Pd111_fcc/singlepoint/beef_vdw,0,/pscratch/sd/j/jcho5/VASP/completion_runs/matched_potential_slabs_20260915/slab/Pd111_f1f527eac1/beef_vdw,/pscratch/sd/j/jcho5/VASP/vasp_mol/CO/beef_vdw,-68.99088264,-55.45440448,-11.73317631,500,500,converged,6a163cbe3c940b2d80609873efbbf03dd88b53da53c94a179e4661bafbd41327,true
Pd111,CO,pbe,CO_Pd111_fcc,fcc,false,ok,NSW=0 complex; converged relaxed references; matching composition,-1.99739205,/pscratch/sd/j/jcho5/VASP/dft_jobs/CO_Pd111_fcc/singlepoint/PBE,0,/pscratch/sd/j/jcho5/VASP/completion_runs/matched_potential_slabs_20260915/slab/Pd111_ffc3f47166/pbe,/pscratch/sd/j/jcho5/VASP/vasp_mol/CO/PBE,-194.90747345,-178.12969903,-14.78038237,500,500,converged,6a163cbe3c940b2d80609873efbbf03dd88b53da53c94a179e4661bafbd41327,true
Pd111,CO,pbe_d3,CO_Pd111_fcc,fcc,false,ok,NSW=0 complex; converged relaxed references; matching composition,-2.14699158,/pscratch/sd/j/jcho5/VASP/dft_jobs/CO_Pd111_fcc/singlepoint/PBE_D3,0,/pscratch/sd/j/jcho5/VASP/completion_runs/matched_potential_slabs_20260915/slab/Pd111_0333765c8d/pbe_d3,/pscratch/sd/j/jcho5/VASP/vasp_mol/CO/PBE_D3,-209.99050918,-193.0631217,-14.7803959,500,500,converged,6a163cbe3c940b2d80609873efbbf03dd88b53da53c94a179e4661bafbd41327,true
Pd111,DME,beef_vdw,CH3OCH3_Pd111,,false,ok,NSW=0 complex; converged relaxed references; matching composition,-0.45915779,/pscratch/sd/j/jcho5/VASP/dft_jobs/CH3OCH3_Pd111/singlepoint/beef_vdw,0,/pscratch/sd/j/jcho5/VASP/completion_runs/matched_potential_slabs_20260915/slab/Pd111_f1f527eac1/beef_vdw,/pscratch/sd/j/jcho5/VASP/vasp_mol/CH3OCH3/beef_vdw,-98.20669156,-55.45440448,-42.29312929,500,500,converged,49d0968d76c6c5c489c14f94034431c700412aeb21d5aa33f99dd25ceb258944,true
Pd111,DME,pbe,CH3OCH3_Pd111,,false,ok,NSW=0 complex; converged relaxed references; matching composition,-0.11867137,/pscratch/sd/j/jcho5/VASP/dft_jobs/CH3OCH3_Pd111/singlepoint/PBE,0,/pscratch/sd/j/jcho5/VASP/completion_runs/matched_potential_slabs_20260915/slab/Pd111_ffc3f47166/pbe,/pscratch/sd/j/jcho5/VASP/completion_runs/dme_references_davidson_20260915/molecule/DME/PBE,-224.62605229,-178.12969903,-46.37768189,500,500,converged,49d0968d76c6c5c489c14f94034431c700412aeb21d5aa33f99dd25ceb258944,true
Pd111,DME,pbe_d3,CH3OCH3_Pd111,,false,ok,NSW=0 complex; converged relaxed references; matching composition,-0.5606786,/pscratch/sd/j/jcho5/VASP/dft_jobs/CH3OCH3_Pd111/singlepoint/PBE_D3,0,/pscratch/sd/j/jcho5/VASP/completion_runs/matched_potential_slabs_20260915/slab/Pd111_0333765c8d/pbe_d3,/pscratch/sd/j/jcho5/VASP/completion_runs/dme_references_davidson_20260915/molecule/DME/PBE_D3,-240.04731892,-193.0631217,-46.42351862,500,500,converged,49d0968d76c6c5c489c14f94034431c700412aeb21d5aa33f99dd25ceb258944,true
Pd111,H2O,beef_vdw,H2O_Pd111,,false,ok,NSW=0 complex; converged relaxed references; matching composition,-0.24922601,/pscratch/sd/j/jcho5/VASP/dft_jobs/H2O_Pd111/singlepoint/beef_vdw,0,/pscratch/sd/j/jcho5/VASP/completion_runs/matched_potential_slabs_20260915/slab/Pd111_f1f527eac1/beef_vdw,/pscratch/sd/j/jcho5/VASP/vasp_mol/H2O/beef_vdw,-68.2069473,-55.45440448,-12.50331681,500,500,converged,6fc41e6d41126710dde024a1bfdc3100d5f0db96fdaa6fff531a97194b590c55,true
Pd111,H2O,pbe,H2O_Pd111,,false,ok,NSW=0 complex; converged relaxed references; matching composition,-0.21576306,/pscratch/sd/j/jcho5/VASP/dft_jobs/H2O_Pd111/singlepoint/PBE,0,/pscratch/sd/j/jcho5/VASP/completion_runs/matched_potential_slabs_20260915/slab/Pd111_ffc3f47166/pbe,/pscratch/sd/j/jcho5/VASP/vasp_mol/H2O/PBE,-192.56323726,-178.12969903,-14.21777517,500,500,converged,6fc41e6d41126710dde024a1bfdc3100d5f0db96fdaa6fff531a97194b590c55,true
Pd111,H2O,pbe_d3,H2O_Pd111,,false,ok,NSW=0 complex; converged relaxed references; matching composition,-0.35578754,/pscratch/sd/j/jcho5/VASP/dft_jobs/H2O_Pd111/singlepoint/PBE_D3,0,/pscratch/sd/j/jcho5/VASP/completion_runs/matched_potential_slabs_20260915/slab/Pd111_0333765c8d/pbe_d3,/pscratch/sd/j/jcho5/VASP/vasp_mol/H2O/PBE_D3,-207.63679702,-193.0631217,-14.21788778,500,500,converged,6fc41e6d41126710dde024a1bfdc3100d5f0db96fdaa6fff531a97194b590c55,true
Pd111,H2S,beef_vdw,H2S_Pd111,,false,ok,NSW=0 complex; converged relaxed references; matching composition,-0.54322971,/pscratch/sd/j/jcho5/VASP/dft_jobs/H2S_Pd111/singlepoint/beef_vdw,0,/pscratch/sd/j/jcho5/VASP/completion_runs/matched_potential_slabs_20260915/slab/Pd111_f1f527eac1/beef_vdw,/pscratch/sd/j/jcho5/VASP/vasp_mol/H2S/beef_vdw,-65.61181044,-55.45440448,-9.61417625,500,500,converged,b0617fdd948b83972c6d6a353378d9a10cd32b30b9b1fe6acf0a9fbbafd90781,true
Pd111,H2S,pbe,H2S_Pd111,,false,ok,NSW=0 complex; converged relaxed references; matching composition,-0.58179715,/pscratch/sd/j/jcho5/VASP/dft_jobs/H2S_Pd111/singlepoint/PBE,0,/pscratch/sd/j/jcho5/VASP/completion_runs/matched_potential_slabs_20260915/slab/Pd111_ffc3f47166/pbe,/pscratch/sd/j/jcho5/VASP/vasp_mol/H2S/PBE,-189.91059087,-178.12969903,-11.19909469,500,500,converged,b0617fdd948b83972c6d6a353378d9a10cd32b30b9b1fe6acf0a9fbbafd90781,true
Pd111,H2S,pbe_d3,H2S_Pd111,,false,ok,NSW=0 complex; converged relaxed references; matching composition,-0.92195179,/pscratch/sd/j/jcho5/VASP/dft_jobs/H2S_Pd111/singlepoint/PBE_D3,0,/pscratch/sd/j/jcho5/VASP/completion_runs/matched_potential_slabs_20260915/slab/Pd111_0333765c8d/pbe_d3,/pscratch/sd/j/jcho5/VASP/vasp_mol/H2S/PBE_D3,-205.18484,-193.0631217,-11.19976651,500,500,converged,b0617fdd948b83972c6d6a353378d9a10cd32b30b9b1fe6acf0a9fbbafd90781,true
Pd111,N2,beef_vdw,N2_Pd111,,false,ok,NSW=0 complex; converged relaxed references; matching composition,-0.13425859,/pscratch/sd/j/jcho5/VASP/dft_jobs/N2_Pd111/singlepoint/beef_vdw,0,/pscratch/sd/j/jcho5/VASP/completion_runs/matched_potential_slabs_20260915/slab/Pd111_f1f527eac1/beef_vdw,/pscratch/sd/j/jcho5/VASP/vasp_mol/N2/beef_vdw,-69.15199052,-55.45440448,-13.56332745,500,500,converged,8ca1c620923c65721524d2c4e5527fb0f0b867d5dd2e36eba33c9c89df1fc2a3,true
Pd111,N2,pbe,N2_Pd111,,false,ok,NSW=0 complex; converged relaxed references; matching composition,-0.16196974,/pscratch/sd/j/jcho5/VASP/dft_jobs/N2_Pd111/singlepoint/PBE,0,/pscratch/sd/j/jcho5/VASP/completion_runs/matched_potential_slabs_20260915/slab/Pd111_ffc3f47166/pbe,/pscratch/sd/j/jcho5/VASP/vasp_mol/N2/PBE,-194.91969368,-178.12969903,-16.62802491,500,500,converged,8ca1c620923c65721524d2c4e5527fb0f0b867d5dd2e36eba33c9c89df1fc2a3,true
Pd111,N2,pbe_d3,N2_Pd111,,false,ok,NSW=0 complex; converged relaxed references; matching composition,-0.34690113,/pscratch/sd/j/jcho5/VASP/dft_jobs/N2_Pd111/singlepoint/PBE_D3,0,/pscratch/sd/j/jcho5/VASP/completion_runs/matched_potential_slabs_20260915/slab/Pd111_0333765c8d/pbe_d3,/pscratch/sd/j/jcho5/VASP/vasp_mol/N2/PBE_D3,-210.03805633,-193.0631217,-16.6280335,500,500,converged,8ca1c620923c65721524d2c4e5527fb0f0b867d5dd2e36eba33c9c89df1fc2a3,true
Pd111,NH3,beef_vdw,NH3_Pd111,,false,ok,NSW=0 complex; converged relaxed references; matching composition,-0.67302853,/pscratch/sd/j/jcho5/VASP/dft_jobs/NH3_Pd111/singlepoint/beef_vdw,0,/pscratch/sd/j/jcho5/VASP/completion_runs/matched_potential_slabs_20260915/slab/Pd111_f1f527eac1/beef_vdw,/pscratch/sd/j/jcho5/VASP/vasp_mol/NH3/beef_vdw,-74.26491043,-55.45440448,-18.13747742,500,500,converged,874f0bf4c038c97e328d1cb6743af081277f54039f003dffe9ac11c44019eaf1,true
Pd111,NH3,pbe,NH3_Pd111,,false,ok,NSW=0 complex; converged relaxed references; matching composition,-0.68591577,/pscratch/sd/j/jcho5/VASP/dft_jobs/NH3_Pd111/singlepoint/PBE,0,/pscratch/sd/j/jcho5/VASP/completion_runs/matched_potential_slabs_20260915/slab/Pd111_ffc3f47166/pbe,/pscratch/sd/j/jcho5/VASP/vasp_mol/NH3/PBE,-198.3508158,-178.12969903,-19.535201,500,500,converged,874f0bf4c038c97e328d1cb6743af081277f54039f003dffe9ac11c44019eaf1,true
Pd111,NH3,pbe_d3,NH3_Pd111,,false,ok,NSW=0 complex; converged relaxed references; matching composition,-0.89336816,/pscratch/sd/j/jcho5/VASP/dft_jobs/NH3_Pd111/singlepoint/PBE_D3,0,/pscratch/sd/j/jcho5/VASP/completion_runs/matched_potential_slabs_20260915/slab/Pd111_0333765c8d/pbe_d3,/pscratch/sd/j/jcho5/VASP/vasp_mol/NH3/PBE_D3,-213.49219301,-193.0631217,-19.53570315,500,500,converged,874f0bf4c038c97e328d1cb6743af081277f54039f003dffe9ac11c44019eaf1,true
Pd111,NO,pbe,NO_Pd111,,false,ok,NSW=0 complex; converged relaxed references; matching composition,-2.5739191,/pscratch/sd/j/jcho5/VASP/dft_jobs/NO_Pd111/singlepoint/PBE,0,/pscratch/sd/j/jcho5/VASP/completion_runs/matched_potential_slabs_20260915/slab/Pd111_ffc3f47166/pbe,/pscratch/sd/j/jcho5/VASP/vasp_mol/NO/PBE,-192.64979198,-178.12969903,-11.94617385,500,500,converged,c961f74d284d3cb70421a787b3393a3971364d91cbe1a8a5afde15b63a3b3072,true
Pd111,NO,pbe_d3,NO_Pd111,,false,ok,NSW=0 complex; converged relaxed references; matching composition,-2.73561537,/pscratch/sd/j/jcho5/VASP/dft_jobs/NO_Pd111/singlepoint/PBE_D3,0,/pscratch/sd/j/jcho5/VASP/completion_runs/matched_potential_slabs_20260915/slab/Pd111_0333765c8d/pbe_d3,/pscratch/sd/j/jcho5/VASP/vasp_mol/NO/PBE_D3,-207.74492641,-193.0631217,-11.94618934,500,500,converged,c961f74d284d3cb70421a787b3393a3971364d91cbe1a8a5afde15b63a3b3072,true
Pd111,SO2,beef_vdw,SO2_Pd111,,false,ok,NSW=0 complex; converged relaxed references; matching composition,-1.09319499,/pscratch/sd/j/jcho5/VASP/dft_jobs/SO2_Pd111/singlepoint/beef_vdw,0,/pscratch/sd/j/jcho5/VASP/completion_runs/matched_potential_slabs_20260915/slab/Pd111_f1f527eac1/beef_vdw,/pscratch/sd/j/jcho5/VASP/vasp_mol/SO2/beef_vdw,-68.21845953,-55.45440448,-11.67086006,500,500,converged,c9432196d4d80bb28ee83950ff4e198f297c4ad011f428ed2fb449b3d4fcd98c,true
Pd111,SO2,pbe,SO2_Pd111,,false,ok,NSW=0 complex; converged relaxed references; matching composition,-1.02359245,/pscratch/sd/j/jcho5/VASP/dft_jobs/SO2_Pd111/singlepoint/PBE,0,/pscratch/sd/j/jcho5/VASP/completion_runs/matched_potential_slabs_20260915/slab/Pd111_ffc3f47166/pbe,/pscratch/sd/j/jcho5/VASP/vasp_mol/SO2/PBE,-196.19473943,-178.12969903,-17.04144795,500,500,converged,c9432196d4d80bb28ee83950ff4e198f297c4ad011f428ed2fb449b3d4fcd98c,true
Pd111,SO2,pbe_d3,SO2_Pd111,,false,ok,NSW=0 complex; converged relaxed references; matching composition,-1.5014564,/pscratch/sd/j/jcho5/VASP/dft_jobs/SO2_Pd111/singlepoint/PBE_D3,0,/pscratch/sd/j/jcho5/VASP/completion_runs/matched_potential_slabs_20260915/slab/Pd111_0333765c8d/pbe_d3,/pscratch/sd/j/jcho5/VASP/vasp_mol/SO2/PBE_D3,-211.60966974,-193.0631217,-17.04509164,500,500,converged,c9432196d4d80bb28ee83950ff4e198f297c4ad011f428ed2fb449b3d4fcd98c,true
Pd111,acetaldehyde,beef_vdw,CH3CHO_Pd111,,false,ok,NSW=0 complex; converged relaxed references; matching composition,-0.31978807,/pscratch/sd/j/jcho5/VASP/dft_jobs/CH3CHO_Pd111/singlepoint/beef_vdw,0,/pscratch/sd/j/jcho5/VASP/completion_runs/matched_potential_slabs_20260915/slab/Pd111_f1f527eac1/beef_vdw,/pscratch/sd/j/jcho5/VASP/vasp_mol/CH3CHO/beef_vdw,-90.6477193,-55.45440448,-34.87352675,500,500,converged,503f7ee66613ca163932b3bc706d72cc04475cf565b8bc4601ba16baacc572d4,true
Pd111,acetaldehyde,pbe,CH3CHO_Pd111,,false,ok,NSW=0 complex; converged relaxed references; matching composition,-0.11152805,/pscratch/sd/j/jcho5/VASP/dft_jobs/CH3CHO_Pd111/singlepoint/PBE,0,/pscratch/sd/j/jcho5/VASP/completion_runs/matched_potential_slabs_20260915/slab/Pd111_ffc3f47166/pbe,/pscratch/sd/j/jcho5/VASP/vasp_mol/CH3CHO/PBE,-217.35064295,-178.12969903,-39.10941587,500,500,converged,503f7ee66613ca163932b3bc706d72cc04475cf565b8bc4601ba16baacc572d4,true
Pd111,acetaldehyde,pbe_d3,CH3CHO_Pd111,,false,ok,NSW=0 complex; converged relaxed references; matching composition,-0.46794571,/pscratch/sd/j/jcho5/VASP/dft_jobs/CH3CHO_Pd111/singlepoint/PBE_D3,0,/pscratch/sd/j/jcho5/VASP/completion_runs/matched_potential_slabs_20260915/slab/Pd111_0333765c8d/pbe_d3,/pscratch/sd/j/jcho5/VASP/vasp_mol/CH3CHO/PBE_D3,-232.66933241,-193.0631217,-39.138265,500,500,converged,503f7ee66613ca163932b3bc706d72cc04475cf565b8bc4601ba16baacc572d4,true
Pd111,acetic_acid,beef_vdw,CH3COOH_Pd111,,false,ok,NSW=0 complex; converged relaxed references; matching composition,-0.50607815,/pscratch/sd/j/jcho5/VASP/dft_jobs/CH3COOH_Pd111/singlepoint/beef_vdw,0,/pscratch/sd/j/jcho5/VASP/completion_runs/matched_potential_slabs_20260915/slab/Pd111_f1f527eac1/beef_vdw,/pscratch/sd/j/jcho5/VASP/vasp_mol/CH3COOH/beef_vdw,-96.53881973,-55.45440448,-40.5783371,500,500,converged,520b1a009561c79483399e0e19e0b3dae6a17c02f5a31812a485b862e01daf5b,true
Pd111,ethene,beef_vdw,C2H4_Pd111,,false,ok,NSW=0 complex; converged relaxed references; matching composition,-0.70741178,/pscratch/sd/j/jcho5/VASP/dft_jobs/C2H4_Pd111/singlepoint/beef_vdw,0,/pscratch/sd/j/jcho5/VASP/completion_runs/matched_potential_slabs_20260915/slab/Pd111_f1f527eac1/beef_vdw,/pscratch/sd/j/jcho5/VASP/vasp_mol/C2H4/beef_vdw,-85.74348272,-55.45440448,-29.58166646,500,500,converged,e331e5a409acaba920db3f397652f8b694615f7cd5e3b9ddfea2636a33662d84,true
Pd111,ethene,pbe,C2H4_Pd111,,false,ok,NSW=0 complex; converged relaxed references; matching composition,-0.65642802,/pscratch/sd/j/jcho5/VASP/dft_jobs/C2H4_Pd111/singlepoint/PBE,0,/pscratch/sd/j/jcho5/VASP/completion_runs/matched_potential_slabs_20260915/slab/Pd111_ffc3f47166/pbe,/pscratch/sd/j/jcho5/VASP/vasp_mol/C2H4/PBE,-210.75677105,-178.12969903,-31.970644,500,500,converged,e331e5a409acaba920db3f397652f8b694615f7cd5e3b9ddfea2636a33662d84,true
Pd111,ethene,pbe_d3,C2H4_Pd111,,false,ok,NSW=0 complex; converged relaxed references; matching composition,-1.01570126,/pscratch/sd/j/jcho5/VASP/dft_jobs/C2H4_Pd111/singlepoint/PBE_D3,0,/pscratch/sd/j/jcho5/VASP/completion_runs/matched_potential_slabs_20260915/slab/Pd111_0333765c8d/pbe_d3,/pscratch/sd/j/jcho5/VASP/vasp_mol/C2H4/PBE_D3,-226.06201256,-193.0631217,-31.9831896,500,500,converged,e331e5a409acaba920db3f397652f8b694615f7cd5e3b9ddfea2636a33662d84,true
Pd111,formaldehyde,beef_vdw,H2CO_Pd111,,false,ok,NSW=0 complex; converged relaxed references; matching composition,-0.23669811,/pscratch/sd/j/jcho5/VASP/dft_jobs/H2CO_Pd111/singlepoint/beef_vdw,0,/pscratch/sd/j/jcho5/VASP/completion_runs/matched_potential_slabs_20260915/slab/Pd111_f1f527eac1/beef_vdw,/pscratch/sd/j/jcho5/VASP/vasp_mol/H2CO/beef_vdw,-74.83799518,-55.45440448,-19.14689259,500,500,converged,2dbc149bf84f333d1a7f6e43f1927f3cfd8916c0c0ea177d69b040f82f2be4b6,true
Pd111,formaldehyde,pbe,H2CO_Pd111,,false,ok,NSW=0 complex; converged relaxed references; matching composition,-0.11627958,/pscratch/sd/j/jcho5/VASP/dft_jobs/H2CO_Pd111/singlepoint/PBE,0,/pscratch/sd/j/jcho5/VASP/completion_runs/matched_potential_slabs_20260915/slab/Pd111_ffc3f47166/pbe,/pscratch/sd/j/jcho5/VASP/vasp_mol/H2CO/PBE,-200.37621984,-178.12969903,-22.13024123,500,500,converged,2dbc149bf84f333d1a7f6e43f1927f3cfd8916c0c0ea177d69b040f82f2be4b6,true
Pd111,formaldehyde,pbe_d3,H2CO_Pd111,,false,ok,NSW=0 complex; converged relaxed references; matching composition,-0.32994318,/pscratch/sd/j/jcho5/VASP/dft_jobs/H2CO_Pd111/singlepoint/PBE_D3,0,/pscratch/sd/j/jcho5/VASP/completion_runs/matched_potential_slabs_20260915/slab/Pd111_0333765c8d/pbe_d3,/pscratch/sd/j/jcho5/VASP/vasp_mol/H2CO/PBE_D3,-215.52857647,-193.0631217,-22.13551159,500,500,converged,2dbc149bf84f333d1a7f6e43f1927f3cfd8916c0c0ea177d69b040f82f2be4b6,true
Pd111,formic_acid,beef_vdw,HCOOH_Pd111,,false,ok,NSW=0 complex; converged relaxed references; matching composition,-0.44241341,/pscratch/sd/j/jcho5/VASP/dft_jobs/HCOOH_Pd111/singlepoint/beef_vdw,0,/pscratch/sd/j/jcho5/VASP/completion_runs/matched_potential_slabs_20260915/slab/Pd111_f1f527eac1/beef_vdw,/pscratch/sd/j/jcho5/VASP/vasp_mol/HCOOH/beef_vdw,-80.84906321,-55.45440448,-24.95224532,500,500,converged,d8e63bd0aab2bf094ec0d05f61bcad6f29888dfd090dab57d3259f5f967118b1,true
Pd111,formic_acid,pbe,HCOOH_Pd111,,false,ok,NSW=0 complex; converged relaxed references; matching composition,-0.30871665,/pscratch/sd/j/jcho5/VASP/dft_jobs/HCOOH_Pd111/singlepoint/PBE,0,/pscratch/sd/j/jcho5/VASP/completion_runs/matched_potential_slabs_20260915/slab/Pd111_ffc3f47166/pbe,/pscratch/sd/j/jcho5/VASP/vasp_mol/HCOOH/PBE,-208.31821003,-178.12969903,-29.87979435,500,500,converged,d8e63bd0aab2bf094ec0d05f61bcad6f29888dfd090dab57d3259f5f967118b1,true
Pd111,formic_acid,pbe_d3,HCOOH_Pd111,,false,ok,NSW=0 complex; converged relaxed references; matching composition,-0.60536594,/pscratch/sd/j/jcho5/VASP/dft_jobs/HCOOH_Pd111/singlepoint/PBE_D3,0,/pscratch/sd/j/jcho5/VASP/completion_runs/matched_potential_slabs_20260915/slab/Pd111_0333765c8d/pbe_d3,/pscratch/sd/j/jcho5/VASP/vasp_mol/HCOOH/PBE_D3,-223.56208302,-193.0631217,-29.89359538,500,500,converged,d8e63bd0aab2bf094ec0d05f61bcad6f29888dfd090dab57d3259f5f967118b1,true
Pd111,methane,beef_vdw,CH4_Pd111,,false,ok,NSW=0 complex; converged relaxed references; matching composition,-0.07866341,/pscratch/sd/j/jcho5/VASP/dft_jobs/CH4_Pd111/singlepoint/beef_vdw,0,/pscratch/sd/j/jcho5/VASP/completion_runs/matched_potential_slabs_20260915/slab/Pd111_f1f527eac1/beef_vdw,/pscratch/sd/j/jcho5/VASP/vasp_mol/CH4/beef_vdw,-78.5188039,-55.45440448,-22.98573601,500,500,converged,b0fef02ad25716c463ed0198b6d63d23c24dc1207142a234ddfed4645a7da1da,true
Pd111,methane,pbe,CH4_Pd111,,false,ok,NSW=0 complex; converged relaxed references; matching composition,0.07233383,/pscratch/sd/j/jcho5/VASP/dft_jobs/CH4_Pd111/singlepoint/PBE,0,/pscratch/sd/j/jcho5/VASP/completion_runs/matched_potential_slabs_20260915/slab/Pd111_ffc3f47166/pbe,/pscratch/sd/j/jcho5/VASP/vasp_mol/CH4/PBE,-202.09296852,-178.12969903,-24.03560332,500,500,converged,b0fef02ad25716c463ed0198b6d63d23c24dc1207142a234ddfed4645a7da1da,true
Pd111,methane,pbe_d3,CH4_Pd111,,false,ok,NSW=0 complex; converged relaxed references; matching composition,-0.11774968,/pscratch/sd/j/jcho5/VASP/dft_jobs/CH4_Pd111/singlepoint/PBE_D3,0,/pscratch/sd/j/jcho5/VASP/completion_runs/matched_potential_slabs_20260915/slab/Pd111_0333765c8d/pbe_d3,/pscratch/sd/j/jcho5/VASP/vasp_mol/CH4/PBE_D3,-217.21850727,-193.0631217,-24.03763589,500,500,converged,b0fef02ad25716c463ed0198b6d63d23c24dc1207142a234ddfed4645a7da1da,true
Pd111,methanol,beef_vdw,CH3OH_Pd111,,false,ok,NSW=0 complex; converged relaxed references; matching composition,-0.36177024,/pscratch/sd/j/jcho5/VASP/dft_jobs/CH3OH_Pd111/singlepoint/beef_vdw,0,/pscratch/sd/j/jcho5/VASP/completion_runs/matched_potential_slabs_20260915/slab/Pd111_f1f527eac1/beef_vdw,/pscratch/sd/j/jcho5/VASP/vasp_mol/CH3OH/beef_vdw,-83.11022107,-55.45440448,-27.29404635,500,500,converged,c5e32f975b47bb56fdc27e40b72f78420fd029b7270200ca68cf2d26f7b674ec,true
Pd111,methanol,pbe,CH3OH_Pd111,,false,ok,NSW=0 complex; converged relaxed references; matching composition,-0.19037023,/pscratch/sd/j/jcho5/VASP/dft_jobs/CH3OH_Pd111/singlepoint/PBE,0,/pscratch/sd/j/jcho5/VASP/completion_runs/matched_potential_slabs_20260915/slab/Pd111_ffc3f47166/pbe,/pscratch/sd/j/jcho5/VASP/vasp_mol/CH3OH/PBE,-208.52864161,-178.12969903,-30.20857235,500,500,converged,c5e32f975b47bb56fdc27e40b72f78420fd029b7270200ca68cf2d26f7b674ec,true
Pd111,methanol,pbe_d3,CH3OH_Pd111,,false,ok,NSW=0 complex; converged relaxed references; matching composition,-0.49660466,/pscratch/sd/j/jcho5/VASP/dft_jobs/CH3OH_Pd111/singlepoint/PBE_D3,0,/pscratch/sd/j/jcho5/VASP/completion_runs/matched_potential_slabs_20260915/slab/Pd111_0333765c8d/pbe_d3,/pscratch/sd/j/jcho5/VASP/vasp_mol/CH3OH/PBE_D3,-223.78335169,-193.0631217,-30.22362533,500,500,converged,c5e32f975b47bb56fdc27e40b72f78420fd029b7270200ca68cf2d26f7b674ec,true
Pt100,CO2,beef_vdw,CO2_Pt100,,false,ok,NSW=0 complex; converged relaxed references; matching composition,-0.11506589,/pscratch/sd/j/jcho5/VASP/dft_jobs/CO2_Pt100/singlepoint/beef_vdw,0,/pscratch/sd/j/jcho5/VASP/completion_runs/matched_potential_slabs_20260915/slab/Pt100_529df1e123/beef_vdw,/pscratch/sd/j/jcho5/VASP/vasp_mol/CO2/beef_vdw,-186.17428375,-168.13859304,-17.92062482,500,500,converged,038008960038567c4fcc24afd0ff5712f4402d1c76339be9554c2591c435ee0d,true
Pt100,CO2,pbe,CO2_Pt100,,false,ok,NSW=0 complex; converged relaxed references; matching composition,0.00818286,/pscratch/sd/j/jcho5/VASP/dft_jobs/CO2_Pt100/singlepoint/PBE,0,/pscratch/sd/j/jcho5/VASP/completion_runs/matched_potential_slabs_20260915/slab/Pt100_a49f22e12a/pbe,/pscratch/sd/j/jcho5/VASP/vasp_mol/CO2/PBE,-386.08853165,-363.13651929,-22.96019522,500,500,converged,038008960038567c4fcc24afd0ff5712f4402d1c76339be9554c2591c435ee0d,true
Pt100,CO2,r2scan,CO2_Pt100,,false,ok,NSW=0 complex; converged relaxed references; matching composition,-0.0135543,/pscratch/sd/j/jcho5/VASP/dft_jobs/CO2_Pt100/singlepoint/r2scan,0,/pscratch/sd/j/jcho5/VASP/completion_runs/matched_potential_slabs_20260915/slab/Pt100_d508ddc3d6/r2scan,/pscratch/sd/j/jcho5/VASP/vasp_mol/CO2/r2scan,-3291.69241584,-3266.10986266,-25.56899888,500,500,converged,038008960038567c4fcc24afd0ff5712f4402d1c76339be9554c2591c435ee0d,true
Pt100,ethane,beef_vdw,C2H6_Pt100,,false,ok,NSW=0 complex; converged relaxed references; matching composition,-0.09763441,/pscratch/sd/j/jcho5/VASP/dft_jobs/C2H6_Pt100/singlepoint/beef_vdw,0,/pscratch/sd/j/jcho5/VASP/completion_runs/matched_potential_slabs_20260915/slab/Pt100_529df1e123/beef_vdw,/pscratch/sd/j/jcho5/VASP/vasp_mol/C2H6/beef_vdw,-206.46545809,-168.13859304,-38.22923064,500,500,converged,3952897ba74aedf85f44bcaec7853ce1fdbb3a56fb35e799603380b0ffd017c8,true
Pt100,ethane,pbe,C2H6_Pt100,,false,ok,NSW=0 complex; converged relaxed references; matching composition,0.07293759,/pscratch/sd/j/jcho5/VASP/dft_jobs/C2H6_Pt100/singlepoint/PBE,0,/pscratch/sd/j/jcho5/VASP/completion_runs/matched_potential_slabs_20260915/slab/Pt100_a49f22e12a/pbe,/pscratch/sd/j/jcho5/VASP/vasp_mol/C2H6/PBE,-403.56319849,-363.13651929,-40.49961679,500,500,converged,3952897ba74aedf85f44bcaec7853ce1fdbb3a56fb35e799603380b0ffd017c8,true
Pt100,ethane,pbe_d3,C2H6_Pt100,,false,ok,NSW=0 complex; converged relaxed references; matching composition,-0.28291171,/pscratch/sd/j/jcho5/VASP/dft_jobs/C2H6_Pt100/singlepoint/PBE_D3,0,/pscratch/sd/j/jcho5/VASP/completion_runs/matched_potential_slabs_20260915/slab/Pt100_3c53559c7d/pbe_d3,/pscratch/sd/j/jcho5/VASP/vasp_mol/C2H6/PBE_D3,-437.7439557,-396.9349694,-40.52607459,500,500,converged,3952897ba74aedf85f44bcaec7853ce1fdbb3a56fb35e799603380b0ffd017c8,true
Pt100,ethane,r2scan,C2H6_Pt100,,false,ok,NSW=0 complex; converged relaxed references; matching composition,-0.03637204,/pscratch/sd/j/jcho5/VASP/dft_jobs/C2H6_Pt100/singlepoint/r2scan,0,/pscratch/sd/j/jcho5/VASP/completion_runs/matched_potential_slabs_20260915/slab/Pt100_d508ddc3d6/r2scan,/pscratch/sd/j/jcho5/VASP/vasp_mol/C2H6/r2scan,-3308.40193053,-3266.10986266,-42.25569583,500,500,converged,3952897ba74aedf85f44bcaec7853ce1fdbb3a56fb35e799603380b0ffd017c8,true
Pt100,ethanol,beef_vdw,CH3CH2OH_Pt100,,false,ok,NSW=0 complex; converged relaxed references; matching composition,-0.46418366,/pscratch/sd/j/jcho5/VASP/dft_jobs/CH3CH2OH_Pt100/singlepoint/beef_vdw,0,/pscratch/sd/j/jcho5/VASP/completion_runs/matched_potential_slabs_20260915/slab/Pt100_529df1e123/beef_vdw,/pscratch/sd/j/jcho5/VASP/vasp_mol/CH3CH2OH/beef_vdw,-211.35299218,-168.13859304,-42.75021548,500,500,converged,03c02be3a2ff55f085e39ddb3ab945df3eb12fc7d1008ef16522655ddb25bfc4,true
Pt100,ethanol,pbe,CH3CH2OH_Pt100,,false,ok,NSW=0 complex; converged relaxed references; matching composition,-0.31828161,/pscratch/sd/j/jcho5/VASP/dft_jobs/CH3CH2OH_Pt100/singlepoint/PBE,0,/pscratch/sd/j/jcho5/VASP/completion_runs/matched_potential_slabs_20260915/slab/Pt100_a49f22e12a/pbe,/pscratch/sd/j/jcho5/VASP/vasp_mol/CH3CH2OH/PBE,-410.33066331,-363.13651929,-46.87586241,500,500,converged,03c02be3a2ff55f085e39ddb3ab945df3eb12fc7d1008ef16522655ddb25bfc4,true
Pt100,ethanol,pbe_d3,CH3CH2OH_Pt100,,false,ok,NSW=0 complex; converged relaxed references; matching composition,-0.77233869,/pscratch/sd/j/jcho5/VASP/dft_jobs/CH3CH2OH_Pt100/singlepoint/PBE_D3,0,/pscratch/sd/j/jcho5/VASP/completion_runs/matched_potential_slabs_20260915/slab/Pt100_3c53559c7d/pbe_d3,/pscratch/sd/j/jcho5/VASP/vasp_mol/CH3CH2OH/PBE_D3,-444.63027237,-396.9349694,-46.92296428,500,500,converged,03c02be3a2ff55f085e39ddb3ab945df3eb12fc7d1008ef16522655ddb25bfc4,true
Pt100,ethanol,r2scan,CH3CH2OH_Pt100,,false,ok,NSW=0 complex; converged relaxed references; matching composition,-0.5133795,/pscratch/sd/j/jcho5/VASP/dft_jobs/CH3CH2OH_Pt100/singlepoint/r2scan,0,/pscratch/sd/j/jcho5/VASP/completion_runs/matched_potential_slabs_20260915/slab/Pt100_d508ddc3d6/r2scan,/pscratch/sd/j/jcho5/VASP/vasp_mol/CH3CH2OH/r2scan,-3316.26283474,-3266.10986266,-49.63959258,500,500,converged,03c02be3a2ff55f085e39ddb3ab945df3eb12fc7d1008ef16522655ddb25bfc4,true
Pt110,ethane,beef_vdw,C2H6_Pt110,,false,ok,NSW=0 complex; converged relaxed references; matching composition,-0.16326489,/pscratch/sd/j/jcho5/VASP/dft_jobs/C2H6_Pt110/singlepoint/beef_vdw,0,/pscratch/sd/j/jcho5/VASP/completion_runs/matched_potential_slabs_20260915/slab/Pt110_b114012bf7/beef_vdw,/pscratch/sd/j/jcho5/VASP/vasp_mol/C2H6/beef_vdw,-192.16485719,-153.77236166,-38.22923064,500,500,converged,02de9faba41d62541c11c82e2df2a96a1603dc396a7be297123c5f61e997346c,true
Pt110,ethane,pbe,C2H6_Pt110,,false,ok,NSW=0 complex; converged relaxed references; matching composition,0.01600733,/pscratch/sd/j/jcho5/VASP/dft_jobs/C2H6_Pt110/singlepoint/PBE,0,/pscratch/sd/j/jcho5/VASP/completion_runs/matched_potential_slabs_20260915/slab/Pt110_9df8ef40c0/pbe,/pscratch/sd/j/jcho5/VASP/vasp_mol/C2H6/PBE,-389.77832448,-349.29471502,-40.49961679,500,500,converged,02de9faba41d62541c11c82e2df2a96a1603dc396a7be297123c5f61e997346c,true
Pt110,ethane,pbe_d3,C2H6_Pt110,,false,ok,NSW=0 complex; converged relaxed references; matching composition,-0.38712056,/pscratch/sd/j/jcho5/VASP/dft_jobs/C2H6_Pt110/singlepoint/PBE_D3,0,/pscratch/sd/j/jcho5/VASP/completion_runs/matched_potential_slabs_20260915/slab/Pt110_b45ee2f606/pbe_d3,/pscratch/sd/j/jcho5/VASP/vasp_mol/C2H6/PBE_D3,-417.67540108,-376.76220593,-40.52607459,500,500,converged,02de9faba41d62541c11c82e2df2a96a1603dc396a7be297123c5f61e997346c,true
Pt110,ethanol,beef_vdw,CH3CH2OH_Pt110,,false,ok,NSW=0 complex; converged relaxed references; matching composition,-0.59357284,/pscratch/sd/j/jcho5/VASP/dft_jobs/CH3CH2OH_Pt110/singlepoint/beef_vdw,0,/pscratch/sd/j/jcho5/VASP/completion_runs/matched_potential_slabs_20260915/slab/Pt110_b114012bf7/beef_vdw,/pscratch/sd/j/jcho5/VASP/vasp_mol/CH3CH2OH/beef_vdw,-197.11614998,-153.77236166,-42.75021548,500,500,converged,aad3d9af29dfc0c73568b041e53014c2ccda1f5e1988ddf033616f3270a9b794,true
Pt110,ethanol,pbe,CH3CH2OH_Pt110,,false,ok,NSW=0 complex; converged relaxed references; matching composition,-0.43404488,/pscratch/sd/j/jcho5/VASP/dft_jobs/CH3CH2OH_Pt110/singlepoint/PBE,0,/pscratch/sd/j/jcho5/VASP/completion_runs/matched_potential_slabs_20260915/slab/Pt110_9df8ef40c0/pbe,/pscratch/sd/j/jcho5/VASP/vasp_mol/CH3CH2OH/PBE,-396.60462231,-349.29471502,-46.87586241,500,500,converged,aad3d9af29dfc0c73568b041e53014c2ccda1f5e1988ddf033616f3270a9b794,true
Pt110,ethanol,pbe_d3,CH3CH2OH_Pt110,,false,ok,NSW=0 complex; converged relaxed references; matching composition,-0.96044084,/pscratch/sd/j/jcho5/VASP/dft_jobs/CH3CH2OH_Pt110/singlepoint/PBE_D3,0,/pscratch/sd/j/jcho5/VASP/completion_runs/matched_potential_slabs_20260915/slab/Pt110_b45ee2f606/pbe_d3,/pscratch/sd/j/jcho5/VASP/vasp_mol/CH3CH2OH/PBE_D3,-424.64561105,-376.76220593,-46.92296428,500,500,converged,aad3d9af29dfc0c73568b041e53014c2ccda1f5e1988ddf033616f3270a9b794,true
Pt111,CH3,pbe,CH3_Pt111_top,top,false,ok,NSW=0 complex; converged relaxed references; matching composition,-1.90624625,/pscratch/sd/j/jcho5/VASP/dft_jobs/CH3_Pt111_top/singlepoint/PBE,0,/pscratch/sd/j/jcho5/VASP/completion_runs/matched_potential_slabs_20260915/slab/Pt111_ac28ddddd3/pbe,/pscratch/sd/j/jcho5/VASP/vasp_mol/CH3/PBE,-228.79480895,-208.69592324,-18.19263946,500,500,converged,31cab427724f7d740ca709189a231a173692449f1c107c627b2f6f927684b6a1,true
Pt111,CH3,pbe_d3,CH3_Pt111_top,top,false,ok,NSW=0 complex; converged relaxed references; matching composition,-2.11285805,/pscratch/sd/j/jcho5/VASP/dft_jobs/CH3_Pt111_top/singlepoint/PBE_D3,0,/pscratch/sd/j/jcho5/VASP/completion_runs/matched_potential_slabs_20260915/slab/Pt111_c3286ec1f4/pbe_d3,/pscratch/sd/j/jcho5/VASP/vasp_mol/CH3/PBE_D3,-248.90377417,-228.59676698,-18.19414914,500,500,converged,31cab427724f7d740ca709189a231a173692449f1c107c627b2f6f927684b6a1,true
Pt111,CO,pbe,CO_Pt111_atop,atop,false,ok,NSW=0 complex; converged relaxed references; matching composition,-1.60986557,/pscratch/sd/j/jcho5/VASP/dft_jobs/CO_Pt111_atop/singlepoint/PBE,0,/pscratch/sd/j/jcho5/VASP/completion_runs/matched_potential_slabs_20260915/slab/Pt111_ac28ddddd3/pbe,/pscratch/sd/j/jcho5/VASP/vasp_mol/CO/PBE,-225.08617118,-208.69592324,-14.78038237,500,500,converged,64e941a4a7acd83b64fd862a599539326c42414cd426331fdc2fdd65f398d2d0,true
Pt111,CO,pbe_d3,CO_Pt111_atop,atop,false,ok,NSW=0 complex; converged relaxed references; matching composition,-1.76507566,/pscratch/sd/j/jcho5/VASP/dft_jobs/CO_Pt111_atop/singlepoint/PBE_D3,0,/pscratch/sd/j/jcho5/VASP/completion_runs/matched_potential_slabs_20260915/slab/Pt111_c3286ec1f4/pbe_d3,/pscratch/sd/j/jcho5/VASP/vasp_mol/CO/PBE_D3,-245.14223854,-228.59676698,-14.7803959,500,500,converged,64e941a4a7acd83b64fd862a599539326c42414cd426331fdc2fdd65f398d2d0,true
Pt111,DME,pbe,DME_Pt111_top,top,false,ok,NSW=0 complex; converged relaxed references; matching composition,-0.07393861,/pscratch/sd/j/jcho5/VASP/dft_jobs/DME_Pt111_top/singlepoint/PBE,0,/pscratch/sd/j/jcho5/VASP/completion_runs/matched_potential_slabs_20260915/slab/Pt111_ac28ddddd3/pbe,/pscratch/sd/j/jcho5/VASP/completion_runs/dme_references_davidson_20260915/molecule/DME/PBE,-255.14754374,-208.69592324,-46.37768189,500,500,converged,b9d3fbad7299de87a19b6ec465197dc0ec3a84cf0621a41f43aef95d847bfea0,true
Pt111,DME,pbe_d3,DME_Pt111_top,top,false,ok,NSW=0 complex; converged relaxed references; matching composition,-0.62568377,/pscratch/sd/j/jcho5/VASP/dft_jobs/DME_Pt111_top/singlepoint/PBE_D3,0,/pscratch/sd/j/jcho5/VASP/completion_runs/matched_potential_slabs_20260915/slab/Pt111_c3286ec1f4/pbe_d3,/pscratch/sd/j/jcho5/VASP/completion_runs/dme_references_davidson_20260915/molecule/DME/PBE_D3,-275.64596937,-228.59676698,-46.42351862,500,500,converged,b9d3fbad7299de87a19b6ec465197dc0ec3a84cf0621a41f43aef95d847bfea0,true
Pt111,H2O,pbe,H2O_Pt111_top,top,false,ok,NSW=0 complex; converged relaxed references; matching composition,-0.16146018,/pscratch/sd/j/jcho5/VASP/dft_jobs/H2O_Pt111_top/singlepoint/PBE,0,/pscratch/sd/j/jcho5/VASP/completion_runs/matched_potential_slabs_20260915/slab/Pt111_ac28ddddd3/pbe,/pscratch/sd/j/jcho5/VASP/vasp_mol/H2O/PBE,-223.07515859,-208.69592324,-14.21777517,500,500,converged,b44bb47b2a3f813ef1f6dacf1d5d7fe1112e7829fa3fb9385a2252285c185c88,true
Pt111,H2O,pbe_d3,H2O_Pt111_top,top,false,ok,NSW=0 complex; converged relaxed references; matching composition,-0.30431985,/pscratch/sd/j/jcho5/VASP/dft_jobs/H2O_Pt111_top/singlepoint/PBE_D3,0,/pscratch/sd/j/jcho5/VASP/completion_runs/matched_potential_slabs_20260915/slab/Pt111_c3286ec1f4/pbe_d3,/pscratch/sd/j/jcho5/VASP/vasp_mol/H2O/PBE_D3,-243.11897461,-228.59676698,-14.21788778,500,500,converged,b44bb47b2a3f813ef1f6dacf1d5d7fe1112e7829fa3fb9385a2252285c185c88,true
Pt111,H2S,pbe,H2S_Pt111_top,top,false,ok,NSW=0 complex; converged relaxed references; matching composition,-0.63127191,/pscratch/sd/j/jcho5/VASP/dft_jobs/H2S_Pt111_top/singlepoint/PBE,0,/pscratch/sd/j/jcho5/VASP/completion_runs/matched_potential_slabs_20260915/slab/Pt111_ac28ddddd3/pbe,/pscratch/sd/j/jcho5/VASP/vasp_mol/H2S/PBE,-220.52628984,-208.69592324,-11.19909469,500,500,converged,f734fc56dd75093064c1e06f811107e0b0d5aea01ab6c60c13b8514be7b55288,true
Pt111,H2S,pbe_d3,H2S_Pt111_top,top,false,ok,NSW=0 complex; converged relaxed references; matching composition,-1.00354077,/pscratch/sd/j/jcho5/VASP/dft_jobs/H2S_Pt111_top/singlepoint/PBE_D3,0,/pscratch/sd/j/jcho5/VASP/completion_runs/matched_potential_slabs_20260915/slab/Pt111_c3286ec1f4/pbe_d3,/pscratch/sd/j/jcho5/VASP/vasp_mol/H2S/PBE_D3,-240.80007426,-228.59676698,-11.19976651,500,500,converged,f734fc56dd75093064c1e06f811107e0b0d5aea01ab6c60c13b8514be7b55288,true
Pt111,N2,pbe,N2_Pt111_top,top,false,ok,NSW=0 complex; converged relaxed references; matching composition,-0.02750012,/pscratch/sd/j/jcho5/VASP/dft_jobs/N2_Pt111_top/singlepoint/PBE,0,/pscratch/sd/j/jcho5/VASP/completion_runs/matched_potential_slabs_20260915/slab/Pt111_ac28ddddd3/pbe,/pscratch/sd/j/jcho5/VASP/vasp_mol/N2/PBE,-225.35144827,-208.69592324,-16.62802491,500,500,converged,ad36b31388905294acfe0efe6d5e4d1575861c0e6c8acca993995fc94cae7d95,true
Pt111,N2,pbe_d3,N2_Pt111_top,top,false,ok,NSW=0 complex; converged relaxed references; matching composition,-0.16812012,/pscratch/sd/j/jcho5/VASP/dft_jobs/N2_Pt111_top/singlepoint/PBE_D3,0,/pscratch/sd/j/jcho5/VASP/completion_runs/matched_potential_slabs_20260915/slab/Pt111_c3286ec1f4/pbe_d3,/pscratch/sd/j/jcho5/VASP/vasp_mol/N2/PBE_D3,-245.3929206,-228.59676698,-16.6280335,500,500,converged,ad36b31388905294acfe0efe6d5e4d1575861c0e6c8acca993995fc94cae7d95,true
Pt111,NH3,pbe,NH3_Pt111_top,top,false,ok,NSW=0 complex; converged relaxed references; matching composition,-0.76634229,/pscratch/sd/j/jcho5/VASP/dft_jobs/NH3_Pt111_top/singlepoint/PBE,0,/pscratch/sd/j/jcho5/VASP/completion_runs/matched_potential_slabs_20260915/slab/Pt111_ac28ddddd3/pbe,/pscratch/sd/j/jcho5/VASP/vasp_mol/NH3/PBE,-228.99746653,-208.69592324,-19.535201,500,500,converged,cd16efa35a0d113796f4c37d336dcac1e37f51d878e247f00fb605ba719b51ad,true
Pt111,NH3,pbe_d3,NH3_Pt111_top,top,false,ok,NSW=0 complex; converged relaxed references; matching composition,-0.99128561,/pscratch/sd/j/jcho5/VASP/dft_jobs/NH3_Pt111_top/singlepoint/PBE_D3,0,/pscratch/sd/j/jcho5/VASP/completion_runs/matched_potential_slabs_20260915/slab/Pt111_c3286ec1f4/pbe_d3,/pscratch/sd/j/jcho5/VASP/vasp_mol/NH3/PBE_D3,-249.12375574,-228.59676698,-19.53570315,500,500,converged,cd16efa35a0d113796f4c37d336dcac1e37f51d878e247f00fb605ba719b51ad,true
Pt111,NO,pbe,NO_Pt111_fcc,fcc,false,ok,NSW=0 complex; converged relaxed references; matching composition,-1.93040017,/pscratch/sd/j/jcho5/VASP/dft_jobs/NO_Pt111_fcc/singlepoint/PBE,0,/pscratch/sd/j/jcho5/VASP/completion_runs/matched_potential_slabs_20260915/slab/Pt111_ac28ddddd3/pbe,/pscratch/sd/j/jcho5/VASP/vasp_mol/NO/PBE,-222.57249726,-208.69592324,-11.94617385,500,500,converged,fb7abad78996720bcee5ecf5453c784fa09d6ba7a1a82ec2916e8dc5655da6e0,true
Pt111,NO,pbe_d3,NO_Pt111_fcc,fcc,false,ok,NSW=0 complex; converged relaxed references; matching composition,-2.06721659,/pscratch/sd/j/jcho5/VASP/dft_jobs/NO_Pt111_fcc/singlepoint/PBE_D3,0,/pscratch/sd/j/jcho5/VASP/completion_runs/matched_potential_slabs_20260915/slab/Pt111_c3286ec1f4/pbe_d3,/pscratch/sd/j/jcho5/VASP/vasp_mol/NO/PBE_D3,-242.61017291,-228.59676698,-11.94618934,500,500,converged,fb7abad78996720bcee5ecf5453c784fa09d6ba7a1a82ec2916e8dc5655da6e0,true
Pt111,SO2,pbe,SO2_Pt111_top,top,false,ok,NSW=0 complex; converged relaxed references; matching composition,-0.7270851,/pscratch/sd/j/jcho5/VASP/dft_jobs/SO2_Pt111_top/singlepoint/PBE,0,/pscratch/sd/j/jcho5/VASP/completion_runs/matched_potential_slabs_20260915/slab/Pt111_ac28ddddd3/pbe,/pscratch/sd/j/jcho5/VASP/vasp_mol/SO2/PBE,-226.46445629,-208.69592324,-17.04144795,500,500,converged,a878505e030e3f0095f47f8a31ebb8d6b464730d2d965f68b053db259d5ef3a6,true
Pt111,SO2,pbe_d3,SO2_Pt111_top,top,false,ok,NSW=0 complex; converged relaxed references; matching composition,-1.1963723,/pscratch/sd/j/jcho5/VASP/dft_jobs/SO2_Pt111_top/singlepoint/PBE_D3,0,/pscratch/sd/j/jcho5/VASP/completion_runs/matched_potential_slabs_20260915/slab/Pt111_c3286ec1f4/pbe_d3,/pscratch/sd/j/jcho5/VASP/vasp_mol/SO2/PBE_D3,-246.83823092,-228.59676698,-17.04509164,500,500,converged,a878505e030e3f0095f47f8a31ebb8d6b464730d2d965f68b053db259d5ef3a6,true
Pt111,acetaldehyde,pbe,CH3CHO_Pt111_top,top,false,ok,NSW=0 complex; converged relaxed references; matching composition,-0.04528847,/pscratch/sd/j/jcho5/VASP/dft_jobs/CH3CHO_Pt111_top/singlepoint/PBE,0,/pscratch/sd/j/jcho5/VASP/completion_runs/matched_potential_slabs_20260915/slab/Pt111_ac28ddddd3/pbe,/pscratch/sd/j/jcho5/VASP/vasp_mol/CH3CHO/PBE,-247.85062758,-208.69592324,-39.10941587,500,500,converged,e601445bc25adb842f62c627317aa08b671dcf512e990f18deddcb68ccb637b3,true
Pt111,acetaldehyde,pbe_d3,CH3CHO_Pt111_top,top,false,ok,NSW=0 complex; converged relaxed references; matching composition,-0.46743026,/pscratch/sd/j/jcho5/VASP/dft_jobs/CH3CHO_Pt111_top/singlepoint/PBE_D3,0,/pscratch/sd/j/jcho5/VASP/completion_runs/matched_potential_slabs_20260915/slab/Pt111_c3286ec1f4/pbe_d3,/pscratch/sd/j/jcho5/VASP/vasp_mol/CH3CHO/PBE_D3,-268.20246224,-228.59676698,-39.138265,500,500,converged,e601445bc25adb842f62c627317aa08b671dcf512e990f18deddcb68ccb637b3,true
Pt111,ethanol,pbe,C2H5OH_Pt111_top,top,false,ok,NSW=0 complex; converged relaxed references; matching composition,-0.17462245,/pscratch/sd/j/jcho5/VASP/dft_jobs/C2H5OH_Pt111_top/singlepoint/PBE,0,/pscratch/sd/j/jcho5/VASP/completion_runs/matched_potential_slabs_20260915/slab/Pt111_ac28ddddd3/pbe,/pscratch/sd/j/jcho5/VASP/vasp_mol/CH3CH2OH/PBE,-255.7464081,-208.69592324,-46.87586241,500,500,converged,50648dc466191b852aa11381bf0ca60ca18c8a8fb6dd97a01e1d0f88a22a04a1,true
Pt111,ethanol,pbe_d3,C2H5OH_Pt111_top,top,false,ok,NSW=0 complex; converged relaxed references; matching composition,-0.66026897,/pscratch/sd/j/jcho5/VASP/dft_jobs/C2H5OH_Pt111_top/singlepoint/PBE_D3,0,/pscratch/sd/j/jcho5/VASP/completion_runs/matched_potential_slabs_20260915/slab/Pt111_c3286ec1f4/pbe_d3,/pscratch/sd/j/jcho5/VASP/vasp_mol/CH3CH2OH/PBE_D3,-276.18000023,-228.59676698,-46.92296428,500,500,converged,50648dc466191b852aa11381bf0ca60ca18c8a8fb6dd97a01e1d0f88a22a04a1,true
Pt111,ethene,pbe,C2H4_Pt111_bri,bri,false,ok,NSW=0 complex; converged relaxed references; matching composition,-0.62053023,/pscratch/sd/j/jcho5/VASP/dft_jobs/C2H4_Pt111_bri/singlepoint/PBE,0,/pscratch/sd/j/jcho5/VASP/completion_runs/matched_potential_slabs_20260915/slab/Pt111_ac28ddddd3/pbe,/pscratch/sd/j/jcho5/VASP/vasp_mol/C2H4/PBE,-241.28709747,-208.69592324,-31.970644,500,500,converged,e6473b82851928654b8861a93279b94e70ffac5cbf9e4944e81c0f6393d666c2,true
Pt111,ethene,pbe_d3,C2H4_Pt111_bri,bri,false,ok,NSW=0 complex; converged relaxed references; matching composition,-1.05834618,/pscratch/sd/j/jcho5/VASP/dft_jobs/C2H4_Pt111_bri/singlepoint/PBE_D3,0,/pscratch/sd/j/jcho5/VASP/completion_runs/matched_potential_slabs_20260915/slab/Pt111_c3286ec1f4/pbe_d3,/pscratch/sd/j/jcho5/VASP/vasp_mol/C2H4/PBE_D3,-261.63830276,-228.59676698,-31.9831896,500,500,converged,e6473b82851928654b8861a93279b94e70ffac5cbf9e4944e81c0f6393d666c2,true
Pt111,formaldehyde,pbe,H2CO_Pt111_top,top,false,ok,NSW=0 complex; converged relaxed references; matching composition,0.1243117,/pscratch/sd/j/jcho5/VASP/dft_jobs/H2CO_Pt111_top/singlepoint/PBE,0,/pscratch/sd/j/jcho5/VASP/completion_runs/matched_potential_slabs_20260915/slab/Pt111_ac28ddddd3/pbe,/pscratch/sd/j/jcho5/VASP/vasp_mol/H2CO/PBE,-230.70185277,-208.69592324,-22.13024123,500,500,converged,c4d4449ad24afea883397b48caf8e6aa6dd47fd1eed259b3f2301048eeaed676,true
Pt111,formaldehyde,pbe_d3,H2CO_Pt111_top,top,false,ok,NSW=0 complex; converged relaxed references; matching composition,-0.15335024,/pscratch/sd/j/jcho5/VASP/dft_jobs/H2CO_Pt111_top/singlepoint/PBE_D3,0,/pscratch/sd/j/jcho5/VASP/completion_runs/matched_potential_slabs_20260915/slab/Pt111_c3286ec1f4/pbe_d3,/pscratch/sd/j/jcho5/VASP/vasp_mol/H2CO/PBE_D3,-250.88562881,-228.59676698,-22.13551159,500,500,converged,c4d4449ad24afea883397b48caf8e6aa6dd47fd1eed259b3f2301048eeaed676,true
Pt111,formic_acid,pbe,HCOOH_Pt111,,false,ok,NSW=0 complex; converged relaxed references; matching composition,-0.19142365,/pscratch/sd/j/jcho5/VASP/dft_jobs/HCOOH_Pt111/singlepoint/PBE,0,/pscratch/sd/j/jcho5/VASP/completion_runs/matched_potential_slabs_20260915/slab/Pt111_ac28ddddd3/pbe,/pscratch/sd/j/jcho5/VASP/vasp_mol/HCOOH/PBE,-238.76714124,-208.69592324,-29.87979435,500,500,converged,b28a69aa3e3de178f9316a1bcb86074c02f54c06b091e596661f51b295519c6c,true
Pt111,formic_acid,pbe_d3,HCOOH_Pt111,,false,ok,NSW=0 complex; converged relaxed references; matching composition,-0.54327788,/pscratch/sd/j/jcho5/VASP/dft_jobs/HCOOH_Pt111/singlepoint/PBE_D3,0,/pscratch/sd/j/jcho5/VASP/completion_runs/matched_potential_slabs_20260915/slab/Pt111_c3286ec1f4/pbe_d3,/pscratch/sd/j/jcho5/VASP/vasp_mol/HCOOH/PBE_D3,-259.03364024,-228.59676698,-29.89359538,500,500,converged,b28a69aa3e3de178f9316a1bcb86074c02f54c06b091e596661f51b295519c6c,true
Pt111,methane,pbe,CH4_Pt111_top,top,false,ok,NSW=0 complex; converged relaxed references; matching composition,0.09014076,/pscratch/sd/j/jcho5/VASP/dft_jobs/CH4_Pt111_top/singlepoint/PBE,0,/pscratch/sd/j/jcho5/VASP/completion_runs/matched_potential_slabs_20260915/slab/Pt111_ac28ddddd3/pbe,/pscratch/sd/j/jcho5/VASP/vasp_mol/CH4/PBE,-232.6413858,-208.69592324,-24.03560332,500,500,converged,c882ca8d73ad2e33e4ea2fb738be702b482a15d77551667127edcf8327dd97c6,true
Pt111,methane,pbe_d3,CH4_Pt111_top,top,false,ok,NSW=0 complex; converged relaxed references; matching composition,-0.09487895,/pscratch/sd/j/jcho5/VASP/dft_jobs/CH4_Pt111_top/singlepoint/PBE_D3,0,/pscratch/sd/j/jcho5/VASP/completion_runs/matched_potential_slabs_20260915/slab/Pt111_c3286ec1f4/pbe_d3,/pscratch/sd/j/jcho5/VASP/vasp_mol/CH4/PBE_D3,-252.72928182,-228.59676698,-24.03763589,500,500,converged,c882ca8d73ad2e33e4ea2fb738be702b482a15d77551667127edcf8327dd97c6,true
Pt111,methanol,pbe,CH3OH_Pt111,,false,ok,NSW=0 complex; converged relaxed references; matching composition,-0.16966499,/pscratch/sd/j/jcho5/VASP/dft_jobs/CH3OH_Pt111/singlepoint/PBE,0,/pscratch/sd/j/jcho5/VASP/completion_runs/matched_potential_slabs_20260915/slab/Pt111_ac28ddddd3/pbe,/pscratch/sd/j/jcho5/VASP/vasp_mol/CH3OH/PBE,-239.07416058,-208.69592324,-30.20857235,500,500,converged,f9434083245dc5a81195d81475ccc8a51f914e2da94ed60dd732955848e84fe5,true
Pt111,methanol,pbe_d3,CH3OH_Pt111,,false,ok,NSW=0 complex; converged relaxed references; matching composition,-0.51215475,/pscratch/sd/j/jcho5/VASP/dft_jobs/CH3OH_Pt111/singlepoint/PBE_D3,0,/pscratch/sd/j/jcho5/VASP/completion_runs/matched_potential_slabs_20260915/slab/Pt111_c3286ec1f4/pbe_d3,/pscratch/sd/j/jcho5/VASP/vasp_mol/CH3OH/PBE_D3,-259.33254706,-228.59676698,-30.22362533,500,500,converged,f9434083245dc5a81195d81475ccc8a51f914e2da94ed60dd732955848e84fe5,true
Rh100,CH3,r2scan,CH3_Rh100,,false,ok,NSW=0 complex; converged relaxed references; matching composition,-1.84342015,/pscratch/sd/j/jcho5/VASP/dft_jobs/CH3_Rh100/singlepoint/r2scan,0,/pscratch/sd/j/jcho5/VASP/completion_runs/matched_potential_slabs_20260915/slab/Rh100_84c2195556/r2scan,/pscratch/sd/j/jcho5/VASP/vasp_mol/CH3/r2scan,-869.45195309,-848.37766508,-19.23086786,500,500,converged,9a53d6b969e84eb11181b14340652fb0e4bba5260e32fde0eda55277a4846a1d,true
Rh100,CO,r2scan,CO_Rh100,,false,ok,NSW=0 complex; converged relaxed references; matching composition,-2.13174779,/pscratch/sd/j/jcho5/VASP/dft_jobs/CO_Rh100/singlepoint/r2scan,0,/pscratch/sd/j/jcho5/VASP/completion_runs/matched_potential_slabs_20260915/slab/Rh100_84c2195556/r2scan,/pscratch/sd/j/jcho5/VASP/vasp_mol/CO/r2scan,-866.98948763,-848.37766508,-16.48007476,500,500,converged,3eeaa6d2abfec4fd3ac0a936f4050daa6688f315d38207ef6be57a52d907dcd7,true
Rh100,CO2,r2scan,CO2_Rh100,,false,ok,NSW=0 complex; converged relaxed references; matching composition,-0.07398348,/pscratch/sd/j/jcho5/VASP/dft_jobs/CO2_Rh100/singlepoint/r2scan,0,/pscratch/sd/j/jcho5/VASP/completion_runs/matched_potential_slabs_20260915/slab/Rh100_84c2195556/r2scan,/pscratch/sd/j/jcho5/VASP/vasp_mol/CO2/r2scan,-874.02064744,-848.37766508,-25.56899888,500,500,converged,63a43ab15587eedf32a7b921af05027b80c361e15d30b6c146bac70fd0ad403f,true
Rh100,DME,r2scan,CH3OCH3_Rh100,,false,ok,NSW=0 complex; converged relaxed references; matching composition,-0.47310716,/pscratch/sd/j/jcho5/VASP/dft_jobs/CH3OCH3_Rh100/singlepoint/r2scan,0,/pscratch/sd/j/jcho5/VASP/completion_runs/matched_potential_slabs_20260915/slab/Rh100_84c2195556/r2scan,/pscratch/sd/j/jcho5/VASP/vasp_mol/CH3OCH3/r2scan,-897.99136151,-848.37766508,-49.14058927,500,500,converged,455bd3866fa46e90bb3bdb6aee1d2498f14f09221f7e2891c77af4d213d4152c,true
Rh100,H2O,r2scan,H2O_Rh100,,false,ok,NSW=0 complex; converged relaxed references; matching composition,-0.43418307,/pscratch/sd/j/jcho5/VASP/dft_jobs/H2O_Rh100/singlepoint/r2scan,0,/pscratch/sd/j/jcho5/VASP/completion_runs/matched_potential_slabs_20260915/slab/Rh100_84c2195556/r2scan,/pscratch/sd/j/jcho5/VASP/vasp_mol/H2O/r2scan,-864.14426755,-848.37766508,-15.3324194,500,500,converged,9aae0c633ab9195bd24acedd081eb28599d074b827d79b7e7a0f15e36263410a,true
Rh100,H2S,beef_vdw,H2S_Rh100,,false,ok,NSW=0 complex; converged relaxed references; matching composition,-3.39810489,/pscratch/sd/j/jcho5/VASP/dft_jobs/H2S_Rh100/singlepoint/beef_vdw,0,/pscratch/sd/j/jcho5/VASP/completion_runs/matched_potential_slabs_20260915/slab/Rh100_b2891dc541/beef_vdw,/pscratch/sd/j/jcho5/VASP/vasp_mol/H2S/beef_vdw,-143.50571744,-130.4934363,-9.61417625,500,500,converged,e0523a1750c6f8451443f93498c2d752a3ea4c6b7f7425047efbe7969fa6a48f,true
Rh100,H2S,r2scan,H2S_Rh100,,false,ok,NSW=0 complex; converged relaxed references; matching composition,-3.96856618,/pscratch/sd/j/jcho5/VASP/dft_jobs/H2S_Rh100/singlepoint/r2scan,0,/pscratch/sd/j/jcho5/VASP/completion_runs/matched_potential_slabs_20260915/slab/Rh100_84c2195556/r2scan,/pscratch/sd/j/jcho5/VASP/vasp_mol/H2S/r2scan,-867.57238236,-848.37766508,-15.2261511,500,500,converged,e0523a1750c6f8451443f93498c2d752a3ea4c6b7f7425047efbe7969fa6a48f,true
Rh100,N2,r2scan,N2_Rh100,,false,ok,NSW=0 complex; converged relaxed references; matching composition,-0.74281825,/pscratch/sd/j/jcho5/VASP/dft_jobs/N2_Rh100/singlepoint/r2scan,0,/pscratch/sd/j/jcho5/VASP/completion_runs/matched_potential_slabs_20260915/slab/Rh100_84c2195556/r2scan,/pscratch/sd/j/jcho5/VASP/vasp_mol/N2/r2scan,-867.31467729,-848.37766508,-18.19419396,500,500,converged,013422ce8fa6ac4341f657510d062006b387a417d249b27fcf57540a153974f7,true
Rh100,NH3,r2scan,NH3_Rh100,,false,ok,NSW=0 complex; converged relaxed references; matching composition,-1.02571127,/pscratch/sd/j/jcho5/VASP/dft_jobs/NH3_Rh100/singlepoint/r2scan,0,/pscratch/sd/j/jcho5/VASP/completion_runs/matched_potential_slabs_20260915/slab/Rh100_84c2195556/r2scan,/pscratch/sd/j/jcho5/VASP/vasp_mol/NH3/r2scan,-869.92172369,-848.37766508,-20.51834734,500,500,converged,7dfd3eec9d9c2327f26c8514abebb2e66b0c3b08e7d3d40f409f81e0b68da1a2,true
Rh100,SO2,beef_vdw,SO2_Rh100,,false,ok,NSW=0 complex; converged relaxed references; matching composition,-2.04465979,/pscratch/sd/j/jcho5/VASP/dft_jobs/SO2_Rh100/singlepoint/beef_vdw,0,/pscratch/sd/j/jcho5/VASP/completion_runs/matched_potential_slabs_20260915/slab/Rh100_b2891dc541/beef_vdw,/pscratch/sd/j/jcho5/VASP/vasp_mol/SO2/beef_vdw,-144.20895615,-130.4934363,-11.67086006,500,500,converged,1e35c259ca070e7f23f9f7ab635764025091c7d1496d1467a7062dc1e2d63c28,true
Rh100,SO2,r2scan,SO2_Rh100,,false,ok,NSW=0 complex; converged relaxed references; matching composition,-2.42355146,/pscratch/sd/j/jcho5/VASP/dft_jobs/SO2_Rh100/singlepoint/r2scan,0,/pscratch/sd/j/jcho5/VASP/completion_runs/matched_potential_slabs_20260915/slab/Rh100_84c2195556/r2scan,/pscratch/sd/j/jcho5/VASP/vasp_mol/SO2/r2scan,-873.66178551,-848.37766508,-22.86056897,500,500,converged,1e35c259ca070e7f23f9f7ab635764025091c7d1496d1467a7062dc1e2d63c28,true
Rh100,acetaldehyde,beef_vdw,CH3CHO_Rh100,,false,ok,NSW=0 complex; converged relaxed references; matching composition,-0.54634171,/pscratch/sd/j/jcho5/VASP/dft_jobs/CH3CHO_Rh100/singlepoint/beef_vdw,0,/pscratch/sd/j/jcho5/VASP/completion_runs/matched_potential_slabs_20260915/slab/Rh100_b2891dc541/beef_vdw,/pscratch/sd/j/jcho5/VASP/vasp_mol/CH3CHO/beef_vdw,-165.91330476,-130.4934363,-34.87352675,500,500,converged,11c73c76ae338fea2d4d6e6de6e8b2c7300760eb7cb9f12f6b14b7b64c8cc193,true
Rh100,acetaldehyde,r2scan,CH3CHO_Rh100,,false,ok,NSW=0 complex; converged relaxed references; matching composition,-0.52416606,/pscratch/sd/j/jcho5/VASP/dft_jobs/CH3CHO_Rh100/singlepoint/r2scan,0,/pscratch/sd/j/jcho5/VASP/completion_runs/matched_potential_slabs_20260915/slab/Rh100_84c2195556/r2scan,/pscratch/sd/j/jcho5/VASP/vasp_mol/CH3CHO/r2scan,-890.57661211,-848.37766508,-41.67478097,500,500,converged,11c73c76ae338fea2d4d6e6de6e8b2c7300760eb7cb9f12f6b14b7b64c8cc193,true
Rh100,acetic_acid,r2scan,CH3COOH_Rh100,,false,ok,NSW=0 complex; converged relaxed references; matching composition,-0.7270115,/pscratch/sd/j/jcho5/VASP/dft_jobs/CH3COOH_Rh100/singlepoint/r2scan,0,/pscratch/sd/j/jcho5/VASP/completion_runs/matched_potential_slabs_20260915/slab/Rh100_84c2195556/r2scan,/pscratch/sd/j/jcho5/VASP/vasp_mol/CH3COOH/r2scan,-899.45517992,-848.37766508,-50.35050334,500,500,converged,b8695d85fdeae8f9facb74c4ab0bbe48452b089f0dce7c465dd3a8f6e3af3dde,true
Rh100,ethane,beef_vdw,C2H6_Rh100,,true,ok,NSW=0 complex; converged relaxed references; matching composition,-0.03922001,/pscratch/sd/j/jcho5/VASP/completion_runs/site_gapfill_20260914/spe/C2H6_Rh100/beef_vdw,0,/pscratch/sd/j/jcho5/VASP/completion_runs/matched_potential_slabs_20260915/slab/Rh100_b2891dc541/beef_vdw,/pscratch/sd/j/jcho5/VASP/vasp_mol/C2H6/beef_vdw,-168.76188695,-130.4934363,-38.22923064,500,500,converged,35a832e256ec4587216ed4df43465959f91b86bfd391a94b02cd5573bafeacef,true
Rh100,ethane,r2scan,C2H6_Rh100,,false,ok,NSW=0 complex; converged relaxed references; matching composition,-0.13775517,/pscratch/sd/j/jcho5/VASP/dft_jobs/C2H6_Rh100/singlepoint/r2scan,0,/pscratch/sd/j/jcho5/VASP/completion_runs/matched_potential_slabs_20260915/slab/Rh100_84c2195556/r2scan,/pscratch/sd/j/jcho5/VASP/vasp_mol/C2H6/r2scan,-890.77111608,-848.37766508,-42.25569583,500,500,converged,35a832e256ec4587216ed4df43465959f91b86bfd391a94b02cd5573bafeacef,true
Rh100,ethanol,beef_vdw,CH3CH2OH_Rh100,,false,ok,NSW=0 complex; converged relaxed references; matching composition,-0.57622546,/pscratch/sd/j/jcho5/VASP/dft_jobs/CH3CH2OH_Rh100/singlepoint/beef_vdw,0,/pscratch/sd/j/jcho5/VASP/completion_runs/matched_potential_slabs_20260915/slab/Rh100_b2891dc541/beef_vdw,/pscratch/sd/j/jcho5/VASP/vasp_mol/CH3CH2OH/beef_vdw,-173.81987724,-130.4934363,-42.75021548,500,500,converged,c6a2e5b8623d3b90809b05df41bef8e50b5aacdbe6c1e341a4d523fac9e3d83a,true
Rh100,ethanol,r2scan,CH3CH2OH_Rh100,,false,ok,NSW=0 complex; converged relaxed references; matching composition,-0.57878006,/pscratch/sd/j/jcho5/VASP/dft_jobs/CH3CH2OH_Rh100/singlepoint/r2scan,0,/pscratch/sd/j/jcho5/VASP/completion_runs/matched_potential_slabs_20260915/slab/Rh100_84c2195556/r2scan,/pscratch/sd/j/jcho5/VASP/vasp_mol/CH3CH2OH/r2scan,-898.59603772,-848.37766508,-49.63959258,500,500,converged,c6a2e5b8623d3b90809b05df41bef8e50b5aacdbe6c1e341a4d523fac9e3d83a,true
Rh100,ethene,beef_vdw,C2H4_Rh100,,false,ok,NSW=0 complex; converged relaxed references; matching composition,-0.95563732,/pscratch/sd/j/jcho5/VASP/dft_jobs/C2H4_Rh100/singlepoint/beef_vdw,0,/pscratch/sd/j/jcho5/VASP/completion_runs/matched_potential_slabs_20260915/slab/Rh100_b2891dc541/beef_vdw,/pscratch/sd/j/jcho5/VASP/vasp_mol/C2H4/beef_vdw,-161.03074008,-130.4934363,-29.58166646,500,500,converged,940e481b68c09b3ca3fae57fbbbfcd46d7f56a59d208c3a9d2fc60823c06776a,true
Rh100,ethene,r2scan,C2H4_Rh100,,false,ok,NSW=0 complex; converged relaxed references; matching composition,-1.19312135,/pscratch/sd/j/jcho5/VASP/dft_jobs/C2H4_Rh100/singlepoint/r2scan,0,/pscratch/sd/j/jcho5/VASP/completion_runs/matched_potential_slabs_20260915/slab/Rh100_84c2195556/r2scan,/pscratch/sd/j/jcho5/VASP/vasp_mol/C2H4/r2scan,-883.11934519,-848.37766508,-33.54855876,500,500,converged,940e481b68c09b3ca3fae57fbbbfcd46d7f56a59d208c3a9d2fc60823c06776a,true
Rh100,formaldehyde,beef_vdw,H2CO_Rh100,,false,ok,NSW=0 complex; converged relaxed references; matching composition,-0.95103751,/pscratch/sd/j/jcho5/VASP/dft_jobs/H2CO_Rh100/singlepoint/beef_vdw,0,/pscratch/sd/j/jcho5/VASP/completion_runs/matched_potential_slabs_20260915/slab/Rh100_b2891dc541/beef_vdw,/pscratch/sd/j/jcho5/VASP/vasp_mol/H2CO/beef_vdw,-150.5913664,-130.4934363,-19.14689259,500,500,converged,e4c7ad26f8857f102aba6e922da60ab254c20f83493f1f042109e96cbb646102,true
Rh100,formaldehyde,r2scan,H2CO_Rh100,,false,ok,NSW=0 complex; converged relaxed references; matching composition,-1.21025468,/pscratch/sd/j/jcho5/VASP/dft_jobs/H2CO_Rh100/singlepoint/r2scan,0,/pscratch/sd/j/jcho5/VASP/completion_runs/matched_potential_slabs_20260915/slab/Rh100_84c2195556/r2scan,/pscratch/sd/j/jcho5/VASP/vasp_mol/H2CO/r2scan,-873.45540621,-848.37766508,-23.86748645,500,500,converged,e4c7ad26f8857f102aba6e922da60ab254c20f83493f1f042109e96cbb646102,true
Rh100,formic_acid,beef_vdw,HCOOH_Rh100,,false,ok,NSW=0 complex; converged relaxed references; matching composition,-0.53647882,/pscratch/sd/j/jcho5/VASP/dft_jobs/HCOOH_Rh100/singlepoint/beef_vdw,0,/pscratch/sd/j/jcho5/VASP/completion_runs/matched_potential_slabs_20260915/slab/Rh100_b2891dc541/beef_vdw,/pscratch/sd/j/jcho5/VASP/vasp_mol/HCOOH/beef_vdw,-155.98216044,-130.4934363,-24.95224532,500,500,converged,8a596187ef03243380ce0ee1711a2d31763593a2356444ff5d5074a57562b881,true
Rh100,formic_acid,r2scan,HCOOH_Rh100,,false,ok,NSW=0 complex; converged relaxed references; matching composition,-0.63539991,/pscratch/sd/j/jcho5/VASP/dft_jobs/HCOOH_Rh100/singlepoint/r2scan,0,/pscratch/sd/j/jcho5/VASP/completion_runs/matched_potential_slabs_20260915/slab/Rh100_84c2195556/r2scan,/pscratch/sd/j/jcho5/VASP/vasp_mol/HCOOH/r2scan,-881.64696659,-848.37766508,-32.6339016,500,500,converged,8a596187ef03243380ce0ee1711a2d31763593a2356444ff5d5074a57562b881,true
Rh100,methane,r2scan,CH4_Rh100,,false,ok,NSW=0 complex; converged relaxed references; matching composition,-0.07946626,/pscratch/sd/j/jcho5/VASP/dft_jobs/CH4_Rh100/singlepoint/r2scan,0,/pscratch/sd/j/jcho5/VASP/completion_runs/matched_potential_slabs_20260915/slab/Rh100_84c2195556/r2scan,/pscratch/sd/j/jcho5/VASP/vasp_mol/CH4/r2scan,-873.44503451,-848.37766508,-24.98790317,500,500,converged,ec612747bfeb71e4fcb32ba7be1e8ef5faf72decba53c44e727c64d5c206a26b,true
Rh100,methanol,beef_vdw,CH3OH_Rh100,,false,ok,NSW=0 complex; converged relaxed references; matching composition,-0.56534902,/pscratch/sd/j/jcho5/VASP/dft_jobs/CH3OH_Rh100/singlepoint/beef_vdw,0,/pscratch/sd/j/jcho5/VASP/completion_runs/matched_potential_slabs_20260915/slab/Rh100_b2891dc541/beef_vdw,/pscratch/sd/j/jcho5/VASP/vasp_mol/CH3OH/beef_vdw,-158.35283167,-130.4934363,-27.29404635,500,500,converged,9812607f108fb4e8fa38db46b9760cd64c987641d555a43082af5bbbe0dbe402,true
Rh100,methanol,r2scan,CH3OH_Rh100,,false,ok,NSW=0 complex; converged relaxed references; matching composition,-0.53307634,/pscratch/sd/j/jcho5/VASP/dft_jobs/CH3OH_Rh100/singlepoint/r2scan,0,/pscratch/sd/j/jcho5/VASP/completion_runs/matched_potential_slabs_20260915/slab/Rh100_84c2195556/r2scan,/pscratch/sd/j/jcho5/VASP/vasp_mol/CH3OH/r2scan,-881.04726996,-848.37766508,-32.13652854,500,500,converged,9812607f108fb4e8fa38db46b9760cd64c987641d555a43082af5bbbe0dbe402,true
Rh110,CH3,beef_vdw,CH3_Rh110,,false,ok,NSW=0 complex; converged relaxed references; matching composition,-1.99562194,/pscratch/sd/j/jcho5/VASP/dft_jobs/CH3_Rh110/singlepoint/beef_vdw,0,/pscratch/sd/j/jcho5/VASP/completion_runs/matched_potential_slabs_20260915/slab/Rh110_a6be9fa2b9/beef_vdw,/pscratch/sd/j/jcho5/VASP/vasp_mol/CH3/beef_vdw,-97.80569788,-78.69248876,-17.11758718,500,500,converged,ee3bca89bdd2d2672819f7a5a39f9a22d7d45c51dbf4a17d8f87b3e4a01963f2,true
Rh110,CH3,r2scan,CH3_Rh110,,false,ok,NSW=0 complex; converged relaxed references; matching composition,-1.79221586,/pscratch/sd/j/jcho5/VASP/dft_jobs/CH3_Rh110/singlepoint/r2scan,0,/pscratch/sd/j/jcho5/VASP/completion_runs/matched_potential_slabs_20260915/slab/Rh110_43367cbc6c/r2scan,/pscratch/sd/j/jcho5/VASP/vasp_mol/CH3/r2scan,-579.35207428,-558.32899056,-19.23086786,500,500,converged,ee3bca89bdd2d2672819f7a5a39f9a22d7d45c51dbf4a17d8f87b3e4a01963f2,true
Rh110,CO,beef_vdw,CO_Rh110,,false,ok,NSW=0 complex; converged relaxed references; matching composition,-1.81280711,/pscratch/sd/j/jcho5/VASP/dft_jobs/CO_Rh110/singlepoint/beef_vdw,0,/pscratch/sd/j/jcho5/VASP/completion_runs/matched_potential_slabs_20260915/slab/Rh110_a6be9fa2b9/beef_vdw,/pscratch/sd/j/jcho5/VASP/vasp_mol/CO/beef_vdw,-92.23847218,-78.69248876,-11.73317631,500,500,converged,7ad18b9558f0cafc8710a6f1ee8265c014a33d0bc614275ccd5883ee15b31555,true
Rh110,CO,r2scan,CO_Rh110,,false,ok,NSW=0 complex; converged relaxed references; matching composition,-1.77094049,/pscratch/sd/j/jcho5/VASP/dft_jobs/CO_Rh110/singlepoint/r2scan,0,/pscratch/sd/j/jcho5/VASP/completion_runs/matched_potential_slabs_20260915/slab/Rh110_43367cbc6c/r2scan,/pscratch/sd/j/jcho5/VASP/vasp_mol/CO/r2scan,-576.58000581,-558.32899056,-16.48007476,500,500,converged,7ad18b9558f0cafc8710a6f1ee8265c014a33d0bc614275ccd5883ee15b31555,true
Rh110,CO2,beef_vdw,CO2_Rh110,,false,ok,NSW=0 complex; converged relaxed references; matching composition,-0.15012079,/pscratch/sd/j/jcho5/VASP/dft_jobs/CO2_Rh110/singlepoint/beef_vdw,0,/pscratch/sd/j/jcho5/VASP/completion_runs/matched_potential_slabs_20260915/slab/Rh110_a6be9fa2b9/beef_vdw,/pscratch/sd/j/jcho5/VASP/vasp_mol/CO2/beef_vdw,-96.76323437,-78.69248876,-17.92062482,500,500,converged,fa512abc0f4ae6ce0949cbc7bc7e5a6d3edd90a8b567d45e57c53c2e14a2a3ee,true
Rh110,CO2,r2scan,CO2_Rh110,,false,ok,NSW=0 complex; converged relaxed references; matching composition,0.01829732,/pscratch/sd/j/jcho5/VASP/dft_jobs/CO2_Rh110/singlepoint/r2scan,0,/pscratch/sd/j/jcho5/VASP/completion_runs/matched_potential_slabs_20260915/slab/Rh110_43367cbc6c/r2scan,/pscratch/sd/j/jcho5/VASP/vasp_mol/CO2/r2scan,-583.87969212,-558.32899056,-25.56899888,500,500,converged,fa512abc0f4ae6ce0949cbc7bc7e5a6d3edd90a8b567d45e57c53c2e14a2a3ee,true
Rh110,DME,beef_vdw,CH3OCH3_Rh110,,false,ok,NSW=0 complex; converged relaxed references; matching composition,-0.66415433,/pscratch/sd/j/jcho5/VASP/dft_jobs/CH3OCH3_Rh110/singlepoint/beef_vdw,0,/pscratch/sd/j/jcho5/VASP/completion_runs/matched_potential_slabs_20260915/slab/Rh110_a6be9fa2b9/beef_vdw,/pscratch/sd/j/jcho5/VASP/vasp_mol/CH3OCH3/beef_vdw,-121.64977238,-78.69248876,-42.29312929,500,500,converged,75d71d2756f3a13d581e7b8e3242d6eb7a344031fce6e22b6c1f3295752bb7ab,true
Rh110,DME,r2scan,CH3OCH3_Rh110,,false,ok,NSW=0 complex; converged relaxed references; matching composition,-0.45040694,/pscratch/sd/j/jcho5/VASP/dft_jobs/CH3OCH3_Rh110/singlepoint/r2scan,0,/pscratch/sd/j/jcho5/VASP/completion_runs/matched_potential_slabs_20260915/slab/Rh110_43367cbc6c/r2scan,/pscratch/sd/j/jcho5/VASP/vasp_mol/CH3OCH3/r2scan,-607.91998677,-558.32899056,-49.14058927,500,500,converged,75d71d2756f3a13d581e7b8e3242d6eb7a344031fce6e22b6c1f3295752bb7ab,true
Rh110,H2O,beef_vdw,H2O_Rh110,,false,ok,NSW=0 complex; converged relaxed references; matching composition,-0.43969456,/pscratch/sd/j/jcho5/VASP/dft_jobs/H2O_Rh110/singlepoint/beef_vdw,0,/pscratch/sd/j/jcho5/VASP/completion_runs/matched_potential_slabs_20260915/slab/Rh110_a6be9fa2b9/beef_vdw,/pscratch/sd/j/jcho5/VASP/vasp_mol/H2O/beef_vdw,-91.63550013,-78.69248876,-12.50331681,500,500,converged,cf10f87d6194878cb1c50dec447c54381b596ba6f42edafecdfbae6bd5c58f4a,true
Rh110,H2O,r2scan,H2O_Rh110,,false,ok,NSW=0 complex; converged relaxed references; matching composition,-0.39315044,/pscratch/sd/j/jcho5/VASP/dft_jobs/H2O_Rh110/singlepoint/r2scan,0,/pscratch/sd/j/jcho5/VASP/completion_runs/matched_potential_slabs_20260915/slab/Rh110_43367cbc6c/r2scan,/pscratch/sd/j/jcho5/VASP/vasp_mol/H2O/r2scan,-574.0545604,-558.32899056,-15.3324194,500,500,converged,cf10f87d6194878cb1c50dec447c54381b596ba6f42edafecdfbae6bd5c58f4a,true
Rh110,H2S,beef_vdw,H2S_Rh110,,false,ok,NSW=0 complex; converged relaxed references; matching composition,-1.82017559,/pscratch/sd/j/jcho5/VASP/dft_jobs/H2S_Rh110/singlepoint/beef_vdw,0,/pscratch/sd/j/jcho5/VASP/completion_runs/matched_potential_slabs_20260915/slab/Rh110_a6be9fa2b9/beef_vdw,/pscratch/sd/j/jcho5/VASP/vasp_mol/H2S/beef_vdw,-90.1268406,-78.69248876,-9.61417625,500,500,converged,f2bc7d5c5b80e0ed950e6aac52c912e6ccb7e8acdc2b9eb41bf0a912ea29c3c8,true
Rh110,H2S,r2scan,H2S_Rh110,,false,ok,NSW=0 complex; converged relaxed references; matching composition,-1.66470814,/pscratch/sd/j/jcho5/VASP/dft_jobs/H2S_Rh110/singlepoint/r2scan,0,/pscratch/sd/j/jcho5/VASP/completion_runs/matched_potential_slabs_20260915/slab/Rh110_43367cbc6c/r2scan,/pscratch/sd/j/jcho5/VASP/vasp_mol/H2S/r2scan,-575.2198498,-558.32899056,-15.2261511,500,500,converged,f2bc7d5c5b80e0ed950e6aac52c912e6ccb7e8acdc2b9eb41bf0a912ea29c3c8,true
Rh110,N2,beef_vdw,N2_Rh110,,false,ok,NSW=0 complex; converged relaxed references; matching composition,-0.72923055,/pscratch/sd/j/jcho5/VASP/dft_jobs/N2_Rh110/singlepoint/beef_vdw,0,/pscratch/sd/j/jcho5/VASP/completion_runs/matched_potential_slabs_20260915/slab/Rh110_a6be9fa2b9/beef_vdw,/pscratch/sd/j/jcho5/VASP/vasp_mol/N2/beef_vdw,-92.98504676,-78.69248876,-13.56332745,500,500,converged,9ccda3cc414a05a69562669070d57ae9ebac06031df4a0a7decc02ed24665f63,true
Rh110,N2,r2scan,N2_Rh110,,false,ok,NSW=0 complex; converged relaxed references; matching composition,-0.63973811,/pscratch/sd/j/jcho5/VASP/dft_jobs/N2_Rh110/singlepoint/r2scan,0,/pscratch/sd/j/jcho5/VASP/completion_runs/matched_potential_slabs_20260915/slab/Rh110_43367cbc6c/r2scan,/pscratch/sd/j/jcho5/VASP/vasp_mol/N2/r2scan,-577.16292263,-558.32899056,-18.19419396,500,500,converged,9ccda3cc414a05a69562669070d57ae9ebac06031df4a0a7decc02ed24665f63,true
Rh110,NH3,beef_vdw,NH3_Rh110,,false,ok,NSW=0 complex; converged relaxed references; matching composition,-0.91728893,/pscratch/sd/j/jcho5/VASP/dft_jobs/NH3_Rh110/singlepoint/beef_vdw,0,/pscratch/sd/j/jcho5/VASP/completion_runs/matched_potential_slabs_20260915/slab/Rh110_a6be9fa2b9/beef_vdw,/pscratch/sd/j/jcho5/VASP/vasp_mol/NH3/beef_vdw,-97.74725511,-78.69248876,-18.13747742,500,500,converged,241088a0898456937b89f6830b4a72ff8ab697209631f7edfc2d99de8ee53c21,true
Rh110,NH3,r2scan,NH3_Rh110,,false,ok,NSW=0 complex; converged relaxed references; matching composition,-0.84172531,/pscratch/sd/j/jcho5/VASP/dft_jobs/NH3_Rh110/singlepoint/r2scan,0,/pscratch/sd/j/jcho5/VASP/completion_runs/matched_potential_slabs_20260915/slab/Rh110_43367cbc6c/r2scan,/pscratch/sd/j/jcho5/VASP/vasp_mol/NH3/r2scan,-579.68906321,-558.32899056,-20.51834734,500,500,converged,241088a0898456937b89f6830b4a72ff8ab697209631f7edfc2d99de8ee53c21,true
Rh110,SO2,beef_vdw,SO2_Rh110,,false,ok,NSW=0 complex; converged relaxed references; matching composition,-2.10561578,/pscratch/sd/j/jcho5/VASP/dft_jobs/SO2_Rh110/singlepoint/beef_vdw,0,/pscratch/sd/j/jcho5/VASP/completion_runs/matched_potential_slabs_20260915/slab/Rh110_a6be9fa2b9/beef_vdw,/pscratch/sd/j/jcho5/VASP/vasp_mol/SO2/beef_vdw,-92.4689646,-78.69248876,-11.67086006,500,500,converged,cdf1d3b21f3a3365b7ee8d812cb4ed2b0fcc8366e796d3d6284a13be88c03269,true
Rh110,SO2,r2scan,SO2_Rh110,,false,ok,NSW=0 complex; converged relaxed references; matching composition,-2.11789387,/pscratch/sd/j/jcho5/VASP/dft_jobs/SO2_Rh110/singlepoint/r2scan,0,/pscratch/sd/j/jcho5/VASP/completion_runs/matched_potential_slabs_20260915/slab/Rh110_43367cbc6c/r2scan,/pscratch/sd/j/jcho5/VASP/vasp_mol/SO2/r2scan,-583.3074534,-558.32899056,-22.86056897,500,500,converged,cdf1d3b21f3a3365b7ee8d812cb4ed2b0fcc8366e796d3d6284a13be88c03269,true
Rh110,acetaldehyde,beef_vdw,CH3CHO_Rh110,,false,ok,NSW=0 complex; converged relaxed references; matching composition,-1.1271323,/pscratch/sd/j/jcho5/VASP/dft_jobs/CH3CHO_Rh110/singlepoint/beef_vdw,0,/pscratch/sd/j/jcho5/VASP/completion_runs/matched_potential_slabs_20260915/slab/Rh110_a6be9fa2b9/beef_vdw,/pscratch/sd/j/jcho5/VASP/vasp_mol/CH3CHO/beef_vdw,-114.69314781,-78.69248876,-34.87352675,500,500,converged,266274ae34dea4dab00f377b48c92a6617cde715adfe1e6bbfc65e9c03c8a6ea,true
Rh110,acetaldehyde,r2scan,CH3CHO_Rh110,,false,ok,NSW=0 complex; converged relaxed references; matching composition,-1.07589573,/pscratch/sd/j/jcho5/VASP/dft_jobs/CH3CHO_Rh110/singlepoint/r2scan,0,/pscratch/sd/j/jcho5/VASP/completion_runs/matched_potential_slabs_20260915/slab/Rh110_43367cbc6c/r2scan,/pscratch/sd/j/jcho5/VASP/vasp_mol/CH3CHO/r2scan,-601.07966726,-558.32899056,-41.67478097,500,500,converged,266274ae34dea4dab00f377b48c92a6617cde715adfe1e6bbfc65e9c03c8a6ea,true
Rh110,acetic_acid,beef_vdw,CH3COOH_Rh110,,false,ok,NSW=0 complex; converged relaxed references; matching composition,-0.82748905,/pscratch/sd/j/jcho5/VASP/dft_jobs/CH3COOH_Rh110/singlepoint/beef_vdw,0,/pscratch/sd/j/jcho5/VASP/completion_runs/matched_potential_slabs_20260915/slab/Rh110_a6be9fa2b9/beef_vdw,/pscratch/sd/j/jcho5/VASP/vasp_mol/CH3COOH/beef_vdw,-120.09831491,-78.69248876,-40.5783371,500,500,converged,0a79ea0d33d46074d9919fbe73392c9f860ec16d450d0d966a4169b46cd2e222,true
Rh110,acetic_acid,r2scan,CH3COOH_Rh110,,false,ok,NSW=0 complex; converged relaxed references; matching composition,-0.68093485,/pscratch/sd/j/jcho5/VASP/dft_jobs/CH3COOH_Rh110/singlepoint/r2scan,0,/pscratch/sd/j/jcho5/VASP/completion_runs/matched_potential_slabs_20260915/slab/Rh110_43367cbc6c/r2scan,/pscratch/sd/j/jcho5/VASP/vasp_mol/CH3COOH/r2scan,-609.36042875,-558.32899056,-50.35050334,500,500,converged,0a79ea0d33d46074d9919fbe73392c9f860ec16d450d0d966a4169b46cd2e222,true
Rh110,ethane,beef_vdw,C2H6_Rh110,,false,ok,NSW=0 complex; converged relaxed references; matching composition,-0.24286724,/pscratch/sd/j/jcho5/VASP/dft_jobs/C2H6_Rh110/singlepoint/beef_vdw,0,/pscratch/sd/j/jcho5/VASP/completion_runs/matched_potential_slabs_20260915/slab/Rh110_a6be9fa2b9/beef_vdw,/pscratch/sd/j/jcho5/VASP/vasp_mol/C2H6/beef_vdw,-117.16458664,-78.69248876,-38.22923064,500,500,converged,54f985564c1c649d0b8db6fb4cd3064a80a1a21142e774c0b19e96a3500f2a7d,true
Rh110,ethane,r2scan,C2H6_Rh110,,false,ok,NSW=0 complex; converged relaxed references; matching composition,-0.0547575,/pscratch/sd/j/jcho5/VASP/dft_jobs/C2H6_Rh110/singlepoint/r2scan,0,/pscratch/sd/j/jcho5/VASP/completion_runs/matched_potential_slabs_20260915/slab/Rh110_43367cbc6c/r2scan,/pscratch/sd/j/jcho5/VASP/vasp_mol/C2H6/r2scan,-600.63944389,-558.32899056,-42.25569583,500,500,converged,54f985564c1c649d0b8db6fb4cd3064a80a1a21142e774c0b19e96a3500f2a7d,true
Rh110,ethanol,beef_vdw,CH3CH2OH_Rh110,,false,ok,NSW=0 complex; converged relaxed references; matching composition,-0.7676475,/pscratch/sd/j/jcho5/VASP/dft_jobs/CH3CH2OH_Rh110/singlepoint/beef_vdw,0,/pscratch/sd/j/jcho5/VASP/completion_runs/matched_potential_slabs_20260915/slab/Rh110_a6be9fa2b9/beef_vdw,/pscratch/sd/j/jcho5/VASP/vasp_mol/CH3CH2OH/beef_vdw,-122.21035174,-78.69248876,-42.75021548,500,500,converged,97768c184fdc91a733b2bfc2eccef70d1202f7f96267f7180a5bc00a87e4e36c,true
Rh110,ethanol,r2scan,CH3CH2OH_Rh110,,false,ok,NSW=0 complex; converged relaxed references; matching composition,-0.55012771,/pscratch/sd/j/jcho5/VASP/dft_jobs/CH3CH2OH_Rh110/singlepoint/r2scan,0,/pscratch/sd/j/jcho5/VASP/completion_runs/matched_potential_slabs_20260915/slab/Rh110_43367cbc6c/r2scan,/pscratch/sd/j/jcho5/VASP/vasp_mol/CH3CH2OH/r2scan,-608.51871085,-558.32899056,-49.63959258,500,500,converged,97768c184fdc91a733b2bfc2eccef70d1202f7f96267f7180a5bc00a87e4e36c,true
Rh110,ethene,beef_vdw,C2H4_Rh110,,false,ok,NSW=0 complex; converged relaxed references; matching composition,-1.25921719,/pscratch/sd/j/jcho5/VASP/dft_jobs/C2H4_Rh110/singlepoint/beef_vdw,0,/pscratch/sd/j/jcho5/VASP/completion_runs/matched_potential_slabs_20260915/slab/Rh110_a6be9fa2b9/beef_vdw,/pscratch/sd/j/jcho5/VASP/vasp_mol/C2H4/beef_vdw,-109.53337241,-78.69248876,-29.58166646,500,500,converged,054e7122cf902dd5ab9bf19c59daf9915f625c5a9378814864cde55bd0deec81,true
Rh110,ethene,r2scan,C2H4_Rh110,,false,ok,NSW=0 complex; converged relaxed references; matching composition,-1.19222459,/pscratch/sd/j/jcho5/VASP/dft_jobs/C2H4_Rh110/singlepoint/r2scan,0,/pscratch/sd/j/jcho5/VASP/completion_runs/matched_potential_slabs_20260915/slab/Rh110_43367cbc6c/r2scan,/pscratch/sd/j/jcho5/VASP/vasp_mol/C2H4/r2scan,-593.06977391,-558.32899056,-33.54855876,500,500,converged,054e7122cf902dd5ab9bf19c59daf9915f625c5a9378814864cde55bd0deec81,true
Rh110,formaldehyde,beef_vdw,H2CO_Rh110,,false,ok,NSW=0 complex; converged relaxed references; matching composition,-1.40083367,/pscratch/sd/j/jcho5/VASP/dft_jobs/H2CO_Rh110/singlepoint/beef_vdw,0,/pscratch/sd/j/jcho5/VASP/completion_runs/matched_potential_slabs_20260915/slab/Rh110_a6be9fa2b9/beef_vdw,/pscratch/sd/j/jcho5/VASP/vasp_mol/H2CO/beef_vdw,-99.24021502,-78.69248876,-19.14689259,500,500,converged,7afb0364cee09e0e462884b02e49d2ad13258bafe0dc397730697d5311de862b,true
Rh110,formaldehyde,r2scan,H2CO_Rh110,,false,ok,NSW=0 complex; converged relaxed references; matching composition,-1.5348312,/pscratch/sd/j/jcho5/VASP/dft_jobs/H2CO_Rh110/singlepoint/r2scan,0,/pscratch/sd/j/jcho5/VASP/completion_runs/matched_potential_slabs_20260915/slab/Rh110_43367cbc6c/r2scan,/pscratch/sd/j/jcho5/VASP/vasp_mol/H2CO/r2scan,-583.73130821,-558.32899056,-23.86748645,500,500,converged,7afb0364cee09e0e462884b02e49d2ad13258bafe0dc397730697d5311de862b,true
Rh110,formic_acid,beef_vdw,HCOOH_Rh110,,false,ok,NSW=0 complex; converged relaxed references; matching composition,-0.59230618,/pscratch/sd/j/jcho5/VASP/dft_jobs/HCOOH_Rh110/singlepoint/beef_vdw,0,/pscratch/sd/j/jcho5/VASP/completion_runs/matched_potential_slabs_20260915/slab/Rh110_a6be9fa2b9/beef_vdw,/pscratch/sd/j/jcho5/VASP/vasp_mol/HCOOH/beef_vdw,-104.23704026,-78.69248876,-24.95224532,500,500,converged,957f20ea3e14ac595ac4e8ed19bfc80e8d44b77f4e50c5e80322cf51484e0f25,true
Rh110,formic_acid,r2scan,HCOOH_Rh110,,false,ok,NSW=0 complex; converged relaxed references; matching composition,-0.48679308,/pscratch/sd/j/jcho5/VASP/dft_jobs/HCOOH_Rh110/singlepoint/r2scan,0,/pscratch/sd/j/jcho5/VASP/completion_runs/matched_potential_slabs_20260915/slab/Rh110_43367cbc6c/r2scan,/pscratch/sd/j/jcho5/VASP/vasp_mol/HCOOH/r2scan,-591.44968524,-558.32899056,-32.6339016,500,500,converged,957f20ea3e14ac595ac4e8ed19bfc80e8d44b77f4e50c5e80322cf51484e0f25,true
Rh110,methane,beef_vdw,CH4_Rh110,,false,ok,NSW=0 complex; converged relaxed references; matching composition,-0.09359845,/pscratch/sd/j/jcho5/VASP/dft_jobs/CH4_Rh110/singlepoint/beef_vdw,0,/pscratch/sd/j/jcho5/VASP/completion_runs/matched_potential_slabs_20260915/slab/Rh110_a6be9fa2b9/beef_vdw,/pscratch/sd/j/jcho5/VASP/vasp_mol/CH4/beef_vdw,-101.77182322,-78.69248876,-22.98573601,500,500,converged,2567539af9a03e1af2c76d34590fd61d2df07ce9302fb2394c3807d554a35743,true
Rh110,methane,r2scan,CH4_Rh110,,false,ok,NSW=0 complex; converged relaxed references; matching composition,0.00825089,/pscratch/sd/j/jcho5/VASP/dft_jobs/CH4_Rh110/singlepoint/r2scan,0,/pscratch/sd/j/jcho5/VASP/completion_runs/matched_potential_slabs_20260915/slab/Rh110_43367cbc6c/r2scan,/pscratch/sd/j/jcho5/VASP/vasp_mol/CH4/r2scan,-583.30864284,-558.32899056,-24.98790317,500,500,converged,2567539af9a03e1af2c76d34590fd61d2df07ce9302fb2394c3807d554a35743,true
Rh110,methanol,beef_vdw,CH3OH_Rh110,,false,ok,NSW=0 complex; converged relaxed references; matching composition,-0.63022777,/pscratch/sd/j/jcho5/VASP/dft_jobs/CH3OH_Rh110/singlepoint/beef_vdw,0,/pscratch/sd/j/jcho5/VASP/completion_runs/matched_potential_slabs_20260915/slab/Rh110_a6be9fa2b9/beef_vdw,/pscratch/sd/j/jcho5/VASP/vasp_mol/CH3OH/beef_vdw,-106.61676288,-78.69248876,-27.29404635,500,500,converged,26e8f00513466521a0cbe8c70fe5279ff815dd1ed53c28106ab72a5b646f9a60,true
Rh110,methanol,r2scan,CH3OH_Rh110,,false,ok,NSW=0 complex; converged relaxed references; matching composition,-0.48940749,/pscratch/sd/j/jcho5/VASP/dft_jobs/CH3OH_Rh110/singlepoint/r2scan,0,/pscratch/sd/j/jcho5/VASP/completion_runs/matched_potential_slabs_20260915/slab/Rh110_43367cbc6c/r2scan,/pscratch/sd/j/jcho5/VASP/vasp_mol/CH3OH/r2scan,-590.95492659,-558.32899056,-32.13652854,500,500,converged,26e8f00513466521a0cbe8c70fe5279ff815dd1ed53c28106ab72a5b646f9a60,true
Rh111,CH3,beef_vdw,CH3_Rh111,,false,ok,NSW=0 complex; converged relaxed references; matching composition,-1.80012423,/pscratch/sd/j/jcho5/VASP/dft_jobs/CH3_Rh111/singlepoint/beef_vdw,0,/pscratch/sd/j/jcho5/VASP/completion_runs/matched_potential_slabs_20260915/slab/Rh111_f89b45c425/beef_vdw,/pscratch/sd/j/jcho5/VASP/vasp_mol/CH3/beef_vdw,-258.60251191,-239.6848005,-17.11758718,500,500,converged,2468335192540204d11b9a3b1e30687a5dfb3d116637b09ee3cb4e4b65666620,true
Rh111,CO,beef_vdw,CO_Rh111,,false,ok,NSW=0 complex; converged relaxed references; matching composition,-1.8474971,/pscratch/sd/j/jcho5/VASP/dft_jobs/CO_Rh111/singlepoint/beef_vdw,0,/pscratch/sd/j/jcho5/VASP/completion_runs/matched_potential_slabs_20260915/slab/Rh111_f89b45c425/beef_vdw,/pscratch/sd/j/jcho5/VASP/vasp_mol/CO/beef_vdw,-253.26547391,-239.6848005,-11.73317631,500,500,converged,d4a8b3cf06f9433d956fc1322d8499e3a4fe87da37419c445bd1440c7be73b8f,true
Rh111,CO2,beef_vdw,CO2_Rh111,,false,ok,NSW=0 complex; converged relaxed references; matching composition,-0.19626186,/pscratch/sd/j/jcho5/VASP/dft_jobs/CO2_Rh111/singlepoint/beef_vdw,0,/pscratch/sd/j/jcho5/VASP/completion_runs/matched_potential_slabs_20260915/slab/Rh111_f89b45c425/beef_vdw,/pscratch/sd/j/jcho5/VASP/vasp_mol/CO2/beef_vdw,-257.80168718,-239.6848005,-17.92062482,500,500,converged,a40cb7d91aee7eae4144335f2f19e1d35d3ddcaaa27527aae02e68677f7c250d,true
Rh111,DME,beef_vdw,CH3OCH3_Rh111,,false,ok,NSW=0 complex; converged relaxed references; matching composition,-0.58359626,/pscratch/sd/j/jcho5/VASP/dft_jobs/CH3OCH3_Rh111/singlepoint/beef_vdw,0,/pscratch/sd/j/jcho5/VASP/completion_runs/matched_potential_slabs_20260915/slab/Rh111_f89b45c425/beef_vdw,/pscratch/sd/j/jcho5/VASP/vasp_mol/CH3OCH3/beef_vdw,-282.56152605,-239.6848005,-42.29312929,500,500,converged,7ec8c752ea72b276b947a16472bc4ffc3c4133187b15a7bb125e9a8a55979feb,true
Rh111,H2O,beef_vdw,H2O_Rh111,,false,ok,NSW=0 complex; converged relaxed references; matching composition,-0.36343999,/pscratch/sd/j/jcho5/VASP/dft_jobs/H2O_Rh111/singlepoint/beef_vdw,0,/pscratch/sd/j/jcho5/VASP/completion_runs/matched_potential_slabs_20260915/slab/Rh111_f89b45c425/beef_vdw,/pscratch/sd/j/jcho5/VASP/vasp_mol/H2O/beef_vdw,-252.5515573,-239.6848005,-12.50331681,500,500,converged,19ad4cdef7a03e99dbf8ec46e07a6d5f3d34c4a337f8c5f126bdc2e33e034869,true
Rh111,H2S,beef_vdw,H2S_Rh111,,false,ok,NSW=0 complex; converged relaxed references; matching composition,-0.83486675,/pscratch/sd/j/jcho5/VASP/dft_jobs/H2S_Rh111/singlepoint/beef_vdw,0,/pscratch/sd/j/jcho5/VASP/completion_runs/matched_potential_slabs_20260915/slab/Rh111_f89b45c425/beef_vdw,/pscratch/sd/j/jcho5/VASP/vasp_mol/H2S/beef_vdw,-250.1338435,-239.6848005,-9.61417625,500,500,converged,62bcdbce22b93aaffcbf97f26414f69642adc7820d2ca8fe35bfdb493a965e93,true
Rh111,N2,beef_vdw,N2_Rh111,,false,ok,NSW=0 complex; converged relaxed references; matching composition,-0.50200578,/pscratch/sd/j/jcho5/VASP/dft_jobs/N2_Rh111/singlepoint/beef_vdw,0,/pscratch/sd/j/jcho5/VASP/completion_runs/matched_potential_slabs_20260915/slab/Rh111_f89b45c425/beef_vdw,/pscratch/sd/j/jcho5/VASP/vasp_mol/N2/beef_vdw,-253.75013373,-239.6848005,-13.56332745,500,500,converged,d34d1fc26f795a0fcb18f0c7ed77417b35efd1d4b9fb979d4bbe5217c7e3df50,true
Rh111,NH3,beef_vdw,NH3_Rh111,,false,ok,NSW=0 complex; converged relaxed references; matching composition,-0.93164242,/pscratch/sd/j/jcho5/VASP/dft_jobs/NH3_Rh111/singlepoint/beef_vdw,0,/pscratch/sd/j/jcho5/VASP/completion_runs/matched_potential_slabs_20260915/slab/Rh111_f89b45c425/beef_vdw,/pscratch/sd/j/jcho5/VASP/vasp_mol/NH3/beef_vdw,-258.75392034,-239.6848005,-18.13747742,500,500,converged,30c6c8af0e33fec0835f8cf04209631d765daba2f14d0303b2a997d709bd5238,true
Rh111,SO2,beef_vdw,SO2_Rh111,,false,ok,NSW=0 complex; converged relaxed references; matching composition,-1.59808123,/pscratch/sd/j/jcho5/VASP/dft_jobs/SO2_Rh111/singlepoint/beef_vdw,0,/pscratch/sd/j/jcho5/VASP/completion_runs/matched_potential_slabs_20260915/slab/Rh111_f89b45c425/beef_vdw,/pscratch/sd/j/jcho5/VASP/vasp_mol/SO2/beef_vdw,-252.95374179,-239.6848005,-11.67086006,500,500,converged,4f6170e78be0d0b39b2d5145ed0e2419ebfcf52800503bcacbd628c74b545b73,true
Rh111,acetaldehyde,beef_vdw,CH3CHO_Rh111,,false,ok,NSW=0 complex; converged relaxed references; matching composition,-0.52138302,/pscratch/sd/j/jcho5/VASP/dft_jobs/CH3CHO_Rh111/singlepoint/beef_vdw,0,/pscratch/sd/j/jcho5/VASP/completion_runs/matched_potential_slabs_20260915/slab/Rh111_f89b45c425/beef_vdw,/pscratch/sd/j/jcho5/VASP/vasp_mol/CH3CHO/beef_vdw,-275.07971027,-239.6848005,-34.87352675,500,500,converged,ab1fa00b9c700ec311e51ab2ed1e87ca9a1bde27ee5fef2e9a72f00d69d23294,true
Rh111,acetic_acid,beef_vdw,CH3COOH_Rh111,,false,ok,NSW=0 complex; converged relaxed references; matching composition,-0.65809054,/pscratch/sd/j/jcho5/VASP/dft_jobs/CH3COOH_Rh111/singlepoint/beef_vdw,0,/pscratch/sd/j/jcho5/VASP/completion_runs/matched_potential_slabs_20260915/slab/Rh111_f89b45c425/beef_vdw,/pscratch/sd/j/jcho5/VASP/vasp_mol/CH3COOH/beef_vdw,-280.92122814,-239.6848005,-40.5783371,500,500,converged,73bb26bd9111d56ed046a16432cfff92118a0698119ef5b1a2ecc4d8cfe6e6a0,true
Rh111,ethane,beef_vdw,C2H6_Rh111,,false,ok,NSW=0 complex; converged relaxed references; matching composition,-0.20219746,/pscratch/sd/j/jcho5/VASP/dft_jobs/C2H6_Rh111/singlepoint/beef_vdw,0,/pscratch/sd/j/jcho5/VASP/completion_runs/matched_potential_slabs_20260915/slab/Rh111_f89b45c425/beef_vdw,/pscratch/sd/j/jcho5/VASP/vasp_mol/C2H6/beef_vdw,-278.1162286,-239.6848005,-38.22923064,500,500,converged,90e9cf19f7579fea3d6571489b5e67220f6637fbba09ba7f4adbfb410f4bfeb5,true
Rh111,ethanol,beef_vdw,CH3CH2OH_Rh111,,false,ok,NSW=0 complex; converged relaxed references; matching composition,-0.61312365,/pscratch/sd/j/jcho5/VASP/dft_jobs/CH3CH2OH_Rh111/singlepoint/beef_vdw,0,/pscratch/sd/j/jcho5/VASP/completion_runs/matched_potential_slabs_20260915/slab/Rh111_f89b45c425/beef_vdw,/pscratch/sd/j/jcho5/VASP/vasp_mol/CH3CH2OH/beef_vdw,-283.04813963,-239.6848005,-42.75021548,500,500,converged,9625c7073d5c84d3d000dc5c8590ec05180d491a538a74a9138467cab6c1d399,true
Rh111,ethene,beef_vdw,C2H4_Rh111,,false,ok,NSW=0 complex; converged relaxed references; matching composition,-0.98027534,/pscratch/sd/j/jcho5/VASP/dft_jobs/C2H4_Rh111/singlepoint/beef_vdw,0,/pscratch/sd/j/jcho5/VASP/completion_runs/matched_potential_slabs_20260915/slab/Rh111_f89b45c425/beef_vdw,/pscratch/sd/j/jcho5/VASP/vasp_mol/C2H4/beef_vdw,-270.2467423,-239.6848005,-29.58166646,500,500,converged,ce9cac35f87bbd19d91b74bbd1839cd145dc8518040137dcc6bfbcebd320c467,true
Rh111,formaldehyde,beef_vdw,H2CO_Rh111,,false,ok,NSW=0 complex; converged relaxed references; matching composition,-0.69440593,/pscratch/sd/j/jcho5/VASP/dft_jobs/H2CO_Rh111/singlepoint/beef_vdw,0,/pscratch/sd/j/jcho5/VASP/completion_runs/matched_potential_slabs_20260915/slab/Rh111_f89b45c425/beef_vdw,/pscratch/sd/j/jcho5/VASP/vasp_mol/H2CO/beef_vdw,-259.52609902,-239.6848005,-19.14689259,500,500,converged,0a025983ab2523f741b010ea59edfea38d73fb1587ff049c823a417753a01e01,true
Rh111,formic_acid,beef_vdw,HCOOH_Rh111,,false,ok,NSW=0 complex; converged relaxed references; matching composition,-0.52084385,/pscratch/sd/j/jcho5/VASP/dft_jobs/HCOOH_Rh111/singlepoint/beef_vdw,0,/pscratch/sd/j/jcho5/VASP/completion_runs/matched_potential_slabs_20260915/slab/Rh111_f89b45c425/beef_vdw,/pscratch/sd/j/jcho5/VASP/vasp_mol/HCOOH/beef_vdw,-265.15788967,-239.6848005,-24.95224532,500,500,converged,514bf6fdc1728531a8aab4a282842a3f626d733d4d08b6a578220ecc0987eae4,true
Rh111,methane,beef_vdw,CH4_Rh111,,false,ok,NSW=0 complex; converged relaxed references; matching composition,-0.13596978,/pscratch/sd/j/jcho5/VASP/dft_jobs/CH4_Rh111/singlepoint/beef_vdw,0,/pscratch/sd/j/jcho5/VASP/completion_runs/matched_potential_slabs_20260915/slab/Rh111_f89b45c425/beef_vdw,/pscratch/sd/j/jcho5/VASP/vasp_mol/CH4/beef_vdw,-262.80650629,-239.6848005,-22.98573601,500,500,converged,f640733c53f971a106b11b04b3a59e5f8e9f8ad8b4c58aeeab0d1c8b574ca361,true
Rh111,methanol,beef_vdw,CH3OH_Rh111,,false,ok,NSW=0 complex; converged relaxed references; matching composition,-0.54585306,/pscratch/sd/j/jcho5/VASP/dft_jobs/CH3OH_Rh111/singlepoint/beef_vdw,0,/pscratch/sd/j/jcho5/VASP/completion_runs/matched_potential_slabs_20260915/slab/Rh111_f89b45c425/beef_vdw,/pscratch/sd/j/jcho5/VASP/vasp_mol/CH3OH/beef_vdw,-267.52469991,-239.6848005,-27.29404635,500,500,converged,f065d1780eacda48fcc37389bb85a882624f775df2dcde3892e642751852eb4a,true
