surface,molecule,functional,ML,SPE,relaxed,residual,relaxation_gap,total,provenance,complex_directory
Ag100,CO2,beef_vdw,-0.36,-0.15433353,-0.244,-0.20566647,0.08966647,-0.11599999999999999,Cluster policy: Perlmutter first,/pscratch/sd/j/jcho5/VASP/dft_jobs/CO2_Ag100/singlepoint/beef_vdw
Ag100,CO2,pbe,-0.36,-0.01743287,-0.026,-0.34256713,0.00856713,-0.33399999999999996,Cluster policy: Perlmutter first,/pscratch/sd/j/jcho5/VASP/dft_jobs/CO2_Ag100/singlepoint/PBE
Ag100,ethane,beef_vdw,-0.29,-0.1887731,-0.283,-0.10122689999999998,0.09422689999999997,-0.007000000000000006,Cluster policy: Perlmutter first,/pscratch/sd/j/jcho5/VASP/dft_jobs/C2H6_Ag100/singlepoint/beef_vdw
Ag100,ethane,pbe,-0.29,-0.02127531,-0.023,-0.26872469,0.001724690000000001,-0.26699999999999996,Cluster policy: Perlmutter first,/pscratch/sd/j/jcho5/VASP/dft_jobs/C2H6_Ag100/singlepoint/PBE
Ag100,ethane,pbe_d3,-0.29,-0.00686176,-0.26,-0.28313824,0.25313824,-0.02999999999999997,Cluster policy: Perlmutter first,/pscratch/sd/j/jcho5/VASP/dft_jobs/C2H6_Ag100/singlepoint/PBE_D3
Ag100,ethanol,beef_vdw,-0.44,-0.35173024,-0.456,-0.08826975999999997,0.10426975999999999,0.016000000000000014,Cluster policy: Perlmutter first,/pscratch/sd/j/jcho5/VASP/dft_jobs/CH3CH2OH_Ag100/singlepoint/beef_vdw
Ag100,ethanol,pbe,-0.44,-0.15028345,-0.154,-0.28971654999999996,0.003716549999999985,-0.28600000000000003,Cluster policy: Perlmutter first,/pscratch/sd/j/jcho5/VASP/dft_jobs/CH3CH2OH_Ag100/singlepoint/PBE
Ag100,ethanol,pbe_d3,-0.44,-0.2241116,-0.448,-0.2158884,0.22388840000000002,0.008000000000000007,Cluster policy: Perlmutter first,/pscratch/sd/j/jcho5/VASP/dft_jobs/CH3CH2OH_Ag100/singlepoint/PBE_D3
Ag110,ethanol,beef_vdw,-0.55,-0.36685688,-0.494,-0.18314312000000005,0.12714312,-0.05600000000000005,Cluster policy: Perlmutter first,/pscratch/sd/j/jcho5/VASP/dft_jobs/CH3CH2OH_Ag110/singlepoint/beef_vdw
Ag110,ethanol,pbe,-0.55,-0.22400518,-0.231,-0.32599482,0.006994820000000013,-0.31900000000000006,Cluster policy: Perlmutter first,/pscratch/sd/j/jcho5/VASP/dft_jobs/CH3CH2OH_Ag110/singlepoint/PBE
Ag110,ethanol,pbe_d3,-0.55,-0.4672162,-0.577,-0.08278380000000002,0.10978379999999993,0.026999999999999913,Cluster policy: Perlmutter first,/pscratch/sd/j/jcho5/VASP/dft_jobs/CH3CH2OH_Ag110/singlepoint/PBE_D3
Ag111,CH3,beef_vdw,-1.53,-0.83249641,-0.892,-0.6975035900000001,0.05950359000000005,-0.638,Cluster policy: Perlmutter first,/pscratch/sd/j/jcho5/VASP/dft_jobs/CH3_Ag111/singlepoint/beef_vdw
Ag111,CH3,pbe,-1.53,-0.75854395,-0.785,-0.7714560500000001,0.026456050000000064,-0.745,Cluster policy: Perlmutter first,/pscratch/sd/j/jcho5/VASP/dft_jobs/CH3_Ag111/singlepoint/PBE
Ag111,CH3,pbe_d3,-1.53,-0.86271422,-1.012,-0.66728578,0.14928578000000003,-0.518,Cluster policy: Perlmutter first,/pscratch/sd/j/jcho5/VASP/dft_jobs/CH3_Ag111/singlepoint/PBE_D3
Ag111,CO,beef_vdw,-0.43,0.15201183,-0.163,-0.58201183,0.31501183,-0.267,Cluster policy: Perlmutter first,/pscratch/sd/j/jcho5/VASP/dft_jobs/CO_Ag111/singlepoint/beef_vdw
Ag111,CO,pbe,-0.43,0.12138742,0.1,-0.55138742,0.02138741999999999,-0.53,Cluster policy: Perlmutter first,/pscratch/sd/j/jcho5/VASP/dft_jobs/CO_Ag111/singlepoint/PBE
Ag111,CO,pbe_d3,-0.43,0.06889426,-0.12,-0.49889426,0.18889425999999998,-0.31,Cluster policy: Perlmutter first,/pscratch/sd/j/jcho5/VASP/dft_jobs/CO_Ag111/singlepoint/PBE_D3
Ag111,DME,beef_vdw,-0.2,-0.34510285,-0.354,0.14510285,0.008897149999999965,0.15399999999999997,Cluster policy: Perlmutter first,/pscratch/sd/j/jcho5/VASP/dft_jobs/CH3OCH3_Ag111/singlepoint/beef_vdw
Ag111,DME,pbe,-0.2,-0.0169844,-0.051,-0.1830156,0.03401559999999999,-0.14900000000000002,Cluster policy: Perlmutter first,/pscratch/sd/j/jcho5/VASP/dft_jobs/CH3OCH3_Ag111/singlepoint/PBE
Ag111,DME,pbe_d3,-0.2,-0.08376782,-0.267,-0.11623218,0.18323218000000002,0.067,Cluster policy: Perlmutter first,/pscratch/sd/j/jcho5/VASP/dft_jobs/CH3OCH3_Ag111/singlepoint/PBE_D3
Ag111,DME,r2scan,-0.2,0.06449857,-0.097,-0.26449857,0.16149857,-0.10300000000000001,Cluster policy: Perlmutter first,/pscratch/sd/j/jcho5/VASP/dft_jobs/CH3OCH3_Ag111/singlepoint/r2scan
Ag111,H2O,beef_vdw,-0.45,-0.20230538,-0.239,-0.24769462,0.03669461999999998,-0.21100000000000002,Cluster policy: Perlmutter first,/pscratch/sd/j/jcho5/VASP/dft_jobs/H2O_Ag111/singlepoint/beef_vdw
Ag111,H2O,pbe,-0.45,-0.0533727,-0.107,-0.3966273,0.053627299999999996,-0.343,Cluster policy: Perlmutter first,/pscratch/sd/j/jcho5/VASP/dft_jobs/H2O_Ag111/singlepoint/PBE
Ag111,H2O,pbe_d3,-0.45,-0.05343391,-0.299,-0.39656609,0.24556609,-0.15100000000000002,Cluster policy: Perlmutter first,/pscratch/sd/j/jcho5/VASP/dft_jobs/H2O_Ag111/singlepoint/PBE_D3
Ag111,H2S,beef_vdw,-0.37,-0.25993242,-0.295,-0.11006758,0.03506757999999999,-0.07500000000000001,Cluster policy: Perlmutter first,/pscratch/sd/j/jcho5/VASP/dft_jobs/H2S_Ag111/singlepoint/beef_vdw
Ag111,H2S,pbe,-0.37,-0.03638793,-0.107,-0.33361207,0.07061207,-0.263,Cluster policy: Perlmutter first,/pscratch/sd/j/jcho5/VASP/dft_jobs/H2S_Ag111/singlepoint/PBE
Ag111,H2S,pbe_d3,-0.37,-0.16495791,-0.429,-0.20504208999999998,0.26404209,0.059,Cluster policy: Perlmutter first,/pscratch/sd/j/jcho5/VASP/dft_jobs/H2S_Ag111/singlepoint/PBE_D3
Ag111,N2,beef_vdw,-0.05,-0.11132013,-0.113,0.06132013,0.00167987,0.063,Cluster policy: Perlmutter first,/pscratch/sd/j/jcho5/VASP/dft_jobs/N2_Ag111/singlepoint/beef_vdw
Ag111,N2,pbe,-0.05,0.02775773,-0.007,-0.07775773,0.03475773,-0.043000000000000003,Cluster policy: Perlmutter first,/pscratch/sd/j/jcho5/VASP/dft_jobs/N2_Ag111/singlepoint/PBE
Ag111,N2,pbe_d3,-0.05,0.12747936,-0.071,-0.17747936000000003,0.19847936,0.02099999999999999,Cluster policy: Perlmutter first,/pscratch/sd/j/jcho5/VASP/dft_jobs/N2_Ag111/singlepoint/PBE_D3
Ag111,NH3,beef_vdw,-0.6,-0.41673043,-0.421,-0.18326957,0.00426957,-0.179,Cluster policy: Perlmutter first,/pscratch/sd/j/jcho5/VASP/dft_jobs/NH3_Ag111/singlepoint/beef_vdw
Ag111,NH3,pbe,-0.6,-0.24937706,-0.279,-0.35062293999999994,0.029622940000000014,-0.32099999999999995,Cluster policy: Perlmutter first,/pscratch/sd/j/jcho5/VASP/dft_jobs/NH3_Ag111/singlepoint/PBE
Ag111,NH3,pbe_d3,-0.6,-0.29839885,-0.519,-0.30160115,0.22060115000000002,-0.08099999999999996,Cluster policy: Perlmutter first,/pscratch/sd/j/jcho5/VASP/dft_jobs/NH3_Ag111/singlepoint/PBE_D3
Ag111,NO,pbe,-0.54,-0.49493075,-0.548,-0.04506925000000006,0.05306925000000007,0.008000000000000007,Cluster policy: Perlmutter first,/pscratch/sd/j/jcho5/VASP/dft_jobs/NO_Ag111/singlepoint/PBE
Ag111,NO,pbe_d3,-0.54,-0.56797797,-0.746,0.02797797000000002,0.17802202999999994,0.20599999999999996,Cluster policy: Perlmutter first,/pscratch/sd/j/jcho5/VASP/dft_jobs/NO_Ag111/singlepoint/PBE_D3
Ag111,SO2,beef_vdw,-0.28,-0.36310415,-0.367,0.08310414999999999,0.0038958499999999785,0.08699999999999997,Cluster policy: Perlmutter first,/pscratch/sd/j/jcho5/VASP/dft_jobs/SO2_Ag111/singlepoint/beef_vdw
Ag111,SO2,pbe,-0.28,-0.00361,-0.08,-0.27639,0.07639,-0.2,Cluster policy: Perlmutter first,/pscratch/sd/j/jcho5/VASP/dft_jobs/SO2_Ag111/singlepoint/PBE
Ag111,SO2,pbe_d3,-0.28,-0.27178303,-0.505,-0.008216970000000046,0.23321697000000002,0.22499999999999998,Cluster policy: Perlmutter first,/pscratch/sd/j/jcho5/VASP/dft_jobs/SO2_Ag111/singlepoint/PBE_D3
Ag111,acetaldehyde,beef_vdw,-0.41,-0.28075407,-0.293,-0.12924592999999995,0.01224592999999996,-0.11699999999999999,Cluster policy: Perlmutter first,/pscratch/sd/j/jcho5/VASP/dft_jobs/CH3CHO_Ag111/singlepoint/beef_vdw
Ag111,acetaldehyde,pbe,-0.41,0.01554086,-0.025,-0.42554085999999997,0.04054086,-0.38499999999999995,Cluster policy: Perlmutter first,/pscratch/sd/j/jcho5/VASP/dft_jobs/CH3CHO_Ag111/singlepoint/PBE
Ag111,acetaldehyde,pbe_d3,-0.41,-0.07227384,-0.267,-0.33772616,0.19472616,-0.14299999999999996,Cluster policy: Perlmutter first,/pscratch/sd/j/jcho5/VASP/dft_jobs/CH3CHO_Ag111/singlepoint/PBE_D3
Ag111,acetic_acid,beef_vdw,-0.47,-0.39888864,-0.413,-0.07111135999999996,0.014111359999999962,-0.056999999999999995,Cluster policy: Perlmutter first,/pscratch/sd/j/jcho5/VASP/dft_jobs/CH3COOH_Ag111/singlepoint/beef_vdw
Ag111,ethene,beef_vdw,-0.17,-0.28365464,-0.289,0.11365464,0.005345359999999966,0.11899999999999997,Cluster policy: Perlmutter first,/pscratch/sd/j/jcho5/VASP/dft_jobs/C2H4_Ag111/singlepoint/beef_vdw
Ag111,ethene,pbe,-0.17,0.00239544,-0.032,-0.17239544,0.03439544,-0.138,Cluster policy: Perlmutter first,/pscratch/sd/j/jcho5/VASP/dft_jobs/C2H4_Ag111/singlepoint/PBE
Ag111,ethene,pbe_d3,-0.17,-0.07525178,-0.375,-0.09474822000000001,0.29974822,0.205,Cluster policy: Perlmutter first,/pscratch/sd/j/jcho5/VASP/dft_jobs/C2H4_Ag111/singlepoint/PBE_D3
Ag111,formaldehyde,beef_vdw,-0.26,-0.21443467,-0.227,-0.045565330000000015,0.012565330000000013,-0.033,Cluster policy: Perlmutter first,/pscratch/sd/j/jcho5/VASP/dft_jobs/H2CO_Ag111/singlepoint/beef_vdw
Ag111,formaldehyde,pbe,-0.26,0.01454826,-0.029,-0.27454826,0.043548260000000005,-0.231,Cluster policy: Perlmutter first,/pscratch/sd/j/jcho5/VASP/dft_jobs/H2CO_Ag111/singlepoint/PBE
Ag111,formaldehyde,pbe_d3,-0.26,0.01571395,-0.188,-0.27571395,0.20371395,-0.07200000000000001,Cluster policy: Perlmutter first,/pscratch/sd/j/jcho5/VASP/dft_jobs/H2CO_Ag111/singlepoint/PBE_D3
Ag111,formic_acid,beef_vdw,-0.34,-0.34624073,-0.356,0.006240729999999972,0.009759269999999987,0.01599999999999996,Cluster policy: Perlmutter first,/pscratch/sd/j/jcho5/VASP/dft_jobs/HCOOH_Ag111/singlepoint/beef_vdw
Ag111,formic_acid,pbe,-0.34,-0.08143403,-0.12,-0.25856597000000003,0.03856596999999999,-0.22000000000000003,Cluster policy: Perlmutter first,/pscratch/sd/j/jcho5/VASP/dft_jobs/HCOOH_Ag111/singlepoint/PBE
Ag111,formic_acid,pbe_d3,-0.34,-0.18505208,-0.425,-0.15494792000000002,0.23994791999999998,0.08499999999999996,Cluster policy: Perlmutter first,/pscratch/sd/j/jcho5/VASP/dft_jobs/HCOOH_Ag111/singlepoint/PBE_D3
Ag111,methane,beef_vdw,-0.39,-0.19177726,-0.194,-0.19822274,0.002222740000000001,-0.196,Cluster policy: Perlmutter first,/pscratch/sd/j/jcho5/VASP/dft_jobs/CH4_Ag111/singlepoint/beef_vdw
Ag111,methane,pbe,-0.39,0.02704344,-0.011,-0.41704344,0.03804344,-0.379,Cluster policy: Perlmutter first,/pscratch/sd/j/jcho5/VASP/dft_jobs/CH4_Ag111/singlepoint/PBE
Ag111,methane,pbe_d3,-0.39,0.03882573,-0.151,-0.42882573,0.18982573,-0.23900000000000002,Cluster policy: Perlmutter first,/pscratch/sd/j/jcho5/VASP/dft_jobs/CH4_Ag111/singlepoint/PBE_D3
Ag111,methanol,beef_vdw,-0.33,-0.3310836,-0.339,0.0010835999999999624,0.007916400000000046,0.009000000000000008,Cluster policy: Perlmutter first,/pscratch/sd/j/jcho5/VASP/dft_jobs/CH3OH_Ag111/singlepoint/beef_vdw
Ag111,methanol,pbe,-0.33,-0.06762335,-0.098,-0.26237665,0.030376650000000005,-0.232,Cluster policy: Perlmutter first,/pscratch/sd/j/jcho5/VASP/dft_jobs/CH3OH_Ag111/singlepoint/PBE
Ag111,methanol,pbe_d3,-0.33,-0.13552366,-0.378,-0.19447634000000003,0.24247634,0.04799999999999999,Cluster policy: Perlmutter first,/pscratch/sd/j/jcho5/VASP/dft_jobs/CH3OH_Ag111/singlepoint/PBE_D3
Au111,CH3,beef_vdw,-1.79,-1.36465576,-1.409,-0.42534424000000004,0.044344240000000035,-0.381,Cluster policy: Perlmutter first,/pscratch/sd/j/jcho5/VASP/dft_jobs/CH3_Au111/singlepoint/beef_vdw
Au111,CH3,pbe,-1.79,-1.23323511,-1.279,-0.55676489,0.045764889999999836,-0.5110000000000001,Cluster policy: Perlmutter first,/pscratch/sd/j/jcho5/VASP/dft_jobs/CH3_Au111/singlepoint/PBE
Au111,CH3,pbe_d3,-1.79,-1.28941614,-1.48,-0.5005838600000001,0.19058386000000005,-0.31000000000000005,Cluster policy: Perlmutter first,/pscratch/sd/j/jcho5/VASP/dft_jobs/CH3_Au111/singlepoint/PBE_D3
Au111,CH3,r2scan,-1.79,-1.05214908,-1.196,-0.7378509200000001,0.14385092,-0.5940000000000001,Cluster policy: Perlmutter first,/pscratch/sd/j/jcho5/VASP/dft_jobs/CH3_Au111/singlepoint/r2scan
Au111,CO,beef_vdw,-0.59,0.02214333,-0.042,-0.61214333,0.06414333,-0.5479999999999999,Cluster policy: Perlmutter first,/pscratch/sd/j/jcho5/VASP/dft_jobs/CO_Au111/singlepoint/beef_vdw
Au111,CO,pbe,-0.59,-0.07125691,-0.127,-0.51874309,0.055743089999999995,-0.46299999999999997,Cluster policy: Perlmutter first,/pscratch/sd/j/jcho5/VASP/dft_jobs/CO_Au111/singlepoint/PBE
Au111,CO,pbe_d3,-0.59,-0.07447973,-0.289,-0.51552027,0.21452026999999999,-0.301,Cluster policy: Perlmutter first,/pscratch/sd/j/jcho5/VASP/dft_jobs/CO_Au111/singlepoint/PBE_D3
Au111,DME,beef_vdw,-0.16,-0.37454793,-0.382,0.21454792999999997,0.007452070000000033,0.222,Cluster policy: Perlmutter first,/pscratch/sd/j/jcho5/VASP/dft_jobs/CH3OCH3_Au111/singlepoint/beef_vdw
Au111,DME,pbe,-0.16,0.0699329,-0.046,-0.2299329,0.1159329,-0.114,Cluster policy: Perlmutter first,/pscratch/sd/j/jcho5/VASP/dft_jobs/CH3OCH3_Au111/singlepoint/PBE
Au111,DME,pbe_d3,-0.16,0.05737353,-0.481,-0.21737353,0.53837353,0.32099999999999995,Cluster policy: Perlmutter first,/pscratch/sd/j/jcho5/VASP/dft_jobs/CH3OCH3_Au111/singlepoint/PBE_D3
Au111,H2O,beef_vdw,-0.51,-0.17025016,-0.175,-0.33974983999999997,0.004749839999999977,-0.335,Cluster policy: Perlmutter first,/pscratch/sd/j/jcho5/VASP/dft_jobs/H2O_Au111/singlepoint/beef_vdw
Au111,H2O,pbe,-0.51,0.07551822,-0.041,-0.58551822,0.11651822,-0.46900000000000003,Cluster policy: Perlmutter first,/pscratch/sd/j/jcho5/VASP/dft_jobs/H2O_Au111/singlepoint/PBE
Au111,H2O,pbe_d3,-0.51,0.15524499,-0.301,-0.66524499,0.45624498999999996,-0.20900000000000002,Cluster policy: Perlmutter first,/pscratch/sd/j/jcho5/VASP/dft_jobs/H2O_Au111/singlepoint/PBE_D3
Au111,H2S,beef_vdw,-0.41,-0.2693134,-0.338,-0.1406866,0.06868660000000004,-0.07199999999999995,Cluster policy: Perlmutter first,/pscratch/sd/j/jcho5/VASP/dft_jobs/H2S_Au111/singlepoint/beef_vdw
Au111,H2S,pbe,-0.41,0.06683852,-0.144,-0.47683852,0.21083851999999997,-0.266,Cluster policy: Perlmutter first,/pscratch/sd/j/jcho5/VASP/dft_jobs/H2S_Au111/singlepoint/PBE
Au111,H2S,pbe_d3,-0.41,-0.00380981,-0.54,-0.40619018999999995,0.53619019,0.13000000000000006,Cluster policy: Perlmutter first,/pscratch/sd/j/jcho5/VASP/dft_jobs/H2S_Au111/singlepoint/PBE_D3
Au111,N2,beef_vdw,-0.09,-0.13835001,-0.145,0.04835001,0.0066499899999999945,0.05499999999999999,Cluster policy: Perlmutter first,/pscratch/sd/j/jcho5/VASP/dft_jobs/N2_Au111/singlepoint/beef_vdw
Au111,N2,pbe,-0.09,0.11984292,-0.007,-0.20984292,0.12684292,-0.08299999999999999,Cluster policy: Perlmutter first,/pscratch/sd/j/jcho5/VASP/dft_jobs/N2_Au111/singlepoint/PBE
Au111,N2,pbe_d3,-0.09,0.28257317,-0.099,-0.37257317,0.38157317,0.009000000000000008,Cluster policy: Perlmutter first,/pscratch/sd/j/jcho5/VASP/dft_jobs/N2_Au111/singlepoint/PBE_D3
Au111,NH3,beef_vdw,-0.54,-0.21590092,-0.223,-0.32409908000000004,0.007099080000000008,-0.31700000000000006,Cluster policy: Perlmutter first,/pscratch/sd/j/jcho5/VASP/dft_jobs/NH3_Au111/singlepoint/beef_vdw
Au111,NH3,pbe,-0.54,0.05984848,-0.057,-0.59984848,0.11684848,-0.48300000000000004,Cluster policy: Perlmutter first,/pscratch/sd/j/jcho5/VASP/dft_jobs/NH3_Au111/singlepoint/PBE
Au111,NH3,pbe_d3,-0.54,0.08107307,-0.306,-0.62107307,0.38707307,-0.23400000000000004,Cluster policy: Perlmutter first,/pscratch/sd/j/jcho5/VASP/dft_jobs/NH3_Au111/singlepoint/PBE_D3
Au111,NO,pbe,-0.68,-0.57720067,-0.658,-0.10279933000000008,0.08079933000000006,-0.02200000000000002,Cluster policy: Perlmutter first,/pscratch/sd/j/jcho5/VASP/dft_jobs/NO_Au111/singlepoint/PBE
Au111,NO,pbe_d3,-0.68,-0.56398332,-0.861,-0.1160166800000001,0.29701668000000003,0.18099999999999994,Cluster policy: Perlmutter first,/pscratch/sd/j/jcho5/VASP/dft_jobs/NO_Au111/singlepoint/PBE_D3
Au111,SO2,beef_vdw,-0.26,-0.3657491,-0.401,0.10574909999999998,0.03525090000000003,0.14100000000000001,Cluster policy: Perlmutter first,/pscratch/sd/j/jcho5/VASP/dft_jobs/SO2_Au111/singlepoint/beef_vdw
Au111,SO2,pbe,-0.26,0.05524931,-0.054,-0.31524931,0.10924931,-0.20600000000000002,Cluster policy: Perlmutter first,/pscratch/sd/j/jcho5/VASP/dft_jobs/SO2_Au111/singlepoint/PBE
Au111,SO2,pbe_d3,-0.26,-0.03914364,-0.526,-0.22085636,0.48685636000000004,0.266,Cluster policy: Perlmutter first,/pscratch/sd/j/jcho5/VASP/dft_jobs/SO2_Au111/singlepoint/PBE_D3
Au111,acetaldehyde,beef_vdw,-0.27,-0.35638923,-0.366,0.08638922999999998,0.00961076999999999,0.09599999999999997,Cluster policy: Perlmutter first,/pscratch/sd/j/jcho5/VASP/dft_jobs/CH3CHO_Au111/singlepoint/beef_vdw
Au111,acetaldehyde,pbe,-0.27,0.07079876,-0.051,-0.34079876000000003,0.12179876,-0.21900000000000003,Cluster policy: Perlmutter first,/pscratch/sd/j/jcho5/VASP/dft_jobs/CH3CHO_Au111/singlepoint/PBE
Au111,acetaldehyde,pbe_d3,-0.27,0.01451837,-0.396,-0.28451837,0.41051837,0.126,Cluster policy: Perlmutter first,/pscratch/sd/j/jcho5/VASP/dft_jobs/CH3CHO_Au111/singlepoint/PBE_D3
Au111,acetic_acid,beef_vdw,-0.36,-0.40741311,-0.418,0.047413110000000036,0.01058688999999996,0.057999999999999996,Cluster policy: Perlmutter first,/pscratch/sd/j/jcho5/VASP/dft_jobs/CH3COOH_Au111/singlepoint/beef_vdw
Au111,ethane,beef_vdw,-0.24,-0.30950824,-0.316,0.06950824,0.006491760000000013,0.07600000000000001,Cluster policy: Perlmutter first,/pscratch/sd/j/jcho5/VASP/dft_jobs/C2H6_Au111/singlepoint/beef_vdw
Au111,ethane,pbe,-0.24,0.10800066,-0.014,-0.34800065999999996,0.12200066,-0.22599999999999998,Cluster policy: Perlmutter first,/pscratch/sd/j/jcho5/VASP/dft_jobs/C2H6_Au111/singlepoint/PBE
Au111,ethane,pbe_d3,-0.24,0.06668092,-0.287,-0.30668092,0.35368091999999995,0.046999999999999986,Cluster policy: Perlmutter first,/pscratch/sd/j/jcho5/VASP/dft_jobs/C2H6_Au111/singlepoint/PBE_D3
Au111,ethanol,beef_vdw,-0.28,-0.38425529,-0.394,0.10425529,0.00974470999999999,0.11399999999999999,Cluster policy: Perlmutter first,/pscratch/sd/j/jcho5/VASP/dft_jobs/CH3CH2OH_Au111/singlepoint/beef_vdw
Au111,ethanol,pbe,-0.28,0.05749909,-0.062,-0.33749909,0.11949909,-0.21800000000000003,Cluster policy: Perlmutter first,/pscratch/sd/j/jcho5/VASP/dft_jobs/CH3CH2OH_Au111/singlepoint/PBE
Au111,ethanol,pbe_d3,-0.28,0.01222108,-0.488,-0.29222108,0.50022108,0.20799999999999996,Cluster policy: Perlmutter first,/pscratch/sd/j/jcho5/VASP/dft_jobs/CH3CH2OH_Au111/singlepoint/PBE_D3
Au111,ethene,beef_vdw,-0.19,-0.32049891,-0.355,0.13049891000000002,0.034501089999999957,0.16499999999999998,Cluster policy: Perlmutter first,/pscratch/sd/j/jcho5/VASP/dft_jobs/C2H4_Au111/singlepoint/beef_vdw
Au111,ethene,pbe,-0.19,0.08936506,-0.034,-0.27936506,0.12336506,-0.156,Cluster policy: Perlmutter first,/pscratch/sd/j/jcho5/VASP/dft_jobs/C2H4_Au111/singlepoint/PBE
Au111,ethene,pbe_d3,-0.19,0.05062867,-0.447,-0.24062867,0.49762867,0.257,Cluster policy: Perlmutter first,/pscratch/sd/j/jcho5/VASP/dft_jobs/C2H4_Au111/singlepoint/PBE_D3
Au111,formaldehyde,pbe,-0.21,0.04776527,-0.068,-0.25776527,0.11576527,-0.142,Cluster policy: Perlmutter first,/pscratch/sd/j/jcho5/VASP/dft_jobs/H2CO_Au111/singlepoint/PBE
Au111,formaldehyde,pbe_d3,-0.21,0.09071232,-0.339,-0.30071232,0.42971232000000004,0.12900000000000003,Cluster policy: Perlmutter first,/pscratch/sd/j/jcho5/VASP/dft_jobs/H2CO_Au111/singlepoint/PBE_D3
Au111,formic_acid,beef_vdw,-0.37,-0.34581391,-0.382,-0.024186089999999993,0.036186090000000004,0.01200000000000001,Cluster policy: Perlmutter first,/pscratch/sd/j/jcho5/VASP/dft_jobs/HCOOH_Au111/singlepoint/beef_vdw
Au111,formic_acid,pbe,-0.37,0.02077719,-0.099,-0.39077719,0.11977719,-0.271,Cluster policy: Perlmutter first,/pscratch/sd/j/jcho5/VASP/dft_jobs/HCOOH_Au111/singlepoint/PBE
Au111,formic_acid,pbe_d3,-0.37,-0.01194161,-0.456,-0.35805839,0.44405839,0.08600000000000002,Cluster policy: Perlmutter first,/pscratch/sd/j/jcho5/VASP/dft_jobs/HCOOH_Au111/singlepoint/PBE_D3
Au111,methane,beef_vdw,-0.37,-0.20643214,-0.214,-0.16356786,0.00756786000000001,-0.156,Cluster policy: Perlmutter first,/pscratch/sd/j/jcho5/VASP/dft_jobs/CH4_Au111/singlepoint/beef_vdw
Au111,methane,pbe,-0.37,0.12884026,-0.005,-0.49884026000000004,0.13384026000000002,-0.365,Cluster policy: Perlmutter first,/pscratch/sd/j/jcho5/VASP/dft_jobs/CH4_Au111/singlepoint/PBE
Au111,methane,pbe_d3,-0.37,0.17647134,-0.197,-0.54647134,0.37347134000000004,-0.173,Cluster policy: Perlmutter first,/pscratch/sd/j/jcho5/VASP/dft_jobs/CH4_Au111/singlepoint/PBE_D3
Au111,methanol,beef_vdw,-0.26,-0.29711664,-0.306,0.03711663999999998,0.008883360000000007,0.045999999999999985,Cluster policy: Perlmutter first,/pscratch/sd/j/jcho5/VASP/dft_jobs/CH3OH_Au111/singlepoint/beef_vdw
Au111,methanol,pbe,-0.26,0.0607421,-0.06,-0.32074210000000003,0.12074209999999999,-0.2,Cluster policy: Perlmutter first,/pscratch/sd/j/jcho5/VASP/dft_jobs/CH3OH_Au111/singlepoint/PBE
Au111,methanol,pbe_d3,-0.26,0.07923127,-0.333,-0.33923127000000003,0.41223127000000004,0.07300000000000001,Cluster policy: Perlmutter first,/pscratch/sd/j/jcho5/VASP/dft_jobs/CH3OH_Au111/singlepoint/PBE_D3
Cu100,CH3,pbe,-1.95,-1.24883748,-1.255,-0.70116252,0.006162519999999949,-0.6950000000000001,Cluster policy: Perlmutter first,/pscratch/sd/j/jcho5/VASP/dft_jobs/CH3_Cu100/singlepoint/PBE
Cu100,CH3,pbe_d3,-1.95,-1.51007698,-1.646,-0.43992301999999994,0.1359230199999999,-0.30400000000000005,Cluster policy: Perlmutter first,/pscratch/sd/j/jcho5/VASP/dft_jobs/CH3_Cu100/singlepoint/PBE_D3
Cu100,CO,pbe,-1.19,-0.77452017,-0.781,-0.41547983,0.006479830000000075,-0.4089999999999999,Cluster policy: Perlmutter first,/pscratch/sd/j/jcho5/VASP/dft_jobs/CO_Cu100/singlepoint/PBE
Cu100,CO,pbe_d3,-1.19,-0.91223213,-1.027,-0.2777678699999999,0.11476786999999988,-0.16300000000000003,Cluster policy: Perlmutter first,/pscratch/sd/j/jcho5/VASP/dft_jobs/CO_Cu100/singlepoint/PBE_D3
Cu100,CO2,pbe,-0.36,-0.0188523,-0.032,-0.3411477,0.013147700000000002,-0.32799999999999996,Cluster policy: Perlmutter first,/pscratch/sd/j/jcho5/VASP/dft_jobs/CO2_Cu100/singlepoint/PBE
Cu100,DME,pbe,-0.27,-0.13396879,-0.15,-0.13603121,0.01603120999999999,-0.12000000000000002,Cluster policy: Perlmutter first,/pscratch/sd/j/jcho5/VASP/dft_jobs/CH3OCH3_Cu100/singlepoint/PBE
Cu100,DME,pbe_d3,-0.27,-0.43964251,-0.651,0.16964250999999997,0.21135749000000004,0.381,Cluster policy: Perlmutter first,/pscratch/sd/j/jcho5/VASP/dft_jobs/CH3OCH3_Cu100/singlepoint/PBE_D3
Cu100,H2O,pbe,-0.57,-0.22711798,-0.246,-0.34288201999999995,0.01888202,-0.32399999999999995,Cluster policy: Perlmutter first,/pscratch/sd/j/jcho5/VASP/dft_jobs/H2O_Cu100/singlepoint/PBE
Cu100,H2O,pbe_d3,-0.57,-0.39509325,-0.476,-0.17490674999999994,0.08090674999999997,-0.09399999999999997,Cluster policy: Perlmutter first,/pscratch/sd/j/jcho5/VASP/dft_jobs/H2O_Cu100/singlepoint/PBE_D3
Cu100,H2S,pbe,-0.47,-0.24310706,-0.271,-0.22689293999999996,0.027892940000000005,-0.19899999999999995,Cluster policy: Perlmutter first,/pscratch/sd/j/jcho5/VASP/dft_jobs/H2S_Cu100/singlepoint/PBE
Cu100,H2S,pbe_d3,-0.47,-0.58129743,-0.719,0.11129743000000003,0.13770256999999997,0.249,Cluster policy: Perlmutter first,/pscratch/sd/j/jcho5/VASP/dft_jobs/H2S_Cu100/singlepoint/PBE_D3
Cu100,N2,pbe,-0.07,-0.00331322,-0.018,-0.06668678,0.014686779999999998,-0.052000000000000005,Cluster policy: Perlmutter first,/pscratch/sd/j/jcho5/VASP/dft_jobs/N2_Cu100/singlepoint/PBE
Cu100,N2,pbe_d3,-0.07,-0.05445591,-0.099,-0.015544090000000003,0.04454409,0.028999999999999998,Cluster policy: Perlmutter first,/pscratch/sd/j/jcho5/VASP/dft_jobs/N2_Cu100/singlepoint/PBE_D3
Cu100,NH3,pbe,-0.9,-0.55646846,-0.571,-0.34353153999999997,0.014531539999999898,-0.32900000000000007,Cluster policy: Perlmutter first,/pscratch/sd/j/jcho5/VASP/dft_jobs/NH3_Cu100/singlepoint/PBE
Cu100,NH3,pbe_d3,-0.9,-0.82986439,-0.903,-0.07013561000000001,0.07313561000000002,0.0030000000000000027,Cluster policy: Perlmutter first,/pscratch/sd/j/jcho5/VASP/dft_jobs/NH3_Cu100/singlepoint/PBE_D3
Cu100,NO,pbe,-1.48,-1.76422037,-1.769,0.2842203700000001,0.004779629999999813,0.2889999999999999,Cluster policy: Perlmutter first,/pscratch/sd/j/jcho5/VASP/dft_jobs/NO_Cu100/singlepoint/PBE
Cu100,NO,pbe_d3,-1.48,-1.88441001,-1.988,0.4044100100000001,0.10358998999999991,0.508,Cluster policy: Perlmutter first,/pscratch/sd/j/jcho5/VASP/dft_jobs/NO_Cu100/singlepoint/PBE_D3
Cu100,SO2,pbe,-1.09,-0.78799002,-0.817,-0.3020099800000001,0.02900997999999999,-0.27300000000000013,Cluster policy: Perlmutter first,/pscratch/sd/j/jcho5/VASP/dft_jobs/SO2_Cu100/singlepoint/PBE
Cu100,SO2,pbe_d3,-1.09,-1.17922655,-1.329,0.08922655000000002,0.14977344999999986,0.23899999999999988,Cluster policy: Perlmutter first,/pscratch/sd/j/jcho5/VASP/dft_jobs/SO2_Cu100/singlepoint/PBE_D3
Cu100,acetaldehyde,pbe,-0.6,-0.1730497,-0.209,-0.4269503,0.03595029999999999,-0.391,Cluster policy: Perlmutter first,/pscratch/sd/j/jcho5/VASP/dft_jobs/CH3CHO_Cu100/singlepoint/PBE
Cu100,acetaldehyde,pbe_d3,-0.6,-0.4006521,-0.487,-0.19934789999999997,0.08634789999999998,-0.11299999999999999,Cluster policy: Perlmutter first,/pscratch/sd/j/jcho5/VASP/dft_jobs/CH3CHO_Cu100/singlepoint/PBE_D3
Cu100,ethane,pbe,-0.32,-0.00080616,-0.014,-0.31919384,0.01319384,-0.306,Cluster policy: Perlmutter first,/pscratch/sd/j/jcho5/VASP/dft_jobs/C2H6_Cu100/singlepoint/PBE
Cu100,ethane,pbe_d3,-0.32,-0.2788122,-0.367,-0.0411878,0.08818779999999998,0.046999999999999986,Cluster policy: Perlmutter first,/pscratch/sd/j/jcho5/VASP/dft_jobs/C2H6_Cu100/singlepoint/PBE_D3
Cu100,ethanol,pbe,-0.5,-0.2211589,-0.237,-0.2788411,0.015841099999999997,-0.263,Cluster policy: Perlmutter first,/pscratch/sd/j/jcho5/VASP/dft_jobs/CH3CH2OH_Cu100/singlepoint/PBE
Cu100,ethanol,pbe_d3,-0.5,-0.60584994,-0.728,0.10584994000000003,0.12215005999999995,0.22799999999999998,Cluster policy: Perlmutter first,/pscratch/sd/j/jcho5/VASP/dft_jobs/CH3CH2OH_Cu100/singlepoint/PBE_D3
Cu100,ethene,pbe,-0.47,-0.09267128,-0.172,-0.37732871999999995,0.07932871999999999,-0.298,Cluster policy: Perlmutter first,/pscratch/sd/j/jcho5/VASP/dft_jobs/C2H4_Cu100/singlepoint/PBE
Cu100,ethene,pbe_d3,-0.47,-0.53564591,-0.736,0.06564590999999997,0.20035409000000004,0.266,Cluster policy: Perlmutter first,/pscratch/sd/j/jcho5/VASP/dft_jobs/C2H4_Cu100/singlepoint/PBE_D3
Cu100,formaldehyde,pbe,-0.44,-0.1252045,-0.168,-0.3147955,0.042795500000000014,-0.272,Cluster policy: Perlmutter first,/pscratch/sd/j/jcho5/VASP/dft_jobs/H2CO_Cu100/singlepoint/PBE
Cu100,formaldehyde,pbe_d3,-0.44,-0.3317577,-0.434,-0.10824230000000001,0.10224230000000001,-0.006000000000000005,Cluster policy: Perlmutter first,/pscratch/sd/j/jcho5/VASP/dft_jobs/H2CO_Cu100/singlepoint/PBE_D3
Cu100,formic_acid,pbe,-0.53,-0.24979087,-0.275,-0.28020913000000003,0.025209130000000024,-0.255,Cluster policy: Perlmutter first,/pscratch/sd/j/jcho5/VASP/dft_jobs/HCOOH_Cu100/singlepoint/PBE
Cu100,formic_acid,pbe_d3,-0.53,-0.50561814,-0.623,-0.024381859999999977,0.11738185999999995,0.09299999999999997,Cluster policy: Perlmutter first,/pscratch/sd/j/jcho5/VASP/dft_jobs/HCOOH_Cu100/singlepoint/PBE_D3
Cu100,methane,pbe,-0.42,-0.00246394,-0.016,-0.41753606,0.01353606,-0.40399999999999997,Cluster policy: Perlmutter first,/pscratch/sd/j/jcho5/VASP/dft_jobs/CH4_Cu100/singlepoint/PBE
Cu100,methane,pbe_d3,-0.42,-0.1631897,-0.21,-0.2568103,0.0468103,-0.21,Cluster policy: Perlmutter first,/pscratch/sd/j/jcho5/VASP/dft_jobs/CH4_Cu100/singlepoint/PBE_D3
Cu100,methane,r2scan,-0.42,0.14656638,-0.033,-0.56656638,0.17956638,-0.387,Cluster policy: Perlmutter first,/pscratch/sd/j/jcho5/VASP/dft_jobs/CH4_Cu100/singlepoint/r2scan
Cu100,methanol,pbe,-0.47,-0.2298652,-0.247,-0.24013479999999998,0.017134800000000006,-0.22299999999999998,Cluster policy: Perlmutter first,/pscratch/sd/j/jcho5/VASP/dft_jobs/CH3OH_Cu100/singlepoint/PBE
Cu100,methanol,pbe_d3,-0.47,-0.47944267,-0.591,0.009442670000000042,0.11155732999999995,0.121,Cluster policy: Perlmutter first,/pscratch/sd/j/jcho5/VASP/dft_jobs/CH3OH_Cu100/singlepoint/PBE_D3
Cu111,CH3,beef_vdw,-1.87,-1.25799547,-1.342,-0.6120045300000001,0.08400453000000008,-0.528,Cluster policy: Perlmutter first,/pscratch/sd/j/jcho5/VASP/dft_jobs/CH3_Cu111/singlepoint/beef_vdw
Cu111,CH3,pbe,-1.87,-1.27166795,-1.302,-0.59833205,0.030332049999999944,-0.5680000000000001,Cluster policy: Perlmutter first,/pscratch/sd/j/jcho5/VASP/dft_jobs/CH3_Cu111/singlepoint/PBE
Cu111,CH3,pbe_d3,-1.87,-1.55176133,-1.646,-0.31823867000000017,0.09423866999999997,-0.2240000000000002,Cluster policy: Perlmutter first,/pscratch/sd/j/jcho5/VASP/dft_jobs/CH3_Cu111/singlepoint/PBE_D3
Cu111,DME,beef_vdw,-0.22,-0.30721077,-0.442,0.08721077000000002,0.13478922999999998,0.222,Cluster policy: Perlmutter first,/pscratch/sd/j/jcho5/VASP/dft_jobs/CH3OCH3_Cu111/singlepoint/beef_vdw
Cu111,DME,pbe,-0.22,-0.04658144,-0.068,-0.17341856,0.021418560000000003,-0.152,Cluster policy: Perlmutter first,/pscratch/sd/j/jcho5/VASP/dft_jobs/CH3OCH3_Cu111/singlepoint/PBE
Cu111,DME,pbe_d3,-0.22,-0.2164471,-0.641,-0.0035528999999999977,0.4245529,0.42100000000000004,Cluster policy: Perlmutter first,/pscratch/sd/j/jcho5/VASP/dft_jobs/CH3OCH3_Cu111/singlepoint/PBE_D3
Cu111,NO,pbe,-1.41,-1.54704808,-1.58,0.13704808000000002,0.032951920000000134,0.17000000000000015,Cluster policy: Perlmutter first,/pscratch/sd/j/jcho5/VASP/dft_jobs/NO_Cu111/singlepoint/PBE
Cu111,NO,pbe_d3,-1.41,-1.67799132,-1.783,0.26799132000000014,0.10500867999999985,0.373,Cluster policy: Perlmutter first,/pscratch/sd/j/jcho5/VASP/dft_jobs/NO_Cu111/singlepoint/PBE_D3
Ir100,CH3,beef_vdw,-2.89,-2.10056053,-2.26,-0.78943947,0.1594394699999997,-0.6300000000000003,Cluster policy: Perlmutter first,/pscratch/sd/j/jcho5/VASP/dft_jobs/CH3_Ir100/singlepoint/beef_vdw
Ir100,CH3,pbe,-2.89,-2.08026576,-2.181,-0.80973424,0.10073423999999997,-0.7090000000000001,Cluster policy: Perlmutter first,/pscratch/sd/j/jcho5/VASP/dft_jobs/CH3_Ir100/singlepoint/PBE
Ir100,CH3,pbe_d3,-2.89,-2.36483493,-2.456,-0.5251650700000003,0.09116507000000018,-0.43400000000000016,Cluster policy: Perlmutter first,/pscratch/sd/j/jcho5/VASP/dft_jobs/CH3_Ir100/singlepoint/PBE_D3
Ir100,CO,beef_vdw,-2.7,-2.00209591,-2.131,-0.6979040900000002,0.1289040899999998,-0.5690000000000004,Cluster policy: Perlmutter first,/pscratch/sd/j/jcho5/VASP/dft_jobs/CO_Ir100/singlepoint/beef_vdw
Ir100,CO,pbe,-2.7,-2.15746482,-2.232,-0.5425351800000002,0.07453518000000026,-0.46799999999999997,Cluster policy: Perlmutter first,/pscratch/sd/j/jcho5/VASP/dft_jobs/CO_Ir100/singlepoint/PBE
Ir100,CO,pbe_d3,-2.7,-2.39443964,-2.488,-0.3055603600000003,0.09356036000000012,-0.2120000000000002,Cluster policy: Perlmutter first,/pscratch/sd/j/jcho5/VASP/dft_jobs/CO_Ir100/singlepoint/PBE_D3
Ir100,CO2,pbe,-0.37,0.03559969,-0.024,-0.40559969,0.059599690000000004,-0.346,Cluster policy: Perlmutter first,/pscratch/sd/j/jcho5/VASP/dft_jobs/CO2_Ir100/singlepoint/PBE
Ir100,DME,beef_vdw,-0.48,-0.61456426,-0.736,0.13456426,0.12143574000000001,0.256,Cluster policy: Perlmutter first,/pscratch/sd/j/jcho5/VASP/dft_jobs/CH3OCH3_Ir100/singlepoint/beef_vdw
Ir100,DME,pbe,-0.48,-0.30723141,-0.359,-0.17276859,0.05176859,-0.121,Cluster policy: Perlmutter first,/pscratch/sd/j/jcho5/VASP/dft_jobs/CH3OCH3_Ir100/singlepoint/PBE
Ir100,DME,pbe_d3,-0.48,-0.83829914,-0.915,0.35829914000000007,0.07670085999999998,0.43500000000000005,Cluster policy: Perlmutter first,/pscratch/sd/j/jcho5/VASP/dft_jobs/CH3OCH3_Ir100/singlepoint/PBE_D3
Ir100,H2O,beef_vdw,-0.86,-0.37824473,-0.542,-0.48175527,0.16375527000000006,-0.31799999999999995,Cluster policy: Perlmutter first,/pscratch/sd/j/jcho5/VASP/dft_jobs/H2O_Ir100/singlepoint/beef_vdw
Ir100,H2O,pbe,-0.86,-0.41349575,-0.488,-0.44650425,0.07450425,-0.372,Cluster policy: Perlmutter first,/pscratch/sd/j/jcho5/VASP/dft_jobs/H2O_Ir100/singlepoint/PBE
Ir100,H2O,pbe_d3,-0.86,-0.61948326,-0.706,-0.24051674,0.08651673999999998,-0.15400000000000003,Cluster policy: Perlmutter first,/pscratch/sd/j/jcho5/VASP/dft_jobs/H2O_Ir100/singlepoint/PBE_D3
Ir100,H2S,beef_vdw,-2.86,-2.45910654,-2.591,-0.4008934599999998,0.13189346000000013,-0.2689999999999997,Cluster policy: Perlmutter first,/pscratch/sd/j/jcho5/VASP/dft_jobs/H2S_Ir100/singlepoint/beef_vdw
Ir100,H2S,pbe,-2.86,-2.52847488,-2.603,-0.3315251199999998,0.07452512000000011,-0.2569999999999997,Cluster policy: Perlmutter first,/pscratch/sd/j/jcho5/VASP/dft_jobs/H2S_Ir100/singlepoint/PBE
Ir100,H2S,pbe_d3,-2.86,-2.99609815,-3.086,0.13609815000000003,0.08990184999999995,0.22599999999999998,Cluster policy: Perlmutter first,/pscratch/sd/j/jcho5/VASP/dft_jobs/H2S_Ir100/singlepoint/PBE_D3
Ir100,N2,beef_vdw,-0.79,-0.69047165,-0.805,-0.09952835000000004,0.11452835000000006,0.015000000000000013,Cluster policy: Perlmutter first,/pscratch/sd/j/jcho5/VASP/dft_jobs/N2_Ir100/singlepoint/beef_vdw
Ir100,N2,pbe,-0.79,-0.74653628,-0.81,-0.043463719999999983,0.06346372,0.020000000000000018,Cluster policy: Perlmutter first,/pscratch/sd/j/jcho5/VASP/dft_jobs/N2_Ir100/singlepoint/PBE
Ir100,N2,pbe_d3,-0.79,-0.98582786,-1.057,0.19582785999999996,0.07117213999999994,0.2669999999999999,Cluster policy: Perlmutter first,/pscratch/sd/j/jcho5/VASP/dft_jobs/N2_Ir100/singlepoint/PBE_D3
Ir100,NH3,beef_vdw,-1.7,-1.18237606,-1.332,-0.51762394,0.14962394000000012,-0.3679999999999999,Cluster policy: Perlmutter first,/pscratch/sd/j/jcho5/VASP/dft_jobs/NH3_Ir100/singlepoint/beef_vdw
Ir100,NH3,pbe,-1.7,-1.21027134,-1.29,-0.4897286599999999,0.07972866,-0.4099999999999999,Cluster policy: Perlmutter first,/pscratch/sd/j/jcho5/VASP/dft_jobs/NH3_Ir100/singlepoint/PBE
Ir100,NH3,pbe_d3,-1.7,-1.5086897,-1.585,-0.19131030000000004,0.07631030000000005,-0.11499999999999999,Cluster policy: Perlmutter first,/pscratch/sd/j/jcho5/VASP/dft_jobs/NH3_Ir100/singlepoint/PBE_D3
Ir100,NO,pbe,-2.83,-2.99852035,-3.067,0.1685203500000001,0.06847965,0.2370000000000001,Cluster policy: Perlmutter first,/pscratch/sd/j/jcho5/VASP/dft_jobs/NO_Ir100/singlepoint/PBE
Ir100,NO,pbe_d3,-2.83,-3.21820796,-3.309,0.3882079599999999,0.09079204000000018,0.4790000000000001,Cluster policy: Perlmutter first,/pscratch/sd/j/jcho5/VASP/dft_jobs/NO_Ir100/singlepoint/PBE_D3
Ir100,SO2,beef_vdw,-2.12,-2.08802381,-2.264,-0.03197618999999996,0.17597618999999964,0.14399999999999968,Cluster policy: Perlmutter first,/pscratch/sd/j/jcho5/VASP/dft_jobs/SO2_Ir100/singlepoint/beef_vdw
Ir100,SO2,pbe,-2.12,-2.1281236,-2.254,0.008123599999999787,0.1258764000000001,0.1339999999999999,Cluster policy: Perlmutter first,/pscratch/sd/j/jcho5/VASP/dft_jobs/SO2_Ir100/singlepoint/PBE
Ir100,SO2,pbe_d3,-2.12,-2.66146397,-2.783,0.5414639699999997,0.12153603000000013,0.6629999999999998,Cluster policy: Perlmutter first,/pscratch/sd/j/jcho5/VASP/dft_jobs/SO2_Ir100/singlepoint/PBE_D3
Ir100,acetaldehyde,beef_vdw,-0.74,-0.64106409,-0.77,-0.09893591000000002,0.12893591000000004,0.030000000000000027,Cluster policy: Perlmutter first,/pscratch/sd/j/jcho5/VASP/dft_jobs/CH3CHO_Ir100/singlepoint/beef_vdw
Ir100,acetaldehyde,pbe,-0.74,-0.51450519,-0.586,-0.22549481000000005,0.07149481000000002,-0.15400000000000003,Cluster policy: Perlmutter first,/pscratch/sd/j/jcho5/VASP/dft_jobs/CH3CHO_Ir100/singlepoint/PBE
Ir100,acetaldehyde,pbe_d3,-0.74,-0.86488452,-0.946,0.12488452000000005,0.0811154799999999,0.20599999999999996,Cluster policy: Perlmutter first,/pscratch/sd/j/jcho5/VASP/dft_jobs/CH3CHO_Ir100/singlepoint/PBE_D3
Ir100,acetic_acid,beef_vdw,-1.04,-0.65166612,-0.902,-0.38833388,0.25033388,-0.138,Cluster policy: Perlmutter first,/pscratch/sd/j/jcho5/VASP/dft_jobs/CH3COOH_Ir100/singlepoint/beef_vdw
Ir100,ethane,beef_vdw,-0.45,-0.17989859,-0.313,-0.27010141,0.13310141,-0.137,Cluster policy: Perlmutter first,/pscratch/sd/j/jcho5/VASP/dft_jobs/C2H6_Ir100/singlepoint/beef_vdw
Ir100,ethane,pbe,-0.45,0.07815157,-0.003,-0.52815157,0.08115157,-0.447,Cluster policy: Perlmutter first,/pscratch/sd/j/jcho5/VASP/dft_jobs/C2H6_Ir100/singlepoint/PBE
Ir100,ethane,pbe_d3,-0.45,-0.30913907,-0.383,-0.14086093,0.07386092999999999,-0.067,Cluster policy: Perlmutter first,/pscratch/sd/j/jcho5/VASP/dft_jobs/C2H6_Ir100/singlepoint/PBE_D3
Ir100,ethanol,beef_vdw,-0.79,-0.67214811,-0.828,-0.11785189000000007,0.15585189,0.03799999999999992,Cluster policy: Perlmutter first,/pscratch/sd/j/jcho5/VASP/dft_jobs/CH3CH2OH_Ir100/singlepoint/beef_vdw
Ir100,ethanol,pbe,-0.79,-0.45563868,-0.533,-0.33436132,0.07736132000000001,-0.257,Cluster policy: Perlmutter first,/pscratch/sd/j/jcho5/VASP/dft_jobs/CH3CH2OH_Ir100/singlepoint/PBE
Ir100,ethanol,pbe_d3,-0.79,-0.95032646,-1.031,0.16032645999999995,0.08067353999999993,0.24099999999999988,Cluster policy: Perlmutter first,/pscratch/sd/j/jcho5/VASP/dft_jobs/CH3CH2OH_Ir100/singlepoint/PBE_D3
Ir100,ethene,beef_vdw,-2.16,-1.12376583,-1.381,-1.0362341700000002,0.25723417000000004,-0.7790000000000001,Cluster policy: Perlmutter first,/pscratch/sd/j/jcho5/VASP/dft_jobs/C2H4_Ir100/singlepoint/beef_vdw
Ir100,ethene,pbe,-2.16,-1.27408169,-1.407,-0.8859183100000001,0.13291830999999998,-0.7530000000000001,Cluster policy: Perlmutter first,/pscratch/sd/j/jcho5/VASP/dft_jobs/C2H4_Ir100/singlepoint/PBE
Ir100,ethene,pbe_d3,-2.16,-1.77991331,-1.937,-0.38008669000000017,0.15708669000000008,-0.2230000000000001,Cluster policy: Perlmutter first,/pscratch/sd/j/jcho5/VASP/dft_jobs/C2H4_Ir100/singlepoint/PBE_D3
Ir100,formaldehyde,pbe,-1.75,-1.20864388,-1.32,-0.5413561200000001,0.11135612000000017,-0.42999999999999994,Cluster policy: Perlmutter first,/pscratch/sd/j/jcho5/VASP/dft_jobs/H2CO_Ir100/singlepoint/PBE
Ir100,formaldehyde,pbe_d3,-1.75,-1.5390001,-1.657,-0.21099990000000002,0.11799990000000005,-0.09299999999999997,Cluster policy: Perlmutter first,/pscratch/sd/j/jcho5/VASP/dft_jobs/H2CO_Ir100/singlepoint/PBE_D3
Ir100,formic_acid,beef_vdw,-1.02,-0.46762815,-0.797,-0.55237185,0.32937185,-0.22299999999999998,Cluster policy: Perlmutter first,/pscratch/sd/j/jcho5/VASP/dft_jobs/HCOOH_Ir100/singlepoint/beef_vdw
Ir100,formic_acid,pbe,-1.02,-0.44082209,-0.66,-0.5791779100000001,0.21917791000000003,-0.36,Cluster policy: Perlmutter first,/pscratch/sd/j/jcho5/VASP/dft_jobs/HCOOH_Ir100/singlepoint/PBE
Ir100,formic_acid,pbe_d3,-1.02,-0.8255191,-1.032,-0.19448090000000007,0.20648090000000008,0.01200000000000001,Cluster policy: Perlmutter first,/pscratch/sd/j/jcho5/VASP/dft_jobs/HCOOH_Ir100/singlepoint/PBE_D3
Ir100,methane,beef_vdw,-0.6,-0.04043284,-0.204,-0.55956716,0.16356716,-0.396,Cluster policy: Perlmutter first,/pscratch/sd/j/jcho5/VASP/dft_jobs/CH4_Ir100/singlepoint/beef_vdw
Ir100,methane,pbe,-0.6,0.12309211,-0.0,-0.72309211,0.12309211,-0.6,Cluster policy: Perlmutter first,/pscratch/sd/j/jcho5/VASP/dft_jobs/CH4_Ir100/singlepoint/PBE
Ir100,methane,pbe_d3,-0.6,-0.12608391,-0.2,-0.47391609,0.07391609000000002,-0.39999999999999997,Cluster policy: Perlmutter first,/pscratch/sd/j/jcho5/VASP/dft_jobs/CH4_Ir100/singlepoint/PBE_D3
Ir100,methanol,beef_vdw,-0.77,-0.59489061,-0.746,-0.17510939000000003,0.15110939,-0.02400000000000002,Cluster policy: Perlmutter first,/pscratch/sd/j/jcho5/VASP/dft_jobs/CH3OH_Ir100/singlepoint/beef_vdw
Ir100,methanol,pbe,-0.77,-0.46603831,-0.535,-0.30396169,0.06896169000000002,-0.235,Cluster policy: Perlmutter first,/pscratch/sd/j/jcho5/VASP/dft_jobs/CH3OH_Ir100/singlepoint/PBE
Ir100,methanol,pbe_d3,-0.77,-0.83610527,-0.912,0.06610527,0.07589473000000002,0.14200000000000002,Cluster policy: Perlmutter first,/pscratch/sd/j/jcho5/VASP/dft_jobs/CH3OH_Ir100/singlepoint/PBE_D3
Ir110,CH3,beef_vdw,-2.93,-2.35102682,-2.43,-0.5789731800000002,0.0789731800000002,-0.5,Cluster policy: Perlmutter first,/pscratch/sd/j/jcho5/VASP/dft_jobs/CH3_Ir110/singlepoint/beef_vdw
Ir110,CH3,pbe,-2.93,-2.28394882,-2.378,-0.6460511800000002,0.09405118000000012,-0.552,Cluster policy: Perlmutter first,/pscratch/sd/j/jcho5/VASP/dft_jobs/CH3_Ir110/singlepoint/PBE
Ir110,CH3,pbe_d3,-2.93,-2.50487477,-2.625,-0.42512523000000035,0.1201252300000002,-0.30500000000000016,Cluster policy: Perlmutter first,/pscratch/sd/j/jcho5/VASP/dft_jobs/CH3_Ir110/singlepoint/PBE_D3
Ir110,CH3,r2scan,-2.93,-2.18059187,-2.274,-0.74940813,0.09340812999999981,-0.6560000000000001,Cluster policy: Perlmutter first,/pscratch/sd/j/jcho5/VASP/dft_jobs/CH3_Ir110/singlepoint/r2scan
Ir110,CO,beef_vdw,-2.77,-2.0493515,-2.209,-0.7206484999999998,0.15964849999999986,-0.5609999999999999,Cluster policy: Perlmutter first,/pscratch/sd/j/jcho5/VASP/dft_jobs/CO_Ir110/singlepoint/beef_vdw
Ir110,CO,pbe,-2.77,-2.15307618,-2.322,-0.6169238200000002,0.16892382000000028,-0.44799999999999995,Cluster policy: Perlmutter first,/pscratch/sd/j/jcho5/VASP/dft_jobs/CO_Ir110/singlepoint/PBE
Ir110,CO,pbe_d3,-2.77,-2.35561234,-2.532,-0.41438766000000005,0.17638766000000006,-0.238,Cluster policy: Perlmutter first,/pscratch/sd/j/jcho5/VASP/dft_jobs/CO_Ir110/singlepoint/PBE_D3
Ir110,CO2,beef_vdw,-0.43,-0.26628873,-0.307,-0.16371127000000002,0.04071127000000002,-0.123,Cluster policy: Perlmutter first,/pscratch/sd/j/jcho5/VASP/dft_jobs/CO2_Ir110/singlepoint/beef_vdw
Ir110,CO2,pbe,-0.43,0.01425373,-0.041,-0.44425373,0.05525373,-0.389,Cluster policy: Perlmutter first,/pscratch/sd/j/jcho5/VASP/dft_jobs/CO2_Ir110/singlepoint/PBE
Ir110,CO2,r2scan,-0.43,-0.05939664,-0.12,-0.37060336,0.060603359999999995,-0.31,Cluster policy: Perlmutter first,/pscratch/sd/j/jcho5/VASP/dft_jobs/CO2_Ir110/singlepoint/r2scan
Ir110,DME,beef_vdw,-0.64,-0.89116866,-0.952,0.25116865999999993,0.06083134000000001,0.31199999999999994,Cluster policy: Perlmutter first,/pscratch/sd/j/jcho5/VASP/dft_jobs/CH3OCH3_Ir110/singlepoint/beef_vdw
Ir110,DME,pbe,-0.64,-0.49595715,-0.555,-0.14404285,0.059042850000000036,-0.08499999999999996,Cluster policy: Perlmutter first,/pscratch/sd/j/jcho5/VASP/dft_jobs/CH3OCH3_Ir110/singlepoint/PBE
Ir110,DME,pbe_d3,-0.64,-1.01034103,-1.124,0.37034102999999996,0.11365897000000014,0.4840000000000001,Cluster policy: Perlmutter first,/pscratch/sd/j/jcho5/VASP/dft_jobs/CH3OCH3_Ir110/singlepoint/PBE_D3
Ir110,DME,r2scan,-0.64,-0.69526785,-0.751,0.05526785000000001,0.05573214999999998,0.11099999999999999,Cluster policy: Perlmutter first,/pscratch/sd/j/jcho5/VASP/dft_jobs/CH3OCH3_Ir110/singlepoint/r2scan
Ir110,H2O,beef_vdw,-1.01,-0.59914013,-0.686,-0.41085987,0.08685987000000006,-0.32399999999999995,Cluster policy: Perlmutter first,/pscratch/sd/j/jcho5/VASP/dft_jobs/H2O_Ir110/singlepoint/beef_vdw
Ir110,H2O,pbe,-1.01,-0.54753202,-0.612,-0.46246798,0.06446797999999998,-0.398,Cluster policy: Perlmutter first,/pscratch/sd/j/jcho5/VASP/dft_jobs/H2O_Ir110/singlepoint/PBE
Ir110,H2O,pbe_d3,-1.01,-0.75146265,-0.859,-0.25853735,0.10753734999999998,-0.15100000000000002,Cluster policy: Perlmutter first,/pscratch/sd/j/jcho5/VASP/dft_jobs/H2O_Ir110/singlepoint/PBE_D3
Ir110,H2O,r2scan,-1.01,-0.5886448,-0.744,-0.42135520000000004,0.15535520000000003,-0.266,Cluster policy: Perlmutter first,/pscratch/sd/j/jcho5/VASP/dft_jobs/H2O_Ir110/singlepoint/r2scan
Ir110,H2S,beef_vdw,-2.79,-2.66724344,-2.759,-0.12275656000000001,0.09175655999999988,-0.03100000000000014,Cluster policy: Perlmutter first,/pscratch/sd/j/jcho5/VASP/dft_jobs/H2S_Ir110/singlepoint/beef_vdw
Ir110,H2S,pbe,-2.79,-2.6286016,-2.712,-0.16139839999999994,0.0833984000000001,-0.07799999999999985,Cluster policy: Perlmutter first,/pscratch/sd/j/jcho5/VASP/dft_jobs/H2S_Ir110/singlepoint/PBE
Ir110,H2S,pbe_d3,-2.79,-3.03571524,-3.161,0.24571524,0.12528476,0.371,Cluster policy: Perlmutter first,/pscratch/sd/j/jcho5/VASP/dft_jobs/H2S_Ir110/singlepoint/PBE_D3
Ir110,H2S,r2scan,-2.79,-2.61769293,-2.868,-0.17230707,0.25030706999999985,0.07799999999999985,Cluster policy: Perlmutter first,/pscratch/sd/j/jcho5/VASP/dft_jobs/H2S_Ir110/singlepoint/r2scan
Ir110,N2,beef_vdw,-0.8,-1.03456527,-1.08,0.23456527000000005,0.04543472999999998,0.28,Cluster policy: Perlmutter first,/pscratch/sd/j/jcho5/VASP/dft_jobs/N2_Ir110/singlepoint/beef_vdw
Ir110,N2,pbe,-0.8,-1.02221322,-1.099,0.22221322,0.07678677999999994,0.29899999999999993,Cluster policy: Perlmutter first,/pscratch/sd/j/jcho5/VASP/dft_jobs/N2_Ir110/singlepoint/PBE
Ir110,N2,pbe_d3,-0.8,-1.22373351,-1.34,0.4237335099999999,0.11626649000000011,0.54,Cluster policy: Perlmutter first,/pscratch/sd/j/jcho5/VASP/dft_jobs/N2_Ir110/singlepoint/PBE_D3
Ir110,NH3,beef_vdw,-1.64,-1.2188212,-1.305,-0.42117879999999985,0.08617879999999989,-0.33499999999999996,Cluster policy: Perlmutter first,/pscratch/sd/j/jcho5/VASP/dft_jobs/NH3_Ir110/singlepoint/beef_vdw
Ir110,NH3,pbe,-1.64,-1.152968,-1.221,-0.4870319999999999,0.06803200000000009,-0.4189999999999998,Cluster policy: Perlmutter first,/pscratch/sd/j/jcho5/VASP/dft_jobs/NH3_Ir110/singlepoint/PBE
Ir110,NH3,pbe_d3,-1.64,-1.42074267,-1.509,-0.2192573299999998,0.0882573299999998,-0.131,Cluster policy: Perlmutter first,/pscratch/sd/j/jcho5/VASP/dft_jobs/NH3_Ir110/singlepoint/PBE_D3
Ir110,NH3,r2scan,-1.64,-1.19496738,-1.321,-0.4450326199999999,0.12603261999999993,-0.31899999999999995,Cluster policy: Perlmutter first,/pscratch/sd/j/jcho5/VASP/dft_jobs/NH3_Ir110/singlepoint/r2scan
Ir110,NO,pbe,-3.11,-3.17848161,-3.261,0.06848161000000008,0.08251839000000016,0.15100000000000025,Cluster policy: Perlmutter first,/pscratch/sd/j/jcho5/VASP/dft_jobs/NO_Ir110/singlepoint/PBE
Ir110,NO,pbe_d3,-3.11,-3.36537516,-3.463,0.25537516000000027,0.09762483999999994,0.3530000000000002,Cluster policy: Perlmutter first,/pscratch/sd/j/jcho5/VASP/dft_jobs/NO_Ir110/singlepoint/PBE_D3
Ir110,SO2,beef_vdw,-2.39,-2.40644069,-2.49,0.016440690000000036,0.08355931000000005,0.10000000000000009,Cluster policy: Perlmutter first,/pscratch/sd/j/jcho5/VASP/dft_jobs/SO2_Ir110/singlepoint/beef_vdw
Ir110,SO2,pbe,-2.39,-2.27528667,-2.382,-0.11471333000000028,0.10671333000000027,-0.008000000000000007,Cluster policy: Perlmutter first,/pscratch/sd/j/jcho5/VASP/dft_jobs/SO2_Ir110/singlepoint/PBE
Ir110,SO2,pbe_d3,-2.39,-2.78678317,-2.915,0.39678316999999996,0.12821682999999995,0.5249999999999999,Cluster policy: Perlmutter first,/pscratch/sd/j/jcho5/VASP/dft_jobs/SO2_Ir110/singlepoint/PBE_D3
Ir110,SO2,r2scan,-2.39,-2.50243768,-2.696,0.11243767999999976,0.1935623200000003,0.30600000000000005,Cluster policy: Perlmutter first,/pscratch/sd/j/jcho5/VASP/dft_jobs/SO2_Ir110/singlepoint/r2scan
Ir110,acetaldehyde,beef_vdw,-0.84,-0.90172076,-0.95,0.06172076000000004,0.048279239999999946,0.10999999999999999,Cluster policy: Perlmutter first,/pscratch/sd/j/jcho5/VASP/dft_jobs/CH3CHO_Ir110/singlepoint/beef_vdw
Ir110,acetaldehyde,pbe,-0.84,-0.7045846,-0.788,-0.13541539999999996,0.08341540000000003,-0.051999999999999935,Cluster policy: Perlmutter first,/pscratch/sd/j/jcho5/VASP/dft_jobs/CH3CHO_Ir110/singlepoint/PBE
Ir110,acetaldehyde,pbe_d3,-0.84,-0.98990775,-1.117,0.14990775,0.12709225000000002,0.277,Cluster policy: Perlmutter first,/pscratch/sd/j/jcho5/VASP/dft_jobs/CH3CHO_Ir110/singlepoint/PBE_D3
Ir110,acetaldehyde,r2scan,-0.84,-0.76953598,-0.868,-0.07046401999999996,0.09846401999999999,0.028000000000000025,Cluster policy: Perlmutter first,/pscratch/sd/j/jcho5/VASP/dft_jobs/CH3CHO_Ir110/singlepoint/r2scan
Ir110,acetic_acid,beef_vdw,-0.95,-1.01664711,-1.107,0.06664711000000012,0.09035288999999991,0.15700000000000003,Cluster policy: Perlmutter first,/pscratch/sd/j/jcho5/VASP/dft_jobs/CH3COOH_Ir110/singlepoint/beef_vdw
Ir110,acetic_acid,r2scan,-0.95,-0.85642516,-1.089,-0.09357483999999994,0.23257483999999995,0.139,Cluster policy: Perlmutter first,/pscratch/sd/j/jcho5/VASP/dft_jobs/CH3COOH_Ir110/singlepoint/r2scan
Ir110,ethane,beef_vdw,-0.51,-0.36680554,-0.412,-0.14319446000000002,0.04519445999999999,-0.09800000000000003,Cluster policy: Perlmutter first,/pscratch/sd/j/jcho5/VASP/dft_jobs/C2H6_Ir110/singlepoint/beef_vdw
Ir110,ethane,pbe,-0.51,-0.02136002,-0.079,-0.48863998000000003,0.05763998,-0.431,Cluster policy: Perlmutter first,/pscratch/sd/j/jcho5/VASP/dft_jobs/C2H6_Ir110/singlepoint/PBE
Ir110,ethane,pbe_d3,-0.51,-0.37265304,-0.632,-0.13734696000000002,0.25934696,0.122,Cluster policy: Perlmutter first,/pscratch/sd/j/jcho5/VASP/dft_jobs/C2H6_Ir110/singlepoint/PBE_D3
Ir110,ethane,r2scan,-0.51,-0.11159803,-0.188,-0.39840197,0.07640197,-0.322,Cluster policy: Perlmutter first,/pscratch/sd/j/jcho5/VASP/dft_jobs/C2H6_Ir110/singlepoint/r2scan
Ir110,ethanol,beef_vdw,-0.95,-0.94306851,-1.023,-0.006931489999999929,0.07993148999999988,0.07299999999999995,Cluster policy: Perlmutter first,/pscratch/sd/j/jcho5/VASP/dft_jobs/CH3CH2OH_Ir110/singlepoint/beef_vdw
Ir110,ethanol,pbe,-0.95,-0.63087128,-0.701,-0.3191287199999999,0.07012871999999992,-0.249,Cluster policy: Perlmutter first,/pscratch/sd/j/jcho5/VASP/dft_jobs/CH3CH2OH_Ir110/singlepoint/PBE
Ir110,ethanol,pbe_d3,-0.95,-1.09495918,-1.211,0.14495918000000008,0.11604082000000004,0.2610000000000001,Cluster policy: Perlmutter first,/pscratch/sd/j/jcho5/VASP/dft_jobs/CH3CH2OH_Ir110/singlepoint/PBE_D3
Ir110,ethanol,r2scan,-0.95,-0.74324792,-0.879,-0.20675208,0.13575208000000005,-0.07099999999999995,Cluster policy: Perlmutter first,/pscratch/sd/j/jcho5/VASP/dft_jobs/CH3CH2OH_Ir110/singlepoint/r2scan
Ir110,ethene,beef_vdw,-2.25,-1.72489856,-1.876,-0.52510144,0.15110143999999992,-0.3740000000000001,Cluster policy: Perlmutter first,/pscratch/sd/j/jcho5/VASP/dft_jobs/C2H4_Ir110/singlepoint/beef_vdw
Ir110,ethene,pbe,-2.25,-1.60123354,-1.804,-0.64876646,0.2027664600000001,-0.44599999999999995,Cluster policy: Perlmutter first,/pscratch/sd/j/jcho5/VASP/dft_jobs/C2H4_Ir110/singlepoint/PBE
Ir110,ethene,pbe_d3,-2.25,-2.00771159,-2.185,-0.24228841,0.17728841000000006,-0.06499999999999995,Cluster policy: Perlmutter first,/pscratch/sd/j/jcho5/VASP/dft_jobs/C2H4_Ir110/singlepoint/PBE_D3
Ir110,ethene,r2scan,-2.25,-1.70577094,-1.878,-0.5442290599999999,0.17222905999999982,-0.3720000000000001,Cluster policy: Perlmutter first,/pscratch/sd/j/jcho5/VASP/dft_jobs/C2H4_Ir110/singlepoint/r2scan
Ir110,formaldehyde,beef_vdw,-2.04,-1.66812451,-1.872,-0.3718754900000001,0.20387549000000016,-0.16799999999999993,Cluster policy: Perlmutter first,/pscratch/sd/j/jcho5/VASP/dft_jobs/H2CO_Ir110/singlepoint/beef_vdw
Ir110,formaldehyde,r2scan,-2.04,-1.70111068,-1.885,-0.33888932000000005,0.18388932000000002,-0.15500000000000003,Cluster policy: Perlmutter first,/pscratch/sd/j/jcho5/VASP/dft_jobs/H2CO_Ir110/singlepoint/r2scan
Ir110,formic_acid,beef_vdw,-1.08,-0.64704828,-1.035,-0.43295172000000004,0.3879517199999999,-0.04500000000000015,Cluster policy: Perlmutter first,/pscratch/sd/j/jcho5/VASP/dft_jobs/HCOOH_Ir110/singlepoint/beef_vdw
Ir110,formic_acid,pbe,-1.08,-0.5166825,-0.866,-0.5633175,0.34931749999999995,-0.21400000000000008,Cluster policy: Perlmutter first,/pscratch/sd/j/jcho5/VASP/dft_jobs/HCOOH_Ir110/singlepoint/PBE
Ir110,formic_acid,pbe_d3,-1.08,-0.87186128,-1.266,-0.2081387200000001,0.39413872000000005,0.18599999999999994,Cluster policy: Perlmutter first,/pscratch/sd/j/jcho5/VASP/dft_jobs/HCOOH_Ir110/singlepoint/PBE_D3
Ir110,methane,beef_vdw,-0.6,-0.19827344,-0.23,-0.40172655999999995,0.031726560000000015,-0.37,Cluster policy: Perlmutter first,/pscratch/sd/j/jcho5/VASP/dft_jobs/CH4_Ir110/singlepoint/beef_vdw
Ir110,methane,pbe,-0.6,0.02473465,-0.026,-0.62473465,0.05073465,-0.574,Cluster policy: Perlmutter first,/pscratch/sd/j/jcho5/VASP/dft_jobs/CH4_Ir110/singlepoint/PBE
Ir110,methane,pbe_d3,-0.6,-0.15448124,-0.246,-0.44551876,0.09151876,-0.354,Cluster policy: Perlmutter first,/pscratch/sd/j/jcho5/VASP/dft_jobs/CH4_Ir110/singlepoint/PBE_D3
Ir110,methane,r2scan,-0.6,-0.01482713,-0.095,-0.58517287,0.08017287000000001,-0.505,Cluster policy: Perlmutter first,/pscratch/sd/j/jcho5/VASP/dft_jobs/CH4_Ir110/singlepoint/r2scan
Ir110,methanol,beef_vdw,-0.9,-0.81303628,-0.893,-0.08696372000000008,0.07996372000000007,-0.007000000000000006,Cluster policy: Perlmutter first,/pscratch/sd/j/jcho5/VASP/dft_jobs/CH3OH_Ir110/singlepoint/beef_vdw
Ir110,methanol,pbe,-0.9,-0.60744007,-0.683,-0.29255993,0.07555993000000005,-0.21699999999999997,Cluster policy: Perlmutter first,/pscratch/sd/j/jcho5/VASP/dft_jobs/CH3OH_Ir110/singlepoint/PBE
Ir110,methanol,pbe_d3,-0.9,-0.95409422,-1.077,0.05409421999999997,0.12290577999999996,0.17699999999999994,Cluster policy: Perlmutter first,/pscratch/sd/j/jcho5/VASP/dft_jobs/CH3OH_Ir110/singlepoint/PBE_D3
Ir110,methanol,r2scan,-0.9,-0.67609826,-0.828,-0.22390174000000007,0.15190174,-0.07200000000000006,Cluster policy: Perlmutter first,/pscratch/sd/j/jcho5/VASP/dft_jobs/CH3OH_Ir110/singlepoint/r2scan
Ir111,CH3,beef_vdw,-2.61,-1.90929114,-1.941,-0.7007088599999998,0.03170885999999995,-0.6689999999999998,Cluster policy: Perlmutter first,/pscratch/sd/j/jcho5/VASP/dft_jobs/CH3_Ir111/singlepoint/beef_vdw
Ir111,CH3,pbe,-2.61,-1.79643634,-1.838,-0.8135636599999998,0.04156366,-0.7719999999999998,Cluster policy: Perlmutter first,/pscratch/sd/j/jcho5/VASP/dft_jobs/CH3_Ir111/singlepoint/PBE
Ir111,CH3,pbe_d3,-2.61,-1.90996866,-2.141,-0.7000313399999998,0.23103133999999992,-0.46899999999999986,Cluster policy: Perlmutter first,/pscratch/sd/j/jcho5/VASP/dft_jobs/CH3_Ir111/singlepoint/PBE_D3
Ir111,CH3,r2scan,-2.61,-1.60703633,-1.807,-1.00296367,0.19996367000000004,-0.8029999999999999,Cluster policy: Perlmutter first,/pscratch/sd/j/jcho5/VASP/dft_jobs/CH3_Ir111/singlepoint/r2scan
Ir111,CO,beef_vdw,-2.4,-1.49268401,-1.55,-0.9073159899999999,0.05731598999999998,-0.8499999999999999,Cluster policy: Perlmutter first,/pscratch/sd/j/jcho5/VASP/dft_jobs/CO_Ir111/singlepoint/beef_vdw
Ir111,CO,pbe,-2.4,-1.53175888,-1.611,-0.86824112,0.07924112000000005,-0.7889999999999999,Cluster policy: Perlmutter first,/pscratch/sd/j/jcho5/VASP/dft_jobs/CO_Ir111/singlepoint/PBE
Ir111,CO,pbe_d3,-2.4,-1.5570883,-1.859,-0.8429116999999999,0.3019117,-0.5409999999999999,Cluster policy: Perlmutter first,/pscratch/sd/j/jcho5/VASP/dft_jobs/CO_Ir111/singlepoint/PBE_D3
Ir111,CO2,beef_vdw,-0.4,-0.24536332,-0.26,-0.15463668000000003,0.014636680000000013,-0.14,Cluster policy: Perlmutter first,/pscratch/sd/j/jcho5/VASP/dft_jobs/CO2_Ir111/singlepoint/beef_vdw
Ir111,CO2,pbe,-0.4,0.04658465,-0.006,-0.44658465,0.05258465,-0.394,Cluster policy: Perlmutter first,/pscratch/sd/j/jcho5/VASP/dft_jobs/CO2_Ir111/singlepoint/PBE
Ir111,CO2,r2scan,-0.4,0.14610648,-0.081,-0.5461064800000001,0.22710648,-0.319,Cluster policy: Perlmutter first,/pscratch/sd/j/jcho5/VASP/dft_jobs/CO2_Ir111/singlepoint/r2scan
Ir111,DME,beef_vdw,-0.43,-0.58705258,-0.626,0.15705258000000005,0.038947419999999955,0.196,Cluster policy: Perlmutter first,/pscratch/sd/j/jcho5/VASP/dft_jobs/CH3OCH3_Ir111/singlepoint/beef_vdw
Ir111,DME,pbe,-0.43,-0.16653728,-0.208,-0.26346272,0.04146271999999998,-0.222,Cluster policy: Perlmutter first,/pscratch/sd/j/jcho5/VASP/dft_jobs/CH3OCH3_Ir111/singlepoint/PBE
Ir111,DME,pbe_d3,-0.43,-0.53503094,-0.769,0.10503093999999996,0.23396906000000006,0.339,Cluster policy: Perlmutter first,/pscratch/sd/j/jcho5/VASP/dft_jobs/CH3OCH3_Ir111/singlepoint/PBE_D3
Ir111,H2O,beef_vdw,-0.8,-0.35655901,-0.421,-0.44344099000000003,0.06444098999999998,-0.37900000000000006,Cluster policy: Perlmutter first,/pscratch/sd/j/jcho5/VASP/dft_jobs/H2O_Ir111/singlepoint/beef_vdw
Ir111,H2O,pbe,-0.8,-0.25754896,-0.311,-0.54245104,0.053451040000000005,-0.48900000000000005,Cluster policy: Perlmutter first,/pscratch/sd/j/jcho5/VASP/dft_jobs/H2O_Ir111/singlepoint/PBE
Ir111,H2O,pbe_d3,-0.8,-0.29557049,-0.556,-0.50442951,0.26042951000000003,-0.244,Cluster policy: Perlmutter first,/pscratch/sd/j/jcho5/VASP/dft_jobs/H2O_Ir111/singlepoint/PBE_D3
Ir111,H2O,r2scan,-0.8,-0.25349886,-0.488,-0.54650114,0.23450114,-0.31200000000000006,Cluster policy: Perlmutter first,/pscratch/sd/j/jcho5/VASP/dft_jobs/H2O_Ir111/singlepoint/r2scan
Ir111,H2S,beef_vdw,-1.13,-0.84153663,-0.898,-0.2884633699999999,0.05646337000000001,-0.23199999999999987,Cluster policy: Perlmutter first,/pscratch/sd/j/jcho5/VASP/dft_jobs/H2S_Ir111/singlepoint/beef_vdw
Ir111,H2S,pbe,-1.13,-0.67359452,-0.742,-0.4564054799999999,0.06840548000000002,-0.3879999999999999,Cluster policy: Perlmutter first,/pscratch/sd/j/jcho5/VASP/dft_jobs/H2S_Ir111/singlepoint/PBE
Ir111,H2S,pbe_d3,-1.13,-0.90489088,-1.172,-0.22510911999999994,0.26710912,0.04200000000000004,Cluster policy: Perlmutter first,/pscratch/sd/j/jcho5/VASP/dft_jobs/H2S_Ir111/singlepoint/PBE_D3
Ir111,H2S,r2scan,-1.13,-0.68506087,-0.933,-0.44493912999999985,0.24793913,-0.19699999999999984,Cluster policy: Perlmutter first,/pscratch/sd/j/jcho5/VASP/dft_jobs/H2S_Ir111/singlepoint/r2scan
Ir111,N2,beef_vdw,-0.61,-0.39413564,-0.432,-0.21586435999999998,0.037864359999999986,-0.178,Cluster policy: Perlmutter first,/pscratch/sd/j/jcho5/VASP/dft_jobs/N2_Ir111/singlepoint/beef_vdw
Ir111,N2,pbe,-0.61,-0.33032854,-0.393,-0.27967146,0.06267146000000001,-0.21699999999999997,Cluster policy: Perlmutter first,/pscratch/sd/j/jcho5/VASP/dft_jobs/N2_Ir111/singlepoint/PBE
Ir111,N2,pbe_d3,-0.61,-0.39859868,-0.675,-0.21140132,0.27640132000000006,0.06500000000000006,Cluster policy: Perlmutter first,/pscratch/sd/j/jcho5/VASP/dft_jobs/N2_Ir111/singlepoint/PBE_D3
Ir111,NH3,beef_vdw,-1.57,-1.0349227,-1.078,-0.5350773,0.043077299999999985,-0.492,Cluster policy: Perlmutter first,/pscratch/sd/j/jcho5/VASP/dft_jobs/NH3_Ir111/singlepoint/beef_vdw
Ir111,NH3,pbe,-1.57,-0.93990692,-0.989,-0.6300930800000001,0.04909308000000001,-0.5810000000000001,Cluster policy: Perlmutter first,/pscratch/sd/j/jcho5/VASP/dft_jobs/NH3_Ir111/singlepoint/PBE
Ir111,NH3,pbe_d3,-1.57,-1.05853721,-1.318,-0.5114627900000002,0.25946279000000017,-0.252,Cluster policy: Perlmutter first,/pscratch/sd/j/jcho5/VASP/dft_jobs/NH3_Ir111/singlepoint/PBE_D3
Ir111,NH3,r2scan,-1.57,-0.93806648,-1.178,-0.63193352,0.2399335199999999,-0.3920000000000001,Cluster policy: Perlmutter first,/pscratch/sd/j/jcho5/VASP/dft_jobs/NH3_Ir111/singlepoint/r2scan
Ir111,NO,pbe,-2.5,-2.17715663,-2.253,-0.3228433700000002,0.0758433700000003,-0.2469999999999999,Cluster policy: Perlmutter first,/pscratch/sd/j/jcho5/VASP/dft_jobs/NO_Ir111/singlepoint/PBE
Ir111,NO,pbe_d3,-2.5,-2.21602287,-2.508,-0.2839771299999998,0.2919771299999998,0.008000000000000007,Cluster policy: Perlmutter first,/pscratch/sd/j/jcho5/VASP/dft_jobs/NO_Ir111/singlepoint/PBE_D3
Ir111,SO2,beef_vdw,-1.45,-1.21702612,-1.266,-0.23297387999999986,0.048973879999999914,-0.18399999999999994,Cluster policy: Perlmutter first,/pscratch/sd/j/jcho5/VASP/dft_jobs/SO2_Ir111/singlepoint/beef_vdw
Ir111,SO2,pbe,-1.45,-0.99736542,-1.061,-0.45263458,0.06363458,-0.389,Cluster policy: Perlmutter first,/pscratch/sd/j/jcho5/VASP/dft_jobs/SO2_Ir111/singlepoint/PBE
Ir111,SO2,pbe_d3,-1.45,-1.34011303,-1.601,-0.10988697000000003,0.26088697000000005,0.15100000000000002,Cluster policy: Perlmutter first,/pscratch/sd/j/jcho5/VASP/dft_jobs/SO2_Ir111/singlepoint/PBE_D3
Ir111,SO2,r2scan,-1.45,-1.26724951,-1.511,-0.18275048999999988,0.24375048999999982,0.06099999999999994,Cluster policy: Perlmutter first,/pscratch/sd/j/jcho5/VASP/dft_jobs/SO2_Ir111/singlepoint/r2scan
Ir111,acetaldehyde,beef_vdw,-0.64,-0.55673326,-0.593,-0.08326674,0.036266739999999964,-0.04700000000000004,Cluster policy: Perlmutter first,/pscratch/sd/j/jcho5/VASP/dft_jobs/CH3CHO_Ir111/singlepoint/beef_vdw
Ir111,acetaldehyde,pbe,-0.64,-0.30770385,-0.354,-0.33229615,0.04629614999999998,-0.28600000000000003,Cluster policy: Perlmutter first,/pscratch/sd/j/jcho5/VASP/dft_jobs/CH3CHO_Ir111/singlepoint/PBE
Ir111,acetaldehyde,pbe_d3,-0.64,-0.47766926,-0.728,-0.16233074000000003,0.25033074,0.08799999999999997,Cluster policy: Perlmutter first,/pscratch/sd/j/jcho5/VASP/dft_jobs/CH3CHO_Ir111/singlepoint/PBE_D3
Ir111,acetaldehyde,r2scan,-0.64,-0.35561052,-0.583,-0.28438948000000003,0.22738947999999998,-0.05700000000000005,Cluster policy: Perlmutter first,/pscratch/sd/j/jcho5/VASP/dft_jobs/CH3CHO_Ir111/singlepoint/r2scan
Ir111,acetic_acid,beef_vdw,-0.83,-0.59820043,-0.666,-0.23179956999999995,0.06779957000000003,-0.16399999999999992,Cluster policy: Perlmutter first,/pscratch/sd/j/jcho5/VASP/dft_jobs/CH3COOH_Ir111/singlepoint/beef_vdw
Ir111,ethane,beef_vdw,-0.38,-0.25091594,-0.314,-0.12908406,0.06308406,-0.066,Cluster policy: Perlmutter first,/pscratch/sd/j/jcho5/VASP/dft_jobs/C2H6_Ir111/singlepoint/beef_vdw
Ir111,ethane,pbe,-0.38,0.10152203,-0.005,-0.48152203,0.10652203,-0.375,Cluster policy: Perlmutter first,/pscratch/sd/j/jcho5/VASP/dft_jobs/C2H6_Ir111/singlepoint/PBE
Ir111,ethane,pbe_d3,-0.38,-0.09655536,-0.346,-0.28344464,0.24944463999999997,-0.03400000000000003,Cluster policy: Perlmutter first,/pscratch/sd/j/jcho5/VASP/dft_jobs/C2H6_Ir111/singlepoint/PBE_D3
Ir111,ethane,r2scan,-0.38,0.15574542,-0.073,-0.53574542,0.22874541999999998,-0.307,Cluster policy: Perlmutter first,/pscratch/sd/j/jcho5/VASP/dft_jobs/C2H6_Ir111/singlepoint/r2scan
Ir111,ethanol,beef_vdw,-0.64,-0.62171747,-0.685,-0.01828253000000002,0.06328253000000006,0.04500000000000004,Cluster policy: Perlmutter first,/pscratch/sd/j/jcho5/VASP/dft_jobs/CH3CH2OH_Ir111/singlepoint/beef_vdw
Ir111,ethanol,pbe,-0.64,-0.27851533,-0.335,-0.36148467,0.056484670000000015,-0.305,Cluster policy: Perlmutter first,/pscratch/sd/j/jcho5/VASP/dft_jobs/CH3CH2OH_Ir111/singlepoint/PBE
Ir111,ethanol,pbe_d3,-0.64,-0.61807213,-0.868,-0.02192786999999996,0.24992786999999994,0.22799999999999998,Cluster policy: Perlmutter first,/pscratch/sd/j/jcho5/VASP/dft_jobs/CH3CH2OH_Ir111/singlepoint/PBE_D3
Ir111,ethanol,r2scan,-0.64,-0.37808172,-0.6,-0.26191828,0.22191827999999997,-0.040000000000000036,Cluster policy: Perlmutter first,/pscratch/sd/j/jcho5/VASP/dft_jobs/CH3CH2OH_Ir111/singlepoint/r2scan
Ir111,ethene,beef_vdw,-1.37,-0.92279659,-1.006,-0.4472034100000001,0.08320340999999998,-0.3640000000000001,Cluster policy: Perlmutter first,/pscratch/sd/j/jcho5/VASP/dft_jobs/C2H4_Ir111/singlepoint/beef_vdw
Ir111,ethene,pbe,-1.37,-0.70634766,-0.794,-0.6636523400000001,0.08765234,-0.5760000000000001,Cluster policy: Perlmutter first,/pscratch/sd/j/jcho5/VASP/dft_jobs/C2H4_Ir111/singlepoint/PBE
Ir111,ethene,pbe_d3,-1.37,-0.97690933,-1.262,-0.3930906700000001,0.28509067,-0.1080000000000001,Cluster policy: Perlmutter first,/pscratch/sd/j/jcho5/VASP/dft_jobs/C2H4_Ir111/singlepoint/PBE_D3
Ir111,ethene,r2scan,-1.37,-0.79731384,-1.061,-0.57268616,0.2636861599999999,-0.30900000000000016,Cluster policy: Perlmutter first,/pscratch/sd/j/jcho5/VASP/dft_jobs/C2H4_Ir111/singlepoint/r2scan
Ir111,formaldehyde,beef_vdw,-0.6,-0.41431549,-0.465,-0.18568450999999997,0.050684510000000016,-0.13499999999999995,Cluster policy: Perlmutter first,/pscratch/sd/j/jcho5/VASP/dft_jobs/H2CO_Ir111/singlepoint/beef_vdw
Ir111,formaldehyde,pbe,-0.6,-0.22111016,-0.273,-0.37888984,0.05188984000000002,-0.32699999999999996,Cluster policy: Perlmutter first,/pscratch/sd/j/jcho5/VASP/dft_jobs/H2CO_Ir111/singlepoint/PBE
Ir111,formaldehyde,pbe_d3,-0.6,-0.33927872,-0.594,-0.26072128,0.25472128,-0.006000000000000005,Cluster policy: Perlmutter first,/pscratch/sd/j/jcho5/VASP/dft_jobs/H2CO_Ir111/singlepoint/PBE_D3
Ir111,formic_acid,beef_vdw,-0.84,-0.31051896,-0.555,-0.52948104,0.24448104000000004,-0.2849999999999999,Cluster policy: Perlmutter first,/pscratch/sd/j/jcho5/VASP/dft_jobs/HCOOH_Ir111/singlepoint/beef_vdw
Ir111,formic_acid,pbe,-0.84,-0.13938862,-0.347,-0.70061138,0.20761137999999998,-0.493,Cluster policy: Perlmutter first,/pscratch/sd/j/jcho5/VASP/dft_jobs/HCOOH_Ir111/singlepoint/PBE
Ir111,formic_acid,pbe_d3,-0.84,-0.34985568,-0.751,-0.49014431999999997,0.40114432,-0.08899999999999997,Cluster policy: Perlmutter first,/pscratch/sd/j/jcho5/VASP/dft_jobs/HCOOH_Ir111/singlepoint/PBE_D3
Ir111,methane,beef_vdw,-0.53,-0.15009521,-0.214,-0.37990479,0.06390478999999999,-0.31600000000000006,Cluster policy: Perlmutter first,/pscratch/sd/j/jcho5/VASP/dft_jobs/CH4_Ir111/singlepoint/beef_vdw
Ir111,methane,pbe,-0.53,0.09639814,-0.0,-0.62639814,0.09639814,-0.53,Cluster policy: Perlmutter first,/pscratch/sd/j/jcho5/VASP/dft_jobs/CH4_Ir111/singlepoint/PBE
Ir111,methane,pbe_d3,-0.53,0.03089303,-0.215,-0.56089303,0.24589302999999998,-0.31500000000000006,Cluster policy: Perlmutter first,/pscratch/sd/j/jcho5/VASP/dft_jobs/CH4_Ir111/singlepoint/PBE_D3
Ir111,methane,r2scan,-0.53,0.18288162,-0.043,-0.71288162,0.22588162,-0.48700000000000004,Cluster policy: Perlmutter first,/pscratch/sd/j/jcho5/VASP/dft_jobs/CH4_Ir111/singlepoint/r2scan
Ir111,methanol,beef_vdw,-0.7,-0.55218589,-0.602,-0.14781411,0.04981411000000002,-0.09799999999999998,Cluster policy: Perlmutter first,/pscratch/sd/j/jcho5/VASP/dft_jobs/CH3OH_Ir111/singlepoint/beef_vdw
Ir111,methanol,pbe,-0.7,-0.29621644,-0.344,-0.40378355999999993,0.04778355999999995,-0.356,Cluster policy: Perlmutter first,/pscratch/sd/j/jcho5/VASP/dft_jobs/CH3OH_Ir111/singlepoint/PBE
Ir111,methanol,pbe_d3,-0.7,-0.49606017,-0.754,-0.20393982999999993,0.25793983,0.05400000000000005,Cluster policy: Perlmutter first,/pscratch/sd/j/jcho5/VASP/dft_jobs/CH3OH_Ir111/singlepoint/PBE_D3
Pd100,CH3,beef_vdw,-2.5,-1.71733077,-1.832,-0.78266923,0.11466923000000007,-0.6679999999999999,Cluster policy: Perlmutter first,/pscratch/sd/j/jcho5/VASP/dft_jobs/CH3_Pd100/singlepoint/beef_vdw
Pd100,CH3,pbe,-2.5,-1.75271134,-1.777,-0.7472886599999999,0.02428865999999985,-0.7230000000000001,Cluster policy: Perlmutter first,/pscratch/sd/j/jcho5/VASP/dft_jobs/CH3_Pd100/singlepoint/PBE
Pd100,CH3,pbe_d3,-2.5,-1.94110485,-2.014,-0.5588951499999999,0.07289514999999969,-0.4860000000000002,Cluster policy: Perlmutter first,/pscratch/sd/j/jcho5/VASP/dft_jobs/CH3_Pd100/singlepoint/PBE_D3
Pd100,CH3,r2scan,-2.5,-1.70562172,-1.752,-0.7943782800000001,0.046378280000000105,-0.748,Cluster policy: Perlmutter first,/pscratch/sd/j/jcho5/VASP/dft_jobs/CH3_Pd100/singlepoint/r2scan
Pd100,CO,beef_vdw,-2.31,-1.71241143,-1.801,-0.5975885700000001,0.08858856999999998,-0.5090000000000001,Cluster policy: Perlmutter first,/pscratch/sd/j/jcho5/VASP/dft_jobs/CO_Pd100/singlepoint/beef_vdw
Pd100,CO,pbe,-2.31,-1.9003768,-1.917,-0.40962319999999997,0.01662319999999995,-0.393,Cluster policy: Perlmutter first,/pscratch/sd/j/jcho5/VASP/dft_jobs/CO_Pd100/singlepoint/PBE
Pd100,CO,pbe_d3,-2.31,-2.04963368,-2.143,-0.26036632000000015,0.09336631999999989,-0.16700000000000026,Cluster policy: Perlmutter first,/pscratch/sd/j/jcho5/VASP/dft_jobs/CO_Pd100/singlepoint/PBE_D3
Pd100,CO,r2scan,-2.31,-1.95895544,-2.014,-0.35104456000000006,0.0550445599999998,-0.29600000000000026,Cluster policy: Perlmutter first,/pscratch/sd/j/jcho5/VASP/dft_jobs/CO_Pd100/singlepoint/r2scan
Pd100,CO2,beef_vdw,-0.47,-0.18688402,-0.266,-0.28311597999999993,0.07911598,-0.20399999999999996,Cluster policy: Perlmutter first,/pscratch/sd/j/jcho5/VASP/dft_jobs/CO2_Pd100/singlepoint/beef_vdw
Pd100,CO2,pbe,-0.47,-0.01207989,-0.022,-0.45792011,0.00992011,-0.44799999999999995,Cluster policy: Perlmutter first,/pscratch/sd/j/jcho5/VASP/dft_jobs/CO2_Pd100/singlepoint/PBE
Pd100,DME,beef_vdw,-0.51,-0.44700684,-0.599,-0.06299315999999999,0.15199315999999996,0.08899999999999997,Cluster policy: Perlmutter first,/pscratch/sd/j/jcho5/VASP/dft_jobs/CH3OCH3_Pd100/singlepoint/beef_vdw
Pd100,DME,pbe,-0.51,-0.14307042,-0.207,-0.36692958,0.06392957999999999,-0.30300000000000005,Cluster policy: Perlmutter first,/pscratch/sd/j/jcho5/VASP/dft_jobs/CH3OCH3_Pd100/singlepoint/PBE
Pd100,DME,pbe_d3,-0.51,-0.57436157,-0.687,0.06436156999999998,0.11263843000000007,0.17700000000000005,Cluster policy: Perlmutter first,/pscratch/sd/j/jcho5/VASP/dft_jobs/CH3OCH3_Pd100/singlepoint/PBE_D3
Pd100,DME,r2scan,-0.51,-0.37293964,-0.445,-0.13706036,0.07206035999999999,-0.065,Cluster policy: Perlmutter first,/pscratch/sd/j/jcho5/VASP/dft_jobs/CH3OCH3_Pd100/singlepoint/r2scan
Pd100,H2O,beef_vdw,-0.73,-0.25090488,-0.369,-0.47909512,0.11809512,-0.361,Cluster policy: Perlmutter first,/pscratch/sd/j/jcho5/VASP/dft_jobs/H2O_Pd100/singlepoint/beef_vdw
Pd100,H2O,pbe,-0.73,-0.25076614,-0.269,-0.47923385999999996,0.01823385999999999,-0.46099999999999997,Cluster policy: Perlmutter first,/pscratch/sd/j/jcho5/VASP/dft_jobs/H2O_Pd100/singlepoint/PBE
Pd100,H2O,pbe_d3,-0.73,-0.3726507,-0.474,-0.3573493,0.10134929999999998,-0.256,Cluster policy: Perlmutter first,/pscratch/sd/j/jcho5/VASP/dft_jobs/H2O_Pd100/singlepoint/PBE_D3
Pd100,H2O,r2scan,-0.73,-0.31588847,-0.386,-0.41411153,0.07011153000000003,-0.344,Cluster policy: Perlmutter first,/pscratch/sd/j/jcho5/VASP/dft_jobs/H2O_Pd100/singlepoint/r2scan
Pd100,H2S,beef_vdw,-1.21,-0.62021642,-0.866,-0.58978358,0.24578358,-0.344,Cluster policy: Perlmutter first,/pscratch/sd/j/jcho5/VASP/dft_jobs/H2S_Pd100/singlepoint/beef_vdw
Pd100,H2S,pbe,-1.21,-0.74108388,-0.765,-0.46891611999999994,0.023916119999999985,-0.44499999999999995,Cluster policy: Perlmutter first,/pscratch/sd/j/jcho5/VASP/dft_jobs/H2S_Pd100/singlepoint/PBE
Pd100,H2S,pbe_d3,-1.21,-1.07419411,-1.179,-0.13580588999999987,0.10480588999999996,-0.030999999999999917,Cluster policy: Perlmutter first,/pscratch/sd/j/jcho5/VASP/dft_jobs/H2S_Pd100/singlepoint/PBE_D3
Pd100,H2S,r2scan,-1.21,-0.84409418,-0.913,-0.36590581999999994,0.06890582,-0.29699999999999993,Cluster policy: Perlmutter first,/pscratch/sd/j/jcho5/VASP/dft_jobs/H2S_Pd100/singlepoint/r2scan
Pd100,N2,pbe,-0.48,-0.32656179,-0.345,-0.15343820999999996,0.018438209999999955,-0.135,Cluster policy: Perlmutter first,/pscratch/sd/j/jcho5/VASP/dft_jobs/N2_Pd100/singlepoint/PBE
Pd100,N2,pbe_d3,-0.48,-0.48601101,-0.568,0.006011010000000039,0.08198898999999993,0.08799999999999997,Cluster policy: Perlmutter first,/pscratch/sd/j/jcho5/VASP/dft_jobs/N2_Pd100/singlepoint/PBE_D3
Pd100,N2,r2scan,-0.48,-0.35872429,-0.417,-0.12127570999999998,0.05827570999999998,-0.063,Cluster policy: Perlmutter first,/pscratch/sd/j/jcho5/VASP/dft_jobs/N2_Pd100/singlepoint/r2scan
Pd100,NH3,beef_vdw,-1.34,-0.75652703,-0.865,-0.5834729700000001,0.10847297,-0.4750000000000001,Cluster policy: Perlmutter first,/pscratch/sd/j/jcho5/VASP/dft_jobs/NH3_Pd100/singlepoint/beef_vdw
Pd100,NH3,pbe,-1.34,-0.76385793,-0.788,-0.5761420700000001,0.024142070000000015,-0.552,Cluster policy: Perlmutter first,/pscratch/sd/j/jcho5/VASP/dft_jobs/NH3_Pd100/singlepoint/PBE
Pd100,NH3,pbe_d3,-1.34,-0.9465615,-1.041,-0.39343850000000014,0.09443849999999998,-0.29900000000000015,Cluster policy: Perlmutter first,/pscratch/sd/j/jcho5/VASP/dft_jobs/NH3_Pd100/singlepoint/PBE_D3
Pd100,NH3,r2scan,-1.34,-0.83571188,-0.903,-0.5042881200000001,0.06728812000000006,-0.43700000000000006,Cluster policy: Perlmutter first,/pscratch/sd/j/jcho5/VASP/dft_jobs/NH3_Pd100/singlepoint/r2scan
Pd100,NO,pbe,-2.37,-2.44344871,-2.459,0.07344871000000008,0.015551289999999884,0.08899999999999997,Cluster policy: Perlmutter first,/pscratch/sd/j/jcho5/VASP/dft_jobs/NO_Pd100/singlepoint/PBE
Pd100,NO,pbe_d3,-2.37,-2.58619985,-2.687,0.21619984999999975,0.10080014999999998,0.3169999999999997,Cluster policy: Perlmutter first,/pscratch/sd/j/jcho5/VASP/dft_jobs/NO_Pd100/singlepoint/PBE_D3
Pd100,SO2,beef_vdw,-1.68,-1.31025942,-1.457,-0.36974058,0.14674058000000012,-0.22299999999999986,Cluster policy: Perlmutter first,/pscratch/sd/j/jcho5/VASP/dft_jobs/SO2_Pd100/singlepoint/beef_vdw
Pd100,SO2,pbe,-1.68,-1.32549624,-1.355,-0.35450375999999983,0.02950375999999988,-0.32499999999999996,Cluster policy: Perlmutter first,/pscratch/sd/j/jcho5/VASP/dft_jobs/SO2_Pd100/singlepoint/PBE
Pd100,SO2,pbe_d3,-1.68,-1.78923212,-1.887,0.10923212000000015,0.09776787999999992,0.20700000000000007,Cluster policy: Perlmutter first,/pscratch/sd/j/jcho5/VASP/dft_jobs/SO2_Pd100/singlepoint/PBE_D3
Pd100,SO2,r2scan,-1.68,-1.74165176,-1.805,0.061651760000000166,0.06334823999999983,0.125,Cluster policy: Perlmutter first,/pscratch/sd/j/jcho5/VASP/dft_jobs/SO2_Pd100/singlepoint/r2scan
Pd100,acetaldehyde,beef_vdw,-0.71,-0.38083534,-0.537,-0.32916465999999994,0.15616466,-0.17299999999999993,Cluster policy: Perlmutter first,/pscratch/sd/j/jcho5/VASP/dft_jobs/CH3CHO_Pd100/singlepoint/beef_vdw
Pd100,acetaldehyde,pbe,-0.71,-0.21207698,-0.266,-0.49792302,0.053923020000000016,-0.44399999999999995,Cluster policy: Perlmutter first,/pscratch/sd/j/jcho5/VASP/dft_jobs/CH3CHO_Pd100/singlepoint/PBE
Pd100,acetaldehyde,pbe_d3,-0.71,-0.55283531,-0.644,-0.15716469,0.09116469000000005,-0.06599999999999995,Cluster policy: Perlmutter first,/pscratch/sd/j/jcho5/VASP/dft_jobs/CH3CHO_Pd100/singlepoint/PBE_D3
Pd100,acetaldehyde,r2scan,-0.71,-0.38059053,-0.442,-0.32940947,0.06140947000000002,-0.26799999999999996,Cluster policy: Perlmutter first,/pscratch/sd/j/jcho5/VASP/dft_jobs/CH3CHO_Pd100/singlepoint/r2scan
Pd100,acetic_acid,beef_vdw,-0.78,-0.60518939,-0.679,-0.17481060999999998,0.07381061,-0.10099999999999998,Cluster policy: Perlmutter first,/pscratch/sd/j/jcho5/VASP/dft_jobs/CH3COOH_Pd100/singlepoint/beef_vdw
Pd100,acetic_acid,r2scan,-0.78,-0.55018729,-0.627,-0.22981271000000003,0.07681271,-0.15300000000000002,Cluster policy: Perlmutter first,/pscratch/sd/j/jcho5/VASP/dft_jobs/CH3COOH_Pd100/singlepoint/r2scan
Pd100,ethane,beef_vdw,-0.51,-0.09230295,-0.324,-0.41769705,0.23169705000000002,-0.186,Cluster policy: Perlmutter first,/pscratch/sd/j/jcho5/VASP/dft_jobs/C2H6_Pd100/singlepoint/beef_vdw
Pd100,ethane,pbe,-0.51,0.07715775,-0.046,-0.58715775,0.12315775,-0.464,Cluster policy: Perlmutter first,/pscratch/sd/j/jcho5/VASP/dft_jobs/C2H6_Pd100/singlepoint/PBE
Pd100,ethane,pbe_d3,-0.51,-0.21177963,-0.409,-0.29822037,0.19722036999999998,-0.10100000000000003,Cluster policy: Perlmutter first,/pscratch/sd/j/jcho5/VASP/dft_jobs/C2H6_Pd100/singlepoint/PBE_D3
Pd100,ethane,r2scan,-0.51,-0.06338165,-0.2,-0.44661835,0.13661835,-0.31,Cluster policy: Perlmutter first,/pscratch/sd/j/jcho5/VASP/dft_jobs/C2H6_Pd100/singlepoint/r2scan
Pd100,ethanol,beef_vdw,-0.71,-0.43335996,-0.595,-0.27664004,0.16164003999999998,-0.11499999999999999,Cluster policy: Perlmutter first,/pscratch/sd/j/jcho5/VASP/dft_jobs/CH3CH2OH_Pd100/singlepoint/beef_vdw
Pd100,ethanol,pbe,-0.71,-0.23061055,-0.276,-0.47938945,0.045389450000000026,-0.43399999999999994,Cluster policy: Perlmutter first,/pscratch/sd/j/jcho5/VASP/dft_jobs/CH3CH2OH_Pd100/singlepoint/PBE
Pd100,ethanol,pbe_d3,-0.71,-0.56705121,-0.729,-0.14294878999999994,0.16194878999999995,0.019000000000000017,Cluster policy: Perlmutter first,/pscratch/sd/j/jcho5/VASP/dft_jobs/CH3CH2OH_Pd100/singlepoint/PBE_D3
Pd100,ethene,beef_vdw,-1.44,-0.90755563,-1.046,-0.53244437,0.1384443700000001,-0.3939999999999999,Cluster policy: Perlmutter first,/pscratch/sd/j/jcho5/VASP/dft_jobs/C2H4_Pd100/singlepoint/beef_vdw
Pd100,ethene,pbe,-1.44,-0.83719779,-0.885,-0.6028022099999999,0.047802209999999956,-0.5549999999999999,Cluster policy: Perlmutter first,/pscratch/sd/j/jcho5/VASP/dft_jobs/C2H4_Pd100/singlepoint/PBE
Pd100,ethene,pbe_d3,-1.44,-1.1755671,-1.288,-0.26443289999999986,0.11243289999999995,-0.1519999999999999,Cluster policy: Perlmutter first,/pscratch/sd/j/jcho5/VASP/dft_jobs/C2H4_Pd100/singlepoint/PBE_D3
Pd100,ethene,r2scan,-1.44,-1.05925891,-1.137,-0.3807410899999999,0.07774108999999996,-0.30299999999999994,Cluster policy: Perlmutter first,/pscratch/sd/j/jcho5/VASP/dft_jobs/C2H4_Pd100/singlepoint/r2scan
Pd100,formaldehyde,beef_vdw,-1.22,-0.38181194,-0.706,-0.83818806,0.32418805999999994,-0.514,Cluster policy: Perlmutter first,/pscratch/sd/j/jcho5/VASP/dft_jobs/H2CO_Pd100/singlepoint/beef_vdw
Pd100,formaldehyde,pbe,-1.22,-0.54269455,-0.579,-0.67730545,0.03630544999999996,-0.641,Cluster policy: Perlmutter first,/pscratch/sd/j/jcho5/VASP/dft_jobs/H2CO_Pd100/singlepoint/PBE
Pd100,formaldehyde,pbe_d3,-1.22,-0.79287108,-0.92,-0.42712892,0.1271289200000001,-0.29999999999999993,Cluster policy: Perlmutter first,/pscratch/sd/j/jcho5/VASP/dft_jobs/H2CO_Pd100/singlepoint/PBE_D3
Pd100,formaldehyde,r2scan,-1.22,-0.78554698,-0.883,-0.43445301999999997,0.09745302,-0.33699999999999997,Cluster policy: Perlmutter first,/pscratch/sd/j/jcho5/VASP/dft_jobs/H2CO_Pd100/singlepoint/r2scan
Pd100,formic_acid,beef_vdw,-0.73,-0.53897525,-0.617,-0.19102474999999997,0.07802474999999998,-0.11299999999999999,Cluster policy: Perlmutter first,/pscratch/sd/j/jcho5/VASP/dft_jobs/HCOOH_Pd100/singlepoint/beef_vdw
Pd100,formic_acid,pbe,-0.73,-0.41248506,-0.422,-0.31751493999999997,0.009514939999999972,-0.308,Cluster policy: Perlmutter first,/pscratch/sd/j/jcho5/VASP/dft_jobs/HCOOH_Pd100/singlepoint/PBE
Pd100,formic_acid,pbe_d3,-0.73,-0.67376903,-0.777,-0.05623096999999999,0.10323097000000003,0.04700000000000004,Cluster policy: Perlmutter first,/pscratch/sd/j/jcho5/VASP/dft_jobs/HCOOH_Pd100/singlepoint/PBE_D3
Pd100,methane,beef_vdw,-0.61,-0.09744018,-0.218,-0.51255982,0.12055982,-0.392,Cluster policy: Perlmutter first,/pscratch/sd/j/jcho5/VASP/dft_jobs/CH4_Pd100/singlepoint/beef_vdw
Pd100,methane,pbe,-0.61,0.03726568,-0.016,-0.64726568,0.05326568,-0.594,Cluster policy: Perlmutter first,/pscratch/sd/j/jcho5/VASP/dft_jobs/CH4_Pd100/singlepoint/PBE
Pd100,methane,pbe_d3,-0.61,-0.12636224,-0.233,-0.48363776,0.10663776000000003,-0.377,Cluster policy: Perlmutter first,/pscratch/sd/j/jcho5/VASP/dft_jobs/CH4_Pd100/singlepoint/PBE_D3
Pd100,methane,r2scan,-0.61,-0.03246171,-0.098,-0.57753829,0.06553829,-0.512,Cluster policy: Perlmutter first,/pscratch/sd/j/jcho5/VASP/dft_jobs/CH4_Pd100/singlepoint/r2scan
Pd100,methanol,beef_vdw,-0.64,-0.38772863,-0.517,-0.25227137,0.12927137,-0.123,Cluster policy: Perlmutter first,/pscratch/sd/j/jcho5/VASP/dft_jobs/CH3OH_Pd100/singlepoint/beef_vdw
Pd100,methanol,pbe,-0.64,-0.24074305,-0.276,-0.39925695000000005,0.03525695000000004,-0.364,Cluster policy: Perlmutter first,/pscratch/sd/j/jcho5/VASP/dft_jobs/CH3OH_Pd100/singlepoint/PBE
Pd100,methanol,pbe_d3,-0.64,-0.5155704,-0.61,-0.12442960000000003,0.0944296,-0.030000000000000027,Cluster policy: Perlmutter first,/pscratch/sd/j/jcho5/VASP/dft_jobs/CH3OH_Pd100/singlepoint/PBE_D3
Pd100,methanol,r2scan,-0.64,-0.38910644,-0.45,-0.25089356,0.06089356000000001,-0.19,Cluster policy: Perlmutter first,/pscratch/sd/j/jcho5/VASP/dft_jobs/CH3OH_Pd100/singlepoint/r2scan
Pd110,CH3,beef_vdw,-2.49,-1.90833591,-1.947,-0.5816640900000003,0.03866409000000015,-0.5430000000000001,Cluster policy: Perlmutter first,/pscratch/sd/j/jcho5/VASP/dft_jobs/CH3_Pd110/singlepoint/beef_vdw
Pd110,CH3,pbe,-2.49,-1.89967679,-1.918,-0.5903232100000002,0.018323209999999923,-0.5720000000000003,Cluster policy: Perlmutter first,/pscratch/sd/j/jcho5/VASP/dft_jobs/CH3_Pd110/singlepoint/PBE
Pd110,CH3,pbe_d3,-2.49,-2.11638725,-2.159,-0.3736127500000004,0.04261274999999998,-0.3310000000000004,Cluster policy: Perlmutter first,/pscratch/sd/j/jcho5/VASP/dft_jobs/CH3_Pd110/singlepoint/PBE_D3
Pd110,CH3,r2scan,-2.49,-1.81418584,-1.877,-0.6758141600000003,0.06281416000000006,-0.6130000000000002,Cluster policy: Perlmutter first,/pscratch/sd/j/jcho5/VASP/dft_jobs/CH3_Pd110/singlepoint/r2scan
Pd110,CO,beef_vdw,-2.27,-1.85724076,-1.911,-0.41275923999999997,0.053759239999999986,-0.359,Cluster policy: Perlmutter first,/pscratch/sd/j/jcho5/VASP/dft_jobs/CO_Pd110/singlepoint/beef_vdw
Pd110,CO,pbe,-2.27,-2.02782026,-2.057,-0.2421797400000001,0.02917974000000001,-0.21300000000000008,Cluster policy: Perlmutter first,/pscratch/sd/j/jcho5/VASP/dft_jobs/CO_Pd110/singlepoint/PBE
Pd110,CO,pbe_d3,-2.27,-2.23423442,-2.262,-0.035765580000000075,0.027765580000000067,-0.008000000000000007,Cluster policy: Perlmutter first,/pscratch/sd/j/jcho5/VASP/dft_jobs/CO_Pd110/singlepoint/PBE_D3
Pd110,CO,r2scan,-2.27,-2.04857329,-2.098,-0.2214267099999998,0.04942670999999965,-0.17200000000000015,Cluster policy: Perlmutter first,/pscratch/sd/j/jcho5/VASP/dft_jobs/CO_Pd110/singlepoint/r2scan
Pd110,CO2,beef_vdw,-0.48,-0.25838171,-0.292,-0.22161829,0.033618289999999995,-0.188,Cluster policy: Perlmutter first,/pscratch/sd/j/jcho5/VASP/dft_jobs/CO2_Pd110/singlepoint/beef_vdw
Pd110,CO2,pbe,-0.48,-0.02428633,-0.037,-0.45571366999999996,0.01271367,-0.443,Cluster policy: Perlmutter first,/pscratch/sd/j/jcho5/VASP/dft_jobs/CO2_Pd110/singlepoint/PBE
Pd110,CO2,r2scan,-0.48,-0.08088278,-0.146,-0.39911722,0.06511721999999999,-0.33399999999999996,Cluster policy: Perlmutter first,/pscratch/sd/j/jcho5/VASP/dft_jobs/CO2_Pd110/singlepoint/r2scan
Pd110,DME,beef_vdw,-0.55,-0.55484809,-0.658,0.004848089999999972,0.10315191000000001,0.10799999999999998,Cluster policy: Perlmutter first,/pscratch/sd/j/jcho5/VASP/dft_jobs/CH3OCH3_Pd110/singlepoint/beef_vdw
Pd110,DME,pbe,-0.55,-0.22679107,-0.281,-0.32320893000000006,0.054208930000000016,-0.269,Cluster policy: Perlmutter first,/pscratch/sd/j/jcho5/VASP/dft_jobs/CH3OCH3_Pd110/singlepoint/PBE
Pd110,DME,pbe_d3,-0.55,-0.71110789,-0.763,0.16110788999999992,0.05189211000000005,0.21299999999999997,Cluster policy: Perlmutter first,/pscratch/sd/j/jcho5/VASP/dft_jobs/CH3OCH3_Pd110/singlepoint/PBE_D3
Pd110,DME,r2scan,-0.55,-0.50666817,-0.579,-0.04333183000000007,0.07233182999999999,0.028999999999999915,Cluster policy: Perlmutter first,/pscratch/sd/j/jcho5/VASP/dft_jobs/CH3OCH3_Pd110/singlepoint/r2scan
Pd110,H2O,pbe,-0.86,-0.35199579,-0.377,-0.50800421,0.025004210000000027,-0.483,Cluster policy: Perlmutter first,/pscratch/sd/j/jcho5/VASP/dft_jobs/H2O_Pd110/singlepoint/PBE
Pd110,H2O,pbe_d3,-0.86,-0.5541563,-0.601,-0.30584369999999994,0.04684369999999993,-0.259,Cluster policy: Perlmutter first,/pscratch/sd/j/jcho5/VASP/dft_jobs/H2O_Pd110/singlepoint/PBE_D3
Pd110,H2O,r2scan,-0.86,-0.47680006,-0.549,-0.38319993999999996,0.07219994000000002,-0.31099999999999994,Cluster policy: Perlmutter first,/pscratch/sd/j/jcho5/VASP/dft_jobs/H2O_Pd110/singlepoint/r2scan
Pd110,H2S,beef_vdw,-1.25,-0.9191751,-0.984,-0.3308249,0.06482489999999996,-0.266,Cluster policy: Perlmutter first,/pscratch/sd/j/jcho5/VASP/dft_jobs/H2S_Pd110/singlepoint/beef_vdw
Pd110,H2S,pbe,-1.25,-0.90654312,-0.945,-0.34345687999999996,0.038456879999999916,-0.30500000000000005,Cluster policy: Perlmutter first,/pscratch/sd/j/jcho5/VASP/dft_jobs/H2S_Pd110/singlepoint/PBE
Pd110,H2S,pbe_d3,-1.25,-1.32390978,-1.387,0.07390977999999992,0.06309022000000009,0.137,Cluster policy: Perlmutter first,/pscratch/sd/j/jcho5/VASP/dft_jobs/H2S_Pd110/singlepoint/PBE_D3
Pd110,H2S,r2scan,-1.25,-0.98484371,-1.069,-0.26515628999999996,0.08415628999999991,-0.18100000000000005,Cluster policy: Perlmutter first,/pscratch/sd/j/jcho5/VASP/dft_jobs/H2S_Pd110/singlepoint/r2scan
Pd110,N2,pbe,-0.54,-0.42308773,-0.443,-0.11691227000000004,0.01991227000000001,-0.09700000000000003,Cluster policy: Perlmutter first,/pscratch/sd/j/jcho5/VASP/dft_jobs/N2_Pd110/singlepoint/PBE
Pd110,N2,pbe_d3,-0.54,-0.61654204,-0.665,0.07654203999999998,0.04845796000000002,0.125,Cluster policy: Perlmutter first,/pscratch/sd/j/jcho5/VASP/dft_jobs/N2_Pd110/singlepoint/PBE_D3
Pd110,NH3,pbe,-1.39,-0.79967257,-0.822,-0.5903274299999999,0.022327429999999926,-0.568,Cluster policy: Perlmutter first,/pscratch/sd/j/jcho5/VASP/dft_jobs/NH3_Pd110/singlepoint/PBE
Pd110,NH3,pbe_d3,-1.39,-1.03990118,-1.095,-0.3500988199999999,0.05509881999999999,-0.29499999999999993,Cluster policy: Perlmutter first,/pscratch/sd/j/jcho5/VASP/dft_jobs/NH3_Pd110/singlepoint/PBE_D3
Pd110,NH3,r2scan,-1.39,-0.81322729,-0.891,-0.5767727099999999,0.07777270999999997,-0.4989999999999999,Cluster policy: Perlmutter first,/pscratch/sd/j/jcho5/VASP/dft_jobs/NH3_Pd110/singlepoint/r2scan
Pd110,NO,pbe,-2.41,-2.6646032,-2.689,0.25460320000000003,0.024396799999999885,0.2789999999999999,Cluster policy: Perlmutter first,/pscratch/sd/j/jcho5/VASP/dft_jobs/NO_Pd110/singlepoint/PBE
Pd110,NO,pbe_d3,-2.41,-2.84926928,-2.891,0.43926928,0.04173071999999989,0.48099999999999987,Cluster policy: Perlmutter first,/pscratch/sd/j/jcho5/VASP/dft_jobs/NO_Pd110/singlepoint/PBE_D3
Pd110,SO2,beef_vdw,-1.66,-1.65543304,-1.729,-0.004566960000000009,0.07356696000000018,0.06900000000000017,Cluster policy: Perlmutter first,/pscratch/sd/j/jcho5/VASP/dft_jobs/SO2_Pd110/singlepoint/beef_vdw
Pd110,SO2,pbe,-1.66,-1.5213807,-1.594,-0.1386193,0.07261930000000016,-0.06599999999999984,Cluster policy: Perlmutter first,/pscratch/sd/j/jcho5/VASP/dft_jobs/SO2_Pd110/singlepoint/PBE
Pd110,SO2,pbe_d3,-1.66,-2.05555761,-2.139,0.3955576100000002,0.08344238999999964,0.47899999999999987,Cluster policy: Perlmutter first,/pscratch/sd/j/jcho5/VASP/dft_jobs/SO2_Pd110/singlepoint/PBE_D3
Pd110,SO2,r2scan,-1.66,-1.89819077,-2.01,0.2381907700000001,0.11180922999999976,0.34999999999999987,Cluster policy: Perlmutter first,/pscratch/sd/j/jcho5/VASP/dft_jobs/SO2_Pd110/singlepoint/r2scan
Pd110,acetaldehyde,beef_vdw,-0.8,-0.48516368,-0.555,-0.31483632000000006,0.06983632000000006,-0.245,Cluster policy: Perlmutter first,/pscratch/sd/j/jcho5/VASP/dft_jobs/CH3CHO_Pd110/singlepoint/beef_vdw
Pd110,acetaldehyde,pbe,-0.8,-0.2613657,-0.289,-0.5386343,0.0276343,-0.5110000000000001,Cluster policy: Perlmutter first,/pscratch/sd/j/jcho5/VASP/dft_jobs/CH3CHO_Pd110/singlepoint/PBE
Pd110,acetaldehyde,pbe_d3,-0.8,-0.65413163,-0.711,-0.14586837000000008,0.05686837,-0.08900000000000008,Cluster policy: Perlmutter first,/pscratch/sd/j/jcho5/VASP/dft_jobs/CH3CHO_Pd110/singlepoint/PBE_D3
Pd110,acetaldehyde,r2scan,-0.8,-0.45232647,-0.532,-0.34767353000000006,0.07967353000000005,-0.268,Cluster policy: Perlmutter first,/pscratch/sd/j/jcho5/VASP/dft_jobs/CH3CHO_Pd110/singlepoint/r2scan
Pd110,acetic_acid,beef_vdw,-0.85,-0.68968675,-0.739,-0.16031324999999996,0.049313249999999975,-0.11099999999999999,Cluster policy: Perlmutter first,/pscratch/sd/j/jcho5/VASP/dft_jobs/CH3COOH_Pd110/singlepoint/beef_vdw
Pd110,acetic_acid,r2scan,-0.85,-0.65684806,-0.75,-0.19315194000000002,0.09315194000000004,-0.09999999999999998,Cluster policy: Perlmutter first,/pscratch/sd/j/jcho5/VASP/dft_jobs/CH3COOH_Pd110/singlepoint/r2scan
Pd110,ethane,pbe,-0.57,0.04235046,-0.043,-0.6123504599999999,0.08535045999999999,-0.5269999999999999,Cluster policy: Perlmutter first,/pscratch/sd/j/jcho5/VASP/dft_jobs/C2H6_Pd110/singlepoint/PBE
Pd110,ethane,pbe_d3,-0.57,-0.31585503,-0.402,-0.25414496999999997,0.08614497000000004,-0.16799999999999993,Cluster policy: Perlmutter first,/pscratch/sd/j/jcho5/VASP/dft_jobs/C2H6_Pd110/singlepoint/PBE_D3
Pd110,ethanol,beef_vdw,-0.82,-0.56335757,-0.701,-0.25664243,0.13764242999999998,-0.119,Cluster policy: Perlmutter first,/pscratch/sd/j/jcho5/VASP/dft_jobs/CH3CH2OH_Pd110/singlepoint/beef_vdw
Pd110,ethanol,pbe,-0.82,-0.40583903,-0.428,-0.41416096999999996,0.022160970000000002,-0.39199999999999996,Cluster policy: Perlmutter first,/pscratch/sd/j/jcho5/VASP/dft_jobs/CH3CH2OH_Pd110/singlepoint/PBE
Pd110,ethanol,pbe_d3,-0.82,-0.82610276,-0.918,0.006102760000000096,0.09189723999999999,0.09800000000000009,Cluster policy: Perlmutter first,/pscratch/sd/j/jcho5/VASP/dft_jobs/CH3CH2OH_Pd110/singlepoint/PBE_D3
Pd110,ethene,beef_vdw,-1.6,-1.09424086,-1.15,-0.5057591400000001,0.05575913999999993,-0.4500000000000002,Cluster policy: Perlmutter first,/pscratch/sd/j/jcho5/VASP/dft_jobs/C2H4_Pd110/singlepoint/beef_vdw
Pd110,ethene,pbe,-1.6,-0.94946461,-0.97,-0.65053539,0.02053538999999993,-0.6300000000000001,Cluster policy: Perlmutter first,/pscratch/sd/j/jcho5/VASP/dft_jobs/C2H4_Pd110/singlepoint/PBE
Pd110,ethene,pbe_d3,-1.6,-1.33730078,-1.382,-0.26269922,0.04469921999999982,-0.2180000000000002,Cluster policy: Perlmutter first,/pscratch/sd/j/jcho5/VASP/dft_jobs/C2H4_Pd110/singlepoint/PBE_D3
Pd110,ethene,r2scan,-1.6,-1.11819909,-1.175,-0.48180091,0.05680090999999998,-0.42500000000000004,Cluster policy: Perlmutter first,/pscratch/sd/j/jcho5/VASP/dft_jobs/C2H4_Pd110/singlepoint/r2scan
Pd110,formaldehyde,beef_vdw,-1.04,-0.70650766,-0.874,-0.33349234000000005,0.16749234000000002,-0.16600000000000004,Cluster policy: Perlmutter first,/pscratch/sd/j/jcho5/VASP/dft_jobs/H2CO_Pd110/singlepoint/beef_vdw
Pd110,formaldehyde,pbe,-1.04,-0.71812241,-0.82,-0.32187759000000005,0.10187758999999996,-0.22000000000000008,Cluster policy: Perlmutter first,/pscratch/sd/j/jcho5/VASP/dft_jobs/H2CO_Pd110/singlepoint/PBE
Pd110,formaldehyde,pbe_d3,-1.04,-1.03216273,-1.132,-0.007837270000000007,0.09983726999999987,0.09199999999999986,Cluster policy: Perlmutter first,/pscratch/sd/j/jcho5/VASP/dft_jobs/H2CO_Pd110/singlepoint/PBE_D3
Pd110,formaldehyde,r2scan,-1.04,-0.90072359,-1.048,-0.13927641000000002,0.14727641000000002,0.008000000000000007,Cluster policy: Perlmutter first,/pscratch/sd/j/jcho5/VASP/dft_jobs/H2CO_Pd110/singlepoint/r2scan
Pd110,formic_acid,beef_vdw,-0.79,-0.60690622,-0.66,-0.18309377999999998,0.05309377999999998,-0.13,Cluster policy: Perlmutter first,/pscratch/sd/j/jcho5/VASP/dft_jobs/HCOOH_Pd110/singlepoint/beef_vdw
Pd110,formic_acid,pbe,-0.79,-0.45521472,-0.479,-0.33478528,0.023785279999999964,-0.31100000000000005,Cluster policy: Perlmutter first,/pscratch/sd/j/jcho5/VASP/dft_jobs/HCOOH_Pd110/singlepoint/PBE
Pd110,formic_acid,pbe_d3,-0.79,-0.80609785,-0.868,0.01609784999999997,0.06190214999999999,0.07799999999999996,Cluster policy: Perlmutter first,/pscratch/sd/j/jcho5/VASP/dft_jobs/HCOOH_Pd110/singlepoint/PBE_D3
Pd110,formic_acid,r2scan,-0.79,-0.64287213,-0.717,-0.14712787000000005,0.07412786999999998,-0.07300000000000006,Cluster policy: Perlmutter first,/pscratch/sd/j/jcho5/VASP/dft_jobs/HCOOH_Pd110/singlepoint/r2scan
Pd110,methane,beef_vdw,-0.63,-0.11350863,-0.211,-0.51649137,0.09749137,-0.41900000000000004,Cluster policy: Perlmutter first,/pscratch/sd/j/jcho5/VASP/dft_jobs/CH4_Pd110/singlepoint/beef_vdw
Pd110,methane,pbe,-0.63,0.01969164,0.002,-0.64969164,0.01769164,-0.632,Cluster policy: Perlmutter first,/pscratch/sd/j/jcho5/VASP/dft_jobs/CH4_Pd110/singlepoint/PBE
Pd110,methane,pbe_d3,-0.63,-0.196311,-0.241,-0.433689,0.04468899999999998,-0.389,Cluster policy: Perlmutter first,/pscratch/sd/j/jcho5/VASP/dft_jobs/CH4_Pd110/singlepoint/PBE_D3
Pd110,methane,r2scan,-0.63,-0.06255482,-0.131,-0.56744518,0.06844518000000001,-0.499,Cluster policy: Perlmutter first,/pscratch/sd/j/jcho5/VASP/dft_jobs/CH4_Pd110/singlepoint/r2scan
Pd110,methanol,beef_vdw,-0.77,-0.54123174,-0.616,-0.22876826000000006,0.07476826000000003,-0.15400000000000003,Cluster policy: Perlmutter first,/pscratch/sd/j/jcho5/VASP/dft_jobs/CH3OH_Pd110/singlepoint/beef_vdw
Pd110,methanol,pbe,-0.77,-0.36865953,-0.397,-0.40134047,0.028340470000000006,-0.373,Cluster policy: Perlmutter first,/pscratch/sd/j/jcho5/VASP/dft_jobs/CH3OH_Pd110/singlepoint/PBE
Pd110,methanol,pbe_d3,-0.77,-0.70023984,-0.746,-0.06976016000000007,0.04576016000000005,-0.02400000000000002,Cluster policy: Perlmutter first,/pscratch/sd/j/jcho5/VASP/dft_jobs/CH3OH_Pd110/singlepoint/PBE_D3
Pd110,methanol,r2scan,-0.77,-0.56576027,-0.632,-0.20423973000000006,0.06623973000000005,-0.138,Cluster policy: Perlmutter first,/pscratch/sd/j/jcho5/VASP/dft_jobs/CH3OH_Pd110/singlepoint/r2scan
Pd111,CH3,beef_vdw,-2.45,-1.73480276,-1.813,-0.7151972400000002,0.07819723999999995,-0.6370000000000002,Cluster policy: Perlmutter first,/pscratch/sd/j/jcho5/VASP/dft_jobs/CH3_Pd111/singlepoint/beef_vdw
Pd111,CH3,pbe,-2.45,-1.73396341,-1.748,-0.7160365900000001,0.014036589999999904,-0.7020000000000002,Cluster policy: Perlmutter first,/pscratch/sd/j/jcho5/VASP/dft_jobs/CH3_Pd111/singlepoint/PBE
Pd111,CH3,pbe_d3,-2.45,-1.92658216,-2.001,-0.5234178400000002,0.07441783999999996,-0.4490000000000003,Cluster policy: Perlmutter first,/pscratch/sd/j/jcho5/VASP/dft_jobs/CH3_Pd111/singlepoint/PBE_D3
Pd111,CO2,beef_vdw,-0.45,-0.21976068,-0.272,-0.23023932,0.052239320000000006,-0.178,Cluster policy: Perlmutter first,/pscratch/sd/j/jcho5/VASP/dft_jobs/CO2_Pd111/singlepoint/beef_vdw
Pd111,CO2,pbe,-0.45,0.00288559,-0.035,-0.45288559,0.037885590000000004,-0.41500000000000004,Cluster policy: Perlmutter first,/pscratch/sd/j/jcho5/VASP/dft_jobs/CO2_Pd111/singlepoint/PBE
Pd111,DME,beef_vdw,-0.49,-0.45915779,-0.568,-0.03084220999999998,0.10884220999999994,0.07799999999999996,Cluster policy: Perlmutter first,/pscratch/sd/j/jcho5/VASP/dft_jobs/CH3OCH3_Pd111/singlepoint/beef_vdw
Pd111,DME,pbe,-0.49,-0.11867137,-0.156,-0.37132863,0.03732863,-0.33399999999999996,Cluster policy: Perlmutter first,/pscratch/sd/j/jcho5/VASP/dft_jobs/CH3OCH3_Pd111/singlepoint/PBE
Pd111,DME,pbe_d3,-0.49,-0.5606786,-0.666,0.07067860000000004,0.10532140000000001,0.17600000000000005,Cluster policy: Perlmutter first,/pscratch/sd/j/jcho5/VASP/dft_jobs/CH3OCH3_Pd111/singlepoint/PBE_D3
Pd111,H2O,beef_vdw,-0.7,-0.24922601,-0.347,-0.45077398999999996,0.09777398999999998,-0.353,Cluster policy: Perlmutter first,/pscratch/sd/j/jcho5/VASP/dft_jobs/H2O_Pd111/singlepoint/beef_vdw
Pd111,H2O,pbe,-0.7,-0.21576306,-0.232,-0.48423693999999995,0.016236940000000005,-0.46799999999999997,Cluster policy: Perlmutter first,/pscratch/sd/j/jcho5/VASP/dft_jobs/H2O_Pd111/singlepoint/PBE
Pd111,H2O,pbe_d3,-0.7,-0.35578754,-0.449,-0.34421245999999994,0.09321246,-0.25099999999999995,Cluster policy: Perlmutter first,/pscratch/sd/j/jcho5/VASP/dft_jobs/H2O_Pd111/singlepoint/PBE_D3
Pd111,H2S,pbe,-1.01,-0.58179715,-0.6,-0.42820285,0.018202849999999993,-0.41000000000000003,Cluster policy: Perlmutter first,/pscratch/sd/j/jcho5/VASP/dft_jobs/H2S_Pd111/singlepoint/PBE
Pd111,H2S,pbe_d3,-1.01,-0.92195179,-1.027,-0.08804820999999996,0.10504820999999986,0.016999999999999904,Cluster policy: Perlmutter first,/pscratch/sd/j/jcho5/VASP/dft_jobs/H2S_Pd111/singlepoint/PBE_D3
Pd111,N2,pbe,-0.38,-0.16196974,-0.179,-0.21803026,0.01703025999999999,-0.201,Cluster policy: Perlmutter first,/pscratch/sd/j/jcho5/VASP/dft_jobs/N2_Pd111/singlepoint/PBE
Pd111,N2,pbe_d3,-0.38,-0.34690113,-0.432,-0.03309887,0.08509887,0.05199999999999999,Cluster policy: Perlmutter first,/pscratch/sd/j/jcho5/VASP/dft_jobs/N2_Pd111/singlepoint/PBE_D3
Pd111,NH3,beef_vdw,-1.33,-0.67302853,-0.775,-0.6569714700000001,0.10197147000000006,-0.555,Cluster policy: Perlmutter first,/pscratch/sd/j/jcho5/VASP/dft_jobs/NH3_Pd111/singlepoint/beef_vdw
Pd111,NH3,pbe,-1.33,-0.68591577,-0.696,-0.64408423,0.010084229999999916,-0.6340000000000001,Cluster policy: Perlmutter first,/pscratch/sd/j/jcho5/VASP/dft_jobs/NH3_Pd111/singlepoint/PBE
Pd111,NH3,pbe_d3,-1.33,-0.89336816,-0.979,-0.4366318400000001,0.08563184000000001,-0.3510000000000001,Cluster policy: Perlmutter first,/pscratch/sd/j/jcho5/VASP/dft_jobs/NH3_Pd111/singlepoint/PBE_D3
Pd111,NO,pbe,-2.41,-2.5739191,-2.582,0.16391909999999976,0.008080899999999946,0.1719999999999997,Cluster policy: Perlmutter first,/pscratch/sd/j/jcho5/VASP/dft_jobs/NO_Pd111/singlepoint/PBE
Pd111,NO,pbe_d3,-2.41,-2.73561537,-2.817,0.32561536999999996,0.08138463000000007,0.40700000000000003,Cluster policy: Perlmutter first,/pscratch/sd/j/jcho5/VASP/dft_jobs/NO_Pd111/singlepoint/PBE_D3
Pd111,SO2,beef_vdw,-1.35,-1.09319499,-1.213,-0.2568050100000001,0.1198050100000001,-0.137,Cluster policy: Perlmutter first,/pscratch/sd/j/jcho5/VASP/dft_jobs/SO2_Pd111/singlepoint/beef_vdw
Pd111,SO2,pbe,-1.35,-1.02359245,-1.049,-0.3264075500000001,0.025407549999999945,-0.30100000000000016,Cluster policy: Perlmutter first,/pscratch/sd/j/jcho5/VASP/dft_jobs/SO2_Pd111/singlepoint/PBE
Pd111,SO2,pbe_d3,-1.35,-1.5014564,-1.627,0.15145639999999982,0.1255436000000001,0.2769999999999999,Cluster policy: Perlmutter first,/pscratch/sd/j/jcho5/VASP/dft_jobs/SO2_Pd111/singlepoint/PBE_D3
Pd111,acetaldehyde,beef_vdw,-0.64,-0.31978807,-0.469,-0.32021193000000003,0.14921193,-0.17100000000000004,Cluster policy: Perlmutter first,/pscratch/sd/j/jcho5/VASP/dft_jobs/CH3CHO_Pd111/singlepoint/beef_vdw
Pd111,acetaldehyde,pbe,-0.64,-0.11152805,-0.163,-0.52847195,0.05147195,-0.477,Cluster policy: Perlmutter first,/pscratch/sd/j/jcho5/VASP/dft_jobs/CH3CHO_Pd111/singlepoint/PBE
Pd111,acetaldehyde,pbe_d3,-0.64,-0.46794571,-0.581,-0.17205429,0.11305428999999995,-0.05900000000000005,Cluster policy: Perlmutter first,/pscratch/sd/j/jcho5/VASP/dft_jobs/CH3CHO_Pd111/singlepoint/PBE_D3
Pd111,acetic_acid,beef_vdw,-0.7,-0.50607815,-0.584,-0.19392184999999995,0.07792184999999996,-0.11599999999999999,Cluster policy: Perlmutter first,/pscratch/sd/j/jcho5/VASP/dft_jobs/CH3COOH_Pd111/singlepoint/beef_vdw
Pd111,ethane,beef_vdw,-0.46,-0.21549926,-0.343,-0.24450074000000002,0.12750074000000003,-0.11699999999999999,Cluster policy: Perlmutter first,/pscratch/sd/j/jcho5/VASP/dft_jobs/C2H6_Pd111/singlepoint/beef_vdw
Pd111,ethane,pbe,-0.46,0.03023405,-0.046,-0.49023405000000003,0.07623405,-0.41400000000000003,Cluster policy: Perlmutter first,/pscratch/sd/j/jcho5/VASP/dft_jobs/C2H6_Pd111/singlepoint/PBE
Pd111,ethane,pbe_d3,-0.46,-0.17987457,-0.413,-0.28012543,0.23312542999999997,-0.04700000000000004,Cluster policy: Perlmutter first,/pscratch/sd/j/jcho5/VASP/dft_jobs/C2H6_Pd111/singlepoint/PBE_D3
Pd111,ethanol,beef_vdw,-0.67,-0.52147357,-0.622,-0.14852643,0.10052642999999994,-0.04800000000000004,Cluster policy: Perlmutter first,/pscratch/sd/j/jcho5/VASP/dft_jobs/CH3CH2OH_Pd111/singlepoint/beef_vdw
Pd111,ethanol,pbe,-0.67,-0.25968217,-0.291,-0.41031783000000005,0.03131782999999999,-0.37900000000000006,Cluster policy: Perlmutter first,/pscratch/sd/j/jcho5/VASP/dft_jobs/CH3CH2OH_Pd111/singlepoint/PBE
Pd111,ethanol,pbe_d3,-0.67,-0.55179483,-0.763,-0.11820517000000008,0.21120517000000005,0.09299999999999997,Cluster policy: Perlmutter first,/pscratch/sd/j/jcho5/VASP/dft_jobs/CH3CH2OH_Pd111/singlepoint/PBE_D3
Pd111,ethanol,r2scan,-0.67,-0.38604879,-0.539,-0.28395121000000006,0.15295121000000006,-0.131,Cluster policy: Perlmutter first,/pscratch/sd/j/jcho5/VASP/dft_jobs/CH3CH2OH_Pd111/singlepoint/r2scan
Pd111,ethene,beef_vdw,-1.27,-0.70741178,-0.821,-0.56258822,0.1135882199999999,-0.44900000000000007,Cluster policy: Perlmutter first,/pscratch/sd/j/jcho5/VASP/dft_jobs/C2H4_Pd111/singlepoint/beef_vdw
Pd111,ethene,pbe,-1.27,-0.65642802,-0.684,-0.61357198,0.02757198000000005,-0.586,Cluster policy: Perlmutter first,/pscratch/sd/j/jcho5/VASP/dft_jobs/C2H4_Pd111/singlepoint/PBE
Pd111,ethene,pbe_d3,-1.27,-1.01570126,-1.104,-0.2542987400000001,0.08829874000000015,-0.16599999999999993,Cluster policy: Perlmutter first,/pscratch/sd/j/jcho5/VASP/dft_jobs/C2H4_Pd111/singlepoint/PBE_D3
Pd111,formaldehyde,beef_vdw,-0.5,-0.23669811,-0.371,-0.26330189000000004,0.13430189,-0.129,Cluster policy: Perlmutter first,/pscratch/sd/j/jcho5/VASP/dft_jobs/H2CO_Pd111/singlepoint/beef_vdw
Pd111,formaldehyde,pbe,-0.5,-0.11627958,-0.157,-0.38372042,0.04072042000000001,-0.34299999999999997,Cluster policy: Perlmutter first,/pscratch/sd/j/jcho5/VASP/dft_jobs/H2CO_Pd111/singlepoint/PBE
Pd111,formaldehyde,pbe_d3,-0.5,-0.32994318,-0.452,-0.17005682,0.12205682000000001,-0.04799999999999999,Cluster policy: Perlmutter first,/pscratch/sd/j/jcho5/VASP/dft_jobs/H2CO_Pd111/singlepoint/PBE_D3
Pd111,formic_acid,beef_vdw,-0.7,-0.44241341,-0.535,-0.25758658999999995,0.09258659000000002,-0.16499999999999992,Cluster policy: Perlmutter first,/pscratch/sd/j/jcho5/VASP/dft_jobs/HCOOH_Pd111/singlepoint/beef_vdw
Pd111,formic_acid,pbe,-0.7,-0.30871665,-0.326,-0.39128335,0.01728335000000003,-0.37399999999999994,Cluster policy: Perlmutter first,/pscratch/sd/j/jcho5/VASP/dft_jobs/HCOOH_Pd111/singlepoint/PBE
Pd111,formic_acid,pbe_d3,-0.7,-0.60536594,-0.705,-0.09463405999999996,0.09963405999999997,0.0050000000000000044,Cluster policy: Perlmutter first,/pscratch/sd/j/jcho5/VASP/dft_jobs/HCOOH_Pd111/singlepoint/PBE_D3
Pd111,methane,beef_vdw,-0.58,-0.07866341,-0.224,-0.50133659,0.14533659,-0.356,Cluster policy: Perlmutter first,/pscratch/sd/j/jcho5/VASP/dft_jobs/CH4_Pd111/singlepoint/beef_vdw
Pd111,methane,pbe,-0.58,0.07233383,-0.02,-0.65233383,0.09233383,-0.5599999999999999,Cluster policy: Perlmutter first,/pscratch/sd/j/jcho5/VASP/dft_jobs/CH4_Pd111/singlepoint/PBE
Pd111,methane,pbe_d3,-0.58,-0.11774968,-0.233,-0.46225032,0.11525032000000002,-0.347,Cluster policy: Perlmutter first,/pscratch/sd/j/jcho5/VASP/dft_jobs/CH4_Pd111/singlepoint/PBE_D3
Pd111,methanol,beef_vdw,-0.62,-0.36177024,-0.488,-0.25822976,0.12622975999999997,-0.132,Cluster policy: Perlmutter first,/pscratch/sd/j/jcho5/VASP/dft_jobs/CH3OH_Pd111/singlepoint/beef_vdw
Pd111,methanol,pbe,-0.62,-0.19037023,-0.229,-0.42962977,0.03862977000000001,-0.391,Cluster policy: Perlmutter first,/pscratch/sd/j/jcho5/VASP/dft_jobs/CH3OH_Pd111/singlepoint/PBE
Pd111,methanol,pbe_d3,-0.62,-0.49660466,-0.592,-0.12339534000000002,0.09539534,-0.028000000000000025,Cluster policy: Perlmutter first,/pscratch/sd/j/jcho5/VASP/dft_jobs/CH3OH_Pd111/singlepoint/PBE_D3
Pt100,CO2,beef_vdw,-0.51,-0.11506589,-0.262,-0.39493411,0.14693411,-0.248,Cluster policy: Perlmutter first,/pscratch/sd/j/jcho5/VASP/dft_jobs/CO2_Pt100/singlepoint/beef_vdw
Pt100,CO2,pbe,-0.51,0.00818286,-0.011,-0.51818286,0.01918286,-0.499,Cluster policy: Perlmutter first,/pscratch/sd/j/jcho5/VASP/dft_jobs/CO2_Pt100/singlepoint/PBE
Pt100,ethane,beef_vdw,-0.48,-0.09763441,-0.312,-0.38236559,0.21436559,-0.16799999999999998,Cluster policy: Perlmutter first,/pscratch/sd/j/jcho5/VASP/dft_jobs/C2H6_Pt100/singlepoint/beef_vdw
Pt100,ethane,pbe,-0.48,0.07293759,-0.009,-0.55293759,0.08193758999999999,-0.471,Cluster policy: Perlmutter first,/pscratch/sd/j/jcho5/VASP/dft_jobs/C2H6_Pt100/singlepoint/PBE
Pt100,ethane,pbe_d3,-0.48,-0.28291171,-0.446,-0.19708829,0.16308829000000002,-0.033999999999999975,Cluster policy: Perlmutter first,/pscratch/sd/j/jcho5/VASP/dft_jobs/C2H6_Pt100/singlepoint/PBE_D3
Pt100,ethanol,beef_vdw,-0.71,-0.46418366,-0.671,-0.24581633999999997,0.20681634000000004,-0.038999999999999924,Cluster policy: Perlmutter first,/pscratch/sd/j/jcho5/VASP/dft_jobs/CH3CH2OH_Pt100/singlepoint/beef_vdw
Pt100,ethanol,pbe,-0.71,-0.31828161,-0.363,-0.39171838999999997,0.04471839,-0.347,Cluster policy: Perlmutter first,/pscratch/sd/j/jcho5/VASP/dft_jobs/CH3CH2OH_Pt100/singlepoint/PBE
Pt100,ethanol,pbe_d3,-0.71,-0.77233869,-0.893,0.06233869000000003,0.12066131000000002,0.18300000000000005,Cluster policy: Perlmutter first,/pscratch/sd/j/jcho5/VASP/dft_jobs/CH3CH2OH_Pt100/singlepoint/PBE_D3
Pt110,ethane,pbe,-0.56,0.01600733,-0.047,-0.57600733,0.06300733,-0.513,Cluster policy: Perlmutter first,/pscratch/sd/j/jcho5/VASP/dft_jobs/C2H6_Pt110/singlepoint/PBE
Pt110,ethane,pbe_d3,-0.56,-0.38712056,-0.471,-0.17287944000000005,0.08387943999999997,-0.08900000000000008,Cluster policy: Perlmutter first,/pscratch/sd/j/jcho5/VASP/dft_jobs/C2H6_Pt110/singlepoint/PBE_D3
Pt110,ethanol,beef_vdw,-0.9,-0.59357284,-0.738,-0.30642716000000003,0.14442716,-0.16200000000000003,Cluster policy: Perlmutter first,/pscratch/sd/j/jcho5/VASP/dft_jobs/CH3CH2OH_Pt110/singlepoint/beef_vdw
Pt110,ethanol,pbe,-0.9,-0.43404488,-0.458,-0.46595512,0.023955119999999996,-0.442,Cluster policy: Perlmutter first,/pscratch/sd/j/jcho5/VASP/dft_jobs/CH3CH2OH_Pt110/singlepoint/PBE
Pt110,ethanol,pbe_d3,-0.9,-0.96044084,-1.052,0.06044083999999994,0.09155916000000008,0.15200000000000002,Cluster policy: Perlmutter first,/pscratch/sd/j/jcho5/VASP/dft_jobs/CH3CH2OH_Pt110/singlepoint/PBE_D3
Pt111,formic_acid,pbe,-0.75,-0.19142365,-0.267,-0.55857635,0.07557635000000001,-0.483,Cluster policy: Perlmutter first,/pscratch/sd/j/jcho5/VASP/dft_jobs/HCOOH_Pt111/singlepoint/PBE
Pt111,formic_acid,pbe_d3,-0.75,-0.54327788,-0.705,-0.20672212,0.16172211999999997,-0.04500000000000004,Cluster policy: Perlmutter first,/pscratch/sd/j/jcho5/VASP/dft_jobs/HCOOH_Pt111/singlepoint/PBE_D3
Pt111,methanol,pbe,-0.64,-0.16966499,-0.214,-0.47033501,0.04433501000000001,-0.42600000000000005,Cluster policy: Perlmutter first,/pscratch/sd/j/jcho5/VASP/dft_jobs/CH3OH_Pt111/singlepoint/PBE
Pt111,methanol,pbe_d3,-0.64,-0.51215475,-0.646,-0.12784525000000002,0.13384525000000003,0.006000000000000005,Cluster policy: Perlmutter first,/pscratch/sd/j/jcho5/VASP/dft_jobs/CH3OH_Pt111/singlepoint/PBE_D3
Rh100,CH3,r2scan,-2.76,-1.84342015,-1.854,-0.9165798499999998,0.010579850000000057,-0.9059999999999997,Cluster policy: Perlmutter first,/pscratch/sd/j/jcho5/VASP/dft_jobs/CH3_Rh100/singlepoint/r2scan
Rh100,CO,pbe,-2.6,-2.0201683,-2.093,-0.5798317000000002,0.07283170000000005,-0.5070000000000001,Cluster policy: Perlmutter first,/pscratch/sd/j/jcho5/VASP/dft_jobs/CO_Rh100/singlepoint/PBE
Rh100,CO,r2scan,-2.6,-2.13174779,-2.155,-0.46825221000000017,0.023252209999999884,-0.4450000000000003,Cluster policy: Perlmutter first,/pscratch/sd/j/jcho5/VASP/dft_jobs/CO_Rh100/singlepoint/r2scan
Rh100,CO2,pbe,-0.44,0.09480275,-0.016,-0.53480275,0.11080275,-0.424,Cluster policy: Perlmutter first,/pscratch/sd/j/jcho5/VASP/dft_jobs/CO2_Rh100/singlepoint/PBE
Rh100,CO2,r2scan,-0.44,-0.07398348,-0.098,-0.36601652,0.02401652,-0.34199999999999997,Cluster policy: Perlmutter first,/pscratch/sd/j/jcho5/VASP/dft_jobs/CO2_Rh100/singlepoint/r2scan
Rh100,DME,pbe,-0.65,-0.25098241,-0.329,-0.39901759000000003,0.07801759000000003,-0.321,Cluster policy: Perlmutter first,/pscratch/sd/j/jcho5/VASP/dft_jobs/CH3OCH3_Rh100/singlepoint/PBE
Rh100,DME,pbe_d3,-0.65,-0.69339694,-0.805,0.04339693999999994,0.11160306000000009,0.15500000000000003,Cluster policy: Perlmutter first,/pscratch/sd/j/jcho5/VASP/dft_jobs/CH3OCH3_Rh100/singlepoint/PBE_D3
Rh100,DME,r2scan,-0.65,-0.47310716,-0.508,-0.17689284,0.03489283999999998,-0.14200000000000002,Cluster policy: Perlmutter first,/pscratch/sd/j/jcho5/VASP/dft_jobs/CH3OCH3_Rh100/singlepoint/r2scan
Rh100,H2O,pbe,-0.89,-0.33511167,-0.394,-0.55488833,0.058888330000000044,-0.496,Cluster policy: Perlmutter first,/pscratch/sd/j/jcho5/VASP/dft_jobs/H2O_Rh100/singlepoint/PBE
Rh100,H2O,pbe_d3,-0.89,-0.489237,-0.592,-0.40076300000000004,0.102763,-0.29800000000000004,Cluster policy: Perlmutter first,/pscratch/sd/j/jcho5/VASP/dft_jobs/H2O_Rh100/singlepoint/PBE_D3
Rh100,H2O,r2scan,-0.89,-0.43418307,-0.463,-0.45581693,0.02881693000000002,-0.427,Cluster policy: Perlmutter first,/pscratch/sd/j/jcho5/VASP/dft_jobs/H2O_Rh100/singlepoint/r2scan
Rh100,H2S,beef_vdw,-4.22,-3.39810489,-3.49,-0.8218951099999998,0.09189511000000028,-0.7299999999999995,Cluster policy: Perlmutter first,/pscratch/sd/j/jcho5/VASP/dft_jobs/H2S_Rh100/singlepoint/beef_vdw
Rh100,H2S,pbe,-4.22,-3.65220091,-3.685,-0.5677990899999998,0.03279909000000014,-0.5349999999999997,Cluster policy: Perlmutter first,/pscratch/sd/j/jcho5/VASP/dft_jobs/H2S_Rh100/singlepoint/PBE
Rh100,H2S,pbe_d3,-4.22,-4.06848723,-4.149,-0.15151277000000007,0.08051277000000034,-0.07099999999999973,Cluster policy: Perlmutter first,/pscratch/sd/j/jcho5/VASP/dft_jobs/H2S_Rh100/singlepoint/PBE_D3
Rh100,H2S,r2scan,-4.22,-3.96856618,-4.022,-0.2514338199999999,0.05343382000000041,-0.1979999999999995,Cluster policy: Perlmutter first,/pscratch/sd/j/jcho5/VASP/dft_jobs/H2S_Rh100/singlepoint/r2scan
Rh100,N2,r2scan,-0.79,-0.74281825,-0.765,-0.04718175000000002,0.02218175,-0.025000000000000022,Cluster policy: Perlmutter first,/pscratch/sd/j/jcho5/VASP/dft_jobs/N2_Rh100/singlepoint/r2scan
Rh100,NH3,r2scan,-1.59,-1.02571127,-1.058,-0.5642887300000001,0.0322887300000001,-0.532,Cluster policy: Perlmutter first,/pscratch/sd/j/jcho5/VASP/dft_jobs/NH3_Rh100/singlepoint/r2scan
Rh100,NO,pbe,-2.83,-2.95071867,-2.994,0.12071867000000003,0.04328133000000012,0.16400000000000015,Cluster policy: Perlmutter first,/pscratch/sd/j/jcho5/VASP/dft_jobs/NO_Rh100/singlepoint/PBE
Rh100,NO,pbe_d3,-2.83,-3.11743638,-3.2,0.28743637999999994,0.08256362000000017,0.3700000000000001,Cluster policy: Perlmutter first,/pscratch/sd/j/jcho5/VASP/dft_jobs/NO_Rh100/singlepoint/PBE_D3
Rh100,SO2,beef_vdw,-2.26,-2.04465979,-2.195,-0.21534020999999992,0.15034020999999997,-0.06499999999999995,Cluster policy: Perlmutter first,/pscratch/sd/j/jcho5/VASP/dft_jobs/SO2_Rh100/singlepoint/beef_vdw
Rh100,SO2,pbe,-2.26,-2.04530008,-2.127,-0.2146999199999997,0.0816999199999997,-0.133,Cluster policy: Perlmutter first,/pscratch/sd/j/jcho5/VASP/dft_jobs/SO2_Rh100/singlepoint/PBE
Rh100,SO2,pbe_d3,-2.26,-2.50367861,-2.607,0.24367861000000035,0.10332139000000007,0.3470000000000004,Cluster policy: Perlmutter first,/pscratch/sd/j/jcho5/VASP/dft_jobs/SO2_Rh100/singlepoint/PBE_D3
Rh100,acetaldehyde,beef_vdw,-0.9,-0.54634171,-0.697,-0.35365829000000004,0.15065828999999997,-0.20300000000000007,Cluster policy: Perlmutter first,/pscratch/sd/j/jcho5/VASP/dft_jobs/CH3CHO_Rh100/singlepoint/beef_vdw
Rh100,acetaldehyde,pbe,-0.9,-0.35140534,-0.426,-0.54859466,0.07459465999999998,-0.47400000000000003,Cluster policy: Perlmutter first,/pscratch/sd/j/jcho5/VASP/dft_jobs/CH3CHO_Rh100/singlepoint/PBE
Rh100,acetaldehyde,pbe_d3,-0.9,-0.68868045,-0.788,-0.21131955000000002,0.09931955000000003,-0.11199999999999999,Cluster policy: Perlmutter first,/pscratch/sd/j/jcho5/VASP/dft_jobs/CH3CHO_Rh100/singlepoint/PBE_D3
Rh100,acetaldehyde,r2scan,-0.9,-0.52416606,-0.56,-0.37583394000000003,0.035833940000000064,-0.33999999999999997,Cluster policy: Perlmutter first,/pscratch/sd/j/jcho5/VASP/dft_jobs/CH3CHO_Rh100/singlepoint/r2scan
Rh100,acetic_acid,r2scan,-1.04,-0.7270115,-0.757,-0.3129885,0.029988499999999974,-0.28300000000000003,Cluster policy: Perlmutter first,/pscratch/sd/j/jcho5/VASP/dft_jobs/CH3COOH_Rh100/singlepoint/r2scan
Rh100,ethane,beef_vdw,-0.59,-0.03922001,-0.357,-0.55077999,0.31777999,-0.23299999999999998,Cluster policy: Perlmutter first,/pscratch/sd/j/jcho5/VASP/completion_runs/site_gapfill_20260914/spe/C2H6_Rh100/beef_vdw
Rh100,ethane,pbe,-0.59,0.13778703,-0.024,-0.72778703,0.16178703,-0.566,Cluster policy: Perlmutter first,/pscratch/sd/j/jcho5/VASP/dft_jobs/C2H6_Rh100/singlepoint/PBE
Rh100,ethane,pbe_d3,-0.59,-0.2207517,-0.373,-0.3692483,0.1522483,-0.21699999999999997,Cluster policy: Perlmutter first,/pscratch/sd/j/jcho5/VASP/dft_jobs/C2H6_Rh100/singlepoint/PBE_D3
Rh100,ethane,r2scan,-0.59,-0.13775517,-0.175,-0.45224482999999993,0.03724482999999998,-0.415,Cluster policy: Perlmutter first,/pscratch/sd/j/jcho5/VASP/dft_jobs/C2H6_Rh100/singlepoint/r2scan
Rh100,ethanol,beef_vdw,-0.9,-0.57622546,-0.744,-0.32377454000000006,0.16777454000000003,-0.15600000000000003,Cluster policy: Perlmutter first,/pscratch/sd/j/jcho5/VASP/dft_jobs/CH3CH2OH_Rh100/singlepoint/beef_vdw
Rh100,ethanol,pbe,-0.9,-0.34479892,-0.426,-0.55520108,0.08120107999999998,-0.47400000000000003,Cluster policy: Perlmutter first,/pscratch/sd/j/jcho5/VASP/dft_jobs/CH3CH2OH_Rh100/singlepoint/PBE
Rh100,ethanol,pbe_d3,-0.9,-0.76520863,-0.878,-0.13479137000000008,0.11279137000000006,-0.02200000000000002,Cluster policy: Perlmutter first,/pscratch/sd/j/jcho5/VASP/dft_jobs/CH3CH2OH_Rh100/singlepoint/PBE_D3
Rh100,ethanol,r2scan,-0.9,-0.57878006,-0.603,-0.32121994,0.02421993999999994,-0.29700000000000004,Cluster policy: Perlmutter first,/pscratch/sd/j/jcho5/VASP/dft_jobs/CH3CH2OH_Rh100/singlepoint/r2scan
Rh100,ethene,beef_vdw,-1.97,-0.95563732,-1.263,-1.01436268,0.3073626799999999,-0.7070000000000001,Cluster policy: Perlmutter first,/pscratch/sd/j/jcho5/VASP/dft_jobs/C2H4_Rh100/singlepoint/beef_vdw
Rh100,ethene,pbe,-1.97,-1.05044281,-1.152,-0.9195571899999999,0.10155718999999985,-0.8180000000000001,Cluster policy: Perlmutter first,/pscratch/sd/j/jcho5/VASP/dft_jobs/C2H4_Rh100/singlepoint/PBE
Rh100,ethene,pbe_d3,-1.97,-1.44730051,-1.593,-0.5226994899999999,0.14569948999999993,-0.377,Cluster policy: Perlmutter first,/pscratch/sd/j/jcho5/VASP/dft_jobs/C2H4_Rh100/singlepoint/PBE_D3
Rh100,ethene,r2scan,-1.97,-1.19312135,-1.334,-0.77687865,0.1408786500000001,-0.6359999999999999,Cluster policy: Perlmutter first,/pscratch/sd/j/jcho5/VASP/dft_jobs/C2H4_Rh100/singlepoint/r2scan
Rh100,formaldehyde,beef_vdw,-1.57,-0.95103751,-1.117,-0.61896249,0.16596248999999996,-0.45300000000000007,Cluster policy: Perlmutter first,/pscratch/sd/j/jcho5/VASP/dft_jobs/H2CO_Rh100/singlepoint/beef_vdw
Rh100,formaldehyde,pbe,-1.57,-0.97626968,-1.051,-0.59373032,0.0747303199999999,-0.5190000000000001,Cluster policy: Perlmutter first,/pscratch/sd/j/jcho5/VASP/dft_jobs/H2CO_Rh100/singlepoint/PBE
Rh100,formaldehyde,pbe_d3,-1.57,-1.24149855,-1.351,-0.3285014500000001,0.10950145,-0.21900000000000008,Cluster policy: Perlmutter first,/pscratch/sd/j/jcho5/VASP/dft_jobs/H2CO_Rh100/singlepoint/PBE_D3
Rh100,formaldehyde,r2scan,-1.57,-1.21025468,-1.248,-0.35974532000000004,0.03774531999999997,-0.32200000000000006,Cluster policy: Perlmutter first,/pscratch/sd/j/jcho5/VASP/dft_jobs/H2CO_Rh100/singlepoint/r2scan
Rh100,formic_acid,beef_vdw,-1.02,-0.53647882,-0.758,-0.48352118,0.22152117999999998,-0.262,Cluster policy: Perlmutter first,/pscratch/sd/j/jcho5/VASP/dft_jobs/HCOOH_Rh100/singlepoint/beef_vdw
Rh100,formic_acid,pbe,-1.02,-0.46486212,-0.568,-0.55513788,0.10313787999999996,-0.45200000000000007,Cluster policy: Perlmutter first,/pscratch/sd/j/jcho5/VASP/dft_jobs/HCOOH_Rh100/singlepoint/PBE
Rh100,formic_acid,pbe_d3,-1.02,-0.77320173,-0.895,-0.24679827,0.12179826999999999,-0.125,Cluster policy: Perlmutter first,/pscratch/sd/j/jcho5/VASP/dft_jobs/HCOOH_Rh100/singlepoint/PBE_D3
Rh100,formic_acid,r2scan,-1.02,-0.63539991,-0.709,-0.38460009000000006,0.07360009,-0.31100000000000005,Cluster policy: Perlmutter first,/pscratch/sd/j/jcho5/VASP/dft_jobs/HCOOH_Rh100/singlepoint/r2scan
Rh100,methane,pbe,-0.66,0.20350077,-0.054,-0.86350077,0.25750077,-0.606,Cluster policy: Perlmutter first,/pscratch/sd/j/jcho5/VASP/dft_jobs/CH4_Rh100/singlepoint/PBE
Rh100,methane,pbe_d3,-0.66,0.01817905,-0.198,-0.67817905,0.21617905,-0.462,Cluster policy: Perlmutter first,/pscratch/sd/j/jcho5/VASP/dft_jobs/CH4_Rh100/singlepoint/PBE_D3
Rh100,methane,r2scan,-0.66,-0.07946626,-0.086,-0.58053374,0.006533739999999996,-0.5740000000000001,Cluster policy: Perlmutter first,/pscratch/sd/j/jcho5/VASP/dft_jobs/CH4_Rh100/singlepoint/r2scan
Rh100,methanol,beef_vdw,-0.83,-0.56534902,-0.651,-0.26465098,0.08565098000000004,-0.17899999999999994,Cluster policy: Perlmutter first,/pscratch/sd/j/jcho5/VASP/dft_jobs/CH3OH_Rh100/singlepoint/beef_vdw
Rh100,methanol,r2scan,-0.83,-0.53307634,-0.552,-0.2969236599999999,0.01892366000000001,-0.2779999999999999,Cluster policy: Perlmutter first,/pscratch/sd/j/jcho5/VASP/dft_jobs/CH3OH_Rh100/singlepoint/r2scan
Rh110,CH3,beef_vdw,-2.76,-1.99562194,-2.048,-0.7643780599999999,0.052378060000000115,-0.7119999999999997,Cluster policy: Perlmutter first,/pscratch/sd/j/jcho5/VASP/dft_jobs/CH3_Rh110/singlepoint/beef_vdw
Rh110,CH3,pbe,-2.76,-1.96959338,-2.004,-0.7904066199999997,0.03440661999999994,-0.7559999999999998,Cluster policy: Perlmutter first,/pscratch/sd/j/jcho5/VASP/dft_jobs/CH3_Rh110/singlepoint/PBE
Rh110,CH3,pbe_d3,-2.76,-2.20307341,-2.319,-0.5569265899999998,0.11592658999999994,-0.44099999999999984,Cluster policy: Perlmutter first,/pscratch/sd/j/jcho5/VASP/dft_jobs/CH3_Rh110/singlepoint/PBE_D3
Rh110,CH3,r2scan,-2.76,-1.79221586,-1.874,-0.9677841399999998,0.08178414000000012,-0.8859999999999997,Cluster policy: Perlmutter first,/pscratch/sd/j/jcho5/VASP/dft_jobs/CH3_Rh110/singlepoint/r2scan
Rh110,CO,beef_vdw,-2.61,-1.81280711,-1.873,-0.7971928899999998,0.06019288999999994,-0.7369999999999999,Cluster policy: Perlmutter first,/pscratch/sd/j/jcho5/VASP/dft_jobs/CO_Rh110/singlepoint/beef_vdw
Rh110,CO,pbe,-2.61,-1.96585043,-2.092,-0.64414957,0.12614957000000016,-0.5179999999999998,Cluster policy: Perlmutter first,/pscratch/sd/j/jcho5/VASP/dft_jobs/CO_Rh110/singlepoint/PBE
Rh110,CO,pbe_d3,-2.61,-2.1936613,-2.327,-0.41633869999999984,0.13333869999999992,-0.2829999999999999,Cluster policy: Perlmutter first,/pscratch/sd/j/jcho5/VASP/dft_jobs/CO_Rh110/singlepoint/PBE_D3
Rh110,CO,r2scan,-2.61,-1.77094049,-1.863,-0.8390595099999998,0.0920595099999999,-0.7469999999999999,Cluster policy: Perlmutter first,/pscratch/sd/j/jcho5/VASP/dft_jobs/CO_Rh110/singlepoint/r2scan
Rh110,CO2,beef_vdw,-0.53,-0.15012079,-0.28,-0.37987921,0.12987921000000002,-0.25,Cluster policy: Perlmutter first,/pscratch/sd/j/jcho5/VASP/dft_jobs/CO2_Rh110/singlepoint/beef_vdw
Rh110,CO2,pbe,-0.53,0.04752461,-0.121,-0.57752461,0.16852461,-0.40900000000000003,Cluster policy: Perlmutter first,/pscratch/sd/j/jcho5/VASP/dft_jobs/CO2_Rh110/singlepoint/PBE
Rh110,CO2,r2scan,-0.53,0.01829732,-0.136,-0.54829732,0.15429732000000002,-0.394,Cluster policy: Perlmutter first,/pscratch/sd/j/jcho5/VASP/dft_jobs/CO2_Rh110/singlepoint/r2scan
Rh110,DME,beef_vdw,-0.75,-0.66415433,-0.729,-0.08584566999999999,0.06484566999999997,-0.02100000000000002,Cluster policy: Perlmutter first,/pscratch/sd/j/jcho5/VASP/dft_jobs/CH3OCH3_Rh110/singlepoint/beef_vdw
Rh110,DME,pbe,-0.75,-0.37017581,-0.508,-0.37982419,0.13782419,-0.242,Cluster policy: Perlmutter first,/pscratch/sd/j/jcho5/VASP/dft_jobs/CH3OCH3_Rh110/singlepoint/PBE
Rh110,DME,pbe_d3,-0.75,-0.88198108,-1.054,0.13198107999999997,0.17201892000000008,0.30400000000000005,Cluster policy: Perlmutter first,/pscratch/sd/j/jcho5/VASP/dft_jobs/CH3OCH3_Rh110/singlepoint/PBE_D3
Rh110,DME,r2scan,-0.75,-0.45040694,-0.56,-0.29959306,0.10959306000000008,-0.18999999999999995,Cluster policy: Perlmutter first,/pscratch/sd/j/jcho5/VASP/dft_jobs/CH3OCH3_Rh110/singlepoint/r2scan
Rh110,H2O,beef_vdw,-1.04,-0.43969456,-0.502,-0.6003054400000001,0.06230543999999999,-0.538,Cluster policy: Perlmutter first,/pscratch/sd/j/jcho5/VASP/dft_jobs/H2O_Rh110/singlepoint/beef_vdw
Rh110,H2O,pbe,-1.04,-0.45533223,-0.58,-0.58466777,0.12466776999999996,-0.4600000000000001,Cluster policy: Perlmutter first,/pscratch/sd/j/jcho5/VASP/dft_jobs/H2O_Rh110/singlepoint/PBE
Rh110,H2O,pbe_d3,-1.04,-0.67020278,-0.845,-0.36979722000000004,0.17479721999999998,-0.19500000000000006,Cluster policy: Perlmutter first,/pscratch/sd/j/jcho5/VASP/dft_jobs/H2O_Rh110/singlepoint/PBE_D3
Rh110,H2O,r2scan,-1.04,-0.39315044,-0.545,-0.64684956,0.15184956000000005,-0.495,Cluster policy: Perlmutter first,/pscratch/sd/j/jcho5/VASP/dft_jobs/H2O_Rh110/singlepoint/r2scan
Rh110,H2S,beef_vdw,-2.43,-1.82017559,-1.845,-0.6098244100000001,0.024824409999999908,-0.5850000000000002,Cluster policy: Perlmutter first,/pscratch/sd/j/jcho5/VASP/dft_jobs/H2S_Rh110/singlepoint/beef_vdw
Rh110,H2S,pbe,-2.43,-1.87298633,-1.961,-0.5570136700000001,0.08801367000000004,-0.4690000000000001,Cluster policy: Perlmutter first,/pscratch/sd/j/jcho5/VASP/dft_jobs/H2S_Rh110/singlepoint/PBE
Rh110,H2S,pbe_d3,-2.43,-2.28410196,-2.43,-0.14589804000000006,0.14589804000000006,0.0,Cluster policy: Perlmutter first,/pscratch/sd/j/jcho5/VASP/dft_jobs/H2S_Rh110/singlepoint/PBE_D3
Rh110,H2S,r2scan,-2.43,-1.66470814,-1.773,-0.7652918600000003,0.10829186000000002,-0.6570000000000003,Cluster policy: Perlmutter first,/pscratch/sd/j/jcho5/VASP/dft_jobs/H2S_Rh110/singlepoint/r2scan
Rh110,N2,beef_vdw,-0.81,-0.72923055,-0.747,-0.08076945000000002,0.017769449999999964,-0.06300000000000006,Cluster policy: Perlmutter first,/pscratch/sd/j/jcho5/VASP/dft_jobs/N2_Rh110/singlepoint/beef_vdw
Rh110,N2,pbe,-0.81,-0.79241088,-0.935,-0.017589120000000014,0.14258912,0.125,Cluster policy: Perlmutter first,/pscratch/sd/j/jcho5/VASP/dft_jobs/N2_Rh110/singlepoint/PBE
Rh110,N2,r2scan,-0.81,-0.63973811,-0.73,-0.17026189000000003,0.09026188999999996,-0.08000000000000007,Cluster policy: Perlmutter first,/pscratch/sd/j/jcho5/VASP/dft_jobs/N2_Rh110/singlepoint/r2scan
Rh110,NH3,beef_vdw,-1.57,-0.91728893,-0.959,-0.6527110700000001,0.04171106999999996,-0.6110000000000001,Cluster policy: Perlmutter first,/pscratch/sd/j/jcho5/VASP/dft_jobs/NH3_Rh110/singlepoint/beef_vdw
Rh110,NH3,pbe,-1.57,-0.92055289,-1.025,-0.6494471100000001,0.10444710999999995,-0.5450000000000002,Cluster policy: Perlmutter first,/pscratch/sd/j/jcho5/VASP/dft_jobs/NH3_Rh110/singlepoint/PBE
Rh110,NH3,pbe_d3,-1.57,-1.18952554,-1.335,-0.38047446000000007,0.14547445999999997,-0.2350000000000001,Cluster policy: Perlmutter first,/pscratch/sd/j/jcho5/VASP/dft_jobs/NH3_Rh110/singlepoint/PBE_D3
Rh110,NH3,r2scan,-1.57,-0.84172531,-0.958,-0.7282746900000001,0.11627469000000001,-0.6120000000000001,Cluster policy: Perlmutter first,/pscratch/sd/j/jcho5/VASP/dft_jobs/NH3_Rh110/singlepoint/r2scan
Rh110,NO,pbe,-3.06,-3.08860574,-3.169,0.028605740000000157,0.08039425999999983,0.10899999999999999,Cluster policy: Perlmutter first,/pscratch/sd/j/jcho5/VASP/dft_jobs/NO_Rh110/singlepoint/PBE
Rh110,NO,pbe_d3,-3.06,-3.2998784,-3.412,0.23987839999999983,0.11212160000000004,0.35199999999999987,Cluster policy: Perlmutter first,/pscratch/sd/j/jcho5/VASP/dft_jobs/NO_Rh110/singlepoint/PBE_D3
Rh110,SO2,beef_vdw,-2.35,-2.10561578,-2.165,-0.24438422000000015,0.0593842200000001,-0.18500000000000005,Cluster policy: Perlmutter first,/pscratch/sd/j/jcho5/VASP/dft_jobs/SO2_Rh110/singlepoint/beef_vdw
Rh110,SO2,pbe,-2.35,-2.05561661,-2.134,-0.29438339000000013,0.07838338999999994,-0.2160000000000002,Cluster policy: Perlmutter first,/pscratch/sd/j/jcho5/VASP/dft_jobs/SO2_Rh110/singlepoint/PBE
Rh110,SO2,pbe_d3,-2.35,-2.56841695,-2.678,0.21841694999999994,0.1095830499999999,0.32799999999999985,Cluster policy: Perlmutter first,/pscratch/sd/j/jcho5/VASP/dft_jobs/SO2_Rh110/singlepoint/PBE_D3
Rh110,SO2,r2scan,-2.35,-2.11789387,-2.229,-0.23210613000000002,0.11110613000000003,-0.121,Cluster policy: Perlmutter first,/pscratch/sd/j/jcho5/VASP/dft_jobs/SO2_Rh110/singlepoint/r2scan
Rh110,acetaldehyde,beef_vdw,-1.57,-1.1271323,-1.217,-0.4428677000000001,0.0898677000000001,-0.353,Cluster policy: Perlmutter first,/pscratch/sd/j/jcho5/VASP/dft_jobs/CH3CHO_Rh110/singlepoint/beef_vdw
Rh110,acetaldehyde,pbe,-1.57,-0.9695276,-1.038,-0.6004724,0.06847239999999999,-0.532,Cluster policy: Perlmutter first,/pscratch/sd/j/jcho5/VASP/dft_jobs/CH3CHO_Rh110/singlepoint/PBE
Rh110,acetaldehyde,pbe_d3,-1.57,-1.43431994,-1.494,-0.1356800600000001,0.059680060000000035,-0.07600000000000007,Cluster policy: Perlmutter first,/pscratch/sd/j/jcho5/VASP/dft_jobs/CH3CHO_Rh110/singlepoint/PBE_D3
Rh110,acetaldehyde,r2scan,-1.57,-1.07589573,-1.161,-0.49410427,0.08510426999999998,-0.40900000000000003,Cluster policy: Perlmutter first,/pscratch/sd/j/jcho5/VASP/dft_jobs/CH3CHO_Rh110/singlepoint/r2scan
Rh110,acetic_acid,beef_vdw,-1.06,-0.82748905,-0.869,-0.2325109500000001,0.041510950000000046,-0.19100000000000006,Cluster policy: Perlmutter first,/pscratch/sd/j/jcho5/VASP/dft_jobs/CH3COOH_Rh110/singlepoint/beef_vdw
Rh110,acetic_acid,r2scan,-1.06,-0.68093485,-0.819,-0.3790651500000001,0.13806514999999997,-0.2410000000000001,Cluster policy: Perlmutter first,/pscratch/sd/j/jcho5/VASP/dft_jobs/CH3COOH_Rh110/singlepoint/r2scan
Rh110,ethane,beef_vdw,-0.62,-0.24286724,-0.337,-0.37713275999999996,0.09413276000000001,-0.283,Cluster policy: Perlmutter first,/pscratch/sd/j/jcho5/VASP/dft_jobs/C2H6_Rh110/singlepoint/beef_vdw
Rh110,ethane,pbe,-0.62,0.04489001,-0.036,-0.66489001,0.08089001,-0.584,Cluster policy: Perlmutter first,/pscratch/sd/j/jcho5/VASP/dft_jobs/C2H6_Rh110/singlepoint/PBE
Rh110,ethane,pbe_d3,-0.62,-0.32824848,-0.351,-0.29175152,0.02275151999999997,-0.269,Cluster policy: Perlmutter first,/pscratch/sd/j/jcho5/VASP/dft_jobs/C2H6_Rh110/singlepoint/PBE_D3
Rh110,ethane,r2scan,-0.62,-0.0547575,-0.133,-0.5652425,0.0782425,-0.487,Cluster policy: Perlmutter first,/pscratch/sd/j/jcho5/VASP/dft_jobs/C2H6_Rh110/singlepoint/r2scan
Rh110,ethanol,beef_vdw,-1.03,-0.7676475,-0.812,-0.2623525,0.04435250000000002,-0.21799999999999997,Cluster policy: Perlmutter first,/pscratch/sd/j/jcho5/VASP/dft_jobs/CH3CH2OH_Rh110/singlepoint/beef_vdw
Rh110,ethanol,pbe,-1.03,-0.51202224,-0.639,-0.5179777600000001,0.12697776000000005,-0.391,Cluster policy: Perlmutter first,/pscratch/sd/j/jcho5/VASP/dft_jobs/CH3CH2OH_Rh110/singlepoint/PBE
Rh110,ethanol,pbe_d3,-1.03,-0.97642109,-1.161,-0.053578910000000035,0.18457891000000004,0.131,Cluster policy: Perlmutter first,/pscratch/sd/j/jcho5/VASP/dft_jobs/CH3CH2OH_Rh110/singlepoint/PBE_D3
Rh110,ethanol,r2scan,-1.03,-0.55012771,-0.673,-0.47987229,0.12287229,-0.357,Cluster policy: Perlmutter first,/pscratch/sd/j/jcho5/VASP/dft_jobs/CH3CH2OH_Rh110/singlepoint/r2scan
Rh110,ethene,beef_vdw,-1.99,-1.25921719,-1.336,-0.73078281,0.07678281000000009,-0.6539999999999999,Cluster policy: Perlmutter first,/pscratch/sd/j/jcho5/VASP/dft_jobs/C2H4_Rh110/singlepoint/beef_vdw
Rh110,ethene,pbe,-1.99,-1.16544077,-1.224,-0.82455923,0.05855922999999996,-0.766,Cluster policy: Perlmutter first,/pscratch/sd/j/jcho5/VASP/dft_jobs/C2H4_Rh110/singlepoint/PBE
Rh110,ethene,pbe_d3,-1.99,-1.56461544,-1.625,-0.4253845599999999,0.06038455999999992,-0.365,Cluster policy: Perlmutter first,/pscratch/sd/j/jcho5/VASP/dft_jobs/C2H4_Rh110/singlepoint/PBE_D3
Rh110,ethene,r2scan,-1.99,-1.19222459,-1.294,-0.7977754100000001,0.10177541000000012,-0.696,Cluster policy: Perlmutter first,/pscratch/sd/j/jcho5/VASP/dft_jobs/C2H4_Rh110/singlepoint/r2scan
Rh110,formaldehyde,beef_vdw,-2.08,-1.40083367,-1.479,-0.6791663300000002,0.07816633000000017,-0.601,Cluster policy: Perlmutter first,/pscratch/sd/j/jcho5/VASP/dft_jobs/H2CO_Rh110/singlepoint/beef_vdw
Rh110,formaldehyde,pbe,-2.08,-1.54894434,-1.65,-0.53105566,0.10105565999999988,-0.43000000000000016,Cluster policy: Perlmutter first,/pscratch/sd/j/jcho5/VASP/dft_jobs/H2CO_Rh110/singlepoint/PBE
Rh110,formaldehyde,pbe_d3,-2.08,-1.89953048,-2.036,-0.18046952000000016,0.13646952000000012,-0.04400000000000004,Cluster policy: Perlmutter first,/pscratch/sd/j/jcho5/VASP/dft_jobs/H2CO_Rh110/singlepoint/PBE_D3
Rh110,formaldehyde,r2scan,-2.08,-1.5348312,-1.782,-0.5451688000000001,0.24716880000000008,-0.29800000000000004,Cluster policy: Perlmutter first,/pscratch/sd/j/jcho5/VASP/dft_jobs/H2CO_Rh110/singlepoint/r2scan
Rh110,formic_acid,beef_vdw,-1.06,-0.59230618,-0.794,-0.46769382000000004,0.20169382000000002,-0.266,Cluster policy: Perlmutter first,/pscratch/sd/j/jcho5/VASP/dft_jobs/HCOOH_Rh110/singlepoint/beef_vdw
Rh110,formic_acid,pbe,-1.06,-0.51012619,-0.801,-0.54987381,0.29087381,-0.259,Cluster policy: Perlmutter first,/pscratch/sd/j/jcho5/VASP/dft_jobs/HCOOH_Rh110/singlepoint/PBE
Rh110,formic_acid,pbe_d3,-1.06,-0.85120005,-1.209,-0.20879995000000007,0.3577999500000001,0.14900000000000002,Cluster policy: Perlmutter first,/pscratch/sd/j/jcho5/VASP/dft_jobs/HCOOH_Rh110/singlepoint/PBE_D3
Rh110,methane,beef_vdw,-0.71,-0.09359845,-0.213,-0.61640155,0.11940155,-0.497,Cluster policy: Perlmutter first,/pscratch/sd/j/jcho5/VASP/dft_jobs/CH4_Rh110/singlepoint/beef_vdw
Rh110,methane,pbe,-0.71,-0.00602898,-0.151,-0.70397102,0.14497102,-0.5589999999999999,Cluster policy: Perlmutter first,/pscratch/sd/j/jcho5/VASP/dft_jobs/CH4_Rh110/singlepoint/PBE
Rh110,methane,pbe_d3,-0.71,-0.26261628,-0.455,-0.44738372,0.19238372000000004,-0.25499999999999995,Cluster policy: Perlmutter first,/pscratch/sd/j/jcho5/VASP/dft_jobs/CH4_Rh110/singlepoint/PBE_D3
Rh110,methane,r2scan,-0.71,0.00825089,-0.116,-0.71825089,0.12425089,-0.594,Cluster policy: Perlmutter first,/pscratch/sd/j/jcho5/VASP/dft_jobs/CH4_Rh110/singlepoint/r2scan
Rh110,methanol,beef_vdw,-0.96,-0.63022777,-0.679,-0.32977223,0.04877223000000008,-0.2809999999999999,Cluster policy: Perlmutter first,/pscratch/sd/j/jcho5/VASP/dft_jobs/CH3OH_Rh110/singlepoint/beef_vdw
Rh110,methanol,pbe,-0.96,-0.49311288,-0.621,-0.46688712,0.12788712000000002,-0.33899999999999997,Cluster policy: Perlmutter first,/pscratch/sd/j/jcho5/VASP/dft_jobs/CH3OH_Rh110/singlepoint/PBE
Rh110,methanol,pbe_d3,-0.96,-0.83413176,-1.008,-0.12586823999999996,0.17386824,0.04800000000000004,Cluster policy: Perlmutter first,/pscratch/sd/j/jcho5/VASP/dft_jobs/CH3OH_Rh110/singlepoint/PBE_D3
Rh110,methanol,r2scan,-0.96,-0.48940749,-0.61,-0.47059250999999996,0.12059250999999999,-0.35,Cluster policy: Perlmutter first,/pscratch/sd/j/jcho5/VASP/dft_jobs/CH3OH_Rh110/singlepoint/r2scan
Rh111,CH3,beef_vdw,-2.58,-1.80012423,-1.854,-0.7798757700000001,0.0538757700000001,-0.726,Cluster policy: Perlmutter first,/pscratch/sd/j/jcho5/VASP/dft_jobs/CH3_Rh111/singlepoint/beef_vdw
Rh111,CH3,pbe,-2.58,-1.66028459,-1.754,-0.91971541,0.09371540999999994,-0.8260000000000001,Cluster policy: Perlmutter first,/pscratch/sd/j/jcho5/VASP/dft_jobs/CH3_Rh111/singlepoint/PBE
Rh111,CH3,pbe_d3,-2.58,-1.66676452,-2.011,-0.91323548,0.34423548000000004,-0.569,Cluster policy: Perlmutter first,/pscratch/sd/j/jcho5/VASP/dft_jobs/CH3_Rh111/singlepoint/PBE_D3
Rh111,CO,beef_vdw,-2.59,-1.8474971,-1.93,-0.7425028999999999,0.08250289999999993,-0.6599999999999999,Cluster policy: Perlmutter first,/pscratch/sd/j/jcho5/VASP/dft_jobs/CO_Rh111/singlepoint/beef_vdw
Rh111,CO,pbe,-2.59,-1.88428173,-2.024,-0.7057182699999998,0.13971826999999992,-0.5659999999999998,Cluster policy: Perlmutter first,/pscratch/sd/j/jcho5/VASP/dft_jobs/CO_Rh111/singlepoint/PBE
Rh111,CO,pbe_d3,-2.59,-1.83500635,-2.245,-0.7549936499999998,0.4099936500000001,-0.34499999999999975,Cluster policy: Perlmutter first,/pscratch/sd/j/jcho5/VASP/dft_jobs/CO_Rh111/singlepoint/PBE_D3
Rh111,CO2,beef_vdw,-0.46,-0.19626186,-0.266,-0.26373814,0.06973814,-0.194,Cluster policy: Perlmutter first,/pscratch/sd/j/jcho5/VASP/dft_jobs/CO2_Rh111/singlepoint/beef_vdw
Rh111,CO2,pbe,-0.46,0.12029051,-0.023,-0.58029051,0.14329051,-0.437,Cluster policy: Perlmutter first,/pscratch/sd/j/jcho5/VASP/dft_jobs/CO2_Rh111/singlepoint/PBE
Rh111,DME,beef_vdw,-0.63,-0.58359626,-0.645,-0.04640374000000003,0.06140374000000004,0.015000000000000013,Cluster policy: Perlmutter first,/pscratch/sd/j/jcho5/VASP/dft_jobs/CH3OCH3_Rh111/singlepoint/beef_vdw
Rh111,DME,pbe,-0.63,-0.14642766,-0.25,-0.48357234000000004,0.10357234000000001,-0.38,Cluster policy: Perlmutter first,/pscratch/sd/j/jcho5/VASP/dft_jobs/CH3OCH3_Rh111/singlepoint/PBE
Rh111,DME,pbe_d3,-0.63,-0.40655055,-0.754,-0.22344945,0.34744945,0.124,Cluster policy: Perlmutter first,/pscratch/sd/j/jcho5/VASP/dft_jobs/CH3OCH3_Rh111/singlepoint/PBE_D3
Rh111,H2O,beef_vdw,-0.86,-0.36343999,-0.453,-0.49656001,0.08956001000000002,-0.407,Cluster policy: Perlmutter first,/pscratch/sd/j/jcho5/VASP/dft_jobs/H2O_Rh111/singlepoint/beef_vdw
Rh111,H2O,pbe,-0.86,-0.23348121,-0.345,-0.62651879,0.11151878999999998,-0.515,Cluster policy: Perlmutter first,/pscratch/sd/j/jcho5/VASP/dft_jobs/H2O_Rh111/singlepoint/PBE
Rh111,H2O,pbe_d3,-0.86,-0.19613039,-0.556,-0.66386961,0.35986961000000006,-0.30399999999999994,Cluster policy: Perlmutter first,/pscratch/sd/j/jcho5/VASP/dft_jobs/H2O_Rh111/singlepoint/PBE_D3
Rh111,H2S,beef_vdw,-1.12,-0.83486675,-0.924,-0.2851332500000001,0.08913325000000005,-0.19600000000000006,Cluster policy: Perlmutter first,/pscratch/sd/j/jcho5/VASP/dft_jobs/H2S_Rh111/singlepoint/beef_vdw
Rh111,H2S,pbe,-1.12,-0.65374702,-0.786,-0.46625298000000015,0.13225298000000008,-0.3340000000000001,Cluster policy: Perlmutter first,/pscratch/sd/j/jcho5/VASP/dft_jobs/H2S_Rh111/singlepoint/PBE
Rh111,H2S,pbe_d3,-1.12,-0.78201194,-1.166,-0.33798806000000015,0.38398805999999996,0.04599999999999982,Cluster policy: Perlmutter first,/pscratch/sd/j/jcho5/VASP/dft_jobs/H2S_Rh111/singlepoint/PBE_D3
Rh111,N2,beef_vdw,-0.72,-0.50200578,-0.571,-0.21799422000000002,0.06899422,-0.14900000000000002,Cluster policy: Perlmutter first,/pscratch/sd/j/jcho5/VASP/dft_jobs/N2_Rh111/singlepoint/beef_vdw
Rh111,N2,pbe,-0.72,-0.4110202,-0.539,-0.30897979999999997,0.12797980000000003,-0.18099999999999994,Cluster policy: Perlmutter first,/pscratch/sd/j/jcho5/VASP/dft_jobs/N2_Rh111/singlepoint/PBE
Rh111,N2,pbe_d3,-0.72,-0.39627387,-0.777,-0.32372613,0.38072613000000005,0.05700000000000005,Cluster policy: Perlmutter first,/pscratch/sd/j/jcho5/VASP/dft_jobs/N2_Rh111/singlepoint/PBE_D3
Rh111,NH3,beef_vdw,-1.53,-0.93164242,-1.003,-0.5983575800000001,0.07135757999999992,-0.5270000000000001,Cluster policy: Perlmutter first,/pscratch/sd/j/jcho5/VASP/dft_jobs/NH3_Rh111/singlepoint/beef_vdw
Rh111,NH3,pbe,-1.53,-0.8051071,-0.916,-0.7248929000000001,0.11089290000000007,-0.614,Cluster policy: Perlmutter first,/pscratch/sd/j/jcho5/VASP/dft_jobs/NH3_Rh111/singlepoint/PBE
Rh111,NH3,pbe_d3,-1.53,-0.82514409,-1.192,-0.70485591,0.36685590999999995,-0.3380000000000001,Cluster policy: Perlmutter first,/pscratch/sd/j/jcho5/VASP/dft_jobs/NH3_Rh111/singlepoint/PBE_D3
Rh111,NO,pbe,-2.83,-2.72754765,-2.868,-0.10245235000000008,0.1404523499999999,0.03799999999999981,Cluster policy: Perlmutter first,/pscratch/sd/j/jcho5/VASP/dft_jobs/NO_Rh111/singlepoint/PBE
Rh111,NO,pbe_d3,-2.83,-2.68769339,-3.101,-0.1423066099999999,0.4133066099999998,0.2709999999999999,Cluster policy: Perlmutter first,/pscratch/sd/j/jcho5/VASP/dft_jobs/NO_Rh111/singlepoint/PBE_D3
Rh111,SO2,beef_vdw,-1.84,-1.59808123,-1.667,-0.24191877000000006,0.06891877000000002,-0.17300000000000004,Cluster policy: Perlmutter first,/pscratch/sd/j/jcho5/VASP/dft_jobs/SO2_Rh111/singlepoint/beef_vdw
Rh111,SO2,pbe,-1.84,-1.39406726,-1.509,-0.44593274000000016,0.11493273999999998,-0.3310000000000002,Cluster policy: Perlmutter first,/pscratch/sd/j/jcho5/VASP/dft_jobs/SO2_Rh111/singlepoint/PBE
Rh111,SO2,pbe_d3,-1.84,-1.6353582,-2.01,-0.2046418000000001,0.3746417999999998,0.1699999999999997,Cluster policy: Perlmutter first,/pscratch/sd/j/jcho5/VASP/dft_jobs/SO2_Rh111/singlepoint/PBE_D3
Rh111,acetaldehyde,beef_vdw,-0.82,-0.52138302,-0.601,-0.2986169799999999,0.07961697999999995,-0.21899999999999997,Cluster policy: Perlmutter first,/pscratch/sd/j/jcho5/VASP/dft_jobs/CH3CHO_Rh111/singlepoint/beef_vdw
Rh111,acetaldehyde,pbe,-0.82,-0.20115683,-0.318,-0.6188431699999999,0.11684317,-0.502,Cluster policy: Perlmutter first,/pscratch/sd/j/jcho5/VASP/dft_jobs/CH3CHO_Rh111/singlepoint/PBE
Rh111,acetaldehyde,pbe_d3,-0.82,-0.33788196,-0.713,-0.48211803999999997,0.37511804,-0.10699999999999998,Cluster policy: Perlmutter first,/pscratch/sd/j/jcho5/VASP/dft_jobs/CH3CHO_Rh111/singlepoint/PBE_D3
Rh111,acetic_acid,beef_vdw,-0.95,-0.65809054,-0.727,-0.29190945999999995,0.06890945999999998,-0.22299999999999998,Cluster policy: Perlmutter first,/pscratch/sd/j/jcho5/VASP/dft_jobs/CH3COOH_Rh111/singlepoint/beef_vdw
Rh111,ethane,beef_vdw,-0.52,-0.20219746,-0.315,-0.31780254,0.11280254,-0.20500000000000002,Cluster policy: Perlmutter first,/pscratch/sd/j/jcho5/VASP/dft_jobs/C2H6_Rh111/singlepoint/beef_vdw
Rh111,ethane,pbe,-0.52,0.15960676,-0.016,-0.67960676,0.17560675999999997,-0.504,Cluster policy: Perlmutter first,/pscratch/sd/j/jcho5/VASP/dft_jobs/C2H6_Rh111/singlepoint/PBE
Rh111,ethane,pbe_d3,-0.52,0.00170711,-0.374,-0.52170711,0.37570711,-0.14600000000000002,Cluster policy: Perlmutter first,/pscratch/sd/j/jcho5/VASP/dft_jobs/C2H6_Rh111/singlepoint/PBE_D3
Rh111,ethanol,beef_vdw,-0.81,-0.61312365,-0.703,-0.19687635000000003,0.08987634999999994,-0.1070000000000001,Cluster policy: Perlmutter first,/pscratch/sd/j/jcho5/VASP/dft_jobs/CH3CH2OH_Rh111/singlepoint/beef_vdw
Rh111,ethanol,pbe,-0.81,-0.24288389,-0.361,-0.5671161100000001,0.11811611,-0.44900000000000007,Cluster policy: Perlmutter first,/pscratch/sd/j/jcho5/VASP/dft_jobs/CH3CH2OH_Rh111/singlepoint/PBE
Rh111,ethanol,pbe_d3,-0.81,-0.47018666,-0.845,-0.3398133400000001,0.37481334,0.03499999999999992,Cluster policy: Perlmutter first,/pscratch/sd/j/jcho5/VASP/dft_jobs/CH3CH2OH_Rh111/singlepoint/PBE_D3
Rh111,ethene,beef_vdw,-1.54,-0.98027534,-1.106,-0.55972466,0.12572466000000004,-0.43399999999999994,Cluster policy: Perlmutter first,/pscratch/sd/j/jcho5/VASP/dft_jobs/C2H4_Rh111/singlepoint/beef_vdw
Rh111,ethene,pbe,-1.54,-0.76714996,-0.917,-0.77285004,0.14985004000000002,-0.623,Cluster policy: Perlmutter first,/pscratch/sd/j/jcho5/VASP/dft_jobs/C2H4_Rh111/singlepoint/PBE
Rh111,ethene,pbe_d3,-1.54,-0.9164933,-1.327,-0.6235067000000001,0.4105067,-0.21300000000000008,Cluster policy: Perlmutter first,/pscratch/sd/j/jcho5/VASP/dft_jobs/C2H4_Rh111/singlepoint/PBE_D3
Rh111,formaldehyde,beef_vdw,-1.23,-0.69440593,-0.966,-0.53559407,0.27159407,-0.264,Cluster policy: Perlmutter first,/pscratch/sd/j/jcho5/VASP/dft_jobs/H2CO_Rh111/singlepoint/beef_vdw
Rh111,formaldehyde,pbe,-1.23,-0.55524759,-0.868,-0.67475241,0.31275241,-0.362,Cluster policy: Perlmutter first,/pscratch/sd/j/jcho5/VASP/dft_jobs/H2CO_Rh111/singlepoint/PBE
Rh111,formaldehyde,pbe_d3,-1.23,-0.60689624,-0.985,-0.62310376,0.37810376,-0.245,Cluster policy: Perlmutter first,/pscratch/sd/j/jcho5/VASP/dft_jobs/H2CO_Rh111/singlepoint/PBE_D3
Rh111,formic_acid,beef_vdw,-0.91,-0.52084385,-0.634,-0.38915615000000003,0.11315615000000001,-0.276,Cluster policy: Perlmutter first,/pscratch/sd/j/jcho5/VASP/dft_jobs/HCOOH_Rh111/singlepoint/beef_vdw
Rh111,formic_acid,pbe,-0.91,-0.28644599,-0.423,-0.6235540100000001,0.13655401,-0.48700000000000004,Cluster policy: Perlmutter first,/pscratch/sd/j/jcho5/VASP/dft_jobs/HCOOH_Rh111/singlepoint/PBE
Rh111,formic_acid,pbe_d3,-0.91,-0.3798868,-0.781,-0.5301132,0.4011132,-0.129,Cluster policy: Perlmutter first,/pscratch/sd/j/jcho5/VASP/dft_jobs/HCOOH_Rh111/singlepoint/PBE_D3
Rh111,methane,beef_vdw,-0.63,-0.13596978,-0.204,-0.49403021999999996,0.06803021999999997,-0.42600000000000005,Cluster policy: Perlmutter first,/pscratch/sd/j/jcho5/VASP/dft_jobs/CH4_Rh111/singlepoint/beef_vdw
Rh111,methane,pbe,-0.63,0.12201686,0.031,-0.75201686,0.09101686,-0.661,Cluster policy: Perlmutter first,/pscratch/sd/j/jcho5/VASP/dft_jobs/CH4_Rh111/singlepoint/PBE
Rh111,methane,pbe_d3,-0.63,0.12140759,-0.216,-0.75140759,0.33740759,-0.41400000000000003,Cluster policy: Perlmutter first,/pscratch/sd/j/jcho5/VASP/dft_jobs/CH4_Rh111/singlepoint/PBE_D3
